Setting top to                           : /home/umemoto/Ardupilot-UmemotoLab 
Setting out to                           : /home/umemoto/Ardupilot-UmemotoLab/build 
Autoconfiguration                        : enabled 
Checking for program 'python'            : /home/umemoto/Ardupilot-UmemotoLab/venv/bin/python3 
Checking for python version >= 3.6.9     : 3.12.3 
Setting board to                         : sitl 
Using toolchain                          : native 
Checking for 'g++' (C++ compiler)        : /usr/lib/ccache/g++ 
Checking for 'gcc' (C compiler)          : /usr/lib/ccache/gcc 
Checking for c flags '-MMD'              : yes 
Checking for cxx flags '-MMD'            : yes 
CXX Compiler                             : g++ 13.3.0 
Checking for need to link with librt     : not necessary 
Checking for feenableexcept              : yes 
Enabling -Werror                         : no 
Enabled OpenDroneID                      : no 
Enabled firmware ID checking             : no 
GPS Debug Logging                        : no 
Enabled custom controller                : yes 
Checking for HAVE_CMATH_ISFINITE         : yes 
Checking for HAVE_CMATH_ISINF            : yes 
Checking for HAVE_CMATH_ISNAN            : yes 
Checking for NEED_CMATH_ISFINITE_STD_NAMESPACE : yes 
Checking for NEED_CMATH_ISINF_STD_NAMESPACE    : yes 
Checking for NEED_CMATH_ISNAN_STD_NAMESPACE    : yes 
Checking for header endian.h                   : yes 
Checking for header byteswap.h                 : yes 
Checking for HAVE_MEMRCHR                      : yes 
Configured VSCode Intellisense:                : no 
DC_DSDL compiler in                            : /home/umemoto/Ardupilot-UmemotoLab/modules/DroneCAN/dronecan_dsdlc 
Source is git repository                       : yes 
Update submodules                              : yes 
Checking for program 'git'                     : /usr/bin/git 
Littlefs                                       : disabled 
Checking for program 'size'                    : /usr/bin/size 
Benchmarks                                     : disabled 
Unit tests                                     : enabled 
Scripting                                      : maybe 
Scripting runtime checks                       : enabled 
Debug build                                    : enabled 
VS Code launch                                 : disabled 
Coverage build                                 : disabled 
Force 32-bit build                             : disabled 
Checking for program 'rsync'                   : /usr/bin/rsync 
Removing target_list file /home/umemoto/Ardupilot-UmemotoLab/build/sitl/target_list
'configure' finished successfully (1.330s)
Waf: Entering directory `/home/umemoto/Ardupilot-UmemotoLab/build/sitl'
Embedding file locations.txt:Tools/autotest/locations.txt
Embedding file models/Callisto.json:Tools/autotest/models/Callisto.json
Embedding file models/freestyle.json:Tools/autotest/models/freestyle.json
Embedding file models/plane-3d.parm:Tools/autotest/models/plane-3d.parm
Embedding file models/plane.parm:Tools/autotest/models/plane.parm
Embedding file models/skywalker_2013.json:Tools/autotest/models/skywalker_2013.json
Embedding file models/xplane_heli.json:Tools/autotest/models/xplane_heli.json
Embedding file models/xplane_plane.json:Tools/autotest/models/xplane_plane.json
No target_list file found, creating
Generating compile_commands.json
Build commands will be stored in build/sitl/compile_commands.json
Generating compile_commands.json
Build commands will be stored in build/sitl/compile_commands.json
[1374/1375] Linking build/sitl/bin/arducopter
[1375/1375] checking symbols build/sitl/bin/arducopter
Waf: Leaving directory `/home/umemoto/Ardupilot-UmemotoLab/build/sitl'

BUILD SUMMARY
Build directory: /home/umemoto/Ardupilot-UmemotoLab/build/sitl
Target          Text (B)  Data (B)  BSS (B)  Total Flash Used (B)  Free Flash (B)  External Flash Used (B)
----------------------------------------------------------------------------------------------------------
bin/arducopter   5467063    206480   279584               5673543  Not Applicable  Not Applicable         

'build' finished successfully (2.534s)
lckfile='/home/umemoto/buildlogs/autotest.lck'
step=build.Copter
step=test.CopterMedium
Running: ("git rev-parse HEAD") in (/home/umemoto/Ardupilot-UmemotoLab)
Removing diagnostic files: ['autotest-1778514893597669.tlog']
>>>> RUNNING STEP: build.Copter at Tue May 12 00:55:12 2026
Running: ("/bin/rm -f logs/*.BIN logs/LASTLOG.TXT") in (.)
Running: ("./modules/waf/waf-light" "configure" "--board" "sitl" "--debug") in (/home/umemoto/Ardupilot-UmemotoLab)
Running: ("./modules/waf/waf-light" "build" "--target" "bin/arducopter") in (/home/umemoto/Ardupilot-UmemotoLab)
>>>> PASSED STEP: build.Copter at Tue May 12 00:55:16 2026
>>>> RUNNING STEP: test.CopterMedium at Tue May 12 00:55:16 2026
Running: ("/bin/rm -f logs/*.BIN logs/LASTLOG.TXT") in (.)
AT-0000.0: Starting simulator
AT-0000.0: Starting SITL
Running: "/home/umemoto/Ardupilot-UmemotoLab/build/sitl/bin/arducopter" "-w" "--home" "-35.362938,149.165085,584,270" "--model" "+" "--serial1=tcp:2" "--defaults" "/tmp/tmpbgytp2sj,/home/umemoto/Ardupilot-UmemotoLab/Tools/autotest/default_params/copter.parm"
arducopter: Suggested EK3_DRAG_BCOEF_* = 17.209, EK3_DRAG_MCOEF = 0.209
arducopter: Home: -35.362938 149.165085 alt=584.000000m hdg=270.000000
arducopter: Starting sketch 'ArduCopter'
arducopter: Starting SITL input
arducopter: Using Irlock at port : 9005
arducopter: bind port 5760 for SERIAL0
arducopter: SERIAL0 on TCP port 5760
arducopter: Waiting for connection ....
AT-0000.0: Starting MAVLink connection
AT-0000.0: Drained 0 messages from mav (0.000000/s)
arducopter: Connection on serial port 5760
arducopter: Loaded defaults from /tmp/tmpbgytp2sj,/home/umemoto/Ardupilot-UmemotoLab/Tools/autotest/default_params/copter.parm
arducopter: Smoothing reset at 0.001
arducopter: bind port 5762 for SERIAL1
arducopter: SERIAL1 on TCP port 5762
arducopter: bind port 5763 for SERIAL2
arducopter: SERIAL2 on TCP port 5763
arducopter: Loaded defaults from /tmp/tmpbgytp2sj,/home/umemoto/Ardupilot-UmemotoLab/Tools/autotest/default_params/copter.parm
arducopter: validate_structures:528: Validating structures
arducopter: Waiting for internal clock bits to be set (current=0x00)
arducopter: Loaded defaults from /tmp/tmpbgytp2sj,/home/umemoto/Ardupilot-UmemotoLab/Tools/autotest/default_params/copter.parm
arducopter: Loaded defaults from /tmp/tmpbgytp2sj,/home/umemoto/Ardupilot-UmemotoLab/Tools/autotest/default_params/copter.parm
arducopter: Loaded defaults from /tmp/tmpbgytp2sj,/home/umemoto/Ardupilot-UmemotoLab/Tools/autotest/default_params/copter.parm
arducopter: Loaded defaults from /tmp/tmpbgytp2sj,/home/umemoto/Ardupilot-UmemotoLab/Tools/autotest/default_params/copter.parm
arducopter: Loaded defaults from /tmp/tmpbgytp2sj,/home/umemoto/Ardupilot-UmemotoLab/Tools/autotest/default_params/copter.parm
arducopter: Loaded defaults from /tmp/tmpbgytp2sj,/home/umemoto/Ardupilot-UmemotoLab/Tools/autotest/default_params/copter.parm
AT-0000.0: Doing timesync roundtrip
AT-0000.0: Received: TIMESYNC {tc1 : 1059667000, ts1 : 137250}
AT-0000.0: Received TIMESYNC response after 0.000022s
AT-0000.0: AP: Barometer 1 calibration complete
AT-0000.0: AP: Barometer 2 calibration complete
AT-0000.0: AP: ArduPilot Ready
AT-0000.0: AP: AHRS: DCM active
AT-0000.0: Drained 4 messages from mav (21845.333333/s)
AT-0000.0: AP: RC7: SaveWaypoint LOW
AT-0000.1: Firmware Version (4, 7, 0, 'dev')
AT-0000.1: Firmware hash 97149c9f
Running: ("git rev-parse --short=8 HEAD") in (/home/umemoto/Ardupilot-UmemotoLab)
AT-0000.1: Git hash 97149c9f
AT-0000.1: Sim time: 3.307000
AT-0000.1: set_parameters: ({'LOG_DISARMED': 1, 'LOG_DARM_RATEMAX': 5, 'LOG_FILE_RATEMAX': 10})
AT-0000.1: LOG_DISARMED want=1.000000 autopilot=None (attempt=1/30)
AT-0000.1: Requesting (LOG_DISARMED)
AT-0000.1: LOG_DARM_RATEMAX want=5.000000 autopilot=None (attempt=1/30)
AT-0000.1: Requesting (LOG_DARM_RATEMAX)
AT-0000.1: LOG_FILE_RATEMAX want=10.000000 autopilot=None (attempt=1/30)
AT-0000.1: Requesting (LOG_FILE_RATEMAX)
AT-0000.1: Received wanted PARAM_VALUE LOG_DISARMED=0.000000
AT-0000.1: Received wanted PARAM_VALUE LOG_DARM_RATEMAX=0.000000
AT-0000.1: Received wanted PARAM_VALUE LOG_FILE_RATEMAX=0.000000
AT-0000.1: LOG_DISARMED want=1.000000 autopilot=0.0 (attempt=2/30)
AT-0000.1: Sending set (LOG_DISARMED) to (1.000000) (old=0.000000)
AT-0000.1: LOG_DARM_RATEMAX want=5.000000 autopilot=0.0 (attempt=2/30)
AT-0000.1: Sending set (LOG_DARM_RATEMAX) to (5.000000) (old=0.000000)
AT-0000.1: LOG_FILE_RATEMAX want=10.000000 autopilot=0.0 (attempt=2/30)
AT-0000.1: Sending set (LOG_FILE_RATEMAX) to (10.000000) (old=0.000000)
AT-0000.1: Received wanted PARAM_VALUE LOG_DISARMED=1.000000
AT-0000.1: Received wanted PARAM_VALUE LOG_DARM_RATEMAX=5.000000
AT-0000.1: Received wanted PARAM_VALUE LOG_FILE_RATEMAX=10.000000
AT-0000.1: LOG_DISARMED want=1.000000 autopilot=1.0 (attempt=3/30)
AT-0000.1: LOG_DISARMED is now 1.000000
AT-0000.1: LOG_DARM_RATEMAX want=5.000000 autopilot=5.0 (attempt=3/30)
AT-0000.1: LOG_DARM_RATEMAX is now 5.000000
AT-0000.1: LOG_FILE_RATEMAX want=10.000000 autopilot=10.0 (attempt=3/30)
AT-0000.1: LOG_FILE_RATEMAX is now 10.000000
AT-0000.1: Drained 0 messages from mav (0.000000/s)
AT-0000.1: Rebooting SITL
AT-0000.1: Sending param_request_read for (STAT_RESET)
AT-0000.1: get_parameter(STAT_RESET): PARAM_VALUE {param_id : STAT_RESET, param_value : 1.0, param_type : 6, param_count : 1366, param_index : 65535}
AT-0000.1: Sending param_request_read for (STAT_BOOTCNT)
AT-0000.1: get_parameter(STAT_BOOTCNT): PARAM_VALUE {param_id : STAT_BOOTCNT, param_value : 1.0, param_type : 4, param_count : 1366, param_index : 65535}
AT-0000.1: Sending reboot command
AT-0000.1: Sending COMMAND_LONG to (1,1) (MAV_CMD_PREFLIGHT_REBOOT_SHUTDOWN=246) (p1=1.000000 p2=1.000000 p3=0.000000 p4=0.000000 p5=0.000000 p6=0.000000  p7=0.000000)
AT-0000.1: Sending param_request_read for (STAT_BOOTCNT)
AT-0000.1: While awaiting reboot received (COMMAND_ACK {command : 246, result : 0, progress : 0, result_param2 : 0, target_system : 250, target_component : 250})
EOF on TCP socket
Attempting reconnect
[Errno 111] Connection refused sleeping
arducopter: Suggested EK3_DRAG_BCOEF_* = 17.209, EK3_DRAG_MCOEF = 0.209
arducopter: Home: -35.362938 149.165085 alt=584.000000m hdg=270.000000
arducopter: Starting sketch 'ArduCopter'
arducopter: Starting SITL input
arducopter: Using Irlock at port : 9005
arducopter: bind port 5760 for SERIAL0
arducopter: SERIAL0 on TCP port 5760
arducopter: Waiting for connection ....
arducopter: Connection on serial port 5760
AT-0001.1: get_parameter(STAT_BOOTCNT): None
AT-0001.1: Sending param_request_read for (STAT_BOOTCNT)
arducopter: Loaded defaults from /tmp/tmpbgytp2sj,/home/umemoto/Ardupilot-UmemotoLab/Tools/autotest/default_params/copter.parm
arducopter: bind port 5762 for SERIAL1
arducopter: SERIAL1 on TCP port 5762
arducopter: bind port 5763 for SERIAL2
arducopter: SERIAL2 on TCP port 5763
arducopter: Loaded defaults from /tmp/tmpbgytp2sj,/home/umemoto/Ardupilot-UmemotoLab/Tools/autotest/default_params/copter.parm
arducopter: Smoothing reset at 0.001
arducopter: validate_structures:528: Validating structures
arducopter: Waiting for internal clock bits to be set (current=0x00)
arducopter: Loaded defaults from /tmp/tmpbgytp2sj,/home/umemoto/Ardupilot-UmemotoLab/Tools/autotest/default_params/copter.parm
arducopter: Loaded defaults from /tmp/tmpbgytp2sj,/home/umemoto/Ardupilot-UmemotoLab/Tools/autotest/default_params/copter.parm
arducopter: Loaded defaults from /tmp/tmpbgytp2sj,/home/umemoto/Ardupilot-UmemotoLab/Tools/autotest/default_params/copter.parm
arducopter: Loaded defaults from /tmp/tmpbgytp2sj,/home/umemoto/Ardupilot-UmemotoLab/Tools/autotest/default_params/copter.parm
arducopter: Loaded defaults from /tmp/tmpbgytp2sj,/home/umemoto/Ardupilot-UmemotoLab/Tools/autotest/default_params/copter.parm
arducopter: Loaded defaults from /tmp/tmpbgytp2sj,/home/umemoto/Ardupilot-UmemotoLab/Tools/autotest/default_params/copter.parm
AT-0001.1: get_parameter(STAT_BOOTCNT): PARAM_VALUE {param_id : STAT_BOOTCNT, param_value : 2.0, param_type : 4, param_count : 1356, param_index : 65535}
AT-0001.1: current=2.0 required=2
AT-0001.1: Doing timesync roundtrip
AT-0001.1: Received: TIMESYNC {tc1 : 180019000, ts1 : 140250}
AT-0001.1: Received TIMESYNC response after 0.000019s
AT-0001.1: Calling initialise-after-reboot
AT-0001.1: AP: RCInput: decoding UDP (Pulses)
AT-0001.1: Drained 0 messages from mav (0.000000/s)
AT-0001.1: AP: Calibrating barometer
AT-0001.1: Doing timesync roundtrip
AT-0001.1: Received: TIMESYNC {tc1 : 1024681000, ts1 : 141250}
AT-0001.1: Received TIMESYNC response after 0.000013s
AT-0001.1: AP: Barometer 1 calibration complete
AT-0001.1: AP: Barometer 2 calibration complete
AT-0001.1: AP: ArduPilot Ready
AT-0001.1: AP: AHRS: DCM active
AT-0001.1: Reboot complete
AT-0001.1: set_parameters: ({})
AT-0001.1: Simstate Close to startup location: dist=0.000000 max=1.000000 (simstate: lat=-35.362938,lon=149.165085,alt=0.0 start-loc: lat=-35.362938,lon=149.165085,alt=584.0)
AT-0001.1: SITL is running
AT-0001.1: Ready to start testing!
AT-0001.1: Waiting for a heartbeat with mavlink protocol 2.0
AT-0001.1: Drained 3 messages from mav (27413.751634/s)
AT-0001.1: AP: RC7: SaveWaypoint LOW
AT-0001.1: Waiting for initial mode STABILIZE
AT-0001.1: Waiting for mode STABILIZE
AT-0001.1: Got mode STABILIZE
AT-0001.1: Setting up RC parameters
AT-0001.1: RC values good
AT-0001.1: Waiting for mode-switch mode STABILIZE
AT-0001.1: Waiting for mode STABILIZE
AT-0001.1: AP: RC7: SaveWaypoint MIDDLE
AT-0001.1: AP: EKF3 IMU0 initialised
AT-0001.1: AP: EKF3 IMU1 initialised
AT-0001.1: AP: AHRS: EKF3 active
AT-0001.2: Got mode STABILIZE
AT-0001.2: Received (MISSION_ACK {target_system : 250, target_component : 250, type : 0, mission_type : 1})
AT-0001.2: MISSION_ACK.target_system has expected value 250
AT-0001.2: MISSION_ACK.target_component has expected value 250
AT-0001.2: MISSION_ACK.type has expected value 0 (MAV_MISSION_ACCEPTED)
AT-0001.2: AP: Fence Indexed OK
AT-0001.2: Received (MISSION_ACK {target_system : 250, target_component : 250, type : 0, mission_type : 0})
AT-0001.2: MISSION_ACK.target_system has expected value 250
AT-0001.2: MISSION_ACK.target_component has expected value 250
AT-0001.2: MISSION_ACK.type has expected value 0 (MAV_MISSION_ACCEPTED)
AT-0001.2: AP: Flight plan received
AT-0001.2: Received (MISSION_ACK {target_system : 250, target_component : 250, type : 0, mission_type : 2})
AT-0001.2: MISSION_ACK.target_system has expected value 250
AT-0001.2: MISSION_ACK.target_component has expected value 250
AT-0001.2: MISSION_ACK.type has expected value 0 (MAV_MISSION_ACCEPTED)
AT-0001.2: ##################################################################################
AT-0001.2: ########## TestObserverParameters (Test AP_Observer parameter defaults and set/get)  ##########
AT-0001.2: ##################################################################################
AT-0001.2: Doing timesync roundtrip
AT-0001.2: Received: TIMESYNC {tc1 : 5329625000, ts1 : 142250}
AT-0001.2: Received TIMESYNC response after 0.000000s
AT-0001.2: AP: EKF3 IMU1 tilt alignment complete
AT-0001.2: AP: EKF3 IMU0 tilt alignment complete
AT-0001.2: RC values good
AT-0001.2: AP: EKF3 IMU1 MAG0 initial yaw alignment complete
AT-0001.2: AP: EKF3 IMU0 MAG0 initial yaw alignment complete
AT-0001.2: Drained 14 messages from mav (20647.066104/s)
AT-0001.2: Changing mode to STABILIZE
AT-0001.2: Sending COMMAND_LONG to (1,1) (MAV_CMD_DO_SET_MODE=176) (p1=1.000000 p2=0.000000 p3=0.000000 p4=0.000000 p5=0.000000 p6=0.000000  p7=0.000000)
AT-0001.2: Got mode STABILIZE
AT-0001.2: Testing AP_Observer parameter defaults and changes
AT-0001.2: Sending param_request_read for (OBS_CORR_GAIN)
AT-0001.2: get_parameter(OBS_CORR_GAIN): PARAM_VALUE {param_id : OBS_CORR_GAIN, param_value : 0.0, param_type : 9, param_count : 1366, param_index : 65535}
AT-0001.2:   OBS_CORR_GAIN: 0.0 (expected 0.0)
AT-0001.2: Sending param_request_read for (OBS_FILT_CUTOFF)
AT-0001.2: get_parameter(OBS_FILT_CUTOFF): PARAM_VALUE {param_id : OBS_FILT_CUTOFF, param_value : 20.0, param_type : 9, param_count : 1366, param_index : 65535}
AT-0001.2:   OBS_FILT_CUTOFF: 20.0 (expected 20.0)
AT-0001.2: Sending param_request_read for (OBS_MAX_CORR_ANG)
AT-0001.2: get_parameter(OBS_MAX_CORR_ANG): PARAM_VALUE {param_id : OBS_MAX_CORR_ANG, param_value : 0.5, param_type : 9, param_count : 1366, param_index : 65535}
AT-0001.2:   OBS_MAX_CORR_ANG: 0.5 (expected 0.5)
AT-0001.2: Sending param_request_read for (OBS_PRED_TIME)
AT-0001.2: get_parameter(OBS_PRED_TIME): PARAM_VALUE {param_id : OBS_PRED_TIME, param_value : 0.009999999776482582, param_type : 9, param_count : 1366, param_index : 65535}
AT-0001.2:   OBS_PRED_TIME: 0.009999999776482582 (expected 0.01)
AT-0001.2: Sending param_request_read for (OBS_EKF_Q_W)
AT-0001.2: get_parameter(OBS_EKF_Q_W): PARAM_VALUE {param_id : OBS_EKF_Q_W, param_value : 0.0005000000237487257, param_type : 9, param_count : 1366, param_index : 65535}
AT-0001.2:   OBS_EKF_Q_W: 0.0005000000237487257 (expected 0.0005)
AT-0001.2: Sending param_request_read for (OBS_EKF_R_MEAS)
AT-0001.2: get_parameter(OBS_EKF_R_MEAS): PARAM_VALUE {param_id : OBS_EKF_R_MEAS, param_value : 46.0, param_type : 9, param_count : 1366, param_index : 65535}
AT-0001.2:   OBS_EKF_R_MEAS: 46.0 (expected 46.0)
AT-0001.2: PASS: All parameter defaults correct
AT-0001.2: set_parameters: ({'OBS_CORR_GAIN': 0.01})
AT-0001.2: OBS_CORR_GAIN want=0.010000 autopilot=None (attempt=1/10)
AT-0001.2: Requesting (OBS_CORR_GAIN)
AT-0001.2: Received wanted PARAM_VALUE OBS_CORR_GAIN=0.000000
AT-0001.2: OBS_CORR_GAIN want=0.010000 autopilot=0.0 (attempt=2/10)
AT-0001.2: Sending set (OBS_CORR_GAIN) to (0.010000) (old=0.000000)
AT-0001.2: Received wanted PARAM_VALUE OBS_CORR_GAIN=0.010000
AT-0001.2: OBS_CORR_GAIN want=0.010000 autopilot=0.009999999776482582 (attempt=3/10)
AT-0001.2: OBS_CORR_GAIN is now 0.010000
AT-0001.2: Delaying 0.500000 seconds
AT-0001.2: Sending param_request_read for (OBS_CORR_GAIN)
AT-0001.2: get_parameter(OBS_CORR_GAIN): PARAM_VALUE {param_id : OBS_CORR_GAIN, param_value : 0.009999999776482582, param_type : 9, param_count : 1366, param_index : 65535}
AT-0001.2: set_parameters: ({'OBS_MAX_CORR_ANG': 0.3})
AT-0001.2: OBS_MAX_CORR_ANG want=0.300000 autopilot=None (attempt=1/10)
AT-0001.2: Requesting (OBS_MAX_CORR_ANG)
AT-0001.2: Received wanted PARAM_VALUE OBS_MAX_CORR_ANG=0.500000
AT-0001.2: OBS_MAX_CORR_ANG want=0.300000 autopilot=0.5 (attempt=2/10)
AT-0001.2: Sending set (OBS_MAX_CORR_ANG) to (0.300000) (old=0.500000)
AT-0001.2: AP: GPS 1: probing for u-blox at 230400 baud
AT-0001.2: AP: GPS 1: detected u-blox
AT-0001.2: Received wanted PARAM_VALUE OBS_MAX_CORR_ANG=0.300000
AT-0001.2: OBS_MAX_CORR_ANG want=0.300000 autopilot=0.30000001192092896 (attempt=3/10)
AT-0001.2: OBS_MAX_CORR_ANG is now 0.300000
AT-0001.2: Delaying 0.500000 seconds
AT-0001.3: Sending param_request_read for (OBS_MAX_CORR_ANG)
AT-0001.3: get_parameter(OBS_MAX_CORR_ANG): PARAM_VALUE {param_id : OBS_MAX_CORR_ANG, param_value : 0.30000001192092896, param_type : 9, param_count : 1366, param_index : 65535}
AT-0001.3: set_parameters: ({'OBS_EKF_Q_W': 0.001})
AT-0001.3: OBS_EKF_Q_W want=0.001000 autopilot=None (attempt=1/10)
AT-0001.3: Requesting (OBS_EKF_Q_W)
AT-0001.3: OBS_EKF_Q_W want=0.001000 autopilot=None (attempt=2/10)
AT-0001.3: Requesting (OBS_EKF_Q_W)
AT-0001.3: Received wanted PARAM_VALUE OBS_EKF_Q_W=0.000500
AT-0001.3: Received wanted PARAM_VALUE OBS_EKF_Q_W=0.000500
AT-0001.3: OBS_EKF_Q_W want=0.001000 autopilot=0.0005000000237487257 (attempt=3/10)
AT-0001.3: Sending set (OBS_EKF_Q_W) to (0.001000) (old=0.000500)
AT-0001.3: Received wanted PARAM_VALUE OBS_EKF_Q_W=0.001000
AT-0001.3: OBS_EKF_Q_W want=0.001000 autopilot=0.0010000000474974513 (attempt=4/10)
AT-0001.3: OBS_EKF_Q_W is now 0.001000
AT-0001.3: Delaying 0.500000 seconds
AT-0001.3: Sending param_request_read for (OBS_EKF_Q_W)
AT-0001.3: get_parameter(OBS_EKF_Q_W): PARAM_VALUE {param_id : OBS_EKF_Q_W, param_value : 0.0010000000474974513, param_type : 9, param_count : 1366, param_index : 65535}
AT-0001.3: set_parameters: ({'OBS_EKF_R_MEAS': 10.0})
AT-0001.3: OBS_EKF_R_MEAS want=10.000000 autopilot=None (attempt=1/10)
AT-0001.3: Requesting (OBS_EKF_R_MEAS)
AT-0001.3: Received wanted PARAM_VALUE OBS_EKF_R_MEAS=46.000000
AT-0001.3: OBS_EKF_R_MEAS want=10.000000 autopilot=46.0 (attempt=2/10)
AT-0001.3: Sending set (OBS_EKF_R_MEAS) to (10.000000) (old=46.000000)
AT-0001.3: Received wanted PARAM_VALUE OBS_EKF_R_MEAS=10.000000
AT-0001.3: OBS_EKF_R_MEAS want=10.000000 autopilot=10.0 (attempt=3/10)
AT-0001.3: OBS_EKF_R_MEAS is now 10.000000
AT-0001.3: Delaying 0.500000 seconds
AT-0001.3: Sending param_request_read for (OBS_EKF_R_MEAS)
AT-0001.3: get_parameter(OBS_EKF_R_MEAS): PARAM_VALUE {param_id : OBS_EKF_R_MEAS, param_value : 10.0, param_type : 9, param_count : 1366, param_index : 65535}
AT-0001.3: PASS: Parameter set/get works correctly
AT-0001.3: set_parameters: ({'OBS_CORR_GAIN': 0.0})
AT-0001.3: OBS_CORR_GAIN want=0.000000 autopilot=None (attempt=1/10)
AT-0001.3: Requesting (OBS_CORR_GAIN)
AT-0001.3: Received wanted PARAM_VALUE OBS_CORR_GAIN=0.010000
AT-0001.3: OBS_CORR_GAIN want=0.000000 autopilot=0.009999999776482582 (attempt=2/10)
AT-0001.3: Sending set (OBS_CORR_GAIN) to (0.000000) (old=0.010000)
AT-0001.3: Received wanted PARAM_VALUE OBS_CORR_GAIN=0.000000
AT-0001.3: OBS_CORR_GAIN want=0.000000 autopilot=0.0 (attempt=3/10)
AT-0001.3: OBS_CORR_GAIN is now 0.000000
AT-0001.3: set_parameters: ({'OBS_MAX_CORR_ANG': 0.5})
AT-0001.3: OBS_MAX_CORR_ANG want=0.500000 autopilot=None (attempt=1/10)
AT-0001.3: Requesting (OBS_MAX_CORR_ANG)
AT-0001.3: Received wanted PARAM_VALUE OBS_MAX_CORR_ANG=0.300000
AT-0001.3: OBS_MAX_CORR_ANG want=0.500000 autopilot=0.30000001192092896 (attempt=2/10)
AT-0001.3: Sending set (OBS_MAX_CORR_ANG) to (0.500000) (old=0.300000)
AT-0001.3: Received wanted PARAM_VALUE OBS_MAX_CORR_ANG=0.500000
AT-0001.3: OBS_MAX_CORR_ANG want=0.500000 autopilot=0.5 (attempt=3/10)
AT-0001.3: OBS_MAX_CORR_ANG is now 0.500000
AT-0001.3: set_parameters: ({'OBS_EKF_Q_W': 0.0005})
AT-0001.3: OBS_EKF_Q_W want=0.000500 autopilot=None (attempt=1/10)
AT-0001.3: Requesting (OBS_EKF_Q_W)
AT-0001.3: Received wanted PARAM_VALUE OBS_EKF_Q_W=0.001000
AT-0001.3: OBS_EKF_Q_W want=0.000500 autopilot=0.0010000000474974513 (attempt=2/10)
AT-0001.3: Sending set (OBS_EKF_Q_W) to (0.000500) (old=0.001000)
AT-0001.3: Received wanted PARAM_VALUE OBS_EKF_Q_W=0.000500
AT-0001.3: OBS_EKF_Q_W want=0.000500 autopilot=0.0005000000237487257 (attempt=3/10)
AT-0001.3: OBS_EKF_Q_W is now 0.000500
AT-0001.3: set_parameters: ({'OBS_EKF_R_MEAS': 46.0})
AT-0001.3: OBS_EKF_R_MEAS want=46.000000 autopilot=None (attempt=1/10)
AT-0001.3: Requesting (OBS_EKF_R_MEAS)
AT-0001.4: Received wanted PARAM_VALUE OBS_EKF_R_MEAS=10.000000
AT-0001.4: OBS_EKF_R_MEAS want=46.000000 autopilot=10.0 (attempt=2/10)
AT-0001.4: Sending set (OBS_EKF_R_MEAS) to (46.000000) (old=10.000000)
AT-0001.4: Received wanted PARAM_VALUE OBS_EKF_R_MEAS=46.000000
AT-0001.4: OBS_EKF_R_MEAS want=46.000000 autopilot=46.0 (attempt=3/10)
AT-0001.4: OBS_EKF_R_MEAS is now 46.000000
AT-0001.4: PASS: ALL OBSERVER PARAMETER TESTS PASSED
AT-0001.4: Drained 0 messages from mav (0.000000/s)
AT-0001.4: set_parameters: ({'OBS_CORR_GAIN': 0.0, 'OBS_MAX_CORR_ANG': 0.5, 'OBS_EKF_Q_W': 0.0005000000237487257, 'OBS_EKF_R_MEAS': 46.0})
AT-0001.4: OBS_CORR_GAIN want=0.000000 autopilot=None (attempt=1/40)
AT-0001.4: Requesting (OBS_CORR_GAIN)
AT-0001.4: OBS_MAX_CORR_ANG want=0.500000 autopilot=None (attempt=1/40)
AT-0001.4: Requesting (OBS_MAX_CORR_ANG)
AT-0001.4: OBS_EKF_Q_W want=0.000500 autopilot=None (attempt=1/40)
AT-0001.4: Requesting (OBS_EKF_Q_W)
AT-0001.4: OBS_EKF_R_MEAS want=46.000000 autopilot=None (attempt=1/40)
AT-0001.4: Requesting (OBS_EKF_R_MEAS)
AT-0001.4: Received wanted PARAM_VALUE OBS_CORR_GAIN=0.000000
AT-0001.4: Received wanted PARAM_VALUE OBS_MAX_CORR_ANG=0.500000
AT-0001.4: Received wanted PARAM_VALUE OBS_EKF_Q_W=0.000500
AT-0001.4: Received wanted PARAM_VALUE OBS_EKF_R_MEAS=46.000000
AT-0001.4: OBS_CORR_GAIN want=0.000000 autopilot=0.0 (attempt=2/40)
AT-0001.4: OBS_CORR_GAIN is now 0.000000
AT-0001.4: OBS_MAX_CORR_ANG want=0.500000 autopilot=0.5 (attempt=2/40)
AT-0001.4: OBS_MAX_CORR_ANG is now 0.500000
AT-0001.4: OBS_EKF_Q_W want=0.000500 autopilot=0.0005000000237487257 (attempt=2/40)
AT-0001.4: OBS_EKF_Q_W is now 0.000500
AT-0001.4: OBS_EKF_R_MEAS want=46.000000 autopilot=46.0 (attempt=2/40)
AT-0001.4: OBS_EKF_R_MEAS is now 46.000000
AT-0001.4: Drained 0 messages from mav (0.000000/s)
AT-0001.4: PASSED: "TestObserverParameters (Test AP_Observer parameter defaults and set/get)"
AT-0001.4: Received (MISSION_ACK {target_system : 250, target_component : 250, type : 0, mission_type : 1})
AT-0001.4: MISSION_ACK.target_system has expected value 250
AT-0001.4: MISSION_ACK.target_component has expected value 250
AT-0001.4: MISSION_ACK.type has expected value 0 (MAV_MISSION_ACCEPTED)
AT-0001.4: AP: Fence Indexed OK
AT-0001.4: Received (MISSION_ACK {target_system : 250, target_component : 250, type : 0, mission_type : 0})
AT-0001.4: MISSION_ACK.target_system has expected value 250
AT-0001.4: MISSION_ACK.target_component has expected value 250
AT-0001.4: MISSION_ACK.type has expected value 0 (MAV_MISSION_ACCEPTED)
AT-0001.4: AP: Flight plan received
AT-0001.4: Received (MISSION_ACK {target_system : 250, target_component : 250, type : 0, mission_type : 2})
AT-0001.4: MISSION_ACK.target_system has expected value 250
AT-0001.4: MISSION_ACK.target_component has expected value 250
AT-0001.4: MISSION_ACK.type has expected value 0 (MAV_MISSION_ACCEPTED)
AT-0001.4: ##################################################################################
AT-0001.4: ########## TestObserverLogging (Test AP_Observer OBSV log messages during flight)  ##########
AT-0001.4: ##################################################################################
AT-0001.4: Doing timesync roundtrip
AT-0001.4: Received: TIMESYNC {tc1 : 17318161000, ts1 : 161250}
AT-0001.4: Received TIMESYNC response after 0.000000s
AT-0001.4: RC values good
AT-0001.4: Drained 13 messages from mav (28222.542443/s)
AT-0001.4: Changing mode to STABILIZE
AT-0001.4: Sending COMMAND_LONG to (1,1) (MAV_CMD_DO_SET_MODE=176) (p1=1.000000 p2=0.000000 p3=0.000000 p4=0.000000 p5=0.000000 p6=0.000000  p7=0.000000)
AT-0001.4: Got mode STABILIZE
AT-0001.4: set_parameters: ({'LOG_DISARMED': 1})
AT-0001.4: LOG_DISARMED want=1.000000 autopilot=None (attempt=1/10)
AT-0001.4: Requesting (LOG_DISARMED)
AT-0001.4: LOG_DISARMED want=1.000000 autopilot=None (attempt=2/10)
AT-0001.4: Requesting (LOG_DISARMED)
AT-0001.4: Received wanted PARAM_VALUE LOG_DISARMED=1.000000
AT-0001.4: Received wanted PARAM_VALUE LOG_DISARMED=1.000000
AT-0001.4: LOG_DISARMED want=1.000000 autopilot=1.0 (attempt=3/10)
AT-0001.4: LOG_DISARMED is now 1.000000
AT-0001.4: Drained 0 messages from mav (0.000000/s)
AT-0001.4: AP: EKF3 IMU1 origin set
AT-0001.4: Rebooting SITL
AT-0001.4: Sending param_request_read for (STAT_RESET)
AT-0001.4: get_parameter(STAT_RESET): PARAM_VALUE {param_id : BARO1_GND_PRESS, param_value : 101325.0625, param_type : 9, param_count : 1366, param_index : 65535}
AT-0001.4: (BARO1_GND_PRESS) != (STAT_RESET)
AT-0001.4: get_parameter(STAT_RESET): PARAM_VALUE {param_id : BARO2_GND_PRESS, param_value : 101323.2265625, param_type : 9, param_count : 1366, param_index : 65535}
AT-0001.4: (BARO2_GND_PRESS) != (STAT_RESET)
AT-0001.4: AP: Field Elevation Set: 584m
AT-0001.4: get_parameter(STAT_RESET): PARAM_VALUE {param_id : STAT_RESET, param_value : 1.0, param_type : 6, param_count : 1366, param_index : 65535}
AT-0001.4: Sending param_request_read for (STAT_BOOTCNT)
AT-0001.5: AP: EKF3 IMU0 origin set
AT-0001.5: get_parameter(STAT_BOOTCNT): PARAM_VALUE {param_id : STAT_BOOTCNT, param_value : 2.0, param_type : 4, param_count : 1366, param_index : 65535}
AT-0001.5: Sending reboot command
AT-0001.5: Sending COMMAND_LONG to (1,1) (MAV_CMD_PREFLIGHT_REBOOT_SHUTDOWN=246) (p1=1.000000 p2=1.000000 p3=0.000000 p4=0.000000 p5=0.000000 p6=0.000000  p7=0.000000)
AT-0001.5: Sending param_request_read for (STAT_BOOTCNT)
AT-0001.5: While awaiting reboot received (COMMAND_ACK {command : 246, result : 0, progress : 0, result_param2 : 0, target_system : 250, target_component : 250})
EOF on TCP socket
Attempting reconnect
[Errno 111] Connection refused sleeping
arducopter: Suggested EK3_DRAG_BCOEF_* = 17.209, EK3_DRAG_MCOEF = 0.209
arducopter: Home: -35.362938 149.165085 alt=584.000000m hdg=270.000000
arducopter: Starting sketch 'ArduCopter'
arducopter: Starting SITL input
arducopter: Using Irlock at port : 9005
arducopter: bind port 5760 for SERIAL0
arducopter: SERIAL0 on TCP port 5760
arducopter: Waiting for connection ....
arducopter: Connection on serial port 5760
AT-0002.5: get_parameter(STAT_BOOTCNT): None
AT-0002.5: Sending param_request_read for (STAT_BOOTCNT)
arducopter: Loaded defaults from /tmp/tmpbgytp2sj,/home/umemoto/Ardupilot-UmemotoLab/Tools/autotest/default_params/copter.parm
arducopter: bind port 5762 for SERIAL1
arducopter: SERIAL1 on TCP port 5762
arducopter: bind port 5763 for SERIAL2
arducopter: SERIAL2 on TCP port 5763
arducopter: Loaded defaults from /tmp/tmpbgytp2sj,/home/umemoto/Ardupilot-UmemotoLab/Tools/autotest/default_params/copter.parm
arducopter: Smoothing reset at 0.001
arducopter: validate_structures:528: Validating structures
arducopter: Waiting for internal clock bits to be set (current=0x00)
arducopter: Loaded defaults from /tmp/tmpbgytp2sj,/home/umemoto/Ardupilot-UmemotoLab/Tools/autotest/default_params/copter.parm
arducopter: Loaded defaults from /tmp/tmpbgytp2sj,/home/umemoto/Ardupilot-UmemotoLab/Tools/autotest/default_params/copter.parm
arducopter: Loaded defaults from /tmp/tmpbgytp2sj,/home/umemoto/Ardupilot-UmemotoLab/Tools/autotest/default_params/copter.parm
arducopter: Loaded defaults from /tmp/tmpbgytp2sj,/home/umemoto/Ardupilot-UmemotoLab/Tools/autotest/default_params/copter.parm
arducopter: Loaded defaults from /tmp/tmpbgytp2sj,/home/umemoto/Ardupilot-UmemotoLab/Tools/autotest/default_params/copter.parm
arducopter: Loaded defaults from /tmp/tmpbgytp2sj,/home/umemoto/Ardupilot-UmemotoLab/Tools/autotest/default_params/copter.parm
AT-0002.5: get_parameter(STAT_BOOTCNT): PARAM_VALUE {param_id : STAT_BOOTCNT, param_value : 3.0, param_type : 4, param_count : 1356, param_index : 65535}
AT-0002.5: current=3.0 required=3
AT-0002.5: Doing timesync roundtrip
AT-0002.5: Received: TIMESYNC {tc1 : 187516000, ts1 : 164250}
AT-0002.5: Received TIMESYNC response after 0.000016s
AT-0002.5: Calling initialise-after-reboot
AT-0002.5: AP: RCInput: decoding UDP (Pulses)
AT-0002.5: Drained 0 messages from mav (0.000000/s)
AT-0002.5: AP: Calibrating barometer
AT-0002.5: Doing timesync roundtrip
AT-0002.5: Received: TIMESYNC {tc1 : 1025514000, ts1 : 165250}
AT-0002.5: Received TIMESYNC response after 0.000016s
AT-0002.5: AP: Barometer 1 calibration complete
AT-0002.5: AP: Barometer 2 calibration complete
AT-0002.5: AP: ArduPilot Ready
AT-0002.5: AP: AHRS: DCM active
AT-0002.5: Reboot complete
AT-0002.5: set_parameters: ({})
AT-0002.5: Simstate Close to startup location: dist=0.000000 max=1.000000 (simstate: lat=-35.362938,lon=149.165085,alt=0.0 start-loc: lat=-35.362938,lon=149.165085,alt=584.0)
AT-0002.5: Taking off to 10m
AT-0002.5: TAKEOFF
AT-0002.5: AP: RC7: SaveWaypoint MIDDLE
AT-0002.5: Drained 4 messages from mav (26546.227848/s)
AT-0002.5: Changing mode to ALT_HOLD
AT-0002.5: Sending COMMAND_LONG to (1,1) (MAV_CMD_DO_SET_MODE=176) (p1=1.000000 p2=2.000000 p3=0.000000 p4=0.000000 p5=0.000000 p6=0.000000  p7=0.000000)
AT-0002.5: Got mode ALT_HOLD
AT-0002.5: Drained 0 messages from mav (0.000000/s)
AT-0002.5: AP: EKF3 IMU0 initialised
AT-0002.5: AP: EKF3 IMU1 initialised
AT-0002.5: AP: AHRS: EKF3 active
AT-0002.5: Waiting for ready to arm
AT-0002.5: Sending param_request_read for (AHRS_EKF_TYPE)
AT-0002.5: get_parameter(AHRS_EKF_TYPE): PARAM_VALUE {param_id : AHRS_EKF_TYPE, param_value : 3.0, param_type : 2, param_count : 1366, param_index : 65535}
AT-0002.5: Waiting for EKF value 831
AT-0002.5: Want=831 got=0 errors=0
AT-0002.5: AP: EKF3 IMU1 tilt alignment complete
AT-0002.5: AP: EKF3 IMU0 tilt alignment complete
AT-0002.5: AP: EKF3 IMU1 MAG0 initial yaw alignment complete
AT-0002.5: AP: EKF3 IMU0 MAG0 initial yaw alignment complete
AT-0002.6: Want=831 got=167 errors=128
AT-0002.6: Want=831 got=167 errors=128
AT-0002.6: Want=831 got=167 errors=128
AT-0002.6: AP: GPS 1: probing for u-blox at 230400 baud
AT-0002.6: AP: GPS 1: detected u-blox
AT-0002.6: Want=831 got=167 errors=128
AT-0002.6: Want=831 got=167 errors=128
AT-0002.7: Want=831 got=167 errors=128
AT-0002.7: Want=831 got=167 errors=128
AT-0002.7: Want=831 got=167 errors=128
AT-0002.7: Want=831 got=167 errors=128
AT-0002.7: Want=831 got=167 errors=128
AT-0002.8: Want=831 got=167 errors=128
AT-0002.8: Want=831 got=167 errors=128
AT-0002.8: Want=831 got=167 errors=128
AT-0002.8: AP: EKF3 IMU1 origin set
AT-0002.8: AP: Field Elevation Set: 584m
AT-0002.8: AP: EKF3 IMU0 origin set
AT-0002.8: Want=831 got=167 errors=128
AT-0002.8: Want=831 got=167 errors=128
AT-0002.9: Want=831 got=167 errors=128
AT-0002.9: Want=831 got=167 errors=128
AT-0002.9: Want=831 got=167 errors=128
AT-0002.9: Want=831 got=167 errors=128
AT-0002.9: Want=831 got=167 errors=128
AT-0003.0: Want=831 got=167 errors=128
AT-0003.0: Want=831 got=167 errors=128
AT-0003.0: Want=831 got=167 errors=128
AT-0003.0: Want=831 got=167 errors=128
AT-0003.0: Want=831 got=167 errors=128
AT-0003.0: Want=831 got=167 errors=128
AT-0003.1: Want=831 got=167 errors=128
AT-0003.1: Want=831 got=167 errors=128
AT-0003.1: Want=831 got=167 errors=128
AT-0003.1: Want=831 got=167 errors=128
AT-0003.1: Want=831 got=167 errors=128
AT-0003.2: Want=831 got=167 errors=128
AT-0003.2: AP: EKF3 IMU0 is using GPS
AT-0003.2: AP: EKF3 IMU1 is using GPS
AT-0003.2: EKF Flags OK
AT-0003.2: Waiting for GPS health
AT-0003.2: GPS healthy after 0.000000/30.000000 seconds
AT-0003.2: Polled home position (HOME_POSITION {latitude : -353629380, longitude : 1491650850, altitude : 584090, x : 0.0, y : 0.0, z : -0.0, q : [nan, nan, nan, nan], approach_x : 0.0, approach_y : 0.0, approach_z : 0.0, time_usec : 42519652})
AT-0003.2: Doing timesync roundtrip
AT-0003.2: Received: TIMESYNC {tc1 : 42716331000, ts1 : 166250}
AT-0003.2: Received TIMESYNC response after 0.000000s
AT-0003.2: Took 38 seconds to become armable
AT-0003.2: RC values good
AT-0003.2: Arm motors with MAVLink cmd
AT-0003.2: Sending COMMAND_LONG to (1,1) (MAV_CMD_COMPONENT_ARM_DISARM=400) (p1=1.000000 p2=0.000000 p3=0.000000 p4=0.000000 p5=0.000000 p6=0.000000  p7=0.000000)
AT-0003.2: ACK received: COMMAND_ACK {command : 400, result : 0, progress : 0, result_param2 : 0, target_system : 250, target_component : 250} (0.000000s)
AT-0003.2: AP: Arming motors
AT-0003.2: AP: AP_Observer: Takeoff detected, starting frequency 
AT-0003.2: AP: estimation
AT-0003.2: Motors ARMED
AT-0003.2: RC values good
AT-0003.2: Waiting for Altitude=12.00 with accuracy 3.00
AT-0003.2: Altitude=0.00 (want 12.000000 +- 3.000000)
AT-0003.3: Altitude=0.00 (want 12.000000 +- 3.000000)
AT-0003.3: Altitude=0.19 (want 12.000000 +- 3.000000)
AT-0003.3: Altitude=0.85 (want 12.000000 +- 3.000000)
AT-0003.3: Altitude=1.53 (want 12.000000 +- 3.000000)
AT-0003.3: Altitude=2.14 (want 12.000000 +- 3.000000)
AT-0003.4: AP: EKF3 IMU0 MAG0 in-flight yaw alignment complete
AT-0003.4: AP: EKF3 IMU1 MAG0 in-flight yaw alignment complete
AT-0003.4: Altitude=2.91 (want 12.000000 +- 3.000000)
AT-0003.4: Altitude=3.55 (want 12.000000 +- 3.000000)
AT-0003.4: Altitude=4.30 (want 12.000000 +- 3.000000)
AT-0003.4: Altitude=5.07 (want 12.000000 +- 3.000000)
AT-0003.4: Altitude=5.70 (want 12.000000 +- 3.000000)
AT-0003.5: Altitude=6.46 (want 12.000000 +- 3.000000)
AT-0003.5: Altitude=7.08 (want 12.000000 +- 3.000000)
AT-0003.5: Altitude=7.87 (want 12.000000 +- 3.000000)
AT-0003.5: Altitude=8.50 (want 12.000000 +- 3.000000)
AT-0003.5: Attained Altitude=9.014
AT-0003.5: RC values good
AT-0003.5: TAKEOFF COMPLETE
AT-0003.6: Delaying 5.000000 seconds
AT-0003.6: Hovering for 20 seconds to collect OBSV logs
AT-0003.6: Delaying 20.000000 seconds
AT-0004.0: Drained 8 messages from mav (20763.881188/s)
AT-0004.0: Changing mode to RTL
AT-0004.0: Sending COMMAND_LONG to (1,1) (MAV_CMD_DO_SET_MODE=176) (p1=1.000000 p2=6.000000 p3=0.000000 p4=0.000000 p5=0.000000 p6=0.000000  p7=0.000000)
AT-0004.0: Got mode RTL
AT-0004.1: RC values good
AT-0004.1: Waiting RTL to reach Home and disarm
AT-0004.1: Drained 24 messages from mav (21523.048108/s)
AT-0004.1: Drained 24 messages from mav (23882.158007/s)
AT-0004.1: Drained 24 messages from mav (38791.250867/s)
AT-0004.1: Drained 24 messages from mav (28630.061433/s)
AT-0004.1: Drained 24 messages from mav (21345.058524/s)
AT-0004.2: Drained 24 messages from mav (23735.745343/s)
AT-0004.2: Drained 24 messages from mav (28094.696065/s)
AT-0004.2: Drained 24 messages from mav (25957.528623/s)
AT-0004.2: Drained 24 messages from mav (33950.521417/s)
AT-0004.2: Drained 24 messages from mav (35607.816059/s)
AT-0004.2: Drained 24 messages from mav (38716.652308/s)
AT-0004.3: Drained 24 messages from mav (28744.516276/s)
AT-0004.3: Drained 24 messages from mav (21587.668025/s)
AT-0004.3: Drained 24 messages from mav (24928.998514/s)
AT-0004.3: Drained 23 messages from mav (33299.617535/s)
AT-0004.3: Drained 23 messages from mav (23426.175814/s)
AT-0004.4: Drained 23 messages from mav (22115.770747/s)
AT-0004.4: Drained 23 messages from mav (41599.392842/s)
AT-0004.4: Drained 23 messages from mav (28978.369480/s)
AT-0004.4: Drained 23 messages from mav (28092.309843/s)
AT-0004.4: Drained 23 messages from mav (16137.335564/s)
AT-0004.5: Drained 23 messages from mav (25759.410414/s)
AT-0004.5: Drained 23 messages from mav (26634.177802/s)
AT-0004.5: Drained 23 messages from mav (21899.884677/s)
AT-0004.5: Drained 23 messages from mav (21663.820346/s)
AT-0004.5: Drained 23 messages from mav (27251.127684/s)
AT-0004.6: Drained 23 messages from mav (37060.696120/s)
AT-0004.6: Drained 23 messages from mav (33601.181470/s)
AT-0004.6: Drained 23 messages from mav (22070.233814/s)
AT-0004.6: Drained 23 messages from mav (21557.316648/s)
AT-0004.6: Drained 23 messages from mav (22439.867876/s)
AT-0004.7: Drained 23 messages from mav (24232.351670/s)
AT-0004.7: Drained 23 messages from mav (21095.340477/s)
AT-0004.7: Drained 23 messages from mav (22100.570905/s)
AT-0004.7: Drained 23 messages from mav (26343.252867/s)
AT-0004.7: Drained 23 messages from mav (32188.519186/s)
AT-0004.8: Drained 23 messages from mav (20591.033511/s)
AT-0004.8: Drained 23 messages from mav (28415.019735/s)
AT-0004.8: Drained 23 messages from mav (33765.835492/s)
AT-0004.8: Drained 23 messages from mav (29519.275398/s)
AT-0004.8: AP: SIM Hit ground at 0.501154 m/s
AT-0004.8: Drained 23 messages from mav (22039.979895/s)
AT-0004.9: Drained 23 messages from mav (28676.870392/s)
AT-0004.9: AP: Disarming motors
AT-0004.9: Waiting for DISARM
AT-0004.9: Waiting for disarm (0.00s so far of allowed 120.00)
AT-0004.9: DISARMED after 0.00 seconds (allowed=120.00)
AT-0004.9: Analyzing OBSV log data...
AT-0004.9: log list: ['logs/00000001.BIN', 'logs/00000002.BIN']
AT-0005.1: Found 13054 OBSV messages
AT-0005.1: Fields found: ['FX', 'FY', 'PFX', 'PFY', 'PFZ', 'PLX', 'PLY', 'PLZ', 'SW', 'TimeUS']
AT-0005.1: X-axis Frequency: median=0.6000, min=0.5868, max=0.6001 Hz
AT-0005.1: PASS: ALL OBSERVER LOGGING TESTS PASSED
AT-0005.1: set_parameters: ({'LOG_DISARMED': 1.0})
AT-0005.2: LOG_DISARMED want=1.000000 autopilot=None (attempt=1/10)
AT-0005.2: Requesting (LOG_DISARMED)
AT-0005.2: Received wanted PARAM_VALUE LOG_DISARMED=1.000000
AT-0005.2: LOG_DISARMED want=1.000000 autopilot=1.0 (attempt=2/10)
AT-0005.2: LOG_DISARMED is now 1.000000
AT-0005.2: Doing implicit context-pop reboot
AT-0005.2: Drained 0 messages from mav (0.000000/s)
AT-0005.2: Rebooting SITL
AT-0005.2: Sending param_request_read for (STAT_RESET)
AT-0005.2: get_parameter(STAT_RESET): PARAM_VALUE {param_id : STAT_RESET, param_value : 1.0, param_type : 6, param_count : 1366, param_index : 65535}
AT-0005.2: Sending param_request_read for (STAT_BOOTCNT)
AT-0005.2: get_parameter(STAT_BOOTCNT): PARAM_VALUE {param_id : STAT_BOOTCNT, param_value : 3.0, param_type : 4, param_count : 1366, param_index : 65535}
AT-0005.2: Sending reboot command
AT-0005.2: Sending COMMAND_LONG to (1,1) (MAV_CMD_PREFLIGHT_REBOOT_SHUTDOWN=246) (p1=1.000000 p2=1.000000 p3=0.000000 p4=0.000000 p5=0.000000 p6=0.000000  p7=0.000000)
AT-0005.2: Sending param_request_read for (STAT_BOOTCNT)
AT-0005.2: While awaiting reboot received (COMMAND_ACK {command : 246, result : 0, progress : 0, result_param2 : 0, target_system : 250, target_component : 250})
EOF on TCP socket
Attempting reconnect
[Errno 111] Connection refused sleeping
arducopter: Suggested EK3_DRAG_BCOEF_* = 17.209, EK3_DRAG_MCOEF = 0.209
arducopter: Home: -35.362938 149.165085 alt=584.000000m hdg=270.000000
arducopter: Starting sketch 'ArduCopter'
arducopter: Starting SITL input
arducopter: Using Irlock at port : 9005
arducopter: bind port 5760 for SERIAL0
arducopter: SERIAL0 on TCP port 5760
arducopter: Waiting for connection ....
arducopter: Connection on serial port 5760
AT-0006.2: get_parameter(STAT_BOOTCNT): None
AT-0006.2: Sending param_request_read for (STAT_BOOTCNT)
arducopter: Loaded defaults from /tmp/tmpbgytp2sj,/home/umemoto/Ardupilot-UmemotoLab/Tools/autotest/default_params/copter.parm
arducopter: bind port 5762 for SERIAL1
arducopter: SERIAL1 on TCP port 5762
arducopter: bind port 5763 for SERIAL2
arducopter: SERIAL2 on TCP port 5763
arducopter: Loaded defaults from /tmp/tmpbgytp2sj,/home/umemoto/Ardupilot-UmemotoLab/Tools/autotest/default_params/copter.parm
arducopter: Smoothing reset at 0.001
arducopter: validate_structures:528: Validating structures
arducopter: Waiting for internal clock bits to be set (current=0x00)
arducopter: Loaded defaults from /tmp/tmpbgytp2sj,/home/umemoto/Ardupilot-UmemotoLab/Tools/autotest/default_params/copter.parm
arducopter: Loaded defaults from /tmp/tmpbgytp2sj,/home/umemoto/Ardupilot-UmemotoLab/Tools/autotest/default_params/copter.parm
arducopter: Loaded defaults from /tmp/tmpbgytp2sj,/home/umemoto/Ardupilot-UmemotoLab/Tools/autotest/default_params/copter.parm
arducopter: Loaded defaults from /tmp/tmpbgytp2sj,/home/umemoto/Ardupilot-UmemotoLab/Tools/autotest/default_params/copter.parm
arducopter: Loaded defaults from /tmp/tmpbgytp2sj,/home/umemoto/Ardupilot-UmemotoLab/Tools/autotest/default_params/copter.parm
arducopter: Loaded defaults from /tmp/tmpbgytp2sj,/home/umemoto/Ardupilot-UmemotoLab/Tools/autotest/default_params/copter.parm
AT-0006.2: get_parameter(STAT_BOOTCNT): PARAM_VALUE {param_id : STAT_BOOTCNT, param_value : 4.0, param_type : 4, param_count : 1356, param_index : 65535}
AT-0006.2: current=4.0 required=4
AT-0006.2: Doing timesync roundtrip
AT-0006.2: AP: RCInput: decoding UDP (Pulses)
AT-0006.2: Received: TIMESYNC {tc1 : 198345000, ts1 : 168250}
AT-0006.2: Received TIMESYNC response after 0.000032s
AT-0006.2: Calling initialise-after-reboot
AT-0006.2: Drained 0 messages from mav (0.000000/s)
AT-0006.2: AP: Calibrating barometer
AT-0006.2: Doing timesync roundtrip
AT-0006.2: Received: TIMESYNC {tc1 : 1040508000, ts1 : 169250}
AT-0006.2: Received TIMESYNC response after 0.000013s
AT-0006.2: AP: Barometer 1 calibration complete
AT-0006.2: AP: Barometer 2 calibration complete
AT-0006.2: AP: ArduPilot Ready
AT-0006.2: AP: AHRS: DCM active
AT-0006.2: Reboot complete
AT-0006.2: set_parameters: ({})
AT-0006.2: Simstate Close to startup location: dist=0.000000 max=1.000000 (simstate: lat=-35.362938,lon=149.165085,alt=0.0 start-loc: lat=-35.362938,lon=149.165085,alt=584.0)
AT-0006.2: AP: RC7: SaveWaypoint MIDDLE
AT-0006.2: Drained 4 messages from mav (17962.758030/s)
AT-0006.2: set_parameters: ({})
AT-0006.2: Drained 0 messages from mav (0.000000/s)
AT-0006.2: PASSED: "TestObserverLogging (Test AP_Observer OBSV log messages during flight)"
AT-0006.2: Received (MISSION_ACK {target_system : 250, target_component : 250, type : 0, mission_type : 1})
AT-0006.2: MISSION_ACK.target_system has expected value 250
AT-0006.2: MISSION_ACK.target_component has expected value 250
AT-0006.2: MISSION_ACK.type has expected value 0 (MAV_MISSION_ACCEPTED)
AT-0006.2: AP: Fence Indexed OK
AT-0006.2: Received (MISSION_ACK {target_system : 250, target_component : 250, type : 0, mission_type : 0})
AT-0006.2: MISSION_ACK.target_system has expected value 250
AT-0006.2: MISSION_ACK.target_component has expected value 250
AT-0006.2: MISSION_ACK.type has expected value 0 (MAV_MISSION_ACCEPTED)
AT-0006.2: AP: Flight plan received
AT-0006.2: Received (MISSION_ACK {target_system : 250, target_component : 250, type : 0, mission_type : 2})
AT-0006.2: MISSION_ACK.target_system has expected value 250
AT-0006.2: MISSION_ACK.target_component has expected value 250
AT-0006.2: MISSION_ACK.type has expected value 0 (MAV_MISSION_ACCEPTED)
AT-0006.2: ##################################################################################
AT-0006.2: ########## TestObserverEKFOperation (Test AP_Observer EKF operates correctly during flight)  ##########
AT-0006.2: ##################################################################################
AT-0006.2: Doing timesync roundtrip
AT-0006.2: Received: TIMESYNC {tc1 : 4330025000, ts1 : 170250}
AT-0006.2: Received TIMESYNC response after 0.000000s
AT-0006.2: AP: EKF3 IMU0 initialised
AT-0006.2: AP: EKF3 IMU1 initialised
AT-0006.2: AP: AHRS: EKF3 active
AT-0006.2: chan=3 needs resetting is=1500 want=1000
AT-0006.2: RC values good
AT-0006.2: Drained 12 messages from mav (33244.153236/s)
AT-0006.2: Changing mode to STABILIZE
AT-0006.2: Sending COMMAND_LONG to (1,1) (MAV_CMD_DO_SET_MODE=176) (p1=1.000000 p2=0.000000 p3=0.000000 p4=0.000000 p5=0.000000 p6=0.000000  p7=0.000000)
AT-0006.3: AP: EKF3 IMU1 tilt alignment complete
AT-0006.3: AP: EKF3 IMU0 tilt alignment complete
AT-0006.3: AP: EKF3 IMU1 MAG0 initial yaw alignment complete
AT-0006.3: AP: EKF3 IMU0 MAG0 initial yaw alignment complete
AT-0006.3: Got mode STABILIZE
AT-0006.3: set_parameters: ({'LOG_DISARMED': 1})
AT-0006.3: LOG_DISARMED want=1.000000 autopilot=None (attempt=1/10)
AT-0006.3: Requesting (LOG_DISARMED)
AT-0006.3: Received wanted PARAM_VALUE LOG_DISARMED=1.000000
AT-0006.3: LOG_DISARMED want=1.000000 autopilot=1.0 (attempt=2/10)
AT-0006.3: LOG_DISARMED is now 1.000000
AT-0006.3: Drained 0 messages from mav (0.000000/s)
AT-0006.3: Rebooting SITL
AT-0006.3: Sending param_request_read for (STAT_RESET)
AT-0006.3: get_parameter(STAT_RESET): PARAM_VALUE {param_id : STAT_RESET, param_value : 1.0, param_type : 6, param_count : 1366, param_index : 65535}
AT-0006.3: Sending param_request_read for (STAT_BOOTCNT)
AT-0006.3: get_parameter(STAT_BOOTCNT): PARAM_VALUE {param_id : STAT_BOOTCNT, param_value : 4.0, param_type : 4, param_count : 1366, param_index : 65535}
AT-0006.3: Sending reboot command
AT-0006.3: Sending COMMAND_LONG to (1,1) (MAV_CMD_PREFLIGHT_REBOOT_SHUTDOWN=246) (p1=1.000000 p2=1.000000 p3=0.000000 p4=0.000000 p5=0.000000 p6=0.000000  p7=0.000000)
AT-0006.3: Sending param_request_read for (STAT_BOOTCNT)
AT-0006.3: While awaiting reboot received (COMMAND_ACK {command : 246, result : 0, progress : 0, result_param2 : 0, target_system : 250, target_component : 250})
EOF on TCP socket
Attempting reconnect
[Errno 111] Connection refused sleeping
arducopter: Suggested EK3_DRAG_BCOEF_* = 17.209, EK3_DRAG_MCOEF = 0.209
arducopter: Home: -35.362938 149.165085 alt=584.000000m hdg=270.000000
arducopter: Starting sketch 'ArduCopter'
arducopter: Starting SITL input
arducopter: Using Irlock at port : 9005
arducopter: bind port 5760 for SERIAL0
arducopter: SERIAL0 on TCP port 5760
arducopter: Waiting for connection ....
arducopter: Connection on serial port 5760
AT-0007.3: get_parameter(STAT_BOOTCNT): None
AT-0007.3: Sending param_request_read for (STAT_BOOTCNT)
arducopter: Loaded defaults from /tmp/tmpbgytp2sj,/home/umemoto/Ardupilot-UmemotoLab/Tools/autotest/default_params/copter.parm
arducopter: bind port 5762 for SERIAL1
arducopter: SERIAL1 on TCP port 5762
arducopter: bind port 5763 for SERIAL2
arducopter: SERIAL2 on TCP port 5763
arducopter: Loaded defaults from /tmp/tmpbgytp2sj,/home/umemoto/Ardupilot-UmemotoLab/Tools/autotest/default_params/copter.parm
arducopter: Smoothing reset at 0.001
arducopter: validate_structures:528: Validating structures
arducopter: Waiting for internal clock bits to be set (current=0x00)
arducopter: Loaded defaults from /tmp/tmpbgytp2sj,/home/umemoto/Ardupilot-UmemotoLab/Tools/autotest/default_params/copter.parm
arducopter: Loaded defaults from /tmp/tmpbgytp2sj,/home/umemoto/Ardupilot-UmemotoLab/Tools/autotest/default_params/copter.parm
arducopter: Loaded defaults from /tmp/tmpbgytp2sj,/home/umemoto/Ardupilot-UmemotoLab/Tools/autotest/default_params/copter.parm
arducopter: Loaded defaults from /tmp/tmpbgytp2sj,/home/umemoto/Ardupilot-UmemotoLab/Tools/autotest/default_params/copter.parm
arducopter: Loaded defaults from /tmp/tmpbgytp2sj,/home/umemoto/Ardupilot-UmemotoLab/Tools/autotest/default_params/copter.parm
arducopter: Loaded defaults from /tmp/tmpbgytp2sj,/home/umemoto/Ardupilot-UmemotoLab/Tools/autotest/default_params/copter.parm
AT-0007.3: get_parameter(STAT_BOOTCNT): PARAM_VALUE {param_id : STAT_BOOTCNT, param_value : 5.0, param_type : 4, param_count : 1356, param_index : 65535}
AT-0007.3: current=5.0 required=5
AT-0007.3: Doing timesync roundtrip
AT-0007.3: AP: RCInput: decoding UDP (Pulses)
AT-0007.3: Received: TIMESYNC {tc1 : 195846000, ts1 : 172250}
AT-0007.3: Received TIMESYNC response after 0.000015s
AT-0007.3: Calling initialise-after-reboot
AT-0007.3: Drained 0 messages from mav (0.000000/s)
AT-0007.3: AP: Calibrating barometer
AT-0007.3: Doing timesync roundtrip
AT-0007.3: Received: TIMESYNC {tc1 : 1037176000, ts1 : 173250}
AT-0007.3: Received TIMESYNC response after 0.000012s
AT-0007.3: AP: Barometer 1 calibration complete
AT-0007.3: AP: Barometer 2 calibration complete
AT-0007.3: AP: ArduPilot Ready
AT-0007.3: AP: AHRS: DCM active
AT-0007.3: Reboot complete
AT-0007.3: set_parameters: ({})
AT-0007.3: Simstate Close to startup location: dist=0.000000 max=1.000000 (simstate: lat=-35.362938,lon=149.165085,alt=0.0 start-loc: lat=-35.362938,lon=149.165085,alt=584.0)
AT-0007.3: Taking off to 10m
AT-0007.3: TAKEOFF
AT-0007.3: AP: RC7: SaveWaypoint MIDDLE
AT-0007.3: Drained 4 messages from mav (27458.618658/s)
AT-0007.3: Changing mode to ALT_HOLD
AT-0007.3: Sending COMMAND_LONG to (1,1) (MAV_CMD_DO_SET_MODE=176) (p1=1.000000 p2=2.000000 p3=0.000000 p4=0.000000 p5=0.000000 p6=0.000000  p7=0.000000)
AT-0007.3: Got mode ALT_HOLD
AT-0007.3: Drained 0 messages from mav (0.000000/s)
AT-0007.4: AP: EKF3 IMU0 initialised
AT-0007.4: AP: EKF3 IMU1 initialised
AT-0007.4: AP: AHRS: EKF3 active
AT-0007.4: Waiting for ready to arm
AT-0007.4: Sending param_request_read for (AHRS_EKF_TYPE)
AT-0007.4: get_parameter(AHRS_EKF_TYPE): PARAM_VALUE {param_id : AHRS_EKF_TYPE, param_value : 3.0, param_type : 2, param_count : 1366, param_index : 65535}
AT-0007.4: Waiting for EKF value 831
AT-0007.4: Want=831 got=0 errors=0
AT-0007.4: AP: EKF3 IMU1 tilt alignment complete
AT-0007.4: AP: EKF3 IMU0 tilt alignment complete
AT-0007.4: AP: EKF3 IMU1 MAG0 initial yaw alignment complete
AT-0007.4: AP: EKF3 IMU0 MAG0 initial yaw alignment complete
AT-0007.4: Want=831 got=167 errors=128
AT-0007.4: Want=831 got=167 errors=128
AT-0007.4: Want=831 got=167 errors=128
AT-0007.5: AP: GPS 1: probing for u-blox at 230400 baud
AT-0007.5: AP: GPS 1: detected u-blox
AT-0007.5: Want=831 got=167 errors=128
AT-0007.5: Want=831 got=167 errors=128
AT-0007.5: Want=831 got=167 errors=128
AT-0007.5: Want=831 got=167 errors=128
AT-0007.5: Want=831 got=167 errors=128
AT-0007.6: Want=831 got=167 errors=128
AT-0007.6: Want=831 got=167 errors=128
AT-0007.6: Want=831 got=167 errors=128
AT-0007.6: Want=831 got=167 errors=128
AT-0007.6: AP: EKF3 IMU1 origin set
AT-0007.6: AP: Field Elevation Set: 584m
AT-0007.6: AP: EKF3 IMU0 origin set
AT-0007.6: Want=831 got=167 errors=128
AT-0007.7: Want=831 got=167 errors=128
AT-0007.7: Want=831 got=167 errors=128
AT-0007.7: Want=831 got=167 errors=128
AT-0007.7: Want=831 got=167 errors=128
AT-0007.7: Want=831 got=167 errors=128
AT-0007.8: Want=831 got=167 errors=128
AT-0007.8: Want=831 got=167 errors=128
AT-0007.8: Want=831 got=167 errors=128
AT-0007.8: Want=831 got=167 errors=128
AT-0007.8: Want=831 got=167 errors=128
AT-0007.9: Want=831 got=167 errors=128
AT-0007.9: Want=831 got=167 errors=128
AT-0007.9: Want=831 got=167 errors=128
AT-0007.9: Want=831 got=167 errors=128
AT-0007.9: Want=831 got=167 errors=128
AT-0008.0: Want=831 got=167 errors=128
AT-0008.0: Want=831 got=167 errors=128
AT-0008.0: AP: EKF3 IMU0 is using GPS
AT-0008.0: AP: EKF3 IMU1 is using GPS
AT-0008.0: EKF Flags OK
AT-0008.0: Waiting for GPS health
AT-0008.0: GPS healthy after 0.000000/30.000000 seconds
AT-0008.0: Polled home position (HOME_POSITION {latitude : -353629380, longitude : 1491650850, altitude : 584090, x : 0.0, y : 0.0, z : -0.0, q : [nan, nan, nan, nan], approach_x : 0.0, approach_y : 0.0, approach_z : 0.0, time_usec : 42552139})
AT-0008.0: Doing timesync roundtrip
AT-0008.0: Received: TIMESYNC {tc1 : 42795466000, ts1 : 174250}
AT-0008.0: Received TIMESYNC response after 0.000000s
AT-0008.0: Took 38 seconds to become armable
AT-0008.0: RC values good
AT-0008.0: Arm motors with MAVLink cmd
AT-0008.0: Sending COMMAND_LONG to (1,1) (MAV_CMD_COMPONENT_ARM_DISARM=400) (p1=1.000000 p2=0.000000 p3=0.000000 p4=0.000000 p5=0.000000 p6=0.000000  p7=0.000000)
AT-0008.0: ACK received: COMMAND_ACK {command : 400, result : 0, progress : 0, result_param2 : 0, target_system : 250, target_component : 250} (0.000000s)
AT-0008.0: AP: Arming motors
AT-0008.0: AP: AP_Observer: Takeoff detected, starting frequency 
AT-0008.0: AP: estimation
AT-0008.1: Motors ARMED
AT-0008.1: RC values good
AT-0008.1: Waiting for Altitude=12.00 with accuracy 3.00
AT-0008.1: Altitude=0.00 (want 12.000000 +- 3.000000)
AT-0008.1: Altitude=0.00 (want 12.000000 +- 3.000000)
AT-0008.1: Altitude=0.36 (want 12.000000 +- 3.000000)
AT-0008.1: Altitude=1.07 (want 12.000000 +- 3.000000)
AT-0008.1: Altitude=1.76 (want 12.000000 +- 3.000000)
AT-0008.2: Altitude=2.51 (want 12.000000 +- 3.000000)
AT-0008.2: AP: EKF3 IMU0 MAG0 in-flight yaw alignment complete
AT-0008.2: AP: EKF3 IMU1 MAG0 in-flight yaw alignment complete
AT-0008.2: Altitude=3.27 (want 12.000000 +- 3.000000)
AT-0008.2: Altitude=4.04 (want 12.000000 +- 3.000000)
AT-0008.2: Altitude=4.80 (want 12.000000 +- 3.000000)
AT-0008.3: Altitude=5.56 (want 12.000000 +- 3.000000)
AT-0008.3: Altitude=6.35 (want 12.000000 +- 3.000000)
AT-0008.3: Altitude=7.08 (want 12.000000 +- 3.000000)
AT-0008.3: Altitude=7.86 (want 12.000000 +- 3.000000)
AT-0008.3: Altitude=8.63 (want 12.000000 +- 3.000000)
AT-0008.4: Attained Altitude=9.003
AT-0008.4: RC values good
AT-0008.4: TAKEOFF COMPLETE
AT-0008.4: Delaying 5.000000 seconds
AT-0008.5: Hovering for 30s to let EKF converge
AT-0008.5: Delaying 30.000000 seconds
AT-0009.0: Drained 8 messages from mav (38612.695052/s)
AT-0009.0: Changing mode to RTL
AT-0009.0: Sending COMMAND_LONG to (1,1) (MAV_CMD_DO_SET_MODE=176) (p1=1.000000 p2=6.000000 p3=0.000000 p4=0.000000 p5=0.000000 p6=0.000000  p7=0.000000)
AT-0009.0: Got mode RTL
AT-0009.0: RC values good
AT-0009.0: Waiting RTL to reach Home and disarm
AT-0009.0: Drained 24 messages from mav (23535.958850/s)
AT-0009.0: Drained 24 messages from mav (35570.069258/s)
AT-0009.1: Drained 24 messages from mav (20984.635397/s)
AT-0009.1: Drained 24 messages from mav (24444.705197/s)
AT-0009.1: Drained 24 messages from mav (30467.099274/s)
AT-0009.1: Drained 24 messages from mav (30393.507246/s)
AT-0009.1: Drained 24 messages from mav (28605.653879/s)
AT-0009.2: Drained 24 messages from mav (37871.819413/s)
AT-0009.2: Drained 24 messages from mav (36485.428054/s)
AT-0009.2: Drained 24 messages from mav (22046.275953/s)
AT-0009.2: Drained 24 messages from mav (22162.768824/s)
AT-0009.2: Drained 24 messages from mav (24935.173644/s)
AT-0009.3: Drained 24 messages from mav (27154.922039/s)
AT-0009.3: Drained 24 messages from mav (18766.460850/s)
AT-0009.3: Drained 23 messages from mav (33026.015748/s)
AT-0009.3: Drained 23 messages from mav (24009.206570/s)
AT-0009.3: Drained 23 messages from mav (22497.432836/s)
AT-0009.4: Drained 23 messages from mav (21751.745660/s)
AT-0009.4: Drained 23 messages from mav (42572.370697/s)
AT-0009.4: Drained 23 messages from mav (27382.626171/s)
AT-0009.4: Drained 23 messages from mav (31494.936990/s)
AT-0009.4: Drained 23 messages from mav (21586.259118/s)
AT-0009.4: Drained 23 messages from mav (39520.275297/s)
AT-0009.5: Drained 23 messages from mav (20754.946644/s)
AT-0009.5: Drained 23 messages from mav (23546.251403/s)
AT-0009.5: Drained 23 messages from mav (28232.072578/s)
AT-0009.5: Drained 23 messages from mav (29277.387557/s)
AT-0009.5: Drained 23 messages from mav (20382.208325/s)
AT-0009.6: Drained 23 messages from mav (22335.955545/s)
AT-0009.6: Drained 23 messages from mav (25037.371399/s)
AT-0009.6: Drained 23 messages from mav (35969.049963/s)
AT-0009.6: Drained 23 messages from mav (37018.032233/s)
AT-0009.6: Drained 23 messages from mav (30137.142143/s)
AT-0009.7: Drained 23 messages from mav (39375.098776/s)
AT-0009.7: Drained 23 messages from mav (25918.590005/s)
AT-0009.7: Drained 23 messages from mav (30108.923845/s)
AT-0009.7: Drained 23 messages from mav (33765.835492/s)
AT-0009.7: Drained 23 messages from mav (24628.284912/s)
AT-0009.8: Drained 23 messages from mav (21304.989399/s)
AT-0009.8: AP: SIM Hit ground at 0.500285 m/s
AT-0009.8: Drained 23 messages from mav (35610.554448/s)
AT-0009.8: Drained 23 messages from mav (27390.400909/s)
AT-0009.8: AP: Disarming motors
AT-0009.8: Drained 23 messages from mav (25690.810120/s)
AT-0009.8: Waiting for DISARM
AT-0009.8: Waiting for disarm (0.00s so far of allowed 120.00)
AT-0009.8: DISARMED after 0.00 seconds (allowed=120.00)
AT-0009.8: Checking EKF state in log...
AT-0009.8: log list: ['logs/00000001.BIN', 'logs/00000002.BIN', 'logs/00000003.BIN', 'logs/00000004.BIN']
AT-0010.0: EKF samples: 3040
AT-0010.0: EKF X-axis frequency: 0.6001 +/- 0.0000 Hz
AT-0010.0: PASS: ALL EKF OPERATION TESTS PASSED
AT-0010.0: set_parameters: ({'LOG_DISARMED': 1.0})
AT-0010.1: LOG_DISARMED want=1.000000 autopilot=None (attempt=1/10)
AT-0010.1: Requesting (LOG_DISARMED)
AT-0010.1: Received wanted PARAM_VALUE LOG_DISARMED=1.000000
AT-0010.1: LOG_DISARMED want=1.000000 autopilot=1.0 (attempt=2/10)
AT-0010.1: LOG_DISARMED is now 1.000000
AT-0010.1: Doing implicit context-pop reboot
AT-0010.1: Drained 0 messages from mav (0.000000/s)
AT-0010.1: Rebooting SITL
AT-0010.1: Sending param_request_read for (STAT_RESET)
AT-0010.1: get_parameter(STAT_RESET): PARAM_VALUE {param_id : STAT_RESET, param_value : 1.0, param_type : 6, param_count : 1366, param_index : 65535}
AT-0010.1: Sending param_request_read for (STAT_BOOTCNT)
AT-0010.1: get_parameter(STAT_BOOTCNT): PARAM_VALUE {param_id : STAT_BOOTCNT, param_value : 5.0, param_type : 4, param_count : 1366, param_index : 65535}
AT-0010.1: Sending reboot command
AT-0010.1: Sending COMMAND_LONG to (1,1) (MAV_CMD_PREFLIGHT_REBOOT_SHUTDOWN=246) (p1=1.000000 p2=1.000000 p3=0.000000 p4=0.000000 p5=0.000000 p6=0.000000  p7=0.000000)
AT-0010.1: Sending param_request_read for (STAT_BOOTCNT)
AT-0010.1: While awaiting reboot received (COMMAND_ACK {command : 246, result : 0, progress : 0, result_param2 : 0, target_system : 250, target_component : 250})
EOF on TCP socket
Attempting reconnect
[Errno 111] Connection refused sleeping
arducopter: Suggested EK3_DRAG_BCOEF_* = 17.209, EK3_DRAG_MCOEF = 0.209
arducopter: Home: -35.362938 149.165085 alt=584.000000m hdg=270.000000
arducopter: Starting sketch 'ArduCopter'
arducopter: Starting SITL input
arducopter: Using Irlock at port : 9005
arducopter: bind port 5760 for SERIAL0
arducopter: SERIAL0 on TCP port 5760
arducopter: Waiting for connection ....
arducopter: Connection on serial port 5760
AT-0011.1: get_parameter(STAT_BOOTCNT): None
AT-0011.1: Sending param_request_read for (STAT_BOOTCNT)
arducopter: Loaded defaults from /tmp/tmpbgytp2sj,/home/umemoto/Ardupilot-UmemotoLab/Tools/autotest/default_params/copter.parm
arducopter: bind port 5762 for SERIAL1
arducopter: SERIAL1 on TCP port 5762
arducopter: bind port 5763 for SERIAL2
arducopter: SERIAL2 on TCP port 5763
arducopter: Loaded defaults from /tmp/tmpbgytp2sj,/home/umemoto/Ardupilot-UmemotoLab/Tools/autotest/default_params/copter.parm
arducopter: Smoothing reset at 0.001
arducopter: validate_structures:528: Validating structures
arducopter: Waiting for internal clock bits to be set (current=0x00)
arducopter: Loaded defaults from /tmp/tmpbgytp2sj,/home/umemoto/Ardupilot-UmemotoLab/Tools/autotest/default_params/copter.parm
arducopter: Loaded defaults from /tmp/tmpbgytp2sj,/home/umemoto/Ardupilot-UmemotoLab/Tools/autotest/default_params/copter.parm
arducopter: Loaded defaults from /tmp/tmpbgytp2sj,/home/umemoto/Ardupilot-UmemotoLab/Tools/autotest/default_params/copter.parm
arducopter: Loaded defaults from /tmp/tmpbgytp2sj,/home/umemoto/Ardupilot-UmemotoLab/Tools/autotest/default_params/copter.parm
arducopter: Loaded defaults from /tmp/tmpbgytp2sj,/home/umemoto/Ardupilot-UmemotoLab/Tools/autotest/default_params/copter.parm
arducopter: Loaded defaults from /tmp/tmpbgytp2sj,/home/umemoto/Ardupilot-UmemotoLab/Tools/autotest/default_params/copter.parm
AT-0011.1: get_parameter(STAT_BOOTCNT): PARAM_VALUE {param_id : STAT_BOOTCNT, param_value : 6.0, param_type : 4, param_count : 1356, param_index : 65535}
AT-0011.1: current=6.0 required=6
AT-0011.1: Doing timesync roundtrip
AT-0011.1: AP: RCInput: decoding UDP (Pulses)
AT-0011.1: Received: TIMESYNC {tc1 : 205842000, ts1 : 176250}
AT-0011.1: Received TIMESYNC response after 0.000048s
AT-0011.1: Calling initialise-after-reboot
AT-0011.1: AP: Calibrating barometer
AT-0011.1: Drained 0 messages from mav (0.000000/s)
AT-0011.1: Doing timesync roundtrip
AT-0011.1: Received: TIMESYNC {tc1 : 1041341000, ts1 : 177250}
AT-0011.1: Received TIMESYNC response after 0.000096s
AT-0011.1: AP: Barometer 1 calibration complete
AT-0011.1: AP: Barometer 2 calibration complete
AT-0011.1: AP: ArduPilot Ready
AT-0011.1: AP: AHRS: DCM active
AT-0011.1: Reboot complete
AT-0011.1: set_parameters: ({})
AT-0011.1: Simstate Close to startup location: dist=0.000000 max=1.000000 (simstate: lat=-35.362938,lon=149.165085,alt=0.0 start-loc: lat=-35.362938,lon=149.165085,alt=584.0)
AT-0011.1: AP: RC7: SaveWaypoint MIDDLE
AT-0011.1: Drained 4 messages from mav (14302.826939/s)
AT-0011.1: set_parameters: ({})
AT-0011.1: Drained 0 messages from mav (0.000000/s)
AT-0011.1: PASSED: "TestObserverEKFOperation (Test AP_Observer EKF operates correctly during flight)"
AT-0011.1: Received (MISSION_ACK {target_system : 250, target_component : 250, type : 0, mission_type : 1})
AT-0011.1: MISSION_ACK.target_system has expected value 250
AT-0011.1: MISSION_ACK.target_component has expected value 250
AT-0011.1: MISSION_ACK.type has expected value 0 (MAV_MISSION_ACCEPTED)
AT-0011.1: AP: Fence Indexed OK
AT-0011.1: Received (MISSION_ACK {target_system : 250, target_component : 250, type : 0, mission_type : 0})
AT-0011.1: MISSION_ACK.target_system has expected value 250
AT-0011.1: MISSION_ACK.target_component has expected value 250
AT-0011.1: MISSION_ACK.type has expected value 0 (MAV_MISSION_ACCEPTED)
AT-0011.1: AP: Flight plan received
AT-0011.1: Received (MISSION_ACK {target_system : 250, target_component : 250, type : 0, mission_type : 2})
AT-0011.1: MISSION_ACK.target_system has expected value 250
AT-0011.1: MISSION_ACK.target_component has expected value 250
AT-0011.1: MISSION_ACK.type has expected value 0 (MAV_MISSION_ACCEPTED)
AT-0011.2: ##################################################################################
AT-0011.2: ########## ArmFeatures (Arm features)  ##########
AT-0011.2: ##################################################################################
AT-0011.2: Doing timesync roundtrip
AT-0011.2: AP: EKF3 IMU0 initialised
AT-0011.2: AP: EKF3 IMU1 initialised
AT-0011.2: AP: AHRS: EKF3 active
AT-0011.2: Received: TIMESYNC {tc1 : 4535776000, ts1 : 178250}
AT-0011.2: Received TIMESYNC response after 0.000000s
AT-0011.2: chan=3 needs resetting is=1500 want=1000
AT-0011.2: RC values good
AT-0011.2: Drained 12 messages from mav (18935.909707/s)
AT-0011.2: AP: EKF3 IMU1 tilt alignment complete
AT-0011.2: AP: EKF3 IMU0 tilt alignment complete
AT-0011.2: AP: EKF3 IMU1 MAG0 initial yaw alignment complete
AT-0011.2: AP: EKF3 IMU0 MAG0 initial yaw alignment complete
AT-0011.2: Changing mode to STABILIZE
AT-0011.2: Sending COMMAND_LONG to (1,1) (MAV_CMD_DO_SET_MODE=176) (p1=1.000000 p2=0.000000 p3=0.000000 p4=0.000000 p5=0.000000 p6=0.000000  p7=0.000000)
AT-0011.2: Got mode STABILIZE
AT-0011.2: Ensure we can't enter LOITER without position
AT-0011.2: set_parameters: ({'GPS1_TYPE': 2, 'SIM_GPS1_ENABLE': 0})
AT-0011.2: GPS1_TYPE want=2.000000 autopilot=None (attempt=1/20)
AT-0011.2: Requesting (GPS1_TYPE)
AT-0011.2: SIM_GPS1_ENABLE want=0.000000 autopilot=None (attempt=1/20)
AT-0011.2: Requesting (SIM_GPS1_ENABLE)
AT-0011.2: Received wanted PARAM_VALUE GPS1_TYPE=1.000000
AT-0011.2: Received wanted PARAM_VALUE SIM_GPS1_ENABLE=1.000000
AT-0011.2: GPS1_TYPE want=2.000000 autopilot=1.0 (attempt=2/20)
AT-0011.2: Sending set (GPS1_TYPE) to (2.000000) (old=1.000000)
AT-0011.2: SIM_GPS1_ENABLE want=0.000000 autopilot=1.0 (attempt=2/20)
AT-0011.2: Sending set (SIM_GPS1_ENABLE) to (0.000000) (old=1.000000)
AT-0011.2: Received wanted PARAM_VALUE GPS1_TYPE=2.000000
AT-0011.2: Received wanted PARAM_VALUE SIM_GPS1_ENABLE=0.000000
AT-0011.2: GPS1_TYPE want=2.000000 autopilot=2.0 (attempt=3/20)
AT-0011.2: GPS1_TYPE is now 2.000000
AT-0011.2: SIM_GPS1_ENABLE want=0.000000 autopilot=0.0 (attempt=3/20)
AT-0011.2: SIM_GPS1_ENABLE is now 0.000000
AT-0011.2: set_parameters: ({'EK3_SRC1_POSXY': 0, 'EK3_SRC1_VELZ': 0, 'EK3_SRC1_VELXY': 0})
AT-0011.2: EK3_SRC1_POSXY want=0.000000 autopilot=None (attempt=1/30)
AT-0011.2: Requesting (EK3_SRC1_POSXY)
AT-0011.2: EK3_SRC1_VELZ want=0.000000 autopilot=None (attempt=1/30)
AT-0011.2: Requesting (EK3_SRC1_VELZ)
AT-0011.2: EK3_SRC1_VELXY want=0.000000 autopilot=None (attempt=1/30)
AT-0011.2: Requesting (EK3_SRC1_VELXY)
AT-0011.2: Received wanted PARAM_VALUE EK3_SRC1_POSXY=3.000000
AT-0011.2: Received wanted PARAM_VALUE EK3_SRC1_VELZ=3.000000
AT-0011.2: Received wanted PARAM_VALUE EK3_SRC1_VELXY=3.000000
AT-0011.2: EK3_SRC1_POSXY want=0.000000 autopilot=3.0 (attempt=2/30)
AT-0011.2: Sending set (EK3_SRC1_POSXY) to (0.000000) (old=3.000000)
AT-0011.2: EK3_SRC1_VELZ want=0.000000 autopilot=3.0 (attempt=2/30)
AT-0011.2: Sending set (EK3_SRC1_VELZ) to (0.000000) (old=3.000000)
AT-0011.2: EK3_SRC1_VELXY want=0.000000 autopilot=3.0 (attempt=2/30)
AT-0011.2: Sending set (EK3_SRC1_VELXY) to (0.000000) (old=3.000000)
AT-0011.2: Received wanted PARAM_VALUE EK3_SRC1_POSXY=0.000000
AT-0011.2: Received wanted PARAM_VALUE EK3_SRC1_VELZ=0.000000
AT-0011.2: Received wanted PARAM_VALUE EK3_SRC1_VELXY=0.000000
AT-0011.2: EK3_SRC1_POSXY want=0.000000 autopilot=0.0 (attempt=3/30)
AT-0011.2: EK3_SRC1_POSXY is now 0.000000
AT-0011.2: EK3_SRC1_VELZ want=0.000000 autopilot=0.0 (attempt=3/30)
AT-0011.2: EK3_SRC1_VELZ is now 0.000000
AT-0011.2: EK3_SRC1_VELXY want=0.000000 autopilot=0.0 (attempt=3/30)
AT-0011.2: EK3_SRC1_VELXY is now 0.000000
AT-0011.2: Drained 0 messages from mav (0.000000/s)
AT-0011.2: Rebooting SITL
AT-0011.2: Sending param_request_read for (STAT_RESET)
AT-0011.2: get_parameter(STAT_RESET): PARAM_VALUE {param_id : STAT_RESET, param_value : 1.0, param_type : 6, param_count : 1345, param_index : 65535}
AT-0011.2: Sending param_request_read for (STAT_BOOTCNT)
AT-0011.2: get_parameter(STAT_BOOTCNT): PARAM_VALUE {param_id : STAT_BOOTCNT, param_value : 6.0, param_type : 4, param_count : 1345, param_index : 65535}
AT-0011.2: Sending reboot command
AT-0011.2: Sending COMMAND_LONG to (1,1) (MAV_CMD_PREFLIGHT_REBOOT_SHUTDOWN=246) (p1=1.000000 p2=1.000000 p3=0.000000 p4=0.000000 p5=0.000000 p6=0.000000  p7=0.000000)
AT-0011.2: Sending param_request_read for (STAT_BOOTCNT)
AT-0011.2: While awaiting reboot received (COMMAND_ACK {command : 246, result : 0, progress : 0, result_param2 : 0, target_system : 250, target_component : 250})
EOF on TCP socket
Attempting reconnect
[Errno 111] Connection refused sleeping
arducopter: Suggested EK3_DRAG_BCOEF_* = 17.209, EK3_DRAG_MCOEF = 0.209
arducopter: Home: -35.362938 149.165085 alt=584.000000m hdg=270.000000
arducopter: Starting sketch 'ArduCopter'
arducopter: Starting SITL input
arducopter: Using Irlock at port : 9005
arducopter: bind port 5760 for SERIAL0
arducopter: SERIAL0 on TCP port 5760
arducopter: Waiting for connection ....
arducopter: Connection on serial port 5760
AT-0012.2: get_parameter(STAT_BOOTCNT): None
AT-0012.2: Sending param_request_read for (STAT_BOOTCNT)
arducopter: Loaded defaults from /tmp/tmpbgytp2sj,/home/umemoto/Ardupilot-UmemotoLab/Tools/autotest/default_params/copter.parm
arducopter: bind port 5762 for SERIAL1
arducopter: SERIAL1 on TCP port 5762
arducopter: bind port 5763 for SERIAL2
arducopter: SERIAL2 on TCP port 5763
arducopter: Loaded defaults from /tmp/tmpbgytp2sj,/home/umemoto/Ardupilot-UmemotoLab/Tools/autotest/default_params/copter.parm
arducopter: Smoothing reset at 0.001
arducopter: validate_structures:528: Validating structures
arducopter: Waiting for internal clock bits to be set (current=0x00)
arducopter: Loaded defaults from /tmp/tmpbgytp2sj,/home/umemoto/Ardupilot-UmemotoLab/Tools/autotest/default_params/copter.parm
arducopter: Loaded defaults from /tmp/tmpbgytp2sj,/home/umemoto/Ardupilot-UmemotoLab/Tools/autotest/default_params/copter.parm
arducopter: Loaded defaults from /tmp/tmpbgytp2sj,/home/umemoto/Ardupilot-UmemotoLab/Tools/autotest/default_params/copter.parm
arducopter: Loaded defaults from /tmp/tmpbgytp2sj,/home/umemoto/Ardupilot-UmemotoLab/Tools/autotest/default_params/copter.parm
arducopter: Loaded defaults from /tmp/tmpbgytp2sj,/home/umemoto/Ardupilot-UmemotoLab/Tools/autotest/default_params/copter.parm
arducopter: Loaded defaults from /tmp/tmpbgytp2sj,/home/umemoto/Ardupilot-UmemotoLab/Tools/autotest/default_params/copter.parm
AT-0012.2: get_parameter(STAT_BOOTCNT): PARAM_VALUE {param_id : STAT_BOOTCNT, param_value : 7.0, param_type : 4, param_count : 1345, param_index : 65535}
AT-0012.2: current=7.0 required=7
AT-0012.2: Doing timesync roundtrip
AT-0012.2: Received: TIMESYNC {tc1 : 195013000, ts1 : 183250}
AT-0012.2: Received TIMESYNC response after 0.000015s
AT-0012.2: Calling initialise-after-reboot
AT-0012.2: AP: RCInput: decoding UDP (Pulses)
AT-0012.2: Drained 0 messages from mav (0.000000/s)
AT-0012.2: AP: Calibrating barometer
AT-0012.2: Doing timesync roundtrip
AT-0012.2: Received: TIMESYNC {tc1 : 1039675000, ts1 : 184250}
AT-0012.2: Received TIMESYNC response after 0.000027s
AT-0012.3: AP: Barometer 1 calibration complete
AT-0012.3: AP: Barometer 2 calibration complete
AT-0012.3: AP: ArduPilot Ready
AT-0012.3: AP: AHRS: DCM active
AT-0012.3: Reboot complete
AT-0012.3: set_parameters: ({})
AT-0012.3: Simstate Close to startup location: dist=0.000000 max=1.000000 (simstate: lat=-35.362938,lon=149.165085,alt=0.0 start-loc: lat=-35.362938,lon=149.165085,alt=584.0)
AT-0012.3: AP: RC7: SaveWaypoint MIDDLE
AT-0012.3: Delaying 30.000000 seconds
AT-0012.3: AP: EKF3 IMU0 initialised
AT-0012.3: AP: EKF3 IMU1 initialised
AT-0012.3: AP: AHRS: EKF3 active
AT-0012.3: AP: EKF3 IMU1 tilt alignment complete
AT-0012.3: AP: EKF3 IMU0 tilt alignment complete
AT-0012.3: AP: EKF3 IMU1 MAG0 initial yaw alignment complete
AT-0012.3: AP: EKF3 IMU0 MAG0 initial yaw alignment complete
AT-0012.4: AP: GPS 1: probing for u-blox at 230400 baud
AT-0012.4: AP: GPS 1: detected u-blox
AT-0012.8: Sending param_request_read for (AHRS_EKF_TYPE)
AT-0012.8: get_parameter(AHRS_EKF_TYPE): PARAM_VALUE {param_id : AHRS_EKF_TYPE, param_value : 3.0, param_type : 2, param_count : 1345, param_index : 65535}
AT-0012.8: Waiting for EKF value 165
AT-0012.8: Want=165 got=167 errors=0
AT-0012.8: EKF Flags OK
AT-0012.8: Drained 3 messages from mav (25471.481781/s)
AT-0012.8: Changing mode to STABILIZE
AT-0012.8: Sending COMMAND_LONG to (1,1) (MAV_CMD_DO_SET_MODE=176) (p1=1.000000 p2=0.000000 p3=0.000000 p4=0.000000 p5=0.000000 p6=0.000000  p7=0.000000)
AT-0012.8: Got mode STABILIZE
AT-0012.8: Arm motors with MAVLink cmd
AT-0012.8: Sending COMMAND_LONG to (1,1) (MAV_CMD_COMPONENT_ARM_DISARM=400) (p1=1.000000 p2=0.000000 p3=0.000000 p4=0.000000 p5=0.000000 p6=0.000000  p7=0.000000)
AT-0012.8: ACK received: COMMAND_ACK {command : 400, result : 0, progress : 0, result_param2 : 0, target_system : 250, target_component : 250} (0.000000s)
AT-0012.8: AP: Arming motors
AT-0012.8: AP: AP_Observer: Takeoff detected, starting frequency 
AT-0012.8: AP: estimation
AT-0012.8: Motors ARMED
AT-0012.8: Sending COMMAND_LONG to (1,1) (MAV_CMD_DO_SET_MODE=176) (p1=1.000000 p2=5.000000 p3=0.000000 p4=0.000000 p5=0.000000 p6=0.000000  p7=0.000000)
AT-0012.8: ACK received: COMMAND_ACK {command : 176, result : 4, progress : 0, result_param2 : 0, target_system : 250, target_component : 250} (0.000000s)
AT-0012.8: Waiting for text : requires position
AT-0012.8: AP: Mode change to LOITER failed: requires position
AT-0012.8: Received expected text: mode change to loiter failed: requires position
AT-0012.8: Disarm motors with MAVLink cmd
AT-0012.8: Sending COMMAND_LONG to (1,1) (MAV_CMD_COMPONENT_ARM_DISARM=400) (p1=0.000000 p2=0.000000 p3=0.000000 p4=0.000000 p5=0.000000 p6=0.000000  p7=0.000000)
AT-0012.8: ACK received: COMMAND_ACK {command : 400, result : 0, progress : 0, result_param2 : 0, target_system : 250, target_component : 250} (0.000000s)
AT-0012.8: Waiting for DISARM
AT-0012.8: AP: Disarming motors
AT-0012.8: Waiting for disarm (0.00s so far of allowed 120.00)
AT-0012.9: DISARMED after 0.00 seconds (allowed=120.00)
AT-0012.9: set_parameters: ({'GPS1_TYPE': 1.0, 'SIM_GPS1_ENABLE': 1.0, 'EK3_SRC1_POSXY': 3.0, 'EK3_SRC1_VELZ': 3.0, 'EK3_SRC1_VELXY': 3.0})
AT-0012.9: GPS1_TYPE want=1.000000 autopilot=None (attempt=1/50)
AT-0012.9: Requesting (GPS1_TYPE)
AT-0012.9: SIM_GPS1_ENABLE want=1.000000 autopilot=None (attempt=1/50)
AT-0012.9: Requesting (SIM_GPS1_ENABLE)
AT-0012.9: EK3_SRC1_POSXY want=3.000000 autopilot=None (attempt=1/50)
AT-0012.9: Requesting (EK3_SRC1_POSXY)
AT-0012.9: EK3_SRC1_VELZ want=3.000000 autopilot=None (attempt=1/50)
AT-0012.9: Requesting (EK3_SRC1_VELZ)
AT-0012.9: EK3_SRC1_VELXY want=3.000000 autopilot=None (attempt=1/50)
AT-0012.9: Requesting (EK3_SRC1_VELXY)
AT-0012.9: Received wanted PARAM_VALUE GPS1_TYPE=2.000000
AT-0012.9: Received wanted PARAM_VALUE SIM_GPS1_ENABLE=0.000000
AT-0012.9: Received wanted PARAM_VALUE EK3_SRC1_POSXY=0.000000
AT-0012.9: Received wanted PARAM_VALUE EK3_SRC1_VELZ=0.000000
AT-0012.9: Received wanted PARAM_VALUE EK3_SRC1_VELXY=0.000000
AT-0012.9: GPS1_TYPE want=1.000000 autopilot=2.0 (attempt=2/50)
AT-0012.9: Sending set (GPS1_TYPE) to (1.000000) (old=2.000000)
AT-0012.9: SIM_GPS1_ENABLE want=1.000000 autopilot=0.0 (attempt=2/50)
AT-0012.9: Sending set (SIM_GPS1_ENABLE) to (1.000000) (old=0.000000)
AT-0012.9: EK3_SRC1_POSXY want=3.000000 autopilot=0.0 (attempt=2/50)
AT-0012.9: Sending set (EK3_SRC1_POSXY) to (3.000000) (old=0.000000)
AT-0012.9: EK3_SRC1_VELZ want=3.000000 autopilot=0.0 (attempt=2/50)
AT-0012.9: Sending set (EK3_SRC1_VELZ) to (3.000000) (old=0.000000)
AT-0012.9: EK3_SRC1_VELXY want=3.000000 autopilot=0.0 (attempt=2/50)
AT-0012.9: Sending set (EK3_SRC1_VELXY) to (3.000000) (old=0.000000)
AT-0012.9: Received wanted PARAM_VALUE GPS1_TYPE=1.000000
AT-0012.9: Received wanted PARAM_VALUE SIM_GPS1_ENABLE=1.000000
AT-0012.9: Received wanted PARAM_VALUE EK3_SRC1_POSXY=3.000000
AT-0012.9: Received wanted PARAM_VALUE EK3_SRC1_VELZ=3.000000
AT-0012.9: Received wanted PARAM_VALUE EK3_SRC1_VELXY=3.000000
AT-0012.9: GPS1_TYPE want=1.000000 autopilot=1.0 (attempt=3/50)
AT-0012.9: GPS1_TYPE is now 1.000000
AT-0012.9: SIM_GPS1_ENABLE want=1.000000 autopilot=1.0 (attempt=3/50)
AT-0012.9: SIM_GPS1_ENABLE is now 1.000000
AT-0012.9: EK3_SRC1_POSXY want=3.000000 autopilot=3.0 (attempt=3/50)
AT-0012.9: EK3_SRC1_POSXY is now 3.000000
AT-0012.9: EK3_SRC1_VELZ want=3.000000 autopilot=3.0 (attempt=3/50)
AT-0012.9: EK3_SRC1_VELZ is now 3.000000
AT-0012.9: EK3_SRC1_VELXY want=3.000000 autopilot=3.0 (attempt=3/50)
AT-0012.9: EK3_SRC1_VELXY is now 3.000000
AT-0012.9: Doing implicit context-pop reboot
AT-0012.9: Drained 0 messages from mav (0.000000/s)
AT-0012.9: Rebooting SITL
AT-0012.9: Sending param_request_read for (STAT_RESET)
AT-0012.9: get_parameter(STAT_RESET): PARAM_VALUE {param_id : STAT_RESET, param_value : 1.0, param_type : 6, param_count : 1366, param_index : 65535}
AT-0012.9: Sending param_request_read for (STAT_BOOTCNT)
AT-0012.9: get_parameter(STAT_BOOTCNT): PARAM_VALUE {param_id : STAT_BOOTCNT, param_value : 7.0, param_type : 4, param_count : 1366, param_index : 65535}
AT-0012.9: Sending reboot command
AT-0012.9: Sending COMMAND_LONG to (1,1) (MAV_CMD_PREFLIGHT_REBOOT_SHUTDOWN=246) (p1=1.000000 p2=1.000000 p3=0.000000 p4=0.000000 p5=0.000000 p6=0.000000  p7=0.000000)
AT-0012.9: Sending param_request_read for (STAT_BOOTCNT)
AT-0012.9: While awaiting reboot received (COMMAND_ACK {command : 246, result : 0, progress : 0, result_param2 : 0, target_system : 250, target_component : 250})
EOF on TCP socket
Attempting reconnect
[Errno 111] Connection refused sleeping
arducopter: Suggested EK3_DRAG_BCOEF_* = 17.209, EK3_DRAG_MCOEF = 0.209
arducopter: Home: -35.362938 149.165085 alt=584.000000m hdg=270.000000
arducopter: Starting sketch 'ArduCopter'
arducopter: Starting SITL input
arducopter: Using Irlock at port : 9005
arducopter: bind port 5760 for SERIAL0
arducopter: SERIAL0 on TCP port 5760
arducopter: Waiting for connection ....
arducopter: Connection on serial port 5760
AT-0013.9: get_parameter(STAT_BOOTCNT): None
AT-0013.9: Sending param_request_read for (STAT_BOOTCNT)
arducopter: Loaded defaults from /tmp/tmpbgytp2sj,/home/umemoto/Ardupilot-UmemotoLab/Tools/autotest/default_params/copter.parm
arducopter: bind port 5762 for SERIAL1
arducopter: SERIAL1 on TCP port 5762
arducopter: bind port 5763 for SERIAL2
arducopter: SERIAL2 on TCP port 5763
arducopter: Loaded defaults from /tmp/tmpbgytp2sj,/home/umemoto/Ardupilot-UmemotoLab/Tools/autotest/default_params/copter.parm
arducopter: Smoothing reset at 0.001
arducopter: validate_structures:528: Validating structures
arducopter: Waiting for internal clock bits to be set (current=0x00)
arducopter: Loaded defaults from /tmp/tmpbgytp2sj,/home/umemoto/Ardupilot-UmemotoLab/Tools/autotest/default_params/copter.parm
arducopter: Loaded defaults from /tmp/tmpbgytp2sj,/home/umemoto/Ardupilot-UmemotoLab/Tools/autotest/default_params/copter.parm
arducopter: Loaded defaults from /tmp/tmpbgytp2sj,/home/umemoto/Ardupilot-UmemotoLab/Tools/autotest/default_params/copter.parm
arducopter: Loaded defaults from /tmp/tmpbgytp2sj,/home/umemoto/Ardupilot-UmemotoLab/Tools/autotest/default_params/copter.parm
arducopter: Loaded defaults from /tmp/tmpbgytp2sj,/home/umemoto/Ardupilot-UmemotoLab/Tools/autotest/default_params/copter.parm
arducopter: Loaded defaults from /tmp/tmpbgytp2sj,/home/umemoto/Ardupilot-UmemotoLab/Tools/autotest/default_params/copter.parm
AT-0013.9: get_parameter(STAT_BOOTCNT): PARAM_VALUE {param_id : STAT_BOOTCNT, param_value : 8.0, param_type : 4, param_count : 1366, param_index : 65535}
AT-0013.9: current=8.0 required=8
AT-0013.9: Doing timesync roundtrip
AT-0013.9: AP: RCInput: decoding UDP (Pulses)
AT-0013.9: Received: TIMESYNC {tc1 : 205842000, ts1 : 187250}
AT-0013.9: Received TIMESYNC response after 0.000049s
AT-0013.9: Calling initialise-after-reboot
AT-0013.9: Drained 0 messages from mav (0.000000/s)
AT-0013.9: AP: Calibrating barometer
AT-0013.9: Doing timesync roundtrip
AT-0013.9: Received: TIMESYNC {tc1 : 1023848000, ts1 : 188250}
AT-0013.9: Received TIMESYNC response after 0.000012s
AT-0013.9: AP: Barometer 1 calibration complete
AT-0013.9: AP: Barometer 2 calibration complete
AT-0013.9: AP: ArduPilot Ready
AT-0013.9: AP: AHRS: DCM active
AT-0013.9: Reboot complete
AT-0013.9: set_parameters: ({})
AT-0013.9: Simstate Close to startup location: dist=0.000000 max=1.000000 (simstate: lat=-35.362938,lon=149.165085,alt=0.0 start-loc: lat=-35.362938,lon=149.165085,alt=584.0)
AT-0013.9: AP: RC7: SaveWaypoint MIDDLE
AT-0013.9: Drained 4 messages from mav (30174.848921/s)
AT-0013.9: Rebooting SITL
AT-0013.9: Sending param_request_read for (STAT_RESET)
AT-0013.9: get_parameter(STAT_RESET): PARAM_VALUE {param_id : STAT_RESET, param_value : 1.0, param_type : 6, param_count : 1366, param_index : 65535}
AT-0013.9: Sending param_request_read for (STAT_BOOTCNT)
AT-0013.9: get_parameter(STAT_BOOTCNT): PARAM_VALUE {param_id : STAT_BOOTCNT, param_value : 8.0, param_type : 4, param_count : 1366, param_index : 65535}
AT-0013.9: Sending reboot command
AT-0013.9: Sending COMMAND_LONG to (1,1) (MAV_CMD_PREFLIGHT_REBOOT_SHUTDOWN=246) (p1=1.000000 p2=1.000000 p3=0.000000 p4=0.000000 p5=0.000000 p6=0.000000  p7=0.000000)
AT-0013.9: Sending param_request_read for (STAT_BOOTCNT)
AT-0013.9: While awaiting reboot received (COMMAND_ACK {command : 246, result : 0, progress : 0, result_param2 : 0, target_system : 250, target_component : 250})
EOF on TCP socket
Attempting reconnect
[Errno 111] Connection refused sleeping
arducopter: Suggested EK3_DRAG_BCOEF_* = 17.209, EK3_DRAG_MCOEF = 0.209
arducopter: Home: -35.362938 149.165085 alt=584.000000m hdg=270.000000
arducopter: Starting sketch 'ArduCopter'
arducopter: Starting SITL input
arducopter: Using Irlock at port : 9005
arducopter: bind port 5760 for SERIAL0
arducopter: SERIAL0 on TCP port 5760
arducopter: Waiting for connection ....
arducopter: Connection on serial port 5760
AT-0014.9: get_parameter(STAT_BOOTCNT): None
AT-0014.9: Sending param_request_read for (STAT_BOOTCNT)
arducopter: Loaded defaults from /tmp/tmpbgytp2sj,/home/umemoto/Ardupilot-UmemotoLab/Tools/autotest/default_params/copter.parm
arducopter: bind port 5762 for SERIAL1
arducopter: SERIAL1 on TCP port 5762
arducopter: bind port 5763 for SERIAL2
arducopter: SERIAL2 on TCP port 5763
arducopter: Loaded defaults from /tmp/tmpbgytp2sj,/home/umemoto/Ardupilot-UmemotoLab/Tools/autotest/default_params/copter.parm
arducopter: Smoothing reset at 0.001
arducopter: validate_structures:528: Validating structures
arducopter: Waiting for internal clock bits to be set (current=0x00)
arducopter: Loaded defaults from /tmp/tmpbgytp2sj,/home/umemoto/Ardupilot-UmemotoLab/Tools/autotest/default_params/copter.parm
arducopter: Loaded defaults from /tmp/tmpbgytp2sj,/home/umemoto/Ardupilot-UmemotoLab/Tools/autotest/default_params/copter.parm
arducopter: Loaded defaults from /tmp/tmpbgytp2sj,/home/umemoto/Ardupilot-UmemotoLab/Tools/autotest/default_params/copter.parm
arducopter: Loaded defaults from /tmp/tmpbgytp2sj,/home/umemoto/Ardupilot-UmemotoLab/Tools/autotest/default_params/copter.parm
arducopter: Loaded defaults from /tmp/tmpbgytp2sj,/home/umemoto/Ardupilot-UmemotoLab/Tools/autotest/default_params/copter.parm
arducopter: Loaded defaults from /tmp/tmpbgytp2sj,/home/umemoto/Ardupilot-UmemotoLab/Tools/autotest/default_params/copter.parm
AT-0014.9: get_parameter(STAT_BOOTCNT): PARAM_VALUE {param_id : STAT_BOOTCNT, param_value : 9.0, param_type : 4, param_count : 1366, param_index : 65535}
AT-0014.9: current=9.0 required=9
AT-0014.9: Doing timesync roundtrip
AT-0014.9: Received: TIMESYNC {tc1 : 193347000, ts1 : 189250}
AT-0014.9: Received TIMESYNC response after 0.000020s
AT-0014.9: Calling initialise-after-reboot
AT-0014.9: AP: RCInput: decoding UDP (Pulses)
AT-0014.9: Drained 0 messages from mav (0.000000/s)
AT-0014.9: AP: Calibrating barometer
AT-0015.0: Doing timesync roundtrip
AT-0015.0: Received: TIMESYNC {tc1 : 1077160000, ts1 : 190250}
AT-0015.0: Received TIMESYNC response after 0.000086s
AT-0015.0: AP: Barometer 1 calibration complete
AT-0015.0: AP: Barometer 2 calibration complete
AT-0015.0: AP: ArduPilot Ready
AT-0015.0: AP: AHRS: DCM active
AT-0015.0: Reboot complete
AT-0015.0: set_parameters: ({})
AT-0015.0: AP: RC7: SaveWaypoint MIDDLE
AT-0015.0: Simstate Close to startup location: dist=0.000000 max=1.000000 (simstate: lat=-35.362938,lon=149.165085,alt=0.0 start-loc: lat=-35.362938,lon=149.165085,alt=584.0)
AT-0015.0: Delaying 12.000000 seconds
AT-0015.0: AP: EKF3 IMU0 initialised
AT-0015.0: AP: EKF3 IMU1 initialised
AT-0015.0: AP: AHRS: EKF3 active
AT-0015.0: AP: EKF3 IMU1 tilt alignment complete
AT-0015.0: AP: EKF3 IMU0 tilt alignment complete
AT-0015.0: AP: EKF3 IMU1 MAG0 initial yaw alignment complete
AT-0015.0: AP: EKF3 IMU0 MAG0 initial yaw alignment complete
AT-0015.1: AP: GPS 1: probing for u-blox at 230400 baud
AT-0015.1: AP: GPS 1: detected u-blox
AT-0015.2: Sending param_request_read for (ARMING_CHECK)
AT-0015.2: get_parameter(ARMING_CHECK): PARAM_VALUE {param_id : ARMING_CHECK, param_value : 1.0, param_type : 6, param_count : 1366, param_index : 65535}
AT-0015.2: set_parameters: ({'ARMING_RUDDER': 2})
AT-0015.2: ARMING_RUDDER want=2.000000 autopilot=None (attempt=1/10)
AT-0015.2: Requesting (ARMING_RUDDER)
AT-0015.2: Received wanted PARAM_VALUE ARMING_RUDDER=2.000000
AT-0015.2: ARMING_RUDDER want=2.000000 autopilot=2.0 (attempt=2/10)
AT-0015.2: ARMING_RUDDER is now 2.000000
AT-0015.2: set_parameters: ({'RC9_OPTION': 32})
AT-0015.2: RC9_OPTION want=32.000000 autopilot=None (attempt=1/10)
AT-0015.2: Requesting (RC9_OPTION)
AT-0015.2: Received wanted PARAM_VALUE RC9_OPTION=0.000000
AT-0015.2: RC9_OPTION want=32.000000 autopilot=0.0 (attempt=2/10)
AT-0015.2: Sending set (RC9_OPTION) to (32.000000) (old=0.000000)
AT-0015.2: Received wanted PARAM_VALUE RC9_OPTION=32.000000
AT-0015.2: RC9_OPTION want=32.000000 autopilot=32.0 (attempt=3/10)
AT-0015.2: RC9_OPTION is now 32.000000
AT-0015.2: AP: RC9: MotorInterlock LOW
AT-0015.2: RC values good
AT-0015.2: RC values good
AT-0015.2: set_parameters: ({'DISARM_DELAY': 0})
AT-0015.2: DISARM_DELAY want=0.000000 autopilot=None (attempt=1/10)
AT-0015.2: Requesting (DISARM_DELAY)
AT-0015.2: Received wanted PARAM_VALUE DISARM_DELAY=10.000000
AT-0015.2: DISARM_DELAY want=0.000000 autopilot=10.0 (attempt=2/10)
AT-0015.2: Sending set (DISARM_DELAY) to (0.000000) (old=10.000000)
AT-0015.2: Received wanted PARAM_VALUE DISARM_DELAY=0.000000
AT-0015.2: DISARM_DELAY want=0.000000 autopilot=0.0 (attempt=3/10)
AT-0015.2: DISARM_DELAY is now 0.000000
AT-0015.2: -
AT-0015.2: ---------- Test normal arm and disarm features  ----------
AT-0015.2: -
AT-0015.2: Waiting for ready to arm
AT-0015.2: Sending param_request_read for (AHRS_EKF_TYPE)
AT-0015.2: get_parameter(AHRS_EKF_TYPE): PARAM_VALUE {param_id : AHRS_EKF_TYPE, param_value : 3.0, param_type : 2, param_count : 1366, param_index : 65535}
AT-0015.2: Waiting for EKF value 831
AT-0015.2: Want=831 got=167 errors=128
AT-0015.3: Want=831 got=167 errors=128
AT-0015.3: Want=831 got=167 errors=128
AT-0015.3: AP: EKF3 IMU1 origin set
AT-0015.3: AP: Field Elevation Set: 584m
AT-0015.3: AP: EKF3 IMU0 origin set
AT-0015.3: Want=831 got=167 errors=128
AT-0015.3: Want=831 got=167 errors=128
AT-0015.3: Want=831 got=167 errors=128
AT-0015.4: Want=831 got=167 errors=128
AT-0015.4: Want=831 got=167 errors=128
AT-0015.4: Want=831 got=167 errors=128
AT-0015.4: Want=831 got=167 errors=128
AT-0015.4: Want=831 got=167 errors=128
AT-0015.5: Want=831 got=167 errors=128
AT-0015.5: Want=831 got=167 errors=128
AT-0015.5: Want=831 got=167 errors=128
AT-0015.5: Want=831 got=167 errors=128
AT-0015.5: Want=831 got=167 errors=128
AT-0015.6: Want=831 got=167 errors=128
AT-0015.6: Want=831 got=167 errors=128
AT-0015.6: Want=831 got=167 errors=128
AT-0015.6: Want=831 got=167 errors=128
AT-0015.6: Want=831 got=167 errors=128
AT-0015.6: AP: EKF3 IMU0 is using GPS
AT-0015.6: AP: EKF3 IMU1 is using GPS
AT-0015.6: EKF Flags OK
AT-0015.6: Waiting for GPS health
AT-0015.7: GPS healthy after 0.000000/30.000000 seconds
AT-0015.7: Polled home position (HOME_POSITION {latitude : -353629380, longitude : 1491650850, altitude : 584090, x : 0.0, y : 0.0, z : -0.0, q : [nan, nan, nan, nan], approach_x : 0.0, approach_y : 0.0, approach_z : 0.0, time_usec : 42597121})
AT-0015.7: Doing timesync roundtrip
AT-0015.7: Received: TIMESYNC {tc1 : 42807961000, ts1 : 196250}
AT-0015.7: Received TIMESYNC response after 0.000000s
AT-0015.7: Took 26 seconds to become armable
AT-0015.7: default arm_vehicle() call
AT-0015.7: Arm motors with MAVLink cmd
AT-0015.7: Sending COMMAND_LONG to (1,1) (MAV_CMD_COMPONENT_ARM_DISARM=400) (p1=1.000000 p2=0.000000 p3=0.000000 p4=0.000000 p5=0.000000 p6=0.000000  p7=0.000000)
AT-0015.7: ACK received: COMMAND_ACK {command : 400, result : 0, progress : 0, result_param2 : 0, target_system : 250, target_component : 250} (0.000000s)
AT-0015.7: AP: Arming motors
AT-0015.7: AP: AP_Observer: Takeoff detected, starting frequency 
AT-0015.7: AP: estimation
AT-0015.7: Motors ARMED
AT-0015.7: default disarm_vehicle() call
AT-0015.7: Disarm motors with MAVLink cmd
AT-0015.7: Sending COMMAND_LONG to (1,1) (MAV_CMD_COMPONENT_ARM_DISARM=400) (p1=0.000000 p2=0.000000 p3=0.000000 p4=0.000000 p5=0.000000 p6=0.000000  p7=0.000000)
AT-0015.7: ACK received: COMMAND_ACK {command : 400, result : 0, progress : 0, result_param2 : 0, target_system : 250, target_component : 250} (0.000000s)
AT-0015.7: Waiting for DISARM
AT-0015.7: AP: Disarming motors
AT-0015.7: Waiting for disarm (0.00s so far of allowed 120.00)
AT-0015.7: DISARMED after 0.00 seconds (allowed=120.00)
AT-0015.7: -
AT-0015.7: ---------- Arm/disarm vehicle with COMMAND_INT  ----------
AT-0015.7: -
AT-0015.7: Sending COMMAND_INT to (1,1) (MAV_CMD_COMPONENT_ARM_DISARM=400) (p1=1.000000 p2=0.000000 p3=0.000000 p4=0.000000 p5=0 p6=0  p7=0.000000 f=5)
AT-0015.7: ACK received: COMMAND_ACK {command : 400, result : 0, progress : 0, result_param2 : 0, target_system : 250, target_component : 250} (0.000000s)
AT-0015.7: AP: Arming motors
AT-0015.7: Sending COMMAND_INT to (1,1) (MAV_CMD_COMPONENT_ARM_DISARM=400) (p1=0.000000 p2=0.000000 p3=0.000000 p4=0.000000 p5=0 p6=0  p7=0.000000 f=5)
AT-0015.7: ACK received: COMMAND_ACK {command : 400, result : 0, progress : 0, result_param2 : 0, target_system : 250, target_component : 250} (0.000000s)
AT-0015.7: arm with mavproxy
AT-0015.7: Starting MAVProxy
PYTHONPATH: /home/umemoto/Ardupilot-UmemotoLab/Tools/mavproxy_modules
Running: "mavproxy.py" "--master" "tcp:127.0.0.1:5762" "--sitl" "localhost:5501" "--aircraft" "test.ArduCopter" "--streamrate=5" "--target-system=1" "--target-component=1" "--quadcopter" "--default-modules" "misc,wp,rally,fence,param,arm,mode,rc,cmdlong,output"
Connect tcp:127.0.0.1:5762 source_system=255
no script test.ArduCopter/mavinit.scr
Log Directory: test.ArduCopter/logs/2026-05-12/flight1
Telemetry log: test.ArduCopter/logs/2026-05-12/flight1/flight.tlog
AT-0015.9: LOGFILE test.ArduCopter/logs/2026-05-12/flight1/flight.tlog
AT-0015.9: buildlog=/home/umemoto/buildlogs/ArduCopter-test.tlog
AT-0015.9: Arm motors with MavProxy
arm throttle
AT-0015.9: AP: Disarming motors
arducopter: New connection on SERIAL1
Waiting for heartbeat from tcp:127.0.0.1:5762
MAV> change target_component 1arm throttle

Detected vehicle 1:1 on link 0
MAV> STABILIZE> Mode STABILIZE
fence present
AT-0016.0: AP: Arming motors
Got COMMAND_ACK: COMPONENT_ARM_DISARM: ACCEPTED
AP: Arming motors
ARMED
Arming checks disabled
AT-0016.0: Motors ARMED
AT-0016.0: ARMED
AT-0016.0: disarm with mavproxy
AT-0016.0: Disarm motors with MavProxy
disarm
AT-0016.0: Waiting for DISARM
disarm
AT-0016.0: AP: Disarming motors
STABILIZE> Got COMMAND_ACK: COMPONENT_ARM_DISARM: ACCEPTED
AP: Disarming motors
AT-0016.0: Waiting for disarm (0.00s so far of allowed 120.00)
DISARMED
AT-0016.0: DISARMED after 0.00 seconds (allowed=120.00)
AT-0016.0: Stopping MAVProxy
AT-0017.1: -
AT-0017.1: ---------- Test arm with rc input  ----------
AT-0017.1: -
AT-0017.1: Arm motors with radio
AT-0017.1: Sending param_request_read for (RCMAP_YAW)
arducopter: Read 129 rc inputs
arducopter: Read 134 rc inputs
arducopter: Read 114 rc inputs
arducopter: Read 122 rc inputs
arducopter: Read 129 rc inputs
arducopter: Read 136 rc inputs
arducopter: Read 126 rc inputs
arducopter: Read 131 rc inputs
arducopter: Read 141 rc inputs
arducopter: Read 125 rc inputs
arducopter: Read 137 rc inputs
arducopter: Read 141 rc inputs
arducopter: Read 126 rc inputs
arducopter: Read 129 rc inputs
arducopter: Read 138 rc inputs
arducopter: Read 130 rc inputs
arducopter: Closed connection on SERIAL1
arducopter: Read 135 rc inputs
arducopter: Read 126 rc inputs
AT-0017.2: get_parameter(RCMAP_YAW): PARAM_VALUE {param_id : RCMAP_YAW, param_value : 4.0, param_type : 2, param_count : 1366, param_index : 65535}
AT-0017.2: Sending param_request_read for (RC4_REVERSED)
AT-0017.2: get_parameter(RC4_REVERSED): PARAM_VALUE {param_id : RC4_REVERSED, param_value : 0.0, param_type : 2, param_count : 1366, param_index : 65535}
AT-0017.2: Sending param_request_read for (RC4_MAX)
AT-0017.2: get_parameter(RC4_MAX): PARAM_VALUE {param_id : RC4_MAX, param_value : 2000.0, param_type : 4, param_count : 1366, param_index : 65535}
AT-0017.2: Sending param_request_read for (RC4_MIN)
AT-0017.2: get_parameter(RC4_MIN): PARAM_VALUE {param_id : RC4_MIN, param_value : 1000.0, param_type : 4, param_count : 1366, param_index : 65535}
AT-0017.2: RC values good
AT-0017.2: Drained 8 messages from mav (38701.767013/s)
AT-0017.3: Not armed after 0.200000 seconds
AT-0017.3: Drained 0 messages from mav (0.000000/s)
AT-0017.3: Not armed after 1.200000 seconds
AT-0017.3: Drained 0 messages from mav (0.000000/s)
AT-0017.3: AP: Arming motors
AT-0017.3: MOTORS ARMED OK WITH RADIO
AT-0017.3: Sending param_request_read for (RCMAP_YAW)
AT-0017.3: get_parameter(RCMAP_YAW): PARAM_VALUE {param_id : RCMAP_YAW, param_value : 4.0, param_type : 2, param_count : 1366, param_index : 65535}
AT-0017.3: Sending param_request_read for (RC4_TRIM)
AT-0017.3: get_parameter(RC4_TRIM): PARAM_VALUE {param_id : RC4_TRIM, param_value : 1500.0, param_type : 4, param_count : 1366, param_index : 65535}
AT-0017.3: RC values good
AT-0017.3: Arm in 2.200000000000003s
AT-0017.3: disarm with rc input
AT-0017.3: Disarm motors with radio
AT-0017.3: Doing timesync roundtrip
AT-0017.3: Received: TIMESYNC {tc1 : 81022669000, ts1 : 197250}
AT-0017.3: Received TIMESYNC response after 0.000000s
AT-0017.3: Sending param_request_read for (RCMAP_YAW)
AT-0017.3: get_parameter(RCMAP_YAW): PARAM_VALUE {param_id : RCMAP_YAW, param_value : 4.0, param_type : 2, param_count : 1366, param_index : 65535}
AT-0017.3: Sending param_request_read for (RC4_REVERSED)
AT-0017.3: get_parameter(RC4_REVERSED): PARAM_VALUE {param_id : RC4_REVERSED, param_value : 0.0, param_type : 2, param_count : 1366, param_index : 65535}
AT-0017.3: Sending param_request_read for (RC4_MAX)
AT-0017.3: get_parameter(RC4_MAX): PARAM_VALUE {param_id : RC4_MAX, param_value : 2000.0, param_type : 4, param_count : 1366, param_index : 65535}
AT-0017.3: Sending param_request_read for (RC4_MIN)
AT-0017.3: get_parameter(RC4_MIN): PARAM_VALUE {param_id : RC4_MIN, param_value : 1000.0, param_type : 4, param_count : 1366, param_index : 65535}
AT-0017.3: RC values good
AT-0017.3: Drained 8 messages from mav (33520.911089/s)
AT-0017.3: Drained 0 messages from mav (0.000000/s)
AT-0017.4: AP: Disarming motors
AT-0017.4: MOTORS DISARMED OK WITH RADIO (in 1.6000000000000085s)
AT-0017.4: Sending param_request_read for (RCMAP_YAW)
AT-0017.4: get_parameter(RCMAP_YAW): PARAM_VALUE {param_id : RCMAP_YAW, param_value : 4.0, param_type : 2, param_count : 1366, param_index : 65535}
AT-0017.4: Sending param_request_read for (RC4_TRIM)
AT-0017.4: get_parameter(RC4_TRIM): PARAM_VALUE {param_id : RC4_TRIM, param_value : 1500.0, param_type : 4, param_count : 1366, param_index : 65535}
AT-0017.4: RC values good
AT-0017.4: set_parameters: ({})
AT-0017.4: -
AT-0017.4: ---------- Test arm and disarm with switch  ----------
AT-0017.4: -
AT-0017.4: set_parameters: ({'RC7_OPTION': 153})
AT-0017.4: RC7_OPTION want=153.000000 autopilot=None (attempt=1/10)
AT-0017.4: Requesting (RC7_OPTION)
AT-0017.4: Received wanted PARAM_VALUE RC7_OPTION=7.000000
AT-0017.4: RC7_OPTION want=153.000000 autopilot=7.0 (attempt=2/10)
AT-0017.4: Sending set (RC7_OPTION) to (153.000000) (old=7.000000)
AT-0017.4: Received wanted PARAM_VALUE RC7_OPTION=153.000000
AT-0017.4: RC7_OPTION want=153.000000 autopilot=153.0 (attempt=3/10)
AT-0017.4: RC7_OPTION is now 153.000000
AT-0017.4: RC values good
AT-0017.4: Delaying 0.500000 seconds
AT-0017.4: Arm motors with switch 7
AT-0017.4: AP: Arming motors
AT-0017.4: RC values good
AT-0017.4: Drained 8 messages from mav (39709.386982/s)
AT-0017.4: MOTORS ARMED OK WITH SWITCH
AT-0017.4: Disarm motors with switch 7
AT-0017.4: AP: Disarming motors
AT-0017.4: RC values good
AT-0017.4: Drained 8 messages from mav (38926.255220/s)
AT-0017.4: MOTORS DISARMED OK WITH SWITCH
AT-0017.4: RC values good
AT-0017.4: -
AT-0017.4: ---------- Test arming failure with throttle too high  ----------
AT-0017.4: -
AT-0017.4: RC values good
AT-0017.4: Arm motors with MAVLink cmd
AT-0017.5: Sending COMMAND_LONG to (1,1) (MAV_CMD_COMPONENT_ARM_DISARM=400) (p1=1.000000 p2=0.000000 p3=0.000000 p4=0.000000 p5=0.000000 p6=0.000000  p7=0.000000)
AT-0017.5: ACK received: COMMAND_ACK {command : 400, result : 4, progress : 0, result_param2 : 0, target_system : 250, target_component : 250} (0.000000s)
AT-0017.5: AP: Arm: Throttle too high
AT-0017.5: Delaying 5.000000 seconds
AT-0017.5: Arm motors with radio
AT-0017.5: Sending param_request_read for (RCMAP_YAW)
AT-0017.5: get_parameter(RCMAP_YAW): PARAM_VALUE {param_id : RCMAP_YAW, param_value : 4.0, param_type : 2, param_count : 1366, param_index : 65535}
AT-0017.5: Sending param_request_read for (RC4_REVERSED)
AT-0017.6: get_parameter(RC4_REVERSED): PARAM_VALUE {param_id : RC4_REVERSED, param_value : 0.0, param_type : 2, param_count : 1366, param_index : 65535}
AT-0017.6: Sending param_request_read for (RC4_MAX)
AT-0017.6: get_parameter(RC4_MAX): PARAM_VALUE {param_id : RC4_MAX, param_value : 2000.0, param_type : 4, param_count : 1366, param_index : 65535}
AT-0017.6: Sending param_request_read for (RC4_MIN)
AT-0017.6: get_parameter(RC4_MIN): PARAM_VALUE {param_id : RC4_MIN, param_value : 1000.0, param_type : 4, param_count : 1366, param_index : 65535}
AT-0017.6: RC values good
AT-0017.6: Drained 8 messages from mav (38657.179724/s)
AT-0017.6: Not armed after 0.400000 seconds
AT-0017.6: Drained 0 messages from mav (0.000000/s)
AT-0017.6: Not armed after 1.400000 seconds
AT-0017.6: Drained 0 messages from mav (0.000000/s)
AT-0017.6: Not armed after 2.400000 seconds
AT-0017.6: Drained 0 messages from mav (0.000000/s)
AT-0017.6: Not armed after 3.400000 seconds
AT-0017.6: Drained 0 messages from mav (0.000000/s)
AT-0017.6: Not armed after 4.400000 seconds
AT-0017.6: Drained 0 messages from mav (0.000000/s)
AT-0017.7: Not armed after 5.400000 seconds
AT-0017.7: Drained 0 messages from mav (0.000000/s)
AT-0017.7: Not armed after 6.400000 seconds
AT-0017.7: Drained 0 messages from mav (0.000000/s)
AT-0017.7: Not armed after 7.400000 seconds
AT-0017.7: Drained 0 messages from mav (0.000000/s)
AT-0017.7: Not armed after 8.400000 seconds
AT-0017.7: Drained 0 messages from mav (0.000000/s)
AT-0017.7: Not armed after 9.400000 seconds
AT-0017.7: Drained 0 messages from mav (0.000000/s)
AT-0017.8: Not armed after 10.400000 seconds
AT-0017.8: Drained 0 messages from mav (0.000000/s)
AT-0017.8: Not armed after 11.400000 seconds
AT-0017.8: Drained 0 messages from mav (0.000000/s)
AT-0017.8: Not armed after 12.400000 seconds
AT-0017.8: Drained 0 messages from mav (0.000000/s)
AT-0017.8: Not armed after 13.400000 seconds
AT-0017.8: Drained 0 messages from mav (0.000000/s)
AT-0017.8: Not armed after 14.400000 seconds
AT-0017.8: Drained 0 messages from mav (0.000000/s)
AT-0017.8: Not armed after 15.400000 seconds
AT-0017.8: Drained 0 messages from mav (0.000000/s)
AT-0017.9: Not armed after 16.400000 seconds
AT-0017.9: Drained 0 messages from mav (0.000000/s)
AT-0017.9: Not armed after 17.400000 seconds
AT-0017.9: Drained 0 messages from mav (0.000000/s)
AT-0017.9: Not armed after 18.400000 seconds
AT-0017.9: Drained 0 messages from mav (0.000000/s)
AT-0017.9: Not armed after 19.400000 seconds
AT-0017.9: Drained 0 messages from mav (0.000000/s)
AT-0017.9: Not armed after 20.400000 seconds
AT-0017.9: Sending param_request_read for (RCMAP_YAW)
AT-0017.9: get_parameter(RCMAP_YAW): PARAM_VALUE {param_id : RCMAP_YAW, param_value : 4.0, param_type : 2, param_count : 1366, param_index : 65535}
AT-0017.9: Sending param_request_read for (RC4_TRIM)
AT-0017.9: get_parameter(RC4_TRIM): PARAM_VALUE {param_id : RC4_TRIM, param_value : 1500.0, param_type : 4, param_count : 1366, param_index : 65535}
AT-0017.9: RC values good
AT-0017.9: Drained 15 messages from mav (23930.985165/s)
AT-0017.9: Arm motors with switch 7
AT-0018.0: AP: Arm: Throttle too high
AT-0018.0: RC values good
AT-0018.0: Drained 8 messages from mav (32326.042389/s)
AT-0018.0: Drained 0 messages from mav (0.000000/s)
AT-0018.0: Drained 0 messages from mav (0.000000/s)
AT-0018.0: Drained 0 messages from mav (0.000000/s)
AT-0018.0: Drained 0 messages from mav (0.000000/s)
AT-0018.0: Drained 0 messages from mav (0.000000/s)
AT-0018.1: Drained 0 messages from mav (0.000000/s)
AT-0018.1: Drained 0 messages from mav (0.000000/s)
AT-0018.1: Drained 0 messages from mav (0.000000/s)
AT-0018.1: Drained 0 messages from mav (0.000000/s)
AT-0018.1: Drained 0 messages from mav (0.000000/s)
AT-0018.1: Drained 0 messages from mav (0.000000/s)
AT-0018.2: Drained 0 messages from mav (0.000000/s)
AT-0018.2: Drained 1 messages from mav (6626.072670/s)
AT-0018.2: Drained 0 messages from mav (0.000000/s)
AT-0018.2: Drained 0 messages from mav (0.000000/s)
AT-0018.2: Drained 0 messages from mav (0.000000/s)
AT-0018.2: Drained 0 messages from mav (0.000000/s)
AT-0018.3: Drained 0 messages from mav (0.000000/s)
AT-0018.3: Drained 0 messages from mav (0.000000/s)
AT-0018.3: Drained 0 messages from mav (0.000000/s)
AT-0018.3: Drained 0 messages from mav (0.000000/s)
AT-0018.3: RC values good
AT-0018.3: RC values good
AT-0018.3: -
AT-0018.3: ---------- Test arming failure with ARMING_RUDDER=0  ----------
AT-0018.3: -
AT-0018.3: set_parameters: ({'ARMING_RUDDER': 0})
AT-0018.3: ARMING_RUDDER want=0.000000 autopilot=None (attempt=1/10)
AT-0018.3: Requesting (ARMING_RUDDER)
AT-0018.4: Received wanted PARAM_VALUE ARMING_RUDDER=2.000000
AT-0018.4: ARMING_RUDDER want=0.000000 autopilot=2.0 (attempt=2/10)
AT-0018.4: Sending set (ARMING_RUDDER) to (0.000000) (old=2.000000)
AT-0018.4: Received wanted PARAM_VALUE ARMING_RUDDER=0.000000
AT-0018.4: ARMING_RUDDER want=0.000000 autopilot=0.0 (attempt=3/10)
AT-0018.4: ARMING_RUDDER is now 0.000000
AT-0018.4: Arm motors with radio
AT-0018.4: Sending param_request_read for (RCMAP_YAW)
AT-0018.4: get_parameter(RCMAP_YAW): PARAM_VALUE {param_id : RCMAP_YAW, param_value : 4.0, param_type : 2, param_count : 1366, param_index : 65535}
AT-0018.4: Sending param_request_read for (RC4_REVERSED)
AT-0018.4: get_parameter(RC4_REVERSED): PARAM_VALUE {param_id : RC4_REVERSED, param_value : 0.0, param_type : 2, param_count : 1366, param_index : 65535}
AT-0018.4: Sending param_request_read for (RC4_MAX)
AT-0018.4: get_parameter(RC4_MAX): PARAM_VALUE {param_id : RC4_MAX, param_value : 2000.0, param_type : 4, param_count : 1366, param_index : 65535}
AT-0018.4: Sending param_request_read for (RC4_MIN)
AT-0018.4: get_parameter(RC4_MIN): PARAM_VALUE {param_id : RC4_MIN, param_value : 1000.0, param_type : 4, param_count : 1366, param_index : 65535}
AT-0018.4: RC values good
AT-0018.4: Drained 8 messages from mav (17829.134963/s)
AT-0018.4: Not armed after 0.400000 seconds
AT-0018.4: Drained 0 messages from mav (0.000000/s)
AT-0018.4: Not armed after 1.400000 seconds
AT-0018.4: Drained 0 messages from mav (0.000000/s)
AT-0018.4: Not armed after 2.400000 seconds
AT-0018.4: Drained 0 messages from mav (0.000000/s)
AT-0018.4: Not armed after 3.400000 seconds
AT-0018.4: Drained 0 messages from mav (0.000000/s)
AT-0018.5: Not armed after 4.400000 seconds
AT-0018.5: Drained 0 messages from mav (0.000000/s)
AT-0018.5: Not armed after 5.400000 seconds
AT-0018.5: Drained 0 messages from mav (0.000000/s)
AT-0018.5: Not armed after 6.400000 seconds
AT-0018.5: Drained 0 messages from mav (0.000000/s)
AT-0018.5: Not armed after 7.400000 seconds
AT-0018.5: Drained 0 messages from mav (0.000000/s)
AT-0018.5: Not armed after 8.400000 seconds
AT-0018.5: Drained 1 messages from mav (13357.656051/s)
AT-0018.5: Not armed after 9.400000 seconds
AT-0018.5: Drained 0 messages from mav (0.000000/s)
AT-0018.6: Not armed after 10.400000 seconds
AT-0018.6: Drained 0 messages from mav (0.000000/s)
AT-0018.6: Not armed after 11.400000 seconds
AT-0018.6: Drained 0 messages from mav (0.000000/s)
AT-0018.6: Not armed after 12.400000 seconds
AT-0018.6: Drained 0 messages from mav (0.000000/s)
AT-0018.6: Not armed after 13.400000 seconds
AT-0018.6: Drained 0 messages from mav (0.000000/s)
AT-0018.6: Not armed after 14.400000 seconds
AT-0018.6: Drained 0 messages from mav (0.000000/s)
AT-0018.7: Not armed after 15.400000 seconds
AT-0018.7: Drained 0 messages from mav (0.000000/s)
AT-0018.7: Not armed after 16.400000 seconds
AT-0018.7: Drained 0 messages from mav (0.000000/s)
AT-0018.7: Not armed after 17.400000 seconds
AT-0018.7: Drained 0 messages from mav (0.000000/s)
AT-0018.7: Not armed after 18.400000 seconds
AT-0018.7: Drained 0 messages from mav (0.000000/s)
AT-0018.7: Not armed after 19.400000 seconds
AT-0018.7: Drained 0 messages from mav (0.000000/s)
AT-0018.7: Not armed after 20.400000 seconds
AT-0018.7: Sending param_request_read for (RCMAP_YAW)
AT-0018.7: get_parameter(RCMAP_YAW): PARAM_VALUE {param_id : RCMAP_YAW, param_value : 4.0, param_type : 2, param_count : 1366, param_index : 65535}
AT-0018.7: Sending param_request_read for (RC4_TRIM)
AT-0018.7: get_parameter(RC4_TRIM): PARAM_VALUE {param_id : RC4_TRIM, param_value : 1500.0, param_type : 4, param_count : 1366, param_index : 65535}
AT-0018.8: RC values good
AT-0018.8: Drained 15 messages from mav (26715.312102/s)
AT-0018.8: -
AT-0018.8: ---------- Test disarming failure with ARMING_RUDDER=0  ----------
AT-0018.8: -
AT-0018.8: Arm motors with MAVLink cmd
AT-0018.8: Sending COMMAND_LONG to (1,1) (MAV_CMD_COMPONENT_ARM_DISARM=400) (p1=1.000000 p2=0.000000 p3=0.000000 p4=0.000000 p5=0.000000 p6=0.000000  p7=0.000000)
AT-0018.8: ACK received: COMMAND_ACK {command : 400, result : 0, progress : 0, result_param2 : 0, target_system : 250, target_component : 250} (0.000000s)
AT-0018.8: AP: Arming motors
AT-0018.8: Motors ARMED
AT-0018.8: Disarm motors with radio
AT-0018.8: Doing timesync roundtrip
AT-0018.8: Received: TIMESYNC {tc1 : 164232705000, ts1 : 202250}
AT-0018.8: Received TIMESYNC response after 0.000000s
AT-0018.8: Sending param_request_read for (RCMAP_YAW)
AT-0018.8: get_parameter(RCMAP_YAW): PARAM_VALUE {param_id : RCMAP_YAW, param_value : 4.0, param_type : 2, param_count : 1366, param_index : 65535}
AT-0018.8: Sending param_request_read for (RC4_REVERSED)
AT-0018.8: get_parameter(RC4_REVERSED): PARAM_VALUE {param_id : RC4_REVERSED, param_value : 0.0, param_type : 2, param_count : 1366, param_index : 65535}
AT-0018.8: Sending param_request_read for (RC4_MAX)
AT-0018.8: get_parameter(RC4_MAX): PARAM_VALUE {param_id : RC4_MAX, param_value : 2000.0, param_type : 4, param_count : 1366, param_index : 65535}
AT-0018.8: Sending param_request_read for (RC4_MIN)
AT-0018.8: get_parameter(RC4_MIN): PARAM_VALUE {param_id : RC4_MIN, param_value : 1000.0, param_type : 4, param_count : 1366, param_index : 65535}
AT-0018.8: RC values good
AT-0018.8: Drained 8 messages from mav (37829.122886/s)
AT-0018.8: Drained 0 messages from mav (0.000000/s)
AT-0018.8: Drained 0 messages from mav (0.000000/s)
AT-0018.8: Drained 0 messages from mav (0.000000/s)
AT-0018.9: Drained 0 messages from mav (0.000000/s)
AT-0018.9: Drained 0 messages from mav (0.000000/s)
AT-0018.9: Drained 0 messages from mav (0.000000/s)
AT-0018.9: Drained 0 messages from mav (0.000000/s)
AT-0018.9: Drained 0 messages from mav (0.000000/s)
AT-0019.0: Drained 0 messages from mav (0.000000/s)
AT-0019.0: Drained 0 messages from mav (0.000000/s)
AT-0019.0: Drained 0 messages from mav (0.000000/s)
AT-0019.0: Drained 0 messages from mav (0.000000/s)
AT-0019.0: Drained 0 messages from mav (0.000000/s)
AT-0019.0: Drained 0 messages from mav (0.000000/s)
AT-0019.1: Drained 1 messages from mav (13148.288401/s)
AT-0019.1: Drained 0 messages from mav (0.000000/s)
AT-0019.1: Drained 0 messages from mav (0.000000/s)
AT-0019.1: Drained 0 messages from mav (0.000000/s)
AT-0019.1: Drained 0 messages from mav (0.000000/s)
AT-0019.1: Drained 0 messages from mav (0.000000/s)
AT-0019.2: Sending param_request_read for (RCMAP_YAW)
AT-0019.2: get_parameter(RCMAP_YAW): PARAM_VALUE {param_id : RCMAP_YAW, param_value : 4.0, param_type : 2, param_count : 1366, param_index : 65535}
AT-0019.2: Sending param_request_read for (RC4_TRIM)
AT-0019.2: get_parameter(RC4_TRIM): PARAM_VALUE {param_id : RC4_TRIM, param_value : 1500.0, param_type : 4, param_count : 1366, param_index : 65535}
AT-0019.2: RC values good
AT-0019.2: set_parameters: ({})
AT-0019.2: Drained 0 messages from mav (0.000000/s)
AT-0019.2: Disarm motors with MAVLink cmd
AT-0019.2: Sending COMMAND_LONG to (1,1) (MAV_CMD_COMPONENT_ARM_DISARM=400) (p1=0.000000 p2=0.000000 p3=0.000000 p4=0.000000 p5=0.000000 p6=0.000000  p7=0.000000)
AT-0019.2: ACK received: COMMAND_ACK {command : 400, result : 0, progress : 0, result_param2 : 0, target_system : 250, target_component : 250} (0.000000s)
AT-0019.2: Waiting for DISARM
AT-0019.2: AP: Disarming motors
AT-0019.2: Waiting for disarm (0.00s so far of allowed 120.00)
AT-0019.2: DISARMED after 0.00 seconds (allowed=120.00)
AT-0019.2: Drained 0 messages from mav (0.000000/s)
AT-0019.2: -
AT-0019.2: ---------- Test disarming failure with ARMING_RUDDER=1  ----------
AT-0019.2: -
AT-0019.2: set_parameters: ({'ARMING_RUDDER': 1})
AT-0019.2: ARMING_RUDDER want=1.000000 autopilot=None (attempt=1/10)
AT-0019.2: Requesting (ARMING_RUDDER)
AT-0019.2: Received wanted PARAM_VALUE ARMING_RUDDER=0.000000
AT-0019.2: ARMING_RUDDER want=1.000000 autopilot=0.0 (attempt=2/10)
AT-0019.2: Sending set (ARMING_RUDDER) to (1.000000) (old=0.000000)
AT-0019.2: Received wanted PARAM_VALUE ARMING_RUDDER=1.000000
AT-0019.2: ARMING_RUDDER want=1.000000 autopilot=1.0 (attempt=3/10)
AT-0019.2: ARMING_RUDDER is now 1.000000
AT-0019.2: Arm motors with MAVLink cmd
AT-0019.2: Sending COMMAND_LONG to (1,1) (MAV_CMD_COMPONENT_ARM_DISARM=400) (p1=1.000000 p2=0.000000 p3=0.000000 p4=0.000000 p5=0.000000 p6=0.000000  p7=0.000000)
AT-0019.2: ACK received: COMMAND_ACK {command : 400, result : 0, progress : 0, result_param2 : 0, target_system : 250, target_component : 250} (0.000000s)
AT-0019.2: AP: Arming motors
AT-0019.2: Motors ARMED
AT-0019.2: Disarm motors with radio
AT-0019.2: Doing timesync roundtrip
AT-0019.2: Received: TIMESYNC {tc1 : 190213142000, ts1 : 205250}
AT-0019.2: Received TIMESYNC response after 0.000000s
AT-0019.2: Sending param_request_read for (RCMAP_YAW)
AT-0019.2: get_parameter(RCMAP_YAW): PARAM_VALUE {param_id : RCMAP_YAW, param_value : 4.0, param_type : 2, param_count : 1366, param_index : 65535}
AT-0019.2: Sending param_request_read for (RC4_REVERSED)
AT-0019.2: get_parameter(RC4_REVERSED): PARAM_VALUE {param_id : RC4_REVERSED, param_value : 0.0, param_type : 2, param_count : 1366, param_index : 65535}
AT-0019.2: Sending param_request_read for (RC4_MAX)
AT-0019.3: get_parameter(RC4_MAX): PARAM_VALUE {param_id : RC4_MAX, param_value : 2000.0, param_type : 4, param_count : 1366, param_index : 65535}
AT-0019.3: Sending param_request_read for (RC4_MIN)
AT-0019.3: get_parameter(RC4_MIN): PARAM_VALUE {param_id : RC4_MIN, param_value : 1000.0, param_type : 4, param_count : 1366, param_index : 65535}
AT-0019.3: RC values good
AT-0019.3: Drained 8 messages from mav (28363.847844/s)
AT-0019.3: Drained 0 messages from mav (0.000000/s)
AT-0019.3: Drained 0 messages from mav (0.000000/s)
AT-0019.3: Drained 0 messages from mav (0.000000/s)
AT-0019.3: Drained 0 messages from mav (0.000000/s)
AT-0019.3: Drained 0 messages from mav (0.000000/s)
AT-0019.4: Drained 0 messages from mav (0.000000/s)
AT-0019.4: Drained 0 messages from mav (0.000000/s)
AT-0019.4: Drained 0 messages from mav (0.000000/s)
AT-0019.4: Drained 0 messages from mav (0.000000/s)
AT-0019.4: Drained 0 messages from mav (0.000000/s)
AT-0019.4: Drained 0 messages from mav (0.000000/s)
AT-0019.5: Drained 0 messages from mav (0.000000/s)
AT-0019.5: Drained 0 messages from mav (0.000000/s)
AT-0019.5: Drained 0 messages from mav (0.000000/s)
AT-0019.5: Drained 0 messages from mav (0.000000/s)
AT-0019.5: Drained 0 messages from mav (0.000000/s)
AT-0019.6: Drained 0 messages from mav (0.000000/s)
AT-0019.6: Drained 0 messages from mav (0.000000/s)
AT-0019.6: Drained 0 messages from mav (0.000000/s)
AT-0019.6: Drained 0 messages from mav (0.000000/s)
AT-0019.6: Sending param_request_read for (RCMAP_YAW)
AT-0019.6: get_parameter(RCMAP_YAW): PARAM_VALUE {param_id : RCMAP_YAW, param_value : 4.0, param_type : 2, param_count : 1366, param_index : 65535}
AT-0019.6: Sending param_request_read for (RC4_TRIM)
AT-0019.6: get_parameter(RC4_TRIM): PARAM_VALUE {param_id : RC4_TRIM, param_value : 1500.0, param_type : 4, param_count : 1366, param_index : 65535}
AT-0019.6: RC values good
AT-0019.6: set_parameters: ({})
AT-0019.6: Drained 0 messages from mav (0.000000/s)
AT-0019.6: Disarm motors with MAVLink cmd
AT-0019.6: Sending COMMAND_LONG to (1,1) (MAV_CMD_COMPONENT_ARM_DISARM=400) (p1=0.000000 p2=0.000000 p3=0.000000 p4=0.000000 p5=0.000000 p6=0.000000  p7=0.000000)
AT-0019.6: ACK received: COMMAND_ACK {command : 400, result : 0, progress : 0, result_param2 : 0, target_system : 250, target_component : 250} (0.000000s)
AT-0019.6: Waiting for DISARM
AT-0019.6: AP: Disarming motors
AT-0019.6: Waiting for disarm (0.00s so far of allowed 120.00)
AT-0019.7: DISARMED after 0.00 seconds (allowed=120.00)
AT-0019.7: Drained 0 messages from mav (0.000000/s)
AT-0019.7: set_parameters: ({'ARMING_RUDDER': 2})
AT-0019.7: ARMING_RUDDER want=2.000000 autopilot=None (attempt=1/10)
AT-0019.7: Requesting (ARMING_RUDDER)
AT-0019.7: Received wanted PARAM_VALUE ARMING_RUDDER=1.000000
AT-0019.7: ARMING_RUDDER want=2.000000 autopilot=1.0 (attempt=2/10)
AT-0019.7: Sending set (ARMING_RUDDER) to (2.000000) (old=1.000000)
AT-0019.7: Received wanted PARAM_VALUE ARMING_RUDDER=2.000000
AT-0019.7: ARMING_RUDDER want=2.000000 autopilot=2.0 (attempt=3/10)
AT-0019.7: ARMING_RUDDER is now 2.000000
AT-0019.7: -
AT-0019.7: ---------- Test arming failure with interlock enabled  ----------
AT-0019.7: -
AT-0019.7: AP: RC9: MotorInterlock HIGH
AT-0019.7: RC values good
AT-0019.7: Arm motors with radio
AT-0019.7: Sending param_request_read for (RCMAP_YAW)
AT-0019.7: get_parameter(RCMAP_YAW): PARAM_VALUE {param_id : RCMAP_YAW, param_value : 4.0, param_type : 2, param_count : 1366, param_index : 65535}
AT-0019.7: Sending param_request_read for (RC4_REVERSED)
AT-0019.7: get_parameter(RC4_REVERSED): PARAM_VALUE {param_id : RC4_REVERSED, param_value : 0.0, param_type : 2, param_count : 1366, param_index : 65535}
AT-0019.7: Sending param_request_read for (RC4_MAX)
AT-0019.7: get_parameter(RC4_MAX): PARAM_VALUE {param_id : RC4_MAX, param_value : 2000.0, param_type : 4, param_count : 1366, param_index : 65535}
AT-0019.7: Sending param_request_read for (RC4_MIN)
AT-0019.7: AP: PreArm: Motor Interlock Enabled
AT-0019.7: get_parameter(RC4_MIN): PARAM_VALUE {param_id : RC4_MIN, param_value : 1000.0, param_type : 4, param_count : 1366, param_index : 65535}
AT-0019.7: RC values good
AT-0019.7: Drained 8 messages from mav (15857.482042/s)
AT-0019.7: Not armed after 0.800000 seconds
AT-0019.7: Drained 0 messages from mav (0.000000/s)
AT-0019.7: AP: Arm: Motor Interlock Enabled
AT-0019.8: Not armed after 1.800000 seconds
AT-0019.8: Drained 0 messages from mav (0.000000/s)
AT-0019.8: Not armed after 2.800000 seconds
AT-0019.8: Drained 0 messages from mav (0.000000/s)
AT-0019.8: AP: Arm: Motor Interlock Enabled
AT-0019.8: Not armed after 3.800000 seconds
AT-0019.8: Drained 0 messages from mav (0.000000/s)
AT-0019.8: Not armed after 4.800000 seconds
AT-0019.8: Drained 0 messages from mav (0.000000/s)
AT-0019.8: AP: Arm: Motor Interlock Enabled
AT-0019.8: Not armed after 5.800000 seconds
AT-0019.8: Drained 0 messages from mav (0.000000/s)
AT-0019.8: Not armed after 6.800000 seconds
AT-0019.8: Drained 0 messages from mav (0.000000/s)
AT-0019.9: AP: Arm: Motor Interlock Enabled
AT-0019.9: Not armed after 7.800000 seconds
AT-0019.9: Drained 0 messages from mav (0.000000/s)
AT-0019.9: Not armed after 8.800000 seconds
AT-0019.9: Drained 0 messages from mav (0.000000/s)
AT-0019.9: AP: Arm: Motor Interlock Enabled
AT-0019.9: Not armed after 9.800000 seconds
AT-0019.9: Drained 0 messages from mav (0.000000/s)
AT-0019.9: Not armed after 10.800000 seconds
AT-0019.9: Drained 0 messages from mav (0.000000/s)
AT-0019.9: AP: Arm: Motor Interlock Enabled
AT-0019.9: Not armed after 11.800000 seconds
AT-0019.9: Drained 0 messages from mav (0.000000/s)
AT-0020.0: Not armed after 12.800000 seconds
AT-0020.0: Drained 0 messages from mav (0.000000/s)
AT-0020.0: AP: Arm: Motor Interlock Enabled
AT-0020.0: Not armed after 13.800000 seconds
AT-0020.0: Drained 0 messages from mav (0.000000/s)
AT-0020.0: Not armed after 14.800000 seconds
AT-0020.0: Drained 0 messages from mav (0.000000/s)
AT-0020.0: AP: Arm: Motor Interlock Enabled
AT-0020.0: Not armed after 15.800000 seconds
AT-0020.0: Drained 0 messages from mav (0.000000/s)
AT-0020.0: Not armed after 16.800000 seconds
AT-0020.0: Drained 0 messages from mav (0.000000/s)
AT-0020.0: AP: Arm: Motor Interlock Enabled
AT-0020.0: Not armed after 17.800000 seconds
AT-0020.0: Drained 0 messages from mav (0.000000/s)
AT-0020.1: Not armed after 18.800000 seconds
AT-0020.1: Drained 0 messages from mav (0.000000/s)
AT-0020.1: AP: Arm: Motor Interlock Enabled
AT-0020.1: Not armed after 19.800000 seconds
AT-0020.1: Drained 0 messages from mav (0.000000/s)
AT-0020.1: Not armed after 20.800000 seconds
AT-0020.1: Sending param_request_read for (RCMAP_YAW)
AT-0020.1: get_parameter(RCMAP_YAW): PARAM_VALUE {param_id : RCMAP_YAW, param_value : 4.0, param_type : 2, param_count : 1366, param_index : 65535}
AT-0020.1: Sending param_request_read for (RC4_TRIM)
AT-0020.1: get_parameter(RC4_TRIM): PARAM_VALUE {param_id : RC4_TRIM, param_value : 1500.0, param_type : 4, param_count : 1366, param_index : 65535}
AT-0020.1: RC values good
AT-0020.1: Drained 15 messages from mav (24151.462572/s)
AT-0020.1: Arm motors with switch 7
AT-0020.1: AP: Arm: Motor Interlock Enabled
AT-0020.1: RC values good
AT-0020.1: Drained 8 messages from mav (42048.160401/s)
AT-0020.1: Drained 0 messages from mav (0.000000/s)
AT-0020.2: Drained 0 messages from mav (0.000000/s)
AT-0020.2: Drained 0 messages from mav (0.000000/s)
AT-0020.2: Drained 0 messages from mav (0.000000/s)
AT-0020.2: Drained 0 messages from mav (0.000000/s)
AT-0020.2: Drained 0 messages from mav (0.000000/s)
AT-0020.2: Drained 0 messages from mav (0.000000/s)
AT-0020.3: Drained 0 messages from mav (0.000000/s)
AT-0020.3: AP: PreArm: Motor Interlock Enabled
AT-0020.3: Drained 0 messages from mav (0.000000/s)
AT-0020.3: Drained 0 messages from mav (0.000000/s)
AT-0020.3: Drained 0 messages from mav (0.000000/s)
AT-0020.3: Drained 0 messages from mav (0.000000/s)
AT-0020.4: Drained 0 messages from mav (0.000000/s)
AT-0020.4: Drained 0 messages from mav (0.000000/s)
AT-0020.4: Drained 0 messages from mav (0.000000/s)
AT-0020.4: Drained 0 messages from mav (0.000000/s)
AT-0020.4: Drained 0 messages from mav (0.000000/s)
AT-0020.4: Drained 0 messages from mav (0.000000/s)
AT-0020.5: Drained 0 messages from mav (0.000000/s)
AT-0020.5: Drained 0 messages from mav (0.000000/s)
AT-0020.5: Drained 0 messages from mav (0.000000/s)
AT-0020.5: Disarm motors with MAVLink cmd
AT-0020.5: Sending COMMAND_LONG to (1,1) (MAV_CMD_COMPONENT_ARM_DISARM=400) (p1=0.000000 p2=0.000000 p3=0.000000 p4=0.000000 p5=0.000000 p6=0.000000  p7=0.000000)
AT-0020.5: ACK received: COMMAND_ACK {command : 400, result : 0, progress : 0, result_param2 : 0, target_system : 250, target_component : 250} (0.000000s)
AT-0020.5: Waiting for DISARM
AT-0020.5: Waiting for disarm (0.00s so far of allowed 120.00)
AT-0020.5: DISARMED after 0.00 seconds (allowed=120.00)
AT-0020.5: Drained 0 messages from mav (0.000000/s)
AT-0020.6: RC values good
AT-0020.6: AP: RC9: MotorInterlock LOW
AT-0020.6: RC values good
AT-0020.6: RC values good
AT-0020.6: -
AT-0020.6: ---------- Test all mode arming  ----------
AT-0020.6: -
AT-0020.6: Waiting for ready to arm
AT-0020.6: Sending param_request_read for (AHRS_EKF_TYPE)
AT-0020.6: get_parameter(AHRS_EKF_TYPE): PARAM_VALUE {param_id : AHRS_EKF_TYPE, param_value : 3.0, param_type : 2, param_count : 1366, param_index : 65535}
AT-0020.6: Waiting for EKF value 831
AT-0020.6: Want=831 got=831 errors=0
AT-0020.6: EKF Flags OK
AT-0020.6: Waiting for GPS health
AT-0020.6: GPS healthy after 0.000000/30.000000 seconds
AT-0020.6: Polled home position (HOME_POSITION {latitude : -353629379, longitude : 1491650851, altitude : 584080, x : 0.011131884530186653, y : 0.009078077971935272, z : 0.009999999776482582, q : [nan, nan, nan, nan], approach_x : 0.0, approach_y : 0.0, approach_z : 0.0, time_usec : 265607048})
AT-0020.6: Doing timesync roundtrip
AT-0020.6: Received: TIMESYNC {tc1 : 265797896000, ts1 : 208250}
AT-0020.6: Received TIMESYNC response after 0.000000s
AT-0020.6: Took 2 seconds to become armable
AT-0020.6: -
AT-0020.6: ---------- Mode : STABILIZE  ----------
AT-0020.6: -
AT-0020.6: Armable mode : STABILIZE
AT-0020.6: Drained 0 messages from mav (0.000000/s)
AT-0020.6: Changing mode to STABILIZE
AT-0020.6: Sending COMMAND_LONG to (1,1) (MAV_CMD_DO_SET_MODE=176) (p1=1.000000 p2=0.000000 p3=0.000000 p4=0.000000 p5=0.000000 p6=0.000000  p7=0.000000)
AT-0020.7: Got mode STABILIZE
AT-0020.7: Arm motors with MAVLink cmd
AT-0020.7: Sending COMMAND_LONG to (1,1) (MAV_CMD_COMPONENT_ARM_DISARM=400) (p1=1.000000 p2=0.000000 p3=0.000000 p4=0.000000 p5=0.000000 p6=0.000000  p7=0.000000)
AT-0020.7: ACK received: COMMAND_ACK {command : 400, result : 0, progress : 0, result_param2 : 0, target_system : 250, target_component : 250} (0.000000s)
AT-0020.7: AP: Arming motors
AT-0020.7: Motors ARMED
AT-0020.7: Disarm motors with MAVLink cmd
AT-0020.7: Sending COMMAND_LONG to (1,1) (MAV_CMD_COMPONENT_ARM_DISARM=400) (p1=0.000000 p2=0.000000 p3=0.000000 p4=0.000000 p5=0.000000 p6=0.000000  p7=0.000000)
AT-0020.7: ACK received: COMMAND_ACK {command : 400, result : 0, progress : 0, result_param2 : 0, target_system : 250, target_component : 250} (0.000000s)
AT-0020.7: Waiting for DISARM
AT-0020.7: AP: Disarming motors
AT-0020.7: Waiting for disarm (0.00s so far of allowed 120.00)
AT-0020.7: DISARMED after 0.00 seconds (allowed=120.00)
AT-0020.7: PASS arm mode : STABILIZE
AT-0020.7: -
AT-0020.7: ---------- Mode : ACRO  ----------
AT-0020.7: -
AT-0020.7: Armable mode : ACRO
AT-0020.7: Drained 0 messages from mav (0.000000/s)
AT-0020.7: Changing mode to ACRO
AT-0020.7: Sending COMMAND_LONG to (1,1) (MAV_CMD_DO_SET_MODE=176) (p1=1.000000 p2=1.000000 p3=0.000000 p4=0.000000 p5=0.000000 p6=0.000000  p7=0.000000)
AT-0020.7: Got mode ACRO
AT-0020.7: Arm motors with MAVLink cmd
AT-0020.7: Sending COMMAND_LONG to (1,1) (MAV_CMD_COMPONENT_ARM_DISARM=400) (p1=1.000000 p2=0.000000 p3=0.000000 p4=0.000000 p5=0.000000 p6=0.000000  p7=0.000000)
AT-0020.7: ACK received: COMMAND_ACK {command : 400, result : 0, progress : 0, result_param2 : 0, target_system : 250, target_component : 250} (0.000000s)
AT-0020.7: AP: Arming motors
AT-0020.7: Motors ARMED
AT-0020.7: Disarm motors with MAVLink cmd
AT-0020.8: Sending COMMAND_LONG to (1,1) (MAV_CMD_COMPONENT_ARM_DISARM=400) (p1=0.000000 p2=0.000000 p3=0.000000 p4=0.000000 p5=0.000000 p6=0.000000  p7=0.000000)
AT-0020.8: ACK received: COMMAND_ACK {command : 400, result : 0, progress : 0, result_param2 : 0, target_system : 250, target_component : 250} (0.000000s)
AT-0020.8: Waiting for DISARM
AT-0020.8: AP: Disarming motors
AT-0020.8: Waiting for disarm (0.00s so far of allowed 120.00)
AT-0020.8: DISARMED after 0.00 seconds (allowed=120.00)
AT-0020.8: PASS arm mode : ACRO
AT-0020.8: -
AT-0020.8: ---------- Mode : ALT_HOLD  ----------
AT-0020.8: -
AT-0020.8: Armable mode : ALT_HOLD
AT-0020.8: Drained 0 messages from mav (0.000000/s)
AT-0020.8: Changing mode to ALT_HOLD
AT-0020.8: Sending COMMAND_LONG to (1,1) (MAV_CMD_DO_SET_MODE=176) (p1=1.000000 p2=2.000000 p3=0.000000 p4=0.000000 p5=0.000000 p6=0.000000  p7=0.000000)
AT-0020.8: Got mode ALT_HOLD
AT-0020.8: Arm motors with MAVLink cmd
AT-0020.8: Sending COMMAND_LONG to (1,1) (MAV_CMD_COMPONENT_ARM_DISARM=400) (p1=1.000000 p2=0.000000 p3=0.000000 p4=0.000000 p5=0.000000 p6=0.000000  p7=0.000000)
AT-0020.8: ACK received: COMMAND_ACK {command : 400, result : 0, progress : 0, result_param2 : 0, target_system : 250, target_component : 250} (0.000000s)
AT-0020.8: AP: Arming motors
AT-0020.8: Motors ARMED
AT-0020.8: Disarm motors with MAVLink cmd
AT-0020.8: Sending COMMAND_LONG to (1,1) (MAV_CMD_COMPONENT_ARM_DISARM=400) (p1=0.000000 p2=0.000000 p3=0.000000 p4=0.000000 p5=0.000000 p6=0.000000  p7=0.000000)
AT-0020.8: ACK received: COMMAND_ACK {command : 400, result : 0, progress : 0, result_param2 : 0, target_system : 250, target_component : 250} (0.000000s)
AT-0020.8: Waiting for DISARM
AT-0020.8: AP: Disarming motors
AT-0020.8: Waiting for disarm (0.00s so far of allowed 120.00)
AT-0020.8: DISARMED after 0.00 seconds (allowed=120.00)
AT-0020.8: PASS arm mode : ALT_HOLD
AT-0020.8: -
AT-0020.8: ---------- Mode : AUTO  ----------
AT-0020.8: -
AT-0020.8: Not armable mode : AUTO
AT-0020.8: Drained 0 messages from mav (0.000000/s)
AT-0020.9: Changing mode to AUTO
AT-0020.9: Sending COMMAND_LONG to (1,1) (MAV_CMD_DO_SET_MODE=176) (p1=1.000000 p2=3.000000 p3=0.000000 p4=0.000000 p5=0.000000 p6=0.000000  p7=0.000000)
AT-0020.9: Got mode AUTO
AT-0020.9: Sending COMMAND_LONG to (1,1) (MAV_CMD_COMPONENT_ARM_DISARM=400) (p1=1.000000 p2=0.000000 p3=0.000000 p4=0.000000 p5=0.000000 p6=0.000000  p7=0.000000)
AT-0020.9: ACK received: COMMAND_ACK {command : 400, result : 4, progress : 0, result_param2 : 0, target_system : 250, target_component : 250} (0.000000s)
AT-0020.9: PASS not able to arm in mode : AUTO
AT-0020.9: AP: Arm: Mode requires mission
AT-0020.9: -
AT-0020.9: ---------- Mode : GUIDED  ----------
AT-0020.9: -
AT-0020.9: Armable mode needing Position : GUIDED
AT-0020.9: Sending param_request_read for (AHRS_EKF_TYPE)
AT-0020.9: get_parameter(AHRS_EKF_TYPE): PARAM_VALUE {param_id : AHRS_EKF_TYPE, param_value : 3.0, param_type : 2, param_count : 1366, param_index : 65535}
AT-0020.9: Waiting for EKF value 831
AT-0020.9: Want=831 got=831 errors=0
AT-0020.9: EKF Flags OK
AT-0020.9: Drained 4 messages from mav (21103.416352/s)
AT-0020.9: Changing mode to GUIDED
AT-0020.9: Sending COMMAND_LONG to (1,1) (MAV_CMD_DO_SET_MODE=176) (p1=1.000000 p2=4.000000 p3=0.000000 p4=0.000000 p5=0.000000 p6=0.000000  p7=0.000000)
AT-0020.9: Got mode GUIDED
AT-0020.9: Arm motors with MAVLink cmd
AT-0020.9: Sending COMMAND_LONG to (1,1) (MAV_CMD_COMPONENT_ARM_DISARM=400) (p1=1.000000 p2=0.000000 p3=0.000000 p4=0.000000 p5=0.000000 p6=0.000000  p7=0.000000)
AT-0020.9: ACK received: COMMAND_ACK {command : 400, result : 0, progress : 0, result_param2 : 0, target_system : 250, target_component : 250} (0.000000s)
AT-0020.9: AP: Arming motors
AT-0020.9: Motors ARMED
AT-0020.9: Drained 0 messages from mav (0.000000/s)
AT-0021.0: Disarm motors with MAVLink cmd
AT-0021.0: Sending COMMAND_LONG to (1,1) (MAV_CMD_COMPONENT_ARM_DISARM=400) (p1=0.000000 p2=0.000000 p3=0.000000 p4=0.000000 p5=0.000000 p6=0.000000  p7=0.000000)
AT-0021.0: ACK received: COMMAND_ACK {command : 400, result : 0, progress : 0, result_param2 : 0, target_system : 250, target_component : 250} (0.000000s)
AT-0021.0: Waiting for DISARM
AT-0021.0: AP: Disarming motors
AT-0021.0: Waiting for disarm (0.00s so far of allowed 120.00)
AT-0021.0: DISARMED after 0.00 seconds (allowed=120.00)
AT-0021.0: PASS arm mode : GUIDED
AT-0021.0: Not armable mode without Position : GUIDED
AT-0021.0: set_parameters: ({'SIM_GPS1_ENABLE': 0})
AT-0021.0: SIM_GPS1_ENABLE want=0.000000 autopilot=None (attempt=1/10)
AT-0021.0: Requesting (SIM_GPS1_ENABLE)
AT-0021.0: Received wanted PARAM_VALUE SIM_GPS1_ENABLE=1.000000
AT-0021.0: SIM_GPS1_ENABLE want=0.000000 autopilot=1.0 (attempt=2/10)
AT-0021.0: Sending set (SIM_GPS1_ENABLE) to (0.000000) (old=1.000000)
AT-0021.0: Received wanted PARAM_VALUE SIM_GPS1_ENABLE=0.000000
AT-0021.0: SIM_GPS1_ENABLE want=0.000000 autopilot=0.0 (attempt=3/10)
AT-0021.0: SIM_GPS1_ENABLE is now 0.000000
AT-0021.0: Sending param_request_read for (AHRS_EKF_TYPE)
AT-0021.0: get_parameter(AHRS_EKF_TYPE): PARAM_VALUE {param_id : AHRS_EKF_TYPE, param_value : 3.0, param_type : 2, param_count : 1345, param_index : 65535}
AT-0021.0: Waiting for EKF not having bits 8
AT-0021.0: Wait EKF.flags: not required:8 current:831
AT-0021.0: Wait EKF.flags: not required:8 current:831
AT-0021.0: Wait EKF.flags: not required:8 current:831
AT-0021.0: AP: PreArm: GPS 1: Bad fix
AT-0021.1: Wait EKF.flags: not required:8 current:831
AT-0021.1: Wait EKF.flags: not required:8 current:831
AT-0021.1: Wait EKF.flags: not required:8 current:831
AT-0021.1: GPS disable OK
AT-0021.1: Drained 4 messages from mav (29589.446208/s)
AT-0021.1: Changing mode to GUIDED
AT-0021.1: Sending COMMAND_LONG to (1,1) (MAV_CMD_DO_SET_MODE=176) (p1=1.000000 p2=4.000000 p3=0.000000 p4=0.000000 p5=0.000000 p6=0.000000  p7=0.000000)
AT-0021.1: AP: EKF variance
AT-0021.2: Got mode GUIDED
AT-0021.2: Sending COMMAND_LONG to (1,1) (MAV_CMD_COMPONENT_ARM_DISARM=400) (p1=1.000000 p2=0.000000 p3=0.000000 p4=0.000000 p5=0.000000 p6=0.000000  p7=0.000000)
AT-0021.2: ACK received: COMMAND_ACK {command : 400, result : 4, progress : 0, result_param2 : 0, target_system : 250, target_component : 250} (0.000000s)
AT-0021.2: set_parameters: ({'SIM_GPS1_ENABLE': 1})
AT-0021.2: AP: Arm: GPS 1: Bad fix
AT-0021.2: SIM_GPS1_ENABLE want=1.000000 autopilot=None (attempt=1/10)
AT-0021.2: Requesting (SIM_GPS1_ENABLE)
AT-0021.2: Received wanted PARAM_VALUE SIM_GPS1_ENABLE=0.000000
AT-0021.2: SIM_GPS1_ENABLE want=1.000000 autopilot=0.0 (attempt=2/10)
AT-0021.2: Sending set (SIM_GPS1_ENABLE) to (1.000000) (old=0.000000)
AT-0021.2: Received wanted PARAM_VALUE SIM_GPS1_ENABLE=1.000000
AT-0021.2: SIM_GPS1_ENABLE want=1.000000 autopilot=1.0 (attempt=3/10)
AT-0021.2: SIM_GPS1_ENABLE is now 1.000000
AT-0021.2: Sending param_request_read for (AHRS_EKF_TYPE)
AT-0021.2: get_parameter(AHRS_EKF_TYPE): PARAM_VALUE {param_id : AHRS_EKF_TYPE, param_value : 3.0, param_type : 2, param_count : 1366, param_index : 65535}
AT-0021.2: Waiting for EKF value 831
AT-0021.2: Want=831 got=831 errors=0
AT-0021.2: EKF Flags OK
AT-0021.2: PASS not able to arm without Position in mode : GUIDED
AT-0021.2: -
AT-0021.2: ---------- Mode : LOITER  ----------
AT-0021.2: -
AT-0021.2: Armable mode needing Position : LOITER
AT-0021.2: Sending param_request_read for (AHRS_EKF_TYPE)
AT-0021.2: get_parameter(AHRS_EKF_TYPE): PARAM_VALUE {param_id : AHRS_EKF_TYPE, param_value : 3.0, param_type : 2, param_count : 1366, param_index : 65535}
AT-0021.2: Waiting for EKF value 831
AT-0021.2: Want=831 got=831 errors=0
AT-0021.2: EKF Flags OK
AT-0021.2: Drained 4 messages from mav (24855.134815/s)
AT-0021.2: Changing mode to LOITER
AT-0021.2: Sending COMMAND_LONG to (1,1) (MAV_CMD_DO_SET_MODE=176) (p1=1.000000 p2=5.000000 p3=0.000000 p4=0.000000 p5=0.000000 p6=0.000000  p7=0.000000)
AT-0021.2: Got mode LOITER
AT-0021.2: Arm motors with MAVLink cmd
AT-0021.2: Sending COMMAND_LONG to (1,1) (MAV_CMD_COMPONENT_ARM_DISARM=400) (p1=1.000000 p2=0.000000 p3=0.000000 p4=0.000000 p5=0.000000 p6=0.000000  p7=0.000000)
AT-0021.2: ACK received: COMMAND_ACK {command : 400, result : 0, progress : 0, result_param2 : 0, target_system : 250, target_component : 250} (0.000000s)
AT-0021.2: AP: Arming motors
AT-0021.2: Motors ARMED
AT-0021.2: Drained 0 messages from mav (0.000000/s)
AT-0021.3: Disarm motors with MAVLink cmd
AT-0021.3: Sending COMMAND_LONG to (1,1) (MAV_CMD_COMPONENT_ARM_DISARM=400) (p1=0.000000 p2=0.000000 p3=0.000000 p4=0.000000 p5=0.000000 p6=0.000000  p7=0.000000)
AT-0021.3: ACK received: COMMAND_ACK {command : 400, result : 0, progress : 0, result_param2 : 0, target_system : 250, target_component : 250} (0.000000s)
AT-0021.3: Waiting for DISARM
AT-0021.3: AP: Disarming motors
AT-0021.3: Waiting for disarm (0.00s so far of allowed 120.00)
AT-0021.3: DISARMED after 0.00 seconds (allowed=120.00)
AT-0021.3: PASS arm mode : LOITER
AT-0021.3: Not armable mode without Position : LOITER
AT-0021.3: set_parameters: ({'SIM_GPS1_ENABLE': 0})
AT-0021.3: SIM_GPS1_ENABLE want=0.000000 autopilot=None (attempt=1/10)
AT-0021.3: Requesting (SIM_GPS1_ENABLE)
AT-0021.3: Received wanted PARAM_VALUE SIM_GPS1_ENABLE=1.000000
AT-0021.3: SIM_GPS1_ENABLE want=0.000000 autopilot=1.0 (attempt=2/10)
AT-0021.3: Sending set (SIM_GPS1_ENABLE) to (0.000000) (old=1.000000)
AT-0021.3: Received wanted PARAM_VALUE SIM_GPS1_ENABLE=0.000000
AT-0021.3: SIM_GPS1_ENABLE want=0.000000 autopilot=0.0 (attempt=3/10)
AT-0021.3: SIM_GPS1_ENABLE is now 0.000000
AT-0021.3: Sending param_request_read for (AHRS_EKF_TYPE)
AT-0021.3: get_parameter(AHRS_EKF_TYPE): PARAM_VALUE {param_id : AHRS_EKF_TYPE, param_value : 3.0, param_type : 2, param_count : 1345, param_index : 65535}
AT-0021.3: Waiting for EKF not having bits 8
AT-0021.3: Wait EKF.flags: not required:8 current:831
AT-0021.3: Wait EKF.flags: not required:8 current:831
AT-0021.3: AP: PreArm: GPS 1: Bad fix
AT-0021.3: Wait EKF.flags: not required:8 current:831
AT-0021.4: Wait EKF.flags: not required:8 current:831
AT-0021.4: Wait EKF.flags: not required:8 current:831
AT-0021.4: Wait EKF.flags: not required:8 current:831
AT-0021.4: GPS disable OK
AT-0021.4: Drained 4 messages from mav (29485.441125/s)
AT-0021.4: Changing mode to LOITER
AT-0021.4: Sending COMMAND_LONG to (1,1) (MAV_CMD_DO_SET_MODE=176) (p1=1.000000 p2=5.000000 p3=0.000000 p4=0.000000 p5=0.000000 p6=0.000000  p7=0.000000)
AT-0021.4: Got mode LOITER
AT-0021.4: Sending COMMAND_LONG to (1,1) (MAV_CMD_COMPONENT_ARM_DISARM=400) (p1=1.000000 p2=0.000000 p3=0.000000 p4=0.000000 p5=0.000000 p6=0.000000  p7=0.000000)
AT-0021.4: ACK received: COMMAND_ACK {command : 400, result : 4, progress : 0, result_param2 : 0, target_system : 250, target_component : 250} (0.000000s)
AT-0021.5: set_parameters: ({'SIM_GPS1_ENABLE': 1})
AT-0021.5: AP: Arm: GPS 1: Bad fix
AT-0021.5: SIM_GPS1_ENABLE want=1.000000 autopilot=None (attempt=1/10)
AT-0021.5: Requesting (SIM_GPS1_ENABLE)
AT-0021.5: Received wanted PARAM_VALUE SIM_GPS1_ENABLE=0.000000
AT-0021.5: SIM_GPS1_ENABLE want=1.000000 autopilot=0.0 (attempt=2/10)
AT-0021.5: Sending set (SIM_GPS1_ENABLE) to (1.000000) (old=0.000000)
AT-0021.5: Received wanted PARAM_VALUE SIM_GPS1_ENABLE=1.000000
AT-0021.5: SIM_GPS1_ENABLE want=1.000000 autopilot=1.0 (attempt=3/10)
AT-0021.5: SIM_GPS1_ENABLE is now 1.000000
AT-0021.5: Sending param_request_read for (AHRS_EKF_TYPE)
AT-0021.5: get_parameter(AHRS_EKF_TYPE): PARAM_VALUE {param_id : AHRS_EKF_TYPE, param_value : 3.0, param_type : 2, param_count : 1366, param_index : 65535}
AT-0021.5: Waiting for EKF value 831
AT-0021.5: Want=831 got=831 errors=0
AT-0021.5: EKF Flags OK
AT-0021.5: PASS not able to arm without Position in mode : LOITER
AT-0021.5: -
AT-0021.5: ---------- Mode : RTL  ----------
AT-0021.5: -
AT-0021.5: Not armable mode : RTL
AT-0021.5: Drained 0 messages from mav (0.000000/s)
AT-0021.5: Changing mode to RTL
AT-0021.5: Sending COMMAND_LONG to (1,1) (MAV_CMD_DO_SET_MODE=176) (p1=1.000000 p2=6.000000 p3=0.000000 p4=0.000000 p5=0.000000 p6=0.000000  p7=0.000000)
AT-0021.5: Got mode RTL
AT-0021.5: Sending COMMAND_LONG to (1,1) (MAV_CMD_COMPONENT_ARM_DISARM=400) (p1=1.000000 p2=0.000000 p3=0.000000 p4=0.000000 p5=0.000000 p6=0.000000  p7=0.000000)
AT-0021.5: ACK received: COMMAND_ACK {command : 400, result : 4, progress : 0, result_param2 : 0, target_system : 250, target_component : 250} (0.000000s)
AT-0021.5: PASS not able to arm in mode : RTL
AT-0021.5: AP: Arm: RTL mode not armable
AT-0021.5: -
AT-0021.5: ---------- Mode : CIRCLE  ----------
AT-0021.5: -
AT-0021.5: Not armable mode : CIRCLE
AT-0021.5: Drained 0 messages from mav (0.000000/s)
AT-0021.5: Changing mode to CIRCLE
AT-0021.5: Sending COMMAND_LONG to (1,1) (MAV_CMD_DO_SET_MODE=176) (p1=1.000000 p2=7.000000 p3=0.000000 p4=0.000000 p5=0.000000 p6=0.000000  p7=0.000000)
AT-0021.5: Got mode CIRCLE
AT-0021.5: Sending COMMAND_LONG to (1,1) (MAV_CMD_COMPONENT_ARM_DISARM=400) (p1=1.000000 p2=0.000000 p3=0.000000 p4=0.000000 p5=0.000000 p6=0.000000  p7=0.000000)
AT-0021.5: ACK received: COMMAND_ACK {command : 400, result : 4, progress : 0, result_param2 : 0, target_system : 250, target_component : 250} (0.000000s)
AT-0021.5: PASS not able to arm in mode : CIRCLE
AT-0021.5: AP: Arm: CIRCLE mode not armable
AT-0021.5: -
AT-0021.5: ---------- Mode : POSITION  ----------
AT-0021.5: -
AT-0021.5: -
AT-0021.5: ---------- Mode : LAND  ----------
AT-0021.5: -
AT-0021.5: Not armable mode : LAND
AT-0021.5: Drained 0 messages from mav (0.000000/s)
AT-0021.5: Changing mode to LAND
AT-0021.5: Sending COMMAND_LONG to (1,1) (MAV_CMD_DO_SET_MODE=176) (p1=1.000000 p2=9.000000 p3=0.000000 p4=0.000000 p5=0.000000 p6=0.000000  p7=0.000000)
AT-0021.6: Got mode LAND
AT-0021.6: Sending COMMAND_LONG to (1,1) (MAV_CMD_COMPONENT_ARM_DISARM=400) (p1=1.000000 p2=0.000000 p3=0.000000 p4=0.000000 p5=0.000000 p6=0.000000  p7=0.000000)
AT-0021.6: ACK received: COMMAND_ACK {command : 400, result : 4, progress : 0, result_param2 : 0, target_system : 250, target_component : 250} (0.000000s)
AT-0021.6: PASS not able to arm in mode : LAND
AT-0021.6: AP: Arm: LAND mode not armable
AT-0021.6: -
AT-0021.6: ---------- Mode : OF_LOITER  ----------
AT-0021.6: -
AT-0021.6: -
AT-0021.6: ---------- Mode : DRIFT  ----------
AT-0021.6: -
AT-0021.6: Armable mode needing Position : DRIFT
AT-0021.6: Sending param_request_read for (AHRS_EKF_TYPE)
AT-0021.6: get_parameter(AHRS_EKF_TYPE): PARAM_VALUE {param_id : AHRS_EKF_TYPE, param_value : 3.0, param_type : 2, param_count : 1366, param_index : 65535}
AT-0021.6: Waiting for EKF value 831
AT-0021.6: Want=831 got=831 errors=0
AT-0021.6: EKF Flags OK
AT-0021.6: Drained 4 messages from mav (21509.251282/s)
AT-0021.6: Changing mode to DRIFT
AT-0021.6: Sending COMMAND_LONG to (1,1) (MAV_CMD_DO_SET_MODE=176) (p1=1.000000 p2=11.000000 p3=0.000000 p4=0.000000 p5=0.000000 p6=0.000000  p7=0.000000)
AT-0021.6: Got mode DRIFT
AT-0021.6: Arm motors with MAVLink cmd
AT-0021.6: Sending COMMAND_LONG to (1,1) (MAV_CMD_COMPONENT_ARM_DISARM=400) (p1=1.000000 p2=0.000000 p3=0.000000 p4=0.000000 p5=0.000000 p6=0.000000  p7=0.000000)
AT-0021.6: ACK received: COMMAND_ACK {command : 400, result : 0, progress : 0, result_param2 : 0, target_system : 250, target_component : 250} (0.000000s)
AT-0021.6: AP: Arming motors
AT-0021.6: Motors ARMED
AT-0021.6: Drained 0 messages from mav (0.000000/s)
AT-0021.6: Disarm motors with MAVLink cmd
AT-0021.6: Sending COMMAND_LONG to (1,1) (MAV_CMD_COMPONENT_ARM_DISARM=400) (p1=0.000000 p2=0.000000 p3=0.000000 p4=0.000000 p5=0.000000 p6=0.000000  p7=0.000000)
AT-0021.6: ACK received: COMMAND_ACK {command : 400, result : 0, progress : 0, result_param2 : 0, target_system : 250, target_component : 250} (0.000000s)
AT-0021.6: Waiting for DISARM
AT-0021.6: AP: Disarming motors
AT-0021.6: Waiting for disarm (0.00s so far of allowed 120.00)
AT-0021.7: DISARMED after 0.00 seconds (allowed=120.00)
AT-0021.7: PASS arm mode : DRIFT
AT-0021.7: Not armable mode without Position : DRIFT
AT-0021.7: set_parameters: ({'SIM_GPS1_ENABLE': 0})
AT-0021.7: SIM_GPS1_ENABLE want=0.000000 autopilot=None (attempt=1/10)
AT-0021.7: Requesting (SIM_GPS1_ENABLE)
AT-0021.7: Received wanted PARAM_VALUE SIM_GPS1_ENABLE=1.000000
AT-0021.7: SIM_GPS1_ENABLE want=0.000000 autopilot=1.0 (attempt=2/10)
AT-0021.7: Sending set (SIM_GPS1_ENABLE) to (0.000000) (old=1.000000)
AT-0021.7: Received wanted PARAM_VALUE SIM_GPS1_ENABLE=0.000000
AT-0021.7: SIM_GPS1_ENABLE want=0.000000 autopilot=0.0 (attempt=3/10)
AT-0021.7: SIM_GPS1_ENABLE is now 0.000000
AT-0021.7: Sending param_request_read for (AHRS_EKF_TYPE)
AT-0021.7: get_parameter(AHRS_EKF_TYPE): PARAM_VALUE {param_id : AHRS_EKF_TYPE, param_value : 3.0, param_type : 2, param_count : 1345, param_index : 65535}
AT-0021.7: Waiting for EKF not having bits 8
AT-0021.7: Wait EKF.flags: not required:8 current:831
AT-0021.7: Wait EKF.flags: not required:8 current:831
AT-0021.7: AP: PreArm: GPS 1: Bad fix
AT-0021.7: Wait EKF.flags: not required:8 current:831
AT-0021.7: Wait EKF.flags: not required:8 current:831
AT-0021.8: Wait EKF.flags: not required:8 current:831
AT-0021.8: Wait EKF.flags: not required:8 current:831
AT-0021.8: GPS disable OK
AT-0021.8: Drained 4 messages from mav (13640.013008/s)
AT-0021.8: Changing mode to DRIFT
AT-0021.8: Sending COMMAND_LONG to (1,1) (MAV_CMD_DO_SET_MODE=176) (p1=1.000000 p2=11.000000 p3=0.000000 p4=0.000000 p5=0.000000 p6=0.000000  p7=0.000000)
AT-0021.8: AP: EKF variance
AT-0021.8: Got mode DRIFT
AT-0021.8: Sending COMMAND_LONG to (1,1) (MAV_CMD_COMPONENT_ARM_DISARM=400) (p1=1.000000 p2=0.000000 p3=0.000000 p4=0.000000 p5=0.000000 p6=0.000000  p7=0.000000)
AT-0021.8: ACK received: COMMAND_ACK {command : 400, result : 4, progress : 0, result_param2 : 0, target_system : 250, target_component : 250} (0.000000s)
AT-0021.8: set_parameters: ({'SIM_GPS1_ENABLE': 1})
AT-0021.8: AP: Arm: GPS 1: Bad fix
AT-0021.8: SIM_GPS1_ENABLE want=1.000000 autopilot=None (attempt=1/10)
AT-0021.8: Requesting (SIM_GPS1_ENABLE)
AT-0021.8: Received wanted PARAM_VALUE SIM_GPS1_ENABLE=0.000000
AT-0021.8: SIM_GPS1_ENABLE want=1.000000 autopilot=0.0 (attempt=2/10)
AT-0021.8: Sending set (SIM_GPS1_ENABLE) to (1.000000) (old=0.000000)
AT-0021.8: Received wanted PARAM_VALUE SIM_GPS1_ENABLE=1.000000
AT-0021.8: SIM_GPS1_ENABLE want=1.000000 autopilot=1.0 (attempt=3/10)
AT-0021.8: SIM_GPS1_ENABLE is now 1.000000
AT-0021.8: Sending param_request_read for (AHRS_EKF_TYPE)
AT-0021.8: get_parameter(AHRS_EKF_TYPE): PARAM_VALUE {param_id : AHRS_EKF_TYPE, param_value : 3.0, param_type : 2, param_count : 1366, param_index : 65535}
AT-0021.8: Waiting for EKF value 831
AT-0021.8: Want=831 got=831 errors=0
AT-0021.8: EKF Flags OK
AT-0021.8: PASS not able to arm without Position in mode : DRIFT
AT-0021.8: -
AT-0021.8: ---------- Mode : SPORT  ----------
AT-0021.8: -
AT-0021.8: -
AT-0021.8: ---------- Mode : FLIP  ----------
AT-0021.8: -
AT-0021.8: Not settable mode : FLIP
AT-0021.8: Drained 0 messages from mav (0.000000/s)
AT-0021.9: Changing mode to FLIP
AT-0021.9: Sending COMMAND_LONG to (1,1) (MAV_CMD_DO_SET_MODE=176) (p1=1.000000 p2=14.000000 p3=0.000000 p4=0.000000 p5=0.000000 p6=0.000000  p7=0.000000)
AT-0021.9: AP: Mode change to FLIP failed: init failed
AT-0021.9: mav.flightmode=DRIFT Want=FLIP custom=11
AT-0021.9: Sending COMMAND_LONG to (1,1) (MAV_CMD_DO_SET_MODE=176) (p1=1.000000 p2=14.000000 p3=0.000000 p4=0.000000 p5=0.000000 p6=0.000000  p7=0.000000)
AT-0021.9: AP: Mode change to FLIP failed: init failed
AT-0021.9: mav.flightmode=DRIFT Want=FLIP custom=11
AT-0021.9: Sending COMMAND_LONG to (1,1) (MAV_CMD_DO_SET_MODE=176) (p1=1.000000 p2=14.000000 p3=0.000000 p4=0.000000 p5=0.000000 p6=0.000000  p7=0.000000)
AT-0021.9: AP: Mode change to FLIP failed: init failed
AT-0021.9: mav.flightmode=DRIFT Want=FLIP custom=11
AT-0021.9: Sending COMMAND_LONG to (1,1) (MAV_CMD_DO_SET_MODE=176) (p1=1.000000 p2=14.000000 p3=0.000000 p4=0.000000 p5=0.000000 p6=0.000000  p7=0.000000)
AT-0021.9: AP: Mode change to FLIP failed: init failed
AT-0021.9: mav.flightmode=DRIFT Want=FLIP custom=11
AT-0021.9: Sending COMMAND_LONG to (1,1) (MAV_CMD_DO_SET_MODE=176) (p1=1.000000 p2=14.000000 p3=0.000000 p4=0.000000 p5=0.000000 p6=0.000000  p7=0.000000)
AT-0021.9: AP: Mode change to FLIP failed: init failed
AT-0022.0: mav.flightmode=DRIFT Want=FLIP custom=11
AT-0022.0: Sending COMMAND_LONG to (1,1) (MAV_CMD_DO_SET_MODE=176) (p1=1.000000 p2=14.000000 p3=0.000000 p4=0.000000 p5=0.000000 p6=0.000000  p7=0.000000)
AT-0022.0: AP: Mode change to FLIP failed: init failed
AT-0022.0: mav.flightmode=DRIFT Want=FLIP custom=11
AT-0022.0: Sending COMMAND_LONG to (1,1) (MAV_CMD_DO_SET_MODE=176) (p1=1.000000 p2=14.000000 p3=0.000000 p4=0.000000 p5=0.000000 p6=0.000000  p7=0.000000)
AT-0022.0: AP: Mode change to FLIP failed: init failed
AT-0022.0: mav.flightmode=DRIFT Want=FLIP custom=11
AT-0022.0: Sending COMMAND_LONG to (1,1) (MAV_CMD_DO_SET_MODE=176) (p1=1.000000 p2=14.000000 p3=0.000000 p4=0.000000 p5=0.000000 p6=0.000000  p7=0.000000)
AT-0022.0: AP: Mode change to FLIP failed: init failed
AT-0022.0: mav.flightmode=DRIFT Want=FLIP custom=11
AT-0022.0: Sending COMMAND_LONG to (1,1) (MAV_CMD_DO_SET_MODE=176) (p1=1.000000 p2=14.000000 p3=0.000000 p4=0.000000 p5=0.000000 p6=0.000000  p7=0.000000)
AT-0022.0: AP: Mode change to FLIP failed: init failed
AT-0022.0: mav.flightmode=DRIFT Want=FLIP custom=11
AT-0022.0: Sending COMMAND_LONG to (1,1) (MAV_CMD_DO_SET_MODE=176) (p1=1.000000 p2=14.000000 p3=0.000000 p4=0.000000 p5=0.000000 p6=0.000000  p7=0.000000)
AT-0022.0: AP: Mode change to FLIP failed: init failed
AT-0022.1: mav.flightmode=DRIFT Want=FLIP custom=11
AT-0022.1: Sending COMMAND_LONG to (1,1) (MAV_CMD_DO_SET_MODE=176) (p1=1.000000 p2=14.000000 p3=0.000000 p4=0.000000 p5=0.000000 p6=0.000000  p7=0.000000)
AT-0022.1: AP: Mode change to FLIP failed: init failed
AT-0022.1: mav.flightmode=DRIFT Want=FLIP custom=11
AT-0022.1: Sending COMMAND_LONG to (1,1) (MAV_CMD_DO_SET_MODE=176) (p1=1.000000 p2=14.000000 p3=0.000000 p4=0.000000 p5=0.000000 p6=0.000000  p7=0.000000)
AT-0022.1: AP: Mode change to FLIP failed: init failed
AT-0022.1: mav.flightmode=DRIFT Want=FLIP custom=11
AT-0022.1: Sending COMMAND_LONG to (1,1) (MAV_CMD_DO_SET_MODE=176) (p1=1.000000 p2=14.000000 p3=0.000000 p4=0.000000 p5=0.000000 p6=0.000000  p7=0.000000)
AT-0022.1: AP: Mode change to FLIP failed: init failed
AT-0022.1: mav.flightmode=DRIFT Want=FLIP custom=11
AT-0022.1: Sending COMMAND_LONG to (1,1) (MAV_CMD_DO_SET_MODE=176) (p1=1.000000 p2=14.000000 p3=0.000000 p4=0.000000 p5=0.000000 p6=0.000000  p7=0.000000)
AT-0022.1: AP: Mode change to FLIP failed: init failed
AT-0022.1: mav.flightmode=DRIFT Want=FLIP custom=11
AT-0022.1: Sending COMMAND_LONG to (1,1) (MAV_CMD_DO_SET_MODE=176) (p1=1.000000 p2=14.000000 p3=0.000000 p4=0.000000 p5=0.000000 p6=0.000000  p7=0.000000)
AT-0022.1: AP: Mode change to FLIP failed: init failed
AT-0022.2: mav.flightmode=DRIFT Want=FLIP custom=11
AT-0022.2: Sending COMMAND_LONG to (1,1) (MAV_CMD_DO_SET_MODE=176) (p1=1.000000 p2=14.000000 p3=0.000000 p4=0.000000 p5=0.000000 p6=0.000000  p7=0.000000)
AT-0022.2: AP: Mode change to FLIP failed: init failed
AT-0022.2: mav.flightmode=DRIFT Want=FLIP custom=11
AT-0022.2: PASS not able to set mode : FLIP disarmed
AT-0022.2: PASS not able to arm in mode : FLIP
AT-0022.2: -
AT-0022.2: ---------- Mode : AUTOTUNE  ----------
AT-0022.2: -
AT-0022.2: Not settable mode : AUTOTUNE
AT-0022.2: Drained 0 messages from mav (0.000000/s)
AT-0022.2: Changing mode to AUTOTUNE
AT-0022.2: Sending COMMAND_LONG to (1,1) (MAV_CMD_DO_SET_MODE=176) (p1=1.000000 p2=15.000000 p3=0.000000 p4=0.000000 p5=0.000000 p6=0.000000  p7=0.000000)
AT-0022.2: AP: Mode change to AUTOTUNE failed: init failed
AT-0022.2: mav.flightmode=DRIFT Want=AUTOTUNE custom=11
AT-0022.2: Sending COMMAND_LONG to (1,1) (MAV_CMD_DO_SET_MODE=176) (p1=1.000000 p2=15.000000 p3=0.000000 p4=0.000000 p5=0.000000 p6=0.000000  p7=0.000000)
AT-0022.2: AP: Mode change to AUTOTUNE failed: init failed
AT-0022.2: mav.flightmode=DRIFT Want=AUTOTUNE custom=11
AT-0022.2: Sending COMMAND_LONG to (1,1) (MAV_CMD_DO_SET_MODE=176) (p1=1.000000 p2=15.000000 p3=0.000000 p4=0.000000 p5=0.000000 p6=0.000000  p7=0.000000)
AT-0022.2: AP: Mode change to AUTOTUNE failed: init failed
AT-0022.3: mav.flightmode=DRIFT Want=AUTOTUNE custom=11
AT-0022.3: Sending COMMAND_LONG to (1,1) (MAV_CMD_DO_SET_MODE=176) (p1=1.000000 p2=15.000000 p3=0.000000 p4=0.000000 p5=0.000000 p6=0.000000  p7=0.000000)
AT-0022.3: AP: Mode change to AUTOTUNE failed: init failed
AT-0022.3: mav.flightmode=DRIFT Want=AUTOTUNE custom=11
AT-0022.3: Sending COMMAND_LONG to (1,1) (MAV_CMD_DO_SET_MODE=176) (p1=1.000000 p2=15.000000 p3=0.000000 p4=0.000000 p5=0.000000 p6=0.000000  p7=0.000000)
AT-0022.3: AP: Mode change to AUTOTUNE failed: init failed
AT-0022.3: mav.flightmode=DRIFT Want=AUTOTUNE custom=11
AT-0022.3: Sending COMMAND_LONG to (1,1) (MAV_CMD_DO_SET_MODE=176) (p1=1.000000 p2=15.000000 p3=0.000000 p4=0.000000 p5=0.000000 p6=0.000000  p7=0.000000)
AT-0022.3: AP: Mode change to AUTOTUNE failed: init failed
AT-0022.3: mav.flightmode=DRIFT Want=AUTOTUNE custom=11
AT-0022.3: Sending COMMAND_LONG to (1,1) (MAV_CMD_DO_SET_MODE=176) (p1=1.000000 p2=15.000000 p3=0.000000 p4=0.000000 p5=0.000000 p6=0.000000  p7=0.000000)
AT-0022.3: AP: Mode change to AUTOTUNE failed: init failed
AT-0022.3: mav.flightmode=DRIFT Want=AUTOTUNE custom=11
AT-0022.3: Sending COMMAND_LONG to (1,1) (MAV_CMD_DO_SET_MODE=176) (p1=1.000000 p2=15.000000 p3=0.000000 p4=0.000000 p5=0.000000 p6=0.000000  p7=0.000000)
AT-0022.3: AP: Mode change to AUTOTUNE failed: init failed
AT-0022.4: mav.flightmode=DRIFT Want=AUTOTUNE custom=11
AT-0022.4: Sending COMMAND_LONG to (1,1) (MAV_CMD_DO_SET_MODE=176) (p1=1.000000 p2=15.000000 p3=0.000000 p4=0.000000 p5=0.000000 p6=0.000000  p7=0.000000)
AT-0022.4: AP: Mode change to AUTOTUNE failed: init failed
AT-0022.4: mav.flightmode=DRIFT Want=AUTOTUNE custom=11
AT-0022.4: Sending COMMAND_LONG to (1,1) (MAV_CMD_DO_SET_MODE=176) (p1=1.000000 p2=15.000000 p3=0.000000 p4=0.000000 p5=0.000000 p6=0.000000  p7=0.000000)
AT-0022.4: AP: Mode change to AUTOTUNE failed: init failed
AT-0022.4: mav.flightmode=DRIFT Want=AUTOTUNE custom=11
AT-0022.4: Sending COMMAND_LONG to (1,1) (MAV_CMD_DO_SET_MODE=176) (p1=1.000000 p2=15.000000 p3=0.000000 p4=0.000000 p5=0.000000 p6=0.000000  p7=0.000000)
AT-0022.4: AP: Mode change to AUTOTUNE failed: init failed
AT-0022.4: mav.flightmode=DRIFT Want=AUTOTUNE custom=11
AT-0022.4: Sending COMMAND_LONG to (1,1) (MAV_CMD_DO_SET_MODE=176) (p1=1.000000 p2=15.000000 p3=0.000000 p4=0.000000 p5=0.000000 p6=0.000000  p7=0.000000)
AT-0022.4: AP: Mode change to AUTOTUNE failed: init failed
AT-0022.4: mav.flightmode=DRIFT Want=AUTOTUNE custom=11
AT-0022.4: Sending COMMAND_LONG to (1,1) (MAV_CMD_DO_SET_MODE=176) (p1=1.000000 p2=15.000000 p3=0.000000 p4=0.000000 p5=0.000000 p6=0.000000  p7=0.000000)
AT-0022.4: AP: Mode change to AUTOTUNE failed: init failed
AT-0022.4: mav.flightmode=DRIFT Want=AUTOTUNE custom=11
AT-0022.4: Sending COMMAND_LONG to (1,1) (MAV_CMD_DO_SET_MODE=176) (p1=1.000000 p2=15.000000 p3=0.000000 p4=0.000000 p5=0.000000 p6=0.000000  p7=0.000000)
AT-0022.4: AP: Mode change to AUTOTUNE failed: init failed
AT-0022.5: mav.flightmode=DRIFT Want=AUTOTUNE custom=11
AT-0022.5: Sending COMMAND_LONG to (1,1) (MAV_CMD_DO_SET_MODE=176) (p1=1.000000 p2=15.000000 p3=0.000000 p4=0.000000 p5=0.000000 p6=0.000000  p7=0.000000)
AT-0022.5: AP: Mode change to AUTOTUNE failed: init failed
AT-0022.5: mav.flightmode=DRIFT Want=AUTOTUNE custom=11
AT-0022.5: Sending COMMAND_LONG to (1,1) (MAV_CMD_DO_SET_MODE=176) (p1=1.000000 p2=15.000000 p3=0.000000 p4=0.000000 p5=0.000000 p6=0.000000  p7=0.000000)
AT-0022.5: AP: Mode change to AUTOTUNE failed: init failed
AT-0022.5: mav.flightmode=DRIFT Want=AUTOTUNE custom=11
AT-0022.5: PASS not able to set mode : AUTOTUNE disarmed
AT-0022.5: PASS not able to arm in mode : AUTOTUNE
AT-0022.5: -
AT-0022.5: ---------- Mode : POSHOLD  ----------
AT-0022.5: -
AT-0022.5: Armable mode needing Position : POSHOLD
AT-0022.5: Sending param_request_read for (AHRS_EKF_TYPE)
AT-0022.5: get_parameter(AHRS_EKF_TYPE): PARAM_VALUE {param_id : AHRS_EKF_TYPE, param_value : 3.0, param_type : 2, param_count : 1366, param_index : 65535}
AT-0022.5: Waiting for EKF value 831
AT-0022.5: Want=831 got=831 errors=0
AT-0022.5: EKF Flags OK
AT-0022.5: Drained 4 messages from mav (29799.673179/s)
AT-0022.5: Changing mode to POSHOLD
AT-0022.5: Sending COMMAND_LONG to (1,1) (MAV_CMD_DO_SET_MODE=176) (p1=1.000000 p2=16.000000 p3=0.000000 p4=0.000000 p5=0.000000 p6=0.000000  p7=0.000000)
AT-0022.5: Got mode POSHOLD
AT-0022.5: Arm motors with MAVLink cmd
AT-0022.5: Sending COMMAND_LONG to (1,1) (MAV_CMD_COMPONENT_ARM_DISARM=400) (p1=1.000000 p2=0.000000 p3=0.000000 p4=0.000000 p5=0.000000 p6=0.000000  p7=0.000000)
AT-0022.5: ACK received: COMMAND_ACK {command : 400, result : 0, progress : 0, result_param2 : 0, target_system : 250, target_component : 250} (0.000000s)
AT-0022.5: AP: Arming motors
AT-0022.6: Motors ARMED
AT-0022.6: Drained 0 messages from mav (0.000000/s)
AT-0022.6: Disarm motors with MAVLink cmd
AT-0022.6: Sending COMMAND_LONG to (1,1) (MAV_CMD_COMPONENT_ARM_DISARM=400) (p1=0.000000 p2=0.000000 p3=0.000000 p4=0.000000 p5=0.000000 p6=0.000000  p7=0.000000)
AT-0022.6: ACK received: COMMAND_ACK {command : 400, result : 0, progress : 0, result_param2 : 0, target_system : 250, target_component : 250} (0.000000s)
AT-0022.6: Waiting for DISARM
AT-0022.6: AP: Disarming motors
AT-0022.6: Waiting for disarm (0.00s so far of allowed 120.00)
AT-0022.6: DISARMED after 0.00 seconds (allowed=120.00)
AT-0022.6: PASS arm mode : POSHOLD
AT-0022.6: Not armable mode without Position : POSHOLD
AT-0022.6: set_parameters: ({'SIM_GPS1_ENABLE': 0})
AT-0022.6: SIM_GPS1_ENABLE want=0.000000 autopilot=None (attempt=1/10)
AT-0022.6: Requesting (SIM_GPS1_ENABLE)
AT-0022.6: Received wanted PARAM_VALUE SIM_GPS1_ENABLE=1.000000
AT-0022.6: SIM_GPS1_ENABLE want=0.000000 autopilot=1.0 (attempt=2/10)
AT-0022.6: Sending set (SIM_GPS1_ENABLE) to (0.000000) (old=1.000000)
AT-0022.6: Received wanted PARAM_VALUE SIM_GPS1_ENABLE=0.000000
AT-0022.6: SIM_GPS1_ENABLE want=0.000000 autopilot=0.0 (attempt=3/10)
AT-0022.6: SIM_GPS1_ENABLE is now 0.000000
AT-0022.6: Sending param_request_read for (AHRS_EKF_TYPE)
AT-0022.6: get_parameter(AHRS_EKF_TYPE): PARAM_VALUE {param_id : AHRS_EKF_TYPE, param_value : 3.0, param_type : 2, param_count : 1345, param_index : 65535}
AT-0022.6: Waiting for EKF not having bits 8
AT-0022.6: Wait EKF.flags: not required:8 current:831
AT-0022.6: Wait EKF.flags: not required:8 current:831
AT-0022.7: AP: PreArm: GPS 1: Bad fix
AT-0022.7: Wait EKF.flags: not required:8 current:831
AT-0022.7: Wait EKF.flags: not required:8 current:831
AT-0022.7: Wait EKF.flags: not required:8 current:831
AT-0022.7: Wait EKF.flags: not required:8 current:831
AT-0022.7: GPS disable OK
AT-0022.7: Drained 4 messages from mav (24600.023460/s)
AT-0022.8: Changing mode to POSHOLD
AT-0022.8: Sending COMMAND_LONG to (1,1) (MAV_CMD_DO_SET_MODE=176) (p1=1.000000 p2=16.000000 p3=0.000000 p4=0.000000 p5=0.000000 p6=0.000000  p7=0.000000)
AT-0022.8: AP: EKF variance
AT-0022.8: Got mode POSHOLD
AT-0022.8: Sending COMMAND_LONG to (1,1) (MAV_CMD_COMPONENT_ARM_DISARM=400) (p1=1.000000 p2=0.000000 p3=0.000000 p4=0.000000 p5=0.000000 p6=0.000000  p7=0.000000)
AT-0022.8: ACK received: COMMAND_ACK {command : 400, result : 4, progress : 0, result_param2 : 0, target_system : 250, target_component : 250} (0.000000s)
AT-0022.8: set_parameters: ({'SIM_GPS1_ENABLE': 1})
AT-0022.8: AP: Arm: GPS 1: Bad fix
AT-0022.8: SIM_GPS1_ENABLE want=1.000000 autopilot=None (attempt=1/10)
AT-0022.8: Requesting (SIM_GPS1_ENABLE)
AT-0022.8: Received wanted PARAM_VALUE SIM_GPS1_ENABLE=0.000000
AT-0022.8: SIM_GPS1_ENABLE want=1.000000 autopilot=0.0 (attempt=2/10)
AT-0022.8: Sending set (SIM_GPS1_ENABLE) to (1.000000) (old=0.000000)
AT-0022.8: Received wanted PARAM_VALUE SIM_GPS1_ENABLE=1.000000
AT-0022.8: SIM_GPS1_ENABLE want=1.000000 autopilot=1.0 (attempt=3/10)
AT-0022.8: SIM_GPS1_ENABLE is now 1.000000
AT-0022.8: Sending param_request_read for (AHRS_EKF_TYPE)
AT-0022.8: get_parameter(AHRS_EKF_TYPE): PARAM_VALUE {param_id : AHRS_EKF_TYPE, param_value : 3.0, param_type : 2, param_count : 1366, param_index : 65535}
AT-0022.8: Waiting for EKF value 831
AT-0022.8: Want=831 got=831 errors=0
AT-0022.8: EKF Flags OK
AT-0022.8: PASS not able to arm without Position in mode : POSHOLD
AT-0022.8: -
AT-0022.8: ---------- Mode : BRAKE  ----------
AT-0022.8: -
AT-0022.8: Not armable mode : BRAKE
AT-0022.8: Drained 1 messages from mav (11715.932961/s)
AT-0022.8: Changing mode to BRAKE
AT-0022.8: Sending COMMAND_LONG to (1,1) (MAV_CMD_DO_SET_MODE=176) (p1=1.000000 p2=17.000000 p3=0.000000 p4=0.000000 p5=0.000000 p6=0.000000  p7=0.000000)
AT-0022.8: Got mode BRAKE
AT-0022.8: Sending COMMAND_LONG to (1,1) (MAV_CMD_COMPONENT_ARM_DISARM=400) (p1=1.000000 p2=0.000000 p3=0.000000 p4=0.000000 p5=0.000000 p6=0.000000  p7=0.000000)
AT-0022.8: ACK received: COMMAND_ACK {command : 400, result : 4, progress : 0, result_param2 : 0, target_system : 250, target_component : 250} (0.000000s)
AT-0022.8: PASS not able to arm in mode : BRAKE
AT-0022.8: AP: Arm: BRAKE mode not armable
AT-0022.8: -
AT-0022.8: ---------- Mode : THROW  ----------
AT-0022.8: -
AT-0022.8: Armable mode needing Position : THROW
AT-0022.8: Sending param_request_read for (AHRS_EKF_TYPE)
AT-0022.8: get_parameter(AHRS_EKF_TYPE): PARAM_VALUE {param_id : AHRS_EKF_TYPE, param_value : 3.0, param_type : 2, param_count : 1366, param_index : 65535}
AT-0022.8: Waiting for EKF value 831
AT-0022.8: Want=831 got=831 errors=0
AT-0022.8: EKF Flags OK
AT-0022.8: Drained 4 messages from mav (25692.520674/s)
AT-0022.9: Changing mode to THROW
AT-0022.9: Sending COMMAND_LONG to (1,1) (MAV_CMD_DO_SET_MODE=176) (p1=1.000000 p2=18.000000 p3=0.000000 p4=0.000000 p5=0.000000 p6=0.000000  p7=0.000000)
AT-0022.9: Got mode THROW
AT-0022.9: Arm motors with MAVLink cmd
AT-0022.9: Sending COMMAND_LONG to (1,1) (MAV_CMD_COMPONENT_ARM_DISARM=400) (p1=1.000000 p2=0.000000 p3=0.000000 p4=0.000000 p5=0.000000 p6=0.000000  p7=0.000000)
AT-0022.9: ACK received: COMMAND_ACK {command : 400, result : 0, progress : 0, result_param2 : 0, target_system : 250, target_component : 250} (0.000000s)
AT-0022.9: AP: Arming motors
AT-0022.9: AP: waiting for throw
AT-0022.9: Motors ARMED
AT-0022.9: Drained 0 messages from mav (0.000000/s)
AT-0022.9: Disarm motors with MAVLink cmd
AT-0022.9: Sending COMMAND_LONG to (1,1) (MAV_CMD_COMPONENT_ARM_DISARM=400) (p1=0.000000 p2=0.000000 p3=0.000000 p4=0.000000 p5=0.000000 p6=0.000000  p7=0.000000)
AT-0022.9: ACK received: COMMAND_ACK {command : 400, result : 0, progress : 0, result_param2 : 0, target_system : 250, target_component : 250} (0.000000s)
AT-0022.9: Waiting for DISARM
AT-0022.9: AP: Disarming motors
AT-0022.9: Waiting for disarm (0.00s so far of allowed 120.00)
AT-0022.9: DISARMED after 0.00 seconds (allowed=120.00)
AT-0022.9: PASS arm mode : THROW
AT-0022.9: Not armable mode without Position : THROW
AT-0022.9: set_parameters: ({'SIM_GPS1_ENABLE': 0})
AT-0022.9: SIM_GPS1_ENABLE want=0.000000 autopilot=None (attempt=1/10)
AT-0022.9: Requesting (SIM_GPS1_ENABLE)
AT-0022.9: Received wanted PARAM_VALUE SIM_GPS1_ENABLE=1.000000
AT-0022.9: SIM_GPS1_ENABLE want=0.000000 autopilot=1.0 (attempt=2/10)
AT-0022.9: Sending set (SIM_GPS1_ENABLE) to (0.000000) (old=1.000000)
AT-0022.9: Received wanted PARAM_VALUE SIM_GPS1_ENABLE=0.000000
AT-0022.9: SIM_GPS1_ENABLE want=0.000000 autopilot=0.0 (attempt=3/10)
AT-0022.9: SIM_GPS1_ENABLE is now 0.000000
AT-0022.9: Sending param_request_read for (AHRS_EKF_TYPE)
AT-0022.9: get_parameter(AHRS_EKF_TYPE): PARAM_VALUE {param_id : AHRS_EKF_TYPE, param_value : 3.0, param_type : 2, param_count : 1345, param_index : 65535}
AT-0022.9: Waiting for EKF not having bits 8
AT-0023.0: Wait EKF.flags: not required:8 current:831
AT-0023.0: Wait EKF.flags: not required:8 current:831
AT-0023.0: AP: PreArm: GPS 1: Bad fix
AT-0023.0: Wait EKF.flags: not required:8 current:831
AT-0023.0: Wait EKF.flags: not required:8 current:831
AT-0023.0: Wait EKF.flags: not required:8 current:831
AT-0023.1: Wait EKF.flags: not required:8 current:831
AT-0023.1: GPS disable OK
AT-0023.1: Drained 4 messages from mav (12069.939568/s)
AT-0023.1: Changing mode to THROW
AT-0023.1: Sending COMMAND_LONG to (1,1) (MAV_CMD_DO_SET_MODE=176) (p1=1.000000 p2=18.000000 p3=0.000000 p4=0.000000 p5=0.000000 p6=0.000000  p7=0.000000)
AT-0023.1: AP: EKF3 lane switch 1
AT-0023.1: Got mode THROW
AT-0023.1: Sending COMMAND_LONG to (1,1) (MAV_CMD_COMPONENT_ARM_DISARM=400) (p1=1.000000 p2=0.000000 p3=0.000000 p4=0.000000 p5=0.000000 p6=0.000000  p7=0.000000)
AT-0023.1: ACK received: COMMAND_ACK {command : 400, result : 4, progress : 0, result_param2 : 0, target_system : 250, target_component : 250} (0.000000s)
AT-0023.1: set_parameters: ({'SIM_GPS1_ENABLE': 1})
AT-0023.1: AP: Arm: GPS 1: Bad fix
AT-0023.1: SIM_GPS1_ENABLE want=1.000000 autopilot=None (attempt=1/10)
AT-0023.1: Requesting (SIM_GPS1_ENABLE)
AT-0023.1: Received wanted PARAM_VALUE SIM_GPS1_ENABLE=0.000000
AT-0023.1: SIM_GPS1_ENABLE want=1.000000 autopilot=0.0 (attempt=2/10)
AT-0023.1: Sending set (SIM_GPS1_ENABLE) to (1.000000) (old=0.000000)
AT-0023.1: Received wanted PARAM_VALUE SIM_GPS1_ENABLE=1.000000
AT-0023.1: SIM_GPS1_ENABLE want=1.000000 autopilot=1.0 (attempt=3/10)
AT-0023.1: SIM_GPS1_ENABLE is now 1.000000
AT-0023.1: Sending param_request_read for (AHRS_EKF_TYPE)
AT-0023.1: get_parameter(AHRS_EKF_TYPE): PARAM_VALUE {param_id : AHRS_EKF_TYPE, param_value : 3.0, param_type : 2, param_count : 1366, param_index : 65535}
AT-0023.1: Waiting for EKF value 831
AT-0023.1: Want=831 got=831 errors=0
AT-0023.1: EKF Flags OK
AT-0023.1: PASS not able to arm without Position in mode : THROW
AT-0023.1: -
AT-0023.1: ---------- Mode : AVOID_ADSB  ----------
AT-0023.1: -
AT-0023.1: Not armable mode : AVOID_ADSB
AT-0023.1: Drained 0 messages from mav (0.000000/s)
AT-0023.1: Changing mode to AVOID_ADSB
AT-0023.1: Sending COMMAND_LONG to (1,1) (MAV_CMD_DO_SET_MODE=176) (p1=1.000000 p2=19.000000 p3=0.000000 p4=0.000000 p5=0.000000 p6=0.000000  p7=0.000000)
AT-0023.1: Got mode AVOID_ADSB
AT-0023.1: Sending COMMAND_LONG to (1,1) (MAV_CMD_COMPONENT_ARM_DISARM=400) (p1=1.000000 p2=0.000000 p3=0.000000 p4=0.000000 p5=0.000000 p6=0.000000  p7=0.000000)
AT-0023.1: ACK received: COMMAND_ACK {command : 400, result : 4, progress : 0, result_param2 : 0, target_system : 250, target_component : 250} (0.000000s)
AT-0023.1: PASS not able to arm in mode : AVOID_ADSB
AT-0023.1: AP: Arm: AVOID_ADSB mode not armable
AT-0023.1: -
AT-0023.1: ---------- Mode : GUIDED_NOGPS  ----------
AT-0023.1: -
AT-0023.1: Armable mode : GUIDED_NOGPS
AT-0023.1: Drained 0 messages from mav (0.000000/s)
AT-0023.1: Changing mode to GUIDED_NOGPS
AT-0023.1: Sending COMMAND_LONG to (1,1) (MAV_CMD_DO_SET_MODE=176) (p1=1.000000 p2=20.000000 p3=0.000000 p4=0.000000 p5=0.000000 p6=0.000000  p7=0.000000)
AT-0023.2: Got mode GUIDED_NOGPS
AT-0023.2: Arm motors with MAVLink cmd
AT-0023.2: Sending COMMAND_LONG to (1,1) (MAV_CMD_COMPONENT_ARM_DISARM=400) (p1=1.000000 p2=0.000000 p3=0.000000 p4=0.000000 p5=0.000000 p6=0.000000  p7=0.000000)
AT-0023.2: ACK received: COMMAND_ACK {command : 400, result : 0, progress : 0, result_param2 : 0, target_system : 250, target_component : 250} (0.000000s)
AT-0023.2: AP: Arming motors
AT-0023.2: Motors ARMED
AT-0023.2: Disarm motors with MAVLink cmd
AT-0023.2: Sending COMMAND_LONG to (1,1) (MAV_CMD_COMPONENT_ARM_DISARM=400) (p1=0.000000 p2=0.000000 p3=0.000000 p4=0.000000 p5=0.000000 p6=0.000000  p7=0.000000)
AT-0023.2: ACK received: COMMAND_ACK {command : 400, result : 0, progress : 0, result_param2 : 0, target_system : 250, target_component : 250} (0.000000s)
AT-0023.2: Waiting for DISARM
AT-0023.2: AP: Disarming motors
AT-0023.2: Waiting for disarm (0.00s so far of allowed 120.00)
AT-0023.2: DISARMED after 0.00 seconds (allowed=120.00)
AT-0023.2: PASS arm mode : GUIDED_NOGPS
AT-0023.2: -
AT-0023.2: ---------- Mode : SMART_RTL  ----------
AT-0023.2: -
AT-0023.2: Not armable mode : SMART_RTL
AT-0023.2: Drained 0 messages from mav (0.000000/s)
AT-0023.2: Changing mode to SMART_RTL
AT-0023.2: Sending COMMAND_LONG to (1,1) (MAV_CMD_DO_SET_MODE=176) (p1=1.000000 p2=21.000000 p3=0.000000 p4=0.000000 p5=0.000000 p6=0.000000  p7=0.000000)
AT-0023.2: Got mode SMART_RTL
AT-0023.2: Sending COMMAND_LONG to (1,1) (MAV_CMD_COMPONENT_ARM_DISARM=400) (p1=1.000000 p2=0.000000 p3=0.000000 p4=0.000000 p5=0.000000 p6=0.000000  p7=0.000000)
AT-0023.2: ACK received: COMMAND_ACK {command : 400, result : 4, progress : 0, result_param2 : 0, target_system : 250, target_component : 250} (0.000000s)
AT-0023.2: PASS not able to arm in mode : SMART_RTL
AT-0023.2: AP: Arm: SMARTRTL mode not armable
AT-0023.2: -
AT-0023.2: ---------- Mode : FLOWHOLD  ----------
AT-0023.2: -
AT-0023.2: -
AT-0023.2: ---------- Mode : FOLLOW  ----------
AT-0023.2: -
AT-0023.2: set_parameters: ({'FOLL_ENABLE': 1})
AT-0023.2: FOLL_ENABLE want=1.000000 autopilot=None (attempt=1/10)
AT-0023.2: Requesting (FOLL_ENABLE)
AT-0023.3: Received wanted PARAM_VALUE FOLL_ENABLE=0.000000
AT-0023.3: FOLL_ENABLE want=1.000000 autopilot=0.0 (attempt=2/10)
AT-0023.3: Sending set (FOLL_ENABLE) to (1.000000) (old=0.000000)
AT-0023.3: Received wanted PARAM_VALUE FOLL_ENABLE=1.000000
AT-0023.3: FOLL_ENABLE want=1.000000 autopilot=1.0 (attempt=3/10)
AT-0023.3: FOLL_ENABLE is now 1.000000
AT-0023.3: Not armable mode : FOLLOW
AT-0023.3: Drained 0 messages from mav (0.000000/s)
AT-0023.3: Changing mode to FOLLOW
AT-0023.3: Sending COMMAND_LONG to (1,1) (MAV_CMD_DO_SET_MODE=176) (p1=1.000000 p2=23.000000 p3=0.000000 p4=0.000000 p5=0.000000 p6=0.000000  p7=0.000000)
AT-0023.3: Got mode FOLLOW
AT-0023.3: Sending COMMAND_LONG to (1,1) (MAV_CMD_COMPONENT_ARM_DISARM=400) (p1=1.000000 p2=0.000000 p3=0.000000 p4=0.000000 p5=0.000000 p6=0.000000  p7=0.000000)
AT-0023.3: ACK received: COMMAND_ACK {command : 400, result : 4, progress : 0, result_param2 : 0, target_system : 250, target_component : 250} (0.000000s)
AT-0023.3: PASS not able to arm in mode : FOLLOW
AT-0023.3: set_parameters: ({'FOLL_ENABLE': 0})
AT-0023.3: AP: Arm: FOLLOW mode not armable
AT-0023.3: FOLL_ENABLE want=0.000000 autopilot=None (attempt=1/10)
AT-0023.3: Requesting (FOLL_ENABLE)
AT-0023.3: Received wanted PARAM_VALUE FOLL_ENABLE=1.000000
AT-0023.3: FOLL_ENABLE want=0.000000 autopilot=1.0 (attempt=2/10)
AT-0023.3: Sending set (FOLL_ENABLE) to (0.000000) (old=1.000000)
AT-0023.3: Received wanted PARAM_VALUE FOLL_ENABLE=0.000000
AT-0023.3: FOLL_ENABLE want=0.000000 autopilot=0.0 (attempt=3/10)
AT-0023.3: FOLL_ENABLE is now 0.000000
AT-0023.3: -
AT-0023.3: ---------- Mode : ZIGZAG  ----------
AT-0023.3: -
AT-0023.3: -
AT-0023.3: ---------- Mode : SYSTEMID  ----------
AT-0023.3: -
AT-0023.3: -
AT-0023.3: ---------- Mode : AUTOROTATE  ----------
AT-0023.3: -
AT-0023.3: -
AT-0023.3: ---------- Mode : AUTO_RTL  ----------
AT-0023.3: -
AT-0023.3: Drained 0 messages from mav (0.000000/s)
AT-0023.3: Changing mode to STABILIZE
AT-0023.3: Sending COMMAND_LONG to (1,1) (MAV_CMD_DO_SET_MODE=176) (p1=1.000000 p2=0.000000 p3=0.000000 p4=0.000000 p5=0.000000 p6=0.000000  p7=0.000000)
AT-0023.3: Got mode STABILIZE
AT-0023.3: Drained 0 messages from mav (0.000000/s)
AT-0023.3: log list: ['logs/00000001.BIN', 'logs/00000002.BIN', 'logs/00000003.BIN', 'logs/00000004.BIN', 'logs/00000005.BIN', 'logs/00000006.BIN', 'logs/00000007.BIN', 'logs/00000008.BIN']
AT-0023.4: Found Armed ARM message
AT-0023.4: Found Armed EV message
AT-0023.4: Found Disarmed ARM message
AT-0023.4: Found Disarmed EV message
AT-0023.5: ALL PASS
AT-0023.5: Drained 819 messages from mav (26215.200220/s)
AT-0023.5: set_parameters: ({'ARMING_RUDDER': 2.0, 'RC9_OPTION': 0.0, 'DISARM_DELAY': 10.0, 'RC7_OPTION': 7.0, 'SIM_GPS1_ENABLE': 1.0, 'FOLL_ENABLE': 0.0})
AT-0023.5: ARMING_RUDDER want=2.000000 autopilot=None (attempt=1/60)
AT-0023.5: Requesting (ARMING_RUDDER)
AT-0023.5: RC9_OPTION want=0.000000 autopilot=None (attempt=1/60)
AT-0023.5: Requesting (RC9_OPTION)
AT-0023.5: DISARM_DELAY want=10.000000 autopilot=None (attempt=1/60)
AT-0023.5: Requesting (DISARM_DELAY)
AT-0023.5: RC7_OPTION want=7.000000 autopilot=None (attempt=1/60)
AT-0023.5: Requesting (RC7_OPTION)
AT-0023.5: SIM_GPS1_ENABLE want=1.000000 autopilot=None (attempt=1/60)
AT-0023.5: Requesting (SIM_GPS1_ENABLE)
AT-0023.5: FOLL_ENABLE want=0.000000 autopilot=None (attempt=1/60)
AT-0023.5: Requesting (FOLL_ENABLE)
AT-0023.5: Received wanted PARAM_VALUE ARMING_RUDDER=2.000000
AT-0023.5: Received wanted PARAM_VALUE RC9_OPTION=32.000000
AT-0023.5: Received wanted PARAM_VALUE DISARM_DELAY=0.000000
AT-0023.5: Received wanted PARAM_VALUE RC7_OPTION=153.000000
AT-0023.5: Received wanted PARAM_VALUE SIM_GPS1_ENABLE=1.000000
AT-0023.5: ARMING_RUDDER want=2.000000 autopilot=2.0 (attempt=2/60)
AT-0023.5: ARMING_RUDDER is now 2.000000
AT-0023.5: RC9_OPTION want=0.000000 autopilot=32.0 (attempt=2/60)
AT-0023.5: Sending set (RC9_OPTION) to (0.000000) (old=32.000000)
AT-0023.5: DISARM_DELAY want=10.000000 autopilot=0.0 (attempt=2/60)
AT-0023.5: Sending set (DISARM_DELAY) to (10.000000) (old=0.000000)
AT-0023.5: RC7_OPTION want=7.000000 autopilot=153.0 (attempt=2/60)
AT-0023.5: Sending set (RC7_OPTION) to (7.000000) (old=153.000000)
AT-0023.5: SIM_GPS1_ENABLE want=1.000000 autopilot=1.0 (attempt=2/60)
AT-0023.5: SIM_GPS1_ENABLE is now 1.000000
AT-0023.5: FOLL_ENABLE want=0.000000 autopilot=None (attempt=2/60)
AT-0023.5: Requesting (FOLL_ENABLE)
AT-0023.5: Received wanted PARAM_VALUE RC9_OPTION=0.000000
AT-0023.5: Received wanted PARAM_VALUE DISARM_DELAY=10.000000
AT-0023.5: Received wanted PARAM_VALUE RC7_OPTION=7.000000
AT-0023.5: Received wanted PARAM_VALUE FOLL_ENABLE=0.000000
AT-0023.5: Received wanted PARAM_VALUE FOLL_ENABLE=0.000000
AT-0023.5: RC9_OPTION want=0.000000 autopilot=0.0 (attempt=3/60)
AT-0023.5: RC9_OPTION is now 0.000000
AT-0023.5: DISARM_DELAY want=10.000000 autopilot=10.0 (attempt=3/60)
AT-0023.5: DISARM_DELAY is now 10.000000
AT-0023.5: RC7_OPTION want=7.000000 autopilot=7.0 (attempt=3/60)
AT-0023.5: RC7_OPTION is now 7.000000
AT-0023.5: FOLL_ENABLE want=0.000000 autopilot=0.0 (attempt=3/60)
AT-0023.5: FOLL_ENABLE is now 0.000000
AT-0023.5: Doing implicit context-pop reboot
AT-0023.5: Drained 0 messages from mav (0.000000/s)
AT-0023.5: Rebooting SITL
AT-0023.5: Sending param_request_read for (STAT_RESET)
AT-0023.5: get_parameter(STAT_RESET): PARAM_VALUE {param_id : STAT_RESET, param_value : 1.0, param_type : 6, param_count : 1366, param_index : 65535}
AT-0023.5: Sending param_request_read for (STAT_BOOTCNT)
AT-0023.5: get_parameter(STAT_BOOTCNT): PARAM_VALUE {param_id : STAT_BOOTCNT, param_value : 9.0, param_type : 4, param_count : 1366, param_index : 65535}
AT-0023.5: Sending reboot command
AT-0023.5: Sending COMMAND_LONG to (1,1) (MAV_CMD_PREFLIGHT_REBOOT_SHUTDOWN=246) (p1=1.000000 p2=1.000000 p3=0.000000 p4=0.000000 p5=0.000000 p6=0.000000  p7=0.000000)
AT-0023.5: Sending param_request_read for (STAT_BOOTCNT)
AT-0023.5: While awaiting reboot received (COMMAND_ACK {command : 246, result : 0, progress : 0, result_param2 : 0, target_system : 250, target_component : 250})
EOF on TCP socket
Attempting reconnect
[Errno 111] Connection refused sleeping
arducopter: Suggested EK3_DRAG_BCOEF_* = 17.209, EK3_DRAG_MCOEF = 0.209
arducopter: Home: -35.362938 149.165085 alt=584.000000m hdg=270.000000
arducopter: Starting sketch 'ArduCopter'
arducopter: Starting SITL input
arducopter: Using Irlock at port : 9005
arducopter: bind port 5760 for SERIAL0
arducopter: SERIAL0 on TCP port 5760
arducopter: Waiting for connection ....
arducopter: Connection on serial port 5760
AT-0024.5: get_parameter(STAT_BOOTCNT): None
AT-0024.5: Sending param_request_read for (STAT_BOOTCNT)
arducopter: Loaded defaults from /tmp/tmpbgytp2sj,/home/umemoto/Ardupilot-UmemotoLab/Tools/autotest/default_params/copter.parm
arducopter: bind port 5762 for SERIAL1
arducopter: SERIAL1 on TCP port 5762
arducopter: bind port 5763 for SERIAL2
arducopter: SERIAL2 on TCP port 5763
arducopter: Loaded defaults from /tmp/tmpbgytp2sj,/home/umemoto/Ardupilot-UmemotoLab/Tools/autotest/default_params/copter.parm
arducopter: Smoothing reset at 0.001
arducopter: validate_structures:528: Validating structures
arducopter: Waiting for internal clock bits to be set (current=0x00)
arducopter: Loaded defaults from /tmp/tmpbgytp2sj,/home/umemoto/Ardupilot-UmemotoLab/Tools/autotest/default_params/copter.parm
arducopter: Loaded defaults from /tmp/tmpbgytp2sj,/home/umemoto/Ardupilot-UmemotoLab/Tools/autotest/default_params/copter.parm
arducopter: Loaded defaults from /tmp/tmpbgytp2sj,/home/umemoto/Ardupilot-UmemotoLab/Tools/autotest/default_params/copter.parm
arducopter: Loaded defaults from /tmp/tmpbgytp2sj,/home/umemoto/Ardupilot-UmemotoLab/Tools/autotest/default_params/copter.parm
arducopter: Loaded defaults from /tmp/tmpbgytp2sj,/home/umemoto/Ardupilot-UmemotoLab/Tools/autotest/default_params/copter.parm
arducopter: Loaded defaults from /tmp/tmpbgytp2sj,/home/umemoto/Ardupilot-UmemotoLab/Tools/autotest/default_params/copter.parm
AT-0024.5: get_parameter(STAT_BOOTCNT): PARAM_VALUE {param_id : STAT_BOOTCNT, param_value : 10.0, param_type : 4, param_count : 1366, param_index : 65535}
AT-0024.5: current=10.0 required=10
AT-0024.5: Doing timesync roundtrip
AT-0024.5: Received: TIMESYNC {tc1 : 163359000, ts1 : 235250}
AT-0024.5: Received TIMESYNC response after 0.000085s
AT-0024.5: Calling initialise-after-reboot
AT-0024.5: Drained 0 messages from mav (0.000000/s)
AT-0024.5: AP: RCInput: decoding UDP (Pulses)
AT-0024.5: AP: Calibrating barometer
AT-0024.5: Doing timesync roundtrip
AT-0024.5: Received: TIMESYNC {tc1 : 1025514000, ts1 : 236250}
AT-0024.5: Received TIMESYNC response after 0.000012s
AT-0024.5: AP: Barometer 1 calibration complete
AT-0024.5: AP: Barometer 2 calibration complete
AT-0024.5: AP: ArduPilot Ready
AT-0024.5: AP: AHRS: DCM active
AT-0024.6: Reboot complete
AT-0024.6: set_parameters: ({})
AT-0024.6: Simstate Close to startup location: dist=0.000000 max=1.000000 (simstate: lat=-35.362938,lon=149.165085,alt=0.0 start-loc: lat=-35.362938,lon=149.165085,alt=584.0)
AT-0024.6: AP: RC7: SaveWaypoint LOW
AT-0024.6: Drained 4 messages from mav (28581.287905/s)
AT-0024.6: PASSED: "ArmFeatures (Arm features)"
AT-0024.6: Received (MISSION_ACK {target_system : 250, target_component : 250, type : 0, mission_type : 1})
AT-0024.6: MISSION_ACK.target_system has expected value 250
AT-0024.6: MISSION_ACK.target_component has expected value 250
AT-0024.6: MISSION_ACK.type has expected value 0 (MAV_MISSION_ACCEPTED)
AT-0024.6: AP: Fence Indexed OK
AT-0024.6: Received (MISSION_ACK {target_system : 250, target_component : 250, type : 0, mission_type : 0})
AT-0024.6: MISSION_ACK.target_system has expected value 250
AT-0024.6: MISSION_ACK.target_component has expected value 250
AT-0024.6: MISSION_ACK.type has expected value 0 (MAV_MISSION_ACCEPTED)
AT-0024.6: AP: Flight plan received
AT-0024.6: Received (MISSION_ACK {target_system : 250, target_component : 250, type : 0, mission_type : 2})
AT-0024.6: MISSION_ACK.target_system has expected value 250
AT-0024.6: MISSION_ACK.target_component has expected value 250
AT-0024.6: MISSION_ACK.type has expected value 0 (MAV_MISSION_ACCEPTED)
AT-0024.6: ##################################################################################
AT-0024.6: ########## Parameters (general small tests for parameter system)  ##########
AT-0024.6: ##################################################################################
AT-0024.6: Doing timesync roundtrip
AT-0024.6: Received: TIMESYNC {tc1 : 3377906000, ts1 : 237250}
AT-0024.6: Received TIMESYNC response after 0.000000s
AT-0024.6: chan=7 needs resetting is=1000 want=1500
AT-0024.6: chan=9 needs resetting is=1000 want=1500
AT-0024.6: AP: RC7: SaveWaypoint MIDDLE
AT-0024.6: RC values good
AT-0024.6: Drained 12 messages from mav (18477.110132/s)
AT-0024.6: Changing mode to STABILIZE
AT-0024.6: Sending COMMAND_LONG to (1,1) (MAV_CMD_DO_SET_MODE=176) (p1=1.000000 p2=0.000000 p3=0.000000 p4=0.000000 p5=0.000000 p6=0.000000  p7=0.000000)
AT-0024.6: AP: EKF3 IMU0 initialised
AT-0024.6: AP: EKF3 IMU1 initialised
AT-0024.6: AP: AHRS: EKF3 active
AT-0024.6: Got mode STABILIZE
AT-0024.6: .
AT-0024.6: .......... Check all parameters are documented  ..........
AT-0024.6: .
Running: ("/home/umemoto/Ardupilot-UmemotoLab/Tools/autotest/param_metadata/param_parse.py" "--vehicle" "ArduCopter") in (/home/umemoto/buildlogs)
AT-0025.2: Stopping SITL
AT-0025.3: Starting SITL
Running: "/home/umemoto/Ardupilot-UmemotoLab/build/sitl/bin/arducopter" "--home" "-35.362938,149.165085,584,270" "--model" "+" "--serial1=tcp:2" "--defaults" "/tmp/tmp77z63tkg,/home/umemoto/Ardupilot-UmemotoLab/Tools/autotest/default_params/copter.parm" "--unhide-groups"
arducopter: Suggested EK3_DRAG_BCOEF_* = 17.209, EK3_DRAG_MCOEF = 0.209
arducopter: Home: -35.362938 149.165085 alt=584.000000m hdg=270.000000
arducopter: Starting sketch 'ArduCopter'
arducopter: Starting SITL input
arducopter: Using Irlock at port : 9005
arducopter: bind port 5760 for SERIAL0
arducopter: SERIAL0 on TCP port 5760
arducopter: Waiting for connection ....
Attempting reconnect
AT-0025.3: Drained 0 messages from mav (0.000000/s)
arducopter: Connection on serial port 5760
arducopter: Loaded defaults from /tmp/tmp77z63tkg,/home/umemoto/Ardupilot-UmemotoLab/Tools/autotest/default_params/copter.parm
arducopter: bind port 5762 for SERIAL1
arducopter: SERIAL1 on TCP port 5762
arducopter: bind port 5763 for SERIAL2
arducopter: SERIAL2 on TCP port 5763
arducopter: Loaded defaults from /tmp/tmp77z63tkg,/home/umemoto/Ardupilot-UmemotoLab/Tools/autotest/default_params/copter.parm
arducopter: Smoothing reset at 0.001
arducopter: Closed connection on SERIAL0
arducopter: New connection on SERIAL0
arducopter: validate_structures:528: Validating structures
arducopter: Waiting for internal clock bits to be set (current=0x00)
arducopter: Loaded defaults from /tmp/tmp77z63tkg,/home/umemoto/Ardupilot-UmemotoLab/Tools/autotest/default_params/copter.parm
arducopter: Loaded defaults from /tmp/tmp77z63tkg,/home/umemoto/Ardupilot-UmemotoLab/Tools/autotest/default_params/copter.parm
arducopter: Loaded defaults from /tmp/tmp77z63tkg,/home/umemoto/Ardupilot-UmemotoLab/Tools/autotest/default_params/copter.parm
arducopter: Loaded defaults from /tmp/tmp77z63tkg,/home/umemoto/Ardupilot-UmemotoLab/Tools/autotest/default_params/copter.parm
arducopter: Loaded defaults from /tmp/tmp77z63tkg,/home/umemoto/Ardupilot-UmemotoLab/Tools/autotest/default_params/copter.parm
arducopter: Loaded defaults from /tmp/tmp77z63tkg,/home/umemoto/Ardupilot-UmemotoLab/Tools/autotest/default_params/copter.parm
AT-0025.4: Doing timesync roundtrip
AT-0025.4: Received: TIMESYNC {tc1 : 1047172000, ts1 : 238250}
AT-0025.4: Received TIMESYNC response after 0.000021s
AT-0025.4: AP: Barometer 1 calibration complete
AT-0025.4: AP: Barometer 2 calibration complete
AT-0025.4: AP: ArduPilot Ready
AT-0025.4: AP: AHRS: DCM active
AT-0025.4: Downloading parameters
AT-0025.4: AP: ArduCopter V4.7.0-dev (97149c9f)
AT-0025.4: AP: d83bcfde1ef1449dab48ab7126e061da
AT-0025.4: AP: Frame: QUAD/PLUS
AT-0025.4: AP: RC7: SaveWaypoint MIDDLE
AT-0025.6: Downloaded 3399 parameters OK (attempt=1)
AT-0025.6: Resetting SITL commandline to default
AT-0025.6: Stopping SITL
AT-0025.7: Starting SITL
Running: "/home/umemoto/Ardupilot-UmemotoLab/build/sitl/bin/arducopter" "-w" "--home" "-35.362938,149.165085,584,270" "--model" "+" "--serial1=tcp:2" "--defaults" "/tmp/tmpoz9xtbri,/home/umemoto/Ardupilot-UmemotoLab/Tools/autotest/default_params/copter.parm"
arducopter: Suggested EK3_DRAG_BCOEF_* = 17.209, EK3_DRAG_MCOEF = 0.209
arducopter: Home: -35.362938 149.165085 alt=584.000000m hdg=270.000000
arducopter: Starting sketch 'ArduCopter'
arducopter: Starting SITL input
arducopter: Using Irlock at port : 9005
arducopter: bind port 5760 for SERIAL0
arducopter: SERIAL0 on TCP port 5760
arducopter: Waiting for connection ....
Attempting reconnect
AT-0025.7: Doing timesync roundtrip
arducopter: Connection on serial port 5760
arducopter: Loaded defaults from /tmp/tmpoz9xtbri,/home/umemoto/Ardupilot-UmemotoLab/Tools/autotest/default_params/copter.parm
arducopter: Smoothing reset at 0.001
arducopter: bind port 5762 for SERIAL1
arducopter: SERIAL1 on TCP port 5762
arducopter: bind port 5763 for SERIAL2
arducopter: SERIAL2 on TCP port 5763
arducopter: Loaded defaults from /tmp/tmpoz9xtbri,/home/umemoto/Ardupilot-UmemotoLab/Tools/autotest/default_params/copter.parm
arducopter: validate_structures:528: Validating structures
arducopter: Waiting for internal clock bits to be set (current=0x00)
arducopter: Loaded defaults from /tmp/tmpoz9xtbri,/home/umemoto/Ardupilot-UmemotoLab/Tools/autotest/default_params/copter.parm
arducopter: Loaded defaults from /tmp/tmpoz9xtbri,/home/umemoto/Ardupilot-UmemotoLab/Tools/autotest/default_params/copter.parm
arducopter: Loaded defaults from /tmp/tmpoz9xtbri,/home/umemoto/Ardupilot-UmemotoLab/Tools/autotest/default_params/copter.parm
arducopter: Loaded defaults from /tmp/tmpoz9xtbri,/home/umemoto/Ardupilot-UmemotoLab/Tools/autotest/default_params/copter.parm
arducopter: Loaded defaults from /tmp/tmpoz9xtbri,/home/umemoto/Ardupilot-UmemotoLab/Tools/autotest/default_params/copter.parm
arducopter: Loaded defaults from /tmp/tmpoz9xtbri,/home/umemoto/Ardupilot-UmemotoLab/Tools/autotest/default_params/copter.parm
AT-0025.7: Received: TIMESYNC {tc1 : 6615000, ts1 : 239250}
AT-0025.7: Received TIMESYNC response after 0.000026s
AT-0025.7: AP: RCInput: decoding UDP (Pulses)
AT-0025.7: AP: Calibrating barometer
AT-0025.8: AP: Barometer 1 calibration complete
AT-0025.8: AP: Barometer 2 calibration complete
AT-0025.8: AP: ArduPilot Ready
AT-0025.8: AP: AHRS: DCM active
AT-0025.8: set_parameters: ({'LOG_DISARMED': 1, 'LOG_DARM_RATEMAX': 5, 'LOG_FILE_RATEMAX': 10})
AT-0025.8: LOG_DISARMED want=1.000000 autopilot=None (attempt=1/30)
AT-0025.8: Requesting (LOG_DISARMED)
AT-0025.8: LOG_DARM_RATEMAX want=5.000000 autopilot=None (attempt=1/30)
AT-0025.8: Requesting (LOG_DARM_RATEMAX)
AT-0025.8: LOG_FILE_RATEMAX want=10.000000 autopilot=None (attempt=1/30)
AT-0025.8: Requesting (LOG_FILE_RATEMAX)
AT-0025.8: AP: RC7: SaveWaypoint MIDDLE
AT-0025.8: Received wanted PARAM_VALUE LOG_DISARMED=0.000000
AT-0025.8: Received wanted PARAM_VALUE LOG_DARM_RATEMAX=0.000000
AT-0025.8: Received wanted PARAM_VALUE LOG_FILE_RATEMAX=0.000000
AT-0025.8: LOG_DISARMED want=1.000000 autopilot=0.0 (attempt=2/30)
AT-0025.8: Sending set (LOG_DISARMED) to (1.000000) (old=0.000000)
AT-0025.8: LOG_DARM_RATEMAX want=5.000000 autopilot=0.0 (attempt=2/30)
AT-0025.8: Sending set (LOG_DARM_RATEMAX) to (5.000000) (old=0.000000)
AT-0025.8: LOG_FILE_RATEMAX want=10.000000 autopilot=0.0 (attempt=2/30)
AT-0025.8: Sending set (LOG_FILE_RATEMAX) to (10.000000) (old=0.000000)
AT-0025.8: Received wanted PARAM_VALUE LOG_DISARMED=1.000000
AT-0025.8: Received wanted PARAM_VALUE LOG_DARM_RATEMAX=5.000000
AT-0025.8: Received wanted PARAM_VALUE LOG_FILE_RATEMAX=10.000000
AT-0025.8: LOG_DISARMED want=1.000000 autopilot=1.0 (attempt=3/30)
AT-0025.8: LOG_DISARMED is now 1.000000
AT-0025.8: LOG_DARM_RATEMAX want=5.000000 autopilot=5.0 (attempt=3/30)
AT-0025.8: LOG_DARM_RATEMAX is now 5.000000
AT-0025.8: LOG_FILE_RATEMAX want=10.000000 autopilot=10.0 (attempt=3/30)
AT-0025.8: LOG_FILE_RATEMAX is now 10.000000
AT-0025.8: Drained 0 messages from mav (0.000000/s)
AT-0025.8: Rebooting SITL
AT-0025.8: Sending param_request_read for (STAT_RESET)
AT-0025.8: get_parameter(STAT_RESET): PARAM_VALUE {param_id : STAT_RESET, param_value : 1.0, param_type : 6, param_count : 1366, param_index : 65535}
AT-0025.8: Sending param_request_read for (STAT_BOOTCNT)
AT-0025.8: get_parameter(STAT_BOOTCNT): PARAM_VALUE {param_id : STAT_BOOTCNT, param_value : 1.0, param_type : 4, param_count : 1366, param_index : 65535}
AT-0025.8: Sending reboot command
AT-0025.8: Sending COMMAND_LONG to (1,1) (MAV_CMD_PREFLIGHT_REBOOT_SHUTDOWN=246) (p1=1.000000 p2=1.000000 p3=0.000000 p4=0.000000 p5=0.000000 p6=0.000000  p7=0.000000)
AT-0025.8: Sending param_request_read for (STAT_BOOTCNT)
AT-0025.8: While awaiting reboot received (COMMAND_ACK {command : 246, result : 0, progress : 0, result_param2 : 0, target_system : 250, target_component : 250})
EOF on TCP socket
Attempting reconnect
[Errno 111] Connection refused sleeping
arducopter: Suggested EK3_DRAG_BCOEF_* = 17.209, EK3_DRAG_MCOEF = 0.209
arducopter: Home: -35.362938 149.165085 alt=584.000000m hdg=270.000000
arducopter: Starting sketch 'ArduCopter'
arducopter: Starting SITL input
arducopter: Using Irlock at port : 9005
arducopter: bind port 5760 for SERIAL0
arducopter: SERIAL0 on TCP port 5760
arducopter: Waiting for connection ....
arducopter: Connection on serial port 5760
AT-0026.8: get_parameter(STAT_BOOTCNT): None
AT-0026.8: Sending param_request_read for (STAT_BOOTCNT)
arducopter: Loaded defaults from /tmp/tmpoz9xtbri,/home/umemoto/Ardupilot-UmemotoLab/Tools/autotest/default_params/copter.parm
arducopter: bind port 5762 for SERIAL1
arducopter: SERIAL1 on TCP port 5762
arducopter: bind port 5763 for SERIAL2
arducopter: SERIAL2 on TCP port 5763
arducopter: Loaded defaults from /tmp/tmpoz9xtbri,/home/umemoto/Ardupilot-UmemotoLab/Tools/autotest/default_params/copter.parm
arducopter: Smoothing reset at 0.001
arducopter: validate_structures:528: Validating structures
arducopter: Waiting for internal clock bits to be set (current=0x00)
arducopter: Loaded defaults from /tmp/tmpoz9xtbri,/home/umemoto/Ardupilot-UmemotoLab/Tools/autotest/default_params/copter.parm
arducopter: Loaded defaults from /tmp/tmpoz9xtbri,/home/umemoto/Ardupilot-UmemotoLab/Tools/autotest/default_params/copter.parm
arducopter: Loaded defaults from /tmp/tmpoz9xtbri,/home/umemoto/Ardupilot-UmemotoLab/Tools/autotest/default_params/copter.parm
arducopter: Loaded defaults from /tmp/tmpoz9xtbri,/home/umemoto/Ardupilot-UmemotoLab/Tools/autotest/default_params/copter.parm
arducopter: Loaded defaults from /tmp/tmpoz9xtbri,/home/umemoto/Ardupilot-UmemotoLab/Tools/autotest/default_params/copter.parm
arducopter: Loaded defaults from /tmp/tmpoz9xtbri,/home/umemoto/Ardupilot-UmemotoLab/Tools/autotest/default_params/copter.parm
AT-0026.8: get_parameter(STAT_BOOTCNT): PARAM_VALUE {param_id : STAT_BOOTCNT, param_value : 2.0, param_type : 4, param_count : 1356, param_index : 65535}
AT-0026.8: current=2.0 required=2
AT-0026.8: Doing timesync roundtrip
AT-0026.8: Received: TIMESYNC {tc1 : 185850000, ts1 : 242250}
AT-0026.8: Received TIMESYNC response after 0.000017s
AT-0026.8: Calling initialise-after-reboot
AT-0026.8: AP: RCInput: decoding UDP (Pulses)
AT-0026.8: Drained 0 messages from mav (0.000000/s)
AT-0026.8: AP: Calibrating barometer
AT-0026.8: Doing timesync roundtrip
AT-0026.8: Received: TIMESYNC {tc1 : 1025514000, ts1 : 243250}
AT-0026.8: Received TIMESYNC response after 0.000045s
AT-0026.8: AP: Barometer 1 calibration complete
AT-0026.8: AP: Barometer 2 calibration complete
AT-0026.8: AP: ArduPilot Ready
AT-0026.8: AP: AHRS: DCM active
AT-0026.8: Reboot complete
AT-0026.8: set_parameters: ({})
AT-0026.8: Simstate Close to startup location: dist=0.000000 max=1.000000 (simstate: lat=-35.362938,lon=149.165085,alt=0.0 start-loc: lat=-35.362938,lon=149.165085,alt=584.0)
AT-0026.8: Reset SITL commandline to default
AT-0026.8: OBS_FADE_TH not in XML
AT-0026.8: OBS_FADE_DLY not in XML
AT-0026.8: OBS_FADE_IN_T not in XML
AT-0026.8: OBS_FADE_OUT_T not in XML
AT-0026.8: Exception caught: Downloaded parameters missing in XML
Traceback (most recent call last):
  File "/home/umemoto/Ardupilot-UmemotoLab/Tools/autotest/vehicle_test_suite.py", line 8910, in run_one_test_attempt
    test_function(**test_kwargs)
  File "/home/umemoto/Ardupilot-UmemotoLab/Tools/autotest/vehicle_test_suite.py", line 12487, in Parameters
    self.test_parameter_documentation()
  File "/home/umemoto/Ardupilot-UmemotoLab/Tools/autotest/vehicle_test_suite.py", line 12480, in test_parameter_documentation
    self.test_parameter_documentation_get_all_parameters()
  File "/home/umemoto/Ardupilot-UmemotoLab/Tools/autotest/vehicle_test_suite.py", line 2779, in test_parameter_documentation_get_all_parameters
    raise NotAchievedException("Downloaded parameters missing in XML")
vehicle_test_suite.NotAchievedException: Downloaded parameters missing in XML

AT-0026.8: log list: ['logs/00000001.BIN', 'logs/00000002.BIN', 'logs/00000003.BIN', 'logs/00000004.BIN', 'logs/00000005.BIN', 'logs/00000006.BIN', 'logs/00000007.BIN', 'logs/00000008.BIN', 'logs/00000009.BIN', 'logs/00000010.BIN', 'logs/00000011.BIN', 'logs/00000012.BIN']
AT-0026.8: Most recent logfile: logs/00000012.BIN
AT-0026.8: AP: RC7: SaveWaypoint MIDDLE
AT-0026.8: Drained 27 messages from mav (21215.100787/s)
AT-0026.9: set_parameters: ({'LOG_DISARMED': 0.0, 'LOG_DARM_RATEMAX': 0.0, 'LOG_FILE_RATEMAX': 0.0})
AT-0026.9: LOG_DISARMED want=0.000000 autopilot=None (attempt=1/30)
AT-0026.9: Requesting (LOG_DISARMED)
AT-0026.9: LOG_DARM_RATEMAX want=0.000000 autopilot=None (attempt=1/30)
AT-0026.9: Requesting (LOG_DARM_RATEMAX)
AT-0026.9: LOG_FILE_RATEMAX want=0.000000 autopilot=None (attempt=1/30)
AT-0026.9: Requesting (LOG_FILE_RATEMAX)
AT-0026.9: Received wanted PARAM_VALUE LOG_DISARMED=1.000000
AT-0026.9: Received wanted PARAM_VALUE LOG_DARM_RATEMAX=5.000000
AT-0026.9: Received wanted PARAM_VALUE LOG_FILE_RATEMAX=10.000000
AT-0026.9: LOG_DISARMED want=0.000000 autopilot=1.0 (attempt=2/30)
AT-0026.9: Sending set (LOG_DISARMED) to (0.000000) (old=1.000000)
AT-0026.9: LOG_DARM_RATEMAX want=0.000000 autopilot=5.0 (attempt=2/30)
AT-0026.9: Sending set (LOG_DARM_RATEMAX) to (0.000000) (old=5.000000)
AT-0026.9: LOG_FILE_RATEMAX want=0.000000 autopilot=10.0 (attempt=2/30)
AT-0026.9: Sending set (LOG_FILE_RATEMAX) to (0.000000) (old=10.000000)
AT-0026.9: Received wanted PARAM_VALUE LOG_DISARMED=0.000000
AT-0026.9: Received wanted PARAM_VALUE LOG_DARM_RATEMAX=0.000000
AT-0026.9: Received wanted PARAM_VALUE LOG_FILE_RATEMAX=0.000000
AT-0026.9: AP: EKF3 IMU0 initialised
AT-0026.9: AP: EKF3 IMU1 initialised
AT-0026.9: LOG_DISARMED want=0.000000 autopilot=0.0 (attempt=3/30)
AT-0026.9: LOG_DISARMED is now 0.000000
AT-0026.9: LOG_DARM_RATEMAX want=0.000000 autopilot=0.0 (attempt=3/30)
AT-0026.9: LOG_DARM_RATEMAX is now 0.000000
AT-0026.9: LOG_FILE_RATEMAX want=0.000000 autopilot=0.0 (attempt=3/30)
AT-0026.9: LOG_FILE_RATEMAX is now 0.000000
AT-0026.9: AP: AHRS: EKF3 active
AT-0026.9: Doing implicit context-pop reboot
AT-0026.9: Drained 0 messages from mav (0.000000/s)
AT-0026.9: Rebooting SITL
AT-0026.9: Sending param_request_read for (STAT_RESET)
AT-0026.9: get_parameter(STAT_RESET): PARAM_VALUE {param_id : STAT_RESET, param_value : 1.0, param_type : 6, param_count : 1366, param_index : 65535}
AT-0026.9: Sending param_request_read for (STAT_BOOTCNT)
AT-0026.9: get_parameter(STAT_BOOTCNT): PARAM_VALUE {param_id : STAT_BOOTCNT, param_value : 2.0, param_type : 4, param_count : 1366, param_index : 65535}
AT-0026.9: Sending reboot command
AT-0026.9: Sending COMMAND_LONG to (1,1) (MAV_CMD_PREFLIGHT_REBOOT_SHUTDOWN=246) (p1=1.000000 p2=1.000000 p3=0.000000 p4=0.000000 p5=0.000000 p6=0.000000  p7=0.000000)
AT-0026.9: Sending param_request_read for (STAT_BOOTCNT)
AT-0026.9: While awaiting reboot received (COMMAND_ACK {command : 246, result : 0, progress : 0, result_param2 : 0, target_system : 250, target_component : 250})
EOF on TCP socket
Attempting reconnect
[Errno 111] Connection refused sleeping
arducopter: Suggested EK3_DRAG_BCOEF_* = 17.209, EK3_DRAG_MCOEF = 0.209
arducopter: Home: -35.362938 149.165085 alt=584.000000m hdg=270.000000
arducopter: Starting sketch 'ArduCopter'
arducopter: Starting SITL input
arducopter: Using Irlock at port : 9005
arducopter: bind port 5760 for SERIAL0
arducopter: SERIAL0 on TCP port 5760
arducopter: Waiting for connection ....
arducopter: Connection on serial port 5760
AT-0027.9: get_parameter(STAT_BOOTCNT): None
AT-0027.9: Sending param_request_read for (STAT_BOOTCNT)
arducopter: Loaded defaults from /tmp/tmpoz9xtbri,/home/umemoto/Ardupilot-UmemotoLab/Tools/autotest/default_params/copter.parm
arducopter: bind port 5762 for SERIAL1
arducopter: SERIAL1 on TCP port 5762
arducopter: bind port 5763 for SERIAL2
arducopter: SERIAL2 on TCP port 5763
arducopter: Loaded defaults from /tmp/tmpoz9xtbri,/home/umemoto/Ardupilot-UmemotoLab/Tools/autotest/default_params/copter.parm
arducopter: Smoothing reset at 0.001
arducopter: validate_structures:528: Validating structures
arducopter: Waiting for internal clock bits to be set (current=0x00)
arducopter: Loaded defaults from /tmp/tmpoz9xtbri,/home/umemoto/Ardupilot-UmemotoLab/Tools/autotest/default_params/copter.parm
arducopter: Loaded defaults from /tmp/tmpoz9xtbri,/home/umemoto/Ardupilot-UmemotoLab/Tools/autotest/default_params/copter.parm
arducopter: Loaded defaults from /tmp/tmpoz9xtbri,/home/umemoto/Ardupilot-UmemotoLab/Tools/autotest/default_params/copter.parm
arducopter: Loaded defaults from /tmp/tmpoz9xtbri,/home/umemoto/Ardupilot-UmemotoLab/Tools/autotest/default_params/copter.parm
arducopter: Loaded defaults from /tmp/tmpoz9xtbri,/home/umemoto/Ardupilot-UmemotoLab/Tools/autotest/default_params/copter.parm
arducopter: Loaded defaults from /tmp/tmpoz9xtbri,/home/umemoto/Ardupilot-UmemotoLab/Tools/autotest/default_params/copter.parm
AT-0027.9: get_parameter(STAT_BOOTCNT): PARAM_VALUE {param_id : STAT_BOOTCNT, param_value : 3.0, param_type : 4, param_count : 1356, param_index : 65535}
AT-0027.9: current=3.0 required=3
AT-0027.9: Doing timesync roundtrip
AT-0027.9: Received: TIMESYNC {tc1 : 174188000, ts1 : 246250}
AT-0027.9: Received TIMESYNC response after 0.000086s
AT-0027.9: Calling initialise-after-reboot
AT-0027.9: AP: RCInput: decoding UDP (Pulses)
AT-0027.9: Drained 0 messages from mav (0.000000/s)
AT-0027.9: AP: Calibrating barometer
AT-0027.9: Doing timesync roundtrip
AT-0027.9: Received: TIMESYNC {tc1 : 1023848000, ts1 : 247250}
AT-0027.9: Received TIMESYNC response after 0.000012s
AT-0027.9: AP: Barometer 1 calibration complete
AT-0027.9: AP: Barometer 2 calibration complete
AT-0027.9: AP: ArduPilot Ready
AT-0027.9: AP: AHRS: DCM active
AT-0027.9: Reboot complete
AT-0027.9: set_parameters: ({})
AT-0027.9: Simstate Close to startup location: dist=0.000000 max=1.000000 (simstate: lat=-35.362938,lon=149.165085,alt=0.0 start-loc: lat=-35.362938,lon=149.165085,alt=584.0)
AT-0027.9: AP: RC7: SaveWaypoint MIDDLE
AT-0027.9: Drained 4 messages from mav (20140.715486/s)
AT-0027.9: Test failed but ArduPilot process alive; rebooting
AT-0027.9: Drained 0 messages from mav (0.000000/s)
AT-0027.9: Rebooting SITL
AT-0027.9: Sending param_request_read for (STAT_RESET)
AT-0027.9: get_parameter(STAT_RESET): PARAM_VALUE {param_id : STAT_RESET, param_value : 1.0, param_type : 6, param_count : 1366, param_index : 65535}
AT-0027.9: Sending param_request_read for (STAT_BOOTCNT)
AT-0027.9: get_parameter(STAT_BOOTCNT): PARAM_VALUE {param_id : STAT_BOOTCNT, param_value : 3.0, param_type : 4, param_count : 1366, param_index : 65535}
AT-0027.9: Sending reboot command
AT-0027.9: Sending COMMAND_LONG to (1,1) (MAV_CMD_PREFLIGHT_REBOOT_SHUTDOWN=246) (p1=1.000000 p2=1.000000 p3=0.000000 p4=0.000000 p5=0.000000 p6=0.000000  p7=0.000000)
AT-0027.9: Sending param_request_read for (STAT_BOOTCNT)
AT-0027.9: While awaiting reboot received (COMMAND_ACK {command : 246, result : 0, progress : 0, result_param2 : 0, target_system : 250, target_component : 250})
EOF on TCP socket
Attempting reconnect
[Errno 111] Connection refused sleeping
arducopter: Suggested EK3_DRAG_BCOEF_* = 17.209, EK3_DRAG_MCOEF = 0.209
arducopter: Home: -35.362938 149.165085 alt=584.000000m hdg=270.000000
arducopter: Starting sketch 'ArduCopter'
arducopter: Starting SITL input
arducopter: Using Irlock at port : 9005
arducopter: bind port 5760 for SERIAL0
arducopter: SERIAL0 on TCP port 5760
arducopter: Waiting for connection ....
arducopter: Connection on serial port 5760
AT-0029.0: get_parameter(STAT_BOOTCNT): None
AT-0029.0: Sending param_request_read for (STAT_BOOTCNT)
arducopter: Loaded defaults from /tmp/tmpoz9xtbri,/home/umemoto/Ardupilot-UmemotoLab/Tools/autotest/default_params/copter.parm
arducopter: bind port 5762 for SERIAL1
arducopter: SERIAL1 on TCP port 5762
arducopter: bind port 5763 for SERIAL2
arducopter: SERIAL2 on TCP port 5763
arducopter: Loaded defaults from /tmp/tmpoz9xtbri,/home/umemoto/Ardupilot-UmemotoLab/Tools/autotest/default_params/copter.parm
arducopter: Smoothing reset at 0.001
arducopter: validate_structures:528: Validating structures
arducopter: Waiting for internal clock bits to be set (current=0x00)
arducopter: Loaded defaults from /tmp/tmpoz9xtbri,/home/umemoto/Ardupilot-UmemotoLab/Tools/autotest/default_params/copter.parm
arducopter: Loaded defaults from /tmp/tmpoz9xtbri,/home/umemoto/Ardupilot-UmemotoLab/Tools/autotest/default_params/copter.parm
arducopter: Loaded defaults from /tmp/tmpoz9xtbri,/home/umemoto/Ardupilot-UmemotoLab/Tools/autotest/default_params/copter.parm
arducopter: Loaded defaults from /tmp/tmpoz9xtbri,/home/umemoto/Ardupilot-UmemotoLab/Tools/autotest/default_params/copter.parm
arducopter: Loaded defaults from /tmp/tmpoz9xtbri,/home/umemoto/Ardupilot-UmemotoLab/Tools/autotest/default_params/copter.parm
arducopter: Loaded defaults from /tmp/tmpoz9xtbri,/home/umemoto/Ardupilot-UmemotoLab/Tools/autotest/default_params/copter.parm
AT-0029.0: get_parameter(STAT_BOOTCNT): PARAM_VALUE {param_id : STAT_BOOTCNT, param_value : 4.0, param_type : 4, param_count : 1356, param_index : 65535}
AT-0029.0: current=4.0 required=4
AT-0029.0: Doing timesync roundtrip
AT-0029.0: AP: RCInput: decoding UDP (Pulses)
AT-0029.0: Received: TIMESYNC {tc1 : 195846000, ts1 : 248250}
AT-0029.0: Received TIMESYNC response after 0.000047s
AT-0029.0: Calling initialise-after-reboot
AT-0029.0: Drained 0 messages from mav (0.000000/s)
AT-0029.0: AP: Calibrating barometer
AT-0029.0: Doing timesync roundtrip
AT-0029.0: Received: TIMESYNC {tc1 : 1022182000, ts1 : 249250}
AT-0029.0: Received TIMESYNC response after 0.000011s
AT-0029.0: AP: Barometer 1 calibration complete
AT-0029.0: AP: Barometer 2 calibration complete
AT-0029.0: AP: ArduPilot Ready
AT-0029.0: AP: AHRS: DCM active
AT-0029.0: Reboot complete
AT-0029.0: set_parameters: ({})
AT-0029.0: Simstate Close to startup location: dist=0.000000 max=1.000000 (simstate: lat=-35.362938,lon=149.165085,alt=0.0 start-loc: lat=-35.362938,lon=149.165085,alt=584.0)
Renaming autotest-1778514916388825.tlog to /home/umemoto/buildlogs/ArduCopter-Parameters-autotest-1778514916388825.tlog
Renaming logs/00000001.BIN to /home/umemoto/buildlogs/ArduCopter-Parameters-00000001.BIN
Renaming logs/00000002.BIN to /home/umemoto/buildlogs/ArduCopter-Parameters-00000002.BIN
Renaming logs/00000003.BIN to /home/umemoto/buildlogs/ArduCopter-Parameters-00000003.BIN
Renaming logs/00000004.BIN to /home/umemoto/buildlogs/ArduCopter-Parameters-00000004.BIN
Renaming logs/00000005.BIN to /home/umemoto/buildlogs/ArduCopter-Parameters-00000005.BIN
Renaming logs/00000006.BIN to /home/umemoto/buildlogs/ArduCopter-Parameters-00000006.BIN
Renaming logs/00000007.BIN to /home/umemoto/buildlogs/ArduCopter-Parameters-00000007.BIN
Renaming logs/00000008.BIN to /home/umemoto/buildlogs/ArduCopter-Parameters-00000008.BIN
Renaming logs/00000009.BIN to /home/umemoto/buildlogs/ArduCopter-Parameters-00000009.BIN
Renaming logs/00000010.BIN to /home/umemoto/buildlogs/ArduCopter-Parameters-00000010.BIN
Renaming logs/00000011.BIN to /home/umemoto/buildlogs/ArduCopter-Parameters-00000011.BIN
Renaming logs/00000012.BIN to /home/umemoto/buildlogs/ArduCopter-Parameters-00000012.BIN
AT-0029.0: FAILED: "Parameters (general small tests for parameter system)": NotAchievedException('Downloaded parameters missing in XML') (see /home/umemoto/buildlogs/ArduCopter-Parameters.txt)
AT-0029.0: Resetting SITL commandline to default
AT-0029.0: Stopping SITL
AT-0029.1: Starting SITL
Running: "/home/umemoto/Ardupilot-UmemotoLab/build/sitl/bin/arducopter" "-w" "--home" "-35.362938,149.165085,584,270" "--model" "+" "--serial1=tcp:2" "--defaults" "/tmp/tmp78zlwj00,/home/umemoto/Ardupilot-UmemotoLab/Tools/autotest/default_params/copter.parm"
arducopter: Suggested EK3_DRAG_BCOEF_* = 17.209, EK3_DRAG_MCOEF = 0.209
arducopter: Home: -35.362938 149.165085 alt=584.000000m hdg=270.000000
arducopter: Starting sketch 'ArduCopter'
arducopter: Starting SITL input
arducopter: Using Irlock at port : 9005
arducopter: bind port 5760 for SERIAL0
arducopter: SERIAL0 on TCP port 5760
arducopter: Waiting for connection ....
Attempting reconnect
AT-0029.1: Doing timesync roundtrip
arducopter: Connection on serial port 5760
arducopter: Loaded defaults from /tmp/tmp78zlwj00,/home/umemoto/Ardupilot-UmemotoLab/Tools/autotest/default_params/copter.parm
arducopter: Smoothing reset at 0.001
arducopter: bind port 5762 for SERIAL1
arducopter: SERIAL1 on TCP port 5762
arducopter: bind port 5763 for SERIAL2
arducopter: SERIAL2 on TCP port 5763
arducopter: Loaded defaults from /tmp/tmp78zlwj00,/home/umemoto/Ardupilot-UmemotoLab/Tools/autotest/default_params/copter.parm
arducopter: validate_structures:528: Validating structures
arducopter: Waiting for internal clock bits to be set (current=0x00)
arducopter: Loaded defaults from /tmp/tmp78zlwj00,/home/umemoto/Ardupilot-UmemotoLab/Tools/autotest/default_params/copter.parm
arducopter: Loaded defaults from /tmp/tmp78zlwj00,/home/umemoto/Ardupilot-UmemotoLab/Tools/autotest/default_params/copter.parm
arducopter: Loaded defaults from /tmp/tmp78zlwj00,/home/umemoto/Ardupilot-UmemotoLab/Tools/autotest/default_params/copter.parm
arducopter: Loaded defaults from /tmp/tmp78zlwj00,/home/umemoto/Ardupilot-UmemotoLab/Tools/autotest/default_params/copter.parm
arducopter: Loaded defaults from /tmp/tmp78zlwj00,/home/umemoto/Ardupilot-UmemotoLab/Tools/autotest/default_params/copter.parm
arducopter: Loaded defaults from /tmp/tmp78zlwj00,/home/umemoto/Ardupilot-UmemotoLab/Tools/autotest/default_params/copter.parm
AT-0029.1: Received: TIMESYNC {tc1 : -1575000, ts1 : 250250}
AT-0029.1: Received TIMESYNC response after 0.000042s
AT-0029.1: AP: RCInput: decoding UDP (Pulses)
AT-0029.1: AP: Calibrating barometer
AT-0029.2: AP: Barometer 1 calibration complete
AT-0029.2: AP: Barometer 2 calibration complete
AT-0029.2: AP: ArduPilot Ready
AT-0029.2: AP: AHRS: DCM active
AT-0029.2: set_parameters: ({'LOG_DISARMED': 1, 'LOG_DARM_RATEMAX': 5, 'LOG_FILE_RATEMAX': 10})
AT-0029.2: LOG_DISARMED want=1.000000 autopilot=None (attempt=1/30)
AT-0029.2: Requesting (LOG_DISARMED)
AT-0029.2: LOG_DARM_RATEMAX want=5.000000 autopilot=None (attempt=1/30)
AT-0029.2: Requesting (LOG_DARM_RATEMAX)
AT-0029.2: LOG_FILE_RATEMAX want=10.000000 autopilot=None (attempt=1/30)
AT-0029.2: Requesting (LOG_FILE_RATEMAX)
AT-0029.2: Received wanted PARAM_VALUE LOG_DISARMED=0.000000
AT-0029.2: Received wanted PARAM_VALUE LOG_DARM_RATEMAX=0.000000
AT-0029.2: Received wanted PARAM_VALUE LOG_FILE_RATEMAX=0.000000
AT-0029.2: AP: RC7: SaveWaypoint MIDDLE
AT-0029.2: LOG_DISARMED want=1.000000 autopilot=0.0 (attempt=2/30)
AT-0029.2: Sending set (LOG_DISARMED) to (1.000000) (old=0.000000)
AT-0029.2: LOG_DARM_RATEMAX want=5.000000 autopilot=0.0 (attempt=2/30)
AT-0029.2: Sending set (LOG_DARM_RATEMAX) to (5.000000) (old=0.000000)
AT-0029.2: LOG_FILE_RATEMAX want=10.000000 autopilot=0.0 (attempt=2/30)
AT-0029.2: Sending set (LOG_FILE_RATEMAX) to (10.000000) (old=0.000000)
AT-0029.2: Received wanted PARAM_VALUE LOG_DISARMED=1.000000
AT-0029.2: Received wanted PARAM_VALUE LOG_DARM_RATEMAX=5.000000
AT-0029.2: Received wanted PARAM_VALUE LOG_FILE_RATEMAX=10.000000
AT-0029.2: LOG_DISARMED want=1.000000 autopilot=1.0 (attempt=3/30)
AT-0029.2: LOG_DISARMED is now 1.000000
AT-0029.2: LOG_DARM_RATEMAX want=5.000000 autopilot=5.0 (attempt=3/30)
AT-0029.2: LOG_DARM_RATEMAX is now 5.000000
AT-0029.2: LOG_FILE_RATEMAX want=10.000000 autopilot=10.0 (attempt=3/30)
AT-0029.2: LOG_FILE_RATEMAX is now 10.000000
AT-0029.2: Drained 0 messages from mav (0.000000/s)
AT-0029.2: Rebooting SITL
AT-0029.2: Sending param_request_read for (STAT_RESET)
AT-0029.2: get_parameter(STAT_RESET): PARAM_VALUE {param_id : STAT_RESET, param_value : 1.0, param_type : 6, param_count : 1366, param_index : 65535}
AT-0029.2: Sending param_request_read for (STAT_BOOTCNT)
AT-0029.2: get_parameter(STAT_BOOTCNT): PARAM_VALUE {param_id : STAT_BOOTCNT, param_value : 1.0, param_type : 4, param_count : 1366, param_index : 65535}
AT-0029.2: Sending reboot command
AT-0029.2: Sending COMMAND_LONG to (1,1) (MAV_CMD_PREFLIGHT_REBOOT_SHUTDOWN=246) (p1=1.000000 p2=1.000000 p3=0.000000 p4=0.000000 p5=0.000000 p6=0.000000  p7=0.000000)
AT-0029.2: Sending param_request_read for (STAT_BOOTCNT)
AT-0029.2: While awaiting reboot received (COMMAND_ACK {command : 246, result : 0, progress : 0, result_param2 : 0, target_system : 250, target_component : 250})
EOF on TCP socket
Attempting reconnect
[Errno 111] Connection refused sleeping
arducopter: Suggested EK3_DRAG_BCOEF_* = 17.209, EK3_DRAG_MCOEF = 0.209
arducopter: Home: -35.362938 149.165085 alt=584.000000m hdg=270.000000
arducopter: Starting sketch 'ArduCopter'
arducopter: Starting SITL input
arducopter: Using Irlock at port : 9005
arducopter: bind port 5760 for SERIAL0
arducopter: SERIAL0 on TCP port 5760
arducopter: Waiting for connection ....
arducopter: Connection on serial port 5760
AT-0030.2: get_parameter(STAT_BOOTCNT): None
AT-0030.2: Sending param_request_read for (STAT_BOOTCNT)
arducopter: Loaded defaults from /tmp/tmp78zlwj00,/home/umemoto/Ardupilot-UmemotoLab/Tools/autotest/default_params/copter.parm
arducopter: bind port 5762 for SERIAL1
arducopter: SERIAL1 on TCP port 5762
arducopter: bind port 5763 for SERIAL2
arducopter: SERIAL2 on TCP port 5763
arducopter: Loaded defaults from /tmp/tmp78zlwj00,/home/umemoto/Ardupilot-UmemotoLab/Tools/autotest/default_params/copter.parm
arducopter: Smoothing reset at 0.001
arducopter: validate_structures:528: Validating structures
arducopter: Waiting for internal clock bits to be set (current=0x00)
arducopter: Loaded defaults from /tmp/tmp78zlwj00,/home/umemoto/Ardupilot-UmemotoLab/Tools/autotest/default_params/copter.parm
arducopter: Loaded defaults from /tmp/tmp78zlwj00,/home/umemoto/Ardupilot-UmemotoLab/Tools/autotest/default_params/copter.parm
arducopter: Loaded defaults from /tmp/tmp78zlwj00,/home/umemoto/Ardupilot-UmemotoLab/Tools/autotest/default_params/copter.parm
arducopter: Loaded defaults from /tmp/tmp78zlwj00,/home/umemoto/Ardupilot-UmemotoLab/Tools/autotest/default_params/copter.parm
arducopter: Loaded defaults from /tmp/tmp78zlwj00,/home/umemoto/Ardupilot-UmemotoLab/Tools/autotest/default_params/copter.parm
arducopter: Loaded defaults from /tmp/tmp78zlwj00,/home/umemoto/Ardupilot-UmemotoLab/Tools/autotest/default_params/copter.parm
AT-0030.2: get_parameter(STAT_BOOTCNT): PARAM_VALUE {param_id : STAT_BOOTCNT, param_value : 2.0, param_type : 4, param_count : 1356, param_index : 65535}
AT-0030.2: current=2.0 required=2
AT-0030.2: Doing timesync roundtrip
AT-0030.2: Received: TIMESYNC {tc1 : 195013000, ts1 : 253250}
AT-0030.2: Received TIMESYNC response after 0.000015s
AT-0030.2: Calling initialise-after-reboot
AT-0030.2: AP: RCInput: decoding UDP (Pulses)
AT-0030.2: Drained 0 messages from mav (0.000000/s)
AT-0030.2: AP: Calibrating barometer
AT-0030.2: Doing timesync roundtrip
AT-0030.2: Received: TIMESYNC {tc1 : 1038842000, ts1 : 254250}
AT-0030.2: Received TIMESYNC response after 0.000014s
AT-0030.2: AP: Barometer 1 calibration complete
AT-0030.2: AP: Barometer 2 calibration complete
AT-0030.2: AP: ArduPilot Ready
AT-0030.2: AP: AHRS: DCM active
AT-0030.2: Reboot complete
AT-0030.2: set_parameters: ({})
AT-0030.2: Simstate Close to startup location: dist=0.000000 max=1.000000 (simstate: lat=-35.362938,lon=149.165085,alt=0.0 start-loc: lat=-35.362938,lon=149.165085,alt=584.0)
AT-0030.2: Reset SITL commandline to default
AT-0030.2: AP: RC7: SaveWaypoint MIDDLE
AT-0030.2: Received (MISSION_ACK {target_system : 250, target_component : 250, type : 0, mission_type : 1})
AT-0030.2: MISSION_ACK.target_system has expected value 250
AT-0030.2: MISSION_ACK.target_component has expected value 250
AT-0030.2: MISSION_ACK.type has expected value 0 (MAV_MISSION_ACCEPTED)
AT-0030.2: AP: Fence Indexed OK
AT-0030.2: Received (MISSION_ACK {target_system : 250, target_component : 250, type : 0, mission_type : 0})
AT-0030.2: MISSION_ACK.target_system has expected value 250
AT-0030.2: MISSION_ACK.target_component has expected value 250
AT-0030.2: MISSION_ACK.type has expected value 0 (MAV_MISSION_ACCEPTED)
AT-0030.2: AP: Flight plan received
AT-0030.2: Received (MISSION_ACK {target_system : 250, target_component : 250, type : 0, mission_type : 2})
AT-0030.2: MISSION_ACK.target_system has expected value 250
AT-0030.2: MISSION_ACK.target_component has expected value 250
AT-0030.2: MISSION_ACK.type has expected value 0 (MAV_MISSION_ACCEPTED)
AT-0030.2: ##################################################################################
AT-0030.2: ########## ModeLoiter (Hold loiter position.)  ##########
AT-0030.2: ##################################################################################
AT-0030.2: Doing timesync roundtrip
AT-0030.2: Received: TIMESYNC {tc1 : 2988062000, ts1 : 255250}
AT-0030.2: Received TIMESYNC response after 0.000000s
AT-0030.2: RC values good
AT-0030.2: Drained 12 messages from mav (19964.953590/s)
AT-0030.2: Changing mode to STABILIZE
AT-0030.2: Sending COMMAND_LONG to (1,1) (MAV_CMD_DO_SET_MODE=176) (p1=1.000000 p2=0.000000 p3=0.000000 p4=0.000000 p5=0.000000 p6=0.000000  p7=0.000000)
AT-0030.2: AP: EKF3 IMU0 initialised
AT-0030.2: AP: EKF3 IMU1 initialised
AT-0030.2: AP: AHRS: EKF3 active
AT-0030.3: Got mode STABILIZE
AT-0030.3: TAKEOFF
AT-0030.3: Drained 0 messages from mav (0.000000/s)
AT-0030.3: AP: EKF3 IMU1 tilt alignment complete
AT-0030.3: AP: EKF3 IMU0 tilt alignment complete
AT-0030.3: AP: EKF3 IMU1 MAG0 initial yaw alignment complete
AT-0030.3: AP: EKF3 IMU0 MAG0 initial yaw alignment complete
AT-0030.3: Changing mode to LOITER
AT-0030.3: Sending COMMAND_LONG to (1,1) (MAV_CMD_DO_SET_MODE=176) (p1=1.000000 p2=5.000000 p3=0.000000 p4=0.000000 p5=0.000000 p6=0.000000  p7=0.000000)
AT-0030.3: Got mode LOITER
AT-0030.3: Drained 0 messages from mav (0.000000/s)
AT-0030.3: Waiting for ready to arm
AT-0030.3: Sending param_request_read for (AHRS_EKF_TYPE)
AT-0030.3: get_parameter(AHRS_EKF_TYPE): PARAM_VALUE {param_id : AHRS_EKF_TYPE, param_value : 3.0, param_type : 2, param_count : 1366, param_index : 65535}
AT-0030.3: Waiting for EKF value 831
AT-0030.3: Want=831 got=167 errors=128
AT-0030.3: Want=831 got=167 errors=128
AT-0030.3: AP: GPS 1: probing for u-blox at 230400 baud
AT-0030.3: AP: GPS 1: detected u-blox
AT-0030.4: Want=831 got=167 errors=128
AT-0030.4: Want=831 got=167 errors=128
AT-0030.4: Want=831 got=167 errors=128
AT-0030.4: Want=831 got=167 errors=128
AT-0030.4: Want=831 got=167 errors=128
AT-0030.5: Want=831 got=167 errors=128
AT-0030.5: Want=831 got=167 errors=128
AT-0030.5: Want=831 got=167 errors=128
AT-0030.5: Want=831 got=167 errors=128
AT-0030.5: AP: EKF3 IMU1 origin set
AT-0030.5: AP: Field Elevation Set: 584m
AT-0030.5: AP: EKF3 IMU0 origin set
AT-0030.6: Want=831 got=167 errors=128
AT-0030.6: Want=831 got=167 errors=128
AT-0030.6: Want=831 got=167 errors=128
AT-0030.6: Want=831 got=167 errors=128
AT-0030.6: Want=831 got=167 errors=128
AT-0030.6: Want=831 got=167 errors=128
AT-0030.7: Want=831 got=167 errors=128
AT-0030.7: Want=831 got=167 errors=128
AT-0030.7: Want=831 got=167 errors=128
AT-0030.7: AP: PreArm: Need Position Estimate
AT-0030.7: Want=831 got=167 errors=128
AT-0030.7: Want=831 got=167 errors=128
AT-0030.8: Want=831 got=167 errors=128
AT-0030.8: Want=831 got=167 errors=128
AT-0030.8: Want=831 got=167 errors=128
AT-0030.8: Want=831 got=167 errors=128
AT-0030.8: Want=831 got=167 errors=128
AT-0030.9: Want=831 got=167 errors=128
AT-0030.9: Want=831 got=167 errors=128
AT-0030.9: Want=831 got=167 errors=128
AT-0030.9: AP: EKF3 IMU0 is using GPS
AT-0030.9: AP: EKF3 IMU1 is using GPS
AT-0030.9: Want=831 got=831 errors=0
AT-0030.9: EKF Flags OK
AT-0030.9: Waiting for GPS health
AT-0030.9: GPS healthy after 0.000000/30.000000 seconds
AT-0030.9: Polled home position (HOME_POSITION {latitude : -353629380, longitude : 1491650850, altitude : 584090, x : 0.0, y : 0.0, z : -0.0, q : [nan, nan, nan, nan], approach_x : 0.0, approach_y : 0.0, approach_z : 0.0, time_usec : 42589624})
AT-0030.9: Doing timesync roundtrip
AT-0030.9: Received: TIMESYNC {tc1 : 42772975000, ts1 : 256250}
AT-0030.9: Received TIMESYNC response after 0.000000s
AT-0030.9: Took 35 seconds to become armable
AT-0031.0: RC values good
AT-0031.0: Arm motors with MAVLink cmd
AT-0031.0: Sending COMMAND_LONG to (1,1) (MAV_CMD_COMPONENT_ARM_DISARM=400) (p1=1.000000 p2=0.000000 p3=0.000000 p4=0.000000 p5=0.000000 p6=0.000000  p7=0.000000)
AT-0031.0: ACK received: COMMAND_ACK {command : 400, result : 0, progress : 0, result_param2 : 0, target_system : 250, target_component : 250} (0.000000s)
AT-0031.0: AP: Arming motors
AT-0031.0: AP: AP_Observer: Takeoff detected, starting frequency 
AT-0031.0: AP: estimation
AT-0031.0: Motors ARMED
AT-0031.0: RC values good
AT-0031.0: Waiting for Altitude=12.00 with accuracy 3.00
AT-0031.0: Altitude=0.00 (want 12.000000 +- 3.000000)
AT-0031.0: Altitude=0.00 (want 12.000000 +- 3.000000)
AT-0031.0: Altitude=0.18 (want 12.000000 +- 3.000000)
AT-0031.1: Altitude=0.86 (want 12.000000 +- 3.000000)
AT-0031.1: Altitude=1.54 (want 12.000000 +- 3.000000)
AT-0031.1: Altitude=2.15 (want 12.000000 +- 3.000000)
AT-0031.1: AP: EKF3 IMU0 MAG0 in-flight yaw alignment complete
AT-0031.1: AP: EKF3 IMU1 MAG0 in-flight yaw alignment complete
AT-0031.1: Altitude=2.90 (want 12.000000 +- 3.000000)
AT-0031.1: Altitude=3.65 (want 12.000000 +- 3.000000)
AT-0031.2: Altitude=4.29 (want 12.000000 +- 3.000000)
AT-0031.2: Altitude=5.05 (want 12.000000 +- 3.000000)
AT-0031.2: Altitude=5.69 (want 12.000000 +- 3.000000)
AT-0031.2: Altitude=6.45 (want 12.000000 +- 3.000000)
AT-0031.3: Altitude=7.10 (want 12.000000 +- 3.000000)
AT-0031.3: Altitude=7.87 (want 12.000000 +- 3.000000)
AT-0031.3: Altitude=8.50 (want 12.000000 +- 3.000000)
AT-0031.3: Attained Altitude=9.142
AT-0031.3: RC values good
AT-0031.3: TAKEOFF COMPLETE
AT-0031.3: turn south east
AT-0031.3: RC values good
AT-0031.3: Waiting for Heading=170.00 with accuracy 5.00
AT-0031.3: Heading=285.00 (want 170.000000 +- 5.000000)
AT-0031.4: Heading=316.00 (want 170.000000 +- 5.000000)
AT-0031.4: Heading=341.00 (want 170.000000 +- 5.000000)
AT-0031.4: Heading=12.00 (want 170.000000 +- 5.000000)
AT-0031.4: Heading=37.00 (want 170.000000 +- 5.000000)
AT-0031.5: Heading=68.00 (want 170.000000 +- 5.000000)
AT-0031.5: Heading=93.00 (want 170.000000 +- 5.000000)
AT-0031.5: Heading=124.00 (want 170.000000 +- 5.000000)
AT-0031.5: Heading=149.00 (want 170.000000 +- 5.000000)
AT-0031.5: Attained Heading=170.0
AT-0031.5: RC values good
AT-0031.5: RC values good
AT-0031.6: Waiting for Distance=50.00 with accuracy 2.00
AT-0031.6: Distance=1.49 (want 50.000000 +- 2.000000)
AT-0031.6: Distance=6.06 (want 50.000000 +- 2.000000)
AT-0031.6: Distance=12.66 (want 50.000000 +- 2.000000)
AT-0031.6: Distance=20.73 (want 50.000000 +- 2.000000)
AT-0031.7: Distance=29.87 (want 50.000000 +- 2.000000)
AT-0031.7: Distance=39.80 (want 50.000000 +- 2.000000)
AT-0031.7: Distance=50.25 (got 50.000000 +- 2.000000)
AT-0031.7: Attained Distance=50.254790772010296
AT-0031.7: RC values good
AT-0031.7: Waiting for groundspeed between (0) and (2)
AT-0031.7: groundspeed=7.67 (want between 0 and 2)
AT-0031.7: groundspeed=4.88 (want between 0 and 2)
AT-0031.8: Attained groundspeed=1.9959287643432617
AT-0031.8: Holding loiter at 593 meters for 10 seconds
AT-0031.8: Loiter Dist: 0.46m, alt:593
AT-0031.8: Loiter Dist: 0.46m, alt:593
AT-0031.8: Loiter Dist: 0.43m, alt:593
AT-0031.8: Loiter Dist: 0.41m, alt:593
AT-0031.8: Loiter Dist: 0.39m, alt:593
AT-0031.9: Loiter Dist: 0.40m, alt:593
AT-0031.9: Loiter Dist: 0.41m, alt:593
AT-0031.9: Loiter Dist: 0.41m, alt:593
AT-0031.9: Loiter Dist: 0.43m, alt:593
AT-0031.9: Loiter Dist: 0.42m, alt:593
AT-0031.9: Loiter Dist: 0.42m, alt:593
AT-0031.9: Loiter Dist: 0.42m, alt:593
AT-0031.9: Loiter Dist: 0.41m, alt:593
AT-0031.9: Loiter Dist: 0.41m, alt:593
AT-0032.0: Loiter Dist: 0.41m, alt:593
AT-0032.0: Loiter Dist: 0.40m, alt:593
AT-0032.0: Loiter Dist: 0.38m, alt:593
AT-0032.0: Loiter OK for 10 seconds
AT-0032.0: Climb to 30m
AT-0032.0: Waiting for Altitude=27.50 with accuracy 2.50
AT-0032.0: RC values good
AT-0032.0: Altitude=9.56 (want 27.500000 +- 2.500000)
AT-0032.0: RC values good
AT-0032.0: RC values good
AT-0032.0: Altitude=10.34 (want 27.500000 +- 2.500000)
AT-0032.0: RC values good
AT-0032.0: RC values good
AT-0032.0: Altitude=12.80 (want 27.500000 +- 2.500000)
AT-0032.1: RC values good
AT-0032.1: RC values good
AT-0032.1: Altitude=15.11 (want 27.500000 +- 2.500000)
AT-0032.1: RC values good
AT-0032.1: RC values good
AT-0032.1: Altitude=17.51 (want 27.500000 +- 2.500000)
AT-0032.1: RC values good
AT-0032.1: RC values good
AT-0032.1: Altitude=19.87 (want 27.500000 +- 2.500000)
AT-0032.1: RC values good
AT-0032.1: RC values good
AT-0032.1: Altitude=22.38 (want 27.500000 +- 2.500000)
AT-0032.2: RC values good
AT-0032.2: RC values good
AT-0032.2: Altitude=24.69 (want 27.500000 +- 2.500000)
AT-0032.2: RC values good
AT-0032.2: Attained Altitude=25.901
AT-0032.2: RC values good
AT-0032.2: Descend to 20m
AT-0032.2: Waiting for Altitude=17.50 with accuracy 2.50
AT-0032.2: RC values good
AT-0032.2: Altitude=28.01 (want 17.500000 +- 2.500000)
AT-0032.2: RC values good
AT-0032.2: RC values good
AT-0032.2: Altitude=27.35 (want 17.500000 +- 2.500000)
AT-0032.2: RC values good
AT-0032.3: RC values good
AT-0032.3: Altitude=24.84 (want 17.500000 +- 2.500000)
AT-0032.3: RC values good
AT-0032.3: RC values good
AT-0032.3: Altitude=22.28 (want 17.500000 +- 2.500000)
AT-0032.3: RC values good
AT-0032.3: RC values good
AT-0032.3: Altitude=19.70 (got 17.500000 +- 2.500000)
AT-0032.3: Attained Altitude=19.703
AT-0032.3: RC values good
AT-0032.3: Drained 15 messages from mav (37718.561151/s)
AT-0032.3: Changing mode to RTL
AT-0032.3: Sending COMMAND_LONG to (1,1) (MAV_CMD_DO_SET_MODE=176) (p1=1.000000 p2=6.000000 p3=0.000000 p4=0.000000 p5=0.000000 p6=0.000000  p7=0.000000)
AT-0032.3: Got mode RTL
AT-0032.3: RC values good
AT-0032.3: Waiting RTL to reach Home and disarm
AT-0032.4: Drained 24 messages from mav (24221.197305/s)
AT-0032.4: Drained 24 messages from mav (21336.010174/s)
AT-0032.4: Drained 24 messages from mav (21699.352447/s)
AT-0032.4: Drained 24 messages from mav (23125.039283/s)
AT-0032.4: Drained 24 messages from mav (34675.610059/s)
AT-0032.4: Drained 24 messages from mav (37800.711979/s)
AT-0032.5: Drained 24 messages from mav (32503.485954/s)
AT-0032.5: Drained 24 messages from mav (34940.401250/s)
AT-0032.5: Drained 24 messages from mav (21807.473137/s)
AT-0032.5: Drained 24 messages from mav (36538.401452/s)
AT-0032.5: Drained 24 messages from mav (25917.429454/s)
AT-0032.6: Drained 24 messages from mav (25659.774662/s)
AT-0032.6: Drained 24 messages from mav (27081.866021/s)
AT-0032.6: Drained 24 messages from mav (18392.708935/s)
AT-0032.6: Drained 24 messages from mav (29433.712281/s)
AT-0032.6: Drained 24 messages from mav (37957.502262/s)
AT-0032.7: Drained 24 messages from mav (24892.011869/s)
AT-0032.7: Drained 24 messages from mav (38836.148148/s)
AT-0032.7: Drained 24 messages from mav (32078.806883/s)
AT-0032.7: Drained 24 messages from mav (24690.531273/s)
AT-0032.7: Drained 24 messages from mav (32545.520854/s)
AT-0032.8: Drained 23 messages from mav (34233.141235/s)
AT-0032.8: Drained 23 messages from mav (29438.203235/s)
AT-0032.8: Drained 23 messages from mav (29474.180263/s)
AT-0032.8: Drained 23 messages from mav (21281.489521/s)
AT-0032.8: Drained 23 messages from mav (32823.746853/s)
AT-0032.9: Drained 23 messages from mav (21118.430823/s)
AT-0032.9: Drained 23 messages from mav (31701.936247/s)
AT-0032.9: Drained 23 messages from mav (21058.500764/s)
AT-0032.9: Drained 23 messages from mav (29259.627540/s)
AT-0032.9: Drained 23 messages from mav (42572.370697/s)
AT-0033.0: Drained 23 messages from mav (28779.532220/s)
AT-0033.0: Drained 23 messages from mav (31494.936990/s)
AT-0033.0: Drained 23 messages from mav (36989.644172/s)
AT-0033.0: Drained 23 messages from mav (20786.251239/s)
AT-0033.0: Drained 23 messages from mav (21220.631764/s)
AT-0033.0: Drained 23 messages from mav (21146.206050/s)
AT-0033.1: Drained 23 messages from mav (29375.454324/s)
AT-0033.1: Drained 23 messages from mav (33777.658263/s)
AT-0033.1: Drained 23 messages from mav (27312.851642/s)
AT-0033.1: Drained 23 messages from mav (20710.389008/s)
AT-0033.1: Drained 23 messages from mav (34184.618001/s)
AT-0033.2: Drained 23 messages from mav (28232.072578/s)
AT-0033.2: Drained 23 messages from mav (31412.892218/s)
AT-0033.2: Drained 23 messages from mav (31880.037013/s)
AT-0033.2: Drained 23 messages from mav (24238.440201/s)
AT-0033.2: Drained 23 messages from mav (32503.029650/s)
AT-0033.2: AP: SIM Hit ground at 0.499841 m/s
AT-0033.3: Drained 23 messages from mav (34638.776302/s)
AT-0033.3: Drained 23 messages from mav (35663.213309/s)
AT-0033.3: AP: Disarming motors
AT-0033.3: Drained 23 messages from mav (29922.143921/s)
AT-0033.3: Drained 0 messages from mav (0.000000/s)
AT-0033.3: set_parameters: ({})
AT-0033.3: Drained 0 messages from mav (0.000000/s)
AT-0033.3: PASSED: "ModeLoiter (Hold loiter position.)"
AT-0033.3: Received (MISSION_ACK {target_system : 250, target_component : 250, type : 0, mission_type : 1})
AT-0033.3: MISSION_ACK.target_system has expected value 250
AT-0033.3: MISSION_ACK.target_component has expected value 250
AT-0033.3: MISSION_ACK.type has expected value 0 (MAV_MISSION_ACCEPTED)
AT-0033.3: AP: Fence Indexed OK
AT-0033.3: Received (MISSION_ACK {target_system : 250, target_component : 250, type : 0, mission_type : 0})
AT-0033.3: MISSION_ACK.target_system has expected value 250
AT-0033.3: MISSION_ACK.target_component has expected value 250
AT-0033.3: MISSION_ACK.type has expected value 0 (MAV_MISSION_ACCEPTED)
AT-0033.3: AP: Flight plan received
AT-0033.3: Received (MISSION_ACK {target_system : 250, target_component : 250, type : 0, mission_type : 2})
AT-0033.3: MISSION_ACK.target_system has expected value 250
AT-0033.3: MISSION_ACK.target_component has expected value 250
AT-0033.3: MISSION_ACK.type has expected value 0 (MAV_MISSION_ACCEPTED)
AT-0033.3: ##################################################################################
AT-0033.3: ########## MotorFail (Test flight with reduced motor efficiency)  ##########
AT-0033.3: ##################################################################################
AT-0033.3: Doing timesync roundtrip
AT-0033.3: Received: TIMESYNC {tc1 : 166165265000, ts1 : 257250}
AT-0033.3: Received TIMESYNC response after 0.000000s
AT-0033.3: chan=3 needs resetting is=1500 want=1000
AT-0033.3: RC values good
AT-0033.4: Drained 15 messages from mav (37991.884058/s)
AT-0033.4: Changing mode to STABILIZE
AT-0033.4: Sending COMMAND_LONG to (1,1) (MAV_CMD_DO_SET_MODE=176) (p1=1.000000 p2=0.000000 p3=0.000000 p4=0.000000 p5=0.000000 p6=0.000000  p7=0.000000)
AT-0033.4: Got mode STABILIZE
AT-0033.4: set_parameters: ({'FRAME_CLASS': 3})
AT-0033.4: FRAME_CLASS want=3.000000 autopilot=None (attempt=1/10)
AT-0033.4: Requesting (FRAME_CLASS)
AT-0033.4: Received wanted PARAM_VALUE FRAME_CLASS=1.000000
AT-0033.4: FRAME_CLASS want=3.000000 autopilot=1.0 (attempt=2/10)
AT-0033.4: Sending set (FRAME_CLASS) to (3.000000) (old=1.000000)
AT-0033.4: Received wanted PARAM_VALUE FRAME_CLASS=3.000000
AT-0033.4: FRAME_CLASS want=3.000000 autopilot=3.0 (attempt=3/10)
AT-0033.4: FRAME_CLASS is now 3.000000
AT-0033.4: Stopping SITL
AT-0033.5: Starting SITL
Running: "/home/umemoto/Ardupilot-UmemotoLab/build/sitl/bin/arducopter" "--home" "-35.362938,149.165085,584,270" "--model" "octa" "--serial1=tcp:2" "--defaults" "/tmp/tmpjnxoz_h6,/home/umemoto/Ardupilot-UmemotoLab/Tools/autotest/default_params/copter.parm"
arducopter: Suggested EK3_DRAG_BCOEF_* = 17.209, EK3_DRAG_MCOEF = 0.209
arducopter: Warning model expected 4 motors and got 8
arducopter: Home: -35.362938 149.165085 alt=584.000000m hdg=270.000000
arducopter: Starting sketch 'ArduCopter'
arducopter: Starting SITL input
arducopter: Using Irlock at port : 9005
arducopter: bind port 5760 for SERIAL0
arducopter: SERIAL0 on TCP port 5760
arducopter: Waiting for connection ....
Attempting reconnect
AT-0033.5: Drained 0 messages from mav (0.000000/s)
arducopter: Connection on serial port 5760
arducopter: Loaded defaults from /tmp/tmpjnxoz_h6,/home/umemoto/Ardupilot-UmemotoLab/Tools/autotest/default_params/copter.parm
arducopter: bind port 5762 for SERIAL1
arducopter: SERIAL1 on TCP port 5762
arducopter: bind port 5763 for SERIAL2
arducopter: SERIAL2 on TCP port 5763
arducopter: Loaded defaults from /tmp/tmpjnxoz_h6,/home/umemoto/Ardupilot-UmemotoLab/Tools/autotest/default_params/copter.parm
arducopter: Smoothing reset at 0.001
arducopter: Closed connection on SERIAL0
arducopter: New connection on SERIAL0
arducopter: validate_structures:528: Validating structures
arducopter: Waiting for internal clock bits to be set (current=0x00)
arducopter: Loaded defaults from /tmp/tmpjnxoz_h6,/home/umemoto/Ardupilot-UmemotoLab/Tools/autotest/default_params/copter.parm
arducopter: Loaded defaults from /tmp/tmpjnxoz_h6,/home/umemoto/Ardupilot-UmemotoLab/Tools/autotest/default_params/copter.parm
arducopter: Loaded defaults from /tmp/tmpjnxoz_h6,/home/umemoto/Ardupilot-UmemotoLab/Tools/autotest/default_params/copter.parm
arducopter: Loaded defaults from /tmp/tmpjnxoz_h6,/home/umemoto/Ardupilot-UmemotoLab/Tools/autotest/default_params/copter.parm
arducopter: Loaded defaults from /tmp/tmpjnxoz_h6,/home/umemoto/Ardupilot-UmemotoLab/Tools/autotest/default_params/copter.parm
arducopter: Loaded defaults from /tmp/tmpjnxoz_h6,/home/umemoto/Ardupilot-UmemotoLab/Tools/autotest/default_params/copter.parm
AT-0033.5: Doing timesync roundtrip
AT-0033.5: Received: TIMESYNC {tc1 : 1025514000, ts1 : 260250}
AT-0033.5: Received TIMESYNC response after 0.000022s
AT-0033.6: AP: Barometer 1 calibration complete
AT-0033.6: AP: Barometer 2 calibration complete
AT-0033.6: AP: ArduPilot Ready
AT-0033.6: AP: AHRS: DCM active
AT-0033.6: TAKEOFF
AT-0033.6: Drained 11 messages from mav (15057.879896/s)
AT-0033.6: AP: RC7: SaveWaypoint MIDDLE
AT-0033.6: Changing mode to LOITER
AT-0033.6: Sending COMMAND_LONG to (1,1) (MAV_CMD_DO_SET_MODE=176) (p1=1.000000 p2=5.000000 p3=0.000000 p4=0.000000 p5=0.000000 p6=0.000000  p7=0.000000)
AT-0033.6: Got mode LOITER
AT-0033.6: Drained 0 messages from mav (0.000000/s)
AT-0033.6: AP: EKF3 IMU0 initialised
AT-0033.6: AP: EKF3 IMU1 initialised
AT-0033.6: AP: AHRS: EKF3 active
AT-0033.6: Waiting for ready to arm
AT-0033.6: Sending param_request_read for (AHRS_EKF_TYPE)
AT-0033.6: get_parameter(AHRS_EKF_TYPE): PARAM_VALUE {param_id : AHRS_EKF_TYPE, param_value : 3.0, param_type : 2, param_count : 1366, param_index : 65535}
AT-0033.6: Waiting for EKF value 831
AT-0033.6: Want=831 got=0 errors=0
AT-0033.6: AP: EKF3 IMU1 tilt alignment complete
AT-0033.6: AP: EKF3 IMU0 tilt alignment complete
AT-0033.6: AP: EKF3 IMU1 MAG0 initial yaw alignment complete
AT-0033.6: AP: EKF3 IMU0 MAG0 initial yaw alignment complete
AT-0033.6: Want=831 got=167 errors=128
AT-0033.7: Want=831 got=167 errors=128
AT-0033.7: Want=831 got=167 errors=128
AT-0033.7: AP: GPS 1: probing for u-blox at 230400 baud
AT-0033.7: AP: GPS 1: detected u-blox
AT-0033.7: Want=831 got=167 errors=128
AT-0033.7: Want=831 got=167 errors=128
AT-0033.8: Want=831 got=167 errors=128
AT-0033.8: Want=831 got=167 errors=128
AT-0033.8: Want=831 got=167 errors=128
AT-0033.8: Want=831 got=167 errors=128
AT-0033.8: Want=831 got=167 errors=128
AT-0033.9: Want=831 got=167 errors=128
AT-0033.9: Want=831 got=167 errors=128
AT-0033.9: Want=831 got=167 errors=128
AT-0033.9: AP: EKF3 IMU1 origin set
AT-0033.9: AP: Field Elevation Set: 584m
AT-0033.9: AP: EKF3 IMU0 origin set
AT-0033.9: Want=831 got=167 errors=128
AT-0033.9: Want=831 got=167 errors=128
AT-0034.0: Want=831 got=167 errors=128
AT-0034.0: Want=831 got=167 errors=128
AT-0034.0: Want=831 got=167 errors=128
AT-0034.0: Want=831 got=167 errors=128
AT-0034.0: Want=831 got=167 errors=128
AT-0034.1: Want=831 got=167 errors=128
AT-0034.1: Want=831 got=167 errors=128
AT-0034.1: AP: PreArm: Need Position Estimate
AT-0034.1: Want=831 got=167 errors=128
AT-0034.1: Want=831 got=167 errors=128
AT-0034.1: Want=831 got=167 errors=128
AT-0034.2: Want=831 got=167 errors=128
AT-0034.2: Want=831 got=167 errors=128
AT-0034.2: Want=831 got=167 errors=128
AT-0034.2: Want=831 got=167 errors=128
AT-0034.2: Want=831 got=167 errors=128
AT-0034.3: Want=831 got=167 errors=128
AT-0034.3: Want=831 got=167 errors=128
AT-0034.3: AP: EKF3 IMU0 is using GPS
AT-0034.3: AP: EKF3 IMU1 is using GPS
AT-0034.3: EKF Flags OK
AT-0034.3: Waiting for GPS health
AT-0034.3: GPS healthy after 0.000000/30.000000 seconds
AT-0034.3: Polled home position (HOME_POSITION {latitude : -353629380, longitude : 1491650850, altitude : 584090, x : 0.0, y : 0.0, z : -0.0, q : [nan, nan, nan, nan], approach_x : 0.0, approach_y : 0.0, approach_z : 0.0, time_usec : 42512155})
AT-0034.3: Doing timesync roundtrip
AT-0034.3: Received: TIMESYNC {tc1 : 42740488000, ts1 : 261250}
AT-0034.3: Received TIMESYNC response after 0.000000s
AT-0034.3: Took 38 seconds to become armable
AT-0034.3: RC values good
AT-0034.3: Arm motors with MAVLink cmd
AT-0034.3: Sending COMMAND_LONG to (1,1) (MAV_CMD_COMPONENT_ARM_DISARM=400) (p1=1.000000 p2=0.000000 p3=0.000000 p4=0.000000 p5=0.000000 p6=0.000000  p7=0.000000)
AT-0034.3: ACK received: COMMAND_ACK {command : 400, result : 0, progress : 0, result_param2 : 0, target_system : 250, target_component : 250} (0.000000s)
AT-0034.3: AP: Arming motors
AT-0034.3: AP: AP_Observer: Takeoff detected, starting frequency 
AT-0034.3: AP: estimation
AT-0034.4: Motors ARMED
AT-0034.4: RC values good
AT-0034.4: Waiting for Altitude=27.00 with accuracy 3.00
AT-0034.4: Altitude=0.00 (want 27.000000 +- 3.000000)
AT-0034.4: Altitude=0.00 (want 27.000000 +- 3.000000)
AT-0034.4: Altitude=0.19 (want 27.000000 +- 3.000000)
AT-0034.4: Altitude=0.87 (want 27.000000 +- 3.000000)
AT-0034.5: Altitude=1.51 (want 27.000000 +- 3.000000)
AT-0034.5: Altitude=2.17 (want 27.000000 +- 3.000000)
AT-0034.5: AP: EKF3 IMU0 MAG0 in-flight yaw alignment complete
AT-0034.5: AP: EKF3 IMU1 MAG0 in-flight yaw alignment complete
AT-0034.5: Altitude=2.91 (want 27.000000 +- 3.000000)
AT-0034.5: Altitude=3.54 (want 27.000000 +- 3.000000)
AT-0034.6: Altitude=4.30 (want 27.000000 +- 3.000000)
AT-0034.6: Altitude=5.05 (want 27.000000 +- 3.000000)
AT-0034.6: Altitude=5.72 (want 27.000000 +- 3.000000)
AT-0034.6: Altitude=6.47 (want 27.000000 +- 3.000000)
AT-0034.6: Altitude=7.11 (want 27.000000 +- 3.000000)
AT-0034.7: Altitude=7.85 (want 27.000000 +- 3.000000)
AT-0034.7: Altitude=8.51 (want 27.000000 +- 3.000000)
AT-0034.7: Altitude=9.27 (want 27.000000 +- 3.000000)
AT-0034.7: Altitude=9.91 (want 27.000000 +- 3.000000)
AT-0034.8: Altitude=10.69 (want 27.000000 +- 3.000000)
AT-0034.8: Altitude=11.34 (want 27.000000 +- 3.000000)
AT-0034.8: Altitude=12.11 (want 27.000000 +- 3.000000)
AT-0034.8: Altitude=12.72 (want 27.000000 +- 3.000000)
AT-0034.8: Altitude=13.49 (want 27.000000 +- 3.000000)
AT-0034.9: Altitude=14.11 (want 27.000000 +- 3.000000)
AT-0034.9: Altitude=14.88 (want 27.000000 +- 3.000000)
AT-0034.9: Altitude=15.64 (want 27.000000 +- 3.000000)
AT-0034.9: Altitude=16.30 (want 27.000000 +- 3.000000)
AT-0035.0: Altitude=17.05 (want 27.000000 +- 3.000000)
AT-0035.0: Altitude=17.69 (want 27.000000 +- 3.000000)
AT-0035.0: Altitude=18.46 (want 27.000000 +- 3.000000)
AT-0035.0: Altitude=19.09 (want 27.000000 +- 3.000000)
AT-0035.1: Altitude=19.86 (want 27.000000 +- 3.000000)
AT-0035.1: Altitude=20.46 (want 27.000000 +- 3.000000)
AT-0035.1: Altitude=21.25 (want 27.000000 +- 3.000000)
AT-0035.1: Altitude=21.89 (want 27.000000 +- 3.000000)
AT-0035.1: Altitude=22.65 (want 27.000000 +- 3.000000)
AT-0035.2: Altitude=23.29 (want 27.000000 +- 3.000000)
AT-0035.2: Altitude=24.05 (got 27.000000 +- 3.000000)
AT-0035.2: Attained Altitude=24.053
AT-0035.2: RC values good
AT-0035.2: TAKEOFF COMPLETE
AT-0035.2: Hovering for 5 seconds
AT-0035.2: PWM output per motor
AT-0035.2: servo 1 [pwm=1585] [OK]
AT-0035.2: servo 2 [pwm=1585] [OK]
AT-0035.2: servo 3 [pwm=1585] [OK]
AT-0035.2: servo 4 [pwm=1585] [OK]
AT-0035.2: servo 5 [pwm=1585] [OK]
AT-0035.2: servo 6 [pwm=1585] [OK]
AT-0035.2: servo 7 [pwm=1585] [OK]
AT-0035.2: servo 8 [pwm=1585] [OK]
AT-0035.2: Alt=608.519958m (delta=0.099976m)
AT-0035.2: Yaw rate=0.001562 (delta=-0.000010) (rad/s)
AT-0035.2: Yaw=-1.571278 (delta=-0.000000) (deg)
AT-0035.2: ## Error Integration ##
AT-0035.2:   Altitude: 0.125126m
AT-0035.2:   Yaw rate: 0.000012 rad/s
AT-0035.2:   Yaw: 0.000000 deg
AT-0035.2: ----
AT-0035.2: PWM output per motor
AT-0035.2: servo 1 [pwm=1592] [OK]
AT-0035.2: servo 2 [pwm=1592] [OK]
AT-0035.2: servo 3 [pwm=1592] [OK]
AT-0035.2: servo 4 [pwm=1592] [OK]
AT-0035.2: servo 5 [pwm=1592] [OK]
AT-0035.2: servo 6 [pwm=1592] [OK]
AT-0035.2: servo 7 [pwm=1592] [OK]
AT-0035.2: servo 8 [pwm=1592] [OK]
AT-0035.2: Alt=608.519958m (delta=0.099976m)
AT-0035.2: Yaw rate=0.001498 (delta=-0.000074) (rad/s)
AT-0035.2: Yaw=-1.571283 (delta=-0.000005) (deg)
AT-0035.2: ## Error Integration ##
AT-0035.2:   Altitude: 0.249939m
AT-0035.2:   Yaw rate: 0.000105 rad/s
AT-0035.2:   Yaw: 0.000006 deg
AT-0035.2: ----
AT-0035.3: PWM output per motor
AT-0035.3: servo 1 [pwm=1591] [OK]
AT-0035.3: servo 2 [pwm=1591] [OK]
AT-0035.3: servo 3 [pwm=1592] [OK]
AT-0035.3: servo 4 [pwm=1592] [OK]
AT-0035.3: servo 5 [pwm=1591] [OK]
AT-0035.3: servo 6 [pwm=1591] [OK]
AT-0035.3: servo 7 [pwm=1591] [OK]
AT-0035.3: servo 8 [pwm=1592] [OK]
AT-0035.3: Alt=608.519958m (delta=0.099976m)
AT-0035.3: Yaw rate=0.001463 (delta=-0.000109) (rad/s)
AT-0035.3: Yaw=-1.571261 (delta=0.000017) (deg)
AT-0035.3: ## Error Integration ##
AT-0035.3:   Altitude: 0.375065m
AT-0035.3:   Yaw rate: 0.000240 rad/s
AT-0035.3:   Yaw: 0.000027 deg
AT-0035.3: ----
AT-0035.3: PWM output per motor
AT-0035.3: servo 1 [pwm=1591] [OK]
AT-0035.3: servo 2 [pwm=1591] [OK]
AT-0035.3: servo 3 [pwm=1591] [OK]
AT-0035.3: servo 4 [pwm=1591] [OK]
AT-0035.3: servo 5 [pwm=1591] [OK]
AT-0035.3: servo 6 [pwm=1591] [OK]
AT-0035.3: servo 7 [pwm=1591] [OK]
AT-0035.3: servo 8 [pwm=1591] [OK]
AT-0035.3: Alt=608.529968m (delta=0.109985m)
AT-0035.3: Yaw rate=0.001572 (delta=0.000001) (rad/s)
AT-0035.3: Yaw=-1.571376 (delta=-0.000098) (deg)
AT-0035.3: ## Error Integration ##
AT-0035.3:   Altitude: 0.512547m
AT-0035.3:   Yaw rate: 0.000241 rad/s
AT-0035.3:   Yaw: 0.000150 deg
AT-0035.3: ----
AT-0035.3: PWM output per motor
AT-0035.3: servo 1 [pwm=1591] [OK]
AT-0035.3: servo 2 [pwm=1591] [OK]
AT-0035.3: servo 3 [pwm=1591] [OK]
AT-0035.3: servo 4 [pwm=1591] [OK]
AT-0035.3: servo 5 [pwm=1591] [OK]
AT-0035.3: servo 6 [pwm=1591] [OK]
AT-0035.3: servo 7 [pwm=1591] [OK]
AT-0035.3: servo 8 [pwm=1591] [OK]
AT-0035.3: Alt=608.529968m (delta=0.109985m)
AT-0035.3: Yaw rate=0.001252 (delta=-0.000319) (rad/s)
AT-0035.3: Yaw=-1.571514 (delta=-0.000236) (deg)
AT-0035.3: ## Error Integration ##
AT-0035.3:   Altitude: 0.649857m
AT-0035.3:   Yaw rate: 0.000640 rad/s
AT-0035.3:   Yaw: 0.000444 deg
AT-0035.3: ----
AT-0035.3: PWM output per motor
AT-0035.3: servo 1 [pwm=1591] [OK]
AT-0035.3: servo 2 [pwm=1591] [OK]
AT-0035.3: servo 3 [pwm=1591] [OK]
AT-0035.3: servo 4 [pwm=1591] [OK]
AT-0035.3: servo 5 [pwm=1591] [OK]
AT-0035.3: servo 6 [pwm=1591] [OK]
AT-0035.3: servo 7 [pwm=1591] [OK]
AT-0035.3: servo 8 [pwm=1591] [OK]
AT-0035.3: Alt=608.529968m (delta=0.109985m)
AT-0035.3: Yaw rate=0.001734 (delta=0.000163) (rad/s)
AT-0035.3: Yaw=-1.571481 (delta=-0.000203) (deg)
AT-0035.3: ## Error Integration ##
AT-0035.3:   Altitude: 0.787511m
AT-0035.3:   Yaw rate: 0.000844 rad/s
AT-0035.3:   Yaw: 0.000697 deg
AT-0035.3: ----
AT-0035.3: PWM output per motor
AT-0035.3: servo 1 [pwm=1591] [OK]
AT-0035.3: servo 2 [pwm=1591] [OK]
AT-0035.3: servo 3 [pwm=1591] [OK]
AT-0035.3: servo 4 [pwm=1591] [OK]
AT-0035.3: servo 5 [pwm=1591] [OK]
AT-0035.3: servo 6 [pwm=1591] [OK]
AT-0035.3: servo 7 [pwm=1591] [OK]
AT-0035.3: servo 8 [pwm=1591] [OK]
AT-0035.3: Alt=608.539978m (delta=0.119995m)
AT-0035.3: Yaw rate=0.001585 (delta=0.000013) (rad/s)
AT-0035.3: Yaw=-1.571171 (delta=0.000107) (deg)
AT-0035.3: ## Error Integration ##
AT-0035.3:   Altitude: 0.937317m
AT-0035.3:   Yaw rate: 0.000860 rad/s
AT-0035.3:   Yaw: 0.000831 deg
AT-0035.3: ----
AT-0035.3: Killing motor 1 (0%)
AT-0035.3: set_parameters: ({'SIM_ENGINE_MUL': 0.0, 'SIM_ENGINE_FAIL': 1})
AT-0035.3: SIM_ENGINE_MUL want=0.000000 autopilot=None (attempt=1/20)
AT-0035.3: Requesting (SIM_ENGINE_MUL)
AT-0035.3: SIM_ENGINE_FAIL want=1.000000 autopilot=None (attempt=1/20)
AT-0035.3: Requesting (SIM_ENGINE_FAIL)
AT-0035.3: Received wanted PARAM_VALUE SIM_ENGINE_MUL=0.000000
AT-0035.3: Received wanted PARAM_VALUE SIM_ENGINE_FAIL=0.000000
AT-0035.3: SIM_ENGINE_MUL want=0.000000 autopilot=0.0 (attempt=2/20)
AT-0035.3: SIM_ENGINE_MUL is now 0.000000
AT-0035.3: SIM_ENGINE_FAIL want=1.000000 autopilot=0.0 (attempt=2/20)
AT-0035.3: Sending set (SIM_ENGINE_FAIL) to (1.000000) (old=0.000000)
AT-0035.4: Received wanted PARAM_VALUE SIM_ENGINE_FAIL=1.000000
AT-0035.4: SIM_ENGINE_FAIL want=1.000000 autopilot=1.0 (attempt=3/20)
AT-0035.4: SIM_ENGINE_FAIL is now 1.000000
AT-0035.4: Hold Time: 5.600000/30.000000
AT-0035.4: PWM output per motor
AT-0035.4: servo 1 [pwm=1591] [OK (failed)]
AT-0035.4: servo 2 [pwm=1591] [OK]
AT-0035.4: servo 3 [pwm=1591] [OK]
AT-0035.4: servo 4 [pwm=1591] [OK]
AT-0035.4: servo 5 [pwm=1591] [OK]
AT-0035.4: servo 6 [pwm=1591] [OK]
AT-0035.4: servo 7 [pwm=1591] [OK]
AT-0035.4: servo 8 [pwm=1591] [OK]
AT-0035.4: Alt=608.539978m (delta=0.119995m)
AT-0035.4: Yaw rate=0.001257 (delta=-0.000315) (rad/s)
AT-0035.4: Yaw=-1.571136 (delta=0.000142) (deg)
AT-0035.4: ## Error Integration ##
AT-0035.4:   Altitude: 1.037397m
AT-0035.4:   Yaw rate: 0.001123 rad/s
AT-0035.4:   Yaw: 0.000950 deg
AT-0035.4: ----
AT-0035.4: Hold Time: 6.799000/30.000000
AT-0035.4: PWM output per motor
AT-0035.4: servo 1 [pwm=1847] [OK (failed)]
AT-0035.4: servo 2 [pwm=1594] [OK]
AT-0035.4: servo 3 [pwm=1705] [OK]
AT-0035.4: servo 4 [pwm=1493] [OK]
AT-0035.4: servo 5 [pwm=1705] [OK]
AT-0035.4: servo 6 [pwm=1493] [OK]
AT-0035.4: servo 7 [pwm=1731] [OK]
AT-0035.4: servo 8 [pwm=1730] [OK]
AT-0035.4: Alt=608.440002m (delta=0.020020m)
AT-0035.4: Yaw rate=-0.011177 (delta=-0.012748) (rad/s)
AT-0035.4: Yaw=-1.460856 (delta=0.110422) (deg)
AT-0035.4: ## Error Integration ##
AT-0035.4:   Altitude: 1.062421m
AT-0035.4:   Yaw rate: 0.017058 rad/s
AT-0035.4:   Yaw: 0.138977 deg
AT-0035.4: ----
AT-0035.4: Hold Time: 7.599000/30.000000
AT-0035.4: PWM output per motor
AT-0035.4: servo 1 [pwm=1826] [OK (failed)]
AT-0035.4: servo 2 [pwm=1583] [OK]
AT-0035.4: servo 3 [pwm=1704] [OK]
AT-0035.4: servo 4 [pwm=1508] [OK]
AT-0035.4: servo 5 [pwm=1704] [OK]
AT-0035.4: servo 6 [pwm=1508] [OK]
AT-0035.4: servo 7 [pwm=1714] [OK]
AT-0035.4: servo 8 [pwm=1714] [OK]
AT-0035.4: Alt=608.459961m (delta=0.039978m)
AT-0035.4: Yaw rate=0.004379 (delta=0.002808) (rad/s)
AT-0035.4: Yaw=-1.471879 (delta=0.099399) (deg)
AT-0035.4: ## Error Integration ##
AT-0035.4:   Altitude: 1.112331m
AT-0035.4:   Yaw rate: 0.020563 rad/s
AT-0035.4:   Yaw: 0.263071 deg
AT-0035.4: ----
AT-0035.4: Hold Time: 8.400000/30.000000
AT-0035.4: PWM output per motor
AT-0035.4: servo 1 [pwm=1819] [OK (failed)]
AT-0035.4: servo 2 [pwm=1579] [OK]
AT-0035.4: servo 3 [pwm=1693] [OK]
AT-0035.4: servo 4 [pwm=1497] [OK]
AT-0035.4: servo 5 [pwm=1693] [OK]
AT-0035.4: servo 6 [pwm=1497] [OK]
AT-0035.4: servo 7 [pwm=1709] [OK]
AT-0035.4: servo 8 [pwm=1709] [OK]
AT-0035.4: Alt=608.519958m (delta=0.099976m)
AT-0035.4: Yaw rate=-0.017783 (delta=-0.019354) (rad/s)
AT-0035.4: Yaw=-1.473999 (delta=0.097279) (deg)
AT-0035.4: ## Error Integration ##
AT-0035.4:   Altitude: 1.237457m
AT-0035.4:   Yaw rate: 0.044787 rad/s
AT-0035.4:   Yaw: 0.384822 deg
AT-0035.4: ----
AT-0035.4: Hold Time: 9.199000/30.000000
AT-0035.4: PWM output per motor
AT-0035.4: servo 1 [pwm=1818] [OK (failed)]
AT-0035.4: servo 2 [pwm=1577] [OK]
AT-0035.4: servo 3 [pwm=1694] [OK]
AT-0035.4: servo 4 [pwm=1498] [OK]
AT-0035.4: servo 5 [pwm=1694] [OK]
AT-0035.4: servo 6 [pwm=1498] [OK]
AT-0035.4: servo 7 [pwm=1707] [OK]
AT-0035.4: servo 8 [pwm=1707] [OK]
AT-0035.4: Alt=608.529968m (delta=0.109985m)
AT-0035.4: Yaw rate=-0.008840 (delta=-0.010412) (rad/s)
AT-0035.4: Yaw=-1.481003 (delta=0.090275) (deg)
AT-0035.4: ## Error Integration ##
AT-0035.4:   Altitude: 1.374767m
AT-0035.4:   Yaw rate: 0.057785 rad/s
AT-0035.4:   Yaw: 0.497525 deg
AT-0035.4: ----
AT-0035.4: Hold Time: 10.000000/30.000000
AT-0035.4: PWM output per motor
AT-0035.4: servo 1 [pwm=1819] [OK (failed)]
AT-0035.4: servo 2 [pwm=1579] [OK]
AT-0035.4: servo 3 [pwm=1695] [OK]
AT-0035.4: servo 4 [pwm=1499] [OK]
AT-0035.4: servo 5 [pwm=1696] [OK]
AT-0035.4: servo 6 [pwm=1499] [OK]
AT-0035.4: servo 7 [pwm=1708] [OK]
AT-0035.4: servo 8 [pwm=1708] [OK]
AT-0035.4: Alt=608.539978m (delta=0.119995m)
AT-0035.4: Yaw rate=-0.006889 (delta=-0.008461) (rad/s)
AT-0035.4: Yaw=-1.486548 (delta=0.084730) (deg)
AT-0035.4: ## Error Integration ##
AT-0035.4:   Altitude: 1.524949m
AT-0035.4:   Yaw rate: 0.068374 rad/s
AT-0035.4:   Yaw: 0.603570 deg
AT-0035.4: ----
AT-0035.5: Hold Time: 10.799000/30.000000
AT-0035.5: PWM output per motor
AT-0035.5: servo 1 [pwm=1818] [OK (failed)]
AT-0035.5: servo 2 [pwm=1577] [OK]
AT-0035.5: servo 3 [pwm=1695] [OK]
AT-0035.5: servo 4 [pwm=1499] [OK]
AT-0035.5: servo 5 [pwm=1696] [OK]
AT-0035.5: servo 6 [pwm=1499] [OK]
AT-0035.5: servo 7 [pwm=1707] [OK]
AT-0035.5: servo 8 [pwm=1707] [OK]
AT-0035.5: Alt=608.549988m (delta=0.130005m)
AT-0035.5: Yaw rate=-0.001697 (delta=-0.003268) (rad/s)
AT-0035.5: Yaw=-1.492070 (delta=0.079208) (deg)
AT-0035.5: ## Error Integration ##
AT-0035.5:   Altitude: 1.687455m
AT-0035.5:   Yaw rate: 0.072459 rad/s
AT-0035.5:   Yaw: 0.702580 deg
AT-0035.5: ----
AT-0035.5: Hold Time: 11.599000/30.000000
AT-0035.5: PWM output per motor
AT-0035.5: servo 1 [pwm=1818] [OK (failed)]
AT-0035.5: servo 2 [pwm=1578] [OK]
AT-0035.5: servo 3 [pwm=1695] [OK]
AT-0035.5: servo 4 [pwm=1499] [OK]
AT-0035.5: servo 5 [pwm=1695] [OK]
AT-0035.5: servo 6 [pwm=1499] [OK]
AT-0035.5: servo 7 [pwm=1707] [OK]
AT-0035.5: servo 8 [pwm=1707] [OK]
AT-0035.5: Alt=608.549988m (delta=0.130005m)
AT-0035.5: Yaw rate=-0.000739 (delta=-0.002310) (rad/s)
AT-0035.5: Yaw=-1.495620 (delta=0.075658) (deg)
AT-0035.5: ## Error Integration ##
AT-0035.5:   Altitude: 1.849758m
AT-0035.5:   Yaw rate: 0.075343 rad/s
AT-0035.5:   Yaw: 0.797035 deg
AT-0035.5: ----
AT-0035.5: Hold Time: 12.400000/30.000000
AT-0035.5: PWM output per motor
AT-0035.5: servo 1 [pwm=1819] [OK (failed)]
AT-0035.5: servo 2 [pwm=1578] [OK]
AT-0035.5: servo 3 [pwm=1695] [OK]
AT-0035.5: servo 4 [pwm=1499] [OK]
AT-0035.5: servo 5 [pwm=1695] [OK]
AT-0035.5: servo 6 [pwm=1499] [OK]
AT-0035.5: servo 7 [pwm=1707] [OK]
AT-0035.5: servo 8 [pwm=1707] [OK]
AT-0035.5: Alt=608.549988m (delta=0.130005m)
AT-0035.5: Yaw rate=-0.001408 (delta=-0.002979) (rad/s)
AT-0035.5: Yaw=-1.498681 (delta=0.072597) (deg)
AT-0035.5: ## Error Integration ##
AT-0035.5:   Altitude: 2.012468m
AT-0035.5:   Yaw rate: 0.079071 rad/s
AT-0035.5:   Yaw: 0.887894 deg
AT-0035.5: ----
AT-0035.5: Hold Time: 13.199000/30.000000
AT-0035.5: PWM output per motor
AT-0035.5: servo 1 [pwm=1819] [OK (failed)]
AT-0035.5: servo 2 [pwm=1578] [OK]
AT-0035.5: servo 3 [pwm=1695] [OK]
AT-0035.5: servo 4 [pwm=1498] [OK]
AT-0035.5: servo 5 [pwm=1695] [OK]
AT-0035.5: servo 6 [pwm=1499] [OK]
AT-0035.5: servo 7 [pwm=1708] [OK]
AT-0035.5: servo 8 [pwm=1707] [OK]
AT-0035.5: Alt=608.549988m (delta=0.130005m)
AT-0035.5: Yaw rate=-0.003275 (delta=-0.004846) (rad/s)
AT-0035.5: Yaw=-1.501573 (delta=0.069705) (deg)
AT-0035.5: ## Error Integration ##
AT-0035.5:   Altitude: 2.174771m
AT-0035.5:   Yaw rate: 0.085121 rad/s
AT-0035.5:   Yaw: 0.974916 deg
AT-0035.5: ----
AT-0035.5: Hold Time: 14.000000/30.000000
AT-0035.5: PWM output per motor
AT-0035.5: servo 1 [pwm=1818] [OK (failed)]
AT-0035.5: servo 2 [pwm=1578] [OK]
AT-0035.5: servo 3 [pwm=1695] [OK]
AT-0035.5: servo 4 [pwm=1498] [OK]
AT-0035.5: servo 5 [pwm=1695] [OK]
AT-0035.5: servo 6 [pwm=1499] [OK]
AT-0035.5: servo 7 [pwm=1708] [OK]
AT-0035.5: servo 8 [pwm=1707] [OK]
AT-0035.5: Alt=608.549988m (delta=0.130005m)
AT-0035.5: Yaw rate=-0.003919 (delta=-0.005490) (rad/s)
AT-0035.5: Yaw=-1.504813 (delta=0.066465) (deg)
AT-0035.5: ## Error Integration ##
AT-0035.5:   Altitude: 2.337480m
AT-0035.5:   Yaw rate: 0.091993 rad/s
AT-0035.5:   Yaw: 1.058102 deg
AT-0035.5: ----
AT-0035.5: Hold Time: 14.799000/30.000000
AT-0035.5: PWM output per motor
AT-0035.5: servo 1 [pwm=1818] [OK (failed)]
AT-0035.5: servo 2 [pwm=1578] [OK]
AT-0035.5: servo 3 [pwm=1695] [OK]
AT-0035.5: servo 4 [pwm=1499] [OK]
AT-0035.5: servo 5 [pwm=1695] [OK]
AT-0035.5: servo 6 [pwm=1499] [OK]
AT-0035.5: servo 7 [pwm=1707] [OK]
AT-0035.5: servo 8 [pwm=1708] [OK]
AT-0035.5: Alt=608.549988m (delta=0.130005m)
AT-0035.5: Yaw rate=-0.004159 (delta=-0.005730) (rad/s)
AT-0035.5: Yaw=-1.508046 (delta=0.063232) (deg)
AT-0035.5: ## Error Integration ##
AT-0035.5:   Altitude: 2.499986m
AT-0035.5:   Yaw rate: 0.099156 rad/s
AT-0035.5:   Yaw: 1.137142 deg
AT-0035.5: ----
AT-0035.6: Hold Time: 15.599000/30.000000
AT-0035.6: PWM output per motor
AT-0035.6: servo 1 [pwm=1818] [OK (failed)]
AT-0035.6: servo 2 [pwm=1578] [OK]
AT-0035.6: servo 3 [pwm=1695] [OK]
AT-0035.6: servo 4 [pwm=1499] [OK]
AT-0035.6: servo 5 [pwm=1695] [OK]
AT-0035.6: servo 6 [pwm=1499] [OK]
AT-0035.6: servo 7 [pwm=1708] [OK]
AT-0035.6: servo 8 [pwm=1707] [OK]
AT-0035.6: Alt=608.549988m (delta=0.130005m)
AT-0035.6: Yaw rate=-0.003982 (delta=-0.005554) (rad/s)
AT-0035.6: Yaw=-1.511130 (delta=0.060148) (deg)
AT-0035.6: ## Error Integration ##
AT-0035.6:   Altitude: 2.662290m
AT-0035.6:   Yaw rate: 0.106089 rad/s
AT-0035.6:   Yaw: 1.212233 deg
AT-0035.6: ----
AT-0035.6: Hold Time: 16.400000/30.000000
AT-0035.6: PWM output per motor
AT-0035.6: servo 1 [pwm=1818] [OK (failed)]
AT-0035.6: servo 2 [pwm=1577] [OK]
AT-0035.6: servo 3 [pwm=1695] [OK]
AT-0035.6: servo 4 [pwm=1499] [OK]
AT-0035.6: servo 5 [pwm=1695] [OK]
AT-0035.6: servo 6 [pwm=1499] [OK]
AT-0035.6: servo 7 [pwm=1707] [OK]
AT-0035.6: servo 8 [pwm=1707] [OK]
AT-0035.6: Alt=608.549988m (delta=0.130005m)
AT-0035.6: Yaw rate=-0.003712 (delta=-0.005284) (rad/s)
AT-0035.6: Yaw=-1.514172 (delta=0.057106) (deg)
AT-0035.6: ## Error Integration ##
AT-0035.6:   Altitude: 2.824999m
AT-0035.6:   Yaw rate: 0.112702 rad/s
AT-0035.6:   Yaw: 1.283704 deg
AT-0035.6: ----
AT-0035.6: Hold Time: 17.199000/30.000000
AT-0035.6: PWM output per motor
AT-0035.6: servo 1 [pwm=1819] [OK (failed)]
AT-0035.6: servo 2 [pwm=1577] [OK]
AT-0035.6: servo 3 [pwm=1695] [OK]
AT-0035.6: servo 4 [pwm=1499] [OK]
AT-0035.6: servo 5 [pwm=1695] [OK]
AT-0035.6: servo 6 [pwm=1499] [OK]
AT-0035.6: servo 7 [pwm=1708] [OK]
AT-0035.6: servo 8 [pwm=1707] [OK]
AT-0035.6: Alt=608.549988m (delta=0.130005m)
AT-0035.6: Yaw rate=-0.003353 (delta=-0.004925) (rad/s)
AT-0035.6: Yaw=-1.517052 (delta=0.054226) (deg)
AT-0035.6: ## Error Integration ##
AT-0035.6:   Altitude: 2.987505m
AT-0035.6:   Yaw rate: 0.118858 rad/s
AT-0035.6:   Yaw: 1.351486 deg
AT-0035.6: ----
AT-0035.6: Hold Time: 17.999000/30.000000
AT-0035.6: PWM output per motor
AT-0035.6: servo 1 [pwm=1819] [OK (failed)]
AT-0035.6: servo 2 [pwm=1577] [OK]
AT-0035.6: servo 3 [pwm=1695] [OK]
AT-0035.6: servo 4 [pwm=1499] [OK]
AT-0035.6: servo 5 [pwm=1695] [OK]
AT-0035.6: servo 6 [pwm=1499] [OK]
AT-0035.6: servo 7 [pwm=1708] [OK]
AT-0035.6: servo 8 [pwm=1707] [OK]
AT-0035.6: Alt=608.549988m (delta=0.130005m)
AT-0035.6: Yaw rate=-0.003120 (delta=-0.004692) (rad/s)
AT-0035.6: Yaw=-1.519673 (delta=0.051605) (deg)
AT-0035.6: ## Error Integration ##
AT-0035.6:   Altitude: 3.149809m
AT-0035.6:   Yaw rate: 0.124715 rad/s
AT-0035.6:   Yaw: 1.415912 deg
AT-0035.6: ----
AT-0035.6: Hold Time: 18.800000/30.000000
AT-0035.6: PWM output per motor
AT-0035.6: servo 1 [pwm=1818] [OK (failed)]
AT-0035.6: servo 2 [pwm=1578] [OK]
AT-0035.6: servo 3 [pwm=1695] [OK]
AT-0035.6: servo 4 [pwm=1500] [OK]
AT-0035.6: servo 5 [pwm=1695] [OK]
AT-0035.6: servo 6 [pwm=1499] [OK]
AT-0035.6: servo 7 [pwm=1707] [OK]
AT-0035.6: servo 8 [pwm=1708] [OK]
AT-0035.6: Alt=608.539978m (delta=0.119995m)
AT-0035.6: Yaw rate=-0.002725 (delta=-0.004297) (rad/s)
AT-0035.6: Yaw=-1.522350 (delta=0.048928) (deg)
AT-0035.6: ## Error Integration ##
AT-0035.6:   Altitude: 3.299990m
AT-0035.6:   Yaw rate: 0.130093 rad/s
AT-0035.6:   Yaw: 1.477149 deg
AT-0035.6: ----
AT-0035.6: Hold Time: 19.599000/30.000000
AT-0035.6: PWM output per motor
AT-0035.6: servo 1 [pwm=1818] [OK (failed)]
AT-0035.6: servo 2 [pwm=1578] [OK]
AT-0035.6: servo 3 [pwm=1695] [OK]
AT-0035.6: servo 4 [pwm=1499] [OK]
AT-0035.6: servo 5 [pwm=1695] [OK]
AT-0035.6: servo 6 [pwm=1499] [OK]
AT-0035.6: servo 7 [pwm=1707] [OK]
AT-0035.6: servo 8 [pwm=1707] [OK]
AT-0035.6: Alt=608.539978m (delta=0.119995m)
AT-0035.6: Yaw rate=-0.002537 (delta=-0.004108) (rad/s)
AT-0035.6: Yaw=-1.524662 (delta=0.046616) (deg)
AT-0035.6: ## Error Integration ##
AT-0035.6:   Altitude: 3.449797m
AT-0035.6:   Yaw rate: 0.135222 rad/s
AT-0035.6:   Yaw: 1.535346 deg
AT-0035.6: ----
AT-0035.7: Hold Time: 20.400000/30.000000
AT-0035.7: PWM output per motor
AT-0035.7: servo 1 [pwm=1818] [OK (failed)]
AT-0035.7: servo 2 [pwm=1577] [OK]
AT-0035.7: servo 3 [pwm=1695] [OK]
AT-0035.7: servo 4 [pwm=1499] [OK]
AT-0035.7: servo 5 [pwm=1696] [OK]
AT-0035.7: servo 6 [pwm=1499] [OK]
AT-0035.7: servo 7 [pwm=1708] [OK]
AT-0035.7: servo 8 [pwm=1707] [OK]
AT-0035.7: Alt=608.539978m (delta=0.119995m)
AT-0035.7: Yaw rate=-0.002319 (delta=-0.003891) (rad/s)
AT-0035.7: Yaw=-1.526884 (delta=0.044394) (deg)
AT-0035.7: ## Error Integration ##
AT-0035.7:   Altitude: 3.599978m
AT-0035.7:   Yaw rate: 0.140091 rad/s
AT-0035.7:   Yaw: 1.590907 deg
AT-0035.7: ----
AT-0035.7: Hold Time: 21.199000/30.000000
AT-0035.7: PWM output per motor
AT-0035.7: servo 1 [pwm=1818] [OK (failed)]
AT-0035.7: servo 2 [pwm=1578] [OK]
AT-0035.7: servo 3 [pwm=1695] [OK]
AT-0035.7: servo 4 [pwm=1499] [OK]
AT-0035.7: servo 5 [pwm=1695] [OK]
AT-0035.7: servo 6 [pwm=1499] [OK]
AT-0035.7: servo 7 [pwm=1707] [OK]
AT-0035.7: servo 8 [pwm=1707] [OK]
AT-0035.7: Alt=608.539978m (delta=0.119995m)
AT-0035.7: Yaw rate=-0.002068 (delta=-0.003639) (rad/s)
AT-0035.7: Yaw=-1.529017 (delta=0.042261) (deg)
AT-0035.7: ## Error Integration ##
AT-0035.7:   Altitude: 3.749972m
AT-0035.7:   Yaw rate: 0.144641 rad/s
AT-0035.7:   Yaw: 1.643734 deg
AT-0035.7: ----
AT-0035.7: Hold Time: 21.999000/30.000000
AT-0035.7: PWM output per motor
AT-0035.7: servo 1 [pwm=1819] [OK (failed)]
AT-0035.7: servo 2 [pwm=1577] [OK]
AT-0035.7: servo 3 [pwm=1695] [OK]
AT-0035.7: servo 4 [pwm=1499] [OK]
AT-0035.7: servo 5 [pwm=1695] [OK]
AT-0035.7: servo 6 [pwm=1499] [OK]
AT-0035.7: servo 7 [pwm=1707] [OK]
AT-0035.7: servo 8 [pwm=1707] [OK]
AT-0035.7: Alt=608.539978m (delta=0.119995m)
AT-0035.7: Yaw rate=-0.001832 (delta=-0.003404) (rad/s)
AT-0035.7: Yaw=-1.530935 (delta=0.040343) (deg)
AT-0035.7: ## Error Integration ##
AT-0035.7:   Altitude: 3.899779m
AT-0035.7:   Yaw rate: 0.148890 rad/s
AT-0035.7:   Yaw: 1.694100 deg
AT-0035.7: ----
AT-0035.7: Hold Time: 22.800000/30.000000
AT-0035.7: PWM output per motor
AT-0035.7: servo 1 [pwm=1819] [OK (failed)]
AT-0035.7: servo 2 [pwm=1578] [OK]
AT-0035.7: servo 3 [pwm=1695] [OK]
AT-0035.7: servo 4 [pwm=1499] [OK]
AT-0035.7: servo 5 [pwm=1695] [OK]
AT-0035.7: servo 6 [pwm=1499] [OK]
AT-0035.7: servo 7 [pwm=1708] [OK]
AT-0035.7: servo 8 [pwm=1707] [OK]
AT-0035.7: Alt=608.539978m (delta=0.119995m)
AT-0035.7: Yaw rate=-0.001675 (delta=-0.003246) (rad/s)
AT-0035.7: Yaw=-1.532745 (delta=0.038533) (deg)
AT-0035.7: ## Error Integration ##
AT-0035.7:   Altitude: 4.049961m
AT-0035.7:   Yaw rate: 0.152953 rad/s
AT-0035.7:   Yaw: 1.742326 deg
AT-0035.7: ----
AT-0035.7: Hold Time: 23.599000/30.000000
AT-0035.7: PWM output per motor
AT-0035.7: servo 1 [pwm=1819] [OK (failed)]
AT-0035.7: servo 2 [pwm=1577] [OK]
AT-0035.7: servo 3 [pwm=1695] [OK]
AT-0035.7: servo 4 [pwm=1499] [OK]
AT-0035.7: servo 5 [pwm=1695] [OK]
AT-0035.7: servo 6 [pwm=1499] [OK]
AT-0035.7: servo 7 [pwm=1707] [OK]
AT-0035.7: servo 8 [pwm=1707] [OK]
AT-0035.7: Alt=608.539978m (delta=0.119995m)
AT-0035.7: Yaw rate=-0.001292 (delta=-0.002863) (rad/s)
AT-0035.7: Yaw=-1.534371 (delta=0.036907) (deg)
AT-0035.7: ## Error Integration ##
AT-0035.7:   Altitude: 4.199767m
AT-0035.7:   Yaw rate: 0.156527 rad/s
AT-0035.7:   Yaw: 1.788403 deg
AT-0035.7: ----
AT-0035.7: Hold Time: 24.400000/30.000000
AT-0035.7: PWM output per motor
AT-0035.7: servo 1 [pwm=1819] [OK (failed)]
AT-0035.7: servo 2 [pwm=1578] [OK]
AT-0035.7: servo 3 [pwm=1695] [OK]
AT-0035.7: servo 4 [pwm=1499] [OK]
AT-0035.7: servo 5 [pwm=1695] [OK]
AT-0035.7: servo 6 [pwm=1499] [OK]
AT-0035.7: servo 7 [pwm=1708] [OK]
AT-0035.7: servo 8 [pwm=1707] [OK]
AT-0035.7: Alt=608.539978m (delta=0.119995m)
AT-0035.7: Yaw rate=-0.001379 (delta=-0.002950) (rad/s)
AT-0035.7: Yaw=-1.535829 (delta=0.035449) (deg)
AT-0035.7: ## Error Integration ##
AT-0035.7:   Altitude: 4.349949m
AT-0035.7:   Yaw rate: 0.160219 rad/s
AT-0035.7:   Yaw: 1.832770 deg
AT-0035.7: ----
AT-0035.8: Hold Time: 25.199000/30.000000
AT-0035.8: PWM output per motor
AT-0035.8: servo 1 [pwm=1818] [OK (failed)]
AT-0035.8: servo 2 [pwm=1578] [OK]
AT-0035.8: servo 3 [pwm=1695] [OK]
AT-0035.8: servo 4 [pwm=1499] [OK]
AT-0035.8: servo 5 [pwm=1695] [OK]
AT-0035.8: servo 6 [pwm=1499] [OK]
AT-0035.8: servo 7 [pwm=1707] [OK]
AT-0035.8: servo 8 [pwm=1708] [OK]
AT-0035.8: Alt=608.539978m (delta=0.119995m)
AT-0035.8: Yaw rate=-0.001334 (delta=-0.002905) (rad/s)
AT-0035.8: Yaw=-1.537474 (delta=0.033804) (deg)
AT-0035.8: ## Error Integration ##
AT-0035.8:   Altitude: 4.499943m
AT-0035.8:   Yaw rate: 0.163851 rad/s
AT-0035.8:   Yaw: 1.875024 deg
AT-0035.8: ----
AT-0035.8: Hold Time: 25.999000/30.000000
AT-0035.8: PWM output per motor
AT-0035.8: servo 1 [pwm=1819] [OK (failed)]
AT-0035.8: servo 2 [pwm=1577] [OK]
AT-0035.8: servo 3 [pwm=1695] [OK]
AT-0035.8: servo 4 [pwm=1499] [OK]
AT-0035.8: servo 5 [pwm=1695] [OK]
AT-0035.8: servo 6 [pwm=1499] [OK]
AT-0035.8: servo 7 [pwm=1707] [OK]
AT-0035.8: servo 8 [pwm=1707] [OK]
AT-0035.8: Alt=608.539978m (delta=0.119995m)
AT-0035.8: Yaw rate=-0.002023 (delta=-0.003594) (rad/s)
AT-0035.8: Yaw=-1.539321 (delta=0.031957) (deg)
AT-0035.8: ## Error Integration ##
AT-0035.8:   Altitude: 4.649749m
AT-0035.8:   Yaw rate: 0.168338 rad/s
AT-0035.8:   Yaw: 1.914921 deg
AT-0035.8: ----
AT-0035.8: Hold Time: 26.800000/30.000000
AT-0035.8: PWM output per motor
AT-0035.8: servo 1 [pwm=1818] [OK (failed)]
AT-0035.8: servo 2 [pwm=1578] [OK]
AT-0035.8: servo 3 [pwm=1695] [OK]
AT-0035.8: servo 4 [pwm=1499] [OK]
AT-0035.8: servo 5 [pwm=1695] [OK]
AT-0035.8: servo 6 [pwm=1500] [OK]
AT-0035.8: servo 7 [pwm=1708] [OK]
AT-0035.8: servo 8 [pwm=1707] [OK]
AT-0035.8: Alt=608.539978m (delta=0.119995m)
AT-0035.8: Yaw rate=-0.001220 (delta=-0.002791) (rad/s)
AT-0035.8: Yaw=-1.540860 (delta=0.030418) (deg)
AT-0035.8: ## Error Integration ##
AT-0035.8:   Altitude: 4.799931m
AT-0035.8:   Yaw rate: 0.171831 rad/s
AT-0035.8:   Yaw: 1.952991 deg
AT-0035.8: ----
AT-0035.8: Hold Time: 27.599000/30.000000
AT-0035.8: PWM output per motor
AT-0035.8: servo 1 [pwm=1818] [OK (failed)]
AT-0035.8: servo 2 [pwm=1578] [OK]
AT-0035.8: servo 3 [pwm=1695] [OK]
AT-0035.8: servo 4 [pwm=1499] [OK]
AT-0035.8: servo 5 [pwm=1695] [OK]
AT-0035.8: servo 6 [pwm=1499] [OK]
AT-0035.8: servo 7 [pwm=1707] [OK]
AT-0035.8: servo 8 [pwm=1707] [OK]
AT-0035.8: Alt=608.539978m (delta=0.119995m)
AT-0035.8: Yaw rate=-0.001234 (delta=-0.002806) (rad/s)
AT-0035.8: Yaw=-1.542175 (delta=0.029103) (deg)
AT-0035.8: ## Error Integration ##
AT-0035.8:   Altitude: 4.949925m
AT-0035.8:   Yaw rate: 0.175338 rad/s
AT-0035.8:   Yaw: 1.989370 deg
AT-0035.8: ----
AT-0035.8: Hold Time: 28.399000/30.000000
AT-0035.8: PWM output per motor
AT-0035.8: servo 1 [pwm=1818] [OK (failed)]
AT-0035.8: servo 2 [pwm=1578] [OK]
AT-0035.8: servo 3 [pwm=1695] [OK]
AT-0035.8: servo 4 [pwm=1499] [OK]
AT-0035.8: servo 5 [pwm=1695] [OK]
AT-0035.8: servo 6 [pwm=1499] [OK]
AT-0035.8: servo 7 [pwm=1707] [OK]
AT-0035.8: servo 8 [pwm=1707] [OK]
AT-0035.8: Alt=608.539978m (delta=0.119995m)
AT-0035.8: Yaw rate=-0.000929 (delta=-0.002500) (rad/s)
AT-0035.8: Yaw=-1.543525 (delta=0.027753) (deg)
AT-0035.8: ## Error Integration ##
AT-0035.8:   Altitude: 5.099732m
AT-0035.8:   Yaw rate: 0.178460 rad/s
AT-0035.8:   Yaw: 2.024018 deg
AT-0035.8: ----
AT-0035.8: Hold Time: 29.200000/30.000000
AT-0035.8: PWM output per motor
AT-0035.8: servo 1 [pwm=1818] [OK (failed)]
AT-0035.8: servo 2 [pwm=1578] [OK]
AT-0035.8: servo 3 [pwm=1695] [OK]
AT-0035.8: servo 4 [pwm=1499] [OK]
AT-0035.8: servo 5 [pwm=1695] [OK]
AT-0035.8: servo 6 [pwm=1499] [OK]
AT-0035.8: servo 7 [pwm=1707] [OK]
AT-0035.8: servo 8 [pwm=1707] [OK]
AT-0035.8: Alt=608.539978m (delta=0.119995m)
AT-0035.8: Yaw rate=-0.000882 (delta=-0.002453) (rad/s)
AT-0035.8: Yaw=-1.544706 (delta=0.026572) (deg)
AT-0035.8: ## Error Integration ##
AT-0035.8:   Altitude: 5.249913m
AT-0035.8:   Yaw rate: 0.181530 rad/s
AT-0035.8:   Yaw: 2.057275 deg
AT-0035.8: ----
AT-0035.9: Hold Time: 29.999000/30.000000
AT-0035.9: PWM output per motor
AT-0035.9: servo 1 [pwm=1818] [OK (failed)]
AT-0035.9: servo 2 [pwm=1578] [OK]
AT-0035.9: servo 3 [pwm=1695] [OK]
AT-0035.9: servo 4 [pwm=1499] [OK]
AT-0035.9: servo 5 [pwm=1696] [OK]
AT-0035.9: servo 6 [pwm=1500] [OK]
AT-0035.9: servo 7 [pwm=1708] [OK]
AT-0035.9: servo 8 [pwm=1707] [OK]
AT-0035.9: Alt=608.539978m (delta=0.119995m)
AT-0035.9: Yaw rate=-0.000385 (delta=-0.001956) (rad/s)
AT-0035.9: Yaw=-1.545905 (delta=0.025373) (deg)
AT-0035.9: ## Error Integration ##
AT-0035.9:   Altitude: 5.399720m
AT-0035.9:   Yaw rate: 0.183972 rad/s
AT-0035.9:   Yaw: 2.088952 deg
AT-0035.9: ----
AT-0035.9: Hold Time: 30.800000/30.000000
AT-0035.9: PWM output per motor
AT-0035.9: servo 1 [pwm=1818] [OK (failed)]
AT-0035.9: servo 2 [pwm=1578] [OK]
AT-0035.9: servo 3 [pwm=1695] [OK]
AT-0035.9: servo 4 [pwm=1499] [OK]
AT-0035.9: servo 5 [pwm=1695] [OK]
AT-0035.9: servo 6 [pwm=1499] [OK]
AT-0035.9: servo 7 [pwm=1707] [OK]
AT-0035.9: servo 8 [pwm=1707] [OK]
AT-0035.9: Alt=608.539978m (delta=0.119995m)
AT-0035.9: Yaw rate=-0.000483 (delta=-0.002054) (rad/s)
AT-0035.9: Yaw=-1.546925 (delta=0.024353) (deg)
AT-0035.9: ## Error Integration ##
AT-0035.9:   Altitude: 5.549901m
AT-0035.9:   Yaw rate: 0.186543 rad/s
AT-0035.9:   Yaw: 2.119431 deg
AT-0035.9: ----
AT-0035.9: Hold Time: 31.599000/30.000000
AT-0035.9: PWM output per motor
AT-0035.9: servo 1 [pwm=1818] [OK (failed)]
AT-0035.9: servo 2 [pwm=1578] [OK]
AT-0035.9: servo 3 [pwm=1695] [OK]
AT-0035.9: servo 4 [pwm=1499] [OK]
AT-0035.9: servo 5 [pwm=1695] [OK]
AT-0035.9: servo 6 [pwm=1499] [OK]
AT-0035.9: servo 7 [pwm=1707] [OK]
AT-0035.9: servo 8 [pwm=1707] [OK]
AT-0035.9: Alt=608.539978m (delta=0.119995m)
AT-0035.9: Yaw rate=-0.000752 (delta=-0.002324) (rad/s)
AT-0035.9: Yaw=-1.547986 (delta=0.023292) (deg)
AT-0035.9: ## Error Integration ##
AT-0035.9:   Altitude: 5.699895m
AT-0035.9:   Yaw rate: 0.189447 rad/s
AT-0035.9:   Yaw: 2.148545 deg
AT-0035.9: ----
AT-0035.9: Hold Time: 32.399000/30.000000
AT-0035.9: PWM output per motor
AT-0035.9: servo 1 [pwm=1818] [OK (failed)]
AT-0035.9: servo 2 [pwm=1578] [OK]
AT-0035.9: servo 3 [pwm=1695] [OK]
AT-0035.9: servo 4 [pwm=1499] [OK]
AT-0035.9: servo 5 [pwm=1695] [OK]
AT-0035.9: servo 6 [pwm=1499] [OK]
AT-0035.9: servo 7 [pwm=1707] [OK]
AT-0035.9: servo 8 [pwm=1707] [OK]
AT-0035.9: Alt=608.539978m (delta=0.119995m)
AT-0035.9: Yaw rate=-0.000381 (delta=-0.001953) (rad/s)
AT-0035.9: Yaw=-1.548991 (delta=0.022287) (deg)
AT-0035.9: ## Error Integration ##
AT-0035.9:   Altitude: 5.849702m
AT-0035.9:   Yaw rate: 0.191885 rad/s
AT-0035.9:   Yaw: 2.176369 deg
AT-0035.9: ----
AT-0035.9: Hold Time: 33.200000/30.000000
AT-0035.9: PWM output per motor
AT-0035.9: servo 1 [pwm=1819] [OK (failed)]
AT-0035.9: servo 2 [pwm=1578] [OK]
AT-0035.9: servo 3 [pwm=1695] [OK]
AT-0035.9: servo 4 [pwm=1499] [OK]
AT-0035.9: servo 5 [pwm=1695] [OK]
AT-0035.9: servo 6 [pwm=1499] [OK]
AT-0035.9: servo 7 [pwm=1708] [OK]
AT-0035.9: servo 8 [pwm=1707] [OK]
AT-0035.9: Alt=608.539978m (delta=0.119995m)
AT-0035.9: Yaw rate=-0.000170 (delta=-0.001742) (rad/s)
AT-0035.9: Yaw=-1.549800 (delta=0.021478) (deg)
AT-0035.9: ## Error Integration ##
AT-0035.9:   Altitude: 5.999884m
AT-0035.9:   Yaw rate: 0.194065 rad/s
AT-0035.9:   Yaw: 2.203250 deg
AT-0035.9: ----
AT-0035.9: Hold Time: 33.999000/30.000000
AT-0035.9: PWM output per motor
AT-0035.9: servo 1 [pwm=1818] [OK (failed)]
AT-0035.9: servo 2 [pwm=1578] [OK]
AT-0035.9: servo 3 [pwm=1695] [OK]
AT-0035.9: servo 4 [pwm=1499] [OK]
AT-0035.9: servo 5 [pwm=1695] [OK]
AT-0035.9: servo 6 [pwm=1499] [OK]
AT-0035.9: servo 7 [pwm=1707] [OK]
AT-0035.9: servo 8 [pwm=1708] [OK]
AT-0035.9: Alt=608.539978m (delta=0.119995m)
AT-0035.9: Yaw rate=-0.000208 (delta=-0.001780) (rad/s)
AT-0035.9: Yaw=-1.550658 (delta=0.020620) (deg)
AT-0035.9: ## Error Integration ##
AT-0035.9:   Altitude: 6.149690m
AT-0035.9:   Yaw rate: 0.196287 rad/s
AT-0035.9:   Yaw: 2.228992 deg
AT-0035.9: ----
AT-0036.0: Hold Time: 34.800000/30.000000
AT-0036.0: PWM output per motor
AT-0036.0: servo 1 [pwm=1818] [OK (failed)]
AT-0036.0: servo 2 [pwm=1578] [OK]
AT-0036.0: servo 3 [pwm=1695] [OK]
AT-0036.0: servo 4 [pwm=1499] [OK]
AT-0036.0: servo 5 [pwm=1695] [OK]
AT-0036.0: servo 6 [pwm=1499] [OK]
AT-0036.0: servo 7 [pwm=1708] [OK]
AT-0036.0: servo 8 [pwm=1707] [OK]
AT-0036.0: Alt=608.539978m (delta=0.119995m)
AT-0036.0: Yaw rate=-0.000390 (delta=-0.001962) (rad/s)
AT-0036.0: Yaw=-1.551385 (delta=0.019893) (deg)
AT-0036.0: ## Error Integration ##
AT-0036.0:   Altitude: 6.299872m
AT-0036.0:   Yaw rate: 0.198742 rad/s
AT-0036.0:   Yaw: 2.253890 deg
AT-0036.0: ----
AT-0036.0: Fixing motors
AT-0036.0: set_parameters: ({'SIM_ENGINE_FAIL': 0})
AT-0036.0: SIM_ENGINE_FAIL want=0.000000 autopilot=None (attempt=1/10)
AT-0036.0: Requesting (SIM_ENGINE_FAIL)
AT-0036.0: Received wanted PARAM_VALUE SIM_ENGINE_FAIL=1.000000
AT-0036.0: SIM_ENGINE_FAIL want=0.000000 autopilot=1.0 (attempt=2/10)
AT-0036.0: Sending set (SIM_ENGINE_FAIL) to (0.000000) (old=1.000000)
AT-0036.0: Received wanted PARAM_VALUE SIM_ENGINE_FAIL=0.000000
AT-0036.0: SIM_ENGINE_FAIL want=0.000000 autopilot=0.0 (attempt=3/10)
AT-0036.0: SIM_ENGINE_FAIL is now 0.000000
AT-0036.0: Drained 0 messages from mav (0.000000/s)
AT-0036.0: Changing mode to RTL
AT-0036.0: Sending COMMAND_LONG to (1,1) (MAV_CMD_DO_SET_MODE=176) (p1=1.000000 p2=6.000000 p3=0.000000 p4=0.000000 p5=0.000000 p6=0.000000  p7=0.000000)
AT-0036.0: Got mode RTL
AT-0036.0: RC values good
AT-0036.0: Waiting RTL to reach Home and disarm
AT-0036.0: Drained 25 messages from mav (23788.021779/s)
AT-0036.0: Drained 25 messages from mav (26969.547325/s)
AT-0036.1: Drained 25 messages from mav (22140.540541/s)
AT-0036.1: Drained 25 messages from mav (30071.006596/s)
AT-0036.1: Drained 25 messages from mav (26194.753935/s)
AT-0036.1: Drained 25 messages from mav (28470.703231/s)
AT-0036.2: Drained 25 messages from mav (21325.523693/s)
AT-0036.2: Drained 25 messages from mav (32716.879875/s)
AT-0036.2: Drained 25 messages from mav (21669.270510/s)
AT-0036.2: Drained 24 messages from mav (29085.032072/s)
AT-0036.2: Drained 24 messages from mav (23008.753371/s)
AT-0036.3: Drained 24 messages from mav (25228.896241/s)
AT-0036.3: Drained 24 messages from mav (34309.235174/s)
AT-0036.3: Drained 24 messages from mav (23361.173358/s)
AT-0036.3: Drained 24 messages from mav (25115.592814/s)
AT-0036.3: Drained 24 messages from mav (24636.146843/s)
AT-0036.4: Drained 24 messages from mav (16440.192063/s)
AT-0036.4: Drained 24 messages from mav (41070.296206/s)
AT-0036.4: Drained 24 messages from mav (25394.373360/s)
AT-0036.4: Drained 24 messages from mav (29879.280499/s)
AT-0036.4: Drained 24 messages from mav (17242.770812/s)
AT-0036.5: Drained 24 messages from mav (19369.500866/s)
AT-0036.5: Drained 24 messages from mav (17151.694667/s)
AT-0036.5: Drained 24 messages from mav (19921.491391/s)
AT-0036.5: Drained 24 messages from mav (32315.664848/s)
AT-0036.5: Drained 24 messages from mav (29879.280499/s)
AT-0036.6: Drained 24 messages from mav (24990.887786/s)
AT-0036.6: Drained 24 messages from mav (20120.586848/s)
AT-0036.6: Drained 24 messages from mav (35810.493063/s)
AT-0036.6: Drained 24 messages from mav (28777.385935/s)
AT-0036.6: Drained 24 messages from mav (21592.298584/s)
AT-0036.7: Drained 24 messages from mav (24708.712813/s)
AT-0036.7: Drained 24 messages from mav (30120.675045/s)
AT-0036.7: Drained 24 messages from mav (22529.833483/s)
AT-0036.7: Drained 24 messages from mav (28220.716569/s)
AT-0036.7: Drained 24 messages from mav (30550.317451/s)
AT-0036.8: Drained 24 messages from mav (29001.237684/s)
AT-0036.8: Drained 24 messages from mav (27169.580567/s)
AT-0036.8: Drained 24 messages from mav (18957.306215/s)
AT-0036.8: Drained 24 messages from mav (17006.807907/s)
AT-0036.8: AP: SIM Hit ground at 0.500360 m/s
AT-0036.8: Drained 24 messages from mav (27458.618658/s)
AT-0036.9: Drained 24 messages from mav (21313.422824/s)
AT-0036.9: Drained 24 messages from mav (36832.526894/s)
AT-0036.9: AP: Disarming motors
AT-0036.9: Drained 0 messages from mav (0.000000/s)
AT-0036.9: set_parameters: ({'FRAME_CLASS': 1.0, 'SIM_ENGINE_MUL': 0.0, 'SIM_ENGINE_FAIL': 0.0})
AT-0036.9: FRAME_CLASS want=1.000000 autopilot=None (attempt=1/30)
AT-0036.9: Requesting (FRAME_CLASS)
AT-0036.9: SIM_ENGINE_MUL want=0.000000 autopilot=None (attempt=1/30)
AT-0036.9: Requesting (SIM_ENGINE_MUL)
AT-0036.9: SIM_ENGINE_FAIL want=0.000000 autopilot=None (attempt=1/30)
AT-0036.9: Requesting (SIM_ENGINE_FAIL)
AT-0036.9: Received wanted PARAM_VALUE FRAME_CLASS=3.000000
AT-0036.9: Received wanted PARAM_VALUE SIM_ENGINE_MUL=0.000000
AT-0036.9: Received wanted PARAM_VALUE SIM_ENGINE_FAIL=0.000000
AT-0036.9: FRAME_CLASS want=1.000000 autopilot=3.0 (attempt=2/30)
AT-0036.9: Sending set (FRAME_CLASS) to (1.000000) (old=3.000000)
AT-0036.9: SIM_ENGINE_MUL want=0.000000 autopilot=0.0 (attempt=2/30)
AT-0036.9: SIM_ENGINE_MUL is now 0.000000
AT-0036.9: SIM_ENGINE_FAIL want=0.000000 autopilot=0.0 (attempt=2/30)
AT-0036.9: SIM_ENGINE_FAIL is now 0.000000
AT-0036.9: Received wanted PARAM_VALUE FRAME_CLASS=1.000000
AT-0036.9: FRAME_CLASS want=1.000000 autopilot=1.0 (attempt=3/30)
AT-0036.9: FRAME_CLASS is now 1.000000
AT-0036.9: Drained 0 messages from mav (0.000000/s)
AT-0036.9: PASSED: "MotorFail (Test flight with reduced motor efficiency)"
AT-0036.9: Resetting SITL commandline to default
AT-0036.9: Stopping SITL
AT-0037.1: Starting SITL
Running: "/home/umemoto/Ardupilot-UmemotoLab/build/sitl/bin/arducopter" "-w" "--home" "-35.362938,149.165085,584,270" "--model" "+" "--serial1=tcp:2" "--defaults" "/tmp/tmp09k0ou3e,/home/umemoto/Ardupilot-UmemotoLab/Tools/autotest/default_params/copter.parm"
arducopter: Suggested EK3_DRAG_BCOEF_* = 17.209, EK3_DRAG_MCOEF = 0.209
arducopter: Home: -35.362938 149.165085 alt=584.000000m hdg=270.000000
arducopter: Starting sketch 'ArduCopter'
arducopter: Starting SITL input
arducopter: Using Irlock at port : 9005
arducopter: bind port 5760 for SERIAL0
arducopter: SERIAL0 on TCP port 5760
arducopter: Waiting for connection ....
Attempting reconnect
AT-0037.1: Doing timesync roundtrip
arducopter: Connection on serial port 5760
arducopter: Loaded defaults from /tmp/tmp09k0ou3e,/home/umemoto/Ardupilot-UmemotoLab/Tools/autotest/default_params/copter.parm
arducopter: Smoothing reset at 0.001
arducopter: bind port 5762 for SERIAL1
arducopter: SERIAL1 on TCP port 5762
arducopter: bind port 5763 for SERIAL2
arducopter: SERIAL2 on TCP port 5763
arducopter: Loaded defaults from /tmp/tmp09k0ou3e,/home/umemoto/Ardupilot-UmemotoLab/Tools/autotest/default_params/copter.parm
arducopter: validate_structures:528: Validating structures
arducopter: Waiting for internal clock bits to be set (current=0x00)
arducopter: Loaded defaults from /tmp/tmp09k0ou3e,/home/umemoto/Ardupilot-UmemotoLab/Tools/autotest/default_params/copter.parm
arducopter: Loaded defaults from /tmp/tmp09k0ou3e,/home/umemoto/Ardupilot-UmemotoLab/Tools/autotest/default_params/copter.parm
arducopter: Loaded defaults from /tmp/tmp09k0ou3e,/home/umemoto/Ardupilot-UmemotoLab/Tools/autotest/default_params/copter.parm
arducopter: Loaded defaults from /tmp/tmp09k0ou3e,/home/umemoto/Ardupilot-UmemotoLab/Tools/autotest/default_params/copter.parm
arducopter: Loaded defaults from /tmp/tmp09k0ou3e,/home/umemoto/Ardupilot-UmemotoLab/Tools/autotest/default_params/copter.parm
arducopter: Loaded defaults from /tmp/tmp09k0ou3e,/home/umemoto/Ardupilot-UmemotoLab/Tools/autotest/default_params/copter.parm
AT-0037.1: Received: TIMESYNC {tc1 : -1575000, ts1 : 268250}
AT-0037.1: Received TIMESYNC response after 0.000087s
AT-0037.1: AP: RCInput: decoding UDP (Pulses)
AT-0037.1: AP: Calibrating barometer
AT-0037.1: AP: Barometer 1 calibration complete
AT-0037.1: AP: Barometer 2 calibration complete
AT-0037.1: AP: ArduPilot Ready
AT-0037.1: AP: AHRS: DCM active
AT-0037.1: set_parameters: ({'LOG_DISARMED': 1, 'LOG_DARM_RATEMAX': 5, 'LOG_FILE_RATEMAX': 10})
AT-0037.1: LOG_DISARMED want=1.000000 autopilot=None (attempt=1/30)
AT-0037.1: Requesting (LOG_DISARMED)
AT-0037.1: LOG_DARM_RATEMAX want=5.000000 autopilot=None (attempt=1/30)
AT-0037.1: Requesting (LOG_DARM_RATEMAX)
AT-0037.1: LOG_FILE_RATEMAX want=10.000000 autopilot=None (attempt=1/30)
AT-0037.1: Requesting (LOG_FILE_RATEMAX)
AT-0037.1: AP: RC7: SaveWaypoint MIDDLE
AT-0037.1: Received wanted PARAM_VALUE LOG_DISARMED=0.000000
AT-0037.1: Received wanted PARAM_VALUE LOG_DARM_RATEMAX=0.000000
AT-0037.1: Received wanted PARAM_VALUE LOG_FILE_RATEMAX=0.000000
AT-0037.1: LOG_DISARMED want=1.000000 autopilot=0.0 (attempt=2/30)
AT-0037.1: Sending set (LOG_DISARMED) to (1.000000) (old=0.000000)
AT-0037.1: LOG_DARM_RATEMAX want=5.000000 autopilot=0.0 (attempt=2/30)
AT-0037.1: Sending set (LOG_DARM_RATEMAX) to (5.000000) (old=0.000000)
AT-0037.1: LOG_FILE_RATEMAX want=10.000000 autopilot=0.0 (attempt=2/30)
AT-0037.1: Sending set (LOG_FILE_RATEMAX) to (10.000000) (old=0.000000)
AT-0037.1: Received wanted PARAM_VALUE LOG_DISARMED=1.000000
AT-0037.1: Received wanted PARAM_VALUE LOG_DARM_RATEMAX=5.000000
AT-0037.1: Received wanted PARAM_VALUE LOG_FILE_RATEMAX=10.000000
AT-0037.1: LOG_DISARMED want=1.000000 autopilot=1.0 (attempt=3/30)
AT-0037.1: LOG_DISARMED is now 1.000000
AT-0037.1: LOG_DARM_RATEMAX want=5.000000 autopilot=5.0 (attempt=3/30)
AT-0037.1: LOG_DARM_RATEMAX is now 5.000000
AT-0037.1: LOG_FILE_RATEMAX want=10.000000 autopilot=10.0 (attempt=3/30)
AT-0037.1: LOG_FILE_RATEMAX is now 10.000000
AT-0037.1: Drained 0 messages from mav (0.000000/s)
AT-0037.1: Rebooting SITL
AT-0037.1: Sending param_request_read for (STAT_RESET)
AT-0037.1: get_parameter(STAT_RESET): PARAM_VALUE {param_id : STAT_RESET, param_value : 1.0, param_type : 6, param_count : 1366, param_index : 65535}
AT-0037.1: Sending param_request_read for (STAT_BOOTCNT)
AT-0037.1: get_parameter(STAT_BOOTCNT): PARAM_VALUE {param_id : STAT_BOOTCNT, param_value : 1.0, param_type : 4, param_count : 1366, param_index : 65535}
AT-0037.1: Sending reboot command
AT-0037.1: Sending COMMAND_LONG to (1,1) (MAV_CMD_PREFLIGHT_REBOOT_SHUTDOWN=246) (p1=1.000000 p2=1.000000 p3=0.000000 p4=0.000000 p5=0.000000 p6=0.000000  p7=0.000000)
AT-0037.1: Sending param_request_read for (STAT_BOOTCNT)
AT-0037.1: While awaiting reboot received (COMMAND_ACK {command : 246, result : 0, progress : 0, result_param2 : 0, target_system : 250, target_component : 250})
EOF on TCP socket
Attempting reconnect
[Errno 111] Connection refused sleeping
arducopter: Suggested EK3_DRAG_BCOEF_* = 17.209, EK3_DRAG_MCOEF = 0.209
arducopter: Home: -35.362938 149.165085 alt=584.000000m hdg=270.000000
arducopter: Starting sketch 'ArduCopter'
arducopter: Starting SITL input
arducopter: Using Irlock at port : 9005
arducopter: bind port 5760 for SERIAL0
arducopter: SERIAL0 on TCP port 5760
arducopter: Waiting for connection ....
arducopter: Connection on serial port 5760
AT-0038.1: get_parameter(STAT_BOOTCNT): None
AT-0038.1: Sending param_request_read for (STAT_BOOTCNT)
arducopter: Loaded defaults from /tmp/tmp09k0ou3e,/home/umemoto/Ardupilot-UmemotoLab/Tools/autotest/default_params/copter.parm
arducopter: bind port 5762 for SERIAL1
arducopter: SERIAL1 on TCP port 5762
arducopter: bind port 5763 for SERIAL2
arducopter: SERIAL2 on TCP port 5763
arducopter: Loaded defaults from /tmp/tmp09k0ou3e,/home/umemoto/Ardupilot-UmemotoLab/Tools/autotest/default_params/copter.parm
arducopter: Smoothing reset at 0.001
arducopter: validate_structures:528: Validating structures
arducopter: Waiting for internal clock bits to be set (current=0x00)
arducopter: Loaded defaults from /tmp/tmp09k0ou3e,/home/umemoto/Ardupilot-UmemotoLab/Tools/autotest/default_params/copter.parm
arducopter: Loaded defaults from /tmp/tmp09k0ou3e,/home/umemoto/Ardupilot-UmemotoLab/Tools/autotest/default_params/copter.parm
arducopter: Loaded defaults from /tmp/tmp09k0ou3e,/home/umemoto/Ardupilot-UmemotoLab/Tools/autotest/default_params/copter.parm
arducopter: Loaded defaults from /tmp/tmp09k0ou3e,/home/umemoto/Ardupilot-UmemotoLab/Tools/autotest/default_params/copter.parm
arducopter: Loaded defaults from /tmp/tmp09k0ou3e,/home/umemoto/Ardupilot-UmemotoLab/Tools/autotest/default_params/copter.parm
arducopter: Loaded defaults from /tmp/tmp09k0ou3e,/home/umemoto/Ardupilot-UmemotoLab/Tools/autotest/default_params/copter.parm
AT-0038.1: get_parameter(STAT_BOOTCNT): PARAM_VALUE {param_id : STAT_BOOTCNT, param_value : 2.0, param_type : 4, param_count : 1356, param_index : 65535}
AT-0038.1: current=2.0 required=2
AT-0038.1: Doing timesync roundtrip
AT-0038.1: Received: TIMESYNC {tc1 : 174188000, ts1 : 271250}
AT-0038.1: Received TIMESYNC response after 0.000094s
AT-0038.1: Calling initialise-after-reboot
AT-0038.1: AP: RCInput: decoding UDP (Pulses)
AT-0038.1: Drained 0 messages from mav (0.000000/s)
AT-0038.1: AP: Calibrating barometer
AT-0038.1: Doing timesync roundtrip
AT-0038.1: Received: TIMESYNC {tc1 : 1025514000, ts1 : 272250}
AT-0038.1: Received TIMESYNC response after 0.000012s
AT-0038.1: AP: Barometer 1 calibration complete
AT-0038.1: AP: Barometer 2 calibration complete
AT-0038.2: AP: ArduPilot Ready
AT-0038.2: AP: AHRS: DCM active
AT-0038.2: Reboot complete
AT-0038.2: set_parameters: ({})
AT-0038.2: Simstate Close to startup location: dist=0.000000 max=1.000000 (simstate: lat=-35.362938,lon=149.165085,alt=0.0 start-loc: lat=-35.362938,lon=149.165085,alt=584.0)
AT-0038.2: Reset SITL commandline to default
AT-0038.2: AP: RC7: SaveWaypoint MIDDLE
AT-0038.2: Received (MISSION_ACK {target_system : 250, target_component : 250, type : 0, mission_type : 1})
AT-0038.2: MISSION_ACK.target_system has expected value 250
AT-0038.2: MISSION_ACK.target_component has expected value 250
AT-0038.2: MISSION_ACK.type has expected value 0 (MAV_MISSION_ACCEPTED)
AT-0038.2: AP: Fence Indexed OK
AT-0038.2: Received (MISSION_ACK {target_system : 250, target_component : 250, type : 0, mission_type : 0})
AT-0038.2: MISSION_ACK.target_system has expected value 250
AT-0038.2: MISSION_ACK.target_component has expected value 250
AT-0038.2: MISSION_ACK.type has expected value 0 (MAV_MISSION_ACCEPTED)
AT-0038.2: AP: Flight plan received
AT-0038.2: Received (MISSION_ACK {target_system : 250, target_component : 250, type : 0, mission_type : 2})
AT-0038.2: MISSION_ACK.target_system has expected value 250
AT-0038.2: MISSION_ACK.target_component has expected value 250
AT-0038.2: MISSION_ACK.type has expected value 0 (MAV_MISSION_ACCEPTED)
AT-0038.2: Joining RC thread
AT-0038.2: Stopping SITL
AT-0038.3: Failing tests:
  Parameters (general small tests for parameter system) (Downloaded parameters missing in XML) (see /home/umemoto/buildlogs/ArduCopter-Parameters.txt) (duration 2.279386281967163 s)
>>>> FAILED STEP: test.CopterMedium at Tue May 12 00:55:54 2026
Failure Summary:
  test.CopterMedium:
    Parameters (general small tests for parameter system) (Downloaded parameters missing in XML) (see /home/umemoto/buildlogs/ArduCopter-Parameters.txt) (duration 2.279386281967163 s)
FAILED 1 tests: ['test.CopterMedium']
