TimeUS,PLX,PLY,PLZ,SW,RealFreq,RealPhase
0,0.0,0.0,0.0,1,0.45,0.0
10000,0.0,0.028270566770273252,0.0,1,0.45,0.0
20000,0.0,0.05651853448202453,0.0,1,0.45,0.0
30000,0.0,0.08472132214207344,0.0,1,0.45,0.0
40000,0.0,0.11285638487348168,0.0,1,0.45,0.0
50000,0.0,0.14090123193758267,0.0,1,0.45,0.0
60000,0.0,0.16883344471273387,0.0,1,0.45,0.0
70000,0.0,0.19663069461542007,0.0,1,0.45,0.0
80000,0.0,0.22427076094938117,0.0,1,0.45,0.0
90000,0.0,0.25173154866849706,0.0,1,0.45,0.0
100000,0.0,0.2789911060392293,0.0,1,0.45,0.0
110000,0.0,0.30602764218850076,0.0,1,0.45,0.0
120000,0.0,0.3328195445229866,0.0,1,0.45,0.0
130000,0.0,0.35934539600589066,0.0,1,0.45,0.0
140000,0.0,0.38558399227739654,0.0,1,0.45,0.0
150000,0.0,0.41151435860510877,0.0,1,0.45,0.0
160000,0.0,0.4371157666509329,0.0,1,0.45,0.0
170000,0.0,0.4623677510409918,0.0,1,0.45,0.0
180000,0.0,0.4872501257253323,0.0,1,0.45,0.0
190000,0.0,0.5117430001143449,0.0,1,0.45,0.0
200000,0.0,0.5358267949789967,0.0,1,0.45,0.0
210000,0.0,0.5594822581021669,0.0,1,0.45,0.0
220000,0.0,0.5826904796685761,0.0,1,0.45,0.0
230000,0.0,0.6054329073810014,0.0,1,0.45,0.0
240000,0.0,0.6276913612907005,0.0,1,0.45,0.0
250000,0.0,0.6494480483301837,0.0,1,0.45,0.0
260000,0.0,0.67068557653672,0.0,1,0.45,0.0
270000,0.0,0.6913869689552065,0.0,1,0.45,0.0
280000,0.0,0.7115356772092853,0.0,1,0.45,0.0
290000,0.0,0.7311155947298641,0.0,1,0.45,0.0
300000,0.0,0.7501110696304595,0.0,1,0.45,0.0
310000,0.0,0.7685069172190766,0.0,1,0.45,0.0
320000,0.0,0.7862884321366189,0.0,1,0.45,0.0
330000,0.0,0.8034414001121276,0.0,1,0.45,0.0
340000,0.0,0.8199521093254524,0.0,1,0.45,0.0
350000,0.0,0.8358073613682703,0.0,1,0.45,0.0
360000,0.0,0.8509944817946918,0.0,1,0.45,0.0
370000,0.0,0.8655013302530189,0.0,1,0.45,0.0
380000,0.0,0.8793163101905562,0.0,1,0.45,0.0
390000,0.0,0.8924283781237179,0.0,1,0.45,0.0
400000,0.0,0.9048270524660196,0.0,1,0.45,0.0
410000,0.0,0.916502421906898,0.0,1,0.45,0.0
420000,0.0,0.9274451533346613,0.0,1,0.45,0.0
430000,0.0,0.9376464992972355,0.0,1,0.45,0.0
440000,0.0,0.9470983049947443,0.0,1,0.45,0.0
450000,0.0,0.9557930147983301,0.0,1,0.45,0.0
460000,0.0,0.9637236782900097,0.0,1,0.45,0.0
470000,0.0,0.970883955818731,0.0,1,0.45,0.0
480000,0.0,0.9772681235681935,0.0,1,0.45,0.0
490000,0.0,0.9828710781323792,0.0,1,0.45,0.0
500000,0.0,0.9876883405951378,0.0,1,0.45,0.0
510000,0.0,0.9917160601105629,0.0,1,0.45,0.0
520000,0.0,0.9949510169813002,0.0,1,0.45,0.0
530000,0.0,0.9973906252323237,0.0,1,0.45,0.0
540000,0.0,0.9990329346781247,0.0,1,0.45,0.0
550000,0.0,0.9998766324816606,0.0,1,0.45,0.0
560000,0.0,0.9999210442038161,0.0,1,0.45,0.0
570000,0.0,0.9991661343425401,0.0,1,0.45,0.0
580000,0.0,0.9976125063612252,0.0,1,0.45,0.0
590000,0.0,0.9952614022063083,0.0,1,0.45,0.0
600000,0.0,0.9921147013144779,0.0,1,0.45,0.0
610000,0.0,0.9881749191102805,0.0,1,0.45,0.0
620000,0.0,0.9834452049953297,0.0,1,0.45,0.0
630000,0.0,0.9779293398307218,0.0,1,0.45,0.0
640000,0.0,0.971631732914674,0.0,1,0.45,0.0
650000,0.0,0.9645574184577981,0.0,1,0.45,0.0
660000,0.0,0.9567120515588304,0.0,1,0.45,0.0
670000,0.0,0.948101903684032,0.0,1,0.45,0.0
680000,0.0,0.9387338576538741,0.0,1,0.45,0.0
690000,0.0,0.9286154021410173,0.0,1,0.45,0.0
700000,0.0,0.9177546256839811,0.0,1,0.45,0.0
710000,0.0,0.9061602102212899,0.0,1,0.45,0.0
720000,0.0,0.8938414241512639,0.0,1,0.45,0.0
730000,0.0,0.8808081149230037,0.0,1,0.45,0.0
740000,0.0,0.8670707011644901,0.0,1,0.45,0.0
750000,0.0,0.8526401643540923,0.0,1,0.45,0.0
760000,0.0,0.8375280400421418,0.0,1,0.45,0.0
770000,0.0,0.8217464086295903,0.0,1,0.45,0.0
780000,0.0,0.805307885711122,0.0,1,0.45,0.0
790000,0.0,0.7882256119904401,0.0,1,0.45,0.0
800000,0.0,0.7705132427757893,0.0,1,0.45,0.0
810000,0.0,0.7521849370641114,0.0,1,0.45,0.0
820000,0.0,0.73325534622256,0.0,1,0.45,0.0
830000,0.0,0.7137396022764213,0.0,1,0.45,0.0
840000,0.0,0.6936533058128053,0.0,1,0.45,0.0
850000,0.0,0.6730125135097736,0.0,1,0.45,0.0
860000,0.0,0.651833725300879,0.0,1,0.45,0.0
870000,0.0,0.6301338711853693,0.0,1,0.45,0.0
880000,0.0,0.6079302976946053,0.0,1,0.45,0.0
890000,0.0,0.58524075402551,0.0,1,0.45,0.0
900000,0.0,0.5620833778521305,0.0,1,0.45,0.0
910000,0.0,0.53847668082666,0.0,1,0.45,0.0
920000,0.0,0.5144395337815063,0.0,1,0.45,0.0
930000,0.0,0.4899911516442364,0.0,1,0.45,0.0
940000,0.0,0.46515107807745815,0.0,1,0.45,0.0
950000,0.0,0.4399391698559149,0.0,1,0.45,0.0
960000,0.0,0.4143755809932843,0.0,1,0.45,0.0
970000,0.0,0.3884807466313662,0.0,1,0.45,0.0
980000,0.0,0.3622753667045458,0.0,1,0.45,0.0
990000,0.0,0.33578038939258076,0.0,1,0.45,0.0
1000000,0.0,0.3090169943749475,0.0,1,0.45,0.0
1010000,0.0,0.2820065759001295,0.0,1,0.45,0.0
1020000,0.0,0.25477072568338227,0.0,1,0.45,0.0
1030000,0.0,0.2273312156466465,0.0,1,0.45,0.0
1040000,0.0,0.19970998051440705,0.0,1,0.45,0.0
1050000,0.0,0.17192910027940958,0.0,1,0.45,0.0
1060000,0.0,0.14401078255225216,0.0,1,0.45,0.0
1070000,0.0,0.11597734480896137,0.0,1,0.45,0.0
1080000,0.0,0.08785119655074315,0.0,1,0.45,0.0
1090000,0.0,0.059654821390170656,0.0,1,0.45,0.0
1100000,0.0,0.031410759078128236,0.0,1,0.45,0.0
1110000,0.0,0.0031415874858794902,0.0,1,0.45,0.0
1120000,0.0,-0.02513009544333757,0.0,1,0.45,0.0
1130000,0.0,-0.05338168975876058,0.0,1,0.45,0.0
1140000,0.0,-0.08159061156815768,0.0,1,0.45,0.0
1150000,0.0,-0.10973431109104541,0.0,1,0.45,0.0
1160000,0.0,-0.13779029068463777,0.0,1,0.45,0.0
1170000,0.0,-0.16573612282811945,0.0,1,0.45,0.0
1180000,0.0,-0.19354946805086,0.0,1,0.45,0.0
1190000,0.0,-0.2212080927902469,0.0,1,0.45,0.0
1200000,0.0,-0.24868988716485457,0.0,1,0.45,0.0
1210000,0.0,-0.27597288264874553,0.0,1,0.45,0.0
1220000,0.0,-0.3030352696327738,0.0,1,0.45,0.0
1230000,0.0,-0.3298554148588527,0.0,1,0.45,0.0
1240000,0.0,-0.3564118787132506,0.0,1,0.45,0.0
1250000,0.0,-0.38268343236508967,0.0,1,0.45,0.0
1260000,0.0,-0.4086490747363489,0.0,1,0.45,0.0
1270000,0.0,-0.4342880492898045,0.0,1,0.45,0.0
1280000,0.0,-0.45957986062148776,0.0,1,0.45,0.0
1290000,0.0,-0.4845042908443979,0.0,1,0.45,0.0
1300000,0.0,-0.5090414157503712,0.0,1,0.45,0.0
1310000,0.0,-0.5331716207371886,0.0,1,0.45,0.0
1320000,0.0,-0.556875616488188,0.0,1,0.45,0.0
1330000,0.0,-0.5801344543918494,0.0,1,0.45,0.0
1340000,0.0,-0.6029295416890247,0.0,1,0.45,0.0
1350000,0.0,-0.6252426563357052,0.0,1,0.45,0.0
1360000,0.0,-0.6470559615694443,0.0,1,0.45,0.0
1370000,0.0,-0.668352020167793,0.0,1,0.45,0.0
1380000,0.0,-0.6891138083873485,0.0,1,0.45,0.0
1390000,0.0,-0.709324729572274,0.0,1,0.45,0.0
1400000,0.0,-0.7289686274214116,0.0,1,0.45,0.0
1410000,0.0,-0.7480297989033823,0.0,1,0.45,0.0
1420000,0.0,-0.7664930068093496,0.0,1,0.45,0.0
1430000,0.0,-0.7843434919334099,0.0,1,0.45,0.0
1440000,0.0,-0.8015669848708764,0.0,1,0.45,0.0
1450000,0.0,-0.8181497174250233,0.0,1,0.45,0.0
1460000,0.0,-0.834078433613171,0.0,1,0.45,0.0
1470000,0.0,-0.8493404002633165,0.0,1,0.45,0.0
1480000,0.0,-0.8639234171928352,0.0,1,0.45,0.0
1490000,0.0,-0.8778158269611216,0.0,1,0.45,0.0
1500000,0.0,-0.8910065241883678,0.0,1,0.45,0.0
1510000,0.0,-0.9034849644330347,0.0,1,0.45,0.0
1520000,0.0,-0.9152411726209175,0.0,1,0.45,0.0
1530000,0.0,-0.9262657510190666,0.0,1,0.45,0.0
1540000,0.0,-0.9365498867481923,0.0,1,0.45,0.0
1550000,0.0,-0.9460853588275453,0.0,1,0.45,0.0
1560000,0.0,-0.954864544746643,0.0,1,0.45,0.0
1570000,0.0,-0.9628804265585875,0.0,1,0.45,0.0
1580000,0.0,-0.9701265964901058,0.0,1,0.45,0.0
1590000,0.0,-0.9765972620638246,0.0,1,0.45,0.0
1600000,0.0,-0.9822872507286887,0.0,1,0.45,0.0
1610000,0.0,-0.9871920139948192,0.0,1,0.45,0.0
1620000,0.0,-0.9913076310695066,0.0,1,0.45,0.0
1630000,0.0,-0.9946308119914323,0.0,1,0.45,0.0
1640000,0.0,-0.9971589002606139,0.0,1,0.45,0.0
1650000,0.0,-0.99888987496197,0.0,1,0.45,0.0
1660000,0.0,-0.999822352380809,0.0,1,0.45,0.0
1670000,0.0,-0.9999555871089498,0.0,1,0.45,0.0
1680000,0.0,-0.9992894726405893,0.0,1,0.45,0.0
1690000,0.0,-0.9978245414574415,0.0,1,0.45,0.0
1700000,0.0,-0.9955619646030801,0.0,1,0.45,0.0
1710000,0.0,-0.9925035507468238,0.0,1,0.45,0.0
1720000,0.0,-0.9886517447379141,0.0,1,0.45,0.0
1730000,0.0,-0.9840096256511398,0.0,1,0.45,0.0
1740000,0.0,-0.9785809043254723,0.0,1,0.45,0.0
1750000,0.0,-0.9723699203976768,0.0,1,0.45,0.0
1760000,0.0,-0.9653816388332738,0.0,1,0.45,0.0
1770000,0.0,-0.9576216459576221,0.0,1,0.45,0.0
1780000,0.0,-0.9490961449902945,0.0,1,0.45,0.0
1790000,0.0,-0.9398119510863195,0.0,1,0.45,0.0
1800000,0.0,-0.9297764858882512,0.0,1,0.45,0.0
1810000,0.0,-0.9189977715934212,0.0,1,0.45,0.0
1820000,0.0,-0.9074844245411168,0.0,1,0.45,0.0
1830000,0.0,-0.8952456483248115,0.0,1,0.45,0.0
1840000,0.0,-0.8822912264349531,0.0,1,0.45,0.0
1850000,0.0,-0.8686315144381911,0.0,1,0.45,0.0
1860000,0.0,-0.8542774316992949,0.0,1,0.45,0.0
1870000,0.0,-0.8392404526523815,0.0,1,0.45,0.0
1880000,0.0,-0.8235325976284271,0.0,1,0.45,0.0
1890000,0.0,-0.8071664232464,0.0,1,0.45,0.0
1900000,0.0,-0.7901550123756901,0.0,1,0.45,0.0
1910000,0.0,-0.7725119636778641,0.0,1,0.45,0.0
1920000,0.0,-0.7542513807361041,0.0,1,0.45,0.0
1930000,0.0,-0.7353878607810161,0.0,1,0.45,0.0
1940000,0.0,-0.7159364830218314,0.0,1,0.45,0.0
1950000,0.0,-0.6959127965923145,0.0,1,0.45,0.0
1960000,0.0,-0.6753328081210247,0.0,1,0.45,0.0
1970000,0.0,-0.6542129689358612,0.0,1,0.45,0.0
1980000,0.0,-0.6325701619131247,0.0,1,0.45,0.0
1990000,0.0,-0.6104216879816027,0.0,1,0.45,0.0
2000000,0.0,-0.5877852522924734,0.0,1,0.45,0.0
2010000,0.0,-0.5646789500660765,0.0,1,0.45,0.0
2020000,0.0,-0.541121252126876,0.0,1,0.45,0.0
2030000,0.0,-0.5171309901381566,0.0,1,0.45,0.0
2040000,0.0,-0.4927273415482917,0.0,1,0.45,0.0
2049999,0.0,-0.4679298142605743,0.0,1,0.45,0.0
2060000,0.0,-0.44275823103890166,0.0,1,0.45,0.0
2069999,0.0,-0.4172327136617662,0.0,1,0.45,0.0
2080000,0.0,-0.3913736668372025,0.0,1,0.45,0.0
2089999,0.0,-0.3652017618915887,0.0,1,0.45,0.0
2100000,0.0,-0.3387379202452914,0.0,1,0.45,0.0
2110000,0.0,-0.31200329668841575,0.0,1,0.45,0.0
2120000,0.0,-0.28501926246997616,0.0,1,0.45,0.0
2130000,0.0,-0.25780738821406074,0.0,1,0.45,0.0
2140000,0.0,-0.23038942667659057,0.0,1,0.45,0.0
2150000,0.0,-0.20278729535651333,0.0,1,0.45,0.0
2160000,0.0,-0.175023058975276,0.0,1,0.45,0.0
2170000,0.0,-0.1471189118386382,0.0,1,0.45,0.0
2180000,0.0,-0.11909716009486966,0.0,1,0.45,0.0
2190000,0.0,-0.0909802039035707,0.0,1,0.45,0.0
2200000,0.0,-0.06279051952931326,0.0,1,0.45,0.0
2210000,0.0,-0.03455064137447303,0.0,1,0.45,0.0
2220000,0.0,-0.006283143965558805,0.0,1,0.45,0.0
2230000,0.0,0.021989376092504384,0.0,1,0.45,0.0
2240000,0.0,0.05024431817976974,0.0,1,0.45,0.0
2250000,0.0,0.07845909572784514,0.0,1,0.45,0.0
2260000,0.0,0.10661115427526012,0.0,1,0.45,0.0
2270000,0.0,0.13467798949715282,0.0,1,0.45,0.0
2280000,0.0,0.16263716519488383,0.0,1,0.45,0.0
2290000,0.0,0.19046633123119014,0.0,1,0.45,0.0
2300000,0.0,0.21814324139654281,0.0,1,0.45,0.0
2310000,0.0,0.24564577119242662,0.0,1,0.45,0.0
2320000,0.0,0.27295193551732466,0.0,1,0.45,0.0
2330000,0.0,0.3000399062412766,0.0,1,0.45,0.0
2340000,0.0,0.32688802965494196,0.0,1,0.45,0.0
2350000,0.0,0.3534748437792575,0.0,1,0.45,0.0
2360000,0.0,0.3797790955218006,0.0,1,0.45,0.0
2370000,0.0,0.40577975766620034,0.0,1,0.45,0.0
2380000,0.0,0.4314560456809585,0.0,1,0.45,0.0
2390000,0.0,0.45678743433429986,0.0,1,0.45,0.0
2400000,0.0,0.4817536741017149,0.0,1,0.45,0.0
2410000,0.0,0.506334807353133,0.0,1,0.45,0.0
2420000,0.0,0.5305111843067337,0.0,1,0.45,0.0
2430000,0.0,0.5542634787366945,0.0,1,0.45,0.0
2440000,0.0,0.5775727034222673,0.0,1,0.45,0.0
2450000,0.0,0.6004202253258845,0.0,1,0.45,0.0
2460000,0.0,0.6227877804881122,0.0,1,0.45,0.0
2470000,0.0,0.6446574886275918,0.0,1,0.45,0.0
2480000,0.0,0.6660118674342513,0.0,1,0.45,0.0
2490000,0.0,0.6868338465444087,0.0,1,0.45,0.0
2500000,0.0,0.7071067811865474,0.0,1,0.45,0.0
2510000,0.0,0.7268144654869033,0.0,1,0.45,0.0
2520000,0.0,0.745941145424182,0.0,1,0.45,0.0
2530000,0.0,0.764471531423092,0.0,1,0.45,0.0
2540000,0.0,0.782390810576588,0.0,1,0.45,0.0
2550000,0.0,0.7996846584870909,0.0,1,0.45,0.0
2560000,0.0,0.8163392507171838,0.0,1,0.45,0.0
2570000,0.0,0.8323412738406628,0.0,1,0.45,0.0
2580000,0.0,0.8476779360850831,0.0,1,0.45,0.0
2590000,0.0,0.8623369775573034,0.0,1,0.45,0.0
2600000,0.0,0.8763066800438636,0.0,1,0.45,0.0
2610000,0.0,0.8895758763783376,0.0,1,0.45,0.0
2620000,0.0,0.9021339593682028,0.0,1,0.45,0.0
2630000,0.0,0.9139708902740609,0.0,1,0.45,0.0
2640000,0.0,0.925077206834458,0.0,1,0.45,0.0
2650000,0.0,0.935444030829867,0.0,1,0.45,0.0
2660000,0.0,0.9450630751798048,0.0,1,0.45,0.0
2670000,0.0,0.9539266505673933,0.0,1,0.45,0.0
2680000,0.0,0.9620276715860859,0.0,1,0.45,0.0
2690000,0.0,0.969359662403629,0.0,1,0.45,0.0
2700000,0.0,0.9759167619387474,0.0,1,0.45,0.0
2710000,0.0,0.9816937285463987,0.0,1,0.45,0.0
2720000,0.0,0.986685944207868,0.0,1,0.45,0.0
2730000,0.0,0.9908894182223386,0.0,1,0.45,0.0
2740000,0.0,0.9943007903969989,0.0,1,0.45,0.0
2750000,0.0,0.996917333733128,0.0,1,0.45,0.0
2760000,0.0,0.9987369566060175,0.0,1,0.45,0.0
2770000,0.0,0.999758204436984,0.0,1,0.45,0.0
2780000,0.0,0.9999802608561371,0.0,1,0.45,0.0
2790000,0.0,0.9994029483549729,0.0,1,0.45,0.0
2800000,0.0,0.9980267284282716,0.0,1,0.45,0.0
2810000,0.0,0.9958527012051857,0.0,1,0.45,0.0
2820000,0.0,0.9928826045698137,0.0,1,0.45,0.0
2830000,0.0,0.9891188127719619,0.0,1,0.45,0.0
2840000,0.0,0.9845643345292054,0.0,1,0.45,0.0
2850000,0.0,0.9792228106217659,0.0,1,0.45,0.0
2860000,0.0,0.9730985109821267,0.0,1,0.45,0.0
2870000,0.0,0.9661963312817149,0.0,1,0.45,0.0
2880000,0.0,0.9585217890173761,0.0,1,0.45,0.0
2890000,0.0,0.9500810191007719,0.0,1,0.45,0.0
2900000,0.0,0.9408807689542257,0.0,1,0.45,0.0
2910000,0.0,0.9309283931169359,0.0,1,0.45,0.0
2920000,0.0,0.9202318473658705,0.0,1,0.45,0.0
2930000,0.0,0.9087996823560403,0.0,1,0.45,0.0
2940000,0.0,0.8966410367852361,0.0,1,0.45,0.0
2950000,0.0,0.8837656300886936,0.0,1,0.45,0.0
2960000,0.0,0.8701837546695259,0.0,1,0.45,0.0
2970000,0.0,0.8559062676711332,0.0,1,0.45,0.0
2980000,0.0,0.8409445822981693,0.0,1,0.45,0.0
2990000,0.0,0.8253106586929998,0.0,1,0.45,0.0
3000000,0.0,0.8090169943749477,0.0,1,0.45,0.0
3010000,0.0,0.7920766142499672,0.0,1,0.45,0.0
3020000,0.0,0.774503060198734,0.0,1,0.45,0.0
3030000,0.0,0.7563103802514721,0.0,1,0.45,0.0
3040000,0.0,0.737513117358174,0.0,1,0.45,0.0
3050000,0.0,0.718126297763189,0.0,1,0.45,0.0
3060000,0.0,0.6981654189934728,0.0,1,0.45,0.0
3070000,0.0,0.6776464374701024,0.0,1,0.45,0.0
3080000,0.0,0.6565857557529566,0.0,1,0.45,0.0
3090000,0.0,0.6350002094287608,0.0,1,0.45,0.0
3100000,0.0,0.6129070536529766,0.0,1,0.45,0.0
3110000,0.0,0.5903239493562946,0.0,1,0.45,0.0
3120000,0.0,0.5672689491267566,0.0,1,0.45,0.0
3130000,0.0,0.5437604827787926,0.0,1,0.45,0.0
3140000,0.0,0.5198173426207096,0.0,1,0.45,0.0
3150000,0.0,0.4954586684324076,0.0,1,0.45,0.0
3160000,0.0,0.47070393216533263,0.0,1,0.45,0.0
3170000,0.0,0.44557292237689633,0.0,1,0.45,0.0
3180000,0.0,0.4200857284118063,0.0,1,0.45,0.0
3190000,0.0,0.394262724342951,0.0,1,0.45,0.0
3200000,0.0,0.368124552684678,0.0,1,0.45,0.0
3210000,0.0,0.3416921078914833,0.0,1,0.45,0.0
3220000,0.0,0.3149865196553048,0.0,1,0.45,0.0
3230000,0.0,0.28802913601476915,0.0,1,0.45,0.0
3240000,0.0,0.2608415062898969,0.0,1,0.45,0.0
3250000,0.0,0.23344536385590534,0.0,1,0.45,0.0
3260000,0.0,0.20586260876988122,0.0,1,0.45,0.0
3270000,0.0,0.17811529026421002,0.0,1,0.45,0.0
3280000,0.0,0.15022558912075692,0.0,1,0.45,0.0
3290000,0.0,0.12221579993988929,0.0,1,0.45,0.0
3300000,0.0,0.09410831331851414,0.0,1,0.45,0.0
3310000,0.0,0.06592559795137767,0.0,1,0.45,0.0
3320000,0.0,0.03769018266993433,0.0,1,0.45,0.0
3330000,0.0,0.009424638433143787,0.0,1,0.45,0.0
3340000,0.0,-0.018848439715406635,0.0,1,0.45,0.0
3350000,0.0,-0.047106450709642915,0.0,1,0.45,0.0
3360000,0.0,-0.07532680552793122,0.0,1,0.45,0.0
3370000,0.0,-0.10348694525042282,0.0,1,0.45,0.0
3380000,0.0,-0.13156435909228104,0.0,1,0.45,0.0
3390000,0.0,-0.15953660239848663,0.0,1,0.45,0.0
3400000,0.0,-0.1873813145857232,0.0,1,0.45,0.0
3410000,0.0,-0.21507623701711373,0.0,1,0.45,0.0
3420000,0.0,-0.24259923079540607,0.0,1,0.45,0.0
3430000,0.0,-0.2699282944604967,0.0,1,0.45,0.0
3440000,0.0,-0.2970415815770336,0.0,1,0.45,0.0
3450000,0.0,-0.3239174181981498,0.0,1,0.45,0.0
3460000,0.0,-0.35053432019125774,0.0,1,0.45,0.0
3470000,0.0,-0.3768710104121631,0.0,1,0.45,0.0
3480000,0.0,-0.40290643571366147,0.0,1,0.45,0.0
3490000,0.0,-0.42861978377512877,0.0,1,0.45,0.0
3500000,0.0,-0.45399049973954564,0.0,1,0.45,0.0
3510000,0.0,-0.4789983026447615,0.0,1,0.45,0.0
3520000,0.0,-0.5036232016357614,0.0,1,0.45,0.0
3530000,0.0,-0.5278455119450669,0.0,1,0.45,0.0
3540000,0.0,-0.5516458706284307,0.0,1,0.45,0.0
3550000,0.0,-0.575005252043279,0.0,1,0.45,0.0
3560000,0.0,-0.5979049830575194,0.0,1,0.45,0.0
3570000,0.0,-0.6203267579765565,0.0,1,0.45,0.0
3580000,0.0,-0.6422526531765849,0.0,1,0.45,0.0
3590000,0.0,-0.6636651414324577,0.0,1,0.45,0.0
3600000,0.0,-0.6845471059286892,0.0,1,0.45,0.0
3610000,0.0,-0.7048818539423607,0.0,1,0.45,0.0
3620000,0.0,-0.7246531301870471,0.0,1,0.45,0.0
3630000,0.0,-0.7438451298070243,0.0,1,0.45,0.0
3640000,0.0,-0.7624425110114483,0.0,1,0.45,0.0
3650000,0.0,-0.7804304073383291,0.0,1,0.45,0.0
3660000,0.0,-0.7977944395385714,0.0,1,0.45,0.0
3670000,0.0,-0.8145207270705088,0.0,1,0.45,0.0
3680000,0.0,-0.8305958991958131,0.0,1,0.45,0.0
3690000,0.0,-0.8460071056678417,0.0,1,0.45,0.0
3700000,0.0,-0.8607420270039441,0.0,1,0.45,0.0
3710000,0.0,-0.8747888843334524,0.0,1,0.45,0.0
3720000,0.0,-0.8881364488135449,0.0,1,0.45,0.0
3730000,0.0,-0.9007740506053977,0.0,1,0.45,0.0
3740000,0.0,-0.9126915874035032,0.0,1,0.45,0.0
3750000,0.0,-0.9238795325112864,0.0,1,0.45,0.0
3760000,0.0,-0.9343289424566124,0.0,1,0.45,0.0
3770000,0.0,-0.9440314641410494,0.0,1,0.45,0.0
3780000,0.0,-0.9529793415172191,0.0,1,0.45,0.0
3790000,0.0,-0.9611654217888517,0.0,1,0.45,0.0
3800000,0.0,-0.9685831611286314,0.0,1,0.45,0.0
3810000,0.0,-0.9752266299092233,0.0,1,0.45,0.0
3820000,0.0,-0.9810905174433343,0.0,1,0.45,0.0
3830000,0.0,-0.9861701362289887,0.0,1,0.45,0.0
3840000,0.0,-0.9904614256966511,0.0,1,0.45,0.0
3850000,0.0,-0.9939609554551796,0.0,1,0.45,0.0
3860000,0.0,-0.9966659280340299,0.0,1,0.45,0.0
3870000,0.0,-0.9985741811195097,0.0,1,0.45,0.0
3880000,0.0,-0.9996841892832999,0.0,1,0.45,0.0
3890000,0.0,-0.9999950652018582,0.0,1,0.45,0.0
3900000,0.0,-0.9995065603657316,0.0,1,0.45,0.0
3910000,0.0,-0.9982190652782118,0.0,1,0.45,0.0
3920000,0.0,-0.9961336091431725,0.0,1,0.45,0.0
3930000,0.0,-0.9932518590423395,0.0,1,0.45,0.0
3940000,0.0,-0.989576118602651,0.0,1,0.45,0.0
3950000,0.0,-0.985109326154774,0.0,1,0.45,0.0
3960000,0.0,-0.979855052384247,0.0,1,0.45,0.0
3970000,0.0,-0.973817497477129,0.0,1,0.45,0.0
3980000,0.0,-0.9670014877624352,0.0,1,0.45,0.0
3990000,0.0,-0.959412471854043,0.0,1,0.45,0.0
4000000,0.0,-0.9510565162951538,0.0,1,0.45,0.0
4010000,0.0,-0.9419403007087908,0.0,1,0.45,0.0
4020000,0.0,-0.9320711124582105,0.0,1,0.45,0.0
4030000,0.0,-0.9214568408214986,0.0,1,0.45,0.0
4040000,0.0,-0.9101059706849959,0.0,1,0.45,0.0
4050000,0.0,-0.8980275757606158,0.0,1,0.45,0.0
4060000,0.0,-0.8852313113324546,0.0,1,0.45,0.0
4070000,0.0,-0.871727406538509,0.0,1,0.45,0.0
4080000,0.0,-0.8575266561936524,0.0,1,0.45,0.0
4090000,0.0,-0.8426404121604324,0.0,1,0.45,0.0
4099999,0.0,-0.8270805742745629,0.0,1,0.45,0.0
4110000,0.0,-0.8108595808323736,0.0,1,0.45,0.0
4120000,0.0,-0.7939903986478355,0.0,1,0.45,0.0
4130000,0.0,-0.7764865126870787,0.0,1,0.45,0.0
4139999,0.0,-0.7583619152887231,0.0,1,0.45,0.0
4150000,0.0,-0.7396310949786098,0.0,1,0.45,0.0
4160000,0.0,-0.720309024887907,0.0,1,0.45,0.0
4170000,0.0,-0.7004111507838064,0.0,1,0.45,0.0
4179999,0.0,-0.6799533787224206,0.0,1,0.45,0.0
4190000,0.0,-0.6589520623337171,0.0,1,0.45,0.0
4200000,0.0,-0.6374239897486897,0.0,1,0.45,0.0
4210000,0.0,-0.6153863701791715,0.0,1,0.45,0.0
4220000,0.0,-0.5928568201610608,0.0,1,0.45,0.0
4230000,0.0,-0.5698533494719238,0.0,1,0.45,0.0
4240000,0.0,-0.5463943467342691,0.0,1,0.45,0.0
4250000,0.0,-0.5224985647159489,0.0,1,0.45,0.0
4260000,0.0,-0.4981851053394924,0.0,1,0.45,0.0
4270000,0.0,-0.4734734044123121,0.0,1,0.45,0.0
4280000,0.0,-0.44838321609003223,0.0,1,0.45,0.0
4290000,0.0,-0.42293459708530323,0.0,1,0.45,0.0
4300000,0.0,-0.3971478906347822,0.0,1,0.45,0.0
4310000,0.0,-0.37104371023705096,0.0,1,0.45,0.0
4320000,0.0,-0.34464292317451695,0.0,1,0.45,0.0
4330000,0.0,-0.31796663383241086,0.0,1,0.45,0.0
4340000,0.0,-0.29103616682827343,0.0,1,0.45,0.0
4350000,0.0,-0.26387304996537275,0.0,1,0.45,0.0
4360000,0.0,-0.23649899702372454,0.0,1,0.45,0.0
4370000,0.0,-0.20893589040241153,0.0,1,0.45,0.0
4380000,0.0,-0.18120576362713892,0.0,1,0.45,0.0
4390000,0.0,-0.15333078373696218,0.0,1,0.45,0.0
4400000,0.0,-0.125333233564304,0.0,1,0.45,0.0
4410000,0.0,-0.0972354939223991,0.0,1,0.45,0.0
4420000,0.0,-0.06906002571440731,0.0,1,0.45,0.0
4430000,0.0,-0.040829351978511494,0.0,1,0.45,0.0
4440000,0.0,-0.012566039883352316,0.0,1,0.45,0.0
4450000,0.0,0.015707317311820984,0.0,1,0.45,0.0
4460000,0.0,0.04396811831786345,0.0,1,0.45,0.0
4470000,0.0,0.07219377188285916,0.0,1,0.45,0.0
4480000,0.0,0.10036171485121524,0.0,1,0.45,0.0
4490000,0.0,0.12844943020030322,0.0,1,0.45,0.0
4500000,0.0,0.15643446504023126,0.0,1,0.45,0.0
4510000,0.0,0.18429444856233196,0.0,1,0.45,0.0
4520000,0.0,0.21200710992205507,0.0,1,0.45,0.0
4530000,0.0,0.23955029604192227,0.0,1,0.45,0.0
4540000,0.0,0.266901989320376,0.0,1,0.45,0.0
4550000,0.0,0.2940403252323027,0.0,1,0.45,0.0
4560000,0.0,0.32094360980720993,0.0,1,0.45,0.0
4570000,0.0,0.34759033697103753,0.0,1,0.45,0.0
4580000,0.0,0.37395920573780095,0.0,1,0.45,0.0
4590000,0.0,0.40002913723726363,0.0,1,0.45,0.0
4600000,0.0,0.42577929156507316,0.0,1,0.45,0.0
4610000,0.0,0.4511890844418456,0.0,1,0.45,0.0
4620000,0.0,0.4762382036679396,0.0,1,0.45,0.0
4630000,0.0,0.5009066253607088,0.0,1,0.45,0.0
4640000,0.0,0.5251746299612947,0.0,1,0.45,0.0
4650000,0.0,0.5490228179981322,0.0,1,0.45,0.0
4660000,0.0,0.5724321255945914,0.0,1,0.45,0.0
4670000,0.0,0.5953838397083541,0.0,1,0.45,0.0
4680000,0.0,0.6178596130903335,0.0,1,0.45,0.0
4690000,0.0,0.6398414789511789,0.0,1,0.45,0.0
4700000,0.0,0.6613118653236524,0.0,1,0.45,0.0
4710000,0.0,0.6822536091093957,0.0,1,0.45,0.0
4720000,0.0,0.7026499697988485,0.0,1,0.45,0.0
4730000,0.0,0.7224846428533503,0.0,1,0.45,0.0
4740000,0.0,0.7417417727387398,0.0,1,0.45,0.0
4750000,0.0,0.7604059656000303,0.0,1,0.45,0.0
4760000,0.0,0.7784623015670228,0.0,1,0.45,0.0
4770000,0.0,0.7958963466810164,0.0,1,0.45,0.0
4780000,0.0,0.8126941644330945,0.0,1,0.45,0.0
4790000,0.0,0.8288423269047615,0.0,1,0.45,0.0
4800000,0.0,0.8443279255020146,0.0,1,0.45,0.0
4810000,0.0,0.8591385812742729,0.0,1,0.45,0.0
4820000,0.0,0.8732624548099206,0.0,1,0.45,0.0
4830000,0.0,0.8866882557005561,0.0,1,0.45,0.0
4840000,0.0,0.8994052515663706,0.0,1,0.45,0.0
4850000,0.0,0.9114032766354456,0.0,1,0.45,0.0
4860000,0.0,0.9226727398701152,0.0,1,0.45,0.0
4870000,0.0,0.9332046326338983,0.0,1,0.45,0.0
4880000,0.0,0.9429905358928642,0.0,1,0.45,0.0
4890000,0.0,0.9520226269456764,0.0,1,0.45,0.0
4900000,0.0,0.9602936856769434,0.0,1,0.45,0.0
4910000,0.0,0.9677971003288652,0.0,1,0.45,0.0
4920000,0.0,0.974526872786577,0.0,1,0.45,0.0
4930000,0.0,0.9804776233729443,0.0,1,0.45,0.0
4940000,0.0,0.9856445951489983,0.0,1,0.45,0.0
4950000,0.0,0.9900236577165574,0.0,1,0.45,0.0
4960000,0.0,0.9936113105200084,0.0,1,0.45,0.0
4970000,0.0,0.9964046856445924,0.0,1,0.45,0.0
4980000,0.0,0.9984015501089751,0.0,1,0.45,0.0
4990000,0.0,0.9996003076502565,0.0,1,0.45,0.0
5000000,0.0,1.0,0.0,1,0.45,0.0
5010000,0.0,0.9996003076502565,0.0,1,0.45,0.0
5020000,0.0,0.998401550108975,0.0,1,0.45,0.0
5030000,0.0,0.9964046856445925,0.0,1,0.45,0.0
5040000,0.0,0.9936113105200085,0.0,1,0.45,0.0
5050000,0.0,0.9900236577165576,0.0,1,0.45,0.0
5060000,0.0,0.9856445951489978,0.0,1,0.45,0.0
5070000,0.0,0.9804776233729445,0.0,1,0.45,0.0
5080000,0.0,0.9745268727865772,0.0,1,0.45,0.0
5090000,0.0,0.9677971003288656,0.0,1,0.45,0.0
5100000,0.0,0.9602936856769427,0.0,1,0.45,0.0
5110000,0.0,0.9520226269456767,0.0,1,0.45,0.0
5120000,0.0,0.9429905358928646,0.0,1,0.45,0.0
5130000,0.0,0.9332046326338987,0.0,1,0.45,0.0
5140000,0.0,0.9226727398701157,0.0,1,0.45,0.0
5150000,0.0,0.9114032766354454,0.0,1,0.45,0.0
5160000,0.0,0.8994052515663712,0.0,1,0.45,0.0
5170000,0.0,0.8866882557005566,0.0,1,0.45,0.0
5180000,0.0,0.8732624548099212,0.0,1,0.45,0.0
5190000,0.0,0.8591385812742726,0.0,1,0.45,0.0
5200000,0.0,0.8443279255020152,0.0,1,0.45,0.0
5210000,0.0,0.828842326904762,0.0,1,0.45,0.0
5220000,0.0,0.8126941644330951,0.0,1,0.45,0.0
5230000,0.0,0.7958963466810159,0.0,1,0.45,0.0
5240000,0.0,0.7784623015670236,0.0,1,0.45,0.0
5250000,0.0,0.760405965600031,0.0,1,0.45,0.0
5260000,0.0,0.7417417727387405,0.0,1,0.45,0.0
5270000,0.0,0.7224846428533499,0.0,1,0.45,0.0
5280000,0.0,0.7026499697988493,0.0,1,0.45,0.0
5290000,0.0,0.6822536091093965,0.0,1,0.45,0.0
5300000,0.0,0.6613118653236533,0.0,1,0.45,0.0
5310000,0.0,0.6398414789511785,0.0,1,0.45,0.0
5320000,0.0,0.6178596130903343,0.0,1,0.45,0.0
5330000,0.0,0.595383839708355,0.0,1,0.45,0.0
5340000,0.0,0.5724321255945923,0.0,1,0.45,0.0
5350000,0.0,0.5490228179981317,0.0,1,0.45,0.0
5360000,0.0,0.5251746299612957,0.0,1,0.45,0.0
5370000,0.0,0.5009066253607098,0.0,1,0.45,0.0
5380000,0.0,0.4762382036679406,0.0,1,0.45,0.0
5390000,0.0,0.4511890844418465,0.0,1,0.45,0.0
5400000,0.0,0.42577929156507255,0.0,1,0.45,0.0
5410000,0.0,0.40002913723726463,0.0,1,0.45,0.0
5420000,0.0,0.37395920573780195,0.0,1,0.45,0.0
5430000,0.0,0.3475903369710385,0.0,1,0.45,0.0
5440000,0.0,0.3209436098072093,0.0,1,0.45,0.0
5450000,0.0,0.2940403252323038,0.0,1,0.45,0.0
5460000,0.0,0.26690198932037706,0.0,1,0.45,0.0
5470000,0.0,0.23955029604192335,0.0,1,0.45,0.0
5480000,0.0,0.2120071099220544,0.0,1,0.45,0.0
5490000,0.0,0.18429444856233304,0.0,1,0.45,0.0
5500000,0.0,0.15643446504023234,0.0,1,0.45,0.0
5510000,0.0,0.1284494302003043,0.0,1,0.45,0.0
5520000,0.0,0.10036171485121458,0.0,1,0.45,0.0
5530000,0.0,0.07219377188286027,0.0,1,0.45,0.0
5540000,0.0,0.043968118317864555,0.0,1,0.45,0.0
5550000,0.0,0.015707317311822087,0.0,1,0.45,0.0
5560000,0.0,-0.012566039883352989,0.0,1,0.45,0.0
5570000,0.0,-0.0408293519785104,0.0,1,0.45,0.0
5580000,0.0,-0.06906002571440621,0.0,1,0.45,0.0
5590000,0.0,-0.097235493922398,0.0,1,0.45,0.0
5600000,0.0,-0.1253332335643047,0.0,1,0.45,0.0
5610000,0.0,-0.1533307837369611,0.0,1,0.45,0.0
5620000,0.0,-0.18120576362713783,0.0,1,0.45,0.0
5630000,0.0,-0.20893589040241045,0.0,1,0.45,0.0
5640000,0.0,-0.23649899702372346,0.0,1,0.45,0.0
5650000,0.0,-0.2638730499653734,0.0,1,0.45,0.0
5660000,0.0,-0.29103616682827066,0.0,1,0.45,0.0
5670000,0.0,-0.3179666338324098,0.0,1,0.45,0.0
5680000,0.0,-0.34464292317451595,0.0,1,0.45,0.0
5690000,0.0,-0.3710437102370499,0.0,1,0.45,0.0
5700000,0.0,-0.39714789063477957,0.0,1,0.45,0.0
5710000,0.0,-0.42293459708530223,0.0,1,0.45,0.0
5720000,0.0,-0.44838321609003123,0.0,1,0.45,0.0
5730000,0.0,-0.47347340441231117,0.0,1,0.45,0.0
5740000,0.0,-0.4981851053394899,0.0,1,0.45,0.0
5750000,0.0,-0.5224985647159479,0.0,1,0.45,0.0
5760000,0.0,-0.5463943467342682,0.0,1,0.45,0.0
5770000,0.0,-0.5698533494719229,0.0,1,0.45,0.0
5780000,0.0,-0.5928568201610585,0.0,1,0.45,0.0
5790000,0.0,-0.6153863701791706,0.0,1,0.45,0.0
5800000,0.0,-0.637423989748689,0.0,1,0.45,0.0
5810000,0.0,-0.6589520623337162,0.0,1,0.45,0.0
5820000,0.0,-0.6799533787224185,0.0,1,0.45,0.0
5830000,0.0,-0.7004111507838057,0.0,1,0.45,0.0
5840000,0.0,-0.7203090248879063,0.0,1,0.45,0.0
5850000,0.0,-0.7396310949786091,0.0,1,0.45,0.0
5860000,0.0,-0.7583619152887212,0.0,1,0.45,0.0
5870000,0.0,-0.776486512687078,0.0,1,0.45,0.0
5880000,0.0,-0.7939903986478348,0.0,1,0.45,0.0
5890000,0.0,-0.810859580832373,0.0,1,0.45,0.0
5900000,0.0,-0.8270805742745614,0.0,1,0.45,0.0
5910000,0.0,-0.8426404121604318,0.0,1,0.45,0.0
5920000,0.0,-0.8575266561936519,0.0,1,0.45,0.0
5930000,0.0,-0.8717274065385086,0.0,1,0.45,0.0
5940000,0.0,-0.8852313113324548,0.0,1,0.45,0.0
5950000,0.0,-0.8980275757606153,0.0,1,0.45,0.0
5960000,0.0,-0.9101059706849953,0.0,1,0.45,0.0
5970000,0.0,-0.9214568408214981,0.0,1,0.45,0.0
5980000,0.0,-0.9320711124582107,0.0,1,0.45,0.0
5990000,0.0,-0.9419403007087904,0.0,1,0.45,0.0
6000000,0.0,-0.9510565162951534,0.0,1,0.45,0.0
6010000,0.0,-0.9594124718540427,0.0,1,0.45,0.0
6020000,0.0,-0.9670014877624349,0.0,1,0.45,0.0
6030000,0.0,-0.9738174974771288,0.0,1,0.45,0.0
6040000,0.0,-0.9798550523842467,0.0,1,0.45,0.0
6050000,0.0,-0.9851093261547739,0.0,1,0.45,0.0
6060000,0.0,-0.9895761186026509,0.0,1,0.45,0.0
6070000,0.0,-0.9932518590423394,0.0,1,0.45,0.0
6080000,0.0,-0.9961336091431724,0.0,1,0.45,0.0
6090000,0.0,-0.9982190652782118,0.0,1,0.45,0.0
6100000,0.0,-0.9995065603657315,0.0,1,0.45,0.0
6110000,0.0,-0.9999950652018582,0.0,1,0.45,0.0
6120000,0.0,-0.9996841892832999,0.0,1,0.45,0.0
6130000,0.0,-0.9985741811195098,0.0,1,0.45,0.0
6140000,0.0,-0.9966659280340299,0.0,1,0.45,0.0
6150000,0.0,-0.9939609554551797,0.0,1,0.45,0.0
6160000,0.0,-0.9904614256966513,0.0,1,0.45,0.0
6170000,0.0,-0.9861701362289889,0.0,1,0.45,0.0
6180000,0.0,-0.9810905174433342,0.0,1,0.45,0.0
6190000,0.0,-0.9752266299092235,0.0,1,0.45,0.0
6200000,0.0,-0.9685831611286312,0.0,1,0.45,0.0
6210000,0.0,-0.961165421788852,0.0,1,0.45,0.0
6220000,0.0,-0.9529793415172189,0.0,1,0.45,0.0
6230000,0.0,-0.9440314641410498,0.0,1,0.45,0.0
6240000,0.0,-0.9343289424566121,0.0,1,0.45,0.0
6250000,0.0,-0.9238795325112868,0.0,1,0.45,0.0
6260000,0.0,-0.9126915874035029,0.0,1,0.45,0.0
6270000,0.0,-0.9007740506053982,0.0,1,0.45,0.0
6280000,0.0,-0.8881364488135446,0.0,1,0.45,0.0
6290000,0.0,-0.8747888843334529,0.0,1,0.45,0.0
6300000,0.0,-0.8607420270039438,0.0,1,0.45,0.0
6310000,0.0,-0.8460071056678422,0.0,1,0.45,0.0
6320000,0.0,-0.8305958991958127,0.0,1,0.45,0.0
6330000,0.0,-0.8145207270705095,0.0,1,0.45,0.0
6340000,0.0,-0.7977944395385711,0.0,1,0.45,0.0
6350000,0.0,-0.7804304073383298,0.0,1,0.45,0.0
6360000,0.0,-0.7624425110114479,0.0,1,0.45,0.0
6370000,0.0,-0.7438451298070251,0.0,1,0.45,0.0
6380000,0.0,-0.7246531301870467,0.0,1,0.45,0.0
6390000,0.0,-0.7048818539423615,0.0,1,0.45,0.0
6400000,0.0,-0.6845471059286886,0.0,1,0.45,0.0
6410000,0.0,-0.6636651414324585,0.0,1,0.45,0.0
6420000,0.0,-0.6422526531765843,0.0,1,0.45,0.0
6430000,0.0,-0.620326757976556,0.0,1,0.45,0.0
6440000,0.0,-0.5979049830575188,0.0,1,0.45,0.0
6450000,0.0,-0.5750052520432785,0.0,1,0.45,0.0
6460000,0.0,-0.5516458706284302,0.0,1,0.45,0.0
6470000,0.0,-0.5278455119450663,0.0,1,0.45,0.0
6480000,0.0,-0.5036232016357607,0.0,1,0.45,0.0
6490000,0.0,-0.4789983026447609,0.0,1,0.45,0.0
6500000,0.0,-0.45399049973954664,0.0,1,0.45,0.0
6510000,0.0,-0.42861978377512816,0.0,1,0.45,0.0
6520000,0.0,-0.40290643571366247,0.0,1,0.45,0.0
6530000,0.0,-0.3768710104121625,0.0,1,0.45,0.0
6540000,0.0,-0.3505343201912588,0.0,1,0.45,0.0
6550000,0.0,-0.3239174181981492,0.0,1,0.45,0.0
6560000,0.0,-0.29704158157703464,0.0,1,0.45,0.0
6570000,0.0,-0.26992829446049604,0.0,1,0.45,0.0
6580000,0.0,-0.24259923079540713,0.0,1,0.45,0.0
6590000,0.0,-0.21507623701711306,0.0,1,0.45,0.0
6600000,0.0,-0.1873813145857243,0.0,1,0.45,0.0
6610000,0.0,-0.15953660239848597,0.0,1,0.45,0.0
6620000,0.0,-0.13156435909228215,0.0,1,0.45,0.0
6630000,0.0,-0.10348694525042214,0.0,1,0.45,0.0
6640000,0.0,-0.07532680552793232,0.0,1,0.45,0.0
6650000,0.0,-0.04710645070964224,0.0,1,0.45,0.0
6660000,0.0,-0.018848439715407738,0.0,1,0.45,0.0
6670000,0.0,0.009424638433144462,0.0,1,0.45,0.0
6680000,0.0,0.03769018266993146,0.0,1,0.45,0.0
6690000,0.0,0.06592559795137834,0.0,1,0.45,0.0
6700000,0.0,0.09410831331851482,0.0,1,0.45,0.0
6710000,0.0,0.12221579993988996,0.0,1,0.45,0.0
6720000,0.0,0.15022558912075407,0.0,1,0.45,0.0
6730000,0.0,0.17811529026421066,0.0,1,0.45,0.0
6740000,0.0,0.20586260876988188,0.0,1,0.45,0.0
6750000,0.0,0.23344536385590597,0.0,1,0.45,0.0
6760000,0.0,0.2608415062898941,0.0,1,0.45,0.0
6770000,0.0,0.28802913601476976,0.0,1,0.45,0.0
6780000,0.0,0.3149865196553054,0.0,1,0.45,0.0
6790000,0.0,0.34169210789148396,0.0,1,0.45,0.0
6800000,0.0,0.36812455268467525,0.0,1,0.45,0.0
6810000,0.0,0.3942627243429516,0.0,1,0.45,0.0
6820000,0.0,0.4200857284118069,0.0,1,0.45,0.0
6830000,0.0,0.44557292237689694,0.0,1,0.45,0.0
6840000,0.0,0.4707039321653301,0.0,1,0.45,0.0
6850000,0.0,0.4954586684324082,0.0,1,0.45,0.0
6860000,0.0,0.5198173426207101,0.0,1,0.45,0.0
6870000,0.0,0.5437604827787932,0.0,1,0.45,0.0
6880000,0.0,0.5672689491267542,0.0,1,0.45,0.0
6890000,0.0,0.5903239493562952,0.0,1,0.45,0.0
6900000,0.0,0.6129070536529772,0.0,1,0.45,0.0
6910000,0.0,0.6350002094287613,0.0,1,0.45,0.0
6920000,0.0,0.6565857557529544,0.0,1,0.45,0.0
6930000,0.0,0.6776464374701003,0.0,1,0.45,0.0
6940000,0.0,0.6981654189934733,0.0,1,0.45,0.0
6950000,0.0,0.7181262977631895,0.0,1,0.45,0.0
6960000,0.0,0.7375131173581722,0.0,1,0.45,0.0
6970000,0.0,0.7563103802514702,0.0,1,0.45,0.0
6980000,0.0,0.7745030601987344,0.0,1,0.45,0.0
6990000,0.0,0.7920766142499677,0.0,1,0.45,0.0
7000000,0.0,0.8090169943749459,0.0,1,0.45,0.0
7010000,0.0,0.8253106586929981,0.0,1,0.45,0.0
7020000,0.0,0.8409445822981696,0.0,1,0.45,0.0
7030000,0.0,0.8559062676711335,0.0,1,0.45,0.0
7040000,0.0,0.8701837546695262,0.0,1,0.45,0.0
7050000,0.0,0.8837656300886922,0.0,1,0.45,0.0
7060000,0.0,0.8966410367852363,0.0,1,0.45,0.0
7070000,0.0,0.9087996823560406,0.0,1,0.45,0.0
7080000,0.0,0.9202318473658708,0.0,1,0.45,0.0
7090000,0.0,0.9309283931169349,0.0,1,0.45,0.0
7100000,0.0,0.9408807689542259,0.0,1,0.45,0.0
7110000,0.0,0.9500810191007721,0.0,1,0.45,0.0
7120000,0.0,0.9585217890173763,0.0,1,0.45,0.0
7130000,0.0,0.9661963312817141,0.0,1,0.45,0.0
7140000,0.0,0.9730985109821269,0.0,1,0.45,0.0
7150000,0.0,0.9792228106217661,0.0,1,0.45,0.0
7160000,0.0,0.9845643345292056,0.0,1,0.45,0.0
7170000,0.0,0.9891188127719615,0.0,1,0.45,0.0
7180000,0.0,0.9928826045698134,0.0,1,0.45,0.0
7190000,0.0,0.9958527012051858,0.0,1,0.45,0.0
7200000,0.0,0.9980267284282717,0.0,1,0.45,0.0
7210000,0.0,0.9994029483549728,0.0,1,0.45,0.0
7220000,0.0,0.9999802608561371,0.0,1,0.45,0.0
7230000,0.0,0.999758204436984,0.0,1,0.45,0.0
7240000,0.0,0.9987369566060175,0.0,1,0.45,0.0
7250000,0.0,0.9969173337331282,0.0,1,0.45,0.0
7260000,0.0,0.9943007903969991,0.0,1,0.45,0.0
7270000,0.0,0.9908894182223386,0.0,1,0.45,0.0
7280000,0.0,0.9866859442078678,0.0,1,0.45,0.0
7290000,0.0,0.9816937285463992,0.0,1,0.45,0.0
7300000,0.0,0.9759167619387479,0.0,1,0.45,0.0
7310000,0.0,0.9693596624036289,0.0,1,0.45,0.0
7320000,0.0,0.9620276715860855,0.0,1,0.45,0.0
7330000,0.0,0.9539266505673941,0.0,1,0.45,0.0
7340000,0.0,0.9450630751798055,0.0,1,0.45,0.0
7350000,0.0,0.9354440308298667,0.0,1,0.45,0.0
7360000,0.0,0.9250772068344575,0.0,1,0.45,0.0
7370000,0.0,0.913970890274062,0.0,1,0.45,0.0
7380000,0.0,0.9021339593682036,0.0,1,0.45,0.0
7390000,0.0,0.8895758763783372,0.0,1,0.45,0.0
7400000,0.0,0.8763066800438628,0.0,1,0.45,0.0
7410000,0.0,0.8623369775573049,0.0,1,0.45,0.0
7420000,0.0,0.8476779360850842,0.0,1,0.45,0.0
7430000,0.0,0.8323412738406645,0.0,1,0.45,0.0
7440000,0.0,0.8163392507171829,0.0,1,0.45,0.0
7450000,0.0,0.7996846584870916,0.0,1,0.45,0.0
7460000,0.0,0.7823908105765892,0.0,1,0.45,0.0
7470000,0.0,0.7644715314230928,0.0,1,0.45,0.0
7480000,0.0,0.7459411454241809,0.0,1,0.45,0.0
7490000,0.0,0.726814465486904,0.0,1,0.45,0.0
7500000,0.0,0.7071067811865487,0.0,1,0.45,0.0
7510000,0.0,0.6868338465444095,0.0,1,0.45,0.0
7520000,0.0,0.6660118674342502,0.0,1,0.45,0.0
7530000,0.0,0.6446574886275926,0.0,1,0.45,0.0
7540000,0.0,0.6227877804881138,0.0,1,0.45,0.0
7550000,0.0,0.6004202253258853,0.0,1,0.45,0.0
7560000,0.0,0.577572703422266,0.0,1,0.45,0.0
7570000,0.0,0.5542634787366955,0.0,1,0.45,0.0
7580000,0.0,0.5305111843067354,0.0,1,0.45,0.0
7590000,0.0,0.5063348073531339,0.0,1,0.45,0.0
7600000,0.0,0.4817536741017135,0.0,1,0.45,0.0
7610000,0.0,0.45678743433430086,0.0,1,0.45,0.0
7620000,0.0,0.43145604568096035,0.0,1,0.45,0.0
7630000,0.0,0.40577975766620134,0.0,1,0.45,0.0
7640000,0.0,0.37977909552179917,0.0,1,0.45,0.0
7650000,0.0,0.3534748437792585,0.0,1,0.45,0.0
7660000,0.0,0.32688802965494385,0.0,1,0.45,0.0
7670000,0.0,0.3000399062412776,0.0,1,0.45,0.0
7680000,0.0,0.2729519355173266,0.0,1,0.45,0.0
7690000,0.0,0.2456457711924277,0.0,1,0.45,0.0
7700000,0.0,0.2181432413965439,0.0,1,0.45,0.0
7710000,0.0,0.19046633123119122,0.0,1,0.45,0.0
7720000,0.0,0.16263716519488494,0.0,1,0.45,0.0
7730000,0.0,0.13467798949715393,0.0,1,0.45,0.0
7740000,0.0,0.10661115427526122,0.0,1,0.45,0.0
7750000,0.0,0.07845909572784623,0.0,1,0.45,0.0
7760000,0.0,0.05024431817977084,0.0,1,0.45,0.0
7770000,0.0,0.021989376092506372,0.0,1,0.45,0.0
7780000,0.0,-0.006283143965557703,0.0,1,0.45,0.0
7790000,0.0,-0.03455064137447104,0.0,1,0.45,0.0
7800000,0.0,-0.06279051952931217,0.0,1,0.45,0.0
7810000,0.0,-0.09098020390356872,0.0,1,0.45,0.0
7820000,0.0,-0.11909716009486856,0.0,1,0.45,0.0
7830000,0.0,-0.14711891183863623,0.0,1,0.45,0.0
7840000,0.0,-0.17502305897527493,0.0,1,0.45,0.0
7850000,0.0,-0.20278729535651138,0.0,1,0.45,0.0
7860000,0.0,-0.23038942667658951,0.0,1,0.45,0.0
7870000,0.0,-0.2578073882140588,0.0,1,0.45,0.0
7880000,0.0,-0.2850192624699751,0.0,1,0.45,0.0
7890000,0.0,-0.3120032966884172,0.0,1,0.45,0.0
7900000,0.0,-0.33873792024529037,0.0,1,0.45,0.0
7910000,0.0,-0.3652017618915868,0.0,1,0.45,0.0
7920000,0.0,-0.3913736668372015,0.0,1,0.45,0.0
7930000,0.0,-0.4172327136617676,0.0,1,0.45,0.0
7940000,0.0,-0.44275823103890066,0.0,1,0.45,0.0
7950000,0.0,-0.4679298142605725,0.0,1,0.45,0.0
7960000,0.0,-0.49272734154829073,0.0,1,0.45,0.0
7970000,0.0,-0.5171309901381564,0.0,1,0.45,0.0
7980000,0.0,-0.5411212521268751,0.0,1,0.45,0.0
7990000,0.0,-0.5646789500660764,0.0,1,0.45,0.0
8000000,0.0,-0.5877852522924725,0.0,1,0.45,0.0
8010000,0.0,-0.6104216879816018,0.0,1,0.45,0.0
8020000,0.0,-0.6325701619131238,0.0,1,0.45,0.0
8029999,0.0,-0.6542129689358578,0.0,1,0.45,0.0
8040000,0.0,-0.6753328081210265,0.0,1,0.45,0.0
8050000,0.0,-0.6959127965923163,0.0,1,0.45,0.0
8060000,0.0,-0.7159364830218307,0.0,1,0.45,0.0
8070000,0.0,-0.7353878607810154,0.0,1,0.45,0.0
8080000,0.0,-0.7542513807361033,0.0,1,0.45,0.0
8090000,0.0,-0.772511963677864,0.0,1,0.45,0.0
8100000,0.0,-0.79015501237569,0.0,1,0.45,0.0
8109999,0.0,-0.8071664232463978,0.0,1,0.45,0.0
8120000,0.0,-0.823532597628429,0.0,1,0.45,0.0
8130000,0.0,-0.8392404526523832,0.0,1,0.45,0.0
8140000,0.0,-0.8542774316992948,0.0,1,0.45,0.0
8150000,0.0,-0.868631514438191,0.0,1,0.45,0.0
8160000,0.0,-0.882291226434953,0.0,1,0.45,0.0
8170000,0.0,-0.8952456483248113,0.0,1,0.45,0.0
8180000,0.0,-0.9074844245411167,0.0,1,0.45,0.0
8189999,0.0,-0.9189977715934211,0.0,1,0.45,0.0
8199999,0.0,-0.9297764858882499,0.0,1,0.45,0.0
8210000,0.0,-0.9398119510863207,0.0,1,0.45,0.0
8220000,0.0,-0.9490961449902944,0.0,1,0.45,0.0
8230000,0.0,-0.9576216459576221,0.0,1,0.45,0.0
8240000,0.0,-0.9653816388332738,0.0,1,0.45,0.0
8250000,0.0,-0.9723699203976764,0.0,1,0.45,0.0
8260000,0.0,-0.978580904325472,0.0,1,0.45,0.0
8270000,0.0,-0.9840096256511397,0.0,1,0.45,0.0
8279999,0.0,-0.9886517447379134,0.0,1,0.45,0.0
8290000,0.0,-0.9925035507468242,0.0,1,0.45,0.0
8300000,0.0,-0.99556196460308,0.0,1,0.45,0.0
8310000,0.0,-0.9978245414574414,0.0,1,0.45,0.0
8320000,0.0,-0.9992894726405892,0.0,1,0.45,0.0
8330000,0.0,-0.9999555871089498,0.0,1,0.45,0.0
8340000,0.0,-0.999822352380809,0.0,1,0.45,0.0
8350000,0.0,-0.99888987496197,0.0,1,0.45,0.0
8359999,0.0,-0.9971589002606143,0.0,1,0.45,0.0
8370000,0.0,-0.994630811991432,0.0,1,0.45,0.0
8380000,0.0,-0.9913076310695066,0.0,1,0.45,0.0
8390000,0.0,-0.9871920139948193,0.0,1,0.45,0.0
8400000,0.0,-0.9822872507286887,0.0,1,0.45,0.0
8410000,0.0,-0.9765972620638246,0.0,1,0.45,0.0
8420000,0.0,-0.9701265964901059,0.0,1,0.45,0.0
8430000,0.0,-0.9628804265585876,0.0,1,0.45,0.0
8440000,0.0,-0.9548645447466441,0.0,1,0.45,0.0
8450000,0.0,-0.9460853588275465,0.0,1,0.45,0.0
8460000,0.0,-0.9365498867481924,0.0,1,0.45,0.0
8470000,0.0,-0.9262657510190667,0.0,1,0.45,0.0
8480000,0.0,-0.9152411726209176,0.0,1,0.45,0.0
8490000,0.0,-0.9034849644330348,0.0,1,0.45,0.0
8500000,0.0,-0.8910065241883679,0.0,1,0.45,0.0
8510000,0.0,-0.8778158269611217,0.0,1,0.45,0.0
8520000,0.0,-0.8639234171928372,0.0,1,0.45,0.0
8530000,0.0,-0.8493404002633185,0.0,1,0.45,0.0
8540000,0.0,-0.8340784336131711,0.0,1,0.45,0.0
8550000,0.0,-0.8181497174250234,0.0,1,0.45,0.0
8560000,0.0,-0.8015669848708765,0.0,1,0.45,0.0
8570000,0.0,-0.78434349193341,0.0,1,0.45,0.0
8580000,0.0,-0.7664930068093498,0.0,1,0.45,0.0
8590000,0.0,-0.7480297989033824,0.0,1,0.45,0.0
8600000,0.0,-0.7289686274214139,0.0,1,0.45,0.0
8610000,0.0,-0.7093247295722763,0.0,1,0.45,0.0
8620000,0.0,-0.6891138083873484,0.0,1,0.45,0.0
8630000,0.0,-0.6683520201677929,0.0,1,0.45,0.0
8640000,0.0,-0.6470559615694442,0.0,1,0.45,0.0
8650000,0.0,-0.625242656335705,0.0,1,0.45,0.0
8660000,0.0,-0.6029295416890246,0.0,1,0.45,0.0
8670000,0.0,-0.5801344543918492,0.0,1,0.45,0.0
8680000,0.0,-0.5568756164881907,0.0,1,0.45,0.0
8690000,0.0,-0.5331716207371914,0.0,1,0.45,0.0
8700000,0.0,-0.5090414157503711,0.0,1,0.45,0.0
8710000,0.0,-0.4845042908443977,0.0,1,0.45,0.0
8720000,0.0,-0.4595798606214876,0.0,1,0.45,0.0
8730000,0.0,-0.4342880492898043,0.0,1,0.45,0.0
8740000,0.0,-0.4086490747363487,0.0,1,0.45,0.0
8750000,0.0,-0.38268343236508945,0.0,1,0.45,0.0
8760000,0.0,-0.35641187871325364,0.0,1,0.45,0.0
8770000,0.0,-0.32985541485885583,0.0,1,0.45,0.0
8780000,0.0,-0.30303526963277694,0.0,1,0.45,0.0
8790000,0.0,-0.2759728826487453,0.0,1,0.45,0.0
8800000,0.0,-0.24868988716485435,0.0,1,0.45,0.0
8810000,0.0,-0.22120809279024667,0.0,1,0.45,0.0
8820000,0.0,-0.1935494680508598,0.0,1,0.45,0.0
8830000,0.0,-0.1657361228281192,0.0,1,0.45,0.0
8840000,0.0,-0.13779029068464108,0.0,1,0.45,0.0
8850000,0.0,-0.10973431109104827,0.0,1,0.45,0.0
8860000,0.0,-0.08159061156816054,0.0,1,0.45,0.0
8870000,0.0,-0.053381689758759905,0.0,1,0.45,0.0
8880000,0.0,-0.025130095443336893,0.0,1,0.45,0.0
8890000,0.0,0.0031415874858801646,0.0,1,0.45,0.0
8900000,0.0,0.03141075907812891,0.0,1,0.45,0.0
8910000,0.0,0.05965482139017133,0.0,1,0.45,0.0
8920000,0.0,0.08785119655074028,0.0,1,0.45,0.0
8930000,0.0,0.11597734480895851,0.0,1,0.45,0.0
8940000,0.0,0.14401078255224933,0.0,1,0.45,0.0
8950000,0.0,0.17192910027941025,0.0,1,0.45,0.0
8960000,0.0,0.19970998051440772,0.0,1,0.45,0.0
8970000,0.0,0.22733121564664716,0.0,1,0.45,0.0
8980000,0.0,0.2547707256833829,0.0,1,0.45,0.0
8990000,0.0,0.2820065759001302,0.0,1,0.45,0.0
9000000,0.0,0.3090169943749482,0.0,1,0.45,0.0
9010000,0.0,0.33578038939257804,0.0,1,0.45,0.0
9020000,0.0,0.36227536670454313,0.0,1,0.45,0.0
9030000,0.0,0.3884807466313636,0.0,1,0.45,0.0
9040000,0.0,0.4143755809932849,0.0,1,0.45,0.0
9050000,0.0,0.4399391698559159,0.0,1,0.45,0.0
9060000,0.0,0.46515107807745915,0.0,1,0.45,0.0
9070000,0.0,0.4899911516442374,0.0,1,0.45,0.0
9080000,0.0,0.5144395337815072,0.0,1,0.45,0.0
9090000,0.0,0.538476680826658,0.0,1,0.45,0.0
9100000,0.0,0.5620833778521285,0.0,1,0.45,0.0
9110000,0.0,0.585240754025508,0.0,1,0.45,0.0
9120000,0.0,0.6079302976946062,0.0,1,0.45,0.0
9130000,0.0,0.6301338711853699,0.0,1,0.45,0.0
9140000,0.0,0.6518337253008796,0.0,1,0.45,0.0
9150000,0.0,0.6730125135097741,0.0,1,0.45,0.0
9160000,0.0,0.6936533058128057,0.0,1,0.45,0.0
9170000,0.0,0.7137396022764195,0.0,1,0.45,0.0
9180000,0.0,0.7332553462225584,0.0,1,0.45,0.0
9190000,0.0,0.7521849370641098,0.0,1,0.45,0.0
9200000,0.0,0.7705132427757899,0.0,1,0.45,0.0
9210000,0.0,0.7882256119904407,0.0,1,0.45,0.0
9220000,0.0,0.8053078857111227,0.0,1,0.45,0.0
9230000,0.0,0.8217464086295909,0.0,1,0.45,0.0
9240000,0.0,0.8375280400421423,0.0,1,0.45,0.0
9250000,0.0,0.852640164354091,0.0,1,0.45,0.0
9260000,0.0,0.8670707011644889,0.0,1,0.45,0.0
9270000,0.0,0.8808081149230025,0.0,1,0.45,0.0
9280000,0.0,0.8938414241512628,0.0,1,0.45,0.0
9290000,0.0,0.9061602102212903,0.0,1,0.45,0.0
9300000,0.0,0.9177546256839817,0.0,1,0.45,0.0
9310000,0.0,0.9286154021410178,0.0,1,0.45,0.0
9320000,0.0,0.9387338576538745,0.0,1,0.45,0.0
9330000,0.0,0.9481019036840312,0.0,1,0.45,0.0
9340000,0.0,0.9567120515588299,0.0,1,0.45,0.0
9350000,0.0,0.9645574184577975,0.0,1,0.45,0.0
9360000,0.0,0.9716317329146734,0.0,1,0.45,0.0
9370000,0.0,0.9779293398307222,0.0,1,0.45,0.0
9380000,0.0,0.98344520499533,0.0,1,0.45,0.0
9390000,0.0,0.9881749191102808,0.0,1,0.45,0.0
9400000,0.0,0.992114701314478,0.0,1,0.45,0.0
9410000,0.0,0.9952614022063081,0.0,1,0.45,0.0
9420000,0.0,0.9976125063612251,0.0,1,0.45,0.0
9430000,0.0,0.9991661343425401,0.0,1,0.45,0.0
9440000,0.0,0.9999210442038161,0.0,1,0.45,0.0
9450000,0.0,0.9998766324816606,0.0,1,0.45,0.0
9460000,0.0,0.9990329346781247,0.0,1,0.45,0.0
9470000,0.0,0.9973906252323236,0.0,1,0.45,0.0
9480000,0.0,0.9949510169813,0.0,1,0.45,0.0
9490000,0.0,0.9917160601105631,0.0,1,0.45,0.0
9500000,0.0,0.987688340595138,0.0,1,0.45,0.0
9510000,0.0,0.9828710781323796,0.0,1,0.45,0.0
9520000,0.0,0.9772681235681938,0.0,1,0.45,0.0
9530000,0.0,0.9708839558187314,0.0,1,0.45,0.0
9540000,0.0,0.9637236782900093,0.0,1,0.45,0.0
9550000,0.0,0.9557930147983297,0.0,1,0.45,0.0
9560000,0.0,0.9470983049947437,0.0,1,0.45,0.0
9570000,0.0,0.9376464992972363,0.0,1,0.45,0.0
9580000,0.0,0.927445153334662,0.0,1,0.45,0.0
9590000,0.0,0.9165024219068987,0.0,1,0.45,0.0
9600000,0.0,0.9048270524660202,0.0,1,0.45,0.0
9610000,0.0,0.8924283781237187,0.0,1,0.45,0.0
9620000,0.0,0.8793163101905553,0.0,1,0.45,0.0
9630000,0.0,0.865501330253018,0.0,1,0.45,0.0
9640000,0.0,0.8509944817946908,0.0,1,0.45,0.0
9650000,0.0,0.8358073613682712,0.0,1,0.45,0.0
9660000,0.0,0.8199521093254533,0.0,1,0.45,0.0
9670000,0.0,0.8034414001121286,0.0,1,0.45,0.0
9680000,0.0,0.7862884321366199,0.0,1,0.45,0.0
9690000,0.0,0.7685069172190776,0.0,1,0.45,0.0
9700000,0.0,0.7501110696304583,0.0,1,0.45,0.0
9710000,0.0,0.7311155947298628,0.0,1,0.45,0.0
9720000,0.0,0.7115356772092839,0.0,1,0.45,0.0
9730000,0.0,0.6913869689552076,0.0,1,0.45,0.0
9740000,0.0,0.6706855765367212,0.0,1,0.45,0.0
9750000,0.0,0.6494480483301848,0.0,1,0.45,0.0
9760000,0.0,0.6276913612907017,0.0,1,0.45,0.0
9770000,0.0,0.6054329073810025,0.0,1,0.45,0.0
9780000,0.0,0.5826904796685772,0.0,1,0.45,0.0
9790000,0.0,0.5594822581021652,0.0,1,0.45,0.0
9800000,0.0,0.5358267949789949,0.0,1,0.45,0.0
9810000,0.0,0.5117430001143461,0.0,1,0.45,0.0
9820000,0.0,0.48725012572533355,0.0,1,0.45,0.0
9830000,0.0,0.46236775104099304,0.0,1,0.45,0.0
9840000,0.0,0.43711576665093416,0.0,1,0.45,0.0
9850000,0.0,0.41151435860511,0.0,1,0.45,0.0
9860000,0.0,0.38558399227739776,0.0,1,0.45,0.0
9870000,0.0,0.3593453960058886,0.0,1,0.45,0.0
9880000,0.0,0.3328195445229845,0.0,1,0.45,0.0
9890000,0.0,0.30602764218849854,0.0,1,0.45,0.0
9900000,0.0,0.2789911060392305,0.0,1,0.45,0.0
9910000,0.0,0.2517315486684983,0.0,1,0.45,0.0
9920000,0.0,0.2242707609493824,0.0,1,0.45,0.0
9930000,0.0,0.19663069461542126,0.0,1,0.45,0.0
9940000,0.0,0.16883344471273506,0.0,1,0.45,0.0
9950000,0.0,0.1409012319375803,0.0,1,0.45,0.0
9960000,0.0,0.11285638487347932,0.0,1,0.45,0.0
9970000,0.0,0.08472132214207105,0.0,1,0.45,0.0
9980000,0.0,0.05651853448202566,0.0,1,0.45,0.0
9990000,0.0,0.028270566770274373,0.0,1,0.45,0.0
10000000,0.0,1.102182119232618e-15,0.0,1,0.45,0.0
10010000,0.0,-0.02827056677027217,0.0,1,0.45,0.0
10020000,0.0,-0.05651853448202346,0.0,1,0.45,0.0
10030000,0.0,-0.08472132214206886,0.0,1,0.45,0.0
10040000,0.0,-0.11285638487348419,0.0,1,0.45,0.0
10050000,0.0,-0.14090123193758516,0.0,1,0.45,0.0
10060000,0.0,-0.16883344471273287,0.0,1,0.45,0.0
10070000,0.0,-0.1966306946154191,0.0,1,0.45,0.0
10080000,0.0,-0.22427076094938025,0.0,1,0.45,0.0
10090000,0.0,-0.2517315486684962,0.0,1,0.45,0.0
10100000,0.0,-0.27899110603922833,0.0,1,0.45,0.0
10110000,0.0,-0.3060276421884965,0.0,1,0.45,0.0
10120000,0.0,-0.3328195445229891,0.0,1,0.45,0.0
10130000,0.0,-0.35934539600589316,0.0,1,0.45,0.0
10140000,0.0,-0.38558399227739576,0.0,1,0.45,0.0
10150000,0.0,-0.411514358605108,0.0,1,0.45,0.0
10160000,0.0,-0.43711576665093216,0.0,1,0.45,0.0
10170000,0.0,-0.46236775104099104,0.0,1,0.45,0.0
10180000,0.0,-0.4872501257253316,0.0,1,0.45,0.0
10190000,0.0,-0.5117430001143443,0.0,1,0.45,0.0
10200000,0.0,-0.535826794978999,0.0,1,0.45,0.0
10210000,0.0,-0.5594822581021693,0.0,1,0.45,0.0
10220000,0.0,-0.5826904796685755,0.0,1,0.45,0.0
10230000,0.0,-0.6054329073810009,0.0,1,0.45,0.0
10240000,0.0,-0.6276913612906999,0.0,1,0.45,0.0
10250000,0.0,-0.6494480483301831,0.0,1,0.45,0.0
10260000,0.0,-0.6706855765367196,0.0,1,0.45,0.0
10270000,0.0,-0.6913869689552059,0.0,1,0.45,0.0
10280000,0.0,-0.7115356772092823,0.0,1,0.45,0.0
10290000,0.0,-0.7311155947298661,0.0,1,0.45,0.0
10300000,0.0,-0.7501110696304591,0.0,1,0.45,0.0
10310000,0.0,-0.7685069172190763,0.0,1,0.45,0.0
10320000,0.0,-0.7862884321366186,0.0,1,0.45,0.0
10330000,0.0,-0.8034414001121273,0.0,1,0.45,0.0
10340000,0.0,-0.819952109325452,0.0,1,0.45,0.0
10350000,0.0,-0.8358073613682699,0.0,1,0.45,0.0
10360000,0.0,-0.8509944817946897,0.0,1,0.45,0.0
10370000,0.0,-0.8655013302530206,0.0,1,0.45,0.0
10380000,0.0,-0.879316310190556,0.0,1,0.45,0.0
10390000,0.0,-0.8924283781237177,0.0,1,0.45,0.0
10400000,0.0,-0.9048270524660194,0.0,1,0.45,0.0
10410000,0.0,-0.9165024219068978,0.0,1,0.45,0.0
10420000,0.0,-0.9274451533346612,0.0,1,0.45,0.0
10430000,0.0,-0.9376464992972355,0.0,1,0.45,0.0
10440000,0.0,-0.947098304994743,0.0,1,0.45,0.0
10450000,0.0,-0.9557930147983311,0.0,1,0.45,0.0
10460000,0.0,-0.9637236782900096,0.0,1,0.45,0.0
10470000,0.0,-0.9708839558187309,0.0,1,0.45,0.0
10480000,0.0,-0.9772681235681934,0.0,1,0.45,0.0
10490000,0.0,-0.9828710781323792,0.0,1,0.45,0.0
10500000,0.0,-0.9876883405951377,0.0,1,0.45,0.0
10510000,0.0,-0.9917160601105628,0.0,1,0.45,0.0
10520000,0.0,-0.9949510169812997,0.0,1,0.45,0.0
10530000,0.0,-0.9973906252323234,0.0,1,0.45,0.0
10540000,0.0,-0.9990329346781247,0.0,1,0.45,0.0
10550000,0.0,-0.9998766324816606,0.0,1,0.45,0.0
10560000,0.0,-0.9999210442038161,0.0,1,0.45,0.0
10570000,0.0,-0.9991661343425401,0.0,1,0.45,0.0
10580000,0.0,-0.9976125063612252,0.0,1,0.45,0.0
10590000,0.0,-0.9952614022063083,0.0,1,0.45,0.0
10600000,0.0,-0.9921147013144783,0.0,1,0.45,0.0
10610000,0.0,-0.9881749191102811,0.0,1,0.45,0.0
10620000,0.0,-0.9834452049953297,0.0,1,0.45,0.0
10630000,0.0,-0.9779293398307218,0.0,1,0.45,0.0
10640000,0.0,-0.971631732914674,0.0,1,0.45,0.0
10650000,0.0,-0.9645574184577981,0.0,1,0.45,0.0
10660000,0.0,-0.9567120515588304,0.0,1,0.45,0.0
10670000,0.0,-0.948101903684032,0.0,1,0.45,0.0
10680000,0.0,-0.9387338576538753,0.0,1,0.45,0.0
10690000,0.0,-0.9286154021410187,0.0,1,0.45,0.0
10700000,0.0,-0.9177546256839811,0.0,1,0.45,0.0
10710000,0.0,-0.9061602102212898,0.0,1,0.45,0.0
10720000,0.0,-0.8938414241512638,0.0,1,0.45,0.0
10730000,0.0,-0.8808081149230036,0.0,1,0.45,0.0
10740000,0.0,-0.86707070116449,0.0,1,0.45,0.0
10750000,0.0,-0.8526401643540922,0.0,1,0.45,0.0
10760000,0.0,-0.8375280400421435,0.0,1,0.45,0.0
10770000,0.0,-0.8217464086295921,0.0,1,0.45,0.0
10780000,0.0,-0.805307885711124,0.0,1,0.45,0.0
10790000,0.0,-0.78822561199044,0.0,1,0.45,0.0
10800000,0.0,-0.770513242775789,0.0,1,0.45,0.0
10810000,0.0,-0.7521849370641113,0.0,1,0.45,0.0
10820000,0.0,-0.7332553462225598,0.0,1,0.45,0.0
10830000,0.0,-0.7137396022764211,0.0,1,0.45,0.0
10840000,0.0,-0.6936533058128073,0.0,1,0.45,0.0
10850000,0.0,-0.6730125135097758,0.0,1,0.45,0.0
10860000,0.0,-0.6518337253008812,0.0,1,0.45,0.0
10870000,0.0,-0.6301338711853688,0.0,1,0.45,0.0
10880000,0.0,-0.607930297694605,0.0,1,0.45,0.0
10890000,0.0,-0.5852407540255098,0.0,1,0.45,0.0
10900000,0.0,-0.5620833778521303,0.0,1,0.45,0.0
10910000,0.0,-0.5384766808266599,0.0,1,0.45,0.0
10920000,0.0,-0.5144395337815091,0.0,1,0.45,0.0
10930000,0.0,-0.4899911516442393,0.0,1,0.45,0.0
10940000,0.0,-0.4651510780774611,0.0,1,0.45,0.0
10950000,0.0,-0.4399391698559147,0.0,1,0.45,0.0
10960000,0.0,-0.4143755809932837,0.0,1,0.45,0.0
10970000,0.0,-0.3884807466313656,0.0,1,0.45,0.0
10980000,0.0,-0.3622753667045452,0.0,1,0.45,0.0
10990000,0.0,-0.33578038939258015,0.0,1,0.45,0.0
11000000,0.0,-0.3090169943749503,0.0,1,0.45,0.0
11010000,0.0,-0.2820065759001323,0.0,1,0.45,0.0
11020000,0.0,-0.25477072568338505,0.0,1,0.45,0.0
11030000,0.0,-0.2273312156466493,0.0,1,0.45,0.0
11040000,0.0,-0.1997099805144064,0.0,1,0.45,0.0
11050000,0.0,-0.17192910027940891,0.0,1,0.45,0.0
11060000,0.0,-0.1440107825522515,0.0,1,0.45,0.0
11070000,0.0,-0.1159773448089607,0.0,1,0.45,0.0
11080000,0.0,-0.08785119655074249,0.0,1,0.45,0.0
11090000,0.0,-0.05965482139017353,0.0,1,0.45,0.0
11100000,0.0,-0.031410759078131116,0.0,1,0.45,0.0
11110000,0.0,-0.003141587485882369,0.0,1,0.45,0.0
11120000,0.0,0.025130095443338243,0.0,1,0.45,0.0
11130000,0.0,0.05338168975876125,0.0,1,0.45,0.0
11140000,0.0,0.08159061156815835,0.0,1,0.45,0.0
11150000,0.0,0.10973431109104607,0.0,1,0.45,0.0
11160000,0.0,0.13779029068463888,0.0,1,0.45,0.0
11170000,0.0,0.16573612282811703,0.0,1,0.45,0.0
11180000,0.0,0.19354946805085763,0.0,1,0.45,0.0
11190000,0.0,0.22120809279024453,0.0,1,0.45,0.0
11200000,0.0,0.24868988716485566,0.0,1,0.45,0.0
11210000,0.0,0.2759728826487466,0.0,1,0.45,0.0
11220000,0.0,0.3030352696327749,0.0,1,0.45,0.0
11230000,0.0,0.3298554148588538,0.0,1,0.45,0.0
11240000,0.0,0.3564118787132516,0.0,1,0.45,0.0
11250000,0.0,0.3826834323650874,0.0,1,0.45,0.0
11260000,0.0,0.4086490747363467,0.0,1,0.45,0.0
11270000,0.0,0.4342880492898023,0.0,1,0.45,0.0
11280000,0.0,0.4595798606214856,0.0,1,0.45,0.0
11290000,0.0,0.4845042908443989,0.0,1,0.45,0.0
11300000,0.0,0.5090414157503722,0.0,1,0.45,0.0
11310000,0.0,0.5331716207371895,0.0,1,0.45,0.0
11320000,0.0,0.556875616488186,0.0,1,0.45,0.0
11330000,0.0,0.5801344543918474,0.0,1,0.45,0.0
11340000,0.0,0.6029295416890228,0.0,1,0.45,0.0
11350000,0.0,0.6252426563357033,0.0,1,0.45,0.0
11360000,0.0,0.6470559615694425,0.0,1,0.45,0.0
11370000,0.0,0.6683520201677966,0.0,1,0.45,0.0
11380000,0.0,0.6891138083873468,0.0,1,0.45,0.0
11390000,0.0,0.7093247295722722,0.0,1,0.45,0.0
11400000,0.0,0.7289686274214099,0.0,1,0.45,0.0
11410000,0.0,0.748029798903381,0.0,1,0.45,0.0
11420000,0.0,0.7664930068093484,0.0,1,0.45,0.0
11430000,0.0,0.7843434919334087,0.0,1,0.45,0.0
11440000,0.0,0.8015669848708752,0.0,1,0.45,0.0
11450000,0.0,0.8181497174250262,0.0,1,0.45,0.0
11460000,0.0,0.8340784336131699,0.0,1,0.45,0.0
11470000,0.0,0.8493404002633154,0.0,1,0.45,0.0
11480000,0.0,0.8639234171928342,0.0,1,0.45,0.0
11490000,0.0,0.8778158269611206,0.0,1,0.45,0.0
11500000,0.0,0.8910065241883669,0.0,1,0.45,0.0
11510000,0.0,0.9034849644330339,0.0,1,0.45,0.0
11520000,0.0,0.9152411726209168,0.0,1,0.45,0.0
11530000,0.0,0.9262657510190658,0.0,1,0.45,0.0
11540000,0.0,0.9365498867481916,0.0,1,0.45,0.0
11550000,0.0,0.9460853588275446,0.0,1,0.45,0.0
11560000,0.0,0.9548645447466424,0.0,1,0.45,0.0
11570000,0.0,0.9628804265585871,0.0,1,0.45,0.0
11580000,0.0,0.9701265964901054,0.0,1,0.45,0.0
11590000,0.0,0.9765972620638241,0.0,1,0.45,0.0
11600000,0.0,0.9822872507286883,0.0,1,0.45,0.0
11610000,0.0,0.9871920139948189,0.0,1,0.45,0.0
11620000,0.0,0.9913076310695063,0.0,1,0.45,0.0
11630000,0.0,0.9946308119914321,0.0,1,0.45,0.0
11640000,0.0,0.9971589002606138,0.0,1,0.45,0.0
11650000,0.0,0.9988898749619699,0.0,1,0.45,0.0
11660000,0.0,0.999822352380809,0.0,1,0.45,0.0
11670000,0.0,0.9999555871089498,0.0,1,0.45,0.0
11680000,0.0,0.9992894726405893,0.0,1,0.45,0.0
11690000,0.0,0.9978245414574416,0.0,1,0.45,0.0
11700000,0.0,0.9955619646030802,0.0,1,0.45,0.0
11710000,0.0,0.992503550746824,0.0,1,0.45,0.0
11720000,0.0,0.9886517447379143,0.0,1,0.45,0.0
11730000,0.0,0.98400962565114,0.0,1,0.45,0.0
11740000,0.0,0.9785809043254725,0.0,1,0.45,0.0
11750000,0.0,0.972369920397677,0.0,1,0.45,0.0
11760000,0.0,0.9653816388332743,0.0,1,0.45,0.0
11770000,0.0,0.9576216459576228,0.0,1,0.45,0.0
11780000,0.0,0.9490961449902952,0.0,1,0.45,0.0
11790000,0.0,0.9398119510863202,0.0,1,0.45,0.0
11800000,0.0,0.929776485888252,0.0,1,0.45,0.0
11810000,0.0,0.918997771593422,0.0,1,0.45,0.0
11820000,0.0,0.9074844245411177,0.0,1,0.45,0.0
11830000,0.0,0.8952456483248123,0.0,1,0.45,0.0
11840000,0.0,0.8822912264349541,0.0,1,0.45,0.0
11850000,0.0,0.868631514438192,0.0,1,0.45,0.0
11860000,0.0,0.8542774316992959,0.0,1,0.45,0.0
11870000,0.0,0.8392404526523826,0.0,1,0.45,0.0
11880000,0.0,0.8235325976284283,0.0,1,0.45,0.0
11890000,0.0,0.8071664232464012,0.0,1,0.45,0.0
11900000,0.0,0.7901550123756913,0.0,1,0.45,0.0
11910000,0.0,0.7725119636778653,0.0,1,0.45,0.0
11920000,0.0,0.7542513807361048,0.0,1,0.45,0.0
11930000,0.0,0.7353878607810168,0.0,1,0.45,0.0
11940000,0.0,0.7159364830218321,0.0,1,0.45,0.0
11950000,0.0,0.6959127965923153,0.0,1,0.45,0.0
11960000,0.0,0.6753328081210255,0.0,1,0.45,0.0
11970000,0.0,0.6542129689358621,0.0,1,0.45,0.0
11980000,0.0,0.6325701619131255,0.0,1,0.45,0.0
11990000,0.0,0.6104216879816036,0.0,1,0.45,0.0
12000000,0.0,0.5877852522924742,0.0,1,0.45,0.0
12010000,0.0,0.5646789500660782,0.0,1,0.45,0.0
12020000,0.0,0.5411212521268769,0.0,1,0.45,0.0
12030000,0.0,0.5171309901381583,0.0,1,0.45,0.0
12040000,0.0,0.4927273415482927,0.0,1,0.45,0.0
12050000,0.0,0.46792981426057445,0.0,1,0.45,0.0
12060000,0.0,0.4427582310389026,0.0,1,0.45,0.0
12070000,0.0,0.4172327136617664,0.0,1,0.45,0.0
12080000,0.0,0.39137366683720354,0.0,1,0.45,0.0
12090000,0.0,0.36520176189158887,0.0,1,0.45,0.0
12100000,0.0,0.3387379202452925,0.0,1,0.45,0.0
12110000,0.0,0.3120032966884159,0.0,1,0.45,0.0
12120000,0.0,0.2850192624699772,0.0,1,0.45,0.0
12130000,0.0,0.2578073882140609,0.0,1,0.45,0.0
12140000,0.0,0.23038942667659165,0.0,1,0.45,0.0
12150000,0.0,0.20278729535651355,0.0,1,0.45,0.0
12160000,0.0,0.1750230589752771,0.0,1,0.45,0.0
12170000,0.0,0.1471189118386384,0.0,1,0.45,0.0
12180000,0.0,0.11909716009487076,0.0,1,0.45,0.0
12190000,0.0,0.09098020390357092,0.0,1,0.45,0.0
12200000,0.0,0.06279051952931436,0.0,1,0.45,0.0
12210000,0.0,0.034550641374473244,0.0,1,0.45,0.0
12220000,0.0,0.006283143965559907,0.0,1,0.45,0.0
12230000,0.0,-0.02198937609250417,0.0,1,0.45,0.0
12240000,0.0,-0.050244318179768634,0.0,1,0.45,0.0
12250000,0.0,-0.07845909572784404,0.0,1,0.45,0.0
12260000,0.0,-0.10661115427525902,0.0,1,0.45,0.0
12270000,0.0,-0.13467798949715173,0.0,1,0.45,0.0
12280000,0.0,-0.16263716519488275,0.0,1,0.45,0.0
12290000,0.0,-0.19046633123118906,0.0,1,0.45,0.0
12300000,0.0,-0.21814324139654176,0.0,1,0.45,0.0
12310000,0.0,-0.24564577119242556,0.0,1,0.45,0.0
12320000,0.0,-0.2729519355173245,0.0,1,0.45,0.0
12330000,0.0,-0.3000399062412755,0.0,1,0.45,0.0
12340000,0.0,-0.32688802965494174,0.0,1,0.45,0.0
12350000,0.0,-0.3534748437792564,0.0,1,0.45,0.0
12360000,0.0,-0.37977909552180045,0.0,1,0.45,0.0
12370000,0.0,-0.40577975766619934,0.0,1,0.45,0.0
12380000,0.0,-0.43145604568095836,0.0,1,0.45,0.0
12390000,0.0,-0.4567874343342989,0.0,1,0.45,0.0
12400000,0.0,-0.4817536741017147,0.0,1,0.45,0.0
12410000,0.0,-0.506334807353132,0.0,1,0.45,0.0
12420000,0.0,-0.5305111843067335,0.0,1,0.45,0.0
12430000,0.0,-0.5542634787366936,0.0,1,0.45,0.0
12440000,0.0,-0.5775727034222671,0.0,1,0.45,0.0
12450000,0.0,-0.6004202253258836,0.0,1,0.45,0.0
12460000,0.0,-0.6227877804881121,0.0,1,0.45,0.0
12470000,0.0,-0.644657488627591,0.0,1,0.45,0.0
12480000,0.0,-0.6660118674342512,0.0,1,0.45,0.0
12490000,0.0,-0.6868338465444079,0.0,1,0.45,0.0
12500000,0.0,-0.7071067811865471,0.0,1,0.45,0.0
12510000,0.0,-0.7268144654869025,0.0,1,0.45,0.0
12520000,0.0,-0.7459411454241819,0.0,1,0.45,0.0
12530000,0.0,-0.7644715314230913,0.0,1,0.45,0.0
12540000,0.0,-0.7823908105765879,0.0,1,0.45,0.0
12550000,0.0,-0.7996846584870902,0.0,1,0.45,0.0
12560000,0.0,-0.8163392507171837,0.0,1,0.45,0.0
12570000,0.0,-0.8323412738406633,0.0,1,0.45,0.0
12580000,0.0,-0.847677936085083,0.0,1,0.45,0.0
12590000,0.0,-0.8623369775573038,0.0,1,0.45,0.0
12600000,0.0,-0.8763066800438635,0.0,1,0.45,0.0
12610000,0.0,-0.8895758763783378,0.0,1,0.45,0.0
12620000,0.0,-0.9021339593682027,0.0,1,0.45,0.0
12630000,0.0,-0.9139708902740611,0.0,1,0.45,0.0
12640000,0.0,-0.9250772068344579,0.0,1,0.45,0.0
12650000,0.0,-0.9354440308298673,0.0,1,0.45,0.0
12660000,0.0,-0.9450630751798048,0.0,1,0.45,0.0
12670000,0.0,-0.9539266505673935,0.0,1,0.45,0.0
12680000,0.0,-0.9620276715860858,0.0,1,0.45,0.0
12690000,0.0,-0.9693596624036293,0.0,1,0.45,0.0
12700000,0.0,-0.9759167619387473,0.0,1,0.45,0.0
12710000,0.0,-0.9816937285463988,0.0,1,0.45,0.0
12720000,0.0,-0.986685944207868,0.0,1,0.45,0.0
12730000,0.0,-0.9908894182223387,0.0,1,0.45,0.0
12740000,0.0,-0.9943007903969989,0.0,1,0.45,0.0
12750000,0.0,-0.996917333733128,0.0,1,0.45,0.0
12760000,0.0,-0.9987369566060175,0.0,1,0.45,0.0
12770000,0.0,-0.999758204436984,0.0,1,0.45,0.0
12780000,0.0,-0.9999802608561371,0.0,1,0.45,0.0
12790000,0.0,-0.9994029483549729,0.0,1,0.45,0.0
12800000,0.0,-0.9980267284282716,0.0,1,0.45,0.0
12810000,0.0,-0.9958527012051857,0.0,1,0.45,0.0
12820000,0.0,-0.9928826045698137,0.0,1,0.45,0.0
12830000,0.0,-0.9891188127719618,0.0,1,0.45,0.0
12840000,0.0,-0.9845643345292053,0.0,1,0.45,0.0
12850000,0.0,-0.9792228106217657,0.0,1,0.45,0.0
12860000,0.0,-0.9730985109821265,0.0,1,0.45,0.0
12870000,0.0,-0.9661963312817147,0.0,1,0.45,0.0
12880000,0.0,-0.9585217890173758,0.0,1,0.45,0.0
12890000,0.0,-0.9500810191007717,0.0,1,0.45,0.0
12900000,0.0,-0.9408807689542255,0.0,1,0.45,0.0
12910000,0.0,-0.9309283931169356,0.0,1,0.45,0.0
12920000,0.0,-0.9202318473658703,0.0,1,0.45,0.0
12930000,0.0,-0.90879968235604,0.0,1,0.45,0.0
12940000,0.0,-0.8966410367852358,0.0,1,0.45,0.0
12950000,0.0,-0.8837656300886934,0.0,1,0.45,0.0
12960000,0.0,-0.8701837546695256,0.0,1,0.45,0.0
12970000,0.0,-0.8559062676711329,0.0,1,0.45,0.0
12980000,0.0,-0.8409445822981689,0.0,1,0.45,0.0
12990000,0.0,-0.8253106586929994,0.0,1,0.45,0.0
13000000,0.0,-0.8090169943749472,0.0,1,0.45,0.0
13010000,0.0,-0.7920766142499668,0.0,1,0.45,0.0
13020000,0.0,-0.7745030601987336,0.0,1,0.45,0.0
13030000,0.0,-0.7563103802514717,0.0,1,0.45,0.0
13040000,0.0,-0.7375131173581736,0.0,1,0.45,0.0
13050000,0.0,-0.7181262977631885,0.0,1,0.45,0.0
13060000,0.0,-0.6981654189934724,0.0,1,0.45,0.0
13070000,0.0,-0.6776464374701019,0.0,1,0.45,0.0
13080000,0.0,-0.6565857557529561,0.0,1,0.45,0.0
13090000,0.0,-0.6350002094287602,0.0,1,0.45,0.0
13100000,0.0,-0.612907053652976,0.0,1,0.45,0.0
13110000,0.0,-0.5903239493562998,0.0,1,0.45,0.0
13120000,0.0,-0.5672689491267561,0.0,1,0.45,0.0
13130000,0.0,-0.543760482778792,0.0,1,0.45,0.0
13140000,0.0,-0.519817342620709,0.0,1,0.45,0.0
13150000,0.0,-0.49545866843240705,0.0,1,0.45,0.0
13160000,0.0,-0.470703932165332,0.0,1,0.45,0.0
13170000,0.0,-0.4455729223768957,0.0,1,0.45,0.0
13180000,0.0,-0.4200857284118057,0.0,1,0.45,0.0
13190000,0.0,-0.3942627243429504,0.0,1,0.45,0.0
13200000,0.0,-0.3681245526846773,0.0,1,0.45,0.0
13210000,0.0,-0.3416921078914827,0.0,1,0.45,0.0
13220000,0.0,-0.3149865196553041,0.0,1,0.45,0.0
13230000,0.0,-0.2880291360147685,0.0,1,0.45,0.0
13240000,0.0,-0.2608415062898962,0.0,1,0.45,0.0
13250000,0.0,-0.23344536385590467,0.0,1,0.45,0.0
13260000,0.0,-0.20586260876988055,0.0,1,0.45,0.0
13270000,0.0,-0.17811529026420936,0.0,1,0.45,0.0
13280000,0.0,-0.15022558912075626,0.0,1,0.45,0.0
13290000,0.0,-0.12221579993988861,0.0,1,0.45,0.0
13300000,0.0,-0.09410831331851348,0.0,1,0.45,0.0
13310000,0.0,-0.065925597951377,0.0,1,0.45,0.0
13320000,0.0,-0.03769018266993366,0.0,1,0.45,0.0
13330000,0.0,-0.009424638433143114,0.0,1,0.45,0.0
13340000,0.0,0.018848439715409088,0.0,1,0.45,0.0
13350000,0.0,0.04710645070964359,0.0,1,0.45,0.0
13360000,0.0,0.07532680552792657,0.0,1,0.45,0.0
13370000,0.0,0.10348694525042348,0.0,1,0.45,0.0
13380000,0.0,0.13156435909228348,0.0,1,0.45,0.0
13390000,0.0,0.1595366023984873,0.0,1,0.45,0.0
13400000,0.0,0.18738131458572563,0.0,1,0.45,0.0
13410000,0.0,0.2150762370171144,0.0,1,0.45,0.0
13420000,0.0,0.24259923079540843,0.0,1,0.45,0.0
13430000,0.0,0.2699282944604974,0.0,1,0.45,0.0
13440000,0.0,0.29704158157702915,0.0,1,0.45,0.0
13450000,0.0,0.32391741819815045,0.0,1,0.45,0.0
13460000,0.0,0.3505343201912601,0.0,1,0.45,0.0
13470000,0.0,0.3768710104121637,0.0,1,0.45,0.0
13480000,0.0,0.4029064357136637,0.0,1,0.45,0.0
13490000,0.0,0.4286197837751294,0.0,1,0.45,0.0
13500000,0.0,0.45399049973954786,0.0,1,0.45,0.0
13510000,0.0,0.47899830264476206,0.0,1,0.45,0.0
13520000,0.0,0.5036232016357557,0.0,1,0.45,0.0
13530000,0.0,0.5278455119450675,0.0,1,0.45,0.0
13540000,0.0,0.5516458706284313,0.0,1,0.45,0.0
13550000,0.0,0.5750052520432796,0.0,1,0.45,0.0
13560000,0.0,0.5979049830575199,0.0,1,0.45,0.0
13570000,0.0,0.620326757976557,0.0,1,0.45,0.0
13580000,0.0,0.6422526531765854,0.0,1,0.45,0.0
13590000,0.0,0.6636651414324595,0.0,1,0.45,0.0
13600000,0.0,0.6845471059286845,0.0,1,0.45,0.0
13610000,0.0,0.7048818539423574,0.0,1,0.45,0.0
13620000,0.0,0.7246531301870476,0.0,1,0.45,0.0
13630000,0.0,0.743845129807026,0.0,1,0.45,0.0
13640000,0.0,0.7624425110114488,0.0,1,0.45,0.0
13650000,0.0,0.7804304073383306,0.0,1,0.45,0.0
13660000,0.0,0.7977944395385719,0.0,1,0.45,0.0
13670000,0.0,0.8145207270705103,0.0,1,0.45,0.0
13680000,0.0,0.8305958991958095,0.0,1,0.45,0.0
13690000,0.0,0.8460071056678392,0.0,1,0.45,0.0
13700000,0.0,0.8607420270039444,0.0,1,0.45,0.0
13710000,0.0,0.8747888843334535,0.0,1,0.45,0.0
13720000,0.0,0.8881364488135453,0.0,1,0.45,0.0
13730000,0.0,0.9007740506053987,0.0,1,0.45,0.0
13740000,0.0,0.9126915874035034,0.0,1,0.45,0.0
13750000,0.0,0.9238795325112874,0.0,1,0.45,0.0
13760000,0.0,0.9343289424566101,0.0,1,0.45,0.0
13770000,0.0,0.9440314641410479,0.0,1,0.45,0.0
13780000,0.0,0.9529793415172193,0.0,1,0.45,0.0
13790000,0.0,0.9611654217888523,0.0,1,0.45,0.0
13800000,0.0,0.9685831611286315,0.0,1,0.45,0.0
13810000,0.0,0.9752266299092238,0.0,1,0.45,0.0
13820000,0.0,0.9810905174433344,0.0,1,0.45,0.0
13830000,0.0,0.9861701362289891,0.0,1,0.45,0.0
13840000,0.0,0.9904614256966505,0.0,1,0.45,0.0
13850000,0.0,0.9939609554551792,0.0,1,0.45,0.0
13860000,0.0,0.9966659280340294,0.0,1,0.45,0.0
13870000,0.0,0.9985741811195098,0.0,1,0.45,0.0
13880000,0.0,0.9996841892833,0.0,1,0.45,0.0
13890000,0.0,0.9999950652018582,0.0,1,0.45,0.0
13900000,0.0,0.9995065603657315,0.0,1,0.45,0.0
13910000,0.0,0.9982190652782117,0.0,1,0.45,0.0
13920000,0.0,0.996133609143173,0.0,1,0.45,0.0
13930000,0.0,0.99325185904234,0.0,1,0.45,0.0
13940000,0.0,0.9895761186026517,0.0,1,0.45,0.0
13950000,0.0,0.9851093261547735,0.0,1,0.45,0.0
13960000,0.0,0.9798550523842465,0.0,1,0.45,0.0
13970000,0.0,0.9738174974771284,0.0,1,0.45,0.0
13980000,0.0,0.9670014877624346,0.0,1,0.45,0.0
13990000,0.0,0.9594124718540423,0.0,1,0.45,0.0
14000000,0.0,0.9510565162951552,0.0,1,0.45,0.0
14010000,0.0,0.9419403007087923,0.0,1,0.45,0.0
14020000,0.0,0.9320711124582128,0.0,1,0.45,0.0
14030000,0.0,0.9214568408214977,0.0,1,0.45,0.0
14040000,0.0,0.9101059706849948,0.0,1,0.45,0.0
14050000,0.0,0.8980275757606148,0.0,1,0.45,0.0
14060000,0.0,0.8852313113324543,0.0,1,0.45,0.0
14070000,0.0,0.8717274065385079,0.0,1,0.45,0.0
14080000,0.0,0.8575266561936512,0.0,1,0.45,0.0
14090000,0.0,0.842640412160435,0.0,1,0.45,0.0
14100000,0.0,0.8270805742745646,0.0,1,0.45,0.0
14110000,0.0,0.8108595808323763,0.0,1,0.45,0.0
14120000,0.0,0.7939903986478339,0.0,1,0.45,0.0
14130000,0.0,0.7764865126870771,0.0,1,0.45,0.0
14140000,0.0,0.7583619152887204,0.0,1,0.45,0.0
14150000,0.0,0.7396310949786081,0.0,1,0.45,0.0
14160000,0.0,0.7203090248879053,0.0,1,0.45,0.0
14170000,0.0,0.7004111507838098,0.0,1,0.45,0.0
14180000,0.0,0.6799533787224227,0.0,1,0.45,0.0
14190000,0.0,0.6589520623337205,0.0,1,0.45,0.0
14200000,0.0,0.6374239897486879,0.0,1,0.45,0.0
14210000,0.0,0.6153863701791696,0.0,1,0.45,0.0
14220000,0.0,0.5928568201610573,0.0,1,0.45,0.0
14230000,0.0,0.5698533494719218,0.0,1,0.45,0.0
14240000,0.0,0.5463943467342671,0.0,1,0.45,0.0
14250000,0.0,0.5224985647159529,0.0,1,0.45,0.0
14260000,0.0,0.4981851053394949,0.0,1,0.45,0.0
14270000,0.0,0.4734734044123162,0.0,1,0.45,0.0
14280000,0.0,0.44838321609003007,0.0,1,0.45,0.0
14290000,0.0,0.422934597085301,0.0,1,0.45,0.0
14300000,0.0,0.3971478906347783,0.0,1,0.45,0.0
14310000,0.0,0.3710437102370487,0.0,1,0.45,0.0
14320000,0.0,0.34464292317451467,0.0,1,0.45,0.0
14330000,0.0,0.31796663383241525,0.0,1,0.45,0.0
14340000,0.0,0.29103616682827615,0.0,1,0.45,0.0
14350000,0.0,0.26387304996537725,0.0,1,0.45,0.0
14360000,0.0,0.23649899702372906,0.0,1,0.45,0.0
14370000,0.0,0.20893589040240915,0.0,1,0.45,0.0
14380000,0.0,0.18120576362713475,0.0,1,0.45,0.0
14390000,0.0,0.153330783736958,0.0,1,0.45,0.0
14400000,0.0,0.1253332335643016,0.0,1,0.45,0.0
14410000,0.0,0.09723549392240373,0.0,1,0.45,0.0
14420000,0.0,0.06906002571441018,0.0,1,0.45,0.0
14430000,0.0,0.040829351978514374,0.0,1,0.45,0.0
14440000,0.0,0.01256603988335697,0.0,1,0.45,0.0
14450000,0.0,-0.015707317311823434,0.0,1,0.45,0.0
14460000,0.0,-0.04396811831786768,0.0,1,0.45,0.0
14470000,0.0,-0.07219377188286338,0.0,1,0.45,0.0
14480000,0.0,-0.10036171485121768,0.0,1,0.45,0.0
14490000,0.0,-0.12844943020029861,0.0,1,0.45,0.0
14500000,0.0,-0.15643446504022665,0.0,1,0.45,0.0
14510000,0.0,-0.18429444856232913,0.0,1,0.45,0.0
14520000,0.0,-0.21200710992205052,0.0,1,0.45,0.0
14530000,0.0,-0.23955029604192465,0.0,1,0.45,0.0
14540000,0.0,-0.26690198932037834,0.0,1,0.45,0.0
14550000,0.0,-0.2940403252323068,0.0,1,0.45,0.0
14560000,0.0,-0.32094360980721226,0.0,1,0.45,0.0
14570000,0.0,-0.34759033697103314,0.0,1,0.45,0.0
14580000,0.0,-0.3739592057377966,0.0,1,0.45,0.0
14590000,0.0,-0.40002913723726097,0.0,1,0.45,0.0
14600000,0.0,-0.42577929156506894,0.0,1,0.45,0.0
14610000,0.0,-0.4511890844418414,0.0,1,0.45,0.0
14620000,0.0,-0.4762382036679418,0.0,1,0.45,0.0
14630000,0.0,-0.5009066253607125,0.0,1,0.45,0.0
14640000,0.0,-0.5251746299612983,0.0,1,0.45,0.0
14650000,0.0,-0.5490228179981284,0.0,1,0.45,0.0
14660000,0.0,-0.5724321255945876,0.0,1,0.45,0.0
14670000,0.0,-0.5953838397083517,0.0,1,0.45,0.0
14680000,0.0,-0.6178596130903312,0.0,1,0.45,0.0
14690000,0.0,-0.6398414789511754,0.0,1,0.45,0.0
14700000,0.0,-0.6613118653236543,0.0,1,0.45,0.0
14710000,0.0,-0.6822536091093988,0.0,1,0.45,0.0
14720000,0.0,-0.7026499697988515,0.0,1,0.45,0.0
14730000,0.0,-0.7224846428533471,0.0,1,0.45,0.0
14740000,0.0,-0.7417417727387366,0.0,1,0.45,0.0
14750000,0.0,-0.7604059656000285,0.0,1,0.45,0.0
14760000,0.0,-0.778462301567021,0.0,1,0.45,0.0
14770000,0.0,-0.7958963466810135,0.0,1,0.45,0.0
14780000,0.0,-0.8126941644330958,0.0,1,0.45,0.0
14790000,0.0,-0.8288423269047638,0.0,1,0.45,0.0
14800000,0.0,-0.8443279255020169,0.0,1,0.45,0.0
14810000,0.0,-0.8591385812742705,0.0,1,0.45,0.0
14820000,0.0,-0.8732624548099184,0.0,1,0.45,0.0
14830000,0.0,-0.8866882557005548,0.0,1,0.45,0.0
14840000,0.0,-0.8994052515663694,0.0,1,0.45,0.0
14850000,0.0,-0.9114032766354437,0.0,1,0.45,0.0
14860000,0.0,-0.9226727398701134,0.0,1,0.45,0.0
14870000,0.0,-0.9332046326338999,0.0,1,0.45,0.0
14880000,0.0,-0.9429905358928656,0.0,1,0.45,0.0
14890000,0.0,-0.9520226269456777,0.0,1,0.45,0.0
14900000,0.0,-0.9602936856769421,0.0,1,0.45,0.0
14910000,0.0,-0.9677971003288646,0.0,1,0.45,0.0
14920000,0.0,-0.9745268727865763,0.0,1,0.45,0.0
14930000,0.0,-0.9804776233729438,0.0,1,0.45,0.0
14940000,0.0,-0.9856445951489974,0.0,1,0.45,0.0
14950000,0.0,-0.9900236577165581,0.0,1,0.45,0.0
14960000,0.0,-0.9936113105200088,0.0,1,0.45,0.0
14970000,0.0,-0.9964046856445927,0.0,1,0.45,0.0
14980000,0.0,-0.9984015501089748,0.0,1,0.45,0.0
14990000,0.0,-0.9996003076502564,0.0,1,0.45,0.0
15000000,0.0,-1.0,0.0,1,0.45,0.0
15010000,0.0,-0.9996003076502566,0.0,1,0.45,0.0
15020000,0.0,-0.9984015501089752,0.0,1,0.45,0.0
15030000,0.0,-0.9964046856445921,0.0,1,0.45,0.0
15040000,0.0,-0.993611310520008,0.0,1,0.45,0.0
15050000,0.0,-0.9900236577165571,0.0,1,0.45,0.0
15060000,0.0,-0.9856445951489986,0.0,1,0.45,0.0
15070000,0.0,-0.9804776233729451,0.0,1,0.45,0.0
15080000,0.0,-0.9745268727865779,0.0,1,0.45,0.0
15090000,0.0,-0.9677971003288662,0.0,1,0.45,0.0
15100000,0.0,-0.960293685676944,0.0,1,0.45,0.0
15110000,0.0,-0.9520226269456776,0.0,1,0.45,0.0
15120000,0.0,-0.9429905358928632,0.0,1,0.45,0.0
15130000,0.0,-0.9332046326338972,0.0,1,0.45,0.0
15140000,0.0,-0.9226727398701161,0.0,1,0.45,0.0
15150000,0.0,-0.9114032766354465,0.0,1,0.45,0.0
15160000,0.0,-0.8994052515663724,0.0,1,0.45,0.0
15170000,0.0,-0.886688255700558,0.0,1,0.45,0.0
15180000,0.0,-0.8732624548099217,0.0,1,0.45,0.0
15190000,0.0,-0.859138581274274,0.0,1,0.45,0.0
15200000,0.0,-0.844327925502013,0.0,1,0.45,0.0
15210000,0.0,-0.8288423269047597,0.0,1,0.45,0.0
15220000,0.0,-0.8126941644330957,0.0,1,0.45,0.0
15230000,0.0,-0.7958963466810177,0.0,1,0.45,0.0
15240000,0.0,-0.7784623015670253,0.0,1,0.45,0.0
15250000,0.0,-0.7604059656000329,0.0,1,0.45,0.0
15260000,0.0,-0.7417417727387412,0.0,1,0.45,0.0
15270000,0.0,-0.7224846428533519,0.0,1,0.45,0.0
15280000,0.0,-0.7026499697988463,0.0,1,0.45,0.0
15290000,0.0,-0.6822536091093934,0.0,1,0.45,0.0
15300000,0.0,-0.661311865323654,0.0,1,0.45,0.0
15310000,0.0,-0.6398414789511807,0.0,1,0.45,0.0
15320000,0.0,-0.6178596130903367,0.0,1,0.45,0.0
15330000,0.0,-0.5953838397083573,0.0,1,0.45,0.0
15340000,0.0,-0.5724321255945932,0.0,1,0.45,0.0
15350000,0.0,-0.5490228179981341,0.0,1,0.45,0.0
15360000,0.0,-0.5251746299612982,0.0,1,0.45,0.0
15370000,0.0,-0.5009066253607062,0.0,1,0.45,0.0
15380000,0.0,-0.47623820366794156,0.0,1,0.45,0.0
15390000,0.0,-0.4511890844418475,0.0,1,0.45,0.0
15400000,0.0,-0.42577929156507516,0.0,1,0.45,0.0
15410000,0.0,-0.4000291372372673,0.0,1,0.45,0.0
15420000,0.0,-0.37395920573780295,0.0,1,0.45,0.0
15430000,0.0,-0.3475903369710396,0.0,1,0.45,0.0
15440000,0.0,-0.32094360980721204,0.0,1,0.45,0.0
15450000,0.0,-0.2940403252322997,0.0,1,0.45,0.0
15460000,0.0,-0.2669019893203781,0.0,1,0.45,0.0
15470000,0.0,-0.2395502960419244,0.0,1,0.45,0.0
15480000,0.0,-0.2120071099220572,0.0,1,0.45,0.0
15490000,0.0,-0.18429444856233587,0.0,1,0.45,0.0
15500000,0.0,-0.15643446504023342,0.0,1,0.45,0.0
15510000,0.0,-0.12844943020030541,0.0,1,0.45,0.0
15520000,0.0,-0.10036171485121743,0.0,1,0.45,0.0
15530000,0.0,-0.07219377188285606,0.0,1,0.45,0.0
15540000,0.0,-0.043968118317867434,0.0,1,0.45,0.0
15550000,0.0,-0.015707317311823187,0.0,1,0.45,0.0
15560000,0.0,0.012566039883350111,0.0,1,0.45,0.0
15570000,0.0,0.04082935197850752,0.0,1,0.45,0.0
15580000,0.0,0.06906002571440334,0.0,1,0.45,0.0
15590000,0.0,0.0972354939223969,0.0,1,0.45,0.0
15600000,0.0,0.12533323356430184,0.0,1,0.45,0.0
15610000,0.0,0.15333078373696526,0.0,1,0.45,0.0
15620000,0.0,0.181205763627135,0.0,1,0.45,0.0
15630000,0.0,0.20893589040240937,0.0,1,0.45,0.0
15640000,0.0,0.2364989970237224,0.0,1,0.45,0.0
15650000,0.0,0.26387304996537064,0.0,1,0.45,0.0
15660000,0.0,0.2910361668282696,0.0,1,0.45,0.0
15670000,0.0,0.31796663383240875,0.0,1,0.45,0.0
15680000,0.0,0.3446429231745149,0.0,1,0.45,0.0
15690000,0.0,0.3710437102370489,0.0,1,0.45,0.0
15700000,0.0,0.3971478906347785,0.0,1,0.45,0.0
15710000,0.0,0.42293459708530123,0.0,1,0.45,0.0
15720000,0.0,0.4483832160900303,0.0,1,0.45,0.0
15730000,0.0,0.4734734044123102,0.0,1,0.45,0.0
15740000,0.0,0.49818510533948895,0.0,1,0.45,0.0
15750000,0.0,0.522498564715947,0.0,1,0.45,0.0
15760000,0.0,0.5463943467342672,0.0,1,0.45,0.0
15770000,0.0,0.569853349471922,0.0,1,0.45,0.0
15780000,0.0,0.5928568201610632,0.0,1,0.45,0.0
15790000,0.0,0.6153863701791699,0.0,1,0.45,0.0
15800000,0.0,0.6374239897486881,0.0,1,0.45,0.0
15810000,0.0,0.6589520623337154,0.0,1,0.45,0.0
15820000,0.0,0.6799533787224177,0.0,1,0.45,0.0
15830000,0.0,0.7004111507838049,0.0,1,0.45,0.0
15840000,0.0,0.7203090248879055,0.0,1,0.45,0.0
15850000,0.0,0.7396310949786083,0.0,1,0.45,0.0
15860000,0.0,0.7583619152887252,0.0,1,0.45,0.0
15870000,0.0,0.7764865126870774,0.0,1,0.45,0.0
15880000,0.0,0.7939903986478342,0.0,1,0.45,0.0
15890000,0.0,0.8108595808323723,0.0,1,0.45,0.0
15900000,0.0,0.8270805742745607,0.0,1,0.45,0.0
15910000,0.0,0.8426404121604312,0.0,1,0.45,0.0
15920000,0.0,0.8575266561936513,0.0,1,0.45,0.0
15930000,0.0,0.871727406538508,0.0,1,0.45,0.0
15940000,0.0,0.8852313113324544,0.0,1,0.45,0.0
15950000,0.0,0.8980275757606149,0.0,1,0.45,0.0
15960000,0.0,0.9101059706849949,0.0,1,0.45,0.0
15970000,0.0,0.9214568408214977,0.0,1,0.45,0.0
15980000,0.0,0.9320711124582103,0.0,1,0.45,0.0
15990000,0.0,0.94194030070879,0.0,1,0.45,0.0
16000000,0.0,0.951056516295153,0.0,1,0.45,0.0
16010000,0.0,0.9594124718540443,0.0,1,0.45,0.0
16020000,0.0,0.9670014877624347,0.0,1,0.45,0.0
16030000,0.0,0.9738174974771285,0.0,1,0.45,0.0
16040000,0.0,0.9798550523842465,0.0,1,0.45,0.0
16050000,0.0,0.9851093261547736,0.0,1,0.45,0.0
16059999,0.0,0.9895761186026497,0.0,1,0.45,0.0
16070000,0.0,0.9932518590423393,0.0,1,0.45,0.0
16080000,0.0,0.996133609143173,0.0,1,0.45,0.0
16090000,0.0,0.9982190652782117,0.0,1,0.45,0.0
16100000,0.0,0.9995065603657317,0.0,1,0.45,0.0
16110000,0.0,0.9999950652018582,0.0,1,0.45,0.0
16120000,0.0,0.9996841892833,0.0,1,0.45,0.0
16129999,0.0,0.9985741811195098,0.0,1,0.45,0.0
16140000,0.0,0.99666592803403,0.0,1,0.45,0.0
16149999,0.0,0.9939609554551806,0.0,1,0.45,0.0
16160000,0.0,0.9904614256966514,0.0,1,0.45,0.0
16170000,0.0,0.9861701362289879,0.0,1,0.45,0.0
16180000,0.0,0.9810905174433344,0.0,1,0.45,0.0
16190000,0.0,0.9752266299092237,0.0,1,0.45,0.0
16200000,0.0,0.9685831611286315,0.0,1,0.45,0.0
16210000,0.0,0.9611654217888523,0.0,1,0.45,0.0
16219999,0.0,0.9529793415172214,0.0,1,0.45,0.0
16230000,0.0,0.9440314641410502,0.0,1,0.45,0.0
16240000,0.0,0.93432894245661,0.0,1,0.45,0.0
16250000,0.0,0.9238795325112873,0.0,1,0.45,0.0
16260000,0.0,0.9126915874035004,0.0,1,0.45,0.0
16270000,0.0,0.9007740506053986,0.0,1,0.45,0.0
16280000,0.0,0.8881364488135451,0.0,1,0.45,0.0
16290000,0.0,0.8747888843334534,0.0,1,0.45,0.0
16300000,0.0,0.8607420270039443,0.0,1,0.45,0.0
16309999,0.0,0.8460071056678466,0.0,1,0.45,0.0
16320000,0.0,0.8305958991958133,0.0,1,0.45,0.0
16330000,0.0,0.8145207270705059,0.0,1,0.45,0.0
16340000,0.0,0.7977944395385718,0.0,1,0.45,0.0
16350000,0.0,0.7804304073383305,0.0,1,0.45,0.0
16360000,0.0,0.7624425110114487,0.0,1,0.45,0.0
16370000,0.0,0.7438451298070258,0.0,1,0.45,0.0
16379999,0.0,0.7246531301870475,0.0,1,0.45,0.0
16390000,0.0,0.7048818539423622,0.0,1,0.45,0.0
16399999,0.0,0.6845471059286946,0.0,1,0.45,0.0
16410000,0.0,0.6636651414324592,0.0,1,0.45,0.0
16420000,0.0,0.6422526531765798,0.0,1,0.45,0.0
16430000,0.0,0.6203267579765568,0.0,1,0.45,0.0
16440000,0.0,0.5979049830575197,0.0,1,0.45,0.0
16450000,0.0,0.5750052520432793,0.0,1,0.45,0.0
16460000,0.0,0.5516458706284311,0.0,1,0.45,0.0
16469999,0.0,0.5278455119450732,0.0,1,0.45,0.0
16480000,0.0,0.5036232016357617,0.0,1,0.45,0.0
16490000,0.0,0.4789983026447556,0.0,1,0.45,0.0
16500000,0.0,0.45399049973954764,0.0,1,0.45,0.0
16510000,0.0,0.42861978377512916,0.0,1,0.45,0.0
16520000,0.0,0.40290643571366347,0.0,1,0.45,0.0
16530000,0.0,0.3768710104121635,0.0,1,0.45,0.0
16540000,0.0,0.3505343201912598,0.0,1,0.45,0.0
16550000,0.0,0.32391741819815023,0.0,1,0.45,0.0
16559999,0.0,0.29704158157704247,0.0,1,0.45,0.0
16570000,0.0,0.2699282944604971,0.0,1,0.45,0.0
16580000,0.0,0.2425992307954013,0.0,1,0.45,0.0
16590000,0.0,0.21507623701711415,0.0,1,0.45,0.0
16600000,0.0,0.18738131458572538,0.0,1,0.45,0.0
16610000,0.0,0.15953660239848705,0.0,1,0.45,0.0
16620000,0.0,0.13156435909228323,0.0,1,0.45,0.0
16629999,0.0,0.1034869452504303,0.0,1,0.45,0.0
16640000,0.0,0.07532680552793342,0.0,1,0.45,0.0
16649999,0.0,0.04710645070965044,0.0,1,0.45,0.0
16660000,0.0,0.01884843971540884,0.0,1,0.45,0.0
16670000,0.0,-0.009424638433150464,0.0,1,0.45,0.0
16680000,0.0,-0.03769018266993391,0.0,1,0.45,0.0
16690000,0.0,-0.06592559795137724,0.0,1,0.45,0.0
16700000,0.0,-0.09410831331851373,0.0,1,0.45,0.0
16710000,0.0,-0.12221579993988886,0.0,1,0.45,0.0
16719999,0.0,-0.15022558912074946,0.0,1,0.45,0.0
16730000,0.0,-0.17811529026420958,0.0,1,0.45,0.0
16740000,0.0,-0.20586260876988777,0.0,1,0.45,0.0
16750000,0.0,-0.23344536385590492,0.0,1,0.45,0.0
16760000,0.0,-0.26084150628989644,0.0,1,0.45,0.0
16770000,0.0,-0.2880291360147687,0.0,1,0.45,0.0
16780000,0.0,-0.31498651965530433,0.0,1,0.45,0.0
16790000,0.0,-0.34169210789147625,0.0,1,0.45,0.0
16800000,0.0,-0.3681245526846776,0.0,1,0.45,0.0
16810000,0.0,-0.39426272434294407,0.0,1,0.45,0.0
16820000,0.0,-0.4200857284118059,0.0,1,0.45,0.0
16830000,0.0,-0.4455729223769023,0.0,1,0.45,0.0
16840000,0.0,-0.47070393216533224,0.0,1,0.45,0.0
16850000,0.0,-0.4954586684324072,0.0,1,0.45,0.0
16860000,0.0,-0.5198173426207092,0.0,1,0.45,0.0
16870000,0.0,-0.5437604827787922,0.0,1,0.45,0.0
16880000,0.0,-0.5672689491267504,0.0,1,0.45,0.0
16890000,0.0,-0.5903239493562943,0.0,1,0.45,0.0
16900000,0.0,-0.6129070536529707,0.0,1,0.45,0.0
16910000,0.0,-0.6350002094287605,0.0,1,0.45,0.0
16920000,0.0,-0.6565857557529563,0.0,1,0.45,0.0
16930000,0.0,-0.6776464374701021,0.0,1,0.45,0.0
16940000,0.0,-0.6981654189934725,0.0,1,0.45,0.0
16950000,0.0,-0.7181262977631837,0.0,1,0.45,0.0
16960000,0.0,-0.7375131173581738,0.0,1,0.45,0.0
16970000,0.0,-0.7563103802514672,0.0,1,0.45,0.0
16980000,0.0,-0.7745030601987337,0.0,1,0.45,0.0
16990000,0.0,-0.7920766142499713,0.0,1,0.45,0.0
17000000,0.0,-0.8090169943749473,0.0,1,0.45,0.0
17010000,0.0,-0.8253106586929996,0.0,1,0.45,0.0
17020000,0.0,-0.840944582298169,0.0,1,0.45,0.0
17030000,0.0,-0.855906267671133,0.0,1,0.45,0.0
17040000,0.0,-0.8701837546695221,0.0,1,0.45,0.0
17050000,0.0,-0.8837656300886935,0.0,1,0.45,0.0
17060000,0.0,-0.8966410367852328,0.0,1,0.45,0.0
17070000,0.0,-0.9087996823560401,0.0,1,0.45,0.0
17080000,0.0,-0.9202318473658704,0.0,1,0.45,0.0
17090000,0.0,-0.9309283931169358,0.0,1,0.45,0.0
17100000,0.0,-0.9408807689542255,0.0,1,0.45,0.0
17110000,0.0,-0.9500810191007696,0.0,1,0.45,0.0
17120000,0.0,-0.958521789017376,0.0,1,0.45,0.0
17130000,0.0,-0.9661963312817129,0.0,1,0.45,0.0
17140000,0.0,-0.9730985109821266,0.0,1,0.45,0.0
17150000,0.0,-0.9792228106217673,0.0,1,0.45,0.0
17160000,0.0,-0.9845643345292054,0.0,1,0.45,0.0
17170000,0.0,-0.9891188127719618,0.0,1,0.45,0.0
17180000,0.0,-0.9928826045698137,0.0,1,0.45,0.0
17190000,0.0,-0.9958527012051857,0.0,1,0.45,0.0
17200000,0.0,-0.9980267284282711,0.0,1,0.45,0.0
17210000,0.0,-0.9994029483549729,0.0,1,0.45,0.0
17220000,0.0,-0.9999802608561371,0.0,1,0.45,0.0
17230000,0.0,-0.999758204436984,0.0,1,0.45,0.0
17240000,0.0,-0.9987369566060175,0.0,1,0.45,0.0
17250000,0.0,-0.996917333733128,0.0,1,0.45,0.0
17260000,0.0,-0.9943007903969988,0.0,1,0.45,0.0
17270000,0.0,-0.9908894182223387,0.0,1,0.45,0.0
17280000,0.0,-0.986685944207868,0.0,1,0.45,0.0
17290000,0.0,-0.9816937285464001,0.0,1,0.45,0.0
17300000,0.0,-0.9759167619387473,0.0,1,0.45,0.0
17310000,0.0,-0.9693596624036309,0.0,1,0.45,0.0
17320000,0.0,-0.9620276715860858,0.0,1,0.45,0.0
17330000,0.0,-0.9539266505673935,0.0,1,0.45,0.0
17340000,0.0,-0.9450630751798047,0.0,1,0.45,0.0
17350000,0.0,-0.9354440308298672,0.0,1,0.45,0.0
17360000,0.0,-0.9250772068344606,0.0,1,0.45,0.0
17370000,0.0,-0.913970890274061,0.0,1,0.45,0.0
17380000,0.0,-0.9021339593682056,0.0,1,0.45,0.0
17390000,0.0,-0.8895758763783377,0.0,1,0.45,0.0
17400000,0.0,-0.8763066800438634,0.0,1,0.45,0.0
17410000,0.0,-0.8623369775573037,0.0,1,0.45,0.0
17420000,0.0,-0.8476779360850829,0.0,1,0.45,0.0
17430000,0.0,-0.8323412738406631,0.0,1,0.45,0.0
17440000,0.0,-0.8163392507171836,0.0,1,0.45,0.0
17450000,0.0,-0.7996846584870945,0.0,1,0.45,0.0
17460000,0.0,-0.7823908105765877,0.0,1,0.45,0.0
17470000,0.0,-0.7644715314230958,0.0,1,0.45,0.0
17480000,0.0,-0.7459411454241817,0.0,1,0.45,0.0
17490000,0.0,-0.7268144654869023,0.0,1,0.45,0.0
17500000,0.0,-0.707106781186547,0.0,1,0.45,0.0
17510000,0.0,-0.6868338465444077,0.0,1,0.45,0.0
17520000,0.0,-0.6660118674342563,0.0,1,0.45,0.0
17530000,0.0,-0.6446574886275908,0.0,1,0.45,0.0
17540000,0.0,-0.6227877804881174,0.0,1,0.45,0.0
17550000,0.0,-0.6004202253258833,0.0,1,0.45,0.0
17560000,0.0,-0.5775727034222727,0.0,1,0.45,0.0
17570000,0.0,-0.5542634787366933,0.0,1,0.45,0.0
17580000,0.0,-0.5305111843067333,0.0,1,0.45,0.0
17590000,0.0,-0.5063348073531317,0.0,1,0.45,0.0
17600000,0.0,-0.4817536741017145,0.0,1,0.45,0.0
17610000,0.0,-0.456787434334305,0.0,1,0.45,0.0
17620000,0.0,-0.43145604568095813,0.0,1,0.45,0.0
17630000,0.0,-0.4057797576662056,0.0,1,0.45,0.0
17640000,0.0,-0.3797790955218002,0.0,1,0.45,0.0
17650000,0.0,-0.3534748437792562,0.0,1,0.45,0.0
17660000,0.0,-0.3268880296549415,0.0,1,0.45,0.0
17670000,0.0,-0.30003990624127524,0.0,1,0.45,0.0
17680000,0.0,-0.27295193551733105,0.0,1,0.45,0.0
17690000,0.0,-0.2456457711924253,0.0,1,0.45,0.0
17700000,0.0,-0.21814324139654845,0.0,1,0.45,0.0
17710000,0.0,-0.19046633123118883,0.0,1,0.45,0.0
17720000,0.0,-0.16263716519488952,0.0,1,0.45,0.0
17730000,0.0,-0.13467798949715148,0.0,1,0.45,0.0
17740000,0.0,-0.10661115427525879,0.0,1,0.45,0.0
17750000,0.0,-0.07845909572784379,0.0,1,0.45,0.0
17760000,0.0,-0.05024431817976839,0.0,1,0.45,0.0
17770000,0.0,-0.021989376092511028,0.0,1,0.45,0.0
17780000,0.0,0.006283143965560153,0.0,1,0.45,0.0
17790000,0.0,0.03455064137446639,0.0,1,0.45,0.0
17800000,0.0,0.06279051952931461,0.0,1,0.45,0.0
17810000,0.0,0.09098020390356408,0.0,1,0.45,0.0
17820000,0.0,0.119097160094871,0.0,1,0.45,0.0
17830000,0.0,0.14711891183863865,0.0,1,0.45,0.0
17840000,0.0,0.17502305897527035,0.0,1,0.45,0.0
17850000,0.0,0.20278729535651377,0.0,1,0.45,0.0
17860000,0.0,0.23038942667658496,0.0,1,0.45,0.0
17870000,0.0,0.2578073882140612,0.0,1,0.45,0.0
17880000,0.0,0.2850192624699706,0.0,1,0.45,0.0
17890000,0.0,0.3120032966884162,0.0,1,0.45,0.0
17900000,0.0,0.3387379202452927,0.0,1,0.45,0.0
17910000,0.0,0.3652017618915891,0.0,1,0.45,0.0
17920000,0.0,0.39137366683720376,0.0,1,0.45,0.0
17930000,0.0,0.4172327136617601,0.0,1,0.45,0.0
17940000,0.0,0.4427582310389028,0.0,1,0.45,0.0
17950000,0.0,0.4679298142605684,0.0,1,0.45,0.0
17960000,0.0,0.4927273415482929,0.0,1,0.45,0.0
17970000,0.0,0.5171309901381524,0.0,1,0.45,0.0
17980000,0.0,0.5411212521268771,0.0,1,0.45,0.0
17990000,0.0,0.5646789500660784,0.0,1,0.45,0.0
18000000,0.0,0.5877852522924744,0.0,1,0.45,0.0
18010000,0.0,0.6104216879816038,0.0,1,0.45,0.0
18020000,0.0,0.6325701619131202,0.0,1,0.45,0.0
18030000,0.0,0.6542129689358623,0.0,1,0.45,0.0
18040000,0.0,0.6753328081210204,0.0,1,0.45,0.0
18050000,0.0,0.6959127965923155,0.0,1,0.45,0.0
18060000,0.0,0.7159364830218273,0.0,1,0.45,0.0
18070000,0.0,0.735387860781017,0.0,1,0.45,0.0
18080000,0.0,0.754251380736105,0.0,1,0.45,0.0
18090000,0.0,0.772511963677861,0.0,1,0.45,0.0
18100000,0.0,0.7901550123756914,0.0,1,0.45,0.0
18110000,0.0,0.8071664232463971,0.0,1,0.45,0.0
18120000,0.0,0.8235325976284285,0.0,1,0.45,0.0
18130000,0.0,0.8392404526523788,0.0,1,0.45,0.0
18140000,0.0,0.8542774316992962,0.0,1,0.45,0.0
18150000,0.0,0.8686315144381922,0.0,1,0.45,0.0
18160000,0.0,0.8822912264349542,0.0,1,0.45,0.0
18170000,0.0,0.8952456483248125,0.0,1,0.45,0.0
18180000,0.0,0.9074844245411148,0.0,1,0.45,0.0
18190000,0.0,0.9189977715934221,0.0,1,0.45,0.0
18200000,0.0,0.9297764858882495,0.0,1,0.45,0.0
18210000,0.0,0.9398119510863203,0.0,1,0.45,0.0
18220000,0.0,0.9490961449902929,0.0,1,0.45,0.0
18230000,0.0,0.9576216459576228,0.0,1,0.45,0.0
18240000,0.0,0.9653816388332744,0.0,1,0.45,0.0
18250000,0.0,0.9723699203976754,0.0,1,0.45,0.0
18260000,0.0,0.9785809043254725,0.0,1,0.45,0.0
18270000,0.0,0.9840096256511388,0.0,1,0.45,0.0
18280000,0.0,0.9886517447379143,0.0,1,0.45,0.0
18290000,0.0,0.9925035507468232,0.0,1,0.45,0.0
18300000,0.0,0.9955619646030802,0.0,1,0.45,0.0
18310000,0.0,0.9978245414574411,0.0,1,0.45,0.0
18320000,0.0,0.9992894726405893,0.0,1,0.45,0.0
18330000,0.0,0.9999555871089498,0.0,1,0.45,0.0
18340000,0.0,0.9998223523808091,0.0,1,0.45,0.0
18350000,0.0,0.9988898749619699,0.0,1,0.45,0.0
18360000,0.0,0.9971589002606143,0.0,1,0.45,0.0
18370000,0.0,0.9946308119914321,0.0,1,0.45,0.0
18380000,0.0,0.9913076310695073,0.0,1,0.45,0.0
18390000,0.0,0.9871920139948188,0.0,1,0.45,0.0
18400000,0.0,0.9822872507286883,0.0,1,0.45,0.0
18410000,0.0,0.9765972620638256,0.0,1,0.45,0.0
18420000,0.0,0.9701265964901052,0.0,1,0.45,0.0
18430000,0.0,0.9628804265585889,0.0,1,0.45,0.0
18440000,0.0,0.9548645447466423,0.0,1,0.45,0.0
18450000,0.0,0.9460853588275469,0.0,1,0.45,0.0
18460000,0.0,0.9365498867481915,0.0,1,0.45,0.0
18470000,0.0,0.9262657510190685,0.0,1,0.45,0.0
18480000,0.0,0.9152411726209166,0.0,1,0.45,0.0
18490000,0.0,0.9034849644330338,0.0,1,0.45,0.0
18500000,0.0,0.89100652418837,0.0,1,0.45,0.0
18510000,0.0,0.8778158269611205,0.0,1,0.45,0.0
18520000,0.0,0.8639234171928377,0.0,1,0.45,0.0
18530000,0.0,0.8493404002633153,0.0,1,0.45,0.0
18540000,0.0,0.8340784336131737,0.0,1,0.45,0.0
18550000,0.0,0.818149717425022,0.0,1,0.45,0.0
18560000,0.0,0.8015669848708793,0.0,1,0.45,0.0
18570000,0.0,0.7843434919334129,0.0,1,0.45,0.0
18580000,0.0,0.7664930068093482,0.0,1,0.45,0.0
18590000,0.0,0.7480297989033855,0.0,1,0.45,0.0
18600000,0.0,0.7289686274214098,0.0,1,0.45,0.0
18610000,0.0,0.7093247295722771,0.0,1,0.45,0.0
18620000,0.0,0.6891138083873466,0.0,1,0.45,0.0
18630000,0.0,0.6683520201677964,0.0,1,0.45,0.0
18640000,0.0,0.6470559615694423,0.0,1,0.45,0.0
18650000,0.0,0.6252426563357031,0.0,1,0.45,0.0
18660000,0.0,0.6029295416890282,0.0,1,0.45,0.0
18670000,0.0,0.5801344543918472,0.0,1,0.45,0.0
18680000,0.0,0.5568756164881916,0.0,1,0.45,0.0
18690000,0.0,0.5331716207371864,0.0,1,0.45,0.0
18700000,0.0,0.5090414157503751,0.0,1,0.45,0.0
18710000,0.0,0.48450429084439556,0.0,1,0.45,0.0
18720000,0.0,0.4595798606214917,0.0,1,0.45,0.0
18730000,0.0,0.43428804928980846,0.0,1,0.45,0.0
18740000,0.0,0.4086490747363465,0.0,1,0.45,0.0
18750000,0.0,0.3826834323650937,0.0,1,0.45,0.0
18760000,0.0,0.35641187871324803,0.0,1,0.45,0.0
18770000,0.0,0.3298554148588569,0.0,1,0.45,0.0
18780000,0.0,0.3030352696327712,0.0,1,0.45,0.0
18790000,0.0,0.2759728826487498,0.0,1,0.45,0.0
18800000,0.0,0.24868988716485196,0.0,1,0.45,0.0
18810000,0.0,0.22120809279025122,0.0,1,0.45,0.0
18820000,0.0,0.19354946805086434,0.0,1,0.45,0.0
18830000,0.0,0.16573612282811678,0.0,1,0.45,0.0
18840000,0.0,0.13779029068464216,0.0,1,0.45,0.0
18850000,0.0,0.1097343110910423,0.0,1,0.45,0.0
18860000,0.0,0.08159061156816164,0.0,1,0.45,0.0
18870000,0.0,0.053381689758757456,0.0,1,0.45,0.0
18880000,0.0,0.02513009544334155,0.0,1,0.45,0.0
18890000,0.0,-0.003141587485882615,0.0,1,0.45,0.0
18900000,0.0,-0.03141075907813136,0.0,1,0.45,0.0
18910000,0.0,-0.05965482139016669,0.0,1,0.45,0.0
18920000,0.0,-0.08785119655074626,0.0,1,0.45,0.0
18930000,0.0,-0.11597734480895741,0.0,1,0.45,0.0
18940000,0.0,-0.14401078255225527,0.0,1,0.45,0.0
18950000,0.0,-0.17192910027940564,0.0,1,0.45,0.0
18960000,0.0,-0.19970998051441013,0.0,1,0.45,0.0
18970000,0.0,-0.22733121564664263,0.0,1,0.45,0.0
18980000,0.0,-0.2547707256833784,0.0,1,0.45,0.0
18990000,0.0,-0.2820065759001325,0.0,1,0.45,0.0
19000000,0.0,-0.30901699437494373,0.0,1,0.45,0.0
19010000,0.0,-0.3357803893925837,0.0,1,0.45,0.0
19020000,0.0,-0.36227536670454213,0.0,1,0.45,0.0
19030000,0.0,-0.3884807466313691,0.0,1,0.45,0.0
19040000,0.0,-0.4143755809932807,0.0,1,0.45,0.0
19050000,0.0,-0.43993916985591813,0.0,1,0.45,0.0
19060000,0.0,-0.46515107807745504,0.0,1,0.45,0.0
19070000,0.0,-0.4899911516442333,0.0,1,0.45,0.0
19080000,0.0,-0.5144395337815093,0.0,1,0.45,0.0
19090000,0.0,-0.538476680826657,0.0,1,0.45,0.0
19100000,0.0,-0.5620833778521334,0.0,1,0.45,0.0
19110000,0.0,-0.5852407540255071,0.0,1,0.45,0.0
19120000,0.0,-0.6079302976946082,0.0,1,0.45,0.0
19130000,0.0,-0.6301338711853662,0.0,1,0.45,0.0
19140000,0.0,-0.651833725300876,0.0,1,0.45,0.0
19150000,0.0,-0.6730125135097759,0.0,1,0.45,0.0
19160000,0.0,-0.6936533058128024,0.0,1,0.45,0.0
19170000,0.0,-0.7137396022764237,0.0,1,0.45,0.0
19180000,0.0,-0.7332553462225576,0.0,1,0.45,0.0
19190000,0.0,-0.7521849370641137,0.0,1,0.45,0.0
19200000,0.0,-0.7705132427757869,0.0,1,0.45,0.0
19210000,0.0,-0.7882256119904423,0.0,1,0.45,0.0
19220000,0.0,-0.8053078857111199,0.0,1,0.45,0.0
19230000,0.0,-0.8217464086295883,0.0,1,0.45,0.0
19240000,0.0,-0.8375280400421437,0.0,1,0.45,0.0
19250000,0.0,-0.8526401643540904,0.0,1,0.45,0.0
19260000,0.0,-0.8670707011644919,0.0,1,0.45,0.0
19270000,0.0,-0.8808081149230019,0.0,1,0.45,0.0
19280000,0.0,-0.8938414241512654,0.0,1,0.45,0.0
19290000,0.0,-0.9061602102212885,0.0,1,0.45,0.0
19300000,0.0,-0.9177546256839798,0.0,1,0.45,0.0
19310000,0.0,-0.9286154021410161,0.0,1,0.45,0.0
19320000,0.0,-0.938733857653873,0.0,1,0.45,0.0
19330000,0.0,-0.9481019036840332,0.0,1,0.45,0.0
19340000,0.0,-0.9567120515588295,0.0,1,0.45,0.0
19350000,0.0,-0.9645574184577991,0.0,1,0.45,0.0
19360000,0.0,-0.9716317329146732,0.0,1,0.45,0.0
19370000,0.0,-0.9779293398307226,0.0,1,0.45,0.0
19380000,0.0,-0.9834452049953291,0.0,1,0.45,0.0
19390000,0.0,-0.98817491911028,0.0,1,0.45,0.0
19400000,0.0,-0.9921147013144783,0.0,1,0.45,0.0
19410000,0.0,-0.995261402206308,0.0,1,0.45,0.0
19420000,0.0,-0.9976125063612254,0.0,1,0.45,0.0
19430000,0.0,-0.99916613434254,0.0,1,0.45,0.0
19440000,0.0,-0.9999210442038162,0.0,1,0.45,0.0
19450000,0.0,-0.9998766324816607,0.0,1,0.45,0.0
19460000,0.0,-0.9990329346781248,0.0,1,0.45,0.0
19470000,0.0,-0.9973906252323239,0.0,1,0.45,0.0
19480000,0.0,-0.9949510169813005,0.0,1,0.45,0.0
19490000,0.0,-0.9917160601105623,0.0,1,0.45,0.0
19500000,0.0,-0.9876883405951382,0.0,1,0.45,0.0
19510000,0.0,-0.9828710781323785,0.0,1,0.45,0.0
19520000,0.0,-0.9772681235681941,0.0,1,0.45,0.0
19530000,0.0,-0.97088395581873,0.0,1,0.45,0.0
19540000,0.0,-0.9637236782900105,0.0,1,0.45,0.0
19550000,0.0,-0.955793014798331,0.0,1,0.45,0.0
19560000,0.0,-0.9470983049947452,0.0,1,0.45,0.0
19570000,0.0,-0.9376464992972366,0.0,1,0.45,0.0
19580000,0.0,-0.9274451533346597,0.0,1,0.45,0.0
19590000,0.0,-0.9165024219068991,0.0,1,0.45,0.0
19600000,0.0,-0.9048270524660177,0.0,1,0.45,0.0
19610000,0.0,-0.8924283781237192,0.0,1,0.45,0.0
19620000,0.0,-0.8793163101905576,0.0,1,0.45,0.0
19630000,0.0,-0.8655013302530203,0.0,1,0.45,0.0
19640000,0.0,-0.8509944817946933,0.0,1,0.45,0.0
19650000,0.0,-0.8358073613682679,0.0,1,0.45,0.0
19660000,0.0,-0.8199521093254539,0.0,1,0.45,0.0
19670000,0.0,-0.8034414001121251,0.0,1,0.45,0.0
19680000,0.0,-0.7862884321366206,0.0,1,0.45,0.0
19690000,0.0,-0.7685069172190738,0.0,1,0.45,0.0
19700000,0.0,-0.7501110696304614,0.0,1,0.45,0.0
19710000,0.0,-0.731115594729866,0.0,1,0.45,0.0
19720000,0.0,-0.7115356772092872,0.0,1,0.45,0.0
19730000,0.0,-0.6913869689552083,0.0,1,0.45,0.0
19740000,0.0,-0.6706855765367167,0.0,1,0.45,0.0
19750000,0.0,-0.6494480483301857,0.0,1,0.45,0.0
19760000,0.0,-0.627691361290697,0.0,1,0.45,0.0
19770000,0.0,-0.6054329073810034,0.0,1,0.45,0.0
19780000,0.0,-0.5826904796685723,0.0,1,0.45,0.0
19790000,0.0,-0.5594822581021691,0.0,1,0.45,0.0
19800000,0.0,-0.5358267949789988,0.0,1,0.45,0.0
19810000,0.0,-0.5117430001143471,0.0,1,0.45,0.0
19820000,0.0,-0.4872501257253345,0.0,1,0.45,0.0
19830000,0.0,-0.4623677510409877,0.0,1,0.45,0.0
19840000,0.0,-0.4371157666509351,0.0,1,0.45,0.0
19850000,0.0,-0.41151435860510455,0.0,1,0.45,0.0
19860000,0.0,-0.3855839922773988,0.0,1,0.45,0.0
19870000,0.0,-0.35934539600589294,0.0,1,0.45,0.0
19880000,0.0,-0.3328195445229889,0.0,1,0.45,0.0
19890000,0.0,-0.306027642188503,0.0,1,0.45,0.0
19900000,0.0,-0.2789911060392247,0.0,1,0.45,0.0
19910000,0.0,-0.2517315486684994,0.0,1,0.45,0.0
19920000,0.0,-0.22427076094937654,0.0,1,0.45,0.0
19930000,0.0,-0.19663069461542232,0.0,1,0.45,0.0
19940000,0.0,-0.16883344471272915,0.0,1,0.45,0.0
19950000,0.0,-0.14090123193758491,0.0,1,0.45,0.0
19960000,0.0,-0.11285638487348394,0.0,1,0.45,0.0
19970000,0.0,-0.08472132214207569,0.0,1,0.45,0.0
19980000,0.0,-0.05651853448202676,0.0,1,0.45,0.0
19990000,0.0,-0.02827056677026837,0.0,1,0.45,0.0
20000000,0.0,-2.204364238465236e-15,0.0,1,0.45,0.0
20010000,0.0,0.028270566770278168,0.0,1,0.45,0.0
20020000,0.0,0.05651853448202236,0.0,1,0.45,0.0
20030000,0.0,0.0847213221420713,0.0,1,0.45,0.0
20040000,0.0,0.11285638487347956,0.0,1,0.45,0.0
20050000,0.0,0.14090123193758056,0.0,1,0.45,0.0
20060000,0.0,0.1688334447127248,0.0,1,0.45,0.0
20070000,0.0,0.19663069461541802,0.0,1,0.45,0.0
20080000,0.0,0.22427076094938608,0.0,1,0.45,0.0
20090000,0.0,0.2517315486684951,0.0,1,0.45,0.0
20100000,0.0,0.2789911060392341,0.0,1,0.45,0.0
20110000,0.0,0.3060276421884988,0.0,1,0.45,0.0
20120000,0.0,0.33281954452298473,0.0,1,0.45,0.0
20130000,0.0,0.35934539600588883,0.0,1,0.45,0.0
20140000,0.0,0.3855839922773947,0.0,1,0.45,0.0
20150000,0.0,0.4115143586051135,0.0,1,0.45,0.0
20160000,0.0,0.43711576665093116,0.0,1,0.45,0.0
20170000,0.0,0.46236775104099637,0.0,1,0.45,0.0
20180000,0.0,0.48725012572533066,0.0,1,0.45,0.0
20190000,0.0,0.5117430001143433,0.0,1,0.45,0.0
20200000,0.0,0.535826794978995,0.0,1,0.45,0.0
20210000,0.0,0.5594822581021655,0.0,1,0.45,0.0
20220000,0.0,0.5826904796685688,0.0,1,0.45,0.0
20230000,0.0,0.605432907381,0.0,1,0.45,0.0
20240000,0.0,0.6276913612907046,0.0,1,0.45,0.0
20250000,0.0,0.6494480483301823,0.0,1,0.45,0.0
20260000,0.0,0.670685576536724,0.0,1,0.45,0.0
20270000,0.0,0.6913869689552051,0.0,1,0.45,0.0
20280000,0.0,0.7115356772092841,0.0,1,0.45,0.0
20290000,0.0,0.731115594729863,0.0,1,0.45,0.0
20300000,0.0,0.7501110696304584,0.0,1,0.45,0.0
20310000,0.0,0.7685069172190709,0.0,1,0.45,0.0
20320000,0.0,0.7862884321366179,0.0,1,0.45,0.0
20330000,0.0,0.8034414001121308,0.0,1,0.45,0.0
20340000,0.0,0.8199521093254514,0.0,1,0.45,0.0
20350000,0.0,0.8358073613682694,0.0,1,0.45,0.0
20360000,0.0,0.8509944817946911,0.0,1,0.45,0.0
20370000,0.0,0.8655013302530182,0.0,1,0.45,0.0
20380000,0.0,0.8793163101905555,0.0,1,0.45,0.0
20390000,0.0,0.8924283781237172,0.0,1,0.45,0.0
20400000,0.0,0.9048270524660219,0.0,1,0.45,0.0
20410000,0.0,0.9165024219068973,0.0,1,0.45,0.0
20420000,0.0,0.9274451533346634,0.0,1,0.45,0.0
20430000,0.0,0.9376464992972351,0.0,1,0.45,0.0
20440000,0.0,0.9470983049947438,0.0,1,0.45,0.0
20450000,0.0,0.9557930147983297,0.0,1,0.45,0.0
20460000,0.0,0.9637236782900094,0.0,1,0.45,0.0
20470000,0.0,0.970883955818729,0.0,1,0.45,0.0
20480000,0.0,0.9772681235681931,0.0,1,0.45,0.0
20490000,0.0,0.9828710781323803,0.0,1,0.45,0.0
20500000,0.0,0.9876883405951375,0.0,1,0.45,0.0
20510000,0.0,0.9917160601105627,0.0,1,0.45,0.0
20520000,0.0,0.9949510169813001,0.0,1,0.45,0.0
20530000,0.0,0.9973906252323236,0.0,1,0.45,0.0
20540000,0.0,0.9990329346781247,0.0,1,0.45,0.0
20550000,0.0,0.9998766324816606,0.0,1,0.45,0.0
20560000,0.0,0.9999210442038162,0.0,1,0.45,0.0
20570000,0.0,0.9991661343425402,0.0,1,0.45,0.0
20580000,0.0,0.9976125063612248,0.0,1,0.45,0.0
20590000,0.0,0.9952614022063084,0.0,1,0.45,0.0
20600000,0.0,0.992114701314478,0.0,1,0.45,0.0
20610000,0.0,0.9881749191102807,0.0,1,0.45,0.0
20620000,0.0,0.98344520499533,0.0,1,0.45,0.0
20630000,0.0,0.9779293398307235,0.0,1,0.45,0.0
20640000,0.0,0.9716317329146742,0.0,1,0.45,0.0
20650000,0.0,0.9645574184577965,0.0,1,0.45,0.0
20660000,0.0,0.9567120515588308,0.0,1,0.45,0.0
20670000,0.0,0.9481019036840301,0.0,1,0.45,0.0
20680000,0.0,0.9387338576538744,0.0,1,0.45,0.0
20690000,0.0,0.9286154021410177,0.0,1,0.45,0.0
20700000,0.0,0.9177546256839816,0.0,1,0.45,0.0
20710000,0.0,0.9061602102212902,0.0,1,0.45,0.0
20720000,0.0,0.8938414241512674,0.0,1,0.45,0.0
20730000,0.0,0.880808114923004,0.0,1,0.45,0.0
20740000,0.0,0.867070701164487,0.0,1,0.45,0.0
20750000,0.0,0.8526401643540927,0.0,1,0.45,0.0
20760000,0.0,0.8375280400421422,0.0,1,0.45,0.0
20770000,0.0,0.8217464086295908,0.0,1,0.45,0.0
20780000,0.0,0.8053078857111224,0.0,1,0.45,0.0
20790000,0.0,0.7882256119904449,0.0,1,0.45,0.0
20800000,0.0,0.7705132427757898,0.0,1,0.45,0.0
20810000,0.0,0.7521849370641167,0.0,1,0.45,0.0
20820000,0.0,0.7332553462225606,0.0,1,0.45,0.0
20830000,0.0,0.7137396022764169,0.0,1,0.45,0.0
20840000,0.0,0.6936533058128056,0.0,1,0.45,0.0
20850000,0.0,0.6730125135097739,0.0,1,0.45,0.0
20860000,0.0,0.6518337253008794,0.0,1,0.45,0.0
20870000,0.0,0.6301338711853697,0.0,1,0.45,0.0
20880000,0.0,0.6079302976946116,0.0,1,0.45,0.0
20890000,0.0,0.5852407540255107,0.0,1,0.45,0.0
20900000,0.0,0.5620833778521253,0.0,1,0.45,0.0
20910000,0.0,0.5384766808266608,0.0,1,0.45,0.0
20920000,0.0,0.514439533781507,0.0,1,0.45,0.0
20930000,0.0,0.4899911516442372,0.0,1,0.45,0.0
20940000,0.0,0.4651510780774589,0.0,1,0.45,0.0
20950000,0.0,0.4399391698559221,0.0,1,0.45,0.0
20960000,0.0,0.4143755809932847,0.0,1,0.45,0.0
20970000,0.0,0.38848074663137316,0.0,1,0.45,0.0
20980000,0.0,0.36227536670454624,0.0,1,0.45,0.0
20990000,0.0,0.3357803893925745,0.0,1,0.45,0.0
21000000,0.0,0.30901699437494795,0.0,1,0.45,0.0
21010000,0.0,0.28200657590012995,0.0,1,0.45,0.0
21020000,0.0,0.25477072568338266,0.0,1,0.45,0.0
21030000,0.0,0.2273312156466469,0.0,1,0.45,0.0
21040000,0.0,0.19970998051441444,0.0,1,0.45,0.0
21050000,0.0,0.17192910027941,0.0,1,0.45,0.0
21060000,0.0,0.14401078255225963,0.0,1,0.45,0.0
21070000,0.0,0.1159773448089618,0.0,1,0.45,0.0
21080000,0.0,0.08785119655074358,0.0,1,0.45,0.0
21090000,0.0,0.05965482139017109,0.0,1,0.45,0.0
21100000,0.0,0.03141075907812867,0.0,1,0.45,0.0
21110000,0.0,0.0031415874858870237,0.0,1,0.45,0.0
21120000,0.0,-0.02513009544333714,0.0,1,0.45,0.0
21130000,0.0,-0.053381689758753056,0.0,1,0.45,0.0
21140000,0.0,-0.08159061156815725,0.0,1,0.45,0.0
21150000,0.0,-0.10973431109105204,0.0,1,0.45,0.0
21160000,0.0,-0.1377902906846378,0.0,1,0.45,0.0
21170000,0.0,-0.16573612282811945,0.0,1,0.45,0.0
21180000,0.0,-0.19354946805086004,0.0,1,0.45,0.0
21190000,0.0,-0.22120809279024692,0.0,1,0.45,0.0
21200000,0.0,-0.24868988716484772,0.0,1,0.45,0.0
21210000,0.0,-0.27597288264874553,0.0,1,0.45,0.0
21220000,0.0,-0.30303526963276706,0.0,1,0.45,0.0
21230000,0.0,-0.3298554148588527,0.0,1,0.45,0.0
21240000,0.0,-0.3564118787132506,0.0,1,0.45,0.0
21250000,0.0,-0.38268343236508967,0.0,1,0.45,0.0
21260000,0.0,-0.4086490747363489,0.0,1,0.45,0.0
21270000,0.0,-0.4342880492898045,0.0,1,0.45,0.0
21280000,0.0,-0.4595798606214878,0.0,1,0.45,0.0
21290000,0.0,-0.4845042908443917,0.0,1,0.45,0.0
21300000,0.0,-0.5090414157503713,0.0,1,0.45,0.0
21310000,0.0,-0.5331716207371826,0.0,1,0.45,0.0
21320000,0.0,-0.556875616488188,0.0,1,0.45,0.0
21330000,0.0,-0.5801344543918494,0.0,1,0.45,0.0
21340000,0.0,-0.6029295416890247,0.0,1,0.45,0.0
21350000,0.0,-0.6252426563357052,0.0,1,0.45,0.0
21360000,0.0,-0.6470559615694389,0.0,1,0.45,0.0
21370000,0.0,-0.6683520201677932,0.0,1,0.45,0.0
21380000,0.0,-0.6891138083873434,0.0,1,0.45,0.0
21390000,0.0,-0.709324729572274,0.0,1,0.45,0.0
21400000,0.0,-0.7289686274214117,0.0,1,0.45,0.0
21410000,0.0,-0.7480297989033826,0.0,1,0.45,0.0
21420000,0.0,-0.76649300680935,0.0,1,0.45,0.0
21430000,0.0,-0.7843434919334101,0.0,1,0.45,0.0
21440000,0.0,-0.8015669848708766,0.0,1,0.45,0.0
21450000,0.0,-0.8181497174250195,0.0,1,0.45,0.0
21460000,0.0,-0.8340784336131714,0.0,1,0.45,0.0
21470000,0.0,-0.8493404002633129,0.0,1,0.45,0.0
21480000,0.0,-0.8639234171928355,0.0,1,0.45,0.0
21490000,0.0,-0.8778158269611218,0.0,1,0.45,0.0
21500000,0.0,-0.891006524188368,0.0,1,0.45,0.0
21510000,0.0,-0.9034849644330349,0.0,1,0.45,0.0
21520000,0.0,-0.9152411726209149,0.0,1,0.45,0.0
21530000,0.0,-0.9262657510190668,0.0,1,0.45,0.0
21540000,0.0,-0.93654988674819,0.0,1,0.45,0.0
21550000,0.0,-0.9460853588275454,0.0,1,0.45,0.0
21560000,0.0,-0.954864544746641,0.0,1,0.45,0.0
21570000,0.0,-0.9628804265585877,0.0,1,0.45,0.0
21580000,0.0,-0.9701265964901059,0.0,1,0.45,0.0
21590000,0.0,-0.9765972620638247,0.0,1,0.45,0.0
21600000,0.0,-0.9822872507286887,0.0,1,0.45,0.0
21610000,0.0,-0.9871920139948182,0.0,1,0.45,0.0
21620000,0.0,-0.9913076310695066,0.0,1,0.45,0.0
21630000,0.0,-0.9946308119914317,0.0,1,0.45,0.0
21640000,0.0,-0.9971589002606139,0.0,1,0.45,0.0
21650000,0.0,-0.99888987496197,0.0,1,0.45,0.0
21660000,0.0,-0.999822352380809,0.0,1,0.45,0.0
21670000,0.0,-0.9999555871089498,0.0,1,0.45,0.0
21680000,0.0,-0.9992894726405895,0.0,1,0.45,0.0
21690000,0.0,-0.9978245414574414,0.0,1,0.45,0.0
21700000,0.0,-0.9955619646030807,0.0,1,0.45,0.0
21710000,0.0,-0.9925035507468236,0.0,1,0.45,0.0
21720000,0.0,-0.988651744737915,0.0,1,0.45,0.0
21730000,0.0,-0.9840096256511396,0.0,1,0.45,0.0
21740000,0.0,-0.978580904325472,0.0,1,0.45,0.0
21750000,0.0,-0.9723699203976764,0.0,1,0.45,0.0
21760000,0.0,-0.9653816388332737,0.0,1,0.45,0.0
21770000,0.0,-0.9576216459576241,0.0,1,0.45,0.0
21780000,0.0,-0.9490961449902944,0.0,1,0.45,0.0
21790000,0.0,-0.9398119510863219,0.0,1,0.45,0.0
21800000,0.0,-0.9297764858882511,0.0,1,0.45,0.0
21810000,0.0,-0.9189977715934239,0.0,1,0.45,0.0
21820000,0.0,-0.9074844245411166,0.0,1,0.45,0.0
21830000,0.0,-0.8952456483248112,0.0,1,0.45,0.0
21840000,0.0,-0.8822912264349562,0.0,1,0.45,0.0
21850000,0.0,-0.8686315144381909,0.0,1,0.45,0.0
21860000,0.0,-0.8542774316992984,0.0,1,0.45,0.0
21870000,0.0,-0.8392404526523812,0.0,1,0.45,0.0
21880000,0.0,-0.8235325976284309,0.0,1,0.45,0.0
21890000,0.0,-0.8071664232463998,0.0,1,0.45,0.0
21900000,0.0,-0.7901550123756897,0.0,1,0.45,0.0
21910000,0.0,-0.7725119636778638,0.0,1,0.45,0.0
21920000,0.0,-0.7542513807361032,0.0,1,0.45,0.0
21930000,0.0,-0.73538786078102,0.0,1,0.45,0.0
21940000,0.0,-0.7159364830218304,0.0,1,0.45,0.0
21950000,0.0,-0.6959127965923186,0.0,1,0.45,0.0
21960000,0.0,-0.6753328081210237,0.0,1,0.45,0.0
21970000,0.0,-0.6542129689358657,0.0,1,0.45,0.0
21980000,0.0,-0.6325701619131237,0.0,1,0.45,0.0
21990000,0.0,-0.6104216879816017,0.0,1,0.45,0.0
22000000,0.0,-0.5877852522924779,0.0,1,0.45,0.0
22010000,0.0,-0.5646789500660762,0.0,1,0.45,0.0
22020000,0.0,-0.5411212521268809,0.0,1,0.45,0.0
22030000,0.0,-0.5171309901381562,0.0,1,0.45,0.0
22040000,0.0,-0.4927273415482967,0.0,1,0.45,0.0
22050000,0.0,-0.4679298142605723,0.0,1,0.45,0.0
22060000,0.0,-0.4427582310389068,0.0,1,0.45,0.0
22070000,0.0,-0.4172327136617642,0.0,1,0.45,0.0
22080000,0.0,-0.39137366683720126,0.0,1,0.45,0.0
22090000,0.0,-0.3652017618915932,0.0,1,0.45,0.0
22100000,0.0,-0.33873792024529015,0.0,1,0.45,0.0
22110000,0.0,-0.31200329668842036,0.0,1,0.45,0.0
22120000,0.0,-0.28501926246997483,0.0,1,0.45,0.0
22130000,0.0,-0.2578073882140654,0.0,1,0.45,0.0
22140000,0.0,-0.23038942667658927,0.0,1,0.45,0.0
22150000,0.0,-0.20278729535651113,0.0,1,0.45,0.0
22160000,0.0,-0.17502305897527468,0.0,1,0.45,0.0
22170000,0.0,-0.14711891183863599,0.0,1,0.45,0.0
22180000,0.0,-0.11909716009487538,0.0,1,0.45,0.0
22190000,0.0,-0.09098020390356848,0.0,1,0.45,0.0
22200000,0.0,-0.06279051952931901,0.0,1,0.45,0.0
22210000,0.0,-0.034550641374470795,0.0,1,0.45,0.0
22220000,0.0,-0.006283143965564562,0.0,1,0.45,0.0
22230000,0.0,0.02198937609250662,0.0,1,0.45,0.0
22240000,0.0,0.05024431817977108,0.0,1,0.45,0.0
22250000,0.0,0.0784590957278394,0.0,1,0.45,0.0
22260000,0.0,0.10661115427526147,0.0,1,0.45,0.0
22270000,0.0,0.13467798949714713,0.0,1,0.45,0.0
22280000,0.0,0.16263716519488516,0.0,1,0.45,0.0
22290000,0.0,0.1904663312311845,0.0,1,0.45,0.0
22300000,0.0,0.21814324139654415,0.0,1,0.45,0.0
22310000,0.0,0.24564577119242104,0.0,1,0.45,0.0
22320000,0.0,0.2729519355173268,0.0,1,0.45,0.0
22330000,0.0,0.30003990624127785,0.0,1,0.45,0.0
22340000,0.0,0.32688802965493735,0.0,1,0.45,0.0
22350000,0.0,0.35347484377925875,0.0,1,0.45,0.0
22360000,0.0,0.3797790955217961,0.0,1,0.45,0.0
22370000,0.0,0.40577975766620156,0.0,1,0.45,0.0
22380000,0.0,0.43145604568095414,0.0,1,0.45,0.0
22390000,0.0,0.4567874343343011,0.0,1,0.45,0.0
22400000,0.0,0.4817536741017168,0.0,1,0.45,0.0
22410000,0.0,0.506334807353128,0.0,1,0.45,0.0
22420000,0.0,0.5305111843067356,0.0,1,0.45,0.0
22430000,0.0,0.5542634787366897,0.0,1,0.45,0.0
22440000,0.0,0.5775727034222691,0.0,1,0.45,0.0
22450000,0.0,0.6004202253258799,0.0,1,0.45,0.0
22460000,0.0,0.622787780488114,0.0,1,0.45,0.0
22470000,0.0,0.6446574886275874,0.0,1,0.45,0.0
22480000,0.0,0.6660118674342531,0.0,1,0.45,0.0
22490000,0.0,0.6868338465444097,0.0,1,0.45,0.0
22500000,0.0,0.7071067811865439,0.0,1,0.45,0.0
22510000,0.0,0.7268144654869042,0.0,1,0.45,0.0
22520000,0.0,0.7459411454241788,0.0,1,0.45,0.0
22530000,0.0,0.7644715314230929,0.0,1,0.45,0.0
22540000,0.0,0.782390810576585,0.0,1,0.45,0.0
22550000,0.0,0.7996846584870918,0.0,1,0.45,0.0
22560000,0.0,0.816339250717181,0.0,1,0.45,0.0
22570000,0.0,0.8323412738406607,0.0,1,0.45,0.0
22580000,0.0,0.8476779360850843,0.0,1,0.45,0.0
22590000,0.0,0.8623369775573014,0.0,1,0.45,0.0
22600000,0.0,0.8763066800438646,0.0,1,0.45,0.0
22610000,0.0,0.8895758763783357,0.0,1,0.45,0.0
22620000,0.0,0.9021339593682037,0.0,1,0.45,0.0
22630000,0.0,0.9139708902740592,0.0,1,0.45,0.0
22640000,0.0,0.9250772068344562,0.0,1,0.45,0.0
22650000,0.0,0.9354440308298706,0.0,1,0.45,0.0
22660000,0.0,0.9450630751798033,0.0,1,0.45,0.0
22670000,0.0,0.9539266505673963,0.0,1,0.45,0.0
22680000,0.0,0.9620276715860846,0.0,1,0.45,0.0
22690000,0.0,0.9693596624036281,0.0,1,0.45,0.0
22700000,0.0,0.9759167619387463,0.0,1,0.45,0.0
22710000,0.0,0.9816937285463979,0.0,1,0.45,0.0
22720000,0.0,0.9866859442078673,0.0,1,0.45,0.0
22730000,0.0,0.990889418222338,0.0,1,0.45,0.0
22740000,0.0,0.9943007903969999,0.0,1,0.45,0.0
22750000,0.0,0.9969173337331276,0.0,1,0.45,0.0
22760000,0.0,0.9987369566060172,0.0,1,0.45,0.0
22770000,0.0,0.9997582044369839,0.0,1,0.45,0.0
22780000,0.0,0.9999802608561371,0.0,1,0.45,0.0
22790000,0.0,0.999402948354973,0.0,1,0.45,0.0
22800000,0.0,0.9980267284282719,0.0,1,0.45,0.0
22810000,0.0,0.9958527012051861,0.0,1,0.45,0.0
22820000,0.0,0.9928826045698143,0.0,1,0.45,0.0
22830000,0.0,0.9891188127719603,0.0,1,0.45,0.0
22840000,0.0,0.9845643345292062,0.0,1,0.45,0.0
22850000,0.0,0.9792228106217667,0.0,1,0.45,0.0
22860000,0.0,0.9730985109821276,0.0,1,0.45,0.0
22870000,0.0,0.9661963312817159,0.0,1,0.45,0.0
22880000,0.0,0.9585217890173772,0.0,1,0.45,0.0
22890000,0.0,0.9500810191007731,0.0,1,0.45,0.0
22900000,0.0,0.9408807689542221,0.0,1,0.45,0.0
22910000,0.0,0.9309283931169373,0.0,1,0.45,0.0
22920000,0.0,0.920231847365872,0.0,1,0.45,0.0
22930000,0.0,0.9087996823560419,0.0,1,0.45,0.0
22940000,0.0,0.8966410367852378,0.0,1,0.45,0.0
22950000,0.0,0.8837656300886955,0.0,1,0.45,0.0
22960000,0.0,0.8701837546695278,0.0,1,0.45,0.0
22970000,0.0,0.8559062676711353,0.0,1,0.45,0.0
22980000,0.0,0.8409445822981715,0.0,1,0.45,0.0
22990000,0.0,0.825310658692994,0.0,1,0.45,0.0
23000000,0.0,0.80901699437495,0.0,1,0.45,0.0
23010000,0.0,0.7920766142499697,0.0,1,0.45,0.0
23020000,0.0,0.7745030601987365,0.0,1,0.45,0.0
23030000,0.0,0.7563103802514747,0.0,1,0.45,0.0
23040000,0.0,0.7375131173581768,0.0,1,0.45,0.0
23050000,0.0,0.7181262977631918,0.0,1,0.45,0.0
23060000,0.0,0.6981654189934757,0.0,1,0.45,0.0
23070000,0.0,0.6776464374701053,0.0,1,0.45,0.0
23080000,0.0,0.6565857557529596,0.0,1,0.45,0.0
23090000,0.0,0.6350002094287639,0.0,1,0.45,0.0
23100000,0.0,0.6129070536529798,0.0,1,0.45,0.0
23110000,0.0,0.5903239493562978,0.0,1,0.45,0.0
23120000,0.0,0.5672689491267598,0.0,1,0.45,0.0
23130000,0.0,0.543760482778796,0.0,1,0.45,0.0
23140000,0.0,0.519817342620713,0.0,1,0.45,0.0
23150000,0.0,0.4954586684323987,0.0,1,0.45,0.0
23160000,0.0,0.4707039321653361,0.0,1,0.45,0.0
23170000,0.0,0.4455729223768999,0.0,1,0.45,0.0
23180000,0.0,0.4200857284118099,0.0,1,0.45,0.0
23190000,0.0,0.3942627243429547,0.0,1,0.45,0.0
23200000,0.0,0.36812455268468164,0.0,1,0.45,0.0
23210000,0.0,0.341692107891487,0.0,1,0.45,0.0
23220000,0.0,0.31498651965530855,0.0,1,0.45,0.0
23230000,0.0,0.2880291360147729,0.0,1,0.45,0.0
23240000,0.0,0.2608415062899007,0.0,1,0.45,0.0
23250000,0.0,0.2334453638559092,0.0,1,0.45,0.0
23260000,0.0,0.20586260876988513,0.0,1,0.45,0.0
23270000,0.0,0.17811529026421394,0.0,1,0.45,0.0
23280000,0.0,0.15022558912076087,0.0,1,0.45,0.0
23290000,0.0,0.12221579993989323,0.0,1,0.45,0.0
23300000,0.0,0.09410831331851811,0.0,1,0.45,0.0
23310000,0.0,0.06592559795138164,0.0,1,0.45,0.0
23320000,0.0,0.037690182669938316,0.0,1,0.45,0.0
23330000,0.0,0.009424638433147768,0.0,1,0.45,0.0
23340000,0.0,-0.01884843971540443,0.0,1,0.45,0.0
23350000,0.0,-0.04710645070963894,0.0,1,0.45,0.0
23360000,0.0,-0.07532680552792902,0.0,1,0.45,0.0
23370000,0.0,-0.10348694525041885,0.0,1,0.45,0.0
23380000,0.0,-0.13156435909227887,0.0,1,0.45,0.0
23390000,0.0,-0.1595366023984827,0.0,1,0.45,0.0
23400000,0.0,-0.18738131458572105,0.0,1,0.45,0.0
23410000,0.0,-0.21507623701710984,0.0,1,0.45,0.0
23420000,0.0,-0.24259923079540394,0.0,1,0.45,0.0
23430000,0.0,-0.2699282944604929,0.0,1,0.45,0.0
23440000,0.0,-0.2970415815770315,0.0,1,0.45,0.0
23450000,0.0,-0.32391741819814607,0.0,1,0.45,0.0
23460000,0.0,-0.3505343201912557,0.0,1,0.45,0.0
23470000,0.0,-0.37687101041215937,0.0,1,0.45,0.0
23480000,0.0,-0.40290643571365947,0.0,1,0.45,0.0
23490000,0.0,-0.42861978377512516,0.0,1,0.45,0.0
23500000,0.0,-0.4539904997395437,0.0,1,0.45,0.0
23510000,0.0,-0.478998302644758,0.0,1,0.45,0.0
23520000,0.0,-0.5036232016357579,0.0,1,0.45,0.0
23530000,0.0,-0.5278455119450635,0.0,1,0.45,0.0
23540000,0.0,-0.5516458706284274,0.0,1,0.45,0.0
23550000,0.0,-0.5750052520432758,0.0,1,0.45,0.0
23560000,0.0,-0.5979049830575162,0.0,1,0.45,0.0
23570000,0.0,-0.6203267579765533,0.0,1,0.45,0.0
23580000,0.0,-0.6422526531765819,0.0,1,0.45,0.0
23590000,0.0,-0.663665141432456,0.0,1,0.45,0.0
23600000,0.0,-0.6845471059286863,0.0,1,0.45,0.0
23610000,0.0,-0.704881853942359,0.0,1,0.45,0.0
23620000,0.0,-0.7246531301870444,0.0,1,0.45,0.0
23630000,0.0,-0.7438451298070229,0.0,1,0.45,0.0
23640000,0.0,-0.7624425110114458,0.0,1,0.45,0.0
23650000,0.0,-0.7804304073383277,0.0,1,0.45,0.0
23660000,0.0,-0.7977944395385691,0.0,1,0.45,0.0
23670000,0.0,-0.8145207270705075,0.0,1,0.45,0.0
23680000,0.0,-0.8305958991958109,0.0,1,0.45,0.0
23690000,0.0,-0.8460071056678405,0.0,1,0.45,0.0
23700000,0.0,-0.8607420270039421,0.0,1,0.45,0.0
23710000,0.0,-0.8747888843334513,0.0,1,0.45,0.0
23720000,0.0,-0.8881364488135431,0.0,1,0.45,0.0
23730000,0.0,-0.9007740506053967,0.0,1,0.45,0.0
23740000,0.0,-0.9126915874035015,0.0,1,0.45,0.0
23750000,0.0,-0.9238795325112856,0.0,1,0.45,0.0
23760000,0.0,-0.9343289424566109,0.0,1,0.45,0.0
23770000,0.0,-0.9440314641410488,0.0,1,0.45,0.0
23780000,0.0,-0.9529793415172179,0.0,1,0.45,0.0
23790000,0.0,-0.9611654217888511,0.0,1,0.45,0.0
23800000,0.0,-0.9685831611286304,0.0,1,0.45,0.0
23810000,0.0,-0.9752266299092227,0.0,1,0.45,0.0
23820000,0.0,-0.9810905174433335,0.0,1,0.45,0.0
23830000,0.0,-0.9861701362289884,0.0,1,0.45,0.0
23840000,0.0,-0.9904614256966509,0.0,1,0.45,0.0
23850000,0.0,-0.9939609554551794,0.0,1,0.45,0.0
23860000,0.0,-0.9966659280340296,0.0,1,0.45,0.0
23870000,0.0,-0.9985741811195096,0.0,1,0.45,0.0
23880000,0.0,-0.9996841892832999,0.0,1,0.45,0.0
23890000,0.0,-0.9999950652018582,0.0,1,0.45,0.0
23900000,0.0,-0.9995065603657316,0.0,1,0.45,0.0
23910000,0.0,-0.9982190652782119,0.0,1,0.45,0.0
23920000,0.0,-0.9961336091431727,0.0,1,0.45,0.0
23930000,0.0,-0.9932518590423397,0.0,1,0.45,0.0
23940000,0.0,-0.9895761186026514,0.0,1,0.45,0.0
23950000,0.0,-0.9851093261547744,0.0,1,0.45,0.0
23960000,0.0,-0.9798550523842474,0.0,1,0.45,0.0
23970000,0.0,-0.9738174974771295,0.0,1,0.45,0.0
23980000,0.0,-0.9670014877624358,0.0,1,0.45,0.0
23990000,0.0,-0.9594124718540435,0.0,1,0.45,0.0
24000000,0.0,-0.9510565162951544,0.0,1,0.45,0.0
24010000,0.0,-0.9419403007087915,0.0,1,0.45,0.0
24020000,0.0,-0.932071112458212,0.0,1,0.45,0.0
24030000,0.0,-0.9214568408214995,0.0,1,0.45,0.0
24040000,0.0,-0.9101059706849968,0.0,1,0.45,0.0
24050000,0.0,-0.8980275757606168,0.0,1,0.45,0.0
24060000,0.0,-0.8852313113324564,0.0,1,0.45,0.0
24070000,0.0,-0.8717274065385101,0.0,1,0.45,0.0
24080000,0.0,-0.8575266561936535,0.0,1,0.45,0.0
24090000,0.0,-0.8426404121604336,0.0,1,0.45,0.0
24100000,0.0,-0.8270805742745632,0.0,1,0.45,0.0
24110000,0.0,-0.8108595808323749,0.0,1,0.45,0.0
24120000,0.0,-0.7939903986478368,0.0,1,0.45,0.0
24130000,0.0,-0.7764865126870801,0.0,1,0.45,0.0
24140000,0.0,-0.7583619152887234,0.0,1,0.45,0.0
24150000,0.0,-0.7396310949786113,0.0,1,0.45,0.0
24160000,0.0,-0.7203090248879085,0.0,1,0.45,0.0
24170000,0.0,-0.700411150783808,0.0,1,0.45,0.0
24180000,0.0,-0.6799533787224209,0.0,1,0.45,0.0
24190000,0.0,-0.6589520623337187,0.0,1,0.45,0.0
24200000,0.0,-0.6374239897486915,0.0,1,0.45,0.0
24210000,0.0,-0.6153863701791733,0.0,1,0.45,0.0
24220000,0.0,-0.5928568201610611,0.0,1,0.45,0.0
24230000,0.0,-0.5698533494719257,0.0,1,0.45,0.0
24240000,0.0,-0.546394346734271,0.0,1,0.45,0.0
24250000,0.0,-0.5224985647159508,0.0,1,0.45,0.0
24260000,0.0,-0.49818510533949273,0.0,1,0.45,0.0
24270000,0.0,-0.47347340441231406,0.0,1,0.45,0.0
24280000,0.0,-0.44838321609003423,0.0,1,0.45,0.0
24290000,0.0,-0.42293459708530523,0.0,1,0.45,0.0
24300000,0.0,-0.39714789063478256,0.0,1,0.45,0.0
24310000,0.0,-0.371043710237053,0.0,1,0.45,0.0
24320000,0.0,-0.34464292317451906,0.0,1,0.45,0.0
24330000,0.0,-0.3179666338324129,0.0,1,0.45,0.0
24340000,0.0,-0.2910361668282738,0.0,1,0.45,0.0
24350000,0.0,-0.26387304996537486,0.0,1,0.45,0.0
24360000,0.0,-0.23649899702372668,0.0,1,0.45,0.0
24370000,0.0,-0.2089358904024137,0.0,1,0.45,0.0
24380000,0.0,-0.18120576362713933,0.0,1,0.45,0.0
24390000,0.0,-0.1533307837369626,0.0,1,0.45,0.0
24400000,0.0,-0.1253332335643062,0.0,1,0.45,0.0
24410000,0.0,-0.09723549392240129,0.0,1,0.45,0.0
24420000,0.0,-0.06906002571440774,0.0,1,0.45,0.0
24430000,0.0,-0.040829351978511924,0.0,1,0.45,0.0
24440000,0.0,-0.012566039883354519,0.0,1,0.45,0.0
24450000,0.0,0.01570731731181878,0.0,1,0.45,0.0
24460000,0.0,0.04396811831786303,0.0,1,0.45,0.0
24470000,0.0,0.07219377188285875,0.0,1,0.45,0.0
24480000,0.0,0.10036171485121305,0.0,1,0.45,0.0
24490000,0.0,0.12844943020030103,0.0,1,0.45,0.0
24500000,0.0,0.1564344650402291,0.0,1,0.45,0.0
24510000,0.0,0.18429444856233154,0.0,1,0.45,0.0
24520000,0.0,0.2120071099220529,0.0,1,0.45,0.0
24530000,0.0,0.23955029604192013,0.0,1,0.45,0.0
24540000,0.0,0.2669019893203739,0.0,1,0.45,0.0
24550000,0.0,0.2940403252323023,0.0,1,0.45,0.0
24560000,0.0,0.3209436098072079,0.0,1,0.45,0.0
24570000,0.0,0.3475903369710355,0.0,1,0.45,0.0
24580000,0.0,0.3739592057377989,0.0,1,0.45,0.0
24590000,0.0,0.40002913723726324,0.0,1,0.45,0.0
24600000,0.0,0.42577929156507116,0.0,1,0.45,0.0
24610000,0.0,0.4511890844418436,0.0,1,0.45,0.0
24620000,0.0,0.4762382036679377,0.0,1,0.45,0.0
24630000,0.0,0.5009066253607085,0.0,1,0.45,0.0
24640000,0.0,0.5251746299612944,0.0,1,0.45,0.0
24650000,0.0,0.5490228179981305,0.0,1,0.45,0.0
24660000,0.0,0.5724321255945897,0.0,1,0.45,0.0
24670000,0.0,0.5953838397083537,0.0,1,0.45,0.0
24680000,0.0,0.6178596130903331,0.0,1,0.45,0.0
24690000,0.0,0.6398414789511773,0.0,1,0.45,0.0
24700000,0.0,0.6613118653236507,0.0,1,0.45,0.0
24710000,0.0,0.6822536091093954,0.0,1,0.45,0.0
24720000,0.0,0.7026499697988482,0.0,1,0.45,0.0
24730000,0.0,0.7224846428533488,0.0,1,0.45,0.0
24740000,0.0,0.7417417727387383,0.0,1,0.45,0.0
24750000,0.0,0.76040596560003,0.0,1,0.45,0.0
24760000,0.0,0.7784623015670226,0.0,1,0.45,0.0
24770000,0.0,0.795896346681015,0.0,1,0.45,0.0
24780000,0.0,0.8126941644330932,0.0,1,0.45,0.0
24790000,0.0,0.8288423269047611,0.0,1,0.45,0.0
24800000,0.0,0.8443279255020144,0.0,1,0.45,0.0
24810000,0.0,0.8591385812742718,0.0,1,0.45,0.0
24820000,0.0,0.8732624548099195,0.0,1,0.45,0.0
24830000,0.0,0.8866882557005559,0.0,1,0.45,0.0
24840000,0.0,0.8994052515663705,0.0,1,0.45,0.0
24850000,0.0,0.9114032766354447,0.0,1,0.45,0.0
24860000,0.0,0.9226727398701143,0.0,1,0.45,0.0
24870000,0.0,0.9332046326338982,0.0,1,0.45,0.0
24880000,0.0,0.9429905358928641,0.0,1,0.45,0.0
24890000,0.0,0.9520226269456763,0.0,1,0.45,0.0
24900000,0.0,0.9602936856769427,0.0,1,0.45,0.0
24910000,0.0,0.9677971003288651,0.0,1,0.45,0.0
24920000,0.0,0.9745268727865769,0.0,1,0.45,0.0
24930000,0.0,0.9804776233729442,0.0,1,0.45,0.0
24940000,0.0,0.9856445951489978,0.0,1,0.45,0.0
24950000,0.0,0.9900236577165574,0.0,1,0.45,0.0
24960000,0.0,0.9936113105200083,0.0,1,0.45,0.0
24970000,0.0,0.9964046856445923,0.0,1,0.45,0.0
24980000,0.0,0.998401550108975,0.0,1,0.45,0.0
24990000,0.0,0.9996003076502565,0.0,1,0.45,0.0
25000000,0.0,1.0,0.0,1,0.45,0.0
25010000,0.0,0.9996003076502565,0.0,1,0.45,0.0
25020000,0.0,0.9984015501089751,0.0,1,0.45,0.0
25030000,0.0,0.9964046856445925,0.0,1,0.45,0.0
25040000,0.0,0.9936113105200085,0.0,1,0.45,0.0
25050000,0.0,0.9900236577165576,0.0,1,0.45,0.0
25060000,0.0,0.9856445951489982,0.0,1,0.45,0.0
25070000,0.0,0.9804776233729445,0.0,1,0.45,0.0
25080000,0.0,0.9745268727865773,0.0,1,0.45,0.0
25090000,0.0,0.9677971003288657,0.0,1,0.45,0.0
25100000,0.0,0.9602936856769433,0.0,1,0.45,0.0
25110000,0.0,0.9520226269456769,0.0,1,0.45,0.0
25120000,0.0,0.9429905358928647,0.0,1,0.45,0.0
25130000,0.0,0.9332046326338989,0.0,1,0.45,0.0
25140000,0.0,0.9226727398701151,0.0,1,0.45,0.0
25150000,0.0,0.9114032766354455,0.0,1,0.45,0.0
25160000,0.0,0.8994052515663713,0.0,1,0.45,0.0
25170000,0.0,0.8866882557005568,0.0,1,0.45,0.0
25180000,0.0,0.8732624548099205,0.0,1,0.45,0.0
25190000,0.0,0.8591385812742728,0.0,1,0.45,0.0
25200000,0.0,0.8443279255020154,0.0,1,0.45,0.0
25210000,0.0,0.8288423269047622,0.0,1,0.45,0.0
25220000,0.0,0.8126941644330943,0.0,1,0.45,0.0
25230000,0.0,0.7958963466810162,0.0,1,0.45,0.0
25240000,0.0,0.7784623015670238,0.0,1,0.45,0.0
25250000,0.0,0.7604059656000313,0.0,1,0.45,0.0
25260000,0.0,0.7417417727387395,0.0,1,0.45,0.0
25270000,0.0,0.7224846428533502,0.0,1,0.45,0.0
25280000,0.0,0.7026499697988495,0.0,1,0.45,0.0
25290000,0.0,0.6822536091093968,0.0,1,0.45,0.0
25300000,0.0,0.6613118653236523,0.0,1,0.45,0.0
25310000,0.0,0.6398414789511788,0.0,1,0.45,0.0
25320000,0.0,0.6178596130903347,0.0,1,0.45,0.0
25330000,0.0,0.5953838397083553,0.0,1,0.45,0.0
25340000,0.0,0.5724321255945912,0.0,1,0.45,0.0
25350000,0.0,0.5490228179981321,0.0,1,0.45,0.0
25360000,0.0,0.525174629961296,0.0,1,0.45,0.0
25370000,0.0,0.5009066253607102,0.0,1,0.45,0.0
25380000,0.0,0.4762382036679394,0.0,1,0.45,0.0
25390000,0.0,0.45118908444184536,0.0,1,0.45,0.0
25400000,0.0,0.42577929156507294,0.0,1,0.45,0.0
25410000,0.0,0.400029137237265,0.0,1,0.45,0.0
25420000,0.0,0.37395920573780067,0.0,1,0.45,0.0
25430000,0.0,0.3475903369710373,0.0,1,0.45,0.0
25440000,0.0,0.3209436098072097,0.0,1,0.45,0.0
25450000,0.0,0.29404032523230417,0.0,1,0.45,0.0
25460000,0.0,0.2669019893203758,0.0,1,0.45,0.0
25470000,0.0,0.23955029604192202,0.0,1,0.45,0.0
25480000,0.0,0.21200710992205482,0.0,1,0.45,0.0
25490000,0.0,0.18429444856233346,0.0,1,0.45,0.0
25500000,0.0,0.156434465040231,0.0,1,0.45,0.0
25510000,0.0,0.12844943020030297,0.0,1,0.45,0.0
25520000,0.0,0.100361714851215,0.0,1,0.45,0.0
25530000,0.0,0.07219377188286069,0.0,1,0.45,0.0
25540000,0.0,0.043968118317864985,0.0,1,0.45,0.0
25550000,0.0,0.015707317311820738,0.0,1,0.45,0.0
25560000,0.0,-0.012566039883352562,0.0,1,0.45,0.0
25570000,0.0,-0.04082935197850997,0.0,1,0.45,0.0
25580000,0.0,-0.06906002571440578,0.0,1,0.45,0.0
25590000,0.0,-0.09723549392239933,0.0,1,0.45,0.0
25600000,0.0,-0.12533323356430426,0.0,1,0.45,0.0
25610000,0.0,-0.15333078373696066,0.0,1,0.45,0.0
25620000,0.0,-0.18120576362713742,0.0,1,0.45,0.0
25630000,0.0,-0.20893589040241178,0.0,1,0.45,0.0
25640000,0.0,-0.23649899702372476,0.0,1,0.45,0.0
25650000,0.0,-0.263873049965373,0.0,1,0.45,0.0
25660000,0.0,-0.29103616682827194,0.0,1,0.45,0.0
25670000,0.0,-0.3179666338324111,0.0,1,0.45,0.0
25680000,0.0,-0.3446429231745172,0.0,1,0.45,0.0
25690000,0.0,-0.3710437102370512,0.0,1,0.45,0.0
25700000,0.0,-0.3971478906347808,0.0,1,0.45,0.0
25710000,0.0,-0.42293459708530345,0.0,1,0.45,0.0
25720000,0.0,-0.44838321609003245,0.0,1,0.45,0.0
25730000,0.0,-0.47347340441231234,0.0,1,0.45,0.0
25740000,0.0,-0.49818510533949106,0.0,1,0.45,0.0
25750000,0.0,-0.5224985647159491,0.0,1,0.45,0.0
25760000,0.0,-0.5463943467342693,0.0,1,0.45,0.0
25770000,0.0,-0.569853349471924,0.0,1,0.45,0.0
25780000,0.0,-0.5928568201610595,0.0,1,0.45,0.0
25790000,0.0,-0.6153863701791717,0.0,1,0.45,0.0
25800000,0.0,-0.63742398974869,0.0,1,0.45,0.0
25810000,0.0,-0.6589520623337172,0.0,1,0.45,0.0
25820000,0.0,-0.6799533787224195,0.0,1,0.45,0.0
25830000,0.0,-0.7004111507838067,0.0,1,0.45,0.0
25840000,0.0,-0.7203090248879072,0.0,1,0.45,0.0
25850000,0.0,-0.73963109497861,0.0,1,0.45,0.0
25860000,0.0,-0.7583619152887221,0.0,1,0.45,0.0
25870000,0.0,-0.7764865126870789,0.0,1,0.45,0.0
25880000,0.0,-0.7939903986478356,0.0,1,0.45,0.0
25890000,0.0,-0.8108595808323737,0.0,1,0.45,0.0
25900000,0.0,-0.8270805742745622,0.0,1,0.45,0.0
25910000,0.0,-0.8426404121604325,0.0,1,0.45,0.0
25920000,0.0,-0.8575266561936525,0.0,1,0.45,0.0
25930000,0.0,-0.8717274065385091,0.0,1,0.45,0.0
25940000,0.0,-0.8852313113324555,0.0,1,0.45,0.0
25950000,0.0,-0.8980275757606159,0.0,1,0.45,0.0
25960000,0.0,-0.910105970684996,0.0,1,0.45,0.0
25970000,0.0,-0.9214568408214987,0.0,1,0.45,0.0
25980000,0.0,-0.9320711124582112,0.0,1,0.45,0.0
25990000,0.0,-0.9419403007087909,0.0,1,0.45,0.0
26000000,0.0,-0.9510565162951538,0.0,1,0.45,0.0
26010000,0.0,-0.959412471854043,0.0,1,0.45,0.0
26020000,0.0,-0.9670014877624352,0.0,1,0.45,0.0
26030000,0.0,-0.9738174974771291,0.0,1,0.45,0.0
26040000,0.0,-0.979855052384247,0.0,1,0.45,0.0
26050000,0.0,-0.9851093261547741,0.0,1,0.45,0.0
26060000,0.0,-0.989576118602651,0.0,1,0.45,0.0
26070000,0.0,-0.9932518590423395,0.0,1,0.45,0.0
26080000,0.0,-0.9961336091431725,0.0,1,0.45,0.0
26090000,0.0,-0.9982190652782118,0.0,1,0.45,0.0
26100000,0.0,-0.9995065603657316,0.0,1,0.45,0.0
26110000,0.0,-0.9999950652018582,0.0,1,0.45,0.0
26120000,0.0,-0.9996841892832999,0.0,1,0.45,0.0
26130000,0.0,-0.9985741811195097,0.0,1,0.45,0.0
26140000,0.0,-0.9966659280340298,0.0,1,0.45,0.0
26150000,0.0,-0.9939609554551796,0.0,1,0.45,0.0
26160000,0.0,-0.9904614256966511,0.0,1,0.45,0.0
26170000,0.0,-0.9861701362289886,0.0,1,0.45,0.0
26180000,0.0,-0.9810905174433339,0.0,1,0.45,0.0
26190000,0.0,-0.9752266299092232,0.0,1,0.45,0.0
26200000,0.0,-0.9685831611286309,0.0,1,0.45,0.0
26210000,0.0,-0.9611654217888517,0.0,1,0.45,0.0
26220000,0.0,-0.9529793415172229,0.0,1,0.45,0.0
26230000,0.0,-0.9440314641410493,0.0,1,0.45,0.0
26240000,0.0,-0.9343289424566117,0.0,1,0.45,0.0
26250000,0.0,-0.9238795325112863,0.0,1,0.45,0.0
26260000,0.0,-0.9126915874035023,0.0,1,0.45,0.0
26270000,0.0,-0.9007740506053976,0.0,1,0.45,0.0
26280000,0.0,-0.888136448813544,0.0,1,0.45,0.0
26290000,0.0,-0.8747888843334523,0.0,1,0.45,0.0
26300000,0.0,-0.860742027003943,0.0,1,0.45,0.0
26310000,0.0,-0.8460071056678415,0.0,1,0.45,0.0
26320000,0.0,-0.830595899195812,0.0,1,0.45,0.0
26330000,0.0,-0.8145207270705087,0.0,1,0.45,0.0
26340000,0.0,-0.7977944395385702,0.0,1,0.45,0.0
26350000,0.0,-0.7804304073383289,0.0,1,0.45,0.0
26360000,0.0,-0.762442511011447,0.0,1,0.45,0.0
26370000,0.0,-0.7438451298070242,0.0,1,0.45,0.0
26380000,0.0,-0.7246531301870457,0.0,1,0.45,0.0
26390000,0.0,-0.7048818539423605,0.0,1,0.45,0.0
26400000,0.0,-0.6845471059286877,0.0,1,0.45,0.0
26410000,0.0,-0.6636651414324575,0.0,1,0.45,0.0
26420000,0.0,-0.6422526531765833,0.0,1,0.45,0.0
26430000,0.0,-0.6203267579765549,0.0,1,0.45,0.0
26440000,0.0,-0.5979049830575177,0.0,1,0.45,0.0
26450000,0.0,-0.5750052520432773,0.0,1,0.45,0.0
26460000,0.0,-0.5516458706284291,0.0,1,0.45,0.0
26470000,0.0,-0.5278455119450772,0.0,1,0.45,0.0
26480000,0.0,-0.5036232016357596,0.0,1,0.45,0.0
26490000,0.0,-0.47899830264475973,0.0,1,0.45,0.0
26500000,0.0,-0.4539904997395454,0.0,1,0.45,0.0
26510000,0.0,-0.42861978377512694,0.0,1,0.45,0.0
26520000,0.0,-0.40290643571366125,0.0,1,0.45,0.0
26530000,0.0,-0.3768710104121612,0.0,1,0.45,0.0
26540000,0.0,-0.3505343201912575,0.0,1,0.45,0.0
26550000,0.0,-0.3239174181981479,0.0,1,0.45,0.0
26560000,0.0,-0.29704158157703336,0.0,1,0.45,0.0
26570000,0.0,-0.26992829446049477,0.0,1,0.45,0.0
26580000,0.0,-0.24259923079540582,0.0,1,0.45,0.0
26590000,0.0,-0.21507623701711176,0.0,1,0.45,0.0
26600000,0.0,-0.18738131458572296,0.0,1,0.45,0.0
26610000,0.0,-0.15953660239848463,0.0,1,0.45,0.0
26620000,0.0,-0.13156435909228079,0.0,1,0.45,0.0
26630000,0.0,-0.10348694525043493,0.0,1,0.45,0.0
26640000,0.0,-0.07532680552793097,0.0,1,0.45,0.0
26650000,0.0,-0.047106450709640896,0.0,1,0.45,0.0
26660000,0.0,-0.01884843971540639,0.0,1,0.45,0.0
26670000,0.0,0.00942463843314581,0.0,1,0.45,0.0
26680000,0.0,0.03769018266993636,0.0,1,0.45,0.0
26690000,0.0,0.06592559795137969,0.0,1,0.45,0.0
26700000,0.0,0.09410831331851616,0.0,1,0.45,0.0
26710000,0.0,0.12221579993989129,0.0,1,0.45,0.0
26720000,0.0,0.15022558912074488,0.0,1,0.45,0.0
26730000,0.0,0.178115290264212,0.0,1,0.45,0.0
26740000,0.0,0.20586260876988322,0.0,1,0.45,0.0
26750000,0.0,0.2334453638559073,0.0,1,0.45,0.0
26760000,0.0,0.26084150628989883,0.0,1,0.45,0.0
26770000,0.0,0.2880291360147711,0.0,1,0.45,0.0
26780000,0.0,0.31498651965530666,0.0,1,0.45,0.0
26790000,0.0,0.34169210789147186,0.0,1,0.45,0.0
26800000,0.0,0.36812455268467986,0.0,1,0.45,0.0
26810000,0.0,0.3942627243429529,0.0,1,0.45,0.0
26820000,0.0,0.42008572841180813,0.0,1,0.45,0.0
26830000,0.0,0.44557292237689816,0.0,1,0.45,0.0
26840000,0.0,0.4707039321653344,0.0,1,0.45,0.0
26850000,0.0,0.4954586684324094,0.0,1,0.45,0.0
26860000,0.0,0.5198173426207113,0.0,1,0.45,0.0
26870000,0.0,0.5437604827787943,0.0,1,0.45,0.0
26880000,0.0,0.5672689491267465,0.0,1,0.45,0.0
26890000,0.0,0.5903239493562963,0.0,1,0.45,0.0
26900000,0.0,0.6129070536529783,0.0,1,0.45,0.0
26910000,0.0,0.6350002094287623,0.0,1,0.45,0.0
26920000,0.0,0.6565857557529581,0.0,1,0.45,0.0
26930000,0.0,0.6776464374701039,0.0,1,0.45,0.0
26940000,0.0,0.6981654189934743,0.0,1,0.45,0.0
26950000,0.0,0.7181262977631805,0.0,1,0.45,0.0
26960000,0.0,0.7375131173581755,0.0,1,0.45,0.0
26970000,0.0,0.7563103802514641,0.0,1,0.45,0.0
26980000,0.0,0.7745030601987353,0.0,1,0.45,0.0
26990000,0.0,0.7920766142499684,0.0,1,0.45,0.0
27000000,0.0,0.8090169943749488,0.0,1,0.45,0.0
27010000,0.0,0.8253106586930009,0.0,1,0.45,0.0
27020000,0.0,0.8409445822981704,0.0,1,0.45,0.0
27030000,0.0,0.8559062676711342,0.0,1,0.45,0.0
27040000,0.0,0.8701837546695198,0.0,1,0.45,0.0
27050000,0.0,0.8837656300886946,0.0,1,0.45,0.0
27060000,0.0,0.896641036785237,0.0,1,0.45,0.0
27070000,0.0,0.9087996823560411,0.0,1,0.45,0.0
27080000,0.0,0.9202318473658713,0.0,1,0.45,0.0
27090000,0.0,0.9309283931169366,0.0,1,0.45,0.0
27100000,0.0,0.9408807689542263,0.0,1,0.45,0.0
27110000,0.0,0.950081019100768,0.0,1,0.45,0.0
27120000,0.0,0.9585217890173766,0.0,1,0.45,0.0
27130000,0.0,0.9661963312817117,0.0,1,0.45,0.0
27140000,0.0,0.9730985109821272,0.0,1,0.45,0.0
27150000,0.0,0.9792228106217663,0.0,1,0.45,0.0
27160000,0.0,0.9845643345292059,0.0,1,0.45,0.0
27170000,0.0,0.9891188127719622,0.0,1,0.45,0.0
27180000,0.0,0.992882604569814,0.0,1,0.45,0.0
27190000,0.0,0.9958527012051859,0.0,1,0.45,0.0
27200000,0.0,0.9980267284282709,0.0,1,0.45,0.0
27210000,0.0,0.999402948354973,0.0,1,0.45,0.0
27220000,0.0,0.999980260856137,0.0,1,0.45,0.0
27230000,0.0,0.9997582044369839,0.0,1,0.45,0.0
27240000,0.0,0.9987369566060174,0.0,1,0.45,0.0
27250000,0.0,0.9969173337331277,0.0,1,0.45,0.0
27260000,0.0,0.9943007903969986,0.0,1,0.45,0.0
27270000,0.0,0.9908894182223383,0.0,1,0.45,0.0
27280000,0.0,0.9866859442078676,0.0,1,0.45,0.0
27290000,0.0,0.981693728546401,0.0,1,0.45,0.0
27300000,0.0,0.9759167619387468,0.0,1,0.45,0.0
27310000,0.0,0.9693596624036286,0.0,1,0.45,0.0
27320000,0.0,0.9620276715860852,0.0,1,0.45,0.0
27330000,0.0,0.9539266505673927,0.0,1,0.45,0.0
27340000,0.0,0.9450630751798039,0.0,1,0.45,0.0
27350000,0.0,0.9354440308298663,0.0,1,0.45,0.0
27360000,0.0,0.9250772068344624,0.0,1,0.45,0.0
27370000,0.0,0.91397089027406,0.0,1,0.45,0.0
27380000,0.0,0.9021339593682077,0.0,1,0.45,0.0
27390000,0.0,0.8895758763783366,0.0,1,0.45,0.0
27400000,0.0,0.8763066800438621,0.0,1,0.45,0.0
27410000,0.0,0.8623369775573024,0.0,1,0.45,0.0
27420000,0.0,0.8476779360850816,0.0,1,0.45,0.0
27430000,0.0,0.8323412738406617,0.0,1,0.45,0.0
27440000,0.0,0.8163392507171822,0.0,1,0.45,0.0
27450000,0.0,0.7996846584870972,0.0,1,0.45,0.0
27460000,0.0,0.7823908105765862,0.0,1,0.45,0.0
27470000,0.0,0.7644715314230988,0.0,1,0.45,0.0
27480000,0.0,0.74594114542418,0.0,1,0.45,0.0
27490000,0.0,0.7268144654869007,0.0,1,0.45,0.0
27500000,0.0,0.7071067811865452,0.0,1,0.45,0.0
27510000,0.0,0.6868338465444059,0.0,1,0.45,0.0
27520000,0.0,0.6660118674342598,0.0,1,0.45,0.0
27530000,0.0,0.6446574886275889,0.0,1,0.45,0.0
27540000,0.0,0.6227877804881211,0.0,1,0.45,0.0
27550000,0.0,0.6004202253258815,0.0,1,0.45,0.0
27560000,0.0,0.5775727034222649,0.0,1,0.45,0.0
27570000,0.0,0.5542634787366914,0.0,1,0.45,0.0
27580000,0.0,0.5305111843067313,0.0,1,0.45,0.0
27590000,0.0,0.5063348073531296,0.0,1,0.45,0.0
27600000,0.0,0.4817536741017123,0.0,1,0.45,0.0
27610000,0.0,0.45678743433430913,0.0,1,0.45,0.0
27620000,0.0,0.4314560456809559,0.0,1,0.45,0.0
27630000,0.0,0.4057797576662099,0.0,1,0.45,0.0
27640000,0.0,0.37977909552179795,0.0,1,0.45,0.0
27650000,0.0,0.3534748437792539,0.0,1,0.45,0.0
27660000,0.0,0.32688802965493924,0.0,1,0.45,0.0
27670000,0.0,0.3000399062412729,0.0,1,0.45,0.0
27680000,0.0,0.27295193551733554,0.0,1,0.45,0.0
27690000,0.0,0.24564577119242295,0.0,1,0.45,0.0
27700000,0.0,0.21814324139655297,0.0,1,0.45,0.0
27710000,0.0,0.19046633123118642,0.0,1,0.45,0.0
27720000,0.0,0.16263716519489413,0.0,1,0.45,0.0
27730000,0.0,0.13467798949714907,0.0,1,0.45,0.0
27740000,0.0,0.10661115427525635,0.0,1,0.45,0.0
27750000,0.0,0.07845909572784135,0.0,1,0.45,0.0
27760000,0.0,0.05024431817976594,0.0,1,0.45,0.0
27770000,0.0,0.02198937609251568,0.0,1,0.45,0.0
27780000,0.0,-0.0062831439655626035,0.0,1,0.45,0.0
27790000,0.0,-0.03455064137446173,0.0,1,0.45,0.0
27800000,0.0,-0.06279051952931705,0.0,1,0.45,0.0
27810000,0.0,-0.0909802039035736,0.0,1,0.45,0.0
27820000,0.0,-0.11909716009487344,0.0,1,0.45,0.0
27830000,0.0,-0.14711891183864106,0.0,1,0.45,0.0
27840000,0.0,-0.17502305897526574,0.0,1,0.45,0.0
27850000,0.0,-0.20278729535651618,0.0,1,0.45,0.0
27860000,0.0,-0.23038942667658044,0.0,1,0.45,0.0
27870000,0.0,-0.2578073882140635,0.0,1,0.45,0.0
27880000,0.0,-0.2850192624699662,0.0,1,0.45,0.0
27890000,0.0,-0.3120032966884185,0.0,1,0.45,0.0
27900000,0.0,-0.33873792024529503,0.0,1,0.45,0.0
27910000,0.0,-0.3652017618915914,0.0,1,0.45,0.0
27920000,0.0,-0.391373666837206,0.0,1,0.45,0.0
27930000,0.0,-0.4172327136617559,0.0,1,0.45,0.0
27940000,0.0,-0.44275823103890505,0.0,1,0.45,0.0
27950000,0.0,-0.4679298142605643,0.0,1,0.45,0.0
27960000,0.0,-0.492727341548295,0.0,1,0.45,0.0
27970000,0.0,-0.5171309901381484,0.0,1,0.45,0.0
27980000,0.0,-0.5411212521268792,0.0,1,0.45,0.0
27990000,0.0,-0.5646789500660804,0.0,1,0.45,0.0
28000000,0.0,-0.5877852522924649,0.0,1,0.45,0.0
28010000,0.0,-0.6104216879816057,0.0,1,0.45,0.0
28020000,0.0,-0.6325701619131165,0.0,1,0.45,0.0
28030000,0.0,-0.6542129689358641,0.0,1,0.45,0.0
28040000,0.0,-0.6753328081210169,0.0,1,0.45,0.0
28050000,0.0,-0.6959127965923173,0.0,1,0.45,0.0
28060000,0.0,-0.715936483021834,0.0,1,0.45,0.0
28070000,0.0,-0.7353878607810187,0.0,1,0.45,0.0
28080000,0.0,-0.7542513807361065,0.0,1,0.45,0.0
28090000,0.0,-0.772511963677858,0.0,1,0.45,0.0
28100000,0.0,-0.790155012375693,0.0,1,0.45,0.0
28110000,0.0,-0.8071664232463943,0.0,1,0.45,0.0
28120000,0.0,-0.8235325976284298,0.0,1,0.45,0.0
28130000,0.0,-0.8392404526523762,0.0,1,0.45,0.0
28140000,0.0,-0.8542774316992974,0.0,1,0.45,0.0
28150000,0.0,-0.8686315144381933,0.0,1,0.45,0.0
28160000,0.0,-0.8822912264349553,0.0,1,0.45,0.0
28170000,0.0,-0.8952456483248136,0.0,1,0.45,0.0
28180000,0.0,-0.9074844245411128,0.0,1,0.45,0.0
28190000,0.0,-0.9189977715934231,0.0,1,0.45,0.0
28200000,0.0,-0.9297764858882478,0.0,1,0.45,0.0
28210000,0.0,-0.9398119510863212,0.0,1,0.45,0.0
28220000,0.0,-0.9490961449902915,0.0,1,0.45,0.0
28230000,0.0,-0.9576216459576236,0.0,1,0.45,0.0
28240000,0.0,-0.965381638833275,0.0,1,0.45,0.0
28250000,0.0,-0.9723699203976743,0.0,1,0.45,0.0
28260000,0.0,-0.9785809043254731,0.0,1,0.45,0.0
28270000,0.0,-0.984009625651138,0.0,1,0.45,0.0
28280000,0.0,-0.9886517447379147,0.0,1,0.45,0.0
28290000,0.0,-0.9925035507468225,0.0,1,0.45,0.0
28300000,0.0,-0.9955619646030804,0.0,1,0.45,0.0
28310000,0.0,-0.9978245414574417,0.0,1,0.45,0.0
28320000,0.0,-0.9992894726405894,0.0,1,0.45,0.0
28330000,0.0,-0.9999555871089498,0.0,1,0.45,0.0
28340000,0.0,-0.9998223523808092,0.0,1,0.45,0.0
28350000,0.0,-0.9988898749619698,0.0,1,0.45,0.0
28360000,0.0,-0.9971589002606146,0.0,1,0.45,0.0
28370000,0.0,-0.9946308119914319,0.0,1,0.45,0.0
28380000,0.0,-0.9913076310695078,0.0,1,0.45,0.0
28390000,0.0,-0.9871920139948185,0.0,1,0.45,0.0
28400000,0.0,-0.9822872507286878,0.0,1,0.45,0.0
28410000,0.0,-0.9765972620638266,0.0,1,0.45,0.0
28420000,0.0,-0.9701265964901047,0.0,1,0.45,0.0
28430000,0.0,-0.9628804265585902,0.0,1,0.45,0.0
28440000,0.0,-0.9548645447466415,0.0,1,0.45,0.0
28450000,0.0,-0.9460853588275484,0.0,1,0.45,0.0
28460000,0.0,-0.9365498867481906,0.0,1,0.45,0.0
28470000,0.0,-0.9262657510190702,0.0,1,0.45,0.0
28480000,0.0,-0.9152411726209156,0.0,1,0.45,0.0
28490000,0.0,-0.9034849644330327,0.0,1,0.45,0.0
28500000,0.0,-0.8910065241883721,0.0,1,0.45,0.0
28510000,0.0,-0.8778158269611194,0.0,1,0.45,0.0
28520000,0.0,-0.86392341719284,0.0,1,0.45,0.0
28530000,0.0,-0.8493404002633139,0.0,1,0.45,0.0
28540000,0.0,-0.8340784336131764,0.0,1,0.45,0.0
28550000,0.0,-0.8181497174250206,0.0,1,0.45,0.0
28560000,0.0,-0.8015669848708736,0.0,1,0.45,0.0
28570000,0.0,-0.7843434919334158,0.0,1,0.45,0.0
28580000,0.0,-0.7664930068093466,0.0,1,0.45,0.0
28590000,0.0,-0.7480297989033886,0.0,1,0.45,0.0
28600000,0.0,-0.7289686274214081,0.0,1,0.45,0.0
28610000,0.0,-0.7093247295722803,0.0,1,0.45,0.0
28620000,0.0,-0.6891138083873448,0.0,1,0.45,0.0
28630000,0.0,-0.6683520201677998,0.0,1,0.45,0.0
28640000,0.0,-0.6470559615694405,0.0,1,0.45,0.0
28650000,0.0,-0.6252426563357012,0.0,1,0.45,0.0
28660000,0.0,-0.602929541689032,0.0,1,0.45,0.0
28670000,0.0,-0.5801344543918452,0.0,1,0.45,0.0
28680000,0.0,-0.5568756164881955,0.0,1,0.45,0.0
28690000,0.0,-0.5331716207371843,0.0,1,0.45,0.0
28700000,0.0,-0.5090414157503791,0.0,1,0.45,0.0
28710000,0.0,-0.4845042908443934,0.0,1,0.45,0.0
28720000,0.0,-0.45957986062149586,0.0,1,0.45,0.0
28730000,0.0,-0.4342880492898127,0.0,1,0.45,0.0
28740000,0.0,-0.40864907473634426,0.0,1,0.45,0.0
28750000,0.0,-0.38268343236509805,0.0,1,0.45,0.0
28760000,0.0,-0.35641187871324576,0.0,1,0.45,0.0
28770000,0.0,-0.3298554148588613,0.0,1,0.45,0.0
28780000,0.0,-0.3030352696327689,0.0,1,0.45,0.0
28790000,0.0,-0.27597288264875425,0.0,1,0.45,0.0
28800000,0.0,-0.2486898871648496,0.0,1,0.45,0.0
28810000,0.0,-0.2212080927902419,0.0,1,0.45,0.0
28820000,0.0,-0.19354946805086892,0.0,1,0.45,0.0
28830000,0.0,-0.16573612282811437,0.0,1,0.45,0.0
28840000,0.0,-0.13779029068464677,0.0,1,0.45,0.0
28850000,0.0,-0.10973431109103987,0.0,1,0.45,0.0
28860000,0.0,-0.08159061156816629,0.0,1,0.45,0.0
28870000,0.0,-0.05338168975875501,0.0,1,0.45,0.0
28880000,0.0,-0.0251300954433462,0.0,1,0.45,0.0
28890000,0.0,0.0031415874858850656,0.0,1,0.45,0.0
28900000,0.0,0.03141075907813381,0.0,1,0.45,0.0
28910000,0.0,0.05965482139016204,0.0,1,0.45,0.0
28920000,0.0,0.0878511965507487,0.0,1,0.45,0.0
28930000,0.0,0.11597734480895279,0.0,1,0.45,0.0
28940000,0.0,0.1440107825522577,0.0,1,0.45,0.0
28950000,0.0,0.17192910027940106,0.0,1,0.45,0.0
28960000,0.0,0.19970998051441252,0.0,1,0.45,0.0
28970000,0.0,0.22733121564663808,0.0,1,0.45,0.0
28980000,0.0,0.2547707256833739,0.0,1,0.45,0.0
28990000,0.0,0.2820065759001349,0.0,1,0.45,0.0
29000000,0.0,0.3090169943749393,0.0,1,0.45,0.0
29010000,0.0,0.33578038939258603,0.0,1,0.45,0.0
29020000,0.0,0.36227536670453775,0.0,1,0.45,0.0
29030000,0.0,0.3884807466313714,0.0,1,0.45,0.0
29040000,0.0,0.4143755809932764,0.0,1,0.45,0.0
29050000,0.0,0.4399391698559203,0.0,1,0.45,0.0
29060000,0.0,0.4651510780774635,0.0,1,0.45,0.0
29070000,0.0,0.48999115164422924,0.0,1,0.45,0.0
29080000,0.0,0.5144395337815114,0.0,1,0.45,0.0
29090000,0.0,0.5384766808266531,0.0,1,0.45,0.0
29100000,0.0,0.5620833778521355,0.0,1,0.45,0.0
29110000,0.0,0.5852407540255034,0.0,1,0.45,0.0
29120000,0.0,0.60793029769461,0.0,1,0.45,0.0
29130000,0.0,0.6301338711853627,0.0,1,0.45,0.0
29140000,0.0,0.6518337253008725,0.0,1,0.45,0.0
29150000,0.0,0.6730125135097778,0.0,1,0.45,0.0
29160000,0.0,0.693653305812799,0.0,1,0.45,0.0
29170000,0.0,0.7137396022764255,0.0,1,0.45,0.0
29180000,0.0,0.7332553462225544,0.0,1,0.45,0.0
29190000,0.0,0.7521849370641154,0.0,1,0.45,0.0
29200000,0.0,0.770513242775784,0.0,1,0.45,0.0
29210000,0.0,0.7882256119904437,0.0,1,0.45,0.0
29220000,0.0,0.8053078857111171,0.0,1,0.45,0.0
29230000,0.0,0.8217464086295856,0.0,1,0.45,0.0
29240000,0.0,0.837528040042145,0.0,1,0.45,0.0
29250000,0.0,0.852640164354088,0.0,1,0.45,0.0
29260000,0.0,0.8670707011644931,0.0,1,0.45,0.0
29270000,0.0,0.8808081149229998,0.0,1,0.45,0.0
29280000,0.0,0.8938414241512666,0.0,1,0.45,0.0
29290000,0.0,0.9061602102212865,0.0,1,0.45,0.0
29300000,0.0,0.9177546256839779,0.0,1,0.45,0.0
29310000,0.0,0.9286154021410197,0.0,1,0.45,0.0
29320000,0.0,0.9387338576538713,0.0,1,0.45,0.0
29330000,0.0,0.948101903684034,0.0,1,0.45,0.0
29340000,0.0,0.9567120515588282,0.0,1,0.45,0.0
29350000,0.0,0.9645574184577997,0.0,1,0.45,0.0
29360000,0.0,0.9716317329146721,0.0,1,0.45,0.0
29370000,0.0,0.9779293398307232,0.0,1,0.45,0.0
29380000,0.0,0.9834452049953283,0.0,1,0.45,0.0
29390000,0.0,0.9881749191102793,0.0,1,0.45,0.0
29400000,0.0,0.9921147013144787,0.0,1,0.45,0.0
29410000,0.0,0.9952614022063075,0.0,1,0.45,0.0
29420000,0.0,0.9976125063612257,0.0,1,0.45,0.0
29430000,0.0,0.9991661343425398,0.0,1,0.45,0.0
29440000,0.0,0.9999210442038162,0.0,1,0.45,0.0
29450000,0.0,0.9998766324816607,0.0,1,0.45,0.0
29460000,0.0,0.999032934678125,0.0,1,0.45,0.0
29470000,0.0,0.9973906252323242,0.0,1,0.45,0.0
29480000,0.0,0.994951016981301,0.0,1,0.45,0.0
29490000,0.0,0.991716060110562,0.0,1,0.45,0.0
29500000,0.0,0.9876883405951389,0.0,1,0.45,0.0
29510000,0.0,0.9828710781323781,0.0,1,0.45,0.0
29520000,0.0,0.977268123568195,0.0,1,0.45,0.0
29530000,0.0,0.9708839558187294,0.0,1,0.45,0.0
29540000,0.0,0.9637236782900117,0.0,1,0.45,0.0
29550000,0.0,0.9557930147983323,0.0,1,0.45,0.0
29560000,0.0,0.9470983049947421,0.0,1,0.45,0.0
29570000,0.0,0.9376464992972383,0.0,1,0.45,0.0
29580000,0.0,0.9274451533346588,0.0,1,0.45,0.0
29590000,0.0,0.916502421906901,0.0,1,0.45,0.0
29600000,0.0,0.9048270524660167,0.0,1,0.45,0.0
29610000,0.0,0.8924283781237213,0.0,1,0.45,0.0
29620000,0.0,0.8793163101905598,0.0,1,0.45,0.0
29630000,0.0,0.8655013302530227,0.0,1,0.45,0.0
29640000,0.0,0.8509944817946957,0.0,1,0.45,0.0
29650000,0.0,0.8358073613682665,0.0,1,0.45,0.0
29660000,0.0,0.8199521093254566,0.0,1,0.45,0.0
29670000,0.0,0.8034414001121235,0.0,1,0.45,0.0
29680000,0.0,0.7862884321366235,0.0,1,0.45,0.0
29690000,0.0,0.7685069172190723,0.0,1,0.45,0.0
29700000,0.0,0.7501110696304644,0.0,1,0.45,0.0
29710000,0.0,0.7311155947298691,0.0,1,0.45,0.0
29720000,0.0,0.7115356772092905,0.0,1,0.45,0.0
29730000,0.0,0.6913869689552117,0.0,1,0.45,0.0
29740000,0.0,0.6706855765367149,0.0,1,0.45,0.0
29750000,0.0,0.6494480483301892,0.0,1,0.45,0.0
29760000,0.0,0.627691361290695,0.0,1,0.45,0.0
29770000,0.0,0.6054329073810072,0.0,1,0.45,0.0
29780000,0.0,0.5826904796685703,0.0,1,0.45,0.0
29790000,0.0,0.559482258102173,0.0,1,0.45,0.0
29800000,0.0,0.5358267949790027,0.0,1,0.45,0.0
29810000,0.0,0.5117430001143389,0.0,1,0.45,0.0
29820000,0.0,0.48725012572533855,0.0,1,0.45,0.0
29830000,0.0,0.46236775104098554,0.0,1,0.45,0.0
29840000,0.0,0.4371157666509393,0.0,1,0.45,0.0
29850000,0.0,0.4115143586051023,0.0,1,0.45,0.0
29860000,0.0,0.3855839922774031,0.0,1,0.45,0.0
29870000,0.0,0.35934539600589727,0.0,1,0.45,0.0
29880000,0.0,0.3328195445229933,0.0,1,0.45,0.0
29890000,0.0,0.3060276421885074,0.0,1,0.45,0.0
29900000,0.0,0.27899110603922234,0.0,1,0.45,0.0
29910000,0.0,0.2517315486685039,0.0,1,0.45,0.0
29920000,0.0,0.22427076094937415,0.0,1,0.45,0.0
29930000,0.0,0.1966306946154269,0.0,1,0.45,0.0
29940000,0.0,0.16883344471272674,0.0,1,0.45,0.0
29950000,0.0,0.14090123193758952,0.0,1,0.45,0.0
29960000,0.0,0.11285638487348856,0.0,1,0.45,0.0
29970000,0.0,0.08472132214208034,0.0,1,0.45,0.0
29980000,0.0,0.05651853448203141,0.0,1,0.45,0.0
29990000,0.0,0.02827056677026592,0.0,1,0.45,0.0
30000000,0.0,6.859260036498355e-15,0.0,1,0.45,0.0
30010000,0.0,-0.028270566770280618,0.0,1,0.45,0.0
30020000,0.0,-0.05651853448201771,0.0,1,0.45,0.0
30030000,0.0,-0.08472132214206667,0.0,1,0.45,0.0
30040000,0.0,-0.11285638487347494,0.0,1,0.45,0.0
30050000,0.0,-0.14090123193757595,0.0,1,0.45,0.0
30060000,0.0,-0.16883344471274123,0.0,1,0.45,0.0
30070000,0.0,-0.19663069461541344,0.0,1,0.45,0.0
30080000,0.0,-0.22427076094938847,0.0,1,0.45,0.0
30090000,0.0,-0.2517315486684906,0.0,1,0.45,0.0
30100000,0.0,-0.2789911060392365,0.0,1,0.45,0.0
30110000,0.0,-0.3060276421884944,0.0,1,0.45,0.0
30120000,0.0,-0.33281954452298035,0.0,1,0.45,0.0
30130000,0.0,-0.3593453960058845,0.0,1,0.45,0.0
30140000,0.0,-0.38558399227739043,0.0,1,0.45,0.0
30150000,0.0,-0.4115143586051157,0.0,1,0.45,0.0
30160000,0.0,-0.437115766650927,0.0,1,0.45,0.0
30170000,0.0,-0.46236775104099853,0.0,1,0.45,0.0
30180000,0.0,-0.4872501257253266,0.0,1,0.45,0.0
30190000,0.0,-0.5117430001143393,0.0,1,0.45,0.0
30200000,0.0,-0.5358267949789911,0.0,1,0.45,0.0
30210000,0.0,-0.5594822581021616,0.0,1,0.45,0.0
30220000,0.0,-0.5826904796685708,0.0,1,0.45,0.0
30230000,0.0,-0.6054329073809962,0.0,1,0.45,0.0
30240000,0.0,-0.6276913612907065,0.0,1,0.45,0.0
30250000,0.0,-0.6494480483301788,0.0,1,0.45,0.0
30260000,0.0,-0.6706855765367258,0.0,1,0.45,0.0
30270000,0.0,-0.6913869689552018,0.0,1,0.45,0.0
30280000,0.0,-0.7115356772092809,0.0,1,0.45,0.0
30290000,0.0,-0.7311155947298598,0.0,1,0.45,0.0
30300000,0.0,-0.7501110696304554,0.0,1,0.45,0.0
30310000,0.0,-0.7685069172190816,0.0,1,0.45,0.0
30320000,0.0,-0.786288432136615,0.0,1,0.45,0.0
30330000,0.0,-0.8034414001121323,0.0,1,0.45,0.0
30340000,0.0,-0.8199521093254487,0.0,1,0.45,0.0
30350000,0.0,-0.8358073613682668,0.0,1,0.45,0.0
30360000,0.0,-0.8509944817946886,0.0,1,0.45,0.0
30370000,0.0,-0.8655013302530159,0.0,1,0.45,0.0
30380000,0.0,-0.8793163101905533,0.0,1,0.45,0.0
30390000,0.0,-0.8924283781237151,0.0,1,0.45,0.0
30400000,0.0,-0.9048270524660229,0.0,1,0.45,0.0
30410000,0.0,-0.9165024219068955,0.0,1,0.45,0.0
30420000,0.0,-0.9274451533346644,0.0,1,0.45,0.0
30430000,0.0,-0.9376464992972335,0.0,1,0.45,0.0
30440000,0.0,-0.9470983049947423,0.0,1,0.45,0.0
30450000,0.0,-0.9557930147983283,0.0,1,0.45,0.0
30460000,0.0,-0.963723678290008,0.0,1,0.45,0.0
30470000,0.0,-0.9708839558187295,0.0,1,0.45,0.0
30480000,0.0,-0.9772681235681921,0.0,1,0.45,0.0
30490000,0.0,-0.9828710781323807,0.0,1,0.45,0.0
30500000,0.0,-0.9876883405951368,0.0,1,0.45,0.0
30510000,0.0,-0.9917160601105621,0.0,1,0.45,0.0
30520000,0.0,-0.9949510169812995,0.0,1,0.45,0.0
30530000,0.0,-0.9973906252323232,0.0,1,0.45,0.0
30540000,0.0,-0.9990329346781245,0.0,1,0.45,0.0
30550000,0.0,-0.9998766324816605,0.0,1,0.45,0.0
30560000,0.0,-0.999921044203816,0.0,1,0.45,0.0
30570000,0.0,-0.9991661343425403,0.0,1,0.45,0.0
30580000,0.0,-0.9976125063612247,0.0,1,0.45,0.0
30590000,0.0,-0.9952614022063089,0.0,1,0.45,0.0
30600000,0.0,-0.9921147013144785,0.0,1,0.45,0.0
30610000,0.0,-0.9881749191102814,0.0,1,0.45,0.0
30620000,0.0,-0.9834452049953307,0.0,1,0.45,0.0
30630000,0.0,-0.977929339830723,0.0,1,0.45,0.0
30640000,0.0,-0.9716317329146753,0.0,1,0.45,0.0
30650000,0.0,-0.9645574184577959,0.0,1,0.45,0.0
30660000,0.0,-0.9567120515588322,0.0,1,0.45,0.0
30670000,0.0,-0.9481019036840294,0.0,1,0.45,0.0
30680000,0.0,-0.9387338576538761,0.0,1,0.45,0.0
30690000,0.0,-0.9286154021410195,0.0,1,0.45,0.0
30700000,0.0,-0.9177546256839834,0.0,1,0.45,0.0
30710000,0.0,-0.9061602102212922,0.0,1,0.45,0.0
30720000,0.0,-0.8938414241512663,0.0,1,0.45,0.0
30730000,0.0,-0.8808081149230063,0.0,1,0.45,0.0
30740000,0.0,-0.8670707011644858,0.0,1,0.45,0.0
30750000,0.0,-0.8526401643540952,0.0,1,0.45,0.0
30760000,0.0,-0.8375280400421448,0.0,1,0.45,0.0
30770000,0.0,-0.8217464086295935,0.0,1,0.45,0.0
30780000,0.0,-0.8053078857111252,0.0,1,0.45,0.0
30790000,0.0,-0.7882256119904434,0.0,1,0.45,0.0
30800000,0.0,-0.7705132427757928,0.0,1,0.45,0.0
30810000,0.0,-0.7521849370641057,0.0,1,0.45,0.0
30820000,0.0,-0.7332553462225637,0.0,1,0.45,0.0
30830000,0.0,-0.7137396022764152,0.0,1,0.45,0.0
30840000,0.0,-0.6936533058128089,0.0,1,0.45,0.0
30850000,0.0,-0.6730125135097773,0.0,1,0.45,0.0
30860000,0.0,-0.6518337253008829,0.0,1,0.45,0.0
30870000,0.0,-0.6301338711853733,0.0,1,0.45,0.0
30880000,0.0,-0.6079302976946097,0.0,1,0.45,0.0
30890000,0.0,-0.5852407540255145,0.0,1,0.45,0.0
30900000,0.0,-0.5620833778521233,0.0,1,0.45,0.0
30910000,0.0,-0.5384766808266647,0.0,1,0.45,0.0
30920000,0.0,-0.514439533781511,0.0,1,0.45,0.0
30930000,0.0,-0.48999115164424123,0.0,1,0.45,0.0
30940000,0.0,-0.46515107807746303,0.0,1,0.45,0.0
30950000,0.0,-0.43993916985591985,0.0,1,0.45,0.0
30960000,0.0,-0.4143755809932889,0.0,1,0.45,0.0
30970000,0.0,-0.38848074663135784,0.0,1,0.45,0.0
30980000,0.0,-0.36227536670455057,0.0,1,0.45,0.0
30990000,0.0,-0.33578038939257215,0.0,1,0.45,0.0
31000000,0.0,-0.30901699437495234,0.0,1,0.45,0.0
31010000,0.0,-0.2820065759001344,0.0,1,0.45,0.0
31020000,0.0,-0.25477072568338716,0.0,1,0.45,0.0
31030000,0.0,-0.22733121564665146,0.0,1,0.45,0.0
31040000,0.0,-0.19970998051441205,0.0,1,0.45,0.0
31050000,0.0,-0.17192910027941458,0.0,1,0.45,0.0
31060000,0.0,-0.14401078255224314,0.0,1,0.45,0.0
31070000,0.0,-0.11597734480896642,0.0,1,0.45,0.0
31080000,0.0,-0.08785119655074822,0.0,1,0.45,0.0
31090000,0.0,-0.059654821390175736,0.0,1,0.45,0.0
31100000,0.0,-0.031410759078133316,0.0,1,0.45,0.0
31110000,0.0,-0.003141587485884573,0.0,1,0.45,0.0
31120000,0.0,0.025130095443332487,0.0,1,0.45,0.0
31130000,0.0,0.0533816897587555,0.0,1,0.45,0.0
31140000,0.0,0.08159061156815262,0.0,1,0.45,0.0
31150000,0.0,0.10973431109105448,0.0,1,0.45,0.0
31160000,0.0,0.1377902906846332,0.0,1,0.45,0.0
31170000,0.0,0.16573612282811487,0.0,1,0.45,0.0
31180000,0.0,0.19354946805085546,0.0,1,0.45,0.0
31190000,0.0,0.22120809279024237,0.0,1,0.45,0.0
31200000,0.0,0.24868988716485008,0.0,1,0.45,0.0
31210000,0.0,0.2759728826487411,0.0,1,0.45,0.0
31220000,0.0,0.30303526963278293,0.0,1,0.45,0.0
31230000,0.0,0.32985541485884834,0.0,1,0.45,0.0
31240000,0.0,0.3564118787132462,0.0,1,0.45,0.0
31250000,0.0,0.38268343236508534,0.0,1,0.45,0.0
31260000,0.0,0.4086490747363447,0.0,1,0.45,0.0
31270000,0.0,0.4342880492898003,0.0,1,0.45,0.0
31280000,0.0,0.45957986062148365,0.0,1,0.45,0.0
31290000,0.0,0.48450429084439384,0.0,1,0.45,0.0
31300000,0.0,0.5090414157503672,0.0,1,0.45,0.0
31310000,0.0,0.5331716207371967,0.0,1,0.45,0.0
31320000,0.0,0.5568756164881842,0.0,1,0.45,0.0
31330000,0.0,0.5801344543918456,0.0,1,0.45,0.0
31340000,0.0,0.602929541689021,0.0,1,0.45,0.0
31350000,0.0,0.6252426563357015,0.0,1,0.45,0.0
31360000,0.0,0.6470559615694408,0.0,1,0.45,0.0
31370000,0.0,0.6683520201677896,0.0,1,0.45,0.0
31380000,0.0,0.6891138083873452,0.0,1,0.45,0.0
31390000,0.0,0.7093247295722707,0.0,1,0.45,0.0
31400000,0.0,0.7289686274214084,0.0,1,0.45,0.0
31410000,0.0,0.7480297989033795,0.0,1,0.45,0.0
31420000,0.0,0.766493006809347,0.0,1,0.45,0.0
31430000,0.0,0.7843434919334072,0.0,1,0.45,0.0
31440000,0.0,0.8015669848708739,0.0,1,0.45,0.0
31450000,0.0,0.8181497174250209,0.0,1,0.45,0.0
31460000,0.0,0.8340784336131687,0.0,1,0.45,0.0
31470000,0.0,0.8493404002633217,0.0,1,0.45,0.0
31480000,0.0,0.863923417192833,0.0,1,0.45,0.0
31490000,0.0,0.8778158269611196,0.0,1,0.45,0.0
31500000,0.0,0.8910065241883659,0.0,1,0.45,0.0
31510000,0.0,0.9034849644330329,0.0,1,0.45,0.0
31520000,0.0,0.9152411726209159,0.0,1,0.45,0.0
31530000,0.0,0.926265751019065,0.0,1,0.45,0.0
31540000,0.0,0.9365498867481908,0.0,1,0.45,0.0
31550000,0.0,0.946085358827544,0.0,1,0.45,0.0
31560000,0.0,0.954864544746646,0.0,1,0.45,0.0
31570000,0.0,0.9628804265585864,0.0,1,0.45,0.0
31580000,0.0,0.9701265964901048,0.0,1,0.45,0.0
31590000,0.0,0.9765972620638237,0.0,1,0.45,0.0
31600000,0.0,0.9822872507286879,0.0,1,0.45,0.0
31610000,0.0,0.9871920139948185,0.0,1,0.45,0.0
31620000,0.0,0.991307631069506,0.0,1,0.45,0.0
31630000,0.0,0.9946308119914319,0.0,1,0.45,0.0
31640000,0.0,0.9971589002606136,0.0,1,0.45,0.0
31650000,0.0,0.9988898749619698,0.0,1,0.45,0.0
31660000,0.0,0.999822352380809,0.0,1,0.45,0.0
31670000,0.0,0.9999555871089498,0.0,1,0.45,0.0
31680000,0.0,0.9992894726405894,0.0,1,0.45,0.0
31690000,0.0,0.9978245414574417,0.0,1,0.45,0.0
31700000,0.0,0.9955619646030804,0.0,1,0.45,0.0
31710000,0.0,0.9925035507468243,0.0,1,0.45,0.0
31720000,0.0,0.9886517447379125,0.0,1,0.45,0.0
31730000,0.0,0.9840096256511405,0.0,1,0.45,0.0
31740000,0.0,0.978580904325473,0.0,1,0.45,0.0
31750000,0.0,0.9723699203976776,0.0,1,0.45,0.0
31760000,0.0,0.9653816388332749,0.0,1,0.45,0.0
31770000,0.0,0.9576216459576233,0.0,1,0.45,0.0
31780000,0.0,0.9490961449902958,0.0,1,0.45,0.0
31790000,0.0,0.939811951086321,0.0,1,0.45,0.0
31800000,0.0,0.9297764858882528,0.0,1,0.45,0.0
31810000,0.0,0.9189977715934229,0.0,1,0.45,0.0
31820000,0.0,0.9074844245411186,0.0,1,0.45,0.0
31830000,0.0,0.8952456483248133,0.0,1,0.45,0.0
31840000,0.0,0.8822912264349551,0.0,1,0.45,0.0
31850000,0.0,0.8686315144381931,0.0,1,0.45,0.0
31860000,0.0,0.8542774316992972,0.0,1,0.45,0.0
31870000,0.0,0.8392404526523838,0.0,1,0.45,0.0
31880000,0.0,0.8235325976284296,0.0,1,0.45,0.0
31890000,0.0,0.8071664232464024,0.0,1,0.45,0.0
31900000,0.0,0.7901550123756926,0.0,1,0.45,0.0
31910000,0.0,0.7725119636778668,0.0,1,0.45,0.0
31920000,0.0,0.7542513807361062,0.0,1,0.45,0.0
31930000,0.0,0.7353878607810184,0.0,1,0.45,0.0
31940000,0.0,0.7159364830218337,0.0,1,0.45,0.0
31950000,0.0,0.6959127965923169,0.0,1,0.45,0.0
31960000,0.0,0.6753328081210271,0.0,1,0.45,0.0
31970000,0.0,0.6542129689358638,0.0,1,0.45,0.0
31980000,0.0,0.6325701619131272,0.0,1,0.45,0.0
31990000,0.0,0.6104216879816053,0.0,1,0.45,0.0
32000000,0.0,0.587785252292476,0.0,1,0.45,0.0
32009999,0.0,0.5646789500660799,0.0,1,0.45,0.0
32020000,0.0,0.5411212521268668,0.0,1,0.45,0.0
32030000,0.0,0.5171309901381602,0.0,1,0.45,0.0
32040000,0.0,0.49272734154829456,0.0,1,0.45,0.0
32049999,0.0,0.467929814260589,0.0,1,0.45,0.0
32060000,0.0,0.4427582310389046,0.0,1,0.45,0.0
32070000,0.0,0.4172327136617684,0.0,1,0.45,0.0
32080000,0.0,0.39137366683720554,0.0,1,0.45,0.0
32090000,0.0,0.3652017618915777,0.0,1,0.45,0.0
32100000,0.0,0.33873792024529453,0.0,1,0.45,0.0
32110000,0.0,0.31200329668841803,0.0,1,0.45,0.0
32119999,0.0,0.28501926246999293,0.0,1,0.45,0.0
32130000,0.0,0.25780738821406307,0.0,1,0.45,0.0
32140000,0.0,0.2303894266765938,0.0,1,0.45,0.0
32150000,0.0,0.20278729535651568,0.0,1,0.45,0.0
32160000,0.0,0.17502305897526527,0.0,1,0.45,0.0
32170000,0.0,0.1471189118386406,0.0,1,0.45,0.0
32180000,0.0,0.11909716009487294,0.0,1,0.45,0.0
32189999,0.0,0.09098020390357311,0.0,1,0.45,0.0
32200000,0.0,0.06279051952930238,0.0,1,0.45,0.0
32210000,0.0,0.034550641374475444,0.0,1,0.45,0.0
32220000,0.0,0.006283143965562112,0.0,1,0.45,0.0
32230000,0.0,-0.021989376092516173,0.0,1,0.45,0.0
32240000,0.0,-0.050244318179766434,0.0,1,0.45,0.0
32250000,0.0,-0.07845909572784185,0.0,1,0.45,0.0
32259999,0.0,-0.10661115427525683,0.0,1,0.45,0.0
32270000,0.0,-0.13467798949716364,0.0,1,0.45,0.0
32280000,0.0,-0.16263716519488058,0.0,1,0.45,0.0
32290000,0.0,-0.1904663312311869,0.0,1,0.45,0.0
32299999,0.0,-0.21814324139652572,0.0,1,0.45,0.0
32310000,0.0,-0.24564577119242342,0.0,1,0.45,0.0
32320000,0.0,-0.27295193551732233,0.0,1,0.45,0.0
32330000,0.0,-0.3000399062412734,0.0,1,0.45,0.0
32340000,0.0,-0.3268880296549531,0.0,1,0.45,0.0
32350000,0.0,-0.35347484377925437,0.0,1,0.45,0.0
32360000,0.0,-0.3797790955217984,0.0,1,0.45,0.0
32369999,0.0,-0.40577975766618435,0.0,1,0.45,0.0
32380000,0.0,-0.43145604568095636,0.0,1,0.45,0.0
32390000,0.0,-0.4567874343342969,0.0,1,0.45,0.0
32400000,0.0,-0.48175367410171277,0.0,1,0.45,0.0
32410000,0.0,-0.5063348073531423,0.0,1,0.45,0.0
32420000,0.0,-0.5305111843067316,0.0,1,0.45,0.0
32430000,0.0,-0.5542634787366917,0.0,1,0.45,0.0
32439999,0.0,-0.5775727034222538,0.0,1,0.45,0.0
32450000,0.0,-0.6004202253258932,0.0,1,0.45,0.0
32460000,0.0,-0.6227877804881103,0.0,1,0.45,0.0
32470000,0.0,-0.6446574886275892,0.0,1,0.45,0.0
32480000,0.0,-0.6660118674342602,0.0,1,0.45,0.0
32490000,0.0,-0.6868338465444063,0.0,1,0.45,0.0
32500000,0.0,-0.7071067811865456,0.0,1,0.45,0.0
32509999,0.0,-0.726814465486901,0.0,1,0.45,0.0
32520000,0.0,-0.7459411454241899,0.0,1,0.45,0.0
32530000,0.0,-0.7644715314230899,0.0,1,0.45,0.0
32540000,0.0,-0.7823908105765864,0.0,1,0.45,0.0
32549999,0.0,-0.7996846584870805,0.0,1,0.45,0.0
32560000,0.0,-0.8163392507171825,0.0,1,0.45,0.0
32570000,0.0,-0.832341273840662,0.0,1,0.45,0.0
32580000,0.0,-0.8476779360850819,0.0,1,0.45,0.0
32590000,0.0,-0.8623369775573099,0.0,1,0.45,0.0
32600000,0.0,-0.8763066800438624,0.0,1,0.45,0.0
32610000,0.0,-0.8895758763783368,0.0,1,0.45,0.0
32619999,0.0,-0.9021339593681956,0.0,1,0.45,0.0
32630000,0.0,-0.9139708902740602,0.0,1,0.45,0.0
32640000,0.0,-0.9250772068344572,0.0,1,0.45,0.0
32650000,0.0,-0.9354440308298665,0.0,1,0.45,0.0
32660000,0.0,-0.9450630751798087,0.0,1,0.45,0.0
32670000,0.0,-0.9539266505673928,0.0,1,0.45,0.0
32680000,0.0,-0.9620276715860853,0.0,1,0.45,0.0
32689999,0.0,-0.9693596624036253,0.0,1,0.45,0.0
32700000,0.0,-0.9759167619387469,0.0,1,0.45,0.0
32710000,0.0,-0.9816937285463985,0.0,1,0.45,0.0
32720000,0.0,-0.9866859442078677,0.0,1,0.45,0.0
32730000,0.0,-0.9908894182223403,0.0,1,0.45,0.0
32740000,0.0,-0.9943007903969987,0.0,1,0.45,0.0
32750000,0.0,-0.9969173337331279,0.0,1,0.45,0.0
32759999,0.0,-0.9987369566060174,0.0,1,0.45,0.0
32770000,0.0,-0.9997582044369843,0.0,1,0.45,0.0
32780000,0.0,-0.9999802608561371,0.0,1,0.45,0.0
32790000,0.0,-0.999402948354973,0.0,1,0.45,0.0
32799999,0.0,-0.9980267284282726,0.0,1,0.45,0.0
32810000,0.0,-0.9958527012051859,0.0,1,0.45,0.0
32820000,0.0,-0.9928826045698139,0.0,1,0.45,0.0
32830000,0.0,-0.9891188127719621,0.0,1,0.45,0.0
32840000,0.0,-0.9845643345292032,0.0,1,0.45,0.0
32850000,0.0,-0.9792228106217662,0.0,1,0.45,0.0
32860000,0.0,-0.9730985109821271,0.0,1,0.45,0.0
32869999,0.0,-0.9661963312817189,0.0,1,0.45,0.0
32880000,0.0,-0.9585217890173765,0.0,1,0.45,0.0
32890000,0.0,-0.9500810191007724,0.0,1,0.45,0.0
32900000,0.0,-0.9408807689542261,0.0,1,0.45,0.0
32910000,0.0,-0.9309283931169312,0.0,1,0.45,0.0
32920000,0.0,-0.9202318473658712,0.0,1,0.45,0.0
32930000,0.0,-0.9087996823560409,0.0,1,0.45,0.0
32939999,0.0,-0.896641036785243,0.0,1,0.45,0.0
32950000,0.0,-0.8837656300886944,0.0,1,0.45,0.0
32960000,0.0,-0.8701837546695266,0.0,1,0.45,0.0
32970000,0.0,-0.855906267671134,0.0,1,0.45,0.0
32980000,0.0,-0.8409445822981624,0.0,1,0.45,0.0
32990000,0.0,-0.8253106586930007,0.0,1,0.45,0.0
33000000,0.0,-0.8090169943749486,0.0,1,0.45,0.0
33009999,0.0,-0.7920766142499769,0.0,1,0.45,0.0
33020000,0.0,-0.7745030601987349,0.0,1,0.45,0.0
33030000,0.0,-0.7563103802514731,0.0,1,0.45,0.0
33040000,0.0,-0.7375131173581752,0.0,1,0.45,0.0
33049999,0.0,-0.7181262977631999,0.0,1,0.45,0.0
33060000,0.0,-0.698165418993474,0.0,1,0.45,0.0
33070000,0.0,-0.6776464374701036,0.0,1,0.45,0.0
33080000,0.0,-0.6565857557529577,0.0,1,0.45,0.0
33090000,0.0,-0.635000209428751,0.0,1,0.45,0.0
33100000,0.0,-0.6129070536529778,0.0,1,0.45,0.0
33110000,0.0,-0.590323949356296,0.0,1,0.45,0.0
33119999,0.0,-0.5672689491267696,0.0,1,0.45,0.0
33130000,0.0,-0.5437604827787939,0.0,1,0.45,0.0
33140000,0.0,-0.5198173426207109,0.0,1,0.45,0.0
33150000,0.0,-0.49545866843240893,0.0,1,0.45,0.0
33160000,0.0,-0.4707039321653214,0.0,1,0.45,0.0
33170000,0.0,-0.4455729223768977,0.0,1,0.45,0.0
33180000,0.0,-0.4200857284118077,0.0,1,0.45,0.0
33189999,0.0,-0.3942627243429655,0.0,1,0.45,0.0
33200000,0.0,-0.36812455268467936,0.0,1,0.45,0.0
33210000,0.0,-0.34169210789148474,0.0,1,0.45,0.0
33220000,0.0,-0.3149865196553062,0.0,1,0.45,0.0
33230000,0.0,-0.288029136014757,0.0,1,0.45,0.0
33240000,0.0,-0.26084150628989833,0.0,1,0.45,0.0
33250000,0.0,-0.2334453638559068,0.0,1,0.45,0.0
33259999,0.0,-0.20586260876989662,0.0,1,0.45,0.0
33270000,0.0,-0.17811529026421152,0.0,1,0.45,0.0
33280000,0.0,-0.15022558912075842,0.0,1,0.45,0.0
33290000,0.0,-0.1222157999398908,0.0,1,0.45,0.0
33299999,0.0,-0.09410831331852983,0.0,1,0.45,0.0
33310000,0.0,-0.0659255979513792,0.0,1,0.45,0.0
33320000,0.0,-0.037690182669935866,0.0,1,0.45,0.0
33330000,0.0,-0.009424638433159528,0.0,1,0.45,0.0
33340000,0.0,0.018848439715421092,0.0,1,0.45,0.0
33350000,0.0,0.04710645070964138,0.0,1,0.45,0.0
33360000,0.0,0.07532680552793146,0.0,1,0.45,0.0
33369999,0.0,0.10348694525040715,0.0,1,0.45,0.0
33380000,0.0,0.13156435909228129,0.0,1,0.45,0.0
33390000,0.0,0.1595366023984851,0.0,1,0.45,0.0
33400000,0.0,0.18738131458572346,0.0,1,0.45,0.0
33410000,0.0,0.2150762370171261,0.0,1,0.45,0.0
33420000,0.0,0.2425992307954063,0.0,1,0.45,0.0
33430000,0.0,0.2699282944604952,0.0,1,0.45,0.0
33439999,0.0,0.29704158157702026,0.0,1,0.45,0.0
33450000,0.0,0.32391741819814834,0.0,1,0.45,0.0
33460000,0.0,0.35053432019125796,0.0,1,0.45,0.0
33470000,0.0,0.37687101041216164,0.0,1,0.45,0.0
33480000,0.0,0.4029064357136747,0.0,1,0.45,0.0
33490000,0.0,0.4286197837751274,0.0,1,0.45,0.0
33500000,0.0,0.45399049973954586,0.0,1,0.45,0.0
33509999,0.0,0.4789983026447477,0.0,1,0.45,0.0
33520000,0.0,0.50362320163576,0.0,1,0.45,0.0
33530000,0.0,0.5278455119450656,0.0,1,0.45,0.0
33540000,0.0,0.5516458706284294,0.0,1,0.45,0.0
33549999,0.0,0.5750052520432661,0.0,1,0.45,0.0
33560000,0.0,0.5979049830575182,0.0,1,0.45,0.0
33570000,0.0,0.6203267579765553,0.0,1,0.45,0.0
33580000,0.0,0.6422526531765728,0.0,1,0.45,0.0
33590000,0.0,0.6636651414324578,0.0,1,0.45,0.0
33600000,0.0,0.6845471059286881,0.0,1,0.45,0.0
33610000,0.0,0.7048818539423608,0.0,1,0.45,0.0
33620000,0.0,0.7246531301870363,0.0,1,0.45,0.0
33630000,0.0,0.7438451298070246,0.0,1,0.45,0.0
33640000,0.0,0.7624425110114473,0.0,1,0.45,0.0
33650000,0.0,0.7804304073383292,0.0,1,0.45,0.0
33660000,0.0,0.7977944395385791,0.0,1,0.45,0.0
33670000,0.0,0.8145207270705089,0.0,1,0.45,0.0
33680000,0.0,0.8305958991958122,0.0,1,0.45,0.0
33690000,0.0,0.8460071056678342,0.0,1,0.45,0.0
33700000,0.0,0.8607420270039433,0.0,1,0.45,0.0
33710000,0.0,0.8747888843334525,0.0,1,0.45,0.0
33720000,0.0,0.8881364488135443,0.0,1,0.45,0.0
33730000,0.0,0.9007740506054039,0.0,1,0.45,0.0
33740000,0.0,0.9126915874035025,0.0,1,0.45,0.0
33750000,0.0,0.9238795325112865,0.0,1,0.45,0.0
33760000,0.0,0.9343289424566068,0.0,1,0.45,0.0
33770000,0.0,0.9440314641410495,0.0,1,0.45,0.0
33780000,0.0,0.9529793415172186,0.0,1,0.45,0.0
33790000,0.0,0.9611654217888518,0.0,1,0.45,0.0
33800000,0.0,0.9685831611286274,0.0,1,0.45,0.0
33810000,0.0,0.9752266299092233,0.0,1,0.45,0.0
33820000,0.0,0.981090517443334,0.0,1,0.45,0.0
33830000,0.0,0.9861701362289864,0.0,1,0.45,0.0
33840000,0.0,0.9904614256966512,0.0,1,0.45,0.0
33850000,0.0,0.9939609554551796,0.0,1,0.45,0.0
33860000,0.0,0.9966659280340299,0.0,1,0.45,0.0
33870000,0.0,0.9985741811195089,0.0,1,0.45,0.0
33880000,0.0,0.9996841892832999,0.0,1,0.45,0.0
33890000,0.0,0.9999950652018582,0.0,1,0.45,0.0
33900000,0.0,0.999506560365732,0.0,1,0.45,0.0
33910000,0.0,0.9982190652782118,0.0,1,0.45,0.0
33920000,0.0,0.9961336091431725,0.0,1,0.45,0.0
33930000,0.0,0.9932518590423395,0.0,1,0.45,0.0
33940000,0.0,0.989576118602653,0.0,1,0.45,0.0
33950000,0.0,0.985109326154774,0.0,1,0.45,0.0
33960000,0.0,0.979855052384247,0.0,1,0.45,0.0
33970000,0.0,0.973817497477129,0.0,1,0.45,0.0
33980000,0.0,0.9670014877624314,0.0,1,0.45,0.0
33990000,0.0,0.9594124718540429,0.0,1,0.45,0.0
34000000,0.0,0.9510565162951536,0.0,1,0.45,0.0
34010000,0.0,0.9419403007087954,0.0,1,0.45,0.0
34020000,0.0,0.9320711124582111,0.0,1,0.45,0.0
34030000,0.0,0.9214568408214985,0.0,1,0.45,0.0
34040000,0.0,0.9101059706849958,0.0,1,0.45,0.0
34050000,0.0,0.898027575760622,0.0,1,0.45,0.0
34060000,0.0,0.8852313113324553,0.0,1,0.45,0.0
34070000,0.0,0.8717274065385089,0.0,1,0.45,0.0
34080000,0.0,0.8575266561936596,0.0,1,0.45,0.0
34090000,0.0,0.8426404121604323,0.0,1,0.45,0.0
34100000,0.0,0.8270805742745618,0.0,1,0.45,0.0
34110000,0.0,0.8108595808323735,0.0,1,0.45,0.0
34120000,0.0,0.7939903986478439,0.0,1,0.45,0.0
34130000,0.0,0.7764865126870786,0.0,1,0.45,0.0
34140000,0.0,0.7583619152887218,0.0,1,0.45,0.0
34150000,0.0,0.7396310949786192,0.0,1,0.45,0.0
34160000,0.0,0.7203090248879068,0.0,1,0.45,0.0
34170000,0.0,0.7004111507838063,0.0,1,0.45,0.0
34180000,0.0,0.6799533787224191,0.0,1,0.45,0.0
34190000,0.0,0.6589520623337275,0.0,1,0.45,0.0
34200000,0.0,0.6374239897486896,0.0,1,0.45,0.0
34210000,0.0,0.6153863701791714,0.0,1,0.45,0.0
34220000,0.0,0.5928568201610706,0.0,1,0.45,0.0
34230000,0.0,0.5698533494719119,0.0,1,0.45,0.0
34240000,0.0,0.5463943467342689,0.0,1,0.45,0.0
34250000,0.0,0.5224985647159487,0.0,1,0.45,0.0
34260000,0.0,0.49818510533950294,0.0,1,0.45,0.0
34270000,0.0,0.4734734044123119,0.0,1,0.45,0.0
34280000,0.0,0.448383216090032,0.0,1,0.45,0.0
34290000,0.0,0.422934597085303,0.0,1,0.45,0.0
34300000,0.0,0.3971478906347673,0.0,1,0.45,0.0
34310000,0.0,0.37104371023705074,0.0,1,0.45,0.0
34320000,0.0,0.3446429231745167,0.0,1,0.45,0.0
34330000,0.0,0.3179666338324241,0.0,1,0.45,0.0
34340000,0.0,0.2910361668282715,0.0,1,0.45,0.0
34350000,0.0,0.26387304996537253,0.0,1,0.45,0.0
34360000,0.0,0.2364989970237243,0.0,1,0.45,0.0
34370000,0.0,0.2089358904024252,0.0,1,0.45,0.0
34380000,0.0,0.18120576362713692,0.0,1,0.45,0.0
34390000,0.0,0.15333078373696019,0.0,1,0.45,0.0
34400000,0.0,0.1253332335643179,0.0,1,0.45,0.0
34410000,0.0,0.09723549392239884,0.0,1,0.45,0.0
34420000,0.0,0.0690600257144053,0.0,1,0.45,0.0
34430000,0.0,0.040829351978509475,0.0,1,0.45,0.0
34440000,0.0,0.012566039883366279,0.0,1,0.45,0.0
34450000,0.0,-0.01570731731182123,0.0,1,0.45,0.0
34460000,0.0,-0.04396811831786548,0.0,1,0.45,0.0
34470000,0.0,-0.07219377188284701,0.0,1,0.45,0.0
34480000,0.0,-0.10036171485121549,0.0,1,0.45,0.0
34490000,0.0,-0.12844943020030347,0.0,1,0.45,0.0
34500000,0.0,-0.1564344650402315,0.0,1,0.45,0.0
34510000,0.0,-0.18429444856232,0.0,1,0.45,0.0
34520000,0.0,-0.2120071099220553,0.0,1,0.45,0.0
34530000,0.0,-0.23955029604192252,0.0,1,0.45,0.0
34540000,0.0,-0.26690198932037623,0.0,1,0.45,0.0
34550000,0.0,-0.2940403252323182,0.0,1,0.45,0.0
34560000,0.0,-0.3209436098072102,0.0,1,0.45,0.0
34570000,0.0,-0.34759033697103775,0.0,1,0.45,0.0
34580000,0.0,-0.37395920573778796,0.0,1,0.45,0.0
34590000,0.0,-0.40002913723726546,0.0,1,0.45,0.0
34600000,0.0,-0.4257792915650734,0.0,1,0.45,0.0
34610000,0.0,-0.4511890844418458,0.0,1,0.45,0.0
34620000,0.0,-0.47623820366792735,0.0,1,0.45,0.0
34630000,0.0,-0.5009066253607106,0.0,1,0.45,0.0
34640000,0.0,-0.5251746299612965,0.0,1,0.45,0.0
34650000,0.0,-0.5490228179981206,0.0,1,0.45,0.0
34660000,0.0,-0.5724321255945917,0.0,1,0.45,0.0
34670000,0.0,-0.5953838397083556,0.0,1,0.45,0.0
34680000,0.0,-0.6178596130903351,0.0,1,0.45,0.0
34690000,0.0,-0.6398414789511683,0.0,1,0.45,0.0
34700000,0.0,-0.6613118653236526,0.0,1,0.45,0.0
34710000,0.0,-0.6822536091093971,0.0,1,0.45,0.0
34720000,0.0,-0.7026499697988398,0.0,1,0.45,0.0
34730000,0.0,-0.7224846428533506,0.0,1,0.45,0.0
34740000,0.0,-0.7417417727387399,0.0,1,0.45,0.0
34750000,0.0,-0.7604059656000316,0.0,1,0.45,0.0
34760000,0.0,-0.7784623015670151,0.0,1,0.45,0.0
34770000,0.0,-0.7958963466810165,0.0,1,0.45,0.0
34780000,0.0,-0.8126941644330946,0.0,1,0.45,0.0
34790000,0.0,-0.8288423269047546,0.0,1,0.45,0.0
34800000,0.0,-0.8443279255020157,0.0,1,0.45,0.0
34810000,0.0,-0.859138581274273,0.0,1,0.45,0.0
34820000,0.0,-0.8732624548099207,0.0,1,0.45,0.0
34830000,0.0,-0.8866882557005504,0.0,1,0.45,0.0
34840000,0.0,-0.8994052515663715,0.0,1,0.45,0.0
34850000,0.0,-0.9114032766354457,0.0,1,0.45,0.0
34860000,0.0,-0.9226727398701153,0.0,1,0.45,0.0
34870000,0.0,-0.933204632633894,0.0,1,0.45,0.0
34880000,0.0,-0.9429905358928649,0.0,1,0.45,0.0
34890000,0.0,-0.9520226269456771,0.0,1,0.45,0.0
34900000,0.0,-0.9602936856769395,0.0,1,0.45,0.0
34910000,0.0,-0.9677971003288658,0.0,1,0.45,0.0
34920000,0.0,-0.9745268727865775,0.0,1,0.45,0.0
34930000,0.0,-0.9804776233729446,0.0,1,0.45,0.0
34940000,0.0,-0.9856445951489958,0.0,1,0.45,0.0
34950000,0.0,-0.9900236577165578,0.0,1,0.45,0.0
34960000,0.0,-0.9936113105200086,0.0,1,0.45,0.0
34970000,0.0,-0.9964046856445913,0.0,1,0.45,0.0
34980000,0.0,-0.9984015501089751,0.0,1,0.45,0.0
34990000,0.0,-0.9996003076502565,0.0,1,0.45,0.0
35000000,0.0,-1.0,0.0,1,0.45,0.0
35010000,0.0,-0.9996003076502569,0.0,1,0.45,0.0
35020000,0.0,-0.9984015501089749,0.0,1,0.45,0.0
35030000,0.0,-0.9964046856445923,0.0,1,0.45,0.0
35040000,0.0,-0.9936113105200098,0.0,1,0.45,0.0
35050000,0.0,-0.9900236577165573,0.0,1,0.45,0.0
35060000,0.0,-0.9856445951489977,0.0,1,0.45,0.0
35070000,0.0,-0.9804776233729441,0.0,1,0.45,0.0
35080000,0.0,-0.97452687278658,0.0,1,0.45,0.0
35090000,0.0,-0.967797100328865,0.0,1,0.45,0.0
35100000,0.0,-0.9602936856769426,0.0,1,0.45,0.0
35110000,0.0,-0.9520226269456805,0.0,1,0.45,0.0
35120000,0.0,-0.9429905358928686,0.0,1,0.45,0.0
35130000,0.0,-0.933204632633898,0.0,1,0.45,0.0
35140000,0.0,-0.9226727398701142,0.0,1,0.45,0.0
35150000,0.0,-0.9114032766354504,0.0,1,0.45,0.0
35160000,0.0,-0.8994052515663703,0.0,1,0.45,0.0
35170000,0.0,-0.8866882557005556,0.0,1,0.45,0.0
35180000,0.0,-0.8732624548099193,0.0,1,0.45,0.0
35190000,0.0,-0.8591385812742788,0.0,1,0.45,0.0
35200000,0.0,-0.8443279255020141,0.0,1,0.45,0.0
35210000,0.0,-0.8288423269047609,0.0,1,0.45,0.0
35220000,0.0,-0.8126941644331012,0.0,1,0.45,0.0
35230000,0.0,-0.7958963466810147,0.0,1,0.45,0.0
35240000,0.0,-0.7784623015670222,0.0,1,0.45,0.0
35250000,0.0,-0.7604059656000297,0.0,1,0.45,0.0
35260000,0.0,-0.7417417727387474,0.0,1,0.45,0.0
35270000,0.0,-0.7224846428533485,0.0,1,0.45,0.0
35280000,0.0,-0.7026499697988479,0.0,1,0.45,0.0
35290000,0.0,-0.6822536091094054,0.0,1,0.45,0.0
35300000,0.0,-0.6613118653236504,0.0,1,0.45,0.0
35310000,0.0,-0.6398414789511769,0.0,1,0.45,0.0
35320000,0.0,-0.6178596130903328,0.0,1,0.45,0.0
35330000,0.0,-0.5953838397083647,0.0,1,0.45,0.0
35340000,0.0,-0.5724321255945892,0.0,1,0.45,0.0
35350000,0.0,-0.54902281799813,0.0,1,0.45,0.0
35360000,0.0,-0.525174629961306,0.0,1,0.45,0.0
35370000,0.0,-0.5009066253607204,0.0,1,0.45,0.0
35380000,0.0,-0.4762382036679373,0.0,1,0.45,0.0
35390000,0.0,-0.45118908444184314,0.0,1,0.45,0.0
35400000,0.0,-0.4257792915650836,0.0,1,0.45,0.0
35410000,0.0,-0.4000291372372628,0.0,1,0.45,0.0
35420000,0.0,-0.3739592057377984,0.0,1,0.45,0.0
35430000,0.0,-0.347590336971035,0.0,1,0.45,0.0
35440000,0.0,-0.32094360980722086,0.0,1,0.45,0.0
35450000,0.0,-0.29404032523230184,0.0,1,0.45,0.0
35460000,0.0,-0.2669019893203734,0.0,1,0.45,0.0
35470000,0.0,-0.23955029604193345,0.0,1,0.45,0.0
35480000,0.0,-0.21200710992205243,0.0,1,0.45,0.0
35490000,0.0,-0.18429444856233107,0.0,1,0.45,0.0
35500000,0.0,-0.1564344650402286,0.0,1,0.45,0.0
35510000,0.0,-0.12844943020031463,0.0,1,0.45,0.0
35520000,0.0,-0.10036171485121256,0.0,1,0.45,0.0
35530000,0.0,-0.07219377188285825,0.0,1,0.45,0.0
35540000,0.0,-0.04396811831787673,0.0,1,0.45,0.0
35550000,0.0,-0.01570731731181829,0.0,1,0.45,0.0
35560000,0.0,0.012566039883355012,0.0,1,0.45,0.0
35570000,0.0,0.04082935197851242,0.0,1,0.45,0.0
35580000,0.0,0.06906002571439405,0.0,1,0.45,0.0
35590000,0.0,0.09723549392240177,0.0,1,0.45,0.0
35600000,0.0,0.1253332335643067,0.0,1,0.45,0.0
35610000,0.0,0.15333078373694906,0.0,1,0.45,0.0
35620000,0.0,0.18120576362712584,0.0,1,0.45,0.0
35630000,0.0,0.20893589040241417,0.0,1,0.45,0.0
35640000,0.0,0.23649899702372715,0.0,1,0.45,0.0
35650000,0.0,0.26387304996536165,0.0,1,0.45,0.0
35660000,0.0,0.2910361668282743,0.0,1,0.45,0.0
35670000,0.0,0.3179666338324134,0.0,1,0.45,0.0
35680000,0.0,0.3446429231745062,0.0,1,0.45,0.0
35690000,0.0,0.37104371023704025,0.0,1,0.45,0.0
35700000,0.0,0.397147890634783,0.0,1,0.45,0.0
35710000,0.0,0.4229345970853057,0.0,1,0.45,0.0
35720000,0.0,0.44838321609002196,0.0,1,0.45,0.0
35730000,0.0,0.4734734044123145,0.0,1,0.45,0.0
35740000,0.0,0.4981851053394932,0.0,1,0.45,0.0
35750000,0.0,0.5224985647159511,0.0,1,0.45,0.0
35760000,0.0,0.5463943467342595,0.0,1,0.45,0.0
35770000,0.0,0.569853349471926,0.0,1,0.45,0.0
35780000,0.0,0.5928568201610614,0.0,1,0.45,0.0
35790000,0.0,0.6153863701791625,0.0,1,0.45,0.0
35800000,0.0,0.6374239897486919,0.0,1,0.45,0.0
35810000,0.0,0.6589520623337191,0.0,1,0.45,0.0
35820000,0.0,0.6799533787224212,0.0,1,0.45,0.0
35830000,0.0,0.7004111507837982,0.0,1,0.45,0.0
35840000,0.0,0.7203090248879089,0.0,1,0.45,0.0
35850000,0.0,0.7396310949786117,0.0,1,0.45,0.0
35860000,0.0,0.7583619152887144,0.0,1,0.45,0.0
35870000,0.0,0.7764865126870715,0.0,1,0.45,0.0
35880000,0.0,0.7939903986478372,0.0,1,0.45,0.0
35890000,0.0,0.8108595808323752,0.0,1,0.45,0.0
35900000,0.0,0.8270805742745555,0.0,1,0.45,0.0
35910000,0.0,0.8426404121604338,0.0,1,0.45,0.0
35920000,0.0,0.8575266561936538,0.0,1,0.45,0.0
35930000,0.0,0.8717274065385034,0.0,1,0.45,0.0
35940000,0.0,0.88523131133245,0.0,1,0.45,0.0
35950000,0.0,0.898027575760617,0.0,1,0.45,0.0
35960000,0.0,0.910105970684997,0.0,1,0.45,0.0
35970000,0.0,0.9214568408214941,0.0,1,0.45,0.0
35980000,0.0,0.9320711124582121,0.0,1,0.45,0.0
35990000,0.0,0.9419403007087916,0.0,1,0.45,0.0
36000000,0.0,0.9510565162951545,0.0,1,0.45,0.0
36010000,0.0,0.9594124718540398,0.0,1,0.45,0.0
36020000,0.0,0.9670014877624359,0.0,1,0.45,0.0
36030000,0.0,0.9738174974771296,0.0,1,0.45,0.0
36040000,0.0,0.9798550523842446,0.0,1,0.45,0.0
36050000,0.0,0.9851093261547744,0.0,1,0.45,0.0
36060000,0.0,0.9895761186026515,0.0,1,0.45,0.0
36070000,0.0,0.9932518590423398,0.0,1,0.45,0.0
36080000,0.0,0.9961336091431715,0.0,1,0.45,0.0
36090000,0.0,0.998219065278212,0.0,1,0.45,0.0
36100000,0.0,0.9995065603657317,0.0,1,0.45,0.0
36110000,0.0,0.9999950652018581,0.0,1,0.45,0.0
36120000,0.0,0.9996841892833003,0.0,1,0.45,0.0
36130000,0.0,0.9985741811195096,0.0,1,0.45,0.0
36140000,0.0,0.9966659280340296,0.0,1,0.45,0.0
36150000,0.0,0.9939609554551809,0.0,1,0.45,0.0
36160000,0.0,0.9904614256966507,0.0,1,0.45,0.0
36170000,0.0,0.9861701362289883,0.0,1,0.45,0.0
36180000,0.0,0.9810905174433362,0.0,1,0.45,0.0
36190000,0.0,0.9752266299092258,0.0,1,0.45,0.0
36200000,0.0,0.9685831611286303,0.0,1,0.45,0.0
36210000,0.0,0.961165421788851,0.0,1,0.45,0.0
36220000,0.0,0.9529793415172221,0.0,1,0.45,0.0
36230000,0.0,0.9440314641410485,0.0,1,0.45,0.0
36240000,0.0,0.9343289424566108,0.0,1,0.45,0.0
36250000,0.0,0.9238795325112908,0.0,1,0.45,0.0
36260000,0.0,0.9126915874035072,0.0,1,0.45,0.0
36270000,0.0,0.9007740506053965,0.0,1,0.45,0.0
36280000,0.0,0.8881364488135429,0.0,1,0.45,0.0
36290000,0.0,0.8747888843334579,0.0,1,0.45,0.0
36300000,0.0,0.8607420270039418,0.0,1,0.45,0.0
36310000,0.0,0.8460071056678402,0.0,1,0.45,0.0
36320000,0.0,0.8305958991958106,0.0,1,0.45,0.0
36330000,0.0,0.8145207270705155,0.0,1,0.45,0.0
36340000,0.0,0.7977944395385688,0.0,1,0.45,0.0
36350000,0.0,0.7804304073383274,0.0,1,0.45,0.0
36360000,0.0,0.7624425110114547,0.0,1,0.45,0.0
36370000,0.0,0.743845129807032,0.0,1,0.45,0.0
36380000,0.0,0.724653130187044,0.0,1,0.45,0.0
36390000,0.0,0.7048818539423587,0.0,1,0.45,0.0
36400000,0.0,0.6845471059286963,0.0,1,0.45,0.0
36410000,0.0,0.6636651414324556,0.0,1,0.45,0.0
36420000,0.0,0.6422526531765814,0.0,1,0.45,0.0
36430000,0.0,0.6203267579765641,0.0,1,0.45,0.0
36440000,0.0,0.5979049830575272,0.0,1,0.45,0.0
36450000,0.0,0.5750052520432754,0.0,1,0.45,0.0
36460000,0.0,0.551645870628427,0.0,1,0.45,0.0
36470000,0.0,0.5278455119450751,0.0,1,0.45,0.0
36480000,0.0,0.5036232016357575,0.0,1,0.45,0.0
36490000,0.0,0.47899830264475757,0.0,1,0.45,0.0
36500000,0.0,0.4539904997395559,0.0,1,0.45,0.0
36510000,0.0,0.4286197837751376,0.0,1,0.45,0.0
36520000,0.0,0.402906435713659,0.0,1,0.45,0.0
36530000,0.0,0.3768710104121589,0.0,1,0.45,0.0
36540000,0.0,0.3505343201912685,0.0,1,0.45,0.0
36550000,0.0,0.32391741819814557,0.0,1,0.45,0.0
36560000,0.0,0.29704158157703103,0.0,1,0.45,0.0
36570000,0.0,0.2699282944605061,0.0,1,0.45,0.0
36580000,0.0,0.24259923079541723,0.0,1,0.45,0.0
36590000,0.0,0.21507623701710935,0.0,1,0.45,0.0
36600000,0.0,0.18738131458572058,0.0,1,0.45,0.0
36610000,0.0,0.15953660239849624,0.0,1,0.45,0.0
36620000,0.0,0.13156435909229244,0.0,1,0.45,0.0
36630000,0.0,0.10348694525041836,0.0,1,0.45,0.0
36640000,0.0,0.07532680552792853,0.0,1,0.45,0.0
36650000,0.0,0.04710645070965264,0.0,1,0.45,0.0
36660000,0.0,0.01884843971540394,0.0,1,0.45,0.0
36670000,0.0,-0.009424638433148261,0.0,1,0.45,0.0
36680000,0.0,-0.037690182669924605,0.0,1,0.45,0.0
36690000,0.0,-0.06592559795136796,0.0,1,0.45,0.0
36700000,0.0,-0.0941083133185186,0.0,1,0.45,0.0
36710000,0.0,-0.12221579993989373,0.0,1,0.45,0.0
36720000,0.0,-0.1502255891207473,0.0,1,0.45,0.0
36730000,0.0,-0.1781152902642144,0.0,1,0.45,0.0
36740000,0.0,-0.2058626087698856,0.0,1,0.45,0.0
36750000,0.0,-0.23344536385589587,0.0,1,0.45,0.0
36760000,0.0,-0.26084150628988745,0.0,1,0.45,0.0
36770000,0.0,-0.2880291360147734,0.0,1,0.45,0.0
36780000,0.0,-0.314986519655309,0.0,1,0.45,0.0
36790000,0.0,-0.34169210789147414,0.0,1,0.45,0.0
36800000,0.0,-0.36812455268468214,0.0,1,0.45,0.0
36810000,0.0,-0.3942627243429551,0.0,1,0.45,0.0
36820000,0.0,-0.4200857284117974,0.0,1,0.45,0.0
36830000,0.0,-0.4455729223768876,0.0,1,0.45,0.0
36840000,0.0,-0.47070393216533657,0.0,1,0.45,0.0
36850000,0.0,-0.4954586684324115,0.0,1,0.45,0.0
36860000,0.0,-0.5198173426207012,0.0,1,0.45,0.0
36870000,0.0,-0.5437604827787844,0.0,1,0.45,0.0
36880000,0.0,-0.5672689491267603,0.0,1,0.45,0.0
36890000,0.0,-0.5903239493562983,0.0,1,0.45,0.0
36900000,0.0,-0.6129070536529689,0.0,1,0.45,0.0
36910000,0.0,-0.6350002094287642,0.0,1,0.45,0.0
36920000,0.0,-0.65658575575296,0.0,1,0.45,0.0
36930000,0.0,-0.6776464374700952,0.0,1,0.45,0.0
36940000,0.0,-0.6981654189934658,0.0,1,0.45,0.0
36950000,0.0,-0.7181262977631921,0.0,1,0.45,0.0
36960000,0.0,-0.7375131173581772,0.0,1,0.45,0.0
36970000,0.0,-0.7563103802514658,0.0,1,0.45,0.0
36980000,0.0,-0.7745030601987368,0.0,1,0.45,0.0
36990000,0.0,-0.79207661424997,0.0,1,0.45,0.0
37000000,0.0,-0.8090169943749419,0.0,1,0.45,0.0
37010000,0.0,-0.8253106586929942,0.0,1,0.45,0.0
37020000,0.0,-0.8409445822981717,0.0,1,0.45,0.0
37030000,0.0,-0.8559062676711355,0.0,1,0.45,0.0
37040000,0.0,-0.870183754669521,0.0,1,0.45,0.0
37050000,0.0,-0.8837656300886957,0.0,1,0.45,0.0
37060000,0.0,-0.896641036785238,0.0,1,0.45,0.0
37070000,0.0,-0.9087996823560363,0.0,1,0.45,0.0
37080000,0.0,-0.9202318473658667,0.0,1,0.45,0.0
37090000,0.0,-0.9309283931169375,0.0,1,0.45,0.0
37100000,0.0,-0.9408807689542271,0.0,1,0.45,0.0
37110000,0.0,-0.9500810191007688,0.0,1,0.45,0.0
37120000,0.0,-0.9585217890173733,0.0,1,0.45,0.0
37130000,0.0,-0.966196331281716,0.0,1,0.45,0.0
37140000,0.0,-0.9730985109821244,0.0,1,0.45,0.0
37150000,0.0,-0.979222810621764,0.0,1,0.45,0.0
37160000,0.0,-0.9845643345292062,0.0,1,0.45,0.0
37170000,0.0,-0.9891188127719626,0.0,1,0.45,0.0
37180000,0.0,-0.9928826045698126,0.0,1,0.45,0.0
37190000,0.0,-0.9958527012051849,0.0,1,0.45,0.0
37200000,0.0,-0.9980267284282719,0.0,1,0.45,0.0
37210000,0.0,-0.9994029483549731,0.0,1,0.45,0.0
37220000,0.0,-0.9999802608561371,0.0,1,0.45,0.0
37230000,0.0,-0.9997582044369839,0.0,1,0.45,0.0
37240000,0.0,-0.9987369566060172,0.0,1,0.45,0.0
37250000,0.0,-0.9969173337331286,0.0,1,0.45,0.0
37260000,0.0,-0.9943007903969998,0.0,1,0.45,0.0
37270000,0.0,-0.990889418222338,0.0,1,0.45,0.0
37280000,0.0,-0.9866859442078673,0.0,1,0.45,0.0
37290000,0.0,-0.9816937285464006,0.0,1,0.45,0.0
37300000,0.0,-0.9759167619387462,0.0,1,0.45,0.0
37310000,0.0,-0.9693596624036279,0.0,1,0.45,0.0
37320000,0.0,-0.9620276715860883,0.0,1,0.45,0.0
37330000,0.0,-0.9539266505673962,0.0,1,0.45,0.0
37340000,0.0,-0.945063075179803,0.0,1,0.45,0.0
37350000,0.0,-0.9354440308298654,0.0,1,0.45,0.0
37360000,0.0,-0.9250772068344614,0.0,1,0.45,0.0
37370000,0.0,-0.9139708902740648,0.0,1,0.45,0.0
37380000,0.0,-0.9021339593682005,0.0,1,0.45,0.0
37390000,0.0,-0.889575876378342,0.0,1,0.45,0.0
37400000,0.0,-0.8763066800438678,0.0,1,0.45,0.0
37410000,0.0,-0.8623369775573012,0.0,1,0.45,0.0
37420000,0.0,-0.8476779360850804,0.0,1,0.45,0.0
37430000,0.0,-0.8323412738406682,0.0,1,0.45,0.0
37440000,0.0,-0.8163392507171889,0.0,1,0.45,0.0
37450000,0.0,-0.7996846584870873,0.0,1,0.45,0.0
37460000,0.0,-0.7823908105765935,0.0,1,0.45,0.0
37470000,0.0,-0.7644715314230972,0.0,1,0.45,0.0
37480000,0.0,-0.7459411454241784,0.0,1,0.45,0.0
37490000,0.0,-0.726814465486899,0.0,1,0.45,0.0
37500000,0.0,-0.7071067811865536,0.0,1,0.45,0.0
37510000,0.0,-0.6868338465444145,0.0,1,0.45,0.0
37520000,0.0,-0.6660118674342473,0.0,1,0.45,0.0
37530000,0.0,-0.644657488627587,0.0,1,0.45,0.0
37540000,0.0,-0.6227877804881191,0.0,1,0.45,0.0
37550000,0.0,-0.6004202253258795,0.0,1,0.45,0.0
37560000,0.0,-0.5775727034222629,0.0,1,0.45,0.0
37570000,0.0,-0.5542634787367011,0.0,1,0.45,0.0
37580000,0.0,-0.5305111843067412,0.0,1,0.45,0.0
37590000,0.0,-0.5063348073531275,0.0,1,0.45,0.0
37600000,0.0,-0.4817536741017102,0.0,1,0.45,0.0
37610000,0.0,-0.45678743433430696,0.0,1,0.45,0.0
37620000,0.0,-0.4314560456809665,0.0,1,0.45,0.0
37630000,0.0,-0.4057797576661946,0.0,1,0.45,0.0
37640000,0.0,-0.37977909552180883,0.0,1,0.45,0.0
37650000,0.0,-0.3534748437792649,0.0,1,0.45,0.0
37660000,0.0,-0.3268880296549369,0.0,1,0.45,0.0
37670000,0.0,-0.3000399062412706,0.0,1,0.45,0.0
37680000,0.0,-0.2729519355173332,0.0,1,0.45,0.0
37690000,0.0,-0.24564577119243433,0.0,1,0.45,0.0
37700000,0.0,-0.21814324139653674,0.0,1,0.45,0.0
37710000,0.0,-0.19046633123119797,0.0,1,0.45,0.0
37720000,0.0,-0.16263716519489171,0.0,1,0.45,0.0
37730000,0.0,-0.13467798949714663,0.0,1,0.45,0.0
37740000,0.0,-0.10661115427525392,0.0,1,0.45,0.0
37750000,0.0,-0.07845909572785308,0.0,1,0.45,0.0
37760000,0.0,-0.05024431817977769,0.0,1,0.45,0.0
37770000,0.0,-0.021989376092499024,0.0,1,0.45,0.0
37780000,0.0,0.006283143965565055,0.0,1,0.45,0.0
37790000,0.0,0.03455064137446418,0.0,1,0.45,0.0
37800000,0.0,0.0627905195293195,0.0,1,0.45,0.0
37810000,0.0,0.09098020390357604,0.0,1,0.45,0.0
37820000,0.0,0.11909716009486175,0.0,1,0.45,0.0
37830000,0.0,0.14711891183862943,0.0,1,0.45,0.0
37840000,0.0,0.17502305897528214,0.0,1,0.45,0.0
37850000,0.0,0.20278729535651857,0.0,1,0.45,0.0
37860000,0.0,0.23038942667658283,0.0,1,0.45,0.0
37870000,0.0,0.2578073882140522,0.0,1,0.45,0.0
37880000,0.0,0.28501926246998216,0.0,1,0.45,0.0
37890000,0.0,0.3120032966884073,0.0,1,0.45,0.0
37900000,0.0,0.33873792024528393,0.0,1,0.45,0.0
37910000,0.0,0.3652017618915937,0.0,1,0.45,0.0
37920000,0.0,0.39137366683720826,0.0,1,0.45,0.0
37930000,0.0,0.4172327136617581,0.0,1,0.45,0.0
37940000,0.0,0.4427582310388945,0.0,1,0.45,0.0
37950000,0.0,0.467929814260579,0.0,1,0.45,0.0
37960000,0.0,0.4927273415482848,0.0,1,0.45,0.0
37970000,0.0,0.5171309901381506,0.0,1,0.45,0.0
37980000,0.0,0.5411212521268812,0.0,1,0.45,0.0
37990000,0.0,0.5646789500660824,0.0,1,0.45,0.0
38000000,0.0,0.5877852522924669,0.0,1,0.45,0.0
38010000,0.0,0.6104216879815965,0.0,1,0.45,0.0
38020000,0.0,0.6325701619131295,0.0,1,0.45,0.0
38030000,0.0,0.6542129689358552,0.0,1,0.45,0.0
38040000,0.0,0.6753328081210188,0.0,1,0.45,0.0
38050000,0.0,0.6959127965923191,0.0,1,0.45,0.0
38060000,0.0,0.7159364830218358,0.0,1,0.45,0.0
38070000,0.0,0.7353878607810107,0.0,1,0.45,0.0
38080000,0.0,0.7542513807360988,0.0,1,0.45,0.0
38090000,0.0,0.7725119636778687,0.0,1,0.45,0.0
38100000,0.0,0.7901550123756944,0.0,1,0.45,0.0
38110000,0.0,0.8071664232463958,0.0,1,0.45,0.0
38120000,0.0,0.8235325976284231,0.0,1,0.45,0.0
38130000,0.0,0.8392404526523853,0.0,1,0.45,0.0
38140000,0.0,0.8542774316992913,0.0,1,0.45,0.0
38150000,0.0,0.8686315144381875,0.0,1,0.45,0.0
38160000,0.0,0.8822912264349565,0.0,1,0.45,0.0
38170000,0.0,0.8952456483248147,0.0,1,0.45,0.0
38180000,0.0,0.9074844245411138,0.0,1,0.45,0.0
38190000,0.0,0.9189977715934184,0.0,1,0.45,0.0
38200000,0.0,0.9297764858882539,0.0,1,0.45,0.0
38210000,0.0,0.9398119510863171,0.0,1,0.45,0.0
38220000,0.0,0.9490961449902923,0.0,1,0.45,0.0
38230000,0.0,0.9576216459576242,0.0,1,0.45,0.0
38240000,0.0,0.9653816388332757,0.0,1,0.45,0.0
38250000,0.0,0.9723699203976749,0.0,1,0.45,0.0
38260000,0.0,0.9785809043254706,0.0,1,0.45,0.0
38270000,0.0,0.984009625651141,0.0,1,0.45,0.0
38280000,0.0,0.988651744737913,0.0,1,0.45,0.0
38290000,0.0,0.9925035507468228,0.0,1,0.45,0.0
38300000,0.0,0.9955619646030807,0.0,1,0.45,0.0
38310000,0.0,0.9978245414574419,0.0,1,0.45,0.0
38320000,0.0,0.999289472640589,0.0,1,0.45,0.0
38330000,0.0,0.9999555871089497,0.0,1,0.45,0.0
38340000,0.0,0.9998223523808089,0.0,1,0.45,0.0
38350000,0.0,0.9988898749619703,0.0,1,0.45,0.0
38360000,0.0,0.9971589002606145,0.0,1,0.45,0.0
38370000,0.0,0.9946308119914331,0.0,1,0.45,0.0
38380000,0.0,0.9913076310695056,0.0,1,0.45,0.0
38390000,0.0,0.9871920139948204,0.0,1,0.45,0.0
38400000,0.0,0.98228725072869,0.0,1,0.45,0.0
38410000,0.0,0.976597262063823,0.0,1,0.45,0.0
38420000,0.0,0.9701265964901041,0.0,1,0.45,0.0
38430000,0.0,0.9628804265585895,0.0,1,0.45,0.0
38440000,0.0,0.9548645447466451,0.0,1,0.45,0.0
38450000,0.0,0.946085358827543,0.0,1,0.45,0.0
38460000,0.0,0.9365498867481948,0.0,1,0.45,0.0
38470000,0.0,0.9262657510190693,0.0,1,0.45,0.0
38480000,0.0,0.9152411726209146,0.0,1,0.45,0.0
38490000,0.0,0.9034849644330317,0.0,1,0.45,0.0
38500000,0.0,0.891006524188371,0.0,1,0.45,0.0
38510000,0.0,0.877815826961125,0.0,1,0.45,0.0
38520000,0.0,0.8639234171928316,0.0,1,0.45,0.0
38530000,0.0,0.8493404002633201,0.0,1,0.45,0.0
38540000,0.0,0.8340784336131749,0.0,1,0.45,0.0
38550000,0.0,0.8181497174250192,0.0,1,0.45,0.0
38560000,0.0,0.8015669848708722,0.0,1,0.45,0.0
38570000,0.0,0.7843434919334142,0.0,1,0.45,0.0
38580000,0.0,0.7664930068093542,0.0,1,0.45,0.0
38590000,0.0,0.7480297989033775,0.0,1,0.45,0.0
38600000,0.0,0.7289686274214161,0.0,1,0.45,0.0
38610000,0.0,0.7093247295722787,0.0,1,0.45,0.0
38620000,0.0,0.6891138083873534,0.0,1,0.45,0.0
38630000,0.0,0.6683520201677875,0.0,1,0.45,0.0
38640000,0.0,0.6470559615694494,0.0,1,0.45,0.0
38650000,0.0,0.6252426563357104,0.0,1,0.45,0.0
38660000,0.0,0.6029295416890187,0.0,1,0.45,0.0
38670000,0.0,0.5801344543918432,0.0,1,0.45,0.0
38680000,0.0,0.5568756164881935,0.0,1,0.45,0.0
38690000,0.0,0.5331716207371942,0.0,1,0.45,0.0
38700000,0.0,0.5090414157503648,0.0,1,0.45,0.0
38710000,0.0,0.4845042908444037,0.0,1,0.45,0.0
38720000,0.0,0.45957986062149364,0.0,1,0.45,0.0
38730000,0.0,0.4342880492897977,0.0,1,0.45,0.0
38740000,0.0,0.40864907473634204,0.0,1,0.45,0.0
38750000,0.0,0.3826834323650958,0.0,1,0.45,0.0
38760000,0.0,0.35641187871325675,0.0,1,0.45,0.0
38770000,0.0,0.32985541485884556,0.0,1,0.45,0.0
38780000,0.0,0.3030352696327801,0.0,1,0.45,0.0
38790000,0.0,0.2759728826487519,0.0,1,0.45,0.0
38800000,0.0,0.24868988716484722,0.0,1,0.45,0.0
38810000,0.0,0.2212080927902395,0.0,1,0.45,0.0
38820000,0.0,0.1935494680508665,0.0,1,0.45,0.0
38830000,0.0,0.16573612282812597,0.0,1,0.45,0.0
38840000,0.0,0.13779029068463028,0.0,1,0.45,0.0
38850000,0.0,0.10973431109105156,0.0,1,0.45,0.0
38860000,0.0,0.08159061156816384,0.0,1,0.45,0.0
38870000,0.0,0.053381689758766754,0.0,1,0.45,0.0
38880000,0.0,0.025130095443329545,0.0,1,0.45,0.0
38890000,0.0,-0.003141587485873305,0.0,1,0.45,0.0
38900000,0.0,-0.031410759078122054,0.0,1,0.45,0.0
38910000,0.0,-0.05965482139017867,0.0,1,0.45,0.0
38920000,0.0,-0.08785119655073699,0.0,1,0.45,0.0
38930000,0.0,-0.11597734480895522,0.0,1,0.45,0.0
38940000,0.0,-0.14401078255224606,0.0,1,0.45,0.0
38950000,0.0,-0.1719291002794175,0.0,1,0.45,0.0
38960000,0.0,-0.199709980514401,0.0,1,0.45,0.0
38970000,0.0,-0.22733121564664047,0.0,1,0.45,0.0
38980000,0.0,-0.25477072568339,0.0,1,0.45,0.0
38990000,0.0,-0.2820065759001372,0.0,1,0.45,0.0
39000000,0.0,-0.3090169943749416,0.0,1,0.45,0.0
39010000,0.0,-0.33578038939257493,0.0,1,0.45,0.0
39020000,0.0,-0.3622753667045533,0.0,1,0.45,0.0
39030000,0.0,-0.38848074663136056,0.0,1,0.45,0.0
39040000,0.0,-0.41437558099327865,0.0,1,0.45,0.0
39050000,0.0,-0.4399391698559225,0.0,1,0.45,0.0
39060000,0.0,-0.46515107807746564,0.0,1,0.45,0.0
39070000,0.0,-0.4899911516442314,0.0,1,0.45,0.0
39080000,0.0,-0.5144395337815013,0.0,1,0.45,0.0
39090000,0.0,-0.5384766808266672,0.0,1,0.45,0.0
39100000,0.0,-0.5620833778521257,0.0,1,0.45,0.0
39110000,0.0,-0.5852407540255053,0.0,1,0.45,0.0
39120000,0.0,-0.6079302976946007,0.0,1,0.45,0.0
39130000,0.0,-0.6301338711853756,0.0,1,0.45,0.0
39140000,0.0,-0.6518337253008744,0.0,1,0.45,0.0
39150000,0.0,-0.673012513509769,0.0,1,0.45,0.0
39160000,0.0,-0.693653305812811,0.0,1,0.45,0.0
39170000,0.0,-0.7137396022764173,0.0,1,0.45,0.0
39180000,0.0,-0.7332553462225561,0.0,1,0.45,0.0
39190000,0.0,-0.7521849370641076,0.0,1,0.45,0.0
39200000,0.0,-0.7705132427757946,0.0,1,0.45,0.0
39210000,0.0,-0.7882256119904365,0.0,1,0.45,0.0
39220000,0.0,-0.8053078857111186,0.0,1,0.45,0.0
39230000,0.0,-0.8217464086295951,0.0,1,0.45,0.0
39240000,0.0,-0.8375280400421387,0.0,1,0.45,0.0
39250000,0.0,-0.8526401643540893,0.0,1,0.45,0.0
39260000,0.0,-0.8670707011644873,0.0,1,0.45,0.0
39270000,0.0,-0.8808081149230077,0.0,1,0.45,0.0
39280000,0.0,-0.8938414241512612,0.0,1,0.45,0.0
39290000,0.0,-0.9061602102212875,0.0,1,0.45,0.0
39300000,0.0,-0.9177546256839846,0.0,1,0.45,0.0
39310000,0.0,-0.9286154021410206,0.0,1,0.45,0.0
39320000,0.0,-0.9387338576538722,0.0,1,0.45,0.0
39330000,0.0,-0.9481019036840302,0.0,1,0.45,0.0
39340000,0.0,-0.956712051558833,0.0,1,0.45,0.0
39350000,0.0,-0.9645574184577966,0.0,1,0.45,0.0
39360000,0.0,-0.9716317329146726,0.0,1,0.45,0.0
39370000,0.0,-0.9779293398307207,0.0,1,0.45,0.0
39380000,0.0,-0.9834452049953313,0.0,1,0.45,0.0
39390000,0.0,-0.9881749191102797,0.0,1,0.45,0.0
39400000,0.0,-0.9921147013144771,0.0,1,0.45,0.0
39410000,0.0,-0.9952614022063092,0.0,1,0.45,0.0
39420000,0.0,-0.9976125063612249,0.0,1,0.45,0.0
39430000,0.0,-0.9991661343425399,0.0,1,0.45,0.0
39440000,0.0,-0.999921044203816,0.0,1,0.45,0.0
39450000,0.0,-0.9998766324816605,0.0,1,0.45,0.0
39460000,0.0,-0.9990329346781249,0.0,1,0.45,0.0
39470000,0.0,-0.997390625232324,0.0,1,0.45,0.0
39480000,0.0,-0.9949510169812993,0.0,1,0.45,0.0
39490000,0.0,-0.9917160601105636,0.0,1,0.45,0.0
39500000,0.0,-0.9876883405951385,0.0,1,0.45,0.0
39510000,0.0,-0.9828710781323802,0.0,1,0.45,0.0
39520000,0.0,-0.9772681235681916,0.0,1,0.45,0.0
39530000,0.0,-0.9708839558187322,0.0,1,0.45,0.0
39540000,0.0,-0.963723678290011,0.0,1,0.45,0.0
39550000,0.0,-0.9557930147983275,0.0,1,0.45,0.0
39560000,0.0,-0.9470983049947413,0.0,1,0.45,0.0
39570000,0.0,-0.9376464992972374,0.0,1,0.45,0.0
39580000,0.0,-0.9274451533346633,0.0,1,0.45,0.0
39590000,0.0,-0.9165024219068943,0.0,1,0.45,0.0
39600000,0.0,-0.9048270524660217,0.0,1,0.45,0.0
39610000,0.0,-0.8924283781237202,0.0,1,0.45,0.0
39620000,0.0,-0.8793163101905587,0.0,1,0.45,0.0
39630000,0.0,-0.8655013302530143,0.0,1,0.45,0.0
39640000,0.0,-0.8509944817946945,0.0,1,0.45,0.0
39650000,0.0,-0.835807361368273,0.0,1,0.45,0.0
39660000,0.0,-0.819952109325447,0.0,1,0.45,0.0
39670000,0.0,-0.8034414001121306,0.0,1,0.45,0.0
39680000,0.0,-0.7862884321366219,0.0,1,0.45,0.0
39690000,0.0,-0.7685069172190798,0.0,1,0.45,0.0
39700000,0.0,-0.7501110696304534,0.0,1,0.45,0.0
39710000,0.0,-0.7311155947298674,0.0,1,0.45,0.0
39720000,0.0,-0.7115356772092888,0.0,1,0.45,0.0
39730000,0.0,-0.6913869689551997,0.0,1,0.45,0.0
39740000,0.0,-0.6706855765367237,0.0,1,0.45,0.0
39750000,0.0,-0.6494480483301873,0.0,1,0.45,0.0
39760000,0.0,-0.6276913612907042,0.0,1,0.45,0.0
39770000,0.0,-0.6054329073809939,0.0,1,0.45,0.0
39780000,0.0,-0.5826904796685799,0.0,1,0.45,0.0
39790000,0.0,-0.5594822581021709,0.0,1,0.45,0.0
39800000,0.0,-0.5358267949789887,0.0,1,0.45,0.0
39810000,0.0,-0.511743000114349,0.0,1,0.45,0.0
39820000,0.0,-0.48725012572533644,0.0,1,0.45,0.0
39830000,0.0,-0.4623677510409959,0.0,1,0.45,0.0
39840000,0.0,-0.43711576665092433,0.0,1,0.45,0.0
39850000,0.0,-0.41151435860511304,0.0,1,0.45,0.0
39860000,0.0,-0.3855839922774008,0.0,1,0.45,0.0
39870000,0.0,-0.359345396005895,0.0,1,0.45,0.0
39880000,0.0,-0.3328195445229776,0.0,1,0.45,0.0
39890000,0.0,-0.3060276421885051,0.0,1,0.45,0.0
39900000,0.0,-0.27899110603923366,0.0,1,0.45,0.0
39910000,0.0,-0.25173154866848774,0.0,1,0.45,0.0
39920000,0.0,-0.2242707609493856,0.0,1,0.45,0.0
39930000,0.0,-0.19663069461542448,0.0,1,0.45,0.0
39940000,0.0,-0.1688334447127383,0.0,1,0.45,0.0
39950000,0.0,-0.14090123193757303,0.0,1,0.45,0.0
39960000,0.0,-0.11285638487348613,0.0,1,0.45,0.0
39970000,0.0,-0.08472132214207789,0.0,1,0.45,0.0
39980000,0.0,-0.05651853448201477,0.0,1,0.45,0.0
39990000,0.0,-0.028270566770277675,0.0,1,0.45,0.0
40000000,0.0,-4.408728476930472e-15,0.0,1,0.45,0.0
40010000,0.0,0.028270566770268863,0.0,1,0.45,0.0
40020000,0.0,0.056518534482034345,0.0,1,0.45,0.0
40030000,0.0,0.08472132214206911,0.0,1,0.45,0.0
40040000,0.0,0.11285638487347738,0.0,1,0.45,0.0
40050000,0.0,0.14090123193759244,0.0,1,0.45,0.0
40060000,0.0,0.16883344471272962,0.0,1,0.45,0.0
40070000,0.0,0.19663069461541585,0.0,1,0.45,0.0
40080000,0.0,0.224270760949377,0.0,1,0.45,0.0
40090000,0.0,0.2517315486685067,0.0,1,0.45,0.0
40100000,0.0,0.27899110603922517,0.0,1,0.45,0.0
40110000,0.0,0.3060276421884967,0.0,1,0.45,0.0
40120000,0.0,0.33281954452296925,0.0,1,0.45,0.0
40130000,0.0,0.3593453960058868,0.0,1,0.45,0.0
40140000,0.0,0.3855839922773927,0.0,1,0.45,0.0
40150000,0.0,0.411514358605105,0.0,1,0.45,0.0
40160000,0.0,0.437115766650942,0.0,1,0.45,0.0
40170000,0.0,0.46236775104098815,0.0,1,0.45,0.0
40180000,0.0,0.4872501257253287,0.0,1,0.45,0.0
40190000,0.0,0.5117430001143414,0.0,1,0.45,0.0
40200000,0.0,0.5358267949790052,0.0,1,0.45,0.0
40210000,0.0,0.5594822581021636,0.0,1,0.45,0.0
40220000,0.0,0.5826904796685728,0.0,1,0.45,0.0
40230000,0.0,0.6054329073810095,0.0,1,0.45,0.0
40240000,0.0,0.6276913612906974,0.0,1,0.45,0.0
40250000,0.0,0.6494480483301807,0.0,1,0.45,0.0
40260000,0.0,0.6706855765367171,0.0,1,0.45,0.0
40270000,0.0,0.6913869689552138,0.0,1,0.45,0.0
40280000,0.0,0.7115356772092826,0.0,1,0.45,0.0
40290000,0.0,0.7311155947298614,0.0,1,0.45,0.0
40300000,0.0,0.7501110696304664,0.0,1,0.45,0.0
40310000,0.0,0.7685069172190742,0.0,1,0.45,0.0
40320000,0.0,0.7862884321366165,0.0,1,0.45,0.0
40330000,0.0,0.8034414001121253,0.0,1,0.45,0.0
40340000,0.0,0.8199521093254583,0.0,1,0.45,0.0
40350000,0.0,0.8358073613682682,0.0,1,0.45,0.0
40360000,0.0,0.8509944817946898,0.0,1,0.45,0.0
40370000,0.0,0.8655013302530099,0.0,1,0.45,0.0
40380000,0.0,0.8793163101905545,0.0,1,0.45,0.0
40390000,0.0,0.8924283781237162,0.0,1,0.45,0.0
40400000,0.0,0.9048270524660179,0.0,1,0.45,0.0
40410000,0.0,0.9165024219069021,0.0,1,0.45,0.0
40420000,0.0,0.9274451533346599,0.0,1,0.45,0.0
40430000,0.0,0.9376464992972343,0.0,1,0.45,0.0
40440000,0.0,0.9470983049947386,0.0,1,0.45,0.0
40450000,0.0,0.9557930147983332,0.0,1,0.45,0.0
40460000,0.0,0.9637236782900087,0.0,1,0.45,0.0
40470000,0.0,0.9708839558187301,0.0,1,0.45,0.0
40480000,0.0,0.9772681235681957,0.0,1,0.45,0.0
40490000,0.0,0.9828710781323785,0.0,1,0.45,0.0
40500000,0.0,0.9876883405951372,0.0,1,0.45,0.0
40510000,0.0,0.9917160601105623,0.0,1,0.45,0.0
40520000,0.0,0.9949510169813012,0.0,1,0.45,0.0
40530000,0.0,0.9973906252323234,0.0,1,0.45,0.0
40540000,0.0,0.9990329346781246,0.0,1,0.45,0.0
40550000,0.0,0.9998766324816608,0.0,1,0.45,0.0
40560000,0.0,0.9999210442038161,0.0,1,0.45,0.0
40570000,0.0,0.9991661343425403,0.0,1,0.45,0.0
40580000,0.0,0.9976125063612254,0.0,1,0.45,0.0
40590000,0.0,0.9952614022063073,0.0,1,0.45,0.0
40600000,0.0,0.9921147013144782,0.0,1,0.45,0.0
40610000,0.0,0.988174919110281,0.0,1,0.45,0.0
40620000,0.0,0.9834452049953328,0.0,1,0.45,0.0
40630000,0.0,0.9779293398307225,0.0,1,0.45,0.0
40640000,0.0,0.9716317329146748,0.0,1,0.45,0.0
40650000,0.0,0.964557418457799,0.0,1,0.45,0.0
40660000,0.0,0.9567120515588273,0.0,1,0.45,0.0
40670000,0.0,0.948101903684033,0.0,1,0.45,0.0
40680000,0.0,0.9387338576538752,0.0,1,0.45,0.0
40690000,0.0,0.9286154021410238,0.0,1,0.45,0.0
40700000,0.0,0.9177546256839825,0.0,1,0.45,0.0
40710000,0.0,0.9061602102212912,0.0,1,0.45,0.0
40720000,0.0,0.8938414241512652,0.0,1,0.45,0.0
40730000,0.0,0.8808081149229984,0.0,1,0.45,0.0
40740000,0.0,0.8670707011644916,0.0,1,0.45,0.0
40750000,0.0,0.8526401643540938,0.0,1,0.45,0.0
40760000,0.0,0.8375280400421434,0.0,1,0.45,0.0
40770000,0.0,0.8217464086295839,0.0,1,0.45,0.0
40780000,0.0,0.8053078857111238,0.0,1,0.45,0.0
40790000,0.0,0.7882256119904419,0.0,1,0.45,0.0
40800000,0.0,0.7705132427757821,0.0,1,0.45,0.0
40810000,0.0,0.7521849370641134,0.0,1,0.45,0.0
40820000,0.0,0.733255346222562,0.0,1,0.45,0.0
40830000,0.0,0.7137396022764234,0.0,1,0.45,0.0
40840000,0.0,0.6936533058127969,0.0,1,0.45,0.0
40850000,0.0,0.6730125135097755,0.0,1,0.45,0.0
40860000,0.0,0.651833725300881,0.0,1,0.45,0.0
40870000,0.0,0.6301338711853824,0.0,1,0.45,0.0
40880000,0.0,0.6079302976946077,0.0,1,0.45,0.0
40890000,0.0,0.5852407540255125,0.0,1,0.45,0.0
40900000,0.0,0.562083377852133,0.0,1,0.45,0.0
40910000,0.0,0.5384766808266507,0.0,1,0.45,0.0
40920000,0.0,0.514439533781509,0.0,1,0.45,0.0
40930000,0.0,0.48999115164423906,0.0,1,0.45,0.0
40940000,0.0,0.46515107807747347,0.0,1,0.45,0.0
40950000,0.0,0.4399391698559177,0.0,1,0.45,0.0
40960000,0.0,0.4143755809932867,0.0,1,0.45,0.0
40970000,0.0,0.38848074663136867,0.0,1,0.45,0.0
40980000,0.0,0.36227536670453503,0.0,1,0.45,0.0
40990000,0.0,0.33578038939258326,0.0,1,0.45,0.0
41000000,0.0,0.30901699437495,0.0,1,0.45,0.0
41010000,0.0,0.28200657590014566,0.0,1,0.45,0.0
41020000,0.0,0.25477072568338477,0.0,1,0.45,0.0
41030000,0.0,0.22733121564664907,0.0,1,0.45,0.0
41040000,0.0,0.19970998051440964,0.0,1,0.45,0.0
41050000,0.0,0.17192910027939817,0.0,1,0.45,0.0
41060000,0.0,0.14401078255225477,0.0,1,0.45,0.0
41070000,0.0,0.11597734480896398,0.0,1,0.45,0.0
41080000,0.0,0.08785119655074577,0.0,1,0.45,0.0
41090000,0.0,0.0596548213901591,0.0,1,0.45,0.0
41100000,0.0,0.031410759078130866,0.0,1,0.45,0.0
41110000,0.0,0.0031415874858821227,0.0,1,0.45,0.0
41120000,0.0,-0.02513009544332073,0.0,1,0.45,0.0
41130000,0.0,-0.05338168975875795,0.0,1,0.45,0.0
41140000,0.0,-0.08159061156815506,0.0,1,0.45,0.0
41150000,0.0,-0.10973431109104279,0.0,1,0.45,0.0
41160000,0.0,-0.13779029068464968,0.0,1,0.45,0.0
41170000,0.0,-0.16573612282811728,0.0,1,0.45,0.0
41180000,0.0,-0.19354946805085788,0.0,1,0.45,0.0
41190000,0.0,-0.2212080927902309,0.0,1,0.45,0.0
41200000,0.0,-0.24868988716485246,0.0,1,0.45,0.0
41210000,0.0,-0.2759728826487434,0.0,1,0.45,0.0
41220000,0.0,-0.3030352696327717,0.0,1,0.45,0.0
41230000,0.0,-0.32985541485886405,0.0,1,0.45,0.0
41240000,0.0,-0.35641187871324853,0.0,1,0.45,0.0
41250000,0.0,-0.3826834323650876,0.0,1,0.45,0.0
41260000,0.0,-0.408649074736334,0.0,1,0.45,0.0
41270000,0.0,-0.4342880492898025,0.0,1,0.45,0.0
41280000,0.0,-0.4595798606214858,0.0,1,0.45,0.0
41290000,0.0,-0.484504290844396,0.0,1,0.45,0.0
41300000,0.0,-0.5090414157503816,0.0,1,0.45,0.0
41310000,0.0,-0.5331716207371867,0.0,1,0.45,0.0
41320000,0.0,-0.5568756164881862,0.0,1,0.45,0.0
41330000,0.0,-0.580134454391836,0.0,1,0.45,0.0
41340000,0.0,-0.6029295416890343,0.0,1,0.45,0.0
41350000,0.0,-0.6252426563357035,0.0,1,0.45,0.0
41360000,0.0,-0.6470559615694427,0.0,1,0.45,0.0
41370000,0.0,-0.668352020167781,0.0,1,0.45,0.0
41380000,0.0,-0.6891138083873469,0.0,1,0.45,0.0
41390000,0.0,-0.7093247295722724,0.0,1,0.45,0.0
41400000,0.0,-0.7289686274214101,0.0,1,0.45,0.0
41410000,0.0,-0.7480297989033906,0.0,1,0.45,0.0
41420000,0.0,-0.7664930068093485,0.0,1,0.45,0.0
41430000,0.0,-0.7843434919334088,0.0,1,0.45,0.0
41440000,0.0,-0.8015669848708669,0.0,1,0.45,0.0
41450000,0.0,-0.8181497174250223,0.0,1,0.45,0.0
41460000,0.0,-0.8340784336131701,0.0,1,0.45,0.0
41470000,0.0,-0.8493404002633155,0.0,1,0.45,0.0
41480000,0.0,-0.8639234171928415,0.0,1,0.45,0.0
41490000,0.0,-0.8778158269611207,0.0,1,0.45,0.0
41500000,0.0,-0.891006524188367,0.0,1,0.45,0.0
41510000,0.0,-0.903484964433028,0.0,1,0.45,0.0
41520000,0.0,-0.9152411726209168,0.0,1,0.45,0.0
41530000,0.0,-0.9262657510190659,0.0,1,0.45,0.0
41540000,0.0,-0.9365498867481917,0.0,1,0.45,0.0
41550000,0.0,-0.9460853588275493,0.0,1,0.45,0.0
41560000,0.0,-0.9548645447466424,0.0,1,0.45,0.0
41570000,0.0,-0.9628804265585871,0.0,1,0.45,0.0
41580000,0.0,-0.9701265964901019,0.0,1,0.45,0.0
41590000,0.0,-0.9765972620638242,0.0,1,0.45,0.0
41600000,0.0,-0.9822872507286884,0.0,1,0.45,0.0
41610000,0.0,-0.9871920139948189,0.0,1,0.45,0.0
41620000,0.0,-0.9913076310695045,0.0,1,0.45,0.0
41630000,0.0,-0.9946308119914322,0.0,1,0.45,0.0
41640000,0.0,-0.9971589002606138,0.0,1,0.45,0.0
41650000,0.0,-0.9988898749619699,0.0,1,0.45,0.0
41660000,0.0,-0.9998223523808093,0.0,1,0.45,0.0
41670000,0.0,-0.9999555871089498,0.0,1,0.45,0.0
41680000,0.0,-0.9992894726405893,0.0,1,0.45,0.0
41690000,0.0,-0.9978245414574425,0.0,1,0.45,0.0
41700000,0.0,-0.9955619646030801,0.0,1,0.45,0.0
41710000,0.0,-0.992503550746824,0.0,1,0.45,0.0
41720000,0.0,-0.9886517447379143,0.0,1,0.45,0.0
41730000,0.0,-0.9840096256511375,0.0,1,0.45,0.0
41740000,0.0,-0.9785809043254724,0.0,1,0.45,0.0
41750000,0.0,-0.972369920397677,0.0,1,0.45,0.0
41760000,0.0,-0.965381638833278,0.0,1,0.45,0.0
41770000,0.0,-0.9576216459576227,0.0,1,0.45,0.0
41780000,0.0,-0.949096144990295,0.0,1,0.45,0.0
41790000,0.0,-0.9398119510863202,0.0,1,0.45,0.0
41800000,0.0,-0.9297764858882467,0.0,1,0.45,0.0
41810000,0.0,-0.9189977715934219,0.0,1,0.45,0.0
41820000,0.0,-0.9074844245411176,0.0,1,0.45,0.0
41830000,0.0,-0.8952456483248186,0.0,1,0.45,0.0
41840000,0.0,-0.882291226434954,0.0,1,0.45,0.0
41850000,0.0,-0.8686315144381919,0.0,1,0.45,0.0
41860000,0.0,-0.8542774316992958,0.0,1,0.45,0.0
41870000,0.0,-0.8392404526523901,0.0,1,0.45,0.0
41880000,0.0,-0.8235325976284281,0.0,1,0.45,0.0
41890000,0.0,-0.807166423246401,0.0,1,0.45,0.0
41900000,0.0,-0.7901550123756999,0.0,1,0.45,0.0
41910000,0.0,-0.7725119636778652,0.0,1,0.45,0.0
41920000,0.0,-0.7542513807361046,0.0,1,0.45,0.0
41930000,0.0,-0.7353878607810167,0.0,1,0.45,0.0
41940000,0.0,-0.7159364830218419,0.0,1,0.45,0.0
41950000,0.0,-0.6959127965923152,0.0,1,0.45,0.0
41960000,0.0,-0.6753328081210253,0.0,1,0.45,0.0
41970000,0.0,-0.6542129689358619,0.0,1,0.45,0.0
41980000,0.0,-0.6325701619131143,0.0,1,0.45,0.0
41990000,0.0,-0.6104216879816033,0.0,1,0.45,0.0
42000000,0.0,-0.587785252292474,0.0,1,0.45,0.0
42010000,0.0,-0.5646789500660897,0.0,1,0.45,0.0
42020000,0.0,-0.5411212521268767,0.0,1,0.45,0.0
42030000,0.0,-0.5171309901381581,0.0,1,0.45,0.0
42040000,0.0,-0.49272734154829245,0.0,1,0.45,0.0
42050000,0.0,-0.4679298142605617,0.0,1,0.45,0.0
42060000,0.0,-0.4427582310389024,0.0,1,0.45,0.0
42070000,0.0,-0.4172327136617662,0.0,1,0.45,0.0
42080000,0.0,-0.39137366683721636,0.0,1,0.45,0.0
42090000,0.0,-0.36520176189158865,0.0,1,0.45,0.0
42100000,0.0,-0.33873792024529226,0.0,1,0.45,0.0
42110000,0.0,-0.3120032966884157,0.0,1,0.45,0.0
42120000,0.0,-0.2850192624699906,0.0,1,0.45,0.0
42130000,0.0,-0.2578073882140607,0.0,1,0.45,0.0
42140000,0.0,-0.2303894266765914,0.0,1,0.45,0.0
42150000,0.0,-0.2027872953565272,0.0,1,0.45,0.0
42160000,0.0,-0.17502305897527684,0.0,1,0.45,0.0
42170000,0.0,-0.14711891183863815,0.0,1,0.45,0.0
42180000,0.0,-0.11909716009487051,0.0,1,0.45,0.0
42190000,0.0,-0.09098020390358483,0.0,1,0.45,0.0
42200000,0.0,-0.06279051952931412,0.0,1,0.45,0.0
42210000,0.0,-0.034550641374472994,0.0,1,0.45,0.0
42220000,0.0,-0.0062831439655738714,0.0,1,0.45,0.0
42230000,0.0,0.021989376092518623,0.0,1,0.45,0.0
42240000,0.0,0.05024431817976888,0.0,1,0.45,0.0
42250000,0.0,0.07845909572784429,0.0,1,0.45,0.0
42260000,0.0,0.10661115427524515,0.0,1,0.45,0.0
42270000,0.0,0.13467798949715198,0.0,1,0.45,0.0
42280000,0.0,0.162637165194883,0.0,1,0.45,0.0
42290000,0.0,0.1904663312311893,0.0,1,0.45,0.0
42300000,0.0,0.21814324139655586,0.0,1,0.45,0.0
42310000,0.0,0.24564577119242578,0.0,1,0.45,0.0
42320000,0.0,0.2729519355173247,0.0,1,0.45,0.0
42330000,0.0,0.3000399062412622,0.0,1,0.45,0.0
42340000,0.0,0.326888029654942,0.0,1,0.45,0.0
42350000,0.0,0.35347484377925664,0.0,1,0.45,0.0
42360000,0.0,0.37977909552180067,0.0,1,0.45,0.0
42370000,0.0,0.40577975766618657,0.0,1,0.45,0.0
42380000,0.0,0.4314560456809586,0.0,1,0.45,0.0
42390000,0.0,0.45678743433429914,0.0,1,0.45,0.0
42400000,0.0,0.48175367410170244,0.0,1,0.45,0.0
42410000,0.0,0.5063348073531322,0.0,1,0.45,0.0
42420000,0.0,0.5305111843067337,0.0,1,0.45,0.0
42430000,0.0,0.5542634787366938,0.0,1,0.45,0.0
42440000,0.0,0.5775727034222558,0.0,1,0.45,0.0
42450000,0.0,0.6004202253258838,0.0,1,0.45,0.0
42460000,0.0,0.6227877804881122,0.0,1,0.45,0.0
42470000,0.0,0.6446574886275802,0.0,1,0.45,0.0
42480000,0.0,0.6660118674342514,0.0,1,0.45,0.0
42490000,0.0,0.686833846544408,0.0,1,0.45,0.0
42500000,0.0,0.7071067811865474,0.0,1,0.45,0.0
42510000,0.0,0.7268144654868929,0.0,1,0.45,0.0
42520000,0.0,0.745941145424182,0.0,1,0.45,0.0
42530000,0.0,0.7644715314230914,0.0,1,0.45,0.0
42540000,0.0,0.782390810576588,0.0,1,0.45,0.0
42550000,0.0,0.799684658487099,0.0,1,0.45,0.0
42560000,0.0,0.8163392507171838,0.0,1,0.45,0.0
42570000,0.0,0.8323412738406634,0.0,1,0.45,0.0
42580000,0.0,0.8476779360850757,0.0,1,0.45,0.0
42590000,0.0,0.8623369775573039,0.0,1,0.45,0.0
42600000,0.0,0.8763066800438636,0.0,1,0.45,0.0
42610000,0.0,0.8895758763783379,0.0,1,0.45,0.0
42620000,0.0,0.9021339593681967,0.0,1,0.45,0.0
42630000,0.0,0.9139708902740612,0.0,1,0.45,0.0
42640000,0.0,0.925077206834458,0.0,1,0.45,0.0
42650000,0.0,0.9354440308298623,0.0,1,0.45,0.0
42660000,0.0,0.9450630751798048,0.0,1,0.45,0.0
42670000,0.0,0.9539266505673936,0.0,1,0.45,0.0
42680000,0.0,0.9620276715860859,0.0,1,0.45,0.0
42690000,0.0,0.9693596624036258,0.0,1,0.45,0.0
42700000,0.0,0.9759167619387474,0.0,1,0.45,0.0
42710000,0.0,0.9816937285463989,0.0,1,0.45,0.0
42720000,0.0,0.9866859442078658,0.0,1,0.45,0.0
42730000,0.0,0.9908894182223387,0.0,1,0.45,0.0
42740000,0.0,0.9943007903969989,0.0,1,0.45,0.0
42750000,0.0,0.996917333733128,0.0,1,0.45,0.0
42760000,0.0,0.9987369566060168,0.0,1,0.45,0.0
42770000,0.0,0.999758204436984,0.0,1,0.45,0.0
42780000,0.0,0.9999802608561371,0.0,1,0.45,0.0
42790000,0.0,0.9994029483549733,0.0,1,0.45,0.0
42800000,0.0,0.9980267284282716,0.0,1,0.45,0.0
42810000,0.0,0.9958527012051857,0.0,1,0.45,0.0
42820000,0.0,0.9928826045698136,0.0,1,0.45,0.0
42830000,0.0,0.9891188127719639,0.0,1,0.45,0.0
42840000,0.0,0.9845643345292053,0.0,1,0.45,0.0
42850000,0.0,0.9792228106217657,0.0,1,0.45,0.0
42860000,0.0,0.9730985109821265,0.0,1,0.45,0.0
42870000,0.0,0.9661963312817183,0.0,1,0.45,0.0
42880000,0.0,0.9585217890173757,0.0,1,0.45,0.0
42890000,0.0,0.9500810191007716,0.0,1,0.45,0.0
42900000,0.0,0.9408807689542301,0.0,1,0.45,0.0
42910000,0.0,0.9309283931169355,0.0,1,0.45,0.0
42920000,0.0,0.9202318473658702,0.0,1,0.45,0.0
42930000,0.0,0.9087996823560399,0.0,1,0.45,0.0
42940000,0.0,0.896641036785242,0.0,1,0.45,0.0
42950000,0.0,0.8837656300886931,0.0,1,0.45,0.0
42960000,0.0,0.8701837546695254,0.0,1,0.45,0.0
42970000,0.0,0.8559062676711401,0.0,1,0.45,0.0
42980000,0.0,0.8409445822981688,0.0,1,0.45,0.0
42990000,0.0,0.8253106586929992,0.0,1,0.45,0.0
43000000,0.0,0.8090169943749471,0.0,1,0.45,0.0
43010000,0.0,0.7920766142499753,0.0,1,0.45,0.0
43020000,0.0,0.7745030601987334,0.0,1,0.45,0.0
43030000,0.0,0.7563103802514716,0.0,1,0.45,0.0
43040000,0.0,0.737513117358183,0.0,1,0.45,0.0
43050000,0.0,0.7181262977631884,0.0,1,0.45,0.0
43060000,0.0,0.6981654189934722,0.0,1,0.45,0.0
43070000,0.0,0.6776464374701018,0.0,1,0.45,0.0
43080000,0.0,0.6565857557529666,0.0,1,0.45,0.0
43090000,0.0,0.6350002094287601,0.0,1,0.45,0.0
43100000,0.0,0.6129070536529759,0.0,1,0.45,0.0
43110000,0.0,0.5903239493563054,0.0,1,0.45,0.0
43120000,0.0,0.5672689491267675,0.0,1,0.45,0.0
43130000,0.0,0.5437604827787919,0.0,1,0.45,0.0
43140000,0.0,0.5198173426207088,0.0,1,0.45,0.0
43150000,0.0,0.49545866843241915,0.0,1,0.45,0.0
43160000,0.0,0.4707039321653318,0.0,1,0.45,0.0
43170000,0.0,0.4455729223768955,0.0,1,0.45,0.0
43180000,0.0,0.42008572841180547,0.0,1,0.45,0.0
43190000,0.0,0.3942627243429632,0.0,1,0.45,0.0
43200000,0.0,0.3681245526846771,0.0,1,0.45,0.0
43210000,0.0,0.3416921078914824,0.0,1,0.45,0.0
43220000,0.0,0.3149865196553174,0.0,1,0.45,0.0
43230000,0.0,0.28802913601476826,0.0,1,0.45,0.0
43240000,0.0,0.260841506289896,0.0,1,0.45,0.0
43250000,0.0,0.23344536385590442,0.0,1,0.45,0.0
43260000,0.0,0.20586260876989423,0.0,1,0.45,0.0
43270000,0.0,0.1781152902642091,0.0,1,0.45,0.0
43280000,0.0,0.150225589120756,0.0,1,0.45,0.0
43290000,0.0,0.12221579993990248,0.0,1,0.45,0.0
43300000,0.0,0.09410831331851323,0.0,1,0.45,0.0
43310000,0.0,0.06592559795137676,0.0,1,0.45,0.0
43320000,0.0,0.03769018266993342,0.0,1,0.45,0.0
43330000,0.0,0.009424638433157077,0.0,1,0.45,0.0
43340000,0.0,-0.018848439715409334,0.0,1,0.45,0.0
43350000,0.0,-0.04710645070964383,0.0,1,0.45,0.0
43360000,0.0,-0.07532680552791973,0.0,1,0.45,0.0
43370000,0.0,-0.10348694525040959,0.0,1,0.45,0.0
43380000,0.0,-0.13156435909228373,0.0,1,0.45,0.0
43390000,0.0,-0.15953660239848752,0.0,1,0.45,0.0
43400000,0.0,-0.18738131458571192,0.0,1,0.45,0.0
43410000,0.0,-0.21507623701711462,0.0,1,0.45,0.0
43420000,0.0,-0.24259923079540868,0.0,1,0.45,0.0
43430000,0.0,-0.2699282944604976,0.0,1,0.45,0.0
43440000,0.0,-0.2970415815770226,0.0,1,0.45,0.0
43450000,0.0,-0.3239174181981507,0.0,1,0.45,0.0
43460000,0.0,-0.3505343201912603,0.0,1,0.45,0.0
43470000,0.0,-0.37687101041215076,0.0,1,0.45,0.0
43480000,0.0,-0.4029064357136639,0.0,1,0.45,0.0
43490000,0.0,-0.4286197837751296,0.0,1,0.45,0.0
43500000,0.0,-0.4539904997395481,0.0,1,0.45,0.0
43510000,0.0,-0.4789983026447498,0.0,1,0.45,0.0
43520000,0.0,-0.5036232016357621,0.0,1,0.45,0.0
43530000,0.0,-0.5278455119450677,0.0,1,0.45,0.0
43540000,0.0,-0.5516458706284196,0.0,1,0.45,0.0
43550000,0.0,-0.5750052520432798,0.0,1,0.45,0.0
43560000,0.0,-0.59790498305752,0.0,1,0.45,0.0
43570000,0.0,-0.6203267579765572,0.0,1,0.45,0.0
43580000,0.0,-0.6422526531765747,0.0,1,0.45,0.0
43590000,0.0,-0.6636651414324597,0.0,1,0.45,0.0
43600000,0.0,-0.6845471059286898,0.0,1,0.45,0.0
43610000,0.0,-0.7048818539423525,0.0,1,0.45,0.0
43620000,0.0,-0.7246531301870379,0.0,1,0.45,0.0
43630000,0.0,-0.7438451298070261,0.0,1,0.45,0.0
43640000,0.0,-0.7624425110114489,0.0,1,0.45,0.0
43650000,0.0,-0.7804304073383219,0.0,1,0.45,0.0
43660000,0.0,-0.797794439538572,0.0,1,0.45,0.0
43670000,0.0,-0.8145207270705104,0.0,1,0.45,0.0
43680000,0.0,-0.8305958991958057,0.0,1,0.45,0.0
43690000,0.0,-0.8460071056678355,0.0,1,0.45,0.0
43700000,0.0,-0.8607420270039445,0.0,1,0.45,0.0
43710000,0.0,-0.8747888843334536,0.0,1,0.45,0.0
43720000,0.0,-0.8881364488135388,0.0,1,0.45,0.0
43730000,0.0,-0.9007740506053988,0.0,1,0.45,0.0
43740000,0.0,-0.9126915874035035,0.0,1,0.45,0.0
43750000,0.0,-0.9238795325112874,0.0,1,0.45,0.0
43760000,0.0,-0.9343289424566077,0.0,1,0.45,0.0
43770000,0.0,-0.9440314641410503,0.0,1,0.45,0.0
43780000,0.0,-0.9529793415172194,0.0,1,0.45,0.0
43790000,0.0,-0.9611654217888486,0.0,1,0.45,0.0
43800000,0.0,-0.9685831611286316,0.0,1,0.45,0.0
43810000,0.0,-0.9752266299092238,0.0,1,0.45,0.0
43820000,0.0,-0.9810905174433344,0.0,1,0.45,0.0
43830000,0.0,-0.9861701362289869,0.0,1,0.45,0.0
43840000,0.0,-0.9904614256966515,0.0,1,0.45,0.0
43850000,0.0,-0.9939609554551799,0.0,1,0.45,0.0
43860000,0.0,-0.9966659280340289,0.0,1,0.45,0.0
43870000,0.0,-0.9985741811195091,0.0,1,0.45,0.0
43880000,0.0,-0.9996841892833,0.0,1,0.45,0.0
43890000,0.0,-0.9999950652018582,0.0,1,0.45,0.0
43900000,0.0,-0.9995065603657319,0.0,1,0.45,0.0
43910000,0.0,-0.9982190652782117,0.0,1,0.45,0.0
43920000,0.0,-0.9961336091431723,0.0,1,0.45,0.0
43930000,0.0,-0.9932518590423408,0.0,1,0.45,0.0
43940000,0.0,-0.9895761186026527,0.0,1,0.45,0.0
43950000,0.0,-0.9851093261547735,0.0,1,0.45,0.0
43960000,0.0,-0.9798550523842464,0.0,1,0.45,0.0
43970000,0.0,-0.9738174974771316,0.0,1,0.45,0.0
43980000,0.0,-0.9670014877624344,0.0,1,0.45,0.0
43990000,0.0,-0.9594124718540422,0.0,1,0.45,0.0
44000000,0.0,-0.9510565162951573,0.0,1,0.45,0.0
44010000,0.0,-0.9419403007087946,0.0,1,0.45,0.0
44020000,0.0,-0.9320711124582102,0.0,1,0.45,0.0
44030000,0.0,-0.9214568408214976,0.0,1,0.45,0.0
44040000,0.0,-0.9101059706850007,0.0,1,0.45,0.0
44050000,0.0,-0.8980275757606146,0.0,1,0.45,0.0
44060000,0.0,-0.8852313113324541,0.0,1,0.45,0.0
44070000,0.0,-0.8717274065385078,0.0,1,0.45,0.0
44080000,0.0,-0.8575266561936583,0.0,1,0.45,0.0
44090000,0.0,-0.842640412160431,0.0,1,0.45,0.0
44100000,0.0,-0.8270805742745605,0.0,1,0.45,0.0
44110000,0.0,-0.8108595808323803,0.0,1,0.45,0.0
44120000,0.0,-0.7939903986478425,0.0,1,0.45,0.0
44130000,0.0,-0.776486512687077,0.0,1,0.45,0.0
44140000,0.0,-0.7583619152887202,0.0,1,0.45,0.0
44150000,0.0,-0.7396310949786176,0.0,1,0.45,0.0
44160000,0.0,-0.7203090248879052,0.0,1,0.45,0.0
44170000,0.0,-0.7004111507838046,0.0,1,0.45,0.0
44180000,0.0,-0.6799533787224278,0.0,1,0.45,0.0
44190000,0.0,-0.6589520623337257,0.0,1,0.45,0.0
44200000,0.0,-0.6374239897486877,0.0,1,0.45,0.0
44210000,0.0,-0.6153863701791694,0.0,1,0.45,0.0
44220000,0.0,-0.5928568201610686,0.0,1,0.45,0.0
44230000,0.0,-0.5698533494719216,0.0,1,0.45,0.0
44240000,0.0,-0.5463943467342669,0.0,1,0.45,0.0
44250000,0.0,-0.5224985647159587,0.0,1,0.45,0.0
44260000,0.0,-0.49818510533950083,0.0,1,0.45,0.0
44270000,0.0,-0.4734734044123098,0.0,1,0.45,0.0
44280000,0.0,-0.44838321609002985,0.0,1,0.45,0.0
44290000,0.0,-0.42293459708531367,0.0,1,0.45,0.0
44300000,0.0,-0.39714789063477807,0.0,1,0.45,0.0
44310000,0.0,-0.37104371023704846,0.0,1,0.45,0.0
44320000,0.0,-0.34464292317451445,0.0,1,0.45,0.0
44330000,0.0,-0.31796663383242174,0.0,1,0.45,0.0
44340000,0.0,-0.29103616682826916,0.0,1,0.45,0.0
44350000,0.0,-0.26387304996537014,0.0,1,0.45,0.0
44360000,0.0,-0.23649899702373572,0.0,1,0.45,0.0
44370000,0.0,-0.2089358904024228,0.0,1,0.45,0.0
44380000,0.0,-0.1812057636271345,0.0,1,0.45,0.0
44390000,0.0,-0.15333078373695777,0.0,1,0.45,0.0
44400000,0.0,-0.12533323356431544,0.0,1,0.45,0.0
44410000,0.0,-0.0972354939223964,0.0,1,0.45,0.0
44420000,0.0,-0.06906002571440285,0.0,1,0.45,0.0
44430000,0.0,-0.04082935197852123,0.0,1,0.45,0.0
44440000,0.0,-0.01256603988336383,0.0,1,0.45,0.0
44450000,0.0,0.01570731731182368,0.0,1,0.45,0.0
44460000,0.0,0.04396811831786792,0.0,1,0.45,0.0
44470000,0.0,0.07219377188284946,0.0,1,0.45,0.0
44480000,0.0,0.10036171485121793,0.0,1,0.45,0.0
44490000,0.0,0.1284494302003059,0.0,1,0.45,0.0
44500000,0.0,0.15643446504021988,0.0,1,0.45,0.0
44510000,0.0,0.18429444856232238,0.0,1,0.45,0.0
44520000,0.0,0.21200710992205768,0.0,1,0.45,0.0
44530000,0.0,0.23955029604192488,0.0,1,0.45,0.0
44540000,0.0,0.2669019893203649,0.0,1,0.45,0.0
44550000,0.0,0.294040325232307,0.0,1,0.45,0.0
44560000,0.0,0.3209436098072125,0.0,1,0.45,0.0
44570000,0.0,0.3475903369710267,0.0,1,0.45,0.0
44580000,0.0,0.37395920573779023,0.0,1,0.45,0.0
44590000,0.0,0.40002913723726774,0.0,1,0.45,0.0
44600000,0.0,0.4257792915650756,0.0,1,0.45,0.0
44610000,0.0,0.4511890844418353,0.0,1,0.45,0.0
44620000,0.0,0.4762382036679295,0.0,1,0.45,0.0
44630000,0.0,0.5009066253607127,0.0,1,0.45,0.0
44640000,0.0,0.5251746299612985,0.0,1,0.45,0.0
44650000,0.0,0.5490228179981227,0.0,1,0.45,0.0
44660000,0.0,0.5724321255945937,0.0,1,0.45,0.0
44670000,0.0,0.5953838397083576,0.0,1,0.45,0.0
44680000,0.0,0.6178596130903259,0.0,1,0.45,0.0
44690000,0.0,0.6398414789511702,0.0,1,0.45,0.0
44700000,0.0,0.6613118653236545,0.0,1,0.45,0.0
44710000,0.0,0.6822536091093989,0.0,1,0.45,0.0
44720000,0.0,0.7026499697988415,0.0,1,0.45,0.0
44730000,0.0,0.7224846428533522,0.0,1,0.45,0.0
44740000,0.0,0.7417417727387415,0.0,1,0.45,0.0
44750000,0.0,0.7604059656000239,0.0,1,0.45,0.0
44760000,0.0,0.7784623015670167,0.0,1,0.45,0.0
44770000,0.0,0.795896346681018,0.0,1,0.45,0.0
44780000,0.0,0.8126941644330961,0.0,1,0.45,0.0
44790000,0.0,0.828842326904756,0.0,1,0.45,0.0
44800000,0.0,0.844327925502017,0.0,1,0.45,0.0
44810000,0.0,0.8591385812742742,0.0,1,0.45,0.0
44820000,0.0,0.873262454809915,0.0,1,0.45,0.0
44830000,0.0,0.8866882557005517,0.0,1,0.45,0.0
44840000,0.0,0.8994052515663726,0.0,1,0.45,0.0
44850000,0.0,0.9114032766354467,0.0,1,0.45,0.0
44860000,0.0,0.9226727398701108,0.0,1,0.45,0.0
44870000,0.0,0.9332046326338947,0.0,1,0.45,0.0
44880000,0.0,0.9429905358928657,0.0,1,0.45,0.0
44890000,0.0,0.9520226269456777,0.0,1,0.45,0.0
44900000,0.0,0.9602936856769402,0.0,1,0.45,0.0
44910000,0.0,0.9677971003288665,0.0,1,0.45,0.0
44920000,0.0,0.974526872786578,0.0,1,0.45,0.0
44930000,0.0,0.9804776233729423,0.0,1,0.45,0.0
44940000,0.0,0.9856445951489963,0.0,1,0.45,0.0
44950000,0.0,0.9900236577165581,0.0,1,0.45,0.0
44960000,0.0,0.9936113105200088,0.0,1,0.45,0.0
44970000,0.0,0.9964046856445915,0.0,1,0.45,0.0
44980000,0.0,0.9984015501089752,0.0,1,0.45,0.0
44990000,0.0,0.9996003076502566,0.0,1,0.45,0.0
45000000,0.0,1.0,0.0,1,0.45,0.0
45010000,0.0,0.9996003076502569,0.0,1,0.45,0.0
45020000,0.0,0.9984015501089748,0.0,1,0.45,0.0
45030000,0.0,0.9964046856445921,0.0,1,0.45,0.0
45040000,0.0,0.9936113105200096,0.0,1,0.45,0.0
45050000,0.0,0.990023657716557,0.0,1,0.45,0.0
45060000,0.0,0.9856445951489974,0.0,1,0.45,0.0
45070000,0.0,0.9804776233729464,0.0,1,0.45,0.0
45080000,0.0,0.9745268727865795,0.0,1,0.45,0.0
45090000,0.0,0.9677971003288645,0.0,1,0.45,0.0
45100000,0.0,0.960293685676942,0.0,1,0.45,0.0
45110000,0.0,0.9520226269456797,0.0,1,0.45,0.0
45120000,0.0,0.9429905358928679,0.0,1,0.45,0.0
45130000,0.0,0.9332046326338971,0.0,1,0.45,0.0
45140000,0.0,0.9226727398701187,0.0,1,0.45,0.0
45150000,0.0,0.9114032766354494,0.0,1,0.45,0.0
45160000,0.0,0.8994052515663692,0.0,1,0.45,0.0
45170000,0.0,0.8866882557005545,0.0,1,0.45,0.0
45180000,0.0,0.873262454809925,0.0,1,0.45,0.0
45190000,0.0,0.8591385812742774,0.0,1,0.45,0.0
45200000,0.0,0.8443279255020127,0.0,1,0.45,0.0
45210000,0.0,0.8288423269047596,0.0,1,0.45,0.0
45220000,0.0,0.8126941644330997,0.0,1,0.45,0.0
45230000,0.0,0.7958963466810133,0.0,1,0.45,0.0
45240000,0.0,0.7784623015670207,0.0,1,0.45,0.0
45250000,0.0,0.7604059656000374,0.0,1,0.45,0.0
45260000,0.0,0.7417417727387459,0.0,1,0.45,0.0
45270000,0.0,0.7224846428533468,0.0,1,0.45,0.0
45280000,0.0,0.7026499697988562,0.0,1,0.45,0.0
45290000,0.0,0.6822536091094036,0.0,1,0.45,0.0
45300000,0.0,0.661311865323638,0.0,1,0.45,0.0
45310000,0.0,0.6398414789511859,0.0,1,0.45,0.0
45320000,0.0,0.617859613090342,0.0,1,0.45,0.0
45330000,0.0,0.5953838397083627,0.0,1,0.45,0.0
45340000,0.0,0.5724321255945756,0.0,1,0.45,0.0
45350000,0.0,0.5490228179981399,0.0,1,0.45,0.0
45360000,0.0,0.5251746299613039,0.0,1,0.45,0.0
45370000,0.0,0.5009066253607183,0.0,1,0.45,0.0
45380000,0.0,0.4762382036679476,0.0,1,0.45,0.0
45390000,0.0,0.4511890844418536,0.0,1,0.45,0.0
45400000,0.0,0.4257792915650814,0.0,1,0.45,0.0
45410000,0.0,0.40002913723724753,0.0,1,0.45,0.0
45420000,0.0,0.37395920573780933,0.0,1,0.45,0.0
45430000,0.0,0.347590336971046,0.0,1,0.45,0.0
45440000,0.0,0.32094360980721853,0.0,1,0.45,0.0
45450000,0.0,0.29404032523231305,0.0,1,0.45,0.0
45460000,0.0,0.2669019893203847,0.0,1,0.45,0.0
45470000,0.0,0.23955029604193107,0.0,1,0.45,0.0
45480000,0.0,0.21200710992203614,0.0,1,0.45,0.0
45490000,0.0,0.18429444856234262,0.0,1,0.45,0.0
45500000,0.0,0.1564344650402402,0.0,1,0.45,0.0
45510000,0.0,0.12844943020031221,0.0,1,0.45,0.0
45520000,0.0,0.10036171485122426,0.0,1,0.45,0.0
45530000,0.0,0.07219377188286998,0.0,1,0.45,0.0
45540000,0.0,0.04396811831787428,0.0,1,0.45,0.0
45550000,0.0,0.015707317311801628,0.0,1,0.45,0.0
45560000,0.0,-0.012566039883343252,0.0,1,0.45,0.0
45570000,0.0,-0.04082935197850066,0.0,1,0.45,0.0
45580000,0.0,-0.0690600257143965,0.0,1,0.45,0.0
45590000,0.0,-0.09723549392239007,0.0,1,0.45,0.0
45600000,0.0,-0.12533323356429502,0.0,1,0.45,0.0
45610000,0.0,-0.15333078373695147,0.0,1,0.45,0.0
45620000,0.0,-0.18120576362712826,0.0,1,0.45,0.0
45630000,0.0,-0.20893589040240268,0.0,1,0.45,0.0
45640000,0.0,-0.2364989970237157,0.0,1,0.45,0.0
45650000,0.0,-0.26387304996536404,0.0,1,0.45,0.0
45660000,0.0,-0.29103616682829025,0.0,1,0.45,0.0
45670000,0.0,-0.31796663383240226,0.0,1,0.45,0.0
45680000,0.0,-0.34464292317450845,0.0,1,0.45,0.0
45690000,0.0,-0.3710437102370425,0.0,1,0.45,0.0
45700000,0.0,-0.39714789063477224,0.0,1,0.45,0.0
45710000,0.0,-0.422934597085295,0.0,1,0.45,0.0
45720000,0.0,-0.44838321609002413,0.0,1,0.45,0.0
45730000,0.0,-0.47347340441232916,0.0,1,0.45,0.0
45740000,0.0,-0.49818510533948296,0.0,1,0.45,0.0
45750000,0.0,-0.5224985647159411,0.0,1,0.45,0.0
45760000,0.0,-0.5463943467342616,0.0,1,0.45,0.0
45770000,0.0,-0.5698533494719163,0.0,1,0.45,0.0
45780000,0.0,-0.592856820161052,0.0,1,0.45,0.0
45790000,0.0,-0.6153863701791644,0.0,1,0.45,0.0
45800000,0.0,-0.6374239897487047,0.0,1,0.45,0.0
45810000,0.0,-0.6589520623337102,0.0,1,0.45,0.0
45820000,0.0,-0.6799533787224127,0.0,1,0.45,0.0
45830000,0.0,-0.7004111507838,0.0,1,0.45,0.0
45840000,0.0,-0.7203090248879007,0.0,1,0.45,0.0
45850000,0.0,-0.7396310949786037,0.0,1,0.45,0.0
45860000,0.0,-0.7583619152887161,0.0,1,0.45,0.0
45870000,0.0,-0.776486512687073,0.0,1,0.45,0.0
45880000,0.0,-0.7939903986478299,0.0,1,0.45,0.0
45890000,0.0,-0.8108595808323683,0.0,1,0.45,0.0
45900000,0.0,-0.8270805742745568,0.0,1,0.45,0.0
45910000,0.0,-0.8426404121604275,0.0,1,0.45,0.0
45920000,0.0,-0.8575266561936478,0.0,1,0.45,0.0
45930000,0.0,-0.8717274065385046,0.0,1,0.45,0.0
45940000,0.0,-0.8852313113324511,0.0,1,0.45,0.0
45950000,0.0,-0.8980275757606118,0.0,1,0.45,0.0
45960000,0.0,-0.9101059706849921,0.0,1,0.45,0.0
45970000,0.0,-0.921456840821495,0.0,1,0.45,0.0
45980000,0.0,-0.9320711124582182,0.0,1,0.45,0.0
45990000,0.0,-0.9419403007087878,0.0,1,0.45,0.0
46000000,0.0,-0.9510565162951509,0.0,1,0.45,0.0
46010000,0.0,-0.9594124718540404,0.0,1,0.45,0.0
46020000,0.0,-0.9670014877624329,0.0,1,0.45,0.0
46030000,0.0,-0.973817497477127,0.0,1,0.45,0.0
46040000,0.0,-0.9798550523842452,0.0,1,0.45,0.0
46050000,0.0,-0.9851093261547773,0.0,1,0.45,0.0
46060000,0.0,-0.9895761186026497,0.0,1,0.45,0.0
46070000,0.0,-0.9932518590423385,0.0,1,0.45,0.0
46080000,0.0,-0.9961336091431717,0.0,1,0.45,0.0
46090000,0.0,-0.9982190652782112,0.0,1,0.45,0.0
46100000,0.0,-0.9995065603657313,0.0,1,0.45,0.0
46110000,0.0,-0.9999950652018581,0.0,1,0.45,0.0
46120000,0.0,-0.9996841892833002,0.0,1,0.45,0.0
46130000,0.0,-0.9985741811195102,0.0,1,0.45,0.0
46140000,0.0,-0.9966659280340305,0.0,1,0.45,0.0
46150000,0.0,-0.9939609554551806,0.0,1,0.45,0.0
46160000,0.0,-0.9904614256966524,0.0,1,0.45,0.0
46170000,0.0,-0.9861701362289902,0.0,1,0.45,0.0
46180000,0.0,-0.9810905174433356,0.0,1,0.45,0.0
46190000,0.0,-0.9752266299092253,0.0,1,0.45,0.0
46200000,0.0,-0.9685831611286332,0.0,1,0.45,0.0
46210000,0.0,-0.9611654217888542,0.0,1,0.45,0.0
46220000,0.0,-0.9529793415172213,0.0,1,0.45,0.0
46230000,0.0,-0.9440314641410431,0.0,1,0.45,0.0
46240000,0.0,-0.934328942456615,0.0,1,0.45,0.0
46250000,0.0,-0.9238795325112898,0.0,1,0.45,0.0
46260000,0.0,-0.9126915874035062,0.0,1,0.45,0.0
46270000,0.0,-0.9007740506054016,0.0,1,0.45,0.0
46280000,0.0,-0.8881364488135483,0.0,1,0.45,0.0
46290000,0.0,-0.8747888843334567,0.0,1,0.45,0.0
46300000,0.0,-0.8607420270039333,0.0,1,0.45,0.0
46310000,0.0,-0.8460071056678465,0.0,1,0.45,0.0
46320000,0.0,-0.8305958991958171,0.0,1,0.45,0.0
46330000,0.0,-0.814520727070514,0.0,1,0.45,0.0
46340000,0.0,-0.7977944395385759,0.0,1,0.45,0.0
46350000,0.0,-0.7804304073383348,0.0,1,0.45,0.0
46360000,0.0,-0.7624425110114531,0.0,1,0.45,0.0
46370000,0.0,-0.7438451298070304,0.0,1,0.45,0.0
46380000,0.0,-0.7246531301870521,0.0,1,0.45,0.0
46390000,0.0,-0.704881853942367,0.0,1,0.45,0.0
46400000,0.0,-0.6845471059286945,0.0,1,0.45,0.0
46410000,0.0,-0.6636651414324645,0.0,1,0.45,0.0
46420000,0.0,-0.6422526531765904,0.0,1,0.45,0.0
46430000,0.0,-0.6203267579765622,0.0,1,0.45,0.0
46440000,0.0,-0.5979049830575252,0.0,1,0.45,0.0
46450000,0.0,-0.575005252043285,0.0,1,0.45,0.0
46460000,0.0,-0.5516458706284368,0.0,1,0.45,0.0
46470000,0.0,-0.527845511945073,0.0,1,0.45,0.0
46480000,0.0,-0.5036232016357676,0.0,1,0.45,0.0
46490000,0.0,-0.4789983026447679,0.0,1,0.45,0.0
46500000,0.0,-0.45399049973955374,0.0,1,0.45,0.0
46510000,0.0,-0.4286197837751354,0.0,1,0.45,0.0
46520000,0.0,-0.40290643571366974,0.0,1,0.45,0.0
46530000,0.0,-0.37687101041216986,0.0,1,0.45,0.0
46540000,0.0,-0.35053432019126624,0.0,1,0.45,0.0
46550000,0.0,-0.3239174181981298,0.0,1,0.45,0.0
46560000,0.0,-0.29704158157704225,0.0,1,0.45,0.0
46570000,0.0,-0.2699282944605037,0.0,1,0.45,0.0
46580000,0.0,-0.24259923079541484,0.0,1,0.45,0.0
46590000,0.0,-0.21507623701712084,0.0,1,0.45,0.0
46600000,0.0,-0.18738131458573212,0.0,1,0.45,0.0
46610000,0.0,-0.15953660239849382,0.0,1,0.45,0.0
46620000,0.0,-0.13156435909229003,0.0,1,0.45,0.0
46630000,0.0,-0.10348694525043006,0.0,1,0.45,0.0
46640000,0.0,-0.07532680552794026,0.0,1,0.45,0.0
46650000,0.0,-0.047106450709650194,0.0,1,0.45,0.0
46660000,0.0,-0.018848439715415697,0.0,1,0.45,0.0
46670000,0.0,0.009424638433136501,0.0,1,0.45,0.0
46680000,0.0,0.037690182669927054,0.0,1,0.45,0.0
46690000,0.0,0.0659255979513704,0.0,1,0.45,0.0
46700000,0.0,0.0941083133185069,0.0,1,0.45,0.0
46710000,0.0,0.12221579993988205,0.0,1,0.45,0.0
46720000,0.0,0.1502255891207497,0.0,1,0.45,0.0
46730000,0.0,0.17811529026420284,0.0,1,0.45,0.0
46740000,0.0,0.20586260876987408,0.0,1,0.45,0.0
46750000,0.0,0.23344536385589823,0.0,1,0.45,0.0
46760000,0.0,0.26084150628988984,0.0,1,0.45,0.0
46770000,0.0,0.28802913601476215,0.0,1,0.45,0.0
46780000,0.0,0.31498651965529784,0.0,1,0.45,0.0
46790000,0.0,0.34169210789147647,0.0,1,0.45,0.0
46800000,0.0,0.3681245526846712,0.0,1,0.45,0.0
46810000,0.0,0.3942627243429443,0.0,1,0.45,0.0
46820000,0.0,0.42008572841179964,0.0,1,0.45,0.0
46830000,0.0,0.44557292237688984,0.0,1,0.45,0.0
46840000,0.0,0.4707039321653262,0.0,1,0.45,0.0
46850000,0.0,0.4954586684324013,0.0,1,0.45,0.0
46860000,0.0,0.5198173426207033,0.0,1,0.45,0.0
46870000,0.0,0.5437604827787864,0.0,1,0.45,0.0
46880000,0.0,0.5672689491267506,0.0,1,0.45,0.0
46890000,0.0,0.5903239493562887,0.0,1,0.45,0.0
46900000,0.0,0.6129070536529708,0.0,1,0.45,0.0
46910000,0.0,0.6350002094287551,0.0,1,0.45,0.0
46920000,0.0,0.6565857557529511,0.0,1,0.45,0.0
46930000,0.0,0.6776464374700971,0.0,1,0.45,0.0
46940000,0.0,0.6981654189934676,0.0,1,0.45,0.0
46950000,0.0,0.7181262977631839,0.0,1,0.45,0.0
46960000,0.0,0.7375131173581692,0.0,1,0.45,0.0
46970000,0.0,0.7563103802514674,0.0,1,0.45,0.0
46980000,0.0,0.7745030601987294,0.0,1,0.45,0.0
46990000,0.0,0.7920766142499628,0.0,1,0.45,0.0
47000000,0.0,0.8090169943749433,0.0,1,0.45,0.0
47010000,0.0,0.8253106586929957,0.0,1,0.45,0.0
47020000,0.0,0.8409445822981654,0.0,1,0.45,0.0
47030000,0.0,0.8559062676711294,0.0,1,0.45,0.0
47040000,0.0,0.8701837546695222,0.0,1,0.45,0.0
47050000,0.0,0.8837656300886902,0.0,1,0.45,0.0
47060000,0.0,0.8966410367852329,0.0,1,0.45,0.0
47070000,0.0,0.9087996823560373,0.0,1,0.45,0.0
47080000,0.0,0.9202318473658677,0.0,1,0.45,0.0
47090000,0.0,0.9309283931169332,0.0,1,0.45,0.0
47100000,0.0,0.9408807689542231,0.0,1,0.45,0.0
47110000,0.0,0.9500810191007696,0.0,1,0.45,0.0
47120000,0.0,0.958521789017374,0.0,1,0.45,0.0
47130000,0.0,0.966196331281713,0.0,1,0.45,0.0
47140000,0.0,0.973098510982125,0.0,1,0.45,0.0
47150000,0.0,0.9792228106217644,0.0,1,0.45,0.0
47160000,0.0,0.9845643345292042,0.0,1,0.45,0.0
47170000,0.0,0.9891188127719608,0.0,1,0.45,0.0
47180000,0.0,0.9928826045698129,0.0,1,0.45,0.0
47190000,0.0,0.9958527012051851,0.0,1,0.45,0.0
47200000,0.0,0.9980267284282711,0.0,1,0.45,0.0
47210000,0.0,0.9994029483549727,0.0,1,0.45,0.0
47220000,0.0,0.9999802608561371,0.0,1,0.45,0.0
47230000,0.0,0.9997582044369842,0.0,1,0.45,0.0
47240000,0.0,0.9987369566060178,0.0,1,0.45,0.0
47250000,0.0,0.9969173337331285,0.0,1,0.45,0.0
47260000,0.0,0.9943007903969996,0.0,1,0.45,0.0
47270000,0.0,0.9908894182223396,0.0,1,0.45,0.0
47280000,0.0,0.9866859442078691,0.0,1,0.45,0.0
47290000,0.0,0.9816937285464001,0.0,1,0.45,0.0
47300000,0.0,0.9759167619387488,0.0,1,0.45,0.0
47310000,0.0,0.9693596624036308,0.0,1,0.45,0.0
47320000,0.0,0.9620276715860876,0.0,1,0.45,0.0
47330000,0.0,0.9539266505673955,0.0,1,0.45,0.0
47340000,0.0,0.9450630751798069,0.0,1,0.45,0.0
47350000,0.0,0.9354440308298696,0.0,1,0.45,0.0
47360000,0.0,0.9250772068344605,0.0,1,0.45,0.0
47370000,0.0,0.9139708902740638,0.0,1,0.45,0.0
47380000,0.0,0.9021339593682055,0.0,1,0.45,0.0
47390000,0.0,0.8895758763783409,0.0,1,0.45,0.0
47400000,0.0,0.8763066800438666,0.0,1,0.45,0.0
47410000,0.0,0.8623369775573071,0.0,1,0.45,0.0
47420000,0.0,0.8476779360850866,0.0,1,0.45,0.0
47430000,0.0,0.8323412738406669,0.0,1,0.45,0.0
47440000,0.0,0.8163392507171875,0.0,1,0.45,0.0
47450000,0.0,0.7996846584870942,0.0,1,0.45,0.0
47460000,0.0,0.782390810576592,0.0,1,0.45,0.0
47470000,0.0,0.7644715314230955,0.0,1,0.45,0.0
47480000,0.0,0.7459411454241862,0.0,1,0.45,0.0
47490000,0.0,0.7268144654869071,0.0,1,0.45,0.0
47500000,0.0,0.7071067811865519,0.0,1,0.45,0.0
47510000,0.0,0.6868338465444127,0.0,1,0.45,0.0
47520000,0.0,0.6660118674342561,0.0,1,0.45,0.0
47530000,0.0,0.644657488627596,0.0,1,0.45,0.0
47540000,0.0,0.6227877804881172,0.0,1,0.45,0.0
47550000,0.0,0.6004202253258889,0.0,1,0.45,0.0
47560000,0.0,0.5775727034222725,0.0,1,0.45,0.0
47570000,0.0,0.5542634787366991,0.0,1,0.45,0.0
47580000,0.0,0.5305111843067392,0.0,1,0.45,0.0
47590000,0.0,0.5063348073531377,0.0,1,0.45,0.0
47600000,0.0,0.4817536741017205,0.0,1,0.45,0.0
47610000,0.0,0.4567874343343048,0.0,1,0.45,0.0
47620000,0.0,0.4314560456809643,0.0,1,0.45,0.0
47630000,0.0,0.4057797576662054,0.0,1,0.45,0.0
47640000,0.0,0.37977909552180655,0.0,1,0.45,0.0
47650000,0.0,0.35347484377926264,0.0,1,0.45,0.0
47660000,0.0,0.326888029654948,0.0,1,0.45,0.0
47670000,0.0,0.3000399062412818,0.0,1,0.45,0.0
47680000,0.0,0.2729519355173308,0.0,1,0.45,0.0
47690000,0.0,0.24564577119243197,0.0,1,0.45,0.0
47700000,0.0,0.2181432413965482,0.0,1,0.45,0.0
47710000,0.0,0.19046633123119555,0.0,1,0.45,0.0
47720000,0.0,0.16263716519488927,0.0,1,0.45,0.0
47730000,0.0,0.13467798949715828,0.0,1,0.45,0.0
47740000,0.0,0.1066111542752656,0.0,1,0.45,0.0
47750000,0.0,0.07845909572785063,0.0,1,0.45,0.0
47760000,0.0,0.05024431817977524,0.0,1,0.45,0.0
47770000,0.0,0.021989376092510782,0.0,1,0.45,0.0
47780000,0.0,-0.006283143965553294,0.0,1,0.45,0.0
47790000,0.0,-0.03455064137446663,0.0,1,0.45,0.0
47800000,0.0,-0.06279051952930777,0.0,1,0.45,0.0
47810000,0.0,-0.09098020390356433,0.0,1,0.45,0.0
47820000,0.0,-0.1190971600948642,0.0,1,0.45,0.0
47830000,0.0,-0.14711891183863188,0.0,1,0.45,0.0
47840000,0.0,-0.17502305897527057,0.0,1,0.45,0.0
47850000,0.0,-0.20278729535650705,0.0,1,0.45,0.0
47860000,0.0,-0.2303894266765852,0.0,1,0.45,0.0
47870000,0.0,-0.2578073882140545,0.0,1,0.45,0.0
47880000,0.0,-0.2850192624699709,0.0,1,0.45,0.0
47890000,0.0,-0.31200329668840965,0.0,1,0.45,0.0
47900000,0.0,-0.33873792024528626,0.0,1,0.45,0.0
47910000,0.0,-0.3652017618915827,0.0,1,0.45,0.0
47920000,0.0,-0.39137366683719743,0.0,1,0.45,0.0
47930000,0.0,-0.41723271366176035,0.0,1,0.45,0.0
47940000,0.0,-0.4427582310388967,0.0,1,0.45,0.0
47950000,0.0,-0.4679298142605686,0.0,1,0.45,0.0
47960000,0.0,-0.4927273415482869,0.0,1,0.45,0.0
47970000,0.0,-0.5171309901381527,0.0,1,0.45,0.0
47980000,0.0,-0.5411212521268713,0.0,1,0.45,0.0
47990000,0.0,-0.5646789500660727,0.0,1,0.45,0.0
48000000,0.0,-0.5877852522924688,0.0,1,0.45,0.0
48010000,0.0,-0.6104216879815983,0.0,1,0.45,0.0
48020000,0.0,-0.6325701619131204,0.0,1,0.45,0.0
48030000,0.0,-0.6542129689358571,0.0,1,0.45,0.0
48040000,0.0,-0.6753328081210206,0.0,1,0.45,0.0
48050000,0.0,-0.6959127965923105,0.0,1,0.45,0.0
48060000,0.0,-0.7159364830218276,0.0,1,0.45,0.0
48070000,0.0,-0.7353878607810124,0.0,1,0.45,0.0
48080000,0.0,-0.7542513807361004,0.0,1,0.45,0.0
48090000,0.0,-0.7725119636778611,0.0,1,0.45,0.0
48100000,0.0,-0.7901550123756872,0.0,1,0.45,0.0
48110000,0.0,-0.8071664232463973,0.0,1,0.45,0.0
48120000,0.0,-0.8235325976284246,0.0,1,0.45,0.0
48130000,0.0,-0.8392404526523789,0.0,1,0.45,0.0
48140000,0.0,-0.8542774316992925,0.0,1,0.45,0.0
48150000,0.0,-0.8686315144381888,0.0,1,0.45,0.0
48160000,0.0,-0.882291226434951,0.0,1,0.45,0.0
48170000,0.0,-0.8952456483248095,0.0,1,0.45,0.0
48180000,0.0,-0.9074844245411149,0.0,1,0.45,0.0
48190000,0.0,-0.9189977715934193,0.0,1,0.45,0.0
48200000,0.0,-0.9297764858882496,0.0,1,0.45,0.0
48210000,0.0,-0.939811951086318,0.0,1,0.45,0.0
48220000,0.0,-0.949096144990293,0.0,1,0.45,0.0
48230000,0.0,-0.9576216459576208,0.0,1,0.45,0.0
48240000,0.0,-0.9653816388332727,0.0,1,0.45,0.0
48250000,0.0,-0.9723699203976754,0.0,1,0.45,0.0
48260000,0.0,-0.9785809043254711,0.0,1,0.45,0.0
48270000,0.0,-0.9840096256511389,0.0,1,0.45,0.0
48280000,0.0,-0.9886517447379133,0.0,1,0.45,0.0
48290000,0.0,-0.9925035507468232,0.0,1,0.45,0.0
48300000,0.0,-0.9955619646030796,0.0,1,0.45,0.0
48310000,0.0,-0.9978245414574411,0.0,1,0.45,0.0
48320000,0.0,-0.9992894726405891,0.0,1,0.45,0.0
48330000,0.0,-0.9999555871089497,0.0,1,0.45,0.0
48340000,0.0,-0.9998223523808091,0.0,1,0.45,0.0
48350000,0.0,-0.9988898749619702,0.0,1,0.45,0.0
48360000,0.0,-0.9971589002606143,0.0,1,0.45,0.0
48370000,0.0,-0.9946308119914329,0.0,1,0.45,0.0
48380000,0.0,-0.9913076310695071,0.0,1,0.45,0.0
48390000,0.0,-0.9871920139948199,0.0,1,0.45,0.0
48400000,0.0,-0.9822872507286895,0.0,1,0.45,0.0
48410000,0.0,-0.9765972620638256,0.0,1,0.45,0.0
48420000,0.0,-0.9701265964901069,0.0,1,0.45,0.0
48430000,0.0,-0.9628804265585889,0.0,1,0.45,0.0
48440000,0.0,-0.9548645447466443,0.0,1,0.45,0.0
48450000,0.0,-0.9460853588275467,0.0,1,0.45,0.0
48460000,0.0,-0.936549886748194,0.0,1,0.45,0.0
48470000,0.0,-0.9262657510190684,0.0,1,0.45,0.0
48480000,0.0,-0.9152411726209194,0.0,1,0.45,0.0
48490000,0.0,-0.9034849644330367,0.0,1,0.45,0.0
48500000,0.0,-0.8910065241883699,0.0,1,0.45,0.0
48510000,0.0,-0.8778158269611238,0.0,1,0.45,0.0
48520000,0.0,-0.8639234171928375,0.0,1,0.45,0.0
48530000,0.0,-0.8493404002633189,0.0,1,0.45,0.0
48540000,0.0,-0.8340784336131736,0.0,1,0.45,0.0
48550000,0.0,-0.818149717425026,0.0,1,0.45,0.0
48560000,0.0,-0.8015669848708792,0.0,1,0.45,0.0
48570000,0.0,-0.7843434919334128,0.0,1,0.45,0.0
48580000,0.0,-0.7664930068093526,0.0,1,0.45,0.0
48590000,0.0,-0.7480297989033854,0.0,1,0.45,0.0
48600000,0.0,-0.7289686274214144,0.0,1,0.45,0.0
48610000,0.0,-0.7093247295722769,0.0,1,0.45,0.0
48620000,0.0,-0.6891138083873516,0.0,1,0.45,0.0
48630000,0.0,-0.6683520201677962,0.0,1,0.45,0.0
48640000,0.0,-0.6470559615694476,0.0,1,0.45,0.0
48650000,0.0,-0.6252426563357084,0.0,1,0.45,0.0
48660000,0.0,-0.602929541689028,0.0,1,0.45,0.0
48670000,0.0,-0.5801344543918527,0.0,1,0.45,0.0
48680000,0.0,-0.5568756164881915,0.0,1,0.45,0.0
48690000,0.0,-0.5331716207371922,0.0,1,0.45,0.0
48700000,0.0,-0.5090414157503749,0.0,1,0.45,0.0
48710000,0.0,-0.48450429084440155,0.0,1,0.45,0.0
48720000,0.0,-0.4595798606214915,0.0,1,0.45,0.0
48730000,0.0,-0.43428804928980824,0.0,1,0.45,0.0
48740000,0.0,-0.40864907473635276,0.0,1,0.45,0.0
48750000,0.0,-0.3826834323650935,0.0,1,0.45,0.0
48760000,0.0,-0.35641187871325447,0.0,1,0.45,0.0
48770000,0.0,-0.32985541485885667,0.0,1,0.45,0.0
48780000,0.0,-0.30303526963277777,0.0,1,0.45,0.0
48790000,0.0,-0.27597288264874953,0.0,1,0.45,0.0
48800000,0.0,-0.24868988716485863,0.0,1,0.45,0.0
48810000,0.0,-0.22120809279025097,0.0,1,0.45,0.0
48820000,0.0,-0.19354946805086412,0.0,1,0.45,0.0
48830000,0.0,-0.16573612282812356,0.0,1,0.45,0.0
48840000,0.0,-0.1377902906846419,0.0,1,0.45,0.0
48850000,0.0,-0.10973431109104911,0.0,1,0.45,0.0
48860000,0.0,-0.0815906115681614,0.0,1,0.45,0.0
48870000,0.0,-0.053381689758764304,0.0,1,0.45,0.0
48880000,0.0,-0.025130095443341303,0.0,1,0.45,0.0
48890000,0.0,0.003141587485875756,0.0,1,0.45,0.0
48900000,0.0,0.0314107590781245,0.0,1,0.45,0.0
48910000,0.0,0.05965482139016693,0.0,1,0.45,0.0
48920000,0.0,0.08785119655073943,0.0,1,0.45,0.0
48930000,0.0,0.11597734480895766,0.0,1,0.45,0.0
48940000,0.0,0.14401078255224847,0.0,1,0.45,0.0
48950000,0.0,0.1719291002794059,0.0,1,0.45,0.0
48960000,0.0,0.1997099805144034,0.0,1,0.45,0.0
48970000,0.0,0.22733121564664285,0.0,1,0.45,0.0
48980000,0.0,0.25477072568337866,0.0,1,0.45,0.0
48990000,0.0,0.28200657590012596,0.0,1,0.45,0.0
49000000,0.0,0.30901699437494395,0.0,1,0.45,0.0
49010000,0.0,0.33578038939257726,0.0,1,0.45,0.0
49020000,0.0,0.36227536670454236,0.0,1,0.45,0.0
49030000,0.0,0.3884807466313628,0.0,1,0.45,0.0
49040000,0.0,0.4143755809932809,0.0,1,0.45,0.0
49050000,0.0,0.43993916985591197,0.0,1,0.45,0.0
49060000,0.0,0.4651510780774552,0.0,1,0.45,0.0
49070000,0.0,0.4899911516442335,0.0,1,0.45,0.0
49080000,0.0,0.5144395337815034,0.0,1,0.45,0.0
49090000,0.0,0.5384766808266572,0.0,1,0.45,0.0
49100000,0.0,0.5620833778521277,0.0,1,0.45,0.0
49110000,0.0,0.5852407540255073,0.0,1,0.45,0.0
49120000,0.0,0.6079302976946027,0.0,1,0.45,0.0
49130000,0.0,0.6301338711853665,0.0,1,0.45,0.0
49140000,0.0,0.6518337253008762,0.0,1,0.45,0.0
49150000,0.0,0.6730125135097709,0.0,1,0.45,0.0
49160000,0.0,0.6936533058128026,0.0,1,0.45,0.0
49170000,0.0,0.713739602276419,0.0,1,0.45,0.0
49180000,0.0,0.7332553462225577,0.0,1,0.45,0.0
49190000,0.0,0.7521849370641093,0.0,1,0.45,0.0
49200000,0.0,0.7705132427757871,0.0,1,0.45,0.0
49210000,0.0,0.7882256119904381,0.0,1,0.45,0.0
49220000,0.0,0.80530788571112,0.0,1,0.45,0.0
49230000,0.0,0.8217464086295884,0.0,1,0.45,0.0
49240000,0.0,0.83752804004214,0.0,1,0.45,0.0
49250000,0.0,0.8526401643540905,0.0,1,0.45,0.0
49260000,0.0,0.8670707011644885,0.0,1,0.45,0.0
49270000,0.0,0.8808081149230022,0.0,1,0.45,0.0
49280000,0.0,0.8938414241512623,0.0,1,0.45,0.0
49290000,0.0,0.9061602102212885,0.0,1,0.45,0.0
49300000,0.0,0.9177546256839799,0.0,1,0.45,0.0
49310000,0.0,0.9286154021410161,0.0,1,0.45,0.0
49320000,0.0,0.9387338576538731,0.0,1,0.45,0.0
49330000,0.0,0.948101903684031,0.0,1,0.45,0.0
49340000,0.0,0.9567120515588295,0.0,1,0.45,0.0
49350000,0.0,0.9645574184577973,0.0,1,0.45,0.0
49360000,0.0,0.9716317329146732,0.0,1,0.45,0.0
49370000,0.0,0.9779293398307212,0.0,1,0.45,0.0
49380000,0.0,0.9834452049953292,0.0,1,0.45,0.0
49390000,0.0,0.98817491911028,0.0,1,0.45,0.0
49400000,0.0,0.9921147013144774,0.0,1,0.45,0.0
49410000,0.0,0.9952614022063081,0.0,1,0.45,0.0
49420000,0.0,0.997612506361225,0.0,1,0.45,0.0
49430000,0.0,0.99916613434254,0.0,1,0.45,0.0
49440000,0.0,0.9999210442038161,0.0,1,0.45,0.0
49450000,0.0,0.9998766324816607,0.0,1,0.45,0.0
49460000,0.0,0.9990329346781248,0.0,1,0.45,0.0
49470000,0.0,0.9973906252323238,0.0,1,0.45,0.0
49480000,0.0,0.9949510169813004,0.0,1,0.45,0.0
49490000,0.0,0.9917160601105632,0.0,1,0.45,0.0
49500000,0.0,0.9876883405951382,0.0,1,0.45,0.0
49510000,0.0,0.9828710781323797,0.0,1,0.45,0.0
49520000,0.0,0.977268123568194,0.0,1,0.45,0.0
49530000,0.0,0.9708839558187317,0.0,1,0.45,0.0
49540000,0.0,0.9637236782900105,0.0,1,0.45,0.0
49550000,0.0,0.9557930147983309,0.0,1,0.45,0.0
49560000,0.0,0.9470983049947451,0.0,1,0.45,0.0
49570000,0.0,0.9376464992972365,0.0,1,0.45,0.0
49580000,0.0,0.9274451533346623,0.0,1,0.45,0.0
49590000,0.0,0.916502421906899,0.0,1,0.45,0.0
49600000,0.0,0.9048270524660207,0.0,1,0.45,0.0
49610000,0.0,0.8924283781237191,0.0,1,0.45,0.0
49620000,0.0,0.8793163101905574,0.0,1,0.45,0.0
49630000,0.0,0.8655013302530202,0.0,1,0.45,0.0
49640000,0.0,0.8509944817946932,0.0,1,0.45,0.0
49650000,0.0,0.8358073613682716,0.0,1,0.45,0.0
49660000,0.0,0.8199521093254538,0.0,1,0.45,0.0
49670000,0.0,0.8034414001121291,0.0,1,0.45,0.0
49680000,0.0,0.7862884321366205,0.0,1,0.45,0.0
49690000,0.0,0.7685069172190782,0.0,1,0.45,0.0
49700000,0.0,0.7501110696304611,0.0,1,0.45,0.0
49710000,0.0,0.7311155947298658,0.0,1,0.45,0.0
49720000,0.0,0.711535677209287,0.0,1,0.45,0.0
49730000,0.0,0.6913869689552081,0.0,1,0.45,0.0
49740000,0.0,0.6706855765367218,0.0,1,0.45,0.0
49750000,0.0,0.6494480483301854,0.0,1,0.45,0.0
49760000,0.0,0.6276913612907024,0.0,1,0.45,0.0
49770000,0.0,0.6054329073810033,0.0,1,0.45,0.0
49780000,0.0,0.5826904796685779,0.0,1,0.45,0.0
49790000,0.0,0.5594822581021689,0.0,1,0.45,0.0
49800000,0.0,0.5358267949789985,0.0,1,0.45,0.0
49810000,0.0,0.5117430001143469,0.0,1,0.45,0.0
49820000,0.0,0.48725012572533427,0.0,1,0.45,0.0
49830000,0.0,0.46236775104099376,0.0,1,0.45,0.0
49840000,0.0,0.4371157666509349,0.0,1,0.45,0.0
49850000,0.0,0.41151435860511076,0.0,1,0.45,0.0
49860000,0.0,0.3855839922773986,0.0,1,0.45,0.0
49870000,0.0,0.3593453960058927,0.0,1,0.45,0.0
49880000,0.0,0.3328195445229887,0.0,1,0.45,0.0
49890000,0.0,0.30602764218850276,0.0,1,0.45,0.0
49900000,0.0,0.2789911060392313,0.0,1,0.45,0.0
49910000,0.0,0.2517315486684991,0.0,1,0.45,0.0
49920000,0.0,0.22427076094938322,0.0,1,0.45,0.0
49930000,0.0,0.1966306946154221,0.0,1,0.45,0.0
49940000,0.0,0.1688334447127359,0.0,1,0.45,0.0
49950000,0.0,0.1409012319375847,0.0,1,0.45,0.0
49960000,0.0,0.11285638487348369,0.0,1,0.45,0.0
49970000,0.0,0.08472132214207545,0.0,1,0.45,0.0
49980000,0.0,0.05651853448202651,0.0,1,0.45,0.0
49990000,0.0,0.028270566770275226,0.0,1,0.45,0.0
50000000,0.0,1.9581969173625882e-15,0.0,1,0.45,0.0
50010000,0.0,-0.028270566770271312,0.0,1,0.45,0.0
50020000,0.0,-0.056518534482022605,0.0,1,0.45,0.0
50030000,0.0,-0.08472132214207154,0.0,1,0.45,0.0
50040000,0.0,-0.1128563848734798,0.0,1,0.45,0.0
50050000,0.0,-0.1409012319375808,0.0,1,0.45,0.0
50060000,0.0,-0.16883344471273204,0.0,1,0.45,0.0
50070000,0.0,-0.19663069461541824,0.0,1,0.45,0.0
50080000,0.0,-0.2242707609493794,0.0,1,0.45,0.0
50090000,0.0,-0.25173154866849534,0.0,1,0.45,0.0
50100000,0.0,-0.27899110603922755,0.0,1,0.45,0.0
50110000,0.0,-0.30602764218849904,0.0,1,0.45,0.0
50120000,0.0,-0.332819544522985,0.0,1,0.45,0.0
50130000,0.0,-0.35934539600588905,0.0,1,0.45,0.0
50140000,0.0,-0.3855839922773949,0.0,1,0.45,0.0
50150000,0.0,-0.4115143586051072,0.0,1,0.45,0.0
50160000,0.0,-0.4371157666509314,0.0,1,0.45,0.0
50170000,0.0,-0.4623677510409903,0.0,1,0.45,0.0
50180000,0.0,-0.4872501257253309,0.0,1,0.45,0.0
50190000,0.0,-0.5117430001143435,0.0,1,0.45,0.0
50200000,0.0,-0.5358267949789952,0.0,1,0.45,0.0
50210000,0.0,-0.5594822581021657,0.0,1,0.45,0.0
50220000,0.0,-0.5826904796685748,0.0,1,0.45,0.0
50230000,0.0,-0.6054329073810002,0.0,1,0.45,0.0
50240000,0.0,-0.6276913612906992,0.0,1,0.45,0.0
50250000,0.0,-0.6494480483301824,0.0,1,0.45,0.0
50260000,0.0,-0.6706855765367189,0.0,1,0.45,0.0
50270000,0.0,-0.6913869689552053,0.0,1,0.45,0.0
50280000,0.0,-0.7115356772092843,0.0,1,0.45,0.0
50290000,0.0,-0.7311155947298631,0.0,1,0.45,0.0
50300000,0.0,-0.7501110696304586,0.0,1,0.45,0.0
50310000,0.0,-0.7685069172190757,0.0,1,0.45,0.0
50320000,0.0,-0.786288432136618,0.0,1,0.45,0.0
50330000,0.0,-0.8034414001121267,0.0,1,0.45,0.0
50340000,0.0,-0.8199521093254515,0.0,1,0.45,0.0
50350000,0.0,-0.8358073613682695,0.0,1,0.45,0.0
50360000,0.0,-0.8509944817946912,0.0,1,0.45,0.0
50370000,0.0,-0.8655013302530183,0.0,1,0.45,0.0
50380000,0.0,-0.8793163101905557,0.0,1,0.45,0.0
50390000,0.0,-0.8924283781237173,0.0,1,0.45,0.0
50400000,0.0,-0.904827052466019,0.0,1,0.45,0.0
50410000,0.0,-0.9165024219068975,0.0,1,0.45,0.0
50420000,0.0,-0.9274451533346608,0.0,1,0.45,0.0
50430000,0.0,-0.9376464992972352,0.0,1,0.45,0.0
50440000,0.0,-0.9470983049947439,0.0,1,0.45,0.0
50450000,0.0,-0.9557930147983298,0.0,1,0.45,0.0
50460000,0.0,-0.9637236782900094,0.0,1,0.45,0.0
50470000,0.0,-0.9708839558187308,0.0,1,0.45,0.0
50480000,0.0,-0.9772681235681933,0.0,1,0.45,0.0
50490000,0.0,-0.982871078132379,0.0,1,0.45,0.0
50500000,0.0,-0.9876883405951375,0.0,1,0.45,0.0
50510000,0.0,-0.9917160601105627,0.0,1,0.45,0.0
50520000,0.0,-0.9949510169813001,0.0,1,0.45,0.0
50530000,0.0,-0.9973906252323236,0.0,1,0.45,0.0
50540000,0.0,-0.9990329346781247,0.0,1,0.45,0.0
50550000,0.0,-0.9998766324816606,0.0,1,0.45,0.0
50560000,0.0,-0.9999210442038161,0.0,1,0.45,0.0
50570000,0.0,-0.9991661343425402,0.0,1,0.45,0.0
50580000,0.0,-0.9976125063612252,0.0,1,0.45,0.0
50590000,0.0,-0.9952614022063084,0.0,1,0.45,0.0
50600000,0.0,-0.992114701314478,0.0,1,0.45,0.0
50610000,0.0,-0.9881749191102807,0.0,1,0.45,0.0
50620000,0.0,-0.9834452049953298,0.0,1,0.45,0.0
50630000,0.0,-0.977929339830722,0.0,1,0.45,0.0
50640000,0.0,-0.9716317329146742,0.0,1,0.45,0.0
50650000,0.0,-0.9645574184577983,0.0,1,0.45,0.0
50660000,0.0,-0.9567120515588308,0.0,1,0.45,0.0
50670000,0.0,-0.9481019036840322,0.0,1,0.45,0.0
50680000,0.0,-0.9387338576538744,0.0,1,0.45,0.0
50690000,0.0,-0.9286154021410177,0.0,1,0.45,0.0
50700000,0.0,-0.9177546256839815,0.0,1,0.45,0.0
50710000,0.0,-0.9061602102212901,0.0,1,0.45,0.0
50720000,0.0,-0.8938414241512641,0.0,1,0.45,0.0
50730000,0.0,-0.8808081149230039,0.0,1,0.45,0.0
50740000,0.0,-0.8670707011644904,0.0,1,0.45,0.0
50750000,0.0,-0.8526401643540926,0.0,1,0.45,0.0
50760000,0.0,-0.8375280400421421,0.0,1,0.45,0.0
50770000,0.0,-0.8217464086295906,0.0,1,0.45,0.0
50780000,0.0,-0.8053078857111223,0.0,1,0.45,0.0
50790000,0.0,-0.7882256119904404,0.0,1,0.45,0.0
50800000,0.0,-0.7705132427757896,0.0,1,0.45,0.0
50810000,0.0,-0.7521849370641118,0.0,1,0.45,0.0
50820000,0.0,-0.7332553462225604,0.0,1,0.45,0.0
50830000,0.0,-0.7137396022764217,0.0,1,0.45,0.0
50840000,0.0,-0.6936533058128054,0.0,1,0.45,0.0
50850000,0.0,-0.6730125135097738,0.0,1,0.45,0.0
50860000,0.0,-0.6518337253008791,0.0,1,0.45,0.0
50870000,0.0,-0.6301338711853695,0.0,1,0.45,0.0
50880000,0.0,-0.6079302976946058,0.0,1,0.45,0.0
50890000,0.0,-0.5852407540255105,0.0,1,0.45,0.0
50900000,0.0,-0.562083377852131,0.0,1,0.45,0.0
50910000,0.0,-0.5384766808266606,0.0,1,0.45,0.0
50920000,0.0,-0.5144395337815069,0.0,1,0.45,0.0
50930000,0.0,-0.48999115164423696,0.0,1,0.45,0.0
50940000,0.0,-0.4651510780774587,0.0,1,0.45,0.0
50950000,0.0,-0.43993916985591547,0.0,1,0.45,0.0
50960000,0.0,-0.4143755809932845,0.0,1,0.45,0.0
50970000,0.0,-0.3884807466313664,0.0,1,0.45,0.0
50980000,0.0,-0.36227536670454596,0.0,1,0.45,0.0
50990000,0.0,-0.3357803893925809,0.0,1,0.45,0.0
51000000,0.0,-0.30901699437494773,0.0,1,0.45,0.0
51010000,0.0,-0.2820065759001297,0.0,1,0.45,0.0
51020000,0.0,-0.25477072568338244,0.0,1,0.45,0.0
51030000,0.0,-0.22733121564664668,0.0,1,0.45,0.0
51040000,0.0,-0.19970998051440725,0.0,1,0.45,0.0
51050000,0.0,-0.17192910027940975,0.0,1,0.45,0.0
51060000,0.0,-0.14401078255225236,0.0,1,0.45,0.0
51070000,0.0,-0.11597734480896155,0.0,1,0.45,0.0
51080000,0.0,-0.08785119655074333,0.0,1,0.45,0.0
51090000,0.0,-0.059654821390170844,0.0,1,0.45,0.0
51100000,0.0,-0.03141075907812842,0.0,1,0.45,0.0
51110000,0.0,-0.003141587485879672,0.0,1,0.45,0.0
51120000,0.0,0.025130095443337386,0.0,1,0.45,0.0
51130000,0.0,0.0533816897587604,0.0,1,0.45,0.0
51140000,0.0,0.0815906115681575,0.0,1,0.45,0.0
51150000,0.0,0.10973431109104523,0.0,1,0.45,0.0
51160000,0.0,0.13779029068463805,0.0,1,0.45,0.0
51170000,0.0,0.1657361228281197,0.0,1,0.45,0.0
51180000,0.0,0.19354946805086026,0.0,1,0.45,0.0
51190000,0.0,0.22120809279024714,0.0,1,0.45,0.0
51200000,0.0,0.24868988716485482,0.0,1,0.45,0.0
51210000,0.0,0.2759728826487458,0.0,1,0.45,0.0
51220000,0.0,0.30303526963277405,0.0,1,0.45,0.0
51230000,0.0,0.32985541485885295,0.0,1,0.45,0.0
51240000,0.0,0.3564118787132508,0.0,1,0.45,0.0
51250000,0.0,0.3826834323650899,0.0,1,0.45,0.0
51260000,0.0,0.40864907473634915,0.0,1,0.45,0.0
51270000,0.0,0.43428804928980475,0.0,1,0.45,0.0
51280000,0.0,0.45957986062148803,0.0,1,0.45,0.0
51290000,0.0,0.4845042908443981,0.0,1,0.45,0.0
51300000,0.0,0.5090414157503714,0.0,1,0.45,0.0
51310000,0.0,0.5331716207371888,0.0,1,0.45,0.0
51320000,0.0,0.5568756164881882,0.0,1,0.45,0.0
51330000,0.0,0.5801344543918496,0.0,1,0.45,0.0
51340000,0.0,0.6029295416890249,0.0,1,0.45,0.0
51350000,0.0,0.6252426563357054,0.0,1,0.45,0.0
51360000,0.0,0.6470559615694446,0.0,1,0.45,0.0
51370000,0.0,0.6683520201677933,0.0,1,0.45,0.0
51380000,0.0,0.6891138083873487,0.0,1,0.45,0.0
51390000,0.0,0.7093247295722741,0.0,1,0.45,0.0
51400000,0.0,0.7289686274214118,0.0,1,0.45,0.0
51410000,0.0,0.7480297989033827,0.0,1,0.45,0.0
51420000,0.0,0.7664930068093501,0.0,1,0.45,0.0
51430000,0.0,0.7843434919334104,0.0,1,0.45,0.0
51440000,0.0,0.8015669848708769,0.0,1,0.45,0.0
51450000,0.0,0.8181497174250237,0.0,1,0.45,0.0
51460000,0.0,0.8340784336131715,0.0,1,0.45,0.0
51470000,0.0,0.8493404002633168,0.0,1,0.45,0.0
51480000,0.0,0.8639234171928356,0.0,1,0.45,0.0
51490000,0.0,0.8778158269611219,0.0,1,0.45,0.0
51500000,0.0,0.8910065241883681,0.0,1,0.45,0.0
51510000,0.0,0.903484964433035,0.0,1,0.45,0.0
51520000,0.0,0.9152411726209178,0.0,1,0.45,0.0
51530000,0.0,0.9262657510190668,0.0,1,0.45,0.0
51540000,0.0,0.9365498867481925,0.0,1,0.45,0.0
51550000,0.0,0.9460853588275455,0.0,1,0.45,0.0
51560000,0.0,0.9548645447466432,0.0,1,0.45,0.0
51570000,0.0,0.9628804265585877,0.0,1,0.45,0.0
51580000,0.0,0.970126596490106,0.0,1,0.45,0.0
51590000,0.0,0.9765972620638247,0.0,1,0.45,0.0
51600000,0.0,0.9822872507286888,0.0,1,0.45,0.0
51610000,0.0,0.9871920139948193,0.0,1,0.45,0.0
51620000,0.0,0.9913076310695067,0.0,1,0.45,0.0
51630000,0.0,0.9946308119914324,0.0,1,0.45,0.0
51640000,0.0,0.997158900260614,0.0,1,0.45,0.0
51650000,0.0,0.99888987496197,0.0,1,0.45,0.0
51660000,0.0,0.9998223523808091,0.0,1,0.45,0.0
51670000,0.0,0.9999555871089498,0.0,1,0.45,0.0
51680000,0.0,0.9992894726405892,0.0,1,0.45,0.0
51690000,0.0,0.9978245414574414,0.0,1,0.45,0.0
51700000,0.0,0.9955619646030799,0.0,1,0.45,0.0
51710000,0.0,0.9925035507468236,0.0,1,0.45,0.0
51720000,0.0,0.9886517447379138,0.0,1,0.45,0.0
51730000,0.0,0.9840096256511396,0.0,1,0.45,0.0
51740000,0.0,0.978580904325472,0.0,1,0.45,0.0
51750000,0.0,0.9723699203976763,0.0,1,0.45,0.0
51760000,0.0,0.9653816388332737,0.0,1,0.45,0.0
51770000,0.0,0.957621645957622,0.0,1,0.45,0.0
51780000,0.0,0.9490961449902943,0.0,1,0.45,0.0
51790000,0.0,0.9398119510863193,0.0,1,0.45,0.0
51800000,0.0,0.929776485888251,0.0,1,0.45,0.0
51810000,0.0,0.9189977715934209,0.0,1,0.45,0.0
51820000,0.0,0.9074844245411164,0.0,1,0.45,0.0
51830000,0.0,0.8952456483248111,0.0,1,0.45,0.0
51840000,0.0,0.8822912264349527,0.0,1,0.45,0.0
51850000,0.0,0.8686315144381906,0.0,1,0.45,0.0
51860000,0.0,0.8542774316992946,0.0,1,0.45,0.0
51870000,0.0,0.8392404526523811,0.0,1,0.45,0.0
51880000,0.0,0.8235325976284268,0.0,1,0.45,0.0
51890000,0.0,0.8071664232463995,0.0,1,0.45,0.0
51900000,0.0,0.7901550123756896,0.0,1,0.45,0.0
51910000,0.0,0.7725119636778637,0.0,1,0.45,0.0
51920000,0.0,0.754251380736103,0.0,1,0.45,0.0
51930000,0.0,0.735387860781015,0.0,1,0.45,0.0
51940000,0.0,0.7159364830218303,0.0,1,0.45,0.0
51950000,0.0,0.6959127965923134,0.0,1,0.45,0.0
51960000,0.0,0.6753328081210235,0.0,1,0.45,0.0
51970000,0.0,0.6542129689358601,0.0,1,0.45,0.0
51980000,0.0,0.6325701619131234,0.0,1,0.45,0.0
51990000,0.0,0.6104216879816015,0.0,1,0.45,0.0
52000000,0.0,0.587785252292472,0.0,1,0.45,0.0
52010000,0.0,0.5646789500660759,0.0,1,0.45,0.0
52020000,0.0,0.5411212521268747,0.0,1,0.45,0.0
52030000,0.0,0.517130990138156,0.0,1,0.45,0.0
52040000,0.0,0.4927273415482903,0.0,1,0.45,0.0
52050000,0.0,0.46792981426057206,0.0,1,0.45,0.0
52060000,0.0,0.4427582310389002,0.0,1,0.45,0.0
52070000,0.0,0.41723271366176395,0.0,1,0.45,0.0
52080000,0.0,0.39137366683720104,0.0,1,0.45,0.0
52090000,0.0,0.3652017618915864,0.0,1,0.45,0.0
52100000,0.0,0.3387379202452899,0.0,1,0.45,0.0
52110000,0.0,0.31200329668841337,0.0,1,0.45,0.0
52120000,0.0,0.2850192624699746,0.0,1,0.45,0.0
52130000,0.0,0.25780738821405835,0.0,1,0.45,0.0
52140000,0.0,0.23038942667658902,0.0,1,0.45,0.0
52150000,0.0,0.20278729535651088,0.0,1,0.45,0.0
52160000,0.0,0.17502305897527443,0.0,1,0.45,0.0
52170000,0.0,0.14711891183863574,0.0,1,0.45,0.0
52180000,0.0,0.11909716009486808,0.0,1,0.45,0.0
52190000,0.0,0.09098020390356823,0.0,1,0.45,0.0
52200000,0.0,0.06279051952931167,0.0,1,0.45,0.0
52210000,0.0,0.034550641374470545,0.0,1,0.45,0.0
52220000,0.0,0.00628314396555721,0.0,1,0.45,0.0
52230000,0.0,-0.021989376092506865,0.0,1,0.45,0.0
52240000,0.0,-0.050244318179771326,0.0,1,0.45,0.0
52250000,0.0,-0.07845909572784673,0.0,1,0.45,0.0
52260000,0.0,-0.10661115427526172,0.0,1,0.45,0.0
52270000,0.0,-0.1346779894971544,0.0,1,0.45,0.0
52280000,0.0,-0.1626371651948854,0.0,1,0.45,0.0
52290000,0.0,-0.19046633123119172,0.0,1,0.45,0.0
52300000,0.0,-0.21814324139654437,0.0,1,0.45,0.0
52310000,0.0,-0.24564577119242817,0.0,1,0.45,0.0
52320000,0.0,-0.27295193551732705,0.0,1,0.45,0.0
52330000,0.0,-0.3000399062412781,0.0,1,0.45,0.0
52340000,0.0,-0.3268880296549443,0.0,1,0.45,0.0
52350000,0.0,-0.353474843779259,0.0,1,0.45,0.0
52360000,0.0,-0.37977909552180295,0.0,1,0.45,0.0
52370000,0.0,-0.4057797576662018,0.0,1,0.45,0.0
52380000,0.0,-0.4314560456809608,0.0,1,0.45,0.0
52390000,0.0,-0.4567874343343013,0.0,1,0.45,0.0
52400000,0.0,-0.48175367410171704,0.0,1,0.45,0.0
52410000,0.0,-0.5063348073531343,0.0,1,0.45,0.0
52420000,0.0,-0.5305111843067358,0.0,1,0.45,0.0
52430000,0.0,-0.5542634787366958,0.0,1,0.45,0.0
52440000,0.0,-0.5775727034222461,0.0,1,0.45,0.0
52450000,0.0,-0.6004202253258858,0.0,1,0.45,0.0
52460000,0.0,-0.6227877804881142,0.0,1,0.45,0.0
52470000,0.0,-0.644657488627593,0.0,1,0.45,0.0
52480000,0.0,-0.6660118674342532,0.0,1,0.45,0.0
52490000,0.0,-0.6868338465444098,0.0,1,0.45,0.0
52500000,0.0,-0.7071067811865491,0.0,1,0.45,0.0
52510000,0.0,-0.7268144654869043,0.0,1,0.45,0.0
52520000,0.0,-0.7459411454241837,0.0,1,0.45,0.0
52530000,0.0,-0.7644715314230931,0.0,1,0.45,0.0
52540000,0.0,-0.7823908105765895,0.0,1,0.45,0.0
52550000,0.0,-0.7996846584870919,0.0,1,0.45,0.0
52560000,0.0,-0.8163392507171853,0.0,1,0.45,0.0
52570000,0.0,-0.8323412738406647,0.0,1,0.45,0.0
52580000,0.0,-0.8476779360850845,0.0,1,0.45,0.0
52590000,0.0,-0.8623369775573052,0.0,1,0.45,0.0
52600000,0.0,-0.8763066800438647,0.0,1,0.45,0.0
52610000,0.0,-0.889575876378339,0.0,1,0.45,0.0
52620000,0.0,-0.9021339593682038,0.0,1,0.45,0.0
52630000,0.0,-0.9139708902740622,0.0,1,0.45,0.0
52640000,0.0,-0.9250772068344589,0.0,1,0.45,0.0
52650000,0.0,-0.9354440308298682,0.0,1,0.45,0.0
52660000,0.0,-0.9450630751798057,0.0,1,0.45,0.0
52670000,0.0,-0.9539266505673943,0.0,1,0.45,0.0
52680000,0.0,-0.9620276715860866,0.0,1,0.45,0.0
52690000,0.0,-0.9693596624036229,0.0,1,0.45,0.0
52700000,0.0,-0.975916761938748,0.0,1,0.45,0.0
52710000,0.0,-0.9816937285463994,0.0,1,0.45,0.0
52720000,0.0,-0.9866859442078685,0.0,1,0.45,0.0
52730000,0.0,-0.990889418222339,0.0,1,0.45,0.0
52740000,0.0,-0.9943007903969991,0.0,1,0.45,0.0
52750000,0.0,-0.9969173337331282,0.0,1,0.45,0.0
52760000,0.0,-0.9987369566060176,0.0,1,0.45,0.0
52770000,0.0,-0.999758204436984,0.0,1,0.45,0.0
52780000,0.0,-0.9999802608561371,0.0,1,0.45,0.0
52790000,0.0,-0.9994029483549728,0.0,1,0.45,0.0
52800000,0.0,-0.9980267284282713,0.0,1,0.45,0.0
52810000,0.0,-0.9958527012051854,0.0,1,0.45,0.0
52820000,0.0,-0.9928826045698134,0.0,1,0.45,0.0
52830000,0.0,-0.9891188127719615,0.0,1,0.45,0.0
52840000,0.0,-0.9845643345292049,0.0,1,0.45,0.0
52850000,0.0,-0.9792228106217652,0.0,1,0.45,0.0
52860000,0.0,-0.973098510982126,0.0,1,0.45,0.0
52870000,0.0,-0.966196331281714,0.0,1,0.45,0.0
52880000,0.0,-0.9585217890173751,0.0,1,0.45,0.0
52890000,0.0,-0.9500810191007708,0.0,1,0.45,0.0
52900000,0.0,-0.9408807689542245,0.0,1,0.45,0.0
52910000,0.0,-0.9309283931169346,0.0,1,0.45,0.0
52920000,0.0,-0.9202318473658692,0.0,1,0.45,0.0
52930000,0.0,-0.9087996823560389,0.0,1,0.45,0.0
52940000,0.0,-0.8966410367852471,0.0,1,0.45,0.0
52950000,0.0,-0.883765630088692,0.0,1,0.45,0.0
52960000,0.0,-0.8701837546695242,0.0,1,0.45,0.0
52970000,0.0,-0.8559062676711314,0.0,1,0.45,0.0
52980000,0.0,-0.8409445822981675,0.0,1,0.45,0.0
52990000,0.0,-0.8253106586929979,0.0,1,0.45,0.0
53000000,0.0,-0.8090169943749457,0.0,1,0.45,0.0
53010000,0.0,-0.7920766142499825,0.0,1,0.45,0.0
53020000,0.0,-0.7745030601987318,0.0,1,0.45,0.0
53030000,0.0,-0.7563103802514699,0.0,1,0.45,0.0
53040000,0.0,-0.7375131173581718,0.0,1,0.45,0.0
53050000,0.0,-0.7181262977631867,0.0,1,0.45,0.0
53060000,0.0,-0.6981654189934704,0.0,1,0.45,0.0
53070000,0.0,-0.6776464374700999,0.0,1,0.45,0.0
53080000,0.0,-0.6565857557529541,0.0,1,0.45,0.0
53090000,0.0,-0.6350002094287581,0.0,1,0.45,0.0
53100000,0.0,-0.6129070536529739,0.0,1,0.45,0.0
53110000,0.0,-0.590323949356292,0.0,1,0.45,0.0
53120000,0.0,-0.5672689491267539,0.0,1,0.45,0.0
53130000,0.0,-0.5437604827787897,0.0,1,0.45,0.0
53140000,0.0,-0.5198173426207067,0.0,1,0.45,0.0
53150000,0.0,-0.49545866843240466,0.0,1,0.45,0.0
53160000,0.0,-0.47070393216532963,0.0,1,0.45,0.0
53170000,0.0,-0.44557292237689333,0.0,1,0.45,0.0
53180000,0.0,-0.4200857284118032,0.0,1,0.45,0.0
53190000,0.0,-0.39426272434297405,0.0,1,0.45,0.0
53200000,0.0,-0.3681245526846748,0.0,1,0.45,0.0
53210000,0.0,-0.34169210789148013,0.0,1,0.45,0.0
53220000,0.0,-0.31498651965530156,0.0,1,0.45,0.0
53230000,0.0,-0.28802913601476593,0.0,1,0.45,0.0
53240000,0.0,-0.2608415062898936,0.0,1,0.45,0.0
53250000,0.0,-0.23344536385590206,0.0,1,0.45,0.0
53260000,0.0,-0.20586260876990572,0.0,1,0.45,0.0
53270000,0.0,-0.1781152902642067,0.0,1,0.45,0.0
53280000,0.0,-0.1502255891207536,0.0,1,0.45,0.0
53290000,0.0,-0.12221579993988595,0.0,1,0.45,0.0
53300000,0.0,-0.0941083133185108,0.0,1,0.45,0.0
53310000,0.0,-0.06592559795137432,0.0,1,0.45,0.0
53320000,0.0,-0.03769018266993097,0.0,1,0.45,0.0
53330000,0.0,-0.009424638433168837,0.0,1,0.45,0.0
53340000,0.0,0.018848439715411783,0.0,1,0.45,0.0
53350000,0.0,0.04710645070964628,0.0,1,0.45,0.0
53360000,0.0,0.07532680552793636,0.0,1,0.45,0.0
53370000,0.0,0.10348694525042616,0.0,1,0.45,0.0
53380000,0.0,0.13156435909228614,0.0,1,0.45,0.0
53390000,0.0,0.15953660239848994,0.0,1,0.45,0.0
53400000,0.0,0.18738131458572826,0.0,1,0.45,0.0
53410000,0.0,0.215076237017117,0.0,1,0.45,0.0
53420000,0.0,0.24259923079541107,0.0,1,0.45,0.0
53430000,0.0,0.26992829446049993,0.0,1,0.45,0.0
53440000,0.0,0.2970415815770114,0.0,1,0.45,0.0
53450000,0.0,0.323917418198153,0.0,1,0.45,0.0
53460000,0.0,0.35053432019126257,0.0,1,0.45,0.0
53470000,0.0,0.3768710104121662,0.0,1,0.45,0.0
53480000,0.0,0.4029064357136662,0.0,1,0.45,0.0
53490000,0.0,0.4286197837751318,0.0,1,0.45,0.0
53500000,0.0,0.45399049973955025,0.0,1,0.45,0.0
53510000,0.0,0.47899830264473947,0.0,1,0.45,0.0
53520000,0.0,0.5036232016357642,0.0,1,0.45,0.0
53530000,0.0,0.5278455119450697,0.0,1,0.45,0.0
53540000,0.0,0.5516458706284335,0.0,1,0.45,0.0
53550000,0.0,0.5750052520432818,0.0,1,0.45,0.0
53560000,0.0,0.597904983057522,0.0,1,0.45,0.0
53570000,0.0,0.6203267579765591,0.0,1,0.45,0.0
53580000,0.0,0.6422526531765657,0.0,1,0.45,0.0
53590000,0.0,0.6636651414324615,0.0,1,0.45,0.0
53600000,0.0,0.6845471059286916,0.0,1,0.45,0.0
53610000,0.0,0.7048818539423642,0.0,1,0.45,0.0
53620000,0.0,0.7246531301870495,0.0,1,0.45,0.0
53630000,0.0,0.7438451298070278,0.0,1,0.45,0.0
53640000,0.0,0.7624425110114506,0.0,1,0.45,0.0
53650000,0.0,0.7804304073383324,0.0,1,0.45,0.0
53660000,0.0,0.7977944395385735,0.0,1,0.45,0.0
53670000,0.0,0.8145207270705118,0.0,1,0.45,0.0
53680000,0.0,0.830595899195815,0.0,1,0.45,0.0
53690000,0.0,0.8460071056678292,0.0,1,0.45,0.0
53700000,0.0,0.8607420270039458,0.0,1,0.45,0.0
53710000,0.0,0.8747888843334548,0.0,1,0.45,0.0
53720000,0.0,0.8881364488135465,0.0,1,0.45,0.0
53730000,0.0,0.9007740506054,0.0,1,0.45,0.0
53740000,0.0,0.9126915874035045,0.0,1,0.45,0.0
53750000,0.0,0.9238795325112884,0.0,1,0.45,0.0
53760000,0.0,0.9343289424566035,0.0,1,0.45,0.0
53770000,0.0,0.9440314641410511,0.0,1,0.45,0.0
53780000,0.0,0.9529793415172201,0.0,1,0.45,0.0
53790000,0.0,0.9611654217888531,0.0,1,0.45,0.0
53800000,0.0,0.9685831611286322,0.0,1,0.45,0.0
53810000,0.0,0.9752266299092244,0.0,1,0.45,0.0
53820000,0.0,0.981090517443335,0.0,1,0.45,0.0
53830000,0.0,0.9861701362289849,0.0,1,0.45,0.0
53840000,0.0,0.9904614256966519,0.0,1,0.45,0.0
53850000,0.0,0.9939609554551802,0.0,1,0.45,0.0
53860000,0.0,0.9966659280340302,0.0,1,0.45,0.0
53870000,0.0,0.99857418111951,0.0,1,0.45,0.0
53880000,0.0,0.9996841892833,0.0,1,0.45,0.0
53890000,0.0,0.9999950652018581,0.0,1,0.45,0.0
53900000,0.0,0.9995065603657323,0.0,1,0.45,0.0
53910000,0.0,0.9982190652782115,0.0,1,0.45,0.0
53920000,0.0,0.9961336091431721,0.0,1,0.45,0.0
53930000,0.0,0.9932518590423389,0.0,1,0.45,0.0
53940000,0.0,0.9895761186026544,0.0,1,0.45,0.0
53950000,0.0,0.9851093261547731,0.0,1,0.45,0.0
53960000,0.0,0.979855052384246,0.0,1,0.45,0.0
53970000,0.0,0.9738174974771279,0.0,1,0.45,0.0
53980000,0.0,0.9670014877624339,0.0,1,0.45,0.0
53990000,0.0,0.9594124718540415,0.0,1,0.45,0.0
54000000,0.0,0.9510565162951521,0.0,1,0.45,0.0
54010000,0.0,0.9419403007087986,0.0,1,0.45,0.0
54020000,0.0,0.9320711124582093,0.0,1,0.45,0.0
54030000,0.0,0.9214568408214966,0.0,1,0.45,0.0
54040000,0.0,0.9101059706849937,0.0,1,0.45,0.0
54050000,0.0,0.8980275757606135,0.0,1,0.45,0.0
54060000,0.0,0.885231311332453,0.0,1,0.45,0.0
54070000,0.0,0.8717274065385066,0.0,1,0.45,0.0
54080000,0.0,0.8575266561936644,0.0,1,0.45,0.0
54090000,0.0,0.8426404121604296,0.0,1,0.45,0.0
54100000,0.0,0.827080574274559,0.0,1,0.45,0.0
54110000,0.0,0.8108595808323706,0.0,1,0.45,0.0
54120000,0.0,0.7939903986478324,0.0,1,0.45,0.0
54130000,0.0,0.7764865126870755,0.0,1,0.45,0.0
54140000,0.0,0.7583619152887187,0.0,1,0.45,0.0
54150000,0.0,0.7396310949786254,0.0,1,0.45,0.0
54160000,0.0,0.7203090248879035,0.0,1,0.45,0.0
54170000,0.0,0.7004111507838028,0.0,1,0.45,0.0
54180000,0.0,0.6799533787224156,0.0,1,0.45,0.0
54190000,0.0,0.6589520623337345,0.0,1,0.45,0.0
54200000,0.0,0.6374239897486859,0.0,1,0.45,0.0
54210000,0.0,0.6153863701791675,0.0,1,0.45,0.0
54220000,0.0,0.5928568201610781,0.0,1,0.45,0.0
54230000,0.0,0.5698533494719196,0.0,1,0.45,0.0
54240000,0.0,0.5463943467342648,0.0,1,0.45,0.0
54250000,0.0,0.5224985647159445,0.0,1,0.45,0.0
54260000,0.0,0.49818510533951105,0.0,1,0.45,0.0
54270000,0.0,0.4734734044123076,0.0,1,0.45,0.0
54280000,0.0,0.4483832160900276,0.0,1,0.45,0.0
54290000,0.0,0.42293459708529857,0.0,1,0.45,0.0
54300000,0.0,0.39714789063477585,0.0,1,0.45,0.0
54310000,0.0,0.3710437102370462,0.0,1,0.45,0.0
54320000,0.0,0.3446429231745121,0.0,1,0.45,0.0
54330000,0.0,0.3179666338324329,0.0,1,0.45,0.0
54340000,0.0,0.2910361668282668,0.0,1,0.45,0.0
54350000,0.0,0.2638730499653678,0.0,1,0.45,0.0
54360000,0.0,0.23649899702371951,0.0,1,0.45,0.0
54370000,0.0,0.2089358904024065,0.0,1,0.45,0.0
54380000,0.0,0.18120576362713212,0.0,1,0.45,0.0
54390000,0.0,0.15333078373695533,0.0,1,0.45,0.0
54400000,0.0,0.1253332335643271,0.0,1,0.45,0.0
54410000,0.0,0.09723549392239397,0.0,1,0.45,0.0
54420000,0.0,0.06906002571440041,0.0,1,0.45,0.0
54430000,0.0,0.040829351978504576,0.0,1,0.45,0.0
54440000,0.0,0.012566039883375589,0.0,1,0.45,0.0
54450000,0.0,-0.015707317311826133,0.0,1,0.45,0.0
54460000,0.0,-0.04396811831787037,0.0,1,0.45,0.0
54470000,0.0,-0.07219377188283772,0.0,1,0.45,0.0
54480000,0.0,-0.10036171485122036,0.0,1,0.45,0.0
54490000,0.0,-0.12844943020030833,0.0,1,0.45,0.0
54500000,0.0,-0.15643446504023634,0.0,1,0.45,0.0
54510000,0.0,-0.18429444856231084,0.0,1,0.45,0.0
54520000,0.0,-0.2120071099220601,0.0,1,0.45,0.0
54530000,0.0,-0.23955029604192726,0.0,1,0.45,0.0
54540000,0.0,-0.26690198932038095,0.0,1,0.45,0.0
54550000,0.0,-0.29404032523230933,0.0,1,0.45,0.0
54560000,0.0,-0.3209436098072148,0.0,1,0.45,0.0
54570000,0.0,-0.34759033697104236,0.0,1,0.45,0.0
54580000,0.0,-0.37395920573777935,0.0,1,0.45,0.0
54590000,0.0,-0.40002913723726996,0.0,1,0.45,0.0
54600000,0.0,-0.4257792915650778,0.0,1,0.45,0.0
54610000,0.0,-0.45118908444185013,0.0,1,0.45,0.0
54620000,0.0,-0.47623820366794417,0.0,1,0.45,0.0
54630000,0.0,-0.5009066253607148,0.0,1,0.45,0.0
54640000,0.0,-0.5251746299613006,0.0,1,0.45,0.0
54650000,0.0,-0.5490228179981128,0.0,1,0.45,0.0
54660000,0.0,-0.5724321255945957,0.0,1,0.45,0.0
54670000,0.0,-0.5953838397083596,0.0,1,0.45,0.0
54680000,0.0,-0.617859613090339,0.0,1,0.45,0.0
54690000,0.0,-0.6398414789511611,0.0,1,0.45,0.0
54700000,0.0,-0.6613118653236563,0.0,1,0.45,0.0
54710000,0.0,-0.6822536091094007,0.0,1,0.45,0.0
54720000,0.0,-0.7026499697988332,0.0,1,0.45,0.0
54730000,0.0,-0.7224846428533539,0.0,1,0.45,0.0
54740000,0.0,-0.7417417727387432,0.0,1,0.45,0.0
54750000,0.0,-0.7604059656000348,0.0,1,0.45,0.0
54760000,0.0,-0.7784623015670094,0.0,1,0.45,0.0
54770000,0.0,-0.7958963466810195,0.0,1,0.45,0.0
54780000,0.0,-0.8126941644330975,0.0,1,0.45,0.0
54790000,0.0,-0.8288423269047493,0.0,1,0.45,0.0
54800000,0.0,-0.8443279255020183,0.0,1,0.45,0.0
54810000,0.0,-0.8591385812742754,0.0,1,0.45,0.0
54820000,0.0,-0.8732624548099231,0.0,1,0.45,0.0
54830000,0.0,-0.8866882557005462,0.0,1,0.45,0.0
54840000,0.0,-0.8994052515663737,0.0,1,0.45,0.0
54850000,0.0,-0.9114032766354477,0.0,1,0.45,0.0
54860000,0.0,-0.9226727398701172,0.0,1,0.45,0.0
54870000,0.0,-0.9332046326339007,0.0,1,0.45,0.0
54880000,0.0,-0.9429905358928665,0.0,1,0.45,0.0
54890000,0.0,-0.9520226269456785,0.0,1,0.45,0.0
54900000,0.0,-0.9602936856769368,0.0,1,0.45,0.0
54910000,0.0,-0.967797100328867,0.0,1,0.45,0.0
54920000,0.0,-0.9745268727865786,0.0,1,0.45,0.0
54930000,0.0,-0.9804776233729456,0.0,1,0.45,0.0
54940000,0.0,-0.9856445951489943,0.0,1,0.45,0.0
54950000,0.0,-0.9900236577165584,0.0,1,0.45,0.0
54960000,0.0,-0.9936113105200092,0.0,1,0.45,0.0
54970000,0.0,-0.9964046856445905,0.0,1,0.45,0.0
54980000,0.0,-0.9984015501089754,0.0,1,0.45,0.0
54990000,0.0,-0.9996003076502568,0.0,1,0.45,0.0
55000000,0.0,-1.0,0.0,1,0.45,0.0
55010000,0.0,-0.9996003076502572,0.0,1,0.45,0.0
55020000,0.0,-0.9984015501089747,0.0,1,0.45,0.0
55030000,0.0,-0.9964046856445918,0.0,1,0.45,0.0
55040000,0.0,-0.9936113105200108,0.0,1,0.45,0.0
55050000,0.0,-0.9900236577165566,0.0,1,0.45,0.0
55060000,0.0,-0.9856445951489969,0.0,1,0.45,0.0
55070000,0.0,-0.9804776233729431,0.0,1,0.45,0.0
55080000,0.0,-0.974526872786582,0.0,1,0.45,0.0
55090000,0.0,-0.9677971003288638,0.0,1,0.45,0.0
55100000,0.0,-0.9602936856769413,0.0,1,0.45,0.0
55110000,0.0,-0.9520226269456833,0.0,1,0.45,0.0
55120000,0.0,-0.9429905358928623,0.0,1,0.45,0.0
55130000,0.0,-0.9332046326338962,0.0,1,0.45,0.0
55140000,0.0,-0.9226727398701123,0.0,1,0.45,0.0
55150000,0.0,-0.9114032766354542,0.0,1,0.45,0.0
55160000,0.0,-0.8994052515663682,0.0,1,0.45,0.0
55170000,0.0,-0.8866882557005534,0.0,1,0.45,0.0
55180000,0.0,-0.8732624548099169,0.0,1,0.45,0.0
55190000,0.0,-0.8591385812742836,0.0,1,0.45,0.0
55200000,0.0,-0.8443279255020115,0.0,1,0.45,0.0
55210000,0.0,-0.8288423269047581,0.0,1,0.45,0.0
55220000,0.0,-0.8126941644331066,0.0,1,0.45,0.0
55230000,0.0,-0.7958963466810117,0.0,1,0.45,0.0
55240000,0.0,-0.7784623015670191,0.0,1,0.45,0.0
55250000,0.0,-0.7604059656000265,0.0,1,0.45,0.0
55260000,0.0,-0.7417417727387537,0.0,1,0.45,0.0
55270000,0.0,-0.7224846428533451,0.0,1,0.45,0.0
55280000,0.0,-0.7026499697988443,0.0,1,0.45,0.0
55290000,0.0,-0.6822536091094122,0.0,1,0.45,0.0
55300000,0.0,-0.6613118653236467,0.0,1,0.45,0.0
55310000,0.0,-0.6398414789511732,0.0,1,0.45,0.0
55320000,0.0,-0.6178596130903289,0.0,1,0.45,0.0
55330000,0.0,-0.5953838397083722,0.0,1,0.45,0.0
55340000,0.0,-0.5724321255945852,0.0,1,0.45,0.0
55350000,0.0,-0.5490228179981259,0.0,1,0.45,0.0
55360000,0.0,-0.5251746299613139,0.0,1,0.45,0.0
55370000,0.0,-0.5009066253607038,0.0,1,0.45,0.0
55380000,0.0,-0.47623820366793296,0.0,1,0.45,0.0
55390000,0.0,-0.45118908444183875,0.0,1,0.45,0.0
55400000,0.0,-0.425779291565092,0.0,1,0.45,0.0
55410000,0.0,-0.4000291372372583,0.0,1,0.45,0.0
55420000,0.0,-0.3739592057377939,0.0,1,0.45,0.0
55430000,0.0,-0.34759033697103037,0.0,1,0.45,0.0
55440000,0.0,-0.3209436098072297,0.0,1,0.45,0.0
55450000,0.0,-0.2940403252322972,0.0,1,0.45,0.0
55460000,0.0,-0.2669019893203687,0.0,1,0.45,0.0
55470000,0.0,-0.23955029604194247,0.0,1,0.45,0.0
55480000,0.0,-0.21200710992204763,0.0,1,0.45,0.0
55490000,0.0,-0.18429444856232624,0.0,1,0.45,0.0
55500000,0.0,-0.15643446504022376,0.0,1,0.45,0.0
55510000,0.0,-0.12844943020032387,0.0,1,0.45,0.0
55520000,0.0,-0.10036171485120769,0.0,1,0.45,0.0
55530000,0.0,-0.07219377188285336,0.0,1,0.45,0.0
55540000,0.0,-0.04396811831788603,0.0,1,0.45,0.0
55550000,0.0,-0.01570731731181339,0.0,1,0.45,0.0
55560000,0.0,0.012566039883359912,0.0,1,0.45,0.0
55570000,0.0,0.040829351978517316,0.0,1,0.45,0.0
55580000,0.0,0.06906002571438477,0.0,1,0.45,0.0
55590000,0.0,0.09723549392240666,0.0,1,0.45,0.0
55600000,0.0,0.12533323356431156,0.0,1,0.45,0.0
55610000,0.0,0.15333078373693984,0.0,1,0.45,0.0
55620000,0.0,0.18120576362714463,0.0,1,0.45,0.0
55630000,0.0,0.20893589040241897,0.0,1,0.45,0.0
55640000,0.0,0.23649899702373192,0.0,1,0.45,0.0
55650000,0.0,0.26387304996535266,0.0,1,0.45,0.0
55660000,0.0,0.291036166828279,0.0,1,0.45,0.0
55670000,0.0,0.317966633832418,0.0,1,0.45,0.0
55680000,0.0,0.3446429231744974,0.0,1,0.45,0.0
55690000,0.0,0.3710437102370316,0.0,1,0.45,0.0
55700000,0.0,0.39714789063478756,0.0,1,0.45,0.0
55710000,0.0,0.4229345970853101,0.0,1,0.45,0.0
55720000,0.0,0.44838321609001364,0.0,1,0.45,0.0
55730000,0.0,0.47347340441231883,0.0,1,0.45,0.0
55740000,0.0,0.49818510533949745,0.0,1,0.45,0.0
55750000,0.0,0.5224985647159553,0.0,1,0.45,0.0
55760000,0.0,0.5463943467342517,0.0,1,0.45,0.0
55770000,0.0,0.5698533494719301,0.0,1,0.45,0.0
55780000,0.0,0.5928568201610654,0.0,1,0.45,0.0
55790000,0.0,0.6153863701791551,0.0,1,0.45,0.0
55800000,0.0,0.6374239897486956,0.0,1,0.45,0.0
55810000,0.0,0.6589520623337227,0.0,1,0.45,0.0
55820000,0.0,0.6799533787224249,0.0,1,0.45,0.0
55830000,0.0,0.7004111507837916,0.0,1,0.45,0.0
55840000,0.0,0.7203090248879123,0.0,1,0.45,0.0
55850000,0.0,0.7396310949786149,0.0,1,0.45,0.0
55860000,0.0,0.7583619152887084,0.0,1,0.45,0.0
55870000,0.0,0.7764865126870836,0.0,1,0.45,0.0
55880000,0.0,0.79399039864784,0.0,1,0.45,0.0
55890000,0.0,0.8108595808323781,0.0,1,0.45,0.0
55900000,0.0,0.8270805742745503,0.0,1,0.45,0.0
55910000,0.0,0.8426404121604365,0.0,1,0.45,0.0
55920000,0.0,0.8575266561936563,0.0,1,0.45,0.0
55930000,0.0,0.8717274065384989,0.0,1,0.45,0.0
55940000,0.0,0.8852313113324457,0.0,1,0.45,0.0
55950000,0.0,0.8980275757606191,0.0,1,0.45,0.0
55960000,0.0,0.910105970684999,0.0,1,0.45,0.0
55970000,0.0,0.9214568408214905,0.0,1,0.45,0.0
55980000,0.0,0.9320711124582138,0.0,1,0.45,0.0
55990000,0.0,0.9419403007087933,0.0,1,0.45,0.0
56000000,0.0,0.9510565162951473,0.0,1,0.45,0.0
56010000,0.0,0.9594124718540371,0.0,1,0.45,0.0
56020000,0.0,0.9670014877624371,0.0,1,0.45,0.0
56030000,0.0,0.9738174974771308,0.0,1,0.45,0.0
56040000,0.0,0.9798550523842429,0.0,1,0.45,0.0
56050000,0.0,0.9851093261547753,0.0,1,0.45,0.0
56060000,0.0,0.9895761186026522,0.0,1,0.45,0.0
56070000,0.0,0.9932518590423404,0.0,1,0.45,0.0
56080000,0.0,0.9961336091431707,0.0,1,0.45,0.0
56090000,0.0,0.9982190652782122,0.0,1,0.45,0.0
56100000,0.0,0.9995065603657318,0.0,1,0.45,0.0
56110000,0.0,0.9999950652018581,0.0,1,0.45,0.0
56120000,0.0,0.9996841892832998,0.0,1,0.45,0.0
56130000,0.0,0.9985741811195094,0.0,1,0.45,0.0
56140000,0.0,0.9966659280340292,0.0,1,0.45,0.0
56150000,0.0,0.9939609554551819,0.0,1,0.45,0.0
56160000,0.0,0.9904614256966501,0.0,1,0.45,0.0
56170000,0.0,0.9861701362289874,0.0,1,0.45,0.0
56180000,0.0,0.981090517443338,0.0,1,0.45,0.0
56190000,0.0,0.9752266299092278,0.0,1,0.45,0.0
56200000,0.0,0.9685831611286291,0.0,1,0.45,0.0
56210000,0.0,0.9611654217888496,0.0,1,0.45,0.0
56220000,0.0,0.9529793415172249,0.0,1,0.45,0.0
56230000,0.0,0.944031464141047,0.0,1,0.45,0.0
56240000,0.0,0.934328942456609,0.0,1,0.45,0.0
56250000,0.0,0.9238795325112944,0.0,1,0.45,0.0
56260000,0.0,0.912691587403511,0.0,1,0.45,0.0
56270000,0.0,0.9007740506053944,0.0,1,0.45,0.0
56280000,0.0,0.8881364488135406,0.0,1,0.45,0.0
56290000,0.0,0.8747888843334625,0.0,1,0.45,0.0
56300000,0.0,0.8607420270039393,0.0,1,0.45,0.0
56310000,0.0,0.8460071056678377,0.0,1,0.45,0.0
56320000,0.0,0.8305958991958079,0.0,1,0.45,0.0
56330000,0.0,0.8145207270705209,0.0,1,0.45,0.0
56340000,0.0,0.7977944395385658,0.0,1,0.45,0.0
56350000,0.0,0.7804304073383244,0.0,1,0.45,0.0
56360000,0.0,0.7624425110114607,0.0,1,0.45,0.0
56370000,0.0,0.7438451298070192,0.0,1,0.45,0.0
56380000,0.0,0.7246531301870407,0.0,1,0.45,0.0
56390000,0.0,0.7048818539423553,0.0,1,0.45,0.0
56400000,0.0,0.684547105928703,0.0,1,0.45,0.0
56410000,0.0,0.6636651414324519,0.0,1,0.45,0.0
56420000,0.0,0.6422526531765776,0.0,1,0.45,0.0
56430000,0.0,0.6203267579765714,0.0,1,0.45,0.0
56440000,0.0,0.5979049830575346,0.0,1,0.45,0.0
56450000,0.0,0.5750052520432714,0.0,1,0.45,0.0
56460000,0.0,0.5516458706284229,0.0,1,0.45,0.0
56470000,0.0,0.527845511945083,0.0,1,0.45,0.0
56480000,0.0,0.5036232016357532,0.0,1,0.45,0.0
56490000,0.0,0.47899830264475324,0.0,1,0.45,0.0
56500000,0.0,0.45399049973956423,0.0,1,0.45,0.0
56510000,0.0,0.428619783775146,0.0,1,0.45,0.0
56520000,0.0,0.40290643571365453,0.0,1,0.45,0.0
56530000,0.0,0.3768710104121544,0.0,1,0.45,0.0
56540000,0.0,0.3505343201912773,0.0,1,0.45,0.0
56550000,0.0,0.32391741819814096,0.0,1,0.45,0.0
56560000,0.0,0.29704158157702637,0.0,1,0.45,0.0
56570000,0.0,0.26992829446051503,0.0,1,0.45,0.0
56580000,0.0,0.24259923079542625,0.0,1,0.45,0.0
56590000,0.0,0.21507623701710457,0.0,1,0.45,0.0
56600000,0.0,0.18738131458571575,0.0,1,0.45,0.0
56610000,0.0,0.15953660239850542,0.0,1,0.45,0.0
56620000,0.0,0.13156435909227351,0.0,1,0.45,0.0
56630000,0.0,0.10348694525041349,0.0,1,0.45,0.0
56640000,0.0,0.07532680552792365,0.0,1,0.45,0.0
56650000,0.0,0.04710645070966194,0.0,1,0.45,0.0
56660000,0.0,0.01884843971539904,0.0,1,0.45,0.0
56670000,0.0,-0.009424638433153162,0.0,1,0.45,0.0
56680000,0.0,-0.0376901826699153,0.0,1,0.45,0.0
56690000,0.0,-0.06592559795135866,0.0,1,0.45,0.0
56700000,0.0,-0.09410831331852348,0.0,1,0.45,0.0
56710000,0.0,-0.12221579993989859,0.0,1,0.45,0.0
56720000,0.0,-0.15022558912073808,0.0,1,0.45,0.0
56730000,0.0,-0.17811529026421924,0.0,1,0.45,0.0
56740000,0.0,-0.2058626087698904,0.0,1,0.45,0.0
56750000,0.0,-0.2334453638558868,0.0,1,0.45,0.0
56760000,0.0,-0.26084150628987846,0.0,1,0.45,0.0
56770000,0.0,-0.2880291360147781,0.0,1,0.45,0.0
56780000,0.0,-0.31498651965531366,0.0,1,0.45,0.0
56790000,0.0,-0.3416921078914654,0.0,1,0.45,0.0
56800000,0.0,-0.3681245526846867,0.0,1,0.45,0.0
56810000,0.0,-0.3942627243429596,0.0,1,0.45,0.0
56820000,0.0,-0.420085728411789,0.0,1,0.45,0.0
56830000,0.0,-0.4455729223768793,0.0,1,0.45,0.0
56840000,0.0,-0.4707039321653409,0.0,1,0.45,0.0
56850000,0.0,-0.49545866843241576,0.0,1,0.45,0.0
56860000,0.0,-0.5198173426206933,0.0,1,0.45,0.0
56870000,0.0,-0.5437604827788004,0.0,1,0.45,0.0
56880000,0.0,-0.5672689491267643,0.0,1,0.45,0.0
56890000,0.0,-0.5903239493563023,0.0,1,0.45,0.0
56900000,0.0,-0.6129070536529616,0.0,1,0.45,0.0
56910000,0.0,-0.635000209428768,0.0,1,0.45,0.0
56920000,0.0,-0.6565857557529636,0.0,1,0.45,0.0
56930000,0.0,-0.6776464374700885,0.0,1,0.45,0.0
56940000,0.0,-0.6981654189934592,0.0,1,0.45,0.0
56950000,0.0,-0.7181262977631955,0.0,1,0.45,0.0
56960000,0.0,-0.7375131173581804,0.0,1,0.45,0.0
56970000,0.0,-0.7563103802514597,0.0,1,0.45,0.0
56980000,0.0,-0.7745030601987399,0.0,1,0.45,0.0
56990000,0.0,-0.792076614249973,0.0,1,0.45,0.0
57000000,0.0,-0.8090169943749365,0.0,1,0.45,0.0
57010000,0.0,-0.825310658692989,0.0,1,0.45,0.0
57020000,0.0,-0.8409445822981744,0.0,1,0.45,0.0
57030000,0.0,-0.8559062676711381,0.0,1,0.45,0.0
57040000,0.0,-0.8701837546695165,0.0,1,0.45,0.0
57050000,0.0,-0.883765630088698,0.0,1,0.45,0.0
57060000,0.0,-0.8966410367852402,0.0,1,0.45,0.0
57070000,0.0,-0.9087996823560324,0.0,1,0.45,0.0
57080000,0.0,-0.920231847365863,0.0,1,0.45,0.0
57090000,0.0,-0.9309283931169393,0.0,1,0.45,0.0
57100000,0.0,-0.9408807689542288,0.0,1,0.45,0.0
57110000,0.0,-0.9500810191007659,0.0,1,0.45,0.0
57120000,0.0,-0.9585217890173787,0.0,1,0.45,0.0
57130000,0.0,-0.9661963312817173,0.0,1,0.45,0.0
57140000,0.0,-0.9730985109821223,0.0,1,0.45,0.0
57150000,0.0,-0.9792228106217621,0.0,1,0.45,0.0
57160000,0.0,-0.9845643345292071,0.0,1,0.45,0.0
57170000,0.0,-0.9891188127719632,0.0,1,0.45,0.0
57180000,0.0,-0.9928826045698115,0.0,1,0.45,0.0
57190000,0.0,-0.995852701205184,0.0,1,0.45,0.0
57200000,0.0,-0.9980267284282722,0.0,1,0.45,0.0
57210000,0.0,-0.9994029483549732,0.0,1,0.45,0.0
57220000,0.0,-0.999980260856137,0.0,1,0.45,0.0
57230000,0.0,-0.9997582044369838,0.0,1,0.45,0.0
57240000,0.0,-0.998736956606017,0.0,1,0.45,0.0
57250000,0.0,-0.9969173337331294,0.0,1,0.45,0.0
57260000,0.0,-0.9943007903970008,0.0,1,0.45,0.0
57270000,0.0,-0.9908894182223373,0.0,1,0.45,0.0
57280000,0.0,-0.9866859442078664,0.0,1,0.45,0.0
57290000,0.0,-0.9816937285464024,0.0,1,0.45,0.0
57300000,0.0,-0.9759167619387452,0.0,1,0.45,0.0
57310000,0.0,-0.9693596624036268,0.0,1,0.45,0.0
57320000,0.0,-0.9620276715860908,0.0,1,0.45,0.0
57330000,0.0,-0.953926650567399,0.0,1,0.45,0.0
57340000,0.0,-0.9450630751798015,0.0,1,0.45,0.0
57350000,0.0,-0.9354440308298637,0.0,1,0.45,0.0
57360000,0.0,-0.9250772068344649,0.0,1,0.45,0.0
57370000,0.0,-0.913970890274057,0.0,1,0.45,0.0
57380000,0.0,-0.9021339593681984,0.0,1,0.45,0.0
57390000,0.0,-0.8895758763783462,0.0,1,0.45,0.0
57400000,0.0,-0.8763066800438722,0.0,1,0.45,0.0
57410000,0.0,-0.8623369775572987,0.0,1,0.45,0.0
57420000,0.0,-0.8476779360850777,0.0,1,0.45,0.0
57430000,0.0,-0.8323412738406734,0.0,1,0.45,0.0
57440000,0.0,-0.8163392507171944,0.0,1,0.45,0.0
57450000,0.0,-0.7996846584870843,0.0,1,0.45,0.0
57460000,0.0,-0.7823908105765993,0.0,1,0.45,0.0
57470000,0.0,-0.7644715314231032,0.0,1,0.45,0.0
57480000,0.0,-0.7459411454241751,0.0,1,0.45,0.0
57490000,0.0,-0.7268144654868957,0.0,1,0.45,0.0
57500000,0.0,-0.7071067811865601,0.0,1,0.45,0.0
57510000,0.0,-0.6868338465444213,0.0,1,0.45,0.0
57520000,0.0,-0.6660118674342438,0.0,1,0.45,0.0
57530000,0.0,-0.6446574886275832,0.0,1,0.45,0.0
57540000,0.0,-0.6227877804881264,0.0,1,0.45,0.0
57550000,0.0,-0.6004202253258756,0.0,1,0.45,0.0
57560000,0.0,-0.5775727034222589,0.0,1,0.45,0.0
57570000,0.0,-0.5542634787367089,0.0,1,0.45,0.0
57580000,0.0,-0.5305111843067492,0.0,1,0.45,0.0
57590000,0.0,-0.5063348073531233,0.0,1,0.45,0.0
57600000,0.0,-0.4817536741017059,0.0,1,0.45,0.0
57610000,0.0,-0.45678743433431523,0.0,1,0.45,0.0
57620000,0.0,-0.4314560456809493,0.0,1,0.45,0.0
57630000,0.0,-0.4057797576661901,0.0,1,0.45,0.0
57640000,0.0,-0.37977909552181743,0.0,1,0.45,0.0
57650000,0.0,-0.35347484377927363,0.0,1,0.45,0.0
57660000,0.0,-0.32688802965493224,0.0,1,0.45,0.0
57670000,0.0,-0.3000399062412659,0.0,1,0.45,0.0
57680000,0.0,-0.27295193551734215,0.0,1,0.45,0.0
57690000,0.0,-0.24564577119244338,0.0,1,0.45,0.0
57700000,0.0,-0.21814324139653193,0.0,1,0.45,0.0
57710000,0.0,-0.1904663312312071,0.0,1,0.45,0.0
57720000,0.0,-0.16263716519490087,0.0,1,0.45,0.0
57730000,0.0,-0.13467798949714177,0.0,1,0.45,0.0
57740000,0.0,-0.10661115427524905,0.0,1,0.45,0.0
57750000,0.0,-0.07845909572786236,0.0,1,0.45,0.0
57760000,0.0,-0.05024431817978699,0.0,1,0.45,0.0
57770000,0.0,-0.021989376092494125,0.0,1,0.45,0.0
57780000,0.0,0.006283143965569955,0.0,1,0.45,0.0
57790000,0.0,0.03455064137445488,0.0,1,0.45,0.0
57800000,0.0,0.06279051952932439,0.0,1,0.45,0.0
57810000,0.0,0.09098020390358093,0.0,1,0.45,0.0
57820000,0.0,0.11909716009485251,0.0,1,0.45,0.0
57830000,0.0,0.14711891183862022,0.0,1,0.45,0.0
57840000,0.0,0.17502305897528697,0.0,1,0.45,0.0
57850000,0.0,0.20278729535652337,0.0,1,0.45,0.0
57860000,0.0,0.23038942667657378,0.0,1,0.45,0.0
57870000,0.0,0.2578073882140706,0.0,1,0.45,0.0
57880000,0.0,0.2850192624699868,0.0,1,0.45,0.0
57890000,0.0,0.3120032966883985,0.0,1,0.45,0.0
57900000,0.0,0.33873792024527516,0.0,1,0.45,0.0
57910000,0.0,0.36520176189159825,0.0,1,0.45,0.0
57920000,0.0,0.39137366683721275,0.0,1,0.45,0.0
57930000,0.0,0.4172327136617497,0.0,1,0.45,0.0
57940000,0.0,0.4427582310388862,0.0,1,0.45,0.0
57950000,0.0,0.46792981426058333,0.0,1,0.45,0.0
57960000,0.0,0.4927273415482767,0.0,1,0.45,0.0
57970000,0.0,0.5171309901381426,0.0,1,0.45,0.0
57980000,0.0,0.5411212521268853,0.0,1,0.45,0.0
57990000,0.0,0.5646789500660865,0.0,1,0.45,0.0
58000000,0.0,0.5877852522924594,0.0,1,0.45,0.0
58010000,0.0,0.610421687981589,0.0,1,0.45,0.0
58020000,0.0,0.6325701619131333,0.0,1,0.45,0.0
58030000,0.0,0.6542129689358482,0.0,1,0.45,0.0
58040000,0.0,0.6753328081210119,0.0,1,0.45,0.0
58050000,0.0,0.6959127965923225,0.0,1,0.45,0.0
58060000,0.0,0.7159364830218392,0.0,1,0.45,0.0
58070000,0.0,0.7353878607810044,0.0,1,0.45,0.0
58080000,0.0,0.7542513807360927,0.0,1,0.45,0.0
58090000,0.0,0.7725119636778718,0.0,1,0.45,0.0
58100000,0.0,0.7901550123756974,0.0,1,0.45,0.0
58110000,0.0,0.8071664232463903,0.0,1,0.45,0.0
58120000,0.0,0.823532597628434,0.0,1,0.45,0.0
58130000,0.0,0.839240452652388,0.0,1,0.45,0.0
58140000,0.0,0.8542774316992864,0.0,1,0.45,0.0
58150000,0.0,0.8686315144381829,0.0,1,0.45,0.0
58160000,0.0,0.8822912264349587,0.0,1,0.45,0.0
58170000,0.0,0.8952456483248169,0.0,1,0.45,0.0
58180000,0.0,0.9074844245411099,0.0,1,0.45,0.0
58190000,0.0,0.9189977715934148,0.0,1,0.45,0.0
58200000,0.0,0.9297764858882557,0.0,1,0.45,0.0
58210000,0.0,0.939811951086314,0.0,1,0.45,0.0
58220000,0.0,0.9490961449902894,0.0,1,0.45,0.0
58230000,0.0,0.9576216459576257,0.0,1,0.45,0.0
58240000,0.0,0.965381638833277,0.0,1,0.45,0.0
58250000,0.0,0.9723699203976727,0.0,1,0.45,0.0
58260000,0.0,0.9785809043254686,0.0,1,0.45,0.0
58270000,0.0,0.9840096256511418,0.0,1,0.45,0.0
58280000,0.0,0.9886517447379115,0.0,1,0.45,0.0
58290000,0.0,0.9925035507468217,0.0,1,0.45,0.0
58300000,0.0,0.9955619646030811,0.0,1,0.45,0.0
58310000,0.0,0.9978245414574423,0.0,1,0.45,0.0
58320000,0.0,0.9992894726405886,0.0,1,0.45,0.0
58330000,0.0,0.9999555871089496,0.0,1,0.45,0.0
58340000,0.0,0.9998223523808087,0.0,1,0.45,0.0
58350000,0.0,0.9988898749619708,0.0,1,0.45,0.0
58360000,0.0,0.9971589002606152,0.0,1,0.45,0.0
58370000,0.0,0.9946308119914311,0.0,1,0.45,0.0
58380000,0.0,0.991307631069505,0.0,1,0.45,0.0
58390000,0.0,0.9871920139948218,0.0,1,0.45,0.0
58400000,0.0,0.9822872507286917,0.0,1,0.45,0.0
58410000,0.0,0.976597262063822,0.0,1,0.45,0.0
58420000,0.0,0.9701265964901029,0.0,1,0.45,0.0
58430000,0.0,0.962880426558592,0.0,1,0.45,0.0
58440000,0.0,0.9548645447466478,0.0,1,0.45,0.0
58450000,0.0,0.9460853588275414,0.0,1,0.45,0.0
58460000,0.0,0.9365498867481981,0.0,1,0.45,0.0
58470000,0.0,0.9262657510190728,0.0,1,0.45,0.0
58480000,0.0,0.9152411726209126,0.0,1,0.45,0.0
58490000,0.0,0.9034849644330296,0.0,1,0.45,0.0
58500000,0.0,0.8910065241883752,0.0,1,0.45,0.0
58510000,0.0,0.8778158269611295,0.0,1,0.45,0.0
58520000,0.0,0.8639234171928292,0.0,1,0.45,0.0
58530000,0.0,0.8493404002633251,0.0,1,0.45,0.0
58540000,0.0,0.8340784336131801,0.0,1,0.45,0.0
58550000,0.0,0.8181497174250164,0.0,1,0.45,0.0
58560000,0.0,0.8015669848708692,0.0,1,0.45,0.0
58570000,0.0,0.78434349193342,0.0,1,0.45,0.0
58580000,0.0,0.7664930068093602,0.0,1,0.45,0.0
58590000,0.0,0.7480297989033743,0.0,1,0.45,0.0
58600000,0.0,0.7289686274214225,0.0,1,0.45,0.0
58610000,0.0,0.7093247295722852,0.0,1,0.45,0.0
58620000,0.0,0.6891138083873395,0.0,1,0.45,0.0
58630000,0.0,0.6683520201677838,0.0,1,0.45,0.0
58640000,0.0,0.6470559615694566,0.0,1,0.45,0.0
58650000,0.0,0.6252426563357176,0.0,1,0.45,0.0
58660000,0.0,0.6029295416890148,0.0,1,0.45,0.0
58670000,0.0,0.5801344543918392,0.0,1,0.45,0.0
58680000,0.0,0.5568756164882013,0.0,1,0.45,0.0
58690000,0.0,0.533171620737202,0.0,1,0.45,0.0
58700000,0.0,0.5090414157503605,0.0,1,0.45,0.0
58710000,0.0,0.4845042908444118,0.0,1,0.45,0.0
58720000,0.0,0.4595798606215019,0.0,1,0.45,0.0
58730000,0.0,0.43428804928979325,0.0,1,0.45,0.0
58740000,0.0,0.40864907473633755,0.0,1,0.45,0.0
58750000,0.0,0.3826834323651044,0.0,1,0.45,0.0
58760000,0.0,0.35641187871326546,0.0,1,0.45,0.0
58770000,0.0,0.32985541485884096,0.0,1,0.45,0.0
58780000,0.0,0.303035269632789,0.0,1,0.45,0.0
58790000,0.0,0.27597288264876085,0.0,1,0.45,0.0
58800000,0.0,0.24868988716484247,0.0,1,0.45,0.0
58810000,0.0,0.22120809279023473,0.0,1,0.45,0.0
58820000,0.0,0.19354946805087564,0.0,1,0.45,0.0
58830000,0.0,0.16573612282813516,0.0,1,0.45,0.0
58840000,0.0,0.13779029068462542,0.0,1,0.45,0.0
58850000,0.0,0.10973431109106081,0.0,1,0.45,0.0
58860000,0.0,0.08159061156817311,0.0,1,0.45,0.0
58870000,0.0,0.05338168975874767,0.0,1,0.45,0.0
58880000,0.0,0.025130095443324646,0.0,1,0.45,0.0
58890000,0.0,-0.0031415874858639957,0.0,1,0.45,0.0
58900000,0.0,-0.03141075907811275,0.0,1,0.45,0.0
58910000,0.0,-0.05965482139018356,0.0,1,0.45,0.0
58920000,0.0,-0.08785119655072772,0.0,1,0.45,0.0
58930000,0.0,-0.11597734480894598,0.0,1,0.45,0.0
58940000,0.0,-0.14401078255223684,0.0,1,0.45,0.0
58950000,0.0,-0.17192910027942232,0.0,1,0.45,0.0
58960000,0.0,-0.19970998051439187,0.0,1,0.45,0.0
58970000,0.0,-0.22733121564663142,0.0,1,0.45,0.0
58980000,0.0,-0.25477072568339476,0.0,1,0.45,0.0
58990000,0.0,-0.28200657590014194,0.0,1,0.45,0.0
59000000,0.0,-0.3090169943749328,0.0,1,0.45,0.0
59010000,0.0,-0.33578038939256616,0.0,1,0.45,0.0
59020000,0.0,-0.36227536670455784,0.0,1,0.45,0.0
59030000,0.0,-0.38848074663135196,0.0,1,0.45,0.0
59040000,0.0,-0.4143755809932702,0.0,1,0.45,0.0
59050000,0.0,-0.4399391698559269,0.0,1,0.45,0.0
59060000,0.0,-0.46515107807746997,0.0,1,0.45,0.0
59070000,0.0,-0.4899911516442233,0.0,1,0.45,0.0
59080000,0.0,-0.5144395337814934,0.0,1,0.45,0.0
59090000,0.0,-0.5384766808266713,0.0,1,0.45,0.0
59100000,0.0,-0.562083377852118,0.0,1,0.45,0.0
59110000,0.0,-0.5852407540254978,0.0,1,0.45,0.0
59120000,0.0,-0.6079302976946159,0.0,1,0.45,0.0
59130000,0.0,-0.6301338711853794,0.0,1,0.45,0.0
59140000,0.0,-0.6518337253008673,0.0,1,0.45,0.0
59150000,0.0,-0.6730125135097621,0.0,1,0.45,0.0
59160000,0.0,-0.6936533058128146,0.0,1,0.45,0.0
59170000,0.0,-0.7137396022764108,0.0,1,0.45,0.0
59180000,0.0,-0.7332553462225497,0.0,1,0.45,0.0
59190000,0.0,-0.7521849370641015,0.0,1,0.45,0.0
59200000,0.0,-0.7705132427757978,0.0,1,0.45,0.0
59210000,0.0,-0.7882256119904307,0.0,1,0.45,0.0
59220000,0.0,-0.805307885711113,0.0,1,0.45,0.0
59230000,0.0,-0.8217464086295979,0.0,1,0.45,0.0
59240000,0.0,-0.8375280400421335,0.0,1,0.45,0.0
59250000,0.0,-0.8526401643540844,0.0,1,0.45,0.0
59260000,0.0,-0.8670707011644826,0.0,1,0.45,0.0
59270000,0.0,-0.88080811492301,0.0,1,0.45,0.0
59280000,0.0,-0.8938414241512571,0.0,1,0.45,0.0
59290000,0.0,-0.9061602102212836,0.0,1,0.45,0.0
59300000,0.0,-0.9177546256839865,0.0,1,0.45,0.0
59310000,0.0,-0.9286154021410223,0.0,1,0.45,0.0
59320000,0.0,-0.938733857653869,0.0,1,0.45,0.0
59330000,0.0,-0.9481019036840272,0.0,1,0.45,0.0
59340000,0.0,-0.9567120515588344,0.0,1,0.45,0.0
59350000,0.0,-0.9645574184577942,0.0,1,0.45,0.0
59360000,0.0,-0.9716317329146704,0.0,1,0.45,0.0
59370000,0.0,-0.9779293398307247,0.0,1,0.45,0.0
59380000,0.0,-0.9834452049953322,0.0,1,0.45,0.0
59390000,0.0,-0.9881749191102782,0.0,1,0.45,0.0
59400000,0.0,-0.992114701314476,0.0,1,0.45,0.0
59410000,0.0,-0.9952614022063097,0.0,1,0.45,0.0
59420000,0.0,-0.9976125063612242,0.0,1,0.45,0.0
59430000,0.0,-0.9991661343425395,0.0,1,0.45,0.0
59440000,0.0,-0.9999210442038159,0.0,1,0.45,0.0
59450000,0.0,-0.9998766324816604,0.0,1,0.45,0.0
59460000,0.0,-0.9990329346781254,0.0,1,0.45,0.0
59470000,0.0,-0.9973906252323247,0.0,1,0.45,0.0
59480000,0.0,-0.9949510169812987,0.0,1,0.45,0.0
59490000,0.0,-0.9917160601105647,0.0,1,0.45,0.0
59500000,0.0,-0.98768834059514,0.0,1,0.45,0.0
59510000,0.0,-0.9828710781323818,0.0,1,0.45,0.0
59520000,0.0,-0.9772681235681905,0.0,1,0.45,0.0
59530000,0.0,-0.9708839558187344,0.0,1,0.45,0.0
59540000,0.0,-0.9637236782900136,0.0,1,0.45,0.0
59550000,0.0,-0.955793014798326,0.0,1,0.45,0.0
59560000,0.0,-0.9470983049947398,0.0,1,0.45,0.0
59570000,0.0,-0.9376464992972406,0.0,1,0.45,0.0
59580000,0.0,-0.9274451533346667,0.0,1,0.45,0.0
59590000,0.0,-0.9165024219068924,0.0,1,0.45,0.0
59600000,0.0,-0.9048270524660257,0.0,1,0.45,0.0
59610000,0.0,-0.8924283781237244,0.0,1,0.45,0.0
59620000,0.0,-0.8793163101905496,0.0,1,0.45,0.0
59630000,0.0,-0.8655013302530119,0.0,1,0.45,0.0
59640000,0.0,-0.8509944817946994,0.0,1,0.45,0.0
59650000,0.0,-0.8358073613682782,0.0,1,0.45,0.0
59660000,0.0,-0.8199521093254443,0.0,1,0.45,0.0
59670000,0.0,-0.803441400112136,0.0,1,0.45,0.0
59680000,0.0,-0.7862884321366277,0.0,1,0.45,0.0
59690000,0.0,-0.7685069172190857,0.0,1,0.45,0.0
59700000,0.0,-0.7501110696304502,0.0,1,0.45,0.0
59710000,0.0,-0.7311155947298738,0.0,1,0.45,0.0
59720000,0.0,-0.7115356772092953,0.0,1,0.45,0.0
59730000,0.0,-0.6913869689551961,0.0,1,0.45,0.0
59740000,0.0,-0.6706855765367306,0.0,1,0.45,0.0
59750000,0.0,-0.6494480483301944,0.0,1,0.45,0.0
59760000,0.0,-0.6276913612907115,0.0,1,0.45,0.0
59770000,0.0,-0.60543290738099,0.0,1,0.45,0.0
59780000,0.0,-0.5826904796685876,0.0,1,0.45,0.0
59790000,0.0,-0.5594822581021787,0.0,1,0.45,0.0
59800000,0.0,-0.5358267949789844,0.0,1,0.45,0.0
59810000,0.0,-0.511743000114357,0.0,1,0.45,0.0
59820000,0.0,-0.48725012572534454,0.0,1,0.45,0.0
59830000,0.0,-0.4623677510410042,0.0,1,0.45,0.0
59840000,0.0,-0.43711576665091995,0.0,1,0.45,0.0
59850000,0.0,-0.4115143586051215,0.0,1,0.45,0.0
59860000,0.0,-0.3855839922774094,0.0,1,0.45,0.0
59870000,0.0,-0.35934539600587717,0.0,1,0.45,0.0
59880000,0.0,-0.33281954452297297,0.0,1,0.45,0.0
59890000,0.0,-0.30602764218851397,0.0,1,0.45,0.0
59900000,0.0,-0.2789911060392426,0.0,1,0.45,0.0
59910000,0.0,-0.251731548668483,0.0,1,0.45,0.0
59920000,0.0,-0.2242707609493947,0.0,1,0.45,0.0
59930000,0.0,-0.19663069461543362,0.0,1,0.45,0.0
59940000,0.0,-0.1688334447127475,0.0,1,0.45,0.0
59950000,0.0,-0.14090123193756818,0.0,1,0.45,0.0
59960000,0.0,-0.11285638487349539,0.0,1,0.45,0.0
59970000,0.0,-0.08472132214208716,0.0,1,0.45,0.0
59980000,0.0,-0.05651853448200988,0.0,1,0.45,0.0
59990000,0.0,-0.028270566770286984,0.0,1,0.45,0.0
60000000,0.0,-1.371852007299671e-14,0.0,1,0.45,0.0
60010000,0.0,0.028270566770259558,0.0,1,0.45,0.0
60020000,0.0,0.05651853448203924,0.0,1,0.45,0.0
60030000,0.0,0.08472132214205982,0.0,1,0.45,0.0
60040000,0.0,0.11285638487346812,0.0,1,0.45,0.0
60050000,0.0,0.1409012319375973,0.0,1,0.45,0.0
60060000,0.0,0.16883344471272044,0.0,1,0.45,0.0
60070000,0.0,0.19663069461540672,0.0,1,0.45,0.0
60080000,0.0,0.22427076094936796,0.0,1,0.45,0.0
60090000,0.0,0.25173154866851144,0.0,1,0.45,0.0
60100000,0.0,0.27899110603921623,0.0,1,0.45,0.0
60110000,0.0,0.3060276421884878,0.0,1,0.45,0.0
60120000,0.0,0.3328195445230007,0.0,1,0.45,0.0
60130000,0.0,0.35934539600587806,0.0,1,0.45,0.0
60140000,0.0,0.3855839922773841,0.0,1,0.45,0.0
60150000,0.0,0.4115143586050965,0.0,1,0.45,0.0
60160000,0.0,0.43711576665094637,0.0,1,0.45,0.0
60170000,0.0,0.4623677510409799,0.0,1,0.45,0.0
60180000,0.0,0.4872501257253206,0.0,1,0.45,0.0
60190000,0.0,0.5117430001143334,0.0,1,0.45,0.0
60200000,0.0,0.5358267949790093,0.0,1,0.45,0.0
60210000,0.0,0.5594822581021559,0.0,1,0.45,0.0
60220000,0.0,0.5826904796685652,0.0,1,0.45,0.0
60230000,0.0,0.6054329073810134,0.0,1,0.45,0.0
60240000,0.0,0.6276913612906901,0.0,1,0.45,0.0
60250000,0.0,0.6494480483301736,0.0,1,0.45,0.0
60260000,0.0,0.6706855765367102,0.0,1,0.45,0.0
60270000,0.0,0.6913869689552173,0.0,1,0.45,0.0
60280000,0.0,0.711535677209276,0.0,1,0.45,0.0
60290000,0.0,0.7311155947298551,0.0,1,0.45,0.0
60300000,0.0,0.7501110696304696,0.0,1,0.45,0.0
60310000,0.0,0.7685069172190682,0.0,1,0.45,0.0
60320000,0.0,0.7862884321366107,0.0,1,0.45,0.0
60330000,0.0,0.8034414001121197,0.0,1,0.45,0.0
60340000,0.0,0.819952109325461,0.0,1,0.45,0.0
60350000,0.0,0.8358073613682631,0.0,1,0.45,0.0
60360000,0.0,0.850994481794685,0.0,1,0.45,0.0
60370000,0.0,0.8655013302530267,0.0,1,0.45,0.0
60380000,0.0,0.87931631019055,0.0,1,0.45,0.0
60390000,0.0,0.892428378123712,0.0,1,0.45,0.0
60400000,0.0,0.904827052466014,0.0,1,0.45,0.0
60410000,0.0,0.9165024219069041,0.0,1,0.45,0.0
60420000,0.0,0.9274451533346565,0.0,1,0.45,0.0
60430000,0.0,0.9376464992972311,0.0,1,0.45,0.0
60440000,0.0,0.9470983049947401,0.0,1,0.45,0.0
60450000,0.0,0.9557930147983347,0.0,1,0.45,0.0
60460000,0.0,0.9637236782900063,0.0,1,0.45,0.0
60470000,0.0,0.9708839558187279,0.0,1,0.45,0.0
60480000,0.0,0.9772681235681967,0.0,1,0.45,0.0
60490000,0.0,0.9828710781323768,0.0,1,0.45,0.0
60500000,0.0,0.9876883405951357,0.0,1,0.45,0.0
60510000,0.0,0.9917160601105612,0.0,1,0.45,0.0
60520000,0.0,0.9949510169813017,0.0,1,0.45,0.0
60530000,0.0,0.9973906252323227,0.0,1,0.45,0.0
60540000,0.0,0.9990329346781242,0.0,1,0.45,0.0
60550000,0.0,0.9998766324816608,0.0,1,0.45,0.0
60560000,0.0,0.9999210442038163,0.0,1,0.45,0.0
60570000,0.0,0.9991661343425406,0.0,1,0.45,0.0
60580000,0.0,0.9976125063612261,0.0,1,0.45,0.0
60590000,0.0,0.9952614022063068,0.0,1,0.45,0.0
60600000,0.0,0.9921147013144794,0.0,1,0.45,0.0
60610000,0.0,0.9881749191102824,0.0,1,0.45,0.0
60620000,0.0,0.9834452049953268,0.0,1,0.45,0.0
60630000,0.0,0.9779293398307245,0.0,1,0.45,0.0
60640000,0.0,0.971631732914677,0.0,1,0.45,0.0
60650000,0.0,0.9645574184578014,0.0,1,0.45,0.0
60660000,0.0,0.9567120515588259,0.0,1,0.45,0.0
60670000,0.0,0.948101903684036,0.0,1,0.45,0.0
60680000,0.0,0.9387338576538784,0.0,1,0.45,0.0
60690000,0.0,0.928615402141022,0.0,1,0.45,0.0
60700000,0.0,0.9177546256839861,0.0,1,0.45,0.0
60710000,0.0,0.9061602102212951,0.0,1,0.45,0.0
60720000,0.0,0.8938414241512694,0.0,1,0.45,0.0
60730000,0.0,0.880808114922996,0.0,1,0.45,0.0
60740000,0.0,0.8670707011644962,0.0,1,0.45,0.0
60750000,0.0,0.8526401643540987,0.0,1,0.45,0.0
60760000,0.0,0.8375280400421485,0.0,1,0.45,0.0
60770000,0.0,0.8217464086295811,0.0,1,0.45,0.0
60780000,0.0,0.8053078857111293,0.0,1,0.45,0.0
60790000,0.0,0.7882256119904476,0.0,1,0.45,0.0
60800000,0.0,0.770513242775779,0.0,1,0.45,0.0
60810000,0.0,0.7521849370641196,0.0,1,0.45,0.0
60820000,0.0,0.7332553462225684,0.0,1,0.45,0.0
60830000,0.0,0.71373960227643,0.0,1,0.45,0.0
60840000,0.0,0.6936533058127934,0.0,1,0.45,0.0
60850000,0.0,0.6730125135097824,0.0,1,0.45,0.0
60860000,0.0,0.6518337253008881,0.0,1,0.45,0.0
60870000,0.0,0.6301338711853566,0.0,1,0.45,0.0
60880000,0.0,0.6079302976946152,0.0,1,0.45,0.0
60890000,0.0,0.58524075402552,0.0,1,0.45,0.0
60900000,0.0,0.5620833778521407,0.0,1,0.45,0.0
60910000,0.0,0.5384766808266466,0.0,1,0.45,0.0
60920000,0.0,0.5144395337815169,0.0,1,0.45,0.0
60930000,0.0,0.4899911516442472,0.0,1,0.45,0.0
60940000,0.0,0.4651510780774691,0.0,1,0.45,0.0
60950000,0.0,0.439939169855926,0.0,1,0.45,0.0
60960000,0.0,0.4143755809932952,0.0,1,0.45,0.0
60970000,0.0,0.38848074663137727,0.0,1,0.45,0.0
60980000,0.0,0.3622753667045305,0.0,1,0.45,0.0
60990000,0.0,0.335780389392592,0.0,1,0.45,0.0
61000000,0.0,0.3090169943749589,0.0,1,0.45,0.0
61010000,0.0,0.282006575900141,0.0,1,0.45,0.0
61020000,0.0,0.2547707256833938,0.0,1,0.45,0.0
61030000,0.0,0.22733121564665812,0.0,1,0.45,0.0
61040000,0.0,0.19970998051441877,0.0,1,0.45,0.0
61050000,0.0,0.17192910027939334,0.0,1,0.45,0.0
61060000,0.0,0.144010782552264,0.0,1,0.45,0.0
61070000,0.0,0.11597734480897323,0.0,1,0.45,0.0
61080000,0.0,0.08785119655075505,0.0,1,0.45,0.0
61090000,0.0,0.05965482139015421,0.0,1,0.45,0.0
61100000,0.0,0.03141075907814017,0.0,1,0.45,0.0
61110000,0.0,0.0031415874858914325,0.0,1,0.45,0.0
61120000,0.0,-0.025130095443354043,0.0,1,0.45,0.0
61130000,0.0,-0.05338168975874865,0.0,1,0.45,0.0
61140000,0.0,-0.08159061156814577,0.0,1,0.45,0.0
61150000,0.0,-0.10973431109103354,0.0,1,0.45,0.0
61160000,0.0,-0.13779029068465454,0.0,1,0.45,0.0
61170000,0.0,-0.1657361228281081,0.0,1,0.45,0.0
61180000,0.0,-0.19354946805084874,0.0,1,0.45,0.0
61190000,0.0,-0.22120809279023568,0.0,1,0.45,0.0
61200000,0.0,-0.24868988716484344,0.0,1,0.45,0.0
61210000,0.0,-0.2759728826487345,0.0,1,0.45,0.0
61220000,0.0,-0.30303526963276284,0.0,1,0.45,0.0
61230000,0.0,-0.3298554148588687,0.0,1,0.45,0.0
61240000,0.0,-0.3564118787132398,0.0,1,0.45,0.0
61250000,0.0,-0.382683432365079,0.0,1,0.45,0.0
61260000,0.0,-0.40864907473633844,0.0,1,0.45,0.0
61270000,0.0,-0.43428804928979414,0.0,1,0.45,0.0
61280000,0.0,-0.45957986062147754,0.0,1,0.45,0.0
61290000,0.0,-0.48450429084438784,0.0,1,0.45,0.0
61300000,0.0,-0.5090414157503859,0.0,1,0.45,0.0
61310000,0.0,-0.5331716207371788,0.0,1,0.45,0.0
61320000,0.0,-0.5568756164881784,0.0,1,0.45,0.0
61330000,0.0,-0.58013445439184,0.0,1,0.45,0.0
61340000,0.0,-0.6029295416890382,0.0,1,0.45,0.0
61350000,0.0,-0.6252426563356962,0.0,1,0.45,0.0
61360000,0.0,-0.6470559615694356,0.0,1,0.45,0.0
61370000,0.0,-0.6683520201678057,0.0,1,0.45,0.0
61380000,0.0,-0.6891138083873402,0.0,1,0.45,0.0
61390000,0.0,-0.7093247295722659,0.0,1,0.45,0.0
61400000,0.0,-0.7289686274214038,0.0,1,0.45,0.0
61410000,0.0,-0.7480297989033938,0.0,1,0.45,0.0
61420000,0.0,-0.7664930068093425,0.0,1,0.45,0.0
61430000,0.0,-0.784343491933403,0.0,1,0.45,0.0
61440000,0.0,-0.8015669848708697,0.0,1,0.45,0.0
61450000,0.0,-0.818149717425017,0.0,1,0.45,0.0
61460000,0.0,-0.8340784336131649,0.0,1,0.45,0.0
61470000,0.0,-0.8493404002633106,0.0,1,0.45,0.0
61480000,0.0,-0.8639234171928439,0.0,1,0.45,0.0
61490000,0.0,-0.8778158269611163,0.0,1,0.45,0.0
61500000,0.0,-0.8910065241883628,0.0,1,0.45,0.0
61510000,0.0,-0.9034849644330301,0.0,1,0.45,0.0
61520000,0.0,-0.9152411726209131,0.0,1,0.45,0.0
61530000,0.0,-0.9262657510190625,0.0,1,0.45,0.0
61540000,0.0,-0.9365498867481884,0.0,1,0.45,0.0
61550000,0.0,-0.946085358827551,0.0,1,0.45,0.0
61560000,0.0,-0.9548645447466396,0.0,1,0.45,0.0
61570000,0.0,-0.9628804265585846,0.0,1,0.45,0.0
61580000,0.0,-0.9701265964901031,0.0,1,0.45,0.0
61590000,0.0,-0.9765972620638222,0.0,1,0.45,0.0
61600000,0.0,-0.9822872507286866,0.0,1,0.45,0.0
61610000,0.0,-0.9871920139948175,0.0,1,0.45,0.0
61620000,0.0,-0.9913076310695088,0.0,1,0.45,0.0
61630000,0.0,-0.9946308119914312,0.0,1,0.45,0.0
61640000,0.0,-0.9971589002606132,0.0,1,0.45,0.0
61650000,0.0,-0.9988898749619695,0.0,1,0.45,0.0
61660000,0.0,-0.9998223523808093,0.0,1,0.45,0.0
61670000,0.0,-0.9999555871089499,0.0,1,0.45,0.0
61680000,0.0,-0.9992894726405896,0.0,1,0.45,0.0
61690000,0.0,-0.9978245414574403,0.0,1,0.45,0.0
61700000,0.0,-0.995561964603081,0.0,1,0.45,0.0
61710000,0.0,-0.9925035507468251,0.0,1,0.45,0.0
61720000,0.0,-0.9886517447379156,0.0,1,0.45,0.0
61730000,0.0,-0.9840096256511366,0.0,1,0.45,0.0
61740000,0.0,-0.9785809043254743,0.0,1,0.45,0.0
61750000,0.0,-0.9723699203976791,0.0,1,0.45,0.0
61760000,0.0,-0.9653816388332767,0.0,1,0.45,0.0
61770000,0.0,-0.9576216459576253,0.0,1,0.45,0.0
61780000,0.0,-0.9490961449902979,0.0,1,0.45,0.0
61790000,0.0,-0.9398119510863233,0.0,1,0.45,0.0
61800000,0.0,-0.9297764858882449,0.0,1,0.45,0.0
61810000,0.0,-0.9189977715934255,0.0,1,0.45,0.0
61820000,0.0,-0.9074844245411214,0.0,1,0.45,0.0
61830000,0.0,-0.8952456483248165,0.0,1,0.45,0.0
61840000,0.0,-0.8822912264349583,0.0,1,0.45,0.0
61850000,0.0,-0.8686315144381965,0.0,1,0.45,0.0
61860000,0.0,-0.8542774316993007,0.0,1,0.45,0.0
61870000,0.0,-0.839240452652372,0.0,1,0.45,0.0
61880000,0.0,-0.8235325976284334,0.0,1,0.45,0.0
61890000,0.0,-0.8071664232464065,0.0,1,0.45,0.0
61900000,0.0,-0.7901550123756969,0.0,1,0.45,0.0
61910000,0.0,-0.7725119636778711,0.0,1,0.45,0.0
61920000,0.0,-0.7542513807361108,0.0,1,0.45,0.0
61930000,0.0,-0.735387860781023,0.0,1,0.45,0.0
61940000,0.0,-0.7159364830218187,0.0,1,0.45,0.0
61950000,0.0,-0.6959127965923219,0.0,1,0.45,0.0
61960000,0.0,-0.6753328081210321,0.0,1,0.45,0.0
61970000,0.0,-0.654212968935869,0.0,1,0.45,0.0
61980000,0.0,-0.6325701619131106,0.0,1,0.45,0.0
61990000,0.0,-0.6104216879816108,0.0,1,0.45,0.0
62000000,0.0,-0.5877852522924816,0.0,1,0.45,0.0
62010000,0.0,-0.5646789500660856,0.0,1,0.45,0.0
62020000,0.0,-0.5411212521268846,0.0,1,0.45,0.0
62030000,0.0,-0.517130990138166,0.0,1,0.45,0.0
62040000,0.0,-0.49272734154830056,0.0,1,0.45,0.0
62050000,0.0,-0.46792981426055735,0.0,1,0.45,0.0
62060000,0.0,-0.44275823103891077,0.0,1,0.45,0.0
62070000,0.0,-0.4172327136617746,0.0,1,0.45,0.0
62080000,0.0,-0.39137366683721186,0.0,1,0.45,0.0
62090000,0.0,-0.3652017618915973,0.0,1,0.45,0.0
62100000,0.0,-0.33873792024530097,0.0,1,0.45,0.0
62110000,0.0,-0.3120032966884245,0.0,1,0.45,0.0
62120000,0.0,-0.2850192624699587,0.0,1,0.45,0.0
62130000,0.0,-0.2578073882140697,0.0,1,0.45,0.0
62140000,0.0,-0.23038942667660048,0.0,1,0.45,0.0
62150000,0.0,-0.2027872953565224,0.0,1,0.45,0.0
62160000,0.0,-0.175023058975286,0.0,1,0.45,0.0
62170000,0.0,-0.14711891183864736,0.0,1,0.45,0.0
62180000,0.0,-0.11909716009487975,0.0,1,0.45,0.0
62190000,0.0,-0.09098020390355163,0.0,1,0.45,0.0
62200000,0.0,-0.06279051952932341,0.0,1,0.45,0.0
62210000,0.0,-0.0345506413744823,0.0,1,0.45,0.0
62220000,0.0,-0.006283143965568971,0.0,1,0.45,0.0
62230000,0.0,0.02198937609252352,0.0,1,0.45,0.0
62240000,0.0,0.050244318179759585,0.0,1,0.45,0.0
62250000,0.0,0.07845909572783501,0.0,1,0.45,0.0
62260000,0.0,0.10661115427525002,0.0,1,0.45,0.0
62270000,0.0,0.13467798949714274,0.0,1,0.45,0.0
62280000,0.0,0.1626371651948738,0.0,1,0.45,0.0
62290000,0.0,0.19046633123118017,0.0,1,0.45,0.0
62300000,0.0,0.21814324139656063,0.0,1,0.45,0.0
62310000,0.0,0.24564577119241676,0.0,1,0.45,0.0
62320000,0.0,0.2729519355173158,0.0,1,0.45,0.0
62330000,0.0,0.30003990624126686,0.0,1,0.45,0.0
62340000,0.0,0.3268880296549332,0.0,1,0.45,0.0
62350000,0.0,0.3534748437792479,0.0,1,0.45,0.0
62360000,0.0,0.37977909552179206,0.0,1,0.45,0.0
62370000,0.0,0.40577975766621704,0.0,1,0.45,0.0
62380000,0.0,0.4314560456809502,0.0,1,0.45,0.0
62390000,0.0,0.4567874343342908,0.0,1,0.45,0.0
62400000,0.0,0.4817536741017068,0.0,1,0.45,0.0
62410000,0.0,0.5063348073531242,0.0,1,0.45,0.0
62420000,0.0,0.5305111843067258,0.0,1,0.45,0.0
62430000,0.0,0.554263478736686,0.0,1,0.45,0.0
62440000,0.0,0.577572703422283,0.0,1,0.45,0.0
62450000,0.0,0.6004202253258764,0.0,1,0.45,0.0
62460000,0.0,0.622787780488105,0.0,1,0.45,0.0
62470000,0.0,0.644657488627584,0.0,1,0.45,0.0
62480000,0.0,0.6660118674342445,0.0,1,0.45,0.0
62490000,0.0,0.6868338465444013,0.0,1,0.45,0.0
62500000,0.0,0.7071067811865408,0.0,1,0.45,0.0
62510000,0.0,0.7268144654868963,0.0,1,0.45,0.0
62520000,0.0,0.7459411454241758,0.0,1,0.45,0.0
62530000,0.0,0.7644715314230854,0.0,1,0.45,0.0
62540000,0.0,0.7823908105765822,0.0,1,0.45,0.0
62550000,0.0,0.7996846584871019,0.0,1,0.45,0.0
62560000,0.0,0.8163392507171785,0.0,1,0.45,0.0
62570000,0.0,0.8323412738406581,0.0,1,0.45,0.0
62580000,0.0,0.8476779360850782,0.0,1,0.45,0.0
62590000,0.0,0.8623369775572992,0.0,1,0.45,0.0
62600000,0.0,0.876306680043859,0.0,1,0.45,0.0
62610000,0.0,0.8895758763783337,0.0,1,0.45,0.0
62620000,0.0,0.9021339593682111,0.0,1,0.45,0.0
62630000,0.0,0.9139708902740574,0.0,1,0.45,0.0
62640000,0.0,0.9250772068344545,0.0,1,0.45,0.0
62650000,0.0,0.935444030829864,0.0,1,0.45,0.0
62660000,0.0,0.9450630751798018,0.0,1,0.45,0.0
62670000,0.0,0.9539266505673908,0.0,1,0.45,0.0
62680000,0.0,0.9620276715860834,0.0,1,0.45,0.0
62690000,0.0,0.969359662403634,0.0,1,0.45,0.0
62700000,0.0,0.9759167619387454,0.0,1,0.45,0.0
62710000,0.0,0.9816937285463971,0.0,1,0.45,0.0
62720000,0.0,0.9866859442078666,0.0,1,0.45,0.0
62730000,0.0,0.9908894182223374,0.0,1,0.45,0.0
62740000,0.0,0.9943007903969979,0.0,1,0.45,0.0
62750000,0.0,0.9969173337331273,0.0,1,0.45,0.0
62760000,0.0,0.998736956606017,0.0,1,0.45,0.0
62770000,0.0,0.9997582044369838,0.0,1,0.45,0.0
62780000,0.0,0.9999802608561372,0.0,1,0.45,0.0
62790000,0.0,0.9994029483549732,0.0,1,0.45,0.0
62800000,0.0,0.9980267284282721,0.0,1,0.45,0.0
62810000,0.0,0.9958527012051865,0.0,1,0.45,0.0
62820000,0.0,0.9928826045698147,0.0,1,0.45,0.0
62830000,0.0,0.9891188127719631,0.0,1,0.45,0.0
62840000,0.0,0.984564334529207,0.0,1,0.45,0.0
62850000,0.0,0.9792228106217676,0.0,1,0.45,0.0
62860000,0.0,0.9730985109821286,0.0,1,0.45,0.0
62870000,0.0,0.9661963312817097,0.0,1,0.45,0.0
62880000,0.0,0.9585217890173784,0.0,1,0.45,0.0
62890000,0.0,0.9500810191007745,0.0,1,0.45,0.0
62900000,0.0,0.9408807689542285,0.0,1,0.45,0.0
62910000,0.0,0.930928393116939,0.0,1,0.45,0.0
62920000,0.0,0.9202318473658738,0.0,1,0.45,0.0
62930000,0.0,0.9087996823560438,0.0,1,0.45,0.0
62940000,0.0,0.8966410367852272,0.0,1,0.45,0.0
62950000,0.0,0.8837656300886976,0.0,1,0.45,0.0
62960000,0.0,0.87018375466953,0.0,1,0.45,0.0
62970000,0.0,0.8559062676711375,0.0,1,0.45,0.0
62980000,0.0,0.8409445822981738,0.0,1,0.45,0.0
62990000,0.0,0.8253106586930045,0.0,1,0.45,0.0
63000000,0.0,0.8090169943749526,0.0,1,0.45,0.0
63010000,0.0,0.7920766142499723,0.0,1,0.45,0.0
63020000,0.0,0.7745030601987393,0.0,1,0.45,0.0
63030000,0.0,0.7563103802514776,0.0,1,0.45,0.0
63040000,0.0,0.7375131173581797,0.0,1,0.45,0.0
63050000,0.0,0.7181262977631948,0.0,1,0.45,0.0
63060000,0.0,0.6981654189934788,0.0,1,0.45,0.0
63070000,0.0,0.6776464374701086,0.0,1,0.45,0.0
63080000,0.0,0.656585755752963,0.0,1,0.45,0.0
63090000,0.0,0.6350002094287672,0.0,1,0.45,0.0
63100000,0.0,0.6129070536529833,0.0,1,0.45,0.0
63110000,0.0,0.5903239493563014,0.0,1,0.45,0.0
63120000,0.0,0.5672689491267401,0.0,1,0.45,0.0
63130000,0.0,0.5437604827787996,0.0,1,0.45,0.0
63140000,0.0,0.5198173426207168,0.0,1,0.45,0.0
63150000,0.0,0.4954586684324149,0.0,1,0.45,0.0
63160000,0.0,0.47070393216534,0.0,1,0.45,0.0
63170000,0.0,0.4455729223769038,0.0,1,0.45,0.0
63180000,0.0,0.4200857284118139,0.0,1,0.45,0.0
63190000,0.0,0.3942627243429326,0.0,1,0.45,0.0
63200000,0.0,0.36812455268468575,0.0,1,0.45,0.0
63210000,0.0,0.3416921078914912,0.0,1,0.45,0.0
63220000,0.0,0.3149865196553127,0.0,1,0.45,0.0
63230000,0.0,0.28802913601477714,0.0,1,0.45,0.0
63240000,0.0,0.260841506289905,0.0,1,0.45,0.0
63250000,0.0,0.2334453638559135,0.0,1,0.45,0.0
63260000,0.0,0.20586260876988943,0.0,1,0.45,0.0
63270000,0.0,0.17811529026421827,0.0,1,0.45,0.0
63280000,0.0,0.15022558912076522,0.0,1,0.45,0.0
63290000,0.0,0.12221579993989762,0.0,1,0.45,0.0
63300000,0.0,0.0941083133185225,0.0,1,0.45,0.0
63310000,0.0,0.06592559795138604,0.0,1,0.45,0.0
63320000,0.0,0.03769018266994272,0.0,1,0.45,0.0
63330000,0.0,0.009424638433152176,0.0,1,0.45,0.0
63340000,0.0,-0.018848439715400025,0.0,1,0.45,0.0
63350000,0.0,-0.04710645070963453,0.0,1,0.45,0.0
63360000,0.0,-0.07532680552792463,0.0,1,0.45,0.0
63370000,0.0,-0.10348694525041446,0.0,1,0.45,0.0
63380000,0.0,-0.13156435909227449,0.0,1,0.45,0.0
63390000,0.0,-0.15953660239847833,0.0,1,0.45,0.0
63400000,0.0,-0.18738131458571672,0.0,1,0.45,0.0
63410000,0.0,-0.21507623701710554,0.0,1,0.45,0.0
63420000,0.0,-0.24259923079539963,0.0,1,0.45,0.0
63430000,0.0,-0.2699282944604886,0.0,1,0.45,0.0
63440000,0.0,-0.2970415815770544,0.0,1,0.45,0.0
63450000,0.0,-0.32391741819814185,0.0,1,0.45,0.0
63460000,0.0,-0.3505343201912516,0.0,1,0.45,0.0
63470000,0.0,-0.3768710104121553,0.0,1,0.45,0.0
63480000,0.0,-0.4029064357136554,0.0,1,0.45,0.0
63490000,0.0,-0.4286197837751212,0.0,1,0.45,0.0
63500000,0.0,-0.45399049973953975,0.0,1,0.45,0.0
63510000,0.0,-0.4789983026447541,0.0,1,0.45,0.0
63520000,0.0,-0.503623201635754,0.0,1,0.45,0.0
63530000,0.0,-0.5278455119450598,0.0,1,0.45,0.0
63540000,0.0,-0.5516458706284237,0.0,1,0.45,0.0
63550000,0.0,-0.5750052520432721,0.0,1,0.45,0.0
63560000,0.0,-0.5979049830575126,0.0,1,0.45,0.0
63570000,0.0,-0.6203267579765499,0.0,1,0.45,0.0
63580000,0.0,-0.6422526531765784,0.0,1,0.45,0.0
63590000,0.0,-0.6636651414324527,0.0,1,0.45,0.0
63600000,0.0,-0.6845471059286831,0.0,1,0.45,0.0
63610000,0.0,-0.7048818539423559,0.0,1,0.45,0.0
63620000,0.0,-0.7246531301870414,0.0,1,0.45,0.0
63630000,0.0,-0.7438451298070199,0.0,1,0.45,0.0
63640000,0.0,-0.7624425110114429,0.0,1,0.45,0.0
63650000,0.0,-0.7804304073383249,0.0,1,0.45,0.0
63660000,0.0,-0.7977944395385664,0.0,1,0.45,0.0
63670000,0.0,-0.8145207270705049,0.0,1,0.45,0.0
63680000,0.0,-0.8305958991958085,0.0,1,0.45,0.0
63690000,0.0,-0.8460071056678533,0.0,1,0.45,0.0
63700000,0.0,-0.8607420270039398,0.0,1,0.45,0.0
63710000,0.0,-0.8747888843334491,0.0,1,0.45,0.0
63720000,0.0,-0.888136448813541,0.0,1,0.45,0.0
63730000,0.0,-0.9007740506053948,0.0,1,0.45,0.0
63740000,0.0,-0.9126915874034998,0.0,1,0.45,0.0
63750000,0.0,-0.9238795325112839,0.0,1,0.45,0.0
63760000,0.0,-0.9343289424566094,0.0,1,0.45,0.0
63770000,0.0,-0.9440314641410473,0.0,1,0.45,0.0
63780000,0.0,-0.9529793415172165,0.0,1,0.45,0.0
63790000,0.0,-0.9611654217888499,0.0,1,0.45,0.0
63800000,0.0,-0.9685831611286293,0.0,1,0.45,0.0
63810000,0.0,-0.9752266299092218,0.0,1,0.45,0.0
63820000,0.0,-0.9810905174433326,0.0,1,0.45,0.0
63830000,0.0,-0.9861701362289876,0.0,1,0.45,0.0
63840000,0.0,-0.9904614256966502,0.0,1,0.45,0.0
63850000,0.0,-0.9939609554551789,0.0,1,0.45,0.0
63860000,0.0,-0.9966659280340293,0.0,1,0.45,0.0
63870000,0.0,-0.9985741811195094,0.0,1,0.45,0.0
63880000,0.0,-0.9996841892832998,0.0,1,0.45,0.0
63890000,0.0,-0.9999950652018582,0.0,1,0.45,0.0
63900000,0.0,-0.9995065603657318,0.0,1,0.45,0.0
63910000,0.0,-0.9982190652782122,0.0,1,0.45,0.0
63920000,0.0,-0.9961336091431731,0.0,1,0.45,0.0
63930000,0.0,-0.9932518590423403,0.0,1,0.45,0.0
63940000,0.0,-0.989576118602652,0.0,1,0.45,0.0
63950000,0.0,-0.9851093261547752,0.0,1,0.45,0.0
63960000,0.0,-0.9798550523842483,0.0,1,0.45,0.0
63970000,0.0,-0.9738174974771305,0.0,1,0.45,0.0
63980000,0.0,-0.9670014877624369,0.0,1,0.45,0.0
63990000,0.0,-0.9594124718540449,0.0,1,0.45,0.0
64000000,0.0,-0.9510565162951558,0.0,1,0.45,0.0
64010000,0.0,-0.9419403007087834,0.0,1,0.45,0.0
64019999,0.0,-0.9320711124582135,0.0,1,0.45,0.0
64030000,0.0,-0.9214568408215011,0.0,1,0.45,0.0
64040000,0.0,-0.9101059706849868,0.0,1,0.45,0.0
64050000,0.0,-0.8980275757606186,0.0,1,0.45,0.0
64060000,0.0,-0.8852313113324585,0.0,1,0.45,0.0
64070000,0.0,-0.8717274065384983,0.0,1,0.45,0.0
64080000,0.0,-0.8575266561936559,0.0,1,0.45,0.0
64090000,0.0,-0.842640412160436,0.0,1,0.45,0.0
64099999,0.0,-0.8270805742745817,0.0,1,0.45,0.0
64110000,0.0,-0.8108595808323775,0.0,1,0.45,0.0
64120000,0.0,-0.7939903986478395,0.0,1,0.45,0.0
64129999,0.0,-0.7764865126870829,0.0,1,0.45,0.0
64140000,0.0,-0.7583619152887263,0.0,1,0.45,0.0
64150000,0.0,-0.7396310949785951,0.0,1,0.45,0.0
64160000,0.0,-0.7203090248879116,0.0,1,0.45,0.0
64170000,0.0,-0.7004111507838112,0.0,1,0.45,0.0
64180000,0.0,-0.6799533787224034,0.0,1,0.45,0.0
64190000,0.0,-0.6589520623337219,0.0,1,0.45,0.0
64200000,0.0,-0.6374239897486949,0.0,1,0.45,0.0
64210000,0.0,-0.6153863701791543,0.0,1,0.45,0.0
64220000,0.0,-0.5928568201610647,0.0,1,0.45,0.0
64230000,0.0,-0.5698533494719292,0.0,1,0.45,0.0
64239999,0.0,-0.5463943467342984,0.0,1,0.45,0.0
64250000,0.0,-0.5224985647159546,0.0,1,0.45,0.0
64260000,0.0,-0.49818510533949656,0.0,1,0.45,0.0
64269999,0.0,-0.47347340441231794,0.0,1,0.45,0.0
64280000,0.0,-0.4483832160900382,0.0,1,0.45,0.0
64290000,0.0,-0.42293459708528347,0.0,1,0.45,0.0
64300000,0.0,-0.3971478906347866,0.0,1,0.45,0.0
64310000,0.0,-0.37104371023705707,0.0,1,0.45,0.0
64320000,0.0,-0.3446429231744965,0.0,1,0.45,0.0
64330000,0.0,-0.31796663383241713,0.0,1,0.45,0.0
64340000,0.0,-0.29103616682827804,0.0,1,0.45,0.0
64349999,0.0,-0.26387304996540656,0.0,1,0.45,0.0
64360000,0.0,-0.23649899702373095,0.0,1,0.45,0.0
64370000,0.0,-0.208935890402418,0.0,1,0.45,0.0
64379999,0.0,-0.18120576362714366,0.0,1,0.45,0.0
64390000,0.0,-0.15333078373696696,0.0,1,0.45,0.0
64400000,0.0,-0.1253332335642824,0.0,1,0.45,0.0
64410000,0.0,-0.09723549392240567,0.0,1,0.45,0.0
64420000,0.0,-0.06906002571441214,0.0,1,0.45,0.0
64430000,0.0,-0.04082935197848793,0.0,1,0.45,0.0
64440000,0.0,-0.012566039883358929,0.0,1,0.45,0.0
64450000,0.0,0.01570731731181437,0.0,1,0.45,0.0
64460000,0.0,0.043968118317887016,0.0,1,0.45,0.0
64470000,0.0,0.07219377188285435,0.0,1,0.45,0.0
64480000,0.0,0.10036171485120866,0.0,1,0.45,0.0
64489999,0.0,0.12844943020026847,0.0,1,0.45,0.0
64500000,0.0,0.15643446504022473,0.0,1,0.45,0.0
64510000,0.0,0.1842944485623272,0.0,1,0.45,0.0
64519999,0.0,0.2120071099220486,0.0,1,0.45,0.0
64530000,0.0,0.23955029604191586,0.0,1,0.45,0.0
64540000,0.0,0.26690198932039705,0.0,1,0.45,0.0
64550000,0.0,0.2940403252322981,0.0,1,0.45,0.0
64560000,0.0,0.3209436098072037,0.0,1,0.45,0.0
64570000,0.0,0.34759033697105796,0.0,1,0.45,0.0
64580000,0.0,0.3739592057377948,0.0,1,0.45,0.0
64590000,0.0,0.4000291372372592,0.0,1,0.45,0.0
64599999,0.0,0.42577929156504146,0.0,1,0.45,0.0
64610000,0.0,0.45118908444183964,0.0,1,0.45,0.0
64620000,0.0,0.47623820366793385,0.0,1,0.45,0.0
64629999,0.0,0.5009066253607047,0.0,1,0.45,0.0
64640000,0.0,0.5251746299612906,0.0,1,0.45,0.0
64650000,0.0,0.5490228179981506,0.0,1,0.45,0.0
64660000,0.0,0.572432125594586,0.0,1,0.45,0.0
64670000,0.0,0.5953838397083502,0.0,1,0.45,0.0
64680000,0.0,0.6178596130903521,0.0,1,0.45,0.0
64690000,0.0,0.6398414789511739,0.0,1,0.45,0.0
64700000,0.0,0.6613118653236475,0.0,1,0.45,0.0
64710000,0.0,0.6822536091094129,0.0,1,0.45,0.0
64720000,0.0,0.7026499697988451,0.0,1,0.45,0.0
64730000,0.0,0.7224846428533458,0.0,1,0.45,0.0
64739999,0.0,0.7417417727387162,0.0,1,0.45,0.0
64750000,0.0,0.7604059656000272,0.0,1,0.45,0.0
64760000,0.0,0.7784623015670198,0.0,1,0.45,0.0
64769999,0.0,0.7958963466810124,0.0,1,0.45,0.0
64780000,0.0,0.8126941644330906,0.0,1,0.45,0.0
64790000,0.0,0.8288423269047747,0.0,1,0.45,0.0
64800000,0.0,0.844327925502012,0.0,1,0.45,0.0
64810000,0.0,0.8591385812742695,0.0,1,0.45,0.0
64820000,0.0,0.8732624548099313,0.0,1,0.45,0.0
64830000,0.0,0.8866882557005539,0.0,1,0.45,0.0
64840000,0.0,0.8994052515663685,0.0,1,0.45,0.0
64849999,0.0,0.9114032766354312,0.0,1,0.45,0.0
64860000,0.0,0.9226727398701127,0.0,1,0.45,0.0
64870000,0.0,0.9332046326338965,0.0,1,0.45,0.0
64879999,0.0,0.9429905358928532,0.0,1,0.45,0.0
64890000,0.0,0.952022626945675,0.0,1,0.45,0.0
64900000,0.0,0.9602936856769495,0.0,1,0.45,0.0
64910000,0.0,0.967797100328864,0.0,1,0.45,0.0
64920000,0.0,0.9745268727865759,0.0,1,0.45,0.0
64930000,0.0,0.9804776233729489,0.0,1,0.45,0.0
64940000,0.0,0.9856445951489972,0.0,1,0.45,0.0
64950000,0.0,0.9900236577165568,0.0,1,0.45,0.0
64960000,0.0,0.993611310520011,0.0,1,0.45,0.0
64970000,0.0,0.996404685644592,0.0,1,0.45,0.0
64980000,0.0,0.9984015501089747,0.0,1,0.45,0.0
64989999,0.0,0.9996003076502555,0.0,1,0.45,0.0
65000000,0.0,1.0,0.0,1,0.45,0.0
65010000,0.0,0.9996003076502566,0.0,1,0.45,0.0
65019999,0.0,0.9984015501089754,0.0,1,0.45,0.0
65030000,0.0,0.9964046856445928,0.0,1,0.45,0.0
65040000,0.0,0.9936113105200058,0.0,1,0.45,0.0
65050000,0.0,0.9900236577165583,0.0,1,0.45,0.0
65060000,0.0,0.9856445951489989,0.0,1,0.45,0.0
65070000,0.0,0.9804776233729399,0.0,1,0.45,0.0
65080000,0.0,0.9745268727865783,0.0,1,0.45,0.0
65090000,0.0,0.9677971003288668,0.0,1,0.45,0.0
65099999,0.0,0.9602936856769525,0.0,1,0.45,0.0
65110000,0.0,0.9520226269456782,0.0,1,0.45,0.0
65120000,0.0,0.9429905358928662,0.0,1,0.45,0.0
65129999,0.0,0.9332046326339106,0.0,1,0.45,0.0
65140000,0.0,0.9226727398701168,0.0,1,0.45,0.0
65150000,0.0,0.9114032766354474,0.0,1,0.45,0.0
65160000,0.0,0.8994052515663733,0.0,1,0.45,0.0
65170000,0.0,0.8866882557005589,0.0,1,0.45,0.0
65180000,0.0,0.8732624548099088,0.0,1,0.45,0.0
65190000,0.0,0.859138581274275,0.0,1,0.45,0.0
65200000,0.0,0.8443279255020177,0.0,1,0.45,0.0
65210000,0.0,0.8288423269047488,0.0,1,0.45,0.0
65220000,0.0,0.8126941644330968,0.0,1,0.45,0.0
65230000,0.0,0.7958963466810189,0.0,1,0.45,0.0
65239999,0.0,0.7784623015670444,0.0,1,0.45,0.0
65250000,0.0,0.7604059656000342,0.0,1,0.45,0.0
65260000,0.0,0.7417417727387425,0.0,1,0.45,0.0
65269999,0.0,0.7224846428533532,0.0,1,0.45,0.0
65280000,0.0,0.7026499697988527,0.0,1,0.45,0.0
65290000,0.0,0.6822536091093793,0.0,1,0.45,0.0
65300000,0.0,0.6613118653236555,0.0,1,0.45,0.0
65310000,0.0,0.6398414789511822,0.0,1,0.45,0.0
65320000,0.0,0.6178596130903158,0.0,1,0.45,0.0
65330000,0.0,0.5953838397083588,0.0,1,0.45,0.0
65340000,0.0,0.5724321255945949,0.0,1,0.45,0.0
65349999,0.0,0.5490228179981596,0.0,1,0.45,0.0
65360000,0.0,0.5251746299612998,0.0,1,0.45,0.0
65370000,0.0,0.5009066253607141,0.0,1,0.45,0.0
65379999,0.0,0.47623820366796826,0.0,1,0.45,0.0
65390000,0.0,0.4511890844418493,0.0,1,0.45,0.0
65400000,0.0,0.42577929156507693,0.0,1,0.45,0.0
65410000,0.0,0.4000291372372691,0.0,1,0.45,0.0
65420000,0.0,0.3739592057378048,0.0,1,0.45,0.0
65430000,0.0,0.34759033697101477,0.0,1,0.45,0.0
65440000,0.0,0.3209436098072139,0.0,1,0.45,0.0
65450000,0.0,0.2940403252323084,0.0,1,0.45,0.0
65460000,0.0,0.26690198932035264,0.0,1,0.45,0.0
65470000,0.0,0.23955029604192632,0.0,1,0.45,0.0
65480000,0.0,0.21200710992205912,0.0,1,0.45,0.0
65489999,0.0,0.18429444856236574,0.0,1,0.45,0.0
65500000,0.0,0.15643446504023537,0.0,1,0.45,0.0
65510000,0.0,0.12844943020030736,0.0,1,0.45,0.0
65519999,0.0,0.10036171485121939,0.0,1,0.45,0.0
65530000,0.0,0.07219377188286509,0.0,1,0.45,0.0
65540000,0.0,0.04396811831784099,0.0,1,0.45,0.0
65550000,0.0,0.015707317311825147,0.0,1,0.45,0.0
65560000,0.0,-0.012566039883348153,0.0,1,0.45,0.0
65570000,0.0,-0.04082935197853396,0.0,1,0.45,0.0
65580000,0.0,-0.06906002571440138,0.0,1,0.45,0.0
65590000,0.0,-0.09723549392239494,0.0,1,0.45,0.0
65599999,0.0,-0.1253332335642717,0.0,1,0.45,0.0
65610000,0.0,-0.1533307837369563,0.0,1,0.45,0.0
65620000,0.0,-0.1812057636271331,0.0,1,0.45,0.0
65629999,0.0,-0.20893589040237967,0.0,1,0.45,0.0
65640000,0.0,-0.2364989970237205,0.0,1,0.45,0.0
65650000,0.0,-0.26387304996536876,0.0,1,0.45,0.0
65660000,0.0,-0.2910361668282677,0.0,1,0.45,0.0
65670000,0.0,-0.3179666338324069,0.0,1,0.45,0.0
65680000,0.0,-0.34464292317453976,0.0,1,0.45,0.0
65690000,0.0,-0.3710437102370471,0.0,1,0.45,0.0
65700000,0.0,-0.39714789063477673,0.0,1,0.45,0.0
65710000,0.0,-0.4229345970853252,0.0,1,0.45,0.0
65720000,0.0,-0.4483832160900285,0.0,1,0.45,0.0
65730000,0.0,-0.47347340441230845,0.0,1,0.45,0.0
65739999,0.0,-0.4981851053394626,0.0,1,0.45,0.0
65750000,0.0,-0.5224985647159454,0.0,1,0.45,0.0
65760000,0.0,-0.5463943467342657,0.0,1,0.45,0.0
65769999,0.0,-0.569853349471897,0.0,1,0.45,0.0
65780000,0.0,-0.592856820161056,0.0,1,0.45,0.0
65790000,0.0,-0.6153863701791907,0.0,1,0.45,0.0
65800000,0.0,-0.6374239897486866,0.0,1,0.45,0.0
65810000,0.0,-0.6589520623337138,0.0,1,0.45,0.0
65820000,0.0,-0.6799533787224371,0.0,1,0.45,0.0
65830000,0.0,-0.7004111507838034,0.0,1,0.45,0.0
65840000,0.0,-0.7203090248879042,0.0,1,0.45,0.0
65849999,0.0,-0.7396310949785879,0.0,1,0.45,0.0
65860000,0.0,-0.7583619152887192,0.0,1,0.45,0.0
65870000,0.0,-0.7764865126870761,0.0,1,0.45,0.0
65879999,0.0,-0.7939903986478156,0.0,1,0.45,0.0
65890000,0.0,-0.8108595808323712,0.0,1,0.45,0.0
65900000,0.0,-0.8270805742745596,0.0,1,0.45,0.0
65910000,0.0,-0.8426404121604302,0.0,1,0.45,0.0
65920000,0.0,-0.8575266561936503,0.0,1,0.45,0.0
65930000,0.0,-0.8717274065385209,0.0,1,0.45,0.0
65940000,0.0,-0.8852313113324535,0.0,1,0.45,0.0
65950000,0.0,-0.898027575760614,0.0,1,0.45,0.0
65960000,0.0,-0.9101059706850059,0.0,1,0.45,0.0
65970000,0.0,-0.921456840821497,0.0,1,0.45,0.0
65980000,0.0,-0.9320711124582096,0.0,1,0.45,0.0
65989999,0.0,-0.9419403007087799,0.0,1,0.45,0.0
66000000,0.0,-0.9510565162951524,0.0,1,0.45,0.0
66010000,0.0,-0.9594124718540418,0.0,1,0.45,0.0
66019999,0.0,-0.9670014877624269,0.0,1,0.45,0.0
66030000,0.0,-0.9738174974771281,0.0,1,0.45,0.0
66040000,0.0,-0.9798550523842461,0.0,1,0.45,0.0
66050000,0.0,-0.9851093261547733,0.0,1,0.45,0.0
66060000,0.0,-0.9895761186026505,0.0,1,0.45,0.0
66070000,0.0,-0.9932518590423423,0.0,1,0.45,0.0
66080000,0.0,-0.9961336091431722,0.0,1,0.45,0.0
66090000,0.0,-0.9982190652782116,0.0,1,0.45,0.0
66099999,0.0,-0.9995065603657306,0.0,1,0.45,0.0
66110000,0.0,-0.9999950652018581,0.0,1,0.45,0.0
66120000,0.0,-0.9996841892833,0.0,1,0.45,0.0
66129999,0.0,-0.9985741811195115,0.0,1,0.45,0.0
66140000,0.0,-0.9966659280340302,0.0,1,0.45,0.0
66150000,0.0,-0.99396095545518,0.0,1,0.45,0.0
66160000,0.0,-0.9904614256966517,0.0,1,0.45,0.0
66170000,0.0,-0.9861701362289894,0.0,1,0.45,0.0
66180000,0.0,-0.9810905174433292,0.0,1,0.45,0.0
66190000,0.0,-0.9752266299092242,0.0,1,0.45,0.0
66200000,0.0,-0.968583161128632,0.0,1,0.45,0.0
66210000,0.0,-0.961165421788845,0.0,1,0.45,0.0
66220000,0.0,-0.9529793415172199,0.0,1,0.45,0.0
66230000,0.0,-0.9440314641410509,0.0,1,0.45,0.0
66239999,0.0,-0.9343289424566233,0.0,1,0.45,0.0
66250000,0.0,-0.9238795325112881,0.0,1,0.45,0.0
66260000,0.0,-0.9126915874035042,0.0,1,0.45,0.0
66269999,0.0,-0.9007740506054118,0.0,1,0.45,0.0
66280000,0.0,-0.888136448813546,0.0,1,0.45,0.0
66290000,0.0,-0.8747888843334544,0.0,1,0.45,0.0
66300000,0.0,-0.8607420270039453,0.0,1,0.45,0.0
66310000,0.0,-0.8460071056678439,0.0,1,0.45,0.0
66320000,0.0,-0.8305958991957986,0.0,1,0.45,0.0
66330000,0.0,-0.8145207270705113,0.0,1,0.45,0.0
66340000,0.0,-0.7977944395385729,0.0,1,0.45,0.0
66349999,0.0,-0.7804304073383495,0.0,1,0.45,0.0
66360000,0.0,-0.7624425110114499,0.0,1,0.45,0.0
66370000,0.0,-0.7438451298070271,0.0,1,0.45,0.0
66379999,0.0,-0.7246531301870683,0.0,1,0.45,0.0
66390000,0.0,-0.7048818539423636,0.0,1,0.45,0.0
66400000,0.0,-0.684547105928691,0.0,1,0.45,0.0
66410000,0.0,-0.6636651414324608,0.0,1,0.45,0.0
66420000,0.0,-0.6422526531765866,0.0,1,0.45,0.0
66430000,0.0,-0.6203267579765361,0.0,1,0.45,0.0
66440000,0.0,-0.5979049830575213,0.0,1,0.45,0.0
66450000,0.0,-0.575005252043281,0.0,1,0.45,0.0
66460000,0.0,-0.551645870628409,0.0,1,0.45,0.0
66470000,0.0,-0.5278455119450689,0.0,1,0.45,0.0
66480000,0.0,-0.5036232016357634,0.0,1,0.45,0.0
66489999,0.0,-0.47899830264478854,0.0,1,0.45,0.0
66500000,0.0,-0.45399049973954936,0.0,1,0.45,0.0
66510000,0.0,-0.42861978377513094,0.0,1,0.45,0.0
66519999,0.0,-0.4029064357136913,0.0,1,0.45,0.0
66530000,0.0,-0.3768710104121653,0.0,1,0.45,0.0
66540000,0.0,-0.35053432019126163,0.0,1,0.45,0.0
66550000,0.0,-0.32391741819815206,0.0,1,0.45,0.0
66560000,0.0,-0.2970415815770376,0.0,1,0.45,0.0
66570000,0.0,-0.2699282944604716,0.0,1,0.45,0.0
66580000,0.0,-0.2425992307954101,0.0,1,0.45,0.0
66590000,0.0,-0.21507623701711606,0.0,1,0.45,0.0
66599999,0.0,-0.18738131458575522,0.0,1,0.45,0.0
66610000,0.0,-0.15953660239848896,0.0,1,0.45,0.0
66620000,0.0,-0.13156435909228517,0.0,1,0.45,0.0
66629999,0.0,-0.10348694525045346,0.0,1,0.45,0.0
66640000,0.0,-0.07532680552793537,0.0,1,0.45,0.0
66650000,0.0,-0.047106450709645295,0.0,1,0.45,0.0
66660000,0.0,-0.018848439715439216,0.0,1,0.45,0.0
66670000,0.0,0.009424638433141402,0.0,1,0.45,0.0
66680000,0.0,0.037690182669960354,0.0,1,0.45,0.0
66690000,0.0,0.06592559795137529,0.0,1,0.45,0.0
66700000,0.0,0.09410831331851177,0.0,1,0.45,0.0
66710000,0.0,0.12221579993991513,0.0,1,0.45,0.0
66720000,0.0,0.15022558912075457,0.0,1,0.45,0.0
66730000,0.0,0.17811529026420767,0.0,1,0.45,0.0
66739999,0.0,0.20586260876985107,0.0,1,0.45,0.0
66750000,0.0,0.233445363855903,0.0,1,0.45,0.0
66760000,0.0,0.26084150628989455,0.0,1,0.45,0.0
66769999,0.0,0.2880291360147396,0.0,1,0.45,0.0
66780000,0.0,0.3149865196553025,0.0,1,0.45,0.0
66790000,0.0,0.3416921078914811,0.0,1,0.45,0.0
66800000,0.0,0.36812455268467575,0.0,1,0.45,0.0
66810000,0.0,0.39426272434294884,0.0,1,0.45,0.0
66820000,0.0,0.4200857284118299,0.0,1,0.45,0.0
66830000,0.0,0.4455729223768942,0.0,1,0.45,0.0
66840000,0.0,0.4707039321653305,0.0,1,0.45,0.0
66849999,0.0,0.49545866843238084,0.0,1,0.45,0.0
66860000,0.0,0.5198173426207076,0.0,1,0.45,0.0
66870000,0.0,0.5437604827787905,0.0,1,0.45,0.0
66879999,0.0,0.5672689491267312,0.0,1,0.45,0.0
66890000,0.0,0.5903239493562927,0.0,1,0.45,0.0
66900000,0.0,0.6129070536529747,0.0,1,0.45,0.0
66910000,0.0,0.635000209428737,0.0,1,0.45,0.0
66920000,0.0,0.6565857557529547,0.0,1,0.45,0.0
66930000,0.0,0.6776464374701007,0.0,1,0.45,0.0
66940000,0.0,0.6981654189934712,0.0,1,0.45,0.0
66950000,0.0,0.7181262977631874,0.0,1,0.45,0.0
66960000,0.0,0.7375131173581917,0.0,1,0.45,0.0
66970000,0.0,0.7563103802514706,0.0,1,0.45,0.0
66980000,0.0,0.7745030601987325,0.0,1,0.45,0.0
66989999,0.0,0.7920766142499485,0.0,1,0.45,0.0
67000000,0.0,0.8090169943749462,0.0,1,0.45,0.0
67010000,0.0,0.8253106586929985,0.0,1,0.45,0.0
67019999,0.0,0.8409445822981526,0.0,1,0.45,0.0
67030000,0.0,0.855906267671132,0.0,1,0.45,0.0
67040000,0.0,0.8701837546695247,0.0,1,0.45,0.0
67050000,0.0,0.8837656300886925,0.0,1,0.45,0.0
67060000,0.0,0.896641036785235,0.0,1,0.45,0.0
67070000,0.0,0.9087996823560511,0.0,1,0.45,0.0
67080000,0.0,0.9202318473658696,0.0,1,0.45,0.0
67090000,0.0,0.930928393116935,0.0,1,0.45,0.0
67099999,0.0,0.9408807689542152,0.0,1,0.45,0.0
67110000,0.0,0.9500810191007711,0.0,1,0.45,0.0
67120000,0.0,0.9585217890173754,0.0,1,0.45,0.0
67130000,0.0,0.9661963312817069,0.0,1,0.45,0.0
67140000,0.0,0.9730985109821262,0.0,1,0.45,0.0
67150000,0.0,0.9792228106217654,0.0,1,0.45,0.0
67160000,0.0,0.9845643345292001,0.0,1,0.45,0.0
67170000,0.0,0.9891188127719616,0.0,1,0.45,0.0
67180000,0.0,0.9928826045698135,0.0,1,0.45,0.0
67190000,0.0,0.9958527012051855,0.0,1,0.45,0.0
67200000,0.0,0.9980267284282714,0.0,1,0.45,0.0
67210000,0.0,0.9994029483549738,0.0,1,0.45,0.0
67220000,0.0,0.9999802608561371,0.0,1,0.45,0.0
67230000,0.0,0.999758204436984,0.0,1,0.45,0.0
67240000,0.0,0.998736956606019,0.0,1,0.45,0.0
67250000,0.0,0.9969173337331281,0.0,1,0.45,0.0
67260000,0.0,0.994300790396999,0.0,1,0.45,0.0
67270000,0.0,0.9908894182223428,0.0,1,0.45,0.0
67280000,0.0,0.9866859442078684,0.0,1,0.45,0.0
67290000,0.0,0.9816937285463991,0.0,1,0.45,0.0
67300000,0.0,0.9759167619387478,0.0,1,0.45,0.0
67310000,0.0,0.9693596624036297,0.0,1,0.45,0.0
67320000,0.0,0.9620276715860785,0.0,1,0.45,0.0
67330000,0.0,0.953926650567394,0.0,1,0.45,0.0
67340000,0.0,0.9450630751798054,0.0,1,0.45,0.0
67350000,0.0,0.9354440308298779,0.0,1,0.45,0.0
67360000,0.0,0.9250772068344586,0.0,1,0.45,0.0
67370000,0.0,0.9139708902740618,0.0,1,0.45,0.0
67380000,0.0,0.9021339593682157,0.0,1,0.45,0.0
67390000,0.0,0.8895758763783386,0.0,1,0.45,0.0
67400000,0.0,0.8763066800438643,0.0,1,0.45,0.0
67410000,0.0,0.8623369775573191,0.0,1,0.45,0.0
67420000,0.0,0.8476779360850839,0.0,1,0.45,0.0
67430000,0.0,0.8323412738406641,0.0,1,0.45,0.0
67440000,0.0,0.8163392507171847,0.0,1,0.45,0.0
67450000,0.0,0.7996846584870914,0.0,1,0.45,0.0
67460000,0.0,0.7823908105765712,0.0,1,0.45,0.0
67470000,0.0,0.7644715314230924,0.0,1,0.45,0.0
67480000,0.0,0.745941145424183,0.0,1,0.45,0.0
67490000,0.0,0.7268144654869232,0.0,1,0.45,0.0
67500000,0.0,0.7071067811865483,0.0,1,0.45,0.0
67510000,0.0,0.6868338465444092,0.0,1,0.45,0.0
67520000,0.0,0.6660118674342738,0.0,1,0.45,0.0
67530000,0.0,0.6446574886275922,0.0,1,0.45,0.0
67540000,0.0,0.6227877804881135,0.0,1,0.45,0.0
67550000,0.0,0.6004202253259077,0.0,1,0.45,0.0
67560000,0.0,0.5775727034222685,0.0,1,0.45,0.0
67570000,0.0,0.5542634787366714,0.0,1,0.45,0.0
67580000,0.0,0.5305111843067349,0.0,1,0.45,0.0
67590000,0.0,0.5063348073531335,0.0,1,0.45,0.0
67600000,0.0,0.4817536741017411,0.0,1,0.45,0.0
67610000,0.0,0.4567874343343004,0.0,1,0.45,0.0
67620000,0.0,0.4314560456809599,0.0,1,0.45,0.0
67630000,0.0,0.40577975766622687,0.0,1,0.45,0.0
67640000,0.0,0.379779095521802,0.0,1,0.45,0.0
67650000,0.0,0.35347484377925803,0.0,1,0.45,0.0
67660000,0.0,0.3268880296549702,0.0,1,0.45,0.0
67670000,0.0,0.30003990624127713,0.0,1,0.45,0.0
67680000,0.0,0.2729519355173261,0.0,1,0.45,0.0
67690000,0.0,0.24564577119242723,0.0,1,0.45,0.0
67700000,0.0,0.21814324139654342,0.0,1,0.45,0.0
67710000,0.0,0.19046633123116286,0.0,1,0.45,0.0
67720000,0.0,0.16263716519488444,0.0,1,0.45,0.0
67730000,0.0,0.13467798949715343,0.0,1,0.45,0.0
67740000,0.0,0.10661115427528899,0.0,1,0.45,0.0
67750000,0.0,0.07845909572784575,0.0,1,0.45,0.0
67760000,0.0,0.05024431817977035,0.0,1,0.45,0.0
67770000,0.0,0.021989376092534298,0.0,1,0.45,0.0
67780000,0.0,-0.006283143965558196,0.0,1,0.45,0.0
67790000,0.0,-0.03455064137447153,0.0,1,0.45,0.0
67800000,0.0,-0.06279051952928429,0.0,1,0.45,0.0
67810000,0.0,-0.09098020390356922,0.0,1,0.45,0.0
67820000,0.0,-0.11909716009486905,0.0,1,0.45,0.0
67830000,0.0,-0.1471189118386367,0.0,1,0.45,0.0
67840000,0.0,-0.1750230589752754,0.0,1,0.45,0.0
67850000,0.0,-0.20278729535648402,0.0,1,0.45,0.0
67860000,0.0,-0.23038942667659,0.0,1,0.45,0.0
67870000,0.0,-0.2578073882140593,0.0,1,0.45,0.0
67880000,0.0,-0.2850192624699483,0.0,1,0.45,0.0
67890000,0.0,-0.3120032966884143,0.0,1,0.45,0.0
67900000,0.0,-0.33873792024529087,0.0,1,0.45,0.0
67910000,0.0,-0.36520176189156084,0.0,1,0.45,0.0
67920000,0.0,-0.39137366683720193,0.0,1,0.45,0.0
67930000,0.0,-0.41723271366176484,0.0,1,0.45,0.0
67940000,0.0,-0.4427582310389011,0.0,1,0.45,0.0
67950000,0.0,-0.46792981426057295,0.0,1,0.45,0.0
67960000,0.0,-0.4927273415483159,0.0,1,0.45,0.0
67970000,0.0,-0.5171309901381568,0.0,1,0.45,0.0
67980000,0.0,-0.5411212521268755,0.0,1,0.45,0.0
67990000,0.0,-0.5646789500660533,0.0,1,0.45,0.0
68000000,0.0,-0.5877852522924728,0.0,1,0.45,0.0
68010000,0.0,-0.6104216879816022,0.0,1,0.45,0.0
68020000,0.0,-0.6325701619131021,0.0,1,0.45,0.0
68030000,0.0,-0.6542129689358608,0.0,1,0.45,0.0
68040000,0.0,-0.6753328081210243,0.0,1,0.45,0.0
68050000,0.0,-0.6959127965922937,0.0,1,0.45,0.0
68060000,0.0,-0.715936483021831,0.0,1,0.45,0.0
68070000,0.0,-0.7353878607810157,0.0,1,0.45,0.0
68080000,0.0,-0.7542513807361036,0.0,1,0.45,0.0
68090000,0.0,-0.7725119636778642,0.0,1,0.45,0.0
68100000,0.0,-0.7901550123756728,0.0,1,0.45,0.0
68110000,0.0,-0.8071664232464002,0.0,1,0.45,0.0
68120000,0.0,-0.8235325976284273,0.0,1,0.45,0.0
68130000,0.0,-0.8392404526523661,0.0,1,0.45,0.0
68140000,0.0,-0.854277431699295,0.0,1,0.45,0.0
68150000,0.0,-0.8686315144381912,0.0,1,0.45,0.0
68160000,0.0,-0.8822912264349398,0.0,1,0.45,0.0
68170000,0.0,-0.8952456483248116,0.0,1,0.45,0.0
68180000,0.0,-0.9074844245411169,0.0,1,0.45,0.0
68190000,0.0,-0.9189977715934213,0.0,1,0.45,0.0
68200000,0.0,-0.9297764858882513,0.0,1,0.45,0.0
68210000,0.0,-0.9398119510863294,0.0,1,0.45,0.0
68220000,0.0,-0.9490961449902946,0.0,1,0.45,0.0
68230000,0.0,-0.9576216459576222,0.0,1,0.45,0.0
68240000,0.0,-0.9653816388332664,0.0,1,0.45,0.0
68250000,0.0,-0.9723699203976766,0.0,1,0.45,0.0
68260000,0.0,-0.9785809043254721,0.0,1,0.45,0.0
68270000,0.0,-0.9840096256511347,0.0,1,0.45,0.0
68280000,0.0,-0.9886517447379141,0.0,1,0.45,0.0
68290000,0.0,-0.9925035507468237,0.0,1,0.45,0.0
68300000,0.0,-0.9955619646030773,0.0,1,0.45,0.0
68310000,0.0,-0.9978245414574415,0.0,1,0.45,0.0
68320000,0.0,-0.9992894726405892,0.0,1,0.45,0.0
68330000,0.0,-0.9999555871089498,0.0,1,0.45,0.0
68340000,0.0,-0.999822352380809,0.0,1,0.45,0.0
68350000,0.0,-0.9988898749619686,0.0,1,0.45,0.0
68360000,0.0,-0.9971589002606139,0.0,1,0.45,0.0
68370000,0.0,-0.9946308119914323,0.0,1,0.45,0.0
68380000,0.0,-0.9913076310695103,0.0,1,0.45,0.0
68390000,0.0,-0.9871920139948192,0.0,1,0.45,0.0
68400000,0.0,-0.9822872507286886,0.0,1,0.45,0.0
68410000,0.0,-0.9765972620638307,0.0,1,0.45,0.0
68420000,0.0,-0.9701265964901058,0.0,1,0.45,0.0
68430000,0.0,-0.9628804265585875,0.0,1,0.45,0.0
68440000,0.0,-0.9548645447466513,0.0,1,0.45,0.0
68450000,0.0,-0.9460853588275452,0.0,1,0.45,0.0
68460000,0.0,-0.9365498867481823,0.0,1,0.45,0.0
68470000,0.0,-0.9262657510190665,0.0,1,0.45,0.0
68480000,0.0,-0.9152411726209174,0.0,1,0.45,0.0
68490000,0.0,-0.9034849644330468,0.0,1,0.45,0.0
68500000,0.0,-0.8910065241883677,0.0,1,0.45,0.0
68510000,0.0,-0.8778158269611215,0.0,1,0.45,0.0
68520000,0.0,-0.8639234171928494,0.0,1,0.45,0.0
68530000,0.0,-0.8493404002633163,0.0,1,0.45,0.0
68540000,0.0,-0.8340784336131709,0.0,1,0.45,0.0
68550000,0.0,-0.8181497174250395,0.0,1,0.45,0.0
68560000,0.0,-0.8015669848708763,0.0,1,0.45,0.0
68570000,0.0,-0.7843434919334097,0.0,1,0.45,0.0
68580000,0.0,-0.7664930068093495,0.0,1,0.45,0.0
68590000,0.0,-0.7480297989033821,0.0,1,0.45,0.0
68600000,0.0,-0.7289686274213917,0.0,1,0.45,0.0
68610000,0.0,-0.7093247295722734,0.0,1,0.45,0.0
68620000,0.0,-0.689113808387348,0.0,1,0.45,0.0
68630000,0.0,-0.6683520201678137,0.0,1,0.45,0.0
68640000,0.0,-0.6470559615694438,0.0,1,0.45,0.0
68650000,0.0,-0.6252426563357046,0.0,1,0.45,0.0
68660000,0.0,-0.6029295416890468,0.0,1,0.45,0.0
68670000,0.0,-0.5801344543918487,0.0,1,0.45,0.0
68680000,0.0,-0.5568756164881874,0.0,1,0.45,0.0
68690000,0.0,-0.533171620737212,0.0,1,0.45,0.0
68700000,0.0,-0.5090414157503707,0.0,1,0.45,0.0
68710000,0.0,-0.4845042908443973,0.0,1,0.45,0.0
68720000,0.0,-0.45957986062148715,0.0,1,0.45,0.0
68730000,0.0,-0.43428804928980386,0.0,1,0.45,0.0
68740000,0.0,-0.40864907473637424,0.0,1,0.45,0.0
68750000,0.0,-0.382683432365089,0.0,1,0.45,0.0
68760000,0.0,-0.35641187871324986,0.0,1,0.45,0.0
68770000,0.0,-0.32985541485887887,0.0,1,0.45,0.0
68780000,0.0,-0.3030352696327731,0.0,1,0.45,0.0
68790000,0.0,-0.27597288264874487,0.0,1,0.45,0.0
68800000,0.0,-0.2486898871648814,0.0,1,0.45,0.0
68810000,0.0,-0.2212080927902462,0.0,1,0.45,0.0
68820000,0.0,-0.1935494680508593,0.0,1,0.45,0.0
68830000,0.0,-0.16573612282811873,0.0,1,0.45,0.0
68840000,0.0,-0.13779029068463705,0.0,1,0.45,0.0
68850000,0.0,-0.109734311091016,0.0,1,0.45,0.0
68860000,0.0,-0.08159061156815652,0.0,1,0.45,0.0
68870000,0.0,-0.05338168975875941,0.0,1,0.45,0.0
68880000,0.0,-0.025130095443364815,0.0,1,0.45,0.0
68890000,0.0,0.003141587485880657,0.0,1,0.45,0.0
68900000,0.0,0.0314107590781294,0.0,1,0.45,0.0
68910000,0.0,0.05965482139014345,0.0,1,0.45,0.0
68920000,0.0,0.08785119655074432,0.0,1,0.45,0.0
68930000,0.0,0.11597734480896252,0.0,1,0.45,0.0
68940000,0.0,0.1440107825522252,0.0,1,0.45,0.0
68950000,0.0,0.17192910027941072,0.0,1,0.45,0.0
68960000,0.0,0.1997099805144082,0.0,1,0.45,0.0
68970000,0.0,0.22733121564664763,0.0,1,0.45,0.0
68980000,0.0,0.2547707256833834,0.0,1,0.45,0.0
68990000,0.0,0.28200657590010336,0.0,1,0.45,0.0
69000000,0.0,0.3090169943749486,0.0,1,0.45,0.0
69010000,0.0,0.33578038939258187,0.0,1,0.45,0.0
69020000,0.0,0.36227536670452043,0.0,1,0.45,0.0
69030000,0.0,0.38848074663136734,0.0,1,0.45,0.0
69040000,0.0,0.41437558099328536,0.0,1,0.45,0.0
69050000,0.0,0.4399391698558908,0.0,1,0.45,0.0
69060000,0.0,0.4651510780774596,0.0,1,0.45,0.0
69070000,0.0,0.4899911516442378,0.0,1,0.45,0.0
69080000,0.0,0.5144395337815076,0.0,1,0.45,0.0
69090000,0.0,0.5384766808266614,0.0,1,0.45,0.0
69100000,0.0,0.5620833778521553,0.0,1,0.45,0.0
69110000,0.0,0.5852407540255112,0.0,1,0.45,0.0
69120000,0.0,0.6079302976946066,0.0,1,0.45,0.0
69130000,0.0,0.6301338711853481,0.0,1,0.45,0.0
69140000,0.0,0.6518337253008799,0.0,1,0.45,0.0
69150000,0.0,0.6730125135097744,0.0,1,0.45,0.0
69160000,0.0,0.6936533058127856,0.0,1,0.45,0.0
69170000,0.0,0.7137396022764224,0.0,1,0.45,0.0
69180000,0.0,0.733255346222561,0.0,1,0.45,0.0
69190000,0.0,0.7521849370640937,0.0,1,0.45,0.0
69200000,0.0,0.7705132427757903,0.0,1,0.45,0.0
69210000,0.0,0.788225611990441,0.0,1,0.45,0.0
69220000,0.0,0.8053078857111229,0.0,1,0.45,0.0
69230000,0.0,0.8217464086295911,0.0,1,0.45,0.0
69240000,0.0,0.8375280400421271,0.0,1,0.45,0.0
69250000,0.0,0.8526401643540931,0.0,1,0.45,0.0
69260000,0.0,0.8670707011644909,0.0,1,0.45,0.0
69270000,0.0,0.8808081149229909,0.0,1,0.45,0.0
69280000,0.0,0.8938414241512646,0.0,1,0.45,0.0
69290000,0.0,0.9061602102212906,0.0,1,0.45,0.0
69300000,0.0,0.9177546256839706,0.0,1,0.45,0.0
69310000,0.0,0.928615402141018,0.0,1,0.45,0.0
69320000,0.0,0.9387338576538747,0.0,1,0.45,0.0
69330000,0.0,0.9481019036840236,0.0,1,0.45,0.0
69340000,0.0,0.956712051558831,0.0,1,0.45,0.0
69350000,0.0,0.9645574184578061,0.0,1,0.45,0.0
69360000,0.0,0.9716317329146744,0.0,1,0.45,0.0
69370000,0.0,0.9779293398307222,0.0,1,0.45,0.0
69380000,0.0,0.9834452049953248,0.0,1,0.45,0.0
69390000,0.0,0.9881749191102808,0.0,1,0.45,0.0
69400000,0.0,0.9921147013144781,0.0,1,0.45,0.0
69410000,0.0,0.9952614022063058,0.0,1,0.45,0.0
69420000,0.0,0.9976125063612253,0.0,1,0.45,0.0
69430000,0.0,0.9991661343425402,0.0,1,0.45,0.0
69440000,0.0,0.9999210442038158,0.0,1,0.45,0.0
69450000,0.0,0.9998766324816606,0.0,1,0.45,0.0
69460000,0.0,0.9990329346781246,0.0,1,0.45,0.0
69470000,0.0,0.9973906252323235,0.0,1,0.45,0.0
69480000,0.0,0.9949510169813,0.0,1,0.45,0.0
69490000,0.0,0.9917160601105662,0.0,1,0.45,0.0
69500000,0.0,0.9876883405951374,0.0,1,0.45,0.0
69510000,0.0,0.9828710781323788,0.0,1,0.45,0.0
69520000,0.0,0.977268123568199,0.0,1,0.45,0.0
69530000,0.0,0.9708839558187304,0.0,1,0.45,0.0
69540000,0.0,0.9637236782900092,0.0,1,0.45,0.0
69550000,0.0,0.9557930147983379,0.0,1,0.45,0.0
69560000,0.0,0.9470983049947436,0.0,1,0.45,0.0
69570000,0.0,0.9376464992972349,0.0,1,0.45,0.0
69580000,0.0,0.9274451533346711,0.0,1,0.45,0.0
69590000,0.0,0.916502421906897,0.0,1,0.45,0.0
69600000,0.0,0.9048270524660186,0.0,1,0.45,0.0
69610000,0.0,0.8924283781237169,0.0,1,0.45,0.0
69620000,0.0,0.8793163101905551,0.0,1,0.45,0.0
69630000,0.0,0.865501330253032,0.0,1,0.45,0.0
69640000,0.0,0.8509944817946906,0.0,1,0.45,0.0
69650000,0.0,0.8358073613682689,0.0,1,0.45,0.0
69660000,0.0,0.8199521093254672,0.0,1,0.45,0.0
69670000,0.0,0.8034414001121262,0.0,1,0.45,0.0
69680000,0.0,0.7862884321366174,0.0,1,0.45,0.0
69690000,0.0,0.7685069172190933,0.0,1,0.45,0.0
69700000,0.0,0.7501110696304579,0.0,1,0.45,0.0
69710000,0.0,0.7311155947298624,0.0,1,0.45,0.0
69720000,0.0,0.7115356772092836,0.0,1,0.45,0.0
69730000,0.0,0.6913869689552046,0.0,1,0.45,0.0
69740000,0.0,0.6706855765367392,0.0,1,0.45,0.0
69750000,0.0,0.6494480483301818,0.0,1,0.45,0.0
69760000,0.0,0.6276913612906985,0.0,1,0.45,0.0
69770000,0.0,0.605432907381022,0.0,1,0.45,0.0
69780000,0.0,0.582690479668574,0.0,1,0.45,0.0
69790000,0.0,0.5594822581021648,0.0,1,0.45,0.0
69800000,0.0,0.5358267949790184,0.0,1,0.45,0.0
69810000,0.0,0.5117430001143427,0.0,1,0.45,0.0
69820000,0.0,0.48725012572533,0.0,1,0.45,0.0
69830000,0.0,0.46236775104101463,0.0,1,0.45,0.0
69840000,0.0,0.4371157666509305,0.0,1,0.45,0.0
69850000,0.0,0.4115143586051063,0.0,1,0.45,0.0
69860000,0.0,0.38558399227739404,0.0,1,0.45,0.0
69870000,0.0,0.35934539600588816,0.0,1,0.45,0.0
69880000,0.0,0.3328195445230109,0.0,1,0.45,0.0
69890000,0.0,0.3060276421884981,0.0,1,0.45,0.0
69900000,0.0,0.2789911060392266,0.0,1,0.45,0.0
69910000,0.0,0.2517315486685219,0.0,1,0.45,0.0
69920000,0.0,0.22427076094937845,0.0,1,0.45,0.0
69930000,0.0,0.1966306946154173,0.0,1,0.45,0.0
69940000,0.0,0.16883344471275907,0.0,1,0.45,0.0
69950000,0.0,0.14090123193757983,0.0,1,0.45,0.0
69960000,0.0,0.11285638487347883,0.0,1,0.45,0.0
69970000,0.0,0.08472132214207057,0.0,1,0.45,0.0
69980000,0.0,0.05651853448202162,0.0,1,0.45,0.0
69990000,0.0,0.02827056677029874,0.0,1,0.45,0.0
70000000,0.0,-2.942866201773178e-15,0.0,1,0.45,0.0
70010000,0.0,-0.02827056677027621,0.0,1,0.45,0.0
70020000,0.0,-0.05651853448199912,0.0,1,0.45,0.0
70030000,0.0,-0.08472132214207642,0.0,1,0.45,0.0
70040000,0.0,-0.11285638487348468,0.0,1,0.45,0.0
70050000,0.0,-0.14090123193755752,0.0,1,0.45,0.0
70060000,0.0,-0.16883344471273687,0.0,1,0.45,0.0
70070000,0.0,-0.19663069461542307,0.0,1,0.45,0.0
70080000,0.0,-0.2242707609493565,0.0,1,0.45,0.0
70090000,0.0,-0.25173154866850006,0.0,1,0.45,0.0
70100000,0.0,-0.2789911060392322,0.0,1,0.45,0.0
70110000,0.0,-0.3060276421885037,0.0,1,0.45,0.0
70120000,0.0,-0.3328195445229896,0.0,1,0.45,0.0
70130000,0.0,-0.3593453960058671,0.0,1,0.45,0.0
70140000,0.0,-0.3855839922773995,0.0,1,0.45,0.0
70150000,0.0,-0.4115143586051117,0.0,1,0.45,0.0
70160000,0.0,-0.43711576665091023,0.0,1,0.45,0.0
70170000,0.0,-0.46236775104099465,0.0,1,0.45,0.0
70180000,0.0,-0.48725012572533516,0.0,1,0.45,0.0
70190000,0.0,-0.5117430001143233,0.0,1,0.45,0.0
70200000,0.0,-0.5358267949789994,0.0,1,0.45,0.0
70210000,0.0,-0.5594822581021697,0.0,1,0.45,0.0
70220000,0.0,-0.5826904796685557,0.0,1,0.45,0.0
70230000,0.0,-0.6054329073810041,0.0,1,0.45,0.0
70240000,0.0,-0.6276913612906809,0.0,1,0.45,0.0
70250000,0.0,-0.6494480483301862,0.0,1,0.45,0.0
70260000,0.0,-0.6706855765367226,0.0,1,0.45,0.0
70270000,0.0,-0.6913869689551884,0.0,1,0.45,0.0
70280000,0.0,-0.7115356772092878,0.0,1,0.45,0.0
70290000,0.0,-0.7311155947298664,0.0,1,0.45,0.0
70300000,0.0,-0.750111069630443,0.0,1,0.45,0.0
70310000,0.0,-0.7685069172190788,0.0,1,0.45,0.0
70320000,0.0,-0.786288432136621,0.0,1,0.45,0.0
70330000,0.0,-0.8034414001121127,0.0,1,0.45,0.0
70340000,0.0,-0.8199521093254544,0.0,1,0.45,0.0
70350000,0.0,-0.8358073613682722,0.0,1,0.45,0.0
70360000,0.0,-0.8509944817946937,0.0,1,0.45,0.0
70370000,0.0,-0.8655013302530208,0.0,1,0.45,0.0
70380000,0.0,-0.8793163101905445,0.0,1,0.45,0.0
70390000,0.0,-0.8924283781237196,0.0,1,0.45,0.0
70400000,0.0,-0.904827052466021,0.0,1,0.45,0.0
70410000,0.0,-0.916502421906888,0.0,1,0.45,0.0
70420000,0.0,-0.9274451533346627,0.0,1,0.45,0.0
70430000,0.0,-0.9376464992972369,0.0,1,0.45,0.0
70440000,0.0,-0.9470983049947364,0.0,1,0.45,0.0
70450000,0.0,-0.9557930147983312,0.0,1,0.45,0.0
70460000,0.0,-0.9637236782900107,0.0,1,0.45,0.0
70470000,0.0,-0.9708839558187251,0.0,1,0.45,0.0
70480000,0.0,-0.9772681235681943,0.0,1,0.45,0.0
70490000,0.0,-0.9828710781323746,0.0,1,0.45,0.0
70500000,0.0,-0.9876883405951383,0.0,1,0.45,0.0
70510000,0.0,-0.9917160601105633,0.0,1,0.45,0.0
70520000,0.0,-0.9949510169812977,0.0,1,0.45,0.0
70530000,0.0,-0.9973906252323239,0.0,1,0.45,0.0
70540000,0.0,-0.9990329346781249,0.0,1,0.45,0.0
70550000,0.0,-0.9998766324816603,0.0,1,0.45,0.0
70560000,0.0,-0.9999210442038161,0.0,1,0.45,0.0
70570000,0.0,-0.99916613434254,0.0,1,0.45,0.0
70580000,0.0,-0.9976125063612269,0.0,1,0.45,0.0
70590000,0.0,-0.995261402206308,0.0,1,0.45,0.0
70600000,0.0,-0.9921147013144773,0.0,1,0.45,0.0
70610000,0.0,-0.9881749191102799,0.0,1,0.45,0.0
70620000,0.0,-0.983445204995329,0.0,1,0.45,0.0
70630000,0.0,-0.9779293398307269,0.0,1,0.45,0.0
70640000,0.0,-0.971631732914673,0.0,1,0.45,0.0
70650000,0.0,-0.9645574184577971,0.0,1,0.45,0.0
70660000,0.0,-0.9567120515588375,0.0,1,0.45,0.0
70670000,0.0,-0.9481019036840307,0.0,1,0.45,0.0
70680000,0.0,-0.9387338576538726,0.0,1,0.45,0.0
70690000,0.0,-0.9286154021410263,0.0,1,0.45,0.0
70700000,0.0,-0.9177546256839795,0.0,1,0.45,0.0
70710000,0.0,-0.9061602102212881,0.0,1,0.45,0.0
70720000,0.0,-0.8938414241512747,0.0,1,0.45,0.0
70730000,0.0,-0.8808081149230016,0.0,1,0.45,0.0
70740000,0.0,-0.8670707011645021,0.0,1,0.45,0.0
70750000,0.0,-0.8526401643540901,0.0,1,0.45,0.0
70760000,0.0,-0.8375280400421394,0.0,1,0.45,0.0
70770000,0.0,-0.821746408629604,0.0,1,0.45,0.0
70780000,0.0,-0.8053078857111194,0.0,1,0.45,0.0
70790000,0.0,-0.7882256119904374,0.0,1,0.45,0.0
70800000,0.0,-0.7705132427758046,0.0,1,0.45,0.0
70810000,0.0,-0.7521849370641086,0.0,1,0.45,0.0
70820000,0.0,-0.7332553462225571,0.0,1,0.45,0.0
70830000,0.0,-0.7137396022764382,0.0,1,0.45,0.0
70840000,0.0,-0.6936533058128018,0.0,1,0.45,0.0
70850000,0.0,-0.6730125135097701,0.0,1,0.45,0.0
70860000,0.0,-0.6518337253008755,0.0,1,0.45,0.0
70870000,0.0,-0.6301338711853657,0.0,1,0.45,0.0
70880000,0.0,-0.6079302976946245,0.0,1,0.45,0.0
70890000,0.0,-0.5852407540255065,0.0,1,0.45,0.0
70900000,0.0,-0.5620833778521269,0.0,1,0.45,0.0
70910000,0.0,-0.5384766808266804,0.0,1,0.45,0.0
70920000,0.0,-0.5144395337815026,0.0,1,0.45,0.0
70930000,0.0,-0.4899911516442327,0.0,1,0.45,0.0
70940000,0.0,-0.4651510780774795,0.0,1,0.45,0.0
70950000,0.0,-0.4399391698559111,0.0,1,0.45,0.0
70960000,0.0,-0.41437558099328,0.0,1,0.45,0.0
70970000,0.0,-0.3884807466313881,0.0,1,0.45,0.0
70980000,0.0,-0.3622753667045414,0.0,1,0.45,0.0
70990000,0.0,-0.3357803893926031,0.0,1,0.45,0.0
71000000,0.0,-0.30901699437494307,0.0,1,0.45,0.0
71010000,0.0,-0.282006575900125,0.0,1,0.45,0.0
71020000,0.0,-0.25477072568340514,0.0,1,0.45,0.0
71030000,0.0,-0.2273312156466419,0.0,1,0.45,0.0
71040000,0.0,-0.19970998051440245,0.0,1,0.45,0.0
71050000,0.0,-0.17192910027943292,0.0,1,0.45,0.0
71060000,0.0,-0.1440107825522475,0.0,1,0.45,0.0
71070000,0.0,-0.11597734480895668,0.0,1,0.45,0.0
71080000,0.0,-0.08785119655076676,0.0,1,0.45,0.0
71090000,0.0,-0.059654821390165945,0.0,1,0.45,0.0
71100000,0.0,-0.03141075907812352,0.0,1,0.45,0.0
71110000,0.0,-0.0031415874859031926,0.0,1,0.45,0.0
71120000,0.0,0.025130095443342285,0.0,1,0.45,0.0
71130000,0.0,0.05338168975873691,0.0,1,0.45,0.0
71140000,0.0,0.08159061156816237,0.0,1,0.45,0.0
71150000,0.0,0.1097343110910501,0.0,1,0.45,0.0
71160000,0.0,0.13779029068461474,0.0,1,0.45,0.0
71170000,0.0,0.16573612282812453,0.0,1,0.45,0.0
71180000,0.0,0.19354946805086506,0.0,1,0.45,0.0
71190000,0.0,0.22120809279022421,0.0,1,0.45,0.0
71200000,0.0,0.24868988716485957,0.0,1,0.45,0.0
71210000,0.0,0.27597288264875053,0.0,1,0.45,0.0
71220000,0.0,0.3030352696327516,0.0,1,0.45,0.0
71230000,0.0,0.3298554148588576,0.0,1,0.45,0.0
71240000,0.0,0.3564118787132288,0.0,1,0.45,0.0
71250000,0.0,0.3826834323650944,0.0,1,0.45,0.0
71260000,0.0,0.40864907473635365,0.0,1,0.45,0.0
71270000,0.0,0.43428804928978354,0.0,1,0.45,0.0
71280000,0.0,0.45957986062149236,0.0,1,0.45,0.0
71290000,0.0,0.48450429084440244,0.0,1,0.45,0.0
71300000,0.0,0.5090414157503512,0.0,1,0.45,0.0
71310000,0.0,0.5331716207371929,0.0,1,0.45,0.0
71320000,0.0,0.5568756164881923,0.0,1,0.45,0.0
71330000,0.0,0.5801344543918304,0.0,1,0.45,0.0
71340000,0.0,0.6029295416890288,0.0,1,0.45,0.0
71350000,0.0,0.6252426563357092,0.0,1,0.45,0.0
71360000,0.0,0.6470559615694266,0.0,1,0.45,0.0
71370000,0.0,0.6683520201677969,0.0,1,0.45,0.0
71380000,0.0,0.6891138083873317,0.0,1,0.45,0.0
71390000,0.0,0.7093247295722775,0.0,1,0.45,0.0
71400000,0.0,0.7289686274214151,0.0,1,0.45,0.0
71410000,0.0,0.7480297989033672,0.0,1,0.45,0.0
71420000,0.0,0.7664930068093533,0.0,1,0.45,0.0
71430000,0.0,0.7843434919334134,0.0,1,0.45,0.0
71440000,0.0,0.8015669848708628,0.0,1,0.45,0.0
71450000,0.0,0.8181497174250265,0.0,1,0.45,0.0
71460000,0.0,0.8340784336131741,0.0,1,0.45,0.0
71470000,0.0,0.8493404002633044,0.0,1,0.45,0.0
71480000,0.0,0.863923417192838,0.0,1,0.45,0.0
71490000,0.0,0.8778158269611107,0.0,1,0.45,0.0
71500000,0.0,0.8910065241883703,0.0,1,0.45,0.0
71510000,0.0,0.9034849644330372,0.0,1,0.45,0.0
71520000,0.0,0.9152411726209083,0.0,1,0.45,0.0
71530000,0.0,0.9262657510190687,0.0,1,0.45,0.0
71540000,0.0,0.9365498867481943,0.0,1,0.45,0.0
71550000,0.0,0.9460853588275379,0.0,1,0.45,0.0
71560000,0.0,0.9548645447466446,0.0,1,0.45,0.0
71570000,0.0,0.9628804265585891,0.0,1,0.45,0.0
71580000,0.0,0.9701265964901002,0.0,1,0.45,0.0
71590000,0.0,0.9765972620638258,0.0,1,0.45,0.0
71600000,0.0,0.9822872507286897,0.0,1,0.45,0.0
71610000,0.0,0.9871920139948156,0.0,1,0.45,0.0
71620000,0.0,0.9913076310695073,0.0,1,0.45,0.0
71630000,0.0,0.99463081199143,0.0,1,0.45,0.0
71640000,0.0,0.9971589002606144,0.0,1,0.45,0.0
71650000,0.0,0.9988898749619702,0.0,1,0.45,0.0
71660000,0.0,0.9998223523808086,0.0,1,0.45,0.0
71670000,0.0,0.9999555871089497,0.0,1,0.45,0.0
71680000,0.0,0.999289472640589,0.0,1,0.45,0.0
71690000,0.0,0.9978245414574429,0.0,1,0.45,0.0
71700000,0.0,0.9955619646030794,0.0,1,0.45,0.0
71710000,0.0,0.9925035507468231,0.0,1,0.45,0.0
71720000,0.0,0.9886517447379174,0.0,1,0.45,0.0
71730000,0.0,0.9840096256511387,0.0,1,0.45,0.0
71740000,0.0,0.9785809043254767,0.0,1,0.45,0.0
71750000,0.0,0.9723699203976752,0.0,1,0.45,0.0
71760000,0.0,0.9653816388332723,0.0,1,0.45,0.0
71770000,0.0,0.9576216459576288,0.0,1,0.45,0.0
71780000,0.0,0.9490961449902927,0.0,1,0.45,0.0
71790000,0.0,0.9398119510863177,0.0,1,0.45,0.0
71800000,0.0,0.9297764858882597,0.0,1,0.45,0.0
71810000,0.0,0.918997771593419,0.0,1,0.45,0.0
71820000,0.0,0.9074844245411144,0.0,1,0.45,0.0
71830000,0.0,0.8952456483248217,0.0,1,0.45,0.0
71840000,0.0,0.8822912264349505,0.0,1,0.45,0.0
71850000,0.0,0.8686315144381883,0.0,1,0.45,0.0
71860000,0.0,0.8542774316993068,0.0,1,0.45,0.0
71870000,0.0,0.8392404526523785,0.0,1,0.45,0.0
71880000,0.0,0.8235325976284401,0.0,1,0.45,0.0
71890000,0.0,0.8071664232463966,0.0,1,0.45,0.0
71900000,0.0,0.7901550123756866,0.0,1,0.45,0.0
71910000,0.0,0.7725119636778786,0.0,1,0.45,0.0
71920000,0.0,0.7542513807360998,0.0,1,0.45,0.0
71930000,0.0,0.7353878607810117,0.0,1,0.45,0.0
71940000,0.0,0.7159364830218466,0.0,1,0.45,0.0
71950000,0.0,0.6959127965923099,0.0,1,0.45,0.0
71960000,0.0,0.6753328081210198,0.0,1,0.45,0.0
71970000,0.0,0.6542129689358779,0.0,1,0.45,0.0
71980000,0.0,0.6325701619131197,0.0,1,0.45,0.0
71990000,0.0,0.6104216879816201,0.0,1,0.45,0.0
72000000,0.0,0.587785252292468,0.0,1,0.45,0.0
72010000,0.0,0.5646789500660718,0.0,1,0.45,0.0
72020000,0.0,0.5411212521268944,0.0,1,0.45,0.0
72030000,0.0,0.5171309901381518,0.0,1,0.45,0.0
72040000,0.0,0.49272734154828607,0.0,1,0.45,0.0
72050000,0.0,0.4679298142605929,0.0,1,0.45,0.0
72060000,0.0,0.44275823103889583,0.0,1,0.45,0.0
72070000,0.0,0.41723271366175946,0.0,1,0.45,0.0
72080000,0.0,0.3913736668372227,0.0,1,0.45,0.0
72090000,0.0,0.3652017618915818,0.0,1,0.45,0.0
72100000,0.0,0.3387379202452853,0.0,1,0.45,0.0
72110000,0.0,0.31200329668843574,0.0,1,0.45,0.0
72120000,0.0,0.28501926246996995,0.0,1,0.45,0.0
72130000,0.0,0.25780738821408106,0.0,1,0.45,0.0
72140000,0.0,0.23038942667658424,0.0,1,0.45,0.0
72150000,0.0,0.20278729535650608,0.0,1,0.45,0.0
72160000,0.0,0.1750230589752976,0.0,1,0.45,0.0
72170000,0.0,0.14711891183863088,0.0,1,0.45,0.0
72180000,0.0,0.11909716009486321,0.0,1,0.45,0.0
72190000,0.0,0.09098020390359166,0.0,1,0.45,0.0
72200000,0.0,0.06279051952930678,0.0,1,0.45,0.0
72210000,0.0,0.034550641374465646,0.0,1,0.45,0.0
72220000,0.0,0.0062831439655807305,0.0,1,0.45,0.0
72230000,0.0,-0.021989376092511767,0.0,1,0.45,0.0
72240000,0.0,-0.05024431817974784,0.0,1,0.45,0.0
72250000,0.0,-0.07845909572782328,0.0,1,0.45,0.0
72260000,0.0,-0.10661115427526659,0.0,1,0.45,0.0
72270000,0.0,-0.1346779894971311,0.0,1,0.45,0.0
72280000,0.0,-0.16263716519489024,0.0,1,0.45,0.0
72290000,0.0,-0.19046633123119652,0.0,1,0.45,0.0
72300000,0.0,-0.21814324139652141,0.0,1,0.45,0.0
72310000,0.0,-0.24564577119243292,0.0,1,0.45,0.0
72320000,0.0,-0.27295193551733177,0.0,1,0.45,0.0
72330000,0.0,-0.30003990624125565,0.0,1,0.45,0.0
72340000,0.0,-0.32688802965494895,0.0,1,0.45,0.0
72350000,0.0,-0.3534748437792635,0.0,1,0.45,0.0
72360000,0.0,-0.3797790955217812,0.0,1,0.45,0.0
72370000,0.0,-0.4057797576662063,0.0,1,0.45,0.0
72380000,0.0,-0.4314560456809396,0.0,1,0.45,0.0
72390000,0.0,-0.45678743433430563,0.0,1,0.45,0.0
72400000,0.0,-0.4817536741017214,0.0,1,0.45,0.0
72410000,0.0,-0.506334807353114,0.0,1,0.45,0.0
72420000,0.0,-0.5305111843067399,0.0,1,0.45,0.0
72430000,0.0,-0.5542634787366999,0.0,1,0.45,0.0
72440000,0.0,-0.5775727034222501,0.0,1,0.45,0.0
72450000,0.0,-0.6004202253258897,0.0,1,0.45,0.0
72460000,0.0,-0.622787780488118,0.0,1,0.45,0.0
72470000,0.0,-0.644657488627575,0.0,1,0.45,0.0
72480000,0.0,-0.6660118674342569,0.0,1,0.45,0.0
72490000,0.0,-0.6868338465443927,0.0,1,0.45,0.0
72500000,0.0,-0.7071067811865325,0.0,1,0.45,0.0
72510000,0.0,-0.7268144654869078,0.0,1,0.45,0.0
72520000,0.0,-0.745941145424168,0.0,1,0.45,0.0
72530000,0.0,-0.7644715314230962,0.0,1,0.45,0.0
72540000,0.0,-0.7823908105765925,0.0,1,0.45,0.0
72550000,0.0,-0.7996846584870778,0.0,1,0.45,0.0
72560000,0.0,-0.8163392507171882,0.0,1,0.45,0.0
72570000,0.0,-0.8323412738406675,0.0,1,0.45,0.0
72580000,0.0,-0.847677936085072,0.0,1,0.45,0.0
72590000,0.0,-0.8623369775573076,0.0,1,0.45,0.0
72600000,0.0,-0.8763066800438671,0.0,1,0.45,0.0
72610000,0.0,-0.8895758763783284,0.0,1,0.45,0.0
72620000,0.0,-0.902133959368206,0.0,1,0.45,0.0
72630000,0.0,-0.9139708902740526,0.0,1,0.45,0.0
72640000,0.0,-0.9250772068344608,0.0,1,0.45,0.0
72650000,0.0,-0.9354440308298699,0.0,1,0.45,0.0
72660000,0.0,-0.9450630751797979,0.0,1,0.45,0.0
72670000,0.0,-0.9539266505673958,0.0,1,0.45,0.0
72680000,0.0,-0.9620276715860879,0.0,1,0.45,0.0
72690000,0.0,-0.9693596624036241,0.0,1,0.45,0.0
72700000,0.0,-0.975916761938749,0.0,1,0.45,0.0
72710000,0.0,-0.9816937285464002,0.0,1,0.45,0.0
72720000,0.0,-0.9866859442078647,0.0,1,0.45,0.0
72730000,0.0,-0.9908894182223397,0.0,1,0.45,0.0
72740000,0.0,-0.9943007903969967,0.0,1,0.45,0.0
72750000,0.0,-0.9969173337331263,0.0,1,0.45,0.0
72760000,0.0,-0.9987369566060179,0.0,1,0.45,0.0
72770000,0.0,-0.9997582044369836,0.0,1,0.45,0.0
72780000,0.0,-0.9999802608561371,0.0,1,0.45,0.0
72790000,0.0,-0.9994029483549727,0.0,1,0.45,0.0
72800000,0.0,-0.9980267284282729,0.0,1,0.45,0.0
72810000,0.0,-0.995852701205185,0.0,1,0.45,0.0
72820000,0.0,-0.9928826045698128,0.0,1,0.45,0.0
72830000,0.0,-0.9891188127719649,0.0,1,0.45,0.0
72840000,0.0,-0.984564334529204,0.0,1,0.45,0.0
72850000,0.0,-0.9792228106217642,0.0,1,0.45,0.0
72860000,0.0,-0.9730985109821313,0.0,1,0.45,0.0
72870000,0.0,-0.9661963312817128,0.0,1,0.45,0.0
72880000,0.0,-0.9585217890173818,0.0,1,0.45,0.0
72890000,0.0,-0.9500810191007694,0.0,1,0.45,0.0
72900000,0.0,-0.9408807689542228,0.0,1,0.45,0.0
72910000,0.0,-0.9309283931169432,0.0,1,0.45,0.0
72920000,0.0,-0.9202318473658673,0.0,1,0.45,0.0
72930000,0.0,-0.9087996823560368,0.0,1,0.45,0.0
72940000,0.0,-0.896641036785245,0.0,1,0.45,0.0
72950000,0.0,-0.8837656300886898,0.0,1,0.45,0.0
72960000,0.0,-0.8701837546695218,0.0,1,0.45,0.0
72970000,0.0,-0.8559062676711436,0.0,1,0.45,0.0
72980000,0.0,-0.8409445822981648,0.0,1,0.45,0.0
72990000,0.0,-0.8253106586930111,0.0,1,0.45,0.0
73000000,0.0,-0.8090169943749594,0.0,1,0.45,0.0
73010000,0.0,-0.7920766142499622,0.0,1,0.45,0.0
73020000,0.0,-0.7745030601987467,0.0,1,0.45,0.0
73030000,0.0,-0.7563103802514667,0.0,1,0.45,0.0
73040000,0.0,-0.7375131173581685,0.0,1,0.45,0.0
73050000,0.0,-0.718126297763203,0.0,1,0.45,0.0
73060000,0.0,-0.698165418993467,0.0,1,0.45,0.0
73070000,0.0,-0.6776464374700963,0.0,1,0.45,0.0
73080000,0.0,-0.6565857557529717,0.0,1,0.45,0.0
73090000,0.0,-0.6350002094287543,0.0,1,0.45,0.0
73100000,0.0,-0.61290705365297,0.0,1,0.45,0.0
73110000,0.0,-0.5903239493563109,0.0,1,0.45,0.0
73120000,0.0,-0.5672689491267497,0.0,1,0.45,0.0
73130000,0.0,-0.5437604827788095,0.0,1,0.45,0.0
73140000,0.0,-0.5198173426207268,0.0,1,0.45,0.0
73150000,0.0,-0.49545866843240044,0.0,1,0.45,0.0
73160000,0.0,-0.4707039321653504,0.0,1,0.45,0.0
73170000,0.0,-0.44557292237688895,0.0,1,0.45,0.0
73180000,0.0,-0.42008572841179875,0.0,1,0.45,0.0
73190000,0.0,-0.39426272434296955,0.0,1,0.45,0.0
73200000,0.0,-0.36812455268467026,0.0,1,0.45,0.0
73210000,0.0,-0.3416921078914755,0.0,1,0.45,0.0
73220000,0.0,-0.31498651965532387,0.0,1,0.45,0.0
73230000,0.0,-0.2880291360147612,0.0,1,0.45,0.0
73240000,0.0,-0.2608415062899163,0.0,1,0.45,0.0
73250000,0.0,-0.23344536385592493,0.0,1,0.45,0.0
73260000,0.0,-0.20586260876987314,0.0,1,0.45,0.0
73270000,0.0,-0.17811529026422984,0.0,1,0.45,0.0
73280000,0.0,-0.15022558912074874,0.0,1,0.45,0.0
73290000,0.0,-0.12221579993988108,0.0,1,0.45,0.0
73300000,0.0,-0.09410831331853421,0.0,1,0.45,0.0
73310000,0.0,-0.06592559795136942,0.0,1,0.45,0.0
73320000,0.0,-0.03769018266992607,0.0,1,0.45,0.0
73330000,0.0,-0.009424638433163936,0.0,1,0.45,0.0
73340000,0.0,0.018848439715416682,0.0,1,0.45,0.0
73350000,0.0,0.04710645070965118,0.0,1,0.45,0.0
73360000,0.0,0.0753268055279129,0.0,1,0.45,0.0
73370000,0.0,0.10348694525043103,0.0,1,0.45,0.0
73380000,0.0,0.13156435909226283,0.0,1,0.45,0.0
73390000,0.0,0.15953660239846673,0.0,1,0.45,0.0
73400000,0.0,0.1873813145857331,0.0,1,0.45,0.0
73410000,0.0,0.21507623701709405,0.0,1,0.45,0.0
73420000,0.0,0.24259923079541582,0.0,1,0.45,0.0
73430000,0.0,0.26992829446050465,0.0,1,0.45,0.0
73440000,0.0,0.29704158157701605,0.0,1,0.45,0.0
73450000,0.0,0.3239174181981576,0.0,1,0.45,0.0
73460000,0.0,0.3505343201912672,0.0,1,0.45,0.0
73470000,0.0,0.37687101041214444,0.0,1,0.45,0.0
73480000,0.0,0.4029064357136707,0.0,1,0.45,0.0
73490000,0.0,0.42861978377511056,0.0,1,0.45,0.0
73500000,0.0,0.45399049973952926,0.0,1,0.45,0.0
73510000,0.0,0.4789983026447687,0.0,1,0.45,0.0
73520000,0.0,0.5036232016357439,0.0,1,0.45,0.0
73530000,0.0,0.5278455119450739,0.0,1,0.45,0.0
73540000,0.0,0.5516458706284376,0.0,1,0.45,0.0
73550000,0.0,0.5750052520432626,0.0,1,0.45,0.0
73560000,0.0,0.597904983057526,0.0,1,0.45,0.0
73570000,0.0,0.620326757976563,0.0,1,0.45,0.0
73580000,0.0,0.6422526531765694,0.0,1,0.45,0.0
73590000,0.0,0.6636651414324651,0.0,1,0.45,0.0
73600000,0.0,0.6845471059286952,0.0,1,0.45,0.0
73610000,0.0,0.7048818539423476,0.0,1,0.45,0.0
73620000,0.0,0.7246531301870528,0.0,1,0.45,0.0
73630000,0.0,0.7438451298070121,0.0,1,0.45,0.0
73640000,0.0,0.7624425110114353,0.0,1,0.45,0.0
73650000,0.0,0.7804304073383354,0.0,1,0.45,0.0
73660000,0.0,0.7977944395385593,0.0,1,0.45,0.0
73670000,0.0,0.8145207270705146,0.0,1,0.45,0.0
73680000,0.0,0.8305958991958177,0.0,1,0.45,0.0
73690000,0.0,0.8460071056678319,0.0,1,0.45,0.0
73700000,0.0,0.8607420270039483,0.0,1,0.45,0.0
73710000,0.0,0.8747888843334573,0.0,1,0.45,0.0
73720000,0.0,0.8881364488135357,0.0,1,0.45,0.0
73730000,0.0,0.900774050605402,0.0,1,0.45,0.0
73740000,0.0,0.912691587403495,0.0,1,0.45,0.0
73750000,0.0,0.9238795325112794,0.0,1,0.45,0.0
73760000,0.0,0.9343289424566154,0.0,1,0.45,0.0
73770000,0.0,0.9440314641410434,0.0,1,0.45,0.0
73780000,0.0,0.9529793415172216,0.0,1,0.45,0.0
73790000,0.0,0.9611654217888544,0.0,1,0.45,0.0
73800000,0.0,0.9685831611286264,0.0,1,0.45,0.0
73810000,0.0,0.9752266299092255,0.0,1,0.45,0.0
73820000,0.0,0.9810905174433359,0.0,1,0.45,0.0
73830000,0.0,0.9861701362289856,0.0,1,0.45,0.0
73840000,0.0,0.9904614256966525,0.0,1,0.45,0.0
73850000,0.0,0.9939609554551807,0.0,1,0.45,0.0
73860000,0.0,0.9966659280340283,0.0,1,0.45,0.0
73870000,0.0,0.9985741811195102,0.0,1,0.45,0.0
73880000,0.0,0.9996841892832995,0.0,1,0.45,0.0
73890000,0.0,0.9999950652018582,0.0,1,0.45,0.0
73900000,0.0,0.9995065603657313,0.0,1,0.45,0.0
73910000,0.0,0.9982190652782129,0.0,1,0.45,0.0
73920000,0.0,0.9961336091431716,0.0,1,0.45,0.0
73930000,0.0,0.9932518590423383,0.0,1,0.45,0.0
73940000,0.0,0.9895761186026537,0.0,1,0.45,0.0
73950000,0.0,0.9851093261547723,0.0,1,0.45,0.0
73960000,0.0,0.979855052384245,0.0,1,0.45,0.0
73970000,0.0,0.9738174974771332,0.0,1,0.45,0.0
73980000,0.0,0.9670014877624327,0.0,1,0.45,0.0
73990000,0.0,0.9594124718540481,0.0,1,0.45,0.0
74000000,0.0,0.9510565162951594,0.0,1,0.45,0.0
74010000,0.0,0.9419403007087874,0.0,1,0.45,0.0
74020000,0.0,0.9320711124582177,0.0,1,0.45,0.0
74030000,0.0,0.9214568408215057,0.0,1,0.45,0.0
74040000,0.0,0.9101059706849917,0.0,1,0.45,0.0
74050000,0.0,0.8980275757606239,0.0,1,0.45,0.0
74060000,0.0,0.8852313113324507,0.0,1,0.45,0.0
74070000,0.0,0.8717274065385041,0.0,1,0.45,0.0
74080000,0.0,0.8575266561936619,0.0,1,0.45,0.0
74090000,0.0,0.842640412160427,0.0,1,0.45,0.0
74100000,0.0,0.8270805742745563,0.0,1,0.45,0.0
74110000,0.0,0.8108595808323844,0.0,1,0.45,0.0
74120000,0.0,0.7939903986478294,0.0,1,0.45,0.0
74130000,0.0,0.7764865126870903,0.0,1,0.45,0.0
74140000,0.0,0.758361915288734,0.0,1,0.45,0.0
74150000,0.0,0.739631094978603,0.0,1,0.45,0.0
74160000,0.0,0.7203090248879197,0.0,1,0.45,0.0
74170000,0.0,0.7004111507837993,0.0,1,0.45,0.0
74180000,0.0,0.6799533787224119,0.0,1,0.45,0.0
74190000,0.0,0.6589520623337308,0.0,1,0.45,0.0
74200000,0.0,0.6374239897486821,0.0,1,0.45,0.0
74210000,0.0,0.6153863701791636,0.0,1,0.45,0.0
74220000,0.0,0.5928568201610741,0.0,1,0.45,0.0
74230000,0.0,0.5698533494719156,0.0,1,0.45,0.0
74240000,0.0,0.5463943467342846,0.0,1,0.45,0.0
74250000,0.0,0.5224985647159646,0.0,1,0.45,0.0
74260000,0.0,0.4981851053394821,0.0,1,0.45,0.0
74270000,0.0,0.4734734044123283,0.0,1,0.45,0.0
74280000,0.0,0.44838321609004866,0.0,1,0.45,0.0
74290000,0.0,0.42293459708529413,0.0,1,0.45,0.0
74300000,0.0,0.39714789063479744,0.0,1,0.45,0.0
74310000,0.0,0.37104371023704164,0.0,1,0.45,0.0
74320000,0.0,0.34464292317450756,0.0,1,0.45,0.0
74330000,0.0,0.31796663383242824,0.0,1,0.45,0.0
74340000,0.0,0.2910361668282621,0.0,1,0.45,0.0
74350000,0.0,0.2638730499653631,0.0,1,0.45,0.0
74360000,0.0,0.23649899702374239,0.0,1,0.45,0.0
74370000,0.0,0.2089358904024017,0.0,1,0.45,0.0
74380000,0.0,0.18120576362715524,0.0,1,0.45,0.0
74390000,0.0,0.1533307837369786,0.0,1,0.45,0.0
74400000,0.0,0.12533323356429404,0.0,1,0.45,0.0
74410000,0.0,0.09723549392241737,0.0,1,0.45,0.0
74420000,0.0,0.06906002571439551,0.0,1,0.45,0.0
74430000,0.0,0.040829351978499684,0.0,1,0.45,0.0
74440000,0.0,0.012566039883370688,0.0,1,0.45,0.0
74450000,0.0,-0.01570731731183103,0.0,1,0.45,0.0
74460000,0.0,-0.04396811831787527,0.0,1,0.45,0.0
74470000,0.0,-0.07219377188284262,0.0,1,0.45,0.0
74480000,0.0,-0.10036171485122525,0.0,1,0.45,0.0
74490000,0.0,-0.128449430200285,0.0,1,0.45,0.0
74500000,0.0,-0.1564344650402131,0.0,1,0.45,0.0
74510000,0.0,-0.1842944485623436,0.0,1,0.45,0.0
74520000,0.0,-0.2120071099220371,0.0,1,0.45,0.0
74530000,0.0,-0.23955029604190442,0.0,1,0.45,0.0
74540000,0.0,-0.26690198932038567,0.0,1,0.45,0.0
74550000,0.0,-0.29404032523228685,0.0,1,0.45,0.0
74560000,0.0,-0.3209436098072195,0.0,1,0.45,0.0
74570000,0.0,-0.3475903369710469,0.0,1,0.45,0.0
74580000,0.0,-0.3739592057377839,0.0,1,0.45,0.0
74590000,0.0,-0.40002913723727446,0.0,1,0.45,0.0
74600000,0.0,-0.42577929156508226,0.0,1,0.45,0.0
74610000,0.0,-0.45118908444182915,0.0,1,0.45,0.0
74620000,0.0,-0.47623820366794845,0.0,1,0.45,0.0
74630000,0.0,-0.5009066253606945,0.0,1,0.45,0.0
74640000,0.0,-0.5251746299612806,0.0,1,0.45,0.0
74650000,0.0,-0.5490228179981407,0.0,1,0.45,0.0
74660000,0.0,-0.5724321255945763,0.0,1,0.45,0.0
74670000,0.0,-0.5953838397083635,0.0,1,0.45,0.0
74680000,0.0,-0.6178596130903428,0.0,1,0.45,0.0
74690000,0.0,-0.6398414789511648,0.0,1,0.45,0.0
74700000,0.0,-0.6613118653236599,0.0,1,0.45,0.0
74710000,0.0,-0.6822536091094044,0.0,1,0.45,0.0
74720000,0.0,-0.7026499697988366,0.0,1,0.45,0.0
74730000,0.0,-0.7224846428533573,0.0,1,0.45,0.0
74740000,0.0,-0.7417417727387274,0.0,1,0.45,0.0
74750000,0.0,-0.7604059656000195,0.0,1,0.45,0.0
74760000,0.0,-0.7784623015670302,0.0,1,0.45,0.0
74770000,0.0,-0.7958963466810053,0.0,1,0.45,0.0
74780000,0.0,-0.8126941644330837,0.0,1,0.45,0.0
74790000,0.0,-0.828842326904768,0.0,1,0.45,0.0
74800000,0.0,-0.8443279255020057,0.0,1,0.45,0.0
74810000,0.0,-0.859138581274278,0.0,1,0.45,0.0
74820000,0.0,-0.8732624548099255,0.0,1,0.45,0.0
74830000,0.0,-0.8866882557005484,0.0,1,0.45,0.0
74840000,0.0,-0.8994052515663759,0.0,1,0.45,0.0
74850000,0.0,-0.9114032766354497,0.0,1,0.45,0.0
74860000,0.0,-0.9226727398701081,0.0,1,0.45,0.0
74870000,0.0,-0.9332046326339025,0.0,1,0.45,0.0
74880000,0.0,-0.9429905358928587,0.0,1,0.45,0.0
74890000,0.0,-0.9520226269456713,0.0,1,0.45,0.0
74900000,0.0,-0.9602936856769462,0.0,1,0.45,0.0
74910000,0.0,-0.9677971003288611,0.0,1,0.45,0.0
74920000,0.0,-0.9745268727865732,0.0,1,0.45,0.0
74930000,0.0,-0.9804776233729466,0.0,1,0.45,0.0
74940000,0.0,-0.9856445951489952,0.0,1,0.45,0.0
74950000,0.0,-0.9900236577165591,0.0,1,0.45,0.0
74960000,0.0,-0.9936113105200097,0.0,1,0.45,0.0
74970000,0.0,-0.996404685644591,0.0,1,0.45,0.0
74980000,0.0,-0.9984015501089757,0.0,1,0.45,0.0
74990000,0.0,-0.9996003076502561,0.0,1,0.45,0.0
