TimeUS,PLX,PLY,PLZ,SW,F,P
220477674,-0.046465273946523666,0.017855608835816383,4.824393272399902,0,0.6000000238418579,-10383708.0
220488323,-0.044547613710165024,0.25562819838523865,4.761887073516846,0,0.6000000238418579,-10383708.0
220498029,-0.40236714482307434,0.3861379623413086,4.589635848999023,0,0.6000000238418579,-10383708.0
220507641,-0.23146145045757294,0.1194547638297081,4.617603778839111,0,0.6000000238418579,-10383708.0
220517717,0.06098939850926399,0.26276758313179016,4.810948371887207,0,0.6000000238418579,-10383708.0
220527624,-0.14657337963581085,0.4572877883911133,4.582762241363525,0,0.6000000238418579,-10383708.0
220537923,-0.22274447977542877,0.5417242050170898,4.6620330810546875,0,0.6000000238418579,-10383708.0
220547920,0.038957878947257996,0.6667488813400269,4.780571937561035,0,0.6000000238418579,-10383708.0
220557671,-0.14697185158729553,0.46963486075401306,4.788139343261719,0,0.6000000238418579,-10383708.0
220567556,-0.2542104125022888,0.5905510783195496,4.827178001403809,0,0.6000000238418579,-10383708.0
220577649,-0.2515943944454193,0.844494640827179,4.937619686126709,0,0.6000000238418579,-10383708.0
220587913,-0.11497512459754944,0.33003437519073486,4.997495651245117,0,0.6000000238418579,-10383708.0
220597976,-0.05111464858055115,0.16714119911193848,5.106168270111084,0,0.6000000238418579,-10383708.0
220607640,-0.15978243947029114,0.62945157289505,5.015113830566406,0,0.6000000238418579,-10383708.0
220617725,-0.18630439043045044,0.3660338222980499,4.964047431945801,0,0.6000000238418579,-10383708.0
220627666,-0.1241895779967308,0.002809452125802636,4.8893866539001465,0,0.6000000238418579,-10383708.0
220637901,-0.3231632113456726,0.3983931243419647,4.864264488220215,0,0.6000000238418579,-10383708.0
220647834,-0.5804705619812012,0.37166455388069153,4.758836269378662,0,0.6000000238418579,-10383708.0
220657656,-0.24063077569007874,0.17646098136901855,5.061399459838867,0,0.6000000238418579,-10383708.0
220667659,-0.14068463444709778,0.45900681614875793,5.216175079345703,0,0.6000000238418579,-10383708.0
220677664,-0.42758846282958984,0.6923535466194153,5.03234338760376,0,0.6000000238418579,-10383708.0
220688309,-0.1273912787437439,0.6053223609924316,5.090014934539795,0,0.6000000238418579,-10383708.0
220698046,-0.08535757660865784,0.7192283868789673,5.01064395904541,0,0.6000000238418579,-10383708.0
220707664,-0.4915580153465271,0.741280734539032,4.847275733947754,0,0.6000000238418579,-10383708.0
220717726,-0.27432218194007874,0.3636692464351654,5.123154640197754,0,0.6000000238418579,-10383708.0
220727649,-0.2613558769226074,0.08566069602966309,5.169684886932373,0,0.6000000238418579,-10383708.0
220737927,-0.2475682646036148,0.23349140584468842,5.153774738311768,0,0.6000000238418579,-10383708.0
220747959,-0.21600507199764252,0.20881511270999908,5.235010147094727,0,0.6000000238418579,-10383708.0
220757661,-0.33271723985671997,0.21055446565151215,5.0226359367370605,0,0.6000000238418579,-10383708.0
220767648,-0.40962857007980347,0.15001915395259857,4.962815284729004,0,0.6000000238418579,-10383708.0
220777655,-0.5981446504592896,0.15042845904827118,5.014952182769775,0,0.6000000238418579,-10383708.0
220787945,-0.8292793035507202,0.2970247268676758,4.999009609222412,0,0.6000000238418579,-10383708.0
220797997,-0.5480865836143494,0.35183635354042053,5.277652740478516,0,0.6000000238418579,-10383708.0
220807648,-0.5501419901847839,0.3844139873981476,5.234595775604248,0,0.6000000238418579,-10383708.0
220817738,-0.6014081835746765,0.7195927500724792,5.087794303894043,0,0.6000000238418579,-10383708.0
220827572,-0.2537803053855896,0.7038994431495667,5.109226226806641,0,0.6000000238418579,-10383708.0
220837920,-0.33814018964767456,0.22013850510120392,5.034852027893066,0,0.6000000238418579,-10383708.0
220847881,-0.559463620185852,0.3789783716201782,5.118850231170654,0,0.6000000238418579,-10383708.0
220857651,-0.5028367638587952,0.5454290509223938,5.260378837585449,0,0.6000000238418579,-10383708.0
220867631,-0.5782985091209412,0.05217475816607475,5.188289642333984,0,0.6000000238418579,-10383708.0
220877676,-0.4253341555595398,0.012292732484638691,5.1941447257995605,0,0.6000000238418579,-10383708.0
220888323,-0.579671323299408,0.3460206091403961,5.052241802215576,0,0.6000000238418579,-10383708.0
220897997,-0.7068180441856384,0.21728798747062683,4.895533084869385,0,0.6000000238418579,-10383708.0
220907643,-0.3859006464481354,-0.04063848406076431,5.1330389976501465,0,0.6000000238418579,-10383708.0
220917710,-0.6882364153862,0.2046760618686676,5.150106430053711,0,0.6000000238418579,-10383708.0
220927667,-0.9900608062744141,0.5351409316062927,5.072046279907227,0,0.6000000238418579,-10383708.0
220937937,-0.5549293160438538,0.19161930680274963,5.258670806884766,0,0.6000000238418579,-10383708.0
220947951,-0.4631994366645813,0.1989315003156662,5.1025519371032715,0,0.6000000238418579,-10383692.0
220957667,-0.6940199732780457,0.24913626909255981,4.8064446449279785,0,0.6000000238418579,-10383692.0
220967620,-0.489701509475708,0.06502082198858261,4.891036033630371,0,0.6000000238418579,-10383692.0
220977697,-0.4971849322319031,-0.003913371358066797,4.934447765350342,0,0.6000000238418579,-10383692.0
220987941,-0.651512086391449,-0.06740003079175949,5.013964653015137,0,0.6000000238418579,-10383692.0
220997968,-0.6463267803192139,-0.049730829894542694,5.177104949951172,0,0.6000000238418579,-10383692.0
221007667,-0.8749393224716187,0.1403786689043045,4.961312770843506,0,0.6000000238418579,-10383692.0
221017672,-0.6837186813354492,-0.27522677183151245,4.835477828979492,0,0.6000000238418579,-10383692.0
221027632,-0.5402973294258118,-0.4122132956981659,4.8501362800598145,0,0.6000000238418579,-10383692.0
221037918,-1.0046015977859497,0.2737274169921875,4.543042182922363,0,0.6000000238418579,-10383692.0
221047900,-0.7713054418563843,0.4269600212574005,4.770502090454102,0,0.6000000238418579,-10383692.0
221057686,-0.6197941899299622,0.05312148109078407,4.899929046630859,0,0.6000000238418579,-10383692.0
221067653,-0.9920145273208618,0.3746042847633362,4.709199905395508,0,0.6000000238418579,-10383692.0
221077744,-0.8559098243713379,0.3753308057785034,4.709284782409668,0,0.6000000238418579,-10383692.0
221088267,-0.5583981275558472,-0.26000067591667175,4.619232177734375,0,0.6000000238418579,-10383692.0
221098074,-0.7410075068473816,0.05205446854233742,4.473672866821289,0,0.6000000238418579,-10383692.0
221107638,-0.7343788743019104,0.28068169951438904,4.439242839813232,0,0.6000000238418579,-10383692.0
221117721,-0.7323169708251953,-0.04943070188164711,4.514846324920654,0,0.6000000238418579,-10383692.0
221127567,-0.6981090307235718,-0.10543332248926163,4.572403430938721,0,0.6000000238418579,-10383692.0
221138032,-0.7388630509376526,-0.06600627303123474,4.611933708190918,0,0.6000000238418579,-10383692.0
221147853,-1.025681495666504,-0.16211257874965668,4.409316539764404,0,0.6000000238418579,-10383692.0
221157680,-0.9421103596687317,-0.026099160313606262,4.273000240325928,0,0.6000000238418579,-10383692.0
221167629,-0.6549128293991089,0.0256178118288517,4.165731430053711,0,0.6000000238418579,-10383692.0
221177664,-0.7998262643814087,0.1421934813261032,4.0827436447143555,0,0.6000000238418579,-10383692.0
221187939,-0.8014780879020691,0.4458302855491638,4.14412260055542,0,0.6000000238418579,-10383692.0
221197921,-0.6113088726997375,0.3405761420726776,4.462696075439453,0,0.6000000238418579,-10383692.0
221207566,-0.6929392218589783,0.15211644768714905,4.559927940368652,0,0.6000000238418579,-10383692.0
221217673,-0.9341233968734741,0.4530895948410034,4.527299880981445,0,0.6000000238418579,-10383692.0
221227621,-0.6870409250259399,0.37795189023017883,4.624533176422119,0,0.6000000238418579,-10383692.0
221237960,-0.766897439956665,-0.0630064457654953,4.487334728240967,0,0.6000000238418579,-10383692.0
221247957,-0.6599610447883606,0.13087481260299683,4.4323835372924805,0,0.6000000238418579,-10383692.0
221257662,-0.5280236005783081,0.2688988447189331,4.442470073699951,0,0.6000000238418579,-10383692.0
221267666,-0.6810526847839355,-0.18160144984722137,4.2977495193481445,0,0.6000000238418579,-10383692.0
221277681,-0.703804075717926,-0.14278607070446014,4.4124860763549805,0,0.6000000238418579,-10383692.0
221288311,-0.8064612746238708,0.1294041872024536,4.41270637512207,0,0.6000000238418579,-10383692.0
221298035,-0.7207669615745544,-0.09702330827713013,4.512729644775391,0,0.6000000238418579,-10383692.0
221307610,-0.48623597621917725,-0.19395892322063446,4.6342010498046875,0,0.6000000238418579,-10383692.0
221317682,-0.8118179440498352,0.19334952533245087,4.468708515167236,0,0.6000000238418579,-10383692.0
221327664,-0.7794070839881897,0.22371314465999603,4.378553867340088,0,0.6000000238418579,-10383692.0
221337960,-0.5933550000190735,-0.05563587322831154,4.528354167938232,0,0.6000000238418579,-10383692.0
221347998,-0.9319977760314941,0.2878919541835785,4.382068157196045,0,0.6000000238418579,-10383692.0
221357717,-0.9329701662063599,0.4770124554634094,4.443903923034668,0,0.6000000238418579,-10383692.0
221367619,-0.5789589881896973,-0.06534206122159958,4.727038860321045,0,0.6000000238418579,-10383692.0
221377673,-0.8096768856048584,0.11590469628572464,4.504572868347168,0,0.6000000238418579,-10383692.0
221387915,-0.7113290429115295,0.3950897753238678,4.5280280113220215,0,0.6000000238418579,-10383692.0
221397923,-0.4529837965965271,0.016885431483387947,4.562026500701904,0,0.6000000238418579,-10383692.0
221407612,-0.6026902794837952,-0.06625665724277496,4.4929962158203125,0,0.6000000238418579,-10383692.0
221417690,-0.7196096777915955,0.2342759072780609,4.589318752288818,0,0.6000000238418579,-10383692.0
221427630,-0.6877630352973938,0.10029132664203644,4.72252893447876,0,0.6000000238418579,-10383692.0
221437971,-0.6921682357788086,0.029640616849064827,4.761106491088867,0,0.6000000238418579,-10383692.0
221447857,-0.625328779220581,0.09031261503696442,4.648622035980225,0,0.6000000238418579,-10383692.0
221457695,-0.6267033815383911,-0.0971410870552063,4.495298385620117,0,0.6000000238418579,-10383692.0
221467646,-0.4918177127838135,-0.27216988801956177,4.386233806610107,0,0.6000000238418579,-10383692.0
221477661,-0.5239050984382629,-0.21097369492053986,4.387610912322998,0,0.6000000238418579,-10383692.0
221488302,-0.7582346200942993,-0.08896184712648392,4.440201759338379,0,0.6000000238418579,-10383692.0
221498011,-0.8322239518165588,0.1846896857023239,4.577834129333496,0,0.6000000238418579,-10383692.0
221507631,-0.6180881261825562,0.15792669355869293,4.710239887237549,0,0.6000000238418579,-10383692.0
221517691,-0.7014262676239014,0.008913425728678703,4.619614601135254,0,0.6000000238418579,-10383692.0
221527554,-0.6513603329658508,0.08680164813995361,4.508402347564697,0,0.6000000238418579,-10383692.0
221537898,-0.3471902906894684,-0.009387734346091747,4.594250679016113,0,0.6000000238418579,-10383692.0
221547913,-0.6028227806091309,-0.15156403183937073,4.482844829559326,0,0.6000000238418579,-10383692.0
221557684,-0.6702859997749329,0.1404816061258316,4.508528709411621,0,0.6000000238418579,-10383692.0
221567621,-0.45478489995002747,0.2304566204547882,4.6303205490112305,0,0.6000000238418579,-10383692.0
221577671,-0.6370923519134521,-0.08572238683700562,4.393296718597412,0,0.6000000238418579,-10383692.0
221587930,-0.6707959175109863,-0.05497313663363457,4.369274616241455,0,0.6000000238418579,-10383692.0
221597959,-0.5840756297111511,0.1282036304473877,4.35483980178833,0,0.6000000238418579,-10383692.0
221607638,-0.6924821138381958,-0.18432660400867462,4.2928876876831055,0,0.6000000238418579,-10383692.0
221617708,-0.5549550652503967,-0.38528335094451904,4.485711097717285,0,0.6000000238418579,-10383692.0
221627636,-0.637079119682312,-0.09294720739126205,4.452995777130127,0,0.6000000238418579,-10383692.0
221637959,-0.6871137619018555,-0.19246754050254822,4.42392635345459,0,0.6000000238418579,-10383692.0
221647919,-0.4813593924045563,-0.44969314336776733,4.5105299949646,0,0.6000000238418579,-10383692.0
221657642,-0.6526798605918884,0.020002344623208046,4.424015522003174,0,0.6000000238418579,-10383692.0
221667611,-0.7870714068412781,0.3063335716724396,4.337104320526123,0,0.6000000238418579,-10383692.0
221677692,-0.5740116834640503,-0.10854896157979965,4.43697452545166,0,0.6000000238418579,-10383692.0
221688305,-0.5869458913803101,0.04032137989997864,4.366702079772949,0,0.6000000238418579,-10383692.0
221698080,-0.7919438481330872,0.29582518339157104,4.291748046875,0,0.6000000238418579,-10383692.0
221707644,-0.49743160605430603,0.014699758030474186,4.347519397735596,0,0.6000000238418579,-10383692.0
221717665,-0.34082385897636414,0.09848682582378387,4.490091800689697,0,0.6000000238418579,-10383692.0
221727563,-0.5590538382530212,0.2640124559402466,4.341516494750977,0,0.6000000238418579,-10383692.0
221737947,-0.44342169165611267,0.13085933029651642,4.433957576751709,0,0.6000000238418579,-10383692.0
221747919,-0.28279033303260803,0.17329230904579163,4.51961088180542,0,0.6000000238418579,-10383692.0
221757697,-0.34392982721328735,-0.017350269481539726,4.495548248291016,0,0.6000000238418579,-10383692.0
221767672,-0.3676484227180481,-0.15391159057617188,4.519292831420898,0,0.6000000238418579,-10383692.0
221777684,-0.5184536576271057,0.12056121975183487,4.401119709014893,0,0.6000000238418579,-10383692.0
221787987,-0.591135561466217,-0.09424213320016861,4.300559043884277,0,0.6000000238418579,-10383692.0
221797920,-0.29270440340042114,-0.33501914143562317,4.430563926696777,0,0.6000000238418579,-10383692.0
221807627,-0.4199213683605194,0.11445124447345734,4.311464309692383,0,0.6000000238418579,-10383692.0
221817665,-0.51310795545578,0.18783365190029144,4.29564094543457,0,0.6000000238418579,-10383692.0
221827630,-0.29332271218299866,-0.17857687175273895,4.469870567321777,0,0.6000000238418579,-10383692.0
221837962,-0.6028458476066589,0.13578158617019653,4.4171247482299805,0,0.6000000238418579,-10383692.0
221847914,-0.6163403391838074,0.41308537125587463,4.456202983856201,0,0.6000000238418579,-10383692.0
221857643,-0.2159009873867035,0.02152244560420513,4.657622814178467,0,0.6000000238418579,-10383692.0
221867637,-0.3392133116722107,0.25121766328811646,4.539689064025879,0,0.6000000238418579,-10383692.0
221877684,-0.2507884204387665,0.5147377848625183,4.478982925415039,0,0.6000000238418579,-10383692.0
221888363,0.07958419620990753,-0.026374174281954765,4.519767761230469,0,0.6000000238418579,-10383692.0
221898496,-0.10767269879579544,0.023006197065114975,4.3255414962768555,0,0.6000000238418579,-10383692.0
221907666,-0.32009515166282654,0.3987943232059479,4.353899955749512,0,0.6000000238418579,-10383668.0
221917731,-0.23245348036289215,0.037697210907936096,4.399727821350098,0,0.6000000238418579,-10383668.0
221927637,-0.18233661353588104,-0.03566374257206917,4.4504899978637695,0,0.6000000238418579,-10383668.0
221937702,-0.26896488666534424,0.21888147294521332,4.377009391784668,0,0.6000000238418579,-10383668.0
221948089,-0.2132863998413086,0.006514611653983593,4.368256568908691,0,0.6000000238418579,-10383668.0
221957664,-0.13174530863761902,-0.3382527530193329,4.3891777992248535,0,0.6000000238418579,-10383668.0
221967648,-0.13920803368091583,-0.03858083114027977,4.440993785858154,0,0.6000000238418579,-10383668.0
221977673,-0.32120469212532043,0.2370804250240326,4.416616439819336,0,0.6000000238418579,-10383668.0
221987936,-0.3168397843837738,0.23419508337974548,4.517677307128906,0,0.6000000238418579,-10383668.0
221997966,-0.08768970519304276,0.24388669431209564,4.547001838684082,0,0.6000000238418579,-10383668.0
222007674,-0.2555292844772339,0.18935330212116241,4.499421119689941,0,0.6000000238418579,-10383668.0
222017680,-0.3334023058414459,0.24984733760356903,4.4056806564331055,0,0.6000000238418579,-10383668.0
222027628,-0.036526404321193695,0.35030245780944824,4.596195697784424,0,0.6000000238418579,-10383668.0
222037985,-0.12116169184446335,0.24626226723194122,4.537590503692627,0,0.6000000238418579,-10383668.0
222047925,-0.2533282935619354,0.3358936607837677,4.485712051391602,0,0.6000000238418579,-10383668.0
222057693,0.029957525432109833,0.5065929889678955,4.646459579467773,0,0.6000000238418579,-10383668.0
222067627,0.03229176625609398,0.09384608268737793,4.591428279876709,0,0.6000000238418579,-10383668.0
222077661,-0.02658637799322605,0.15829068422317505,4.5688090324401855,0,0.6000000238418579,-10383668.0
222088275,0.0008479926618747413,0.4220898449420929,4.595292568206787,0,0.6000000238418579,-10383668.0
222098014,-0.015776189044117928,0.07063005864620209,4.581191062927246,0,0.6000000238418579,-10383668.0
222107566,0.014321132563054562,-0.1720951646566391,4.658572196960449,0,0.6000000238418579,-10383668.0
222117685,-0.0998372733592987,0.3070807158946991,4.626237869262695,0,0.6000000238418579,-10383668.0
222127559,-0.2137724608182907,0.21420513093471527,4.532445430755615,0,0.6000000238418579,-10383668.0
222137894,0.03878024220466614,-0.20012947916984558,4.663866996765137,0,0.6000000238418579,-10383668.0
222147938,0.07112947106361389,0.06945235282182693,4.718253135681152,0,0.6000000238418579,-10383668.0
222157727,-0.061868924647569656,0.24567794799804688,4.7614288330078125,0,0.6000000238418579,-10383668.0
222167636,0.0979422777891159,-0.08856706321239471,4.845237731933594,0,0.6000000238418579,-10383668.0
222177647,0.1346917748451233,0.0838424563407898,4.836025238037109,0,0.6000000238418579,-10383668.0
222187984,-0.10294493287801743,0.22927966713905334,4.602062225341797,0,0.6000000238418579,-10383668.0
222197984,-0.007021594792604446,0.06872887164354324,4.570669174194336,0,0.6000000238418579,-10383668.0
222207650,0.17170029878616333,0.15935492515563965,4.621186256408691,0,0.6000000238418579,-10383668.0
222217694,-0.07528150081634521,0.26801732182502747,4.524545192718506,0,0.6000000238418579,-10383668.0
222227635,0.0023437535855919123,0.2434493899345398,4.62149715423584,0,0.6000000238418579,-10383668.0
222237991,0.24812202155590057,0.23209764063358307,4.743251323699951,0,0.6000000238418579,-10383668.0
222247911,0.06653822958469391,0.14698226749897003,4.584630489349365,0,0.6000000238418579,-10383668.0
222257761,0.10039170831441879,0.2095695286989212,4.54871940612793,0,0.6000000238418579,-10383668.0
222267626,0.22694456577301025,0.3399396240711212,4.582685470581055,0,0.6000000238418579,-10383668.0
222277682,0.1290942132472992,0.23627528548240662,4.460971832275391,0,0.6000000238418579,-10383668.0
222288292,0.15092428028583527,0.1810137927532196,4.539435386657715,0,0.6000000238418579,-10383668.0
222298036,0.0995899885892868,0.252949595451355,4.519069194793701,0,0.6000000238418579,-10383668.0
222307599,0.02629321999847889,-0.009161042049527168,4.514545440673828,0,0.6000000238418579,-10383668.0
222317658,0.1954677700996399,-0.3089563250541687,4.570943832397461,0,0.6000000238418579,-10383668.0
222327637,0.19008076190948486,0.14249132573604584,4.5404486656188965,0,0.6000000238418579,-10383668.0
222337949,0.08644498139619827,0.3824777901172638,4.452141761779785,0,0.6000000238418579,-10383668.0
222347902,0.25526732206344604,-0.03085101582109928,4.5321879386901855,0,0.6000000238418579,-10383668.0
222357680,0.17649860680103302,0.159329354763031,4.574995517730713,0,0.6000000238418579,-10383668.0
222367637,-0.12076524645090103,0.4176679849624634,4.5055012702941895,0,0.6000000238418579,-10383668.0
222377690,0.10949264466762543,-0.0665643960237503,4.577268600463867,0,0.6000000238418579,-10383668.0
222387914,0.26192647218704224,0.027402618899941444,4.658504962921143,0,0.6000000238418579,-10383668.0
222398043,-0.02226991578936577,0.5462499856948853,4.416747093200684,0,0.6000000238418579,-10383668.0
222407628,0.20599912106990814,0.4736495912075043,4.533604621887207,0,0.6000000238418579,-10383668.0
222417738,0.4656094014644623,0.41089704632759094,4.6774678230285645,0,0.6000000238418579,-10383668.0
222427625,0.06759026646614075,0.6190062761306763,4.565664291381836,0,0.6000000238418579,-10383668.0
222437957,0.053273823112249374,0.40703293681144714,4.688826560974121,0,0.6000000238418579,-10383668.0
222447870,0.1985749453306198,0.1589246690273285,4.737701892852783,0,0.6000000238418579,-10383668.0
222457689,0.1049564853310585,0.13627733290195465,4.571422100067139,0,0.6000000238418579,-10383668.0
222467621,0.16863754391670227,0.1104782447218895,4.552181243896484,0,0.6000000238418579,-10383668.0
222477729,0.15159808099269867,0.23041054606437683,4.443277835845947,0,0.6000000238418579,-10383668.0
222488282,0.08783130347728729,0.35352081060409546,4.387719631195068,0,0.6000000238418579,-10383668.0
222498091,0.2698882818222046,-0.06208280473947525,4.532114505767822,0,0.6000000238418579,-10383668.0
222507643,0.10828261822462082,0.118857242166996,4.499090671539307,0,0.6000000238418579,-10383668.0
222517671,-0.07117728143930435,0.562873125076294,4.429417610168457,0,0.6000000238418579,-10383668.0
222527629,0.15111401677131653,0.19882896542549133,4.487016201019287,0,0.6000000238418579,-10383668.0
222537977,0.18382592499256134,0.19917422533035278,4.487061023712158,0,0.6000000238418579,-10383668.0
222547922,-0.12133469432592392,0.7348979115486145,4.399945259094238,0,0.6000000238418579,-10383668.0
222557697,0.022632192820310593,0.5200164318084717,4.494499683380127,0,0.6000000238418579,-10383668.0
222567626,0.2757446765899658,0.30623024702072144,4.678056716918945,0,0.6000000238418579,-10383668.0
222577653,0.005027576815336943,0.6308436393737793,4.504474639892578,0,0.6000000238418579,-10383668.0
222587928,0.0027946853078901768,0.5011965036392212,4.447873592376709,0,0.6000000238418579,-10383668.0
222597981,0.20139101147651672,0.06931667029857635,4.471191883087158,0,0.6000000238418579,-10383668.0
222607677,-0.005912017077207565,0.2778796851634979,4.281009197235107,0,0.6000000238418579,-10383668.0
222617708,0.09943080693483353,0.373828262090683,4.35948371887207,0,0.6000000238418579,-10383668.0
222627650,0.15374331176280975,0.21085642278194427,4.4644646644592285,0,0.6000000238418579,-10383668.0
222637966,0.08197811990976334,0.35477226972579956,4.439246654510498,0,0.6000000238418579,-10383668.0
222647863,0.15955285727977753,0.19091971218585968,4.529723167419434,0,0.6000000238418579,-10383668.0
222657722,0.019161388278007507,0.19562079012393951,4.476655960083008,0,0.6000000238418579,-10383668.0
222667627,-0.1429048627614975,0.4273177981376648,4.3702168464660645,0,0.6000000238418579,-10383668.0
222677676,0.13349021971225739,0.13993756473064423,4.526520252227783,0,0.6000000238418579,-10383668.0
222688431,0.08773580938577652,0.15328174829483032,4.48013162612915,0,0.6000000238418579,-10383668.0
222698030,0.03518356382846832,0.6549136638641357,4.372758388519287,0,0.6000000238418579,-10383668.0
222707562,0.2308315485715866,0.4315755367279053,4.413590908050537,0,0.6000000238418579,-10383668.0
222717669,0.10689054429531097,0.32560446858406067,4.347390651702881,0,0.6000000238418579,-10383668.0
222727628,-0.14763283729553223,0.802497148513794,4.338793754577637,0,0.6000000238418579,-10383668.0
222737921,0.05447520688176155,0.687956690788269,4.533241271972656,0,0.6000000238418579,-10383668.0
222747864,0.1351584494113922,0.2249489724636078,4.64149808883667,0,0.6000000238418579,-10383668.0
222757736,0.051819875836372375,0.470133513212204,4.538815021514893,0,0.6000000238418579,-10383668.0
222767637,0.17050574719905853,0.47258350253105164,4.549194812774658,0,0.6000000238418579,-10383668.0
222777739,0.15984366834163666,0.008994784206151962,4.344590663909912,0,0.6000000238418579,-10383668.0
222787929,0.1044434905052185,0.11664441227912903,4.3819260597229,0,0.6000000238418579,-10383668.0
222797966,0.09036850184202194,0.5066912770271301,4.487237930297852,0,0.6000000238418579,-10383668.0
222807623,0.009296179749071598,0.19316495954990387,4.531484603881836,0,0.6000000238418579,-10383668.0
222817725,0.25777342915534973,-0.0041562821716070175,4.707521438598633,0,0.6000000238418579,-10383668.0
222827665,0.11798211932182312,0.21059592068195343,4.631130218505859,0,0.6000000238418579,-10383668.0
222837983,-0.05473432317376137,0.11828996241092682,4.432327747344971,0,0.6000000238418579,-10383668.0
222847932,0.00836868304759264,-0.014255410991609097,4.471781253814697,0,0.6000000238418579,-10383668.0
222857674,0.04727650433778763,0.302297979593277,4.4633965492248535,0,0.6000000238418579,-10383668.0
222867641,-0.09900835901498795,0.46094316244125366,4.4704909324646,0,0.6000000238418579,-10383668.0
222877657,0.05050845071673393,0.3562774956226349,4.5554585456848145,0,0.6000000238418579,-10383668.0
222888353,0.08416049927473068,0.31223374605178833,4.618568420410156,0,0.6000000238418579,-10383668.0
222898029,-0.07875054329633713,0.1954084187746048,4.4606781005859375,0,0.6000000238418579,-10383668.0
222907638,-0.26782968640327454,0.6221114993095398,4.4866156578063965,0,0.6000000238418579,-10383629.0
222917702,-0.04051867872476578,0.8431800603866577,4.4882307052612305,0,0.6000000238418579,-10383629.0
222927623,0.15348787605762482,0.2470042109489441,4.6549859046936035,0,0.6000000238418579,-10383629.0
222937967,0.08170504868030548,0.25474685430526733,4.574550151824951,0,0.6000000238418579,-10383629.0
222947913,-0.023868178948760033,0.7343029379844666,4.528444290161133,0,0.6000000238418579,-10383629.0
222957663,0.1411549150943756,0.27666085958480835,4.519946098327637,0,0.6000000238418579,-10383629.0
222967617,-0.01950805075466633,0.13915382325649261,4.457393169403076,0,0.6000000238418579,-10383629.0
222977647,-0.13177253305912018,0.55918949842453,4.360713005065918,0,0.6000000238418579,-10383629.0
222987951,-0.18332672119140625,0.3425527811050415,4.395392894744873,0,0.6000000238418579,-10383629.0
222997984,-0.02884308435022831,0.004070890136063099,4.473012447357178,0,0.6000000238418579,-10383629.0
223007628,-0.10411109775304794,0.16265299916267395,4.4585442543029785,0,0.6000000238418579,-10383629.0
223017728,-0.15678884088993073,0.16337242722511292,4.393454551696777,0,0.6000000238418579,-10383629.0
223027703,-0.10317939519882202,0.0864245742559433,4.352038383483887,0,0.6000000238418579,-10383629.0
223037946,-0.04886719956994057,0.25920969247817993,4.385919570922852,0,0.6000000238418579,-10383629.0
223047924,-0.20717450976371765,0.3328268826007843,4.414158821105957,0,0.6000000238418579,-10383629.0
223057658,-0.39127928018569946,0.413065642118454,4.457675933837891,0,0.6000000238418579,-10383629.0
223067646,-0.2767460346221924,0.4362391233444214,4.6083784103393555,0,0.6000000238418579,-10383629.0
223077734,-0.24671080708503723,0.28083473443984985,4.561793327331543,0,0.6000000238418579,-10383629.0
223088336,-0.4087144136428833,0.44798582792282104,4.382575988769531,0,0.6000000238418579,-10383629.0
223098067,-0.1149500384926796,0.741908073425293,4.435929298400879,0,0.6000000238418579,-10383629.0
223107625,-0.09171508252620697,0.31931620836257935,4.496072769165039,0,0.6000000238418579,-10383629.0
223117687,-0.22406800091266632,0.22005316615104675,4.533361434936523,0,0.6000000238418579,-10383629.0
223127639,-0.2525360584259033,0.5536626577377319,4.730869293212891,0,0.6000000238418579,-10383629.0
223138037,-0.3166474997997284,0.28958559036254883,4.6655168533325195,0,0.6000000238418579,-10383629.0
223147942,-0.20767055451869965,0.0017391343135386705,4.585015296936035,0,0.6000000238418579,-10383629.0
223157667,-0.2299344390630722,0.34303921461105347,4.404261589050293,0,0.6000000238418579,-10383629.0
223167623,-0.2754439413547516,0.2975353002548218,4.278590202331543,0,0.6000000238418579,-10383629.0
223177680,-0.12895391881465912,-0.11689901351928711,4.36635684967041,0,0.6000000238418579,-10383629.0
223187924,-0.1373232901096344,0.12690962851047516,4.493487358093262,0,0.6000000238418579,-10383629.0
223197982,-0.40037110447883606,0.3951027989387512,4.395651340484619,0,0.6000000238418579,-10383629.0
223207643,-0.4243966341018677,0.07408300787210464,4.368468284606934,0,0.6000000238418579,-10383629.0
223217682,-0.22057309746742249,0.24140718579292297,4.2713141441345215,0,0.6000000238418579,-10383629.0
223227643,-0.4205965995788574,0.5199618935585022,4.133050441741943,0,0.6000000238418579,-10383629.0
223238015,-0.5884738564491272,0.47808757424354553,4.096198558807373,0,0.6000000238418579,-10383629.0
223247636,-0.3976547420024872,0.48153746128082275,4.336320877075195,0,0.6000000238418579,-10383629.0
223258002,-0.4885422885417938,0.41263189911842346,4.466651916503906,0,0.6000000238418579,-10383629.0
223267622,-0.6141276359558105,0.3914976119995117,4.510679244995117,0,0.6000000238418579,-10383629.0
223277672,-0.3598508834838867,0.4049200117588043,4.567457675933838,0,0.6000000238418579,-10383629.0
223288362,-0.27625957131385803,0.2574675679206848,4.459239482879639,0,0.6000000238418579,-10383629.0
223297665,-0.44751352071762085,0.18244101107120514,4.243388652801514,0,0.6000000238418579,-10383629.0
223307935,-0.35054001212120056,0.43928858637809753,4.3342485427856445,0,0.6000000238418579,-10383629.0
223317665,-0.3538671135902405,0.32870247960090637,4.367473602294922,0,0.6000000238418579,-10383629.0
223327621,-0.41108056902885437,-0.11564726382493973,4.52382755279541,0,0.6000000238418579,-10383629.0
223338005,-0.4880545139312744,-0.0050786263309419155,4.619866847991943,0,0.6000000238418579,-10383629.0
223347556,-0.5465778112411499,0.24423691630363464,4.445449352264404,0,0.6000000238418579,-10383629.0
223358077,-0.26912423968315125,-0.11080456525087357,4.40802001953125,0,0.6000000238418579,-10383629.0
223367652,-0.12423208355903625,0.016529301181435585,4.422203540802002,0,0.6000000238418579,-10383629.0
223377711,-0.381441205739975,0.38028714060783386,4.341318130493164,0,0.6000000238418579,-10383629.0
223387863,-0.3352028727531433,0.0002716616727411747,4.511225700378418,0,0.6000000238418579,-10383629.0
223397622,-0.2816588878631592,-0.14427880942821503,4.648354530334473,0,0.6000000238418579,-10383629.0
223407924,-0.5786349773406982,0.4166228771209717,4.562404155731201,0,0.6000000238418579,-10383629.0
223417667,-0.5341345071792603,0.4195111393928528,4.547468185424805,0,0.6000000238418579,-10383629.0
223427555,-0.17994864284992218,0.20574435591697693,4.60600471496582,0,0.6000000238418579,-10383629.0
223437952,-0.34166818857192993,0.4844569265842438,4.472329139709473,0,0.6000000238418579,-10383629.0
223447620,-0.46421748399734497,0.5187024474143982,4.426698207855225,0,0.6000000238418579,-10383629.0
223457921,-0.23775921761989594,0.1982312947511673,4.612932205200195,0,0.6000000238418579,-10383629.0
223467626,-0.34054887294769287,0.18684284389019012,4.634037971496582,0,0.6000000238418579,-10383629.0
223477668,-0.48606085777282715,0.2881627678871155,4.56032657623291,0,0.6000000238418579,-10383629.0
223488321,-0.2650972604751587,0.21784058213233948,4.5756731033325195,0,0.6000000238418579,-10383629.0
223497748,-0.3202795684337616,0.3144413232803345,4.404350757598877,0,0.6000000238418579,-10383629.0
223507956,-0.390754759311676,0.24123115837574005,4.272845268249512,0,0.6000000238418579,-10383629.0
223517696,-0.48782941699028015,0.1543196439743042,4.329365253448486,0,0.6000000238418579,-10383629.0
223527666,-0.5466355681419373,0.11305087804794312,4.318977355957031,0,0.6000000238418579,-10383629.0
223537960,-0.5194324851036072,-0.09074395895004272,4.388797283172607,0,0.6000000238418579,-10383629.0
223547536,-0.5701876878738403,-0.02728496678173542,4.405612468719482,0,0.6000000238418579,-10383629.0
223558082,-0.6903235912322998,0.3073177635669708,4.261564254760742,0,0.6000000238418579,-10383629.0
223567674,-0.49509626626968384,0.2664586305618286,4.338078022003174,0,0.6000000238418579,-10383629.0
223577720,-0.48036500811576843,0.0890318974852562,4.325167179107666,0,0.6000000238418579,-10383629.0
223587941,-0.7525507807731628,0.4831732213497162,4.253183364868164,0,0.6000000238418579,-10383629.0
223597675,-0.5416074991226196,0.6269265413284302,4.460112571716309,0,0.6000000238418579,-10383629.0
223607865,-0.5057063698768616,0.27863845229148865,4.541730880737305,0,0.6000000238418579,-10383629.0
223617696,-0.5802763104438782,0.4014870226383209,4.446293354034424,0,0.6000000238418579,-10383629.0
223627626,-0.40215185284614563,0.5038764476776123,4.4484381675720215,0,0.6000000238418579,-10383629.0
223637925,-0.4178609848022461,-0.005723298992961645,4.385776996612549,0,0.6000000238418579,-10383629.0
223647563,-0.4865840971469879,0.21559558808803558,4.3419013023376465,0,0.6000000238418579,-10383629.0
223658006,-0.586700439453125,0.4176878333091736,4.417054176330566,0,0.6000000238418579,-10383629.0
223667611,-0.5219505429267883,-0.051025390625,4.467105865478516,0,0.6000000238418579,-10383629.0
223677748,-0.38454312086105347,-0.19040551781654358,4.507688045501709,0,0.6000000238418579,-10383629.0
223688297,-0.4951912462711334,0.12139599770307541,4.391765594482422,0,0.6000000238418579,-10383629.0
223697679,-0.5959830284118652,0.022064561024308205,4.254326820373535,0,0.6000000238418579,-10383629.0
223707875,-0.3728984594345093,-0.15370917320251465,4.326884746551514,0,0.6000000238418579,-10383629.0
223717703,-0.4337538778781891,0.2361234575510025,4.3463568687438965,0,0.6000000238418579,-10383629.0
223727611,-0.7584630846977234,0.3350897431373596,4.310677528381348,0,0.6000000238418579,-10383629.0
223737930,-0.5864205360412598,0.11232902854681015,4.467982769012451,0,0.6000000238418579,-10383629.0
223747635,-0.522258996963501,0.23202331364154816,4.497751712799072,0,0.6000000238418579,-10383629.0
223758052,-0.658327579498291,0.4492483139038086,4.398778915405273,0,0.6000000238418579,-10383629.0
223767584,-0.4403229057788849,0.4200459122657776,4.437254428863525,0,0.6000000238418579,-10383629.0
223777656,-0.23541142046451569,0.45570802688598633,4.487979412078857,0,0.6000000238418579,-10383629.0
223787938,-0.4408210515975952,0.2611682415008545,4.391644477844238,0,0.6000000238418579,-10383629.0
223797654,-0.5334130525588989,0.10512781888246536,4.458762168884277,0,0.6000000238418579,-10383629.0
223807929,-0.44929370284080505,0.1585075408220291,4.5493083000183105,0,0.6000000238418579,-10383629.0
223817702,-0.5743427872657776,0.0305729229003191,4.4798078536987305,0,0.6000000238418579,-10383629.0
223827608,-0.459488183259964,-0.012399785220623016,4.540541172027588,0,0.6000000238418579,-10383629.0
223837992,-0.49753665924072266,0.24435076117515564,4.496335983276367,0,0.6000000238418579,-10383629.0
223847630,-0.5295182466506958,-0.056681156158447266,4.419950008392334,0,0.6000000238418579,-10383629.0
223858003,-0.3675459027290344,-0.373799592256546,4.469320774078369,0,0.6000000238418579,-10383629.0
223867641,-0.6205663084983826,0.01766982674598694,4.394116401672363,0,0.6000000238418579,-10383562.0
223877653,-0.6151915788650513,0.12733353674411774,4.415517330169678,0,0.6000000238418579,-10383562.0
223888317,-0.34452933073043823,-0.19115039706230164,4.667579174041748,0,0.6000000238418579,-10383562.0
223897669,-0.5486791729927063,0.19070060551166534,4.641599655151367,0,0.6000000238418579,-10383562.0
223907906,-0.5494406223297119,0.3027866780757904,4.584405422210693,0,0.6000000238418579,-10383562.0
223917720,-0.236638605594635,-0.20728139579296112,4.710305213928223,0,0.6000000238418579,-10383562.0
223927627,-0.4942801296710968,-0.02549998089671135,4.446526050567627,0,0.6000000238418579,-10383562.0
223937890,-0.6474887132644653,0.33075904846191406,4.356502056121826,0,0.6000000238418579,-10383562.0
223947696,-0.3685378432273865,0.10769355297088623,4.478383541107178,0,0.6000000238418579,-10383562.0
223958067,-0.4272080659866333,0.02432076446712017,4.47336483001709,0,0.6000000238418579,-10383562.0
223967673,-0.4976588785648346,0.2931548058986664,4.5266618728637695,0,0.6000000238418579,-10383562.0
223977684,-0.3872797191143036,0.026480140164494514,4.672574520111084,0,0.6000000238418579,-10383562.0
223987934,-0.3878377676010132,-0.2722190320491791,4.616006851196289,0,0.6000000238418579,-10383562.0
223997679,-0.42544451355934143,-0.16298754513263702,4.583678245544434,0,0.6000000238418579,-10383562.0
224007894,-0.43897515535354614,-0.1311265528202057,4.426802635192871,0,0.6000000238418579,-10383562.0
224017679,-0.5262038707733154,-0.05724512040615082,4.435190200805664,0,0.6000000238418579,-10383562.0
224027650,-0.4031373858451843,0.02117433398962021,4.561349868774414,0,0.6000000238418579,-10383562.0
224037972,-0.4516856372356415,-0.20781952142715454,4.701955318450928,0,0.6000000238418579,-10383562.0
224047557,-0.6735520362854004,0.1434880644083023,4.689779758453369,0,0.6000000238418579,-10383562.0
224057969,-0.550894558429718,0.46555471420288086,4.723595142364502,0,0.6000000238418579,-10383562.0
224067595,-0.29302799701690674,0.06324358284473419,4.614388942718506,0,0.6000000238418579,-10383562.0
224077680,-0.45798447728157043,0.16221877932548523,4.4974870681762695,0,0.6000000238418579,-10383562.0
224088330,-0.5540004372596741,0.3950938284397125,4.488706111907959,0,0.6000000238418579,-10383562.0
224097648,-0.31244999170303345,-0.1018713042140007,4.77347993850708,0,0.6000000238418579,-10383562.0
224107917,-0.29677924513816833,-0.12597453594207764,4.911624431610107,0,0.6000000238418579,-10383562.0
224117676,-0.5001092553138733,0.23477168381214142,4.829216957092285,0,0.6000000238418579,-10383562.0
224127568,-0.33792930841445923,-0.009735072031617165,4.8176798820495605,0,0.6000000238418579,-10383562.0
224137949,-0.33924075961112976,-0.10500603169202805,4.606126308441162,0,0.6000000238418579,-10383562.0
224147628,-0.320721298456192,-0.010766369290649891,4.528063774108887,0,0.6000000238418579,-10383562.0
224158078,-0.3730870187282562,-0.08273866027593613,4.641608715057373,0,0.6000000238418579,-10383562.0
224167597,-0.4642660915851593,0.012780888937413692,4.787644863128662,0,0.6000000238418579,-10383562.0
224177654,-0.3513346016407013,0.024593515321612358,4.987788200378418,0,0.6000000238418579,-10383562.0
224187878,-0.39923423528671265,-0.02691788598895073,4.985047817230225,0,0.6000000238418579,-10383562.0
224197651,-0.6318662762641907,0.3005398213863373,4.665879726409912,0,0.6000000238418579,-10383562.0
224207857,-0.3143967390060425,0.30377209186553955,4.698239326477051,0,0.6000000238418579,-10383562.0
224217684,-0.30280885100364685,0.1370212584733963,4.680304050445557,0,0.6000000238418579,-10383562.0
224227554,-0.4947700500488281,0.5227804183959961,4.711101055145264,0,0.6000000238418579,-10383562.0
224237924,-0.28276199102401733,0.5355290770530701,5.001757621765137,0,0.6000000238418579,-10383562.0
224247600,-0.18718308210372925,-0.08127877861261368,5.077775955200195,0,0.6000000238418579,-10383562.0
224257931,-0.32343095541000366,0.07559124380350113,4.892149448394775,0,0.6000000238418579,-10383562.0
224267636,-0.2552294135093689,0.33982178568840027,4.803717613220215,0,0.6000000238418579,-10383562.0
224277737,-0.13782702386379242,0.024114714935421944,4.745898723602295,0,0.6000000238418579,-10383562.0
224288424,-0.16456422209739685,-0.029898548498749733,4.8093671798706055,0,0.6000000238418579,-10383562.0
224298035,-0.3631199598312378,0.14876064658164978,4.860251426696777,0,0.6000000238418579,-10383562.0
224307941,-0.4548454284667969,-0.09226967394351959,4.9620280265808105,0,0.6000000238418579,-10383562.0
224317682,-0.21601520478725433,-0.15930835902690887,4.900965213775635,0,0.6000000238418579,-10383562.0
224327647,-0.1345077008008957,0.0355411134660244,4.805662631988525,0,0.6000000238418579,-10383562.0
224337702,-0.28952524065971375,0.15127043426036835,4.636138916015625,0,0.6000000238418579,-10383562.0
224347923,-0.23875324428081512,0.1798938661813736,4.669877052307129,0,0.6000000238418579,-10383562.0
224358096,-0.2351676970720291,0.22232209146022797,4.822574138641357,0,0.6000000238418579,-10383562.0
224367605,-0.48011040687561035,0.2574666440486908,4.8878374099731445,0,0.6000000238418579,-10383562.0
224377667,-0.29464733600616455,0.25398698449134827,5.0089263916015625,0,0.6000000238418579,-10383562.0
224387544,-0.08380718529224396,0.3680849075317383,4.981813430786133,0,0.6000000238418579,-10383562.0
224397982,-0.19492346048355103,0.39373084902763367,4.685817241668701,0,0.6000000238418579,-10383562.0
224407917,-0.04294024407863617,0.4437941014766693,4.671957015991211,0,0.6000000238418579,-10383562.0
224417706,0.1053442731499672,0.3356044590473175,4.758187294006348,0,0.6000000238418579,-10383562.0
224427618,-0.21895934641361237,0.23051311075687408,4.797749042510986,0,0.6000000238418579,-10383562.0
224437718,-0.17254988849163055,0.18141891062259674,4.967189311981201,0,0.6000000238418579,-10383562.0
224447923,-0.17955940961837769,0.2031676173210144,4.958869934082031,0,0.6000000238418579,-10383562.0
224457964,-0.10719367861747742,-0.0799013152718544,4.7945661544799805,0,0.6000000238418579,-10383562.0
224467628,0.17183619737625122,-0.19741429388523102,4.798187255859375,0,0.6000000238418579,-10383562.0
224477695,-0.07496018707752228,0.26787012815475464,4.667119979858398,0,0.6000000238418579,-10383562.0
224487623,-0.2631637752056122,0.41145434975624084,4.743559837341309,0,0.6000000238418579,-10383562.0
224498078,-0.028525853529572487,-0.020107097923755646,4.980132579803467,0,0.6000000238418579,-10383562.0
224507929,-0.11630792915821075,0.12917953729629517,4.969452381134033,0,0.6000000238418579,-10383562.0
224517730,-0.25885993242263794,0.3077411949634552,4.878446102142334,0,0.6000000238418579,-10383562.0
224527659,-0.08329664915800095,0.3543339669704437,4.846775054931641,0,0.6000000238418579,-10383562.0
224537662,0.15449842810630798,0.5151482820510864,4.8300299644470215,0,0.6000000238418579,-10383562.0
224547904,0.03935396671295166,0.3291313648223877,4.784326076507568,0,0.6000000238418579,-10383562.0
224558069,-0.05925500765442848,0.3028470575809479,4.808094501495361,0,0.6000000238418579,-10383562.0
224567643,0.010715117678046227,0.4237579107284546,4.912463188171387,0,0.6000000238418579,-10383562.0
224577696,-0.07831083983182907,0.018495110794901848,4.915919303894043,0,0.6000000238418579,-10383562.0
224587674,-0.0826500654220581,0.13761909306049347,4.815153121948242,0,0.6000000238418579,-10383562.0
224597903,-0.06800130754709244,0.5500631332397461,4.717146873474121,0,0.6000000238418579,-10383562.0
224607923,-0.023943575099110603,0.00415300577878952,4.629368305206299,0,0.6000000238418579,-10383562.0
224617728,0.1279013752937317,-0.14157193899154663,4.693289279937744,0,0.6000000238418579,-10383562.0
224627676,-0.07407759130001068,0.23227852582931519,4.7169928550720215,0,0.6000000238418579,-10383562.0
224637728,-0.35197100043296814,0.22461232542991638,4.698901653289795,0,0.6000000238418579,-10383562.0
224647942,-0.18218296766281128,0.09866034239530563,4.767523288726807,0,0.6000000238418579,-10383562.0
224657968,-0.09082736819982529,0.3471146523952484,4.746088027954102,0,0.6000000238418579,-10383562.0
224667660,-0.27905863523483276,0.45664432644844055,4.56368350982666,0,0.6000000238418579,-10383562.0
224677744,-0.19516396522521973,0.5624665021896362,4.603463172912598,0,0.6000000238418579,-10383562.0
224687646,-0.0332067534327507,0.516770601272583,4.6279191970825195,0,0.6000000238418579,-10383562.0
224698039,-0.19913972914218903,0.34883663058280945,4.562178134918213,0,0.6000000238418579,-10383562.0
224707955,-0.23991724848747253,0.5415526032447815,4.5972208976745605,0,0.6000000238418579,-10383562.0
224717711,-0.06342565268278122,0.6353716254234314,4.632802486419678,0,0.6000000238418579,-10383562.0
224727620,0.1280672699213028,0.25642216205596924,4.690484523773193,0,0.6000000238418579,-10383562.0
224737632,0.15767237544059753,0.4664148688316345,4.714505195617676,0,0.6000000238418579,-10383562.0
224747928,0.08910740911960602,0.6700171828269958,4.665093898773193,0,0.6000000238418579,-10383562.0
224758086,0.11569958925247192,0.12074985355138779,4.644376754760742,0,0.6000000238418579,-10383562.0
224767650,0.05449580028653145,-0.08594930171966553,4.571110248565674,0,0.6000000238418579,-10383562.0
224777687,-0.08590345084667206,0.23385068774223328,4.455037593841553,0,0.6000000238418579,-10383562.0
224787630,-0.0407923087477684,0.22793924808502197,4.438444137573242,0,0.6000000238418579,-10383562.0
224797950,0.014576327987015247,0.2667962312698364,4.45659065246582,0,0.6000000238418579,-10383562.0
224807937,0.0328451544046402,0.291398286819458,4.433796405792236,0,0.6000000238418579,-10383562.0
224817733,-0.13035988807678223,0.08623866736888885,4.499490737915039,0,0.6000000238418579,-10383562.0
224827623,-0.2908064126968384,0.2687757909297943,4.473450183868408,0,0.6000000238418579,-10383562.0
224837707,0.013308853842318058,0.21894411742687225,4.6170759201049805,0,0.6000000238418579,-10383562.0
224847979,-0.09671507030725479,0.13142473995685577,4.576164722442627,0,0.6000000238418579,-10383562.0
224857989,-0.23498649895191193,0.6863731145858765,4.387312412261963,0,0.6000000238418579,-10383562.0
224867635,0.007157810963690281,0.6343556046485901,4.577308654785156,0,0.6000000238418579,-10383436.0
224877661,0.032213810831308365,0.17454320192337036,4.574939727783203,0,0.6000000238418579,-10383436.0
224887555,-0.04561503231525421,0.5445277094841003,4.697619915008545,0,0.6000000238418579,-10383436.0
224898068,0.04817439615726471,0.4678559899330139,4.749224662780762,0,0.6000000238418579,-10383436.0
224907904,0.034029312431812286,-0.04322337359189987,4.620285511016846,0,0.6000000238418579,-10383436.0
224917683,0.08428187668323517,0.15114156901836395,4.546671390533447,0,0.6000000238418579,-10383436.0
224927609,-0.04714244231581688,0.35153841972351074,4.400683403015137,0,0.6000000238418579,-10383436.0
224937725,-0.16546684503555298,0.13754692673683167,4.334564685821533,0,0.6000000238418579,-10383436.0
224947849,0.03678553178906441,0.25031235814094543,4.558227062225342,0,0.6000000238418579,-10383436.0
224957707,-0.019796615466475487,0.4683373272418976,4.56175422668457,0,0.6000000238418579,-10383436.0
224968344,-0.20149879157543182,0.4471324682235718,4.503619194030762,0,0.6000000238418579,-10383436.0
224977719,0.12367038428783417,0.4449482262134552,4.518246650695801,0,0.6000000238418579,-10383436.0
224987553,0.0718081071972847,0.5144179463386536,4.392668724060059,0,0.6000000238418579,-10383436.0
224997952,-0.14966106414794922,0.6030694246292114,4.346557140350342,0,0.6000000238418579,-10383436.0
225007661,-0.007135376799851656,0.8538240790367126,4.459129810333252,0,0.6000000238418579,-10383436.0
225017993,0.2033241242170334,0.6112796068191528,4.631218910217285,0,0.6000000238418579,-10383436.0
225027661,0.19091083109378815,0.29915982484817505,4.650367736816406,0,0.6000000238418579,-10383436.0
225037724,0.0845644399523735,0.764801025390625,4.590426921844482,0,0.6000000238418579,-10383436.0
225047896,0.10562565177679062,0.6675084233283997,4.4905290603637695,0,0.6000000238418579,-10383436.0
225057664,0.10319289565086365,0.13252012431621552,4.393821716308594,0,0.6000000238418579,-10383436.0
225067950,0.04300906881690025,0.39202314615249634,4.452601909637451,0,0.6000000238418579,-10383436.0
225077653,-0.14164955914020538,0.423446387052536,4.468194961547852,0,0.6000000238418579,-10383436.0
225087553,-0.18757793307304382,-0.09997712075710297,4.489283561706543,0,0.6000000238418579,-10383436.0
225098006,-0.1101108118891716,0.21572628617286682,4.533721446990967,0,0.6000000238418579,-10383436.0
225107561,-0.3417763113975525,0.6119042634963989,4.299055099487305,0,0.6000000238418579,-10383436.0
225118003,-0.2520889341831207,0.5801635384559631,4.28355598449707,0,0.6000000238418579,-10383436.0
225127658,0.1743922084569931,0.6865800619125366,4.532597541809082,0,0.6000000238418579,-10383436.0
225137708,-0.04837808385491371,0.6561641097068787,4.481048107147217,0,0.6000000238418579,-10383436.0
225147932,-0.14519454538822174,0.5646682977676392,4.51568603515625,0,0.6000000238418579,-10383436.0
225157660,0.003997734282165766,0.729267954826355,4.6333537101745605,0,0.6000000238418579,-10383436.0
225168456,-0.06562101095914841,0.41720354557037354,4.447895050048828,0,0.6000000238418579,-10383436.0
225177665,-0.1163206472992897,0.15258944034576416,4.289119243621826,0,0.6000000238418579,-10383436.0
225187607,-0.1886318027973175,0.32343554496765137,4.287890434265137,0,0.6000000238418579,-10383436.0
225197974,-0.2624681890010834,0.12165582180023193,4.264952659606934,0,0.6000000238418579,-10383436.0
225207684,0.03519086912274361,-0.2140118032693863,4.573840141296387,0,0.6000000238418579,-10383436.0
225217945,-0.06595216691493988,0.26267698407173157,4.689971923828125,0,0.6000000238418579,-10383436.0
225227629,-0.3594561219215393,0.4916796386241913,4.553567886352539,0,0.6000000238418579,-10383436.0
225237688,-0.09592347592115402,0.1290045827627182,4.563965797424316,0,0.6000000238418579,-10383436.0
225247906,-0.24847736954689026,0.2686541676521301,4.441491603851318,0,0.6000000238418579,-10383436.0
225257686,-0.5841073393821716,0.5333128571510315,4.233697891235352,0,0.6000000238418579,-10383436.0
225267867,-0.24939849972724915,0.23377318680286407,4.599433422088623,0,0.6000000238418579,-10383436.0
225277705,-0.10898414254188538,0.27335497736930847,4.715205192565918,0,0.6000000238418579,-10383436.0
225287524,-0.2693411707878113,0.2576602101325989,4.743295669555664,0,0.6000000238418579,-10383436.0
225298059,-0.0216493122279644,0.21472489833831787,4.771564960479736,0,0.6000000238418579,-10383436.0
225307621,-0.0457712784409523,0.1386878788471222,4.610708236694336,0,0.6000000238418579,-10383436.0
225317976,-0.1282372772693634,0.05105360597372055,4.48961067199707,0,0.6000000238418579,-10383436.0
225327638,-0.23943206667900085,0.06256553530693054,4.602379322052002,0,0.6000000238418579,-10383436.0
225337714,-0.34301671385765076,0.17134389281272888,4.693445682525635,0,0.6000000238418579,-10383436.0
225347945,-0.2621099352836609,0.0840815007686615,4.854429244995117,0,0.6000000238418579,-10383436.0
225357666,-0.1169414073228836,0.12103735655546188,4.917129039764404,0,0.6000000238418579,-10383436.0
225368444,-0.4618653655052185,0.4249333143234253,4.591034889221191,0,0.6000000238418579,-10383436.0
225377659,-0.3149523437023163,0.487871378660202,4.558528423309326,0,0.6000000238418579,-10383436.0
225387666,-0.23351475596427917,0.31709766387939453,4.613882064819336,0,0.6000000238418579,-10383436.0
225397911,-0.48695507645606995,0.7469313144683838,4.554255485534668,0,0.6000000238418579,-10383436.0
225407555,-0.22493189573287964,0.8456994891166687,4.827078819274902,0,0.6000000238418579,-10383436.0
225417968,0.007694336585700512,0.3438572883605957,4.9743218421936035,0,0.6000000238418579,-10383436.0
225427618,-0.20344893634319305,0.5919878482818604,4.858211994171143,0,0.6000000238418579,-10383436.0
225437664,-0.18499323725700378,0.7752127647399902,4.727977275848389,0,0.6000000238418579,-10383436.0
225447886,-0.15662415325641632,0.18304654955863953,4.5954108238220215,0,0.6000000238418579,-10383436.0
225457659,-0.30876192450523376,0.2227482795715332,4.4387359619140625,0,0.6000000238418579,-10383436.0
225467891,-0.43902239203453064,0.38288646936416626,4.460385322570801,0,0.6000000238418579,-10383436.0
225477703,-0.5317338109016418,0.09939626604318619,4.5217084884643555,0,0.6000000238418579,-10383436.0
225487552,-0.4172290563583374,0.17466330528259277,4.591976165771484,0,0.6000000238418579,-10383436.0
225498015,-0.3274712860584259,0.3737086355686188,4.577313423156738,0,0.6000000238418579,-10383436.0
225507634,-0.5359550714492798,0.3818328380584717,4.32431697845459,0,0.6000000238418579,-10383436.0
225517961,-0.40630096197128296,0.6090704798698425,4.3679704666137695,0,0.6000000238418579,-10383436.0
225527658,-0.27780523896217346,0.5450708270072937,4.443298816680908,0,0.6000000238418579,-10383436.0
225537680,-0.49600592255592346,0.4480006992816925,4.470007419586182,0,0.6000000238418579,-10383436.0
225547957,-0.43604576587677,0.8428183197975159,4.577948570251465,0,0.6000000238418579,-10383436.0
225557723,-0.1982729732990265,0.6253188848495483,4.616456508636475,0,0.6000000238418579,-10383436.0
225568465,-0.19028031826019287,0.18795375525951385,4.523410320281982,0,0.6000000238418579,-10383436.0
225577676,-0.1916370838880539,0.582907497882843,4.477420806884766,0,0.6000000238418579,-10383436.0
225587599,-0.28845298290252686,0.48313432931900024,4.4809417724609375,0,0.6000000238418579,-10383436.0
225597954,-0.24256815016269684,-0.04825715720653534,4.490777492523193,0,0.6000000238418579,-10383436.0
225607562,-0.2910168170928955,0.3339806795120239,4.592948913574219,0,0.6000000238418579,-10383436.0
225617989,-0.41117772459983826,0.576155960559845,4.573855400085449,0,0.6000000238418579,-10383436.0
225627562,-0.38316696882247925,0.12230818718671799,4.666050910949707,0,0.6000000238418579,-10383436.0
225637660,-0.10135193169116974,0.15807543694972992,4.793919563293457,0,0.6000000238418579,-10383436.0
225647939,-0.40470805764198303,0.3911542594432831,4.650083065032959,0,0.6000000238418579,-10383436.0
225657714,-0.4458217918872833,0.294573575258255,4.6759138107299805,0,0.6000000238418579,-10383436.0
225667935,-0.1904595047235489,0.4038451313972473,4.815796852111816,0,0.6000000238418579,-10383436.0
225677682,-0.3043532371520996,0.3969925045967102,4.755271911621094,0,0.6000000238418579,-10383436.0
225687613,-0.5139875411987305,0.4737108051776886,4.734432697296143,0,0.6000000238418579,-10383436.0
225698074,-0.43514370918273926,0.6482829451560974,4.793614864349365,0,0.6000000238418579,-10383436.0
225707611,-0.4796009361743927,0.3492976427078247,4.75068473815918,0,0.6000000238418579,-10383436.0
225717965,-0.5124773383140564,0.1346426159143448,4.71801233291626,0,0.6000000238418579,-10383436.0
225727631,-0.39457473158836365,0.27587974071502686,4.853122711181641,0,0.6000000238418579,-10383436.0
225737675,-0.4107423722743988,-0.04267558827996254,4.85413932800293,0,0.6000000238418579,-10383436.0
225747895,-0.3754725456237793,-0.4375430941581726,4.812064170837402,0,0.6000000238418579,-10383436.0
225757685,-0.42726290225982666,-0.05455624312162399,4.749799728393555,0,0.6000000238418579,-10383436.0
225768478,-0.7130112051963806,0.15557833015918732,4.511478424072266,0,0.6000000238418579,-10383436.0
225777654,-0.5788505673408508,-0.18901515007019043,4.589667320251465,0,0.6000000238418579,-10383436.0
225787601,-0.570326030254364,0.025414709001779556,4.743109703063965,0,0.6000000238418579,-10383436.0
225797931,-0.7898706793785095,0.44091442227363586,4.566079139709473,0,0.6000000238418579,-10383436.0
225807651,-0.36520251631736755,0.2070557028055191,4.880791664123535,0,0.6000000238418579,-10383436.0
225817974,-0.2209549844264984,0.27077245712280273,4.873484134674072,0,0.6000000238418579,-10383436.0
225827645,-0.6269689202308655,0.4616355895996094,4.623266696929932,0,0.6000000238418579,-10383436.0
225837706,-0.45287251472473145,0.07198470085859299,4.728376865386963,0,0.6000000238418579,-10383436.0
225847953,-0.3927306532859802,-0.28310465812683105,4.742733955383301,0,0.6000000238418579,-10383436.0
225857664,-0.5594148635864258,-0.11677882820367813,4.725196838378906,0,0.6000000238418579,-10383436.0
225867946,-0.514763593673706,-0.13625556230545044,4.862705707550049,0,0.6000000238418579,-10383193.0
225877683,-0.5327907204627991,-0.08266280591487885,4.7726240158081055,0,0.6000000238418579,-10383193.0
225887655,-0.40379709005355835,0.09176553040742874,4.7797675132751465,0,0.6000000238418579,-10383193.0
225898040,-0.28950250148773193,0.03766432777047157,4.639069557189941,0,0.6000000238418579,-10383193.0
225907614,-0.568671464920044,0.1649693250656128,4.577376842498779,0,0.6000000238418579,-10383193.0
225917892,-0.5420507192611694,0.30127760767936707,4.517991065979004,0,0.6000000238418579,-10383193.0
225927657,-0.5447555184364319,-0.048295799642801285,4.663122653961182,0,0.6000000238418579,-10383193.0
225937663,-0.6531142592430115,0.2258906364440918,4.574800968170166,0,0.6000000238418579,-10383193.0
225947882,-0.6373463869094849,0.5369330644607544,4.5999555587768555,0,0.6000000238418579,-10383193.0
225957685,-0.2186647206544876,0.043275680392980576,4.618974685668945,0,0.6000000238418579,-10383193.0
225968520,-0.11745217442512512,-0.05577932298183441,4.619919300079346,0,0.6000000238418579,-10383193.0
225977686,-0.26353394985198975,0.162942036986351,4.47653341293335,0,0.6000000238418579,-10383193.0
225987557,-0.38380128145217896,0.014231925830245018,4.511681079864502,0,0.6000000238418579,-10383193.0
225997972,-0.31248727440834045,-0.15992772579193115,4.482913970947266,0,0.6000000238418579,-10383193.0
226007607,-0.3365505635738373,-0.16035352647304535,4.490077018737793,0,0.6000000238418579,-10383193.0
226017960,-0.36001458764076233,-0.05498667061328888,4.349947929382324,0,0.6000000238418579,-10383193.0
226027615,-0.5412763357162476,0.07304464280605316,4.173119068145752,0,0.6000000238418579,-10383193.0
226037679,-0.26196298003196716,-0.03713947534561157,4.269308567047119,0,0.6000000238418579,-10383193.0
226047865,-0.21368032693862915,-0.19513346254825592,4.439255714416504,0,0.6000000238418579,-10383193.0
226057654,-0.39080891013145447,0.16934257745742798,4.436675071716309,0,0.6000000238418579,-10383193.0
226067938,-0.2993682324886322,0.23288282752037048,4.556819915771484,0,0.6000000238418579,-10383193.0
226077750,0.08435521274805069,-0.07014653831720352,4.678582191467285,0,0.6000000238418579,-10383193.0
226087630,-0.2285313904285431,0.3688599467277527,4.521884918212891,0,0.6000000238418579,-10383193.0
226098036,-0.30219581723213196,0.5287109613418579,4.44282341003418,0,0.6000000238418579,-10383193.0
226107662,-0.06650902330875397,-0.03515119105577469,4.617042064666748,0,0.6000000238418579,-10383193.0
226117939,-0.014100898988544941,-0.10313112288713455,4.5786519050598145,0,0.6000000238418579,-10383193.0
226127629,-0.09434588998556137,-0.10305782407522202,4.543819904327393,0,0.6000000238418579,-10383193.0
226137709,-0.12617386877536774,-0.2594381868839264,4.568369388580322,0,0.6000000238418579,-10383193.0
226147930,-0.3040429353713989,0.02467777393758297,4.412403106689453,0,0.6000000238418579,-10383193.0
226157752,-0.20913662016391754,0.02121114544570446,4.401803493499756,0,0.6000000238418579,-10383193.0
226168496,-0.30155864357948303,0.015107544139027596,4.369919776916504,0,0.6000000238418579,-10383193.0
226177732,-0.1408994495868683,0.211988165974617,4.340386390686035,0,0.6000000238418579,-10383193.0
226187629,0.11816827952861786,-0.17840148508548737,4.524562358856201,0,0.6000000238418579,-10383193.0
226197950,-0.029221419245004654,-0.1398729383945465,4.438661098480225,0,0.6000000238418579,-10383193.0
226207637,-0.27372267842292786,0.3920234739780426,4.35747766494751,0,0.6000000238418579,-10383193.0
226217978,-0.13671498000621796,0.09195654094219208,4.369853973388672,0,0.6000000238418579,-10383193.0
226227620,-0.11338919401168823,-0.12497016042470932,4.341176509857178,0,0.6000000238418579,-10383193.0
226237681,-0.1348542869091034,0.4432040750980377,4.352313041687012,0,0.6000000238418579,-10383193.0
226247902,0.04564041271805763,0.2937840521335602,4.406235694885254,0,0.6000000238418579,-10383193.0
226257702,0.14209763705730438,-0.29253020882606506,4.346591472625732,0,0.6000000238418579,-10383193.0
226267943,-0.09288368374109268,-0.02877780608832836,4.3380351066589355,0,0.6000000238418579,-10383193.0
226277669,-0.25774550437927246,0.0018360537942498922,4.160411834716797,0,0.6000000238418579,-10383193.0
226287664,-0.34457722306251526,-0.38091376423835754,4.159620761871338,0,0.6000000238418579,-10383193.0
226298082,-0.11905727535486221,-0.10318060964345932,4.223605155944824,0,0.6000000238418579,-10383193.0
226307622,-0.2158658504486084,0.16916097700595856,4.278233051300049,0,0.6000000238418579,-10383193.0
226317948,-0.16110488772392273,0.1867409199476242,4.287705898284912,0,0.6000000238418579,-10383193.0
226327654,-0.05786404013633728,0.2880916893482208,4.364068031311035,0,0.6000000238418579,-10383193.0
226337644,-0.03915383294224739,0.12353940308094025,4.264071464538574,0,0.6000000238418579,-10383193.0
226347856,-0.18052440881729126,0.11129593849182129,4.166599750518799,0,0.6000000238418579,-10383193.0
226357694,0.06098834052681923,0.3534126281738281,4.299309730529785,0,0.6000000238418579,-10383193.0
226368437,-0.012265121564269066,0.08405709266662598,4.349919319152832,0,0.6000000238418579,-10383193.0
226377760,-0.10682811588048935,0.12065728008747101,4.283304691314697,0,0.6000000238418579,-10383193.0
226387699,-0.15180863440036774,0.3306533396244049,4.244603633880615,0,0.6000000238418579,-10383193.0
226397946,-0.1565522849559784,-0.19648200273513794,4.048373222351074,0,0.6000000238418579,-10383193.0
226407561,-0.04315445199608803,-0.7086873650550842,3.985539197921753,0,0.6000000238418579,-10383193.0
226417972,-0.011206150986254215,-0.06202974170446396,4.026904582977295,0,0.6000000238418579,-10383193.0
226427626,-0.25904256105422974,0.20972688496112823,3.941965341567993,0,0.6000000238418579,-10383193.0
226437662,-0.002100319368764758,-0.040235888212919235,4.115982532501221,0,0.6000000238418579,-10383193.0
226447893,0.11255817115306854,0.10695838928222656,4.241926193237305,0,0.6000000238418579,-10383193.0
226457737,-0.2392052561044693,0.3058687448501587,4.101021766662598,0,0.6000000238418579,-10383193.0
226467975,-0.014580102637410164,0.11066421866416931,4.203653335571289,0,0.6000000238418579,-10383193.0
226477692,0.2849821448326111,0.13638821244239807,4.2492218017578125,0,0.6000000238418579,-10383193.0
226487614,0.0482456311583519,0.22370746731758118,4.090936660766602,0,0.6000000238418579,-10383193.0
226498020,0.16850954294204712,0.3182939887046814,4.294785022735596,0,0.6000000238418579,-10383193.0
226507669,0.14187784492969513,0.3815433084964752,4.3651018142700195,0,0.6000000238418579,-10383193.0
226517962,0.003467528149485588,-0.15234363079071045,4.217929363250732,0,0.6000000238418579,-10383193.0
226527618,0.015317894518375397,-0.31321993470191956,4.360597610473633,0,0.6000000238418579,-10383193.0
226537643,-0.15124502778053284,0.0875217393040657,4.154582977294922,0,0.6000000238418579,-10383193.0
226547918,-0.04769768565893173,-0.06222128868103027,4.154318809509277,0,0.6000000238418579,-10383193.0
226557737,0.12155582010746002,-0.09647182375192642,4.1964569091796875,0,0.6000000238418579,-10383193.0
226568510,-0.23144471645355225,0.44038495421409607,4.069951057434082,0,0.6000000238418579,-10383193.0
226577682,0.03082740679383278,0.6222615838050842,4.271844387054443,0,0.6000000238418579,-10383193.0
226587623,0.2634417414665222,0.09944906085729599,4.429442405700684,0,0.6000000238418579,-10383193.0
226598022,0.019085615873336792,-0.0019655912183225155,4.290703296661377,0,0.6000000238418579,-10383193.0
226607609,0.09322217851877213,0.25054293870925903,4.306960582733154,0,0.6000000238418579,-10383193.0
226617962,0.14072318375110626,-0.1967136114835739,4.1589274406433105,0,0.6000000238418579,-10383193.0
226627633,0.20345725119113922,-0.12907011806964874,4.047562599182129,0,0.6000000238418579,-10383193.0
226637713,0.16494470834732056,-0.039311788976192474,4.031898498535156,0,0.6000000238418579,-10383193.0
226647905,-0.06746078282594681,-0.20873388648033142,4.037446975708008,0,0.6000000238418579,-10383193.0
226657689,0.07157794386148453,0.04513998329639435,4.30478572845459,0,0.6000000238418579,-10383193.0
226667896,0.11157039552927017,-0.008146550506353378,4.5245561599731445,0,0.6000000238418579,-10383193.0
226677682,-0.09320645779371262,0.1124839261174202,4.427886962890625,0,0.6000000238418579,-10383193.0
226687546,-0.09107235074043274,0.5481922030448914,4.400876998901367,0,0.6000000238418579,-10383193.0
226698098,0.04236285015940666,0.10736418515443802,4.259805679321289,0,0.6000000238418579,-10383193.0
226707559,-0.03446183726191521,-0.1701919436454773,4.099438667297363,0,0.6000000238418579,-10383193.0
226717956,-0.04582184553146362,0.32741355895996094,4.1487250328063965,0,0.6000000238418579,-10383193.0
226727650,0.18871797621250153,0.12359150499105453,4.337480068206787,0,0.6000000238418579,-10383193.0
226737713,0.44657692313194275,-0.17100216448307037,4.658414363861084,0,0.6000000238418579,-10383193.0
226747662,0.30554792284965515,0.20705002546310425,4.71877908706665,0,0.6000000238418579,-10383193.0
226758082,-0.02339193783700466,0.1596861630678177,4.556378364562988,0,0.6000000238418579,-10383193.0
226768473,-0.10260728746652603,-0.07547913491725922,4.435034275054932,0,0.6000000238418579,-10383193.0
226777660,-0.04268934577703476,0.12225864827632904,4.271841049194336,0,0.6000000238418579,-10383193.0
226787625,-0.2507764399051666,0.15667934715747833,4.179393768310547,0,0.6000000238418579,-10383193.0
226797734,-0.1448787897825241,0.2093459516763687,4.326292991638184,0,0.6000000238418579,-10383193.0
226807979,0.23285001516342163,0.37298378348350525,4.726365566253662,0,0.6000000238418579,-10383193.0
226817965,0.24547193944454193,-0.0216433797031641,4.970602512359619,0,0.6000000238418579,-10383193.0
226827689,0.20569834113121033,0.11549298465251923,4.963558673858643,0,0.6000000238418579,-10382722.0
226837671,0.2734297513961792,0.3743405044078827,4.832897186279297,0,0.6000000238418579,-10382722.0
226847669,0.24549269676208496,0.03610963001847267,4.4610371589660645,0,0.6000000238418579,-10382722.0
226857928,0.13658694922924042,0.1946554183959961,4.1877031326293945,0,0.6000000238418579,-10382722.0
226867930,0.00967573095113039,0.44960010051727295,4.235095977783203,0,0.6000000238418579,-10382722.0
226877714,0.007934133522212505,-0.197592094540596,4.351016044616699,0,0.6000000238418579,-10382722.0
226887557,0.21418732404708862,-0.40655145049095154,4.706794261932373,0,0.6000000238418579,-10382722.0
226897620,0.12157221883535385,0.14425431191921234,4.850179672241211,0,0.6000000238418579,-10382722.0
226907932,0.17176391184329987,0.320926308631897,4.737882137298584,0,0.6000000238418579,-10382722.0
226917979,0.6072311401367188,0.21996168792247772,4.799553871154785,0,0.6000000238418579,-10382722.0
226927619,0.3922131061553955,0.4734835922718048,4.448507308959961,0,0.6000000238418579,-10382722.0
226937665,0.265371173620224,0.6457162499427795,4.39089298248291,0,0.6000000238418579,-10382722.0
226947628,0.5328946709632874,0.3035459518432617,4.748198509216309,0,0.6000000238418579,-10382722.0
226958074,0.35740089416503906,0.36617758870124817,5.031774520874023,0,0.6000000238418579,-10382722.0
226968516,0.4366842210292816,0.4982193410396576,5.3203535079956055,0,0.6000000238418579,-10382722.0
226977686,0.6280443072319031,0.2511402666568756,5.442002773284912,0,0.6000000238418579,-10382722.0
226987640,0.5811761617660522,0.17449408769607544,5.0372185707092285,0,0.6000000238418579,-10382722.0
226997641,0.6104657053947449,0.3638702630996704,4.942139148712158,0,0.6000000238418579,-10382722.0
227007954,0.3246963322162628,0.12881743907928467,4.721912384033203,0,0.6000000238418579,-10382722.0
227017990,0.23406754434108734,0.05243191495537758,4.944931983947754,0,0.6000000238418579,-10382722.0
227027631,0.28881433606147766,0.021273814141750336,5.303028106689453,0,0.6000000238418579,-10382722.0
227037676,0.03962825983762741,-0.11696583777666092,5.323980331420898,0,0.6000000238418579,-10382722.0
227047578,0.16308371722698212,0.17372459173202515,5.189299583435059,0,0.6000000238418579,-10382722.0
227057954,0.3736408054828644,0.223558709025383,5.039773941040039,0,0.6000000238418579,-10382722.0
227067944,0.2292412668466568,0.0621982105076313,4.654325485229492,0,0.6000000238418579,-10382722.0
227077691,0.12065725773572922,0.5525121688842773,4.68290376663208,0,0.6000000238418579,-10382722.0
227087629,0.19166463613510132,0.3192732632160187,4.799946308135986,0,0.6000000238418579,-10382722.0
227097691,0.17984870076179504,-0.3861631751060486,4.937084674835205,0,0.6000000238418579,-10382722.0
227107941,0.12340061366558075,-0.10814930498600006,4.9716315269470215,0,0.6000000238418579,-10382722.0
227117937,-0.05737007409334183,-0.02746511436998844,4.659620761871338,0,0.6000000238418579,-10382722.0
227127639,-0.009245853871107101,-0.4190097451210022,4.458894729614258,0,0.6000000238418579,-10382722.0
227137657,0.19193337857723236,-0.08167996257543564,4.42494535446167,0,0.6000000238418579,-10382722.0
227147629,-0.061363641172647476,0.21370938420295715,4.396568775177002,0,0.6000000238418579,-10382722.0
227158067,-0.08504817634820938,-0.08941616117954254,4.50386905670166,0,0.6000000238418579,-10382722.0
227168511,0.2915208041667938,-0.017068134620785713,4.70979642868042,0,0.6000000238418579,-10382722.0
227177681,-0.09236925840377808,0.12751275300979614,4.473871231079102,0,0.6000000238418579,-10382722.0
227187603,-0.24673622846603394,0.2651546001434326,4.281793594360352,0,0.6000000238418579,-10382722.0
227197685,-0.06928543001413345,0.31230318546295166,4.325140476226807,0,0.6000000238418579,-10382722.0
227207952,-0.22756335139274597,0.09944015741348267,4.1923828125,0,0.6000000238418579,-10382722.0
227217932,-0.14128652215003967,-0.02438288740813732,4.338291168212891,0,0.6000000238418579,-10382722.0
227227649,-0.08452628552913666,0.21198447048664093,4.444545269012451,0,0.6000000238418579,-10382722.0
227237671,-0.22111409902572632,0.15567541122436523,4.282157897949219,0,0.6000000238418579,-10382722.0
227247650,-0.18989978730678558,-0.16126060485839844,4.296932220458984,0,0.6000000238418579,-10382722.0
227257907,-0.37034881114959717,0.17457245290279388,4.178464889526367,0,0.6000000238418579,-10382722.0
227267906,-0.6065431237220764,0.21079879999160767,4.035544395446777,0,0.6000000238418579,-10382722.0
227277696,-0.29344040155410767,-0.051200468093156815,4.285523891448975,0,0.6000000238418579,-10382722.0
227287648,-0.362552672624588,0.47127676010131836,4.300718307495117,0,0.6000000238418579,-10382722.0
227297636,-0.5400865077972412,0.7589871287345886,4.29565954208374,0,0.6000000238418579,-10382722.0
227307874,-0.1466597318649292,0.40395671129226685,4.561964988708496,0,0.6000000238418579,-10382722.0
227317941,-0.19622591137886047,0.4278677701950073,4.576072692871094,0,0.6000000238418579,-10382722.0
227327640,-0.36517220735549927,0.5246875286102295,4.4906158447265625,0,0.6000000238418579,-10382722.0
227337684,-0.138996422290802,0.33432379364967346,4.633045673370361,0,0.6000000238418579,-10382722.0
227347576,-0.1846357136964798,0.2911778390407562,4.579283714294434,0,0.6000000238418579,-10382722.0
227358034,-0.2563305199146271,0.08241856843233109,4.562640190124512,0,0.6000000238418579,-10382722.0
227368286,-0.3153683841228485,0.08805433660745621,4.716721534729004,0,0.6000000238418579,-10382722.0
227377689,-0.4703678488731384,0.29824474453926086,4.642950057983398,0,0.6000000238418579,-10382722.0
227387630,-0.39636847376823425,-0.07598798722028732,4.729099273681641,0,0.6000000238418579,-10382722.0
227397683,-0.30175939202308655,0.0018233350710943341,4.749823570251465,0,0.6000000238418579,-10382722.0
227407863,-0.6649361848831177,0.6607040166854858,4.498299598693848,0,0.6000000238418579,-10382722.0
227417961,-0.26320353150367737,0.44759681820869446,4.626041412353516,0,0.6000000238418579,-10382722.0
227427677,-0.016044583171606064,0.1896297186613083,4.777690887451172,0,0.6000000238418579,-10382722.0
227437691,-0.3576129972934723,0.5927972197532654,4.6569366455078125,0,0.6000000238418579,-10382722.0
227447625,-0.4087321162223816,0.507055938243866,4.860363006591797,0,0.6000000238418579,-10382722.0
227457967,-0.6613491773605347,0.23882988095283508,4.776867866516113,0,0.6000000238418579,-10382722.0
227467924,-1.1747931241989136,0.4742318391799927,4.539894104003906,0,0.6000000238418579,-10382722.0
227477666,-1.1594210863113403,0.2061554342508316,4.4618916511535645,0,0.6000000238418579,-10382722.0
227487620,-1.0688841342926025,-0.14619922637939453,4.488345146179199,0,0.6000000238418579,-10382722.0
227497654,-0.8730058670043945,0.04436779394745827,4.537349700927734,0,0.6000000238418579,-10382722.0
227507939,-0.7423197031021118,0.07429976761341095,4.7110819816589355,0,0.6000000238418579,-10382722.0
227517927,-0.9965359568595886,0.3376986086368561,4.567080020904541,0,0.6000000238418579,-10382722.0
227527662,-0.9236745238304138,0.49907687306404114,4.697777271270752,0,0.6000000238418579,-10382722.0
227537669,-0.8655708432197571,0.13393639028072357,4.620166778564453,0,0.6000000238418579,-10382722.0
227547637,-1.0641155242919922,0.34604284167289734,4.500526428222656,0,0.6000000238418579,-10382722.0
227558085,-0.7634095549583435,0.5934540629386902,4.700052261352539,0,0.6000000238418579,-10382722.0
227568290,-0.6516101360321045,0.0863020196557045,4.864876747131348,0,0.6000000238418579,-10382722.0
227577684,-0.688266932964325,0.18189193308353424,4.80344295501709,0,0.6000000238418579,-10382722.0
227587665,-0.5386682152748108,0.5220664143562317,4.9068121910095215,0,0.6000000238418579,-10382722.0
227597609,-0.3471423089504242,0.03511659801006317,4.790410041809082,0,0.6000000238418579,-10382722.0
227607933,-0.18033696711063385,-0.08843475580215454,4.820583343505859,0,0.6000000238418579,-10382722.0
227617926,-0.40523648262023926,0.24857226014137268,4.831540107727051,0,0.6000000238418579,-10382722.0
227627624,-0.7655231952667236,0.0643250048160553,4.703902244567871,0,0.6000000238418579,-10382722.0
227637682,-0.5391356348991394,-0.13970188796520233,4.924703598022461,0,0.6000000238418579,-10382722.0
227647694,-0.682400643825531,0.14905492961406708,4.885767459869385,0,0.6000000238418579,-10382722.0
227657919,-0.7878499031066895,0.4830114245414734,4.678712844848633,0,0.6000000238418579,-10382722.0
227667937,-0.20333826541900635,0.39457231760025024,4.849396705627441,0,0.6000000238418579,-10382722.0
227677686,-0.028984779492020607,0.4468016028404236,4.799988746643066,0,0.6000000238418579,-10382722.0
227687587,-0.26976141333580017,0.5796113014221191,4.608144760131836,0,0.6000000238418579,-10382722.0
227697750,-0.215834841132164,0.15631036460399628,4.815960884094238,0,0.6000000238418579,-10382722.0
227707938,-0.1922157257795334,-0.036145493388175964,4.822132110595703,0,0.6000000238418579,-10382722.0
227717943,-0.3044617772102356,-0.12462196499109268,4.763082027435303,0,0.6000000238418579,-10382722.0
227727664,-0.38074222207069397,-0.15928299725055695,4.684020519256592,0,0.6000000238418579,-10382722.0
227737668,-0.6656454801559448,0.13558369874954224,4.4465484619140625,0,0.6000000238418579,-10382722.0
227747665,-0.7325505614280701,-0.09627893567085266,4.345193862915039,0,0.6000000238418579,-10382722.0
227758073,-0.7127749919891357,-0.2786978483200073,4.400137901306152,0,0.6000000238418579,-10382722.0
227768465,-1.1353724002838135,0.20234018564224243,4.218092441558838,0,0.6000000238418579,-10382722.0
227777704,-0.9403908252716064,0.18439358472824097,4.341421604156494,0,0.6000000238418579,-10382722.0
227787628,-0.762592613697052,-0.05047067999839783,4.425309658050537,0,0.6000000238418579,-10382722.0
227797668,-1.1219136714935303,0.5125680565834045,4.078460693359375,0,0.6000000238418579,-10382722.0
227807944,-0.874456524848938,0.5134732127189636,4.165557384490967,0,0.6000000238418579,-10382722.0
227817996,-0.8274348378181458,-0.05986135080456734,4.2024993896484375,0,0.6000000238418579,-10382722.0
227827621,-0.9931749105453491,0.2105576992034912,4.236720085144043,0,0.6000000238418579,-10381792.0
227837661,-1.0059688091278076,0.34542766213417053,4.389627933502197,0,0.6000000238418579,-10381792.0
227847623,-1.055925726890564,-0.009304570034146309,4.387459754943848,0,0.6000000238418579,-10381792.0
227858041,-0.9790908098220825,-0.09356179088354111,4.30038595199585,0,0.6000000238418579,-10381792.0
227867849,-0.9302198886871338,0.1669957935810089,4.255551815032959,0,0.6000000238418579,-10381792.0
227877699,-1.1353609561920166,0.09319000691175461,4.037190914154053,0,0.6000000238418579,-10381792.0
227887632,-0.9032136797904968,0.022871235385537148,4.308077335357666,0,0.6000000238418579,-10381792.0
227897656,-1.0409473180770874,0.3155463635921478,4.377860069274902,0,0.6000000238418579,-10381792.0
227907930,-1.2189269065856934,0.6706771850585938,4.410106658935547,0,0.6000000238418579,-10381792.0
227917916,-0.7520310282707214,0.43067148327827454,4.643587589263916,0,0.6000000238418579,-10381792.0
227927679,-0.7728844881057739,0.42589545249938965,4.615589141845703,0,0.6000000238418579,-10381792.0
227937652,-0.9170591831207275,0.5854148268699646,4.435919761657715,0,0.6000000238418579,-10381792.0
227947624,-0.5915759205818176,0.21340039372444153,4.719624996185303,0,0.6000000238418579,-10381792.0
227958047,-0.6393665075302124,0.014473474584519863,4.638759613037109,0,0.6000000238418579,-10381792.0
227968277,-0.7221606969833374,0.20676088333129883,4.62061882019043,0,0.6000000238418579,-10381792.0
227977672,-0.7787573933601379,-0.03719796985387802,4.775415897369385,0,0.6000000238418579,-10381792.0
227987646,-1.073834776878357,-0.10453533381223679,4.476994514465332,0,0.6000000238418579,-10381792.0
227997696,-1.1371850967407227,0.22412003576755524,4.569637298583984,0,0.6000000238418579,-10381792.0
228007926,-1.2666478157043457,0.3361022174358368,4.474485397338867,0,0.6000000238418579,-10381792.0
228017990,-1.0190290212631226,0.45601093769073486,4.529079437255859,0,0.6000000238418579,-10381792.0
228027652,-0.5417510271072388,0.4852265417575836,4.883644104003906,0,0.6000000238418579,-10381792.0
228037678,-0.8365607857704163,0.36398062109947205,4.715837478637695,0,0.6000000238418579,-10381792.0
228047622,-0.8577046990394592,0.49515435099601746,4.82716703414917,0,0.6000000238418579,-10381792.0
228057976,-0.6782538890838623,0.30858469009399414,4.929149150848389,0,0.6000000238418579,-10381792.0
228067889,-0.7906261682510376,-0.11332760751247406,4.7205705642700195,0,0.6000000238418579,-10381792.0
228077691,-0.6482797265052795,0.08561092615127563,4.8534650802612305,0,0.6000000238418579,-10381792.0
228087639,-0.8146487474441528,0.24259573221206665,4.806032180786133,0,0.6000000238418579,-10381792.0
228097689,-0.8402882218360901,-0.03867042437195778,4.762416839599609,0,0.6000000238418579,-10381792.0
228107914,-0.6943685412406921,0.1298065036535263,4.908206939697266,0,0.6000000238418579,-10381792.0
228117943,-1.024573564529419,0.4496017098426819,4.6293416023254395,0,0.6000000238418579,-10381792.0
228127625,-0.8009198307991028,0.2660028636455536,4.778613090515137,0,0.6000000238418579,-10381792.0
228137679,-0.4036458432674408,0.22239656746387482,4.952664375305176,0,0.6000000238418579,-10381792.0
228147623,-0.6650013327598572,0.4643518626689911,4.7374701499938965,0,0.6000000238418579,-10381792.0
228158050,-0.43862155079841614,0.2829609513282776,4.899139404296875,0,0.6000000238418579,-10381792.0
228168314,-0.18323534727096558,0.13983915746212006,4.93221378326416,0,0.6000000238418579,-10381792.0
228177677,-0.4102075695991516,-0.0963096097111702,4.678631782531738,0,0.6000000238418579,-10381792.0
228187610,-0.3266802728176117,-0.2644716203212738,4.752694606781006,0,0.6000000238418579,-10381792.0
228197649,-0.6085705161094666,0.12089234590530396,4.522200584411621,0,0.6000000238418579,-10381792.0
228207927,-0.6289046406745911,-0.011971958912909031,4.463865280151367,0,0.6000000238418579,-10381792.0
228218000,-0.2748784124851227,-0.15989118814468384,4.656597137451172,0,0.6000000238418579,-10381792.0
228227625,-0.5470829606056213,0.3576529026031494,4.480655670166016,0,0.6000000238418579,-10381792.0
228237680,-0.541908860206604,0.2899536192417145,4.580411434173584,0,0.6000000238418579,-10381792.0
228247657,-0.2557563781738281,-0.1301172375679016,4.710831642150879,0,0.6000000238418579,-10381792.0
228257957,-0.46461784839630127,0.19936881959438324,4.532013416290283,0,0.6000000238418579,-10381792.0
228267972,-0.551284670829773,0.5241298079490662,4.423227787017822,0,0.6000000238418579,-10381792.0
228277741,-0.17057156562805176,0.32268431782722473,4.546083927154541,0,0.6000000238418579,-10381792.0
228287631,-0.11655256897211075,0.4111829996109009,4.507150173187256,0,0.6000000238418579,-10381792.0
228297660,-0.1406063735485077,0.28387635946273804,4.566890239715576,0,0.6000000238418579,-10381792.0
228307924,-0.07936243712902069,-0.15041567385196686,4.6351318359375,0,0.6000000238418579,-10381792.0
228317968,-0.1858542561531067,-0.17866025865077972,4.535342693328857,0,0.6000000238418579,-10381792.0
228327613,-0.17185530066490173,-0.0981760323047638,4.445623397827148,0,0.6000000238418579,-10381792.0
228337674,-0.21382391452789307,-0.1060713604092598,4.403013706207275,0,0.6000000238418579,-10381792.0
228347566,-0.04328107833862305,0.19720369577407837,4.355303764343262,0,0.6000000238418579,-10381792.0
228358104,0.05204902961850166,0.2962963879108429,4.4971160888671875,0,0.6000000238418579,-10381792.0
228368294,-0.2414139062166214,0.3198472857475281,4.4264445304870605,0,0.6000000238418579,-10381792.0
228377682,-0.031996168196201324,0.512442946434021,4.529674530029297,0,0.6000000238418579,-10381792.0
228387654,0.16079595685005188,0.48660793900489807,4.629734039306641,0,0.6000000238418579,-10381792.0
228397682,-0.09592136740684509,0.5297392010688782,4.292876243591309,0,0.6000000238418579,-10381792.0
228407934,0.2026895433664322,0.46574392914772034,4.40172815322876,0,0.6000000238418579,-10381792.0
228417974,0.3070429861545563,0.2415199875831604,4.363536834716797,0,0.6000000238418579,-10381792.0
228427557,0.19130070507526398,0.18086348474025726,4.270350933074951,0,0.6000000238418579,-10381792.0
228437654,0.37286341190338135,0.19494283199310303,4.615464210510254,0,0.6000000238418579,-10381792.0
228447638,0.21373137831687927,0.13863632082939148,4.5510759353637695,0,0.6000000238418579,-10381792.0
228457962,0.24521329998970032,-0.1509716957807541,4.498064041137695,0,0.6000000238418579,-10381792.0
228467931,0.15626326203346252,-0.030851710587739944,4.596215724945068,0,0.6000000238418579,-10381792.0
228477698,-0.22691582143306732,0.4223434329032898,4.141826629638672,0,0.6000000238418579,-10381792.0
228487647,0.13776664435863495,0.14986631274223328,4.376376152038574,0,0.6000000238418579,-10381792.0
228497662,0.4213261306285858,0.18972375988960266,4.513182640075684,0,0.6000000238418579,-10381792.0
228507906,0.6103009581565857,0.8483107089996338,4.484591007232666,0,0.6000000238418579,-10381792.0
228517896,1.3637359142303467,0.5334362387657166,5.036968231201172,0,0.6000000238418579,-10381792.0
228527614,1.3293834924697876,0.08901147544384003,4.868897438049316,0,0.6000000238418579,-10381792.0
228537736,0.9994761943817139,0.47732409834861755,4.779477596282959,0,0.6000000238418579,-10381792.0
228547662,0.9576383829116821,0.30677518248558044,4.684600830078125,0,0.6000000238418579,-10381792.0
228558053,0.7734395265579224,-0.3419818580150604,4.391380786895752,0,0.6000000238418579,-10381792.0
228568294,1.0850001573562622,-0.134749174118042,4.644894599914551,0,0.6000000238418579,-10381792.0
228577649,1.0820772647857666,0.09046986699104309,4.7101826667785645,0,0.6000000238418579,-10381792.0
228587611,1.0653201341629028,-0.1064273864030838,4.632899761199951,0,0.6000000238418579,-10381792.0
228597685,1.3935247659683228,-0.03195905312895775,4.974255084991455,0,0.6000000238418579,-10381792.0
228607856,0.7643880844116211,0.30852219462394714,4.496744155883789,0,0.6000000238418579,-10381792.0
228617949,0.3014850318431854,0.345671147108078,4.220442771911621,0,0.6000000238418579,-10381792.0
228627625,0.37647467851638794,0.26206210255622864,4.138712406158447,0,0.6000000238418579,-10381792.0
228637675,0.15803402662277222,0.28255268931388855,3.870267391204834,0,0.6000000238418579,-10381792.0
228647629,0.5252664089202881,0.26409921050071716,4.1150078773498535,0,0.6000000238418579,-10381792.0
228657965,0.7381694316864014,0.38574647903442383,4.237475395202637,0,0.6000000238418579,-10381792.0
228667934,0.5499731302261353,0.2771312892436981,4.095518112182617,0,0.6000000238418579,-10381792.0
228677727,0.5048171877861023,-0.06047055125236511,4.072905540466309,0,0.6000000238418579,-10381792.0
228687638,0.06141723692417145,0.1820276528596878,3.7732138633728027,0,0.6000000238418579,-10381792.0
228697677,-0.11381800472736359,0.34895166754722595,3.5065207481384277,0,0.6000000238418579,-10381792.0
228707939,0.2422080636024475,-0.10637861490249634,3.6616923809051514,0,0.6000000238418579,-10381792.0
228717991,0.264069527387619,0.3212958574295044,3.6465349197387695,0,0.6000000238418579,-10381792.0
228727611,0.23388205468654633,0.8552774786949158,3.6985442638397217,0,0.6000000238418579,-10381792.0
228737690,0.6007835865020752,0.4167986214160919,3.9458117485046387,0,0.6000000238418579,-10381792.0
228747626,0.5604398846626282,0.44573962688446045,3.8572182655334473,0,0.6000000238418579,-10381792.0
228758095,0.3249298930168152,0.5073287487030029,3.763171434402466,0,0.6000000238418579,-10381792.0
228768294,0.37660327553749084,0.25300413370132446,3.716825485229492,0,0.6000000238418579,-10381792.0
228777661,0.3613807260990143,0.2934531271457672,3.7020211219787598,0,0.6000000238418579,-10381792.0
228787646,0.447916716337204,-0.006198534741997719,3.786289930343628,0,0.6000000238418579,-10381792.0
228797695,0.44022035598754883,-0.05887781083583832,3.8763692378997803,0,0.6000000238418579,-10381792.0
228807952,0.2238854169845581,0.3942227065563202,3.720776319503784,0,0.6000000238418579,-10381792.0
228817961,0.617887020111084,0.09754948318004608,3.8597378730773926,0,0.6000000238418579,-10381792.0
228827599,0.7629589438438416,0.10663636773824692,3.8956801891326904,0,0.6000000238418579,-10379967.0
228837659,0.43561476469039917,0.7677473425865173,3.7598021030426025,0,0.6000000238418579,-10379967.0
228847618,0.540153980255127,0.5599066019058228,3.7907843589782715,0,0.6000000238418579,-10379967.0
228857953,0.7214435935020447,0.28961169719696045,3.935269355773926,0,0.6000000238418579,-10379967.0
228867905,0.6445379257202148,0.2720871567726135,3.8139379024505615,0,0.6000000238418579,-10379967.0
228877667,0.646110475063324,0.0718749463558197,3.793325901031494,0,0.6000000238418579,-10379967.0
228887654,0.5796935558319092,0.17254599928855896,3.764458417892456,0,0.6000000238418579,-10379967.0
228897697,0.5661722421646118,0.029100220650434494,3.7339892387390137,0,0.6000000238418579,-10379967.0
228908013,0.6867318153381348,-0.2780360281467438,3.8342764377593994,0,0.6000000238418579,-10379967.0
228917963,0.4019773304462433,0.1693011075258255,3.758418083190918,0,0.6000000238418579,-10379967.0
228927647,0.36012569069862366,0.26933375000953674,3.72965145111084,0,0.6000000238418579,-10379967.0
228937690,0.7509267330169678,-0.06298547238111496,4.005990982055664,0,0.6000000238418579,-10379967.0
228947559,0.5218791961669922,0.39064353704452515,3.8462157249450684,0,0.6000000238418579,-10379967.0
228958053,0.5185872316360474,0.5755415558815002,3.8956387042999268,0,0.6000000238418579,-10379967.0
228968318,0.87916499376297,0.21777206659317017,4.142410755157471,0,0.6000000238418579,-10379967.0
228977677,0.8245538473129272,0.3711819350719452,4.111438751220703,0,0.6000000238418579,-10379967.0
228987702,0.8260571360588074,0.5755000710487366,4.143063545227051,0,0.6000000238418579,-10379967.0
228997653,0.9448698163032532,0.3281177878379822,4.192410945892334,0,0.6000000238418579,-10379967.0
229007920,0.9484485387802124,0.2182379513978958,4.112967014312744,0,0.6000000238418579,-10379967.0
229017984,1.0911146402359009,-0.19052615761756897,4.260433197021484,0,0.6000000238418579,-10379967.0
229027620,0.8243286609649658,0.002428652485832572,4.230664253234863,0,0.6000000238418579,-10379967.0
229037676,0.23917736113071442,0.5865986943244934,4.123077392578125,0,0.6000000238418579,-10379967.0
229047576,0.24701501429080963,0.20461201667785645,4.166440963745117,0,0.6000000238418579,-10379967.0
229057895,0.29577308893203735,0.1691441386938095,4.19210958480835,0,0.6000000238418579,-10379967.0
229067924,0.13239343464374542,0.6566030979156494,4.07119083404541,0,0.6000000238418579,-10379967.0
229077721,0.49906134605407715,0.35339999198913574,4.300821304321289,0,0.6000000238418579,-10379967.0
229087626,0.73158198595047,0.17071503400802612,4.352806091308594,0,0.6000000238418579,-10379967.0
229097668,0.42582613229751587,0.534349262714386,4.275596618652344,0,0.6000000238418579,-10379967.0
229107926,0.3454560339450836,0.44095149636268616,4.365050792694092,0,0.6000000238418579,-10379967.0
229117997,0.14947649836540222,0.30547288060188293,4.3462300300598145,0,0.6000000238418579,-10379967.0
229127561,0.04419897869229317,0.08965881168842316,4.339966773986816,0,0.6000000238418579,-10379967.0
229137734,0.10689949244260788,-0.20239658653736115,4.416726112365723,0,0.6000000238418579,-10379967.0
229147632,-0.10417458415031433,0.19364210963249207,4.238819122314453,0,0.6000000238418579,-10379967.0
229158057,0.0006212684675119817,0.35794126987457275,4.372002601623535,0,0.6000000238418579,-10379967.0
229168314,0.2557145953178406,-0.09671079367399216,4.5377607345581055,0,0.6000000238418579,-10379967.0
229177676,-0.05904103443026543,0.4081893265247345,4.479337215423584,0,0.6000000238418579,-10379967.0
229187661,-0.08095420151948929,0.7996731400489807,4.553429126739502,0,0.6000000238418579,-10379967.0
229197773,0.07521219551563263,0.22618873417377472,4.594895362854004,0,0.6000000238418579,-10379967.0
229207902,-0.1253022849559784,0.2990999221801758,4.465250015258789,0,0.6000000238418579,-10379967.0
229217971,-0.13567756116390228,0.5500849485397339,4.530111789703369,0,0.6000000238418579,-10379967.0
229227627,-0.14222757518291473,0.028543619439005852,4.574522495269775,0,0.6000000238418579,-10379967.0
229237706,-0.2155609279870987,-0.12095557153224945,4.605440139770508,0,0.6000000238418579,-10379967.0
229247527,-0.22305475175380707,0.04493754357099533,4.661854267120361,0,0.6000000238418579,-10379967.0
229257976,-0.5143455266952515,0.029222896322607994,4.533096790313721,0,0.6000000238418579,-10379967.0
229267881,-0.4205077886581421,0.15256313979625702,4.491181373596191,0,0.6000000238418579,-10379967.0
229277668,-0.35739248991012573,0.08292941004037857,4.636664390563965,0,0.6000000238418579,-10379967.0
229287635,-0.5648220181465149,0.07528583705425262,4.5528059005737305,0,0.6000000238418579,-10379967.0
229297659,-0.6484804749488831,0.4536685347557068,4.71177339553833,0,0.6000000238418579,-10379967.0
229307918,-0.43438953161239624,0.46811726689338684,4.799551963806152,0,0.6000000238418579,-10379967.0
229317961,-0.6252922415733337,0.34340059757232666,4.660743713378906,0,0.6000000238418579,-10379967.0
229327648,-0.47873079776763916,0.6544681787490845,4.654674053192139,0,0.6000000238418579,-10379967.0
229337742,-0.5703395009040833,0.49288874864578247,4.67984676361084,0,0.6000000238418579,-10379967.0
229347632,-0.7025749087333679,0.026123428717255592,4.677558422088623,0,0.6000000238418579,-10379967.0
229358069,-0.7956410050392151,0.062333349138498306,4.926309585571289,0,0.6000000238418579,-10379967.0
229368341,-0.9176384210586548,0.13368645310401917,4.8731770515441895,0,0.6000000238418579,-10379967.0
229377685,-0.7571077942848206,-0.2796635329723358,4.886207103729248,0,0.6000000238418579,-10379967.0
229387669,-0.5951038002967834,-0.01797540858387947,4.919699668884277,0,0.6000000238418579,-10379967.0
229397675,-1.0492217540740967,0.5892818570137024,4.587685585021973,0,0.6000000238418579,-10379967.0
229407969,-0.8664678335189819,0.42583346366882324,4.697182655334473,0,0.6000000238418579,-10379967.0
229417930,-0.7734047770500183,0.22478850185871124,4.8708271980285645,0,0.6000000238418579,-10379967.0
229427618,-1.1073815822601318,0.6700569987297058,4.721757411956787,0,0.6000000238418579,-10379967.0
229437687,-0.8543545603752136,0.3856247663497925,4.966487407684326,0,0.6000000238418579,-10379967.0
229447624,-0.6857385039329529,0.026948779821395874,4.921106338500977,0,0.6000000238418579,-10379967.0
229457941,-0.958392858505249,0.3253622353076935,4.698768138885498,0,0.6000000238418579,-10379967.0
229467906,-0.9670931100845337,0.1723068505525589,4.7305192947387695,0,0.6000000238418579,-10379967.0
229477697,-1.1340010166168213,-0.060999926179647446,4.570654392242432,0,0.6000000238418579,-10379967.0
229487658,-1.1560441255569458,-0.12601274251937866,4.601212501525879,0,0.6000000238418579,-10379967.0
229497731,-1.165183663368225,-0.33832496404647827,4.668408393859863,0,0.6000000238418579,-10379967.0
229507951,-1.2577494382858276,0.1408940702676773,4.5545654296875,0,0.6000000238418579,-10379967.0
229517957,-0.9186190366744995,0.3922685980796814,4.6809210777282715,0,0.6000000238418579,-10379967.0
229527659,-0.973594605922699,0.1794111728668213,4.599406719207764,0,0.6000000238418579,-10379967.0
229537709,-1.2479933500289917,0.5135580897331238,4.396295070648193,0,0.6000000238418579,-10379967.0
229547628,-1.0022320747375488,0.3782148063182831,4.541841506958008,0,0.6000000238418579,-10379967.0
229558044,-0.950792133808136,-0.2067682296037674,4.53519344329834,0,0.6000000238418579,-10379967.0
229568291,-1.1402478218078613,0.18180334568023682,4.410308837890625,0,0.6000000238418579,-10379967.0
229577701,-1.1304837465286255,0.3174683749675751,4.376441478729248,0,0.6000000238418579,-10379967.0
229587661,-1.1112749576568604,-0.2777133285999298,4.267873764038086,0,0.6000000238418579,-10379967.0
229597634,-0.9680562019348145,-0.19999071955680847,4.227156162261963,0,0.6000000238418579,-10379967.0
229607945,-1.1890840530395508,-0.013918890617787838,4.118039608001709,0,0.6000000238418579,-10379967.0
229618014,-1.260515809059143,-0.04846582189202309,4.039138317108154,0,0.6000000238418579,-10379967.0
229627635,-1.0336905717849731,0.18950431048870087,4.199704647064209,0,0.6000000238418579,-10379967.0
229637735,-1.056370496749878,0.2439010590314865,4.107856750488281,0,0.6000000238418579,-10379967.0
229647663,-1.272744059562683,0.24098756909370422,3.9865801334381104,0,0.6000000238418579,-10379967.0
229657965,-0.9255799055099487,0.4860563576221466,4.160159111022949,0,0.6000000238418579,-10379967.0
229667932,-1.0879780054092407,0.1074613407254219,4.0132365226745605,0,0.6000000238418579,-10379967.0
229677818,-1.3843514919281006,-0.05108565464615822,3.9514760971069336,0,0.6000000238418579,-10379967.0
229687649,-1.6114137172698975,0.2535213828086853,3.974548578262329,0,0.6000000238418579,-10379967.0
229697643,-1.8957585096359253,-0.19819375872612,3.796190023422241,0,0.6000000238418579,-10379967.0
229707953,-1.6576876640319824,-0.5336833596229553,3.894498348236084,0,0.6000000238418579,-10379967.0
229717965,-1.6469172239303589,-0.05749334767460823,3.7894198894500732,0,0.6000000238418579,-10379967.0
229727645,-1.632171392440796,0.09557469189167023,3.7226829528808594,0,0.6000000238418579,-10379967.0
229737675,-1.440640926361084,0.06668011844158173,3.8244457244873047,0,0.6000000238418579,-10379967.0
229747642,-1.6959437131881714,0.44577518105506897,3.7823402881622314,0,0.6000000238418579,-10379967.0
229758078,-2.081390619277954,0.4719456136226654,3.5702931880950928,0,0.6000000238418579,-10379967.0
229768347,-1.778139352798462,0.15041780471801758,3.8858277797698975,0,0.6000000238418579,-10379967.0
229777710,-1.6829805374145508,0.2152690291404724,3.734165668487549,0,0.6000000238418579,-10379967.0
229787689,-1.6144089698791504,0.03719479590654373,3.7584807872772217,0,0.6000000238418579,-10379967.0
229797755,-1.0985392332077026,0.23327501118183136,3.899138927459717,0,0.6000000238418579,-10379967.0
229807900,-0.917207658290863,0.11075888574123383,3.8900201320648193,0,0.6000000238418579,-10379967.0
229817981,-0.8489887714385986,-0.36277297139167786,3.937804698944092,0,0.6000000238418579,-10379967.0
229827649,-1.1139930486679077,-0.11118529736995697,3.930363655090332,0,0.6000000238418579,-10379967.0
229837666,-1.4809198379516602,-0.07394921034574509,3.79828143119812,0,0.6000000238418579,-10379967.0
229847643,-1.2555742263793945,-0.43637293577194214,3.8681352138519287,0,0.6000000238418579,-10379967.0
229857926,-1.1864018440246582,0.08832477033138275,3.8859708309173584,0,0.6000000238418579,-10379967.0
229867913,-1.3907382488250732,0.3484818935394287,3.667377233505249,0,0.6000000238418579,-10379967.0
229877710,-1.1581029891967773,-0.004704804625362158,3.7390084266662598,0,0.6000000238418579,-10379967.0
229887644,-0.9406304955482483,0.15501946210861206,3.835301160812378,0,0.6000000238418579,-10379967.0
229897674,-1.2044883966445923,0.40010958909988403,3.7287442684173584,0,0.6000000238418579,-10379967.0
229907957,-0.8864209055900574,0.34896767139434814,3.904611587524414,0,0.6000000238418579,-10379967.0
229917982,-0.5778661370277405,0.26271387934684753,3.978175640106201,0,0.6000000238418579,-10379967.0
229927650,-0.8296998739242554,0.09635930508375168,3.7929580211639404,0,0.6000000238418579,-10379967.0
229937675,-0.9428818821907043,0.045818548649549484,3.876481771469116,0,0.6000000238418579,-10379967.0
229947589,-1.1467636823654175,0.02738921530544758,3.7931230068206787,0,0.6000000238418579,-10379967.0
229958122,-1.1771373748779297,-0.02006741426885128,3.8371503353118896,0,0.6000000238418579,-10379967.0
229968346,-1.1816726922988892,-0.03446311503648758,3.9846370220184326,0,0.6000000238418579,-10379967.0
229977717,-1.2673333883285522,0.06658517569303513,3.8968193531036377,0,0.6000000238418579,-10379967.0
229987675,-0.8778146505355835,0.16383777558803558,4.095544815063477,0,0.6000000238418579,-10379967.0
229997660,-0.8614614009857178,0.11726158857345581,4.128221035003662,0,0.6000000238418579,-10379967.0
230007860,-1.0750494003295898,0.5899226069450378,3.992298126220703,0,0.6000000238418579,-10379967.0
230017991,-0.8547154068946838,0.6573052406311035,4.180534362792969,0,0.6000000238418579,-10379967.0
230027619,-0.7735896110534668,0.03778970614075661,4.310649394989014,0,0.6000000238418579,-10379967.0
230037677,-0.950669527053833,-0.06114368885755539,4.398980617523193,0,0.6000000238418579,-10379967.0
230047648,-1.1430115699768066,-0.06689248234033585,4.511124134063721,0,0.6000000238418579,-10379967.0
230057897,-1.452305793762207,-0.4688563942909241,4.361773490905762,0,0.6000000238418579,-10379967.0
230067856,-1.3704326152801514,-0.28355664014816284,4.417581558227539,0,0.6000000238418579,-10379967.0
230077687,-1.3267738819122314,-0.056761521846055984,4.334963798522949,0,0.6000000238418579,-10379967.0
230087656,-1.546588659286499,0.1575959026813507,4.223704814910889,0,0.6000000238418579,-10379967.0
230097657,-1.3660963773727417,0.4099039137363434,4.371342658996582,0,0.6000000238418579,-10379967.0
230107933,-1.239464521408081,0.17076170444488525,4.542653560638428,0,0.6000000238418579,-10379967.0
230117929,-1.4588369131088257,0.0462418831884861,4.480218887329102,0,0.6000000238418579,-10379967.0
230127618,-1.594081997871399,0.41939735412597656,4.547229290008545,0,0.6000000238418579,-10379967.0
230137721,-1.3786542415618896,0.07746792584657669,4.525574207305908,0,0.6000000238418579,-10379967.0
230147653,-1.3609498739242554,-0.29730966687202454,4.554856777191162,0,0.6000000238418579,-10379967.0
230158067,-1.4662131071090698,0.0914984941482544,4.396054267883301,0,0.6000000238418579,-10379967.0
230168389,-1.4912503957748413,0.11776681989431381,4.4851274490356445,0,0.6000000238418579,-10379967.0
230177673,-1.3719792366027832,-0.15555191040039062,4.480744361877441,0,0.6000000238418579,-10379967.0
230187653,-1.339422583580017,0.02610376849770546,4.606783390045166,0,0.6000000238418579,-10379967.0
230197642,-1.4028016328811646,0.05209130793809891,4.598139762878418,0,0.6000000238418579,-10379967.0
230207921,-1.4075394868850708,-0.11119460314512253,4.641635894775391,0,0.6000000238418579,-10379967.0
230217937,-1.205701470375061,0.0552462637424469,4.673366546630859,0,0.6000000238418579,-10379967.0
230227608,-1.0791550874710083,0.07065039873123169,4.8023176193237305,0,0.6000000238418579,-10379967.0
230237697,-0.9481779932975769,0.4214593768119812,4.911338806152344,0,0.6000000238418579,-10379967.0
230247680,-0.5923586487770081,0.5936479568481445,5.11261510848999,0,0.6000000238418579,-10379967.0
230257913,-0.4975013732910156,0.059130921959877014,5.21101188659668,0,0.6000000238418579,-10379967.0
230267863,-0.5901377201080322,0.04096798226237297,5.139155864715576,0,0.6000000238418579,-10379967.0
230277721,-0.5347427129745483,0.29642626643180847,5.102787017822266,0,0.6000000238418579,-10379967.0
230287644,-0.5477238297462463,-0.20629878342151642,5.100030422210693,0,0.6000000238418579,-10379967.0
230297653,-0.43197229504585266,-0.33173108100891113,5.080000400543213,0,0.6000000238418579,-10379967.0
230307914,-0.45251142978668213,0.08165816962718964,5.149045467376709,0,0.6000000238418579,-10379967.0
230317938,-0.5038276314735413,0.21081963181495667,5.138081073760986,0,0.6000000238418579,-10379967.0
230327617,-0.06825968623161316,0.028970174491405487,5.340353965759277,0,0.6000000238418579,-10379967.0
230337757,-0.0746207907795906,0.1981355994939804,5.299966335296631,0,0.6000000238418579,-10379967.0
230347643,-0.3753947615623474,0.43617111444473267,5.0725507736206055,0,0.6000000238418579,-10379967.0
230358064,-0.0748705044388771,0.32763129472732544,5.226661682128906,0,0.6000000238418579,-10379967.0
230368277,0.08638312667608261,0.2804224491119385,5.237303256988525,0,0.6000000238418579,-10379967.0
230377688,0.0407637320458889,0.3003063499927521,5.278753280639648,0,0.6000000238418579,-10379967.0
230387649,0.15381626784801483,0.20369668304920197,5.501060962677002,0,0.6000000238418579,-10379967.0
230397630,0.08774663507938385,0.3501540720462799,5.447740077972412,0,0.6000000238418579,-10379967.0
230407906,0.15099933743476868,-0.07197051495313644,5.390689373016357,0,0.6000000238418579,-10379967.0
230417967,0.4586842358112335,-0.1746605932712555,5.44390869140625,0,0.6000000238418579,-10379967.0
230427645,0.22842799127101898,0.43888595700263977,5.219263076782227,0,0.6000000238418579,-10379967.0
230437670,0.26242440938949585,0.4542487859725952,5.252563953399658,0,0.6000000238418579,-10379967.0
230447671,0.5446189641952515,0.2160087525844574,5.447345733642578,0,0.6000000238418579,-10379967.0
230457962,0.053912293165922165,0.5769559741020203,5.284676551818848,0,0.6000000238418579,-10379967.0
230467916,0.16254106163978577,0.4924943149089813,5.286870956420898,0,0.6000000238418579,-10379967.0
230477681,0.5337396860122681,0.10480570048093796,5.362020492553711,0,0.6000000238418579,-10379967.0
230487603,0.4692438244819641,0.40056470036506653,5.1576080322265625,0,0.6000000238418579,-10379967.0
230497642,0.3978707492351532,0.5878483653068542,5.222870349884033,0,0.6000000238418579,-10379967.0
230507928,0.618387758731842,0.3875953257083893,5.357968330383301,0,0.6000000238418579,-10379967.0
230517998,0.6419567465782166,0.3763963282108307,5.368886947631836,0,0.6000000238418579,-10379967.0
230527625,0.6594051718711853,0.2749525010585785,5.224792003631592,0,0.6000000238418579,-10379967.0
230537658,0.5972254276275635,0.09084565937519073,5.054774761199951,0,0.6000000238418579,-10379967.0
230547623,0.43347060680389404,0.18031872808933258,4.797262668609619,0,0.6000000238418579,-10379967.0
230558063,0.48456668853759766,0.06314840912818909,4.682841777801514,0,0.6000000238418579,-10379967.0
230568404,0.5960050225257874,0.25394630432128906,4.789231777191162,0,0.6000000238418579,-10379967.0
230577688,0.6460530161857605,0.7605160474777222,4.861616611480713,0,0.6000000238418579,-10379967.0
230587651,0.9851683378219604,0.5726040005683899,4.9801483154296875,0,0.6000000238418579,-10379967.0
230597645,0.8293851017951965,0.2554663121700287,4.933377265930176,0,0.6000000238418579,-10379967.0
230607994,0.545574426651001,0.8859273195266724,4.56267786026001,0,0.6000000238418579,-10379967.0
230617998,0.6404433846473694,0.828833281993866,4.54547643661499,0,0.6000000238418579,-10379967.0
230627634,0.8298160433769226,0.3360239863395691,4.494192600250244,0,0.6000000238418579,-10379967.0
230637675,0.8488445281982422,0.4620853364467621,4.543755531311035,0,0.6000000238418579,-10379967.0
230647671,0.980145275592804,0.43711134791374207,4.706737041473389,0,0.6000000238418579,-10379967.0
230657902,0.8978633284568787,-0.09554025530815125,4.675671100616455,0,0.6000000238418579,-10379967.0
230667888,0.8905019164085388,0.025061892345547676,4.535135746002197,0,0.6000000238418579,-10379967.0
230677685,0.5113311409950256,0.44780418276786804,4.240588665008545,0,0.6000000238418579,-10379967.0
230687644,0.496033638715744,0.5065873265266418,4.014970302581787,0,0.6000000238418579,-10379967.0
230697765,0.9806298017501831,0.2955896258354187,4.34178352355957,0,0.6000000238418579,-10379967.0
230707937,0.8726695775985718,0.45143502950668335,4.337277889251709,0,0.6000000238418579,-10379967.0
230717955,0.652620792388916,0.6389111280441284,4.336492538452148,0,0.6000000238418579,-10379967.0
230727558,1.0209351778030396,0.339326411485672,4.49304723739624,0,0.6000000238418579,-10379967.0
230737759,0.7156052589416504,0.18846717476844788,4.069764614105225,0,0.6000000238418579,-10379967.0
230747629,0.6886879205703735,0.2707718312740326,3.8414995670318604,0,0.6000000238418579,-10379967.0
230758056,0.7821893692016602,0.134591206908226,3.927058458328247,0,0.6000000238418579,-10379967.0
230768266,0.7896446585655212,0.17041489481925964,3.8092594146728516,0,0.6000000238418579,-10379967.0
230777702,1.0832809209823608,0.04870850592851639,4.076711654663086,0,0.6000000238418579,-10379967.0
230787679,1.0270357131958008,0.12211224436759949,4.157309532165527,0,0.6000000238418579,-10377585.0
230797668,0.8393373489379883,0.6115942597389221,3.9912686347961426,0,0.6000000238418579,-10377585.0
230807972,1.0047465562820435,0.39348992705345154,4.062952518463135,0,0.6000000238418579,-10377585.0
230818000,0.6948801279067993,0.3557632267475128,3.7279326915740967,0,0.6000000238418579,-10377585.0
230827646,0.5724362730979919,0.8267456889152527,3.6269330978393555,0,0.6000000238418579,-10377585.0
230837661,0.9701709151268005,0.4496893882751465,3.889944553375244,0,0.6000000238418579,-10377585.0
230847674,1.073516607284546,0.057381145656108856,3.911910057067871,0,0.6000000238418579,-10377585.0
230857917,1.0207462310791016,0.27884426712989807,4.055239677429199,0,0.6000000238418579,-10377585.0
230867935,1.0829170942306519,0.13058869540691376,4.030519485473633,0,0.6000000238418579,-10377585.0
230877744,1.287261724472046,-0.18612462282180786,4.002058029174805,0,0.6000000238418579,-10377585.0
230887637,1.5997370481491089,0.1221102699637413,4.044637203216553,0,0.6000000238418579,-10377585.0
230897651,1.36165452003479,0.42123156785964966,3.9870102405548096,0,0.6000000238418579,-10377585.0
230907932,1.2849702835083008,0.3710631728172302,3.950697898864746,0,0.6000000238418579,-10377585.0
230917943,1.8594648838043213,0.3825452923774719,4.3679280281066895,0,0.6000000238418579,-10377585.0
230927632,1.4503058195114136,0.2266935408115387,4.227367401123047,0,0.6000000238418579,-10377585.0
230937733,1.1086941957473755,0.27938851714134216,4.15986442565918,0,0.6000000238418579,-10377585.0
230947661,1.0888365507125854,0.4533633887767792,4.040755271911621,0,0.6000000238418579,-10377585.0
230958097,1.0862226486206055,0.23204724490642548,3.915473461151123,0,0.6000000238418579,-10377585.0
230968378,1.2943907976150513,0.1638995110988617,3.9561893939971924,0,0.6000000238418579,-10377585.0
230977748,1.1106836795806885,0.2908784747123718,3.9596755504608154,0,0.6000000238418579,-10377585.0
230987616,0.748936116695404,-0.008505783043801785,3.8109424114227295,0,0.6000000238418579,-10377585.0
230997670,0.9484982490539551,-0.3294714391231537,3.993149757385254,0,0.6000000238418579,-10377585.0
231007987,0.6881051659584045,0.14670303463935852,3.863154172897339,0,0.6000000238418579,-10377585.0
231017974,0.6498298048973083,0.6036406755447388,3.6854312419891357,0,0.6000000238418579,-10377585.0
231027650,1.0092132091522217,0.409914493560791,3.8462026119232178,0,0.6000000238418579,-10377585.0
231037681,0.9116590619087219,0.5566222667694092,3.739992618560791,0,0.6000000238418579,-10377585.0
231047564,0.7202486395835876,0.6818773746490479,3.7227771282196045,0,0.6000000238418579,-10377585.0
231057966,0.8707937002182007,0.17392182350158691,3.913843870162964,0,0.6000000238418579,-10377585.0
231067938,0.7225672602653503,0.07786541432142258,3.8150105476379395,0,0.6000000238418579,-10377585.0
231077689,0.7044068574905396,0.07926895469427109,3.768014669418335,0,0.6000000238418579,-10377585.0
231087655,0.6242924928665161,0.029558751732110977,3.8128597736358643,0,0.6000000238418579,-10377585.0
231097657,0.453235924243927,0.22826680541038513,3.6476874351501465,0,0.6000000238418579,-10377585.0
231107933,0.7741455435752869,0.14573734998703003,3.904542922973633,0,0.6000000238418579,-10377585.0
231118013,0.8082284331321716,0.09098055958747864,4.024012565612793,0,0.6000000238418579,-10377585.0
231127618,0.5185417532920837,0.5993533134460449,4.033952713012695,0,0.6000000238418579,-10377585.0
231137625,0.737898051738739,0.7151695489883423,4.3386640548706055,0,0.6000000238418579,-10377585.0
231147624,0.5462764501571655,0.3944704830646515,4.274395942687988,0,0.6000000238418579,-10377585.0
231158042,0.3825782239437103,0.6235200762748718,4.185294151306152,0,0.6000000238418579,-10377585.0
231168313,0.5537205934524536,0.6147024631500244,4.335558891296387,0,0.6000000238418579,-10377585.0
231177670,0.660091757774353,0.05880870670080185,4.347601413726807,0,0.6000000238418579,-10377585.0
231187618,0.8093682527542114,-0.00042292731814086437,4.581221580505371,0,0.6000000238418579,-10377585.0
231197670,0.7677781581878662,0.13673561811447144,4.688315391540527,0,0.6000000238418579,-10377585.0
231207982,0.4165901243686676,0.09677233546972275,4.660271644592285,0,0.6000000238418579,-10377585.0
231218030,0.6023385524749756,0.3076186776161194,4.835487365722656,0,0.6000000238418579,-10377585.0
231227622,0.5050513744354248,0.5070840120315552,4.789697170257568,0,0.6000000238418579,-10377585.0
231237733,0.3937172293663025,0.5549879670143127,4.792486667633057,0,0.6000000238418579,-10377585.0
231247699,0.6694623827934265,0.7369744777679443,4.999942779541016,0,0.6000000238418579,-10377585.0
231257943,0.7302226424217224,0.5424745678901672,5.095149517059326,0,0.6000000238418579,-10377585.0
231267906,0.568557620048523,0.26192566752433777,5.115840911865234,0,0.6000000238418579,-10377585.0
231277704,0.42941853404045105,0.37966981530189514,5.155761241912842,0,0.6000000238418579,-10377585.0
231287648,0.37003278732299805,0.35220155119895935,5.151491641998291,0,0.6000000238418579,-10377585.0
231297693,0.6145635843276978,-0.037760891020298004,5.2589874267578125,0,0.6000000238418579,-10377585.0
231307911,0.6334608197212219,0.1784287691116333,5.407438278198242,0,0.6000000238418579,-10377585.0
231317977,0.41073277592658997,0.5451474189758301,5.4305291175842285,0,0.6000000238418579,-10377585.0
231327601,0.47548097372055054,0.12578974664211273,5.612776756286621,0,0.6000000238418579,-10377585.0
231337665,0.6377812623977661,0.017022861167788506,5.861722946166992,0,0.6000000238418579,-10377585.0
231347567,0.2644188404083252,0.4343167245388031,5.748484134674072,0,0.6000000238418579,-10377585.0
231358031,0.4676484167575836,0.279762864112854,5.945066928863525,0,0.6000000238418579,-10377585.0
231368303,0.6605051159858704,0.2265617549419403,6.0110697746276855,0,0.6000000238418579,-10377585.0
231377680,0.350523442029953,0.5933777093887329,5.908632755279541,0,0.6000000238418579,-10377585.0
231387636,0.3725133538246155,0.49490422010421753,5.947552680969238,0,0.6000000238418579,-10377585.0
231397666,0.39788129925727844,0.05535571277141571,6.0907158851623535,0,0.6000000238418579,-10377585.0
231407962,0.28256747126579285,-0.03651350736618042,6.020352363586426,0,0.6000000238418579,-10377585.0
231418020,0.34255677461624146,-0.21606135368347168,6.210266590118408,0,0.6000000238418579,-10377585.0
231427628,0.1379237025976181,-0.060658007860183716,6.141008377075195,0,0.6000000238418579,-10377585.0
231437686,0.1564551293849945,0.21025629341602325,6.14366340637207,0,0.6000000238418579,-10377585.0
231447619,0.19571495056152344,0.10086223483085632,6.250861167907715,0,0.6000000238418579,-10377585.0
231457990,-0.05550873279571533,0.38065072894096375,6.200408458709717,0,0.6000000238418579,-10377585.0
231467945,-0.23770105838775635,0.6976966857910156,6.155987739562988,0,0.6000000238418579,-10377585.0
231477745,-0.2745532691478729,0.13396169245243073,6.270051002502441,0,0.6000000238418579,-10377585.0
231487623,-0.5551134347915649,-0.14212645590305328,6.052911281585693,0,0.6000000238418579,-10377585.0
231497651,-0.42514854669570923,0.15983344614505768,6.117101192474365,0,0.6000000238418579,-10377585.0
231507958,-0.35812538862228394,-0.08367467671632767,6.128198623657227,0,0.6000000238418579,-10377585.0
231517961,-0.38732677698135376,-0.28860798478126526,6.084300518035889,0,0.6000000238418579,-10377585.0
231527610,-0.4565727710723877,0.09544098377227783,6.165550231933594,0,0.6000000238418579,-10377585.0
231537692,-0.8246903419494629,0.15711815655231476,5.950613498687744,0,0.6000000238418579,-10377585.0
231547566,-0.7255892753601074,-0.25265488028526306,5.954707145690918,0,0.6000000238418579,-10377585.0
231558052,-0.8448848724365234,0.044527679681777954,5.935373306274414,0,0.6000000238418579,-10377585.0
231568300,-1.2126530408859253,0.4214405417442322,5.6470184326171875,0,0.6000000238418579,-10377585.0
231577673,-0.7176424860954285,0.24975498020648956,5.923834800720215,0,0.6000000238418579,-10377585.0
231587678,-0.7299301028251648,0.02277298830449581,5.8581624031066895,0,0.6000000238418579,-10377585.0
231597679,-0.9813849329948425,0.10011523216962814,5.571047782897949,0,0.6000000238418579,-10377585.0
231607855,-0.8980665802955627,-0.05535648390650749,5.7326250076293945,0,0.6000000238418579,-10377585.0
231617955,-1.056531548500061,0.008468321524560452,5.461353302001953,0,0.6000000238418579,-10377585.0
231627657,-1.1963510513305664,-0.0013970407890155911,5.419213771820068,0,0.6000000238418579,-10377585.0
231637731,-1.2539994716644287,-0.11251147836446762,5.488663196563721,0,0.6000000238418579,-10377585.0
231647626,-1.6548564434051514,0.16119998693466187,5.1325364112854,0,0.6000000238418579,-10377585.0
231657926,-1.3430603742599487,0.09074801951646805,5.201168537139893,0,0.6000000238418579,-10377585.0
231667879,-1.40067458152771,-0.0052528707310557365,5.076772689819336,0,0.6000000238418579,-10377585.0
231677699,-1.6549190282821655,0.7199736833572388,4.801215648651123,0,0.6000000238418579,-10377585.0
231687678,-1.2372784614562988,0.4728092551231384,5.097754955291748,0,0.6000000238418579,-10377585.0
231697707,-1.2661172151565552,-0.27204689383506775,4.999446868896484,0,0.6000000238418579,-10377585.0
231707921,-1.4649654626846313,0.0792129710316658,4.908404350280762,0,0.6000000238418579,-10377585.0
231717959,-1.3616321086883545,0.030320528894662857,4.894448757171631,0,0.6000000238418579,-10377585.0
231727564,-1.56768000125885,-0.5261154770851135,4.619184494018555,0,0.6000000238418579,-10377585.0
231737651,-1.4227745532989502,-0.32851722836494446,4.686713218688965,0,0.6000000238418579,-10377585.0
231747658,-1.6886248588562012,-0.10683122277259827,4.5516037940979,0,0.6000000238418579,-10377585.0
231758078,-1.8870989084243774,-0.08054030686616898,4.366325378417969,0,0.6000000238418579,-10377585.0
231768312,-1.4648942947387695,0.06636667251586914,4.573657035827637,0,0.6000000238418579,-10377585.0
231777687,-1.668161153793335,0.1777234673500061,4.299909591674805,0,0.6000000238418579,-10377585.0
231787651,-1.7217910289764404,0.2742678225040436,4.123205184936523,0,0.6000000238418579,-10377585.0
231797630,-1.309451699256897,0.24114562571048737,4.202126502990723,0,0.6000000238418579,-10377585.0
231807963,-1.524463415145874,0.049013059586286545,3.959808111190796,0,0.6000000238418579,-10377585.0
231817964,-1.5388838052749634,-0.12018787115812302,3.946709394454956,0,0.6000000238418579,-10377585.0
231827557,-1.573346734046936,-0.03617945313453674,4.0454535484313965,0,0.6000000238418579,-10377585.0
231837664,-1.8201230764389038,0.06552208960056305,3.8091578483581543,0,0.6000000238418579,-10377585.0
231847689,-1.5172852277755737,-0.34336644411087036,3.9221138954162598,0,0.6000000238418579,-10377585.0
231857930,-1.6369487047195435,-0.09523437172174454,3.7938027381896973,0,0.6000000238418579,-10377585.0
231867950,-1.7980597019195557,0.4440915286540985,3.555279016494751,0,0.6000000238418579,-10377585.0
231877712,-1.332168459892273,0.09254436194896698,3.785735845565796,0,0.6000000238418579,-10377585.0
231887666,-1.4252246618270874,0.2309628278017044,3.694934606552124,0,0.6000000238418579,-10377585.0
231897674,-1.7922476530075073,0.5994796752929688,3.536317825317383,0,0.6000000238418579,-10377585.0
231907923,-1.4628511667251587,0.060455337166786194,3.6832358837127686,0,0.6000000238418579,-10377585.0
231917914,-1.326185703277588,-0.06050645932555199,3.5480029582977295,0,0.6000000238418579,-10377585.0
231927632,-1.3575254678726196,0.08882343769073486,3.4394118785858154,0,0.6000000238418579,-10377585.0
231937674,-1.3256568908691406,-0.055063627660274506,3.425930976867676,0,0.6000000238418579,-10377585.0
231947685,-1.4518401622772217,-0.10810719430446625,3.2440025806427,0,0.6000000238418579,-10377585.0
231958139,-1.4491558074951172,-0.1405181586742401,3.2889647483825684,0,0.6000000238418579,-10377585.0
231968304,-1.5784164667129517,-0.16166390478610992,3.263258218765259,0,0.6000000238418579,-10377585.0
231977679,-1.7648102045059204,0.26693254709243774,3.1622161865234375,0,0.6000000238418579,-10377585.0
231987635,-1.4364535808563232,0.285118043422699,3.280928373336792,0,0.6000000238418579,-10377585.0
231997664,-1.6743674278259277,0.10114843398332596,3.1829898357391357,0,0.6000000238418579,-10377585.0
232007968,-2.0009050369262695,0.46157974004745483,2.9856815338134766,0,0.6000000238418579,-10377585.0
232017981,-1.8899718523025513,0.422792911529541,3.04742693901062,0,0.6000000238418579,-10377585.0
232027649,-1.8536038398742676,-0.1685905009508133,3.036167860031128,0,0.6000000238418579,-10377585.0
232037685,-1.854880928993225,-0.11459474265575409,3.0533783435821533,0,0.6000000238418579,-10377585.0
232047633,-1.8867716789245605,0.08691350370645523,3.118587017059326,0,0.6000000238418579,-10377585.0
232057986,-1.8422237634658813,-0.2989651560783386,2.9212310314178467,0,0.6000000238418579,-10377585.0
232067931,-1.578935980796814,-0.24408723413944244,3.1528987884521484,0,0.6000000238418579,-10377585.0
232077679,-1.7946540117263794,0.06561378389596939,2.9547746181488037,0,0.6000000238418579,-10377585.0
232087619,-1.8239628076553345,0.16479118168354034,3.0136964321136475,0,0.6000000238418579,-10377585.0
232097710,-1.6137040853500366,0.2891536355018616,3.167180299758911,0,0.6000000238418579,-10377585.0
232107966,-1.9003055095672607,0.36140671372413635,3.0857512950897217,0,0.6000000238418579,-10377585.0
232117992,-1.9222502708435059,0.23632994294166565,3.084805488586426,0,0.6000000238418579,-10377585.0
232127621,-1.6757256984710693,-0.07557816803455353,3.3625285625457764,0,0.6000000238418579,-10377585.0
232137714,-1.7208082675933838,-0.32412028312683105,3.129441976547241,0,0.6000000238418579,-10377585.0
232147608,-1.3531330823898315,-0.43248188495635986,3.323073148727417,0,0.6000000238418579,-10377585.0
232158029,-1.28782320022583,-0.3345378041267395,3.3505876064300537,0,0.6000000238418579,-10377585.0
232168336,-1.4267265796661377,-0.008990073576569557,3.296966075897217,0,0.6000000238418579,-10377585.0
232177676,-1.30134117603302,-0.02845272235572338,3.5859363079071045,0,0.6000000238418579,-10377585.0
232187669,-1.7228827476501465,0.07647011429071426,3.4333279132843018,0,0.6000000238418579,-10377585.0
232197667,-1.6143238544464111,0.6001711487770081,3.532473087310791,0,0.6000000238418579,-10377585.0
232207945,-1.1750524044036865,0.24715693295001984,3.7798993587493896,0,0.6000000238418579,-10377585.0
232217965,-1.265540599822998,0.05291082337498665,3.549797296524048,0,0.6000000238418579,-10377585.0
232227656,-1.0002202987670898,0.26721420884132385,3.8199355602264404,0,0.6000000238418579,-10377585.0
232237699,-1.0308246612548828,-0.09465117752552032,3.8775687217712402,0,0.6000000238418579,-10377585.0
232247648,-1.1562379598617554,-0.441059410572052,3.915330171585083,0,0.6000000238418579,-10377585.0
232257942,-1.2320977449417114,-0.016699189320206642,4.173084735870361,0,0.6000000238418579,-10377585.0
232267903,-1.5864226818084717,0.1526816040277481,3.969149112701416,0,0.6000000238418579,-10377585.0
232277677,-1.1591835021972656,-0.07411501556634903,4.100580215454102,0,0.6000000238418579,-10377585.0
232287655,-0.8885623216629028,0.059076517820358276,4.3090410232543945,0,0.6000000238418579,-10377585.0
232297677,-1.2280819416046143,0.5602220296859741,4.042675495147705,0,0.6000000238418579,-10377585.0
232307896,-0.9487735629081726,0.2643502652645111,4.459083557128906,0,0.6000000238418579,-10377585.0
232318002,-0.7595824003219604,-0.14104804396629333,4.559121131896973,0,0.6000000238418579,-10377585.0
232327634,-1.1088143587112427,0.0010573618346825242,4.423986911773682,0,0.6000000238418579,-10377585.0
232337712,-1.0528359413146973,-0.07457536458969116,4.668116092681885,0,0.6000000238418579,-10377585.0
232347683,-1.4700816869735718,-0.27363625168800354,4.374389171600342,0,0.6000000238418579,-10377585.0
232358058,-1.5141630172729492,-0.05311001464724541,4.378630638122559,0,0.6000000238418579,-10377585.0
232368297,-1.523949384689331,0.002899430226534605,4.589686870574951,0,0.6000000238418579,-10377585.0
232377682,-1.7902109622955322,0.2560904026031494,4.429323673248291,0,0.6000000238418579,-10377585.0
232387647,-1.3221253156661987,0.5570549368858337,4.892660140991211,0,0.6000000238418579,-10377585.0
232397647,-1.2140921354293823,0.07694816589355469,4.899681091308594,0,0.6000000238418579,-10377585.0
232407963,-1.2695752382278442,0.2510891258716583,4.905802249908447,0,0.6000000238418579,-10377585.0
232417951,-0.9816949963569641,0.4580235779285431,5.1017842292785645,0,0.6000000238418579,-10377585.0
232427612,-1.2951083183288574,-0.17274446785449982,4.90700626373291,0,0.6000000238418579,-10377585.0
232437666,-1.1811370849609375,-0.31282365322113037,4.9915032386779785,0,0.6000000238418579,-10377585.0
232447638,-1.2635291814804077,0.04128468409180641,5.134426116943359,0,0.6000000238418579,-10377585.0
232457996,-1.4143297672271729,-0.0829789787530899,4.95125150680542,0,0.6000000238418579,-10377585.0
232467922,-0.8858180642127991,-0.15032362937927246,5.449128150939941,0,0.6000000238418579,-10377585.0
232477695,-1.1090409755706787,0.33180126547813416,5.245225429534912,0,0.6000000238418579,-10377585.0
232487641,-1.214353084564209,0.6550164818763733,5.210732936859131,0,0.6000000238418579,-10377585.0
232497686,-0.8187510967254639,0.3786677122116089,5.4969587326049805,0,0.6000000238418579,-10377585.0
232507910,-1.1129870414733887,0.27320608496665955,5.311030387878418,0,0.6000000238418579,-10377585.0
232517967,-1.0185023546218872,0.28723493218421936,5.404991149902344,0,0.6000000238418579,-10377585.0
232527619,-0.477280855178833,0.19074566662311554,5.751079082489014,0,0.6000000238418579,-10377585.0
232537681,-0.3925149440765381,0.2292531132698059,5.632087707519531,0,0.6000000238418579,-10377585.0
232547641,-0.1850377917289734,-0.023246636614203453,5.769444942474365,0,0.6000000238418579,-10377585.0
232558077,-0.32818710803985596,-0.0631256178021431,5.7633748054504395,0,0.6000000238418579,-10377585.0
232568320,-0.6562536358833313,0.14499405026435852,5.565535545349121,0,0.6000000238418579,-10377585.0
232577698,-0.3804244101047516,-0.19154147803783417,5.808082103729248,0,0.6000000238418579,-10377585.0
232587662,-0.4040277302265167,-0.055633898824453354,5.735937595367432,0,0.6000000238418579,-10377585.0
232597690,-0.47609764337539673,0.6518633365631104,5.7454094886779785,0,0.6000000238418579,-10377585.0
232607945,-0.00458138482645154,0.31188246607780457,5.937099933624268,0,0.6000000238418579,-10377585.0
232617963,-0.0015083490870893002,0.13040293753147125,5.89410400390625,0,0.6000000238418579,-10377585.0
232627642,0.041644640266895294,0.6704387664794922,5.864797592163086,0,0.6000000238418579,-10377585.0
232637717,0.31288132071495056,0.3524870276451111,6.0183796882629395,0,0.6000000238418579,-10377585.0
232647657,0.37427425384521484,-0.055354420095682144,5.913490295410156,0,0.6000000238418579,-10377585.0
232657980,0.31110185384750366,0.12792491912841797,5.945659160614014,0,0.6000000238418579,-10377585.0
232667908,0.17124615609645844,0.1672569066286087,5.8416643142700195,0,0.6000000238418579,-10377585.0
232677690,0.2767072319984436,-0.04068874195218086,5.808095455169678,0,0.6000000238418579,-10377585.0
232687659,0.5053704380989075,0.2887023091316223,6.015614032745361,0,0.6000000238418579,-10377585.0
232697683,0.29322898387908936,0.7293310165405273,5.91318416595459,0,0.6000000238418579,-10377585.0
232707988,0.483867883682251,0.5226559042930603,6.005087852478027,0,0.6000000238418579,-10377585.0
232718003,0.8214845657348633,0.3057385981082916,6.171518325805664,0,0.6000000238418579,-10377585.0
232727684,0.43174493312835693,0.5652596354484558,5.826163291931152,0,0.6000000238418579,-10377585.0
232737721,0.6893754601478577,0.387011855840683,5.9149017333984375,0,0.6000000238418579,-10377585.0
232747626,1.010412573814392,0.05834443122148514,6.04114294052124,0,0.6000000238418579,-10377585.0
232758079,0.8591207265853882,0.06792404502630234,5.879725933074951,0,0.6000000238418579,-10377585.0
232768376,0.96898353099823,0.03477780893445015,6.091445446014404,0,0.6000000238418579,-10377585.0
232777726,0.7935184240341187,-0.03774106502532959,5.917897701263428,0,0.6000000238418579,-10377585.0
232787666,0.8055018782615662,0.2528860867023468,5.69956111907959,0,0.6000000238418579,-10377585.0
232797736,0.890958309173584,0.255327433347702,5.619491100311279,0,0.6000000238418579,-10377585.0
232807929,0.665743887424469,0.4865284562110901,5.324512481689453,0,0.6000000238418579,-10377585.0
232817995,1.077599287033081,0.7670435905456543,5.548518657684326,0,0.6000000238418579,-10377585.0
232827638,1.262718677520752,0.45211586356163025,5.693915843963623,0,0.6000000238418579,-10377585.0
232837716,1.0760794878005981,0.23982597887516022,5.4202189445495605,0,0.6000000238418579,-10377585.0
232847628,1.0530548095703125,0.3092634677886963,5.454132080078125,0,0.6000000238418579,-10377585.0
232857976,0.8353263735771179,0.049698978662490845,5.039218425750732,0,0.6000000238418579,-10377585.0
232867911,1.077689290046692,-0.10830403864383698,4.970578670501709,0,0.6000000238418579,-10377585.0
232877758,1.3099066019058228,0.34481188654899597,5.116648197174072,0,0.6000000238418579,-10377585.0
232887658,1.0216529369354248,0.6287122964859009,4.810070514678955,0,0.6000000238418579,-10377585.0
232897675,1.2687495946884155,0.18780680000782013,5.052150249481201,0,0.6000000238418579,-10377585.0
232907915,1.267607569694519,0.10940034687519073,4.908263206481934,0,0.6000000238418579,-10377585.0
232917967,0.7321355938911438,0.510205864906311,4.496801853179932,0,0.6000000238418579,-10377585.0
232927646,0.988088846206665,0.49349626898765564,4.552435398101807,0,0.6000000238418579,-10377585.0
232937682,1.1159969568252563,0.40328672528266907,4.408613204956055,0,0.6000000238418579,-10377585.0
232947694,1.0220766067504883,0.6148627996444702,4.256592750549316,0,0.6000000238418579,-10377585.0
232958079,1.3469223976135254,0.36949270963668823,4.490909099578857,0,0.6000000238418579,-10377585.0
232968316,1.3180564641952515,0.023448342457413673,4.382449626922607,0,0.6000000238418579,-10377585.0
232977726,1.2171889543533325,0.1043509840965271,4.312846660614014,0,0.6000000238418579,-10377585.0
232987624,1.0305479764938354,-0.03589366003870964,4.145434379577637,0,0.6000000238418579,-10377585.0
232997662,0.7892247438430786,0.10074407607316971,3.888727903366089,0,0.6000000238418579,-10377585.0
233007929,1.1130813360214233,0.4141889214515686,4.010502815246582,0,0.6000000238418579,-10377585.0
233017920,1.1349337100982666,0.333127498626709,4.025004863739014,0,0.6000000238418579,-10377585.0
233027574,0.9262993931770325,0.6007981896400452,3.875092029571533,0,0.6000000238418579,-10377585.0
233037698,1.1763089895248413,0.7325334548950195,4.06695032119751,0,0.6000000238418579,-10377585.0
233047628,1.1362971067428589,0.22604674100875854,3.9296207427978516,0,0.6000000238418579,-10377585.0
233057998,0.8849637508392334,0.3181523084640503,3.754716634750366,0,0.6000000238418579,-10377585.0
233067851,0.9122987985610962,0.5484239459037781,3.693089008331299,0,0.6000000238418579,-10377585.0
233077695,0.844233512878418,0.027152521535754204,3.6285016536712646,0,0.6000000238418579,-10377585.0
233087620,1.0875649452209473,-0.12082386016845703,3.6983771324157715,0,0.6000000238418579,-10377585.0
233097673,1.0814613103866577,0.2094237059354782,3.7330048084259033,0,0.6000000238418579,-10377585.0
233107987,0.8518015146255493,0.2451164871454239,3.538959264755249,0,0.6000000238418579,-10377585.0
233117984,1.036853313446045,0.13202694058418274,3.6457359790802,0,0.6000000238418579,-10377585.0
233127657,0.9547767043113708,0.24433109164237976,3.547950267791748,0,0.6000000238418579,-10377585.0
233137668,0.5849155187606812,0.39918816089630127,3.3707385063171387,0,0.6000000238418579,-10377585.0
233147648,0.7795853614807129,0.5417866706848145,3.483090877532959,0,0.6000000238418579,-10377585.0
233158066,1.0049816370010376,0.5380062460899353,3.5192248821258545,0,0.6000000238418579,-10377585.0
233168291,1.117910623550415,0.3055824637413025,3.5536911487579346,0,0.6000000238418579,-10377585.0
233177692,1.0370209217071533,0.40696045756340027,3.622105836868286,0,0.6000000238418579,-10377585.0
233187632,1.1519862413406372,0.4520696699619293,3.5162923336029053,0,0.6000000238418579,-10377585.0
233197630,1.5888694524765015,-0.19043046236038208,3.752092123031616,0,0.6000000238418579,-10377585.0
233207960,1.5859897136688232,-0.17793990671634674,3.732914924621582,0,0.6000000238418579,-10377585.0
233217990,1.4515992403030396,0.12530146539211273,3.6500957012176514,0,0.6000000238418579,-10377585.0
233227635,1.7306846380233765,0.16884030401706696,3.92144513130188,0,0.6000000238418579,-10377585.0
233237685,1.7154265642166138,0.43337297439575195,3.9056448936462402,0,0.6000000238418579,-10377585.0
233247640,1.6977444887161255,0.19125360250473022,3.93169903755188,0,0.6000000238418579,-10377585.0
233257974,1.4060118198394775,0.16426658630371094,4.0786027908325195,0,0.6000000238418579,-10377585.0
233267938,1.165480136871338,0.7472842931747437,3.773221731185913,0,0.6000000238418579,-10377585.0
233277670,1.232231855392456,0.218536376953125,4.04117488861084,0,0.6000000238418579,-10377585.0
233287638,0.8606743216514587,0.002824036870151758,3.86010479927063,0,0.6000000238418579,-10377585.0
233297687,0.4807080626487732,0.5517984628677368,3.7300140857696533,0,0.6000000238418579,-10377585.0
233307926,0.9023603200912476,0.17955951392650604,3.9605109691619873,0,0.6000000238418579,-10377585.0
233318009,1.0145939588546753,-0.09052407741546631,3.8847153186798096,0,0.6000000238418579,-10377585.0
233327656,1.129028081893921,0.18963833153247833,3.9960293769836426,0,0.6000000238418579,-10377585.0
233337653,0.9946789741516113,-0.04265835881233215,4.0549235343933105,0,0.6000000238418579,-10377585.0
233347652,0.7646276950836182,0.18158559501171112,3.9020071029663086,0,0.6000000238418579,-10377585.0
233358069,0.9816332459449768,0.23687058687210083,4.166476249694824,0,0.6000000238418579,-10377585.0
233368296,0.8239743709564209,0.18368908762931824,4.154289245605469,0,0.6000000238418579,-10377585.0
233377744,0.6283516883850098,0.8610677719116211,4.1526288986206055,0,0.6000000238418579,-10377585.0
233387613,0.9442723393440247,0.7770534157752991,4.42017126083374,0,0.6000000238418579,-10377585.0
233397711,0.935917854309082,0.12610003352165222,4.378268241882324,0,0.6000000238418579,-10377585.0
233407926,0.7916648983955383,0.4044131934642792,4.492199420928955,0,0.6000000238418579,-10377585.0
233417941,0.8164406418800354,0.27421489357948303,4.570004463195801,0,0.6000000238418579,-10377585.0
233427563,0.7663975358009338,-0.22204722464084625,4.5536699295043945,0,0.6000000238418579,-10377585.0
233437672,0.8137646913528442,-0.020283546298742294,4.6971259117126465,0,0.6000000238418579,-10377585.0
233447675,0.6636121869087219,0.1377066969871521,4.646540641784668,0,0.6000000238418579,-10377585.0
233457943,0.5255053639411926,0.060653407126665115,4.64253568649292,0,0.6000000238418579,-10377585.0
233467930,0.7057408690452576,0.3020990788936615,4.820916652679443,0,0.6000000238418579,-10377585.0
233477695,0.7659902572631836,0.08097700029611588,4.895427703857422,0,0.6000000238418579,-10377585.0
233487673,0.5668811798095703,0.24503158032894135,4.932672500610352,0,0.6000000238418579,-10377585.0
233497667,0.7317805886268616,0.672183096408844,5.052787780761719,0,0.6000000238418579,-10377585.0
233507932,0.8074356317520142,0.11069603264331818,5.150532245635986,0,0.6000000238418579,-10377585.0
233517963,0.7549230456352234,-0.03126854449510574,5.173325061798096,0,0.6000000238418579,-10377585.0
233527651,0.48060253262519836,0.3557712435722351,5.173500061035156,0,0.6000000238418579,-10377585.0
233537725,0.36432820558547974,-0.08856488764286041,5.1930952072143555,0,0.6000000238418579,-10377585.0
233547632,0.4970124661922455,-0.48211532831192017,5.254777908325195,0,0.6000000238418579,-10377585.0
233558085,0.43625062704086304,0.14867466688156128,5.389882564544678,0,0.6000000238418579,-10377585.0
233568332,0.04430108144879341,0.4306054711341858,5.326645374298096,0,0.6000000238418579,-10377585.0
233577717,0.23887191712856293,0.36536821722984314,5.531397819519043,0,0.6000000238418579,-10377585.0
233587629,0.4204910099506378,0.4889068901538849,5.7756571769714355,0,0.6000000238418579,-10377585.0
233597716,0.15905824303627014,0.5714308023452759,5.674012184143066,0,0.6000000238418579,-10377585.0
233607978,0.29860037565231323,0.29454368352890015,5.840381622314453,0,0.6000000238418579,-10377585.0
233618016,0.474872887134552,0.06819158047437668,5.891232013702393,0,0.6000000238418579,-10377585.0
233627605,0.34794336557388306,-0.20170818269252777,5.737617492675781,0,0.6000000238418579,-10377585.0
233637685,0.24261459708213806,-0.24526681005954742,5.890590667724609,0,0.6000000238418579,-10377585.0
233647668,-0.1419580578804016,0.08903563022613525,5.685377597808838,0,0.6000000238418579,-10377585.0
233657936,-0.13507993519306183,0.12291932851076126,5.7763190269470215,0,0.6000000238418579,-10377585.0
233667928,0.18724285066127777,-0.025490112602710724,5.965138912200928,0,0.6000000238418579,-10377585.0
233677728,-0.1350206583738327,0.45962822437286377,5.827744960784912,0,0.6000000238418579,-10377585.0
233687626,-0.05177314206957817,0.6560087203979492,5.78463077545166,0,0.6000000238418579,-10377585.0
233697636,0.16953220963478088,0.030748507007956505,5.934489727020264,0,0.6000000238418579,-10377585.0
233707857,-0.23793116211891174,0.03280327469110489,5.767571449279785,0,0.6000000238418579,-10377585.0
233717932,-0.3506205081939697,0.18510250747203827,5.876110553741455,0,0.6000000238418579,-10377585.0
233727620,-0.43677204847335815,-0.23708945512771606,5.942814826965332,0,0.6000000238418579,-10377585.0
233737779,-0.4090515375137329,-0.15332821011543274,5.909396171569824,0,0.6000000238418579,-10377585.0
233747686,-0.22599807381629944,-0.05574150010943413,5.9000091552734375,0,0.6000000238418579,-10377583.0
233758064,-0.5324762463569641,-0.027681665495038033,5.771318435668945,0,0.6000000238418579,-10377583.0
233768257,-0.3817962408065796,0.28312981128692627,5.805842876434326,0,0.6000000238418579,-10377583.0
233777664,-0.31151384115219116,0.2902921140193939,6.1161417961120605,0,0.6000000238418579,-10377583.0
233787619,-0.9131378531455994,0.3902261257171631,5.970208168029785,0,0.6000000238418579,-10377583.0
233797697,-1.123152256011963,0.7134496569633484,5.99024772644043,0,0.6000000238418579,-10377583.0
233807894,-1.0041077136993408,0.47620096802711487,5.9090070724487305,0,0.6000000238418579,-10377583.0
233817947,-1.018086552619934,-0.195675790309906,5.562521934509277,0,0.6000000238418579,-10377583.0
233827615,-0.9194117188453674,-0.18108440935611725,5.629170894622803,0,0.6000000238418579,-10377583.0
233837719,-1.1539995670318604,0.09714965522289276,5.4462785720825195,0,0.6000000238418579,-10377583.0
233847666,-1.3224788904190063,-0.17706069350242615,5.452682018280029,0,0.6000000238418579,-10377583.0
233857958,-1.0881989002227783,-0.057439032942056656,5.671208381652832,0,0.6000000238418579,-10377583.0
233867893,-1.5337163209915161,0.4006914496421814,5.3607354164123535,0,0.6000000238418579,-10377583.0
233877680,-1.6073086261749268,0.3933767080307007,5.275641918182373,0,0.6000000238418579,-10377583.0
233887654,-1.2547214031219482,0.08343716710805893,5.352993965148926,0,0.6000000238418579,-10377583.0
233897654,-1.5478034019470215,0.2467939406633377,5.126650333404541,0,0.6000000238418579,-10377583.0
233907947,-1.599183440208435,0.29399463534355164,5.224390983581543,0,0.6000000238418579,-10377583.0
233917938,-1.360716700553894,0.07039304077625275,5.366522312164307,0,0.6000000238418579,-10377583.0
233927662,-1.5177937746047974,0.09213842451572418,5.229523181915283,0,0.6000000238418579,-10377583.0
233937727,-1.5544599294662476,0.0013003445928916335,5.10566520690918,0,0.6000000238418579,-10377583.0
233947699,-1.756407618522644,-0.07882245630025864,4.882970809936523,0,0.6000000238418579,-10377583.0
233958041,-1.8555504083633423,-0.0748593807220459,4.669412136077881,0,0.6000000238418579,-10377583.0
233968289,-1.8409391641616821,-0.3115640878677368,4.760217666625977,0,0.6000000238418579,-10377583.0
233977658,-2.082331895828247,-0.0012529511004686356,4.644219875335693,0,0.6000000238418579,-10377583.0
233987619,-2.2831387519836426,0.574788510799408,4.557776927947998,0,0.6000000238418579,-10377583.0
233997687,-1.9606068134307861,0.4011196494102478,4.6265950202941895,0,0.6000000238418579,-10377583.0
234007938,-1.9282270669937134,0.18066415190696716,4.492213249206543,0,0.6000000238418579,-10377583.0
234017943,-1.9976296424865723,0.4248567223548889,4.354856967926025,0,0.6000000238418579,-10377583.0
234027661,-1.8593213558197021,0.31325414776802063,4.365235805511475,0,0.6000000238418579,-10377583.0
234037681,-1.9278182983398438,-0.26403385400772095,4.244557857513428,0,0.6000000238418579,-10377583.0
234047641,-1.9446161985397339,-0.05109897628426552,4.299415111541748,0,0.6000000238418579,-10377583.0
234057978,-2.050647497177124,0.1436908096075058,4.164353847503662,0,0.6000000238418579,-10377583.0
234067904,-2.0713088512420654,0.028324881568551064,4.064222812652588,0,0.6000000238418579,-10377583.0
234077706,-1.7254838943481445,0.1207670122385025,4.074307918548584,0,0.6000000238418579,-10377583.0
234087663,-2.0242111682891846,0.3217964768409729,3.922865629196167,0,0.6000000238418579,-10377583.0
234097662,-2.1603829860687256,0.48155269026756287,3.770847797393799,0,0.6000000238418579,-10377583.0
234107873,-1.8501155376434326,0.5666723251342773,3.8980770111083984,0,0.6000000238418579,-10377583.0
234117947,-1.9985767602920532,0.41071000695228577,3.743758201599121,0,0.6000000238418579,-10377583.0
234127641,-1.9034956693649292,0.3500722050666809,3.7115590572357178,0,0.6000000238418579,-10377583.0
234137683,-1.7152179479599,0.3435109555721283,3.8052780628204346,0,0.6000000238418579,-10377583.0
234147637,-1.768342137336731,0.21939881145954132,3.542546272277832,0,0.6000000238418579,-10377583.0
234158162,-1.511168360710144,-0.07297516614198685,3.692673444747925,0,0.6000000238418579,-10377583.0
234168330,-1.7028294801712036,0.19440299272537231,3.5617878437042236,0,0.6000000238418579,-10377583.0
234177686,-2.1024482250213623,0.5445347428321838,3.3700454235076904,0,0.6000000238418579,-10377583.0
234187666,-1.7456458806991577,0.21287526190280914,3.551670551300049,0,0.6000000238418579,-10377583.0
234197658,-1.7785520553588867,0.4131942689418793,3.4090354442596436,0,0.6000000238418579,-10377583.0
234207934,-1.8510007858276367,0.7869498133659363,3.2833313941955566,0,0.6000000238418579,-10377583.0
234217959,-1.5699005126953125,0.49270927906036377,3.4187352657318115,0,0.6000000238418579,-10377583.0
234227620,-1.4767414331436157,0.45101702213287354,3.3391125202178955,0,0.6000000238418579,-10377583.0
234237681,-1.6085782051086426,0.3528732657432556,3.271627187728882,0,0.6000000238418579,-10377583.0
234247675,-1.5535695552825928,0.0047300695441663265,3.3895952701568604,0,0.6000000238418579,-10377583.0
234257902,-1.7260701656341553,0.14836032688617706,3.2408254146575928,0,0.6000000238418579,-10377583.0
234267935,-1.5230578184127808,0.1356770098209381,3.3094253540039062,0,0.6000000238418579,-10377583.0
234277726,-1.4819120168685913,0.04853086173534393,3.321927070617676,0,0.6000000238418579,-10377583.0
234287649,-1.7175980806350708,0.633789598941803,3.173021078109741,0,0.6000000238418579,-10377583.0
234297676,-1.4580078125,0.7681202292442322,3.2916486263275146,0,0.6000000238418579,-10377583.0
234307959,-1.3054972887039185,0.3406962454319,3.291297674179077,0,0.6000000238418579,-10377583.0
234317984,-1.4260979890823364,0.41729697585105896,3.277879238128662,0,0.6000000238418579,-10377583.0
234327688,-1.2452900409698486,0.45336514711380005,3.3826801776885986,0,0.6000000238418579,-10377583.0
234337667,-1.3296781778335571,-0.21476157009601593,3.3071296215057373,0,0.6000000238418579,-10377583.0
234347639,-1.290458083152771,-0.09080766886472702,3.3117167949676514,0,0.6000000238418579,-10377583.0
234358044,-1.560331106185913,0.398366242647171,3.2946603298187256,0,0.6000000238418579,-10377583.0
234368369,-1.7532273530960083,0.33874231576919556,3.1577935218811035,0,0.6000000238418579,-10377583.0
234377704,-1.4851938486099243,0.2250829041004181,3.384746789932251,0,0.6000000238418579,-10377583.0
234387652,-1.8212920427322388,0.46487098932266235,3.2708382606506348,0,0.6000000238418579,-10377583.0
234397667,-1.96436607837677,0.404501736164093,3.1638636589050293,0,0.6000000238418579,-10377583.0
234407904,-1.6135653257369995,0.23006844520568848,3.515584945678711,0,0.6000000238418579,-10377583.0
234417962,-1.920238971710205,0.4208245873451233,3.2383430004119873,0,0.6000000238418579,-10377583.0
234427627,-1.8772704601287842,0.40601179003715515,3.38604474067688,0,0.6000000238418579,-10377583.0
234437703,-1.691227912902832,0.22842708230018616,3.5641000270843506,0,0.6000000238418579,-10377583.0
234447677,-1.842393159866333,0.3107633590698242,3.510721206665039,0,0.6000000238418579,-10377583.0
234458005,-1.601479411125183,0.08124686032533646,3.7178120613098145,0,0.6000000238418579,-10377583.0
234467908,-1.5943222045898438,0.05115187540650368,3.8823399543762207,0,0.6000000238418579,-10377583.0
234477761,-1.735781192779541,0.13776570558547974,3.7962422370910645,0,0.6000000238418579,-10377583.0
234487614,-1.395254373550415,-0.1845177412033081,4.070015907287598,0,0.6000000238418579,-10377583.0
234497649,-1.707159161567688,0.05717267096042633,4.016941070556641,0,0.6000000238418579,-10377583.0
234507951,-1.9969755411148071,0.6353405714035034,3.956064462661743,0,0.6000000238418579,-10377583.0
234517976,-1.6413031816482544,0.20935730636119843,4.296387195587158,0,0.6000000238418579,-10377583.0
234527647,-1.5125012397766113,0.1856224089860916,4.362739086151123,0,0.6000000238418579,-10377583.0
234537670,-1.3570337295532227,0.6808342337608337,4.547965049743652,0,0.6000000238418579,-10377583.0
234547651,-1.0735079050064087,0.399636447429657,4.667004585266113,0,0.6000000238418579,-10377583.0
234558023,-1.1046611070632935,0.04651670902967453,4.641152858734131,0,0.6000000238418579,-10377583.0
234568318,-1.3218474388122559,0.23336155712604523,4.736173152923584,0,0.6000000238418579,-10377583.0
234577675,-1.6398181915283203,0.14027878642082214,4.744694232940674,0,0.6000000238418579,-10377583.0
234587674,-1.6297123432159424,-0.03953980654478073,4.7252197265625,0,0.6000000238418579,-10377583.0
234597687,-1.2239246368408203,0.1656869351863861,5.070708274841309,0,0.6000000238418579,-10377583.0
234607914,-1.261916160583496,0.3605765402317047,4.955348491668701,0,0.6000000238418579,-10377583.0
234617948,-1.173317551612854,0.33284467458724976,5.178587436676025,0,0.6000000238418579,-10377583.0
234627659,-0.8797701001167297,0.4244157373905182,5.346199989318848,0,0.6000000238418579,-10377583.0
234637677,-1.2469617128372192,0.6004766225814819,5.3080949783325195,0,0.6000000238418579,-10377583.0
234647684,-1.1551343202590942,0.5381818413734436,5.447829723358154,0,0.6000000238418579,-10377583.0
234657993,-0.8639090061187744,0.27323827147483826,5.656282424926758,0,0.6000000238418579,-10377583.0
234667929,-0.8820995092391968,0.11774499714374542,5.588000774383545,0,0.6000000238418579,-10377583.0
234677685,-0.7529194951057434,0.017843062058091164,5.8470916748046875,0,0.6000000238418579,-10377583.0
234687679,-0.8925353288650513,0.2568003833293915,5.815694808959961,0,0.6000000238418579,-10377583.0
234697688,-0.9855635762214661,0.27904370427131653,5.8387532234191895,0,0.6000000238418579,-10377583.0
234707968,-0.7837334871292114,-0.12887291610240936,5.986851215362549,0,0.6000000238418579,-10377580.0
234717905,-1.0152969360351562,0.19457001984119415,5.915861129760742,0,0.6000000238418579,-10377580.0
234727610,-1.101929783821106,0.5675094723701477,5.900934219360352,0,0.6000000238418579,-10377580.0
234737704,-0.6828318238258362,0.1595820039510727,6.0736823081970215,0,0.6000000238418579,-10377580.0
234747668,-0.5067740678787231,0.35188087821006775,6.0883684158325195,0,0.6000000238418579,-10377580.0
234758069,-0.7993276715278625,0.7846026420593262,5.995372295379639,0,0.6000000238418579,-10377580.0
234768291,-0.9275370836257935,0.3296142518520355,6.06011962890625,0,0.6000000238418579,-10377580.0
234777661,-1.0465669631958008,0.3346937298774719,5.966727256774902,0,0.6000000238418579,-10377580.0
234787642,-1.1944162845611572,0.5267021059989929,5.863786220550537,0,0.6000000238418579,-10377580.0
234797706,-0.9547863006591797,0.24396967887878418,5.892629623413086,0,0.6000000238418579,-10377580.0
234807935,-0.6595328450202942,0.2027212232351303,6.038764953613281,0,0.6000000238418579,-10377580.0
234817934,-0.5929321050643921,0.07083019614219666,5.978302478790283,0,0.6000000238418579,-10377580.0
234827670,-0.5089449286460876,-0.008949716575443745,6.102635383605957,0,0.6000000238418579,-10377580.0
234837694,-0.7632260918617249,0.38597044348716736,5.884795188903809,0,0.6000000238418579,-10377580.0
234847666,-0.8297421932220459,0.36630263924598694,5.8847246170043945,0,0.6000000238418579,-10377580.0
234857992,-0.7794825434684753,0.12348928302526474,5.891033172607422,0,0.6000000238418579,-10377580.0
234867932,-1.0804786682128906,0.5946791172027588,5.8191022872924805,0,0.6000000238418579,-10377580.0
234877683,-0.7031146883964539,0.7719033360481262,5.908250331878662,0,0.6000000238418579,-10377580.0
234887585,-0.1975783109664917,0.24202360212802887,6.181776523590088,0,0.6000000238418579,-10377580.0
234897647,0.09398791193962097,0.41480299830436707,6.0973663330078125,0,0.6000000238418579,-10377580.0
234907923,0.4256974458694458,0.6426375508308411,6.31213903427124,0,0.6000000238418579,-10377580.0
234917963,0.5449877381324768,0.18137334287166595,6.288516044616699,0,0.6000000238418579,-10377580.0
234927683,0.42194435000419617,-0.048738013952970505,6.133695602416992,0,0.6000000238418579,-10377580.0
234937724,0.28560057282447815,0.11835289001464844,6.119448184967041,0,0.6000000238418579,-10377580.0
234947641,0.0550028495490551,0.1269010305404663,6.087185859680176,0,0.6000000238418579,-10377580.0
234958054,0.19394904375076294,0.1505894958972931,6.127613067626953,0,0.6000000238418579,-10377580.0
234968293,0.6010434627532959,0.270401269197464,6.255398273468018,0,0.6000000238418579,-10377580.0
234977690,0.5326182246208191,0.3607313334941864,6.098783016204834,0,0.6000000238418579,-10377580.0
234987660,0.575273334980011,0.70433509349823,6.084537029266357,0,0.6000000238418579,-10377580.0
234997661,0.9281222820281982,0.7180734872817993,6.2230072021484375,0,0.6000000238418579,-10377580.0
235007952,0.8641630411148071,0.48360756039619446,6.178850173950195,0,0.6000000238418579,-10377580.0
235018001,0.8411215543746948,0.59522545337677,6.143514156341553,0,0.6000000238418579,-10377580.0
235027669,0.9914026260375977,0.44952264428138733,6.158647060394287,0,0.6000000238418579,-10377580.0
235037682,0.9651013612747192,-0.16614753007888794,5.929347515106201,0,0.6000000238418579,-10377580.0
235047698,1.0382951498031616,0.05657309666275978,5.902975082397461,0,0.6000000238418579,-10377580.0
235057927,1.0029797554016113,0.41475626826286316,5.774411201477051,0,0.6000000238418579,-10377580.0
235067905,1.1459341049194336,0.06270924210548401,5.7685136795043945,0,0.6000000238418579,-10377580.0
235077747,1.41962730884552,0.09397193044424057,5.910159587860107,0,0.6000000238418579,-10377580.0
235087642,1.0688786506652832,0.6472792625427246,5.59025764465332,0,0.6000000238418579,-10377580.0
235097665,1.1667678356170654,0.35268810391426086,5.575618743896484,0,0.6000000238418579,-10377580.0
235107939,1.4815704822540283,-0.003181084059178829,5.681817531585693,0,0.6000000238418579,-10377580.0
235117917,1.0459179878234863,0.527586817741394,5.393314361572266,0,0.6000000238418579,-10377580.0
235127631,1.1853220462799072,0.6957843899726868,5.45007848739624,0,0.6000000238418579,-10377580.0
235137748,1.605678915977478,0.17257213592529297,5.539646625518799,0,0.6000000238418579,-10377580.0
235147677,1.3877073526382446,0.2544556260108948,5.293248653411865,0,0.6000000238418579,-10377580.0
235158060,1.4543496370315552,0.19869089126586914,5.258081912994385,0,0.6000000238418579,-10377580.0
235168243,1.4627909660339355,-0.20020893216133118,5.16014289855957,0,0.6000000238418579,-10377580.0
235177730,1.2903339862823486,0.04705144464969635,4.8924665451049805,0,0.6000000238418579,-10377580.0
235187651,1.4301131963729858,0.21270030736923218,4.917557239532471,0,0.6000000238418579,-10377580.0
235197667,1.4167710542678833,0.15287204086780548,4.810975551605225,0,0.6000000238418579,-10377580.0
235207973,1.49965500831604,0.33852484822273254,4.7474870681762695,0,0.6000000238418579,-10377580.0
235217977,1.5622825622558594,0.0618109293282032,4.723487854003906,0,0.6000000238418579,-10377580.0
235227568,1.1955732107162476,0.05602625384926796,4.430081844329834,0,0.6000000238418579,-10377580.0
235237698,1.2247307300567627,0.4254898726940155,4.331412315368652,0,0.6000000238418579,-10377580.0
235247654,1.5399556159973145,0.2707819640636444,4.379795074462891,0,0.6000000238418579,-10377580.0
235257923,1.4690937995910645,0.4040517210960388,4.2108235359191895,0,0.6000000238418579,-10377580.0
235267922,1.2964116334915161,0.7345321774482727,4.141361713409424,0,0.6000000238418579,-10377580.0
235277732,1.5524026155471802,0.20978179574012756,4.0944647789001465,0,0.6000000238418579,-10377580.0
235287685,1.524100661277771,-0.09153083711862564,3.979102373123169,0,0.6000000238418579,-10377580.0
235297667,1.2564702033996582,0.3082616329193115,3.764082431793213,0,0.6000000238418579,-10377580.0
235307900,1.1230895519256592,0.3876480460166931,3.642282485961914,0,0.6000000238418579,-10377580.0
235317978,1.3166484832763672,0.32466137409210205,3.6480865478515625,0,0.6000000238418579,-10377580.0
235327683,1.326603651046753,0.31886667013168335,3.5244596004486084,0,0.6000000238418579,-10377580.0
235337719,1.3786743879318237,-0.020458603277802467,3.4267144203186035,0,0.6000000238418579,-10377580.0
235347647,1.1487212181091309,0.058816391974687576,3.2857260704040527,0,0.6000000238418579,-10377580.0
235358068,1.0256797075271606,0.17590384185314178,3.1829214096069336,0,0.6000000238418579,-10377580.0
235368318,1.2195348739624023,-0.092703677713871,3.2552008628845215,0,0.6000000238418579,-10377580.0
235377699,0.9413896203041077,0.3671724498271942,3.081864833831787,0,0.6000000238418579,-10377580.0
235387557,0.7846823334693909,0.8043201565742493,2.9652786254882812,0,0.6000000238418579,-10377580.0
235397680,1.1473090648651123,0.35085877776145935,3.0677430629730225,0,0.6000000238418579,-10377580.0
235407948,1.1460952758789062,0.3553140461444855,2.983456611633301,0,0.6000000238418579,-10377580.0
235418010,0.9958952069282532,0.6766888499259949,2.869807243347168,0,0.6000000238418579,-10377580.0
235427670,1.1775634288787842,0.3787575364112854,3.017725944519043,0,0.6000000238418579,-10377580.0
235437720,1.1899772882461548,0.3323097229003906,2.923168182373047,0,0.6000000238418579,-10377580.0
235447708,1.076080322265625,0.10313080996274948,2.896400213241577,0,0.6000000238418579,-10377580.0
235457949,0.9752885103225708,0.03487156331539154,2.9293735027313232,0,0.6000000238418579,-10377580.0
235467891,0.6601026654243469,0.3354078233242035,2.786252737045288,0,0.6000000238418579,-10377580.0
235477693,0.9198383092880249,0.030929485335946083,2.9361321926116943,0,0.6000000238418579,-10377580.0
235487627,1.0563653707504272,-0.02064223401248455,3.0231854915618896,0,0.6000000238418579,-10377580.0
235497658,0.6891143321990967,0.7096753716468811,2.9153640270233154,0,0.6000000238418579,-10377580.0
235507950,0.7218220829963684,0.5673559904098511,3.0268335342407227,0,0.6000000238418579,-10377580.0
235517886,0.9050296545028687,0.22898967564105988,3.111546039581299,0,0.6000000238418579,-10377580.0
235527743,0.8540297150611877,0.5139089226722717,3.0865283012390137,0,0.6000000238418579,-10377580.0
235537746,1.1638256311416626,0.44337937235832214,3.241433620452881,0,0.6000000238418579,-10377580.0
235547704,1.7455109357833862,0.416826993227005,3.4209883213043213,0,0.6000000238418579,-10377580.0
235558104,1.9575674533843994,0.4299142360687256,3.6119492053985596,0,0.6000000238418579,-10377580.0
235568288,2.10610294342041,0.09336984157562256,3.60899019241333,0,0.6000000238418579,-10377580.0
235577692,2.0078001022338867,0.1276342123746872,3.8559911251068115,0,0.6000000238418579,-10377580.0
235587643,1.6360610723495483,0.07313057780265808,3.5391318798065186,0,0.6000000238418579,-10377580.0
235597690,1.5504294633865356,-0.4031935930252075,3.7456884384155273,0,0.6000000238418579,-10377580.0
235607935,1.1410480737686157,0.14404112100601196,3.629795789718628,0,0.6000000238418579,-10377580.0
235618001,0.4796142876148224,0.5717591047286987,3.417085647583008,0,0.6000000238418579,-10377580.0
235627662,0.5708938241004944,0.14977827668190002,3.5427780151367188,0,0.6000000238418579,-10377580.0
235637727,0.6976059675216675,0.3066994845867157,3.6630325317382812,0,0.6000000238418579,-10377580.0
235647707,0.7029802799224854,0.6497474908828735,3.597935438156128,0,0.6000000238418579,-10377580.0
235657979,1.1958388090133667,0.3245129883289337,3.9282655715942383,0,0.6000000238418579,-10377580.0
235667918,1.3329881429672241,0.21907110512256622,4.009176254272461,0,0.6000000238418579,-10377580.0
235677669,0.9748475551605225,0.2988097369670868,3.90376353263855,0,0.6000000238418579,-10377580.0
235687704,0.9837654829025269,0.08389221876859665,4.114748001098633,0,0.6000000238418579,-10377580.0
235697651,0.6311163902282715,0.1537366658449173,3.9898183345794678,0,0.6000000238418579,-10377580.0
235707986,0.6250924468040466,0.049876123666763306,4.0611348152160645,0,0.6000000238418579,-10377570.0
235717957,0.8252176642417908,-0.24116700887680054,4.253136157989502,0,0.6000000238418579,-10377570.0
235727654,0.513419508934021,0.2925385534763336,4.179913520812988,0,0.6000000238418579,-10377570.0
235737700,0.5841664671897888,0.5208148956298828,4.334569454193115,0,0.6000000238418579,-10377570.0
235747663,0.8630974888801575,0.12917180359363556,4.551218509674072,0,0.6000000238418579,-10377570.0
235758065,0.753290593624115,0.3582865297794342,4.5993757247924805,0,0.6000000238418579,-10377570.0
235768377,0.6355469226837158,0.5865035653114319,4.677593231201172,0,0.6000000238418579,-10377570.0
235777677,0.7488783001899719,0.2781710624694824,4.821049213409424,0,0.6000000238418579,-10377570.0
235787637,0.7167850136756897,0.2831076383590698,4.856706619262695,0,0.6000000238418579,-10377570.0
235797655,0.5322312712669373,0.05125373974442482,4.913776397705078,0,0.6000000238418579,-10377570.0
235807927,0.29196369647979736,0.0678766593337059,4.965126991271973,0,0.6000000238418579,-10377570.0
235817972,0.20629224181175232,0.302836537361145,4.995936393737793,0,0.6000000238418579,-10377570.0
235827668,0.41223520040512085,-0.2109067142009735,5.103610992431641,0,0.6000000238418579,-10377570.0
235837737,0.6564090847969055,-0.21971392631530762,5.259903430938721,0,0.6000000238418579,-10377570.0
235847683,0.4416984021663666,0.39972949028015137,5.232607364654541,0,0.6000000238418579,-10377570.0
235857937,0.3681091368198395,0.10282348096370697,5.380117416381836,0,0.6000000238418579,-10377570.0
235867898,0.5227838754653931,0.05477830022573471,5.538562297821045,0,0.6000000238418579,-10377570.0
235877727,0.27377453446388245,0.281175434589386,5.590674877166748,0,0.6000000238418579,-10377570.0
235887642,0.20204176008701324,0.2834968864917755,5.665524482727051,0,0.6000000238418579,-10377570.0
235897635,0.5097640156745911,0.5680744647979736,5.883306503295898,0,0.6000000238418579,-10377570.0
235907950,0.4961341917514801,0.3841140866279602,5.880899429321289,0,0.6000000238418579,-10377570.0
235917957,0.483278751373291,0.029206575825810432,5.927242279052734,0,0.6000000238418579,-10377570.0
235927657,0.383845716714859,0.3455789089202881,5.986198425292969,0,0.6000000238418579,-10377570.0
235937683,0.23109878599643707,0.13104623556137085,5.961212158203125,0,0.6000000238418579,-10377570.0
235947677,0.29154279828071594,-0.4771368205547333,5.948996543884277,0,0.6000000238418579,-10377570.0
235958051,0.2563443183898926,-0.009405853226780891,6.015527725219727,0,0.6000000238418579,-10377570.0
235968316,0.03943371772766113,0.42798033356666565,5.916711807250977,0,0.6000000238418579,-10377570.0
235977654,0.12957027554512024,0.2981003522872925,6.06058931350708,0,0.6000000238418579,-10377570.0
235987621,0.30084091424942017,0.32979077100753784,6.163097381591797,0,0.6000000238418579,-10377570.0
235997623,0.05490649491548538,0.2171005755662918,6.098827362060547,0,0.6000000238418579,-10377570.0
236007937,-0.15776246786117554,0.281381756067276,6.063399791717529,0,0.6000000238418579,-10377570.0
236017942,0.014138986356556416,0.5469180345535278,6.212185382843018,0,0.6000000238418579,-10377570.0
236027632,0.01282418891787529,0.16179043054580688,6.163575649261475,0,0.6000000238418579,-10377570.0
236037652,-0.1574031561613083,0.3338959515094757,6.195683479309082,0,0.6000000238418579,-10377570.0
236047651,-0.551007091999054,0.5991418957710266,6.029210567474365,0,0.6000000238418579,-10377570.0
236057892,-0.842323362827301,-0.06992166489362717,5.925234317779541,0,0.6000000238418579,-10377570.0
236067958,-0.7970638871192932,-0.22166652977466583,5.9429473876953125,0,0.6000000238418579,-10377570.0
236077706,-0.9168323278427124,0.11870674788951874,5.8797688484191895,0,0.6000000238418579,-10377570.0
236087622,-0.9339514374732971,0.0957878977060318,5.930621147155762,0,0.6000000238418579,-10377570.0
236097692,-0.8223715424537659,0.3013400435447693,6.067307472229004,0,0.6000000238418579,-10377570.0
236107917,-0.8882933259010315,0.36916303634643555,6.04483699798584,0,0.6000000238418579,-10377570.0
236117939,-1.2081737518310547,0.3724649250507355,5.959229469299316,0,0.6000000238418579,-10377570.0
236127622,-1.3939324617385864,0.7215501070022583,5.781560897827148,0,0.6000000238418579,-10377570.0
236137683,-1.1789662837982178,0.48401206731796265,5.754128456115723,0,0.6000000238418579,-10377570.0
236147681,-1.1807962656021118,0.07464578002691269,5.791911602020264,0,0.6000000238418579,-10377570.0
236158063,-1.431115984916687,0.6232470870018005,5.757223606109619,0,0.6000000238418579,-10377570.0
236168311,-1.4099233150482178,0.6077563762664795,5.803372859954834,0,0.6000000238418579,-10377570.0
236177706,-1.380137324333191,0.09460388123989105,5.797539234161377,0,0.6000000238418579,-10377570.0
236187661,-1.4445728063583374,0.28012609481811523,5.618337154388428,0,0.6000000238418579,-10377570.0
236197683,-1.5482673645019531,0.21992740035057068,5.544177055358887,0,0.6000000238418579,-10377570.0
236207933,-1.675258994102478,0.18151812255382538,5.443175792694092,0,0.6000000238418579,-10377570.0
236217947,-1.780390977859497,0.5297632217407227,5.4802703857421875,0,0.6000000238418579,-10377570.0
236227619,-1.775594711303711,0.367777019739151,5.438832759857178,0,0.6000000238418579,-10377570.0
236237656,-2.0976359844207764,0.4420923590660095,5.323540687561035,0,0.6000000238418579,-10377570.0
236247630,-1.8328298330307007,0.7562885880470276,5.235875606536865,0,0.6000000238418579,-10377570.0
236257895,-1.6554814577102661,0.17237409949302673,5.214537620544434,0,0.6000000238418579,-10377570.0
236267927,-1.7877346277236938,0.1451697051525116,5.01924467086792,0,0.6000000238418579,-10377570.0
236277708,-1.9392766952514648,0.7349949479103088,4.936844348907471,0,0.6000000238418579,-10377570.0
236287635,-2.0188093185424805,0.3959514796733856,4.898865222930908,0,0.6000000238418579,-10377570.0
236297653,-2.01631236076355,0.009955144487321377,4.779538154602051,0,0.6000000238418579,-10377570.0
236307966,-2.0432493686676025,0.18931081891059875,4.729794025421143,0,0.6000000238418579,-10377570.0
236317969,-2.144010543823242,0.07574930042028427,4.57175874710083,0,0.6000000238418579,-10377570.0
236327602,-1.957710862159729,0.1317669302225113,4.53233528137207,0,0.6000000238418579,-10377570.0
236337652,-1.9809318780899048,0.4438916742801666,4.535594463348389,0,0.6000000238418579,-10377570.0
236347619,-2.3103809356689453,0.5713877081871033,4.298781394958496,0,0.6000000238418579,-10377570.0
236358016,-2.3012847900390625,0.5195339322090149,4.319246768951416,0,0.6000000238418579,-10377570.0
236368443,-2.064262866973877,0.5352641344070435,4.253226280212402,0,0.6000000238418579,-10377570.0
236377695,-2.2968082427978516,0.4570659101009369,4.052402019500732,0,0.6000000238418579,-10377570.0
236387663,-2.1412622928619385,0.5785160064697266,4.012189865112305,0,0.6000000238418579,-10377570.0
236397654,-1.9536970853805542,0.5346692800521851,4.008411407470703,0,0.6000000238418579,-10377570.0
236407909,-1.972778081893921,0.17346592247486115,3.8791282176971436,0,0.6000000238418579,-10377570.0
236417981,-2.0315937995910645,0.18974295258522034,3.8627231121063232,0,0.6000000238418579,-10377570.0
236427591,-2.1406142711639404,0.35431554913520813,3.7414283752441406,0,0.6000000238418579,-10377570.0
236437656,-2.1720893383026123,0.016576848924160004,3.6392033100128174,0,0.6000000238418579,-10377570.0
236447651,-1.8802695274353027,0.004498389083892107,3.6735541820526123,0,0.6000000238418579,-10377570.0
236457980,-2.15742826461792,0.47339120507240295,3.506333589553833,0,0.6000000238418579,-10377570.0
236467974,-2.1092960834503174,0.5416180491447449,3.382155179977417,0,0.6000000238418579,-10377570.0
236477685,-1.7645275592803955,0.20699472725391388,3.5769309997558594,0,0.6000000238418579,-10377570.0
236487651,-2.082352876663208,0.5526795983314514,3.277357339859009,0,0.6000000238418579,-10377570.0
236497670,-2.0667762756347656,0.6948851943016052,3.258197784423828,0,0.6000000238418579,-10377570.0
236507951,-1.5496007204055786,0.29421284794807434,3.4105308055877686,0,0.6000000238418579,-10377570.0
236517956,-1.6063368320465088,0.40303879976272583,3.232638120651245,0,0.6000000238418579,-10377570.0
236527660,-1.5082225799560547,0.38934916257858276,3.2772281169891357,0,0.6000000238418579,-10377570.0
236537688,-1.6629016399383545,0.05679481476545334,3.263720750808716,0,0.6000000238418579,-10377570.0
236547705,-1.8016743659973145,0.15956875681877136,3.084296226501465,0,0.6000000238418579,-10377570.0
236558075,-1.7422446012496948,0.03701532259583473,3.1898462772369385,0,0.6000000238418579,-10377570.0
236568305,-1.858723759651184,0.20995917916297913,3.0769569873809814,0,0.6000000238418579,-10377570.0
236577698,-1.850590705871582,0.7082207798957825,3.062581777572632,0,0.6000000238418579,-10377570.0
236587661,-1.3854206800460815,0.48165324330329895,3.2467572689056396,0,0.6000000238418579,-10377570.0
236597723,-1.5213185548782349,0.3212434649467468,3.1737468242645264,0,0.6000000238418579,-10377570.0
236607961,-1.5568431615829468,0.7953859567642212,3.168004035949707,0,0.6000000238418579,-10377570.0
236617989,-1.4335530996322632,0.6512001156806946,3.3129937648773193,0,0.6000000238418579,-10377570.0
236627639,-1.51116943359375,0.2649414539337158,3.2080488204956055,0,0.6000000238418579,-10377570.0
236637742,-1.6731065511703491,0.3406829833984375,3.2725210189819336,0,0.6000000238418579,-10377570.0
236647627,-1.6390682458877563,0.176984503865242,3.2664713859558105,0,0.6000000238418579,-10377570.0
236657963,-1.5290971994400024,-0.2537236511707306,3.33625864982605,0,0.6000000238418579,-10377570.0
236667952,-1.4088445901870728,0.09819353371858597,3.4759891033172607,0,0.6000000238418579,-10377552.0
236677739,-1.8915132284164429,0.40547698736190796,3.295945167541504,0,0.6000000238418579,-10377552.0
236687620,-2.153715133666992,0.5330920815467834,3.3357739448547363,0,0.6000000238418579,-10377552.0
236697652,-1.9685999155044556,0.6697593331336975,3.3850440979003906,0,0.6000000238418579,-10377552.0
236707878,-1.8876787424087524,0.3591558337211609,3.4450087547302246,0,0.6000000238418579,-10377552.0
236717932,-1.8133660554885864,0.45047053694725037,3.460522174835205,0,0.6000000238418579,-10377552.0
236727690,-1.7196705341339111,0.7663118243217468,3.5501246452331543,0,0.6000000238418579,-10377552.0
236737698,-1.626629114151001,0.3495847284793854,3.6526739597320557,0,0.6000000238418579,-10377552.0
236747690,-1.6732964515686035,0.15413540601730347,3.74653959274292,0,0.6000000238418579,-10377552.0
236758078,-1.9599027633666992,0.38266003131866455,3.6559369564056396,0,0.6000000238418579,-10377552.0
236768293,-2.0990700721740723,0.13203272223472595,3.7147560119628906,0,0.6000000238418579,-10377552.0
236777695,-1.8858271837234497,0.111066073179245,3.8395912647247314,0,0.6000000238418579,-10377552.0
236787667,-1.697389006614685,0.2817939519882202,3.9699833393096924,0,0.6000000238418579,-10377552.0
236797634,-1.8179625272750854,0.4056289494037628,4.015354633331299,0,0.6000000238418579,-10377552.0
236807937,-1.774556279182434,0.7270178198814392,4.116522312164307,0,0.6000000238418579,-10377552.0
236817983,-1.6646134853363037,0.689183235168457,4.295050621032715,0,0.6000000238418579,-10377552.0
236827703,-1.7569431066513062,0.26332464814186096,4.339139938354492,0,0.6000000238418579,-10377552.0
236837684,-1.8715661764144897,0.4232877194881439,4.390039443969727,0,0.6000000238418579,-10377552.0
236847647,-1.8409940004348755,0.38155487179756165,4.469427585601807,0,0.6000000238418579,-10377552.0
236857967,-1.5494768619537354,-0.11322778463363647,4.613905906677246,0,0.6000000238418579,-10377552.0
236867916,-1.3026970624923706,0.11446396261453629,4.826299667358398,0,0.6000000238418579,-10377552.0
236877671,-1.3960362672805786,0.4647967219352722,4.884201526641846,0,0.6000000238418579,-10377552.0
236887644,-1.3993524312973022,0.11665545403957367,4.995986461639404,0,0.6000000238418579,-10377552.0
236897699,-1.1933932304382324,0.14167529344558716,5.259774684906006,0,0.6000000238418579,-10377552.0
236907983,-1.4777822494506836,0.43288472294807434,5.19817590713501,0,0.6000000238418579,-10377552.0
236917949,-1.5268803834915161,0.6894108653068542,5.301173210144043,0,0.6000000238418579,-10377552.0
236927690,-1.3210430145263672,0.7666280269622803,5.512876510620117,0,0.6000000238418579,-10377552.0
236937702,-1.506041169166565,0.33594179153442383,5.387622356414795,0,0.6000000238418579,-10377552.0
236947696,-1.4489988088607788,0.04705669358372688,5.6158766746521,0,0.6000000238418579,-10377552.0
236958083,-1.4744681119918823,0.2638580799102783,5.527663230895996,0,0.6000000238418579,-10377552.0
236968315,-1.4962308406829834,-0.03949684277176857,5.616009712219238,0,0.6000000238418579,-10377552.0
236977724,-1.19050931930542,-0.18154188990592957,5.700468063354492,0,0.6000000238418579,-10377552.0
236987689,-1.3253099918365479,0.353407621383667,5.671411514282227,0,0.6000000238418579,-10377552.0
236997663,-1.3689508438110352,0.3636782467365265,5.595151901245117,0,0.6000000238418579,-10377552.0
237007911,-1.0677902698516846,0.11731177568435669,5.807683944702148,0,0.6000000238418579,-10377552.0
237018017,-1.186983585357666,0.19162610173225403,5.746315002441406,0,0.6000000238418579,-10377552.0
237027639,-1.4900741577148438,0.1326969563961029,5.70151948928833,0,0.6000000238418579,-10377552.0
237037650,-1.3715999126434326,0.4049053192138672,5.788667678833008,0,0.6000000238418579,-10377552.0
237047642,-1.0837799310684204,0.4811134338378906,5.859913349151611,0,0.6000000238418579,-10377552.0
237057947,-0.97541344165802,0.2096550315618515,5.821924686431885,0,0.6000000238418579,-10377552.0
237067922,-1.0001636743545532,0.5264114737510681,5.801783561706543,0,0.6000000238418579,-10377552.0
237077742,-0.9513722062110901,0.5515422224998474,5.683937072753906,0,0.6000000238418579,-10377552.0
237087655,-0.7345238327980042,-0.10709749162197113,5.780965805053711,0,0.6000000238418579,-10377552.0
237097670,-0.7779444456100464,0.04297046735882759,5.726746559143066,0,0.6000000238418579,-10377552.0
237107913,-0.8067885041236877,0.1746586412191391,5.7658610343933105,0,0.6000000238418579,-10377552.0
237117967,-0.3949624300003052,-0.1284835785627365,5.995826721191406,0,0.6000000238418579,-10377552.0
237127688,-0.10563896596431732,0.09045100212097168,6.091924667358398,0,0.6000000238418579,-10377552.0
237137689,-0.1335064172744751,0.22746574878692627,6.128822326660156,0,0.6000000238418579,-10377552.0
237147651,-0.24660177528858185,0.4727606177330017,6.0779266357421875,0,0.6000000238418579,-10377552.0
237158042,-0.10015226155519485,0.7848764061927795,6.133482933044434,0,0.6000000238418579,-10377552.0
237168269,0.11598742753267288,0.43363824486732483,6.214933395385742,0,0.6000000238418579,-10377552.0
237177683,-0.06687575578689575,0.33348944783210754,6.058689594268799,0,0.6000000238418579,-10377552.0
237187688,0.051310744136571884,0.5349583029747009,6.081578254699707,0,0.6000000238418579,-10377552.0
237197645,0.42949923872947693,-0.048607535660266876,6.353333473205566,0,0.6000000238418579,-10377552.0
237207946,0.5012480616569519,-0.11777961254119873,6.3495612144470215,0,0.6000000238418579,-10377552.0
237217975,0.4536089599132538,0.12469609081745148,6.397277355194092,0,0.6000000238418579,-10377552.0
237227604,0.3315545320510864,0.049929555505514145,6.350216388702393,0,0.6000000238418579,-10377552.0
237237702,0.24267363548278809,0.1537211388349533,6.199402809143066,0,0.6000000238418579,-10377552.0
237247660,0.46763861179351807,0.15334318578243256,6.265842914581299,0,0.6000000238418579,-10377552.0
237257965,0.42194050550460815,0.17836728692054749,6.183277130126953,0,0.6000000238418579,-10377552.0
237267960,0.5265549421310425,0.5325484871864319,6.13326358795166,0,0.6000000238418579,-10377552.0
237277722,0.8731159567832947,0.31096112728118896,6.283597946166992,0,0.6000000238418579,-10377552.0
237287632,0.8331167101860046,0.08498974144458771,6.1095428466796875,0,0.6000000238418579,-10377552.0
237297687,0.6867760419845581,0.48770737648010254,5.976301193237305,0,0.6000000238418579,-10377552.0
237307983,1.0048604011535645,0.324847012758255,5.984382152557373,0,0.6000000238418579,-10377552.0
237317972,1.2172956466674805,-0.11731524765491486,5.927355766296387,0,0.6000000238418579,-10377552.0
237327655,1.2202374935150146,0.017437858507037163,5.8736572265625,0,0.6000000238418579,-10377552.0
237337680,1.0881458520889282,0.08298207074403763,5.732101917266846,0,0.6000000238418579,-10377552.0
237347681,1.0331634283065796,-0.13059216737747192,5.58359956741333,0,0.6000000238418579,-10377552.0
237358074,1.1510249376296997,-0.17580540478229523,5.439647197723389,0,0.6000000238418579,-10377552.0
237368325,1.1849031448364258,-0.3024657666683197,5.306033611297607,0,0.6000000238418579,-10377552.0
237377693,1.0154328346252441,0.1540304720401764,5.19135856628418,0,0.6000000238418579,-10377552.0
237387633,1.0177183151245117,0.5279971361160278,5.070040702819824,0,0.6000000238418579,-10377552.0
237397670,1.3308844566345215,0.22307159006595612,5.09291410446167,0,0.6000000238418579,-10377552.0
237407956,1.3829323053359985,0.4147781431674957,4.9832377433776855,0,0.6000000238418579,-10377552.0
237417959,1.2164101600646973,0.6387176513671875,4.77108907699585,0,0.6000000238418579,-10377552.0
237427667,1.5504273176193237,0.12768210470676422,4.782846927642822,0,0.6000000238418579,-10377552.0
237437694,1.4949537515640259,-0.02730032429099083,4.620944976806641,0,0.6000000238418579,-10377552.0
237447676,1.4154009819030762,-0.04205161705613136,4.462606906890869,0,0.6000000238418579,-10377552.0
237457933,1.3754905462265015,0.06017279252409935,4.504120826721191,0,0.6000000238418579,-10377552.0
237467960,1.2274317741394043,0.37473440170288086,4.262392997741699,0,0.6000000238418579,-10377552.0
237477687,1.4683159589767456,-0.12857425212860107,4.251307964324951,0,0.6000000238418579,-10377552.0
237487645,1.5200339555740356,-0.23874899744987488,4.233030319213867,0,0.6000000238418579,-10377552.0
237497647,1.2053148746490479,0.38099631667137146,3.9514248371124268,0,0.6000000238418579,-10377552.0
237507960,1.4782689809799194,0.14536097645759583,4.060998439788818,0,0.6000000238418579,-10377552.0
237517993,1.5356838703155518,0.12761089205741882,4.004360675811768,0,0.6000000238418579,-10377552.0
237527684,1.0447895526885986,0.7331808805465698,3.6363353729248047,0,0.6000000238418579,-10377552.0
237537706,1.3349493741989136,0.34522610902786255,3.642418146133423,0,0.6000000238418579,-10377552.0
237547652,1.4932451248168945,-0.13269275426864624,3.566286087036133,0,0.6000000238418579,-10377552.0
237558090,1.3726646900177002,0.02573668397963047,3.4058303833007812,0,0.6000000238418579,-10377552.0
237568334,1.5133048295974731,-0.012194158509373665,3.466956853866577,0,0.6000000238418579,-10377552.0
237577671,1.4689890146255493,0.11539676040410995,3.419625759124756,0,0.6000000238418579,-10377552.0
237587631,1.4225003719329834,0.1896601766347885,3.4000120162963867,0,0.6000000238418579,-10377552.0
237597714,1.4862231016159058,-0.10456825792789459,3.4115729331970215,0,0.6000000238418579,-10377552.0
237607881,1.0186408758163452,0.28488942980766296,3.2306394577026367,0,0.6000000238418579,-10377552.0
237617955,0.9368993639945984,0.30585598945617676,3.1100010871887207,0,0.6000000238418579,-10377552.0
237627683,1.30111825466156,-0.1332429051399231,3.2430830001831055,0,0.6000000238418579,-10377552.0
237637721,1.16277277469635,0.14983296394348145,3.063668966293335,0,0.6000000238418579,-10377552.0
237647632,1.0602909326553345,0.36745232343673706,3.0631418228149414,0,0.6000000238418579,-10377552.0
237657938,1.3354732990264893,0.21520739793777466,3.1732473373413086,0,0.6000000238418579,-10377552.0
237667954,1.3042536973953247,0.3875580132007599,3.136894941329956,0,0.6000000238418579,-10377522.0
237677702,1.1187231540679932,0.13292407989501953,3.0591578483581543,0,0.6000000238418579,-10377522.0
237687658,1.0403103828430176,0.1420254409313202,2.9920225143432617,0,0.6000000238418579,-10377522.0
237697668,0.9882839322090149,0.2371598184108734,2.8906142711639404,0,0.6000000238418579,-10377522.0
237707947,1.0331910848617554,-0.36531826853752136,2.8616082668304443,0,0.6000000238418579,-10377522.0
237717984,1.0236220359802246,-0.20190566778182983,2.845107078552246,0,0.6000000238418579,-10377522.0
237727706,0.9250737428665161,0.2769814133644104,2.784947156906128,0,0.6000000238418579,-10377522.0
237737743,1.1152095794677734,-0.06528900563716888,2.893108606338501,0,0.6000000238418579,-10377522.0
237747673,1.2003381252288818,0.02988896518945694,2.934614896774292,0,0.6000000238418579,-10377522.0
237758107,0.9542650580406189,0.4167688488960266,2.782113790512085,0,0.6000000238418579,-10377522.0
237768379,1.458305835723877,0.29436877369880676,2.983165740966797,0,0.6000000238418579,-10377522.0
237777694,1.9735685586929321,0.2463165670633316,3.199387311935425,0,0.6000000238418579,-10377522.0
237787651,1.8447415828704834,0.027216320857405663,3.0712642669677734,0,0.6000000238418579,-10377522.0
237797657,1.7641137838363647,-0.029919631779193878,3.192666530609131,0,0.6000000238418579,-10377522.0
237807970,1.606796145439148,0.2797028720378876,3.107412099838257,0,0.6000000238418579,-10377522.0
237817932,1.4392303228378296,-0.0718379020690918,3.1310572624206543,0,0.6000000238418579,-10377522.0
237827714,1.7853552103042603,-0.2952989637851715,3.220334768295288,0,0.6000000238418579,-10377522.0
237837687,1.7729620933532715,0.036182597279548645,3.3434293270111084,0,0.6000000238418579,-10377522.0
237847690,1.69059419631958,-0.12998980283737183,3.2681221961975098,0,0.6000000238418579,-10377522.0
237857952,1.7579421997070312,-0.2706618905067444,3.509570837020874,0,0.6000000238418579,-10377522.0
237867926,1.363547682762146,0.10852296650409698,3.2436351776123047,0,0.6000000238418579,-10377522.0
237877682,0.8882089257240295,0.13235238194465637,3.173741340637207,0,0.6000000238418579,-10377522.0
237887644,1.0108858346939087,0.2791896462440491,3.29950213432312,0,0.6000000238418579,-10377522.0
237897653,0.8264748454093933,0.45649558305740356,3.2851827144622803,0,0.6000000238418579,-10377522.0
237907875,1.021218180656433,0.2008202224969864,3.418813943862915,0,0.6000000238418579,-10377522.0
237917965,1.4482370615005493,0.1588994413614273,3.6636147499084473,0,0.6000000238418579,-10377522.0
237927644,1.6107425689697266,0.10340310633182526,3.711904764175415,0,0.6000000238418579,-10377522.0
237937670,1.5491001605987549,-0.20903213322162628,3.8481147289276123,0,0.6000000238418579,-10377522.0
237947667,1.3299790620803833,0.15024055540561676,3.8126184940338135,0,0.6000000238418579,-10377522.0
237958024,0.9544798731803894,0.11062291264533997,3.7551708221435547,0,0.6000000238418579,-10377522.0
237968287,1.2010977268218994,-0.2735612988471985,3.8778703212738037,0,0.6000000238418579,-10377522.0
237977747,1.1567771434783936,0.031251322478055954,3.9855213165283203,0,0.6000000238418579,-10377522.0
237987710,1.0710242986679077,0.31985893845558167,3.9923882484436035,0,0.6000000238418579,-10377522.0
237997694,1.2586294412612915,-0.08674754202365875,4.3254313468933105,0,0.6000000238418579,-10377522.0
238007928,1.198920488357544,0.21439743041992188,4.368059158325195,0,0.6000000238418579,-10377522.0
238017714,0.9454096555709839,0.3505094647407532,4.482789039611816,0,0.6000000238418579,-10377522.0
238028449,1.1472824811935425,0.15844878554344177,4.630898952484131,0,0.6000000238418579,-10377522.0
238037726,1.1428683996200562,0.2101236879825592,4.715662479400635,0,0.6000000238418579,-10377522.0
238047679,1.1043428182601929,0.00550512271001935,4.759883880615234,0,0.6000000238418579,-10377522.0
238057980,1.1397686004638672,-0.045105524361133575,5.005344390869141,0,0.6000000238418579,-10377522.0
238067683,1.0440356731414795,0.13974975049495697,4.993967056274414,0,0.6000000238418579,-10377522.0
238078023,1.1143875122070312,-0.3738308846950531,5.181570529937744,0,0.6000000238418579,-10377522.0
238087687,1.2466537952423096,-0.22799786925315857,5.305954456329346,0,0.6000000238418579,-10377522.0
238097621,0.9402397871017456,0.336725652217865,5.355494499206543,0,0.6000000238418579,-10377522.0
238107956,1.1615921258926392,0.16669529676437378,5.447000503540039,0,0.6000000238418579,-10377522.0
238117674,1.1789072751998901,0.1683364063501358,5.737569332122803,0,0.6000000238418579,-10377522.0
238127906,0.5748627781867981,0.4890739321708679,5.483391284942627,0,0.6000000238418579,-10377522.0
238137706,0.46551403403282166,0.20108093321323395,5.711099624633789,0,0.6000000238418579,-10377522.0
238147707,0.6143215894699097,0.06736989319324493,5.86805534362793,0,0.6000000238418579,-10377522.0
238158072,0.37055090069770813,0.059648849070072174,5.8270344734191895,0,0.6000000238418579,-10377522.0
238167652,0.575435996055603,0.005277161952108145,6.054116249084473,0,0.6000000238418579,-10377522.0
238177977,0.49546918272972107,0.21283574402332306,6.13172721862793,0,0.6000000238418579,-10377522.0
238187698,0.4226054251194,-0.09065353870391846,6.136119842529297,0,0.6000000238418579,-10377522.0
238197657,0.37161701917648315,-0.38531213998794556,6.414295196533203,0,0.6000000238418579,-10377522.0
238207952,-0.02480217069387436,0.03885352984070778,6.300168991088867,0,0.6000000238418579,-10377522.0
238217693,-0.14978109300136566,0.012459596619009972,6.330760955810547,0,0.6000000238418579,-10377522.0
238228494,0.2852175235748291,-0.14881153404712677,6.603278636932373,0,0.6000000238418579,-10377522.0
238237753,-0.04890098050236702,0.37844881415367126,6.534276008605957,0,0.6000000238418579,-10377522.0
238247686,-0.2528826892375946,0.520758330821991,6.548830509185791,0,0.6000000238418579,-10377522.0
238258004,-0.21261820197105408,0.484697163105011,6.682312488555908,0,0.6000000238418579,-10377522.0
238267630,-0.46434295177459717,0.30614373087882996,6.508811950683594,0,0.6000000238418579,-10377522.0
238277950,-0.4774027466773987,-0.022545602172613144,6.508779525756836,0,0.6000000238418579,-10377522.0
238287687,-0.3545490801334381,0.05297774821519852,6.6143798828125,0,0.6000000238418579,-10377522.0
238297700,-0.5558494329452515,0.05933962017297745,6.487024784088135,0,0.6000000238418579,-10377522.0
238307914,-0.39168328046798706,-0.1760498732328415,6.546042442321777,0,0.6000000238418579,-10377522.0
238317680,-0.6732180714607239,0.25168168544769287,6.4701104164123535,0,0.6000000238418579,-10377522.0
238327919,-1.0134896039962769,0.4697728157043457,6.21649694442749,0,0.6000000238418579,-10377522.0
238337672,-0.8136243224143982,-0.005732463672757149,6.364564418792725,0,0.6000000238418579,-10377522.0
238347751,-1.0597823858261108,0.3662920594215393,6.276647567749023,0,0.6000000238418579,-10377522.0
238358084,-1.2557339668273926,0.6141778230667114,6.128620624542236,0,0.6000000238418579,-10377522.0
238367649,-0.8136241436004639,0.27411678433418274,6.353749752044678,0,0.6000000238418579,-10377522.0
238377931,-1.048062801361084,0.45194071531295776,6.105718612670898,0,0.6000000238418579,-10377522.0
238387635,-1.364454984664917,0.6017107963562012,5.935365676879883,0,0.6000000238418579,-10377522.0
238397658,-1.2856312990188599,0.304810494184494,6.089541912078857,0,0.6000000238418579,-10377522.0
238407883,-1.4593539237976074,0.09570133686065674,5.843352794647217,0,0.6000000238418579,-10377522.0
238417715,-1.3680440187454224,-0.30026355385780334,5.819710731506348,0,0.6000000238418579,-10377522.0
238428495,-1.4738054275512695,-0.10146433115005493,5.676882743835449,0,0.6000000238418579,-10377522.0
238437707,-1.7533982992172241,0.45207613706588745,5.31384801864624,0,0.6000000238418579,-10377522.0
238447663,-1.537934422492981,0.23255817592144012,5.480027675628662,0,0.6000000238418579,-10377522.0
238457973,-1.7392148971557617,0.4395705461502075,5.317172050476074,0,0.6000000238418579,-10377522.0
238467639,-1.9577360153198242,0.9463114738464355,5.153115749359131,0,0.6000000238418579,-10377522.0
238477930,-1.5556098222732544,0.3735909163951874,5.254928112030029,0,0.6000000238418579,-10377522.0
238487639,-1.5964288711547852,0.18272891640663147,4.991330623626709,0,0.6000000238418579,-10377522.0
238497650,-1.7070460319519043,0.5118768811225891,4.839953899383545,0,0.6000000238418579,-10377522.0
238507958,-1.6932625770568848,0.33029329776763916,4.81568717956543,0,0.6000000238418579,-10377522.0
238517683,-1.8645421266555786,0.1058015376329422,4.615671634674072,0,0.6000000238418579,-10377522.0
238527928,-1.9542253017425537,0.1690240204334259,4.582901954650879,0,0.6000000238418579,-10377522.0
238537682,-2.076045513153076,0.22332912683486938,4.418249607086182,0,0.6000000238418579,-10377522.0
238547704,-2.048828601837158,0.24710503220558167,4.312503814697266,0,0.6000000238418579,-10377522.0
238558062,-1.8041026592254639,0.28101253509521484,4.314688682556152,0,0.6000000238418579,-10377522.0
238567612,-2.2063565254211426,0.30963224172592163,4.016180515289307,0,0.6000000238418579,-10377522.0
238577973,-2.2069432735443115,0.7783717513084412,3.944267749786377,0,0.6000000238418579,-10377522.0
238587678,-1.9873006343841553,0.6093441843986511,3.9843900203704834,0,0.6000000238418579,-10377522.0
238597668,-1.8396680355072021,0.11256633698940277,3.8492579460144043,0,0.6000000238418579,-10377522.0
238607925,-1.7836382389068604,0.41041654348373413,3.8508710861206055,0,0.6000000238418579,-10377522.0
238617703,-1.7433606386184692,0.4305218756198883,3.7216391563415527,0,0.6000000238418579,-10377522.0
238628498,-1.8339197635650635,-0.20143872499465942,3.6437649726867676,0,0.6000000238418579,-10377522.0
238637668,-1.8753288984298706,0.04088079556822777,3.579925537109375,0,0.6000000238418579,-10377522.0
238647694,-2.0926756858825684,0.14849251508712769,3.38977313041687,0,0.6000000238418579,-10377522.0
238657981,-1.9530256986618042,-0.07668095082044601,3.3546712398529053,0,0.6000000238418579,-10377522.0
238667713,-1.749069333076477,0.010091671720147133,3.382631778717041,0,0.6000000238418579,-10377469.0
238677990,-1.8326808214187622,0.1378716230392456,3.2387425899505615,0,0.6000000238418579,-10377469.0
238687662,-2.0687618255615234,0.34544968605041504,3.152545928955078,0,0.6000000238418579,-10377469.0
238697674,-1.9663397073745728,0.7333444356918335,3.057985782623291,0,0.6000000238418579,-10377469.0
238707970,-1.8775020837783813,0.29724007844924927,3.016819477081299,0,0.6000000238418579,-10377469.0
238717689,-1.814252495765686,0.27005669474601746,3.007512331008911,0,0.6000000238418579,-10377469.0
238727901,-1.8199536800384521,0.4519628584384918,2.8935039043426514,0,0.6000000238418579,-10377469.0
238737666,-1.6574357748031616,-0.17328090965747833,2.9448840618133545,0,0.6000000238418579,-10377469.0
238747696,-1.698032021522522,-0.31867244839668274,2.8986804485321045,0,0.6000000238418579,-10377469.0
238758051,-1.8432927131652832,0.1592879593372345,2.7950990200042725,0,0.6000000238418579,-10377469.0
238767626,-2.03513240814209,-0.02064768597483635,2.740203857421875,0,0.6000000238418579,-10377469.0
238778009,-2.0278759002685547,0.17021945118904114,2.7148561477661133,0,0.6000000238418579,-10377469.0
238787645,-1.744829773902893,0.13733609020709991,2.8436617851257324,0,0.6000000238418579,-10377469.0
238797701,-1.8193371295928955,0.04822418838739395,2.7714645862579346,0,0.6000000238418579,-10377469.0
238807970,-1.8593125343322754,0.729608416557312,2.6934778690338135,0,0.6000000238418579,-10377469.0
238817699,-1.5452461242675781,0.5159838795661926,2.795659065246582,0,0.6000000238418579,-10377469.0
238828482,-1.5725059509277344,0.039429448544979095,2.722971200942993,0,0.6000000238418579,-10377469.0
238837688,-2.0812058448791504,0.3746629059314728,2.5187089443206787,0,0.6000000238418579,-10377469.0
238847646,-2.5099599361419678,0.13798679411411285,2.474269390106201,0,0.6000000238418579,-10377469.0
238857967,-2.655930519104004,-0.05816211923956871,2.2925944328308105,0,0.6000000238418579,-10377469.0
238867604,-2.462409019470215,1.4275447028921917e-05,2.346449851989746,0,0.6000000238418579,-10377469.0
238877969,-1.9959936141967773,-0.13114042580127716,2.3737294673919678,0,0.6000000238418579,-10377469.0
238887666,-2.136319398880005,0.34446945786476135,2.435685157775879,0,0.6000000238418579,-10377469.0
238897676,-1.996039628982544,0.503840446472168,2.425281524658203,0,0.6000000238418579,-10377469.0
238907929,-1.889484167098999,0.17813295125961304,2.679900646209717,0,0.6000000238418579,-10377469.0
238917677,-2.1778979301452637,0.45262542366981506,2.5023694038391113,0,0.6000000238418579,-10377469.0
238927947,-2.164644479751587,0.5392184853553772,2.6252126693725586,0,0.6000000238418579,-10377469.0
238937700,-1.8352093696594238,0.29860004782676697,2.7712082862854004,0,0.6000000238418579,-10377469.0
238947667,-1.8579403162002563,0.25677451491355896,2.829855442047119,0,0.6000000238418579,-10377469.0
238958076,-1.7173855304718018,-0.021102286875247955,2.9316561222076416,0,0.6000000238418579,-10377469.0
238967668,-1.9511005878448486,0.06836074590682983,3.0014467239379883,0,0.6000000238418579,-10377469.0
238977999,-1.9206624031066895,0.21060892939567566,2.9904978275299072,0,0.6000000238418579,-10377469.0
238987677,-1.5274379253387451,-0.2538906931877136,3.3476269245147705,0,0.6000000238418579,-10377469.0
238997701,-1.3600407838821411,0.06880175322294235,3.4005181789398193,0,0.6000000238418579,-10377469.0
239007930,-1.5495034456253052,0.508229672908783,3.468193292617798,0,0.6000000238418579,-10377469.0
239017744,-1.3386154174804688,0.39941808581352234,3.6395554542541504,0,0.6000000238418579,-10377469.0
239028448,-1.305908203125,0.5038592219352722,3.7872226238250732,0,0.6000000238418579,-10377469.0
239037672,-1.6086647510528564,0.3835553228855133,3.7518632411956787,0,0.6000000238418579,-10377469.0
239047654,-1.5834070444107056,0.2745382487773895,3.9580392837524414,0,0.6000000238418579,-10377469.0
239058003,-1.4694181680679321,0.3210102915763855,3.9862256050109863,0,0.6000000238418579,-10377469.0
239067651,-1.4584521055221558,-0.1430220603942871,4.069519996643066,0,0.6000000238418579,-10377469.0
239077999,-1.3867565393447876,-0.06112246587872505,4.239738941192627,0,0.6000000238418579,-10377469.0
239087680,-1.7477303743362427,0.273493230342865,4.243983745574951,0,0.6000000238418579,-10377469.0
239097664,-1.5359293222427368,-0.10964364558458328,4.318095684051514,0,0.6000000238418579,-10377469.0
239107938,-1.548717975616455,-0.05207508057355881,4.5487895011901855,0,0.6000000238418579,-10377469.0
239117714,-1.6996595859527588,0.38819554448127747,4.395016670227051,0,0.6000000238418579,-10377469.0
239127982,-1.5330374240875244,0.25519245862960815,4.7038068771362305,0,0.6000000238418579,-10377469.0
239137724,-1.1562849283218384,0.32434526085853577,4.860273361206055,0,0.6000000238418579,-10377469.0
239147652,-1.3330004215240479,0.27652740478515625,4.9436750411987305,0,0.6000000238418579,-10377469.0
239158128,-1.434899091720581,0.15040922164916992,5.02286958694458,0,0.6000000238418579,-10377469.0
239167562,-1.6194614171981812,0.3575766980648041,5.09321403503418,0,0.6000000238418579,-10377469.0
239177974,-1.6222362518310547,-0.06650940328836441,5.102220058441162,0,0.6000000238418579,-10377469.0
239187617,-1.406354308128357,-0.4488077759742737,5.442953586578369,0,0.6000000238418579,-10377469.0
239197712,-1.4061918258666992,-0.001030682004056871,5.340828895568848,0,0.6000000238418579,-10377469.0
239207923,-1.4829849004745483,0.02819669619202614,5.571739196777344,0,0.6000000238418579,-10377469.0
239217689,-1.2369028329849243,-0.04842691868543625,5.653715133666992,0,0.6000000238418579,-10377469.0
239227552,-1.2490719556808472,0.11495642364025116,5.837100028991699,0,0.6000000238418579,-10377469.0
239237968,-1.57107412815094,0.08915271610021591,5.825151443481445,0,0.6000000238418579,-10377469.0
239247665,-1.4290589094161987,0.4050159454345703,6.033163070678711,0,0.6000000238418579,-10377469.0
239257954,-0.9610968232154846,0.31760847568511963,6.214783191680908,0,0.6000000238418579,-10377469.0
239267685,-0.7589530944824219,-0.03204841911792755,6.4250078201293945,0,0.6000000238418579,-10377469.0
239277700,-0.8273130059242249,0.33402949571609497,6.441926002502441,0,0.6000000238418579,-10377469.0
239288410,-0.846695601940155,0.05070948973298073,6.615917205810547,0,0.6000000238418579,-10377469.0
239297703,-0.9042707085609436,-0.6658849120140076,6.658647060394287,0,0.6000000238418579,-10377469.0
239307888,-0.8959065675735474,-0.30944204330444336,6.777780055999756,0,0.6000000238418579,-10377469.0
239317663,-1.0499993562698364,-0.11685875058174133,6.765293121337891,0,0.6000000238418579,-10377469.0
239327619,-0.669876754283905,-0.3467262089252472,6.881873607635498,0,0.6000000238418579,-10377469.0
239338010,-0.4152836501598358,-0.0705718919634819,7.094655990600586,0,0.6000000238418579,-10377469.0
239347694,-0.587831974029541,0.16423268616199493,6.987009048461914,0,0.6000000238418579,-10377469.0
239358077,-0.27381810545921326,0.018340392038226128,7.172137260437012,0,0.6000000238418579,-10377469.0
239367615,-0.10720498114824295,-0.010707220062613487,7.2741193771362305,0,0.6000000238418579,-10377469.0
239377716,-0.42140993475914,-0.059182584285736084,7.056631565093994,0,0.6000000238418579,-10377469.0
239387969,-0.19163474440574646,0.1511988490819931,7.197163105010986,0,0.6000000238418579,-10377469.0
239397703,-0.00014200560690369457,0.15502139925956726,7.1852216720581055,0,0.6000000238418579,-10377469.0
239407998,0.09606189280748367,-0.43027105927467346,7.08998966217041,0,0.6000000238418579,-10377469.0
239417669,0.22566546499729156,-0.419895201921463,7.216639995574951,0,0.6000000238418579,-10377469.0
239427632,0.03029526211321354,-0.09333823621273041,6.991300582885742,0,0.6000000238418579,-10377469.0
239437988,0.16478785872459412,-0.43129608035087585,7.020538330078125,0,0.6000000238418579,-10377469.0
239447625,0.6816909313201904,-0.3010452687740326,7.232634544372559,0,0.6000000238418579,-10377469.0
239457949,0.5083550214767456,0.130499005317688,7.082103252410889,0,0.6000000238418579,-10377469.0
239467650,0.5673706531524658,0.3171624541282654,7.075294017791748,0,0.6000000238418579,-10377469.0
239477664,0.801469087600708,0.47977694869041443,7.107765197753906,0,0.6000000238418579,-10377469.0
239488328,0.9143092036247253,0.1478940099477768,6.957517623901367,0,0.6000000238418579,-10377469.0
239497737,1.0569669008255005,-0.1475723683834076,6.966612339019775,0,0.6000000238418579,-10377469.0
239507896,1.0616835355758667,-0.023438289761543274,6.85311222076416,0,0.6000000238418579,-10377469.0
239517714,0.9928684234619141,-0.5563811659812927,6.733181953430176,0,0.6000000238418579,-10377469.0
239527705,1.1633516550064087,-0.7466146349906921,6.728138446807861,0,0.6000000238418579,-10377469.0
239537944,0.981110155582428,0.0036309172865003347,6.603677272796631,0,0.6000000238418579,-10377469.0
239547665,0.8847676515579224,0.10371735692024231,6.376847267150879,0,0.6000000238418579,-10377469.0
239558054,1.2104370594024658,0.02000419609248638,6.425862789154053,0,0.6000000238418579,-10377469.0
239567657,1.4140186309814453,0.07941879332065582,6.354888439178467,0,0.6000000238418579,-10377469.0
239577662,1.2125446796417236,0.03806837648153305,6.1407790184021,0,0.6000000238418579,-10377469.0
239587954,1.4796947240829468,0.18528348207473755,6.105008602142334,0,0.6000000238418579,-10377469.0
239597671,1.7376521825790405,0.17485961318016052,5.988929271697998,0,0.6000000238418579,-10377469.0
239608002,1.5746650695800781,-0.07668935507535934,5.661388874053955,0,0.6000000238418579,-10377469.0
239617731,1.4372693300247192,0.21430407464504242,5.558518409729004,0,0.6000000238418579,-10377469.0
239627634,1.4163973331451416,0.06752363592386246,5.359395503997803,0,0.6000000238418579,-10377374.0
239637947,1.6222364902496338,-0.5433250665664673,5.253530979156494,0,0.6000000238418579,-10377374.0
239647644,1.845007300376892,-0.38684535026550293,5.196459770202637,0,0.6000000238418579,-10377374.0
239657967,1.5881322622299194,-0.03739192709326744,4.929001331329346,0,0.6000000238418579,-10377374.0
239667633,1.5431561470031738,0.06545022875070572,4.754980087280273,0,0.6000000238418579,-10377374.0
239677659,1.6797823905944824,0.2572638690471649,4.801853656768799,0,0.6000000238418579,-10377374.0
239688364,1.7159793376922607,0.10730299353599548,4.6586785316467285,0,0.6000000238418579,-10377374.0
239697694,1.5804706811904907,0.17870712280273438,4.527992248535156,0,0.6000000238418579,-10377374.0
239707910,1.7837215662002563,0.5184393525123596,4.431328773498535,0,0.6000000238418579,-10377374.0
239717740,1.9024500846862793,0.004142542835325003,4.365996360778809,0,0.6000000238418579,-10377374.0
239727678,1.8464845418930054,-0.07142575830221176,4.187719821929932,0,0.6000000238418579,-10377374.0
239737928,1.6132231950759888,0.1994251161813736,3.971482276916504,0,0.6000000238418579,-10377374.0
239747632,1.54207444190979,-0.2798466384410858,3.8662734031677246,0,0.6000000238418579,-10377374.0
239758070,1.7377805709838867,-0.33179083466529846,3.8183813095092773,0,0.6000000238418579,-10377374.0
239767674,1.7655110359191895,-0.03910573571920395,3.689812660217285,0,0.6000000238418579,-10377374.0
239777652,1.616839051246643,-0.07954826951026917,3.5520236492156982,0,0.6000000238418579,-10377374.0
239787901,1.6471713781356812,-0.02803439274430275,3.483518600463867,0,0.6000000238418579,-10377374.0
239797665,1.708687663078308,-0.05406925827264786,3.4164199829101562,0,0.6000000238418579,-10377374.0
239807942,1.3861933946609497,-0.007432729937136173,3.234041213989258,0,0.6000000238418579,-10377374.0
239817684,1.3982616662979126,0.29714617133140564,3.1966357231140137,0,0.6000000238418579,-10377374.0
239827655,1.8743896484375,0.06906130164861679,3.3296802043914795,0,0.6000000238418579,-10377374.0
239837936,1.8881345987319946,-0.2496303915977478,3.2602829933166504,0,0.6000000238418579,-10377374.0
239847651,1.6512374877929688,0.17997336387634277,3.127333879470825,0,0.6000000238418579,-10377374.0
239857979,1.5666881799697876,0.13908028602600098,3.1257805824279785,0,0.6000000238418579,-10377374.0
239867636,1.6545531749725342,-0.4185476303100586,3.0340030193328857,0,0.6000000238418579,-10377374.0
239877721,1.7332367897033691,-0.3070797324180603,3.0370302200317383,0,0.6000000238418579,-10377374.0
239888302,1.5835663080215454,-0.18536941707134247,2.9231741428375244,0,0.6000000238418579,-10377374.0
239897670,1.4518319368362427,-0.16590139269828796,2.821007490158081,0,0.6000000238418579,-10377374.0
239907939,1.5028424263000488,0.112394779920578,2.828740358352661,0,0.6000000238418579,-10377374.0
239917690,1.400292158126831,0.028950287029147148,2.7592296600341797,0,0.6000000238418579,-10377374.0
239927690,1.1461631059646606,0.24260051548480988,2.568927049636841,0,0.6000000238418579,-10377374.0
239937946,1.340685248374939,0.3819844424724579,2.6018006801605225,0,0.6000000238418579,-10377374.0
239947623,1.4852051734924316,-0.23272044956684113,2.6201348304748535,0,0.6000000238418579,-10377374.0
239958079,1.3355727195739746,-0.11669007688760757,2.557415246963501,0,0.6000000238418579,-10377374.0
239967668,1.4349007606506348,0.10600932687520981,2.674316644668579,0,0.6000000238418579,-10377374.0
239977662,1.2943516969680786,-0.24423213303089142,2.6666438579559326,0,0.6000000238418579,-10377374.0
239987943,1.407151699066162,-0.1139168068766594,2.7584664821624756,0,0.6000000238418579,-10377374.0
239997729,1.443796992301941,-0.0916413739323616,2.8258941173553467,0,0.6000000238418579,-10377374.0
240007902,1.1729477643966675,-0.07608061283826828,2.8096494674682617,0,0.6000000238418579,-10377374.0
240017690,1.0337660312652588,0.4064411222934723,2.778301239013672,0,0.6000000238418579,-10377374.0
240027632,1.4276578426361084,0.20871984958648682,2.9464175701141357,0,0.6000000238418579,-10377374.0
240037991,1.7456153631210327,0.1476079672574997,3.0728824138641357,0,0.6000000238418579,-10377374.0
240047630,1.9322502613067627,0.5793817639350891,3.1220438480377197,0,0.6000000238418579,-10377374.0
240057986,2.1887128353118896,0.2586035132408142,3.3628227710723877,0,0.6000000238418579,-10377374.0
240067664,2.1037282943725586,-0.17263349890708923,3.2952396869659424,0,0.6000000238418579,-10377374.0
240077683,1.7439838647842407,-0.016247183084487915,3.231618881225586,0,0.6000000238418579,-10377374.0
240088307,1.6278985738754272,-0.030677277594804764,3.1703431606292725,0,0.6000000238418579,-10377374.0
240097649,1.581624150276184,0.029623979702591896,3.2522852420806885,0,0.6000000238418579,-10377374.0
240107924,1.921394944190979,0.1666717678308487,3.321600914001465,0,0.6000000238418579,-10377374.0
240117734,1.968124508857727,0.047063685953617096,3.5471692085266113,0,0.6000000238418579,-10377374.0
240127635,1.8087425231933594,0.5480502247810364,3.408146381378174,0,0.6000000238418579,-10377374.0
240137753,1.950690507888794,0.6275732517242432,3.6569230556488037,0,0.6000000238418579,-10377374.0
240147981,2.0920987129211426,0.01788301393389702,3.663036346435547,0,0.6000000238418579,-10377374.0
240158043,1.7399494647979736,0.07308539003133774,3.6892995834350586,0,0.6000000238418579,-10377374.0
240167682,1.4579664468765259,0.2538313567638397,3.6480932235717773,0,0.6000000238418579,-10377374.0
240177715,1.1866496801376343,-0.08080194890499115,3.706385374069214,0,0.6000000238418579,-10377374.0
240187683,1.2373273372650146,0.057913441210985184,3.7167515754699707,0,0.6000000238418579,-10377374.0
240197937,1.2740105390548706,0.1974310576915741,3.833726406097412,0,0.6000000238418579,-10377374.0
240207956,1.044347882270813,0.2713584303855896,3.7465553283691406,0,0.6000000238418579,-10377374.0
240217696,1.2562776803970337,0.4844229519367218,3.9038569927215576,0,0.6000000238418579,-10377374.0
240227678,1.3999238014221191,0.3738740086555481,4.053840637207031,0,0.6000000238418579,-10377374.0
240237702,1.2289429903030396,0.1847369521856308,4.011045932769775,0,0.6000000238418579,-10377374.0
240247990,1.4145104885101318,0.4467552900314331,4.283217906951904,0,0.6000000238418579,-10377374.0
240257960,1.1953743696212769,0.23927395045757294,4.303811073303223,0,0.6000000238418579,-10377374.0
240267717,1.257415771484375,-0.06981132179498672,4.424856185913086,0,0.6000000238418579,-10377374.0
240277750,1.136046290397644,0.09385139495134354,4.645813941955566,0,0.6000000238418579,-10377374.0
240287618,0.8357012867927551,0.35985323786735535,4.471807479858398,0,0.6000000238418579,-10377374.0
240298059,1.1197562217712402,0.022260606288909912,4.784886360168457,0,0.6000000238418579,-10377374.0
240307878,1.0985628366470337,0.1853076070547104,4.8715996742248535,0,0.6000000238418579,-10377374.0
240317715,0.675800085067749,0.6866365075111389,4.759302139282227,0,0.6000000238418579,-10377374.0
240327681,0.9479907155036926,0.4090290069580078,5.058114051818848,0,0.6000000238418579,-10377374.0
240337662,1.0662769079208374,0.08487731218338013,5.278533458709717,0,0.6000000238418579,-10377374.0
240347931,0.8811560273170471,0.32984164357185364,5.219637870788574,0,0.6000000238418579,-10377374.0
240358039,1.0075446367263794,-0.0209035687148571,5.583743572235107,0,0.6000000238418579,-10377374.0
240367666,0.9819331169128418,-0.368564635515213,5.575392723083496,0,0.6000000238418579,-10377374.0
240377641,0.9149842262268066,0.022227730602025986,5.8097100257873535,0,0.6000000238418579,-10377374.0
240387646,0.8058510422706604,0.18510326743125916,5.926581382751465,0,0.6000000238418579,-10377374.0
240397886,0.4503539800643921,0.4320186972618103,5.864177703857422,0,0.6000000238418579,-10377374.0
240407926,0.7656686305999756,0.7476269006729126,6.21027946472168,0,0.6000000238418579,-10377374.0
240417707,0.5145792961120605,0.2768673896789551,6.163924217224121,0,0.6000000238418579,-10377374.0
240427677,0.48420271277427673,0.1378983110189438,6.159566879272461,0,0.6000000238418579,-10377374.0
240437594,0.5898579359054565,0.17390845715999603,6.4814558029174805,0,0.6000000238418579,-10377374.0
240447930,0.33950966596603394,-0.34709274768829346,6.262516975402832,0,0.6000000238418579,-10377374.0
240457995,0.3719499409198761,-0.2970922291278839,6.5032243728637695,0,0.6000000238418579,-10377374.0
240467678,0.11191252619028091,0.26878821849823,6.530800819396973,0,0.6000000238418579,-10377374.0
240477687,-0.15544283390045166,0.4361138343811035,6.377445220947266,0,0.6000000238418579,-10377374.0
240487597,0.3524267077445984,0.19944211840629578,6.808384418487549,0,0.6000000238418579,-10377374.0
240498075,-0.18993858993053436,0.44369933009147644,6.66070556640625,0,0.6000000238418579,-10377374.0
240507929,-0.3907308578491211,0.6280936598777771,6.515931606292725,0,0.6000000238418579,-10377374.0
240517682,-0.26802414655685425,-0.0008993452647700906,6.805940628051758,0,0.6000000238418579,-10377374.0
240527708,-0.43870964646339417,-0.266641229391098,6.477743148803711,0,0.6000000238418579,-10377374.0
240537721,-0.38544580340385437,-0.2301417589187622,6.6715874671936035,0,0.6000000238418579,-10377374.0
240547940,-0.5501980185508728,-0.17412954568862915,6.615621089935303,0,0.6000000238418579,-10377374.0
240558065,-0.7767601609230042,0.2617039084434509,6.466314792633057,0,0.6000000238418579,-10377374.0
240567679,-0.47397613525390625,0.045265477150678635,6.66126012802124,0,0.6000000238418579,-10377374.0
240577700,-0.9112423658370972,0.20510093867778778,6.433494567871094,0,0.6000000238418579,-10377374.0
240587653,-1.3296421766281128,0.8461507558822632,6.318384170532227,0,0.6000000238418579,-10377374.0
240598008,-1.111868143081665,0.3625622093677521,6.48444938659668,0,0.6000000238418579,-10377374.0
240607930,-1.1232759952545166,0.0410136952996254,6.318155288696289,0,0.6000000238418579,-10377374.0
240617754,-1.1983180046081543,0.5211667418479919,6.259668350219727,0,0.6000000238418579,-10377374.0
240627658,-1.0336549282073975,0.3384125530719757,6.194900035858154,0,0.6000000238418579,-10377195.0
240637662,-1.1062729358673096,0.04111771285533905,6.097594261169434,0,0.6000000238418579,-10377195.0
240647926,-1.322156548500061,0.034080591052770615,6.028924465179443,0,0.6000000238418579,-10377195.0
240657985,-1.694443941116333,-0.016329890117049217,5.964880466461182,0,0.6000000238418579,-10377195.0
240667694,-1.8206650018692017,0.31473445892333984,5.856356620788574,0,0.6000000238418579,-10377195.0
240677674,-1.5491422414779663,0.359796941280365,5.859463691711426,0,0.6000000238418579,-10377195.0
240687659,-1.5297449827194214,0.2605540156364441,5.780304431915283,0,0.6000000238418579,-10377195.0
240698056,-1.789206862449646,0.8930167555809021,5.604227542877197,0,0.6000000238418579,-10377195.0
240707912,-1.664271354675293,0.7510160207748413,5.576516628265381,0,0.6000000238418579,-10377195.0
240717670,-1.5364203453063965,0.08177439123392105,5.547845363616943,0,0.6000000238418579,-10377195.0
240727666,-1.6592124700546265,0.17027433216571808,5.400591850280762,0,0.6000000238418579,-10377195.0
240737694,-1.7660243511199951,0.14677992463111877,5.227794647216797,0,0.6000000238418579,-10377195.0
240747951,-1.8488483428955078,-0.18249651789665222,5.105936050415039,0,0.6000000238418579,-10377195.0
240758079,-1.9465583562850952,0.23425832390785217,4.949082851409912,0,0.6000000238418579,-10377195.0
240767664,-2.091670036315918,0.3991738557815552,4.835041046142578,0,0.6000000238418579,-10377195.0
240777691,-2.1816837787628174,0.1987512707710266,4.678692817687988,0,0.6000000238418579,-10377195.0
240787630,-1.901481032371521,0.24853253364562988,4.709170818328857,0,0.6000000238418579,-10377195.0
240797946,-2.114349603652954,0.28089118003845215,4.533773899078369,0,0.6000000238418579,-10377195.0
240807885,-2.2755019664764404,0.4554622769355774,4.30819845199585,0,0.6000000238418579,-10377195.0
240817714,-1.9824358224868774,0.5775725245475769,4.346626281738281,0,0.6000000238418579,-10377195.0
240827651,-1.98383629322052,0.21487434208393097,4.174252510070801,0,0.6000000238418579,-10377195.0
240837652,-1.9402984380722046,0.12614236772060394,4.060366153717041,0,0.6000000238418579,-10377195.0
240847959,-2.064554452896118,0.278611421585083,4.050225734710693,0,0.6000000238418579,-10377195.0
240857980,-2.2937402725219727,-0.08206315338611603,3.7732369899749756,0,0.6000000238418579,-10377195.0
240867699,-2.063039779663086,-0.3061369061470032,3.824873685836792,0,0.6000000238418579,-10377195.0
240877702,-2.253568410873413,0.12969672679901123,3.677316665649414,0,0.6000000238418579,-10377195.0
240887590,-2.4681503772735596,0.473736435174942,3.4121572971343994,0,0.6000000238418579,-10377195.0
240898091,-1.9743696451187134,0.36788907647132874,3.525247573852539,0,0.6000000238418579,-10377195.0
240907930,-1.8524786233901978,0.3483578860759735,3.4153060913085938,0,0.6000000238418579,-10377195.0
240917707,-1.922387957572937,0.19493494927883148,3.248899459838867,0,0.6000000238418579,-10377195.0
240927684,-1.7721455097198486,0.14068730175495148,3.346238136291504,0,0.6000000238418579,-10377195.0
240937695,-1.9653613567352295,0.02734941430389881,3.073289632797241,0,0.6000000238418579,-10377195.0
240947973,-1.9692631959915161,-0.23998986184597015,2.99369478225708,0,0.6000000238418579,-10377195.0
240958060,-2.0581467151641846,0.022580580785870552,2.977252721786499,0,0.6000000238418579,-10377195.0
240967655,-2.302135705947876,0.41640669107437134,2.681199312210083,0,0.6000000238418579,-10377195.0
240977664,-1.9373937845230103,-0.0989963486790657,2.8700573444366455,0,0.6000000238418579,-10377195.0
240987638,-1.7663418054580688,-0.015939434990286827,2.8833229541778564,0,0.6000000238418579,-10377195.0
240997952,-2.054063081741333,0.4858766496181488,2.679997682571411,0,0.6000000238418579,-10377195.0
241007909,-1.745253324508667,0.341461718082428,2.90653657913208,0,0.6000000238418579,-10377195.0
241017731,-1.5637245178222656,0.32930704951286316,2.908691167831421,0,0.6000000238418579,-10377195.0
241027668,-1.7411800622940063,0.5222295522689819,2.7989683151245117,0,0.6000000238418579,-10377195.0
241037727,-1.590815782546997,0.3255388140678406,2.8701562881469727,0,0.6000000238418579,-10377195.0
241047965,-1.5086390972137451,0.2074078619480133,2.8562252521514893,0,0.6000000238418579,-10377195.0
241057955,-1.5206578969955444,0.031389180570840836,2.864891767501831,0,0.6000000238418579,-10377195.0
241067626,-1.555379867553711,0.0208137184381485,2.8568789958953857,0,0.6000000238418579,-10377195.0
241077705,-1.8159058094024658,0.3788539171218872,2.7777116298675537,0,0.6000000238418579,-10377195.0
241087556,-1.7890989780426025,0.11305346339941025,2.8056609630584717,0,0.6000000238418579,-10377195.0
241098051,-1.4858554601669312,-0.0037787144538015127,2.9710240364074707,0,0.6000000238418579,-10377195.0
241107959,-1.5938525199890137,0.4860907793045044,2.9568898677825928,0,0.6000000238418579,-10377195.0
241117679,-1.8855613470077515,0.5378021597862244,2.886866331100464,0,0.6000000238418579,-10377195.0
241127678,-1.8809130191802979,0.5868238210678101,2.9782636165618896,0,0.6000000238418579,-10377195.0
241137705,-1.918990969657898,0.5311386585235596,2.9789693355560303,0,0.6000000238418579,-10377195.0
241147942,-2.0255239009857178,0.26833683252334595,3.032839059829712,0,0.6000000238418579,-10377195.0
241158091,-2.0716166496276855,0.5533257126808167,2.960775852203369,0,0.6000000238418579,-10377195.0
241167637,-1.961674690246582,0.21504376828670502,3.090348243713379,0,0.6000000238418579,-10377195.0
241177638,-1.755217432975769,-0.20101158320903778,3.1307454109191895,0,0.6000000238418579,-10377195.0
241187657,-1.9216105937957764,0.1982405185699463,3.2290523052215576,0,0.6000000238418579,-10377195.0
241197967,-1.9765944480895996,0.024665340781211853,3.2581698894500732,0,0.6000000238418579,-10377195.0
241207948,-1.85170578956604,-0.21233788132667542,3.4091713428497314,0,0.6000000238418579,-10377195.0
241217704,-1.9905003309249878,0.3534895181655884,3.45125675201416,0,0.6000000238418579,-10377195.0
241227696,-2.157160997390747,0.4652872085571289,3.449509382247925,0,0.6000000238418579,-10377195.0
241237640,-1.9150985479354858,0.3751935064792633,3.647069215774536,0,0.6000000238418579,-10377195.0
241247975,-1.7697075605392456,0.4750555157661438,3.762314558029175,0,0.6000000238418579,-10377195.0
241257974,-1.8928872346878052,0.3981993496417999,3.738499641418457,0,0.6000000238418579,-10377195.0
241267644,-1.7020608186721802,0.42093849182128906,3.9286110401153564,0,0.6000000238418579,-10377195.0
241277641,-1.80992591381073,0.3587037920951843,3.9364287853240967,0,0.6000000238418579,-10377195.0
241287663,-1.8858692646026611,0.11906356364488602,4.005882740020752,0,0.6000000238418579,-10377195.0
241298064,-1.8834081888198853,0.27436140179634094,4.14173698425293,0,0.6000000238418579,-10377195.0
241307909,-1.8107266426086426,0.1411323845386505,4.175423622131348,0,0.6000000238418579,-10377195.0
241317750,-1.4159172773361206,-0.26879820227622986,4.358346462249756,0,0.6000000238418579,-10377195.0
241327660,-1.4519057273864746,0.2108636498451233,4.482341289520264,0,0.6000000238418579,-10377195.0
241337650,-1.7772208452224731,0.5551599860191345,4.425457954406738,0,0.6000000238418579,-10377195.0
241347963,-1.4818567037582397,0.19071026146411896,4.718757629394531,0,0.6000000238418579,-10377195.0
241358059,-1.4762580394744873,0.2669137418270111,4.79188346862793,0,0.6000000238418579,-10377195.0
241367651,-1.7022393941879272,0.45132219791412354,4.74613618850708,0,0.6000000238418579,-10377195.0
241377621,-1.4217034578323364,0.3033146262168884,5.076882839202881,0,0.6000000238418579,-10377195.0
241387684,-1.3500630855560303,0.4038243591785431,5.156592845916748,0,0.6000000238418579,-10377195.0
241397963,-1.4103941917419434,0.18560412526130676,5.270809173583984,0,0.6000000238418579,-10377195.0
241407957,-1.5557984113693237,0.21962998807430267,5.445550918579102,0,0.6000000238418579,-10377195.0
241417712,-1.8011174201965332,0.3506884276866913,5.316271781921387,0,0.6000000238418579,-10377195.0
241427681,-1.6415952444076538,-0.2800579369068146,5.641758441925049,0,0.6000000238418579,-10377195.0
241437684,-1.591318130493164,-0.22582882642745972,5.70170259475708,0,0.6000000238418579,-10377195.0
241447888,-1.8390557765960693,0.3001709282398224,5.793190956115723,0,0.6000000238418579,-10377195.0
241457993,-1.4127064943313599,-0.002834312617778778,6.043686389923096,0,0.6000000238418579,-10377195.0
241467698,-1.2604411840438843,0.23437418043613434,6.14998197555542,0,0.6000000238418579,-10377195.0
241477674,-1.5249687433242798,0.5568974018096924,6.105895519256592,0,0.6000000238418579,-10377195.0
241487612,-1.48369562625885,0.4203198552131653,6.326268196105957,0,0.6000000238418579,-10377195.0
241498081,-1.3991470336914062,0.4540664255619049,6.402994632720947,0,0.6000000238418579,-10377195.0
241507974,-1.4973913431167603,0.16342738270759583,6.426461696624756,0,0.6000000238418579,-10377195.0
241517663,-1.4442261457443237,0.21081337332725525,6.44199275970459,0,0.6000000238418579,-10377195.0
241527649,-1.327074646949768,0.542232096195221,6.557764053344727,0,0.6000000238418579,-10377195.0
241537623,-1.146639108657837,-0.024075092747807503,6.667346954345703,0,0.6000000238418579,-10377195.0
241547952,-1.1674190759658813,-0.1424192637205124,6.768944263458252,0,0.6000000238418579,-10377195.0
241558063,-1.4690065383911133,0.22477708756923676,6.704892635345459,0,0.6000000238418579,-10377195.0
241567675,-1.4113036394119263,-0.05856920778751373,6.776772499084473,0,0.6000000238418579,-10377195.0
241577675,-0.7664290070533752,-0.04787668585777283,7.026289463043213,0,0.6000000238418579,-10377195.0
241587670,-0.4536759853363037,0.14848913252353668,7.143374919891357,0,0.6000000238418579,-10377195.0
241597966,-0.4600827991962433,0.2637554705142975,7.1696248054504395,0,0.6000000238418579,-10377195.0
241607925,-0.3090154528617859,0.5562232732772827,7.315802574157715,0,0.6000000238418579,-10377195.0
241617747,-0.24291278421878815,0.1630256175994873,7.408689498901367,0,0.6000000238418579,-10377195.0
241627667,-0.3898616433143616,-0.06345909833908081,7.34730339050293,0,0.6000000238418579,-10376848.0
241637679,-0.3738130033016205,0.3129563331604004,7.389456748962402,0,0.6000000238418579,-10376848.0
241647963,-0.04870669171214104,-0.10860810428857803,7.46862268447876,0,0.6000000238418579,-10376848.0
241657955,0.3284218907356262,-0.44142648577690125,7.570342063903809,0,0.6000000238418579,-10376848.0
241667658,0.34598278999328613,0.027432234957814217,7.4739885330200195,0,0.6000000238418579,-10376848.0
241677682,0.23563508689403534,0.005649920087307692,7.38854455947876,0,0.6000000238418579,-10376848.0
241687639,0.3058311939239502,-0.09525638073682785,7.363344192504883,0,0.6000000238418579,-10376848.0
241698056,0.5466846823692322,-0.05546661838889122,7.415014266967773,0,0.6000000238418579,-10376848.0
241707960,0.27916863560676575,-0.12741808593273163,7.418153285980225,0,0.6000000238418579,-10376848.0
241717687,0.5547270178794861,0.30762577056884766,7.352041244506836,0,0.6000000238418579,-10376848.0
241727658,0.9899435639381409,0.15340061485767365,7.4365620613098145,0,0.6000000238418579,-10376848.0
241737657,1.0482360124588013,-0.1558554619550705,7.230166912078857,0,0.6000000238418579,-10376848.0
241747938,1.055161952972412,0.28667929768562317,7.176513671875,0,0.6000000238418579,-10376848.0
241758071,1.1193645000457764,0.08763937652111053,7.132081985473633,0,0.6000000238418579,-10376848.0
241767696,1.169223666191101,-0.4550008177757263,6.983295440673828,0,0.6000000238418579,-10376848.0
241777636,1.1911029815673828,-0.036997269839048386,6.936771392822266,0,0.6000000238418579,-10376848.0
241787645,1.0170378684997559,0.12885823845863342,6.710537910461426,0,0.6000000238418579,-10376848.0
241797968,1.1925575733184814,-0.18480202555656433,6.606443881988525,0,0.6000000238418579,-10376848.0
241807948,1.5361671447753906,0.0905793234705925,6.721495628356934,0,0.6000000238418579,-10376848.0
241817757,1.3453822135925293,0.3221847414970398,6.461244106292725,0,0.6000000238418579,-10376848.0
241827661,1.2056070566177368,0.4190075695514679,6.313486576080322,0,0.6000000238418579,-10376848.0
241837690,1.5763732194900513,0.5461999773979187,6.283069133758545,0,0.6000000238418579,-10376848.0
241847906,1.6526906490325928,0.12752559781074524,6.131426811218262,0,0.6000000238418579,-10376848.0
241857942,1.6885641813278198,0.0947256088256836,6.030107021331787,0,0.6000000238418579,-10376848.0
241867667,1.7574697732925415,0.41530418395996094,5.907639026641846,0,0.6000000238418579,-10376848.0
241877651,1.676188349723816,0.05006704479455948,5.805800914764404,0,0.6000000238418579,-10376848.0
241887629,1.731392741203308,0.09886109083890915,5.662260055541992,0,0.6000000238418579,-10376848.0
241898014,1.6813430786132812,0.42501747608184814,5.469324588775635,0,0.6000000238418579,-10376848.0
241907896,1.6736359596252441,0.10469895601272583,5.229990482330322,0,0.6000000238418579,-10376848.0
241917704,1.992200255393982,-0.0737990140914917,5.165058612823486,0,0.6000000238418579,-10376848.0
241927685,1.929126262664795,0.18929168581962585,4.999027252197266,0,0.6000000238418579,-10376848.0
241937691,1.6469625234603882,0.3856193423271179,4.725204944610596,0,0.6000000238418579,-10376848.0
241947966,1.8588953018188477,0.4559496343135834,4.785613059997559,0,0.6000000238418579,-10376848.0
241958101,1.8446985483169556,0.6346222162246704,4.625207424163818,0,0.6000000238418579,-10376848.0
241967648,1.7559525966644287,0.5329012274742126,4.4306111335754395,0,0.6000000238418579,-10376848.0
241977635,2.0465850830078125,0.32078126072883606,4.443686485290527,0,0.6000000238418579,-10376848.0
241987665,1.8467426300048828,0.1664087474346161,4.173977375030518,0,0.6000000238418579,-10376848.0
241997954,1.7564622163772583,0.1032218411564827,3.9580557346343994,0,0.6000000238418579,-10376848.0
242007922,1.7213788032531738,0.3295839726924896,3.9170947074890137,0,0.6000000238418579,-10376848.0
242017766,1.5648669004440308,0.4089938700199127,3.656649351119995,0,0.6000000238418579,-10376848.0
242027665,1.8167005777359009,0.06714363396167755,3.719434976577759,0,0.6000000238418579,-10376848.0
242037667,1.7181819677352905,0.17010138928890228,3.618093252182007,0,0.6000000238418579,-10376848.0
242047970,1.4872950315475464,0.4040520191192627,3.3579843044281006,0,0.6000000238418579,-10376848.0
242057967,1.7752848863601685,0.1076500341296196,3.4474334716796875,0,0.6000000238418579,-10376848.0
242067606,1.5373382568359375,0.32723936438560486,3.316073417663574,0,0.6000000238418579,-10376848.0
242077632,1.2754701375961304,0.8989841938018799,3.099710702896118,0,0.6000000238418579,-10376848.0
242087615,1.5658400058746338,0.414213627576828,3.3303263187408447,0,0.6000000238418579,-10376848.0
242098116,1.5593981742858887,0.2926636338233948,3.162748336791992,0,0.6000000238418579,-10376848.0
242107921,1.3706519603729248,0.5685422420501709,3.030331611633301,0,0.6000000238418579,-10376848.0
242117699,1.6185022592544556,0.12818366289138794,3.104779005050659,0,0.6000000238418579,-10376848.0
242127681,1.498932957649231,-0.0898236408829689,2.953322172164917,0,0.6000000238418579,-10376848.0
242137654,1.3679054975509644,0.34787726402282715,2.8837032318115234,0,0.6000000238418579,-10376848.0
242147986,1.1684514284133911,0.21656855940818787,2.8933587074279785,0,0.6000000238418579,-10376848.0
242158069,1.1203418970108032,0.09837477654218674,2.7721850872039795,0,0.6000000238418579,-10376848.0
242167659,1.272012710571289,0.28965839743614197,2.853959083557129,0,0.6000000238418579,-10376848.0
242177678,1.130492091178894,0.3109469413757324,2.7385499477386475,0,0.6000000238418579,-10376848.0
242187625,1.1456712484359741,0.4487321972846985,2.7264556884765625,0,0.6000000238418579,-10376848.0
242197893,1.3785096406936646,0.5980511903762817,2.8586909770965576,0,0.6000000238418579,-10376848.0
242207921,1.24892258644104,0.44515886902809143,2.753838300704956,0,0.6000000238418579,-10376848.0
242217731,1.4407451152801514,0.6526365280151367,2.84037184715271,0,0.6000000238418579,-10376848.0
242227708,1.776198148727417,0.634725034236908,2.9366040229797363,0,0.6000000238418579,-10376848.0
242237635,1.8067041635513306,-0.013260076753795147,2.8764452934265137,0,0.6000000238418579,-10376848.0
242247941,1.912132740020752,0.03054439276456833,2.9723901748657227,0,0.6000000238418579,-10376848.0
242257907,1.7343593835830688,0.1921704262495041,2.9871718883514404,0,0.6000000238418579,-10376848.0
242267676,1.6664971113204956,-0.08625564724206924,2.9317996501922607,0,0.6000000238418579,-10376848.0
242277687,1.9753267765045166,-0.16471213102340698,3.159780263900757,0,0.6000000238418579,-10376848.0
242287654,1.8765956163406372,0.06944067776203156,3.0675857067108154,0,0.6000000238418579,-10376848.0
242298022,1.7102636098861694,0.37142959237098694,3.1376211643218994,0,0.6000000238418579,-10376848.0
242307976,1.9149963855743408,0.7402973771095276,3.2607545852661133,0,0.6000000238418579,-10376848.0
242317671,1.938657283782959,0.694477379322052,3.245849609375,0,0.6000000238418579,-10376848.0
242327678,1.8901944160461426,0.4346727430820465,3.233379364013672,0,0.6000000238418579,-10376848.0
242337654,1.6647828817367554,0.5200716257095337,3.3166110515594482,0,0.6000000238418579,-10376848.0
242348008,1.3482767343521118,0.3363899886608124,3.2426841259002686,0,0.6000000238418579,-10376848.0
242358103,1.4410969018936157,-0.26700717210769653,3.41677188873291,0,0.6000000238418579,-10376848.0
242367647,1.2619715929031372,0.014095527119934559,3.415403366088867,0,0.6000000238418579,-10376848.0
242377655,1.0859755277633667,0.19881272315979004,3.3963944911956787,0,0.6000000238418579,-10376848.0
242387708,1.3237184286117554,-0.11304458230733871,3.6286122798919678,0,0.6000000238418579,-10376848.0
242397998,1.5316026210784912,0.1430555284023285,3.754776954650879,0,0.6000000238418579,-10376848.0
242407950,1.4248502254486084,0.40392544865608215,3.838942527770996,0,0.6000000238418579,-10376848.0
242417704,1.43606436252594,0.5050168633460999,3.9709181785583496,0,0.6000000238418579,-10376848.0
242427678,1.547135829925537,0.505598783493042,4.079107284545898,0,0.6000000238418579,-10376848.0
242437653,1.5252197980880737,-0.005336517468094826,4.166210174560547,0,0.6000000238418579,-10376848.0
242447994,1.4032747745513916,0.009757458232343197,4.164886474609375,0,0.6000000238418579,-10376848.0
242458001,1.3185429573059082,0.341366171836853,4.169750690460205,0,0.6000000238418579,-10376848.0
242467655,1.2810649871826172,-0.12741053104400635,4.255002021789551,0,0.6000000238418579,-10376848.0
242477661,1.4497328996658325,-0.2438443899154663,4.425230026245117,0,0.6000000238418579,-10376848.0
242487648,1.3694981336593628,0.1822047233581543,4.553379535675049,0,0.6000000238418579,-10376848.0
242498063,1.2879910469055176,0.2552187442779541,4.643115043640137,0,0.6000000238418579,-10376848.0
242507920,1.378592610359192,0.2137276828289032,4.869435787200928,0,0.6000000238418579,-10376848.0
242517669,1.3732945919036865,0.3445543944835663,5.001887321472168,0,0.6000000238418579,-10376848.0
242527656,1.0752761363983154,0.4424721896648407,5.0049638748168945,0,0.6000000238418579,-10376848.0
242537672,1.173649787902832,0.7597293853759766,5.221772193908691,0,0.6000000238418579,-10376848.0
242547947,1.3534106016159058,0.5510196685791016,5.416653156280518,0,0.6000000238418579,-10376848.0
242558130,1.3505910634994507,0.206926167011261,5.602015972137451,0,0.6000000238418579,-10376848.0
242567677,1.2689281702041626,0.511920690536499,5.714636325836182,0,0.6000000238418579,-10376848.0
242577657,1.2559055089950562,0.5218353867530823,5.885470390319824,0,0.6000000238418579,-10376848.0
242587673,1.2179358005523682,0.017243020236492157,5.927400588989258,0,0.6000000238418579,-10376169.0
242597948,1.0769110918045044,0.22969995439052582,6.023799419403076,0,0.6000000238418579,-10376169.0
242607910,0.8360967040061951,0.3230629563331604,6.079050064086914,0,0.6000000238418579,-10376169.0
242617701,0.7724004983901978,0.19394080340862274,6.245708465576172,0,0.6000000238418579,-10376169.0
242627671,0.8783305287361145,0.3479484021663666,6.380308151245117,0,0.6000000238418579,-10376169.0
242637658,0.8452111482620239,0.4391147792339325,6.486148834228516,0,0.6000000238418579,-10376169.0
242647905,0.6836526393890381,0.7063124775886536,6.403546333312988,0,0.6000000238418579,-10376169.0
242657864,0.7754199504852295,0.9532780647277832,6.563904285430908,0,0.6000000238418579,-10376169.0
242667703,0.8065192699432373,0.43521711230278015,6.6084184646606445,0,0.6000000238418579,-10376169.0
242677656,0.5126979947090149,0.16244715452194214,6.6049699783325195,0,0.6000000238418579,-10376169.0
242687656,0.3370627164840698,0.5250431895256042,6.634599685668945,0,0.6000000238418579,-10376169.0
242698049,0.18286071717739105,0.21724234521389008,6.6679511070251465,0,0.6000000238418579,-10376169.0
242707930,0.3251400887966156,-0.09603054821491241,6.748684883117676,0,0.6000000238418579,-10376169.0
242717675,0.23396286368370056,0.11316921561956406,6.835039138793945,0,0.6000000238418579,-10376169.0
242727662,-0.19683723151683807,0.22670204937458038,6.7144036293029785,0,0.6000000238418579,-10376169.0
242737629,-0.28392714262008667,0.35495829582214355,6.65182638168335,0,0.6000000238418579,-10376169.0
242747985,-0.08606494963169098,0.38426825404167175,6.747134208679199,0,0.6000000238418579,-10376169.0
242758119,-0.16154098510742188,0.13892948627471924,6.668432235717773,0,0.6000000238418579,-10376169.0
242767667,-0.27361688017845154,0.31586578488349915,6.654028415679932,0,0.6000000238418579,-10376169.0
242777659,-0.270567923784256,0.3926454484462738,6.77545690536499,0,0.6000000238418579,-10376169.0
242787668,-0.4392744302749634,-0.21928834915161133,6.7141032218933105,0,0.6000000238418579,-10376169.0
242797978,-0.6716940402984619,-0.07565587759017944,6.6890549659729,0,0.6000000238418579,-10376169.0
242807995,-0.9408111572265625,0.32197967171669006,6.538248062133789,0,0.6000000238418579,-10376169.0
242817736,-1.0457135438919067,0.008677234873175621,6.466769218444824,0,0.6000000238418579,-10376169.0
242827685,-0.7347829937934875,-0.01615261659026146,6.639751434326172,0,0.6000000238418579,-10376169.0
242837620,-1.0784026384353638,0.23170705139636993,6.5149078369140625,0,0.6000000238418579,-10376169.0
242847944,-1.2830930948257446,0.2348036915063858,6.393956184387207,0,0.6000000238418579,-10376169.0
242857945,-1.0826908349990845,0.2249058037996292,6.464931488037109,0,0.6000000238418579,-10376169.0
242867707,-1.3650163412094116,0.14646394550800323,6.1770758628845215,0,0.6000000238418579,-10376169.0
242877724,-1.315463900566101,0.08717110008001328,6.116001605987549,0,0.6000000238418579,-10376169.0
242887645,-1.1978764533996582,0.037678707391023636,6.160055160522461,0,0.6000000238418579,-10376169.0
242898016,-1.4810914993286133,-0.03959520161151886,5.970327377319336,0,0.6000000238418579,-10376169.0
242907954,-1.5015909671783447,-0.1578710526227951,6.007131099700928,0,0.6000000238418579,-10376169.0
242917671,-1.7939584255218506,-0.00487392395734787,5.866143703460693,0,0.6000000238418579,-10376169.0
242927668,-1.996472954750061,0.24956367909908295,5.562240123748779,0,0.6000000238418579,-10376169.0
242937713,-1.662489652633667,-0.17704465985298157,5.666845321655273,0,0.6000000238418579,-10376169.0
242947975,-1.6782488822937012,-0.14647482335567474,5.466814041137695,0,0.6000000238418579,-10376169.0
242958070,-1.9697239398956299,0.46364206075668335,5.3070220947265625,0,0.6000000238418579,-10376169.0
242967649,-1.7279677391052246,0.1892511546611786,5.418424606323242,0,0.6000000238418579,-10376169.0
242977645,-1.727432370185852,-0.03384924307465553,5.24046516418457,0,0.6000000238418579,-10376169.0
242987662,-1.9872239828109741,0.41897517442703247,5.048083782196045,0,0.6000000238418579,-10376169.0
242997919,-1.870904564857483,0.22744373977184296,4.901987552642822,0,0.6000000238418579,-10376169.0
243007979,-1.934404730796814,-0.202744722366333,4.715741157531738,0,0.6000000238418579,-10376169.0
243017743,-1.9610499143600464,-0.07175479829311371,4.605240345001221,0,0.6000000238418579,-10376169.0
243027679,-2.15099835395813,-0.11479448527097702,4.5981764793396,0,0.6000000238418579,-10376169.0
243037684,-2.237196922302246,-0.04551459476351738,4.415463447570801,0,0.6000000238418579,-10376169.0
243047925,-2.0639407634735107,0.11830044537782669,4.3748250007629395,0,0.6000000238418579,-10376169.0
243057973,-2.1647560596466064,0.12067342549562454,4.20689582824707,0,0.6000000238418579,-10376169.0
243067694,-2.186985731124878,0.5794544816017151,4.087212085723877,0,0.6000000238418579,-10376169.0
243077672,-1.8050988912582397,0.7611610293388367,4.202089309692383,0,0.6000000238418579,-10376169.0
243087665,-1.7519557476043701,0.18288475275039673,4.161700248718262,0,0.6000000238418579,-10376169.0
243098048,-1.981755256652832,0.19736047089099884,4.076382160186768,0,0.6000000238418579,-10376169.0
243107913,-2.1894829273223877,0.2872101664543152,3.993666172027588,0,0.6000000238418579,-10376169.0
243117725,-2.259406566619873,-0.22555246949195862,3.813554525375366,0,0.6000000238418579,-10376169.0
243127647,-2.0231857299804688,-0.26724565029144287,3.7263362407684326,0,0.6000000238418579,-10376169.0
243137670,-2.033231019973755,-0.08590023219585419,3.5871074199676514,0,0.6000000238418579,-10376169.0
243147918,-2.2863805294036865,0.01698945462703705,3.3360562324523926,0,0.6000000238418579,-10376169.0
243158079,-2.113332748413086,0.4075106084346771,3.4083378314971924,0,0.6000000238418579,-10376169.0
243167655,-2.007932662963867,0.19909611344337463,3.3068552017211914,0,0.6000000238418579,-10376169.0
243177654,-2.0233044624328613,0.16305476427078247,3.25152850151062,0,0.6000000238418579,-10376169.0
243187667,-1.845229148864746,0.5555342435836792,3.210834264755249,0,0.6000000238418579,-10376169.0
243197965,-1.6428239345550537,0.08050897717475891,3.192861318588257,0,0.6000000238418579,-10376169.0
243207971,-1.6256177425384521,-0.3444126844406128,3.0640299320220947,0,0.6000000238418579,-10376169.0
243217725,-1.9533611536026,0.023736480623483658,2.937499761581421,0,0.6000000238418579,-10376169.0
243227651,-2.1538190841674805,-0.0912470817565918,2.8138821125030518,0,0.6000000238418579,-10376169.0
243237642,-1.8669986724853516,-0.29188236594200134,2.87849760055542,0,0.6000000238418579,-10376169.0
243247883,-1.8278290033340454,0.1265617460012436,2.850545883178711,0,0.6000000238418579,-10376169.0
243257953,-2.0893540382385254,0.4067210853099823,2.7356250286102295,0,0.6000000238418579,-10376169.0
243267706,-1.7722982168197632,0.30973103642463684,2.7688302993774414,0,0.6000000238418579,-10376169.0
243277677,-1.5070836544036865,0.1944890320301056,2.818119764328003,0,0.6000000238418579,-10376169.0
243287642,-1.664069652557373,0.05520832911133766,2.5853240489959717,0,0.6000000238418579,-10376169.0
243298067,-1.549461841583252,0.08398572355508804,2.6797971725463867,0,0.6000000238418579,-10376169.0
243307933,-1.732845664024353,-0.03676709532737732,2.6338181495666504,0,0.6000000238418579,-10376169.0
243317660,-2.1033082008361816,-0.34830623865127563,2.3506836891174316,0,0.6000000238418579,-10376169.0
243327634,-2.305931568145752,-0.1269679218530655,2.464510917663574,0,0.6000000238418579,-10376169.0
243337628,-2.5096895694732666,0.22201932966709137,2.2342193126678467,0,0.6000000238418579,-10376169.0
243347949,-2.2444236278533936,-0.07066269218921661,2.294851064682007,0,0.6000000238418579,-10376169.0
243358094,-1.9622671604156494,-0.08407348394393921,2.452455997467041,0,0.6000000238418579,-10376169.0
243367653,-2.3822619915008545,0.5360370874404907,2.2532448768615723,0,0.6000000238418579,-10376169.0
243377661,-2.1589598655700684,0.5664024949073792,2.4334146976470947,0,0.6000000238418579,-10376169.0
243387687,-2.029076337814331,0.18003728985786438,2.608508586883545,0,0.6000000238418579,-10376169.0
243398035,-2.238720417022705,0.49615028500556946,2.4439353942871094,0,0.6000000238418579,-10376169.0
243407886,-2.0078675746917725,0.41070374846458435,2.715507984161377,0,0.6000000238418579,-10376169.0
243417681,-1.870413064956665,-0.0677945464849472,2.73620867729187,0,0.6000000238418579,-10376169.0
243427568,-1.9624907970428467,0.008566796779632568,2.8278138637542725,0,0.6000000238418579,-10376169.0
243437566,-1.9595316648483276,-0.045273780822753906,2.9393222332000732,0,0.6000000238418579,-10376169.0
243447956,-2.2010178565979004,0.038428958505392075,2.9113547801971436,0,0.6000000238418579,-10376169.0
243457942,-2.0336458683013916,0.3649262487888336,3.1040637493133545,0,0.6000000238418579,-10376169.0
243467669,-1.9367008209228516,0.044981278479099274,3.2677247524261475,0,0.6000000238418579,-10376169.0
243477695,-2.1233317852020264,0.1599172055721283,3.234360694885254,0,0.6000000238418579,-10376169.0
243487628,-1.766953468322754,0.5705155730247498,3.4723877906799316,0,0.6000000238418579,-10376169.0
243498050,-1.3877472877502441,0.15447773039340973,3.6712749004364014,0,0.6000000238418579,-10376169.0
243507980,-1.4467592239379883,0.2445785254240036,3.7079784870147705,0,0.6000000238418579,-10376169.0
243517679,-1.532813310623169,0.600553035736084,3.7336182594299316,0,0.6000000238418579,-10376169.0
243527710,-1.537384271621704,0.07605041563510895,3.846662998199463,0,0.6000000238418579,-10376169.0
243537669,-1.5122309923171997,-0.18221521377563477,3.8921027183532715,0,0.6000000238418579,-10376169.0
243547927,-1.7491004467010498,-0.2359890639781952,3.967637777328491,0,0.6000000238418579,-10376169.0
243558060,-2.0160703659057617,-0.12277969717979431,3.9935765266418457,0,0.6000000238418579,-10376169.0
243567684,-2.164243698120117,0.3264763355255127,4.028331756591797,0,0.6000000238418579,-10376169.0
243577658,-1.9375845193862915,0.16745518147945404,4.134957790374756,0,0.6000000238418579,-10376169.0
243587704,-1.647715449333191,0.012976906262338161,4.347044944763184,0,0.6000000238418579,-10374831.0
243597979,-1.8533217906951904,0.5480320453643799,4.3681182861328125,0,0.6000000238418579,-10374831.0
243608002,-1.730587124824524,0.48185965418815613,4.551247596740723,0,0.6000000238418579,-10374831.0
243617703,-1.4834973812103271,0.0925673395395279,4.829974174499512,0,0.6000000238418579,-10374831.0
243627645,-1.8174632787704468,0.21324531733989716,4.8284783363342285,0,0.6000000238418579,-10374831.0
243637596,-1.7581706047058105,0.014592280611395836,5.0067267417907715,0,0.6000000238418579,-10374831.0
243647973,-1.786874532699585,-0.20376072824001312,5.207509994506836,0,0.6000000238418579,-10374831.0
243657994,-1.809424877166748,-0.02686695195734501,5.19942045211792,0,0.6000000238418579,-10374831.0
243667694,-1.6720138788223267,-0.25415560603141785,5.432500839233398,0,0.6000000238418579,-10374831.0
243677694,-1.7905867099761963,0.1070350632071495,5.528183460235596,0,0.6000000238418579,-10374831.0
243687643,-1.8482983112335205,0.4847272038459778,5.614213943481445,0,0.6000000238418579,-10374831.0
243698062,-1.4865102767944336,0.04388158768415451,5.939900875091553,0,0.6000000238418579,-10374831.0
243707909,-1.5153990983963013,0.23087863624095917,6.020704746246338,0,0.6000000238418579,-10374831.0
243717712,-1.58046555519104,0.6940295100212097,6.0930094718933105,0,0.6000000238418579,-10374831.0
243727679,-1.3067883253097534,0.11544059962034225,6.39467716217041,0,0.6000000238418579,-10374831.0
243737677,-1.2399905920028687,0.05415268987417221,6.381074905395508,0,0.6000000238418579,-10374831.0
243748006,-1.3996220827102661,0.32933270931243896,6.482195854187012,0,0.6000000238418579,-10374831.0
243758056,-1.4075870513916016,0.07111123949289322,6.598175525665283,0,0.6000000238418579,-10374831.0
243767653,-1.4043257236480713,-0.2115124762058258,6.629773139953613,0,0.6000000238418579,-10374831.0
243777661,-1.1484776735305786,-0.15683607757091522,6.8221001625061035,0,0.6000000238418579,-10374831.0
243787650,-0.9609614610671997,-0.08493340015411377,7.010594367980957,0,0.6000000238418579,-10374831.0
243797927,-0.7278241515159607,0.27174627780914307,7.118703365325928,0,0.6000000238418579,-10374831.0
243807943,-0.3735036253929138,0.46209287643432617,7.385616302490234,0,0.6000000238418579,-10374831.0
243817780,-0.5718474984169006,0.2515660524368286,7.260953903198242,0,0.6000000238418579,-10374831.0
243827652,-0.7908102869987488,0.4012574255466461,7.211619853973389,0,0.6000000238418579,-10374831.0
243837704,-0.6106913685798645,0.49960070848464966,7.302944183349609,0,0.6000000238418579,-10374831.0
243847944,-0.5582644939422607,-0.08011019229888916,7.265751838684082,0,0.6000000238418579,-10374831.0
243857994,-0.3647766709327698,-0.17404870688915253,7.372003078460693,0,0.6000000238418579,-10374831.0
243867655,-0.3593730032444,0.1794224977493286,7.345534324645996,0,0.6000000238418579,-10374831.0
243877693,-0.3340873718261719,-0.012072065845131874,7.283594131469727,0,0.6000000238418579,-10374831.0
243887652,0.0775231271982193,-0.03674747422337532,7.481324195861816,0,0.6000000238418579,-10374831.0
243898085,-0.10003338009119034,0.5001443028450012,7.324995994567871,0,0.6000000238418579,-10374831.0
243907903,-0.19283246994018555,0.662250280380249,7.149008750915527,0,0.6000000238418579,-10374831.0
243917691,0.36866137385368347,0.33615103363990784,7.285672664642334,0,0.6000000238418579,-10374831.0
243927683,0.2411217987537384,0.3119329810142517,7.0634541511535645,0,0.6000000238418579,-10374831.0
243937649,0.4310776889324188,0.4414604902267456,7.014955043792725,0,0.6000000238418579,-10374831.0
243947988,0.7542397975921631,0.1705048531293869,7.206634998321533,0,0.6000000238418579,-10374831.0
243958122,0.6737377643585205,0.10631335526704788,6.947286128997803,0,0.6000000238418579,-10374831.0
243967648,0.8249644041061401,0.0725676417350769,6.997093677520752,0,0.6000000238418579,-10374831.0
243977629,0.714851438999176,0.009833394549787045,6.784243583679199,0,0.6000000238418579,-10374831.0
243987644,0.6940642595291138,0.34018346667289734,6.567111968994141,0,0.6000000238418579,-10374831.0
243997920,1.0462901592254639,0.2453884780406952,6.746140003204346,0,0.6000000238418579,-10374831.0
244007923,0.8542571067810059,0.4315919876098633,6.50835657119751,0,0.6000000238418579,-10374831.0
244017701,0.9844265580177307,0.9073434472084045,6.448069095611572,0,0.6000000238418579,-10374831.0
244027667,1.481947660446167,0.5832530856132507,6.591697692871094,0,0.6000000238418579,-10374831.0
244037631,1.4075965881347656,0.1936233937740326,6.184887409210205,0,0.6000000238418579,-10374831.0
244047957,1.2509018182754517,0.5611352324485779,6.084635257720947,0,0.6000000238418579,-10374831.0
244057944,1.3266525268554688,0.3582262694835663,5.9679083824157715,0,0.6000000238418579,-10374831.0
244067696,1.3950425386428833,-0.10593603551387787,5.810385227203369,0,0.6000000238418579,-10374831.0
244077697,1.6036204099655151,0.23374173045158386,5.819925308227539,0,0.6000000238418579,-10374831.0
244087637,1.4322041273117065,0.5194233655929565,5.578732967376709,0,0.6000000238418579,-10374831.0
244098038,1.473082423210144,0.4163803160190582,5.412353992462158,0,0.6000000238418579,-10374831.0
244107935,1.7631467580795288,0.4459522068500519,5.390109062194824,0,0.6000000238418579,-10374831.0
244117671,1.3836106061935425,0.540001392364502,5.079819202423096,0,0.6000000238418579,-10374831.0
244127652,1.4605263471603394,0.721331000328064,5.002608776092529,0,0.6000000238418579,-10374831.0
244137627,1.8992844820022583,0.6829488277435303,5.138312816619873,0,0.6000000238418579,-10374831.0
244147942,1.8572763204574585,0.5520247220993042,4.892554759979248,0,0.6000000238418579,-10374831.0
244158060,1.9080106019973755,0.5968941450119019,4.838360786437988,0,0.6000000238418579,-10374831.0
244167660,1.8885103464126587,0.5659739971160889,4.670806407928467,0,0.6000000238418579,-10374831.0
244177654,1.6533865928649902,0.18831411004066467,4.3771281242370605,0,0.6000000238418579,-10374831.0
244187651,1.789934754371643,0.1101786270737648,4.369904041290283,0,0.6000000238418579,-10374831.0
244198006,1.5151265859603882,0.5158129334449768,4.173339366912842,0,0.6000000238418579,-10374831.0
244207930,1.4406150579452515,0.6538516879081726,4.003482341766357,0,0.6000000238418579,-10374831.0
244217692,1.9274176359176636,0.5049216151237488,4.1793012619018555,0,0.6000000238418579,-10374831.0
244227679,1.5828057527542114,0.8521738648414612,3.892385721206665,0,0.6000000238418579,-10374831.0
244237656,1.4473934173583984,1.0083595514297485,3.6621108055114746,0,0.6000000238418579,-10374831.0
244247904,1.794289231300354,0.5780397653579712,3.7477686405181885,0,0.6000000238418579,-10374831.0
244257938,1.6343657970428467,0.48107805848121643,3.4948339462280273,0,0.6000000238418579,-10374831.0
244267666,1.5443719625473022,0.430068701505661,3.3878090381622314,0,0.6000000238418579,-10374831.0
244277645,1.5130139589309692,0.2893555760383606,3.344088077545166,0,0.6000000238418579,-10374831.0
244287567,1.3543803691864014,0.47361287474632263,3.0974340438842773,0,0.6000000238418579,-10374831.0
244298076,1.652406930923462,0.10352306067943573,3.1737592220306396,0,0.6000000238418579,-10374831.0
244307973,1.3857277631759644,0.22184987366199493,2.992800235748291,0,0.6000000238418579,-10374831.0
244317695,1.0218058824539185,0.9451603889465332,2.7201766967773438,0,0.6000000238418579,-10374831.0
244327672,1.397669792175293,0.6416188478469849,2.900273561477661,0,0.6000000238418579,-10374831.0
244337640,1.4952411651611328,0.4082297682762146,2.7669599056243896,0,0.6000000238418579,-10374831.0
244347949,1.2680797576904297,0.708856999874115,2.6452980041503906,0,0.6000000238418579,-10374831.0
244358061,1.3159451484680176,0.47847047448158264,2.6951396465301514,0,0.6000000238418579,-10374831.0
244367661,1.3115017414093018,0.18413330614566803,2.6155402660369873,0,0.6000000238418579,-10374831.0
244377693,1.3814723491668701,0.150631383061409,2.5895893573760986,0,0.6000000238418579,-10374831.0
244387655,1.4539788961410522,0.08892641961574554,2.5950334072113037,0,0.6000000238418579,-10374831.0
244397958,1.153661847114563,0.42238181829452515,2.4346680641174316,0,0.6000000238418579,-10374831.0
244407951,1.1964101791381836,0.7917848825454712,2.4913694858551025,0,0.6000000238418579,-10374831.0
244417715,1.1171376705169678,0.6252598166465759,2.5183329582214355,0,0.6000000238418579,-10374831.0
244427690,1.2401491403579712,0.8427240252494812,2.527794599533081,0,0.6000000238418579,-10374831.0
244437635,1.8657742738723755,1.0831173658370972,2.8251585960388184,0,0.6000000238418579,-10374831.0
244447954,2.333040952682495,0.4221010208129883,2.8674914836883545,0,0.6000000238418579,-10374831.0
244457932,2.378136157989502,0.14049132168293,2.9757955074310303,0,0.6000000238418579,-10374831.0
244467679,1.9191547632217407,0.37073007225990295,2.9004769325256348,0,0.6000000238418579,-10374831.0
244477679,1.2452009916305542,0.2603762745857239,2.7149198055267334,0,0.6000000238418579,-10374831.0
244487649,1.4040067195892334,0.16804099082946777,2.758702039718628,0,0.6000000238418579,-10374831.0
244498066,1.508892297744751,0.3812805116176605,2.8602805137634277,0,0.6000000238418579,-10374831.0
244507960,1.3501800298690796,0.5873018503189087,2.728886842727661,0,0.6000000238418579,-10374831.0
244517687,1.7540972232818604,0.6398571729660034,3.0294556617736816,0,0.6000000238418579,-10374831.0
244527664,2.003490686416626,0.5307562351226807,3.0027124881744385,0,0.6000000238418579,-10374831.0
244537641,1.633007526397705,0.38617298007011414,3.00349497795105,0,0.6000000238418579,-10374831.0
244547971,1.3300269842147827,0.4579734206199646,2.8917059898376465,0,0.6000000238418579,-10372243.0
244558106,1.0360896587371826,0.491875022649765,2.8355720043182373,0,0.6000000238418579,-10372243.0
244567626,1.0717076063156128,0.022557154297828674,2.8905274868011475,0,0.6000000238418579,-10372243.0
244577675,1.3285804986953735,0.032232388854026794,3.1130783557891846,0,0.6000000238418579,-10372243.0
244587679,1.2429593801498413,0.45725440979003906,3.073042154312134,0,0.6000000238418579,-10372243.0
244597947,1.4175771474838257,0.2926221787929535,3.219245433807373,0,0.6000000238418579,-10372243.0
244607942,1.570723533630371,0.28057315945625305,3.4040205478668213,0,0.6000000238418579,-10372243.0
244617729,1.1976615190505981,0.7644809484481812,3.3181235790252686,0,0.6000000238418579,-10372243.0
244627633,1.204988718032837,0.5751467347145081,3.3595998287200928,0,0.6000000238418579,-10372243.0
244637669,1.529818058013916,0.4595004916191101,3.5980474948883057,0,0.6000000238418579,-10372243.0
244647988,1.6786887645721436,0.39296817779541016,3.6444387435913086,0,0.6000000238418579,-10372243.0
244657740,1.697969913482666,0.01925121247768402,3.797696828842163,0,0.6000000238418579,-10372243.0
244667931,1.4668142795562744,0.20099863409996033,3.840412139892578,0,0.6000000238418579,-10372243.0
244677681,1.1718329191207886,0.3775646984577179,3.798257350921631,0,0.6000000238418579,-10372243.0
244687649,1.5187186002731323,-0.05352156236767769,4.010921001434326,0,0.6000000238418579,-10372243.0
244698036,1.5025829076766968,0.16627255082130432,4.198632717132568,0,0.6000000238418579,-10372243.0
244707692,1.2254366874694824,0.840438723564148,4.145686149597168,0,0.6000000238418579,-10372243.0
244717951,1.4224897623062134,0.6360943913459778,4.439195156097412,0,0.6000000238418579,-10372243.0
244727656,1.508301019668579,0.5187344551086426,4.607798099517822,0,0.6000000238418579,-10372243.0
244737697,1.3072301149368286,0.7086294293403625,4.640710353851318,0,0.6000000238418579,-10372243.0
244747931,1.3804880380630493,0.43349677324295044,4.853414058685303,0,0.6000000238418579,-10372243.0
244757707,1.4991726875305176,0.07144394516944885,5.062155723571777,0,0.6000000238418579,-10372243.0
244768432,1.3820557594299316,0.1489817500114441,5.122879505157471,0,0.6000000238418579,-10372243.0
244777607,1.4188801050186157,0.18597961962223053,5.393589973449707,0,0.6000000238418579,-10372243.0
244787659,1.1407551765441895,0.47392159700393677,5.419260025024414,0,0.6000000238418579,-10372243.0
244797946,1.3123574256896973,0.6918427348136902,5.613159656524658,0,0.6000000238418579,-10372243.0
244807679,1.3398274183273315,0.41426029801368713,5.846510410308838,0,0.6000000238418579,-10372243.0
244817980,1.0717198848724365,0.6031733155250549,5.858384132385254,0,0.6000000238418579,-10372243.0
244827660,1.2591415643692017,0.7922353148460388,6.131229400634766,0,0.6000000238418579,-10372243.0
244837705,1.3460756540298462,0.12880903482437134,6.292713165283203,0,0.6000000238418579,-10372243.0
244847939,1.3315770626068115,0.09253781288862228,6.412825584411621,0,0.6000000238418579,-10372243.0
244857688,0.9973912239074707,0.3572865426540375,6.6125078201293945,0,0.6000000238418579,-10372243.0
244868002,0.449389785528183,0.03212021663784981,6.489755630493164,0,0.6000000238418579,-10372243.0
244877667,0.5201660394668579,0.06085929274559021,6.708589553833008,0,0.6000000238418579,-10372243.0
244887660,0.23196038603782654,0.4902282655239105,6.733311653137207,0,0.6000000238418579,-10372243.0
244898014,0.25655224919319153,0.5891545414924622,6.725039482116699,0,0.6000000238418579,-10372243.0
244907639,0.721493661403656,0.43863043189048767,7.1845550537109375,0,0.6000000238418579,-10372243.0
244917937,0.41977569460868835,0.41293981671333313,7.10044527053833,0,0.6000000238418579,-10372243.0
244927658,0.23955078423023224,0.3747066259384155,7.146218299865723,0,0.6000000238418579,-10372243.0
244937732,0.18275243043899536,0.017578652128577232,7.403571605682373,0,0.6000000238418579,-10372243.0
244947946,-0.07747755944728851,0.02358609065413475,7.201444149017334,0,0.6000000238418579,-10372243.0
244957686,-0.12750782072544098,0.12514227628707886,7.3162689208984375,0,0.6000000238418579,-10372243.0
244968287,-0.38806816935539246,0.07772547751665115,7.271923065185547,0,0.6000000238418579,-10372243.0
244977671,-0.4138035178184509,0.08083633333444595,7.161618232727051,0,0.6000000238418579,-10372243.0
244987653,-0.017700668424367905,-0.00217426847666502,7.512802600860596,0,0.6000000238418579,-10372243.0
244997952,-0.3381315767765045,0.11700639128684998,7.256869792938232,0,0.6000000238418579,-10372243.0
245007678,-0.442690908908844,0.4338681399822235,7.294436454772949,0,0.6000000238418579,-10372243.0
245017941,-0.37646418809890747,0.27808821201324463,7.425961494445801,0,0.6000000238418579,-10372243.0
245027659,-0.7261453866958618,0.017060857266187668,7.167260646820068,0,0.6000000238418579,-10372243.0
245037730,-0.7439541816711426,0.37734803557395935,7.261877059936523,0,0.6000000238418579,-10372243.0
245047932,-0.8593287467956543,0.2672722339630127,7.163893699645996,0,0.6000000238418579,-10372243.0
245057686,-0.90365070104599,-0.4671081006526947,7.024888038635254,0,0.6000000238418579,-10372243.0
245067918,-0.8965709209442139,-0.3182252049446106,7.269615173339844,0,0.6000000238418579,-10372243.0
245077664,-1.353311538696289,0.20846392214298248,6.990492820739746,0,0.6000000238418579,-10372243.0
245087645,-1.3300508260726929,0.06320353597402573,6.995939254760742,0,0.6000000238418579,-10372243.0
245098068,-1.1190499067306519,0.2906058132648468,7.1377716064453125,0,0.6000000238418579,-10372243.0
245107650,-1.6523797512054443,0.6679291129112244,6.705880165100098,0,0.6000000238418579,-10372243.0
245117949,-1.3826515674591064,0.4306789040565491,6.759779453277588,0,0.6000000238418579,-10372243.0
245127685,-1.0367282629013062,-0.026649026200175285,6.75858211517334,0,0.6000000238418579,-10372243.0
245137693,-1.3970916271209717,-0.1460001915693283,6.390854358673096,0,0.6000000238418579,-10372243.0
245147959,-1.437886357307434,-0.14178624749183655,6.438827037811279,0,0.6000000238418579,-10372243.0
245157734,-1.74663245677948,-0.14296787977218628,6.154977321624756,0,0.6000000238418579,-10372243.0
245168316,-1.86897611618042,-0.06345890462398529,5.949424743652344,0,0.6000000238418579,-10372243.0
245177626,-1.721496343612671,-0.16357335448265076,6.002474784851074,0,0.6000000238418579,-10372243.0
245187689,-2.1184909343719482,0.16064465045928955,5.656632900238037,0,0.6000000238418579,-10372243.0
245197941,-1.9536012411117554,0.5699694156646729,5.6768879890441895,0,0.6000000238418579,-10372243.0
245207654,-1.8804007768630981,0.2662228047847748,5.705286026000977,0,0.6000000238418579,-10372243.0
245217966,-2.2248122692108154,0.3132573664188385,5.327653408050537,0,0.6000000238418579,-10372243.0
245227658,-2.0303308963775635,0.6085911393165588,5.337897777557373,0,0.6000000238418579,-10372243.0
245237658,-2.0169897079467773,-0.0060520535334944725,5.131340026855469,0,0.6000000238418579,-10372243.0
245247949,-2.0582265853881836,-0.27306556701660156,4.8707966804504395,0,0.6000000238418579,-10372243.0
245257654,-2.203289031982422,0.1259251981973648,4.840724945068359,0,0.6000000238418579,-10372243.0
245267892,-2.5160584449768066,0.014563573524355888,4.549326419830322,0,0.6000000238418579,-10372243.0
245277711,-2.2633302211761475,-0.1622118353843689,4.562403202056885,0,0.6000000238418579,-10372243.0
245287710,-2.2765283584594727,0.13317149877548218,4.473221778869629,0,0.6000000238418579,-10372243.0
245298022,-2.535726547241211,0.40940096974372864,4.07751989364624,0,0.6000000238418579,-10372243.0
245307697,-2.132221221923828,0.29274982213974,4.213835716247559,0,0.6000000238418579,-10372243.0
245317896,-1.9776192903518677,0.05744148790836334,4.083851337432861,0,0.6000000238418579,-10372243.0
245327679,-2.198047399520874,-0.14418374001979828,3.83542537689209,0,0.6000000238418579,-10372243.0
245337657,-1.979482889175415,-0.10721754282712936,3.917914390563965,0,0.6000000238418579,-10372243.0
245347911,-2.053377151489258,-0.24687376618385315,3.6545321941375732,0,0.6000000238418579,-10372243.0
245357665,-2.0118496417999268,-0.701777458190918,3.5380096435546875,0,0.6000000238418579,-10372243.0
245368398,-2.205650806427002,-0.3755885660648346,3.4916534423828125,0,0.6000000238418579,-10372243.0
245377641,-2.6206281185150146,0.5066137909889221,3.1332499980926514,0,0.6000000238418579,-10372243.0
245387671,-2.2344961166381836,0.3238368332386017,3.3067893981933594,0,0.6000000238418579,-10372243.0
245397934,-2.1502845287323,0.12183886021375656,3.2454168796539307,0,0.6000000238418579,-10372243.0
245407683,-2.353398561477661,0.6009307503700256,3.087576150894165,0,0.6000000238418579,-10372243.0
245417930,-1.832448959350586,0.2686901092529297,3.302964210510254,0,0.6000000238418579,-10372243.0
245427664,-1.769362449645996,0.029595958068966866,3.1831347942352295,0,0.6000000238418579,-10372243.0
245437646,-1.9752380847930908,0.5485560894012451,3.0035059452056885,0,0.6000000238418579,-10372243.0
245447887,-1.989683985710144,0.16731694340705872,3.018456220626831,0,0.6000000238418579,-10372243.0
245457669,-2.008373260498047,-0.15248610079288483,2.8857734203338623,0,0.6000000238418579,-10372243.0
245467948,-1.9295127391815186,-0.006303262431174517,2.9132087230682373,0,0.6000000238418579,-10372243.0
245477659,-1.8302431106567383,-0.25313833355903625,2.9328012466430664,0,0.6000000238418579,-10372243.0
245487654,-1.90806245803833,0.010263146832585335,2.802142858505249,0,0.6000000238418579,-10372243.0
245498080,-1.7366544008255005,0.13400514423847198,2.877875804901123,0,0.6000000238418579,-10372243.0
245507639,-1.7457623481750488,-0.06477293372154236,2.855010747909546,0,0.6000000238418579,-10372243.0
245518003,-1.9241626262664795,0.31776896119117737,2.7464842796325684,0,0.6000000238418579,-10372243.0
245527648,-1.6315710544586182,0.46948403120040894,2.9155385494232178,0,0.6000000238418579,-10372243.0
245537685,-1.7018400430679321,0.056930359452962875,2.8623013496398926,0,0.6000000238418579,-10372243.0
245548003,-1.7590515613555908,0.3184223473072052,2.804049253463745,0,0.6000000238418579,-10372243.0
245557691,-1.7566289901733398,0.2874230444431305,2.837904214859009,0,0.6000000238418579,-10372243.0
245568313,-2.0844149589538574,-0.3135075271129608,2.6785824298858643,0,0.6000000238418579,-10372243.0
245577645,-2.0681309700012207,-0.2600539028644562,2.702718496322632,0,0.6000000238418579,-10372243.0
245587757,-2.2320773601531982,-0.03969782590866089,2.7087533473968506,0,0.6000000238418579,-10372243.0
245597939,-2.3889317512512207,-0.12245918065309525,2.59858775138855,0,0.6000000238418579,-10372243.0
245607660,-1.9611455202102661,-0.12810437381267548,2.88782000541687,0,0.6000000238418579,-10372243.0
245617983,-2.176811933517456,0.05854007974267006,2.7790935039520264,0,0.6000000238418579,-10372243.0
245627649,-2.2724387645721436,0.20634663105010986,2.7400975227355957,0,0.6000000238418579,-10372243.0
245637704,-1.9718906879425049,0.24696964025497437,2.9492108821868896,0,0.6000000238418579,-10372243.0
245647901,-2.0074870586395264,0.18508680164813995,2.8983659744262695,0,0.6000000238418579,-10372243.0
245657685,-1.9041056632995605,0.04660968482494354,3.002117872238159,0,0.6000000238418579,-10372243.0
245667894,-1.9996987581253052,0.020474033430218697,3.109567403793335,0,0.6000000238418579,-10372243.0
245677679,-2.177901268005371,-0.05080939456820488,2.9422874450683594,0,0.6000000238418579,-10372243.0
245687650,-1.8341283798217773,-0.5317507386207581,3.206062078475952,0,0.6000000238418579,-10372243.0
245698071,-1.6775104999542236,-0.3608599305152893,3.283628463745117,0,0.6000000238418579,-10372243.0
245707684,-1.7866828441619873,0.06823626160621643,3.2885754108428955,0,0.6000000238418579,-10372243.0
245717929,-1.5288370847702026,-0.15113016963005066,3.565640926361084,0,0.6000000238418579,-10372243.0
245727674,-1.5715855360031128,0.0818176344037056,3.5966360569000244,0,0.6000000238418579,-10372243.0
245737712,-1.9886211156845093,0.5350462198257446,3.523005723953247,0,0.6000000238418579,-10372243.0
245747949,-1.7709932327270508,0.2676222026348114,3.7517216205596924,0,0.6000000238418579,-10372243.0
245757704,-1.7522523403167725,0.1058567687869072,3.7775678634643555,0,0.6000000238418579,-10372243.0
245768405,-1.8128094673156738,0.02268875390291214,3.840147018432617,0,0.6000000238418579,-10372243.0
245777577,-1.7421104907989502,-0.22617168724536896,4.03388786315918,0,0.6000000238418579,-10372243.0
245787662,-1.8312491178512573,-0.09780959784984589,4.0287628173828125,0,0.6000000238418579,-10372243.0
245797938,-1.6381686925888062,-0.25123369693756104,4.1975603103637695,0,0.6000000238418579,-10372243.0
245807635,-1.6191598176956177,-0.2807600200176239,4.408819198608398,0,0.6000000238418579,-10372243.0
245818006,-1.9787194728851318,0.2701796591281891,4.279786109924316,0,0.6000000238418579,-10372243.0
245827650,-1.8866212368011475,0.22395169734954834,4.490386486053467,0,0.6000000238418579,-10372243.0
245837655,-1.7983136177062988,0.040611013770103455,4.630300521850586,0,0.6000000238418579,-10372243.0
245847917,-1.991407036781311,0.4941317141056061,4.661686897277832,0,0.6000000238418579,-10372243.0
245857688,-1.8004413843154907,0.30638930201530457,4.848299026489258,0,0.6000000238418579,-10372243.0
245867974,-1.6603189706802368,-0.08915944397449493,5.057050704956055,0,0.6000000238418579,-10372243.0
245877659,-1.7076832056045532,-0.01976766437292099,5.053393840789795,0,0.6000000238418579,-10372243.0
245887716,-1.6504395008087158,-0.1151881217956543,5.319731712341309,0,0.6000000238418579,-10372243.0
245898041,-1.7651994228363037,-0.2956432104110718,5.350955009460449,0,0.6000000238418579,-10372243.0
245907707,-1.7152096033096313,-0.013232545927166939,5.543561935424805,0,0.6000000238418579,-10372243.0
245917948,-1.607740044593811,0.07069713622331619,5.786757469177246,0,0.6000000238418579,-10372243.0
245927638,-1.879512906074524,0.2077649086713791,5.741262912750244,0,0.6000000238418579,-10372243.0
245937710,-1.708897590637207,0.5192826390266418,5.946625709533691,0,0.6000000238418579,-10372243.0
245947935,-1.564780831336975,0.2534973621368408,6.097562789916992,0,0.6000000238418579,-10372243.0
245957675,-1.6570661067962646,0.11601439118385315,5.988252639770508,0,0.6000000238418579,-10372243.0
245968309,-1.5717854499816895,0.4773712754249573,6.2523698806762695,0,0.6000000238418579,-10372243.0
245977650,-1.477484107017517,0.15754379332065582,6.261736869812012,0,0.6000000238418579,-10372243.0
245987632,-1.046463131904602,-0.228035569190979,6.581109523773193,0,0.6000000238418579,-10372243.0
245997965,-0.8750778436660767,-0.04493972659111023,6.725983142852783,0,0.6000000238418579,-10372243.0
246007653,-1.069600224494934,-0.11229041963815689,6.676501750946045,0,0.6000000238418579,-10372243.0
246017921,-0.9123819470405579,-0.15049293637275696,6.815743446350098,0,0.6000000238418579,-10372243.0
246027658,-0.8617128133773804,0.1814863532781601,6.8639912605285645,0,0.6000000238418579,-10372243.0
246037678,-1.090099573135376,0.31271812319755554,6.762373924255371,0,0.6000000238418579,-10372243.0
246047915,-0.947138249874115,0.5606863498687744,6.85111141204834,0,0.6000000238418579,-10372243.0
246057700,-0.531308650970459,0.5106484889984131,6.969558238983154,0,0.6000000238418579,-10372243.0
246067941,-0.35065096616744995,0.16877484321594238,6.929732799530029,0,0.6000000238418579,-10372243.0
246077663,-0.3393009603023529,0.40747979283332825,6.947717666625977,0,0.6000000238418579,-10372243.0
246087665,-0.22594480216503143,0.39224207401275635,6.985251426696777,0,0.6000000238418579,-10372243.0
246098019,-0.27041563391685486,-0.19565196335315704,6.964645862579346,0,0.6000000238418579,-10372243.0
246107725,-0.10453838855028152,-0.08854717016220093,7.050549030303955,0,0.6000000238418579,-10372243.0
246117925,-0.11762699484825134,0.19264425337314606,7.067336559295654,0,0.6000000238418579,-10372243.0
246127654,-0.007965479977428913,0.09318721294403076,6.991290092468262,0,0.6000000238418579,-10372243.0
246137619,0.47101590037345886,0.22735698521137238,7.187808036804199,0,0.6000000238418579,-10372243.0
246147890,0.325783371925354,0.38175782561302185,7.058581352233887,0,0.6000000238418579,-10372243.0
246157738,0.15560676157474518,0.5168032050132751,6.839617729187012,0,0.6000000238418579,-10372243.0
246168322,0.49565067887306213,0.473401814699173,6.9296979904174805,0,0.6000000238418579,-10372243.0
246177657,0.5817853808403015,0.36686715483665466,6.813533782958984,0,0.6000000238418579,-10372243.0
246187656,0.5917972326278687,0.36065489053726196,6.735378742218018,0,0.6000000238418579,-10372243.0
246197943,0.840961217880249,0.3699153661727905,6.839426517486572,0,0.6000000238418579,-10372243.0
246207686,0.9220390915870667,0.27064892649650574,6.743319034576416,0,0.6000000238418579,-10372243.0
246217966,1.101773977279663,-0.12529845535755157,6.696458339691162,0,0.6000000238418579,-10372243.0
246227648,1.179760456085205,-0.06173906847834587,6.609589576721191,0,0.6000000238418579,-10372243.0
246237706,0.9099521636962891,0.2921191155910492,6.28798246383667,0,0.6000000238418579,-10372243.0
246247931,1.173423409461975,0.10447372496128082,6.251591205596924,0,0.6000000238418579,-10372243.0
246257593,1.3391624689102173,0.2792046368122101,6.2038893699646,0,0.6000000238418579,-10372243.0
246267946,1.0448527336120605,0.9254273176193237,5.95106840133667,0,0.6000000238418579,-10372243.0
246277668,1.2617448568344116,0.7745542526245117,5.9892096519470215,0,0.6000000238418579,-10372243.0
246287648,1.5935559272766113,0.497771680355072,5.963016510009766,0,0.6000000238418579,-10372243.0
246298005,1.4634506702423096,0.28893402218818665,5.728585243225098,0,0.6000000238418579,-10372243.0
246307654,1.4806143045425415,0.12297353148460388,5.602725028991699,0,0.6000000238418579,-10372243.0
246317994,1.501689076423645,0.3333962857723236,5.438974380493164,0,0.6000000238418579,-10372243.0
246327683,1.6054285764694214,0.2699209749698639,5.259568691253662,0,0.6000000238418579,-10372243.0
246337666,1.7861515283584595,0.07376761734485626,5.211439609527588,0,0.6000000238418579,-10372243.0
246347941,1.5117080211639404,0.5173107981681824,4.90537691116333,0,0.6000000238418579,-10372243.0
246357683,1.46236252784729,0.5316535830497742,4.718297481536865,0,0.6000000238418579,-10372243.0
246368310,1.7207611799240112,0.17879728972911835,4.739410400390625,0,0.6000000238418579,-10372243.0
246377654,1.3817580938339233,0.7131643295288086,4.422990798950195,0,0.6000000238418579,-10372243.0
246387658,1.4096479415893555,0.9417241215705872,4.320308685302734,0,0.6000000238418579,-10372243.0
246397885,1.7528584003448486,0.4970960319042206,4.355541706085205,0,0.6000000238418579,-10372243.0
246407728,1.5312572717666626,0.42070162296295166,4.0087890625,0,0.6000000238418579,-10372243.0
246418006,1.5683763027191162,0.31656625866889954,3.810800313949585,0,0.6000000238418579,-10372243.0
246427642,1.4575289487838745,0.1940930187702179,3.7112112045288086,0,0.6000000238418579,-10372243.0
246437661,1.2689905166625977,0.41958996653556824,3.4409000873565674,0,0.6000000238418579,-10372243.0
246447943,1.4421030282974243,0.24171501398086548,3.4534366130828857,0,0.6000000238418579,-10372243.0
246457690,1.3893985748291016,0.4663289785385132,3.3528051376342773,0,0.6000000238418579,-10372243.0
246467922,1.3314343690872192,0.8878870606422424,3.2149899005889893,0,0.6000000238418579,-10372243.0
246477685,1.6527385711669922,0.5472955703735352,3.3698883056640625,0,0.6000000238418579,-10372243.0
246487693,1.3349159955978394,0.6465533375740051,3.157543182373047,0,0.6000000238418579,-10372243.0
246498001,1.1464612483978271,1.1788965463638306,2.962869167327881,0,0.6000000238418579,-10372243.0
246507639,1.4773131608963013,0.5652072429656982,3.1250531673431396,0,0.6000000238418579,-10372243.0
246517956,1.4681308269500732,0.3835299611091614,2.9445948600769043,0,0.6000000238418579,-10372243.0
246527655,1.4318082332611084,0.6801207661628723,2.913727045059204,0,0.6000000238418579,-10372243.0
246537681,1.4100340604782104,0.23955756425857544,2.8802425861358643,0,0.6000000238418579,-10372243.0
246547979,1.393843412399292,0.08522027730941772,2.7549855709075928,0,0.6000000238418579,-10372243.0
246557703,1.4612706899642944,0.4872933030128479,2.862717390060425,0,0.6000000238418579,-10372243.0
246568375,1.1272481679916382,0.47870540618896484,2.6766984462738037,0,0.6000000238418579,-10372243.0
246577635,1.1813721656799316,0.7505860924720764,2.6651618480682373,0,0.6000000238418579,-10372243.0
246587699,1.4659165143966675,0.7832024693489075,2.8283653259277344,0,0.6000000238418579,-10372243.0
246597900,1.2094069719314575,0.6218062043190002,2.5466513633728027,0,0.6000000238418579,-10372243.0
246607629,1.4073452949523926,0.634353518486023,2.6948399543762207,0,0.6000000238418579,-10372243.0
246617961,1.449918508529663,0.39959269762039185,2.6811163425445557,0,0.6000000238418579,-10372243.0
246627681,1.3268489837646484,0.07268285006284714,2.47735857963562,0,0.6000000238418579,-10372243.0
246637690,1.2732326984405518,0.2421470582485199,2.606132745742798,0,0.6000000238418579,-10372243.0
246647916,1.0885062217712402,0.4246234595775604,2.445324182510376,0,0.6000000238418579,-10372243.0
246657631,1.094591498374939,0.3073500096797943,2.4591634273529053,0,0.6000000238418579,-10372243.0
246667956,1.125271201133728,0.3941080570220947,2.570873260498047,0,0.6000000238418579,-10372243.0
246677643,1.1991857290267944,0.9314860105514526,2.3900623321533203,0,0.6000000238418579,-10372243.0
246687697,2.281156301498413,0.7714661359786987,2.8759701251983643,0,0.6000000238418579,-10372243.0
246698026,2.834383249282837,0.2532382905483246,3.073847532272339,0,0.6000000238418579,-10372243.0
246707674,2.427175283432007,0.46887338161468506,2.8231842517852783,0,0.6000000238418579,-10372243.0
246717979,2.2368202209472656,0.41386348009109497,3.0234615802764893,0,0.6000000238418579,-10372243.0
246727689,1.786226749420166,-0.013557217083871365,2.7221219539642334,0,0.6000000238418579,-10372243.0
246737667,1.5689191818237305,0.32436296343803406,2.7731118202209473,0,0.6000000238418579,-10372243.0
246747955,1.500632643699646,0.49602001905441284,2.67946457862854,0,0.6000000238418579,-10372243.0
246757693,1.0715118646621704,0.1370769888162613,2.5721616744995117,0,0.6000000238418579,-10372243.0
246768344,1.2758580446243286,0.3610464036464691,2.717484712600708,0,0.6000000238418579,-10372243.0
246777632,0.9517695307731628,0.3757105767726898,2.6125614643096924,0,0.6000000238418579,-10372243.0
246787656,1.0471519231796265,0.5349022746086121,2.6279656887054443,0,0.6000000238418579,-10372243.0
246797940,1.574673056602478,0.7033213376998901,2.9834225177764893,0,0.6000000238418579,-10372243.0
246807652,1.3794770240783691,0.3443549871444702,2.855848789215088,0,0.6000000238418579,-10372243.0
246817990,1.4251327514648438,0.2439204603433609,3.004845380783081,0,0.6000000238418579,-10372243.0
246827676,1.4088678359985352,0.1801241934299469,3.1544017791748047,0,0.6000000238418579,-10372243.0
246837652,1.1659400463104248,-0.23504836857318878,2.9605772495269775,0,0.6000000238418579,-10372243.0
246847943,1.3333011865615845,-0.21128185093402863,3.3210442066192627,0,0.6000000238418579,-10372243.0
246857596,0.9118880033493042,0.39031359553337097,3.166137218475342,0,0.6000000238418579,-10372243.0
246867894,0.8426480889320374,0.6033034324645996,3.2006490230560303,0,0.6000000238418579,-10372243.0
246877644,1.3799750804901123,0.3528721034526825,3.6597466468811035,0,0.6000000238418579,-10372243.0
246887639,1.1563711166381836,0.5711891651153564,3.45637583732605,0,0.6000000238418579,-10372243.0
246898041,1.4019054174423218,0.5129517912864685,3.7679994106292725,0,0.6000000238418579,-10372243.0
246907661,1.7814668416976929,-0.0024429287295788527,4.065110683441162,0,0.6000000238418579,-10372243.0
246917970,1.410171389579773,0.0658673495054245,3.9516944885253906,0,0.6000000238418579,-10372243.0
246927679,1.3328028917312622,0.244209423661232,4.18333101272583,0,0.6000000238418579,-10372243.0
246937703,1.1463661193847656,0.049612924456596375,4.226221561431885,0,0.6000000238418579,-10372243.0
246947883,1.0717579126358032,0.1512257605791092,4.203835964202881,0,0.6000000238418579,-10372243.0
246957677,1.3186559677124023,0.011045948602259159,4.610335350036621,0,0.6000000238418579,-10372243.0
246968391,1.0837057828903198,0.19500046968460083,4.4789276123046875,0,0.6000000238418579,-10372243.0
246977629,1.2835047245025635,0.6755129098892212,4.751795768737793,0,0.6000000238418579,-10372243.0
246987651,1.4525789022445679,0.39014723896980286,4.98085880279541,0,0.6000000238418579,-10372243.0
246997948,1.1168839931488037,0.3988076150417328,4.889819622039795,0,0.6000000238418579,-10372243.0
247007665,1.1457873582839966,0.8118540048599243,5.108039379119873,0,0.6000000238418579,-10372243.0
247017939,1.2637344598770142,0.2143857479095459,5.330427169799805,0,0.6000000238418579,-10372243.0
247027698,1.287337064743042,-0.06893638521432877,5.406622409820557,0,0.6000000238418579,-10372243.0
247037654,1.3158257007598877,0.2565615773200989,5.750604629516602,0,0.6000000238418579,-10372243.0
247047915,1.1083704233169556,0.07614757120609283,5.641035556793213,0,0.6000000238418579,-10372243.0
247057632,1.2213300466537476,-0.11311805248260498,5.951971530914307,0,0.6000000238418579,-10372243.0
247067970,1.2109476327896118,0.22818523645401,6.109841346740723,0,0.6000000238418579,-10372243.0
247077704,0.8225438594818115,0.42229604721069336,6.062768936157227,0,0.6000000238418579,-10372243.0
247087637,1.0508363246917725,0.588071346282959,6.443536758422852,0,0.6000000238418579,-10372243.0
247098016,1.2256778478622437,0.5952231287956238,6.607655048370361,0,0.6000000238418579,-10372243.0
247107694,0.896555483341217,0.07432587444782257,6.582172393798828,0,0.6000000238418579,-10372243.0
247117898,0.5753119587898254,0.11095814406871796,6.731448173522949,0,0.6000000238418579,-10372243.0
247127716,0.22958925366401672,0.1424034833908081,6.623194217681885,0,0.6000000238418579,-10372243.0
247137744,0.28561931848526,-0.39417219161987305,6.816859722137451,0,0.6000000238418579,-10372243.0
247147935,0.3829125761985779,-0.14407376945018768,6.9319987297058105,0,0.6000000238418579,-10372243.0
247157686,0.2114887535572052,0.47732892632484436,6.883493423461914,0,0.6000000238418579,-10372243.0
247168348,0.2670256197452545,0.3048263490200043,7.008448600769043,0,0.6000000238418579,-10372243.0
247177629,0.3605048656463623,0.27558180689811707,7.219391345977783,0,0.6000000238418579,-10372243.0
247187672,-0.10242503881454468,0.3471042215824127,7.143267631530762,0,0.6000000238418579,-10372243.0
247197920,-0.23242904245853424,0.1898173689842224,7.128161430358887,0,0.6000000238418579,-10372243.0
247207678,-0.1528308242559433,0.19589728116989136,7.255258560180664,0,0.6000000238418579,-10372243.0
247217879,-0.3890703022480011,0.15460607409477234,7.143703460693359,0,0.6000000238418579,-10372243.0
247227659,-0.3722408711910248,-0.01005480345338583,7.2379655838012695,0,0.6000000238418579,-10372243.0
247237693,-0.41461044549942017,-0.05564950034022331,7.330677509307861,0,0.6000000238418579,-10372243.0
247247902,-0.6398795247077942,-0.10008839517831802,7.28595495223999,0,0.6000000238418579,-10372243.0
247257707,-0.7150462865829468,-0.16526003181934357,7.397390365600586,0,0.6000000238418579,-10372243.0
247267944,-1.1797263622283936,0.24174322187900543,7.184904098510742,0,0.6000000238418579,-10372243.0
247277655,-1.202736258506775,0.5918925404548645,7.059403896331787,0,0.6000000238418579,-10372243.0
247287640,-0.9295400977134705,0.11551319062709808,7.249095916748047,0,0.6000000238418579,-10372243.0
247298007,-1.146041750907898,0.03410044312477112,7.027866363525391,0,0.6000000238418579,-10372243.0
247307655,-1.1520277261734009,0.22466343641281128,7.001869201660156,0,0.6000000238418579,-10372243.0
247317877,-1.3148646354675293,-0.3159455358982086,6.924252033233643,0,0.6000000238418579,-10372243.0
247327707,-1.3875315189361572,-0.396393746137619,6.6425461769104,0,0.6000000238418579,-10372243.0
247337706,-1.4311363697052002,0.026150237768888474,6.723849773406982,0,0.6000000238418579,-10372243.0
247347954,-1.9347013235092163,0.3073619306087494,6.446767330169678,0,0.6000000238418579,-10372243.0
247357681,-1.8675448894500732,0.3682602047920227,6.450586795806885,0,0.6000000238418579,-10372243.0
247368373,-1.7860356569290161,0.3227115869522095,6.413122653961182,0,0.6000000238418579,-10372243.0
247377689,-1.9860165119171143,0.3616037368774414,6.024891376495361,0,0.6000000238418579,-10372243.0
247387662,-1.599618911743164,0.1687733680009842,6.144084453582764,0,0.6000000238418579,-10372243.0
247397962,-1.6390701532363892,-0.12302608788013458,6.005640029907227,0,0.6000000238418579,-10372243.0
247407698,-1.9787620306015015,-0.19763793051242828,5.70325231552124,0,0.6000000238418579,-10372243.0
247417689,-2.1416115760803223,-0.2695438265800476,5.7757182121276855,0,0.6000000238418579,-10372243.0
247428469,-2.3043136596679688,-0.1279202401638031,5.409546375274658,0,0.6000000238418579,-10372243.0
247437728,-2.1411070823669434,-0.023665202781558037,5.343028545379639,0,0.6000000238418579,-10372243.0
247447895,-2.0992908477783203,0.04319638013839722,5.25932502746582,0,0.6000000238418579,-10372243.0
247457647,-2.380307674407959,0.3545789420604706,4.8939290046691895,0,0.6000000238418579,-10372243.0
247467643,-1.9889541864395142,0.29697614908218384,5.072391510009766,0,0.6000000238418579,-10372243.0
247477947,-2.158266544342041,0.011256460100412369,4.872962474822998,0,0.6000000238418579,-10372243.0
247487689,-2.385228395462036,0.3833293318748474,4.644793510437012,0,0.6000000238418579,-10372243.0
247498021,-2.1790170669555664,0.27931734919548035,4.686985015869141,0,0.6000000238418579,-10372243.0
247507723,-2.31673002243042,-0.3354581296443939,4.38342809677124,0,0.6000000238418579,-10372239.0
247517719,-2.2229652404785156,-0.2555018961429596,4.3581647872924805,0,0.6000000238418579,-10372239.0
247527987,-2.253310441970825,-0.04914946109056473,4.2902512550354,0,0.6000000238418579,-10372239.0
247537668,-2.492410898208618,-0.26712116599082947,3.9427578449249268,0,0.6000000238418579,-10372239.0
247547940,-2.1405622959136963,-0.042012590914964676,4.083468437194824,0,0.6000000238418579,-10372239.0
247557638,-2.504453182220459,0.41820093989372253,3.7680182456970215,0,0.6000000238418579,-10372239.0
247567676,-2.440166711807251,0.5411685705184937,3.5731964111328125,0,0.6000000238418579,-10372239.0
247577950,-2.1132819652557373,0.18409784138202667,3.7267303466796875,0,0.6000000238418579,-10372239.0
247587639,-2.3371119499206543,0.0785621926188469,3.2539281845092773,0,0.6000000238418579,-10372239.0
247597962,-2.1035349369049072,-0.09643390774726868,3.3721203804016113,0,0.6000000238418579,-10372239.0
247607671,-2.0406534671783447,-0.23109467327594757,3.313241481781006,0,0.6000000238418579,-10372239.0
247617689,-2.263617992401123,-0.037414103746414185,3.0159761905670166,0,0.6000000238418579,-10372239.0
247628506,-2.0561792850494385,-0.14214588701725006,3.166055917739868,0,0.6000000238418579,-10372239.0
247637596,-2.414869785308838,-0.03400273621082306,2.834824562072754,0,0.6000000238418579,-10372239.0
247647888,-2.3251564502716064,0.2695927917957306,2.7078375816345215,0,0.6000000238418579,-10372239.0
247657632,-2.061594009399414,0.11453179270029068,2.8899240493774414,0,0.6000000238418579,-10372239.0
247667628,-2.2233681678771973,0.35148805379867554,2.4710474014282227,0,0.6000000238418579,-10372239.0
247677919,-1.9391144514083862,0.5082902312278748,2.6699001789093018,0,0.6000000238418579,-10372239.0
247687692,-1.8816825151443481,-0.1351635605096817,2.5136501789093018,0,0.6000000238418579,-10372239.0
247698004,-2.1248860359191895,-0.24202094972133636,2.310894727706909,0,0.6000000238418579,-10372239.0
247707698,-2.003113269805908,-0.02818390727043152,2.405703067779541,0,0.6000000238418579,-10372239.0
247717664,-2.2930784225463867,-0.25916925072669983,2.165982484817505,0,0.6000000238418579,-10372239.0
247727935,-1.9938119649887085,-0.20963215827941895,2.2284116744995117,0,0.6000000238418579,-10372239.0
247737688,-1.9998401403427124,0.1577092558145523,2.323552131652832,0,0.6000000238418579,-10372239.0
247747979,-2.236232042312622,0.4345456659793854,2.026672840118408,0,0.6000000238418579,-10372239.0
247757669,-1.813999056816101,0.5509615540504456,2.382283926010132,0,0.6000000238418579,-10372239.0
247767671,-1.8417978286743164,0.31666505336761475,2.2457945346832275,0,0.6000000238418579,-10372239.0
247777881,-2.1387758255004883,0.05650318041443825,2.0903611183166504,0,0.6000000238418579,-10372239.0
247787683,-2.1266560554504395,-0.14010734856128693,2.237074613571167,0,0.6000000238418579,-10372239.0
247797963,-2.4650566577911377,-0.17663966119289398,1.9480713605880737,0,0.6000000238418579,-10372239.0
247807694,-2.290752410888672,-0.4084896445274353,2.089529037475586,0,0.6000000238418579,-10372239.0
247817682,-2.4278900623321533,-0.1859401911497116,2.0782310962677,0,0.6000000238418579,-10372239.0
247828506,-2.687379837036133,0.4076697528362274,1.89384925365448,0,0.6000000238418579,-10372239.0
247837686,-2.38388729095459,0.2194010615348816,2.1721866130828857,0,0.6000000238418579,-10372239.0
247847927,-2.4155116081237793,0.15623025596141815,2.14237642288208,0,0.6000000238418579,-10372239.0
247857691,-2.610135555267334,0.5873229503631592,2.1061511039733887,0,0.6000000238418579,-10372239.0
247867695,-2.098942756652832,0.24140509963035583,2.346940040588379,0,0.6000000238418579,-10372239.0
247877912,-2.0436947345733643,-0.07887470722198486,2.378736734390259,0,0.6000000238418579,-10372239.0
247887679,-1.8958544731140137,0.1196352168917656,2.5188517570495605,0,0.6000000238418579,-10372239.0
247898038,-1.6655597686767578,-0.10158444195985794,2.7511496543884277,0,0.6000000238418579,-10372239.0
247907950,-1.5977972745895386,-0.23772908747196198,2.729990243911743,0,0.6000000238418579,-10372239.0
247917569,-1.4513522386550903,0.07476823776960373,2.9386281967163086,0,0.6000000238418579,-10372239.0
247927961,-1.5568002462387085,0.1696041226387024,2.970757007598877,0,0.6000000238418579,-10372239.0
247937665,-1.8561410903930664,0.3181869685649872,2.9879462718963623,0,0.6000000238418579,-10372239.0
247947706,-1.6139426231384277,0.5157970786094666,3.2276298999786377,0,0.6000000238418579,-10372239.0
247958026,-1.8328852653503418,0.14940036833286285,3.2425878047943115,0,0.6000000238418579,-10372239.0
247967657,-1.7999870777130127,0.2016453891992569,3.3335041999816895,0,0.6000000238418579,-10372239.0
247977957,-1.6378076076507568,0.2496650069952011,3.4895641803741455,0,0.6000000238418579,-10372239.0
247987640,-1.7209142446517944,-0.21604622900485992,3.4477782249450684,0,0.6000000238418579,-10372239.0
247997643,-1.500349760055542,-0.2095450907945633,3.693371534347534,0,0.6000000238418579,-10372239.0
248007917,-1.5190092325210571,0.0952545776963234,3.847745418548584,0,0.6000000238418579,-10372239.0
248017744,-1.6322625875473022,-0.0463186651468277,3.9047491550445557,0,0.6000000238418579,-10372239.0
248028481,-1.3229308128356934,-0.11448043584823608,4.2340264320373535,0,0.6000000238418579,-10372239.0
248037600,-1.609320044517517,0.26157912611961365,4.1944708824157715,0,0.6000000238418579,-10372239.0
248047671,-1.5457242727279663,0.4710496664047241,4.323614597320557,0,0.6000000238418579,-10372239.0
248057944,-1.2013975381851196,0.15438874065876007,4.665896415710449,0,0.6000000238418579,-10372239.0
248067664,-1.3230727910995483,0.26530998945236206,4.680797576904297,0,0.6000000238418579,-10372239.0
248077930,-1.3032726049423218,0.2896381616592407,4.859002590179443,0,0.6000000238418579,-10372239.0
248087710,-1.324897050857544,-0.007395122200250626,5.078794479370117,0,0.6000000238418579,-10372239.0
248097666,-1.8344156742095947,0.01807592250406742,4.952334403991699,0,0.6000000238418579,-10372239.0
248107921,-1.9116877317428589,-0.177653506398201,5.12892484664917,0,0.6000000238418579,-10372239.0
248117682,-2.115015745162964,-0.16636969149112701,5.222328186035156,0,0.6000000238418579,-10372239.0
248127898,-2.152893304824829,0.22859977185726166,5.212000846862793,0,0.6000000238418579,-10372239.0
248137633,-1.826925277709961,-0.029693754389882088,5.541413307189941,0,0.6000000238418579,-10372239.0
248147656,-2.0159924030303955,0.13688498735427856,5.584552764892578,0,0.6000000238418579,-10372239.0
248158064,-2.133287191390991,0.5861080884933472,5.673286437988281,0,0.6000000238418579,-10372239.0
248167704,-1.7823302745819092,0.17307716608047485,5.913968086242676,0,0.6000000238418579,-10372239.0
248177953,-1.9894912242889404,0.032501284033060074,5.915289402008057,0,0.6000000238418579,-10372239.0
248187719,-1.9938256740570068,0.4492315649986267,6.040558338165283,0,0.6000000238418579,-10372239.0
248197678,-1.8817830085754395,0.1552094668149948,6.188851356506348,0,0.6000000238418579,-10372239.0
248207958,-1.6670470237731934,-0.040222879499197006,6.287794589996338,0,0.6000000238418579,-10372239.0
248217671,-1.2590957880020142,0.29643794894218445,6.475983619689941,0,0.6000000238418579,-10372239.0
248228599,-0.959174633026123,0.16481143236160278,6.694822788238525,0,0.6000000238418579,-10372239.0
248237652,-0.6932684183120728,-0.2482365220785141,6.795049667358398,0,0.6000000238418579,-10372239.0
248247713,-0.7415262460708618,-0.016453560441732407,7.0074357986450195,0,0.6000000238418579,-10372239.0
248257909,-1.1567343473434448,0.2926621437072754,6.824881076812744,0,0.6000000238418579,-10372239.0
248267675,-1.0729644298553467,0.3186046779155731,6.943323612213135,0,0.6000000238418579,-10372239.0
248277963,-0.7520751357078552,0.47163838148117065,7.058557510375977,0,0.6000000238418579,-10372239.0
248287615,-0.8456451892852783,0.5957044363021851,6.903041362762451,0,0.6000000238418579,-10372239.0
248297661,-0.5215209126472473,0.561290979385376,7.057673931121826,0,0.6000000238418579,-10372239.0
248307914,-0.10966262966394424,0.365850567817688,7.198307991027832,0,0.6000000238418579,-10372239.0
248317693,-0.2227180302143097,0.009520345367491245,7.087898254394531,0,0.6000000238418579,-10372239.0
248327952,-0.11714749038219452,-0.170412078499794,7.25794792175293,0,0.6000000238418579,-10372239.0
248337694,-0.30288127064704895,0.0880969762802124,7.094753742218018,0,0.6000000238418579,-10372239.0
248347690,-0.24390734732151031,0.08589156717061996,6.991566181182861,0,0.6000000238418579,-10372239.0
248358067,0.16244493424892426,0.04925486072897911,7.166874408721924,0,0.6000000238418579,-10372239.0
248367655,-0.09390223026275635,0.5422217845916748,7.019963264465332,0,0.6000000238418579,-10372239.0
248377929,0.19299493730068207,0.7597826719284058,7.114466667175293,0,0.6000000238418579,-10372239.0
248387638,0.5547110438346863,0.18206854164600372,7.346069812774658,0,0.6000000238418579,-10372239.0
248397633,0.4728928208351135,0.4680615961551666,7.1116719245910645,0,0.6000000238418579,-10372239.0
248407966,0.7177461385726929,0.6633039116859436,7.075053691864014,0,0.6000000238418579,-10372239.0
248417637,1.0594298839569092,0.1135903000831604,7.02918004989624,0,0.6000000238418579,-10372239.0
248428487,0.9296562671661377,0.227971151471138,6.788887977600098,0,0.6000000238418579,-10372239.0
248437650,0.963227391242981,0.44125354290008545,6.813454627990723,0,0.6000000238418579,-10372239.0
248447670,0.9634022116661072,-0.06051519513130188,6.764492988586426,0,0.6000000238418579,-10372239.0
248457970,1.196657657623291,-0.0047097099013626575,6.757076740264893,0,0.6000000238418579,-10372239.0
248467656,1.247530460357666,0.32770416140556335,6.718926429748535,0,0.6000000238418579,-10372239.0
248477963,0.9799761176109314,0.43528813123703003,6.345478534698486,0,0.6000000238418579,-10372239.0
248487644,1.3712959289550781,0.6485827565193176,6.450710773468018,0,0.6000000238418579,-10372239.0
248497614,1.5536012649536133,0.6591924428939819,6.431540012359619,0,0.6000000238418579,-10372239.0
248507903,1.5033864974975586,0.5936180949211121,6.270826816558838,0,0.6000000238418579,-10372242.0
248517661,1.7598122358322144,0.5907226204872131,6.372283935546875,0,0.6000000238418579,-10372242.0
248527945,1.6720364093780518,0.3368116319179535,6.086338520050049,0,0.6000000238418579,-10372242.0
248537683,1.7663789987564087,-0.0009189281845465302,5.908018589019775,0,0.6000000238418579,-10372242.0
248547623,1.6814792156219482,0.16133278608322144,5.898580551147461,0,0.6000000238418579,-10372242.0
248558066,1.3288401365280151,0.3846319317817688,5.553329944610596,0,0.6000000238418579,-10372242.0
248567654,1.8622188568115234,0.21118047833442688,5.710768222808838,0,0.6000000238418579,-10372242.0
248577986,1.9925522804260254,0.47501087188720703,5.633439540863037,0,0.6000000238418579,-10372242.0
248587655,1.567367434501648,1.055112361907959,5.257643699645996,0,0.6000000238418579,-10372242.0
248597614,1.7985297441482544,0.8924219608306885,5.30251407623291,0,0.6000000238418579,-10372242.0
248607923,1.8841522932052612,0.5407824516296387,5.121365070343018,0,0.6000000238418579,-10372242.0
248617665,1.6800312995910645,0.33588701486587524,4.826190948486328,0,0.6000000238418579,-10372242.0
248627714,1.8793092966079712,0.12136264145374298,4.938589572906494,0,0.6000000238418579,-10372242.0
248637923,1.7886544466018677,0.20205996930599213,4.731667995452881,0,0.6000000238418579,-10372242.0
248647668,1.8922826051712036,0.1638779491186142,4.652036666870117,0,0.6000000238418579,-10372242.0
248657945,1.9214568138122559,0.153797909617424,4.60513162612915,0,0.6000000238418579,-10372242.0
248667667,1.4426604509353638,0.6204022765159607,4.1749138832092285,0,0.6000000238418579,-10372242.0
248677654,1.5612348318099976,0.6074588298797607,4.163716793060303,0,0.6000000238418579,-10372242.0
248688302,1.667197346687317,0.2519981563091278,4.139655113220215,0,0.6000000238418579,-10372242.0
248697660,1.3095487356185913,0.6886553168296814,3.815775156021118,0,0.6000000238418579,-10372242.0
248707949,1.663621187210083,0.8193301558494568,3.8879709243774414,0,0.6000000238418579,-10372242.0
248717646,1.7907360792160034,0.2320333868265152,3.8156535625457764,0,0.6000000238418579,-10372242.0
248727693,1.6662482023239136,0.34996816515922546,3.5957374572753906,0,0.6000000238418579,-10372242.0
248737888,1.6400400400161743,0.30344510078430176,3.55987286567688,0,0.6000000238418579,-10372242.0
248747651,1.4854525327682495,-0.17696642875671387,3.353886604309082,0,0.6000000238418579,-10372242.0
248758046,1.5787328481674194,-0.10365565121173859,3.3209428787231445,0,0.6000000238418579,-10372242.0
248767646,1.4595704078674316,0.26343032717704773,3.243318796157837,0,0.6000000238418579,-10372242.0
248777667,1.2196199893951416,0.3391145169734955,2.9752542972564697,0,0.6000000238418579,-10372242.0
248787988,1.501502275466919,0.41434550285339355,3.0684759616851807,0,0.6000000238418579,-10372242.0
248797650,1.420440673828125,0.4894542098045349,2.984442949295044,0,0.6000000238418579,-10372242.0
248807952,1.2643325328826904,0.5151896476745605,2.7808146476745605,0,0.6000000238418579,-10372242.0
248817680,1.5192621946334839,0.38230445981025696,2.8831722736358643,0,0.6000000238418579,-10372242.0
248827665,1.476121425628662,0.20305506885051727,2.716658115386963,0,0.6000000238418579,-10372242.0
248837959,1.4595218896865845,0.010917287319898605,2.6474151611328125,0,0.6000000238418579,-10372242.0
248847666,1.4596467018127441,0.1140785738825798,2.756678581237793,0,0.6000000238418579,-10372242.0
248858028,1.2214486598968506,0.1785172075033188,2.5273797512054443,0,0.6000000238418579,-10372242.0
248867639,1.371625542640686,0.004143055062741041,2.670926332473755,0,0.6000000238418579,-10372242.0
248877678,1.163377285003662,0.1856357604265213,2.585371255874634,0,0.6000000238418579,-10372242.0
248888319,0.9665952920913696,0.7292535901069641,2.443282127380371,0,0.6000000238418579,-10372242.0
248897623,1.3465782403945923,0.42780739068984985,2.7080211639404297,0,0.6000000238418579,-10372242.0
248907932,1.3070664405822754,0.20895123481750488,2.659841775894165,0,0.6000000238418579,-10372242.0
248917666,1.3037017583847046,0.7433239817619324,2.649075746536255,0,0.6000000238418579,-10372242.0
248927745,1.8542693853378296,0.4180409908294678,3.0330770015716553,0,0.6000000238418579,-10372242.0
248937954,2.250882863998413,-0.01814878173172474,3.016357660293579,0,0.6000000238418579,-10372242.0
248947701,2.4190359115600586,0.14749063551425934,3.1774652004241943,0,0.6000000238418579,-10372242.0
248958037,2.376371383666992,0.028001250699162483,3.2749431133270264,0,0.6000000238418579,-10372242.0
248967666,2.0707693099975586,0.07463660091161728,3.0886082649230957,0,0.6000000238418579,-10372242.0
248977676,2.1381967067718506,0.2831902801990509,3.3354084491729736,0,0.6000000238418579,-10372242.0
248987973,1.8026033639907837,0.18413490056991577,3.188781261444092,0,0.6000000238418579,-10372242.0
248997642,0.9145457148551941,0.8593354821205139,2.9479167461395264,0,0.6000000238418579,-10372242.0
249007957,0.9134553670883179,1.1231822967529297,2.949855089187622,0,0.6000000238418579,-10372242.0
249017702,1.0147782564163208,0.35979852080345154,3.010727643966675,0,0.6000000238418579,-10372242.0
249027658,1.2548534870147705,0.4628165066242218,3.0317187309265137,0,0.6000000238418579,-10372242.0
249037950,1.6043062210083008,0.46052226424217224,3.254014492034912,0,0.6000000238418579,-10372242.0
249047690,1.6223315000534058,-0.08506441861391068,3.2549691200256348,0,0.6000000238418579,-10372242.0
249057998,1.5952165126800537,0.08381186425685883,3.325481414794922,0,0.6000000238418579,-10372242.0
249067708,1.3678444623947144,0.11319229751825333,3.357884645462036,0,0.6000000238418579,-10372242.0
249077685,1.0826603174209595,0.13417910039424896,3.311831474304199,0,0.6000000238418579,-10372242.0
249088422,1.1204750537872314,0.5175681710243225,3.4292380809783936,0,0.6000000238418579,-10372242.0
249097646,1.1884829998016357,0.30385732650756836,3.5695102214813232,0,0.6000000238418579,-10372242.0
249107952,1.0825263261795044,0.34229910373687744,3.647035837173462,0,0.6000000238418579,-10372242.0
249117686,0.897534191608429,0.9235206842422485,3.738645076751709,0,0.6000000238418579,-10372242.0
249127686,1.2078757286071777,0.49157634377479553,3.922043561935425,0,0.6000000238418579,-10372242.0
249137874,1.4076610803604126,-0.0551602803170681,4.100793838500977,0,0.6000000238418579,-10372242.0
249147655,1.2889771461486816,0.1462104767560959,4.1489481925964355,0,0.6000000238418579,-10372242.0
249158080,1.1623586416244507,0.14630426466464996,4.225113391876221,0,0.6000000238418579,-10372242.0
249167657,1.1404943466186523,0.07814615964889526,4.4030890464782715,0,0.6000000238418579,-10372242.0
249177663,1.017775058746338,0.17715775966644287,4.481293678283691,0,0.6000000238418579,-10372242.0
249187931,1.0527371168136597,-0.024504240602254868,4.64973258972168,0,0.6000000238418579,-10372242.0
249197680,0.7118091583251953,0.260592520236969,4.737712860107422,0,0.6000000238418579,-10372242.0
249207964,0.7561711072921753,0.6149777770042419,4.840069770812988,0,0.6000000238418579,-10372242.0
249217660,1.076611042022705,0.14331313967704773,5.2090582847595215,0,0.6000000238418579,-10372242.0
249227723,0.9486804008483887,0.2581900656223297,5.252918720245361,0,0.6000000238418579,-10372242.0
249237963,0.8217219710350037,0.6465902328491211,5.341412544250488,0,0.6000000238418579,-10372242.0
249247721,1.0427457094192505,0.16639848053455353,5.624080657958984,0,0.6000000238418579,-10372242.0
249257946,0.9148154854774475,0.04995424672961235,5.63884162902832,0,0.6000000238418579,-10372242.0
249267695,0.8120204210281372,0.011025145649909973,5.6932830810546875,0,0.6000000238418579,-10372242.0
249277710,0.7044618725776672,-0.1443806141614914,5.888127326965332,0,0.6000000238418579,-10372242.0
249288351,0.494093120098114,0.2757534980773926,5.850700855255127,0,0.6000000238418579,-10372242.0
249297665,0.8302060961723328,0.08652794361114502,6.127136707305908,0,0.6000000238418579,-10372242.0
249307955,0.8540353775024414,-0.0921115055680275,6.294633865356445,0,0.6000000238418579,-10372242.0
249317709,0.34283551573753357,0.6796160936355591,6.247910499572754,0,0.6000000238418579,-10372242.0
249327682,0.5796276926994324,0.5233646035194397,6.513941764831543,0,0.6000000238418579,-10372242.0
249337937,0.6938269138336182,0.09640058130025864,6.5916337966918945,0,0.6000000238418579,-10372242.0
249347694,0.44836801290512085,0.3900250196456909,6.496865749359131,0,0.6000000238418579,-10372242.0
249358039,0.42434489727020264,0.16506275534629822,6.649405479431152,0,0.6000000238418579,-10372242.0
249367689,0.37357214093208313,-0.17268256843090057,6.720142841339111,0,0.6000000238418579,-10372242.0
249377683,0.3142467737197876,-0.023876814171671867,6.830634117126465,0,0.6000000238418579,-10372242.0
249387914,0.3125929534435272,-0.14575690031051636,6.93586540222168,0,0.6000000238418579,-10372242.0
249397614,-0.20075978338718414,0.2911282777786255,6.805604934692383,0,0.6000000238418579,-10372242.0
249407983,-0.30841177701950073,0.8028658032417297,6.750635623931885,0,0.6000000238418579,-10372242.0
249417686,-0.1576976329088211,0.29949718713760376,6.826281547546387,0,0.6000000238418579,-10372242.0
249427647,-0.4331640303134918,0.2958090603351593,6.582531452178955,0,0.6000000238418579,-10372242.0
249437941,-0.3603600859642029,0.5367028713226318,6.586158275604248,0,0.6000000238418579,-10372242.0
249447648,-0.31245821714401245,-0.11837200075387955,6.631299018859863,0,0.6000000238418579,-10372242.0
249457945,-0.4438554346561432,-0.2586871087551117,6.524281024932861,0,0.6000000238418579,-10372242.0
249467686,-0.6759549379348755,0.10377657413482666,6.58928918838501,0,0.6000000238418579,-10372247.0
249477661,-1.0015789270401,0.08876745402812958,6.486685752868652,0,0.6000000238418579,-10372247.0
249488464,-1.164731740951538,0.05866715684533119,6.376950263977051,0,0.6000000238418579,-10372247.0
249497629,-1.048753023147583,-0.03890064358711243,6.351896286010742,0,0.6000000238418579,-10372247.0
249507982,-1.2281290292739868,0.032383210957050323,6.201798439025879,0,0.6000000238418579,-10372247.0
249517651,-1.454557180404663,0.7168698906898499,6.098328113555908,0,0.6000000238418579,-10372247.0
249527666,-1.2822880744934082,0.6830143928527832,6.141755104064941,0,0.6000000238418579,-10372247.0
249537881,-1.1741424798965454,0.09720069915056229,6.055591583251953,0,0.6000000238418579,-10372247.0
249547693,-1.434073567390442,0.18917152285575867,5.943825721740723,0,0.6000000238418579,-10372247.0
249558071,-1.3730930089950562,0.27372613549232483,5.860260486602783,0,0.6000000238418579,-10372247.0
249567580,-1.1951613426208496,-0.23370862007141113,5.869899272918701,0,0.6000000238418579,-10372247.0
249577641,-0.9685145020484924,-0.05360450968146324,5.871285438537598,0,0.6000000238418579,-10372247.0
249587929,-1.0458444356918335,-0.06693973392248154,5.799033164978027,0,0.6000000238418579,-10372247.0
249597664,-1.3055161237716675,0.06233999878168106,5.651230335235596,0,0.6000000238418579,-10372247.0
249607947,-1.2849094867706299,0.4113050103187561,5.533092021942139,0,0.6000000238418579,-10372247.0
249617677,-1.305454134941101,0.22665680944919586,5.576408863067627,0,0.6000000238418579,-10372247.0
249627661,-1.6405699253082275,0.3205121159553528,5.347486972808838,0,0.6000000238418579,-10372247.0
249637954,-1.5619912147521973,0.7008042335510254,5.325379371643066,0,0.6000000238418579,-10372247.0
249647665,-1.4720830917358398,0.12244698405265808,5.336642742156982,0,0.6000000238418579,-10372247.0
249657962,-1.4168978929519653,-0.012670306488871574,5.152236461639404,0,0.6000000238418579,-10372247.0
249667640,-1.6166605949401855,0.18671129643917084,5.095344543457031,0,0.6000000238418579,-10372247.0
249677690,-1.782252550125122,0.0005009032902307808,4.936581611633301,0,0.6000000238418579,-10372247.0
249688441,-1.6211589574813843,-0.047409843653440475,4.939982891082764,0,0.6000000238418579,-10372247.0
249697643,-1.600006103515625,0.30191004276275635,4.935258388519287,0,0.6000000238418579,-10372247.0
249707959,-2.080846071243286,0.4276205897331238,4.648662090301514,0,0.6000000238418579,-10372247.0
249717625,-1.9711909294128418,0.4269939959049225,4.642460346221924,0,0.6000000238418579,-10372247.0
249727689,-2.060917854309082,0.29918143153190613,4.536387920379639,0,0.6000000238418579,-10372247.0
249737870,-2.283252716064453,0.22377227246761322,4.230047225952148,0,0.6000000238418579,-10372247.0
249747682,-2.1544439792633057,0.4813021123409271,4.351365089416504,0,0.6000000238418579,-10372247.0
249758068,-2.1258633136749268,0.3278656601905823,4.175940036773682,0,0.6000000238418579,-10372247.0
249767660,-2.001987934112549,-0.31438419222831726,4.134311199188232,0,0.6000000238418579,-10372247.0
249777647,-1.9111032485961914,-0.2031860202550888,4.226778507232666,0,0.6000000238418579,-10372247.0
249787917,-2.451239585876465,0.1755591779947281,3.889866590499878,0,0.6000000238418579,-10372247.0
249797651,-2.284534215927124,0.06001011282205582,3.9422860145568848,0,0.6000000238418579,-10372247.0
249807917,-2.1979410648345947,0.3070276081562042,3.991814374923706,0,0.6000000238418579,-10372247.0
249817673,-2.626574993133545,0.595443844795227,3.6685855388641357,0,0.6000000238418579,-10372247.0
249827691,-2.3772995471954346,0.3545213043689728,3.790138006210327,0,0.6000000238418579,-10372247.0
249837891,-2.1160058975219727,0.17147427797317505,3.7762973308563232,0,0.6000000238418579,-10372247.0
249847602,-2.24272084236145,-0.0869521051645279,3.6541030406951904,0,0.6000000238418579,-10372247.0
249857883,-2.1928844451904297,-0.31891191005706787,3.7269082069396973,0,0.6000000238418579,-10372247.0
249867705,-2.567061185836792,0.020180854946374893,3.470914602279663,0,0.6000000238418579,-10372247.0
249877668,-2.5908594131469727,0.02237221784889698,3.402024745941162,0,0.6000000238418579,-10372247.0
249888518,-2.2516672611236572,-0.028239339590072632,3.539301633834839,0,0.6000000238418579,-10372247.0
249897657,-2.5842783451080322,0.46207988262176514,3.2485015392303467,0,0.6000000238418579,-10372247.0
249907944,-2.4904444217681885,0.5907665491104126,3.231384754180908,0,0.6000000238418579,-10372247.0
249917649,-2.1038870811462402,0.21654821932315826,3.382741689682007,0,0.6000000238418579,-10372247.0
249927699,-2.2171382904052734,0.220357745885849,3.167234182357788,0,0.6000000238418579,-10372247.0
249937873,-2.0198893547058105,0.0707944706082344,3.2976677417755127,0,0.6000000238418579,-10372247.0
249947686,-2.223782539367676,-0.09115852415561676,3.161494731903076,0,0.6000000238418579,-10372247.0
249958082,-2.3749756813049316,0.008367357775568962,3.0189716815948486,0,0.6000000238418579,-10372247.0
249967672,-2.1183009147644043,-0.2917863726615906,3.2065155506134033,0,0.6000000238418579,-10372247.0
249977631,-2.4213099479675293,0.1271859109401703,3.0012052059173584,0,0.6000000238418579,-10372247.0
249987959,-2.3143129348754883,0.9040152430534363,3.045271158218384,0,0.6000000238418579,-10372247.0
249997639,-1.7916878461837769,0.44568631052970886,3.285928726196289,0,0.6000000238418579,-10372247.0
250007965,-1.853562593460083,0.3132416307926178,3.1212165355682373,0,0.6000000238418579,-10372247.0
250017657,-1.74961256980896,0.5578675866127014,3.255619764328003,0,0.6000000238418579,-10372247.0
250027653,-1.7060154676437378,-0.14869479835033417,3.2965760231018066,0,0.6000000238418579,-10372247.0
250037944,-1.6341328620910645,-0.32884618639945984,3.2593085765838623,0,0.6000000238418579,-10372247.0
250047676,-1.656371831893921,-0.08230308443307877,3.37233829498291,0,0.6000000238418579,-10372247.0
250057960,-1.9741578102111816,-0.002639206126332283,3.1766490936279297,0,0.6000000238418579,-10372247.0
250067654,-1.8544161319732666,0.41264891624450684,3.309847593307495,0,0.6000000238418579,-10372247.0
250077639,-1.7366812229156494,0.4232565462589264,3.3301808834075928,0,0.6000000238418579,-10372247.0
250088320,-2.1238577365875244,0.2532995045185089,3.13352370262146,0,0.6000000238418579,-10372247.0
250097702,-2.2091550827026367,0.712820291519165,3.1006383895874023,0,0.6000000238418579,-10372247.0
250107948,-2.0534510612487793,0.4730830490589142,3.1761186122894287,0,0.6000000238418579,-10372247.0
250117680,-2.000181198120117,-0.08345073461532593,3.075308322906494,0,0.6000000238418579,-10372247.0
250127629,-1.8259903192520142,0.14178410172462463,3.2382192611694336,0,0.6000000238418579,-10372247.0
250137973,-1.9221882820129395,-0.04437193647027016,3.114427328109741,0,0.6000000238418579,-10372247.0
250147694,-1.936002254486084,-0.439624547958374,3.1693942546844482,0,0.6000000238418579,-10372247.0
250158052,-1.871902585029602,-0.03937262296676636,3.219078302383423,0,0.6000000238418579,-10372247.0
250167644,-2.164214849472046,0.17514383792877197,3.1318771839141846,0,0.6000000238418579,-10372247.0
250177659,-2.0819694995880127,0.3799927830696106,3.139024496078491,0,0.6000000238418579,-10372247.0
250187964,-1.8763067722320557,0.7531758546829224,3.312962770462036,0,0.6000000238418579,-10372247.0
250197719,-2.008098840713501,0.6815704107284546,3.2329347133636475,0,0.6000000238418579,-10372247.0
250207962,-1.84178626537323,0.43303021788597107,3.39178729057312,0,0.6000000238418579,-10372247.0
250217675,-1.6745432615280151,0.10419274866580963,3.4668173789978027,0,0.6000000238418579,-10372247.0
250227687,-1.5746359825134277,-0.20373085141181946,3.5403084754943848,0,0.6000000238418579,-10372247.0
250237922,-1.3631212711334229,-0.26736459136009216,3.77473783493042,0,0.6000000238418579,-10372247.0
250247644,-1.5497066974639893,0.2299799770116806,3.704702854156494,0,0.6000000238418579,-10372247.0
250257906,-1.5046377182006836,0.47626248002052307,3.8272292613983154,0,0.6000000238418579,-10372247.0
250267673,-1.1809701919555664,0.3001808226108551,4.122463226318359,0,0.6000000238418579,-10372247.0
250277639,-1.560827612876892,0.673046350479126,4.030191898345947,0,0.6000000238418579,-10372247.0
250288458,-1.6056584119796753,0.847449779510498,4.202574253082275,0,0.6000000238418579,-10372247.0
250297603,-1.383437991142273,0.3219570517539978,4.383615970611572,0,0.6000000238418579,-10372247.0
250307935,-1.3544354438781738,0.1529386341571808,4.474884986877441,0,0.6000000238418579,-10372247.0
250317716,-1.1652580499649048,0.16278322041034698,4.608240604400635,0,0.6000000238418579,-10372247.0
250327683,-1.2599791288375854,-0.0188955869525671,4.724440574645996,0,0.6000000238418579,-10372247.0
250337926,-1.315003514289856,0.18869049847126007,4.794878959655762,0,0.6000000238418579,-10372247.0
250347617,-1.2040514945983887,0.23358581960201263,5.092911720275879,0,0.6000000238418579,-10372247.0
250358046,-1.501804232597351,0.3116793632507324,5.106949806213379,0,0.6000000238418579,-10372247.0
250367641,-1.4973223209381104,0.7463347315788269,5.2047600746154785,0,0.6000000238418579,-10372247.0
250377625,-1.1993881464004517,0.40845218300819397,5.4271135330200195,0,0.6000000238418579,-10372247.0
250387913,-1.3514379262924194,-0.10032938420772552,5.408453941345215,0,0.6000000238418579,-10372247.0
250397631,-1.7056992053985596,0.1724577248096466,5.531091690063477,0,0.6000000238418579,-10372247.0
250407990,-1.8872942924499512,0.17451389133930206,5.602311611175537,0,0.6000000238418579,-10372247.0
250417676,-1.8887319564819336,-0.2883232831954956,5.625959396362305,0,0.6000000238418579,-10372247.0
250427660,-1.6691182851791382,-0.11328292638063431,5.888144493103027,0,0.6000000238418579,-10372247.0
250437918,-1.8074429035186768,0.08663181215524673,5.787247657775879,0,0.6000000238418579,-10372247.0
250447639,-1.883105993270874,0.2581615149974823,5.933642864227295,0,0.6000000238418579,-10372247.0
250457956,-1.5409624576568604,0.5652080774307251,6.1923322677612305,0,0.6000000238418579,-10372247.0
250467686,-1.5147465467453003,0.15351048111915588,6.304274082183838,0,0.6000000238418579,-10372247.0
250477673,-1.4960055351257324,0.11105123907327652,6.42949104309082,0,0.6000000238418579,-10372247.0
250488348,-1.304636836051941,0.5027148127555847,6.509016990661621,0,0.6000000238418579,-10372247.0
250497690,-0.9701088666915894,0.015652934089303017,6.641034126281738,0,0.6000000238418579,-10372247.0
250507916,-0.45907124876976013,-0.2826181948184967,6.887757301330566,0,0.6000000238418579,-10372247.0
250517654,-0.6350825428962708,-0.052622366696596146,6.818073272705078,0,0.6000000238418579,-10372247.0
250527699,-1.0420215129852295,0.061791207641363144,6.7389068603515625,0,0.6000000238418579,-10372247.0
250537985,-1.0369130373001099,0.22119252383708954,6.737390518188477,0,0.6000000238418579,-10372247.0
250547628,-0.8993394374847412,0.46911031007766724,6.814521789550781,0,0.6000000238418579,-10372247.0
250558025,-0.824751615524292,0.524585485458374,6.7776055335998535,0,0.6000000238418579,-10372247.0
250567647,-0.6644254326820374,0.6584336757659912,6.887681484222412,0,0.6000000238418579,-10372247.0
250577694,-0.26315945386886597,0.45487043261528015,7.067930221557617,0,0.6000000238418579,-10372247.0
250587983,-0.1838276982307434,-0.15995582938194275,7.113044738769531,0,0.6000000238418579,-10372247.0
250597633,-0.19727881252765656,-0.1417284458875656,7.143930435180664,0,0.6000000238418579,-10372247.0
250607883,-0.30729982256889343,0.3052716851234436,7.023107051849365,0,0.6000000238418579,-10372247.0
250617682,-0.339638352394104,0.15550240874290466,6.895624160766602,0,0.6000000238418579,-10372247.0
250627650,0.17583322525024414,0.24748271703720093,7.1135759353637695,0,0.6000000238418579,-10372247.0
250637945,-0.06262114644050598,0.6397988200187683,7.075103282928467,0,0.6000000238418579,-10372247.0
250647662,0.04834386333823204,0.6092308759689331,7.036649227142334,0,0.6000000238418579,-10372247.0
250657961,0.6337956786155701,0.41253936290740967,7.352329730987549,0,0.6000000238418579,-10372247.0
250667943,0.5587022304534912,0.41436728835105896,7.093883514404297,0,0.6000000238418579,-10372247.0
250677722,0.6031299233436584,0.2371377944946289,6.993996620178223,0,0.6000000238418579,-10372247.0
250688540,0.718971312046051,0.23636280000209808,7.0322265625,0,0.6000000238418579,-10372247.0
250697607,0.5945687890052795,0.24828878045082092,6.794081211090088,0,0.6000000238418579,-10372247.0
250707648,0.8431760668754578,-0.01976991631090641,6.856734275817871,0,0.6000000238418579,-10372247.0
250717921,0.7390078902244568,0.34481459856033325,6.792368412017822,0,0.6000000238418579,-10372247.0
250727664,0.5054149627685547,0.6919929385185242,6.49148416519165,0,0.6000000238418579,-10372247.0
250737900,0.9291791915893555,0.09661147743463516,6.654628753662109,0,0.6000000238418579,-10372247.0
250747709,1.0429339408874512,0.34022852778434753,6.555081844329834,0,0.6000000238418579,-10372247.0
250757725,0.9087309241294861,0.8935895562171936,6.417791843414307,0,0.6000000238418579,-10372247.0
250768424,1.4378968477249146,0.6050668954849243,6.5961785316467285,0,0.6000000238418579,-10372247.0
250777627,1.5725756883621216,0.4521632194519043,6.431492805480957,0,0.6000000238418579,-10372247.0
250787944,1.3293825387954712,0.36586955189704895,6.1584272384643555,0,0.6000000238418579,-10372247.0
250797639,1.2148540019989014,0.08888697624206543,6.072908878326416,0,0.6000000238418579,-10372247.0
250807686,1.2512487173080444,0.1920190155506134,5.899046421051025,0,0.6000000238418579,-10372247.0
250817970,1.4944154024124146,0.18083296716213226,5.8952107429504395,0,0.6000000238418579,-10372247.0
250827707,1.5319218635559082,0.1419471949338913,5.851397514343262,0,0.6000000238418579,-10372247.0
250837939,1.2765270471572876,0.483002632856369,5.540872573852539,0,0.6000000238418579,-10372247.0
250847654,1.4524123668670654,0.393592894077301,5.460862159729004,0,0.6000000238418579,-10372247.0
250857661,1.5975786447525024,0.15557995438575745,5.436148166656494,0,0.6000000238418579,-10372247.0
250867962,1.3993134498596191,0.7363667488098145,5.1732611656188965,0,0.6000000238418579,-10372247.0
250877699,1.6027859449386597,0.8037080764770508,5.139466762542725,0,0.6000000238418579,-10372247.0
250888479,1.7262073755264282,0.2239529937505722,5.043067932128906,0,0.6000000238418579,-10372247.0
250897648,1.5251342058181763,0.21145589649677277,4.7527666091918945,0,0.6000000238418579,-10372247.0
250907666,1.5002243518829346,0.2749263048171997,4.652193546295166,0,0.6000000238418579,-10372247.0
250917948,1.382330298423767,0.001520213671028614,4.518073081970215,0,0.6000000238418579,-10372247.0
250927655,1.5795012712478638,0.24480299651622772,4.468155384063721,0,0.6000000238418579,-10372247.0
250937947,1.7019966840744019,0.2207651287317276,4.4098944664001465,0,0.6000000238418579,-10372247.0
250947692,1.4170809984207153,0.34878936409950256,4.159809112548828,0,0.6000000238418579,-10372247.0
250957738,1.5808478593826294,0.7339017391204834,4.096024036407471,0,0.6000000238418579,-10372247.0
250968384,1.6867200136184692,0.400235116481781,4.026544570922852,0,0.6000000238418579,-10372247.0
250977646,1.609764575958252,0.27763569355010986,3.7987172603607178,0,0.6000000238418579,-10372247.0
250987946,1.5846463441848755,0.5372174382209778,3.7247917652130127,0,0.6000000238418579,-10372247.0
250997651,1.567865252494812,0.14437943696975708,3.592480421066284,0,0.6000000238418579,-10372247.0
251007703,1.6568236351013184,-0.2995541989803314,3.4801154136657715,0,0.6000000238418579,-10372247.0
251017982,1.5734139680862427,-0.005679132416844368,3.4798014163970947,0,0.6000000238418579,-10372247.0
251027654,1.2800452709197998,0.25836512446403503,3.2452480792999268,0,0.6000000238418579,-10372247.0
251037956,1.4291760921478271,0.10342693328857422,3.238051176071167,0,0.6000000238418579,-10372247.0
251047680,1.6823986768722534,0.2884053885936737,3.3243937492370605,0,0.6000000238418579,-10372247.0
251057660,1.2687852382659912,0.5808390974998474,2.9861249923706055,0,0.6000000238418579,-10372247.0
251067951,1.4124995470046997,0.4984899163246155,3.1023032665252686,0,0.6000000238418579,-10372247.0
251077731,1.702636957168579,0.2604002356529236,3.1437461376190186,0,0.6000000238418579,-10372247.0
251088434,1.416228175163269,0.005239065270870924,2.9019699096679688,0,0.6000000238418579,-10372247.0
251097583,1.4413273334503174,0.012975279241800308,2.9029269218444824,0,0.6000000238418579,-10372247.0
251107655,1.2941210269927979,0.1703336089849472,2.7952346801757812,0,0.6000000238418579,-10372247.0
251117957,1.2593708038330078,-0.030289404094219208,2.6913468837738037,0,0.6000000238418579,-10372247.0
251127735,1.4275164604187012,-0.23087087273597717,2.8351638317108154,0,0.6000000238418579,-10372247.0
251137914,1.0083774328231812,0.23934036493301392,2.667558431625366,0,0.6000000238418579,-10372247.0
251147704,1.1696635484695435,0.4465812146663666,2.6676430702209473,0,0.6000000238418579,-10372247.0
251157691,1.4740667343139648,0.07159420102834702,2.9053003787994385,0,0.6000000238418579,-10372247.0
251168447,1.2715754508972168,0.5230002999305725,2.6871116161346436,0,0.6000000238418579,-10372247.0
251177669,1.2112622261047363,0.6567774415016174,2.758558750152588,0,0.6000000238418579,-10372247.0
251187921,1.3519943952560425,0.04239949211478233,2.839627504348755,0,0.6000000238418579,-10372247.0
251197610,1.184754729270935,0.0227675698697567,2.7411067485809326,0,0.6000000238418579,-10372247.0
251207644,1.359955906867981,0.16867393255233765,2.884148359298706,0,0.6000000238418579,-10372247.0
251218003,1.6106494665145874,-0.09275127947330475,2.9976117610931396,0,0.6000000238418579,-10372247.0
251227683,1.7600631713867188,0.095209039747715,3.0874674320220947,0,0.6000000238418579,-10372247.0
251237905,1.8410890102386475,0.09753505885601044,3.2438833713531494,0,0.6000000238418579,-10372247.0
251247674,1.6267725229263306,0.21848511695861816,3.153080940246582,0,0.6000000238418579,-10372247.0
251257660,1.9201295375823975,0.727396547794342,3.266474485397339,0,0.6000000238418579,-10372247.0
251267977,2.535247325897217,0.3905296325683594,3.6194639205932617,0,0.6000000238418579,-10372247.0
251277651,2.5419089794158936,0.01700461655855179,3.5903050899505615,0,0.6000000238418579,-10372247.0
251288538,1.8940067291259766,0.27433839440345764,3.5077009201049805,0,0.6000000238418579,-10372247.0
251297674,0.9535067677497864,0.06581341475248337,3.2175076007843018,0,0.6000000238418579,-10372247.0
251307651,0.46900397539138794,-0.2216813713312149,3.0398099422454834,0,0.6000000238418579,-10372247.0
251317951,0.6385464668273926,-0.014275516383349895,3.2068800926208496,0,0.6000000238418579,-10372247.0
251327669,0.7094101905822754,-0.005491443444043398,3.116928815841675,0,0.6000000238418579,-10372247.0
251337866,1.311523675918579,0.10081852972507477,3.4065070152282715,0,0.6000000238418579,-10372247.0
251347652,1.8910332918167114,0.23995934426784515,3.6339943408966064,0,0.6000000238418579,-10372247.0
251357651,1.8187282085418701,0.3497242331504822,3.6681110858917236,0,0.6000000238418579,-10372247.0
251368377,1.7142735719680786,0.4649142026901245,3.7856552600860596,0,0.6000000238418579,-10372247.0
251377740,1.501893162727356,0.3444652259349823,3.824549674987793,0,0.6000000238418579,-10372247.0
251387933,1.2207469940185547,-0.30152609944343567,3.752983570098877,0,0.6000000238418579,-10372247.0
251397674,1.2143157720565796,-0.4079848527908325,3.9598772525787354,0,0.6000000238418579,-10372247.0
251407677,0.8978801965713501,-0.01911087892949581,3.811966896057129,0,0.6000000238418579,-10372247.0
251417939,0.858417272567749,0.003946390934288502,3.9643561840057373,0,0.6000000238418579,-10372247.0
251427672,1.3365733623504639,-0.04635933041572571,4.283949851989746,0,0.6000000238418579,-10372247.0
251437912,1.1365858316421509,0.3445441424846649,4.303672790527344,0,0.6000000238418579,-10372247.0
251447667,1.1968668699264526,0.49815839529037476,4.3963751792907715,0,0.6000000238418579,-10372247.0
251457656,1.5039324760437012,0.20132951438426971,4.684818267822266,0,0.6000000238418579,-10372247.0
251467915,1.3024486303329468,0.08966376632452011,4.63846492767334,0,0.6000000238418579,-10372246.0
251477687,1.2356690168380737,0.001422052038833499,4.729978561401367,0,0.6000000238418579,-10372246.0
251488571,1.0236128568649292,-0.08086986094713211,4.828325271606445,0,0.6000000238418579,-10372246.0
251497695,0.8332810997962952,-0.04167001321911812,4.789429187774658,0,0.6000000238418579,-10372246.0
251507677,1.0921019315719604,-0.3370361328125,5.08677339553833,0,0.6000000238418579,-10372246.0
251517978,0.9191294312477112,-0.10325626283884048,5.106260299682617,0,0.6000000238418579,-10372246.0
251527693,0.7549142837524414,0.515731692314148,5.135296821594238,0,0.6000000238418579,-10372246.0
251537948,1.1730791330337524,0.2465173900127411,5.583354949951172,0,0.6000000238418579,-10372246.0
251547693,1.0818156003952026,0.10828084498643875,5.541020393371582,0,0.6000000238418579,-10372246.0
251557637,0.651042103767395,0.49492937326431274,5.553686141967773,0,0.6000000238418579,-10372246.0
251568323,0.6829928755760193,0.14130569994449615,5.720602035522461,0,0.6000000238418579,-10372246.0
251577661,0.5238891839981079,-0.12159765511751175,5.752717971801758,0,0.6000000238418579,-10372246.0
251587959,0.5784280896186829,-0.21220098435878754,5.9200663566589355,0,0.6000000238418579,-10372246.0
251597648,0.6437556147575378,-0.3588753938674927,6.107434272766113,0,0.6000000238418579,-10372246.0
251607632,0.41670292615890503,0.12616059184074402,6.039819240570068,0,0.6000000238418579,-10372246.0
251617967,0.49612048268318176,0.15614448487758636,6.244691371917725,0,0.6000000238418579,-10372246.0
251627648,0.5737854242324829,-0.08319719135761261,6.465261936187744,0,0.6000000238418579,-10372246.0
251637872,0.02751745842397213,0.49127617478370667,6.386930465698242,0,0.6000000238418579,-10372246.0
251647650,0.12443238496780396,0.4338456988334656,6.568758010864258,0,0.6000000238418579,-10372246.0
251657709,0.24837160110473633,-0.06638899445533752,6.741640090942383,0,0.6000000238418579,-10372246.0
251667948,-0.008867325261235237,0.0589367039501667,6.625499725341797,0,0.6000000238418579,-10372246.0
251677690,-0.05222601443529129,-0.14501546323299408,6.712409973144531,0,0.6000000238418579,-10372246.0
251688465,-0.2350037693977356,-0.16091935336589813,6.752215385437012,0,0.6000000238418579,-10372246.0
251697606,-0.48591065406799316,-0.07516922056674957,6.635709762573242,0,0.6000000238418579,-10372246.0
251707667,-0.28969502449035645,-0.2933831512928009,6.865438461303711,0,0.6000000238418579,-10372246.0
251717952,-0.6766470074653625,0.10974939912557602,6.70182991027832,0,0.6000000238418579,-10372246.0
251727630,-0.7462233304977417,0.5122596621513367,6.686046123504639,0,0.6000000238418579,-10372246.0
251737925,-0.4707084000110626,0.020761707797646523,6.908289909362793,0,0.6000000238418579,-10372246.0
251747713,-0.7266057133674622,0.2224002331495285,6.790726661682129,0,0.6000000238418579,-10372246.0
251757706,-0.9759389758110046,0.39215654134750366,6.778397560119629,0,0.6000000238418579,-10372246.0
251768308,-0.8186944723129272,-0.013115105219185352,6.900912284851074,0,0.6000000238418579,-10372246.0
251777632,-0.8835895657539368,-0.05146525800228119,6.732235431671143,0,0.6000000238418579,-10372246.0
251787964,-0.8967742919921875,-0.13225047290325165,6.647530555725098,0,0.6000000238418579,-10372246.0
251797646,-1.1182647943496704,-0.10144969820976257,6.55319356918335,0,0.6000000238418579,-10372246.0
251807673,-1.4294883012771606,0.1417066901922226,6.392370223999023,0,0.6000000238418579,-10372246.0
251817958,-1.2509164810180664,-0.13628801703453064,6.484479904174805,0,0.6000000238418579,-10372246.0
251827672,-1.4471874237060547,-0.08718224614858627,6.425164222717285,0,0.6000000238418579,-10372246.0
251837956,-1.83053719997406,0.5284901261329651,6.156381130218506,0,0.6000000238418579,-10372246.0
251847728,-1.4582769870758057,0.24366603791713715,6.176020622253418,0,0.6000000238418579,-10372246.0
251857642,-1.3386975526809692,0.02013402432203293,6.091740608215332,0,0.6000000238418579,-10372246.0
251867930,-1.5757027864456177,0.3225080370903015,5.878087997436523,0,0.6000000238418579,-10372246.0
251877641,-1.6267715692520142,0.11104027926921844,5.89965295791626,0,0.6000000238418579,-10372246.0
251888487,-1.8424348831176758,-0.20760907232761383,5.70017671585083,0,0.6000000238418579,-10372246.0
251897644,-1.8107671737670898,-0.22322794795036316,5.570174694061279,0,0.6000000238418579,-10372246.0
251907618,-1.7474077939987183,-0.36244654655456543,5.555920600891113,0,0.6000000238418579,-10372246.0
251917969,-2.158921003341675,0.36701086163520813,5.2318243980407715,0,0.6000000238418579,-10372246.0
251927646,-2.1401705741882324,0.8093968629837036,5.123939037322998,0,0.6000000238418579,-10372246.0
251937963,-1.804853081703186,0.4196200668811798,5.112684726715088,0,0.6000000238418579,-10372246.0
251947697,-1.9072065353393555,0.3282707929611206,4.8807830810546875,0,0.6000000238418579,-10372246.0
251957677,-1.8663357496261597,0.24341054260730743,4.772383689880371,0,0.6000000238418579,-10372246.0
251968360,-1.9203052520751953,-0.00169204524718225,4.673487186431885,0,0.6000000238418579,-10372246.0
251977678,-2.09905743598938,0.021541740745306015,4.413918972015381,0,0.6000000238418579,-10372246.0
251987941,-2.0230772495269775,-0.3789532482624054,4.400984287261963,0,0.6000000238418579,-10372246.0
251997675,-2.309077024459839,-0.12905706465244293,4.199190139770508,0,0.6000000238418579,-10372246.0
252007709,-2.4948573112487793,0.6593828797340393,3.9505159854888916,0,0.6000000238418579,-10372246.0
252017936,-2.064756393432617,0.3264760375022888,4.008591651916504,0,0.6000000238418579,-10372246.0
252027701,-2.095263719558716,0.350500226020813,3.8449485301971436,0,0.6000000238418579,-10372246.0
252037930,-2.295985221862793,0.5921837091445923,3.5981285572052,0,0.6000000238418579,-10372246.0
252047676,-2.016852617263794,0.09588287770748138,3.656888484954834,0,0.6000000238418579,-10372246.0
252057643,-1.9879111051559448,0.05149831622838974,3.418999671936035,0,0.6000000238418579,-10372246.0
252067941,-2.0434391498565674,0.01123335026204586,3.291355609893799,0,0.6000000238418579,-10372246.0
252077658,-2.075427293777466,-0.12485107779502869,3.3201348781585693,0,0.6000000238418579,-10372246.0
252088533,-2.4005942344665527,0.2726765275001526,2.9857065677642822,0,0.6000000238418579,-10372246.0
252097660,-2.1123199462890625,-0.012027924880385399,2.9972221851348877,0,0.6000000238418579,-10372246.0
252107723,-2.0062315464019775,-0.07037091255187988,2.9974944591522217,0,0.6000000238418579,-10372246.0
252117946,-2.322319507598877,0.552380383014679,2.667163610458374,0,0.6000000238418579,-10372246.0
252127648,-2.1045870780944824,0.4448699355125427,2.738571882247925,0,0.6000000238418579,-10372246.0
252137959,-1.8938655853271484,0.22595305740833282,2.6858808994293213,0,0.6000000238418579,-10372246.0
252147652,-2.0361289978027344,0.19680924713611603,2.4962241649627686,0,0.6000000238418579,-10372246.0
252157662,-1.9432622194290161,-0.06666785478591919,2.562242031097412,0,0.6000000238418579,-10372246.0
252168463,-2.190133810043335,0.054393474012613297,2.41499924659729,0,0.6000000238418579,-10372246.0
252177634,-2.1986329555511475,-0.0342046357691288,2.319587469100952,0,0.6000000238418579,-10372246.0
252187971,-1.9625120162963867,-0.36921095848083496,2.431079864501953,0,0.6000000238418579,-10372246.0
252197660,-2.2014806270599365,0.30487778782844543,2.304875135421753,0,0.6000000238418579,-10372246.0
252207720,-2.026402711868286,0.9380874037742615,2.371058702468872,0,0.6000000238418579,-10372246.0
252218012,-1.5598546266555786,0.530479371547699,2.567918539047241,0,0.6000000238418579,-10372246.0
252227662,-1.7975248098373413,0.3923663794994354,2.440410614013672,0,0.6000000238418579,-10372246.0
252237867,-1.8695197105407715,0.180795356631279,2.4673545360565186,0,0.6000000238418579,-10372246.0
252247683,-2.0070111751556396,-0.34346872568130493,2.441680669784546,0,0.6000000238418579,-10372246.0
252257694,-2.073477268218994,-0.15996535122394562,2.4035756587982178,0,0.6000000238418579,-10372246.0
252267983,-2.127476692199707,-0.10568096488714218,2.48303484916687,0,0.6000000238418579,-10372246.0
252277732,-2.6718387603759766,0.1912263184785843,2.2637441158294678,0,0.6000000238418579,-10372246.0
252287676,-2.8352513313293457,0.8643556237220764,2.1888253688812256,0,0.6000000238418579,-10372246.0
252298036,-2.548787832260132,0.5518205165863037,2.3469293117523193,0,0.6000000238418579,-10372246.0
252307655,-2.521671772003174,0.17423279583454132,2.2535502910614014,0,0.6000000238418579,-10372246.0
252317902,-2.454106330871582,0.3247750699520111,2.2718710899353027,0,0.6000000238418579,-10372246.0
252327672,-2.3256237506866455,-0.05331362038850784,2.4568145275115967,0,0.6000000238418579,-10372246.0
252337682,-2.334956169128418,-0.22264952957630157,2.3644661903381348,0,0.6000000238418579,-10372246.0
252347896,-2.2402584552764893,-0.03765661269426346,2.5925004482269287,0,0.6000000238418579,-10372246.0
252357675,-2.3032588958740234,0.1269729882478714,2.5206758975982666,0,0.6000000238418579,-10372246.0
252368296,-2.2207658290863037,0.627729594707489,2.645625352859497,0,0.6000000238418579,-10372246.0
252377678,-1.7941396236419678,0.6426752209663391,2.8462555408477783,0,0.6000000238418579,-10372246.0
252387688,-1.6954578161239624,0.24347388744354248,2.977109432220459,0,0.6000000238418579,-10372246.0
252397933,-1.713005781173706,0.3576057255268097,3.055323600769043,0,0.6000000238418579,-10372246.0
252407665,-1.7263175249099731,0.20868615806102753,3.1389853954315186,0,0.6000000238418579,-10372246.0
252417981,-1.7346466779708862,-0.35775551199913025,3.1524150371551514,0,0.6000000238418579,-10372246.0
252427730,-1.6831110715866089,-0.15930385887622833,3.3010246753692627,0,0.6000000238418579,-10372243.0
252437688,-1.8882300853729248,-0.015742948278784752,3.256019353866577,0,0.6000000238418579,-10372243.0
252447940,-1.8616572618484497,0.10314597934484482,3.3832297325134277,0,0.6000000238418579,-10372243.0
252457628,-1.655378818511963,0.4045524299144745,3.60151743888855,0,0.6000000238418579,-10372243.0
252467966,-1.9136946201324463,0.2751599848270416,3.594511032104492,0,0.6000000238418579,-10372243.0
252477682,-1.8303061723709106,0.30336448550224304,3.747079372406006,0,0.6000000238418579,-10372243.0
252487638,-1.5939420461654663,0.5407002568244934,3.914071559906006,0,0.6000000238418579,-10372243.0
252498044,-1.5737690925598145,-0.008166449144482613,3.9730799198150635,0,0.6000000238418579,-10372243.0
252507652,-1.3270509243011475,-0.17574700713157654,4.264407157897949,0,0.6000000238418579,-10372243.0
252517918,-1.5503612756729126,-0.04872908070683479,4.249483108520508,0,0.6000000238418579,-10372243.0
252527652,-1.7382680177688599,-0.2324693500995636,4.346260070800781,0,0.6000000238418579,-10372243.0
252537654,-1.5267949104309082,-0.05169982090592384,4.582691192626953,0,0.6000000238418579,-10372243.0
252547942,-1.7296298742294312,0.267856627702713,4.573101043701172,0,0.6000000238418579,-10372243.0
252557646,-1.7414652109146118,0.39236852526664734,4.671360969543457,0,0.6000000238418579,-10372243.0
252568375,-1.5256562232971191,0.6953566074371338,4.964602947235107,0,0.6000000238418579,-10372243.0
252577630,-1.44374680519104,0.3808029294013977,5.0405073165893555,0,0.6000000238418579,-10372243.0
252587637,-1.3735822439193726,-0.24731682240962982,5.280270099639893,0,0.6000000238418579,-10372243.0
252597924,-1.517144799232483,-0.1350754052400589,5.381682872772217,0,0.6000000238418579,-10372243.0
252607684,-1.7617669105529785,-0.05572033300995827,5.443970680236816,0,0.6000000238418579,-10372243.0
252617927,-1.705745816230774,-0.29823294281959534,5.656626224517822,0,0.6000000238418579,-10372243.0
252627675,-1.8123290538787842,-0.002734109526500106,5.765856742858887,0,0.6000000238418579,-10372243.0
252637670,-2.1324896812438965,0.48718851804733276,5.802244663238525,0,0.6000000238418579,-10372243.0
252647912,-1.9921954870224,0.6644641160964966,5.936366081237793,0,0.6000000238418579,-10372243.0
252657682,-1.6998323202133179,0.7536711692810059,6.0617265701293945,0,0.6000000238418579,-10372243.0
252667941,-1.6035088300704956,0.18569104373455048,6.187095642089844,0,0.6000000238418579,-10372243.0
252677687,-1.8402166366577148,-0.09702405333518982,6.231326580047607,0,0.6000000238418579,-10372243.0
252687681,-1.9875777959823608,-0.01480093877762556,6.25056266784668,0,0.6000000238418579,-10372243.0
252698031,-1.9785863161087036,-0.2651996314525604,6.425869941711426,0,0.6000000238418579,-10372243.0
252707654,-1.6258469820022583,-0.13479210436344147,6.593452453613281,0,0.6000000238418579,-10372243.0
252717927,-1.5537083148956299,0.3486083745956421,6.762331008911133,0,0.6000000238418579,-10372243.0
252727693,-1.5365608930587769,0.6809655427932739,6.751132488250732,0,0.6000000238418579,-10372243.0
252737635,-1.2309578657150269,0.84271639585495,6.918234825134277,0,0.6000000238418579,-10372243.0
252747964,-1.0371438264846802,0.2920302748680115,7.010113716125488,0,0.6000000238418579,-10372243.0
252757680,-1.1877493858337402,-0.24718423187732697,6.915294647216797,0,0.6000000238418579,-10372243.0
252768344,-1.4260716438293457,-0.012490976601839066,6.895373821258545,0,0.6000000238418579,-10372243.0
252777681,-1.468063473701477,-0.005577386356890202,6.846052169799805,0,0.6000000238418579,-10372243.0
252787653,-0.640608549118042,-0.14099863171577454,7.107922554016113,0,0.6000000238418579,-10372243.0
252797909,-0.3177800178527832,0.2973754107952118,7.298947811126709,0,0.6000000238418579,-10372243.0
252807681,-0.5471053123474121,0.6091904640197754,7.1656317710876465,0,0.6000000238418579,-10372243.0
252817958,-0.342853307723999,0.5377213954925537,7.345286846160889,0,0.6000000238418579,-10372243.0
252827664,-0.21101538836956024,0.5142403841018677,7.255316734313965,0,0.6000000238418579,-10372243.0
252837667,-0.2989427149295807,0.21700920164585114,7.099459648132324,0,0.6000000238418579,-10372243.0
252848003,-0.00048014282947406173,0.39325082302093506,7.2613444328308105,0,0.6000000238418579,-10372243.0
252857645,0.017086423933506012,0.463204026222229,7.216136932373047,0,0.6000000238418579,-10372243.0
252867912,0.3724682629108429,-0.18662191927433014,7.284812927246094,0,0.6000000238418579,-10372243.0
252877674,0.5280769467353821,-0.005424327217042446,7.419348239898682,0,0.6000000238418579,-10372243.0
252887677,0.21662238240242004,0.6187511086463928,7.049624443054199,0,0.6000000238418579,-10372243.0
252898001,0.3090391159057617,0.626465380191803,7.140608310699463,0,0.6000000238418579,-10372243.0
252907674,0.7521136403083801,0.7368050813674927,7.217641830444336,0,0.6000000238418579,-10372243.0
252917948,0.7937295436859131,0.5986687541007996,7.122173309326172,0,0.6000000238418579,-10372243.0
252927719,1.0373575687408447,0.2424132525920868,7.243085861206055,0,0.6000000238418579,-10372243.0
252937648,0.9200587868690491,0.2709905207157135,7.104091644287109,0,0.6000000238418579,-10372243.0
252947920,0.8137915730476379,-0.024044688791036606,6.9443840980529785,0,0.6000000238418579,-10372243.0
252957653,1.191513180732727,-0.27875426411628723,7.011906147003174,0,0.6000000238418579,-10372243.0
252968317,1.0794192552566528,0.2313043773174286,6.8069915771484375,0,0.6000000238418579,-10372243.0
252977656,0.9693300127983093,0.678917407989502,6.691776275634766,0,0.6000000238418579,-10372243.0
252987647,1.4550286531448364,0.7231442332267761,6.787397861480713,0,0.6000000238418579,-10372243.0
252997933,1.619399070739746,0.6306841373443604,6.723446369171143,0,0.6000000238418579,-10372243.0
253007672,1.584412932395935,0.3550013303756714,6.609986782073975,0,0.6000000238418579,-10372243.0
253017978,1.4405102729797363,0.3456430733203888,6.481098651885986,0,0.6000000238418579,-10372243.0
253027663,1.3470394611358643,0.35504400730133057,6.240601539611816,0,0.6000000238418579,-10372243.0
253037646,1.6286267042160034,-0.1922222524881363,6.248961925506592,0,0.6000000238418579,-10372243.0
253047965,1.671762228012085,0.17655706405639648,6.21422004699707,0,0.6000000238418579,-10372243.0
253057681,1.3997212648391724,0.7460709810256958,5.9518961906433105,0,0.6000000238418579,-10372243.0
253067925,1.6431339979171753,0.6156147122383118,5.953475475311279,0,0.6000000238418579,-10372243.0
253077657,1.7235722541809082,0.6823011636734009,5.874319076538086,0,0.6000000238418579,-10372243.0
253087674,1.5634292364120483,0.6633474230766296,5.647718906402588,0,0.6000000238418579,-10372243.0
253098024,1.866672158241272,0.2720263600349426,5.705899715423584,0,0.6000000238418579,-10372243.0
253107708,1.9359772205352783,0.15728789567947388,5.548351764678955,0,0.6000000238418579,-10372243.0
253117932,1.8472236394882202,-0.04847053065896034,5.317685604095459,0,0.6000000238418579,-10372243.0
253127661,1.8064658641815186,-0.0248100683093071,5.2490129470825195,0,0.6000000238418579,-10372243.0
253137657,1.4507925510406494,0.49050045013427734,4.934871196746826,0,0.6000000238418579,-10372243.0
253147895,1.5288639068603516,0.3528088927268982,4.838676929473877,0,0.6000000238418579,-10372243.0
253157651,1.649802565574646,0.18473751842975616,4.817273139953613,0,0.6000000238418579,-10372243.0
253168357,1.3202143907546997,0.7822286486625671,4.456227779388428,0,0.6000000238418579,-10372243.0
253177645,1.5884050130844116,0.7022818326950073,4.432522296905518,0,0.6000000238418579,-10372243.0
253187648,1.8941601514816284,0.12597043812274933,4.454537868499756,0,0.6000000238418579,-10372243.0
253197984,1.6776049137115479,0.2567688524723053,4.183019161224365,0,0.6000000238418579,-10372243.0
253207693,1.6250344514846802,0.09255766868591309,4.129269123077393,0,0.6000000238418579,-10372243.0
253217891,1.4195528030395508,-0.10447170585393906,3.950868844985962,0,0.6000000238418579,-10372243.0
253227654,1.389971375465393,0.15055584907531738,3.7295875549316406,0,0.6000000238418579,-10372243.0
253237643,1.6534299850463867,0.06467283517122269,3.813232660293579,0,0.6000000238418579,-10372243.0
253247933,1.4770489931106567,0.33641576766967773,3.5751209259033203,0,0.6000000238418579,-10372243.0
253257664,1.4879958629608154,0.5235738754272461,3.5356216430664062,0,0.6000000238418579,-10372243.0
253268001,1.6993392705917358,-0.012649505399167538,3.642874240875244,0,0.6000000238418579,-10372243.0
253277671,1.318265438079834,0.2347966730594635,3.3276898860931396,0,0.6000000238418579,-10372243.0
253287676,1.3788853883743286,0.6485601663589478,3.3244566917419434,0,0.6000000238418579,-10372243.0
253297997,1.7461189031600952,0.08003434538841248,3.391111373901367,0,0.6000000238418579,-10372243.0
253307654,1.5723892450332642,0.0027149233501404524,3.204453468322754,0,0.6000000238418579,-10372243.0
253317891,1.485777497291565,0.14347246289253235,3.103947877883911,0,0.6000000238418579,-10372243.0
253327674,1.3889600038528442,-0.16545598208904266,3.109898328781128,0,0.6000000238418579,-10372243.0
253337650,1.3882595300674438,-0.006072992458939552,2.9953856468200684,0,0.6000000238418579,-10372243.0
253347949,1.4855164289474487,0.012797271832823753,3.007716178894043,0,0.6000000238418579,-10372243.0
253357670,1.2725389003753662,0.11506092548370361,2.90391206741333,0,0.6000000238418579,-10372243.0
253368415,1.1598358154296875,0.6458508372306824,2.827791929244995,0,0.6000000238418579,-10372243.0
253377670,1.4451286792755127,0.4634956121444702,2.928847074508667,0,0.6000000238418579,-10372243.0
253387680,1.4676045179367065,0.15185138583183289,2.889073610305786,0,0.6000000238418579,-10372243.0
253397967,1.3610526323318481,0.42154017090797424,2.784728765487671,0,0.6000000238418579,-10372243.0
253407563,1.4723318815231323,0.09030907601118088,2.8877928256988525,0,0.6000000238418579,-10372243.0
253417967,1.5124273300170898,-0.2669772505760193,2.8691883087158203,0,0.6000000238418579,-10372243.0
253427675,1.3353482484817505,-0.03598881512880325,2.8419477939605713,0,0.6000000238418579,-10372239.0
253437652,1.4769539833068848,0.05004075914621353,2.8674721717834473,0,0.6000000238418579,-10372239.0
253447952,1.8083854913711548,0.36716318130493164,2.9952685832977295,0,0.6000000238418579,-10372239.0
253457627,2.426194190979004,0.4790966510772705,3.2215795516967773,0,0.6000000238418579,-10372239.0
253467942,2.905547857284546,0.040011391043663025,3.394710063934326,0,0.6000000238418579,-10372239.0
253477688,2.5949630737304688,0.32504233717918396,3.3773155212402344,0,0.6000000238418579,-10372239.0
253487657,2.0753870010375977,0.46223127841949463,3.1679837703704834,0,0.6000000238418579,-10372239.0
253498015,1.8816889524459839,-0.07710292935371399,3.181596517562866,0,0.6000000238418579,-10372239.0
253507667,1.2691601514816284,-0.05249830707907677,2.8999557495117188,0,0.6000000238418579,-10372239.0
253517947,0.713390052318573,-0.02421770617365837,2.7333009243011475,0,0.6000000238418579,-10372239.0
253527684,0.7382800579071045,-0.14271961152553558,2.8439154624938965,0,0.6000000238418579,-10372239.0
253537640,0.8955450057983398,0.09550022333860397,2.8988330364227295,0,0.6000000238418579,-10372239.0
253547956,1.4597575664520264,-0.08569458872079849,3.0960917472839355,0,0.6000000238418579,-10372239.0
253557673,1.4459707736968994,0.08864965289831161,3.18869686126709,0,0.6000000238418579,-10372239.0
253568297,1.2046873569488525,0.5469844937324524,3.0291852951049805,0,0.6000000238418579,-10372239.0
253577703,1.375166416168213,0.10125555843114853,3.2202184200286865,0,0.6000000238418579,-10372239.0
253587665,1.3252003192901611,-0.08445360511541367,3.229309320449829,0,0.6000000238418579,-10372239.0
253597927,0.983995795249939,0.39226827025413513,3.0912411212921143,0,0.6000000238418579,-10372239.0
253607645,1.175833821296692,-0.07702722400426865,3.295132875442505,0,0.6000000238418579,-10372239.0
253617910,1.199734091758728,-0.2643417716026306,3.262195587158203,0,0.6000000238418579,-10372239.0
253627663,1.2095056772232056,0.1215689554810524,3.3365557193756104,0,0.6000000238418579,-10372239.0
253637631,1.2064290046691895,0.06633790582418442,3.5006279945373535,0,0.6000000238418579,-10372239.0
253647981,1.0379858016967773,-0.005502533167600632,3.4159345626831055,0,0.6000000238418579,-10372239.0
253657662,1.1118037700653076,-0.011192669160664082,3.602022886276245,0,0.6000000238418579,-10372239.0
253667923,0.9610615968704224,-0.17311854660511017,3.646066904067993,0,0.6000000238418579,-10372239.0
253677682,0.8798978924751282,0.19441913068294525,3.703131675720215,0,0.6000000238418579,-10372239.0
253687716,1.2978637218475342,0.2852296531200409,4.060265064239502,0,0.6000000238418579,-10372239.0
253698070,1.4008628129959106,-0.11109335720539093,4.1117963790893555,0,0.6000000238418579,-10372239.0
253707653,1.2819691896438599,0.32361453771591187,4.278226852416992,0,0.6000000238418579,-10372239.0
253717932,1.2872881889343262,0.35222113132476807,4.415558815002441,0,0.6000000238418579,-10372239.0
253727648,1.2252552509307861,-0.29176124930381775,4.489030838012695,0,0.6000000238418579,-10372239.0
253737700,1.2055976390838623,-0.2079600989818573,4.689473628997803,0,0.6000000238418579,-10372239.0
253747967,1.0544925928115845,-0.15307442843914032,4.681537628173828,0,0.6000000238418579,-10372239.0
253757685,1.1917730569839478,-0.3574575185775757,4.962365627288818,0,0.6000000238418579,-10372239.0
253767677,1.3430707454681396,-0.12544874846935272,5.195542335510254,0,0.6000000238418579,-10372239.0
253777984,1.1552518606185913,-0.05486984923481941,5.295436382293701,0,0.6000000238418579,-10372239.0
253787724,0.9978141188621521,0.07347987592220306,5.522088527679443,0,0.6000000238418579,-10372239.0
253797677,1.041729211807251,0.32953721284866333,5.744724750518799,0,0.6000000238418579,-10372239.0
253807889,1.0227694511413574,0.19003456830978394,5.883929252624512,0,0.6000000238418579,-10372239.0
253817672,0.9705169200897217,0.14807894825935364,6.013177871704102,0,0.6000000238418579,-10372239.0
253828489,1.0953214168548584,0.40247002243995667,6.221844673156738,0,0.6000000238418579,-10372239.0
253837631,1.2179173231124878,0.013235609978437424,6.412293910980225,0,0.6000000238418579,-10372239.0
253847672,1.21663236618042,-0.4815444052219391,6.582861423492432,0,0.6000000238418579,-10372239.0
253857963,1.01890230178833,-0.20756469666957855,6.655848026275635,0,0.6000000238418579,-10372239.0
253867635,0.5584686398506165,-0.13283146917819977,6.615983009338379,0,0.6000000238418579,-10372239.0
253877942,0.48489290475845337,-0.28956279158592224,6.652998447418213,0,0.6000000238418579,-10372239.0
253887655,0.212504044175148,0.11806725710630417,6.584259986877441,0,0.6000000238418579,-10372239.0
253897660,-0.12892016768455505,0.25813552737236023,6.52247428894043,0,0.6000000238418579,-10372239.0
253907944,-0.10677652806043625,0.3496946394443512,6.61094331741333,0,0.6000000238418579,-10372239.0
253917715,0.2201647311449051,0.2880813479423523,6.644161224365234,0,0.6000000238418579,-10372239.0
253927950,0.20927555859088898,-0.11304543167352676,6.653501510620117,0,0.6000000238418579,-10372239.0
253937639,-0.15436242520809174,0.2136669009923935,6.586103916168213,0,0.6000000238418579,-10372239.0
253947643,-0.32352161407470703,0.46963703632354736,6.566340923309326,0,0.6000000238418579,-10372239.0
253958020,-0.3024948835372925,-0.19284138083457947,6.685303211212158,0,0.6000000238418579,-10372239.0
253967672,-0.40221351385116577,-0.23873186111450195,6.625506401062012,0,0.6000000238418579,-10372239.0
253977937,-0.49293506145477295,-0.20473694801330566,6.6323394775390625,0,0.6000000238418579,-10372239.0
253987666,-0.7442015409469604,-0.12678417563438416,6.558925151824951,0,0.6000000238418579,-10372239.0
253997652,-0.7871618866920471,0.3149898648262024,6.521807670593262,0,0.6000000238418579,-10372239.0
254007937,-0.8262516260147095,0.1046539843082428,6.59884786605835,0,0.6000000238418579,-10372239.0
254017655,-1.1244080066680908,0.30859678983688354,6.4152302742004395,0,0.6000000238418579,-10372239.0
254028473,-1.181420922279358,0.6676069498062134,6.33922004699707,0,0.6000000238418579,-10372239.0
254037634,-0.8895602226257324,-0.007886222563683987,6.42085075378418,0,0.6000000238418579,-10372239.0
254047670,-0.9936068654060364,-0.01618240401148796,6.336288928985596,0,0.6000000238418579,-10372239.0
254057870,-1.1106059551239014,0.24736593663692474,6.368843078613281,0,0.6000000238418579,-10372239.0
254067658,-1.4601047039031982,-0.2580071687698364,6.288943290710449,0,0.6000000238418579,-10372239.0
254077936,-1.5791734457015991,-0.17762038111686707,6.093540668487549,0,0.6000000238418579,-10372239.0
254087678,-1.5784043073654175,-0.03181552141904831,6.045844078063965,0,0.6000000238418579,-10372239.0
254097679,-1.959837555885315,0.11436954140663147,5.791970252990723,0,0.6000000238418579,-10372239.0
254107976,-1.9720782041549683,0.681510329246521,5.764370441436768,0,0.6000000238418579,-10372239.0
254117640,-1.6333611011505127,0.38194456696510315,5.8658318519592285,0,0.6000000238418579,-10372239.0
254127948,-1.800217866897583,0.20666490495204926,5.644321441650391,0,0.6000000238418579,-10372239.0
254137665,-1.897011160850525,0.7079407572746277,5.533236980438232,0,0.6000000238418579,-10372239.0
254147711,-1.7574509382247925,0.33533769845962524,5.44446325302124,0,0.6000000238418579,-10372239.0
254158044,-1.744102120399475,-0.20024539530277252,5.268006801605225,0,0.6000000238418579,-10372239.0
254167679,-1.9578077793121338,0.06426072120666504,5.217134952545166,0,0.6000000238418579,-10372239.0
254177930,-2.3182058334350586,0.09037094563245773,5.016328811645508,0,0.6000000238418579,-10372239.0
254187711,-2.43733286857605,0.04058290272951126,4.8572845458984375,0,0.6000000238418579,-10372239.0
254197649,-2.260599374771118,0.36031609773635864,4.781322479248047,0,0.6000000238418579,-10372239.0
254207963,-2.4508774280548096,0.3684660494327545,4.542902946472168,0,0.6000000238418579,-10372239.0
254217667,-2.3935112953186035,0.6782522797584534,4.448307037353516,0,0.6000000238418579,-10372239.0
254228531,-2.1446330547332764,0.7734124660491943,4.472249984741211,0,0.6000000238418579,-10372239.0
254237670,-2.2344181537628174,0.36345145106315613,4.3057942390441895,0,0.6000000238418579,-10372239.0
254247674,-2.2445709705352783,0.35424888134002686,4.236725330352783,0,0.6000000238418579,-10372239.0
254257968,-2.197157144546509,0.3636671006679535,4.182343006134033,0,0.6000000238418579,-10372239.0
254267669,-2.2193305492401123,-0.10289035737514496,4.026184558868408,0,0.6000000238418579,-10372239.0
254277997,-2.118011951446533,-0.030258042737841606,4.0951619148254395,0,0.6000000238418579,-10372239.0
254287661,-2.4494166374206543,0.4632066786289215,3.9361605644226074,0,0.6000000238418579,-10372239.0
254297628,-2.4958839416503906,0.389009952545166,3.8387880325317383,0,0.6000000238418579,-10372239.0
254307960,-2.2994701862335205,0.38889819383621216,3.9936530590057373,0,0.6000000238418579,-10372239.0
254317680,-2.522137403488159,0.8070710897445679,3.7214324474334717,0,0.6000000238418579,-10372239.0
254327968,-2.375669479370117,0.7975456714630127,3.7365970611572266,0,0.6000000238418579,-10372239.0
254337691,-1.9075366258621216,0.40777722001075745,3.8075830936431885,0,0.6000000238418579,-10372239.0
254347652,-1.953547477722168,0.08929159492254257,3.6291425228118896,0,0.6000000238418579,-10372239.0
254358025,-1.7959319353103638,-0.14745983481407166,3.6214613914489746,0,0.6000000238418579,-10372239.0
254367678,-2.092923879623413,0.042835090309381485,3.5019354820251465,0,0.6000000238418579,-10372239.0
254377944,-2.3029327392578125,0.2494194209575653,3.2683725357055664,0,0.6000000238418579,-10372239.0
254387695,-1.8734872341156006,-0.06550315767526627,3.441431760787964,0,0.6000000238418579,-10372239.0
254397567,-1.9862209558486938,0.16879703104496002,3.2252416610717773,0,0.6000000238418579,-10372239.0
254407981,-2.0593557357788086,0.5338330864906311,3.1026978492736816,0,0.6000000238418579,-10372239.0
254417653,-1.5991215705871582,0.06660245358943939,3.2573254108428955,0,0.6000000238418579,-10372239.0
254428467,-1.681270956993103,0.16757431626319885,3.1204183101654053,0,0.6000000238418579,-10372238.0
254437626,-1.7293745279312134,0.4751184284687042,3.0216383934020996,0,0.6000000238418579,-10372238.0
254447698,-1.647024154663086,0.22775736451148987,3.1372954845428467,0,0.6000000238418579,-10372238.0
254457955,-1.5369495153427124,0.04798366129398346,3.017468214035034,0,0.6000000238418579,-10372238.0
254467677,-1.4161230325698853,-0.3088679313659668,3.0966670513153076,0,0.6000000238418579,-10372238.0
254477981,-1.6291900873184204,-0.41181010007858276,2.978771209716797,0,0.6000000238418579,-10372238.0
254487684,-1.7430717945098877,0.08575980365276337,2.8741602897644043,0,0.6000000238418579,-10372238.0
254497650,-1.4466907978057861,0.08785884082317352,3.112201452255249,0,0.6000000238418579,-10372238.0
254507941,-1.6880285739898682,0.2596914768218994,2.9651355743408203,0,0.6000000238418579,-10372238.0
254517644,-1.6976979970932007,0.8247562646865845,2.919969320297241,0,0.6000000238418579,-10372238.0
254527990,-1.4305834770202637,0.4359269440174103,3.1234757900238037,0,0.6000000238418579,-10372238.0
254537626,-1.7034224271774292,0.007947923615574837,2.871230125427246,0,0.6000000238418579,-10372238.0
254547678,-1.9632610082626343,0.5027631521224976,2.8304178714752197,0,0.6000000238418579,-10372238.0
254558049,-1.990753173828125,0.2681116759777069,2.8215253353118896,0,0.6000000238418579,-10372238.0
254567708,-1.9423898458480835,-0.3017876446247101,2.671708106994629,0,0.6000000238418579,-10372238.0
254577900,-1.7491717338562012,-0.024253539741039276,2.9441239833831787,0,0.6000000238418579,-10372238.0
254587672,-2.123631477355957,0.19538843631744385,2.7142326831817627,0,0.6000000238418579,-10372238.0
254597650,-1.9403504133224487,0.06732011586427689,2.8944079875946045,0,0.6000000238418579,-10372238.0
254607932,-1.8856956958770752,0.3436513841152191,3.0656967163085938,0,0.6000000238418579,-10372238.0
254617679,-2.2936344146728516,0.5767436027526855,2.711510419845581,0,0.6000000238418579,-10372238.0
254628477,-1.886554479598999,0.4969662129878998,3.0659728050231934,0,0.6000000238418579,-10372238.0
254637656,-1.8280692100524902,0.24616937339305878,3.0538947582244873,0,0.6000000238418579,-10372238.0
254647701,-1.8946648836135864,-0.08800849318504333,3.0052318572998047,0,0.6000000238418579,-10372238.0
254657929,-1.7901750802993774,-0.1741618514060974,3.3544273376464844,0,0.6000000238418579,-10372238.0
254667694,-2.181192636489868,0.18582682311534882,3.086298704147339,0,0.6000000238418579,-10372238.0
254677936,-2.016119956970215,-0.0019058000762015581,3.384577512741089,0,0.6000000238418579,-10372238.0
254687586,-1.8342170715332031,0.048073019832372665,3.5962421894073486,0,0.6000000238418579,-10372238.0
254697644,-2.076322317123413,0.7866066098213196,3.425178289413452,0,0.6000000238418579,-10372238.0
254707929,-1.3867883682250977,0.6759112477302551,3.9518229961395264,0,0.6000000238418579,-10372238.0
254717694,-1.1918734312057495,0.2272927463054657,4.129331588745117,0,0.6000000238418579,-10372238.0
254727983,-1.508020281791687,0.28912198543548584,4.044130802154541,0,0.6000000238418579,-10372238.0
254737666,-1.4143791198730469,-0.07076992094516754,4.549831390380859,0,0.6000000238418579,-10372238.0
254747651,-1.5842853784561157,-0.06761948764324188,4.436918258666992,0,0.6000000238418579,-10372238.0
254758033,-1.4804582595825195,0.06705554574728012,4.7213029861450195,0,0.6000000238418579,-10372238.0
254767662,-1.4752354621887207,0.17823214828968048,4.885944366455078,0,0.6000000238418579,-10372238.0
254777922,-1.9338204860687256,0.9324252009391785,4.757366180419922,0,0.6000000238418579,-10372238.0
254787670,-1.669419527053833,0.7634904384613037,5.005410194396973,0,0.6000000238418579,-10372238.0
254797647,-1.6352306604385376,0.050263624638319016,5.089771270751953,0,0.6000000238418579,-10372238.0
254807932,-1.8199783563613892,0.3041960299015045,4.980461120605469,0,0.6000000238418579,-10372238.0
254817665,-1.4995574951171875,0.22506685554981232,5.279236316680908,0,0.6000000238418579,-10372238.0
254828473,-1.3932042121887207,-0.2782943546772003,5.353282928466797,0,0.6000000238418579,-10372238.0
254837661,-1.4929155111312866,0.12943284213542938,5.416697978973389,0,0.6000000238418579,-10372238.0
254847634,-1.4911786317825317,0.13722118735313416,5.6049323081970215,0,0.6000000238418579,-10372238.0
254857959,-1.6626907587051392,0.10206402093172073,5.542414665222168,0,0.6000000238418579,-10372238.0
254867655,-1.3655210733413696,0.37020647525787354,5.873874664306641,0,0.6000000238418579,-10372238.0
254877936,-1.4724078178405762,0.3932485282421112,5.985563278198242,0,0.6000000238418579,-10372238.0
254887650,-1.6770904064178467,0.4515511691570282,5.954221725463867,0,0.6000000238418579,-10372238.0
254897542,-1.4506685733795166,0.5139089226722717,6.275914669036865,0,0.6000000238418579,-10372238.0
254908013,-1.5358140468597412,-0.005707794800400734,6.297667026519775,0,0.6000000238418579,-10372238.0
254917660,-1.3961262702941895,-0.027004161849617958,6.410243511199951,0,0.6000000238418579,-10372238.0
254927963,-1.2787474393844604,0.22616231441497803,6.650543212890625,0,0.6000000238418579,-10372238.0
254937634,-1.3870820999145508,-0.03596828877925873,6.45277738571167,0,0.6000000238418579,-10372238.0
254947658,-1.205437183380127,-0.07861226052045822,6.6746721267700195,0,0.6000000238418579,-10372238.0
254958023,-1.6007518768310547,0.49218741059303284,6.508256435394287,0,0.6000000238418579,-10372238.0
254967665,-1.5745863914489746,0.6305839419364929,6.408688068389893,0,0.6000000238418579,-10372238.0
254977916,-1.2281357049942017,0.370576411485672,6.780027389526367,0,0.6000000238418579,-10372238.0
254987662,-1.4158836603164673,0.6149125099182129,6.5514068603515625,0,0.6000000238418579,-10372238.0
254997654,-1.1632641553878784,0.4055439829826355,6.815171718597412,0,0.6000000238418579,-10372238.0
255007936,-1.0279096364974976,-0.09899505972862244,6.934447288513184,0,0.6000000238418579,-10372238.0
255017658,-1.3114371299743652,0.10541901737451553,6.621096134185791,0,0.6000000238418579,-10372238.0
255028515,-1.1446582078933716,0.1791197508573532,6.850324630737305,0,0.6000000238418579,-10372238.0
255037650,-0.9856156706809998,0.14437435567378998,6.729882717132568,0,0.6000000238418579,-10372238.0
255047643,-0.432428240776062,0.36043766140937805,6.950373649597168,0,0.6000000238418579,-10372238.0
255057924,-0.060805078595876694,0.18181481957435608,7.079304218292236,0,0.6000000238418579,-10372238.0
255067658,-0.288217157125473,0.5038232207298279,6.725576877593994,0,0.6000000238418579,-10372238.0
255077967,0.0028156095650047064,0.7848700284957886,6.960977077484131,0,0.6000000238418579,-10372238.0
255087688,0.008329452946782112,0.17204563319683075,6.8998517990112305,0,0.6000000238418579,-10372238.0
255097649,-0.14477071166038513,0.20207661390304565,6.812123775482178,0,0.6000000238418579,-10372238.0
255107924,0.09081825613975525,0.38173073530197144,6.9780049324035645,0,0.6000000238418579,-10372238.0
255117684,0.09461317956447601,-0.23474831879138947,6.743500232696533,0,0.6000000238418579,-10372238.0
255127949,0.5567119717597961,-0.14703471958637238,6.78851318359375,0,0.6000000238418579,-10372238.0
255137639,0.5227729082107544,0.3275454640388489,6.759577751159668,0,0.6000000238418579,-10372238.0
255147657,0.42282792925834656,0.43779686093330383,6.572668075561523,0,0.6000000238418579,-10372238.0
255158088,0.8633221387863159,0.45007699728012085,6.996037483215332,0,0.6000000238418579,-10372238.0
255167675,0.6798499226570129,0.6094983220100403,6.736640453338623,0,0.6000000238418579,-10372238.0
255177944,0.6760573387145996,0.47557029128074646,6.617969036102295,0,0.6000000238418579,-10372238.0
255187664,1.1870313882827759,0.03937409818172455,6.775414943695068,0,0.6000000238418579,-10372238.0
255197681,1.0662885904312134,-0.20633991062641144,6.461226940155029,0,0.6000000238418579,-10372238.0
255207885,1.3621960878372192,-0.1883086860179901,6.621184349060059,0,0.6000000238418579,-10372238.0
255217688,1.284966230392456,0.13212306797504425,6.650893211364746,0,0.6000000238418579,-10372238.0
255228476,1.0018525123596191,0.4744408428668976,6.320215702056885,0,0.6000000238418579,-10372238.0
255237633,1.4027982950210571,0.18823811411857605,6.510826587677002,0,0.6000000238418579,-10372238.0
255247632,1.2202001810073853,0.31712281703948975,6.211565971374512,0,0.6000000238418579,-10372238.0
255257894,1.331861138343811,0.7806015610694885,6.124258041381836,0,0.6000000238418579,-10372238.0
255267669,1.9965015649795532,0.21331243216991425,6.40266752243042,0,0.6000000238418579,-10372238.0
255277924,1.8300777673721313,0.15277184545993805,6.0779643058776855,0,0.6000000238418579,-10372238.0
255287649,1.706351637840271,0.3833085000514984,5.938998222351074,0,0.6000000238418579,-10372238.0
255297631,1.7241121530532837,-0.014353815466165543,5.822505950927734,0,0.6000000238418579,-10372238.0
255307887,1.523898959159851,-0.0771331787109375,5.5003581047058105,0,0.6000000238418579,-10372238.0
255317683,1.8124433755874634,-0.040564775466918945,5.5986738204956055,0,0.6000000238418579,-10372238.0
255327976,1.7867164611816406,0.08085515350103378,5.512486934661865,0,0.6000000238418579,-10372238.0
255337642,1.7944715023040771,0.63326495885849,5.348289489746094,0,0.6000000238418579,-10372238.0
255347637,2.1482584476470947,0.3850826919078827,5.512263774871826,0,0.6000000238418579,-10372238.0
255358036,1.8574119806289673,0.24754869937896729,5.192747592926025,0,0.6000000238418579,-10372238.0
255367751,1.7638534307479858,0.664425790309906,5.0795512199401855,0,0.6000000238418579,-10372238.0
255377937,2.101343870162964,0.15322329103946686,5.142628192901611,0,0.6000000238418579,-10372238.0
255387684,2.0406699180603027,-0.21157188713550568,4.896054267883301,0,0.6000000238418579,-10372237.0
255397629,2.0364463329315186,0.292811781167984,4.810926914215088,0,0.6000000238418579,-10372237.0
255407914,1.8067682981491089,0.25815874338150024,4.650562763214111,0,0.6000000238418579,-10372237.0
255417691,1.7642468214035034,0.03352471441030502,4.4300150871276855,0,0.6000000238418579,-10372237.0
255428505,1.9644334316253662,0.2555927336215973,4.539770603179932,0,0.6000000238418579,-10372237.0
255437679,1.7127119302749634,0.4223651885986328,4.257866382598877,0,0.6000000238418579,-10372237.0
255447695,1.9136700630187988,0.5275845527648926,4.181779384613037,0,0.6000000238418579,-10372237.0
255457944,2.10618257522583,0.5157478451728821,4.266351222991943,0,0.6000000238418579,-10372237.0
255467674,1.6857187747955322,0.4417404234409332,3.8653955459594727,0,0.6000000238418579,-10372237.0
255477934,1.65725839138031,0.43988460302352905,3.9130489826202393,0,0.6000000238418579,-10372237.0
255487664,1.6781166791915894,0.2192094475030899,3.723189353942871,0,0.6000000238418579,-10372237.0
255497646,1.7471415996551514,-0.12188465148210526,3.532785415649414,0,0.6000000238418579,-10372237.0
255507939,1.9235879182815552,0.07858404517173767,3.7125766277313232,0,0.6000000238418579,-10372237.0
255517632,1.4383612871170044,0.7569122314453125,3.309100389480591,0,0.6000000238418579,-10372237.0
255527934,1.5265781879425049,0.7838557362556458,3.3123326301574707,0,0.6000000238418579,-10372237.0
255537675,1.6823371648788452,0.5583436489105225,3.3537757396698,0,0.6000000238418579,-10372237.0
255547696,1.2003090381622314,0.7906336784362793,2.8846349716186523,0,0.6000000238418579,-10372237.0
255558017,1.4162757396697998,0.4654058814048767,3.000230312347412,0,0.6000000238418579,-10372237.0
255567654,1.4942148923873901,0.1331309825181961,2.9173152446746826,0,0.6000000238418579,-10372237.0
255577999,1.312929391860962,0.1161230057477951,2.6786532402038574,0,0.6000000238418579,-10372237.0
255587699,1.4292701482772827,0.052555784583091736,2.890425443649292,0,0.6000000238418579,-10372237.0
255597661,1.0265363454818726,0.4725092649459839,2.5780704021453857,0,0.6000000238418579,-10372237.0
255607946,0.9824888706207275,0.6610046625137329,2.4837653636932373,0,0.6000000238418579,-10372237.0
255617712,1.1834514141082764,0.26015505194664,2.6349034309387207,0,0.6000000238418579,-10372237.0
255628563,0.6417019963264465,0.6382331848144531,2.2517478466033936,0,0.6000000238418579,-10372237.0
255637671,0.9028661251068115,0.7711251378059387,2.368905544281006,0,0.6000000238418579,-10372237.0
255647672,1.6815698146820068,0.2154412418603897,2.6098949909210205,0,0.6000000238418579,-10372237.0
255657915,2.0626132488250732,0.4305477440357208,2.6038100719451904,0,0.6000000238418579,-10372237.0
255667653,2.3119020462036133,0.41350090503692627,2.876009464263916,0,0.6000000238418579,-10372237.0
255677981,1.8646444082260132,-0.18076279759407043,2.6033730506896973,0,0.6000000238418579,-10372237.0
255687665,1.5212693214416504,0.07117407023906708,2.553525686264038,0,0.6000000238418579,-10372237.0
255697608,1.4658483266830444,0.0652017816901207,2.6480343341827393,0,0.6000000238418579,-10372237.0
255707914,1.3111499547958374,0.22235941886901855,2.391857862472534,0,0.6000000238418579,-10372237.0
255717664,1.5210950374603271,0.689739465713501,2.5878067016601562,0,0.6000000238418579,-10372237.0
255727916,1.2493311166763306,0.3201686143875122,2.421948194503784,0,0.6000000238418579,-10372237.0
255737671,0.6977120041847229,0.2548411190509796,2.1833271980285645,0,0.6000000238418579,-10372237.0
255747641,0.6972840428352356,0.6241452693939209,2.264629602432251,0,0.6000000238418579,-10372237.0
255758072,0.7729259729385376,0.14586980640888214,2.2216079235076904,0,0.6000000238418579,-10372237.0
255767642,1.0770816802978516,-0.0888008177280426,2.3043601512908936,0,0.6000000238418579,-10372237.0
255777950,1.2328412532806396,0.17227639257907867,2.4716098308563232,0,0.6000000238418579,-10372237.0
255787678,1.0652878284454346,0.10538572072982788,2.4342212677001953,0,0.6000000238418579,-10372237.0
255797567,1.1184213161468506,0.10817146301269531,2.5917177200317383,0,0.6000000238418579,-10372237.0
255807988,0.8935223817825317,0.24631962180137634,2.647864818572998,0,0.6000000238418579,-10372237.0
255817659,0.5237499475479126,0.4185437858104706,2.5443782806396484,0,0.6000000238418579,-10372237.0
255828489,0.7167560458183289,0.6497882008552551,2.7972216606140137,0,0.6000000238418579,-10372237.0
255837634,0.9916636347770691,0.6008617281913757,2.930294990539551,0,0.6000000238418579,-10372237.0
255847646,0.9713550806045532,0.2555893659591675,2.994946241378784,0,0.6000000238418579,-10372237.0
255857965,1.1345000267028809,0.2369239181280136,3.20170521736145,0,0.6000000238418579,-10372237.0
255867733,0.938618540763855,-0.025536559522151947,3.189082145690918,0,0.6000000238418579,-10372237.0
255877952,0.9276198744773865,-0.350923627614975,3.285691738128662,0,0.6000000238418579,-10372237.0
255887672,0.903074324131012,0.010071678087115288,3.516681671142578,0,0.6000000238418579,-10372237.0
255897697,0.642790675163269,0.4715208113193512,3.4728503227233887,0,0.6000000238418579,-10372237.0
255907997,0.9634628891944885,0.027335118502378464,3.6870598793029785,0,0.6000000238418579,-10372237.0
255917650,1.0637240409851074,-0.03544238954782486,3.8906028270721436,0,0.6000000238418579,-10372237.0
255927950,0.9276139140129089,0.31328991055488586,3.884317636489868,0,0.6000000238418579,-10372237.0
255937683,1.3407461643218994,0.17585334181785583,4.222358703613281,0,0.6000000238418579,-10372237.0
255947649,1.5681278705596924,0.16466210782527924,4.531308650970459,0,0.6000000238418579,-10372237.0
255958050,1.3447614908218384,0.3332873582839966,4.534560203552246,0,0.6000000238418579,-10372237.0
255967677,1.308404564857483,-0.040751487016677856,4.866940975189209,0,0.6000000238418579,-10372237.0
255977957,1.3515428304672241,-0.23603737354278564,4.968620300292969,0,0.6000000238418579,-10372237.0
255987721,1.2105677127838135,-0.1819852590560913,5.125046253204346,0,0.6000000238418579,-10372237.0
255997654,1.1248400211334229,-0.13041940331459045,5.325113773345947,0,0.6000000238418579,-10372237.0
256007871,1.0442333221435547,0.08696254342794418,5.353808879852295,0,0.6000000238418579,-10372237.0
256017689,1.3203482627868652,0.3846026360988617,5.701662063598633,0,0.6000000238418579,-10372237.0
256028553,1.1875131130218506,0.28399690985679626,5.808138370513916,0,0.6000000238418579,-10372237.0
256037647,1.0339627265930176,0.5668438076972961,5.9019880294799805,0,0.6000000238418579,-10372237.0
256047678,1.1653568744659424,0.5501188635826111,6.1682586669921875,0,0.6000000238418579,-10372237.0
256057902,1.2116988897323608,-0.25437435507774353,6.229641437530518,0,0.6000000238418579,-10372237.0
256067695,1.2198808193206787,-0.25875699520111084,6.523123264312744,0,0.6000000238418579,-10372237.0
256077942,1.020118236541748,0.057593509554862976,6.533230781555176,0,0.6000000238418579,-10372237.0
256087675,0.7575336694717407,-0.15611526370048523,6.633580684661865,0,0.6000000238418579,-10372237.0
256097629,1.0713204145431519,0.03691655397415161,6.956832408905029,0,0.6000000238418579,-10372237.0
256107984,0.6783705353736877,0.3907187283039093,6.890294075012207,0,0.6000000238418579,-10372237.0
256117656,0.4315502941608429,0.4632367789745331,6.817945957183838,0,0.6000000238418579,-10372237.0
256127956,0.5284690856933594,0.34710386395454407,7.05942440032959,0,0.6000000238418579,-10372237.0
256137653,0.36547422409057617,0.23654107749462128,7.014609336853027,0,0.6000000238418579,-10372237.0
256147630,0.3197537362575531,0.010038473643362522,7.120002746582031,0,0.6000000238418579,-10372237.0
256158034,0.4402291476726532,-0.1041945219039917,7.288233757019043,0,0.6000000238418579,-10372237.0
256167681,0.1939563751220703,-0.1925627887248993,7.120567321777344,0,0.6000000238418579,-10372237.0
256177899,0.40058213472366333,-0.43737736344337463,7.225974082946777,0,0.6000000238418579,-10372237.0
256187661,-0.10741084814071655,0.015093988738954067,7.14663028717041,0,0.6000000238418579,-10372237.0
256197669,-0.5744919180870056,0.6063570976257324,6.960550308227539,0,0.6000000238418579,-10372237.0
256207982,-0.3640903830528259,0.18939122557640076,7.221475601196289,0,0.6000000238418579,-10372237.0
256217692,-0.4783465564250946,0.36318883299827576,6.975898265838623,0,0.6000000238418579,-10372237.0
256228478,-0.5921570658683777,0.630607545375824,6.895450592041016,0,0.6000000238418579,-10372237.0
256237684,-0.30376100540161133,-0.014402244240045547,7.075408458709717,0,0.6000000238418579,-10372237.0
256247689,-0.6122854351997375,-0.18741345405578613,7.026708126068115,0,0.6000000238418579,-10372237.0
256258005,-0.9289895296096802,-0.009347247891128063,6.9673590660095215,0,0.6000000238418579,-10372237.0
256267692,-1.27521812915802,-0.15650205314159393,6.844033718109131,0,0.6000000238418579,-10372237.0
256277966,-1.2987875938415527,-0.01661115698516369,6.529394626617432,0,0.6000000238418579,-10372237.0
256287650,-1.130918025970459,0.1320316195487976,6.655895233154297,0,0.6000000238418579,-10372237.0
256297666,-1.4906834363937378,0.35122331976890564,6.502877235412598,0,0.6000000238418579,-10372237.0
256307936,-1.6405974626541138,0.8691360354423523,6.478500843048096,0,0.6000000238418579,-10372237.0
256317674,-1.313484787940979,0.5938932299613953,6.599453449249268,0,0.6000000238418579,-10372237.0
256327876,-1.5152394771575928,-0.034644678235054016,6.290630340576172,0,0.6000000238418579,-10372237.0
256337640,-1.5514565706253052,0.38820433616638184,6.235514163970947,0,0.6000000238418579,-10372237.0
256347733,-1.5643236637115479,0.2923577129840851,6.242792129516602,0,0.6000000238418579,-10372237.0
256358103,-1.6969066858291626,-0.17538917064666748,6.064428329467773,0,0.6000000238418579,-10372237.0
256367676,-1.7812508344650269,0.14121674001216888,6.114248752593994,0,0.6000000238418579,-10372237.0
256377915,-2.119898557662964,0.2890806496143341,5.835143089294434,0,0.6000000238418579,-10372237.0
256387697,-2.2006752490997314,-0.027488848194479942,5.613346099853516,0,0.6000000238418579,-10372233.0
256397603,-2.0531656742095947,0.21872352063655853,5.667516708374023,0,0.6000000238418579,-10372233.0
256407884,-2.3665966987609863,0.44151225686073303,5.331189155578613,0,0.6000000238418579,-10372233.0
256417673,-2.182147264480591,0.5724846124649048,5.399047374725342,0,0.6000000238418579,-10372233.0
256428471,-2.0850272178649902,0.5888479351997375,5.3847737312316895,0,0.6000000238418579,-10372233.0
256437670,-2.2615902423858643,0.1787201464176178,5.046584606170654,0,0.6000000238418579,-10372233.0
256447669,-2.0824666023254395,-0.06665817648172379,5.117340564727783,0,0.6000000238418579,-10372233.0
256457943,-2.300693988800049,0.1458333432674408,4.819225311279297,0,0.6000000238418579,-10372233.0
256467676,-2.2572669982910156,0.008967457339167595,4.731894016265869,0,0.6000000238418579,-10372233.0
256477976,-1.965416669845581,-0.02691410481929779,4.868831634521484,0,0.6000000238418579,-10372233.0
256487647,-2.536365270614624,0.5247625708580017,4.457400798797607,0,0.6000000238418579,-10372233.0
256497626,-2.4813873767852783,0.6920647621154785,4.4136576652526855,0,0.6000000238418579,-10372233.0
256507879,-2.139293670654297,0.383953332901001,4.517144203186035,0,0.6000000238418579,-10372233.0
256517638,-2.2750403881073,0.4949178695678711,4.194284439086914,0,0.6000000238418579,-10372233.0
256527937,-2.144973039627075,0.41407138109207153,4.269106864929199,0,0.6000000238418579,-10372233.0
256537668,-1.9695640802383423,0.008931371383368969,4.211698532104492,0,0.6000000238418579,-10372233.0
256547689,-2.254429340362549,-0.014304899610579014,3.924121618270874,0,0.6000000238418579,-10372233.0
256558017,-2.1780307292938232,-0.11164509505033493,3.8686225414276123,0,0.6000000238418579,-10372233.0
256567701,-2.504744529724121,0.033994607627391815,3.5991106033325195,0,0.6000000238418579,-10372233.0
256577916,-2.537621021270752,0.1809748113155365,3.364206314086914,0,0.6000000238418579,-10372233.0
256587650,-2.071361780166626,-0.27051034569740295,3.504426956176758,0,0.6000000238418579,-10372233.0
256597615,-2.2477641105651855,0.13052283227443695,3.2847414016723633,0,0.6000000238418579,-10372233.0
256607932,-2.537959337234497,0.7296810150146484,3.171952247619629,0,0.6000000238418579,-10372233.0
256617708,-2.2108192443847656,0.3193870782852173,3.1931347846984863,0,0.6000000238418579,-10372233.0
256628508,-2.144334554672241,0.17907577753067017,3.1363415718078613,0,0.6000000238418579,-10372233.0
256637677,-2.162330389022827,0.00816985685378313,2.998605728149414,0,0.6000000238418579,-10372233.0
256647671,-2.126312732696533,-0.20907777547836304,3.0631301403045654,0,0.6000000238418579,-10372233.0
256657958,-2.0653774738311768,0.10735925287008286,2.906672239303589,0,0.6000000238418579,-10372233.0
256667657,-2.1082346439361572,0.02844758704304695,2.8646693229675293,0,0.6000000238418579,-10372233.0
256677948,-2.447479009628296,0.1829351931810379,2.7368876934051514,0,0.6000000238418579,-10372233.0
256687641,-3.144080877304077,0.7327783703804016,2.350090265274048,0,0.6000000238418579,-10372233.0
256697636,-3.0236716270446777,0.49322518706321716,2.348909854888916,0,0.6000000238418579,-10372233.0
256707893,-2.581655263900757,0.41174301505088806,2.382660150527954,0,0.6000000238418579,-10372233.0
256717633,-2.6521778106689453,0.7207412123680115,2.263063907623291,0,0.6000000238418579,-10372233.0
256727953,-2.3395168781280518,0.5048964619636536,2.3222014904022217,0,0.6000000238418579,-10372233.0
256737680,-2.368389129638672,0.20689663290977478,2.3593053817749023,0,0.6000000238418579,-10372233.0
256747607,-2.4756035804748535,0.12277402728796005,2.19150447845459,0,0.6000000238418579,-10372233.0
256758059,-2.190486431121826,-0.09378044307231903,2.385528326034546,0,0.6000000238418579,-10372233.0
256767681,-1.9272104501724243,0.2696656882762909,2.4552807807922363,0,0.6000000238418579,-10372233.0
256777951,-1.580400824546814,0.3952178955078125,2.4736766815185547,0,0.6000000238418579,-10372233.0
256787642,-1.2171739339828491,0.030290333554148674,2.736328125,0,0.6000000238418579,-10372233.0
256797667,-1.5097650289535522,0.48118552565574646,2.6048409938812256,0,0.6000000238418579,-10372233.0
256807954,-1.7765530347824097,0.6826762557029724,2.4893321990966797,0,0.6000000238418579,-10372233.0
256817692,-1.4719403982162476,0.2218741923570633,2.686176061630249,0,0.6000000238418579,-10372233.0
256828484,-1.5383527278900146,0.3191331624984741,2.595677137374878,0,0.6000000238418579,-10372233.0
256837717,-1.5312278270721436,0.35019877552986145,2.6366119384765625,0,0.6000000238418579,-10372233.0
256847657,-1.4592907428741455,0.03710494935512543,2.742182493209839,0,0.6000000238418579,-10372233.0
256857943,-1.528501033782959,0.007152924779802561,2.6734988689422607,0,0.6000000238418579,-10372233.0
256867649,-1.2747145891189575,0.019641170278191566,2.857215642929077,0,0.6000000238418579,-10372233.0
256877930,-1.4327481985092163,0.08322057873010635,2.9458746910095215,0,0.6000000238418579,-10372233.0
256887665,-1.4189682006835938,0.45764976739883423,2.9982011318206787,0,0.6000000238418579,-10372233.0
256897563,-1.2423737049102783,0.31505584716796875,3.267453670501709,0,0.6000000238418579,-10372233.0
256907920,-1.5026646852493286,0.173201322555542,3.1677558422088623,0,0.6000000238418579,-10372233.0
256917678,-1.4373778104782104,0.542986273765564,3.2350542545318604,0,0.6000000238418579,-10372233.0
256927933,-1.2018893957138062,0.2502269446849823,3.3898870944976807,0,0.6000000238418579,-10372233.0
256937677,-1.2048232555389404,0.042125072330236435,3.423259973526001,0,0.6000000238418579,-10372233.0
256947645,-1.2816053628921509,0.4331068694591522,3.5785772800445557,0,0.6000000238418579,-10372233.0
256958070,-1.5313576459884644,0.2936739921569824,3.6550087928771973,0,0.6000000238418579,-10372233.0
256967651,-1.5446903705596924,-0.08707598596811295,3.7521920204162598,0,0.6000000238418579,-10372233.0
256977977,-1.5476902723312378,0.17147497832775116,4.0576581954956055,0,0.6000000238418579,-10372233.0
256987646,-1.8015211820602417,0.2865857779979706,3.9661731719970703,0,0.6000000238418579,-10372233.0
256997595,-1.5696425437927246,0.19175058603286743,4.2702555656433105,0,0.6000000238418579,-10372233.0
257007928,-1.326609492301941,0.43898653984069824,4.521335601806641,0,0.6000000238418579,-10372233.0
257017675,-1.6068047285079956,0.6338707804679871,4.53118896484375,0,0.6000000238418579,-10372233.0
257028542,-1.4078255891799927,0.5406628251075745,4.832005023956299,0,0.6000000238418579,-10372233.0
257037594,-1.30988347530365,0.34475088119506836,5.024786949157715,0,0.6000000238418579,-10372233.0
257047672,-1.5474742650985718,-0.046086058020591736,4.969072341918945,0,0.6000000238418579,-10372233.0
257057896,-1.485235571861267,-0.07724098861217499,5.216347694396973,0,0.6000000238418579,-10372233.0
257067688,-1.6784484386444092,0.25540027022361755,5.2598066329956055,0,0.6000000238418579,-10372233.0
257077929,-1.678405523300171,0.18441958725452423,5.448119640350342,0,0.6000000238418579,-10372233.0
257087664,-1.3504095077514648,0.24774682521820068,5.861111640930176,0,0.6000000238418579,-10372233.0
257097643,-1.7279095649719238,0.6802589297294617,5.854936599731445,0,0.6000000238418579,-10372233.0
257107934,-1.6080442667007446,0.5061900019645691,6.007582664489746,0,0.6000000238418579,-10372233.0
257117646,-1.3157907724380493,0.19780921936035156,6.293576240539551,0,0.6000000238418579,-10372233.0
257127941,-1.4989633560180664,0.4120703935623169,6.250120162963867,0,0.6000000238418579,-10372233.0
257137647,-1.4667508602142334,0.388831228017807,6.414870262145996,0,0.6000000238418579,-10372233.0
257147658,-1.2096681594848633,0.44813451170921326,6.614138603210449,0,0.6000000238418579,-10372233.0
257158050,-1.206055998802185,0.39647531509399414,6.575803279876709,0,0.6000000238418579,-10372233.0
257167675,-0.82456374168396,0.01914180815219879,6.828793525695801,0,0.6000000238418579,-10372233.0
257177932,-0.9552702903747559,0.07535720616579056,6.886314868927002,0,0.6000000238418579,-10372233.0
257187653,-1.0478163957595825,0.1022716537117958,6.840964317321777,0,0.6000000238418579,-10372233.0
257197651,-0.6322026252746582,-0.26040172576904297,7.121593952178955,0,0.6000000238418579,-10372233.0
257207902,-0.8143383860588074,0.20078790187835693,7.037578105926514,0,0.6000000238418579,-10372233.0
257217662,-1.0126012563705444,0.48752787709236145,7.074725151062012,0,0.6000000238418579,-10372233.0
257228524,-0.541786789894104,0.23292176425457,7.354092121124268,0,0.6000000238418579,-10372233.0
257237673,-0.47626057267189026,0.3091176748275757,7.335175037384033,0,0.6000000238418579,-10372233.0
257247598,-0.3794780969619751,0.22101815044879913,7.3044939041137695,0,0.6000000238418579,-10372233.0
257258011,-0.3444118797779083,0.17453615367412567,7.325836181640625,0,0.6000000238418579,-10372233.0
257267643,-0.36126473546028137,0.21430033445358276,7.133019924163818,0,0.6000000238418579,-10372233.0
257277982,-0.08720997720956802,-0.36783790588378906,7.297110557556152,0,0.6000000238418579,-10372233.0
257287644,-0.1011352390050888,-0.16857627034187317,7.2447404861450195,0,0.6000000238418579,-10372233.0
257297626,-0.38254278898239136,0.3790883719921112,6.968564033508301,0,0.6000000238418579,-10372233.0
257307953,-0.12321142107248306,0.0602148063480854,6.898921012878418,0,0.6000000238418579,-10372233.0
257317626,0.016316290944814682,0.265544593334198,6.73261833190918,0,0.6000000238418579,-10372233.0
257327932,-0.05007918179035187,0.5862637162208557,6.4986748695373535,0,0.6000000238418579,-10372233.0
257337682,0.10856789350509644,0.3496335744857788,6.404829978942871,0,0.6000000238418579,-10372233.0
257347669,0.4387606680393219,0.3772640824317932,6.260674476623535,0,0.6000000238418579,-10372232.0
257358024,0.46642234921455383,0.000740956689696759,6.280792236328125,0,0.6000000238418579,-10372232.0
257367675,0.5288719534873962,-0.10352540761232376,6.245656967163086,0,0.6000000238418579,-10372232.0
257377908,0.48505765199661255,0.3222031891345978,6.227415084838867,0,0.6000000238418579,-10372232.0
257387662,0.6577770113945007,-0.09558799862861633,6.190142631530762,0,0.6000000238418579,-10372232.0
257397641,0.9662114381790161,-0.2705458104610443,6.143683910369873,0,0.6000000238418579,-10372232.0
257407928,0.7851431965827942,0.34130212664604187,5.902120590209961,0,0.6000000238418579,-10372232.0
257417710,0.5865205526351929,0.5084617733955383,5.610780715942383,0,0.6000000238418579,-10372232.0
257428500,0.9711122512817383,0.48909518122673035,5.657046318054199,0,0.6000000238418579,-10372232.0
257437658,1.1026405096054077,0.4451601803302765,5.572898864746094,0,0.6000000238418579,-10372232.0
257447697,1.0806928873062134,0.13947127759456635,5.43510627746582,0,0.6000000238418579,-10372232.0
257457911,1.1577681303024292,0.0838797315955162,5.508808612823486,0,0.6000000238418579,-10372232.0
257467672,1.0585297346115112,0.049005553126335144,5.349083423614502,0,0.6000000238418579,-10372232.0
257477915,1.23353910446167,-0.17133831977844238,5.379464149475098,0,0.6000000238418579,-10372232.0
257487650,1.1197450160980225,0.26015201210975647,5.337382793426514,0,0.6000000238418579,-10372232.0
257497610,0.9423756003379822,0.7587141394615173,5.132009983062744,0,0.6000000238418579,-10372232.0
257507920,1.3878008127212524,0.38617923855781555,5.339620113372803,0,0.6000000238418579,-10372232.0
257517678,1.4019516706466675,0.4776211678981781,5.15850830078125,0,0.6000000238418579,-10372232.0
257527930,1.1435985565185547,0.6945706009864807,4.888965129852295,0,0.6000000238418579,-10372232.0
257537592,1.5691994428634644,0.21439728140830994,5.052753925323486,0,0.6000000238418579,-10372232.0
257547641,1.586734414100647,0.15575914084911346,4.930013179779053,0,0.6000000238418579,-10372232.0
257558045,1.5044023990631104,0.2555201053619385,4.895504951477051,0,0.6000000238418579,-10372232.0
257567636,1.4738484621047974,0.06271898746490479,4.986440658569336,0,0.6000000238418579,-10372232.0
257577944,1.4122141599655151,0.32761040329933167,4.816157817840576,0,0.6000000238418579,-10372232.0
257587672,1.6597180366516113,0.22667793929576874,4.850467681884766,0,0.6000000238418579,-10372232.0
257597664,1.7095794677734375,0.1876782476902008,4.75740385055542,0,0.6000000238418579,-10372232.0
257608002,1.5658552646636963,0.7176534533500671,4.5446271896362305,0,0.6000000238418579,-10372232.0
257617664,1.742567777633667,0.5329191088676453,4.647652626037598,0,0.6000000238418579,-10372232.0
257628460,1.5737484693527222,0.39470162987709045,4.474820613861084,0,0.6000000238418579,-10372232.0
257637635,1.4677108526229858,0.9100185036659241,4.37371301651001,0,0.6000000238418579,-10372232.0
257647645,1.8942376375198364,0.5594262480735779,4.49311637878418,0,0.6000000238418579,-10372232.0
257657940,2.0675714015960693,-0.076596699655056,4.4602227210998535,0,0.6000000238418579,-10372232.0
257667640,2.0394060611724854,-0.010669787414371967,4.403188228607178,0,0.6000000238418579,-10372232.0
257678005,1.9238417148590088,0.08995729684829712,4.403514385223389,0,0.6000000238418579,-10372232.0
257687645,1.631673812866211,0.1469499170780182,4.153491020202637,0,0.6000000238418579,-10372232.0
257697652,1.8666011095046997,0.45241618156433105,4.240646839141846,0,0.6000000238418579,-10372232.0
257707975,1.7279081344604492,0.3619862198829651,4.102321147918701,0,0.6000000238418579,-10372232.0
257717642,1.4966225624084473,0.5895728468894958,3.8537368774414062,0,0.6000000238418579,-10372232.0
257727926,1.855534553527832,0.8134872317314148,3.923398733139038,0,0.6000000238418579,-10372232.0
257737681,1.9497448205947876,0.2993224263191223,3.8193135261535645,0,0.6000000238418579,-10372232.0
257747676,1.9238520860671997,0.20888064801692963,3.72822642326355,0,0.6000000238418579,-10372232.0
257758029,1.8066757917404175,0.4960708022117615,3.691767692565918,0,0.6000000238418579,-10372232.0
257767670,1.5635602474212646,-0.004278676118701696,3.5512290000915527,0,0.6000000238418579,-10372232.0
257777924,1.7141163349151611,-0.1399238109588623,3.55207896232605,0,0.6000000238418579,-10372232.0
257787694,1.64180588722229,0.18090854585170746,3.5241148471832275,0,0.6000000238418579,-10372232.0
257797645,1.3470063209533691,0.3922862112522125,3.3412158489227295,0,0.6000000238418579,-10372232.0
257807959,1.5668169260025024,0.6649752259254456,3.469222068786621,0,0.6000000238418579,-10372232.0
257817685,1.6919938325881958,0.5783426761627197,3.401717185974121,0,0.6000000238418579,-10372232.0
257828545,1.598840355873108,0.38044020533561707,3.2566754817962646,0,0.6000000238418579,-10372232.0
257837687,1.6314655542373657,0.6096522212028503,3.2181684970855713,0,0.6000000238418579,-10372232.0
257847678,1.715535044670105,0.43178483843803406,3.1915841102600098,0,0.6000000238418579,-10372232.0
257857922,1.6770299673080444,-0.023975877091288567,3.155280113220215,0,0.6000000238418579,-10372232.0
257867702,1.5773404836654663,0.2515140473842621,3.1207494735717773,0,0.6000000238418579,-10372232.0
257877929,1.343002200126648,0.30551469326019287,2.9858078956604004,0,0.6000000238418579,-10372232.0
257887672,1.360581874847412,-0.14379359781742096,2.987520933151245,0,0.6000000238418579,-10372232.0
257897568,1.3769675493240356,-0.11170300096273422,3.0522849559783936,0,0.6000000238418579,-10372232.0
257907955,1.0208687782287598,0.08735343813896179,2.9829797744750977,0,0.6000000238418579,-10372232.0
257917638,0.8354536294937134,0.3700910210609436,2.974938154220581,0,0.6000000238418579,-10372232.0
257927952,1.0971672534942627,0.7626879215240479,3.1064279079437256,0,0.6000000238418579,-10372232.0
257937626,1.1200777292251587,0.4751688241958618,3.1038808822631836,0,0.6000000238418579,-10372232.0
257947654,1.145370364189148,0.3275759518146515,3.1152522563934326,0,0.6000000238418579,-10372232.0
257958063,1.226515293121338,0.43515142798423767,3.214608907699585,0,0.6000000238418579,-10372232.0
257967677,1.2236073017120361,0.040465060621500015,3.1456189155578613,0,0.6000000238418579,-10372232.0
257977960,1.1145974397659302,-0.16270558536052704,3.1478726863861084,0,0.6000000238418579,-10372232.0
257987646,0.9989814758300781,0.2706829309463501,3.2157561779022217,0,0.6000000238418579,-10372232.0
257997642,0.7730182409286499,0.14741306006908417,3.2198190689086914,0,0.6000000238418579,-10372232.0
258007931,0.9066224694252014,-0.07065064460039139,3.336686372756958,0,0.6000000238418579,-10372232.0
258017684,0.8172653317451477,0.1335163414478302,3.42258620262146,0,0.6000000238418579,-10372232.0
258028482,0.5922811627388,0.34641245007514954,3.373131275177002,0,0.6000000238418579,-10372232.0
258037671,0.7854126691818237,0.3190375566482544,3.5544991493225098,0,0.6000000238418579,-10372232.0
258047696,0.9975797533988953,0.33200332522392273,3.6147403717041016,0,0.6000000238418579,-10372232.0
258057957,0.9328099489212036,0.23977087438106537,3.605835199356079,0,0.6000000238418579,-10372232.0
258067644,0.8968254923820496,0.344943106174469,3.675119638442993,1,0.6000000238418579,0.0
258077947,0.8113474249839783,0.26279398798942566,3.6620633602142334,1,0.6000000238418579,0.0
258087687,0.9702415466308594,-0.10036422312259674,3.8967015743255615,1,0.6000000238418579,0.0
258097667,0.8746526837348938,0.2628551125526428,3.9954326152801514,1,0.6000000238418579,0.0
258107938,0.7203329801559448,0.44272011518478394,3.9925649166107178,1,0.6000000238418579,0.0
258117658,0.7649217247962952,-0.07278704643249512,4.134108066558838,1,0.6000000238418579,0.0
258127930,0.7090712785720825,0.14546331763267517,4.259589195251465,1,0.6000000238418579,0.0
258137652,0.3057814836502075,0.6140287518501282,4.204226016998291,1,0.6000000238418579,0.0
258147691,0.5520484447479248,0.49533727765083313,4.3620195388793945,1,0.6000000238418579,0.0
258158049,0.8774001598358154,0.4695870876312256,4.628744125366211,1,0.6000000238418579,0.0
258167664,0.7135717868804932,0.577208936214447,4.63778018951416,1,0.6000000238418579,0.0
258177939,0.6715755462646484,0.5279995203018188,4.790970802307129,1,0.6000000238418579,0.0
258187648,0.5941000580787659,0.33259516954421997,4.923794746398926,1,0.6000000238418579,0.0
258197674,0.410456120967865,0.13792704045772552,4.951765060424805,1,0.6000000238418579,0.0
258207935,0.42348089814186096,-0.005328459199517965,5.172146797180176,1,0.6000000238418579,0.0
258217690,0.1943063884973526,0.2190435379743576,5.185969352722168,1,0.6000000238418579,0.0
258228484,0.31586819887161255,0.26849526166915894,5.290532112121582,1,0.6000000238418579,0.0
258237658,0.5443929433822632,0.23904715478420258,5.584531784057617,1,0.6000000238418579,0.0
258247685,0.2769973576068878,0.8206143379211426,5.4284443855285645,1,0.6000000238418579,0.0
258257956,0.4794127941131592,0.9797577261924744,5.664722442626953,1,0.6000000238418579,0.0
258267651,0.7001681327819824,0.34161269664764404,5.804039478302002,1,0.6000000238418579,0.0
258277959,0.2344060242176056,0.38031071424484253,5.610185146331787,1,0.6000000238418579,0.0
258287628,0.19587519764900208,0.4181361496448517,5.663679599761963,1,0.6000000238418579,0.0
258297636,0.10565649718046188,-0.11182653903961182,5.715559005737305,1,0.6000000238418579,0.0
258307940,0.043887581676244736,0.07043734937906265,5.7442169189453125,1,0.6000000238418579,0.0
258317637,0.04293850436806679,0.016587084159255028,5.88798713684082,1,0.6000000238418579,0.0
258327983,-0.31709054112434387,0.22618535161018372,5.792471885681152,1,0.6000000238418579,0.0
258337672,-0.5229459404945374,0.7954593896865845,5.766946792602539,1,0.6000000238418579,0.0
258347655,-0.1412733793258667,0.38247090578079224,5.979185581207275,1,0.6000000238418579,0.0
258358060,-0.14224496483802795,0.31261390447616577,5.947657108306885,1,0.6000000238418579,0.0
258367645,-0.4142841696739197,0.8536397814750671,5.912768363952637,1,0.6000000238418579,0.0
258377917,-0.29526379704475403,0.39098241925239563,6.0252838134765625,1,0.6000000238418579,0.0
258387689,-0.14569717645645142,0.11145786195993423,6.112959861755371,1,0.6000000238418579,0.0
258397573,-0.4075849652290344,0.13293783366680145,5.993598937988281,1,0.6000000238418579,0.0
258407964,-0.4503815770149231,-0.034632690250873566,5.982414722442627,1,0.6000000238418579,0.0
258417684,-0.6112926006317139,0.21508008241653442,5.898026943206787,1,0.6000000238418579,0.0
258428443,-0.5670048594474792,0.08748575299978256,5.771312236785889,1,0.6000000238418579,0.0
258437679,-0.3704982399940491,-0.21142399311065674,5.924826622009277,1,0.6000000238418579,0.0
258447691,-0.7537578344345093,0.3644603490829468,5.763486862182617,1,0.6000000238418579,0.0
258457919,-0.8059896230697632,0.49186402559280396,5.743319511413574,1,0.6000000238418579,0.0
258467651,-0.5897690653800964,0.17222648859024048,5.890264987945557,1,0.6000000238418579,0.0
258477960,-0.9589015245437622,0.47740447521209717,5.609807968139648,1,0.6000000238418579,0.0
258487647,-1.0392253398895264,0.5297694802284241,5.548919200897217,1,0.6000000238418579,0.0
258497631,-0.9009259939193726,0.2645329236984253,5.628568172454834,1,0.6000000238418579,0.0
258507997,-1.0131407976150513,0.19938263297080994,5.461730480194092,1,0.6000000238418579,0.0
258517658,-0.9846101999282837,-0.2401943951845169,5.508429527282715,1,0.6000000238418579,0.0
258527876,-1.123610019683838,-0.13240553438663483,5.397117614746094,1,0.6000000238418579,0.0
258537659,-1.410678505897522,0.27084386348724365,5.200213432312012,1,0.6000000238418579,0.0
258547649,-1.1292318105697632,0.06844229996204376,5.210813045501709,1,0.6000000238418579,0.0
258558034,-1.2638574838638306,0.28491249680519104,5.082808017730713,1,0.6000000238418579,0.0
258567696,-1.545783519744873,0.6887103915214539,4.930665493011475,1,0.6000000238418579,0.0
258577876,-1.2511844635009766,0.35441672801971436,5.085494041442871,1,0.6000000238418579,0.0
258587648,-1.25425124168396,0.34753406047821045,5.040266513824463,1,0.6000000238418579,0.0
258597668,-1.55433189868927,0.539267361164093,4.825219631195068,1,0.6000000238418579,0.0
258607958,-1.538805603981018,0.35226839780807495,4.820293426513672,1,0.6000000238418579,0.0
258617663,-1.6159168481826782,0.20223860442638397,4.683904647827148,1,0.6000000238418579,0.0
258628479,-1.727459192276001,-0.16601723432540894,4.537874698638916,1,0.6000000238418579,0.0
258637678,-1.818496823310852,-0.12157230824232101,4.610475540161133,1,0.6000000238418579,0.0
258647703,-2.04764723777771,0.45681217312812805,4.455450534820557,1,0.6000000238418579,0.0
258657908,-1.841145396232605,0.2024727612733841,4.519969463348389,1,0.6000000238418579,0.0
258667721,-1.7176765203475952,0.21890009939670563,4.592007160186768,1,0.6000000238418579,0.0
258677930,-2.1570844650268555,0.7754821181297302,4.25976037979126,1,0.6000000238418579,0.0
258687766,-1.8917570114135742,0.5048547387123108,4.319612979888916,1,0.6000000238418579,0.0
258697634,-1.6624042987823486,-0.026068812236189842,4.477489948272705,1,0.6000000238418579,0.0
258707944,-1.9750480651855469,0.054968301206827164,4.2847161293029785,1,0.6000000238418579,0.0
258717662,-1.9101197719573975,0.003149063093587756,4.416567325592041,1,0.6000000238418579,0.0
258727973,-1.9269778728485107,0.024466628208756447,4.329710960388184,1,0.6000000238418579,0.0
258737626,-1.9395365715026855,0.055610865354537964,4.20635986328125,1,0.6000000238418579,0.0
258747666,-1.6329309940338135,-0.23787730932235718,4.4110212326049805,1,0.6000000238418579,0.0
258758051,-1.907468318939209,-0.03497036173939705,4.158722877502441,1,0.6000000238418579,0.0
258767692,-2.0143280029296875,0.21100053191184998,4.1936211585998535,1,0.6000000238418579,0.0
258777972,-1.7891597747802734,-0.09922178834676743,4.307006359100342,1,0.6000000238418579,0.0
258787677,-2.1039862632751465,0.3051638901233673,4.137172222137451,1,0.6000000238418579,0.0
258797669,-2.1036722660064697,0.7520424127578735,4.038975238800049,1,0.6000000238418579,0.0
258807906,-1.8041276931762695,0.2727048695087433,4.086308479309082,1,0.6000000238418579,0.0
258817681,-1.797747015953064,0.05568232759833336,3.9106593132019043,1,0.6000000238418579,0.0
258828476,-1.85129714012146,0.002111431211233139,3.8865432739257812,1,0.6000000238418579,0.0
258837631,-2.0175893306732178,-0.18752172589302063,3.80362868309021,1,0.6000000238418579,0.0
258847639,-2.1043577194213867,-0.1311616748571396,3.7757272720336914,1,0.6000000238418579,0.0
258857943,-1.8616403341293335,-0.16455207765102386,3.828821897506714,1,0.6000000238418579,0.0
258867700,-1.8302922248840332,0.15995825827121735,3.847522735595703,1,0.6000000238418579,0.0
258877923,-2.0097923278808594,0.6783491969108582,3.7616350650787354,1,0.6000000238418579,0.0
258887633,-1.7973610162734985,0.27480408549308777,3.7946343421936035,1,0.6000000238418579,0.0
258897654,-1.716560959815979,-0.0374159999191761,3.7971456050872803,1,0.6000000238418579,0.0
258907914,-1.8362879753112793,0.5333990454673767,3.6853370666503906,1,0.6000000238418579,0.0
258917635,-1.5556048154830933,0.33697709441185,3.8174068927764893,1,0.6000000238418579,0.0
258927961,-1.3799949884414673,0.017518900334835052,3.8187015056610107,1,0.6000000238418579,0.0
258937648,-1.664881706237793,0.22917820513248444,3.637885093688965,1,0.6000000238418579,0.0
258947666,-1.7499549388885498,0.1398593783378601,3.65036678314209,1,0.6000000238418579,0.0
258958110,-1.8101023435592651,-0.11287093907594681,3.546051025390625,1,0.6000000238418579,0.0
258967689,-1.4721733331680298,0.14056620001792908,3.586721420288086,1,0.6000000238418579,0.0
258977938,-1.4643133878707886,-0.018973030149936676,3.642324924468994,1,0.6000000238418579,0.0
258987721,-1.6945735216140747,0.24545174837112427,3.5074493885040283,1,0.6000000238418579,0.0
258997653,-1.4283274412155151,0.7209892272949219,3.6590211391448975,1,0.6000000238418579,0.0
259007918,-1.3199087381362915,0.2557836174964905,3.680074691772461,1,0.6000000238418579,0.0
259017655,-1.393373966217041,0.26091352105140686,3.5330710411071777,1,0.6000000238418579,0.0
259028502,-1.204058289527893,0.373278945684433,3.6572165489196777,1,0.6000000238418579,0.0
259037646,-1.2948325872421265,-0.3287099301815033,3.5675582885742188,1,0.6000000238418579,0.0
259047687,-1.3552331924438477,-0.29368823766708374,3.634864330291748,1,0.6000000238418579,0.0
259057957,-1.6814121007919312,0.08790124207735062,3.5875885486602783,1,0.5975742936134338,1309145.75
259067676,-1.8507388830184937,0.11355989426374435,3.430981397628784,1,0.5975742936134338,1309145.75
259077936,-1.4612559080123901,0.2294498234987259,3.6989195346832275,1,0.5975742936134338,1309145.75
259087640,-1.4976249933242798,0.33920836448669434,3.6896073818206787,1,0.5975742936134338,1309145.75
259097597,-1.6099116802215576,0.41069626808166504,3.6585693359375,1,0.5975742936134338,1309145.75
259107934,-1.1252057552337646,0.3398008942604065,3.988269090652466,1,0.5975742936134338,1309145.75
259117664,-1.1196855306625366,0.04200765863060951,3.934612512588501,1,0.5975742936134338,1309145.75
259127952,-1.111993670463562,-0.17047594487667084,3.9907796382904053,1,0.5975742936134338,1309145.75
259137697,-1.2004835605621338,-0.004227620083838701,4.136388301849365,1,0.5975742936134338,1309145.75
259147688,-1.5357728004455566,0.07483260333538055,4.016607761383057,1,0.5975742936134338,1309145.75
259158032,-1.3030298948287964,-0.14684073626995087,4.219152927398682,1,0.5975742936134338,1309145.75
259167651,-1.310461163520813,0.0713307335972786,4.294005393981934,1,0.5975742936134338,1309145.75
259177938,-1.456001877784729,0.559651255607605,4.255017280578613,1,0.5975742936134338,1309145.75
259187645,-1.0326588153839111,0.29975947737693787,4.676154613494873,1,0.5975742936134338,1309145.75
259197647,-1.2014814615249634,0.27314525842666626,4.642655372619629,1,0.5975742936134338,1309145.75
259207874,-1.3168796300888062,0.6752862930297852,4.608193397521973,1,0.5975742936134338,1309145.75
259217673,-0.9876375794410706,0.19558964669704437,4.934358596801758,1,0.5975742936134338,1309145.75
259228497,-1.0073959827423096,-0.11777366697788239,4.846818447113037,1,0.5975742936134338,1309145.75
259237643,-1.0916364192962646,0.22776056826114655,4.956777095794678,1,0.5975742936134338,1309145.75
259247721,-1.1195205450057983,0.10483916848897934,5.05467414855957,1,0.5975742936134338,1309145.75
259257913,-1.1009787321090698,-0.062302082777023315,5.041159629821777,1,0.5975742936134338,1309145.75
259267647,-0.9127212166786194,0.17462344467639923,5.282214164733887,1,0.5975742936134338,1309145.75
259277954,-1.0995813608169556,0.20327875018119812,5.237313270568848,1,0.5975742936134338,1309145.75
259287693,-0.9884365797042847,0.4190194606781006,5.280419826507568,1,0.5975742936134338,1309145.75
259297563,-0.7325463891029358,0.5813653469085693,5.4922285079956055,1,0.5975742936134338,1309145.75
259307948,-0.9460253119468689,0.3165280818939209,5.377202987670898,1,0.5975742936134338,1309145.75
259317691,-0.9995426535606384,0.37504813075065613,5.4831743240356445,1,0.5975742936134338,1309145.75
259327892,-0.8519060015678406,0.2566941976547241,5.559757232666016,1,0.5975742936134338,1309145.75
259337707,-0.9239779710769653,-0.24060767889022827,5.5068559646606445,1,0.5975742936134338,1309145.75
259347657,-0.7463144659996033,0.026762351393699646,5.682714939117432,1,0.5975742936134338,1309145.75
259358046,-0.9729000926017761,0.4006437063217163,5.644350051879883,1,0.5975742936134338,1309145.75
259367644,-0.9126235246658325,0.06344481557607651,5.589415550231934,1,0.5975742936134338,1309145.75
259377936,-0.5373548865318298,0.04449452459812164,5.8276047706604,1,0.5975742936134338,1309145.75
259387650,-0.8722788691520691,0.5303782224655151,5.56826639175415,1,0.5975742936134338,1309145.75
259397642,-0.773548424243927,0.6339119672775269,5.668546199798584,1,0.5975742936134338,1309145.75
259407970,-0.40447720885276794,0.5014587044715881,5.792273044586182,1,0.5975742936134338,1309145.75
259417669,-0.5319674611091614,0.4749441146850586,5.654933452606201,1,0.5975742936134338,1309145.75
259428479,-0.44239455461502075,0.14677827060222626,5.682886123657227,1,0.5975742936134338,1309145.75
259437631,-0.5539799928665161,0.026238717138767242,5.660511016845703,1,0.5975742936134338,1309145.75
259447623,-0.613351047039032,-0.020342212170362473,5.53392219543457,1,0.5975742936134338,1309145.75
259457968,-0.3301292359828949,-0.24975156784057617,5.680322647094727,1,0.5975742936134338,1309145.75
259467674,-0.5149834752082825,0.32005852460861206,5.527937889099121,1,0.5975742936134338,1309145.75
259477956,-0.716100811958313,0.8453804850578308,5.395693302154541,1,0.5975742936134338,1309145.75
259487653,-0.2766796052455902,0.37940359115600586,5.618256568908691,1,0.5975742936134338,1309145.75
259497680,-0.30819472670555115,0.4218500554561615,5.434924602508545,1,0.5975742936134338,1309145.75
259507927,-0.22767111659049988,0.6145102381706238,5.347153663635254,1,0.5975742936134338,1309145.75
259517687,0.04664785787463188,0.10798415541648865,5.475428581237793,1,0.5975742936134338,1309145.75
259527938,-0.0652967318892479,-0.02147076465189457,5.386573791503906,1,0.5975742936134338,1309145.75
259537633,0.023689450696110725,0.03996063396334648,5.428055286407471,1,0.5975742936134338,1309145.75
259547650,0.06029333174228668,0.007161952555179596,5.444859027862549,1,0.5975742936134338,1309145.75
259558045,0.07480836659669876,0.16778011620044708,5.289986610412598,1,0.5975742936134338,1309145.75
259567695,0.34705108404159546,0.032679036259651184,5.393860340118408,1,0.5975742936134338,1309145.75
259577932,0.1535424441099167,0.024187225848436356,5.2132673263549805,1,0.5975742936134338,1309145.75
259587700,0.07508862018585205,0.352388858795166,5.233707427978516,1,0.5975742936134338,1309145.75
259597575,0.5124630928039551,0.1657354235649109,5.462944984436035,1,0.5975742936134338,1309145.75
259607950,0.4114883840084076,0.15955021977424622,5.3702239990234375,1,0.5975742936134338,1309145.75
259617658,0.3161592483520508,0.6595966219902039,5.233301639556885,1,0.5975742936134338,1309145.75
259628468,0.5390743017196655,0.3880056142807007,5.2183637619018555,1,0.5975742936134338,1309145.75
259637647,0.5456836819648743,-0.04864424094557762,5.039268493652344,1,0.5975742936134338,1309145.75
259647676,0.5090104341506958,0.20857186615467072,4.994891166687012,1,0.5975742936134338,1309145.75
259657934,0.48528188467025757,0.03661699965596199,4.9867682456970215,1,0.5975742936134338,1309145.75
259667673,0.5951653718948364,-0.31036967039108276,4.992567539215088,1,0.5975742936134338,1309145.75
259677972,0.7360261678695679,-0.026189634576439857,4.9897541999816895,1,0.5975742936134338,1309145.75
259687661,0.44726356863975525,0.3553459048271179,4.721943378448486,1,0.5975742936134338,1309145.75
259697656,0.5740169882774353,0.665763795375824,4.63978385925293,1,0.5975742936134338,1309145.75
259707877,1.0052953958511353,0.7889670729637146,4.756804466247559,1,0.5975742936134338,1309145.75
259717666,0.8380841016769409,0.46932700276374817,4.577547073364258,1,0.5975742936134338,1309145.75
259727957,0.939373791217804,0.45011305809020996,4.675682067871094,1,0.5975742936134338,1309145.75
259737619,1.1037771701812744,0.2142808586359024,4.701197624206543,1,0.5975742936134338,1309145.75
259747574,0.9560307264328003,-0.2878011167049408,4.485365390777588,1,0.5975742936134338,1309145.75
259758043,1.0511895418167114,-0.05693894997239113,4.537776470184326,1,0.5975742936134338,1309145.75
259767742,0.9082121253013611,0.2735312581062317,4.44138765335083,1,0.5975742936134338,1309145.75
259777995,1.025439739227295,0.025804946199059486,4.454975128173828,1,0.5975742936134338,1309145.75
259787646,1.2868695259094238,0.21302780508995056,4.7367658615112305,1,0.5975742936134338,1309145.75
259797700,0.9260592460632324,0.5498142242431641,4.51926851272583,1,0.5975742936134338,1309145.75
259807922,0.9675184488296509,0.6439316272735596,4.478573322296143,1,0.5975742936134338,1309145.75
259817659,1.3044486045837402,0.5850397944450378,4.584786415100098,1,0.5975742936134338,1309145.75
259828463,1.2261301279067993,0.15781594812870026,4.341816425323486,1,0.5975742936134338,1309145.75
259837611,1.2573491334915161,0.11942743510007858,4.363458156585693,1,0.5975742936134338,1309145.75
259847637,1.1113325357437134,0.36854034662246704,4.353029727935791,1,0.5975742936134338,1309145.75
259857972,1.0987430810928345,-0.036472249776124954,4.304908275604248,1,0.5975742936134338,1309145.75
259867660,1.315190076828003,-0.05395682156085968,4.496541500091553,1,0.5975742936134338,1309145.75
259877906,1.1181617975234985,0.3491572141647339,4.284115791320801,1,0.5975742936134338,1309145.75
259887668,0.8116908669471741,0.4465687572956085,4.167447566986084,1,0.5975742936134338,1309145.75
259897691,0.9653201699256897,0.7197309136390686,4.196965217590332,1,0.5975742936134338,1309145.75
259907937,1.2048020362854004,0.4524136781692505,4.229790210723877,1,0.5975742936134338,1309145.75
259917653,1.3546260595321655,0.2982303500175476,4.339432716369629,1,0.5975742936134338,1309145.75
259927948,1.180199384689331,0.7164947986602783,4.237595081329346,1,0.5975742936134338,1309145.75
259937661,1.1236180067062378,0.24484799802303314,4.272986888885498,1,0.5975742936134338,1309145.75
259947666,1.232755184173584,-0.3034715950489044,4.246676445007324,1,0.5975742936134338,1309145.75
259958031,1.0354375839233398,-0.14908404648303986,4.061375141143799,1,0.5975742936134338,1309145.75
259967661,0.865491509437561,0.026791656389832497,4.006717205047607,1,0.5975742936134338,1309145.75
259977948,0.8431931138038635,0.3888600170612335,3.9278311729431152,1,0.5975742936134338,1309145.75
259987685,1.0952529907226562,0.2738710939884186,3.9920856952667236,1,0.5975742936134338,1309145.75
259997689,1.1678794622421265,0.1376512050628662,4.100709915161133,1,0.5975742936134338,1309145.75
260007962,0.8914218544960022,0.6920491456985474,3.9048714637756348,1,0.5975742936134338,1309145.75
260017657,1.0323537588119507,0.5470160841941833,3.9733240604400635,1,0.5975742936134338,1309145.75
260028497,1.1445506811141968,0.11906220763921738,3.963552713394165,1,0.5975742936134338,1309145.75
260037654,0.8134997487068176,0.2765841484069824,3.7067832946777344,1,0.5975742936134338,1309145.75
260047630,0.9184554815292358,-0.02206992544233799,3.874042510986328,1,0.5975742936134338,1309145.75
260057881,0.8208023309707642,-0.23406797647476196,3.7588930130004883,1,0.5975742936134338,1309145.75
260067694,0.9042916297912598,0.014979065395891666,3.7797963619232178,1,0.5975742936134338,1309145.75
260077933,0.9820310473442078,0.0101474579423666,3.9116404056549072,1,0.5975742936134338,1309145.75
260087674,0.6966955661773682,0.5391764044761658,3.7329413890838623,1,0.5975742936134338,1309145.75
260097696,0.8856136202812195,0.6860585808753967,3.832432985305786,1,0.5975742936134338,1309145.75
260107958,1.0252172946929932,0.08354909718036652,3.9896080493927,1,0.5975742936134338,1309145.75
260117659,0.733321487903595,0.3381493389606476,3.81235933303833,1,0.5975742936134338,1309145.75
260127933,0.8820925354957581,0.5822964906692505,3.9664018154144287,1,0.5975742936134338,1309145.75
260137631,0.9124301671981812,-0.008204112760722637,3.938394069671631,1,0.5975742936134338,1309145.75
260147694,0.7787910103797913,0.1251494586467743,3.9139935970306396,1,0.5975742936134338,1309145.75
260158048,0.751120388507843,0.201588436961174,3.967329502105713,1,0.5975742936134338,1309145.75
260167681,0.6525657176971436,-0.04983367770910263,3.9274985790252686,1,0.5975742936134338,1309145.75
260177973,0.7473286986351013,0.21261613070964813,3.9917447566986084,1,0.5975742936134338,1309145.75
260187691,0.7870119214057922,0.20975171029567719,4.098386764526367,1,0.5975742936134338,1309145.75
260197670,0.4421212673187256,0.33883991837501526,3.958728551864624,1,0.5975742936134338,1309145.75
260207888,0.5059275031089783,0.8071741461753845,4.093944072723389,1,0.5975742936134338,1309145.75
260217666,0.805274486541748,0.30774638056755066,4.227644443511963,1,0.5975742936134338,1309145.75
260228517,0.7473151683807373,0.1718893051147461,4.208460807800293,1,0.5975742936134338,1309145.75
260237638,0.7279212474822998,0.6872491836547852,4.276338577270508,1,0.5975742936134338,1309145.75
260247633,0.8285382390022278,0.24504362046718597,4.381551265716553,1,0.5975742936134338,1309145.75
260257925,0.8436003923416138,-0.12110847234725952,4.4236907958984375,1,0.5975742936134338,1309145.75
260267706,0.7694249153137207,0.10188257694244385,4.422074794769287,1,0.5975742936134338,1309145.75
260277951,0.5898576378822327,0.09968313574790955,4.446221828460693,1,0.5975742936134338,1309145.75
260288405,0.603906512260437,0.34372401237487793,4.50936222076416,1,0.5975742936134338,1309145.75
260297637,0.7447414398193359,0.2741658687591553,4.634648323059082,1,0.5975742936134338,1309145.75
260307973,0.5568529963493347,0.19820037484169006,4.652624607086182,1,0.5975742936134338,1309145.75
260317621,0.38101375102996826,0.8049867153167725,4.670853137969971,1,0.5975742936134338,1309145.75
260327703,0.5644533634185791,0.6588594913482666,4.797005653381348,1,0.5975742936134338,1309145.75
260337874,0.6175696849822998,0.17512935400009155,4.81514310836792,1,0.5975742936134338,1309145.75
260347633,0.3934205174446106,0.6124098300933838,4.709766387939453,1,0.5975742936134338,1309145.75
260358038,0.5660934448242188,0.3782673180103302,4.901317119598389,1,0.5975742936134338,1309145.75
260367667,0.5735780596733093,-0.07582931965589523,4.97306489944458,1,0.5975742936134338,1309145.75
260377640,0.4165116250514984,0.27524155378341675,5.000901222229004,1,0.5975742936134338,1309145.75
260387970,0.35085782408714294,0.23456336557865143,5.105351448059082,1,0.5975742936134338,1309145.75
260397644,0.16549600660800934,0.028407009318470955,4.9862775802612305,1,0.5975742936134338,1309145.75
260408000,0.22785377502441406,0.1298280656337738,5.038585186004639,1,0.5975742936134338,1309145.75
260417644,0.06582771986722946,0.11834438145160675,5.067222595214844,1,0.5975742936134338,1309145.75
260427665,0.02556837536394596,0.38543930649757385,5.093928813934326,1,0.5975742936134338,1309145.75
260437900,0.35584956407546997,0.6197139024734497,5.430450916290283,1,0.5975742936134338,1309145.75
260447653,0.3135013282299042,0.3704853951931,5.476449966430664,1,0.5975742936134338,1309145.75
260457924,0.19640299677848816,0.5616366863250732,5.506928443908691,1,0.5975742936134338,1309145.75
260467654,0.31774571537971497,0.5979160666465759,5.6100873947143555,1,0.5975742936134338,1309145.75
260477662,0.12633518874645233,-0.026087211444973946,5.516233444213867,1,0.5975742936134338,1309145.75
260488553,0.03533262014389038,-0.03320066258311272,5.55524206161499,1,0.5975742936134338,1309145.75
260497600,-0.15756724774837494,0.27890193462371826,5.620643615722656,1,0.5975742936134338,1309145.75
260507955,-0.308074027299881,0.18788805603981018,5.533400535583496,1,0.5975742936134338,1309145.75
260517674,-0.05541912838816643,0.378260999917984,5.692697525024414,1,0.5975742936134338,1309145.75
260527685,-0.09224416315555573,0.5183284282684326,5.623980522155762,1,0.5975742936134338,1309145.75
260537952,-0.2227301299571991,0.4797336757183075,5.5541887283325195,1,0.5975742936134338,1309145.75
260547678,-0.011285576969385147,0.5715687870979309,5.665698051452637,1,0.5975742936134338,1309145.75
260558062,-0.11171577870845795,0.05498557165265083,5.665825843811035,1,0.5975742936134338,1309145.75
260567672,-0.21703827381134033,-0.0020466065034270287,5.67106294631958,1,0.5975742936134338,1309145.75
260577674,-0.33494025468826294,0.4568328857421875,5.6552863121032715,1,0.5975742936134338,1309145.75
260587900,-0.4583810269832611,0.09951498359441757,5.550043106079102,1,0.5975742936134338,1309145.75
260597655,-0.3115229308605194,-0.2849862277507782,5.604745388031006,1,0.5975742936134338,1309145.75
260607967,-0.48502227663993835,0.05635559931397438,5.569097518920898,1,0.5975742936134338,1309145.75
260617738,-0.801929235458374,0.09412148594856262,5.388967514038086,1,0.5975742936134338,1309145.75
260627649,-0.486557275056839,0.1778799593448639,5.5889482498168945,1,0.5975742936134338,1309145.75
260637947,-0.45837393403053284,0.36771097779273987,5.521134853363037,1,0.5975742936134338,1309145.75
260647679,-0.7015583515167236,0.3505036234855652,5.324895858764648,1,0.5975742936134338,1309145.75
260657957,-0.626777708530426,0.37939774990081787,5.449587345123291,1,0.5975742936134338,1309145.75
260667705,-0.6837274432182312,0.0805223360657692,5.323382377624512,1,0.5975742936134338,1309145.75
260677641,-0.7679793238639832,-0.27611425518989563,5.269919395446777,1,0.5975742936134338,1309145.75
260688472,-0.7101037502288818,-0.02092934027314186,5.265156269073486,1,0.5975742936134338,1309145.75
260697636,-1.0043469667434692,-0.21331064403057098,4.9736247062683105,1,0.5975742936134338,1309145.75
260707912,-0.7340317368507385,-0.4090946316719055,5.01081657409668,1,0.5975742936134338,1309145.75
260717643,-0.8357813954353333,0.035681527107954025,4.948770999908447,1,0.5975742936134338,1309145.75
260727630,-1.086968183517456,0.1107935979962349,4.684212684631348,1,0.5975742936134338,1309145.75
260737948,-0.7453019022941589,-0.3449764549732208,4.829403400421143,1,0.5975742936134338,1309145.75
260747662,-0.9172577261924744,-0.05839350074529648,4.766908168792725,1,0.5975742936134338,1309145.75
260758055,-1.2956483364105225,0.34456223249435425,4.547862529754639,1,0.5975742936134338,1309145.75
260767642,-0.8863255977630615,0.27716487646102905,4.796017169952393,1,0.5975742936134338,1309145.75
260777651,-0.8863933682441711,0.3741934299468994,4.632999897003174,1,0.5975742936134338,1309145.75
260787942,-1.015514850616455,0.43371352553367615,4.495750904083252,1,0.5975742936134338,1309145.75
260797653,-0.8621757626533508,0.28325355052948,4.700326442718506,1,0.5975742936134338,1309145.75
260807908,-1.0011802911758423,0.07748133689165115,4.530057430267334,1,0.5975742936134338,1309145.75
260817646,-1.1011581420898438,-0.22558651864528656,4.589550971984863,1,0.5975742936134338,1309145.75
260827664,-1.2621746063232422,0.03748221695423126,4.568937301635742,1,0.5975742936134338,1309145.75
260837938,-1.5060597658157349,0.1918669492006302,4.394078254699707,1,0.5975742936134338,1309145.75
260847679,-1.007771372795105,-0.285450279712677,4.5868611335754395,1,0.5975742936134338,1309145.75
260857957,-1.0736984014511108,-0.03340329974889755,4.482188701629639,1,0.5975742936134338,1309145.75
260867640,-1.4576689004898071,0.400330126285553,4.250877857208252,1,0.5975742936134338,1309145.75
260877670,-1.1185024976730347,0.13149911165237427,4.439761161804199,1,0.5975742936134338,1309145.75
260888478,-1.1876533031463623,0.37155982851982117,4.288821697235107,1,0.5975742936134338,1309145.75
260897623,-1.411553144454956,0.5356435775756836,4.106381416320801,1,0.5975742936134338,1309145.75
260907948,-1.181877613067627,0.41877973079681396,4.201256275177002,1,0.5975742936134338,1309145.75
260917636,-1.066739797592163,0.4532466530799866,4.089550018310547,1,0.5975742936134338,1309145.75
260927688,-1.200142502784729,0.12167885899543762,4.020249843597412,1,0.5975742936134338,1309145.75
260937970,-1.3551446199417114,0.16153855621814728,3.9905927181243896,1,0.5975742936134338,1309145.75
260947687,-1.5542479753494263,0.26236042380332947,3.909445285797119,1,0.5975742936134338,1309145.75
260958064,-1.4453279972076416,-0.2425481230020523,3.94710111618042,1,0.5975742936134338,1309145.75
260967696,-1.4025038480758667,-0.003091214457526803,3.908630609512329,1,0.5975742936134338,1309145.75
260977642,-1.6257785558700562,0.36286038160324097,3.706885576248169,1,0.5975742936134338,1309145.75
260987971,-1.5741404294967651,0.13983368873596191,3.662720203399658,1,0.5975742936134338,1309145.75
260997617,-1.511515498161316,0.35156285762786865,3.6590306758880615,1,0.5975742936134338,1309145.75
261007944,-1.7386358976364136,0.6090460419654846,3.598186731338501,1,0.5975742936134338,1309145.75
261017680,-1.6997352838516235,0.5467369556427002,3.583383560180664,1,0.5975742936134338,1309145.75
261027701,-1.3801933526992798,0.5333493947982788,3.6970438957214355,1,0.5975742936134338,1309145.75
261037984,-1.3456354141235352,0.187096506357193,3.653917074203491,1,0.5975742936134338,1309145.75
261047684,-1.4533452987670898,0.19813424348831177,3.639890432357788,1,0.5975742936134338,1309145.75
261057953,-1.4458837509155273,0.48916736245155334,3.6647534370422363,1,0.5975742936134338,1309145.75
261067706,-1.5502500534057617,-0.02363460510969162,3.647968292236328,1,0.5975742936134338,1309145.75
261077633,-1.5180649757385254,-0.08893819153308868,3.6780271530151367,1,0.5975742936134338,1309145.75
261088488,-1.4834147691726685,0.00466082151979208,3.617642879486084,1,0.5975742936134338,1309145.75
261097627,-1.4596270322799683,-0.3827561140060425,3.569143772125244,1,0.5975742936134338,1309145.75
261107948,-1.2650210857391357,-0.15158669650554657,3.6060092449188232,1,0.5975742936134338,1309145.75
261117656,-1.2523670196533203,0.15802733600139618,3.629236936569214,1,0.5975742936134338,1309145.75
261127652,-1.4473724365234375,0.4257318675518036,3.545687675476074,1,0.5975742936134338,1309145.75
261137879,-1.3313791751861572,0.7094835042953491,3.6986472606658936,1,0.5975742936134338,1309145.75
261147712,-1.291084885597229,0.23700258135795593,3.7848732471466064,1,0.5975742936134338,1309145.75
261157998,-1.436572551727295,0.07373006641864777,3.7251603603363037,1,0.5975742936134338,1309145.75
261167658,-1.3842579126358032,0.2482466697692871,3.7179152965545654,1,0.5975742936134338,1309145.75
261177606,-1.156293272972107,-0.2598593235015869,3.733898878097534,1,0.5975742936134338,1309145.75
261187938,-1.0372772216796875,-0.12521792948246002,3.7018001079559326,1,0.5975742936134338,1309145.75
261197576,-1.0209331512451172,0.01315975096076727,3.776442050933838,1,0.5975742936134338,1309145.75
261207965,-1.2230011224746704,-0.3296290338039398,3.722106456756592,1,0.5975742936134338,1309145.75
261217677,-1.2517988681793213,-0.22327597439289093,3.7403390407562256,1,0.5975742936134338,1309145.75
261227651,-0.988049328327179,-0.29913201928138733,3.8575286865234375,1,0.5975742936134338,1309145.75
261237903,-1.262642502784729,-0.008844918571412563,3.733349561691284,1,0.5975742936134338,1309145.75
261247657,-1.2636125087738037,0.6944040656089783,3.680478096008301,1,0.5975742936134338,1309145.75
261257884,-0.9965285658836365,0.25517454743385315,3.901834487915039,1,0.5975742936134338,1309145.75
261267650,-1.2033653259277344,0.16622309386730194,3.860072374343872,1,0.5975742936134338,1309145.75
261277655,-1.2852730751037598,0.3124544620513916,3.9459846019744873,1,0.5975742936134338,1309145.75
261288480,-0.9396130442619324,-0.21522922813892365,4.096063613891602,1,0.5975742936134338,1309145.75
261297685,-0.9171119332313538,-0.14570020139217377,3.949533700942993,1,0.5975742936134338,1309145.75
261307957,-0.9086939096450806,-0.0429018996655941,3.9098260402679443,1,0.5975742936134338,1309145.75
261317652,-1.00985848903656,-0.2716658115386963,3.9521892070770264,1,0.5975742936134338,1309145.75
261327646,-1.0385059118270874,-0.10935453325510025,3.9561116695404053,1,0.5975742936134338,1309145.75
261337974,-0.9698962569236755,-0.16453853249549866,4.1291375160217285,1,0.5975742936134338,1309145.75
261347645,-1.0766479969024658,0.03653588891029358,4.093321800231934,1,0.5975742936134338,1309145.75
261358047,-0.9836728572845459,0.543535053730011,4.079588890075684,1,0.5975742936134338,1309145.75
261367641,-0.7607313394546509,0.28444966673851013,4.2265625,1,0.5975742936134338,1309145.75
261377565,-1.005030870437622,0.3741045892238617,4.087590217590332,1,0.5975742936134338,1309145.75
261387967,-0.8678083419799805,0.5842896699905396,4.152894973754883,1,0.5975742936134338,1309145.75
261397675,-0.6741284132003784,-0.128842294216156,4.429129123687744,1,0.5975742936134338,1309145.75
261407917,-0.8142526149749756,-0.04822348430752754,4.322787284851074,1,0.5975742936134338,1309145.75
261417677,-0.8119732737541199,0.20439450442790985,4.487467288970947,1,0.5975742936134338,1309145.75
261427669,-0.8032782077789307,-0.18869782984256744,4.372495651245117,1,0.5975742936134338,1309145.75
261437941,-0.7930572628974915,0.08571738004684448,4.317451477050781,1,0.5975742936134338,1309145.75
261447680,-0.7378938794136047,0.2059958428144455,4.45632266998291,1,0.5975742936134338,1309145.75
261458019,-1.0321820974349976,0.29480358958244324,4.417778491973877,1,0.5975742936134338,1309145.75
261467705,-0.9270426630973816,0.706787109375,4.637576580047607,1,0.5975742936134338,1309145.75
261477702,-0.6896184682846069,0.3707149922847748,4.833194732666016,1,0.5975742936134338,1309145.75
261488518,-0.8658697605133057,0.3191789984703064,4.679732799530029,1,0.5975742936134338,1309145.75
261497626,-0.7064772844314575,0.7299584746360779,4.6626434326171875,1,0.5975742936134338,1309145.75
261507927,-0.5385967493057251,-0.006646808702498674,4.642946243286133,1,0.5975742936134338,1309145.75
261517674,-0.5974478125572205,-0.135329470038414,4.613852500915527,1,0.5975742936134338,1309145.75
261527692,-0.5069048404693604,0.22112467885017395,4.800933837890625,1,0.5975742936134338,1309145.75
261537900,-0.6908671259880066,0.012274026870727539,4.8447184562683105,1,0.5975742936134338,1309145.75
261547677,-0.6617806553840637,0.2786250710487366,4.885190010070801,1,0.5975742936134338,1309145.75
261558034,-0.5387428998947144,0.20595912635326385,4.970596790313721,1,0.5975742936134338,1309145.75
261567696,-0.7289311289787292,0.26052799820899963,4.790866851806641,1,0.5975742936134338,1309145.75
261577648,-0.5972408652305603,0.7566674947738647,4.8238983154296875,1,0.5975742936134338,1309145.75
261587962,-0.38065022230148315,0.4720599949359894,4.9730424880981445,1,0.5975742936134338,1309145.75
261597561,-0.4988464415073395,0.46254774928092957,4.911537170410156,1,0.5975742936134338,1309145.75
261607960,-0.4587496519088745,0.7554076910018921,4.98907995223999,1,0.5975742936134338,1309145.75
261617676,-0.2852010428905487,0.04921722784638405,5.02772331237793,1,0.5975742936134338,1309145.75
261627685,-0.31625980138778687,0.004569512326270342,4.86860466003418,1,0.5975742936134338,1309145.75
261637933,-0.3016863167285919,0.1698959469795227,4.815549850463867,1,0.5975742936134338,1309145.75
261647674,-0.3168541491031647,-0.20377463102340698,4.8390374183654785,1,0.5975742936134338,1309145.75
261657982,-0.21029844880104065,-0.1613640934228897,4.936112880706787,1,0.5975742936134338,1309145.75
261667689,-0.10684038698673248,0.03180302679538727,5.093701362609863,1,0.5975742936134338,1309145.75
261677663,-0.30041590332984924,0.1454446166753769,4.909879684448242,1,0.5975742936134338,1309145.75
261688546,-0.1720232367515564,0.5752835273742676,4.881863117218018,1,0.5975742936134338,1309145.75
261697623,0.005156954750418663,0.28977707028388977,4.800479412078857,1,0.5975742936134338,1309145.75
261707936,-0.2920295298099518,0.37739530205726624,4.617048263549805,1,0.5975742936134338,1309145.75
261717680,-0.1586361527442932,0.763268232345581,4.66317081451416,1,0.5975742936134338,1309145.75
261727675,0.17652744054794312,0.18522071838378906,4.8646111488342285,1,0.5975742936134338,1309145.75
261737940,0.18164703249931335,0.1666678935289383,4.82426643371582,1,0.5975742936134338,1309145.75
261747704,0.06684588640928268,0.4109179377555847,4.813936233520508,1,0.5975742936134338,1309145.75
261758014,0.05275077372789383,0.09810668230056763,4.702916145324707,1,0.5975742936134338,1309145.75
261767643,-0.005240034312009811,0.25690194964408875,4.595924377441406,1,0.5975742936134338,1309145.75
261777635,0.2922652065753937,0.2377391904592514,4.6402587890625,1,0.5975742936134338,1309145.75
261787914,0.2038002610206604,0.14061394333839417,4.6699981689453125,1,0.5975742936134338,1309145.75
261797620,0.15709885954856873,0.4923470914363861,4.64764404296875,1,0.5975742936134338,1309145.75
261807952,0.3859906792640686,-0.044299185276031494,4.827489852905273,1,0.5975742936134338,1309145.75
261817702,0.20204834640026093,0.11959972232580185,4.597085952758789,1,0.5975742936134338,1309145.75
261827688,-0.0036585174966603518,0.9610477089881897,4.414572238922119,1,0.5975742936134338,1309145.75
261837998,0.4772208333015442,0.5402321219444275,4.560136318206787,1,0.5975742936134338,1309145.75
261847649,0.41267624497413635,0.35794302821159363,4.567474365234375,1,0.5975742936134338,1309145.75
261857943,0.36718684434890747,0.5307855010032654,4.616466522216797,1,0.5975742936134338,1309145.75
261867644,0.4720054566860199,-0.10004273056983948,4.848959445953369,1,0.5975742936134338,1309145.75
261877683,0.4251386821269989,-0.12751582264900208,4.575069904327393,1,0.5975742936134338,1309145.75
261888510,0.507445752620697,-0.13440342247486115,4.456647872924805,1,0.5975742936134338,1309145.75
261897640,0.4208222031593323,0.04723352938890457,4.353405475616455,1,0.5975742936134338,1309145.75
261907940,0.24726758897304535,0.6486758589744568,4.225154876708984,1,0.5975742936134338,1309145.75
261917661,0.6020680665969849,0.33388158679008484,4.576876163482666,1,0.5975742936134338,1309145.75
261927697,0.5246931910514832,0.23624029755592346,4.6464128494262695,1,0.5975742936134338,1309145.75
261937929,0.4407552480697632,0.7909946441650391,4.617210865020752,1,0.5975742936134338,1309145.75
261947621,0.9092203974723816,0.20041488111019135,4.788943767547607,1,0.5975742936134338,1309145.75
261958064,0.8351271748542786,0.057206325232982635,4.564375877380371,1,0.5975742936134338,1309145.75
261967686,0.5667340755462646,0.6457785964012146,4.519979953765869,1,0.5975742936134338,1309145.75
261977664,0.678745687007904,0.2052748203277588,4.667145729064941,1,0.5975742936134338,1309145.75
261987910,0.5955724716186523,-0.07472009211778641,4.571883201599121,1,0.5975742936134338,1309145.75
261997624,0.7589451670646667,0.09675745666027069,4.665202617645264,1,0.5975742936134338,1309145.75
262007933,0.6672563552856445,0.13399095833301544,4.615962505340576,1,0.5975742936134338,1309145.75
262017684,0.5244947671890259,0.4595651626586914,4.399784088134766,1,0.5925742983818054,1309143.5
262027609,0.8435108065605164,0.30572906136512756,4.49782657623291,1,0.5925742983818054,1309143.5
262037931,0.7358440160751343,0.12690530717372894,4.441704750061035,1,0.5925742983818054,1309143.5
262047665,0.654288113117218,0.649372935295105,4.4779205322265625,1,0.5925742983818054,1309143.5
262057926,0.9844219088554382,0.32977932691574097,4.797758102416992,1,0.5925742983818054,1309143.5
262067672,0.817465603351593,0.32463130354881287,4.673326015472412,1,0.5925742983818054,1309143.5
262077663,0.5180398225784302,0.7062371969223022,4.400763034820557,1,0.5925742983818054,1309143.5
262088553,0.6264110207557678,0.1488994061946869,4.354493618011475,1,0.5925742983818054,1309143.5
262097622,0.6572648286819458,-0.1439943164587021,4.258154392242432,1,0.5925742983818054,1309143.5
262107947,0.7998702526092529,-0.054389432072639465,4.3491106033325195,1,0.5925742983818054,1309143.5
262117630,0.7311001420021057,0.02170606143772602,4.455539226531982,1,0.5925742983818054,1309143.5
262127651,0.4932999312877655,0.5263023376464844,4.253680229187012,1,0.5925742983818054,1309143.5
262137939,0.7166739106178284,0.5056591629981995,4.349072456359863,1,0.5925742983818054,1309143.5
262147719,0.6083971261978149,0.3201111853122711,4.188597202301025,1,0.5925742983818054,1309143.5
262158030,0.38743293285369873,0.7683412432670593,4.032955169677734,1,0.5925742983818054,1309143.5
262167664,0.7136328220367432,0.4319764971733093,4.272277355194092,1,0.5925742983818054,1309143.5
262177644,0.7374714612960815,-0.17363353073596954,4.230947971343994,1,0.5925742983818054,1309143.5
262187935,0.7199970483779907,0.03953041508793831,4.216042995452881,1,0.5925742983818054,1309143.5
262197667,0.6679828763008118,0.07096733152866364,4.255667209625244,1,0.5925742983818054,1309143.5
262207892,0.5155972242355347,0.154530331492424,4.021763801574707,1,0.5925742983818054,1309143.5
262217650,0.7075278759002686,0.3224010765552521,4.077871799468994,1,0.5925742983818054,1309143.5
262227647,0.640938401222229,0.23678837716579437,4.148399353027344,1,0.5925742983818054,1309143.5
262237873,0.4017851948738098,0.7083629965782166,4.132017612457275,1,0.5925742983818054,1309143.5
262247653,0.7796812057495117,0.6274493336677551,4.4044365882873535,1,0.5925742983818054,1309143.5
262257932,0.8186872005462646,0.07358229905366898,4.368460655212402,1,0.5925742983818054,1309143.5
262267643,0.5362061858177185,0.27236828207969666,4.101831912994385,1,0.5925742983818054,1309143.5
262277641,0.6260982751846313,0.13384093344211578,4.186086654663086,1,0.5925742983818054,1309143.5
262288508,0.6694952845573425,-0.3485446572303772,4.140555381774902,1,0.5925742983818054,1309143.5
262297656,0.7520320415496826,-0.03390498459339142,4.249730110168457,1,0.5925742983818054,1309143.5
262307880,0.7555180191993713,0.07665178924798965,4.385306358337402,1,0.5925742983818054,1309143.5
262317600,0.5226747393608093,0.06921447068452835,4.236724376678467,1,0.5925742983818054,1309143.5
262327691,0.6211532950401306,0.2604489326477051,4.31618595123291,1,0.5925742983818054,1309143.5
262337851,0.36366745829582214,0.1500139832496643,4.182754039764404,1,0.5925742983818054,1309143.5
262347664,0.18041759729385376,0.5430876612663269,4.040154933929443,1,0.5925742983818054,1309143.5
262358042,0.6172587275505066,0.6542083024978638,4.318889141082764,1,0.5925742983818054,1309143.5
262367607,0.8212756514549255,-0.028961483389139175,4.432798385620117,1,0.5925742983818054,1309143.5
262377608,0.7127596139907837,0.09314081817865372,4.469480037689209,1,0.5925742983818054,1309143.5
262387951,0.6253578662872314,0.2197018265724182,4.525897026062012,1,0.5925742983818054,1309143.5
262397640,0.4205317199230194,-0.27318060398101807,4.337775707244873,1,0.5925742983818054,1309143.5
262407938,0.46567434072494507,0.0589882917702198,4.318207263946533,1,0.5925742983818054,1309143.5
262417653,0.1923448145389557,0.28218337893486023,4.309107780456543,1,0.5925742983818054,1309143.5
262427667,0.06643454730510712,0.43149521946907043,4.2527923583984375,1,0.5925742983818054,1309143.5
262437898,0.5300653576850891,0.7326455116271973,4.658990859985352,1,0.5925742983818054,1309143.5
262447701,0.3861735463142395,0.3790396749973297,4.596755027770996,1,0.5925742983818054,1309143.5
262457942,0.2972460985183716,0.23735393583774567,4.584098815917969,1,0.5925742983818054,1309143.5
262467711,0.3556814193725586,0.498168408870697,4.735403060913086,1,0.5925742983818054,1309143.5
262477648,0.13771823048591614,-0.027784785255789757,4.513984680175781,1,0.5925742983818054,1309143.5
262488516,0.37744075059890747,-0.14013905823230743,4.7479143142700195,1,0.5925742983818054,1309143.5
262497646,0.12427502125501633,0.23412370681762695,4.744532108306885,1,0.5925742983818054,1309143.5
262507997,0.004072199109941721,0.03658592328429222,4.660566806793213,1,0.5925742983818054,1309143.5
262517671,0.2543798089027405,-0.09060481190681458,4.967872619628906,1,0.5925742983818054,1309143.5
262527642,-0.030323538929224014,0.378971666097641,4.739750862121582,1,0.5925742983818054,1309143.5
262537957,-0.029686635360121727,0.5039864182472229,4.791809558868408,1,0.5925742983818054,1309143.5
262547638,0.32393524050712585,0.3611898720264435,5.024554252624512,1,0.5925742983818054,1309143.5
262558078,0.08491970598697662,0.378298282623291,4.80556058883667,1,0.5925742983818054,1309143.5
262567678,0.09842848777770996,0.2726205289363861,4.884975910186768,1,0.5925742983818054,1309143.5
262577623,0.041504811495542526,0.23817750811576843,4.972929954528809,1,0.5925742983818054,1309143.5
262587916,-0.15802757441997528,0.010467641986906528,4.834695816040039,1,0.5925742983818054,1309143.5
262597638,0.07925353199243546,-0.28256461024284363,5.092904567718506,1,0.5925742983818054,1309143.5
262607910,-0.14481203258037567,0.1003243625164032,4.929360866546631,1,0.5925742983818054,1309143.5
262617666,-0.13671639561653137,0.15611228346824646,4.831082820892334,1,0.5925742983818054,1309143.5
262627671,0.28385546803474426,-0.005503947846591473,5.111227989196777,1,0.5925742983818054,1309143.5
262637901,-0.18845732510089874,0.6071566343307495,4.8333024978637695,1,0.5925742983818054,1309143.5
262647658,-0.1820414811372757,0.6473851203918457,4.915859699249268,1,0.5925742983818054,1309143.5
262657961,0.04691534489393234,0.09153327345848083,5.104241371154785,1,0.5925742983818054,1309143.5
262667621,-0.24468404054641724,0.19158212840557098,4.813514709472656,1,0.5925742983818054,1309143.5
262677556,-0.07479975372552872,0.039422232657670975,5.013038635253906,1,0.5925742983818054,1309143.5
262688455,-0.12075559794902802,-0.32061222195625305,4.932473182678223,1,0.5925742983818054,1309143.5
262697682,-0.17112794518470764,-0.06836263090372086,4.834641456604004,1,0.5925742983818054,1309143.5
262707885,0.06189996376633644,-0.13399481773376465,5.034432411193848,1,0.5925742983818054,1309143.5
262717673,-0.4123764634132385,0.17143896222114563,4.797210693359375,1,0.5925742983818054,1309143.5
262727642,-0.4126870632171631,0.570015013217926,4.8047380447387695,1,0.5925742983818054,1309143.5
262737958,-0.16312596201896667,-0.014072885736823082,4.937324523925781,1,0.5925742983818054,1309143.5
262747654,-0.4368423521518707,0.18283651769161224,4.672940731048584,1,0.5925742983818054,1309143.5
262758045,-0.4346020221710205,0.5466152429580688,4.759521484375,1,0.5925742983818054,1309143.5
262767631,-0.21640165150165558,-0.0415654219686985,4.909545421600342,1,0.5925742983818054,1309143.5
262777623,-0.3733074367046356,0.2613636255264282,4.798697471618652,1,0.5925742983818054,1309143.5
262787971,-0.41164132952690125,0.4234221875667572,4.864532470703125,1,0.5925742983818054,1309143.5
262797648,-0.4705844521522522,-0.25249356031417847,4.768789291381836,1,0.5925742983818054,1309143.5
262807951,-0.5069576501846313,-0.07405742257833481,4.726602554321289,1,0.5925742983818054,1309143.5
262817670,-0.5656012892723083,0.1980781853199005,4.80519962310791,1,0.5925742983818054,1309143.5
262827658,-0.656684935092926,0.041487060487270355,4.716604232788086,1,0.5925742983818054,1309143.5
262837964,-0.35968196392059326,0.2069951742887497,4.889270782470703,1,0.5925742983818054,1309143.5
262847689,-0.4820692837238312,0.2307688444852829,4.874080181121826,1,0.5925742983818054,1309143.5
262857945,-0.7798771262168884,0.2932266592979431,4.713197231292725,1,0.5925742983818054,1309143.5
262867650,-0.49923205375671387,0.4694930613040924,4.927139759063721,1,0.5925742983818054,1309143.5
262877637,-0.6002420783042908,0.3046203851699829,4.808316707611084,1,0.5925742983818054,1309143.5
262888483,-0.699120819568634,0.2444908171892166,4.7472405433654785,1,0.5925742983818054,1309143.5
262897553,-0.6542457342147827,0.3238668143749237,4.861568927764893,1,0.5925742983818054,1309143.5
262907963,-0.78520268201828,-0.15900340676307678,4.609408378601074,1,0.5925742983818054,1309143.5
262917674,-0.521539032459259,-0.4012209475040436,4.732372283935547,1,0.5925742983818054,1309143.5
262927674,-0.7886184453964233,0.01588345319032669,4.551841735839844,1,0.5925742983818054,1309143.5
262937877,-1.1404868364334106,0.2191258668899536,4.394886016845703,1,0.5925742983818054,1309143.5
262947622,-0.8009295463562012,-0.012168101035058498,4.637129306793213,1,0.5925742983818054,1309143.5
262958066,-0.8771349787712097,0.2519646883010864,4.488955020904541,1,0.5925742983818054,1309143.5
262967671,-0.9432131052017212,0.5606606006622314,4.441347599029541,1,0.5925742983818054,1309143.5
262977631,-0.5789738893508911,0.2555031478404999,4.546894550323486,1,0.5925742983818054,1309143.5
262987910,-0.6734241843223572,0.12102773785591125,4.4487714767456055,1,0.5925742983818054,1309143.5
262997638,-0.9016250371932983,0.11399687081575394,4.32532262802124,1,0.5925742983818054,1309143.5
263007988,-0.88112872838974,0.03820107504725456,4.358850955963135,1,0.5925742983818054,1309143.5
263017684,-1.0214792490005493,0.06121622771024704,4.247770309448242,1,0.5975742936134338,1309143.125
263027669,-0.8937851190567017,-0.15787875652313232,4.21693754196167,1,0.5975742936134338,1309143.125
263037877,-0.9556206464767456,0.026056503877043724,4.2604193687438965,1,0.5975742936134338,1309143.125
263047657,-1.2285422086715698,0.2893434762954712,4.053179740905762,1,0.5975742936134338,1309143.125
263057860,-0.9291208982467651,-0.173377126455307,4.233849048614502,1,0.5975742936134338,1309143.125
263067661,-1.2181849479675293,0.06324803829193115,4.151764392852783,1,0.5975742936134338,1309143.125
263077648,-1.2480489015579224,0.7305310368537903,3.954664707183838,1,0.5975742936134338,1309143.125
263088528,-0.7583945989608765,0.25815463066101074,4.173033714294434,1,0.5975742936134338,1309143.125
263097642,-0.9014241695404053,0.20919117331504822,3.9702088832855225,1,0.5975742936134338,1309143.125
263107953,-1.245859146118164,0.500351071357727,3.8596532344818115,1,0.5975742936134338,1309143.125
263117633,-1.0143929719924927,-0.18385908007621765,4.07725715637207,1,0.5975742936134338,1309143.125
263127679,-1.1588586568832397,-0.22998419404029846,3.8821263313293457,1,0.5975742936134338,1309143.125
263137992,-1.0995677709579468,0.3200733959674835,3.8623509407043457,1,0.5975742936134338,1309143.125
263147645,-1.1852490901947021,0.04551572725176811,3.7695116996765137,1,0.5975742936134338,1309143.125
263158016,-1.150853157043457,-0.043597131967544556,3.708409309387207,1,0.5975742936134338,1309143.125
263167607,-1.100346326828003,0.2134554386138916,3.9130094051361084,1,0.5975742936134338,1309143.125
263177640,-1.4350504875183105,0.19026008248329163,3.725691556930542,1,0.5975742936134338,1309143.125
263188001,-1.1914775371551514,0.3339289128780365,3.9325759410858154,1,0.5975742936134338,1309143.125
263197660,-0.951490044593811,0.4099058508872986,4.023972511291504,1,0.5975742936134338,1309143.125
263207891,-1.14698326587677,0.3501153588294983,3.838818311691284,1,0.5975742936134338,1309143.125
263217664,-0.8206965923309326,0.5967071056365967,4.021821022033691,1,0.5975742936134338,1309143.125
263227662,-0.8492019772529602,0.2985183298587799,3.9858176708221436,1,0.5975742936134338,1309143.125
263237992,-1.0006614923477173,-0.06278050690889359,3.854518175125122,1,0.5975742936134338,1309143.125
263247690,-1.0415303707122803,0.14537818729877472,4.086051940917969,1,0.5975742936134338,1309143.125
263257960,-1.2829656600952148,0.06787315011024475,3.8786532878875732,1,0.5975742936134338,1309143.125
263267658,-0.9779189229011536,-0.2068336308002472,4.040971755981445,1,0.5975742936134338,1309143.125
263277681,-0.994209349155426,0.18435049057006836,4.096179962158203,1,0.5975742936134338,1309143.125
263288481,-1.2955771684646606,0.6531041264533997,3.7996580600738525,1,0.5975742936134338,1309143.125
263297618,-0.8701717853546143,0.301527202129364,4.139884948730469,1,0.5975742936134338,1309143.125
263307941,-1.0182876586914062,0.31532883644104004,4.035305023193359,1,0.5975742936134338,1309143.125
263317651,-1.2545114755630493,0.5438182353973389,3.9153823852539062,1,0.5975742936134338,1309143.125
263327664,-0.8939725756645203,0.1467248946428299,4.182464599609375,1,0.5975742936134338,1309143.125
263337970,-0.909456193447113,0.12975969910621643,4.008077621459961,1,0.5975742936134338,1309143.125
263347660,-0.9731518626213074,0.2945278584957123,3.970865488052368,1,0.5975742936134338,1309143.125
263358025,-0.9674729704856873,-0.10482218861579895,4.013589859008789,1,0.5975742936134338,1309143.125
263367686,-1.1618047952651978,-0.04539431259036064,3.8028523921966553,1,0.5975742936134338,1309143.125
263377655,-0.9957431554794312,0.011333146132528782,3.9650490283966064,1,0.5975742936134338,1309143.125
263387976,-1.2560170888900757,0.09204918891191483,3.8548495769500732,1,0.5975742936134338,1309143.125
263397660,-1.221442699432373,0.5493308901786804,3.8024098873138428,1,0.5975742936134338,1309143.125
263407925,-0.7560113072395325,0.37952083349227905,4.137450218200684,1,0.5975742936134338,1309143.125
263417640,-0.9739423990249634,0.28195300698280334,3.894286870956421,1,0.5975742936134338,1309143.125
263427643,-0.9039649963378906,0.6760449409484863,3.967437982559204,1,0.5975742936134338,1309143.125
263437894,-0.6397908329963684,0.25236809253692627,4.078077793121338,1,0.5975742936134338,1309143.125
263447570,-0.7121320962905884,-0.28196024894714355,3.983264207839966,1,0.5975742936134338,1309143.125
263457936,-0.7673672437667847,0.06169158220291138,4.050541877746582,1,0.5975742936134338,1309143.125
263467648,-0.9552755355834961,0.06925991177558899,3.919991970062256,1,0.5975742936134338,1309143.125
263477648,-0.7806827425956726,-0.0027274491731077433,3.9595067501068115,1,0.5975742936134338,1309143.125
263488458,-0.7581453323364258,0.4046238958835602,4.182610511779785,1,0.5975742936134338,1309143.125
263497643,-1.0089168548583984,0.5710432529449463,4.010136604309082,1,0.5975742936134338,1309143.125
263507949,-0.6726477146148682,0.11298507452011108,4.2824225425720215,1,0.5975742936134338,1309143.125
263517625,-0.6440471410751343,0.291976660490036,4.347054481506348,1,0.5975742936134338,1309143.125
263527659,-0.8301796913146973,0.7760823369026184,4.105439186096191,1,0.5975742936134338,1309143.125
263537941,-0.40714794397354126,0.3414197862148285,4.433141231536865,1,0.5975742936134338,1309143.125
263547657,-0.5358156561851501,0.07595551759004593,4.315967082977295,1,0.5975742936134338,1309143.125
263558048,-0.7125647664070129,0.4827204942703247,4.338191509246826,1,0.5975742936134338,1309143.125
263567688,-0.6243178844451904,0.21065115928649902,4.536621570587158,1,0.5975742936134338,1309143.125
263577704,-0.6832888722419739,-0.12503089010715485,4.328782081604004,1,0.5975742936134338,1309143.125
263587971,-0.5964369177818298,0.32411906123161316,4.503483772277832,1,0.5975742936134338,1309143.125
263597647,-0.6788833737373352,0.3831593096256256,4.420431613922119,1,0.5975742936134338,1309143.125
263607962,-0.6218287944793701,0.21518388390541077,4.361396312713623,1,0.5975742936134338,1309143.125
263617686,-0.3537297546863556,0.3673934042453766,4.671368598937988,1,0.5975742936134338,1309143.125
263627638,-0.8479557037353516,0.5339594483375549,4.416377067565918,1,0.5975742936134338,1309143.125
263637954,-0.5692453980445862,0.36947253346443176,4.5486907958984375,1,0.5975742936134338,1309143.125
263647608,-0.3400726914405823,0.28950071334838867,4.668796062469482,1,0.5975742936134338,1309143.125
263657930,-0.6667361855506897,0.3695458769798279,4.275262832641602,1,0.5975742936134338,1309143.125
263667662,-0.37602698802948,0.5015164017677307,4.588994979858398,1,0.5975742936134338,1309143.125
263677699,-0.39734503626823425,0.39911365509033203,4.582734107971191,1,0.5975742936134338,1309143.125
263688547,-0.5771535634994507,0.039165616035461426,4.536228179931641,1,0.5975742936134338,1309143.125
263697625,-0.409017413854599,-0.034357499331235886,4.750016212463379,1,0.5975742936134338,1309143.125
263707963,-0.7436820864677429,0.2031082808971405,4.439468860626221,1,0.5975742936134338,1309143.125
263717656,-0.46123525500297546,-0.025067081674933434,4.505145072937012,1,0.5975742936134338,1309143.125
263727680,-0.26516425609588623,0.09763677418231964,4.771183013916016,1,0.5975742936134338,1309143.125
263737854,-0.7480476498603821,0.8223263025283813,4.485474109649658,1,0.5975742936134338,1309143.125
263747700,-0.43818199634552,0.6580103635787964,4.785872459411621,1,0.5975742936134338,1309143.125
263758062,-0.24730747938156128,0.23226125538349152,4.827981472015381,1,0.5975742936134338,1309143.125
263767659,-0.5349506735801697,0.5623006820678711,4.686758041381836,1,0.5975742936134338,1309143.125
263777650,-0.28798720240592957,0.4376682639122009,4.7994914054870605,1,0.5975742936134338,1309143.125
263787914,-0.16762185096740723,0.20696114003658295,4.800897121429443,1,0.5975742936134338,1309143.125
263797639,-0.25145423412323,0.2826220691204071,4.787057876586914,1,0.5975742936134338,1309143.125
263807947,-0.1865789145231247,-0.005932655651122332,4.991726875305176,1,0.5975742936134338,1309143.125
263817720,-0.47954776883125305,0.003230285132303834,4.879100799560547,1,0.5975742936134338,1309143.125
263827692,-0.3493679463863373,0.14636766910552979,5.000494956970215,1,0.5975742936134338,1309143.125
263837901,-0.07989982515573502,-0.01875794492661953,5.109591960906982,1,0.5975742936134338,1309143.125
263847660,-0.3584944009780884,0.47479695081710815,4.888614654541016,1,0.5975742936134338,1309143.125
263857923,-0.09147027879953384,0.6588629484176636,5.04334831237793,1,0.5975742936134338,1309143.125
263867680,-0.01233841385692358,0.15742947161197662,5.055672645568848,1,0.5975742936134338,1309143.125
263877683,-0.22802115976810455,0.40240901708602905,4.851995468139648,1,0.5975742936134338,1309143.125
263888472,0.021426238119602203,0.46686241030693054,5.009672164916992,1,0.5975742936134338,1309143.125
263897644,0.01784384995698929,-0.172607883810997,4.946057319641113,1,0.5975742936134338,1309143.125
263907966,-0.09013891965150833,0.12404396384954453,4.879449367523193,1,0.5975742936134338,1309143.125
263917645,-0.010068309493362904,0.2813147306442261,4.914497375488281,1,0.5975742936134338,1309143.125
263927663,-0.0930379331111908,-0.23121461272239685,4.795560836791992,1,0.5975742936134338,1309143.125
263937917,0.12525373697280884,-0.14421677589416504,4.826874732971191,1,0.5975742936134338,1309143.125
263947685,-0.054177235811948776,0.08406094461679459,4.756270885467529,1,0.5975742936134338,1309143.125
263958036,-0.07045522332191467,0.20760349929332733,4.585974216461182,1,0.5975742936134338,1309143.125
263967640,0.22052495181560516,0.39703795313835144,4.924103260040283,1,0.5975742936134338,1309143.125
263977676,0.039831653237342834,0.4204975962638855,4.722066402435303,1,0.5925742983818054,1309137.75
263987941,0.061273347586393356,0.2946581244468689,4.719686508178711,1,0.5925742983818054,1309137.75
263997673,0.47599637508392334,0.21217143535614014,4.910033226013184,1,0.5925742983818054,1309137.75
264007956,0.20505204796791077,-0.02936149202287197,4.61911678314209,1,0.5925742983818054,1309137.75
264017633,0.40889599919319153,-0.07632598280906677,4.739300727844238,1,0.5925742983818054,1309137.75
264027636,0.4019322097301483,0.1174374669790268,4.768723964691162,1,0.5925742983818054,1309137.75
264037932,0.24683550000190735,0.15463896095752716,4.58410120010376,1,0.5925742983818054,1309137.75
264047629,0.46718958020210266,0.11391156911849976,4.9502153396606445,1,0.5925742983818054,1309137.75
264057952,0.18471233546733856,0.5252453088760376,4.741812229156494,1,0.5925742983818054,1309137.75
264067642,0.1473439484834671,0.4942881464958191,4.631279945373535,1,0.5925742983818054,1309137.75
264077656,0.6257200241088867,0.17978163063526154,4.817176818847656,1,0.5925742983818054,1309137.75
264088539,0.27773189544677734,0.5925236940383911,4.474340915679932,1,0.5925742983818054,1309137.75
264097637,0.4777103066444397,0.7746028304100037,4.577564716339111,1,0.5925742983818054,1309137.75
264107922,0.6891374588012695,0.17874360084533691,4.825808525085449,1,0.5925742983818054,1309137.75
264117627,0.4844743311405182,0.27473416924476624,4.622634410858154,1,0.5925742983818054,1309137.75
264127635,0.5254369378089905,0.11077768355607986,4.767894744873047,1,0.5925742983818054,1309137.75
264137905,0.3759393095970154,-0.15860465168952942,4.621330738067627,1,0.5925742983818054,1309137.75
264147657,0.24736565351486206,0.12241380661725998,4.410611629486084,1,0.5925742983818054,1309137.75
264157988,0.4832361936569214,0.09902539849281311,4.59458589553833,1,0.5925742983818054,1309137.75
264167727,0.18145917356014252,0.4481079578399658,4.371168613433838,1,0.5925742983818054,1309137.75
264177666,0.4312846064567566,0.9375659227371216,4.469000816345215,1,0.5925742983818054,1309137.75
264187956,0.65693598985672,0.3855879604816437,4.596433162689209,1,0.5925742983818054,1309137.75
264197647,0.34581634402275085,0.4960889518260956,4.239920139312744,1,0.5925742983818054,1309137.75
264207885,0.4339071214199066,0.7512077689170837,4.4258131980896,1,0.5925742983818054,1309137.75
264217711,0.5461348295211792,0.11661072075366974,4.4213175773620605,1,0.5925742983818054,1309137.75
264227691,0.4915788769721985,0.18616822361946106,4.381639003753662,1,0.5925742983818054,1309137.75
264237918,0.5667383074760437,0.27922871708869934,4.474850654602051,1,0.5925742983818054,1309137.75
264247656,0.318031370639801,-0.014794645830988884,4.283640384674072,1,0.5925742983818054,1309137.75
264257928,0.4669322371482849,0.2228570282459259,4.3813862800598145,1,0.5925742983818054,1309137.75
264267676,0.5406011343002319,0.27662017941474915,4.385218143463135,1,0.5925742983818054,1309137.75
264277652,0.2281578630208969,0.4386848211288452,4.168764114379883,1,0.5925742983818054,1309137.75
264288509,0.46631741523742676,0.8690446615219116,4.319551467895508,1,0.5925742983818054,1309137.75
264297628,0.6578289866447449,0.510439395904541,4.33683967590332,1,0.5925742983818054,1309137.75
264307968,0.4760769009590149,0.3668886423110962,4.218739986419678,1,0.5925742983818054,1309137.75
264317644,0.5865601301193237,0.6594879031181335,4.37025260925293,1,0.5925742983818054,1309137.75
264327625,0.5342578887939453,0.1414090096950531,4.299265384674072,1,0.5925742983818054,1309137.75
264337922,0.5524426102638245,-0.18000569939613342,4.303721904754639,1,0.5925742983818054,1309137.75
264347667,0.4885595440864563,0.21011991798877716,4.291141033172607,1,0.5925742983818054,1309137.75
264358067,0.30862894654273987,0.16196614503860474,4.136069297790527,1,0.5925742983818054,1309137.75
264367647,0.5214940905570984,0.04717332497239113,4.263197898864746,1,0.5925742983818054,1309137.75
264377659,0.545979917049408,0.3517134487628937,4.28275728225708,1,0.5925742983818054,1309137.75
264387960,0.2462477833032608,0.4693976640701294,4.114992618560791,1,0.5925742983818054,1309137.75
264397641,0.4132871925830841,0.450562447309494,4.2328009605407715,1,0.5925742983818054,1309137.75
264407950,0.58682781457901,0.32488054037094116,4.248963832855225,1,0.5925742983818054,1309137.75
264417629,0.4232052266597748,0.1745283305644989,4.136997222900391,1,0.5925742983818054,1309137.75
264427680,0.3831329643726349,0.48394331336021423,4.172714710235596,1,0.5925742983818054,1309137.75
264437873,0.3808801770210266,0.4276149272918701,4.155021667480469,1,0.5925742983818054,1309137.75
264447709,0.38459840416908264,-0.23418472707271576,4.126382350921631,1,0.5925742983818054,1309137.75
264457949,0.43122294545173645,-0.13622252643108368,4.152072429656982,1,0.5925742983818054,1309137.75
264467655,0.23572970926761627,0.3204629719257355,4.084900856018066,1,0.5925742983818054,1309137.75
264477717,0.4039137661457062,0.10802967101335526,4.070894718170166,1,0.5925742983818054,1309137.75
264488517,0.5975819826126099,0.2981191873550415,4.1902899742126465,1,0.5925742983818054,1309137.75
264497610,0.1523236334323883,0.6493216156959534,3.989166259765625,1,0.5925742983818054,1309137.75
264507941,0.3217111825942993,0.4788576364517212,4.111629009246826,1,0.5925742983818054,1309137.75
264517651,0.3899257183074951,0.35320061445236206,4.235000133514404,1,0.5925742983818054,1309137.75
264527700,0.15639150142669678,0.40268030762672424,4.036993026733398,1,0.5925742983818054,1309137.75
264537951,0.3226763606071472,0.19355274736881256,4.247686386108398,1,0.5925742983818054,1309137.75
264547678,0.35831546783447266,0.1091555580496788,4.248473167419434,1,0.5925742983818054,1309137.75
264558048,0.2582132816314697,-0.008758563548326492,4.16312313079834,1,0.5925742983818054,1309137.75
264567642,0.3063774108886719,-0.0364454910159111,4.466283321380615,1,0.5925742983818054,1309137.75
264577648,0.05338737741112709,0.2727380394935608,4.304793834686279,1,0.5925742983818054,1309137.75
264587907,0.243595689535141,0.2690129578113556,4.400432586669922,1,0.5925742983818054,1309137.75
264597657,0.27828285098075867,0.14832855761051178,4.455142021179199,1,0.5925742983818054,1309137.75
264607988,0.04154710844159126,0.6534828543663025,4.178081035614014,1,0.5925742983818054,1309137.75
264617692,0.46687400341033936,0.57794189453125,4.485170841217041,1,0.5925742983818054,1309137.75
264627688,0.5690379738807678,-0.06145447492599487,4.53462028503418,1,0.5925742983818054,1309137.75
264637920,0.21468789875507355,0.1192762702703476,4.394958972930908,1,0.5925742983818054,1309137.75
264647657,0.28363460302352905,0.14414195716381073,4.567616939544678,1,0.5925742983818054,1309137.75
264657938,0.09646522998809814,-0.3314114212989807,4.393038749694824,1,0.5925742983818054,1309137.75
264667636,0.23943012952804565,0.03948172554373741,4.463809013366699,1,0.5925742983818054,1309137.75
264677634,0.06688837707042694,0.20884229242801666,4.505419731140137,1,0.5925742983818054,1309137.75
264688472,-0.08720217645168304,0.30180272459983826,4.319418907165527,1,0.5925742983818054,1309137.75
264697599,0.2697230279445648,0.5666582584381104,4.6476922035217285,1,0.5925742983818054,1309137.75
264707944,0.1529499590396881,0.26961883902549744,4.527610778808594,1,0.5925742983818054,1309137.75
264717708,0.014817181043326855,0.2805537283420563,4.573469161987305,1,0.5925742983818054,1309137.75
264727675,0.21210603415966034,0.40041089057922363,4.728302955627441,1,0.5925742983818054,1309137.75
264737985,0.03634195402264595,-0.12233445048332214,4.572854995727539,1,0.5925742983818054,1309137.75
264747659,0.11946193873882294,-0.0951213538646698,4.59071683883667,1,0.5925742983818054,1309137.75
264758068,-0.1064191684126854,0.23717336356639862,4.498495101928711,1,0.5925742983818054,1309137.75
264767657,-0.3079560101032257,0.0022223079577088356,4.282649993896484,1,0.5925742983818054,1309137.75
264777658,0.07161460816860199,0.11209139227867126,4.690936088562012,1,0.5925742983818054,1309137.75
264787937,-0.1452351063489914,0.3036394417285919,4.5334553718566895,1,0.5925742983818054,1309137.75
264797560,-0.3849746286869049,0.3432525396347046,4.473887920379639,1,0.5925742983818054,1309137.75
264807991,0.02268511988222599,0.36642080545425415,4.661217212677002,1,0.5925742983818054,1309137.75
264817680,-0.12983079254627228,0.3180992603302002,4.415323257446289,1,0.5925742983818054,1309137.75
264827674,-0.11397074162960052,0.2829732596874237,4.44001579284668,1,0.5925742983818054,1309137.75
264837929,-0.022967223078012466,0.4020940661430359,4.597888469696045,1,0.5925742983818054,1309137.75
264847689,-0.21082203090190887,0.2922528386116028,4.458178520202637,1,0.5925742983818054,1309137.75
264857959,-0.12513995170593262,-0.007965683937072754,4.666077136993408,1,0.5925742983818054,1309137.75
264867682,-0.3092438578605652,0.12544269859790802,4.594074249267578,1,0.5925742983818054,1309137.75
264877638,-0.4373680353164673,0.19697026908397675,4.449609756469727,1,0.5925742983818054,1309137.75
264888478,-0.09590519964694977,-0.06642406433820724,4.583085060119629,1,0.5925742983818054,1309137.75
264897637,-0.3863805830478668,0.33354461193084717,4.4440107345581055,1,0.5925742983818054,1309137.75
264907951,-0.5201542377471924,0.6612426042556763,4.499263286590576,1,0.5925742983818054,1309137.75
264917657,-0.2070569097995758,0.1853630542755127,4.735146522521973,1,0.5925742983818054,1309137.75
264927624,-0.36950069665908813,0.3249727487564087,4.5463972091674805,1,0.5925742983818054,1309137.75
264937951,-0.5077365636825562,0.6173632740974426,4.407266616821289,1,0.5925742983818054,1309137.75
264947672,-0.2193203717470169,0.26383399963378906,4.458625316619873,1,0.5925742983818054,1309137.75
264958026,-0.2084065079689026,0.11535762995481491,4.385246753692627,1,0.5925742983818054,1309137.75
264967681,-0.27340999245643616,-0.07878509163856506,4.468893051147461,1,0.5925742983818054,1309137.75
264977646,-0.34359344840049744,-0.13581034541130066,4.563013076782227,1,0.587574303150177,1309133.25
264987972,-0.45617520809173584,0.044710922986269,4.521111965179443,1,0.587574303150177,1309133.25
264997652,-0.30141061544418335,-0.07748500257730484,4.464484691619873,1,0.587574303150177,1309133.25
265007933,-0.4879901707172394,0.21469207108020782,4.389780521392822,1,0.587574303150177,1309133.25
265017657,-0.8102768063545227,0.6996544599533081,4.160282135009766,1,0.587574303150177,1309133.25
265027675,-0.48262009024620056,0.25262022018432617,4.3493733406066895,1,0.587574303150177,1309133.25
265037901,-0.45521801710128784,0.18064472079277039,4.429898262023926,1,0.587574303150177,1309133.25
265047683,-0.6795750260353088,0.589605450630188,4.368407726287842,1,0.587574303150177,1309133.25
265057952,-0.45584940910339355,0.3429707884788513,4.481742858886719,1,0.587574303150177,1309133.25
265067691,-0.3692110478878021,0.1709817349910736,4.425471305847168,1,0.587574303150177,1309133.25
265077686,-0.6932235360145569,0.3978275954723358,4.240261554718018,1,0.587574303150177,1309133.25
265088473,-0.6334398984909058,0.19037820398807526,4.311005115509033,1,0.587574303150177,1309133.25
265097631,-0.7132525444030762,0.19215407967567444,4.269421577453613,1,0.587574303150177,1309133.25
265107939,-0.6636220812797546,0.03682412579655647,4.323668479919434,1,0.587574303150177,1309133.25
265117686,-0.5524649620056152,-0.14141534268856049,4.492295742034912,1,0.587574303150177,1309133.25
265127681,-0.7677159905433655,0.3318106532096863,4.250814914703369,1,0.587574303150177,1309133.25
265137904,-0.6706073880195618,0.36374717950820923,4.1346282958984375,1,0.587574303150177,1309133.25
265147632,-0.5261242985725403,0.10035732388496399,4.137990474700928,1,0.587574303150177,1309133.25
265158057,-0.9476022720336914,0.5188040733337402,4.025573253631592,1,0.587574303150177,1309133.25
265167653,-0.878201425075531,0.5104483962059021,4.275705337524414,1,0.587574303150177,1309133.25
265177631,-0.6177165508270264,0.09870701283216476,4.528902530670166,1,0.587574303150177,1309133.25
265187891,-0.6965737342834473,0.19942937791347504,4.440016746520996,1,0.587574303150177,1309133.25
265197633,-0.6468595862388611,0.14998911321163177,4.3306169509887695,1,0.587574303150177,1309133.25
265207941,-0.7200296521186829,0.1450852006673813,4.022045135498047,1,0.587574303150177,1309133.25
265217683,-0.8389377593994141,0.0719866007566452,3.866290807723999,1,0.587574303150177,1309133.25
265227595,-0.7105273604393005,-0.3249779939651489,4.0109405517578125,1,0.587574303150177,1309133.25
265238009,-0.9173517823219299,0.04081560671329498,4.205558776855469,1,0.587574303150177,1309133.25
265247627,-1.1043332815170288,0.42959097027778625,4.245870590209961,1,0.587574303150177,1309133.25
265257966,-0.7243212461471558,0.015622297301888466,4.490007400512695,1,0.587574303150177,1309133.25
265267662,-0.9612321257591248,0.441055566072464,4.2836127281188965,1,0.587574303150177,1309133.25
265277680,-1.0345549583435059,0.857431173324585,4.114887714385986,1,0.587574303150177,1309133.25
265288457,-0.6452764868736267,0.3574379086494446,4.364163398742676,1,0.587574303150177,1309133.25
265297617,-0.7275740504264832,0.4069601893424988,4.3436384201049805,1,0.587574303150177,1309133.25
265307873,-0.843843400478363,0.4354906380176544,4.457310199737549,1,0.587574303150177,1309133.25
265317595,-0.7065882682800293,-0.0538603775203228,4.6413750648498535,1,0.587574303150177,1309133.25
265327647,-0.8129910826683044,-0.03488728776574135,4.465208053588867,1,0.587574303150177,1309133.25
265337912,-0.7393432855606079,-0.05619930475950241,4.299203395843506,1,0.587574303150177,1309133.25
265347699,-0.8715699315071106,0.04082813858985901,4.219951152801514,1,0.587574303150177,1309133.25
265358025,-0.9640553593635559,0.4422389566898346,4.205571174621582,1,0.587574303150177,1309133.25
265367638,-0.731227695941925,0.10874102264642715,4.501110076904297,1,0.587574303150177,1309133.25
265377664,-0.9244201183319092,0.15723298490047455,4.583512306213379,1,0.587574303150177,1309133.25
265387852,-1.2067856788635254,0.8671717047691345,4.470471382141113,1,0.587574303150177,1309133.25
265397625,-0.7918283343315125,0.39033395051956177,4.552766799926758,1,0.587574303150177,1309133.25
265407904,-0.677577018737793,0.08210916072130203,4.363142013549805,1,0.587574303150177,1309133.25
265417655,-0.6203089356422424,0.22082307934761047,4.225161552429199,1,0.587574303150177,1309133.25
265427657,-0.7109687924385071,-0.14869868755340576,4.341087818145752,1,0.587574303150177,1309133.25
265437988,-0.8222783803939819,-0.15213292837142944,4.357211112976074,1,0.587574303150177,1309133.25
265447672,-0.9397478699684143,0.021233167499303818,4.429882526397705,1,0.587574303150177,1309133.25
265457916,-0.9829298853874207,-0.02702627144753933,4.380319595336914,1,0.587574303150177,1309133.25
265467705,-1.1098406314849854,0.40559160709381104,4.183809757232666,1,0.587574303150177,1309133.25
265477683,-0.7904655933380127,0.23689283430576324,4.301058292388916,1,0.587574303150177,1309133.25
265488477,-0.8513720035552979,0.04109928384423256,4.370524883270264,1,0.587574303150177,1309133.25
265497609,-1.0517280101776123,0.6214222311973572,4.296141624450684,1,0.587574303150177,1309133.25
265507931,-0.7489923238754272,0.5510754585266113,4.427892684936523,1,0.587574303150177,1309133.25
265517631,-0.7751120328903198,0.005003480706363916,4.265256404876709,1,0.587574303150177,1309133.25
265527651,-0.8798630237579346,0.19538503885269165,4.0964860916137695,1,0.587574303150177,1309133.25
265537938,-0.8677030801773071,0.037157852202653885,4.142607688903809,1,0.587574303150177,1309133.25
265547675,-0.9218863248825073,-0.213838130235672,4.01524019241333,1,0.587574303150177,1309133.25
265558061,-0.7771959900856018,0.1477811336517334,4.2506303787231445,1,0.587574303150177,1309133.25
265567649,-0.8713475465774536,0.3784990608692169,4.226308822631836,1,0.587574303150177,1309133.25
265577629,-1.0861740112304688,0.5895854830741882,4.117429733276367,1,0.587574303150177,1309133.25
265587965,-0.884172260761261,0.6895202994346619,4.2281389236450195,1,0.587574303150177,1309133.25
265597637,-0.8514531254768372,0.23303693532943726,4.245109558105469,1,0.587574303150177,1309133.25
265607948,-0.9154914021492004,0.22330604493618011,4.139612674713135,1,0.587574303150177,1309133.25
265617683,-0.7851735949516296,0.4425384998321533,4.338316917419434,1,0.587574303150177,1309133.25
265627655,-0.6726524233818054,-0.1402415931224823,4.375333786010742,1,0.587574303150177,1309133.25
265637905,-0.6387225389480591,-0.19688667356967926,4.508095741271973,1,0.587574303150177,1309133.25
265647731,-0.7665988802909851,0.11797299236059189,4.378079891204834,1,0.587574303150177,1309133.25
265657981,-0.9866650104522705,-0.04293819144368172,4.311509132385254,1,0.587574303150177,1309133.25
265667666,-0.7093724608421326,-0.07609959691762924,4.337209701538086,1,0.587574303150177,1309133.25
265677650,-0.664678692817688,0.12612101435661316,4.449531555175781,1,0.587574303150177,1309133.25
265688488,-0.9116491675376892,0.3965030610561371,4.4661712646484375,1,0.587574303150177,1309133.25
265697664,-0.9132109880447388,1.0055004358291626,4.631964206695557,1,0.587574303150177,1309133.25
265707966,-0.6355689167976379,0.5781682729721069,4.750425338745117,1,0.587574303150177,1309133.25
265717668,-0.7009183764457703,0.14177176356315613,4.581533908843994,1,0.587574303150177,1309133.25
265727663,-0.7617223858833313,0.47533291578292847,4.513434410095215,1,0.587574303150177,1309133.25
265737939,-0.6219943761825562,0.08622457832098007,4.547657012939453,1,0.587574303150177,1309133.25
265747686,-0.5479139089584351,-0.13160525262355804,4.549956798553467,1,0.587574303150177,1309133.25
265758049,-0.6267993450164795,0.33407285809516907,4.588459491729736,1,0.587574303150177,1309133.25
265767651,-0.7224775552749634,0.33206605911254883,4.603097438812256,1,0.587574303150177,1309133.25
265777643,-0.8241760730743408,0.3598984479904175,4.571942329406738,1,0.587574303150177,1309133.25
265787983,-0.7382388710975647,0.32380449771881104,4.598948001861572,1,0.587574303150177,1309133.25
265797677,-0.9691372513771057,0.19719316065311432,4.547418594360352,1,0.587574303150177,1309133.25
265807936,-0.9123300909996033,0.6359342932701111,4.561531066894531,1,0.587574303150177,1309133.25
265817680,-0.5635728240013123,0.5548778176307678,4.716736793518066,1,0.587574303150177,1309133.25
265827680,-0.6121936440467834,0.33859074115753174,4.630138397216797,1,0.587574303150177,1309133.25
265837882,-0.5010461211204529,0.6561877131462097,4.700694561004639,1,0.587574303150177,1309133.25
265847635,-0.3874652683734894,0.32977181673049927,4.86983060836792,1,0.587574303150177,1309133.25
265857933,-0.5300664901733398,-0.20833082497119904,4.759372711181641,1,0.587574303150177,1309133.25
265867684,-0.5632708668708801,0.2440517246723175,4.784771919250488,1,0.587574303150177,1309133.25
265877640,-0.6313899159431458,0.045755207538604736,4.6727705001831055,1,0.587574303150177,1309133.25
265888535,-0.306781530380249,-0.22812817990779877,4.807243824005127,1,0.587574303150177,1309133.25
265897606,-0.2993428111076355,0.2513596713542938,4.945406436920166,1,0.587574303150177,1309133.25
265907908,-0.5813426375389099,0.5891312956809998,4.746541500091553,1,0.587574303150177,1309133.25
265917630,-0.2372770756483078,0.5369094610214233,4.980406761169434,1,0.587574303150177,1309133.25
265927657,-0.2441064417362213,0.6726144552230835,4.951336860656738,1,0.587574303150177,1309133.25
265937979,-0.5171726942062378,0.4784417748451233,4.660065650939941,1,0.5925742983818054,1309122.625
265947637,-0.10601907968521118,0.3952205777168274,4.895495414733887,1,0.5925742983818054,1309122.625
265958047,-0.08140656352043152,0.1410137265920639,4.744039058685303,1,0.5925742983818054,1309122.625
265967694,-0.10554037243127823,-0.09525463730096817,4.729388236999512,1,0.5925742983818054,1309122.625
265977660,-0.05679740756750107,0.22695398330688477,4.902851104736328,1,0.5925742983818054,1309122.625
265987956,-0.4321827292442322,0.4539002776145935,4.6931939125061035,1,0.5925742983818054,1309122.625
265997667,-0.10894747823476791,0.13070251047611237,4.849738121032715,1,0.5925742983818054,1309122.625
266007850,-0.07163914293050766,0.3040311634540558,4.7698655128479,1,0.5925742983818054,1309122.625
266017652,-0.42914485931396484,0.6075814366340637,4.44927978515625,1,0.5925742983818054,1309122.625
266027650,0.1635003387928009,0.29709506034851074,4.81240701675415,1,0.5925742983818054,1309122.625
266037934,0.18313895165920258,0.32621780037879944,4.7764363288879395,1,0.5925742983818054,1309122.625
266047682,-0.08928604423999786,0.3983902931213379,4.6851396560668945,1,0.5925742983818054,1309122.625
266057917,0.05145478621125221,0.08350067585706711,4.918982028961182,1,0.5925742983818054,1309122.625
266067679,-0.09299039095640182,0.028230469673871994,4.649751663208008,1,0.5925742983818054,1309122.625
266077676,0.16599656641483307,-0.1867382973432541,4.633758068084717,1,0.5925742983818054,1309122.625
266088475,0.1580807864665985,-0.19062253832817078,4.605555534362793,1,0.5925742983818054,1309122.625
266097629,-0.21521472930908203,0.4632197618484497,4.355665683746338,1,0.5925742983818054,1309122.625
266107878,0.11812727153301239,0.4028779864311218,4.7127556800842285,1,0.5925742983818054,1309122.625
266117668,0.07579575479030609,0.2444273680448532,4.770715236663818,1,0.5925742983818054,1309122.625
266127638,-0.22548586130142212,0.7937079668045044,4.584628105163574,1,0.5925742983818054,1309122.625
266137924,0.08971074968576431,0.5272432565689087,4.7221784591674805,1,0.5925742983818054,1309122.625
266147699,0.1369575560092926,0.10628897696733475,4.466874122619629,1,0.5925742983818054,1309122.625
266158056,0.11610008031129837,0.15363191068172455,4.349905014038086,1,0.5925742983818054,1309122.625
266167658,0.2027546614408493,-0.018987780436873436,4.501357555389404,1,0.5925742983818054,1309122.625
266177650,0.054497674107551575,0.1505669504404068,4.417889595031738,1,0.5925742983818054,1309122.625
266187881,0.3447931408882141,0.086916983127594,4.651128768920898,1,0.5925742983818054,1309122.625
266197623,0.3563793897628784,-0.0035833909641951323,4.644412994384766,1,0.5925742983818054,1309122.625
266207856,-0.17748048901557922,0.6632400751113892,4.317107200622559,1,0.5925742983818054,1309122.625
266217630,0.07605567574501038,0.8574013710021973,4.347161769866943,1,0.5925742983818054,1309122.625
266227680,0.2555792033672333,0.404782235622406,4.393392086029053,1,0.5925742983818054,1309122.625
266237906,0.19664491713047028,0.705817699432373,4.37005090713501,1,0.5925742983818054,1309122.625
266247712,0.3558347821235657,0.4623106122016907,4.481273651123047,1,0.5925742983818054,1309122.625
266257840,0.3720119297504425,-0.21028581261634827,4.43959903717041,1,0.5925742983818054,1309122.625
266267733,0.30715471506118774,0.13300509750843048,4.407371520996094,1,0.5925742983818054,1309122.625
266277709,0.12456529587507248,0.3161063492298126,4.364760875701904,1,0.5925742983818054,1309122.625
266288510,0.18397514522075653,0.06598228961229324,4.232557773590088,1,0.5925742983818054,1309122.625
266297668,0.3985484540462494,0.2747822701931,4.429380416870117,1,0.5925742983818054,1309122.625
266307946,0.12945018708705902,0.5089945197105408,4.255224704742432,1,0.5925742983818054,1309122.625
266317652,0.3402547240257263,0.4707881510257721,4.313835144042969,1,0.5925742983818054,1309122.625
266327700,0.6752347946166992,0.3110758662223816,4.53690767288208,1,0.5925742983818054,1309122.625
266337910,0.40923649072647095,0.2895573377609253,4.26300048828125,1,0.5925742983818054,1309122.625
266347642,0.3969496786594391,0.24093128740787506,4.195536136627197,1,0.5925742983818054,1309122.625
266358044,0.34510326385498047,0.19388312101364136,4.053434371948242,1,0.5925742983818054,1309122.625
266367674,0.20907896757125854,-0.13761325180530548,3.7816922664642334,1,0.5925742983818054,1309122.625
266377585,0.4133634567260742,-0.23337331414222717,4.031795978546143,1,0.5925742983818054,1309122.625
266387949,0.015117908827960491,0.4840542674064636,3.90299391746521,1,0.5925742983818054,1309122.625
266397631,-0.03328413888812065,0.6062665581703186,3.908165216445923,1,0.5925742983818054,1309122.625
266407948,0.4007721543312073,0.22893622517585754,4.183554649353027,1,0.5925742983818054,1309122.625
266417638,0.13447681069374084,0.5230796933174133,3.9151573181152344,1,0.5925742983818054,1309122.625
266427670,0.38135576248168945,0.48713523149490356,3.9567344188690186,1,0.5925742983818054,1309122.625
266437922,0.6536091566085815,0.0454140305519104,4.173656463623047,1,0.5925742983818054,1309122.625
266447627,0.30794140696525574,0.3995863199234009,3.9684083461761475,1,0.5925742983818054,1309122.625
266457962,0.22648955881595612,0.3871331810951233,4.135088920593262,1,0.5925742983818054,1309122.625
266467656,0.07353685051202774,0.12629713118076324,4.019294261932373,1,0.5925742983818054,1309122.625
266477636,0.05586432293057442,0.12773393094539642,3.943871259689331,1,0.5925742983818054,1309122.625
266488534,0.3602514863014221,-0.09020029753446579,4.218840599060059,1,0.5925742983818054,1309122.625
266497669,0.02142021246254444,0.3591349124908447,4.079065322875977,1,0.5925742983818054,1309122.625
266507906,0.041884422302246094,0.9404841065406799,4.126707077026367,1,0.5925742983818054,1309122.625
266517644,0.4825024902820587,0.3995092213153839,4.32366943359375,1,0.5925742983818054,1309122.625
266527653,0.2525239586830139,0.47928154468536377,3.998208522796631,1,0.5925742983818054,1309122.625
266537976,0.24028931558132172,0.7370519638061523,3.9470059871673584,1,0.5925742983818054,1309122.625
266547643,0.3951290249824524,0.22688619792461395,4.095752716064453,1,0.5925742983818054,1309122.625
266558043,0.2516961395740509,0.21868672966957092,4.080928325653076,1,0.5925742983818054,1309122.625
266567669,0.4376368820667267,0.18063345551490784,4.383010387420654,1,0.5925742983818054,1309122.625
266577632,0.21164286136627197,0.0760519802570343,4.259973526000977,1,0.5925742983818054,1309122.625
266587873,0.022796299308538437,0.5082539319992065,4.0320587158203125,1,0.5925742983818054,1309122.625
266597621,0.2746608257293701,0.1974017322063446,4.011903285980225,1,0.5925742983818054,1309122.625
266607946,0.010697949677705765,0.28099381923675537,3.8639769554138184,1,0.5925742983818054,1309122.625
266617661,-0.07881228625774384,0.9371958374977112,3.914745807647705,1,0.5925742983818054,1309122.625
266627660,0.3037639558315277,0.5505466461181641,4.297060489654541,1,0.5925742983818054,1309122.625
266637925,0.43595263361930847,0.2721642851829529,4.405561447143555,1,0.5925742983818054,1309122.625
266647684,0.204861119389534,0.6262774467468262,4.348601341247559,1,0.5925742983818054,1309122.625
266657958,0.1933606117963791,0.33441075682640076,4.144219398498535,1,0.5925742983818054,1309122.625
266667708,0.0723663941025734,0.09593772143125534,3.8961873054504395,1,0.5925742983818054,1309122.625
266677651,0.10964177548885345,0.0755331963300705,3.964961290359497,1,0.5925742983818054,1309122.625
266688514,0.07773102819919586,0.04276769235730171,4.116733074188232,1,0.5925742983818054,1309122.625
266697637,0.035913195461034775,0.3931092917919159,4.292759418487549,1,0.5925742983818054,1309122.625
266707973,0.251187264919281,0.39488255977630615,4.5415449142456055,1,0.5925742983818054,1309122.625
266717658,0.24779266119003296,0.15143261849880219,4.526587009429932,1,0.5925742983818054,1309122.625
266727592,-0.11007809638977051,0.6967141628265381,4.185767650604248,1,0.5925742983818054,1309122.625
266737941,0.10606961697340012,0.7982704043388367,4.113554000854492,1,0.5925742983818054,1309122.625
266747695,0.2828528583049774,0.31393858790397644,4.242175102233887,1,0.5925742983818054,1309122.625
266758088,0.09034786373376846,0.4598425328731537,4.307912826538086,1,0.5925742983818054,1309122.625
266767649,0.08115817606449127,0.38151490688323975,4.582961082458496,1,0.5925742983818054,1309122.625
266777639,0.08731717616319656,-0.05906666815280914,4.6237030029296875,1,0.5925742983818054,1309122.625
266787993,0.015451526269316673,0.10624960064888,4.456024646759033,1,0.5925742983818054,1309122.625
266797620,-0.039372388273477554,0.1301223784685135,4.3281354904174805,1,0.5925742983818054,1309122.625
266807892,-0.26284274458885193,0.20119647681713104,4.142965793609619,1,0.5925742983818054,1309122.625
266817655,-0.0660090446472168,0.3859540820121765,4.308526039123535,1,0.5925742983818054,1309122.625
266827648,0.16951687633991241,0.14927886426448822,4.626816272735596,1,0.5925742983818054,1309122.625
266837936,-0.1154191642999649,0.48135051131248474,4.600320339202881,1,0.5925742983818054,1309122.625
266847685,-0.02258669212460518,0.8988499045372009,4.660256385803223,1,0.5925742983818054,1309122.625
266857935,0.12289437651634216,0.37536680698394775,4.709991455078125,1,0.5925742983818054,1309122.625
266867646,-0.0009624326485209167,0.26007840037345886,4.539373397827148,1,0.5925742983818054,1309122.625
266877659,0.014392715878784657,0.504877507686615,4.59479284286499,1,0.5925742983818054,1309122.625
266888455,-0.10186617821455002,-0.02917327731847763,4.569613933563232,1,0.5925742983818054,1309122.625
266897606,-0.077873595058918,-0.021531416103243828,4.558205604553223,1,0.5925742983818054,1309122.625
266907935,0.00422294158488512,0.06086239591240883,4.682344436645508,1,0.5925742983818054,1309122.625
266917661,-0.29764917492866516,0.13165320456027985,4.565828800201416,1,0.5925742983818054,1309122.625
266927639,-0.25247758626937866,0.44549471139907837,4.636295318603516,1,0.5925742983818054,1309122.625
266937935,-0.12467974424362183,0.41496050357818604,4.744414329528809,1,0.5975742936134338,1309115.875
266947664,-0.2863624095916748,0.30674949288368225,4.574928283691406,1,0.5975742936134338,1309115.875
266958051,-0.07193689048290253,0.8168975114822388,4.657820224761963,1,0.5975742936134338,1309115.875
266967665,0.059763822704553604,0.35970833897590637,4.731927871704102,1,0.5975742936134338,1309115.875
266977621,-0.06717971712350845,0.11538653820753098,4.76043176651001,1,0.5975742936134338,1309115.875
266987943,-0.2507345676422119,0.4775148034095764,4.881884574890137,1,0.5975742936134338,1309115.875
266997674,-0.34429293870925903,0.2509278357028961,4.834127902984619,1,0.5975742936134338,1309115.875
267007961,-0.32010504603385925,-0.1433733105659485,4.705164432525635,1,0.5975742936134338,1309115.875
267017658,-0.2714879810810089,0.23783697187900543,4.652385711669922,1,0.5975742936134338,1309115.875
267027670,-0.48472049832344055,0.36454933881759644,4.425804615020752,1,0.5975742936134338,1309115.875
267037952,-0.47856155037879944,0.6229305267333984,4.581613063812256,1,0.5975742936134338,1309115.875
267047702,-0.21896415948867798,0.6702377796173096,4.740151405334473,1,0.5975742936134338,1309115.875
267057981,-0.1615309864282608,0.29298198223114014,4.805851459503174,1,0.5975742936134338,1309115.875
267067663,-0.2741864323616028,0.4969404935836792,4.7593560218811035,1,0.5975742936134338,1309115.875
267077666,-0.16922174394130707,0.6007024645805359,4.640348434448242,1,0.5975742936134338,1309115.875
267088516,-0.14921028912067413,0.05167864263057709,4.605560779571533,1,0.5975742936134338,1309115.875
267097635,-0.2446068823337555,0.17452287673950195,4.565861225128174,1,0.5975742936134338,1309115.875
267107977,-0.37505942583084106,0.30677148699760437,4.625980377197266,1,0.5975742936134338,1309115.875
267117667,-0.31094077229499817,-0.10675904154777527,4.708393096923828,1,0.5975742936134338,1309115.875
267127679,-0.26111289858818054,0.05067018046975136,4.6497039794921875,1,0.5975742936134338,1309115.875
267137915,-0.21634352207183838,0.14873939752578735,4.549274444580078,1,0.5975742936134338,1309115.875
267147677,-0.4507616460323334,0.25029614567756653,4.469481468200684,1,0.5975742936134338,1309115.875
267158039,-0.4963439702987671,0.5206979513168335,4.465034484863281,1,0.5975742936134338,1309115.875
267167632,-0.46084064245224,0.26941967010498047,4.634772777557373,1,0.5975742936134338,1309115.875
267177663,-0.7104923129081726,0.5179199576377869,4.54677152633667,1,0.5975742936134338,1309115.875
267187938,-0.6303974986076355,1.026667833328247,4.601147174835205,1,0.5975742936134338,1309115.875
267197657,-0.31473639607429504,0.3455674648284912,4.63443660736084,1,0.5975742936134338,1309115.875
267207652,-0.3708747923374176,0.08859113603830338,4.523635387420654,1,0.5975742936134338,1309115.875
267217950,-0.4177743196487427,0.38949477672576904,4.447621822357178,1,0.5975742936134338,1309115.875
267227668,-0.5471996665000916,-0.03650878742337227,4.492159843444824,1,0.5975742936134338,1309115.875
267237943,-0.6167740225791931,-0.09049993008375168,4.487829208374023,1,0.5975742936134338,1309115.875
267247659,-0.6095852255821228,0.19795013964176178,4.605935573577881,1,0.5975742936134338,1309115.875
267257618,-0.7874267101287842,0.1683608442544937,4.449224472045898,1,0.5975742936134338,1309115.875
267267961,-0.6967865824699402,0.36980611085891724,4.459786891937256,1,0.5975742936134338,1309115.875
267277699,-0.5051412582397461,0.27308177947998047,4.515401840209961,1,0.5975742936134338,1309115.875
267288539,-0.7388147711753845,0.351616770029068,4.481991291046143,1,0.5975742936134338,1309115.875
267297630,-0.8546309471130371,0.8455085158348083,4.51400899887085,1,0.5975742936134338,1309115.875
267307652,-0.612072765827179,0.46634265780448914,4.637668132781982,1,0.5975742936134338,1309115.875
267317952,-0.6665164828300476,0.0011623484315350652,4.557415008544922,1,0.5975742936134338,1309115.875
267327661,-0.714022159576416,0.3684707581996918,4.535615921020508,1,0.5975742936134338,1309115.875
267337961,-0.8502877950668335,0.2930004596710205,4.482904434204102,1,0.5975742936134338,1309115.875
267347657,-0.8531831502914429,-0.16850291192531586,4.496008396148682,1,0.5975742936134338,1309115.875
267357677,-0.7516021132469177,0.19263671338558197,4.658357620239258,1,0.5975742936134338,1309115.875
267368305,-0.9091684222221375,0.3535527288913727,4.608490467071533,1,0.5975742936134338,1309115.875
267377634,-0.8828976154327393,0.4428221583366394,4.512874603271484,1,0.5975742936134338,1309115.875
267387873,-0.5955561399459839,0.5558748841285706,4.555023670196533,1,0.5975742936134338,1309115.875
267397603,-0.8482683300971985,0.5509697794914246,4.4039764404296875,1,0.5975742936134338,1309115.875
267407653,-0.8597728610038757,0.6161121129989624,4.397425651550293,1,0.5975742936134338,1309115.875
267417999,-0.722036600112915,0.617058515548706,4.6318769454956055,1,0.5975742936134338,1309115.875
267427646,-0.7724071145057678,0.11511945724487305,4.517806053161621,1,0.5975742936134338,1309115.875
267437896,-0.7384344339370728,0.16337724030017853,4.579977512359619,1,0.5975742936134338,1309115.875
267447656,-0.680624783039093,0.2914979159832001,4.451526641845703,1,0.5975742936134338,1309115.875
267457650,-0.7750599384307861,-0.09397232532501221,4.315654277801514,1,0.5975742936134338,1309115.875
267467908,-0.5945356488227844,-0.05672788619995117,4.468937873840332,1,0.5975742936134338,1309115.875
267477653,-0.9543631076812744,0.3454330861568451,4.414059638977051,1,0.5975742936134338,1309115.875
267488458,-1.0794535875320435,0.3446785807609558,4.416010856628418,1,0.5975742936134338,1309115.875
267497545,-0.7123705744743347,0.5395974516868591,4.590888023376465,1,0.5975742936134338,1309115.875
267507691,-0.8164247274398804,0.5393608212471008,4.340167999267578,1,0.5975742936134338,1309115.875
267517956,-0.7520489692687988,0.43224644660949707,4.238192081451416,1,0.5975742936134338,1309115.875
267527652,-0.6026455760002136,0.5410182476043701,4.296144008636475,1,0.5975742936134338,1309115.875
267537925,-0.895642876625061,0.12993954122066498,4.227540493011475,1,0.5975742936134338,1309115.875
267547675,-0.8848558664321899,-0.2416323870420456,4.35612678527832,1,0.5975742936134338,1309115.875
267557658,-1.1047430038452148,0.16300541162490845,4.424378871917725,1,0.5975742936134338,1309115.875
267568299,-1.182199239730835,0.2797279357910156,4.262743949890137,1,0.5975742936134338,1309115.875
267577573,-0.6062719821929932,-0.03437601029872894,4.400075912475586,1,0.5975742936134338,1309115.875
267587950,-0.6947817206382751,0.30508628487586975,4.277306079864502,1,0.5975742936134338,1309115.875
267597659,-1.0241361856460571,0.585525393486023,4.129923343658447,1,0.5975742936134338,1309115.875
267607643,-0.753629744052887,0.20674963295459747,4.4234418869018555,1,0.5975742936134338,1309115.875
267617949,-0.8472670316696167,0.17690081894397736,4.304539680480957,1,0.5975742936134338,1309115.875
267627662,-0.9778388142585754,0.27241119742393494,4.211145877838135,1,0.5975742936134338,1309115.875
267637953,-0.7946872115135193,0.12852320075035095,4.337313175201416,1,0.5975742936134338,1309115.875
267647676,-0.9175558686256409,0.131147563457489,4.130649566650391,1,0.5975742936134338,1309115.875
267657669,-0.8380919098854065,-0.14149129390716553,4.164457321166992,1,0.5975742936134338,1309115.875
267667883,-1.0022063255310059,-0.247700035572052,4.200013637542725,1,0.5975742936134338,1309115.875
267677625,-1.1923450231552124,0.2612612247467041,4.114730358123779,1,0.5975742936134338,1309115.875
267688546,-0.7926239371299744,0.16735003888607025,4.333443641662598,1,0.5975742936134338,1309115.875
267697698,-0.8531327247619629,0.28178438544273376,4.2470808029174805,1,0.5975742936134338,1309115.875
267707670,-1.0633164644241333,0.8915759921073914,4.1410698890686035,1,0.5975742936134338,1309115.875
267717942,-0.6838818192481995,0.4165663421154022,4.5023193359375,1,0.5975742936134338,1309115.875
267727633,-0.782353937625885,-0.17937274277210236,4.395541667938232,1,0.5975742936134338,1309115.875
267737938,-0.8970076441764832,0.14069662988185883,4.443758010864258,1,0.5975742936134338,1309115.875
267747674,-0.8442820906639099,-0.03917313739657402,4.497366905212402,1,0.5975742936134338,1309115.875
267757674,-0.8761102557182312,-0.41655054688453674,4.330199241638184,1,0.5975742936134338,1309115.875
267768321,-0.690786600112915,-0.08138533681631088,4.459264278411865,1,0.5975742936134338,1309115.875
267777686,-0.8242781162261963,0.07653063535690308,4.324151039123535,1,0.5975742936134338,1309115.875
267787940,-0.9782479405403137,0.13292773067951202,4.205516815185547,1,0.5975742936134338,1309115.875
267797598,-0.670271098613739,0.4046889841556549,4.444133758544922,1,0.5975742936134338,1309115.875
267807690,-0.9292746782302856,0.2606220841407776,4.221180438995361,1,0.5975742936134338,1309115.875
267817685,-0.873371958732605,0.2575342059135437,4.296380996704102,1,0.5975742936134338,1309115.875
267828461,-0.5796337723731995,0.3365757465362549,4.469878196716309,1,0.5975742936134338,1309115.875
267837884,-0.8135256767272949,-0.13913822174072266,4.237574100494385,1,0.5975742936134338,1309115.875
267847646,-0.6581376194953918,-0.29525065422058105,4.374008655548096,1,0.5975742936134338,1309115.875
267857632,-0.7398816347122192,0.058817774057388306,4.389288425445557,1,0.5975742936134338,1309115.875
267867607,-0.884551465511322,0.08692864328622818,4.299501419067383,1,0.5975742936134338,1309115.875
267877876,-0.3850362300872803,0.014546423219144344,4.61776065826416,1,0.5975742936134338,1309115.875
267888471,-0.6890232563018799,0.3898117244243622,4.416028022766113,1,0.5975742936134338,1309115.875
267897640,-0.870934247970581,0.6299121379852295,4.278232574462891,1,0.5975742936134338,1309115.875
267907655,-0.5676915049552917,0.49451303482055664,4.476783275604248,1,0.5975742936134338,1309115.875
267917673,-0.6701650619506836,0.3953675627708435,4.3502984046936035,1,0.5975742936134338,1309115.875
267927920,-0.6599724292755127,0.23427407443523407,4.370924949645996,1,0.5975742936134338,1309115.875
267937946,-0.45305830240249634,0.08183825016021729,4.546534538269043,1,0.6000292897224426,1309119.0
267947704,-0.5388380289077759,0.09719942510128021,4.441039085388184,1,0.6000292897224426,1309119.0
267957658,-0.42402076721191406,-0.16236519813537598,4.553418159484863,1,0.6000292897224426,1309119.0
267967670,-0.6157023906707764,0.06087147817015648,4.566149711608887,1,0.6000292897224426,1309119.0
267977922,-0.9444058537483215,0.4470515251159668,4.421435356140137,1,0.6000292897224426,1309119.0
267987912,-0.5944761633872986,0.056948188692331314,4.660044193267822,1,0.6000292897224426,1309119.0
267997646,-0.5550639033317566,0.06184645742177963,4.651800155639648,1,0.6000292897224426,1309119.0
268007665,-0.6924188137054443,0.5046153664588928,4.579554557800293,1,0.6000292897224426,1309119.0
268017649,-0.2285236269235611,0.19868983328342438,4.770788669586182,1,0.6000292897224426,1309119.0
268028475,-0.18772444128990173,0.278940349817276,4.7565178871154785,1,0.6000292897224426,1309119.0
268037870,-0.41676759719848633,0.4200153946876526,4.74473762512207,1,0.6000292897224426,1309119.0
268047684,-0.4456137418746948,0.22836026549339294,4.896054744720459,1,0.6000292897224426,1309119.0
268057625,-0.5352961421012878,0.10142529755830765,4.843294143676758,1,0.6000292897224426,1309119.0
268067643,-0.4654952883720398,-0.189824640750885,4.805915832519531,1,0.6000292897224426,1309119.0
268077901,-0.30201274156570435,-0.1348598599433899,4.839094161987305,1,0.6000292897224426,1309119.0
268088529,-0.4455927312374115,0.40701624751091003,4.633374214172363,1,0.6000292897224426,1309119.0
268097632,-0.2874487638473511,0.06707293540239334,4.743178367614746,1,0.6000292897224426,1309119.0
268107686,-0.16492119431495667,-0.06847628951072693,4.94573450088501,1,0.6000292897224426,1309119.0
268117618,-0.7387068271636963,0.46998676657676697,4.725297451019287,1,0.6000292897224426,1309119.0
268127959,-0.5453886985778809,0.4516898989677429,4.8220014572143555,1,0.6000292897224426,1309119.0
268137915,-0.28299662470817566,0.44169527292251587,4.785131931304932,1,0.6000292897224426,1309119.0
268147676,-0.3467060625553131,0.40571609139442444,4.520500183105469,1,0.6000292897224426,1309119.0
268157685,-0.12408782541751862,0.1849292516708374,4.632354736328125,1,0.6000292897224426,1309119.0
268167665,-0.1460151970386505,0.25378087162971497,4.686535835266113,1,0.6000292897224426,1309119.0
268177949,-0.2903120219707489,-0.036839332431554794,4.8006062507629395,1,0.6000292897224426,1309119.0
268187946,-0.18254466354846954,-0.2152157425880432,4.884097576141357,1,0.6000292897224426,1309119.0
268197639,-0.45542559027671814,0.3022637963294983,4.625547409057617,1,0.6000292897224426,1309119.0
268207681,-0.41531500220298767,0.26555800437927246,4.44074010848999,1,0.6000292897224426,1309119.0
268217642,-0.14053544402122498,0.0844055563211441,4.521223068237305,1,0.6000292897224426,1309119.0
268228497,-0.2647697925567627,0.5564403533935547,4.490949630737305,1,0.6000292897224426,1309119.0
268237938,-0.38567930459976196,0.6840423345565796,4.672241687774658,1,0.6000292897224426,1309119.0
268247664,-0.10474135726690292,0.3162725567817688,4.919716835021973,1,0.6000292897224426,1309119.0
268257644,-0.10533622652292252,0.22499322891235352,4.856555938720703,1,0.6000292897224426,1309119.0
268267649,0.0065656560473144054,0.009307379834353924,4.709150314331055,1,0.6000292897224426,1309119.0
268277901,-0.03682882338762283,0.0712442472577095,4.596006393432617,1,0.6000292897224426,1309119.0
268288542,-0.1360369324684143,0.22974924743175507,4.541369915008545,1,0.6000292897224426,1309119.0
268297620,-0.03797689825296402,-0.13300158083438873,4.684756278991699,1,0.6000292897224426,1309119.0
268307640,-0.18348859250545502,0.09761179238557816,4.735557556152344,1,0.6000292897224426,1309119.0
268317648,-0.436939537525177,0.5443684458732605,4.588967800140381,1,0.6000292897224426,1309119.0
268327929,0.062440890818834305,0.2906058132648468,4.624942779541016,1,0.6000292897224426,1309119.0
268337876,0.06894142180681229,0.3627694249153137,4.558907985687256,1,0.6000292897224426,1309119.0
268347647,-0.22027190029621124,0.6238592863082886,4.354920387268066,1,0.6000292897224426,1309119.0
268357651,0.02263154648244381,0.3018312156200409,4.725071907043457,1,0.6000292897224426,1309119.0
268367662,0.05294767767190933,0.05009746178984642,4.703525543212891,1,0.6000292897224426,1309119.0
268377941,0.0359186977148056,-0.068391352891922,4.668186664581299,1,0.6000292897224426,1309119.0
268388016,0.129560649394989,-0.15912695229053497,4.620368480682373,1,0.6000292897224426,1309119.0
268397634,-0.053062815219163895,0.1136685162782669,4.335912227630615,1,0.6000292897224426,1309119.0
268407669,0.1096029132604599,-0.003273293375968933,4.436854839324951,1,0.6000292897224426,1309119.0
268417666,-0.004428752698004246,0.06516776978969574,4.574550628662109,1,0.6000292897224426,1309119.0
268428461,-0.3049090504646301,0.6843017339706421,4.543261528015137,1,0.6000292897224426,1309119.0
268437916,0.07466458529233932,0.5925964713096619,4.747474193572998,1,0.6000292897224426,1309119.0
268447654,0.2186802625656128,0.24159011244773865,4.681216239929199,1,0.6000292897224426,1309119.0
268457643,0.046751152724027634,0.5839724540710449,4.413361549377441,1,0.6000292897224426,1309119.0
268467653,0.2841104567050934,0.293518990278244,4.469647407531738,1,0.6000292897224426,1309119.0
268477926,0.2496243715286255,-0.18082861602306366,4.444815158843994,1,0.6000292897224426,1309119.0
268488532,0.0569772869348526,0.1513056606054306,4.341546058654785,1,0.6000292897224426,1309119.0
268497696,0.17548136413097382,0.18384037911891937,4.466163635253906,1,0.6000292897224426,1309119.0
268507669,0.11540498584508896,0.06392662972211838,4.302349090576172,1,0.6000292897224426,1309119.0
268517663,0.22292348742485046,0.37401843070983887,4.299897193908691,1,0.6000292897224426,1309119.0
268527977,0.121120885014534,0.31207722425460815,4.373067378997803,1,0.6000292897224426,1309119.0
268537952,-0.1414826512336731,0.4864988327026367,4.258522033691406,1,0.6000292897224426,1309119.0
268547685,0.20469407737255096,0.7188973426818848,4.558785915374756,1,0.6000292897224426,1309119.0
268557707,0.2780504822731018,0.20752708613872528,4.538211822509766,1,0.6000292897224426,1309119.0
268567710,0.13680432736873627,0.3689359128475189,4.374190807342529,1,0.6000292897224426,1309119.0
268577925,0.3158584535121918,0.5965838432312012,4.401766777038574,1,0.6000292897224426,1309119.0
268587945,0.20956623554229736,0.05857635289430618,4.256563186645508,1,0.6000292897224426,1309119.0
268597685,0.27344024181365967,0.16815315186977386,4.2957868576049805,1,0.6000292897224426,1309119.0
268607637,0.24134820699691772,0.42514607310295105,4.409715175628662,1,0.6000292897224426,1309119.0
268617645,0.1877538561820984,0.02576972171664238,4.351781368255615,1,0.6000292897224426,1309119.0
268628517,0.2925240397453308,0.17570486664772034,4.497790813446045,1,0.6000292897224426,1309119.0
268637945,0.0019204883137717843,0.5221584439277649,4.279635429382324,1,0.6000292897224426,1309119.0
268647668,-0.03489828109741211,0.44105076789855957,4.1604743003845215,1,0.6000292897224426,1309119.0
268657621,0.34011825919151306,0.49789857864379883,4.389405727386475,1,0.6000292897224426,1309119.0
268667638,0.10270695388317108,0.49883347749710083,4.3303728103637695,1,0.6000292897224426,1309119.0
268677907,0.09357500821352005,0.568611204624176,4.4186859130859375,1,0.6000292897224426,1309119.0
268688481,0.2589103579521179,0.6990939974784851,4.505596160888672,1,0.6000292897224426,1309119.0
268697626,0.27497151494026184,0.35018765926361084,4.278637409210205,1,0.6000292897224426,1309119.0
268707670,0.2984899580478668,0.16167032718658447,4.2876434326171875,1,0.6000292897224426,1309119.0
268717622,0.23012880980968475,0.424293577671051,4.1807732582092285,1,0.6000292897224426,1309119.0
268727688,0.09731515496969223,0.11172373592853546,4.210535049438477,1,0.6000292897224426,1309119.0
268738105,0.3946870267391205,-0.13556386530399323,4.405345439910889,1,0.6000292897224426,1309119.0
268747683,0.23740191757678986,0.20721754431724548,4.35867977142334,1,0.6000292897224426,1309119.0
268757648,0.09685059636831284,0.33369681239128113,4.267285346984863,1,0.6000292897224426,1309119.0
268767665,0.14533092081546783,0.4211113452911377,4.272250175476074,1,0.6000292897224426,1309119.0
268777943,0.22063611447811127,0.4043389856815338,4.159992218017578,1,0.6000292897224426,1309119.0
268787966,0.07611647993326187,0.2948720157146454,4.130459785461426,1,0.6000292897224426,1309119.0
268797595,0.05801825597882271,0.6690934300422668,4.116843223571777,1,0.6000292897224426,1309119.0
268807677,0.3622990846633911,0.5242367386817932,4.26339054107666,1,0.6000292897224426,1309119.0
268817669,0.4290388822555542,0.22558288276195526,4.326653480529785,1,0.6000292897224426,1309119.0
268828498,0.129936084151268,0.6333566308021545,4.173253059387207,1,0.6000292897224426,1309119.0
268837959,0.18906934559345245,0.3742373287677765,4.193379878997803,1,0.6000292897224426,1309119.0
268847680,0.2713973820209503,-0.1368873566389084,4.185482501983643,1,0.6000292897224426,1309119.0
268857704,0.17791415750980377,0.052068546414375305,4.063405513763428,1,0.6000292897224426,1309119.0
268867663,0.20616088807582855,-0.006365132983773947,4.193534851074219,1,0.6000292897224426,1309119.0
268877968,0.014913500286638737,0.2960604131221771,4.113213539123535,1,0.6000292897224426,1309119.0
268888554,0.12964124977588654,0.48693594336509705,4.111467361450195,1,0.6000292897224426,1309119.0
268897650,0.1944020837545395,0.13142623007297516,4.223526477813721,1,0.5950292944908142,1309121.125
268907633,-0.19182723760604858,0.5001013875007629,3.9116694927215576,1,0.5950292944908142,1309121.125
268917636,0.02297554351389408,0.7533347606658936,4.069462776184082,1,0.5950292944908142,1309121.125
268927973,0.37297800183296204,0.24450868368148804,4.165444850921631,1,0.5950292944908142,1309121.125
268937982,0.2157500982284546,0.4287426173686981,4.06238317489624,1,0.5950292944908142,1309121.125
268947670,0.28920814394950867,0.4520483911037445,4.198993682861328,1,0.5950292944908142,1309121.125
268957661,0.15653981268405914,0.003285795683041215,4.1831889152526855,1,0.5950292944908142,1309121.125
268967644,-0.00341612147167325,-0.03944764286279678,4.1064887046813965,1,0.5950292944908142,1309121.125
268977865,0.11656608432531357,-0.19762969017028809,4.163372993469238,1,0.5950292944908142,1309121.125
268987937,-0.13950411975383759,0.0778304785490036,4.075761318206787,1,0.5950292944908142,1309121.125
268997605,-0.230116605758667,0.5634083151817322,3.987499952316284,1,0.5950292944908142,1309121.125
269007682,0.1369558423757553,0.22759860754013062,4.272210121154785,1,0.5950292944908142,1309121.125
269017667,-0.018431993201375008,0.3411269783973694,4.1687397956848145,1,0.5950292944908142,1309121.125
269028433,-0.26440200209617615,0.6668615341186523,4.177691459655762,1,0.5950292944908142,1309121.125
269037981,0.0317399837076664,0.4367581903934479,4.321334362030029,1,0.5950292944908142,1309121.125
269047667,0.09609194099903107,0.387341171503067,4.28531551361084,1,0.5950292944908142,1309121.125
269057650,0.024242600426077843,0.29870525002479553,4.222472190856934,1,0.5950292944908142,1309121.125
269067659,0.0015596399316564202,0.24012281000614166,4.276417255401611,1,0.5950292944908142,1309121.125
269077939,-0.16208386421203613,0.30865904688835144,4.14429235458374,1,0.5950292944908142,1309121.125
269088455,-0.005298546981066465,-0.05025050789117813,4.204188346862793,1,0.5950292944908142,1309121.125
269097623,-0.101022869348526,0.04724999517202377,4.22457218170166,1,0.5950292944908142,1309121.125
269107644,-0.33000338077545166,0.4833505153656006,4.186574459075928,1,0.5950292944908142,1309121.125
269117661,-0.12501122057437897,0.09702851623296738,4.354315757751465,1,0.5950292944908142,1309121.125
269127927,-0.17518755793571472,0.20608766376972198,4.375322341918945,1,0.5950292944908142,1309121.125
269137933,-0.5272938013076782,0.6574074625968933,4.19366455078125,1,0.5950292944908142,1309121.125
269147685,-0.28022500872612,0.4855431020259857,4.288602352142334,1,0.5950292944908142,1309121.125
269157694,0.05241319537162781,0.4203583002090454,4.432278156280518,1,0.5950292944908142,1309121.125
269167642,-0.02702496573328972,0.2823339104652405,4.438703536987305,1,0.5950292944908142,1309121.125
269177950,-0.020447537302970886,0.2903897166252136,4.578304290771484,1,0.5950292944908142,1309121.125
269187949,-0.267234206199646,0.4718044400215149,4.533906936645508,1,0.5950292944908142,1309121.125
269197583,-0.2912983298301697,-0.017363937571644783,4.505926132202148,1,0.5950292944908142,1309121.125
269207676,-0.23158805072307587,-0.119440458714962,4.447516918182373,1,0.5950292944908142,1309121.125
269217652,-0.3842505216598511,0.23222462832927704,4.294886112213135,1,0.5950292944908142,1309121.125
269228596,-0.47706303000450134,0.19305811822414398,4.302973747253418,1,0.5950292944908142,1309121.125
269237895,-0.24374493956565857,0.348967969417572,4.523687362670898,1,0.5950292944908142,1309121.125
269247645,-0.349575400352478,0.46433377265930176,4.648341178894043,1,0.5950292944908142,1309121.125
269257702,-0.5062856674194336,0.5042895078659058,4.582369327545166,1,0.5950292944908142,1309121.125
269267633,-0.35882842540740967,0.6664409637451172,4.571480751037598,1,0.5950292944908142,1309121.125
269277899,-0.3273732364177704,0.19194777309894562,4.447412014007568,1,0.5950292944908142,1309121.125
269288504,-0.3093665838241577,0.17633144557476044,4.3895745277404785,1,0.5950292944908142,1309121.125
269297635,-0.33293798565864563,0.4390118420124054,4.441226482391357,1,0.5950292944908142,1309121.125
269307675,-0.4870226979255676,-0.15559960901737213,4.483864784240723,1,0.5950292944908142,1309121.125
269317639,-0.41763100028038025,-0.10732688009738922,4.542450904846191,1,0.5950292944908142,1309121.125
269327944,-0.5204060077667236,0.3706779181957245,4.472810745239258,1,0.5950292944908142,1309121.125
269337930,-0.5416707396507263,0.1936076432466507,4.330833435058594,1,0.5950292944908142,1309121.125
269347675,-0.35074663162231445,0.3032743036746979,4.492965221405029,1,0.5950292944908142,1309121.125
269357675,-0.5063069462776184,0.33628132939338684,4.428008079528809,1,0.5950292944908142,1309121.125
269367689,-0.6922678351402283,0.34223565459251404,4.488847255706787,1,0.5950292944908142,1309121.125
269377955,-0.3827727437019348,0.5059906840324402,4.649232387542725,1,0.5950292944908142,1309121.125
269387908,-0.40450671315193176,0.22397026419639587,4.549815654754639,1,0.5950292944908142,1309121.125
269397636,-0.4025290608406067,0.20999731123447418,4.456939697265625,1,0.5950292944908142,1309121.125
269407651,-0.3479999005794525,0.466511994600296,4.552978992462158,1,0.5950292944908142,1309121.125
269417661,-0.4061901271343231,-0.08269129693508148,4.526277542114258,1,0.5950292944908142,1309121.125
269428479,-0.3598553538322449,-0.1867508888244629,4.620217800140381,1,0.5950292944908142,1309121.125
269438010,-0.5588475465774536,0.222476065158844,4.559064865112305,1,0.5950292944908142,1309121.125
269447631,-0.761644184589386,0.10465031117200851,4.395986080169678,1,0.5950292944908142,1309121.125
269457679,-0.45645871758461,0.15546157956123352,4.600805759429932,1,0.5950292944908142,1309121.125
269467637,-0.5445403456687927,0.3020688593387604,4.519633769989014,1,0.5950292944908142,1309121.125
269477973,-0.7868898510932922,0.3592694401741028,4.540932655334473,1,0.5950292944908142,1309121.125
269488523,-0.7425772547721863,0.7172938585281372,4.637711524963379,1,0.5950292944908142,1309121.125
269497671,-0.5790278315544128,0.28278106451034546,4.63228702545166,1,0.5950292944908142,1309121.125
269507645,-0.5733762979507446,-0.03830133378505707,4.679717540740967,1,0.5950292944908142,1309121.125
269517660,-0.6807737350463867,0.3758135139942169,4.513194561004639,1,0.5950292944908142,1309121.125
269527950,-0.6297567486763,0.0021454065572470427,4.5665106773376465,1,0.5950292944908142,1309121.125
269537938,-0.5161556005477905,-0.22722505033016205,4.540092945098877,1,0.5950292944908142,1309121.125
269547646,-0.6623877286911011,0.14928196370601654,4.4694366455078125,1,0.5950292944908142,1309121.125
269557640,-0.809274435043335,0.11365608870983124,4.4817728996276855,1,0.5950292944908142,1309121.125
269567665,-0.80157071352005,0.13746029138565063,4.446183681488037,1,0.5950292944908142,1309121.125
269578000,-0.6641899347305298,0.2445298284292221,4.553915023803711,1,0.5950292944908142,1309121.125
269587977,-0.6864800453186035,0.24372294545173645,4.572278022766113,1,0.5950292944908142,1309121.125
269597598,-0.8269056081771851,0.72291499376297,4.458672523498535,1,0.5950292944908142,1309121.125
269607669,-0.6079878807067871,0.43058040738105774,4.516794681549072,1,0.5950292944908142,1309121.125
269617652,-0.5351897478103638,-0.132863849401474,4.465519905090332,1,0.5950292944908142,1309121.125
269628472,-0.6909221410751343,0.22920982539653778,4.349425315856934,1,0.5950292944908142,1309121.125
269637655,-0.6071857213973999,0.19792871177196503,4.503852367401123,1,0.5950292944908142,1309121.125
269648007,-0.5934310555458069,-0.13500884175300598,4.451624393463135,1,0.5950292944908142,1309121.125
269657634,-0.5800204873085022,0.035013120621442795,4.452402591705322,1,0.5950292944908142,1309121.125
269667658,-0.5840508341789246,-0.05108227580785751,4.448945999145508,1,0.5950292944908142,1309121.125
269677891,-0.8670068979263306,0.2294880449771881,4.267710208892822,1,0.5950292944908142,1309121.125
269687655,-0.7013899683952332,0.3044030964374542,4.36998987197876,1,0.5950292944908142,1309121.125
269698015,-0.640816330909729,-0.060521531850099564,4.52555513381958,1,0.5950292944908142,1309121.125
269707609,-1.0294986963272095,0.49599510431289673,4.384951114654541,1,0.5950292944908142,1309121.125
269717647,-0.8921351432800293,0.7531556487083435,4.478265285491943,1,0.5950292944908142,1309121.125
269727989,-0.6168268322944641,0.19640043377876282,4.498003005981445,1,0.5950292944908142,1309121.125
269737643,-0.706264078617096,0.36664044857025146,4.318482398986816,1,0.5950292944908142,1309121.125
269747950,-0.5353869795799255,0.2958102822303772,4.439209938049316,1,0.5950292944908142,1309121.125
269757669,-0.5969094634056091,0.04577730968594551,4.506770610809326,1,0.5950292944908142,1309121.125
269767674,-0.7210782170295715,0.10614786297082901,4.501110076904297,1,0.5950292944908142,1309121.125
269777924,-0.6264905333518982,-0.10112122446298599,4.604638576507568,1,0.5950292944908142,1309121.125
269787638,-0.9352028965950012,0.20219068229198456,4.399744033813477,1,0.5950292944908142,1309121.125
269797917,-0.950992226600647,0.6435204148292542,4.307795524597168,1,0.5950292944908142,1309121.125
269807697,-0.5578908324241638,0.09492290019989014,4.4846601486206055,1,0.5950292944908142,1309121.125
269817680,-0.8185229897499084,0.30190423130989075,4.355776786804199,1,0.5950292944908142,1309121.125
269828493,-0.8323649168014526,0.7898090481758118,4.440378189086914,1,0.5950292944908142,1309121.125
269837635,-0.5616850256919861,0.2069130837917328,4.558413982391357,1,0.5950292944908142,1309121.125
269847924,-0.5934182405471802,0.24789953231811523,4.433891296386719,1,0.5950292944908142,1309121.125
269857673,-0.7307637929916382,0.3475359380245209,4.343469619750977,1,0.5950292944908142,1309121.125
269867660,-0.8291110992431641,-0.15237419307231903,4.3368659019470215,1,0.5950292944908142,1309121.125
269877917,-0.857285737991333,0.00658487668260932,4.339676856994629,1,0.5950292944908142,1309121.125
269887640,-0.6652611494064331,0.044710855931043625,4.478907585144043,1,0.5950292944908142,1309121.125
269897999,-0.7977421283721924,0.026046065613627434,4.4665069580078125,1,0.5900292992591858,1309118.0
269907642,-0.8419072031974792,0.5285025238990784,4.408473968505859,1,0.5900292992591858,1309118.0
269917653,-0.5925580263137817,0.26868364214897156,4.574223041534424,1,0.5900292992591858,1309118.0
269927963,-0.8042834997177124,0.17333245277404785,4.38279914855957,1,0.5900292992591858,1309118.0
269937660,-0.8103583455085754,0.7259808778762817,4.418025016784668,1,0.5900292992591858,1309118.0
269947946,-0.5898430943489075,0.22887693345546722,4.578459739685059,1,0.5900292992591858,1309118.0
269957667,-0.6053124666213989,-0.13157346844673157,4.548481464385986,1,0.5900292992591858,1309118.0
269967653,-0.6112574338912964,0.24975235760211945,4.578860282897949,1,0.5900292992591858,1309118.0
269977928,-0.811931848526001,-0.02445876970887184,4.439362049102783,1,0.5900292992591858,1309118.0
269987682,-0.7361010313034058,-0.2565656006336212,4.3974504470825195,1,0.5900292992591858,1309118.0
269997877,-0.6110142469406128,0.006004507653415203,4.538966655731201,1,0.5900292992591858,1309118.0
270007643,-0.9185466170310974,0.15733356773853302,4.348012924194336,1,0.5900292992591858,1309118.0
270017665,-0.9415959715843201,0.6747462749481201,4.356500625610352,1,0.5900292992591858,1309118.0
270028499,-0.6653320789337158,0.47881457209587097,4.442739963531494,1,0.5900292992591858,1309118.0
270037660,-0.5646244883537292,-0.1068686917424202,4.347227573394775,1,0.5900292992591858,1309118.0
270047907,-0.6365967392921448,0.046847153455019,4.3739519119262695,1,0.5900292992591858,1309118.0
270057631,-0.7028261423110962,0.11672134697437286,4.293753623962402,1,0.5900292992591858,1309118.0
270067686,-0.7457596063613892,-0.11099617928266525,4.332216739654541,1,0.5900292992591858,1309118.0
270077901,-0.5537641048431396,-0.0439605675637722,4.370151996612549,1,0.5900292992591858,1309118.0
270087659,-0.4657019376754761,-0.27106359601020813,4.392402648925781,1,0.5900292992591858,1309118.0
270097976,-0.8719956874847412,0.037274319678545,4.290049076080322,1,0.5900292992591858,1309118.0
270107634,-1.0364680290222168,0.43658244609832764,4.199532985687256,1,0.5900292992591858,1309118.0
270117676,-0.6180800795555115,0.0602804534137249,4.464476585388184,1,0.5900292992591858,1309118.0
270127913,-0.6665418148040771,0.26993218064308167,4.3662848472595215,1,0.5900292992591858,1309118.0
270137643,-0.6953436732292175,0.43786925077438354,4.298383712768555,1,0.5900292992591858,1309118.0
270147989,-0.4377145767211914,0.05939355492591858,4.465645790100098,1,0.5900292992591858,1309118.0
270157671,-0.567141592502594,-0.0047313314862549305,4.377295970916748,1,0.5900292992591858,1309118.0
270167673,-0.5888609886169434,-0.24856245517730713,4.403897285461426,1,0.5900292992591858,1309118.0
270177870,-0.7637376189231873,-0.06688416749238968,4.369705677032471,1,0.5900292992591858,1309118.0
270187639,-1.0605835914611816,0.3800894320011139,4.193005084991455,1,0.5900292992591858,1309118.0
270197935,-0.5947471857070923,-0.024463113397359848,4.370447158813477,1,0.5900292992591858,1309118.0
270207666,-0.42321833968162537,0.08784838765859604,4.442044258117676,1,0.5900292992591858,1309118.0
270217679,-0.753795862197876,0.667626142501831,4.242126941680908,1,0.5900292992591858,1309118.0
270228463,-0.5215943455696106,0.39348044991493225,4.403768062591553,1,0.5900292992591858,1309118.0
270237638,-0.462627112865448,0.2738710939884186,4.327699184417725,1,0.5900292992591858,1309118.0
270247947,-0.5526784062385559,0.06285964697599411,4.258950233459473,1,0.5900292992591858,1309118.0
270257610,-0.42113545536994934,-0.053246911615133286,4.337614059448242,1,0.5900292992591858,1309118.0
270267654,-0.5476403832435608,0.23302677273750305,4.2605719566345215,1,0.5900292992591858,1309118.0
270277999,-0.5068169236183167,-0.24119679629802704,4.303997039794922,1,0.5900292992591858,1309118.0
270287675,-0.3046785593032837,-0.34053835272789,4.473649501800537,1,0.5900292992591858,1309118.0
270298032,-0.6095517873764038,0.31519776582717896,4.338016510009766,1,0.5900292992591858,1309118.0
270307642,-0.6216298341751099,0.28661879897117615,4.287204265594482,1,0.5900292992591858,1309118.0
270317627,-0.2901460826396942,0.30539700388908386,4.406652927398682,1,0.5900292992591858,1309118.0
270327935,-0.411355584859848,0.3814685344696045,4.251253128051758,1,0.5900292992591858,1309118.0
270337653,-0.3923209607601166,0.2899336516857147,4.280766010284424,1,0.5900292992591858,1309118.0
270347901,-0.24329257011413574,0.34974488615989685,4.405067443847656,1,0.5900292992591858,1309118.0
270357708,-0.2191183865070343,-0.1843983680009842,4.444028377532959,1,0.5900292992591858,1309118.0
270367689,-0.11988154798746109,-0.414417564868927,4.524466037750244,1,0.5900292992591858,1309118.0
270377966,-0.34311050176620483,0.06423065811395645,4.374246120452881,1,0.5900292992591858,1309118.0
270387685,-0.5568847060203552,0.18471050262451172,4.221743106842041,1,0.5900292992591858,1309118.0
270397931,-0.3926851451396942,0.17817042768001556,4.356287002563477,1,0.5900292992591858,1309118.0
270407659,-0.2662428319454193,0.252383291721344,4.507646560668945,1,0.5900292992591858,1309118.0
270417670,-0.5127438902854919,0.23860687017440796,4.4706621170043945,1,0.5900292992591858,1309118.0
270428493,-0.38325318694114685,0.6325185298919678,4.450815677642822,1,0.5900292992591858,1309118.0
270437669,-0.13195160031318665,0.3974745571613312,4.427515029907227,1,0.5900292992591858,1309118.0
270447975,0.0350603312253952,-0.07022964209318161,4.322103500366211,1,0.5900292992591858,1309118.0
270457621,-0.09870011359453201,0.10006944090127945,4.3477020263671875,1,0.5900292992591858,1309118.0
270467675,-0.3553280234336853,0.05408088117837906,4.364258289337158,1,0.5900292992591858,1309118.0
270477960,-0.44040584564208984,-0.01431962475180626,4.4906792640686035,1,0.5900292992591858,1309118.0
270487662,-0.33931267261505127,0.04129493609070778,4.540510177612305,1,0.5900292992591858,1309118.0
270497998,-0.20757922530174255,0.009340899996459484,4.55738639831543,1,0.5900292992591858,1309118.0
270507673,-0.3497113883495331,0.5015016794204712,4.352654933929443,1,0.5900292992591858,1309118.0
270517632,-0.12031503021717072,0.7015659213066101,4.275143623352051,1,0.5900292992591858,1309118.0
270527930,0.13920368254184723,0.2571849822998047,4.485067367553711,1,0.5900292992591858,1309118.0
270537645,-0.1644122153520584,0.4070679247379303,4.518537521362305,1,0.5900292992591858,1309118.0
270547948,-0.12928061187267303,0.33582037687301636,4.698696613311768,1,0.5900292992591858,1309118.0
270557635,-0.07722587883472443,-0.14704996347427368,4.764369010925293,1,0.5900292992591858,1309118.0
270567673,-0.12421144545078278,0.053633663803339005,4.492836952209473,1,0.5900292992591858,1309118.0
270577930,-0.013170547783374786,0.07131198048591614,4.432738304138184,1,0.5900292992591858,1309118.0
270587686,-0.20820525288581848,0.2075096070766449,4.3086090087890625,1,0.5900292992591858,1309118.0
270597915,-0.17500270903110504,0.3838425278663635,4.497708797454834,1,0.5900292992591858,1309118.0
270607650,0.04582515358924866,-0.02172669768333435,4.833200454711914,1,0.5900292992591858,1309118.0
270617667,-0.348661333322525,0.36225515604019165,4.667667865753174,1,0.5900292992591858,1309118.0
270628487,-0.17886421084403992,0.7367743849754333,4.625829696655273,1,0.5900292992591858,1309118.0
270637631,0.19208228588104248,0.1935647428035736,4.612832546234131,1,0.5900292992591858,1309118.0
270647942,-0.03489936515688896,0.43845096230506897,4.330410957336426,1,0.5900292992591858,1309118.0
270657658,-0.08232640475034714,0.4202090799808502,4.44510555267334,1,0.5900292992591858,1309118.0
270667658,0.03485266864299774,-0.1790587157011032,4.584441661834717,1,0.5900292992591858,1309118.0
270677961,-0.048732876777648926,-0.12612448632717133,4.601669788360596,1,0.5900292992591858,1309118.0
270687669,0.08270490169525146,-0.09160342812538147,4.671443939208984,1,0.5900292992591858,1309118.0
270698072,-0.06021111086010933,0.02303488738834858,4.606484413146973,1,0.5900292992591858,1309118.0
270707654,-0.07965085655450821,0.39834845066070557,4.400766849517822,1,0.5900292992591858,1309118.0
270717574,0.20291933417320251,0.05230318382382393,4.55651330947876,1,0.5900292992591858,1309118.0
270727877,-0.13524635136127472,0.09210020303726196,4.414326190948486,1,0.5900292992591858,1309118.0
270737694,-0.2854195237159729,0.6475677490234375,4.447638511657715,1,0.5900292992591858,1309118.0
270747950,0.14188437163829803,0.1791725903749466,4.703166484832764,1,0.5900292992591858,1309118.0
270757685,0.17175337672233582,0.09944319725036621,4.682306289672852,1,0.5900292992591858,1309118.0
270767676,0.15425492823123932,0.3072637617588043,4.597839832305908,1,0.5900292992591858,1309118.0
270777917,0.1444498747587204,0.11735544353723526,4.541478633880615,1,0.5900292992591858,1309118.0
270787665,0.04598446562886238,0.10524562001228333,4.404292583465576,1,0.5900292992591858,1309118.0
270797878,0.045774493366479874,-0.16313020884990692,4.439403533935547,1,0.5900292992591858,1309118.0
270807699,0.13222259283065796,-0.28002506494522095,4.543840408325195,1,0.5900292992591858,1309118.0
270817674,-0.16147473454475403,0.4215400516986847,4.506458759307861,1,0.5900292992591858,1309118.0
270828485,-0.048924513161182404,0.49269363284111023,4.516910552978516,1,0.5900292992591858,1309118.0
270837659,0.23958614468574524,0.25955042243003845,4.533344268798828,1,0.5900292992591858,1309118.0
270847936,0.06869306415319443,0.37285053730010986,4.333086967468262,1,0.5900292992591858,1309118.0
270857747,0.05793265998363495,0.30902963876724243,4.313264846801758,1,0.5950292944908142,1309116.125
270867654,0.2169390171766281,0.2353682816028595,4.4233503341674805,1,0.5950292944908142,1309116.125
270877958,0.16618254780769348,0.0660041868686676,4.429788589477539,1,0.5950292944908142,1309116.125
270887647,0.2926713824272156,-0.24181072413921356,4.44276237487793,1,0.5950292944908142,1309116.125
270898014,0.14406362175941467,0.12641125917434692,4.401933670043945,1,0.5950292944908142,1309116.125
270907678,-0.10418558865785599,0.42372822761535645,4.186487674713135,1,0.5950292944908142,1309116.125
270917661,0.07974456250667572,0.11708758026361465,4.3041887283325195,1,0.5950292944908142,1309116.125
270927959,0.13934597373008728,0.21009431779384613,4.378081321716309,1,0.5950292944908142,1309116.125
270937634,-0.14056025445461273,0.35317113995552063,4.273015975952148,1,0.5950292944908142,1309116.125
270947955,0.0006015865947119892,0.508105993270874,4.405657768249512,1,0.5950292944908142,1309116.125
270957691,0.2692510187625885,0.5554872155189514,4.324753761291504,1,0.5950292944908142,1309116.125
270967620,0.27778905630111694,0.09510445594787598,4.292253017425537,1,0.5950292944908142,1309116.125
270977933,0.23947231471538544,0.2173009067773819,4.28318452835083,1,0.5950292944908142,1309116.125
270987670,0.14244239032268524,0.32111406326293945,4.324095726013184,1,0.5950292944908142,1309116.125
270997905,0.2058354616165161,-0.2191905528306961,4.430356025695801,1,0.5950292944908142,1309116.125
271007673,0.22181551158428192,-0.011695788241922855,4.493941307067871,1,0.5950292944908142,1309116.125
271017719,0.19167710840702057,0.16914977133274078,4.446976661682129,1,0.5950292944908142,1309116.125
271028511,-0.01314446423202753,0.35911285877227783,4.433088302612305,1,0.5950292944908142,1309116.125
271037680,-0.009942855685949326,0.7006304264068604,4.338560581207275,1,0.5950292944908142,1309116.125
271047970,0.2277068942785263,0.3714107871055603,4.5206098556518555,1,0.5950292944908142,1309116.125
271057645,0.1490136981010437,0.3703549802303314,4.535947322845459,1,0.5950292944908142,1309116.125
271067666,-0.026167776435613632,0.8037251830101013,4.492905616760254,1,0.5950292944908142,1309116.125
271077963,0.28417107462882996,0.4657176733016968,4.655463695526123,1,0.5950292944908142,1309116.125
271087665,0.30808067321777344,0.24281132221221924,4.504875659942627,1,0.5950292944908142,1309116.125
271098007,0.16337282955646515,0.28027546405792236,4.319729804992676,1,0.5950292944908142,1309116.125
271107667,0.07279305160045624,0.19154635071754456,4.356225490570068,1,0.5950292944908142,1309116.125
271117663,-0.043782006949186325,0.31835001707077026,4.282236099243164,1,0.5950292944908142,1309116.125
271127896,0.1590307354927063,0.16295674443244934,4.511584281921387,1,0.5950292944908142,1309116.125
271137570,0.15455076098442078,0.1679067462682724,4.63397741317749,1,0.5950292944908142,1309116.125
271147959,-0.2535949945449829,0.6054965853691101,4.411667823791504,1,0.5950292944908142,1309116.125
271157705,0.012312560342252254,0.41331082582473755,4.479935169219971,1,0.5950292944908142,1309116.125
271167648,0.21808727085590363,0.19105537235736847,4.51754903793335,1,0.5950292944908142,1309116.125
271177870,-0.11954411119222641,0.6921001672744751,4.36580753326416,1,0.5950292944908142,1309116.125
271187673,0.09998244047164917,0.635213315486908,4.55333137512207,1,0.5950292944908142,1309116.125
271197972,0.17797648906707764,0.45023366808891296,4.652295112609863,1,0.5950292944908142,1309116.125
271207682,-0.03277035802602768,0.6683816313743591,4.444561004638672,1,0.5950292944908142,1309116.125
271217688,0.08809030055999756,0.3791294991970062,4.494207382202148,1,0.5950292944908142,1309116.125
271228456,-0.006073524709790945,0.2632608115673065,4.334617614746094,1,0.5950292944908142,1309116.125
271237639,-0.10142850130796432,0.04503938928246498,4.332450866699219,1,0.5950292944908142,1309116.125
271247908,0.020194394513964653,-0.18826456367969513,4.535312652587891,1,0.5950292944908142,1309116.125
271257643,-0.19436714053153992,0.3334617614746094,4.55963134765625,1,0.5950292944908142,1309116.125
271267625,-0.1905509978532791,0.5315330624580383,4.524927139282227,1,0.5950292944908142,1309116.125
271277975,0.09922431409358978,0.2247166931629181,4.626441955566406,1,0.5950292944908142,1309116.125
271287670,-0.2226819097995758,0.5453572869300842,4.3326005935668945,1,0.5950292944908142,1309116.125
271298018,-0.36777761578559875,0.6461378335952759,4.226440906524658,1,0.5950292944908142,1309116.125
271307714,-0.038633011281490326,0.4151274859905243,4.452883720397949,1,0.5950292944908142,1309116.125
271317644,-0.1487198919057846,0.42481350898742676,4.448352336883545,1,0.5950292944908142,1309116.125
271328006,-0.13432925939559937,0.3661419153213501,4.50648307800293,1,0.5950292944908142,1309116.125
271337680,-0.05223563686013222,0.46769794821739197,4.585447788238525,1,0.5950292944908142,1309116.125
271347965,-0.21574506163597107,0.43071749806404114,4.323314666748047,1,0.5950292944908142,1309116.125
271357685,-0.005613865330815315,0.004123602993786335,4.35606575012207,1,0.5950292944908142,1309116.125
271367648,-0.15150023996829987,0.0889291986823082,4.311052322387695,1,0.5950292944908142,1309116.125
271377936,-0.43853744864463806,0.366092324256897,4.251450061798096,1,0.5950292944908142,1309116.125
271387714,-0.24101437628269196,0.08765095472335815,4.478501796722412,1,0.5950292944908142,1309116.125
271397667,-0.13012753427028656,0.2980344295501709,4.502510070800781,1,0.5950292944908142,1309116.125
271407936,-0.4108065962791443,0.6525968313217163,4.382625102996826,1,0.5950292944908142,1309116.125
271417655,-0.2690759003162384,0.743615984916687,4.34081506729126,1,0.5950292944908142,1309116.125
271428496,-0.048311054706573486,0.6691945791244507,4.358183860778809,1,0.5950292944908142,1309116.125
271437629,-0.02390531823039055,0.28499889373779297,4.316867828369141,1,0.5950292944908142,1309116.125
271447738,-0.18000955879688263,0.3092459440231323,4.388510227203369,1,0.5950292944908142,1309116.125
271457965,-0.31172776222229004,0.437995046377182,4.332078456878662,1,0.5950292944908142,1309116.125
271467699,-0.24717682600021362,0.00212209764868021,4.487911701202393,1,0.5950292944908142,1309116.125
271477934,-0.2509710490703583,-0.0027429715264588594,4.434359550476074,1,0.5950292944908142,1309116.125
271487686,-0.39907902479171753,0.15375405550003052,4.334253311157227,1,0.5950292944908142,1309116.125
271497662,-0.4879734516143799,0.40251049399375916,4.285609722137451,1,0.5950292944908142,1309116.125
271507907,-0.4054468870162964,0.6145589351654053,4.2303056716918945,1,0.5950292944908142,1309116.125
271517660,-0.18398313224315643,0.1989888995885849,4.340908527374268,1,0.5950292944908142,1309116.125
271527947,-0.39473646879196167,0.42865583300590515,4.371036052703857,1,0.5950292944908142,1309116.125
271537684,-0.46309277415275574,0.8275818228721619,4.345601558685303,1,0.5950292944908142,1309116.125
271547653,-0.2221224308013916,0.1696062833070755,4.525872230529785,1,0.5950292944908142,1309116.125
271558110,-0.3032010495662689,-0.0016681966371834278,4.383457660675049,1,0.5950292944908142,1309116.125
271567638,-0.35855668783187866,0.08990680426359177,4.267446994781494,1,0.5950292944908142,1309116.125
271577887,-0.4450049102306366,-0.0993005782365799,4.350686550140381,1,0.5950292944908142,1309116.125
271587657,-0.6806694865226746,0.2307639718055725,4.299233913421631,1,0.5950292944908142,1309116.125
271597661,-0.3719445765018463,-0.06687745451927185,4.407229900360107,1,0.5950292944908142,1309116.125
271607892,-0.4248090386390686,0.04548053443431854,4.400102138519287,1,0.5950292944908142,1309116.125
271617698,-0.7372698783874512,0.7745048403739929,4.116988658905029,1,0.5950292944908142,1309116.125
271628509,-0.3973662257194519,0.5193883776664734,4.25782585144043,1,0.5950292944908142,1309116.125
271637624,-0.2857239842414856,0.3693625330924988,4.220201015472412,1,0.5950292944908142,1309116.125
271647704,-0.6041322350502014,0.446071982383728,4.029099941253662,1,0.5950292944908142,1309116.125
271657989,-0.5021900534629822,0.3117852210998535,4.197282314300537,1,0.5950292944908142,1309116.125
271667669,-0.5461909174919128,0.4592486023902893,4.0737690925598145,1,0.5950292944908142,1309116.125
271677957,-0.5206497311592102,0.021423187106847763,4.10089111328125,1,0.5950292944908142,1309116.125
271687711,-0.4046403169631958,-0.10693288594484329,4.316412925720215,1,0.5950292944908142,1309116.125
271697679,-0.7352108359336853,0.4326762557029724,4.212578773498535,1,0.5950292944908142,1309116.125
271707980,-0.6290183663368225,0.4690881371498108,4.273825645446777,1,0.5950292944908142,1309116.125
271717647,-0.42001432180404663,0.5660077333450317,4.351472854614258,1,0.5950292944908142,1309116.125
271727916,-0.6187934279441833,0.6836200952529907,4.069335460662842,1,0.5950292944908142,1309116.125
271737708,-0.555840253829956,0.5172917246818542,4.172729015350342,1,0.5950292944908142,1309116.125
271747665,-0.4851086735725403,0.6338330507278442,4.1852874755859375,1,0.5950292944908142,1309116.125
271758040,-0.5261214971542358,0.20237915217876434,4.241249084472656,1,0.5950292944908142,1309116.125
271767659,-0.38803040981292725,-0.22539860010147095,4.328619003295898,1,0.5950292944908142,1309116.125
271778001,-0.5973516702651978,0.12336093187332153,4.085604190826416,1,0.5950292944908142,1309116.125
271787657,-0.7573972344398499,0.24683991074562073,3.989851236343384,1,0.5950292944908142,1309116.125
271797668,-0.620956301689148,0.29765042662620544,4.02961540222168,1,0.5950292944908142,1309116.125
271807926,-0.5694153308868408,0.511345386505127,4.0876336097717285,1,0.5950292944908142,1309116.125
271817665,-0.6722590327262878,0.4942341446876526,4.171828746795654,1,0.5950292944908142,1309116.125
271828475,-0.7918276786804199,0.8278183341026306,4.043762683868408,1,0.5950292944908142,1309116.125
271837624,-0.5170185565948486,0.5195892453193665,3.9976747035980225,1,0.5950292944908142,1309116.125
271847636,-0.3046850562095642,-0.006506386213004589,3.9323642253875732,1,0.5950292944908142,1309116.125
271857960,-0.4555490016937256,0.18224111199378967,3.7489640712738037,1,0.5999912023544312,1309122.5
271867628,-0.4623800814151764,0.16905882954597473,3.877075672149658,1,0.5999912023544312,1309122.5
271877945,-0.5659456253051758,-0.03912336379289627,3.8769750595092773,1,0.5999912023544312,1309122.5
271887673,-0.5568601489067078,0.201434925198555,3.9175705909729004,1,0.5999912023544312,1309122.5
271897674,-0.35615530610084534,0.2139282524585724,4.022621154785156,1,0.5999912023544312,1309122.5
271907940,-0.6818143129348755,0.6722288131713867,3.759307861328125,1,0.5999912023544312,1309122.5
271917628,-0.49647507071495056,0.8208998441696167,3.7548012733459473,1,0.5999912023544312,1309122.5
271927867,-0.19812338054180145,0.36133089661598206,3.9920661449432373,1,0.5999912023544312,1309122.5
271937641,-0.48007723689079285,0.4185991883277893,3.850924015045166,1,0.5999912023544312,1309122.5
271947650,-0.5110520124435425,0.32765963673591614,3.976365327835083,1,0.5999912023544312,1309122.5
271958124,-0.554972767829895,0.049465447664260864,3.9912707805633545,1,0.5999912023544312,1309122.5
271967655,-0.6937798261642456,0.2009660005569458,3.8132503032684326,1,0.5999912023544312,1309122.5
271977918,-0.3978844881057739,-0.026218213140964508,4.009700298309326,1,0.5999912023544312,1309122.5
271987695,-0.5064186453819275,0.33261653780937195,4.031455039978027,1,0.5999912023544312,1309122.5
271997669,-0.7363301515579224,0.8151657581329346,4.043903350830078,1,0.5999912023544312,1309122.5
272007933,-0.41289129853248596,0.2686097025871277,4.257692813873291,1,0.5999912023544312,1309122.5
272017644,-0.5072234869003296,0.32346591353416443,4.129872798919678,1,0.5999912023544312,1309122.5
272028484,-0.723482072353363,0.4855201244354248,4.022181510925293,1,0.5999912023544312,1309122.5
272037629,-0.5690042972564697,0.47369107604026794,4.1781697273254395,1,0.5999912023544312,1309122.5
272047641,-0.48648256063461304,0.423116534948349,4.227192401885986,1,0.5999912023544312,1309122.5
272057965,-0.32756558060646057,-0.17010556161403656,4.289862632751465,1,0.5999912023544312,1309122.5
272067677,-0.4402165114879608,-0.3120463490486145,4.290606498718262,1,0.5999912023544312,1309122.5
272077679,-0.7247514128684998,0.12573449313640594,4.063687324523926,1,0.5999912023544312,1309122.5
272088464,-0.5278326869010925,-0.1575102061033249,4.1126203536987305,1,0.5999912023544312,1309122.5
272097664,-0.4242709279060364,0.10948088020086288,4.15476131439209,1,0.5999912023544312,1309122.5
272107937,-0.6166438460350037,0.4133046269416809,4.129410743713379,1,0.5999912023544312,1309122.5
272117650,-0.6802136301994324,0.4042482376098633,4.248710632324219,1,0.5999912023544312,1309122.5
272127662,-0.550233781337738,0.41781312227249146,4.303030967712402,1,0.5999912023544312,1309122.5
272137919,-0.45372533798217773,-0.026236945763230324,4.30015754699707,1,0.5999912023544312,1309122.5
272147685,-0.41585996747016907,-0.029858607798814774,4.225214958190918,1,0.5999912023544312,1309122.5
272158073,-0.40894705057144165,0.29828405380249023,4.184856414794922,1,0.5999912023544312,1309122.5
272167660,-0.41523975133895874,-0.2252132147550583,4.272976398468018,1,0.5999912023544312,1309122.5
272177696,-0.36513552069664,-0.1860474795103073,4.391047477722168,1,0.5999912023544312,1309122.5
272187915,-0.49103108048439026,0.05584677308797836,4.463222026824951,1,0.5999912023544312,1309122.5
272197668,-0.7223262786865234,0.1583998054265976,4.372859954833984,1,0.5999912023544312,1309122.5
272207967,-0.6513163447380066,0.5211009383201599,4.285234451293945,1,0.5999912023544312,1309122.5
272217638,-0.380323588848114,0.2687652111053467,4.366283416748047,1,0.5999912023544312,1309122.5
272227702,-0.5109943151473999,0.1856602281332016,4.341536521911621,1,0.5999912023544312,1309122.5
272237921,-0.515506386756897,0.6344410181045532,4.445352554321289,1,0.5999912023544312,1309122.5
272247651,-0.365508496761322,0.03466538339853287,4.613448619842529,1,0.5999912023544312,1309122.5
272257977,-0.33026620745658875,-0.30008846521377563,4.510040283203125,1,0.5999912023544312,1309122.5
272267651,-0.4376412630081177,0.04893343150615692,4.482611656188965,1,0.5999912023544312,1309122.5
272277726,-0.49700334668159485,0.09271015971899033,4.387775421142578,1,0.5999912023544312,1309122.5
272288543,-0.6536950469017029,0.29607051610946655,4.337627410888672,1,0.5999912023544312,1309122.5
272297626,-0.31918326020240784,0.15334178507328033,4.380624294281006,1,0.5999912023544312,1309122.5
272307963,-0.4247399866580963,0.08388208597898483,4.472508907318115,1,0.5999912023544312,1309122.5
272317627,-0.6955147385597229,0.7300959825515747,4.3977203369140625,1,0.5999912023544312,1309122.5
272327639,-0.5088006854057312,0.7104827761650085,4.481817245483398,1,0.5999912023544312,1309122.5
272337913,-0.27001699805259705,0.30679696798324585,4.439476013183594,1,0.5999912023544312,1309122.5
272347646,-0.44411981105804443,0.3307427167892456,4.293051719665527,1,0.5999912023544312,1309122.5
272358049,-0.3251059353351593,0.25288644433021545,4.386955261230469,1,0.5999912023544312,1309122.5
272367662,-0.3070259988307953,0.39812883734703064,4.416390419006348,1,0.5999912023544312,1309122.5
272377664,-0.3734387755393982,0.30004680156707764,4.38546895980835,1,0.5999912023544312,1309122.5
272387962,-0.26804980635643005,-0.00658222334459424,4.429553508758545,1,0.5999912023544312,1309122.5
272397679,-0.4417611062526703,0.3365558683872223,4.3042731285095215,1,0.5999912023544312,1309122.5
272407895,-0.5995429754257202,0.4395870864391327,4.283487319946289,1,0.5999912023544312,1309122.5
272417667,-0.3239807188510895,0.16147036850452423,4.448256492614746,1,0.5999912023544312,1309122.5
272427671,-0.2565726935863495,0.2318989783525467,4.4855122566223145,1,0.5999912023544312,1309122.5
272437897,-0.4005005657672882,0.39623787999153137,4.46218729019165,1,0.5999912023544312,1309122.5
272447660,-0.4532041549682617,0.696147620677948,4.454765319824219,1,0.5999912023544312,1309122.5
272457993,-0.26604747772216797,0.5999399423599243,4.460969924926758,1,0.5999912023544312,1309122.5
272467655,-0.1610562652349472,0.006539337802678347,4.461361408233643,1,0.5999912023544312,1309122.5
272477696,-0.31486600637435913,0.07651215046644211,4.412785530090332,1,0.5999912023544312,1309122.5
272488482,-0.38650354743003845,0.15259195864200592,4.42001485824585,1,0.5999912023544312,1309122.5
272497626,-0.25631868839263916,-0.16507619619369507,4.539392948150635,1,0.5999912023544312,1309122.5
272507953,-0.17537400126457214,0.07518045604228973,4.575194358825684,1,0.5999912023544312,1309122.5
272517677,-0.2059350311756134,0.21554085612297058,4.5985260009765625,1,0.5999912023544312,1309122.5
272527679,-0.4551527798175812,0.342144250869751,4.572308540344238,1,0.5999912023544312,1309122.5
272537916,-0.44392186403274536,0.43641918897628784,4.538083076477051,1,0.5999912023544312,1309122.5
272547679,-0.22685398161411285,-0.019206304103136063,4.714217662811279,1,0.5999912023544312,1309122.5
272558095,-0.3289799094200134,0.24383731186389923,4.631962776184082,1,0.5999912023544312,1309122.5
272567657,-0.3219786286354065,0.604218065738678,4.587844371795654,1,0.5999912023544312,1309122.5
272577624,0.08227721601724625,0.11779770255088806,4.759973526000977,1,0.5999912023544312,1309122.5
272588005,0.03757254779338837,0.11870434135198593,4.744845867156982,1,0.5999912023544312,1309122.5
272597673,-0.15461957454681396,0.03816301375627518,4.617276191711426,1,0.5999912023544312,1309122.5
272607948,-0.28835952281951904,-0.04247424006462097,4.575613975524902,1,0.5999912023544312,1309122.5
272617710,-0.4114753305912018,0.12097372114658356,4.343261241912842,1,0.5999912023544312,1309122.5
272627721,-0.28308165073394775,-0.10085894167423248,4.38539981842041,1,0.5999912023544312,1309122.5
272637965,-0.2375219762325287,-0.038155268877744675,4.376453399658203,1,0.5999912023544312,1309122.5
272647648,-0.5368492007255554,0.26073575019836426,4.318349838256836,1,0.5999912023544312,1309122.5
272657954,-0.11267317086458206,-0.1289834827184677,4.513688087463379,1,0.5999912023544312,1309122.5
272667671,-0.10264397412538528,0.06327793747186661,4.511910438537598,1,0.5999912023544312,1309122.5
272677697,-0.5015853047370911,0.45036372542381287,4.256087779998779,1,0.5999912023544312,1309122.5
272688492,-0.3242856562137604,0.23887887597084045,4.345425128936768,1,0.5999912023544312,1309122.5
272697679,-0.11091846972703934,0.21567684412002563,4.42042875289917,1,0.5999912023544312,1309122.5
272707899,-0.3054995536804199,0.22427235543727875,4.420424461364746,1,0.5999912023544312,1309122.5
272717656,-0.17775069177150726,0.10332134366035461,4.559730052947998,1,0.5999912023544312,1309122.5
272727681,-0.09987126290798187,0.1619158387184143,4.576340675354004,1,0.5999912023544312,1309122.5
272737934,-0.0726386308670044,-0.1647791713476181,4.481453895568848,1,0.5999912023544312,1309122.5
272747637,-0.12224850803613663,-0.12033785879611969,4.522490978240967,1,0.5999912023544312,1309122.5
272758048,-0.3587784767150879,0.3261510133743286,4.399888038635254,1,0.5999912023544312,1309122.5
272767702,-0.41700834035873413,-0.03425448760390282,4.487636566162109,1,0.5999912023544312,1309122.5
272777624,-0.1482413411140442,-0.09464484453201294,4.582242965698242,1,0.5999912023544312,1309122.5
272787879,-0.19940021634101868,-8.810965664451942e-05,4.592935562133789,1,0.5999912023544312,1309122.5
272797542,-0.18041540682315826,0.050560418516397476,4.579920291900635,1,0.5999912023544312,1309122.5
272807900,-0.13623438775539398,0.45038193464279175,4.523684024810791,1,0.5999912023544312,1309122.5
272817659,0.08230646699666977,0.28910940885543823,4.520216464996338,1,0.5999912023544312,1309122.5
272827670,-0.10145695507526398,0.18548902869224548,4.5023932456970215,1,0.5999912023544312,1309122.5
272837944,-0.25408315658569336,0.5242457389831543,4.397884368896484,1,0.5999912023544312,1309122.5
272847657,-0.12424372881650925,0.1310771256685257,4.572587966918945,1,0.5999912023544312,1309122.5
272857999,0.012183773331344128,-0.01952786184847355,4.588212013244629,1,0.5949912071228027,1309128.875
272867642,-0.005755892489105463,-0.08976200222969055,4.5099568367004395,1,0.5949912071228027,1309128.875
272877643,0.0055785407312214375,-0.15438666939735413,4.505971908569336,1,0.5949912071228027,1309128.875
272888541,-0.26894718408584595,0.2756577134132385,4.417243957519531,1,0.5949912071228027,1309128.875
272897633,-0.1623104214668274,-0.06243639811873436,4.47950553894043,1,0.5949912071228027,1309128.875
272907918,-0.10666393488645554,-0.10235608369112015,4.689507961273193,1,0.5949912071228027,1309128.875
272917630,-0.4686908423900604,0.5655258893966675,4.405892372131348,1,0.5949912071228027,1309128.875
272927655,-0.25066232681274414,0.47710341215133667,4.4790520668029785,1,0.5949912071228027,1309128.875
272937929,0.27709290385246277,0.32818058133125305,4.594771862030029,1,0.5949912071228027,1309128.875
272947716,0.05156987905502319,0.4262353479862213,4.535950660705566,1,0.5949912071228027,1309128.875
272958085,0.17330771684646606,0.14461658895015717,4.730809211730957,1,0.5949912071228027,1309128.875
272967657,-0.00412850733846426,0.22614942491054535,4.797177314758301,1,0.5949912071228027,1309128.875
272977727,-0.2447391003370285,-0.08456122875213623,4.611429214477539,1,0.5949912071228027,1309128.875
272987635,-0.007217062171548605,-0.2575575113296509,4.650030136108398,1,0.5949912071228027,1309128.875
272997977,-0.18971286714076996,0.27600884437561035,4.423144817352295,1,0.5949912071228027,1309128.875
273008179,-0.2384192943572998,0.43462687730789185,4.4044599533081055,1,0.5949912071228027,1309128.875
273017694,0.18570838868618011,0.2725469470024109,4.730195999145508,1,0.5949912071228027,1309128.875
273027657,0.10299791395664215,0.4349527060985565,4.704331398010254,1,0.5949912071228027,1309128.875
273037690,-0.08189985901117325,0.3835625648498535,4.680906295776367,1,0.5949912071228027,1309128.875
273047951,-0.12136637419462204,0.518895149230957,4.641389846801758,1,0.5949912071228027,1309128.875
273057949,0.04337608441710472,0.4489581882953644,4.512119770050049,1,0.5949912071228027,1309128.875
273067660,0.1700439453125,-0.05297248065471649,4.574595928192139,1,0.5949912071228027,1309128.875
273077659,-0.014309373684227467,0.2795911729335785,4.526999473571777,1,0.5949912071228027,1309128.875
273087656,-0.07374563068151474,0.3840674161911011,4.5955071449279785,1,0.5949912071228027,1309128.875
273098033,0.06073325127363205,-0.008885012939572334,4.721628189086914,1,0.5949912071228027,1309128.875
273107954,0.06157097965478897,0.052193913608789444,4.665440559387207,1,0.5949912071228027,1309128.875
273117638,0.09916766732931137,0.13512086868286133,4.715492248535156,1,0.5949912071228027,1309128.875
273127667,-0.15234601497650146,0.382235050201416,4.565179347991943,1,0.5949912071228027,1309128.875
273137663,-0.17102020978927612,0.477367639541626,4.515482425689697,1,0.5949912071228027,1309128.875
273147972,0.0628511980175972,0.04674728959798813,4.7553629875183105,1,0.5949912071228027,1309128.875
273158086,-0.16796556115150452,0.36802467703819275,4.645600318908691,1,0.5949912071228027,1309128.875
273167632,-0.0008028305019252002,0.5802053809165955,4.754587173461914,1,0.5949912071228027,1309128.875
273177668,0.3249766230583191,0.16996723413467407,4.862104415893555,1,0.5949912071228027,1309128.875
273187644,0.11937103420495987,0.23113076388835907,4.7213335037231445,1,0.5949912071228027,1309128.875
273197936,0.16192342340946198,0.14539887011051178,4.756925106048584,1,0.5949912071228027,1309128.875
273207957,0.038038093596696854,-0.04743841663002968,4.756671905517578,1,0.5949912071228027,1309128.875
273217666,-0.047171540558338165,0.06625190377235413,4.683713912963867,1,0.5949912071228027,1309128.875
273227647,0.17644131183624268,-0.2218746542930603,4.911412239074707,1,0.5949912071228027,1309128.875
273237672,-0.05123033747076988,0.055504120886325836,4.765651702880859,1,0.5949912071228027,1309128.875
273247959,-0.29535573720932007,0.6663235425949097,4.65483283996582,1,0.5949912071228027,1309128.875
273257935,0.09231232851743698,0.1894361525774002,4.793355941772461,1,0.5949912071228027,1309128.875
273267708,0.15077945590019226,0.21339885890483856,4.768697738647461,1,0.5949912071228027,1309128.875
273277668,-0.061831939965486526,0.7472392916679382,4.681288242340088,1,0.5949912071228027,1309128.875
273287604,0.010193034075200558,0.4932730197906494,4.758957862854004,1,0.5949912071228027,1309128.875
273298017,0.12247944623231888,0.26165565848350525,4.726127624511719,1,0.5949912071228027,1309128.875
273307917,0.09609301388263702,0.04081439599394798,4.71178674697876,1,0.5949912071228027,1309128.875
273317622,0.17807234823703766,-0.10617171972990036,4.766400337219238,1,0.5949912071228027,1309128.875
273327676,-0.06543951481580734,0.28470954298973083,4.6848368644714355,1,0.5949912071228027,1309128.875
273337647,-0.04649003967642784,0.10752314329147339,4.640376091003418,1,0.5949912071228027,1309128.875
273347980,0.051379889249801636,0.012642269022762775,4.770005226135254,1,0.5949912071228027,1309128.875
273358126,-0.28242358565330505,0.6246263384819031,4.526618957519531,1,0.5949912071228027,1309128.875
273367688,-0.18945492804050446,0.5707094073295593,4.545042991638184,1,0.5949912071228027,1309128.875
273377627,0.16082586348056793,0.48868119716644287,4.677975177764893,1,0.5949912071228027,1309128.875
273387636,-0.04036199674010277,0.5579233765602112,4.545549392700195,1,0.5949912071228027,1309128.875
273397939,-0.0007089861901476979,0.41260257363319397,4.61782693862915,1,0.5949912071228027,1309128.875
273407967,-0.10016676038503647,0.504202663898468,4.644723415374756,1,0.5949912071228027,1309128.875
273417659,-0.1306820809841156,0.18927456438541412,4.543736457824707,1,0.5949912071228027,1309128.875
273427655,0.08992673456668854,-0.3112814128398895,4.665517330169678,1,0.5949912071228027,1309128.875
273437644,-0.05360880121588707,0.14945754408836365,4.5004682540893555,1,0.5949912071228027,1309128.875
273447955,-0.4053717255592346,0.4222727119922638,4.448060035705566,1,0.5949912071228027,1309128.875
273457959,-0.2571891248226166,0.6808668971061707,4.618173599243164,1,0.5949912071228027,1309128.875
273467671,-0.05921493470668793,0.6860835552215576,4.648749351501465,1,0.5949912071228027,1309128.875
273477653,-0.04182957857847214,0.46917369961738586,4.646110534667969,1,0.5949912071228027,1309128.875
273487643,-0.2151954472064972,0.6362418532371521,4.491158485412598,1,0.5949912071228027,1309128.875
273498069,-0.15825767815113068,0.4225786626338959,4.418948173522949,1,0.5949912071228027,1309128.875
273507988,0.002209744416177273,-0.11405788362026215,4.602622985839844,1,0.5949912071228027,1309128.875
273517664,-0.16446445882320404,0.019582083448767662,4.527316093444824,1,0.5949912071228027,1309128.875
273527680,-0.21814972162246704,0.10733979940414429,4.608941078186035,1,0.5949912071228027,1309128.875
273537652,-0.33982646465301514,0.3475058972835541,4.5362019538879395,1,0.5949912071228027,1309128.875
273547939,-0.35893189907073975,0.5447607040405273,4.317119598388672,1,0.5949912071228027,1309128.875
273558063,-0.06248471885919571,0.35300230979919434,4.515689849853516,1,0.5949912071228027,1309128.875
273567660,-0.4632764458656311,0.6806965470314026,4.396252632141113,1,0.5949912071228027,1309128.875
273577636,-0.4863813817501068,0.7987669110298157,4.495332717895508,1,0.5949912071228027,1309128.875
273587730,-0.14890384674072266,0.23175567388534546,4.741127967834473,1,0.5949912071228027,1309128.875
273597977,-0.2994246184825897,0.3636559844017029,4.4937591552734375,1,0.5949912071228027,1309128.875
273607964,-0.23374398052692413,0.4166065752506256,4.474587440490723,1,0.5949912071228027,1309128.875
273617679,-0.2540677785873413,0.3017178177833557,4.440121173858643,1,0.5949912071228027,1309128.875
273627683,-0.34151315689086914,0.18368573486804962,4.320183277130127,1,0.5949912071228027,1309128.875
273637654,-0.10325939208269119,-0.27402329444885254,4.5141119956970215,1,0.5949912071228027,1309128.875
273647964,-0.37008100748062134,0.06349595636129379,4.435324668884277,1,0.5949912071228027,1309128.875
273657997,-0.6247388124465942,0.5256394147872925,4.2353196144104,1,0.5949912071228027,1309128.875
273667669,-0.174698606133461,0.18611980974674225,4.43661642074585,1,0.5949912071228027,1309128.875
273677707,-0.33045482635498047,0.49127161502838135,4.262270450592041,1,0.5949912071228027,1309128.875
273687689,-0.476774126291275,0.7016023993492126,4.286696910858154,1,0.5949912071228027,1309128.875
273698069,-0.16020478308200836,0.25603294372558594,4.608048439025879,1,0.5949912071228027,1309128.875
273707959,-0.2117772102355957,0.10729455202817917,4.595065116882324,1,0.5949912071228027,1309128.875
273717658,-0.2705128490924835,-0.11799177527427673,4.5489912033081055,1,0.5949912071228027,1309128.875
273727652,-0.36689287424087524,0.05449943616986275,4.478610038757324,1,0.5949912071228027,1309128.875
273737604,-0.5343109369277954,0.37330204248428345,4.255128383636475,1,0.5949912071228027,1309128.875
273747944,-0.2660033404827118,-0.06833990663290024,4.427523612976074,1,0.5949912071228027,1309128.875
273758077,-0.1864507794380188,-0.09207458049058914,4.586884021759033,1,0.5949912071228027,1309128.875
273767636,-0.5974313616752625,0.3740091025829315,4.481310844421387,1,0.5949912071228027,1309128.875
273777616,-0.5363153219223022,0.30455389618873596,4.593904495239258,1,0.5949912071228027,1309128.875
273787702,-0.2874717712402344,0.43882495164871216,4.594785690307617,1,0.5949912071228027,1309128.875
273797939,-0.25882548093795776,0.3232116103172302,4.560019016265869,1,0.5949912071228027,1309128.875
273807942,-0.34743696451187134,0.33938413858413696,4.544685363769531,1,0.5949912071228027,1309128.875
273817686,-0.4309680163860321,0.569453239440918,4.446980953216553,1,0.5899912118911743,1309130.25
273827640,-0.3783312439918518,0.037694960832595825,4.577608108520508,1,0.5899912118911743,1309130.25
273837649,-0.33108124136924744,-0.20828492939472198,4.5818190574646,1,0.5899912118911743,1309130.25
273848003,-0.4451143741607666,0.1503744274377823,4.541168689727783,1,0.5899912118911743,1309130.25
273857997,-0.5362770557403564,0.23606479167938232,4.468262672424316,1,0.5899912118911743,1309130.25
273867648,-0.47309550642967224,0.40031614899635315,4.454409122467041,1,0.5899912118911743,1309130.25
273877695,-0.2995990514755249,0.34096479415893555,4.4910569190979,1,0.5899912118911743,1309130.25
273887668,-0.5237447619438171,0.36410900950431824,4.4576334953308105,1,0.5899912118911743,1309130.25
273898068,-0.6845876574516296,0.732155442237854,4.436105728149414,1,0.5899912118911743,1309130.25
273907932,-0.3567793667316437,0.3639625906944275,4.553071975708008,1,0.5899912118911743,1309130.25
273917697,-0.24915523827075958,0.13019777834415436,4.4928669929504395,1,0.5899912118911743,1309130.25
273927656,-0.28342321515083313,0.2711009085178375,4.435073375701904,1,0.5899912118911743,1309130.25
273937660,-0.501356840133667,0.0598309189081192,4.422877788543701,1,0.5899912118911743,1309130.25
273947940,-0.6691718697547913,0.1844518780708313,4.338375091552734,1,0.5899912118911743,1309130.25
273958060,-0.44671550393104553,0.02366194687783718,4.470802307128906,1,0.5899912118911743,1309130.25
273967674,-0.4528363347053528,0.004556815605610609,4.586733818054199,1,0.5899912118911743,1309130.25
273977654,-0.8383710384368896,0.6876488924026489,4.384721755981445,1,0.5899912118911743,1309130.25
273987705,-0.586078405380249,0.5999342799186707,4.498549461364746,1,0.5899912118911743,1309130.25
273997938,-0.31565937399864197,0.2540239691734314,4.513999938964844,1,0.5899912118911743,1309130.25
274007962,-0.4575847387313843,0.36108094453811646,4.43156623840332,1,0.5899912118911743,1309130.25
274017655,-0.3467581272125244,0.1276700347661972,4.568558216094971,1,0.5899912118911743,1309130.25
274027710,-0.388362854719162,0.0776318609714508,4.593905448913574,1,0.5899912118911743,1309130.25
274037673,-0.48631447553634644,-0.06820838898420334,4.5576372146606445,1,0.5899912118911743,1309130.25
274047955,-0.393892765045166,-0.23191286623477936,4.595645427703857,1,0.5899912118911743,1309130.25
274058008,-0.8035944700241089,0.3132098615169525,4.318792343139648,1,0.5899912118911743,1309130.25
274067647,-0.7857404351234436,0.4129438102245331,4.2276811599731445,1,0.5899912118911743,1309130.25
274077677,-0.4679967761039734,0.183068186044693,4.392682075500488,1,0.5899912118911743,1309130.25
274087682,-0.73261958360672,0.4661329984664917,4.3330793380737305,1,0.5899912118911743,1309130.25
274098065,-0.732346773147583,0.4756583571434021,4.486570358276367,1,0.5899912118911743,1309130.25
274107956,-0.4592393934726715,0.3896106779575348,4.632064342498779,1,0.5899912118911743,1309130.25
274117688,-0.3951091170310974,0.19014163315296173,4.559630393981934,1,0.5899912118911743,1309130.25
274127634,-0.40732043981552124,-0.098085418343544,4.437425136566162,1,0.5899912118911743,1309130.25
274137710,-0.654144287109375,0.09433583170175552,4.255549430847168,1,0.5899912118911743,1309130.25
274147883,-0.8821298480033875,0.12824420630931854,4.149607181549072,1,0.5899912118911743,1309130.25
274158029,-0.6034612059593201,-0.010878155007958412,4.430106163024902,1,0.5899912118911743,1309130.25
274167689,-0.5538095831871033,0.06096269562840462,4.530975341796875,1,0.5899912118911743,1309130.25
274177653,-0.7878695726394653,0.24796536564826965,4.523491859436035,1,0.5899912118911743,1309130.25
274187654,-0.7351224422454834,0.6809206008911133,4.473339080810547,1,0.5899912118911743,1309130.25
274197955,-0.47752124071121216,0.5406404733657837,4.40352725982666,1,0.5899912118911743,1309130.25
274207961,-0.4808798134326935,0.20057938992977142,4.297564506530762,1,0.5899912118911743,1309130.25
274217647,-0.6231997609138489,0.4255574941635132,4.310923099517822,1,0.5899912118911743,1309130.25
274227649,-0.6150027513504028,0.03721331059932709,4.555268287658691,1,0.5899912118911743,1309130.25
274237661,-0.624180793762207,-0.32695382833480835,4.662693023681641,1,0.5899912118911743,1309130.25
274247941,-0.5859599113464355,0.07002577185630798,4.654085159301758,1,0.5899912118911743,1309130.25
274257991,-0.731950581073761,0.09016498923301697,4.558813571929932,1,0.5899912118911743,1309130.25
274267669,-0.7380958795547485,0.3826947808265686,4.416797637939453,1,0.5899912118911743,1309130.25
274277652,-0.5188509225845337,0.3402373790740967,4.52943754196167,1,0.5899912118911743,1309130.25
274287640,-0.6057983636856079,0.112614206969738,4.595717430114746,1,0.5899912118911743,1309130.25
274298064,-0.8433427214622498,0.6331055760383606,4.604856967926025,1,0.5899912118911743,1309130.25
274307929,-0.5262899398803711,0.5517265200614929,4.768406867980957,1,0.5899912118911743,1309130.25
274317570,-0.38678863644599915,0.06698247790336609,4.678635597229004,1,0.5899912118911743,1309130.25
274327643,-0.5257881283760071,0.359955370426178,4.453713893890381,1,0.5899912118911743,1309130.25
274337671,-0.5073609352111816,0.08224800229072571,4.403357028961182,1,0.5899912118911743,1309130.25
274347924,-0.5839066505432129,-0.31006374955177307,4.396820545196533,1,0.5899912118911743,1309130.25
274358058,-0.5836362838745117,0.006993875373154879,4.46802282333374,1,0.5899912118911743,1309130.25
274367647,-0.5756634473800659,-0.017329078167676926,4.573615550994873,1,0.5899912118911743,1309130.25
274377634,-0.6633880734443665,0.36778149008750916,4.51172399520874,1,0.5899912118911743,1309130.25
274387655,-0.451044499874115,0.44764620065689087,4.5012006759643555,1,0.5899912118911743,1309130.25
274397873,-0.449017733335495,0.14070188999176025,4.512583255767822,1,0.5899912118911743,1309130.25
274407909,-0.6990867257118225,0.6644101142883301,4.403702735900879,1,0.5899912118911743,1309130.25
274417603,-0.5582240223884583,0.6874632239341736,4.525567054748535,1,0.5899912118911743,1309130.25
274427647,-0.17810137569904327,0.07801593840122223,4.685488700866699,1,0.5899912118911743,1309130.25
274437681,-0.3463491201400757,0.22638998925685883,4.528990268707275,1,0.5899912118911743,1309130.25
274447902,-0.42667198181152344,0.03446534276008606,4.50356388092041,1,0.5899912118911743,1309130.25
274457939,-0.5712297558784485,-0.01184844970703125,4.525798320770264,1,0.5899912118911743,1309130.25
274467680,-0.5840654969215393,0.15089690685272217,4.526294708251953,1,0.5899912118911743,1309130.25
274477729,-0.27947378158569336,-0.2310495674610138,4.782009124755859,1,0.5899912118911743,1309130.25
274487606,-0.5590906143188477,0.14824743568897247,4.555171966552734,1,0.5899912118911743,1309130.25
274498031,-0.6217560172080994,0.8184387683868408,4.451509475708008,1,0.5899912118911743,1309130.25
274507920,-0.29946407675743103,0.25089266896247864,4.571481704711914,1,0.5899912118911743,1309130.25
274517678,-0.3895064890384674,0.22780999541282654,4.654913902282715,1,0.5899912118911743,1309130.25
274527701,-0.36245039105415344,0.34135985374450684,4.833066940307617,1,0.5899912118911743,1309130.25
274537673,-0.1687474101781845,-0.02617865614593029,5.029961585998535,1,0.5899912118911743,1309130.25
274547974,-0.22386117279529572,-0.06330695003271103,4.720865249633789,1,0.5899912118911743,1309130.25
274558056,-0.32496991753578186,-0.0907045528292656,4.450797080993652,1,0.5899912118911743,1309130.25
274567683,-0.49045315384864807,-0.1291191577911377,4.329592704772949,1,0.5899912118911743,1309130.25
274577637,-0.6319118738174438,0.2770651578903198,4.328769683837891,1,0.5899912118911743,1309130.25
274587704,-0.37678319215774536,-0.029718346893787384,4.807066440582275,1,0.5899912118911743,1309130.25
274597933,-0.48826637864112854,0.06325075775384903,4.977164268493652,1,0.5899912118911743,1309130.25
274607932,-0.6100676655769348,0.5897902846336365,4.858499526977539,1,0.5899912118911743,1309130.25
274617656,-0.1878432035446167,0.1770091950893402,4.868801116943359,1,0.5899912118911743,1309130.25
274627638,-0.3059829771518707,0.1637096107006073,4.438448429107666,1,0.5899912118911743,1309130.25
274637664,-0.4558243155479431,0.711513102054596,4.347359657287598,1,0.5899912118911743,1309130.25
274647967,-0.31741371750831604,0.11575012654066086,4.686310768127441,1,0.5899912118911743,1309130.25
274657949,-0.4605967700481415,-0.24308033287525177,4.840841770172119,1,0.5899912118911743,1309130.25
274667652,-0.41740381717681885,-0.16335268318653107,4.999154090881348,1,0.5899912118911743,1309130.25
274677640,-0.5078024864196777,-0.2524424195289612,4.765593528747559,1,0.5899912118911743,1309130.25
274687656,-0.5116956830024719,0.12975184619426727,4.3902130126953125,1,0.5899912118911743,1309130.25
274698034,-0.1397133767604828,0.2441873699426651,4.387604713439941,1,0.5899912118911743,1309130.25
274707934,-0.33277028799057007,0.13909386098384857,4.38131046295166,1,0.5899912118911743,1309130.25
274717626,-0.59543776512146,0.6745089292526245,4.608510971069336,1,0.5899912118911743,1309130.25
274727629,-0.3741411864757538,0.406244158744812,4.906472206115723,1,0.5899912118911743,1309130.25
274737711,-0.17610783874988556,-0.16650092601776123,4.809372901916504,1,0.5899912118911743,1309130.25
274747904,-0.15549452602863312,0.09497197717428207,4.517238616943359,1,0.5899912118911743,1309130.25
274758087,-0.11103197187185287,0.027943432331085205,4.245224475860596,1,0.5899912118911743,1309130.25
274767707,-0.1958797723054886,-0.22371621429920197,4.2399516105651855,1,0.5899912118911743,1309130.25
274777631,-0.21767973899841309,-0.013323141261935234,4.50528621673584,1,0.5899912118911743,1309130.25
274787653,-0.3447906970977783,-0.22748832404613495,4.71782112121582,1,0.5899912118911743,1309130.25
274797996,-0.5839394927024841,0.16440719366073608,4.680401802062988,1,0.5899912118911743,1309130.25
274807967,-0.48117175698280334,0.5544803738594055,4.567642688751221,1,0.5899912118911743,1309130.25
274817684,-0.20049025118350983,0.10349109023809433,4.49183464050293,1,0.5949912071228027,1309134.875
274827668,-0.26596599817276,0.239884153008461,4.531458854675293,1,0.5949912071228027,1309134.875
274837665,-0.31370383501052856,0.5164995193481445,4.5684356689453125,1,0.5949912071228027,1309134.875
274847930,-0.047638438642024994,0.033793263137340546,4.878586769104004,1,0.5949912071228027,1309134.875
274857918,-0.0030658908654004335,0.021591678261756897,4.831671714782715,1,0.5949912071228027,1309134.875
274867681,-0.07971027493476868,-0.024538731202483177,4.620181560516357,1,0.5949912071228027,1309134.875
274877686,-0.1544487476348877,-0.03996516764163971,4.515111923217773,1,0.5949912071228027,1309134.875
274887678,-0.4312719702720642,0.31325116753578186,4.314886569976807,1,0.5949912071228027,1309134.875
274898122,-0.20286308228969574,-0.02840830571949482,4.465272426605225,1,0.5949912071228027,1309134.875
274907953,-0.057710662484169006,0.05290818586945534,4.663341999053955,1,0.5949912071228027,1309134.875
274917564,-0.415713369846344,0.634850263595581,4.495504856109619,1,0.5949912071228027,1309134.875
274927656,-0.13170285522937775,0.4073411226272583,4.5325398445129395,1,0.5949912071228027,1309134.875
274937643,-0.03438263013958931,0.25661200284957886,4.441083908081055,1,0.5949912071228027,1309134.875
274947874,-0.3111252188682556,0.3435409367084503,4.242339134216309,1,0.5949912071228027,1309134.875
274958076,-0.1460627168416977,0.15636196732521057,4.551034927368164,1,0.5949912071228027,1309134.875
274967704,-0.17785824835300446,0.30045291781425476,4.606146335601807,1,0.5949912071228027,1309134.875
274977674,-0.26142340898513794,0.05675256997346878,4.615035533905029,1,0.5949912071228027,1309134.875
274987644,-0.04050108417868614,-0.24815593659877777,4.605027198791504,1,0.5949912071228027,1309134.875
274997904,-0.3407643735408783,0.2767329216003418,4.18302583694458,1,0.5949912071228027,1309134.875
275007952,-0.2636951804161072,0.156951442360878,4.177794933319092,1,0.5949912071228027,1309134.875
275017663,-0.09280187636613846,-0.04489710554480553,4.465048789978027,1,0.5949912071228027,1309134.875
275027684,-0.4086010456085205,0.422732412815094,4.469635963439941,1,0.5949912071228027,1309134.875
275037681,-0.4497841000556946,0.42197269201278687,4.620564937591553,1,0.5949912071228027,1309134.875
275047898,-0.17495301365852356,0.35117307305336,4.622614860534668,1,0.5949912071228027,1309134.875
275057933,-0.15521252155303955,0.3767920434474945,4.368499279022217,1,0.5949912071228027,1309134.875
275067658,-0.013531949371099472,-0.09244472533464432,4.3130412101745605,1,0.5949912071228027,1309134.875
275077670,-0.17073145508766174,0.06642221659421921,4.310724258422852,1,0.5949912071228027,1309134.875
275087631,-0.34946176409721375,-0.12894922494888306,4.442668914794922,1,0.5949912071228027,1309134.875
275098017,-0.15863525867462158,-0.552804708480835,4.652904987335205,1,0.5949912071228027,1309134.875
275107980,-0.23635804653167725,-0.06372750550508499,4.567517280578613,1,0.5949912071228027,1309134.875
275117654,-0.37819042801856995,0.293801486492157,4.334572792053223,1,0.5949912071228027,1309134.875
275127610,-0.27904999256134033,0.35042306780815125,4.218654632568359,1,0.5949912071228027,1309134.875
275137687,-0.08594771474599838,0.37778422236442566,4.271636962890625,1,0.5949912071228027,1309134.875
275147892,-0.20574519038200378,0.09976170212030411,4.425436019897461,1,0.5949912071228027,1309134.875
275158109,-0.3297101557254791,0.3489552140235901,4.607819080352783,1,0.5949912071228027,1309134.875
275167616,-0.08828801661729813,0.24342267215251923,4.708138465881348,1,0.5949912071228027,1309134.875
275177626,0.036761775612831116,-0.21158981323242188,4.643072605133057,1,0.5949912071228027,1309134.875
275187670,-0.041105929762125015,0.17812247574329376,4.34445858001709,1,0.5949912071228027,1309134.875
275197922,-0.13025030493736267,0.14333781599998474,4.198429107666016,1,0.5949912071228027,1309134.875
275207943,-0.07529499381780624,-0.12998034060001373,4.182117462158203,1,0.5949912071228027,1309134.875
275217719,0.0072022187523543835,0.12418918311595917,4.379173755645752,1,0.5949912071228027,1309134.875
275227652,-0.12304046005010605,0.20116658508777618,4.555013179779053,1,0.5949912071228027,1309134.875
275237652,-0.25649479031562805,0.39391714334487915,4.4579620361328125,1,0.5949912071228027,1309134.875
275248003,0.03214592859148979,0.5298897624015808,4.490097999572754,1,0.5949912071228027,1309134.875
275257914,0.013976728543639183,0.24461707472801208,4.404664516448975,1,0.5949912071228027,1309134.875
275267672,-0.14991143345832825,0.5293005704879761,4.2768096923828125,1,0.5949912071228027,1309134.875
275277661,0.015854965895414352,0.5599414110183716,4.473082542419434,1,0.5949912071228027,1309134.875
275287634,0.10679007321596146,-0.10475287586450577,4.605998992919922,1,0.5949912071228027,1309134.875
275298039,-0.03257206454873085,-0.01741434633731842,4.562401294708252,1,0.5949912071228027,1309134.875
275307877,-0.10355794429779053,0.09893021732568741,4.441887855529785,1,0.5949912071228027,1309134.875
275317713,-0.23204371333122253,0.04502936080098152,4.215177536010742,1,0.5949912071228027,1309134.875
275327681,-0.09724567085504532,0.3577935993671417,4.220336437225342,1,0.5949912071228027,1309134.875
275337687,0.08670017868280411,0.2129334658384323,4.353105068206787,1,0.5949912071228027,1309134.875
275347897,-0.2609676122665405,0.33920830488204956,4.343698501586914,1,0.5949912071228027,1309134.875
275358039,-0.13309551775455475,0.6324560642242432,4.454832077026367,1,0.5949912071228027,1309134.875
275367662,0.08341863006353378,0.17447400093078613,4.538136005401611,1,0.5949912071228027,1309134.875
275377657,-0.04969417676329613,0.28970637917518616,4.3768439292907715,1,0.5949912071228027,1309134.875
275387638,-0.06245855242013931,0.6282609105110168,4.411418437957764,1,0.5949912071228027,1309134.875
275397919,-0.035636112093925476,0.012828714214265347,4.490180969238281,1,0.5949912071228027,1309134.875
275407932,-0.07816901803016663,-0.132625550031662,4.449292182922363,1,0.5949912071228027,1309134.875
275417674,0.05364270135760307,-0.053956564515829086,4.462135314941406,1,0.5949912071228027,1309134.875
275427673,-0.12566976249217987,0.04135189950466156,4.383033752441406,1,0.5949912071228027,1309134.875
275437661,-0.25695544481277466,0.465035617351532,4.268781661987305,1,0.5949912071228027,1309134.875
275447942,-0.12104625254869461,0.23602089285850525,4.3439717292785645,1,0.5949912071228027,1309134.875
275457973,-0.23201298713684082,0.14296668767929077,4.300418376922607,1,0.5949912071228027,1309134.875
275467702,-0.4414726197719574,0.755965530872345,4.267436981201172,1,0.5949912071228027,1309134.875
275477737,-0.09070393443107605,0.3376341760158539,4.478185653686523,1,0.5949912071228027,1309134.875
275487598,0.05921415239572525,0.038147710263729095,4.552106857299805,1,0.5949912071228027,1309134.875
275498036,-0.09197799116373062,0.2777799963951111,4.407459259033203,1,0.5949912071228027,1309134.875
275507899,-0.04603540152311325,0.1527131199836731,4.52756929397583,1,0.5949912071228027,1309134.875
275517684,-0.27239540219306946,0.25155845284461975,4.340705871582031,1,0.5949912071228027,1309134.875
275527702,-0.18326479196548462,0.026004569604992867,4.308492660522461,1,0.5949912071228027,1309134.875
275537670,-0.11904416233301163,-0.19809742271900177,4.416515350341797,1,0.5949912071228027,1309134.875
275547918,-0.5077738165855408,0.5008260607719421,4.223552227020264,1,0.5949912071228027,1309134.875
275558048,-0.3145393431186676,0.5468569397926331,4.349527359008789,1,0.5949912071228027,1309134.875
275567742,0.01980656012892723,0.24485145509243011,4.536313056945801,1,0.5949912071228027,1309134.875
275577629,-0.34197798371315,0.7134566307067871,4.302710056304932,1,0.5949912071228027,1309134.875
275587624,-0.2043677270412445,0.3996220529079437,4.418860912322998,1,0.5949912071228027,1309134.875
275597973,-0.17217928171157837,0.10111448168754578,4.387655258178711,1,0.5949912071228027,1309134.875
275607976,-0.23086602985858917,-0.06694130599498749,4.326018810272217,1,0.5949912071228027,1309134.875
275617630,-0.06400538235902786,-0.3967334032058716,4.527597427368164,1,0.5949912071228027,1309134.875
275627689,-0.3193245530128479,0.15701736509799957,4.37752628326416,1,0.5949912071228027,1309134.875
275637670,-0.5272822380065918,0.6463890671730042,4.261102676391602,1,0.5949912071228027,1309134.875
275647960,-0.08759080618619919,0.26532498002052307,4.424700736999512,1,0.5949912071228027,1309134.875
275657921,-0.3461495339870453,0.475247323513031,4.302280426025391,1,0.5949912071228027,1309134.875
275667636,-0.44943684339523315,0.6434564590454102,4.274411678314209,1,0.5949912071228027,1309134.875
275677677,-0.2834026515483856,0.5713462233543396,4.363441467285156,1,0.5949912071228027,1309134.875
275687616,-0.2532934248447418,0.5329893231391907,4.3060302734375,1,0.5949912071228027,1309134.875
275698056,-0.177560955286026,0.17645055055618286,4.391635894775391,1,0.5949912071228027,1309134.875
275707942,-0.21359097957611084,0.17474693059921265,4.583724021911621,1,0.5949912071228027,1309134.875
275717626,-0.5546125173568726,0.2356497049331665,4.5175981521606445,1,0.5949912071228027,1309134.875
275727671,-0.39313846826553345,-0.15601325035095215,4.6089301109313965,1,0.5949912071228027,1309134.875
275737673,-0.25633704662323,0.21995796263217926,4.655221939086914,1,0.5949912071228027,1309134.875
275747951,-0.4643784165382385,0.6449818015098572,4.408151149749756,1,0.5949912071228027,1309134.875
275758057,-0.37142330408096313,0.7521908283233643,4.50203275680542,1,0.5949912071228027,1309134.875
275767679,-0.19142206013202667,0.8010186553001404,4.5796685218811035,1,0.5949912071228027,1309134.875
275777625,-0.1171649619936943,0.13346129655838013,4.692670822143555,1,0.5949912071228027,1309134.875
275787645,-0.23085109889507294,0.04439368471503258,4.783201217651367,1,0.5949912071228027,1309134.875
275797944,-0.44983646273612976,0.3225466310977936,4.6977691650390625,1,0.5949912071228027,1309134.875
275807939,-0.46711140871047974,-0.1206253319978714,4.6325883865356445,1,0.5949912071228027,1309134.875
275817717,-0.3621881902217865,-0.009655757807195187,4.629741191864014,1,0.5899912118911743,1309136.875
275827653,-0.4737441837787628,0.24120104312896729,4.622003555297852,1,0.5899912118911743,1309136.875
275837673,-0.6818227767944336,0.31535059213638306,4.6656107902526855,1,0.5899912118911743,1309136.875
275847956,-0.5311108827590942,0.6228607296943665,4.809077262878418,1,0.5899912118911743,1309136.875
275857920,-0.24888859689235687,0.22351203858852386,4.846026420593262,1,0.5899912118911743,1309136.875
275867627,-0.2860654294490814,0.14603719115257263,4.762726783752441,1,0.5899912118911743,1309136.875
275877688,-0.44825971126556396,0.58595210313797,4.541893005371094,1,0.5899912118911743,1309136.875
275887650,-0.3591213524341583,-0.020671917125582695,4.604708671569824,1,0.5899912118911743,1309136.875
275898065,-0.38010674715042114,-0.25323286652565,4.680554389953613,1,0.5899912118911743,1309136.875
275907967,-0.47198185324668884,-0.10328105837106705,4.681265354156494,1,0.5899912118911743,1309136.875
275917651,-0.5397504568099976,-0.21473559737205505,4.85579776763916,1,0.5899912118911743,1309136.875
275927644,-0.7509335875511169,0.30399376153945923,4.633906364440918,1,0.5899912118911743,1309136.875
275937704,-0.4419865310192108,0.3019167482852936,4.6760053634643555,1,0.5899912118911743,1309136.875
275947985,-0.4763769805431366,0.12783142924308777,4.663005828857422,1,0.5899912118911743,1309136.875
275958056,-0.7020625472068787,0.7835042476654053,4.426555633544922,1,0.5899912118911743,1309136.875
275967699,-0.27697062492370605,0.3263593912124634,4.781172275543213,1,0.5899912118911743,1309136.875
275977634,-0.2516559064388275,-0.07768591493368149,4.727124214172363,1,0.5899912118911743,1309136.875
275987637,-0.5413217544555664,0.542658805847168,4.57588005065918,1,0.5899912118911743,1309136.875
275997892,-0.40126657485961914,0.17744340002536774,4.632307052612305,1,0.5899912118911743,1309136.875
276007866,-0.5751109719276428,-0.141604483127594,4.447275638580322,1,0.5899912118911743,1309136.875
276017702,-0.5807328820228577,0.01461745798587799,4.584395408630371,1,0.5899912118911743,1309136.875
276027662,-0.45870155096054077,-0.12912999093532562,4.743589401245117,1,0.5899912118911743,1309136.875
276037693,-0.6371761560440063,0.17920079827308655,4.656247615814209,1,0.5899912118911743,1309136.875
276047900,-0.38254421949386597,0.20522920787334442,4.692439079284668,1,0.5899912118911743,1309136.875
276057976,-0.26690492033958435,-0.06401021778583527,4.627060413360596,1,0.5899912118911743,1309136.875
276067655,-0.6948298215866089,0.6522446274757385,4.378908634185791,1,0.5899912118911743,1309136.875
276077695,-0.5639261603355408,0.7379677295684814,4.4814229011535645,1,0.5899912118911743,1309136.875
276087634,-0.38483503460884094,0.20652487874031067,4.654170513153076,1,0.5899912118911743,1309136.875
276098061,-0.5097547173500061,0.33992525935173035,4.548625946044922,1,0.5899912118911743,1309136.875
276107950,-0.4596642553806305,0.10073364526033401,4.617771625518799,1,0.5899912118911743,1309136.875
276117629,-0.5298174023628235,0.0973658338189125,4.477651119232178,1,0.5899912118911743,1309136.875
276127684,-0.5880377292633057,0.18505968153476715,4.399681091308594,1,0.5899912118911743,1309136.875
276137658,-0.293487012386322,-0.20906232297420502,4.668293476104736,1,0.5899912118911743,1309136.875
276147961,-0.6153092384338379,0.2756173610687256,4.580825328826904,1,0.5899912118911743,1309136.875
276158123,-0.6887465715408325,0.7439387440681458,4.585806369781494,1,0.5899912118911743,1309136.875
276167642,-0.26230818033218384,0.40368643403053284,4.743031978607178,1,0.5899912118911743,1309136.875
276177646,-0.3133733570575714,0.4040808379650116,4.560182094573975,1,0.5899912118911743,1309136.875
276187683,-0.4321382939815521,0.30102723836898804,4.467411041259766,1,0.5899912118911743,1309136.875
276197934,-0.39237597584724426,0.16834022104740143,4.5271711349487305,1,0.5899912118911743,1309136.875
276207975,-0.5256121754646301,0.07507765293121338,4.447538375854492,1,0.5899912118911743,1309136.875
276217668,-0.3390008509159088,-0.30884915590286255,4.547389030456543,1,0.5899912118911743,1309136.875
276227653,-0.5224751830101013,-0.09306373447179794,4.534224987030029,1,0.5899912118911743,1309136.875
276237662,-0.8302891254425049,0.4029780626296997,4.284946918487549,1,0.5899912118911743,1309136.875
276247948,-0.6100042462348938,0.20890481770038605,4.426748752593994,1,0.5899912118911743,1309136.875
276257984,-0.5431700944900513,0.3765953481197357,4.4268012046813965,1,0.5899912118911743,1309136.875
276267578,-0.7999770045280457,0.5651922225952148,4.329066753387451,1,0.5899912118911743,1309136.875
276277686,-0.5106924176216125,0.4002259373664856,4.543142318725586,1,0.5899912118911743,1309136.875
276287690,-0.4310957193374634,0.3386898636817932,4.444698333740234,1,0.5899912118911743,1309136.875
276298083,-0.378452330827713,-0.05152714625000954,4.408538818359375,1,0.5899912118911743,1309136.875
276307927,-0.46812543272972107,-0.18862877786159515,4.422122478485107,1,0.5899912118911743,1309136.875
276317637,-0.8656058311462402,0.32419511675834656,4.26295280456543,1,0.5899912118911743,1309136.875
276327692,-0.762900710105896,0.10573023557662964,4.404818534851074,1,0.5899912118911743,1309136.875
276337678,-0.6159780025482178,0.191825270652771,4.571437358856201,1,0.5899912118911743,1309136.875
276347958,-0.8468745350837708,0.5746594071388245,4.431788921356201,1,0.5899912118911743,1309136.875
276358069,-0.5946953296661377,0.5637496113777161,4.43416166305542,1,0.5899912118911743,1309136.875
276367663,-0.33759185671806335,0.5330217480659485,4.421201229095459,1,0.5899912118911743,1309136.875
276377657,-0.4048050343990326,0.10609257966279984,4.240304946899414,1,0.5899912118911743,1309136.875
276387679,-0.4191531240940094,-0.28797340393066406,4.39014196395874,1,0.5899912118911743,1309136.875
276397957,-0.7706024050712585,-0.019178049638867378,4.347347736358643,1,0.5899912118911743,1309136.875
276407939,-0.9319185018539429,-0.17626482248306274,4.279084205627441,1,0.5899912118911743,1309136.875
276417686,-0.496473103761673,-0.21352030336856842,4.442784309387207,1,0.5899912118911743,1309136.875
276427647,-0.6157796382904053,0.32553553581237793,4.209222793579102,1,0.5899912118911743,1309136.875
276437691,-0.6215876936912537,0.5720049738883972,4.218019962310791,1,0.5899912118911743,1309136.875
276447928,-0.44125112891197205,0.6324428915977478,4.3661017417907715,1,0.5899912118911743,1309136.875
276457965,-0.5028766989707947,0.06526999920606613,4.300396919250488,1,0.5899912118911743,1309136.875
276467681,-0.5505903959274292,-0.32617655396461487,4.381528854370117,1,0.5899912118911743,1309136.875
276477696,-0.7263031005859375,-0.09097066521644592,4.257591247558594,1,0.5899912118911743,1309136.875
276487648,-0.8398025631904602,0.02153739519417286,4.1884026527404785,1,0.5899912118911743,1309136.875
276498035,-0.41501131653785706,0.14977402985095978,4.301722526550293,1,0.5899912118911743,1309136.875
276507982,-0.3521767258644104,0.20869453251361847,4.321125030517578,1,0.5899912118911743,1309136.875
276517682,-0.5255197882652283,0.2855125665664673,4.257368087768555,1,0.5899912118911743,1309136.875
276527669,-0.763136625289917,0.6826905608177185,4.294287204742432,1,0.5899912118911743,1309136.875
276537679,-0.5838754773139954,0.2352856546640396,4.286381721496582,1,0.5899912118911743,1309136.875
276547907,-0.40796151757240295,-0.16245318949222565,4.4276628494262695,1,0.5899912118911743,1309136.875
276558089,-0.5278725028038025,-0.08934349566698074,4.152493476867676,1,0.5899912118911743,1309136.875
276567649,-0.5934648513793945,-0.1679447889328003,4.208772659301758,1,0.5899912118911743,1309136.875
276577670,-0.5719277858734131,-0.04714769497513771,4.164982318878174,1,0.5899912118911743,1309136.875
276587642,-0.4772207736968994,-0.04472603276371956,4.233957767486572,1,0.5899912118911743,1309136.875
276597939,-0.37879958748817444,-0.15153253078460693,4.406363487243652,1,0.5899912118911743,1309136.875
276607898,-0.9191799759864807,0.60099858045578,4.216956615447998,1,0.5899912118911743,1309136.875
276617682,-0.7277588844299316,0.6250318884849548,4.153023719787598,1,0.5899912118911743,1309136.875
276627658,-0.31096529960632324,0.21671515703201294,4.345568656921387,1,0.5899912118911743,1309136.875
276637658,-0.5426655411720276,0.27905091643333435,4.075994968414307,1,0.5899912118911743,1309136.875
276647930,-0.4224860370159149,-0.037152644246816635,4.289388656616211,1,0.5899912118911743,1309136.875
276657955,-0.37846046686172485,-0.17950406670570374,4.275434494018555,1,0.5899912118911743,1309136.875
276667670,-0.4764294922351837,-0.07155142724514008,4.245690822601318,1,0.5899912118911743,1309136.875
276677628,-0.2582188844680786,-0.188080295920372,4.376664161682129,1,0.5899912118911743,1309136.875
276687655,-0.6290934085845947,0.469654381275177,4.129849433898926,1,0.5899912118911743,1309136.875
276698056,-0.7343761324882507,0.6891129016876221,4.047743797302246,1,0.5899912118911743,1309136.875
276707900,-0.3528265357017517,0.18484137952327728,4.355031490325928,1,0.5899912118911743,1309136.875
276717648,-0.5116147398948669,0.3696974515914917,4.262681484222412,1,0.5899912118911743,1309136.875
276727660,-0.5143852829933167,0.334526926279068,4.428353309631348,1,0.5899912118911743,1309136.875
276737746,-0.33221709728240967,0.35011449456214905,4.42322301864624,1,0.5899912118911743,1309136.875
276747936,-0.43433570861816406,0.25970643758773804,4.218565940856934,1,0.5899912118911743,1309136.875
276758061,-0.32960811257362366,-0.24063171446323395,4.264007568359375,1,0.5899912118911743,1309136.875
276767665,-0.6360006332397461,-0.053903091698884964,4.169795989990234,1,0.5899912118911743,1309136.875
276777656,-0.804483950138092,0.10135422646999359,4.134886264801025,1,0.5849912166595459,1309140.625
276787654,-0.3939072787761688,-0.17865629494190216,4.408737659454346,1,0.5849912166595459,1309140.625
276797967,-0.48551273345947266,0.38911890983581543,4.395017147064209,1,0.5849912166595459,1309140.625
276807949,-0.666315495967865,0.7390145659446716,4.269567966461182,1,0.5849912166595459,1309140.625
276817679,-0.32478126883506775,0.5167639851570129,4.449070930480957,1,0.5849912166595459,1309140.625
276827652,-0.34642738103866577,0.32310721278190613,4.333104610443115,1,0.5849912166595459,1309140.625
276837646,-0.4829699993133545,0.09133318811655045,4.241827487945557,1,0.5849912166595459,1309140.625
276847908,-0.4452042877674103,0.05990343913435936,4.373460292816162,1,0.5849912166595459,1309140.625
276857966,-0.5438872575759888,0.15341511368751526,4.22473669052124,1,0.5849912166595459,1309140.625
276867695,-0.4181445240974426,-0.20852221548557281,4.252004146575928,1,0.5849912166595459,1309140.625
276877675,-0.45627066493034363,0.0749344676733017,4.251874923706055,1,0.5849912166595459,1309140.625
276887683,-0.8669789433479309,0.32228273153305054,4.11085319519043,1,0.5849912166595459,1309140.625
276898038,-0.43533748388290405,0.06720932573080063,4.459035396575928,1,0.5849912166595459,1309140.625
276907920,-0.3238826096057892,0.19620968401432037,4.496657848358154,1,0.5849912166595459,1309140.625
276917723,-0.45821094512939453,0.42155957221984863,4.332850456237793,1,0.5849912166595459,1309140.625
276927642,-0.32692939043045044,0.38064777851104736,4.37125825881958,1,0.5849912166595459,1309140.625
276937695,-0.3360472321510315,0.2355043590068817,4.244419097900391,1,0.5849912166595459,1309140.625
276947915,-0.29933667182922363,-0.30390575528144836,4.276960372924805,1,0.5849912166595459,1309140.625
276958074,-0.42418724298477173,-0.2932990491390228,4.309523105621338,1,0.5849912166595459,1309140.625
276967669,-0.6904769539833069,0.028880828991532326,4.229442596435547,1,0.5849912166595459,1309140.625
276977627,-0.5329962372779846,-0.14303185045719147,4.310638427734375,1,0.5849912166595459,1309140.625
276987602,-0.4267365336418152,0.009624338708817959,4.290635585784912,1,0.5849912166595459,1309140.625
276998030,-0.31201183795928955,0.2499932199716568,4.194189548492432,1,0.5849912166595459,1309140.625
277007946,-0.49717143177986145,0.584526538848877,4.225354194641113,1,0.5849912166595459,1309140.625
277017655,-0.4225141406059265,0.6942470073699951,4.158150672912598,1,0.5849912166595459,1309140.625
277027655,-0.06874175369739532,0.11393141746520996,4.439576148986816,1,0.5849912166595459,1309140.625
277037671,-0.1986011117696762,0.09417663514614105,4.318048477172852,1,0.5849912166595459,1309140.625
277047969,-0.3211919963359833,0.3054787516593933,4.2620038986206055,1,0.5849912166595459,1309140.625
277057988,-0.2998611330986023,-0.1385129988193512,4.236272811889648,1,0.5849912166595459,1309140.625
277067692,-0.3008992075920105,-0.11878693103790283,4.138177871704102,1,0.5849912166595459,1309140.625
277077700,-0.007761502638459206,-0.20114348828792572,4.311079502105713,1,0.5849912166595459,1309140.625
277087650,-0.2498830258846283,0.1100221499800682,4.390324592590332,1,0.5849912166595459,1309140.625
277098050,-0.5616641044616699,0.697343647480011,4.228340148925781,1,0.5849912166595459,1309140.625
277107916,-0.21973630785942078,0.37412628531455994,4.58530855178833,1,0.5849912166595459,1309140.625
277117713,-0.338212251663208,0.2183353304862976,4.429116249084473,1,0.5849912166595459,1309140.625
277127682,-0.4733414351940155,0.542136013507843,4.339666366577148,1,0.5849912166595459,1309140.625
277137726,-0.10743075609207153,0.3878948986530304,4.441371917724609,1,0.5849912166595459,1309140.625
277147953,-0.0850808173418045,0.3652414083480835,4.310381889343262,1,0.5849912166595459,1309140.625
277158063,-0.11919302493333817,0.24977438151836395,4.311493873596191,1,0.5849912166595459,1309140.625
277167685,-0.12157218903303146,0.3301970362663269,4.431900978088379,1,0.5849912166595459,1309140.625
277177667,-0.35941606760025024,0.2396584004163742,4.319589138031006,1,0.5849912166595459,1309140.625
277187694,-0.12010149657726288,-0.3167416751384735,4.527640342712402,1,0.5849912166595459,1309140.625
277197940,-0.07659084349870682,-0.1079438179731369,4.434668064117432,1,0.5849912166595459,1309140.625
277208005,-0.277487188577652,0.21227094531059265,4.2998046875,1,0.5849912166595459,1309140.625
277217686,-0.1900985985994339,0.36812809109687805,4.310393333435059,1,0.5849912166595459,1309140.625
277227677,-0.017396340146660805,0.5817499756813049,4.415858268737793,1,0.5849912166595459,1309140.625
277237654,-0.077338807284832,0.31481069326400757,4.525383949279785,1,0.5849912166595459,1309140.625
277247955,-0.23945006728172302,0.39644747972488403,4.541961193084717,1,0.5849912166595459,1309140.625
277257970,-0.11866123974323273,0.541837215423584,4.531278610229492,1,0.5849912166595459,1309140.625
277267643,0.11313852667808533,-0.1762448102235794,4.481818199157715,1,0.5849912166595459,1309140.625
277277676,-0.06539344042539597,-0.06863685697317123,4.289895057678223,1,0.5849912166595459,1309140.625
277287609,-0.14862535893917084,0.07137704640626907,4.19424295425415,1,0.5849912166595459,1309140.625
277298038,-0.23844797909259796,-0.15324263274669647,4.257010459899902,1,0.5849912166595459,1309140.625
277307944,-0.14879360795021057,0.1375723034143448,4.37056827545166,1,0.5849912166595459,1309140.625
277317681,-0.05154283717274666,0.15470339357852936,4.645691871643066,1,0.5849912166595459,1309140.625
277327668,-0.25302213430404663,0.3657839000225067,4.587381362915039,1,0.5849912166595459,1309140.625
277337654,-0.27544525265693665,0.7741276025772095,4.528972148895264,1,0.5849912166595459,1309140.625
277347953,0.05490254983305931,0.2769206464290619,4.592274188995361,1,0.5849912166595459,1309140.625
277358050,-0.12707117199897766,0.2223351150751114,4.312383651733398,1,0.5849912166595459,1309140.625
277367673,-0.15164557099342346,0.43153178691864014,4.263862133026123,1,0.5849912166595459,1309140.625
277377634,-0.006647851783782244,0.10679277777671814,4.5196051597595215,1,0.5849912166595459,1309140.625
277387638,-0.23596438765525818,0.053662579506635666,4.427883148193359,1,0.5849912166595459,1309140.625
277397997,-0.07830104231834412,-0.025870559737086296,4.708000183105469,1,0.5849912166595459,1309140.625
277407973,-0.29129090905189514,0.06878996640443802,4.649506568908691,1,0.5849912166595459,1309140.625
277417691,-0.6011512875556946,0.4318363666534424,4.364657402038574,1,0.5849912166595459,1309140.625
277427637,-0.08349701762199402,0.08152910321950912,4.459102153778076,1,0.5849912166595459,1309140.625
277437684,-0.09747916460037231,0.1567213386297226,4.370750427246094,1,0.5849912166595459,1309140.625
277447914,-0.2575504183769226,0.5439810156822205,4.447310447692871,1,0.5849912166595459,1309140.625
277457957,-0.012902169488370419,0.4569123089313507,4.842952728271484,1,0.5849912166595459,1309140.625
277467695,-0.032465171068906784,0.3739871382713318,4.913470268249512,1,0.5849912166595459,1309140.625
277477703,-0.10873741656541824,0.12768462300300598,4.874641418457031,1,0.5849912166595459,1309140.625
277487640,-0.17883019149303436,0.010904843918979168,4.714675426483154,1,0.5849912166595459,1309140.625
277498068,-0.36281442642211914,0.09922339022159576,4.468693733215332,1,0.5849912166595459,1309140.625
277507953,-0.3209458291530609,-0.24747611582279205,4.523741245269775,1,0.5849912166595459,1309140.625
277517664,-0.15600591897964478,-0.21235837042331696,4.750482559204102,1,0.5849912166595459,1309140.625
277527655,-0.3640645742416382,0.11414452642202377,4.8367228507995605,1,0.5849912166595459,1309140.625
277537706,-0.30704355239868164,0.36030834913253784,4.88713264465332,1,0.5849912166595459,1309140.625
277547949,-0.12375537306070328,0.5235596895217896,4.820896148681641,1,0.5849912166595459,1309140.625
277558080,-0.013735421933233738,0.34577417373657227,4.724329948425293,1,0.5849912166595459,1309140.625
277567671,-0.17034676671028137,0.4804014265537262,4.573908805847168,1,0.5849912166595459,1309140.625
277577646,-0.20298749208450317,0.47014376521110535,4.605653762817383,1,0.5849912166595459,1309140.625
277587683,-0.1815711408853531,-0.15682731568813324,4.7065019607543945,1,0.5849912166595459,1309140.625
277597936,-0.24900579452514648,-0.2061004638671875,4.626137733459473,1,0.5849912166595459,1309140.625
277607956,-0.2247573882341385,-0.028961433097720146,4.697640419006348,1,0.5849912166595459,1309140.625
277617757,-0.4669959545135498,0.2854677140712738,4.553071975708008,1,0.5849912166595459,1309140.625
277627607,-0.3960355520248413,0.7216449975967407,4.527740001678467,1,0.5849912166595459,1309140.625
277637657,-0.09132672101259232,0.48979148268699646,4.692430019378662,1,0.5849912166595459,1309140.625
277647970,-0.30337923765182495,0.49685946106910706,4.5157084465026855,1,0.5849912166595459,1309140.625
277657883,-0.3015111982822418,0.589341402053833,4.456871032714844,1,0.5849912166595459,1309140.625
277667663,-0.052859243005514145,0.02909935638308525,4.569293975830078,1,0.5849912166595459,1309140.625
277677753,-0.20121753215789795,-0.029498549178242683,4.416531085968018,1,0.5849912166595459,1309140.625
277687661,-0.08847153186798096,-0.02114790305495262,4.50588846206665,1,0.5849912166595459,1309140.625
277698043,-0.24966642260551453,0.10614366829395294,4.565395355224609,1,0.5849912166595459,1309140.625
277707901,-0.43355312943458557,0.3911646008491516,4.437472820281982,1,0.5849912166595459,1309140.625
277717626,0.019990485161542892,0.08771203458309174,4.653528213500977,1,0.5849912166595459,1309140.625
277727621,-0.21914008259773254,0.24060872197151184,4.445872783660889,1,0.5849912166595459,1309140.625
277737672,-0.5773559808731079,0.7834863662719727,4.29324197769165,1,0.5849912166595459,1309140.625
277747972,-0.35218754410743713,0.7012758851051331,4.528678894042969,1,0.5849912166595459,1309140.625
277758063,-0.1795845925807953,0.48253944516181946,4.617416858673096,1,0.5849912166595459,1309140.625
277767694,-0.012931552715599537,0.10274522751569748,4.796707630157471,1,0.5849912166595459,1309140.625
277777673,-0.1263878494501114,-0.04520118981599808,4.841545104980469,1,0.5899912118911743,1309145.625
277787654,-0.4529631435871124,0.060544442385435104,4.584262847900391,1,0.5899912118911743,1309145.625
277797965,-0.32480138540267944,-0.07911370694637299,4.5537004470825195,1,0.5899912118911743,1309145.625
277807910,-0.12405728548765182,0.11680193245410919,4.520907878875732,1,0.5899912118911743,1309145.625
277817655,-0.2648029029369354,0.4214993715286255,4.575465679168701,1,0.5899912118911743,1309145.625
277827636,-0.28815045952796936,0.7550809979438782,4.799014568328857,1,0.5899912118911743,1309145.625
277837697,-0.255664587020874,0.6828470230102539,4.821373462677002,1,0.5899912118911743,1309145.625
277847953,-0.20755398273468018,0.136557936668396,4.805866241455078,1,0.5899912118911743,1309145.625
277857995,-0.312218576669693,0.17711952328681946,4.588323593139648,1,0.5899912118911743,1309145.625
277867680,-0.39898499846458435,0.1762457937002182,4.50752592086792,1,0.5899912118911743,1309145.625
277877719,-0.2681995928287506,-0.17476536333560944,4.638192176818848,1,0.5899912118911743,1309145.625
277887622,-0.22010602056980133,0.14895915985107422,4.769004821777344,1,0.5899912118911743,1309145.625
277898055,-0.4432450234889984,0.2822323441505432,4.754125595092773,1,0.5899912118911743,1309145.625
277907955,-0.5656072497367859,0.541589081287384,4.633949279785156,1,0.5899912118911743,1309145.625
277917715,-0.3074781894683838,0.6832525134086609,4.599485397338867,1,0.5899912118911743,1309145.625
277927644,-0.14073504507541656,0.27933406829833984,4.558017730712891,1,0.5899912118911743,1309145.625
277937658,-0.4246719181537628,0.5108221769332886,4.529731273651123,1,0.5899912118911743,1309145.625
277947945,-0.34180307388305664,0.576643168926239,4.8111748695373535,1,0.5899912118911743,1309145.625
277958064,-0.3993377685546875,-0.033624857664108276,4.8799147605896,1,0.5899912118911743,1309145.625
277967713,-0.3882406949996948,0.008895978331565857,4.812625885009766,1,0.5899912118911743,1309145.625
277977681,-0.31567084789276123,0.036704059690237045,4.723689079284668,1,0.5899912118911743,1309145.625
277987682,-0.6390623450279236,0.33423760533332825,4.451213359832764,1,0.5899912118911743,1309145.625
277997880,-0.6632422804832458,0.5767574906349182,4.350632667541504,1,0.5899912118911743,1309145.625
278007939,-0.4191727936267853,0.19064167141914368,4.727666854858398,1,0.5899912118911743,1309145.625
278017658,-0.7615678310394287,0.391072541475296,4.693115234375,1,0.5899912118911743,1309145.625
278027715,-0.7324448227882385,0.6054462790489197,4.803306579589844,1,0.5899912118911743,1309145.625
278037663,-0.45057213306427,0.3647066354751587,4.827592372894287,1,0.5899912118911743,1309145.625
278047980,-0.35961854457855225,0.35970818996429443,4.581707000732422,1,0.5899912118911743,1309145.625
278057974,-0.30833369493484497,0.1627597063779831,4.5890913009643555,1,0.5899912118911743,1309145.625
278067690,-0.501663863658905,0.25998982787132263,4.635048866271973,1,0.5899912118911743,1309145.625
278077670,-0.9188674688339233,0.16545869410037994,4.573309898376465,1,0.5899912118911743,1309145.625
278087634,-0.6378594636917114,-0.08864118158817291,4.746762275695801,1,0.5899912118911743,1309145.625
278098068,-0.5378326177597046,0.21293194591999054,4.704259872436523,1,0.5899912118911743,1309145.625
278107909,-0.6972026228904724,0.47550705075263977,4.623616695404053,1,0.5899912118911743,1309145.625
278117673,-0.6574364900588989,0.8407624959945679,4.7290143966674805,1,0.5899912118911743,1309145.625
278127678,-0.5053088068962097,0.7000951170921326,4.7871294021606445,1,0.5899912118911743,1309145.625
278137715,-0.4036906957626343,0.032756585627794266,4.912534713745117,1,0.5899912118911743,1309145.625
278147994,-0.5508803725242615,0.17995229363441467,4.77932071685791,1,0.5899912118911743,1309145.625
278158055,-0.617969274520874,0.08194784075021744,4.7728271484375,1,0.5899912118911743,1309145.625
278167718,-0.5570143461227417,-0.3147764205932617,4.754568099975586,1,0.5899912118911743,1309145.625
278177664,-0.6134161353111267,0.019841227680444717,4.712530612945557,1,0.5899912118911743,1309145.625
278187627,-0.5937449932098389,0.24646979570388794,4.736772537231445,1,0.5899912118911743,1309145.625
278197909,-0.8703759908676147,0.6510439515113831,4.7050018310546875,1,0.5899912118911743,1309145.625
278207921,-0.7477275729179382,0.7886422872543335,4.695163726806641,1,0.5899912118911743,1309145.625
278217767,-0.3764127194881439,0.2443516105413437,4.890480995178223,1,0.5899912118911743,1309145.625
278227659,-0.5008605122566223,0.26713618636131287,4.741482257843018,1,0.5899912118911743,1309145.625
278237637,-0.47221022844314575,0.3174010217189789,4.7146806716918945,1,0.5899912118911743,1309145.625
278247938,-0.5198134183883667,-0.1625688225030899,4.782713413238525,1,0.5899912118911743,1309145.625
278258048,-0.6125427484512329,0.1573263555765152,4.662041664123535,1,0.5899912118911743,1309145.625
278267702,-0.6622936725616455,0.31568095088005066,4.75909948348999,1,0.5899912118911743,1309145.625
278277716,-0.7430509328842163,0.21871833503246307,4.72357177734375,1,0.5899912118911743,1309145.625
278287647,-0.7067154049873352,0.4431624710559845,4.730025291442871,1,0.5899912118911743,1309145.625
278298070,-0.5524709224700928,0.18201984465122223,4.750422954559326,1,0.5899912118911743,1309145.625
278308000,-0.7614478468894958,0.41118496656417847,4.500310897827148,1,0.5899912118911743,1309145.625
278317642,-0.616499662399292,0.8463799357414246,4.5155110359191895,1,0.5899912118911743,1309145.625
278327635,-0.44054967164993286,0.31232234835624695,4.691705226898193,1,0.5899912118911743,1309145.625
278337720,-0.5796548128128052,0.3359498679637909,4.641969680786133,1,0.5899912118911743,1309145.625
278347945,-0.4656611979007721,0.5186080932617188,4.805484294891357,1,0.5899912118911743,1309145.625
278358075,-0.4730679392814636,-0.09561420232057571,4.642943382263184,1,0.5899912118911743,1309145.625
278367670,-0.5042814612388611,-0.11685087531805038,4.388203144073486,1,0.5899912118911743,1309145.625
278377706,-0.2989054024219513,0.08981232345104218,4.418361186981201,1,0.5899912118911743,1309145.625
278387646,-0.7402788400650024,0.28928452730178833,4.247316360473633,1,0.5899912118911743,1309145.625
278397950,-0.9797978401184082,0.9424089193344116,4.34636116027832,1,0.5899912118911743,1309145.625
278407920,-0.6469434499740601,0.5419713258743286,4.603974342346191,1,0.5899912118911743,1309145.625
278417718,-0.4963611960411072,0.16281720995903015,4.593087196350098,1,0.5899912118911743,1309145.625
278427645,-0.4431978762149811,0.3614085614681244,4.468719482421875,1,0.5899912118911743,1309145.625
278437648,-0.4636661410331726,0.11892526596784592,4.435680389404297,1,0.5899912118911743,1309145.625
278447942,-0.6601017713546753,0.21269915997982025,4.260633945465088,1,0.5899912118911743,1309145.625
278457950,-0.5714406371116638,0.03890753164887428,4.341607093811035,1,0.5899912118911743,1309145.625
278467700,-0.5661578178405762,-0.1980297565460205,4.418112754821777,1,0.5899912118911743,1309145.625
278477688,-0.9169177412986755,0.5518683195114136,4.309009075164795,1,0.5899912118911743,1309145.625
278487670,-0.7567883133888245,0.6500785946846008,4.338922500610352,1,0.5899912118911743,1309145.625
278498059,-0.43758636713027954,0.40849220752716064,4.283528804779053,1,0.5899912118911743,1309145.625
278507892,-0.5270783305168152,0.46565207839012146,4.079079627990723,1,0.5899912118911743,1309145.625
278517680,-0.5282461047172546,0.252216100692749,4.030440330505371,1,0.5899912118911743,1309145.625
278527645,-0.586410403251648,0.2973533570766449,4.094114303588867,1,0.5899912118911743,1309145.625
278537649,-0.6235700845718384,-0.07129182666540146,4.181963920593262,1,0.5899912118911743,1309145.625
278547941,-0.40233150124549866,-0.3659582734107971,4.3864946365356445,1,0.5899912118911743,1309145.625
278558058,-0.45344844460487366,0.1994057595729828,4.322872161865234,1,0.5899912118911743,1309145.625
278567678,-0.5548527240753174,0.5167237520217896,4.2154717445373535,1,0.5899912118911743,1309145.625
278577684,-0.4614923596382141,0.5358068346977234,4.186483383178711,1,0.5899912118911743,1309145.625
278587641,-0.5842586755752563,0.5314916968345642,4.092785358428955,1,0.5899912118911743,1309145.625
278597978,-0.7956944108009338,0.28333890438079834,4.07611608505249,1,0.5899912118911743,1309145.625
278607928,-0.8239589929580688,0.5172836184501648,4.212098121643066,1,0.5899912118911743,1309145.625
278617710,-0.4443756937980652,0.28978100419044495,4.43985652923584,1,0.5899912118911743,1309145.625
278627631,-0.28911349177360535,-0.04790773615241051,4.50822114944458,1,0.5899912118911743,1309145.625
278637656,-0.3710836172103882,0.26932263374328613,4.289618015289307,1,0.5899912118911743,1309145.625
278647958,-0.5321189165115356,0.16487932205200195,4.211116790771484,1,0.5899912118911743,1309145.625
278657925,-0.6454111337661743,0.02268630638718605,4.121557712554932,1,0.5899912118911743,1309145.625
278667706,-0.5017058253288269,0.03481695055961609,4.1937994956970215,1,0.5899912118911743,1309145.625
278677669,-0.3781241476535797,0.06386368721723557,4.41349458694458,1,0.5899912118911743,1309145.625
278687623,-0.6817735433578491,0.7662950754165649,4.366087436676025,1,0.5899912118911743,1309145.625
278698045,-0.4772885739803314,0.7420839667320251,4.5053229331970215,1,0.5899912118911743,1309145.625
278707973,-0.2821810841560364,0.25813043117523193,4.483346462249756,1,0.5899912118911743,1309145.625
278717673,-0.4862310290336609,0.284927099943161,4.1956024169921875,1,0.5899912118911743,1309145.625
278727677,-0.371991902589798,0.12000934034585953,4.339179992675781,1,0.5899912118911743,1309145.625
278737701,-0.5718989968299866,0.06245611980557442,4.377015590667725,1,0.5849912166595459,1309155.125
278747919,-0.7095081210136414,-0.018962860107421875,4.4565510749816895,1,0.5849912166595459,1309155.125
278758054,-0.5068982243537903,-0.2261793166399002,4.71578311920166,1,0.5849912166595459,1309155.125
278767656,-0.7366242408752441,0.29505592584609985,4.4926300048828125,1,0.5849912166595459,1309155.125
278777677,-0.5658957362174988,0.26098254323005676,4.339410781860352,1,0.5849912166595459,1309155.125
278787656,-0.18018817901611328,-0.06186957657337189,4.382668495178223,1,0.5849912166595459,1309155.125
278797914,-0.5506047606468201,0.43665972352027893,4.1043381690979,1,0.5849912166595459,1309155.125
278807943,-0.4351166784763336,0.34821438789367676,4.252423286437988,1,0.5849912166595459,1309155.125
278817695,-0.28408142924308777,-0.1016136109828949,4.411205291748047,1,0.5849912166595459,1309155.125
278827656,-0.4586997926235199,-0.03769293427467346,4.275356292724609,1,0.5849912166595459,1309155.125
278837674,-0.26456621289253235,-0.2069018930196762,4.428214073181152,1,0.5849912166595459,1309155.125
278847989,-0.3946588933467865,-0.05093327909708023,4.2906317710876465,1,0.5849912166595459,1309155.125
278857965,-0.4932352602481842,0.08669938892126083,4.199996471405029,1,0.5849912166595459,1309155.125
278867648,-0.32046595215797424,-0.24929392337799072,4.391378879547119,1,0.5849912166595459,1309155.125
278877687,-0.6455405354499817,0.14528679847717285,4.229326248168945,1,0.5849912166595459,1309155.125
278887656,-0.5993701219558716,0.5041728019714355,4.383474826812744,1,0.5849912166595459,1309155.125
278898053,-0.28828564286231995,0.26673460006713867,4.62154483795166,1,0.5849912166595459,1309155.125
278907945,-0.5797697901725769,0.5379210114479065,4.3999924659729,1,0.5849912166595459,1309155.125
278917637,-0.3112151324748993,0.46504026651382446,4.471235752105713,1,0.5849912166595459,1309155.125
278927651,-0.11305246502161026,0.01635764166712761,4.444759368896484,1,0.5849912166595459,1309155.125
278937666,-0.23420190811157227,-0.042976364493370056,4.278954982757568,1,0.5849912166595459,1309155.125
278947879,-0.2114579975605011,-0.2712189555168152,4.523013591766357,1,0.5849912166595459,1309155.125
278958053,-0.5488972067832947,0.009776399470865726,4.497671127319336,1,0.5849912166595459,1309155.125
278967653,-0.7741852402687073,0.44338124990463257,4.510990142822266,1,0.5849912166595459,1309155.125
278977638,-0.29798322916030884,0.07128036022186279,4.77478551864624,1,0.5849912166595459,1309155.125
278987650,-0.5339714288711548,0.3961203694343567,4.44340181350708,1,0.5849912166595459,1309155.125
278997918,-0.5202214121818542,0.7314150929450989,4.356182098388672,1,0.5849912166595459,1309155.125
279007965,-0.22344832122325897,0.37386757135391235,4.520455837249756,1,0.5849912166595459,1309155.125
279017729,-0.29463496804237366,0.28111007809638977,4.478067398071289,1,0.5849912166595459,1309155.125
279027655,-0.3751564025878906,0.06279795616865158,4.707594871520996,1,0.5849912166595459,1309155.125
279037734,-0.5997201204299927,0.06490712612867355,4.725976943969727,1,0.5849912166595459,1309155.125
279047899,-0.7901809811592102,0.19629454612731934,4.551185607910156,1,0.5849912166595459,1309155.125
279057957,-0.3987977206707001,-0.12350768595933914,4.660923004150391,1,0.5849912166595459,1309155.125
279067688,-0.3474211096763611,0.033951420336961746,4.5614519119262695,1,0.5849912166595459,1309155.125
279077698,-0.47448715567588806,0.38076961040496826,4.550505638122559,1,0.5849912166595459,1309155.125
279087552,-0.4505951404571533,0.4010395109653473,4.641788959503174,1,0.5849912166595459,1309155.125
279098087,-0.36149120330810547,0.4153311848640442,4.585402488708496,1,0.5849912166595459,1309155.125
279107918,-0.38462957739830017,0.2651248574256897,4.629430294036865,1,0.5849912166595459,1309155.125
279117718,-0.4739866852760315,0.5122711062431335,4.478658676147461,1,0.5849912166595459,1309155.125
279127667,-0.3395055830478668,0.46173548698425293,4.551044464111328,1,0.5849912166595459,1309155.125
279137710,-0.17794004082679749,-0.09299430251121521,4.63469123840332,1,0.5849912166595459,1309155.125
279147947,-0.4861694276332855,-0.0878077819943428,4.464217185974121,1,0.5849912166595459,1309155.125
279158080,-0.42955663800239563,0.07389285415410995,4.541128635406494,1,0.5849912166595459,1309155.125
279167604,-0.5699639916419983,0.04885310307145119,4.494762897491455,1,0.5849912166595459,1309155.125
279177660,-0.4404546618461609,0.13871203362941742,4.505390167236328,1,0.5849912166595459,1309155.125
279187639,-0.04919493943452835,-0.08720780164003372,4.83692741394043,1,0.5849912166595459,1309155.125
279197908,-0.4378845691680908,0.23426882922649384,4.664154052734375,1,0.5849912166595459,1309155.125
279207961,-0.5521866679191589,0.5773968696594238,4.526822566986084,1,0.5849912166595459,1309155.125
279217642,-0.13596493005752563,0.3351738750934601,4.645462512969971,1,0.5849912166595459,1309155.125
279227634,-0.3255622088909149,0.34757348895072937,4.343449592590332,1,0.5849912166595459,1309155.125
279237694,-0.2760804295539856,0.2410350739955902,4.464016437530518,1,0.5849912166595459,1309155.125
279247942,-0.2889725863933563,0.10301358997821808,4.6430745124816895,1,0.5849912166595459,1309155.125
279257995,-0.39839106798171997,0.06911269575357437,4.718213081359863,1,0.5849912166595459,1309155.125
279267635,-0.15529127418994904,-0.19056376814842224,4.9434661865234375,1,0.5849912166595459,1309155.125
279277661,-0.23531262576580048,0.08010172843933105,4.711419582366943,1,0.5849912166595459,1309155.125
279287684,-0.556817352771759,0.44749870896339417,4.474246978759766,1,0.5849912166595459,1309155.125
279298085,-0.28241556882858276,0.3826056718826294,4.6503424644470215,1,0.5849912166595459,1309155.125
279307987,-0.24054186046123505,0.28171613812446594,4.686951160430908,1,0.5849912166595459,1309155.125
279317593,-0.3055797815322876,0.2366759479045868,4.856374740600586,1,0.5849912166595459,1309155.125
279327667,-0.3608354926109314,0.5167422294616699,4.8435587882995605,1,0.5849912166595459,1309155.125
279337691,-0.23560389876365662,0.358097106218338,4.673894882202148,1,0.5849912166595459,1309155.125
279347963,-0.0868501141667366,-0.10691794753074646,4.609233379364014,1,0.5849912166595459,1309155.125
279358039,-0.18157176673412323,-0.028592899441719055,4.448477268218994,1,0.5849912166595459,1309155.125
279367649,-0.27420932054519653,-0.057435542345047,4.646385192871094,1,0.5849912166595459,1309155.125
279377633,-0.41170230507850647,0.03759686276316643,4.79885196685791,1,0.5849912166595459,1309155.125
279387661,-0.2395847588777542,0.060729604214429855,4.803225517272949,1,0.5849912166595459,1309155.125
279397987,-0.1086028665304184,-0.03628421202301979,4.767190456390381,1,0.5849912166595459,1309155.125
279407981,-0.44708383083343506,0.5303255319595337,4.4706878662109375,1,0.5849912166595459,1309155.125
279417718,-0.17078931629657745,0.6052074432373047,4.45264196395874,1,0.5849912166595459,1309155.125
279427757,0.10566036403179169,0.21315895020961761,4.733795166015625,1,0.5849912166595459,1309155.125
279437684,-0.20950902998447418,0.5066716074943542,4.600348949432373,1,0.5849912166595459,1309155.125
279447941,-0.1098482757806778,0.34547826647758484,4.75893497467041,1,0.5849912166595459,1309155.125
279457969,-0.11152180284261703,0.11615125834941864,4.686915397644043,1,0.5849912166595459,1309155.125
279467634,-0.2093452662229538,-0.052436504513025284,4.4352126121521,1,0.5849912166595459,1309155.125
279477729,-0.11347851157188416,-0.1730770617723465,4.633437156677246,1,0.5849912166595459,1309155.125
279487642,-0.46042412519454956,0.22936679422855377,4.449219226837158,1,0.5849912166595459,1309155.125
279498068,-0.38878896832466125,0.01902434416115284,4.531032085418701,1,0.5849912166595459,1309155.125
279507953,0.06363613158464432,-0.1586359739303589,4.74560022354126,1,0.5849912166595459,1309155.125
279517671,-0.265277624130249,0.35478582978248596,4.417025566101074,1,0.5849912166595459,1309155.125
279527646,-0.24819979071617126,0.44647106528282166,4.34795618057251,1,0.5849912166595459,1309155.125
279537637,-0.057263340801000595,0.3711446225643158,4.453155994415283,1,0.5849912166595459,1309155.125
279547944,-0.28667277097702026,0.3068195879459381,4.434060573577881,1,0.5849912166595459,1309155.125
279558077,-0.18294170498847961,0.16733688116073608,4.669987678527832,1,0.5849912166595459,1309155.125
279567668,-0.06433029472827911,0.30650487542152405,4.833078861236572,1,0.5849912166595459,1309155.125
279577655,-0.04998654127120972,-0.10495225340127945,4.695003986358643,1,0.5849912166595459,1309155.125
279587637,0.12250559031963348,-0.29352420568466187,4.702165603637695,1,0.5849912166595459,1309155.125
279597965,-0.16107194125652313,0.04363132268190384,4.563811302185059,1,0.5849912166595459,1309155.125
279607969,-0.3038497567176819,-0.1460709571838379,4.509791374206543,1,0.5849912166595459,1309155.125
279617675,-0.0524202436208725,-0.11643068492412567,4.73798942565918,1,0.5849912166595459,1309155.125
279627641,-0.21198806166648865,0.39573973417282104,4.623473167419434,1,0.5849912166595459,1309155.125
279637659,-0.29834017157554626,0.5284944176673889,4.645845413208008,1,0.5849912166595459,1309155.125
279647950,-0.04612281545996666,0.7322812676429749,4.707254409790039,1,0.5849912166595459,1309155.125
279657998,-0.08572304993867874,0.3634546101093292,4.663931846618652,1,0.5849912166595459,1309155.125
279667656,-0.03209672495722771,0.0322122648358345,4.734448432922363,1,0.5849912166595459,1309155.125
279677689,-0.06460033357143402,0.2695814371109009,4.776558876037598,1,0.5849912166595459,1309155.125
279687638,-0.1104394942522049,-0.03871367871761322,4.739694595336914,1,0.5849912166595459,1309155.125
279698090,-0.012433464638888836,-0.16783098876476288,4.772519111633301,1,0.5849912166595459,1309155.125
279707868,-0.159511998295784,0.10658609122037888,4.64417839050293,1,0.5849912166595459,1309155.125
279717671,-0.4205676019191742,0.17234385013580322,4.6403889656066895,1,0.5849912166595459,1309155.125
279727668,-0.29195651412010193,0.37954914569854736,4.702764511108398,1,0.5849912166595459,1309155.125
279737701,-0.0497136227786541,0.33891957998275757,4.864709854125977,1,0.5799912214279175,1309173.25
279747982,-0.1222401037812233,0.31427791714668274,4.722946643829346,1,0.5799912214279175,1309173.25
279758083,-0.2165270447731018,0.7550734281539917,4.614805221557617,1,0.5799912214279175,1309173.25
279767691,0.1284990757703781,0.26357293128967285,4.7445068359375,1,0.5799912214279175,1309173.25
279777676,-0.06100599467754364,-0.025623874738812447,4.707691192626953,1,0.5799912214279175,1309173.25
279787658,-0.27067703008651733,0.23610058426856995,4.674693584442139,1,0.5799912214279175,1309173.25
279797957,-0.2639387249946594,0.2133161872625351,4.805088043212891,1,0.5799912214279175,1309173.25
279807950,-0.35101374983787537,0.3549598753452301,4.65765380859375,1,0.5799912214279175,1309173.25
279817632,0.03294370695948601,0.0975366085767746,4.717020034790039,1,0.5799912214279175,1309173.25
279827607,0.10611642152070999,-0.019635695964097977,4.727808952331543,1,0.5799912214279175,1309173.25
279837685,-0.3871569335460663,0.6639504432678223,4.511289596557617,1,0.5799912214279175,1309173.25
279847962,-0.3076060116291046,0.6367179751396179,4.617456912994385,1,0.5799912214279175,1309173.25
279857950,-0.13993193209171295,0.5116907954216003,4.65720272064209,1,0.5799912214279175,1309173.25
279867691,-0.2154587358236313,0.5507400035858154,4.5582475662231445,1,0.5799912214279175,1309173.25
279877685,-0.028434567153453827,0.37375834584236145,4.669835090637207,1,0.5799912214279175,1309173.25
279887647,0.04123071953654289,0.24333064258098602,4.655768394470215,1,0.5799912214279175,1309173.25
279898080,-0.03997393697500229,-0.14747467637062073,4.605042457580566,1,0.5799912214279175,1309173.25
279907902,-0.101828932762146,-0.087070032954216,4.713651180267334,1,0.5799912214279175,1309173.25
279917667,-0.5374965667724609,0.47343429923057556,4.507339000701904,1,0.5799912214279175,1309173.25
279927663,-0.46322792768478394,0.3484075367450714,4.524930000305176,1,0.5799912214279175,1309173.25
279937681,-0.1452597975730896,0.26451966166496277,4.650779724121094,1,0.5799912214279175,1309173.25
279947915,-0.32192638516426086,0.37669193744659424,4.481448650360107,1,0.5799912214279175,1309173.25
279958065,-0.31372496485710144,0.5670319199562073,4.622136116027832,1,0.5799912214279175,1309173.25
279967659,-0.10811678320169449,0.6916465759277344,4.694290637969971,1,0.5799912214279175,1309173.25
279977692,0.09492149949073792,0.19735470414161682,4.781607627868652,1,0.5799912214279175,1309173.25
279987663,0.04035026207566261,0.1337946504354477,4.837006568908691,1,0.5799912214279175,1309173.25
279997877,-0.1847672015428543,0.26198217272758484,4.710784912109375,1,0.5799912214279175,1309173.25
280007966,-0.164634570479393,-0.05076679587364197,4.720687389373779,1,0.5799912214279175,1309173.25
280017739,-0.10261236876249313,0.012240976095199585,4.631551742553711,1,0.5799912214279175,1309173.25
280027659,-0.043827686458826065,-0.027439981698989868,4.624664306640625,1,0.5799912214279175,1309173.25
280037624,-0.22903884947299957,0.16423964500427246,4.636897563934326,1,0.5799912214279175,1309173.25
280047947,-0.33458077907562256,0.7395793199539185,4.646276950836182,1,0.5799912214279175,1309173.25
280057967,-0.02083674632012844,0.27431222796440125,4.859692096710205,1,0.5799912214279175,1309173.25
280067653,-0.13352178037166595,0.23920102417469025,4.732872009277344,1,0.5799912214279175,1309173.25
280077697,-0.25380241870880127,0.5485108494758606,4.491249084472656,1,0.5799912214279175,1309173.25
280087643,0.005086440593004227,0.06009857356548309,4.650688648223877,1,0.5799912214279175,1309173.25
280098020,-0.07736203819513321,-0.051361728459596634,4.597344398498535,1,0.5799912214279175,1309173.25
280107991,-0.14330637454986572,-0.0865437462925911,4.674938201904297,1,0.5799912214279175,1309173.25
280117691,-0.27384474873542786,0.010394946672022343,4.788196086883545,1,0.5799912214279175,1309173.25
280127678,-0.5473548173904419,0.35072991251945496,4.453640937805176,1,0.5799912214279175,1309173.25
280137655,-0.12225794047117233,0.07060488313436508,4.62532901763916,1,0.5799912214279175,1309173.25
280147983,-0.2749907374382019,0.22725097835063934,4.487583160400391,1,0.5799912214279175,1309173.25
280158082,-0.6071219444274902,0.7502983808517456,4.369768142700195,1,0.5799912214279175,1309173.25
280167680,-0.16021648049354553,0.511587381362915,4.789093971252441,1,0.5799912214279175,1309173.25
280177741,-0.21080991625785828,0.3687100410461426,4.698294162750244,1,0.5799912214279175,1309173.25
280187673,-0.19783692061901093,0.23720312118530273,4.655121803283691,1,0.5799912214279175,1309173.25
280197959,-0.18377406895160675,0.02360403724014759,4.679864406585693,1,0.5799912214279175,1309173.25
280207893,-0.4772854149341583,0.01418406143784523,4.379392147064209,1,0.5799912214279175,1309173.25
280217638,-0.30092257261276245,-0.23436802625656128,4.517819404602051,1,0.5799912214279175,1309173.25
280227642,-0.37110403180122375,0.11761490255594254,4.568435192108154,1,0.5799912214279175,1309173.25
280237644,-0.7305100560188293,0.7301123142242432,4.4569597244262695,1,0.5799912214279175,1309173.25
280247972,-0.44651463627815247,0.5237584710121155,4.739296913146973,1,0.5799912214279175,1309173.25
280257943,-0.26375025510787964,0.49929651618003845,4.685647964477539,1,0.5799912214279175,1309173.25
280267731,-0.2480591982603073,0.4987516403198242,4.6295623779296875,1,0.5799912214279175,1309173.25
280277701,-0.26962152123451233,0.3749615252017975,4.615970611572266,1,0.5799912214279175,1309173.25
280287647,-0.3661639988422394,0.43386703729629517,4.5284423828125,1,0.5799912214279175,1309173.25
280298024,-0.39915600419044495,-0.09844735264778137,4.685122966766357,1,0.5799912214279175,1309173.25
280307950,-0.3502996563911438,-0.1560623198747635,4.7743916511535645,1,0.5799912214279175,1309173.25
280317685,-0.6002054214477539,0.19544513523578644,4.66600227355957,1,0.5799912214279175,1309173.25
280327671,-0.614427387714386,0.4401954114437103,4.582028865814209,1,0.5799912214279175,1309173.25
280337702,-0.4578157961368561,0.660485565662384,4.470878601074219,1,0.5799912214279175,1309173.25
280347879,-0.20650997757911682,0.35566818714141846,4.551087856292725,1,0.5799912214279175,1309173.25
280358135,-0.41256460547447205,0.33919617533683777,4.546957969665527,1,0.5799912214279175,1309173.25
280367699,-0.5007519721984863,0.5811713933944702,4.528519630432129,1,0.5799912214279175,1309173.25
280377689,-0.2955416440963745,0.03077881410717964,4.638472557067871,1,0.5799912214279175,1309173.25
280387643,-0.23104234039783478,-0.14245279133319855,4.558029651641846,1,0.5799912214279175,1309173.25
280397987,-0.17225007712841034,-0.04670616611838341,4.550593852996826,1,0.5799912214279175,1309173.25
280407974,-0.29206743836402893,0.05748170614242554,4.569883346557617,1,0.5799912214279175,1309173.25
280417684,-0.5767347812652588,0.43751344084739685,4.436441421508789,1,0.5799912214279175,1309173.25
280427635,-0.2409782111644745,0.19528505206108093,4.5260515213012695,1,0.5799912214279175,1309173.25
280437676,-0.2715759575366974,0.18814632296562195,4.490944862365723,1,0.5799912214279175,1309173.25
280447957,-0.622517466545105,0.6596248149871826,4.171545028686523,1,0.5799912214279175,1309173.25
280457939,-0.4112511873245239,0.37130630016326904,4.455760478973389,1,0.5799912214279175,1309173.25
280467694,-0.3969222605228424,0.14544235169887543,4.473546028137207,1,0.5799912214279175,1309173.25
280477690,-0.3892030715942383,-0.019470399245619774,4.4343791007995605,1,0.5799912214279175,1309173.25
280487638,-0.2551674544811249,-0.22003073990345,4.5951457023620605,1,0.5799912214279175,1309173.25
280498057,-0.5912317037582397,0.1401282548904419,4.302125453948975,1,0.5799912214279175,1309173.25
280507958,-0.4618689715862274,-0.04276442155241966,4.413763999938965,1,0.5799912214279175,1309173.25
280517652,-0.35790324211120605,-0.03580779209733009,4.518772125244141,1,0.5799912214279175,1309173.25
280527663,-0.7015567421913147,0.4338448643684387,4.27583122253418,1,0.5799912214279175,1309173.25
280537605,-0.5921547412872314,0.5941306352615356,4.4279375076293945,1,0.5799912214279175,1309173.25
280547885,-0.36876192688941956,0.5367254614830017,4.423923969268799,1,0.5799912214279175,1309173.25
280558096,-0.45051467418670654,0.20457996428012848,4.31562614440918,1,0.5799912214279175,1309173.25
280567663,-0.3315970301628113,-0.02533586695790291,4.446590423583984,1,0.5799912214279175,1309173.25
280577748,-0.5014646053314209,0.12999553978443146,4.317605018615723,1,0.5799912214279175,1309173.25
280587712,-0.48548203706741333,-0.2424928992986679,4.310876846313477,1,0.5799912214279175,1309173.25
280597961,-0.2434573769569397,-0.19205833971500397,4.422483444213867,1,0.5799912214279175,1309173.25
280607935,-0.3878815472126007,0.03940116614103317,4.294509410858154,1,0.5799912214279175,1309173.25
280617683,-0.5757761001586914,0.2747109830379486,4.361950874328613,1,0.5799912214279175,1309173.25
280627663,-0.6948636770248413,0.6227468252182007,4.3281121253967285,1,0.5799912214279175,1309173.25
280637660,-0.4744916558265686,0.22316297888755798,4.461891174316406,1,0.5799912214279175,1309173.25
280647949,-0.43774792551994324,-0.006285413634032011,4.464692115783691,1,0.5799912214279175,1309173.25
280657980,-0.5008919835090637,0.078296959400177,4.248251914978027,1,0.5799912214279175,1309173.25
280667649,-0.4126020073890686,-0.26835042238235474,4.286139488220215,1,0.5799912214279175,1309173.25
280677669,-0.44580844044685364,-0.163824200630188,4.19902229309082,1,0.5799912214279175,1309173.25
280687554,-0.40142861008644104,-0.1121537908911705,4.303711891174316,1,0.5799912214279175,1309173.25
280698038,-0.5222182869911194,0.0009640651987865567,4.4374542236328125,1,0.5799912214279175,1309173.25
280707944,-0.8553081750869751,0.565260112285614,4.323214530944824,1,0.5799912214279175,1309173.25
280717657,-0.49264615774154663,0.2929624021053314,4.463823318481445,1,0.5799912214279175,1309173.25
280727645,-0.37072205543518066,0.19939014315605164,4.437303066253662,1,0.5799912214279175,1309173.25
280737676,-0.5934718251228333,0.46933791041374207,4.2054009437561035,1,0.5749912261962891,1309190.125
280747933,-0.33864766359329224,0.22175976634025574,4.445706844329834,1,0.5749912261962891,1309190.125
280758095,-0.412280797958374,-0.021114757284522057,4.453010559082031,1,0.5749912261962891,1309190.125
280767696,-0.5416858196258545,-0.21340139210224152,4.494634628295898,1,0.5749912261962891,1309190.125
280777677,-0.5515548586845398,-0.18268024921417236,4.664426803588867,1,0.5749912261962891,1309190.125
280787588,-0.7549482583999634,0.2199908047914505,4.407922744750977,1,0.5749912261962891,1309190.125
280797897,-0.4585798382759094,-0.08102579414844513,4.4669189453125,1,0.5749912261962891,1309190.125
280807930,-0.3408838212490082,0.057905130088329315,4.519399642944336,1,0.5749912261962891,1309190.125
280817675,-0.7376476526260376,0.44651731848716736,4.321640968322754,1,0.5749912261962891,1309190.125
280827678,-0.6059706211090088,0.35871076583862305,4.487185001373291,1,0.5749912261962891,1309190.125
280837650,-0.42929619550704956,0.3198813498020172,4.620704650878906,1,0.5749912261962891,1309190.125
280847918,-0.5930271744728088,0.18846988677978516,4.529118061065674,1,0.5749912261962891,1309190.125
280857925,-0.4102588891983032,0.12873604893684387,4.674492359161377,1,0.5749912261962891,1309190.125
280867690,-0.3962702751159668,0.26719751954078674,4.506325721740723,1,0.5749912261962891,1309190.125
280877676,-0.31438568234443665,-0.20297858119010925,4.474022388458252,1,0.5749912261962891,1309190.125
280887649,-0.19775252044200897,-0.3523074984550476,4.583187103271484,1,0.5749912261962891,1309190.125
280898009,-0.5900932550430298,-0.03450409695506096,4.4665703773498535,1,0.5749912261962891,1309190.125
280907957,-0.7648545503616333,-0.06658902764320374,4.466231346130371,1,0.5749912261962891,1309190.125
280917690,-0.568990170955658,0.22282001376152039,4.645895481109619,1,0.5749912261962891,1309190.125
280927647,-0.5821621417999268,0.30240848660469055,4.605404853820801,1,0.5749912261962891,1309190.125
280937679,-0.5634402632713318,0.3687804937362671,4.668390274047852,1,0.5749912261962891,1309190.125
280947942,-0.42116180062294006,0.7568286657333374,4.692285060882568,1,0.5749912261962891,1309190.125
280958063,-0.29172879457473755,0.2922584116458893,4.724916458129883,1,0.5749912261962891,1309190.125
280967664,-0.267660528421402,-0.24452826380729675,4.626603126525879,1,0.5749912261962891,1309190.125
280977679,-0.4738534986972809,0.07947751134634018,4.5130295753479,1,0.5749912261962891,1309190.125
280987652,-0.6540645956993103,-0.13168449699878693,4.473485946655273,1,0.5749912261962891,1309190.125
280997915,-0.6508178114891052,-0.10600616782903671,4.5272345542907715,1,0.5749912261962891,1309190.125
281007984,-0.4961921274662018,0.08353311568498611,4.595988750457764,1,0.5749912261962891,1309190.125
281017718,-0.6632950305938721,0.20779593288898468,4.584950923919678,1,0.5749912261962891,1309190.125
281027653,-0.8141043782234192,0.5948697328567505,4.464483261108398,1,0.5749912261962891,1309190.125
281037673,-0.5348486304283142,0.34278440475463867,4.505526065826416,1,0.5749912261962891,1309190.125
281047962,-0.3887597620487213,-0.04131666198372841,4.460545539855957,1,0.5749912261962891,1309190.125
281057922,-0.6262132525444031,0.2656887471675873,4.354689121246338,1,0.5749912261962891,1309190.125
281067655,-0.4862445592880249,0.08968512713909149,4.602954864501953,1,0.5749912261962891,1309190.125
281077735,-0.449617475271225,0.04356398433446884,4.743383884429932,1,0.5749912261962891,1309190.125
281087694,-0.3563820719718933,0.014944693073630333,4.7345404624938965,1,0.5749912261962891,1309190.125
281098084,-0.23814454674720764,-0.052932754158973694,4.696320533752441,1,0.5749912261962891,1309190.125
281107952,-0.39878615736961365,0.3323748707771301,4.443721771240234,1,0.5749912261962891,1309190.125
281117679,-0.2896344065666199,0.15969467163085938,4.292246341705322,1,0.5749912261962891,1309190.125
281127658,-0.13239146769046783,0.033346179872751236,4.4944610595703125,1,0.5749912261962891,1309190.125
281137722,-0.5124918222427368,0.5869282484054565,4.489017486572266,1,0.5749912261962891,1309190.125
281147881,-0.4881035089492798,0.7157361507415771,4.712432384490967,1,0.5749912261962891,1309190.125
281158073,-0.16189874708652496,0.6127222776412964,4.936655044555664,1,0.5749912261962891,1309190.125
281167655,-0.23530390858650208,0.35777178406715393,4.62387752532959,1,0.5749912261962891,1309190.125
281177629,-0.17997519671916962,-0.06317547708749771,4.5610737800598145,1,0.5749912261962891,1309190.125
281187656,-0.3893952965736389,0.09582243114709854,4.388336181640625,1,0.5749912261962891,1309190.125
281198028,-0.5519426465034485,-0.03634924814105034,4.332269191741943,1,0.5749912261962891,1309190.125
281207936,-0.24715685844421387,-0.12540704011917114,4.73463249206543,1,0.5749912261962891,1309190.125
281217664,-0.3608781099319458,0.13838835060596466,4.757701873779297,1,0.5749912261962891,1309190.125
281227675,-0.5976704359054565,0.3806319534778595,4.75506591796875,1,0.5749912261962891,1309190.125
281237684,-0.34334447979927063,0.7265201210975647,4.785002708435059,1,0.5749912261962891,1309190.125
281247938,-0.16420555114746094,0.34110262989997864,4.652896881103516,1,0.5749912261962891,1309190.125
281257985,-0.13026846945285797,-0.028703361749649048,4.642350673675537,1,0.5749912261962891,1309190.125
281267671,-0.32763487100601196,0.0824333056807518,4.654510021209717,1,0.5749912261962891,1309190.125
281277699,-0.45465973019599915,-0.2514464557170868,4.7160515785217285,1,0.5749912261962891,1309190.125
281287525,-0.4094061553478241,-0.196277916431427,4.835066318511963,1,0.5749912261962891,1309190.125
281298017,-0.2922433614730835,-0.1264016479253769,4.7368927001953125,1,0.5749912261962891,1309190.125
281307925,-0.277090460062027,0.009128591977059841,4.723039627075195,1,0.5749912261962891,1309190.125
281317659,-0.6447820663452148,0.48806002736091614,4.428390026092529,1,0.5749912261962891,1309190.125
281327673,-0.4777635931968689,0.25284260511398315,4.480990886688232,1,0.5749912261962891,1309190.125
281337718,-0.1875639110803604,0.06277339905500412,4.633983135223389,1,0.5749912261962891,1309190.125
281347953,-0.4134647846221924,0.3370574712753296,4.567348003387451,1,0.5749912261962891,1309190.125
281358075,-0.22771194577217102,0.3513357639312744,4.777889251708984,1,0.5749912261962891,1309190.125
281367661,-0.24023164808750153,0.22688014805316925,4.736120700836182,1,0.5749912261962891,1309190.125
281377661,-0.23441068828105927,-0.2366061508655548,4.651121616363525,1,0.5749912261962891,1309190.125
281387671,-0.17929920554161072,-0.4127959907054901,4.715831756591797,1,0.5749912261962891,1309190.125
281397885,-0.4559444189071655,0.009787379764020443,4.598031044006348,1,0.5749912261962891,1309190.125
281407944,-0.5781576037406921,0.2435646653175354,4.585312366485596,1,0.5749912261962891,1309190.125
281417645,-0.32540780305862427,0.37205085158348083,4.647557258605957,1,0.5749912261962891,1309190.125
281427663,-0.29233285784721375,0.18612642586231232,4.578732013702393,1,0.5749912261962891,1309190.125
281437648,-0.38847070932388306,0.3009341061115265,4.548771381378174,1,0.5749912261962891,1309190.125
281447955,-0.2847670912742615,0.5874691009521484,4.603405952453613,1,0.5749912261962891,1309190.125
281457983,-0.051101475954055786,0.10084319114685059,4.648653984069824,1,0.5749912261962891,1309190.125
281467608,-0.1622655689716339,-0.08764422684907913,4.659122467041016,1,0.5749912261962891,1309190.125
281477660,-0.2621447741985321,-0.012833922170102596,4.565283298492432,1,0.5749912261962891,1309190.125
281487643,-0.3836544156074524,-0.15267962217330933,4.648454189300537,1,0.5749912261962891,1309190.125
281498009,-0.2773612141609192,0.06542062759399414,4.610150337219238,1,0.5749912261962891,1309190.125
281507931,-0.04812853783369064,0.005317189730703831,4.730809688568115,1,0.5749912261962891,1309190.125
281517698,-0.2785569131374359,0.3117233216762543,4.56335973739624,1,0.5749912261962891,1309190.125
281527660,-0.4096377193927765,0.9268034100532532,4.4411396980285645,1,0.5749912261962891,1309190.125
281537697,-0.08226107805967331,0.31265124678611755,4.635273456573486,1,0.5749912261962891,1309190.125
281547993,-0.13221563398838043,-0.06661249697208405,4.562835693359375,1,0.5749912261962891,1309190.125
281558068,-0.24239253997802734,0.07508240640163422,4.4501214027404785,1,0.5749912261962891,1309190.125
281567675,-0.3625967800617218,-0.14090651273727417,4.511259078979492,1,0.5749912261962891,1309190.125
281577638,-0.38584160804748535,0.10302022099494934,4.410099506378174,1,0.5749912261962891,1309190.125
281587621,-0.12734603881835938,0.10983560234308243,4.626376628875732,1,0.5749912261962891,1309190.125
281597944,-0.11277122795581818,0.06175849586725235,4.71204137802124,1,0.5749912261962891,1309190.125
281607933,-0.5933696031570435,0.8053138852119446,4.524020671844482,1,0.5749912261962891,1309190.125
281617741,-0.274514377117157,0.6010956764221191,4.708474636077881,1,0.5749912261962891,1309190.125
281627655,-0.1447622925043106,0.10260241478681564,4.61508846282959,1,0.5749912261962891,1309190.125
281637679,-0.2762821614742279,0.24750153720378876,4.485567092895508,1,0.5749912261962891,1309190.125
281647882,-0.1984293907880783,0.0005249747191555798,4.664037704467773,1,0.5749912261962891,1309190.125
281657988,-0.3285202085971832,-0.08576218038797379,4.561670780181885,1,0.5749912261962891,1309190.125
281667646,-0.19295763969421387,-0.12291049212217331,4.625942230224609,1,0.5749912261962891,1309190.125
281677675,0.015687966719269753,-0.23412559926509857,4.720537185668945,1,0.5749912261962891,1309190.125
281687652,-0.48209601640701294,0.4565839171409607,4.576635360717773,1,0.5749912261962891,1309190.125
281698081,-0.44661790132522583,0.7568730115890503,4.706018447875977,1,0.5699912309646606,1309212.75
281707954,-0.11469607800245285,0.4053170680999756,4.936241149902344,1,0.5699912309646606,1309212.75
281717677,-0.09759140014648438,0.35042768716812134,4.7846550941467285,1,0.5699912309646606,1309212.75
281727620,0.01450430043041706,0.059498365968465805,4.71669340133667,1,0.5699912309646606,1309212.75
281737697,-0.13100218772888184,0.15661929547786713,4.510157585144043,1,0.5699912309646606,1309212.75
281747873,-0.24307824671268463,0.05302252247929573,4.411074638366699,1,0.5699912309646606,1309212.75
281758040,-0.006154980510473251,-0.22972728312015533,4.610644340515137,1,0.5699912309646606,1309212.75
281767640,-0.20669163763523102,0.2188803255558014,4.581693172454834,1,0.5699912309646606,1309212.75
281777645,-0.4043912887573242,0.5187973976135254,4.592068672180176,1,0.5699912309646606,1309212.75
281787664,-0.15234258770942688,0.38597214221954346,4.7330002784729,1,0.5699912309646606,1309212.75
281797924,-0.057517390698194504,0.4704289436340332,4.618465423583984,1,0.5699912309646606,1309212.75
281807960,-0.09336475282907486,0.3302360773086548,4.514069557189941,1,0.5699912309646606,1309212.75
281817709,-0.22898462414741516,0.45240774750709534,4.515623569488525,1,0.5699912309646606,1309212.75
281827699,-0.27588802576065063,0.15806451439857483,4.49394416809082,1,0.5699912309646606,1309212.75
281837654,-0.05918257310986519,-0.35452380776405334,4.71236515045166,1,0.5699912309646606,1309212.75
281847971,-0.01221663597971201,-0.05322026461362839,4.7022857666015625,1,0.5699912309646606,1309212.75
281857947,-0.260137677192688,0.3730836808681488,4.634127616882324,1,0.5699912309646606,1309212.75
281867677,-0.22929580509662628,0.6005935668945312,4.559720993041992,1,0.5699912309646606,1309212.75
281877698,-0.1582155078649521,0.6731444597244263,4.475214958190918,1,0.5699912309646606,1309212.75
281887640,-0.1621364802122116,0.39178913831710815,4.487247943878174,1,0.5699912309646606,1309212.75
281898039,-0.17781944572925568,0.5510933995246887,4.62150764465332,1,0.5699912309646606,1309212.75
281907984,-0.05014719069004059,0.44686591625213623,4.75481653213501,1,0.5699912309646606,1309212.75
281917693,0.012306745164096355,-0.13566680252552032,4.819394111633301,1,0.5699912309646606,1309212.75
281927626,-0.0142253078520298,-0.01974579691886902,4.707386016845703,1,0.5699912309646606,1309212.75
281937692,-0.32968655228614807,0.1765548586845398,4.4555535316467285,1,0.5699912309646606,1309212.75
281947927,-0.2461024671792984,0.08946388214826584,4.307746410369873,1,0.5699912309646606,1309212.75
281958091,-0.1326691061258316,0.1704815775156021,4.302822589874268,1,0.5699912309646606,1309212.75
281967666,-0.2176455557346344,0.1539078652858734,4.3366217613220215,1,0.5699912309646606,1309212.75
281977698,-0.3282257616519928,0.46270474791526794,4.435911655426025,1,0.5699912309646606,1309212.75
281987599,0.03131460025906563,0.5192221999168396,4.663349151611328,1,0.5699912309646606,1309212.75
281998009,0.1507422775030136,-0.1389104425907135,4.7415971755981445,1,0.5699912309646606,1309212.75
282007965,0.051391180604696274,-0.05447615683078766,4.576990604400635,1,0.5699912309646606,1309212.75
282017661,-0.042312029749155045,0.1254013329744339,4.558845043182373,1,0.5699912309646606,1309212.75
282027670,-0.09926214069128036,-0.05867533013224602,4.5291852951049805,1,0.5699912309646606,1309212.75
282037704,0.013388056308031082,0.13411124050617218,4.6669745445251465,1,0.5699912309646606,1309212.75
282047884,0.09887660294771194,0.031007470563054085,4.739107608795166,1,0.5699912309646606,1309212.75
282057917,-0.245305597782135,0.3002544939517975,4.616130828857422,1,0.5699912309646606,1309212.75
282067644,-0.2576107084751129,0.7550254464149475,4.472325801849365,1,0.5699912309646606,1309212.75
282077644,0.04593774676322937,0.26905593276023865,4.5371294021606445,1,0.5699912309646606,1309212.75
282087657,0.11107117682695389,0.25584086775779724,4.516119480133057,1,0.5699912309646606,1309212.75
282098053,0.030603790655732155,0.42086413502693176,4.5637640953063965,1,0.5699912309646606,1309212.75
282107979,-0.01379395928233862,0.1292896270751953,4.716918468475342,1,0.5699912309646606,1309212.75
282117736,-0.20443440973758698,0.11941035836935043,4.661747932434082,1,0.5699912309646606,1309212.75
282127667,0.01199400145560503,-0.19928716123104095,4.755255222320557,1,0.5699912309646606,1309212.75
282137664,-0.19439181685447693,-0.0010521941585466266,4.684724807739258,1,0.5699912309646606,1309212.75
282147941,-0.3929557502269745,0.5659734606742859,4.389366626739502,1,0.5699912309646606,1309212.75
282158060,0.02407095767557621,0.17153851687908173,4.459958553314209,1,0.5699912309646606,1309212.75
282167653,0.20388460159301758,0.27075880765914917,4.353634357452393,1,0.5699912309646606,1309212.75
282177688,-0.1027369424700737,0.5150672197341919,4.306554794311523,1,0.5699912309646606,1309212.75
282187556,-0.05961956828832626,0.3773750364780426,4.43008279800415,1,0.5699912309646606,1309212.75
282197871,-0.06583794951438904,0.3749440014362335,4.49044942855835,1,0.5699912309646606,1309212.75
282207954,0.041101038455963135,-0.08181437849998474,4.555219650268555,1,0.5699912309646606,1309212.75
282217667,0.0019142106175422668,-0.11387478560209274,4.677332878112793,1,0.5699912309646606,1309212.75
282227682,-0.16776135563850403,0.3638441562652588,4.49616003036499,1,0.5699912309646606,1309212.75
282237685,-0.27606460452079773,0.2695416212081909,4.480391025543213,1,0.5699912309646606,1309212.75
282248009,-0.09713669121265411,0.35475772619247437,4.526288986206055,1,0.5699912309646606,1309212.75
282257966,-0.012492084875702858,0.29626014828681946,4.544759273529053,1,0.5699912309646606,1309212.75
282267670,-0.14504148066043854,0.4352755546569824,4.645163536071777,1,0.5699912309646606,1309212.75
282277729,-0.260888934135437,0.8877278566360474,4.562546730041504,1,0.5699912309646606,1309212.75
282287672,0.07023768872022629,0.4354788064956665,4.683306694030762,1,0.5699912309646606,1309212.75
282298088,0.14813706278800964,0.11226435750722885,4.660481929779053,1,0.5699912309646606,1309212.75
282307917,0.08354452252388,0.12401662766933441,4.4959211349487305,1,0.5699912309646606,1309212.75
282317691,0.08557774126529694,0.001376612694002688,4.686185836791992,1,0.5699912309646606,1309212.75
282327656,-0.1042577475309372,0.09412689507007599,4.5160746574401855,1,0.5699912309646606,1309212.75
282337657,-0.07578174769878387,-0.23749427497386932,4.62161922454834,1,0.5699912309646606,1309212.75
282347883,-0.04138950631022453,-0.13454097509384155,4.636988639831543,1,0.5699912309646606,1309212.75
282358115,-0.47070422768592834,0.5102704763412476,4.414703845977783,1,0.5699912309646606,1309212.75
282367626,-0.26245424151420593,0.46397048234939575,4.464345932006836,1,0.5699912309646606,1309212.75
282377697,0.033785514533519745,0.3344894051551819,4.493650913238525,1,0.5699912309646606,1309212.75
282387674,-0.1368478387594223,0.26843276619911194,4.279606342315674,1,0.5699912309646606,1309212.75
282397973,-0.15731051564216614,0.2969920039176941,4.341911792755127,1,0.5699912309646606,1309212.75
282407927,-0.1544768214225769,0.42110785841941833,4.3834381103515625,1,0.5699912309646606,1309212.75
282417685,-0.04631836339831352,-0.0959048867225647,4.583806991577148,1,0.5699912309646606,1309212.75
282427662,-0.016689667478203773,-0.1779526025056839,4.726690769195557,1,0.5699912309646606,1309212.75
282437696,-0.19812636077404022,0.25843343138694763,4.547849178314209,1,0.5699912309646606,1309212.75
282447977,-0.35953783988952637,0.3119848072528839,4.4266228675842285,1,0.5699912309646606,1309212.75
282458027,-0.4054916203022003,0.4120057225227356,4.309683799743652,1,0.5699912309646606,1309212.75
282467649,-0.21554990112781525,0.22098961472511292,4.4072699546813965,1,0.5699912309646606,1309212.75
282477674,-0.23653961718082428,0.11685830354690552,4.570380210876465,1,0.5699912309646606,1309212.75
282487680,-0.3931272327899933,0.8064334988594055,4.486117839813232,1,0.5699912309646606,1309212.75
282498052,-0.09186015278100967,0.5857244729995728,4.598295211791992,1,0.5699912309646606,1309212.75
282507956,0.09971412271261215,0.15737007558345795,4.546111106872559,1,0.5699912309646606,1309212.75
282517699,-0.13290810585021973,0.26118215918540955,4.428720951080322,1,0.5699912309646606,1309212.75
282527624,-0.3093748688697815,-0.011225073598325253,4.528266906738281,1,0.5699912309646606,1309212.75
282537704,-0.25550246238708496,0.12284060567617416,4.602366924285889,1,0.5699912309646606,1309212.75
282547882,-0.1359993815422058,0.1799488067626953,4.686253547668457,1,0.5699912309646606,1309212.75
282558085,-0.02992224134504795,-0.036382950842380524,4.743580341339111,1,0.5699912309646606,1309212.75
282567693,-0.4044294059276581,0.5714916586875916,4.487929344177246,1,0.5699912309646606,1309212.75
282577688,-0.2623812258243561,0.6419469714164734,4.528958320617676,1,0.5699912309646606,1309212.75
282587646,0.11988121271133423,0.23148460686206818,4.775122165679932,1,0.5699912309646606,1309212.75
282597945,-0.11651624739170074,0.3706177771091461,4.758268356323242,1,0.5699912309646606,1309212.75
282607883,-0.19423967599868774,0.35138392448425293,4.7627129554748535,1,0.5699912309646606,1309212.75
282617680,-0.04749405011534691,0.16710257530212402,4.662002086639404,1,0.5699912309646606,1309212.75
282627659,-0.2001246064901352,0.2615695595741272,4.5519280433654785,1,0.5699912309646606,1309212.75
282637637,-0.07691323757171631,-0.02150840498507023,4.562382698059082,1,0.5699912309646606,1309212.75
282647961,-0.3396517038345337,-0.006375073920935392,4.661715507507324,1,0.5699912309646606,1309212.75
282657905,-0.5798676609992981,0.26719191670417786,4.621302604675293,1,0.5699912309646606,1309212.75
282667676,-0.3724054992198944,-0.032025475054979324,4.7397565841674805,1,0.5699912309646606,1309212.75
282677695,-0.20276638865470886,0.05268745869398117,4.7232584953308105,1,0.5699912309646606,1309212.75
282687611,-0.42616090178489685,0.4680054485797882,4.465558052062988,1,0.5699912309646606,1309212.75
282698049,-0.12118992954492569,0.42821380496025085,4.540500164031982,1,0.5649912357330322,1309240.875
282707952,0.025233447551727295,0.440275639295578,4.681818008422852,1,0.5649912357330322,1309240.875
282717678,-0.17669647932052612,0.18222370743751526,4.611904144287109,1,0.5649912357330322,1309240.875
282727677,-0.4334005117416382,0.14460094273090363,4.738199710845947,1,0.5649912357330322,1309240.875
282737651,-0.529538094997406,0.377902090549469,4.527643203735352,1,0.5649912357330322,1309240.875
282747893,-0.41451185941696167,-0.16016200184822083,4.538215637207031,1,0.5649912357330322,1309240.875
282758054,-0.03481050953269005,-0.19496367871761322,4.6353440284729,1,0.5649912357330322,1309240.875
282767670,-0.44901904463768005,0.20624074339866638,4.492586135864258,1,0.5649912357330322,1309240.875
282777669,-0.40864357352256775,0.1553254872560501,4.647494316101074,1,0.5649912357330322,1309240.875
282787672,-0.2708475887775421,0.3700715899467468,4.78380012512207,1,0.5649912357330322,1309240.875
282797958,-0.34578537940979004,0.5071037411689758,4.66744327545166,1,0.5649912357330322,1309240.875
282807985,-0.2954128682613373,0.5357040762901306,4.588604927062988,1,0.5649912357330322,1309240.875
282817696,-0.32272395491600037,0.7243103981018066,4.412924289703369,1,0.5649912357330322,1309240.875
282827641,-0.27876970171928406,0.017662102356553078,4.31223201751709,1,0.5649912357330322,1309240.875
282837676,-0.19506125152111053,-0.3905116021633148,4.374208450317383,1,0.5649912357330322,1309240.875
282847942,-0.47174304723739624,0.062390509992837906,4.341603755950928,1,0.5649912357330322,1309240.875
282857903,-0.6402165293693542,0.1593969166278839,4.361349582672119,1,0.5649912357330322,1309240.875
282867678,-0.33975961804389954,0.2709069550037384,4.476935386657715,1,0.5649912357330322,1309240.875
282877744,-0.3238215148448944,0.5223077535629272,4.404500484466553,1,0.5649912357330322,1309240.875
282887666,-0.3521765172481537,0.5168064832687378,4.314061641693115,1,0.5649912357330322,1309240.875
282898100,-0.18045850098133087,0.5610606670379639,4.444029331207275,1,0.5649912357330322,1309240.875
282907894,-0.19222594797611237,0.24738644063472748,4.431412696838379,1,0.5649912357330322,1309240.875
282917656,-0.2990057170391083,0.04288918524980545,4.418178558349609,1,0.5649912357330322,1309240.875
282927637,-0.36114364862442017,0.4235280752182007,4.3729023933410645,1,0.5649912357330322,1309240.875
282937648,-0.42431893944740295,0.2905513346195221,4.337789058685303,1,0.5649912357330322,1309240.875
282947912,-0.2264566421508789,-0.15213260054588318,4.379218578338623,1,0.5649912357330322,1309240.875
282958088,-0.3304726183414459,0.10689020156860352,4.405462265014648,1,0.5649912357330322,1309240.875
282967668,-0.6113548278808594,0.38749128580093384,4.379344940185547,1,0.5649912357330322,1309240.875
282977653,-0.5946255326271057,0.5155016779899597,4.440216541290283,1,0.5649912357330322,1309240.875
282987714,-0.2709446847438812,0.5011957287788391,4.455963134765625,1,0.5649912357330322,1309240.875
282997932,-0.18283380568027496,0.291827917098999,4.40802001953125,1,0.5649912357330322,1309240.875
283007952,-0.28664183616638184,0.6903415322303772,4.3173627853393555,1,0.5649912357330322,1309240.875
283017701,-0.1969219148159027,0.695101261138916,4.362066268920898,1,0.5649912357330322,1309240.875
283027656,-0.0826970562338829,0.032766394317150116,4.440301418304443,1,0.5649912357330322,1309240.875
283037669,-0.3286636173725128,-0.03615960478782654,4.2975239753723145,1,0.5649912357330322,1309240.875
283047920,-0.4058127999305725,-0.04350946098566055,4.166214466094971,1,0.5649912357330322,1309240.875
283057943,-0.43238258361816406,0.008142733946442604,4.130423069000244,1,0.5649912357330322,1309240.875
283067675,-0.376976877450943,0.2620779573917389,4.092013835906982,1,0.5649912357330322,1309240.875
283077794,-0.2624843418598175,0.059788499027490616,4.277980804443359,1,0.5649912357330322,1309240.875
283087668,-0.510671079158783,0.3753616511821747,4.182370662689209,1,0.5649912357330322,1309240.875
283098045,-0.4805236756801605,0.7093770503997803,4.210554599761963,1,0.5649912357330322,1309240.875
283107927,-0.22928665578365326,0.15731273591518402,4.46418571472168,1,0.5649912357330322,1309240.875
283117697,-0.5377936959266663,0.3136879503726959,4.23185920715332,1,0.5649912357330322,1309240.875
283127692,-0.586126446723938,0.6033909916877747,4.108975410461426,1,0.5649912357330322,1309240.875
283137686,-0.22311656177043915,0.354341059923172,4.2128143310546875,1,0.5649912357330322,1309240.875
283147920,-0.2539956271648407,0.29648950695991516,4.015140533447266,1,0.5649912357330322,1309240.875
283158095,-0.18719321489334106,0.12336574494838715,4.128604888916016,1,0.5649912357330322,1309240.875
283167681,-0.44294261932373047,0.10251820832490921,4.146636009216309,1,0.5649912357330322,1309240.875
283177687,-0.6734136343002319,0.042552947998046875,4.039732456207275,1,0.5649912357330322,1309240.875
283187621,-0.2801944613456726,-0.4119099974632263,4.3464860916137695,1,0.5649912357330322,1309240.875
283197951,-0.30814528465270996,-0.09879276156425476,4.237014293670654,1,0.5649912357330322,1309240.875
283207974,-0.5212863683700562,0.37944692373275757,4.034718036651611,1,0.5649912357330322,1309240.875
283217661,-0.23899397253990173,0.4202606976032257,4.146157741546631,1,0.5649912357330322,1309240.875
283227659,-0.154251828789711,0.41276001930236816,4.103014945983887,1,0.5649912357330322,1309240.875
283237634,-0.3251643180847168,0.15581485629081726,4.142880439758301,1,0.5649912357330322,1309240.875
283247977,-0.4743362069129944,0.3386038839817047,4.201044082641602,1,0.5649912357330322,1309240.875
283258008,-0.4053431451320648,0.44730454683303833,4.149303436279297,1,0.5649912357330322,1309240.875
283267658,-0.28098684549331665,-0.02159910649061203,4.190858840942383,1,0.5649912357330322,1309240.875
283277679,-0.44439250230789185,0.1512906700372696,4.0033721923828125,1,0.5649912357330322,1309240.875
283287681,-0.5635369420051575,0.2783800959587097,3.9690825939178467,1,0.5649912357330322,1309240.875
283298109,-0.5440963506698608,-0.01281533669680357,4.112194061279297,1,0.5649912357330322,1309240.875
283307915,-0.5032258629798889,0.04234426096081734,4.242932319641113,1,0.5649912357330322,1309240.875
283317680,-0.3599950969219208,-0.14704427123069763,4.568222522735596,1,0.5649912357330322,1309240.875
283327551,-0.5260968804359436,0.17865340411663055,4.635903358459473,1,0.5649912357330322,1309240.875
283337645,-0.541415274143219,0.44512972235679626,4.472072124481201,1,0.5649912357330322,1309240.875
283347945,-0.04505028948187828,0.18361207842826843,4.435866832733154,1,0.5649912357330322,1309240.875
283358037,-0.1737639158964157,0.32622474431991577,4.085235595703125,1,0.5649912357330322,1309240.875
283367664,-0.2750343382358551,0.4180862605571747,4.044100284576416,1,0.5649912357330322,1309240.875
283377672,-0.2248893678188324,0.31219831109046936,4.381484508514404,1,0.5649912357330322,1309240.875
283387572,-0.3154672384262085,0.1841914802789688,4.478305816650391,1,0.5649912357330322,1309240.875
283397983,-0.19944532215595245,-0.26621633768081665,4.685122966766357,1,0.5649912357330322,1309240.875
283407985,-0.28964534401893616,-0.039986029267311096,4.558169841766357,1,0.5649912357330322,1309240.875
283417668,-0.4954022765159607,0.2612537741661072,4.2891526222229,1,0.5649912357330322,1309240.875
283427662,-0.2585468888282776,0.03309403359889984,4.308426856994629,1,0.5649912357330322,1309240.875
283437665,-0.2147710621356964,0.1774298995733261,4.307776927947998,1,0.5649912357330322,1309240.875
283447973,-0.3005194664001465,0.30728772282600403,4.366466522216797,1,0.5649912357330322,1309240.875
283457987,-0.38422200083732605,0.5574026703834534,4.420566082000732,1,0.5649912357330322,1309240.875
283467669,-0.027995534241199493,0.43876275420188904,4.411593914031982,1,0.5649912357330322,1309240.875
283477659,0.17902901768684387,-0.08260208368301392,4.507344722747803,1,0.5649912357330322,1309240.875
283487638,-0.09680816531181335,0.2755616009235382,4.247544765472412,1,0.5649912357330322,1309240.875
283498053,-0.13723282516002655,0.42721232771873474,4.243359565734863,1,0.5649912357330322,1309240.875
283507990,0.06447133421897888,0.1496598720550537,4.400979995727539,1,0.5649912357330322,1309240.875
283517677,-0.13786503672599792,0.27012011408805847,4.390112400054932,1,0.5649912357330322,1309240.875
283527604,-0.09334328025579453,0.018246537074446678,4.510422706604004,1,0.5649912357330322,1309240.875
283537654,-0.390580952167511,0.21661607921123505,4.458408355712891,1,0.5649912357330322,1309240.875
283547964,-0.5628917813301086,0.3226715326309204,4.320542812347412,1,0.5649912357330322,1309240.875
283558069,-0.2127533257007599,-0.15165875852108002,4.458813667297363,1,0.5649912357330322,1309240.875
283567644,-0.4069298803806305,0.21505294740200043,4.256115913391113,1,0.5649912357330322,1309240.875
283577656,-0.6519537568092346,0.773095965385437,4.229560852050781,1,0.5649912357330322,1309240.875
283587647,-0.2688872814178467,0.7441415786743164,4.53968620300293,1,0.5649912357330322,1309240.875
283597910,-0.1679336279630661,0.5890837907791138,4.570013999938965,1,0.5649912357330322,1309240.875
283607892,-0.1197148934006691,0.14896796643733978,4.690647602081299,1,0.5649912357330322,1309240.875
283617769,-0.16080345213413239,0.265360951423645,4.803670883178711,1,0.5649912357330322,1309240.875
283627643,-0.33956921100616455,0.3640660345554352,4.727291107177734,1,0.5649912357330322,1309240.875
283637653,-0.23193539679050446,-0.019473593682050705,4.803711891174316,1,0.5649912357330322,1309240.875
283647938,-0.21292497217655182,0.32305648922920227,4.715576648712158,1,0.5649912357330322,1309240.875
283657982,-0.3582288920879364,0.5278419256210327,4.639725685119629,1,0.5599912405014038,1309284.25
283667709,-0.40926429629325867,0.3107071816921234,4.664069175720215,1,0.5599912405014038,1309284.25
283677704,-0.27608445286750793,0.39857861399650574,4.673770904541016,1,0.5599912405014038,1309284.25
283687669,-0.14400576055049896,0.2507621943950653,4.779711723327637,1,0.5599912405014038,1309284.25
283698057,-0.3661332130432129,0.6842188239097595,4.733258247375488,1,0.5599912405014038,1309284.25
283708003,-0.31172701716423035,0.8463605642318726,4.7296953201293945,1,0.5599912405014038,1309284.25
283717713,-0.11454641819000244,0.2819635272026062,4.95934534072876,1,0.5599912405014038,1309284.25
283727644,-0.28462010622024536,0.4762449860572815,4.878494739532471,1,0.5599912405014038,1309284.25
283737683,-0.1938888281583786,0.46658948063850403,5.0422163009643555,1,0.5599912405014038,1309284.25
283747962,-0.05707584321498871,-0.10221927613019943,5.128072261810303,1,0.5599912405014038,1309284.25
283758083,-0.23525676131248474,0.03667731210589409,5.004460334777832,1,0.5599912405014038,1309284.25
283767670,-0.17519021034240723,-0.11111505329608917,5.0599284172058105,1,0.5599912405014038,1309284.25
283777673,-0.36034226417541504,0.11949077993631363,4.838191986083984,1,0.5599912405014038,1309284.25
283787686,-0.39601823687553406,0.5229390859603882,4.720104217529297,1,0.5599912405014038,1309284.25
283797996,-0.05713370814919472,0.03430354222655296,4.863010406494141,1,0.5599912405014038,1309284.25
283807966,-0.33071061968803406,0.33314862847328186,4.747684001922607,1,0.5599912405014038,1309284.25
283817692,-0.4686574637889862,0.8798714280128479,4.715150833129883,1,0.5599912405014038,1309284.25
283827690,-0.1438627541065216,0.4680022895336151,4.949880599975586,1,0.5599912405014038,1309284.25
283837666,-0.13276784121990204,0.31347939372062683,4.761842727661133,1,0.5599912405014038,1309284.25
283847953,-0.16244222223758698,0.342678040266037,4.824335098266602,1,0.5599912405014038,1309284.25
283857970,-0.14405101537704468,0.19252526760101318,4.84969425201416,1,0.5599912405014038,1309284.25
283867655,-0.2704322338104248,0.333647221326828,4.79999303817749,1,0.5599912405014038,1309284.25
283877685,-0.060632891952991486,-0.03894835337996483,4.831300735473633,1,0.5599912405014038,1309284.25
283887665,-0.1367838829755783,0.13298539817333221,4.875091552734375,1,0.5599912405014038,1309284.25
283898071,-0.48056480288505554,0.6681471467018127,4.6546783447265625,1,0.5599912405014038,1309284.25
283907952,-0.2878381013870239,0.4141322076320648,4.816643238067627,1,0.5599912405014038,1309284.25
283917678,0.025261877104640007,0.31310415267944336,4.824072360992432,1,0.5599912405014038,1309284.25
283927674,-0.13702541589736938,0.5479172468185425,4.778142929077148,1,0.5599912405014038,1309284.25
283937697,-0.22009485960006714,0.7076408267021179,4.729572772979736,1,0.5599912405014038,1309284.25
283947890,-0.06956905126571655,0.9228989481925964,4.847524642944336,1,0.5599912405014038,1309284.25
283958065,0.08033968508243561,0.45538073778152466,4.956847190856934,1,0.5599912405014038,1309284.25
283967652,-0.04497307911515236,0.22137965261936188,5.029767036437988,1,0.5599912405014038,1309284.25
283977679,-0.14066757261753082,0.3477727174758911,5.007890224456787,1,0.5599912405014038,1309284.25
283987652,-0.16141682863235474,0.0622217021882534,4.985907554626465,1,0.5599912405014038,1309284.25
283997975,-0.1737518012523651,0.09417944401502609,4.855433940887451,1,0.5599912405014038,1309284.25
284007968,-0.10133751481771469,0.14169450104236603,4.862161636352539,1,0.5599912405014038,1309284.25
284017683,-0.3420882821083069,0.2709524929523468,4.797718524932861,1,0.5599912405014038,1309284.25
284027677,-0.47896429896354675,0.5073062777519226,4.786930084228516,1,0.5599912405014038,1309284.25
284037667,-0.06424809247255325,0.05877510458230972,5.057641983032227,1,0.5599912405014038,1309284.25
284047945,-0.11613254994153976,0.15402185916900635,4.946300029754639,1,0.5599912405014038,1309284.25
284057939,-0.24880008399486542,0.700257420539856,4.836845397949219,1,0.5599912405014038,1309284.25
284067680,0.01079485286027193,0.4039055109024048,4.972882270812988,1,0.5599912405014038,1309284.25
284077666,-0.013523558154702187,0.3397957980632782,4.921629428863525,1,0.5599912405014038,1309284.25
284087638,-0.17827825248241425,0.31474438309669495,4.933921813964844,1,0.5599912405014038,1309284.25
284098076,-0.20461855828762054,0.2694219946861267,5.000728607177734,1,0.5599912405014038,1309284.25
284107970,-0.31167781352996826,0.43284785747528076,4.81109619140625,1,0.5599912405014038,1309284.25
284117660,-0.15385554730892181,-0.019936831668019295,4.755268573760986,1,0.5599912405014038,1309284.25
284127613,-0.08296993374824524,-0.02085701934993267,4.670171737670898,1,0.5599912405014038,1309284.25
284137751,-0.38345932960510254,0.5167073607444763,4.417079925537109,1,0.5599912405014038,1309284.25
284147951,-0.2446056306362152,0.5216952562332153,4.506073474884033,1,0.5599912405014038,1309284.25
284158080,-0.04347805678844452,0.6190992593765259,4.5962395668029785,1,0.5599912405014038,1309284.25
284167679,-0.15919257700443268,0.5060417652130127,4.526244163513184,1,0.5599912405014038,1309284.25
284177646,-0.303140789270401,0.27212703227996826,4.4880595207214355,1,0.5599912405014038,1309284.25
284187625,-0.39951878786087036,0.44862115383148193,4.330486297607422,1,0.5599912405014038,1309284.25
284197922,-0.38015496730804443,0.05463114753365517,4.349345684051514,1,0.5599912405014038,1309284.25
284207917,-0.16767829656600952,-0.0954095870256424,4.392162322998047,1,0.5599912405014038,1309284.25
284217679,-0.1995975822210312,0.1664857566356659,4.39827299118042,1,0.5599912405014038,1309284.25
284227649,-0.3238084614276886,0.1620873361825943,4.416594505310059,1,0.5599912405014038,1309284.25
284237665,-0.4559108316898346,0.49426138401031494,4.390287399291992,1,0.5599912405014038,1309284.25
284247995,-0.20234449207782745,0.36115342378616333,4.3903608322143555,1,0.5599912405014038,1309284.25
284257984,-0.3523053824901581,0.26465803384780884,4.376699447631836,1,0.5599912405014038,1309284.25
284267657,-0.6111010313034058,0.84168940782547,4.216386318206787,1,0.5599912405014038,1309284.25
284277686,-0.27678588032722473,0.592252790927887,4.360579490661621,1,0.5599912405014038,1309284.25
284287661,0.05323901027441025,0.1299990564584732,4.505593299865723,1,0.5599912405014038,1309284.25
284297624,-0.22339561581611633,0.21866169571876526,4.4152984619140625,1,0.5599912405014038,1309284.25
284308134,-0.1687275618314743,0.050762247294187546,4.541924476623535,1,0.5599912405014038,1309284.25
284317742,-0.258323609828949,0.15443910658359528,4.46478796005249,1,0.5599912405014038,1309284.25
284327676,-0.24340587854385376,0.11818478256464005,4.29428243637085,1,0.5599912405014038,1309284.25
284337703,-0.11595364660024643,0.04271702468395233,4.389456272125244,1,0.5599912405014038,1309284.25
284347651,-0.38210877776145935,0.5642825961112976,4.267581462860107,1,0.5599912405014038,1309284.25
284358491,-0.37102872133255005,0.5331518054008484,4.3446125984191895,1,0.5599912405014038,1309284.25
284367681,0.08983838558197021,0.33229491114616394,4.626333236694336,1,0.5599912405014038,1309284.25
284377670,-0.09994850307703018,0.6239591240882874,4.565819263458252,1,0.5599912405014038,1309284.25
284387660,-0.24386848509311676,0.6300327777862549,4.47609806060791,1,0.5599912405014038,1309284.25
284397970,-0.2154819220304489,0.7148785591125488,4.637292861938477,1,0.5599912405014038,1309284.25
284407939,-0.27585381269454956,0.43158969283103943,4.523651123046875,1,0.5599912405014038,1309284.25
284417693,-0.17673376202583313,0.09438255429267883,4.683016777038574,1,0.5599912405014038,1309284.25
284427661,-0.32251548767089844,0.501419186592102,4.571545600891113,1,0.5599912405014038,1309284.25
284437683,-0.41520604491233826,0.4453153908252716,4.488650321960449,1,0.5599912405014038,1309284.25
284447907,-0.1025460734963417,-0.05090978369116783,4.537056922912598,1,0.5599912405014038,1309284.25
284457975,-0.07811366766691208,-0.028067028149962425,4.408212661743164,1,0.5599912405014038,1309284.25
284467646,-0.18593575060367584,0.09460461139678955,4.432999610900879,1,0.5599912405014038,1309284.25
284477674,-0.4176161587238312,0.4949815273284912,4.336220741271973,1,0.5599912405014038,1309284.25
284487638,-0.187405064702034,0.5677976012229919,4.307178020477295,1,0.5599912405014038,1309284.25
284498044,-0.054490827023983,0.3877687156200409,4.299197196960449,1,0.5599912405014038,1309284.25
284507967,-0.3269980251789093,0.6842939257621765,4.071189880371094,1,0.5599912405014038,1309284.25
284517672,-0.16979682445526123,0.4903714060783386,4.200747013092041,1,0.5599912405014038,1309284.25
284527555,-0.03138317912817001,-0.1113494336605072,4.406589031219482,1,0.5599912405014038,1309284.25
284537691,-0.29965078830718994,0.0067563909105956554,4.30350923538208,1,0.5599912405014038,1309284.25
284547951,-0.2745508849620819,0.09811971336603165,4.323770523071289,1,0.5599912405014038,1309284.25
284558077,-0.5052252411842346,0.466703861951828,4.107661724090576,1,0.5599912405014038,1309284.25
284567659,-0.5619269609451294,0.6551845669746399,3.777047872543335,1,0.5599912405014038,1309284.25
284577685,-0.1328612118959427,0.13763953745365143,4.017741680145264,1,0.5599912405014038,1309284.25
284587625,-0.36086899042129517,0.36094117164611816,3.877814531326294,1,0.5599912405014038,1309284.25
284597942,-0.5237436294555664,0.707497239112854,4.112645149230957,1,0.5599912405014038,1309284.25
284607990,-0.1945912390947342,0.6323829293251038,4.468830585479736,1,0.5599912405014038,1309284.25
284617706,-0.18020407855510712,0.5913201570510864,4.355559349060059,1,0.5599912405014038,1309284.25
284627665,-0.11268988996744156,0.02456527017056942,4.307506084442139,1,0.5599912405014038,1309284.25
284637661,-0.3269449770450592,0.09775000065565109,4.149142742156982,1,0.5599912405014038,1309284.25
284647923,-0.6073892712593079,0.2724459767341614,3.907651901245117,1,0.5599912405014038,1309284.25
284658003,-0.33454397320747375,-0.3010994493961334,4.133053779602051,1,0.5549912452697754,1309354.375
284667667,-0.3179498314857483,-0.08475283533334732,4.148505687713623,1,0.5549912452697754,1309354.375
284677698,-0.551396906375885,0.3264784812927246,4.08631706237793,1,0.5549912452697754,1309354.375
284687636,-0.5346217751502991,0.6378171443939209,4.13709831237793,1,0.5549912452697754,1309354.375
284698086,-0.43994709849357605,0.9331561326980591,4.10544490814209,1,0.5549912452697754,1309354.375
284707949,-0.24764378368854523,0.42955508828163147,4.223480224609375,1,0.5549912452697754,1309354.375
284717697,-0.3524168133735657,0.2998376786708832,4.199842929840088,1,0.5549912452697754,1309354.375
284727656,-0.3497948944568634,0.4477187991142273,4.192753314971924,1,0.5549912452697754,1309354.375
284737727,-0.1342156082391739,-0.09005246311426163,4.407899856567383,1,0.5549912452697754,1309354.375
284747993,-0.1759478896856308,0.02149573154747486,4.3783769607543945,1,0.5549912452697754,1309354.375
284758075,-0.2234412580728531,0.20423255860805511,4.291181564331055,1,0.5549912452697754,1309354.375
284767708,-0.4928015470504761,0.2629730999469757,4.224910259246826,1,0.5549912452697754,1309354.375
284777674,-0.7596737742424011,0.48344680666923523,3.990837812423706,1,0.5549912452697754,1309354.375
284787629,-0.3984929621219635,0.1204792782664299,4.143314361572266,1,0.5549912452697754,1309354.375
284797966,-0.4121397137641907,0.2451687604188919,4.075625419616699,1,0.5549912452697754,1309354.375
284807954,-0.6895550489425659,0.7272271513938904,3.9824960231781006,1,0.5549912452697754,1309354.375
284817685,-0.2553826570510864,0.5116162300109863,4.376920700073242,1,0.5549912452697754,1309354.375
284827691,-0.20629364252090454,0.4972575008869171,4.478787422180176,1,0.5549912452697754,1309354.375
284837645,-0.2987883388996124,0.5351629257202148,4.468051910400391,1,0.5549912452697754,1309354.375
284847977,-0.2996278703212738,0.5238001346588135,4.499931335449219,1,0.5549912452697754,1309354.375
284857960,-0.2985410690307617,0.42317456007003784,4.275653839111328,1,0.5549912452697754,1309354.375
284867658,-0.15915551781654358,-0.0394195094704628,4.320619583129883,1,0.5549912452697754,1309354.375
284877690,-0.28537270426750183,0.1687636375427246,4.194323539733887,1,0.5549912452697754,1309354.375
284887668,-0.6123394966125488,0.48238059878349304,4.179632186889648,1,0.5549912452697754,1309354.375
284898023,-0.46351248025894165,0.09868445992469788,4.437032699584961,1,0.5549912452697754,1309354.375
284907926,-0.41388770937919617,0.21431295573711395,4.512351989746094,1,0.5549912452697754,1309354.375
284917688,-0.4817022681236267,0.4086047112941742,4.395476818084717,1,0.5549912452697754,1309354.375
284927658,-0.3135260045528412,0.47857028245925903,4.2692365646362305,1,0.5549912452697754,1309354.375
284937646,-0.11577368527650833,0.5554260611534119,4.202273845672607,1,0.5549912452697754,1309354.375
284947945,-0.22575391829013824,0.2652275562286377,4.226053237915039,1,0.5549912452697754,1309354.375
284958093,-0.4819696843624115,0.3269246518611908,4.345944881439209,1,0.5549912452697754,1309354.375
284967713,-0.5638712644577026,0.44395166635513306,4.55369758605957,1,0.5549912452697754,1309354.375
284977685,-0.5765957832336426,-0.18749907612800598,4.592703342437744,1,0.5549912452697754,1309354.375
284987562,-0.3978649079799652,-0.06983130425214767,4.512660503387451,1,0.5549912452697754,1309354.375
284997960,-0.4469906687736511,0.20925551652908325,4.335029125213623,1,0.5549912452697754,1309354.375
285007966,-0.7175600528717041,0.18818925321102142,4.096859931945801,1,0.5549912452697754,1309354.375
285017664,-0.656999409198761,0.3096386194229126,4.162601947784424,1,0.5549912452697754,1309354.375
285027645,-0.49988630414009094,0.15372724831104279,4.384564399719238,1,0.5549912452697754,1309354.375
285037644,-0.6742066740989685,0.26459604501724243,4.384129524230957,1,0.5549912452697754,1309354.375
285047973,-0.5662173628807068,0.6506590843200684,4.52244758605957,1,0.5549912452697754,1309354.375
285058006,-0.4106255769729614,0.06994234770536423,4.628355503082275,1,0.5549912452697754,1309354.375
285067676,-0.4908101558685303,0.0342382937669754,4.530096530914307,1,0.5549912452697754,1309354.375
285077683,-0.5408259034156799,0.2639913856983185,4.365987300872803,1,0.5549912452697754,1309354.375
285087682,-0.5029707551002502,-0.08008398115634918,4.127964973449707,1,0.5549912452697754,1309354.375
285098027,-0.46544864773750305,0.042542628943920135,3.864210367202759,1,0.5549912452697754,1309354.375
285107930,-0.40195897221565247,0.07111720740795135,3.956559658050537,1,0.5549912452697754,1309354.375
285117648,-0.8338579535484314,0.08569326996803284,4.0574140548706055,1,0.5549912452697754,1309354.375
285127557,-1.0572692155838013,0.6331837177276611,4.318689346313477,1,0.5549912452697754,1309354.375
285137644,-0.6285251975059509,0.34215953946113586,4.698366641998291,1,0.5549912452697754,1309354.375
285147970,-0.4956022799015045,0.12455044686794281,4.61887264251709,1,0.5549912452697754,1309354.375
285158054,-0.5545740127563477,0.4703976511955261,4.338706970214844,1,0.5549912452697754,1309354.375
285167677,-0.38481855392456055,0.2619784474372864,4.131056308746338,1,0.5549912452697754,1309354.375
285177670,-0.38451671600341797,0.0427577942609787,4.037054538726807,1,0.5549912452697754,1309354.375
285187643,-0.5665096044540405,-0.19444750249385834,4.044979095458984,1,0.5549912452697754,1309354.375
285197959,-0.6116607785224915,-0.29174721240997314,4.3852643966674805,1,0.5549912452697754,1309354.375
285207961,-0.8819680213928223,0.18359865248203278,4.4822869300842285,1,0.5549912452697754,1309354.375
285217740,-0.7573942542076111,0.10559427738189697,4.54642391204834,1,0.5549912452697754,1309354.375
285227630,-0.2299768626689911,0.046927906572818756,4.5773210525512695,1,0.5549912452697754,1309354.375
285237695,-0.21591192483901978,0.3511463403701782,4.200248718261719,1,0.5549912452697754,1309354.375
285247942,-0.4756455719470978,0.5114169716835022,4.03043270111084,1,0.5549912452697754,1309354.375
285257953,-0.6210368275642395,0.6248303651809692,4.1386590003967285,1,0.5549912452697754,1309354.375
285267681,-0.5794268846511841,0.16348151862621307,4.352993965148926,1,0.5549912452697754,1309354.375
285277755,-0.399201899766922,-0.2906184196472168,4.61353063583374,1,0.5549912452697754,1309354.375
285287699,-0.3748582601547241,-0.03347897157073021,4.4589619636535645,1,0.5549912452697754,1309354.375
285298076,-0.4730120599269867,-0.007873829454183578,4.26637601852417,1,0.5549912452697754,1309354.375
285307924,-0.3913840353488922,0.15400439500808716,4.095502853393555,1,0.5549912452697754,1309354.375
285317705,-0.18242184817790985,0.10027600079774857,4.122819423675537,1,0.5549912452697754,1309354.375
285327564,-0.2616666853427887,-0.0240391343832016,4.2566680908203125,1,0.5549912452697754,1309354.375
285337664,-0.7079757452011108,0.5830399394035339,4.2563300132751465,1,0.5549912452697754,1309354.375
285347954,-0.6752017736434937,0.41724976897239685,4.314982891082764,1,0.5549912452697754,1309354.375
285358077,-0.36158591508865356,-0.04124480485916138,4.428926467895508,1,0.5549912452697754,1309354.375
285367684,-0.38432949781417847,0.09367319196462631,4.138497352600098,1,0.5549912452697754,1309354.375
285377690,-0.24205970764160156,0.11199013143777847,4.0800580978393555,1,0.5549912452697754,1309354.375
285387625,-0.33095329999923706,0.17902661859989166,4.015754222869873,1,0.5549912452697754,1309354.375
285397972,-0.49490973353385925,0.0016676789382472634,3.964996099472046,1,0.5549912452697754,1309354.375
285407949,-0.3036586046218872,-0.32538902759552,4.268290996551514,1,0.5549912452697754,1309354.375
285417767,-0.6184998750686646,0.06056991592049599,4.251348495483398,1,0.5549912452697754,1309354.375
285427651,-0.8334163427352905,0.3383844792842865,4.22917366027832,1,0.5549912452697754,1309354.375
285437677,-0.3578290343284607,0.1945701390504837,4.457281589508057,1,0.5549912452697754,1309354.375
285447880,-0.29170820116996765,0.3002496659755707,4.303499698638916,1,0.5549912452697754,1309354.375
285457967,-0.38332226872444153,0.30752062797546387,4.291680812835693,1,0.5549912452697754,1309354.375
285467696,-0.3589709997177124,0.4686334729194641,4.3041090965271,1,0.5549912452697754,1309354.375
