Time_s,PLX,PLY,EstFreq_Hz,PhaseCorr,SW,RealSW,RLS_A_X,RLS_B_X,RealFreq_Hz,RealPhase
0.0000,0.1352,0.0875,0.5794,0.0000,0,0,0.0000,0.0672,0.5794,0.0000
0.0099,0.1461,0.0819,0.5794,0.0000,0,0,0.0004,0.0730,0.5794,0.0000
0.0206,0.1537,0.0816,0.5794,0.0000,0,0,0.0015,0.0768,0.5794,0.0000
0.0296,0.1499,0.0878,0.5794,0.0000,0,0,0.0002,0.0752,0.5794,0.0000
0.0396,0.1401,0.1020,0.5794,0.0000,0,0,-0.0075,0.0712,0.5794,0.0000
0.0499,0.1373,0.0976,0.5794,0.0000,0,0,-0.0110,0.0703,0.5794,0.0000
0.0597,0.1339,0.0857,0.5794,0.0000,0,0,-0.0150,0.0695,0.5794,0.0000
0.0700,0.1366,0.0952,0.5794,0.0000,0,0,-0.0098,0.0704,0.5794,0.0000
0.0797,0.1443,0.0942,0.5794,0.0000,0,0,0.0024,0.0726,0.5794,0.0000
0.0897,0.1510,0.0912,0.5794,0.0000,0,0,0.0126,0.0746,0.5794,0.0000
0.0999,0.1510,0.0911,0.5794,0.0000,0,0,0.0148,0.0751,0.5794,0.0000
0.1097,0.1451,0.0955,0.5794,0.0000,0,0,0.0107,0.0741,0.5794,0.0000
0.1206,0.1348,0.0987,0.5794,0.0000,0,0,0.0026,0.0720,0.5794,0.0000
0.1297,0.1356,0.0956,0.5794,0.0000,0,0,0.0015,0.0716,0.5794,0.0000
0.1396,0.1390,0.0965,0.5794,0.0000,0,0,0.0037,0.0723,0.5794,0.0000
0.1500,0.1450,0.0965,0.5794,0.0000,0,0,0.0080,0.0737,0.5794,0.0000
0.1596,0.1501,0.0966,0.5794,0.0000,0,0,0.0123,0.0752,0.5794,0.0000
0.1700,0.1509,0.0998,0.5794,0.0000,0,0,0.0150,0.0762,0.5794,0.0000
0.1796,0.1422,0.0920,0.5794,0.0000,0,0,0.0138,0.0757,0.5794,0.0000
0.1897,0.1389,0.0863,0.5794,0.0000,0,0,0.0126,0.0753,0.5794,0.0000
0.2005,0.1370,0.0891,0.5794,0.0000,0,0,0.0118,0.0750,0.5794,0.0000
0.2098,0.1350,0.0939,0.5794,0.0000,0,0,0.0113,0.0747,0.5794,0.0000
0.2201,0.1355,0.0930,0.5794,0.0000,0,0,0.0114,0.0748,0.5794,0.0000
0.2297,0.1441,0.0880,0.5794,0.0000,0,0,0.0135,0.0757,0.5794,0.0000
0.2396,0.1527,0.0899,0.5794,0.0000,0,0,0.0167,0.0772,0.5794,0.0000
0.2507,0.1525,0.0956,0.5794,0.0000,0,0,0.0191,0.0784,0.5794,0.0000
0.2596,0.1453,0.0925,0.5794,0.0000,0,0,0.0200,0.0788,0.5794,0.0000
0.2700,0.1402,0.0856,0.5794,0.0000,0,0,0.0201,0.0789,0.5794,0.0000
0.2797,0.1333,0.0863,0.5794,0.0000,0,0,0.0195,0.0786,0.5794,0.0000
0.2897,0.1323,0.0929,0.5794,0.0000,0,0,0.0193,0.0784,0.5794,0.0000
0.3001,0.1360,0.0974,0.5794,0.0000,0,0,0.0198,0.0787,0.5794,0.0000
0.3097,0.1429,0.0950,0.5794,0.0000,0,0,0.0211,0.0793,0.5794,0.0000
0.3206,0.1478,0.0894,0.5794,0.0000,0,0,0.0229,0.0802,0.5794,0.0000
0.3297,0.1506,0.0858,0.5794,0.0000,0,0,0.0247,0.0810,0.5794,0.0000
0.3397,0.1489,0.0938,0.5794,0.0000,0,0,0.0262,0.0817,0.5794,0.0000
0.3501,0.1441,0.0956,0.5794,0.0000,0,0,0.0273,0.0822,0.5794,0.0000
0.3596,0.1387,0.0869,0.5794,0.0000,0,0,0.0279,0.0825,0.5794,0.0000
0.3700,0.1322,0.0850,0.5794,0.0000,0,0,0.0281,0.0825,0.5794,0.0000
0.3797,0.1365,0.0862,0.5794,0.0000,0,0,0.0288,0.0828,0.5794,0.0000
0.3897,0.1399,0.0894,0.5794,0.0000,0,0,0.0298,0.0831,0.5794,0.0000
0.4006,0.1506,0.0884,0.5794,0.0000,0,0,0.0315,0.0835,0.5794,0.0000
0.4096,0.1510,0.0866,0.5794,0.0000,0,0,0.0332,0.0838,0.5794,0.0000
0.4200,0.1440,0.0885,0.5794,0.0000,0,0,0.0343,0.0840,0.5794,0.0000
0.4297,0.1365,0.0946,0.5794,0.0000,0,0,0.0351,0.0840,0.5794,0.0000
0.4396,0.1342,0.0916,0.5794,0.0000,0,0,0.0358,0.0840,0.5794,0.0000
0.4507,0.1363,0.0944,0.5794,0.0000,0,0,0.0367,0.0839,0.5794,0.0000
0.4597,0.1412,0.0965,0.5794,0.0000,0,0,0.0378,0.0836,0.5794,0.0000
0.4700,0.1460,0.0905,0.5794,0.0000,0,0,0.0392,0.0832,0.5794,0.0000
0.4797,0.1488,0.0872,0.5794,0.0000,0,0,0.0407,0.0825,0.5794,0.0000
0.4898,0.1474,0.0855,0.5794,0.0000,0,0,0.0421,0.0818,0.5794,0.0000
0.4997,0.1432,0.0878,0.5794,0.0000,0,0,0.0432,0.0811,0.5794,0.0000
0.5106,0.1427,0.0943,0.5794,0.0000,0,0,0.0444,0.0802,0.5794,0.0000
0.5206,0.1402,0.0923,0.5794,0.0000,0,0,0.0454,0.0793,0.5794,0.0000
0.5297,0.1407,0.0888,0.5794,0.0000,0,0,0.0464,0.0783,0.5794,0.0000
0.5397,0.1351,0.0845,0.5794,0.0000,0,0,0.0472,0.0773,0.5794,0.0000
0.5496,0.1393,0.0908,0.5794,0.0000,0,0,0.0482,0.0761,0.5794,0.0000
0.5600,0.1408,0.0893,0.5794,0.0000,0,0,0.0491,0.0747,0.5794,0.0000
0.5700,0.1420,0.0892,0.5794,0.0000,0,0,0.0500,0.0731,0.5794,0.0000
0.5797,0.1375,0.0863,0.5794,0.0000,0,0,0.0508,0.0716,0.5794,0.0000
0.5897,0.1356,0.0854,0.5794,0.0000,0,0,0.0515,0.0701,0.5794,0.0000
0.5996,0.1351,0.0941,0.5794,0.0000,0,0,0.0521,0.0685,0.5794,0.0000
0.6100,0.1390,0.0935,0.5794,0.0000,0,0,0.0528,0.0666,0.5794,0.0000
0.6200,0.1420,0.0884,0.5794,0.0000,0,0,0.0534,0.0644,0.5794,0.0000
0.6297,0.1468,0.0880,0.5794,0.0000,0,0,0.0541,0.0619,0.5794,0.0000
0.6396,0.1436,0.0894,0.5794,0.0000,0,0,0.0546,0.0595,0.5794,0.0000
0.6496,0.1437,0.0931,0.5794,0.0000,0,0,0.0550,0.0571,0.5794,0.0000
0.6604,0.1419,0.0884,0.5794,0.0000,0,0,0.0553,0.0547,0.5794,0.0000
0.6700,0.1404,0.0827,0.5794,0.0000,0,0,0.0556,0.0523,0.5794,0.0000
0.6796,0.1402,0.0826,0.5794,0.0000,0,0,0.0558,0.0499,0.5794,0.0000
0.6897,0.1405,0.0824,0.5794,0.0000,0,0,0.0559,0.0475,0.5794,0.0000
0.6997,0.1480,0.0844,0.5794,0.0000,0,0,0.0559,0.0445,0.5794,0.0000
0.7106,0.1488,0.0892,0.5794,0.0000,0,0,0.0558,0.0415,0.5794,0.0000
0.7207,0.1493,0.0920,0.5794,0.0000,0,0,0.0557,0.0385,0.5794,0.0000
0.7297,0.1446,0.0918,0.5794,0.0000,0,0,0.0555,0.0358,0.5794,0.0000
0.7396,0.1394,0.0920,0.5794,0.0000,0,0,0.0553,0.0335,0.5794,0.0000
0.7497,0.1352,0.0842,0.5794,0.0000,0,0,0.0550,0.0314,0.5794,0.0000
0.7600,0.1375,0.0883,0.5794,0.0000,0,0,0.0547,0.0292,0.5794,0.0000
0.7700,0.1460,0.0884,0.5794,0.0000,0,0,0.0542,0.0264,0.5794,0.0000
0.7801,0.1511,0.0875,0.5794,0.0000,0,0,0.0536,0.0234,0.5794,0.0000
0.7897,0.1574,0.0890,0.5794,0.0000,0,0,0.0529,0.0202,0.5794,0.0000
0.7997,0.1526,0.0882,0.5794,0.0000,0,0,0.0522,0.0173,0.5794,0.0000
0.8100,0.1492,0.0924,0.5794,0.0000,0,0,0.0516,0.0147,0.5794,0.0000
0.8196,0.1461,0.0925,0.5794,0.0000,0,0,0.0509,0.0123,0.5794,0.0000
0.8300,0.1387,0.0900,0.5794,0.0000,0,0,0.0503,0.0104,0.5794,0.0000
0.8396,0.1399,0.0937,0.5794,0.0000,0,0,0.0497,0.0085,0.5794,0.0000
0.8497,0.1500,0.0918,0.5794,0.0000,0,0,0.0488,0.0061,0.5794,0.0000
0.8604,0.1522,0.0958,0.5794,0.0000,0,0,0.0479,0.0037,0.5794,0.0000
0.8696,0.1515,0.0978,0.5794,0.0000,0,0,0.0469,0.0014,0.5794,0.0000
0.8800,0.1429,0.0897,0.5794,0.0000,0,0,0.0461,-0.0004,0.5794,0.0000
0.8897,0.1401,0.0819,0.5794,0.0000,0,0,0.0454,-0.0019,0.5794,0.0000
0.8997,0.1360,0.0831,0.5794,0.0000,0,0,0.0447,-0.0033,0.5794,0.0000
0.9106,0.1390,0.0924,0.5794,0.0000,0,0,0.0440,-0.0048,0.5794,0.0000
0.9196,0.1440,0.0968,0.5794,0.0000,0,0,0.0431,-0.0064,0.5794,0.0000
0.9300,0.1463,0.0977,0.5794,0.0000,0,0,0.0421,-0.0080,0.5794,0.0000
0.9397,0.1475,0.0995,0.5794,0.0000,0,0,0.0411,-0.0096,0.5794,0.0000
0.9497,0.1454,0.1001,0.5794,0.0000,0,0,0.0401,-0.0111,0.5794,0.0000
0.9600,0.1423,0.0994,0.5794,0.0000,0,0,0.0392,-0.0123,0.5794,0.0000
0.9697,0.1396,0.0935,0.5794,0.0000,0,0,0.0383,-0.0134,0.5794,0.0000
0.9800,0.1373,0.0861,0.5794,0.0000,0,0,0.0375,-0.0144,0.5794,0.0000
0.9898,0.1317,0.0896,0.5794,0.0000,0,0,0.0369,-0.0152,0.5794,0.0000
0.9996,0.1389,0.0960,0.5794,0.0000,0,0,0.0360,-0.0161,0.5794,0.0000
1.0101,0.1471,0.0934,0.5794,0.0000,0,0,0.0349,-0.0172,0.5794,0.0000
1.0197,0.1531,0.0870,0.5794,0.0000,0,0,0.0336,-0.0183,0.5794,0.0000
1.0301,0.1525,0.0882,0.5794,0.0000,0,0,0.0323,-0.0194,0.5794,0.0000
1.0396,0.1442,0.0978,0.5794,0.0000,0,0,0.0313,-0.0201,0.5794,0.0000
1.0497,0.1327,0.0929,0.5794,0.0000,0,0,0.0306,-0.0206,0.5794,0.0000
1.0605,0.1356,0.0876,0.5794,0.0000,0,0,0.0298,-0.0211,0.5794,0.0000
1.0697,0.1452,0.0820,0.5794,0.0000,0,0,0.0287,-0.0216,0.5794,0.0000
1.0800,0.1439,0.0860,0.5794,0.0000,0,0,0.0276,-0.0221,0.5794,0.0000
1.0897,0.1460,0.0917,0.5794,0.0000,0,0,0.0265,-0.0225,0.5794,0.0000
1.0997,0.1488,0.0890,0.5794,0.0000,0,0,0.0253,-0.0228,0.5794,0.0000
1.1104,0.1521,0.0863,0.5794,0.0000,0,0,0.0241,-0.0231,0.5794,0.0000
1.1196,0.1514,0.0865,0.5794,0.0000,0,0,0.0228,-0.0232,0.5794,0.0000
1.1300,0.1489,0.0905,0.5794,0.0000,0,0,0.0217,-0.0233,0.5794,0.0000
1.1397,0.1437,0.0908,0.5794,0.0000,0,0,0.0207,-0.0232,0.5794,0.0000
1.1496,0.1442,0.0881,0.5794,0.0000,0,0,0.0198,-0.0231,0.5794,0.0000
1.1600,0.1505,0.0899,0.5794,0.0000,0,0,0.0186,-0.0228,0.5794,0.0000
1.1697,0.1543,0.0888,0.5794,0.0000,0,0,0.0175,-0.0225,0.5794,0.0000
1.1800,0.1529,0.0892,0.5794,0.0000,0,0,0.0163,-0.0220,0.5794,0.0000
1.1897,0.1478,0.0915,0.5794,0.0000,0,0,0.0154,-0.0216,0.5794,0.0000
1.1997,0.1426,0.0936,0.5794,0.0000,0,0,0.0146,-0.0211,0.5794,0.0000
1.2101,0.1380,0.0957,0.5794,0.0000,0,0,0.0140,-0.0206,0.5794,0.0000
1.2196,0.1366,0.0970,0.5794,0.0000,0,0,0.0134,-0.0201,0.5794,0.0000
1.2300,0.1397,0.0912,0.5794,0.0000,0,0,0.0127,-0.0195,0.5794,0.0000
1.2397,0.1431,0.0885,0.5794,0.0000,0,0,0.0120,-0.0188,0.5794,0.0000
1.2498,0.1428,0.0875,0.5794,0.0000,0,0,0.0114,-0.0180,0.5794,0.0000
1.2605,0.1378,0.0932,0.5794,0.0000,0,0,0.0109,-0.0173,0.5794,0.0000
1.2697,0.1400,0.0910,0.5794,0.0000,0,0,0.0104,-0.0165,0.5794,0.0000
1.2800,0.1393,0.0860,0.5794,0.0000,0,0,0.0099,-0.0157,0.5794,0.0000
1.2897,0.1399,0.0866,0.5794,0.0000,0,0,0.0095,-0.0149,0.5794,0.0000
1.2997,0.1350,0.0924,0.5794,0.0000,0,0,0.0092,-0.0142,0.5794,0.0000
1.3105,0.1347,0.0879,0.5794,0.0000,0,0,0.0089,-0.0134,0.5794,0.0000
1.3197,0.1454,0.0816,0.5794,0.0000,0,0,0.0085,-0.0123,0.5794,0.0000
1.3301,0.1492,0.0829,0.5794,0.0000,0,0,0.0081,-0.0110,0.5794,0.0000
1.3396,0.1446,0.0935,0.5794,0.0000,0,0,0.0078,-0.0099,0.5794,0.0000
1.3497,0.1407,0.0972,0.5794,0.0000,0,0,0.0076,-0.0090,0.5794,0.0000
1.3600,0.1420,0.0939,0.5794,0.0000,0,0,0.0074,-0.0080,0.5794,0.0000
1.3696,0.1448,0.0940,0.5794,0.0000,0,0,0.0072,-0.0069,0.5794,0.0000
1.3800,0.1430,0.0915,0.5794,0.0000,0,0,0.0071,-0.0060,0.5794,0.0000
1.3898,0.1421,0.0934,0.5794,0.0000,0,0,0.0070,-0.0051,0.5794,0.0000
1.3996,0.1480,0.0880,0.5794,0.0000,0,0,0.0069,-0.0039,0.5794,0.0000
1.4100,0.1462,0.0804,0.5794,0.0000,0,0,0.0068,-0.0029,0.5794,0.0000
1.4197,0.1464,0.0851,0.5794,0.0000,0,0,0.0068,-0.0020,0.5794,0.0000
1.4301,0.1371,0.0957,0.5794,0.0000,0,0,0.0068,-0.0015,0.5794,0.0000
1.4396,0.1373,0.0941,0.5794,0.0000,0,0,0.0068,-0.0011,0.5794,0.0000
1.4497,0.1388,0.0919,0.5794,0.0000,0,0,0.0069,-0.0006,0.5794,0.0000
1.4605,0.1408,0.0922,0.5794,0.0000,0,0,0.0069,-0.0001,0.5794,0.0000
1.4697,0.1398,0.0967,0.5794,0.0000,0,0,0.0069,0.0004,0.5794,0.0000
1.4800,0.1460,0.0995,0.5794,0.0000,0,0,0.0070,0.0011,0.5794,0.0000
1.4898,0.1469,0.0927,0.5794,0.0000,0,0,0.0072,0.0018,0.5794,0.0000
1.4996,0.1496,0.0885,0.5794,0.0000,0,0,0.0073,0.0026,0.5794,0.0000
1.5105,0.1464,0.0946,0.5794,0.0000,0,0,0.0074,0.0032,0.5794,0.0000
1.5197,0.1383,0.0991,0.5794,0.0000,0,0,0.0074,0.0033,0.5794,0.0000
1.5300,0.1413,0.0980,0.5794,0.0000,0,0,0.0075,0.0035,0.5794,0.0000
1.5396,0.1377,0.0945,0.5794,0.0000,0,0,0.0075,0.0036,0.5794,0.0000
1.5497,0.1443,0.0911,0.5794,0.0000,0,0,0.0076,0.0039,0.5794,0.0000
1.5600,0.1460,0.0916,0.5794,0.0000,0,0,0.0077,0.0043,0.5794,0.0000
1.5697,0.1501,0.0918,0.5794,0.0000,0,0,0.0079,0.0048,0.5794,0.0000
1.5800,0.1422,0.0881,0.5794,0.0000,0,0,0.0079,0.0049,0.5794,0.0000
1.5897,0.1368,0.0890,0.5794,0.0000,0,0,0.0079,0.0048,0.5794,0.0000
1.5996,0.1361,0.0881,0.5794,0.0000,0,0,0.0078,0.0046,0.5794,0.0000
1.6100,0.1422,0.0950,0.5794,0.0000,0,0,0.0079,0.0047,0.5794,0.0000
1.6196,0.1486,0.0955,0.5794,0.0000,0,0,0.0080,0.0050,0.5794,0.0000
1.6300,0.1541,0.0950,0.5794,0.0000,0,0,0.0082,0.0055,0.5794,0.0000
1.6396,0.1537,0.0938,0.5794,0.0000,0,0,0.0085,0.0059,0.5794,0.0000
1.6498,0.1452,0.0983,0.5794,0.0000,0,0,0.0085,0.0060,0.5794,0.0000
1.6605,0.1362,0.0991,0.5794,0.0000,0,0,0.0083,0.0057,0.5794,0.0000
1.6698,0.1327,0.0891,0.5794,0.0000,0,0,0.0081,0.0053,0.5794,0.0000
1.6800,0.1305,0.0870,0.5794,0.0000,0,0,0.0078,0.0049,0.5794,0.0000
1.6898,0.1340,0.0917,0.5794,0.0000,0,0,0.0076,0.0046,0.5794,0.0000
1.6997,0.1403,0.0923,0.5794,0.0000,0,0,0.0075,0.0045,0.5794,0.0000
1.7105,0.1433,0.0950,0.5794,0.0000,0,0,0.0075,0.0045,0.5794,0.0000
1.7196,0.1387,0.0987,0.5794,0.0000,0,0,0.0074,0.0043,0.5794,0.0000
1.7300,0.1384,0.0975,0.5794,0.0000,0,0,0.0073,0.0042,0.5794,0.0000
1.7396,0.1400,0.0966,0.5794,0.0000,0,0,0.0072,0.0041,0.5794,0.0000
1.7497,0.1403,0.0910,0.5794,0.0000,0,0,0.0071,0.0040,0.5794,0.0000
1.7600,0.1401,0.0873,0.5794,0.0000,0,0,0.0070,0.0039,0.5794,0.0000
1.7698,0.1382,0.0829,0.5794,0.0000,0,0,0.0069,0.0038,0.5794,0.0000
1.7800,0.1413,0.0890,0.5794,0.0000,0,0,0.0068,0.0037,0.5794,0.0000
1.7897,0.1493,0.0928,0.5794,0.0000,0,0,0.0070,0.0039,0.5794,0.0000
1.7996,0.1472,0.0881,0.5794,0.0000,0,0,0.0071,0.0039,0.5794,0.0000
1.8100,0.1469,0.0857,0.5794,0.0000,0,0,0.0071,0.0040,0.5794,0.0000
1.8197,0.1453,0.0917,0.5794,0.0000,0,0,0.0071,0.0040,0.5794,0.0000
1.8300,0.1386,0.0960,0.5794,0.0000,0,0,0.0070,0.0038,0.5794,0.0000
1.8397,0.1406,0.0916,0.5794,0.0000,0,0,0.0068,0.0038,0.5794,0.0000
1.8498,0.1433,0.0831,0.5794,0.0000,0,0,0.0068,0.0037,0.5794,0.0000
1.8605,0.1453,0.0828,0.5794,0.0000,0,0,0.0068,0.0037,0.5794,0.0000
1.8697,0.1438,0.0898,0.5794,0.0000,0,0,0.0068,0.0037,0.5794,0.0000
1.8800,0.1394,0.0926,0.5794,0.0000,0,0,0.0066,0.0036,0.5794,0.0000
1.8897,0.1388,0.0928,0.5794,0.0000,0,0,0.0064,0.0035,0.5794,0.0000
1.8996,0.1397,0.0886,0.5794,0.0000,0,0,0.0063,0.0034,0.5794,0.0000
1.9105,0.1350,0.0928,0.5794,0.0000,0,0,0.0060,0.0032,0.5794,0.0000
1.9196,0.1376,0.0916,0.5794,0.0000,0,0,0.0058,0.0031,0.5794,0.0000
1.9301,0.1436,0.0876,0.5794,0.0000,0,0,0.0058,0.0031,0.5794,0.0000
1.9397,0.1472,0.0886,0.5794,0.0000,0,0,0.0059,0.0031,0.5794,0.0000
1.9497,0.1511,0.0970,0.5794,0.0000,0,0,0.0061,0.0032,0.5794,0.0000
1.9600,0.1505,0.0974,0.5794,0.0000,0,0,0.0062,0.0033,0.5794,0.0000
1.9697,0.1437,0.0924,0.5794,0.0000,0,0,0.0062,0.0033,0.5794,0.0000
1.9800,0.1403,0.0848,0.5794,0.0000,0,0,0.0061,0.0032,0.5794,0.0000
1.9898,0.1456,0.0831,0.5794,0.0000,0,0,0.0061,0.0033,0.5794,0.0000
1.9996,0.1429,0.0860,0.5794,0.0000,0,0,0.0060,0.0032,0.5794,0.0000
2.0101,0.1449,0.0848,0.5794,0.0000,0,0,0.0060,0.0032,0.5794,0.0000
2.0196,0.1441,0.0889,0.5794,0.0000,0,0,0.0060,0.0032,0.5794,0.0000
2.0300,0.1447,0.0852,0.5794,0.0000,0,0,0.0060,0.0032,0.5794,0.0000
2.0396,0.1402,0.0875,0.5794,0.0000,0,0,0.0059,0.0032,0.5794,0.0000
2.0497,0.1463,0.0872,0.5794,0.0000,0,0,0.0059,0.0032,0.5794,0.0000
2.0605,0.1450,0.0871,0.5794,0.0000,0,0,0.0060,0.0032,0.5794,0.0000
2.0697,0.1442,0.0918,0.5794,0.0000,0,0,0.0059,0.0032,0.5794,0.0000
2.0800,0.1451,0.0906,0.5794,0.0000,0,0,0.0060,0.0032,0.5794,0.0000
2.0897,0.1456,0.0890,0.5794,0.0000,0,0,0.0060,0.0032,0.5794,0.0000
2.0996,0.1428,0.0904,0.5794,0.0000,0,0,0.0060,0.0032,0.5794,0.0000
2.1106,0.1425,0.0898,0.5794,0.0000,0,0,0.0059,0.0032,0.5794,0.0000
2.1197,0.1394,0.0887,0.5794,0.0000,0,0,0.0058,0.0032,0.5794,0.0000
2.1300,0.1444,0.0910,0.5794,0.0000,0,0,0.0058,0.0032,0.5794,0.0000
2.1396,0.1260,0.0943,0.5794,0.0000,0,0,0.0054,0.0031,0.5794,0.0000
2.1497,0.1523,0.0156,0.5794,0.0000,0,0,0.0056,0.0031,0.5794,0.0000
2.1600,0.1705,0.4137,0.5794,0.0000,0,0,0.0062,0.0032,0.5794,0.0000
2.1697,0.0681,-0.5903,0.5794,0.0000,0,0,0.0045,0.0031,0.5794,0.0000
2.1800,0.1639,0.5628,0.5794,0.0000,0,0,0.0050,0.0031,0.5794,0.0000
2.1898,0.1189,0.5188,0.5794,0.0000,0,0,0.0045,0.0031,0.5794,0.0000
2.1997,0.1502,-1.0061,0.5794,0.0000,0,0,0.0047,0.0031,0.5794,0.0000
2.2101,0.2076,1.0818,0.5794,0.0000,0,0,0.0061,0.0029,0.5794,0.0000
2.2196,0.0913,-0.3859,0.5794,0.0000,0,0,0.0050,0.0031,0.5794,0.0000
2.2300,0.1954,0.0058,0.5794,0.0000,0,0,0.0061,0.0029,0.5794,0.0000
2.2397,0.1029,0.4303,0.5794,0.0000,0,0,0.0053,0.0031,0.5794,0.0000
2.2498,0.1621,-0.1451,0.5794,0.0000,0,0,0.0057,0.0030,0.5794,0.0000
2.2605,0.1040,0.1829,0.5794,0.0000,0,0,0.0050,0.0032,0.5794,0.0000
2.2697,0.1386,0.0368,0.5794,0.0000,0,0,0.0050,0.0032,0.5794,0.0000
2.2800,0.1208,0.2027,0.5794,0.0000,0,0,0.0046,0.0034,0.5794,0.0000
2.2898,0.1539,-0.0430,0.5794,0.0000,0,0,0.0049,0.0033,0.5794,0.0000
2.2997,0.1810,0.2597,0.5794,0.0000,0,0,0.0055,0.0029,0.5794,0.0000
2.3106,0.1121,-0.0749,0.5794,0.0000,0,0,0.0051,0.0032,0.5794,0.0000
2.3196,0.1439,0.1943,0.5794,0.0000,0,0,0.0051,0.0031,0.5794,0.0000
2.3300,0.1100,0.1272,0.5794,0.0000,0,0,0.0047,0.0035,0.5794,0.0000
2.3397,0.1609,-0.0424,0.5794,0.0000,0,0,0.0050,0.0032,0.5794,0.0000
2.3497,0.1447,0.2028,0.5794,0.0000,0,0,0.0051,0.0031,0.5794,0.0000
2.3601,0.1654,-0.0055,0.5794,0.0000,0,0,0.0054,0.0028,0.5794,0.0000
2.3696,0.1301,0.1922,0.5794,0.0000,0,0,0.0053,0.0029,0.5794,0.0000
2.3800,0.1392,0.0590,0.5794,0.0000,0,0,0.0053,0.0029,0.5794,0.0000
2.3898,0.1232,0.0755,0.5794,0.0000,0,0,0.0051,0.0031,0.5794,0.0000
2.3996,0.1485,0.0740,0.5794,0.0000,0,0,0.0052,0.0030,0.5794,0.0000
2.4100,0.1525,0.1326,0.5794,0.0000,0,0,0.0054,0.0028,0.5794,0.0000
2.4197,0.1568,0.0655,0.5794,0.0000,0,0,0.0055,0.0025,0.5794,0.0000
2.4300,0.1527,0.1154,0.5794,0.0000,0,0,0.0056,0.0023,0.5794,0.0000
2.4397,0.1378,0.0795,0.5794,0.0000,0,0,0.0056,0.0023,0.5794,0.0000
2.4497,0.1276,0.0744,0.5794,0.0000,0,0,0.0056,0.0025,0.5794,0.0000
2.4605,0.1261,0.1705,0.5794,0.0000,0,0,0.0055,0.0027,0.5794,0.0000
2.4697,0.1409,0.0373,0.5794,0.0000,0,0,0.0055,0.0026,0.5794,0.0000
2.4800,0.1489,0.1207,0.5794,0.0000,0,0,0.0055,0.0024,0.5794,0.0000
2.4897,0.1603,0.0678,0.5794,0.0000,0,0,0.0056,0.0020,0.5794,0.0000
2.4996,0.1423,0.1161,0.5794,0.0000,0,0,0.0056,0.0019,0.5794,0.0000
2.5105,0.1361,0.1231,0.5794,0.0000,0,0,0.0056,0.0019,0.5794,0.0000
2.5196,0.1289,0.0726,0.5794,0.0000,0,0,0.0056,0.0021,0.5794,0.0000
2.5300,0.1503,0.0802,0.5794,0.0000,0,0,0.0056,0.0019,0.5794,0.0000
2.5396,0.1537,0.0897,0.5794,0.0000,0,0,0.0056,0.0015,0.5794,0.0000
2.5496,0.1596,0.0905,0.5794,0.0000,0,0,0.0056,0.0011,0.5794,0.0000
2.5601,0.1464,0.0893,0.5794,0.0000,0,0,0.0055,0.0009,0.5794,0.0000
2.5698,0.1348,0.0972,0.5794,0.0000,0,0,0.0055,0.0010,0.5794,0.0000
2.5800,0.1352,0.0684,0.5794,0.0000,0,0,0.0056,0.0011,0.5794,0.0000
2.5898,0.1504,0.1352,0.5794,0.0000,0,0,0.0055,0.0008,0.5794,0.0000
2.5996,0.1491,0.0620,0.5794,0.0000,0,0,0.0054,0.0006,0.5794,0.0000
2.6101,0.1440,0.0934,0.5794,0.0000,0,0,0.0054,0.0005,0.5794,0.0000
2.6197,0.1287,0.1009,0.5794,0.0000,0,0,0.0054,0.0006,0.5794,0.0000
2.6300,0.1202,0.0754,0.5794,0.0000,0,0,0.0056,0.0009,0.5794,0.0000
2.6397,0.1416,0.1165,0.5794,0.0000,0,0,0.0055,0.0008,0.5794,0.0000
2.6498,0.1556,0.0674,0.5794,0.0000,0,0,0.0054,0.0005,0.5794,0.0000
2.6605,0.1469,0.0884,0.5794,0.0000,0,0,0.0053,0.0003,0.5794,0.0000
2.6697,0.1375,0.1204,0.5794,0.0000,0,0,0.0053,0.0003,0.5794,0.0000
2.6800,0.1289,0.0945,0.5794,0.0000,0,0,0.0053,0.0004,0.5794,0.0000
2.6897,0.1359,0.0859,0.5794,0.0000,0,0,0.0053,0.0004,0.5794,0.0000
2.6997,0.1492,0.0817,0.5794,0.0000,0,0,0.0052,0.0002,0.5794,0.0000
2.7106,0.1450,0.0590,0.5794,0.0000,0,0,0.0051,0.0001,0.5794,0.0000
2.7197,0.1406,0.1268,0.5794,0.0000,0,0,0.0050,0.0000,0.5794,0.0000
2.7300,0.1360,0.0936,0.5794,0.0000,0,0,0.0050,0.0000,0.5794,0.0000
2.7397,0.1441,0.0692,0.5794,0.0000,0,0,0.0049,-0.0001,0.5794,0.0000
2.7498,0.1497,0.0932,0.5794,0.0000,0,0,0.0047,-0.0003,0.5794,0.0000
2.7600,0.1414,0.0557,0.5794,0.0000,0,0,0.0046,-0.0004,0.5794,0.0000
2.7697,0.1461,0.1351,0.5794,0.0000,0,0,0.0045,-0.0005,0.5794,0.0000
2.7800,0.1367,0.1048,0.5794,0.0000,0,0,0.0045,-0.0005,0.5794,0.0000
2.7897,0.1408,0.0645,0.5794,0.0000,0,0,0.0044,-0.0006,0.5794,0.0000
2.7996,0.1606,0.1020,0.5794,0.0000,0,0,0.0040,-0.0008,0.5794,0.0000
2.8100,0.1556,0.0896,0.5794,0.0000,0,0,0.0037,-0.0010,0.5794,0.0000
2.8197,0.1503,0.1035,0.5794,0.0000,0,0,0.0034,-0.0011,0.5794,0.0000
2.8301,0.1400,0.1135,0.5794,0.0000,0,0,0.0034,-0.0011,0.5794,0.0000
2.8397,0.1320,0.0570,0.5794,0.0000,0,0,0.0035,-0.0011,0.5794,0.0000
2.8497,0.1505,0.0955,0.5794,0.0000,0,0,0.0032,-0.0012,0.5794,0.0000
2.8604,0.1502,0.0970,0.5794,0.0000,0,0,0.0030,-0.0013,0.5794,0.0000
2.8696,0.1476,0.0779,0.5794,0.0000,0,0,0.0028,-0.0013,0.5794,0.0000
2.8800,0.1443,0.1243,0.5794,0.0000,0,0,0.0027,-0.0013,0.5794,0.0000
2.8897,0.1394,0.0665,0.5794,0.0000,0,0,0.0026,-0.0014,0.5794,0.0000
2.8997,0.1469,0.0929,0.5794,0.0000,0,0,0.0025,-0.0014,0.5794,0.0000
2.9105,0.1447,0.1006,0.5794,0.0000,0,0,0.0023,-0.0014,0.5794,0.0000
2.9197,0.1374,0.0678,0.5794,0.0000,0,0,0.0024,-0.0014,0.5794,0.0000
2.9300,0.1391,0.1134,0.5794,0.0000,0,0,0.0023,-0.0014,0.5794,0.0000
2.9397,0.1391,0.0953,0.5794,0.0000,0,0,0.0023,-0.0014,0.5794,0.0000
2.9498,0.1535,0.0875,0.5794,0.0000,0,0,0.0020,-0.0013,0.5794,0.0000
2.9600,0.1497,0.1140,0.5794,0.0000,0,0,0.0018,-0.0013,0.5794,0.0000
2.9698,0.1325,0.0723,0.5794,0.0000,0,0,0.0019,-0.0013,0.5794,0.0000
2.9800,0.1280,0.1015,0.5794,0.0000,0,0,0.0021,-0.0014,0.5794,0.0000
2.9897,0.1334,0.1097,0.5794,0.0000,0,0,0.0022,-0.0014,0.5794,0.0000
2.9996,0.1493,0.0708,0.5794,0.0000,0,0,0.0020,-0.0013,0.5794,0.0000
3.0102,0.1526,0.1048,0.5794,0.0000,0,0,0.0017,-0.0012,0.5794,0.0000
3.0197,0.1369,0.0774,0.5794,0.0000,0,0,0.0017,-0.0012,0.5794,0.0000
3.0301,0.1395,0.0902,0.5794,0.0000,0,0,0.0017,-0.0012,0.5794,0.0000
3.0396,0.1489,0.1119,0.5794,0.0000,0,0,0.0015,-0.0011,0.5794,0.0000
3.0498,0.1537,0.0736,0.5794,0.0000,0,0,0.0013,-0.0009,0.5794,0.0000
3.0604,0.1397,0.0984,0.5794,0.0000,0,0,0.0013,-0.0009,0.5794,0.0000
3.0697,0.1225,0.0899,0.5794,0.0000,0,0,0.0015,-0.0011,0.5794,0.0000
3.0801,0.1391,0.0909,0.5794,0.0000,0,0,0.0015,-0.0011,0.5794,0.0000
3.0897,0.1446,0.1115,0.5794,0.0000,0,0,0.0014,-0.0010,0.5794,0.0000
3.0997,0.1506,0.0762,0.5794,0.0000,0,0,0.0013,-0.0008,0.5794,0.0000
3.1106,0.1475,0.0839,0.5794,0.0000,0,0,0.0012,-0.0006,0.5794,0.0000
3.1196,0.1329,0.0976,0.5794,0.0000,0,0,0.0012,-0.0007,0.5794,0.0000
3.1300,0.1295,0.0754,0.5794,0.0000,0,0,0.0013,-0.0009,0.5794,0.0000
3.1396,0.1353,0.1063,0.5794,0.0000,0,0,0.0014,-0.0010,0.5794,0.0000
3.1497,0.1494,0.0886,0.5794,0.0000,0,0,0.0013,-0.0008,0.5794,0.0000
3.1600,0.1489,0.0801,0.5794,0.0000,0,0,0.0012,-0.0005,0.5794,0.0000
3.1696,0.1436,0.1096,0.5794,0.0000,0,0,0.0012,-0.0004,0.5794,0.0000
3.1800,0.1396,0.0787,0.5794,0.0000,0,0,0.0012,-0.0004,0.5794,0.0000
3.1897,0.1470,0.1041,0.5794,0.0000,0,0,0.0011,-0.0003,0.5794,0.0000
3.1996,0.1547,0.1027,0.5794,0.0000,0,0,0.0011,0.0001,0.5794,0.0000
3.2100,0.1439,0.0780,0.5794,0.0000,0,0,0.0010,0.0002,0.5794,0.0000
3.2196,0.1306,0.1011,0.5794,0.0000,0,0,0.0011,-0.0000,0.5794,0.0000
3.2300,0.1262,0.0787,0.5794,0.0000,0,0,0.0011,-0.0004,0.5794,0.0000
3.2397,0.1363,0.0783,0.5794,0.0000,0,0,0.0011,-0.0005,0.5794,0.0000
3.2497,0.1515,0.1070,0.5794,0.0000,0,0,0.0011,-0.0001,0.5794,0.0000
3.2605,0.1529,0.0895,0.5794,0.0000,0,0,0.0011,0.0002,0.5794,0.0000
3.2697,0.1465,0.1012,0.5794,0.0000,0,0,0.0011,0.0004,0.5794,0.0000
3.2800,0.1289,0.0925,0.5794,0.0000,0,0,0.0011,0.0001,0.5794,0.0000
3.2897,0.1386,0.0814,0.5794,0.0000,0,0,0.0011,0.0000,0.5794,0.0000
3.2996,0.1547,0.1092,0.5794,0.0000,0,0,0.0011,0.0004,0.5794,0.0000
3.3106,0.1488,0.0895,0.5794,0.0000,0,0,0.0012,0.0006,0.5794,0.0000
3.3197,0.1324,0.0868,0.5794,0.0000,0,0,0.0011,0.0004,0.5794,0.0000
3.3300,0.1340,0.0896,0.5794,0.0000,0,0,0.0011,0.0002,0.5794,0.0000
3.3397,0.1378,0.0710,0.5794,0.0000,0,0,0.0011,0.0001,0.5794,0.0000
3.3497,0.1526,0.1030,0.5794,0.0000,0,0,0.0012,0.0004,0.5794,0.0000
3.3600,0.1500,0.0986,0.5794,0.0000,0,0,0.0013,0.0007,0.5794,0.0000
3.3697,0.1336,0.0816,0.5794,0.0000,0,0,0.0012,0.0005,0.5794,0.0000
3.3800,0.1262,0.0956,0.5794,0.0000,0,0,0.0010,0.0001,0.5794,0.0000
3.3896,0.1340,0.0810,0.5794,0.0000,0,0,0.0009,-0.0001,0.5794,0.0000
3.3997,0.1498,0.0981,0.5794,0.0000,0,0,0.0010,0.0002,0.5794,0.0000
3.4100,0.1517,0.1068,0.5794,0.0000,0,0,0.0012,0.0004,0.5794,0.0000
3.4196,0.1425,0.0892,0.5794,0.0000,0,0,0.0012,0.0005,0.5794,0.0000
3.4301,0.1365,0.0914,0.5794,0.0000,0,0,0.0011,0.0003,0.5794,0.0000
3.4397,0.1350,0.0732,0.5794,0.0000,0,0,0.0010,0.0002,0.5794,0.0000
3.4497,0.1440,0.0785,0.5794,0.0000,0,0,0.0011,0.0003,0.5794,0.0000
3.4604,0.1464,0.1022,0.5794,0.0000,0,0,0.0012,0.0004,0.5794,0.0000
3.4696,0.1416,0.0886,0.5794,0.0000,0,0,0.0012,0.0004,0.5794,0.0000
3.4799,0.1284,0.0821,0.5794,0.0000,0,0,0.0010,0.0001,0.5794,0.0000
3.4897,0.1394,0.0838,0.5794,0.0000,0,0,0.0009,0.0001,0.5794,0.0000
3.4997,0.1532,0.0810,0.5794,0.0000,0,0,0.0012,0.0003,0.5794,0.0000
3.5106,0.1530,0.1105,0.5794,0.0000,0,0,0.0014,0.0006,0.5794,0.0000
3.5196,0.1333,0.0970,0.5794,0.0000,0,0,0.0012,0.0004,0.5794,0.0000
3.5300,0.1225,0.0835,0.5794,0.0000,0,0,0.0008,0.0000,0.5794,0.0000
3.5397,0.1282,0.0922,0.5794,0.0000,0,0,0.0006,-0.0002,0.5794,0.0000
3.5498,0.1492,0.0812,0.5794,0.0000,0,0,0.0007,-0.0001,0.5794,0.0000
3.5599,0.1560,0.1056,0.5794,0.0000,0,0,0.0011,0.0002,0.5794,0.0000
3.5696,0.1504,0.0976,0.5794,0.0000,0,0,0.0012,0.0004,0.5794,0.0000
3.5800,0.1389,0.0792,0.5794,0.0000,0,0,0.0012,0.0003,0.5794,0.0000
3.5897,0.1402,0.0853,0.5794,0.0000,0,0,0.0011,0.0003,0.5794,0.0000
3.5997,0.1439,0.0759,0.5794,0.0000,0,0,0.0012,0.0003,0.5794,0.0000
3.6101,0.1423,0.0934,0.5794,0.0000,0,0,0.0012,0.0003,0.5794,0.0000
3.6196,0.1316,0.1018,0.5794,0.0000,0,0,0.0010,0.0002,0.5794,0.0000
3.6300,0.1240,0.0806,0.5794,0.0000,0,0,0.0006,-0.0001,0.5794,0.0000
3.6397,0.1378,0.0784,0.5794,0.0000,0,0,0.0005,-0.0001,0.5794,0.0000
3.6497,0.1634,0.0732,0.5794,0.0000,0,0,0.0010,0.0002,0.5794,0.0000
3.6606,0.1635,0.0905,0.5794,0.0000,0,0,0.0016,0.0005,0.5794,0.0000
3.6696,0.1458,0.1094,0.5794,0.0000,0,0,0.0016,0.0005,0.5794,0.0000
3.6800,0.1262,0.0896,0.5794,0.0000,0,0,0.0012,0.0003,0.5794,0.0000
3.6897,0.1303,0.0932,0.5794,0.0000,0,0,0.0009,0.0002,0.5794,0.0000
3.6997,0.1382,0.0835,0.5794,0.0000,0,0,0.0009,0.0001,0.5794,0.0000
3.7105,0.1569,0.1024,0.5794,0.0000,0,0,0.0012,0.0003,0.5794,0.0000
3.7196,0.1567,0.1089,0.5794,0.0000,0,0,0.0016,0.0005,0.5794,0.0000
3.7301,0.1449,0.0905,0.5794,0.0000,0,0,0.0016,0.0005,0.5794,0.0000
3.7396,0.1453,0.0818,0.5794,0.0000,0,0,0.0017,0.0005,0.5794,0.0000
3.7497,0.1556,0.0742,0.5794,0.0000,0,0,0.0020,0.0007,0.5794,0.0000
3.7600,0.1509,0.0979,0.5794,0.0000,0,0,0.0022,0.0007,0.5794,0.0000
3.7697,0.1424,0.1135,0.5794,0.0000,0,0,0.0021,0.0007,0.5794,0.0000
3.7800,0.1329,0.0894,0.5794,0.0000,0,0,0.0019,0.0006,0.5794,0.0000
3.7898,0.1279,0.0846,0.5794,0.0000,0,0,0.0015,0.0005,0.5794,0.0000
3.7996,0.1475,0.0848,0.5794,0.0000,0,0,0.0017,0.0005,0.5794,0.0000
3.8100,0.1628,0.0934,0.5794,0.0000,0,0,0.0021,0.0007,0.5794,0.0000
3.8196,0.1490,0.1090,0.5794,0.0000,0,0,0.0022,0.0007,0.5794,0.0000
3.8300,0.1206,0.0830,0.5794,0.0000,0,0,0.0017,0.0006,0.5794,0.0000
3.8396,0.1189,0.0890,0.5794,0.0000,0,0,0.0012,0.0005,0.5794,0.0000
3.8497,0.1369,0.0783,0.5794,0.0000,0,0,0.0011,0.0004,0.5794,0.0000
3.8605,0.1572,0.0978,0.5794,0.0000,0,0,0.0014,0.0005,0.5794,0.0000
3.8698,0.1527,0.1107,0.5794,0.0000,0,0,0.0016,0.0005,0.5794,0.0000
3.8800,0.1460,0.0963,0.5794,0.0000,0,0,0.0017,0.0005,0.5794,0.0000
3.8896,0.1432,0.0873,0.5794,0.0000,0,0,0.0017,0.0005,0.5794,0.0000
3.8996,0.1527,0.0744,0.5794,0.0000,0,0,0.0019,0.0005,0.5794,0.0000
3.9106,0.1410,0.0994,0.5794,0.0000,0,0,0.0018,0.0005,0.5794,0.0000
3.9196,0.1271,0.1133,0.5794,0.0000,0,0,0.0015,0.0005,0.5794,0.0000
3.9300,0.1239,0.1019,0.5794,0.0000,0,0,0.0012,0.0006,0.5794,0.0000
3.9397,0.1393,0.0569,0.5794,0.0000,0,0,0.0011,0.0006,0.5794,0.0000
3.9497,0.1513,0.0925,0.5794,0.0000,0,0,0.0013,0.0005,0.5794,0.0000
3.9600,0.1503,0.1031,0.5794,0.0000,0,0,0.0014,0.0005,0.5794,0.0000
3.9697,0.1522,0.1265,0.5794,0.0000,0,0,0.0016,0.0005,0.5794,0.0000
3.9800,0.1381,0.0631,0.5794,0.0000,0,0,0.0015,0.0005,0.5794,0.0000
3.9897,0.1336,0.0596,0.5794,0.0000,0,0,0.0014,0.0005,0.5794,0.0000
3.9996,0.1321,0.1024,0.5794,0.0000,0,0,0.0012,0.0006,0.5794,0.0000
4.0102,0.1415,0.1282,0.5794,0.0000,0,0,0.0012,0.0006,0.5794,0.0000
4.0196,0.1472,0.0991,0.5794,0.0000,0,0,0.0013,0.0006,0.5794,0.0000
4.0300,0.1485,0.0490,0.5794,0.0000,0,0,0.0014,0.0005,0.5794,0.0000
4.0396,0.1439,0.0886,0.5794,0.0000,0,0,0.0014,0.0005,0.5794,0.0000
4.0498,0.1456,0.1164,0.5794,0.0000,0,0,0.0015,0.0005,0.5794,0.0000
4.0606,0.1483,0.1175,0.5794,0.0000,0,0,0.0016,0.0004,0.5794,0.0000
4.0698,0.1407,0.0457,0.5794,0.0000,0,0,0.0016,0.0004,0.5794,0.0000
4.0801,0.1232,0.0793,0.5794,0.0000,0,0,0.0013,0.0006,0.5794,0.0000
4.0898,0.1210,0.1102,0.5794,0.0000,0,0,0.0011,0.0009,0.5794,0.0000
4.0997,0.1524,0.1273,0.5794,0.0000,0,0,0.0012,0.0007,0.5794,0.0000
4.1105,0.1574,0.0658,0.5794,0.0000,0,0,0.0014,0.0005,0.5794,0.0000
4.1197,0.1460,0.0628,0.5794,0.0000,0,0,0.0014,0.0005,0.5794,0.0000
4.1300,0.1279,0.1013,0.5794,0.0000,0,0,0.0013,0.0006,0.5794,0.0000
4.1397,0.1337,0.1424,0.5794,0.0000,0,0,0.0012,0.0008,0.5794,0.0000
4.1497,0.1513,0.0808,0.5794,0.0000,0,0,0.0013,0.0006,0.5794,0.0000
4.1600,0.1528,0.0498,0.5794,0.0000,0,0,0.0014,0.0004,0.5794,0.0000
4.1696,0.1360,0.0876,0.5794,0.0000,0,0,0.0014,0.0005,0.5794,0.0000
4.1801,0.1371,0.1435,0.5794,0.0000,0,0,0.0013,0.0006,0.5794,0.0000
4.1897,0.1534,0.1162,0.5794,0.0000,0,0,0.0014,0.0004,0.5794,0.0000
4.1996,0.1539,0.0435,0.5794,0.0000,0,0,0.0015,0.0002,0.5794,0.0000
4.2100,0.1398,0.0676,0.5794,0.0000,0,0,0.0015,0.0002,0.5794,0.0000
4.2196,0.1281,0.1120,0.5794,0.0000,0,0,0.0014,0.0004,0.5794,0.0000
4.2300,0.1309,0.1487,0.5794,0.0000,0,0,0.0014,0.0006,0.5794,0.0000
4.2396,0.1563,0.0529,0.5794,0.0000,0,0,0.0014,0.0003,0.5794,0.0000
4.2497,0.1600,0.0583,0.5794,0.0000,0,0,0.0014,0.0000,0.5794,0.0000
4.2604,0.1366,0.0852,0.5794,0.0000,0,0,0.0014,0.0001,0.5794,0.0000
4.2697,0.1418,0.1420,0.5794,0.0000,0,0,0.0014,0.0001,0.5794,0.0000
4.2800,0.1440,0.1030,0.5794,0.0000,0,0,0.0014,0.0000,0.5794,0.0000
4.2897,0.1488,0.0688,0.5794,0.0000,0,0,0.0014,-0.0001,0.5794,0.0000
4.2997,0.1451,0.0909,0.5794,0.0000,0,0,0.0014,-0.0001,0.5794,0.0000
4.3105,0.1465,0.0927,0.5794,0.0000,0,0,0.0014,-0.0002,0.5794,0.0000
4.3197,0.1492,0.0995,0.5794,0.0000,0,0,0.0013,-0.0004,0.5794,0.0000
4.3300,0.1394,0.0854,0.5794,0.0000,0,0,0.0014,-0.0003,0.5794,0.0000
4.3396,0.1394,0.0858,0.5794,0.0000,0,0,0.0014,-0.0003,0.5794,0.0000
4.3497,0.1420,0.0983,0.5794,0.0000,0,0,0.0014,-0.0003,0.5794,0.0000
4.3601,0.1423,0.0717,0.5794,0.0000,0,0,0.0014,-0.0003,0.5794,0.0000
4.3696,0.1464,0.0914,0.5794,0.0000,0,0,0.0013,-0.0004,0.5794,0.0000
4.3800,0.1387,0.1147,0.5794,0.0000,0,0,0.0013,-0.0004,0.5794,0.0000
4.3897,0.1320,0.1202,0.5794,0.0000,0,0,0.0014,-0.0002,0.5794,0.0000
4.3997,0.1258,0.0725,0.5794,0.0000,0,0,0.0016,0.0000,0.5794,0.0000
4.4100,0.1511,0.0563,0.5794,0.0000,0,0,0.0015,-0.0001,0.5794,0.0000
4.4196,0.1475,0.1077,0.5794,0.0000,0,0,0.0014,-0.0002,0.5794,0.0000
4.4301,0.1396,0.1486,0.5794,0.0000,0,0,0.0014,-0.0002,0.5794,0.0000
4.4397,0.1464,0.0944,0.5794,0.0000,0,0,0.0013,-0.0003,0.5794,0.0000
4.4498,0.1444,0.0275,0.5794,0.0000,0,0,0.0013,-0.0003,0.5794,0.0000
4.4605,0.1459,0.0834,0.5794,0.0000,0,0,0.0012,-0.0004,0.5794,0.0000
4.4696,0.1438,0.1463,0.5794,0.0000,0,0,0.0012,-0.0004,0.5794,0.0000
4.4800,0.1429,0.1506,0.5794,0.0000,0,0,0.0012,-0.0005,0.5794,0.0000
4.4897,0.1426,0.0368,0.5794,0.0000,0,0,0.0012,-0.0005,0.5794,0.0000
4.4997,0.1433,0.0443,0.5794,0.0000,0,0,0.0011,-0.0005,0.5794,0.0000
4.5106,0.1490,0.1160,0.5794,0.0000,0,0,0.0010,-0.0006,0.5794,0.0000
4.5196,0.1484,0.1682,0.5794,0.0000,0,0,0.0009,-0.0007,0.5794,0.0000
4.5300,0.1409,0.0727,0.5794,0.0000,0,0,0.0009,-0.0007,0.5794,0.0000
4.5397,0.1286,0.0194,0.5794,0.0000,0,0,0.0011,-0.0005,0.5794,0.0000
4.5497,0.1321,0.0793,0.5794,0.0000,0,0,0.0012,-0.0005,0.5794,0.0000
4.5600,0.1527,0.1679,0.5794,0.0000,0,0,0.0010,-0.0006,0.5794,0.0000
4.5697,0.1571,0.1161,0.5794,0.0000,0,0,0.0008,-0.0007,0.5794,0.0000
4.5800,0.1394,0.0340,0.5794,0.0000,0,0,0.0008,-0.0007,0.5794,0.0000
4.5897,0.1355,0.0403,0.5794,0.0000,0,0,0.0009,-0.0006,0.5794,0.0000
4.5996,0.1408,0.1321,0.5794,0.0000,0,0,0.0009,-0.0006,0.5794,0.0000
4.6100,0.1453,0.1415,0.5794,0.0000,0,0,0.0008,-0.0007,0.5794,0.0000
4.6197,0.1482,0.0546,0.5794,0.0000,0,0,0.0007,-0.0007,0.5794,0.0000
4.6301,0.1294,0.0460,0.5794,0.0000,0,0,0.0009,-0.0006,0.5794,0.0000
4.6397,0.1271,0.1174,0.5794,0.0000,0,0,0.0012,-0.0006,0.5794,0.0000
4.6497,0.1362,0.1619,0.5794,0.0000,0,0,0.0012,-0.0006,0.5794,0.0000
4.6605,0.1612,0.0715,0.5794,0.0000,0,0,0.0009,-0.0006,0.5794,0.0000
4.6696,0.1462,0.0353,0.5794,0.0000,0,0,0.0008,-0.0006,0.5794,0.0000
4.6800,0.1183,0.0702,0.5794,0.0000,0,0,0.0012,-0.0007,0.5794,0.0000
4.6897,0.1362,0.1673,0.5794,0.0000,0,0,0.0012,-0.0007,0.5794,0.0000
4.6996,0.1402,0.1084,0.5794,0.0000,0,0,0.0012,-0.0007,0.5794,0.0000
4.7106,0.1410,0.0526,0.5794,0.0000,0,0,0.0012,-0.0007,0.5794,0.0000
4.7196,0.1380,0.0482,0.5794,0.0000,0,0,0.0013,-0.0007,0.5794,0.0000
4.7300,0.1389,0.1267,0.5794,0.0000,0,0,0.0013,-0.0007,0.5794,0.0000
4.7397,0.1405,0.1475,0.5794,0.0000,0,0,0.0013,-0.0007,0.5794,0.0000
4.7497,0.1484,0.0616,0.5794,0.0000,0,0,0.0011,-0.0006,0.5794,0.0000
4.7600,0.1506,0.0491,0.5794,0.0000,0,0,0.0010,-0.0005,0.5794,0.0000
4.7697,0.1421,0.0788,0.5794,0.0000,0,0,0.0010,-0.0005,0.5794,0.0000
4.7800,0.1398,0.1453,0.5794,0.0000,0,0,0.0010,-0.0005,0.5794,0.0000
4.7897,0.1423,0.1002,0.5794,0.0000,0,0,0.0009,-0.0005,0.5794,0.0000
4.7996,0.1311,0.0500,0.5794,0.0000,0,0,0.0011,-0.0006,0.5794,0.0000
4.8101,0.1368,0.0654,0.5794,0.0000,0,0,0.0011,-0.0007,0.5794,0.0000
4.8196,0.1505,0.1107,0.5794,0.0000,0,0,0.0010,-0.0005,0.5794,0.0000
4.8300,0.1448,0.1280,0.5794,0.0000,0,0,0.0009,-0.0004,0.5794,0.0000
4.8397,0.1378,0.0777,0.5794,0.0000,0,0,0.0010,-0.0005,0.5794,0.0000
4.8497,0.1450,0.0720,0.5794,0.0000,0,0,0.0009,-0.0004,0.5794,0.0000
4.8605,0.1505,0.0645,0.5794,0.0000,0,0,0.0008,-0.0002,0.5794,0.0000
4.8696,0.1523,0.1269,0.5794,0.0000,0,0,0.0007,-0.0000,0.5794,0.0000
4.8800,0.1413,0.1160,0.5794,0.0000,0,0,0.0007,-0.0000,0.5794,0.0000
4.8896,0.1412,0.0896,0.5794,0.0000,0,0,0.0007,-0.0000,0.5794,0.0000
4.8997,0.1442,0.0681,0.5794,0.0000,0,0,0.0007,0.0000,0.5794,0.0000
4.9105,0.1513,0.0699,0.5794,0.0000,0,0,0.0006,0.0002,0.5794,0.0000
4.9196,0.1427,0.1189,0.5794,0.0000,0,0,0.0006,0.0003,0.5794,0.0000
4.9300,0.1321,0.1046,0.5794,0.0000,0,0,0.0007,0.0001,0.5794,0.0000
4.9396,0.1401,0.0956,0.5794,0.0000,0,0,0.0007,0.0000,0.5794,0.0000
4.9497,0.1372,0.0395,0.5794,0.0000,0,0,0.0007,-0.0001,0.5794,0.0000
4.9600,0.1440,0.0960,0.5794,0.0000,0,0,0.0007,0.0000,0.5794,0.0000
4.9697,0.1397,0.1194,0.5794,0.0000,0,0,0.0007,-0.0000,0.5794,0.0000
4.9800,0.1458,0.1269,0.5794,0.0000,0,0,0.0007,0.0001,0.5794,0.0000
4.9897,0.1437,0.0545,0.5794,0.0000,0,0,0.0007,0.0001,0.5794,0.0000
4.9996,0.1415,0.0536,0.5794,0.0000,0,0,0.0007,0.0001,0.5794,0.0000
5.0101,0.1363,0.1112,0.5794,0.0000,0,0,0.0007,-0.0000,0.5794,0.0000
5.0196,0.1539,0.1368,0.5794,0.0000,0,0,0.0007,0.0003,0.5794,0.0000
5.0300,0.1468,0.0879,0.5794,0.0000,0,0,0.0007,0.0004,0.5794,0.0000
5.0396,0.1281,0.0491,0.5794,0.0000,0,0,0.0007,0.0001,0.5794,0.0000
5.0497,0.1297,0.0891,0.5794,0.0000,0,0,0.0006,-0.0002,0.5794,0.0000
5.0604,0.1343,0.1328,0.5794,0.0000,0,0,0.0006,-0.0004,0.5794,0.0000
5.0697,0.1435,0.1030,0.5794,0.0000,0,0,0.0006,-0.0003,0.5794,0.0000
5.0800,0.1398,0.0492,0.5794,0.0000,0,0,0.0006,-0.0004,0.5794,0.0000
5.0897,0.1276,0.0701,0.5794,0.0000,0,0,0.0004,-0.0007,0.5794,0.0000
5.0997,0.1311,0.1234,0.5794,0.0000,0,0,0.0004,-0.0009,0.5794,0.0000
5.1106,0.1622,0.1253,0.5794,0.0000,0,0,0.0006,-0.0004,0.5794,0.0000
5.1197,0.1544,0.0502,0.5794,0.0000,0,0,0.0007,-0.0001,0.5794,0.0000
5.1301,0.1310,0.0564,0.5794,0.0000,0,0,0.0006,-0.0003,0.5794,0.0000
5.1397,0.1206,0.0961,0.5794,0.0000,0,0,0.0003,-0.0008,0.5794,0.0000
5.1498,0.1386,0.1419,0.5794,0.0000,0,0,0.0003,-0.0009,0.5794,0.0000
5.1600,0.1414,0.0734,0.5794,0.0000,0,0,0.0003,-0.0008,0.5794,0.0000
5.1697,0.1365,0.0530,0.5794,0.0000,0,0,0.0003,-0.0009,0.5794,0.0000
5.1800,0.1302,0.0819,0.5794,0.0000,0,0,0.0001,-0.0011,0.5794,0.0000
5.1897,0.1311,0.1593,0.5794,0.0000,0,0,-0.0000,-0.0013,0.5794,0.0000
5.1996,0.1464,0.0945,0.5794,0.0000,0,0,0.0001,-0.0012,0.5794,0.0000
5.2100,0.1526,0.0478,0.5794,0.0000,0,0,0.0003,-0.0009,0.5794,0.0000
5.2197,0.1335,0.0536,0.5794,0.0000,0,0,0.0002,-0.0011,0.5794,0.0000
5.2300,0.1391,0.1380,0.5794,0.0000,0,0,0.0002,-0.0011,0.5794,0.0000
5.2396,0.1543,0.1293,0.5794,0.0000,0,0,0.0004,-0.0008,0.5794,0.0000
5.2498,0.1496,0.0636,0.5794,0.0000,0,0,0.0006,-0.0006,0.5794,0.0000
5.2606,0.1357,0.0558,0.5794,0.0000,0,0,0.0005,-0.0007,0.5794,0.0000
5.2697,0.1355,0.0905,0.5794,0.0000,0,0,0.0004,-0.0008,0.5794,0.0000
5.2800,0.1490,0.1478,0.5794,0.0000,0,0,0.0006,-0.0007,0.5794,0.0000
5.2897,0.1474,0.0906,0.5794,0.0000,0,0,0.0007,-0.0006,0.5794,0.0000
5.2997,0.1401,0.0702,0.5794,0.0000,0,0,0.0007,-0.0006,0.5794,0.0000
5.3104,0.1348,0.0543,0.5794,0.0000,0,0,0.0005,-0.0007,0.5794,0.0000
5.3196,0.1547,0.1301,0.5794,0.0000,0,0,0.0008,-0.0005,0.5794,0.0000
5.3300,0.1620,0.1150,0.5794,0.0000,0,0,0.0012,-0.0002,0.5794,0.0000
5.3397,0.1466,0.1010,0.5794,0.0000,0,0,0.0013,-0.0001,0.5794,0.0000
5.3498,0.1254,0.0524,0.5794,0.0000,0,0,0.0009,-0.0004,0.5794,0.0000
5.3600,0.1401,0.0787,0.5794,0.0000,0,0,0.0009,-0.0004,0.5794,0.0000
5.3697,0.1596,0.0990,0.5794,0.0000,0,0,0.0013,-0.0001,0.5794,0.0000
5.3800,0.1577,0.1129,0.5794,0.0000,0,0,0.0017,0.0001,0.5794,0.0000
5.3897,0.1376,0.0855,0.5794,0.0000,0,0,0.0015,-0.0000,0.5794,0.0000
5.3996,0.1374,0.0616,0.5794,0.0000,0,0,0.0014,-0.0001,0.5794,0.0000
5.4100,0.1486,0.0787,0.5794,0.0000,0,0,0.0015,-0.0000,0.5794,0.0000
5.4196,0.1476,0.0987,0.5794,0.0000,0,0,0.0016,0.0000,0.5794,0.0000
5.4300,0.1346,0.1178,0.5794,0.0000,0,0,0.0014,-0.0001,0.5794,0.0000
5.4397,0.1187,0.0739,0.5794,0.0000,0,0,0.0008,-0.0003,0.5794,0.0000
5.4497,0.1361,0.0675,0.5794,0.0000,0,0,0.0007,-0.0004,0.5794,0.0000
5.4606,0.1471,0.0784,0.5794,0.0000,0,0,0.0008,-0.0004,0.5794,0.0000
5.4697,0.1454,0.1167,0.5794,0.0000,0,0,0.0009,-0.0003,0.5794,0.0000
5.4800,0.1389,0.1116,0.5794,0.0000,0,0,0.0008,-0.0004,0.5794,0.0000
5.4897,0.1390,0.0622,0.5794,0.0000,0,0,0.0007,-0.0004,0.5794,0.0000
5.4997,0.1363,0.0783,0.5794,0.0000,0,0,0.0006,-0.0004,0.5794,0.0000
5.5106,0.1472,0.1136,0.5794,0.0000,0,0,0.0007,-0.0004,0.5794,0.0000
5.5196,0.1514,0.1238,0.5794,0.0000,0,0,0.0009,-0.0003,0.5794,0.0000
5.5300,0.1457,0.0774,0.5794,0.0000,0,0,0.0010,-0.0003,0.5794,0.0000
5.5397,0.1467,0.0473,0.5794,0.0000,0,0,0.0011,-0.0003,0.5794,0.0000
5.5497,0.1395,0.1049,0.5794,0.0000,0,0,0.0010,-0.0003,0.5794,0.0000
5.5600,0.1279,0.1273,0.5794,0.0000,0,0,0.0007,-0.0004,0.5794,0.0000
5.5696,0.1276,0.0898,0.5794,0.0000,0,0,0.0004,-0.0005,0.5794,0.0000
5.5800,0.1415,0.0424,0.5794,0.0000,0,0,0.0004,-0.0005,0.5794,0.0000
5.5898,0.1384,0.0917,0.5794,0.0000,0,0,0.0003,-0.0005,0.5794,0.0000
5.5996,0.1477,0.1346,0.5794,0.0000,0,0,0.0004,-0.0005,0.5794,0.0000
5.6100,0.1559,0.1178,0.5794,0.0000,0,0,0.0007,-0.0004,0.5794,0.0000
5.6197,0.1558,0.0133,0.5794,0.0000,0,0,0.0010,-0.0004,0.5794,0.0000
5.6300,0.1341,0.0695,0.5794,0.0000,0,0,0.0008,-0.0004,0.5794,0.0000
5.6397,0.1219,0.1452,0.5794,0.0000,0,0,0.0004,-0.0004,0.5794,0.0000
5.6498,0.1303,0.1517,0.5794,0.0000,0,0,0.0002,-0.0004,0.5794,0.0000
5.6606,0.1478,0.0447,0.5794,0.0000,0,0,0.0003,-0.0004,0.5794,0.0000
5.6698,0.1687,0.0206,0.5794,0.0000,0,0,0.0008,-0.0005,0.5794,0.0000
5.6800,0.1507,0.1272,0.5794,0.0000,0,0,0.0009,-0.0005,0.5794,0.0000
5.6897,0.1319,0.1762,0.5794,0.0000,0,0,0.0007,-0.0005,0.5794,0.0000
5.6996,0.1329,0.0844,0.5794,0.0000,0,0,0.0006,-0.0004,0.5794,0.0000
5.7106,0.1335,-0.0042,0.5794,0.0000,0,0,0.0004,-0.0004,0.5794,0.0000
5.7196,0.1362,0.0904,0.5794,0.0000,0,0,0.0003,-0.0003,0.5794,0.0000
5.7300,0.1511,0.1657,0.5794,0.0000,0,0,0.0005,-0.0004,0.5794,0.0000
5.7397,0.1567,0.1597,0.5794,0.0000,0,0,0.0007,-0.0005,0.5794,0.0000
5.7497,0.1539,-0.0051,0.5794,0.0000,0,0,0.0009,-0.0006,0.5794,0.0000
5.7600,0.1491,0.0498,0.5794,0.0000,0,0,0.0010,-0.0006,0.5794,0.0000
5.7697,0.1530,0.1229,0.5794,0.0000,0,0,0.0011,-0.0007,0.5794,0.0000
5.7800,0.1519,0.1727,0.5794,0.0000,0,0,0.0012,-0.0008,0.5794,0.0000
5.7897,0.1399,0.0479,0.5794,0.0000,0,0,0.0012,-0.0008,0.5794,0.0000
5.7996,0.1312,0.0083,0.5794,0.0000,0,0,0.0010,-0.0006,0.5794,0.0000
5.8100,0.1249,0.1017,0.5794,0.0000,0,0,0.0008,-0.0004,0.5794,0.0000
5.8197,0.1616,0.1725,0.5794,0.0000,0,0,0.0010,-0.0007,0.5794,0.0000
5.8300,0.1735,0.1028,0.5794,0.0000,0,0,0.0013,-0.0010,0.5794,0.0000
5.8397,0.1401,0.0212,0.5794,0.0000,0,0,0.0013,-0.0010,0.5794,0.0000
5.8497,0.1252,0.0761,0.5794,0.0000,0,0,0.0011,-0.0007,0.5794,0.0000
5.8605,0.1394,0.1457,0.5794,0.0000,0,0,0.0011,-0.0007,0.5794,0.0000
5.8696,0.1480,0.1391,0.5794,0.0000,0,0,0.0011,-0.0007,0.5794,0.0000
5.8800,0.1330,0.0150,0.5794,0.0000,0,0,0.0011,-0.0006,0.5794,0.0000
5.8897,0.1426,0.0554,0.5794,0.0000,0,0,0.0011,-0.0006,0.5794,0.0000
5.8996,0.1504,0.1300,0.5794,0.0000,0,0,0.0011,-0.0007,0.5794,0.0000
5.9106,0.1640,0.1504,0.5794,0.0000,0,0,0.0012,-0.0010,0.5794,0.0000
5.9196,0.1564,0.0496,0.5794,0.0000,0,0,0.0013,-0.0012,0.5794,0.0000
5.9300,0.1413,0.0147,0.5794,0.0000,0,0,0.0013,-0.0012,0.5794,0.0000
5.9397,0.1149,0.1170,0.5794,0.0000,0,0,0.0012,-0.0007,0.5794,0.0000
5.9496,0.1294,0.1641,0.5794,0.0000,0,0,0.0011,-0.0005,0.5794,0.0000
5.9600,0.1436,0.0818,0.5794,0.0000,0,0,0.0011,-0.0005,0.5794,0.0000
5.9697,0.1394,0.0132,0.5794,0.0000,0,0,0.0011,-0.0005,0.5794,0.0000
5.9801,0.1392,0.0742,0.5794,0.0000,0,0,0.0011,-0.0004,0.5794,0.0000
5.9898,0.1561,0.1528,0.5794,0.0000,0,0,0.0011,-0.0006,0.5794,0.0000
5.9996,0.1489,0.1312,0.5794,0.0000,0,0,0.0011,-0.0007,0.5794,0.0000
6.0101,0.1243,0.0164,0.5794,0.0000,0,0,0.0012,-0.0004,0.5794,0.0000
6.0196,0.1288,0.0311,0.5794,0.0000,0,0,0.0012,-0.0002,0.5794,0.0000
6.0300,0.1388,0.1362,0.5794,0.0000,0,0,0.0012,-0.0001,0.5794,0.0000
6.0397,0.1374,0.1471,0.5794,0.0000,0,0,0.0012,-0.0001,0.5794,0.0000
6.0497,0.1389,0.0805,0.5794,0.0000,0,0,0.0012,-0.0000,0.5794,0.0000
6.0606,0.1343,0.0133,0.5794,0.0000,0,0,0.0013,0.0001,0.5794,0.0000
6.0698,0.1435,0.1156,0.5794,0.0000,0,0,0.0013,0.0001,0.5794,0.0000
6.0800,0.1623,0.1436,0.5794,0.0000,0,0,0.0011,-0.0003,0.5794,0.0000
6.0898,0.1423,0.1036,0.5794,0.0000,0,0,0.0011,-0.0003,0.5794,0.0000
6.0997,0.1162,0.0268,0.5794,0.0000,0,0,0.0013,0.0001,0.5794,0.0000
6.1106,0.1228,0.0762,0.5794,0.0000,0,0,0.0015,0.0004,0.5794,0.0000
6.1197,0.1542,0.1236,0.5794,0.0000,0,0,0.0013,0.0002,0.5794,0.0000
6.1301,0.1568,0.1149,0.5794,0.0000,0,0,0.0012,-0.0000,0.5794,0.0000
6.1397,0.1413,0.0567,0.5794,0.0000,0,0,0.0012,-0.0000,0.5794,0.0000
6.1497,0.1357,0.0571,0.5794,0.0000,0,0,0.0013,0.0001,0.5794,0.0000
6.1600,0.1494,0.1261,0.5794,0.0000,0,0,0.0012,-0.0001,0.5794,0.0000
6.1696,0.1498,0.1129,0.5794,0.0000,0,0,0.0011,-0.0002,0.5794,0.0000
6.1801,0.1329,0.0940,0.5794,0.0000,0,0,0.0012,-0.0001,0.5794,0.0000
6.1897,0.1255,0.0525,0.5794,0.0000,0,0,0.0014,0.0002,0.5794,0.0000
6.1996,0.1445,0.1241,0.5794,0.0000,0,0,0.0013,0.0001,0.5794,0.0000
6.2100,0.1539,0.1118,0.5794,0.0000,0,0,0.0011,-0.0001,0.5794,0.0000
6.2197,0.1595,0.0902,0.5794,0.0000,0,0,0.0009,-0.0003,0.5794,0.0000
6.2300,0.1435,0.0451,0.5794,0.0000,0,0,0.0009,-0.0003,0.5794,0.0000
6.2396,0.1435,0.1120,0.5794,0.0000,0,0,0.0008,-0.0003,0.5794,0.0000
6.2497,0.1430,0.1175,0.5794,0.0000,0,0,0.0008,-0.0003,0.5794,0.0000
6.2604,0.1342,0.0992,0.5794,0.0000,0,0,0.0009,-0.0003,0.5794,0.0000
6.2698,0.1298,0.0467,0.5794,0.0000,0,0,0.0011,-0.0002,0.5794,0.0000
6.2799,0.1547,0.0771,0.5794,0.0000,0,0,0.0009,-0.0003,0.5794,0.0000
6.2897,0.1599,0.1353,0.5794,0.0000,0,0,0.0006,-0.0004,0.5794,0.0000
6.2996,0.1567,0.1006,0.5794,0.0000,0,0,0.0003,-0.0005,0.5794,0.0000
6.3106,0.1427,0.0679,0.5794,0.0000,0,0,0.0003,-0.0005,0.5794,0.0000
6.3198,0.1527,0.0470,0.5794,0.0000,0,0,0.0001,-0.0006,0.5794,0.0000
6.3301,0.1440,0.1067,0.5794,0.0000,0,0,0.0001,-0.0006,0.5794,0.0000
6.3397,0.1320,0.1266,0.5794,0.0000,0,0,0.0003,-0.0005,0.5794,0.0000
6.3498,0.1157,0.0836,0.5794,0.0000,0,0,0.0007,-0.0005,0.5794,0.0000
6.3601,0.1336,0.0488,0.5794,0.0000,0,0,0.0009,-0.0004,0.5794,0.0000
6.3698,0.1552,0.0990,0.5794,0.0000,0,0,0.0006,-0.0005,0.5794,0.0000
6.3801,0.1668,0.1042,0.5794,0.0000,0,0,0.0002,-0.0005,0.5794,0.0000
6.3898,0.1397,0.1116,0.5794,0.0000,0,0,0.0002,-0.0005,0.5794,0.0000
6.3997,0.1257,0.0649,0.5794,0.0000,0,0,0.0005,-0.0005,0.5794,0.0000
6.4101,0.1393,0.0838,0.5794,0.0000,0,0,0.0005,-0.0005,0.5794,0.0000
6.4198,0.1568,0.0997,0.5794,0.0000,0,0,0.0003,-0.0005,0.5794,0.0000
6.4301,0.1354,0.0837,0.5794,0.0000,0,0,0.0004,-0.0005,0.5794,0.0000
6.4398,0.1342,0.0905,0.5794,0.0000,0,0,0.0005,-0.0005,0.5794,0.0000
6.4498,0.1618,0.0883,0.5794,0.0000,0,0,0.0002,-0.0004,0.5794,0.0000
6.4606,0.1524,0.0665,0.5794,0.0000,0,0,0.0000,-0.0003,0.5794,0.0000
6.4698,0.1448,0.1035,0.5794,0.0000,0,0,-0.0000,-0.0003,0.5794,0.0000
6.4801,0.1570,0.1176,0.5794,0.0000,0,0,-0.0002,-0.0002,0.5794,0.0000
6.4898,0.1478,0.0493,0.5794,0.0000,0,0,-0.0003,-0.0001,0.5794,0.0000
6.4998,0.1460,0.1298,0.5794,0.0000,0,0,-0.0004,-0.0001,0.5794,0.0000
6.5106,0.1367,0.0695,0.5794,0.0000,0,0,-0.0003,-0.0002,0.5794,0.0000
6.5198,0.1518,0.0702,0.5794,0.0000,0,0,-0.0004,-0.0001,0.5794,0.0000
6.5301,0.1231,0.1699,0.5794,0.0000,0,0,-0.0002,-0.0003,0.5794,0.0000
6.5398,0.1403,-0.0235,0.5794,0.0000,0,0,-0.0001,-0.0003,0.5794,0.0000
6.5498,0.1479,0.1909,0.5794,0.0000,0,0,-0.0002,-0.0003,0.5794,0.0000
6.5601,0.1299,0.0483,0.5794,0.0000,0,0,-0.0000,-0.0005,0.5794,0.0000
6.5698,0.1554,0.0681,0.5794,0.0000,0,0,-0.0002,-0.0002,0.5794,0.0000
6.5800,0.1410,0.1195,0.5794,0.0000,0,0,-0.0002,-0.0003,0.5794,0.0000
6.5899,0.1327,0.0791,0.5794,0.0000,0,0,-0.0001,-0.0004,0.5794,0.0000
6.5998,0.1389,0.1152,0.5794,0.0000,0,0,-0.0001,-0.0005,0.5794,0.0000
6.6101,0.1953,0.0867,0.5794,0.0000,0,0,-0.0005,0.0005,0.5794,0.0000
6.6197,0.1629,0.0846,0.5794,0.0000,0,0,-0.0006,0.0009,0.5794,0.0000
6.6301,0.1466,0.0867,0.5794,0.0000,0,0,-0.0007,0.0009,0.5794,0.0000
6.6398,0.1402,0.1382,0.5794,0.0000,0,0,-0.0006,0.0009,0.5794,0.0000
6.6498,0.1304,0.0690,0.5794,0.0000,0,0,-0.0006,0.0006,0.5794,0.0000
6.6605,0.1035,0.0480,0.5794,0.0000,0,0,-0.0004,-0.0003,0.5794,0.0000
6.6698,0.1150,0.1317,0.5794,0.0000,0,0,-0.0003,-0.0009,0.5794,0.0000
6.6801,0.1344,0.1403,0.5794,0.0000,0,0,-0.0003,-0.0011,0.5794,0.0000
6.6898,0.1204,0.1182,0.5794,0.0000,0,0,-0.0002,-0.0015,0.5794,0.0000
6.6997,0.1654,0.0201,0.5794,0.0000,0,0,-0.0003,-0.0010,0.5794,0.0000
6.7106,0.2028,0.0185,0.5794,0.0000,0,0,-0.0003,0.0005,0.5794,0.0000
6.7198,0.1389,0.0425,0.5794,0.0000,0,0,-0.0003,0.0004,0.5794,0.0000
6.7301,0.1291,0.2333,0.5794,0.0000,0,0,-0.0003,0.0000,0.5794,0.0000
6.7398,0.1721,0.1948,0.5794,0.0000,0,0,-0.0002,0.0008,0.5794,0.0000
6.7498,0.0696,0.0841,0.5794,0.0000,0,0,-0.0005,-0.0010,0.5794,0.0000
6.7601,0.0348,0.0498,0.5794,0.0000,0,0,-0.0009,-0.0037,0.5794,0.0000
6.7698,0.0566,0.0591,0.5794,0.0000,0,0,-0.0013,-0.0057,0.5794,0.0000
6.7807,0.1403,0.0214,0.5794,0.0000,0,0,-0.0012,-0.0055,0.5794,0.0000
6.7898,0.2709,0.0007,0.5794,0.0000,0,0,-0.0004,-0.0022,0.5794,0.0000
6.7997,0.2435,0.1671,0.5794,0.0000,0,0,0.0004,0.0004,0.5794,0.0000
6.8101,0.2564,0.2620,0.5794,0.0000,0,0,0.0013,0.0032,0.5794,0.0000
6.8198,0.2181,0.1820,0.5794,0.0000,0,0,0.0019,0.0049,0.5794,0.0000
6.8301,0.0234,0.0326,0.5794,0.0000,0,0,0.0007,0.0018,0.5794,0.0000
6.8397,0.0113,0.1467,0.5794,0.0000,0,0,-0.0007,-0.0014,0.5794,0.0000
6.8498,-0.2039,-0.0817,0.5794,0.0000,0,0,-0.0045,-0.0095,0.5794,0.0000
6.8605,-0.0118,-0.0423,0.5794,0.0000,0,0,-0.0061,-0.0128,0.5794,0.0000
6.8698,0.2156,0.0953,0.5794,0.0000,0,0,-0.0050,-0.0106,0.5794,0.0000
6.8800,0.2339,0.2257,0.5794,0.0000,0,0,-0.0035,-0.0082,0.5794,0.0000
6.8898,0.2636,0.2623,0.5794,0.0000,0,0,-0.0017,-0.0052,0.5794,0.0000
6.8998,0.0407,-0.0849,0.5794,0.0000,0,0,-0.0030,-0.0072,0.5794,0.0000
6.9106,0.0093,-0.3827,0.5794,0.0000,0,0,-0.0049,-0.0098,0.5794,0.0000
6.9197,0.0070,-0.0414,0.5794,0.0000,0,0,-0.0067,-0.0123,0.5794,0.0000
6.9301,0.1387,0.3421,0.5794,0.0000,0,0,-0.0064,-0.0120,0.5794,0.0000
6.9398,0.3149,0.1901,0.5794,0.0000,0,0,-0.0032,-0.0081,0.5794,0.0000
6.9498,0.1299,0.0004,0.5794,0.0000,0,0,-0.0032,-0.0081,0.5794,0.0000
6.9601,0.0439,0.3686,0.5794,0.0000,0,0,-0.0047,-0.0097,0.5794,0.0000
6.9698,0.1605,0.4066,0.5794,0.0000,0,0,-0.0041,-0.0091,0.5794,0.0000
6.9801,0.0088,0.0072,0.5794,0.0000,0,0,-0.0063,-0.0113,0.5794,0.0000
6.9899,0.1180,0.1729,0.5794,0.0000,0,0,-0.0064,-0.0114,0.5794,0.0000
6.9998,-0.0177,0.4281,0.5794,0.0000,0,0,-0.0090,-0.0139,0.5794,0.0000
7.0102,-0.2869,-0.5095,0.5794,0.0000,0,0,-0.0170,-0.0211,0.5794,0.0000
7.0198,0.0039,-0.4347,0.5794,0.0000,0,0,-0.0189,-0.0228,0.5794,0.0000
7.0301,0.2164,0.0930,0.5794,0.0000,0,0,-0.0164,-0.0208,0.5794,0.0000
7.0397,0.0585,0.3344,0.5794,0.0000,0,0,-0.0173,-0.0215,0.5794,0.0000
7.0498,-0.0827,1.1136,0.5794,0.0000,0,0,-0.0211,-0.0244,0.5794,0.0000
7.0606,-0.0888,0.4899,0.5794,0.0000,0,0,-0.0250,-0.0272,0.5794,0.0000
7.0698,-0.1959,-0.1229,0.5794,0.0000,0,0,-0.0312,-0.0315,0.5794,0.0000
7.0801,-0.0036,-0.4099,0.5794,0.0000,0,0,-0.0328,-0.0326,0.5794,0.0000
7.0898,0.2547,-0.5344,0.5794,0.0000,0,0,-0.0287,-0.0299,0.5794,0.0000
7.0997,0.3360,0.4913,0.5794,0.0000,0,0,-0.0227,-0.0262,0.5794,0.0000
7.1106,0.2813,0.7696,0.5794,0.0000,0,0,-0.0183,-0.0236,0.5794,0.0000
7.1197,-0.5648,0.2302,0.5794,0.0000,0,0,-0.0335,-0.0324,0.5794,0.0000
7.1301,-0.5133,0.0486,0.5794,0.0000,0,0,-0.0471,-0.0399,0.5794,0.0000
7.1398,-0.3978,-0.6261,0.5794,0.0000,0,0,-0.0574,-0.0455,0.5794,0.0000
7.1498,-0.7343,-0.1229,0.5794,0.0000,0,0,-0.0751,-0.0547,0.5794,0.0000
7.1601,-0.1348,0.6570,0.5794,0.0000,0,0,-0.0782,-0.0563,0.5794,0.0000
7.1698,-0.2657,0.3069,0.5794,0.0000,0,0,-0.0842,-0.0592,0.5794,0.0000
7.1807,-0.3306,0.4975,0.5794,0.0000,0,0,-0.0914,-0.0625,0.5794,0.0000
7.1898,0.0417,0.2494,0.5794,0.0000,0,0,-0.0897,-0.0618,0.5794,0.0000
7.1997,0.2829,-0.3243,0.5794,0.0000,0,0,-0.0827,-0.0587,0.5794,0.0000
7.2101,-0.0949,-0.2627,0.5794,0.0000,0,0,-0.0845,-0.0595,0.5794,0.0000
7.2198,-0.5460,0.0700,0.5794,0.0000,0,0,-0.0964,-0.0641,0.5794,0.0000
7.2301,-0.6204,1.0025,0.5794,0.0000,0,0,-0.1094,-0.0690,0.5794,0.0000
7.2397,-0.4811,0.5837,0.5794,0.0000,0,0,-0.1188,-0.0723,0.5794,0.0000
7.2498,0.0396,-0.8304,0.5794,0.0000,0,0,-0.1164,-0.0715,0.5794,0.0000
7.2606,0.6015,-0.2812,0.5794,0.0000,0,0,-0.1021,-0.0671,0.5794,0.0000
7.2698,0.4068,-0.0874,0.5794,0.0000,0,0,-0.0926,-0.0643,0.5794,0.0000
7.2801,-0.5279,-0.1654,0.5794,0.0000,0,0,-0.1032,-0.0671,0.5794,0.0000
7.2898,-0.8504,0.2697,0.5794,0.0000,0,0,-0.1202,-0.0711,0.5794,0.0000
7.2998,-1.2604,0.2073,0.5794,0.0000,0,0,-0.1450,-0.0763,0.5794,0.0000
7.3106,-0.7295,-1.0416,0.5794,0.0000,0,0,-0.1580,-0.0786,0.5794,0.0000
7.3198,0.5373,0.0283,0.5794,0.0000,0,0,-0.1447,-0.0766,0.5794,0.0000
7.3301,0.5967,0.3067,0.5794,0.0000,0,0,-0.1308,-0.0750,0.5794,0.0000
7.3398,-0.1819,0.4333,0.5794,0.0000,0,0,-0.1330,-0.0752,0.5794,0.0000
7.3498,-0.8678,1.2403,0.5794,0.0000,0,0,-0.1487,-0.0760,0.5794,0.0000
7.3600,-1.0488,0.0678,0.5794,0.0000,0,0,-0.1673,-0.0762,0.5794,0.0000
7.3698,-0.8475,-1.3133,0.5794,0.0000,0,0,-0.1812,-0.0759,0.5794,0.0000
7.3800,-0.1779,-0.8074,0.5794,0.0000,0,0,-0.1821,-0.0758,0.5794,0.0000
7.3898,0.6983,-0.4739,0.5794,0.0000,0,0,-0.1668,-0.0773,0.5794,0.0000
7.3998,0.3486,0.3398,0.5794,0.0000,0,0,-0.1586,-0.0785,0.5794,0.0000
7.4101,-0.2503,0.5941,0.5794,0.0000,0,0,-0.1615,-0.0779,0.5794,0.0000
7.4198,-0.7165,-0.0432,0.5794,0.0000,0,0,-0.1725,-0.0755,0.5794,0.0000
7.4301,-0.3923,-0.5564,0.5794,0.0000,0,0,-0.1774,-0.0742,0.5794,0.0000
7.4398,0.5915,-0.6233,0.5794,0.0000,0,0,-0.1659,-0.0778,0.5794,0.0000
7.4498,0.7921,-0.0811,0.5794,0.0000,0,0,-0.1519,-0.0828,0.5794,0.0000
7.4606,0.4921,0.6454,0.5794,0.0000,0,0,-0.1433,-0.0863,0.5794,0.0000
7.4698,-0.3766,1.2071,0.5794,0.0000,0,0,-0.1486,-0.0839,0.5794,0.0000
7.4801,-0.2863,0.8400,0.5794,0.0000,0,0,-0.1524,-0.0819,0.5794,0.0000
7.4898,-0.0319,0.3569,0.5794,0.0000,0,0,-0.1523,-0.0820,0.5794,0.0000
7.4998,0.7474,-1.0786,0.5794,0.0000,0,0,-0.1416,-0.0888,0.5794,0.0000
7.5106,0.7249,-0.8910,0.5794,0.0000,0,0,-0.1319,-0.0957,0.5794,0.0000
7.5197,1.0935,0.4022,0.5794,0.0000,0,0,-0.1182,-0.1064,0.5794,0.0000
7.5301,0.5344,0.4642,0.5794,0.0000,0,0,-0.1123,-0.1114,0.5794,0.0000
7.5398,0.2869,0.7442,0.5794,0.0000,0,0,-0.1098,-0.1138,0.5794,0.0000
7.5497,0.4541,0.8739,0.5794,0.0000,0,0,-0.1057,-0.1181,0.5794,0.0000
7.5600,0.4136,-0.1308,0.5794,0.0000,0,0,-0.1024,-0.1219,0.5794,0.0000
7.5698,0.2857,-0.0523,0.5794,0.0000,0,0,-0.1006,-0.1241,0.5794,0.0000
7.5801,0.0309,0.4703,0.5794,0.0000,0,0,-0.1014,-0.1229,0.5794,0.0000
7.5898,-0.2077,0.5415,0.5794,0.0000,0,0,-0.1043,-0.1185,0.5794,0.0000
7.5997,-0.3111,0.7877,0.5794,0.0000,0,0,-0.1077,-0.1126,0.5794,0.0000
7.6101,-0.0515,0.1144,0.5794,0.0000,0,0,-0.1089,-0.1102,0.5794,0.0000
7.6198,0.2963,-0.0636,0.5794,0.0000,0,0,-0.1078,-0.1128,0.5794,0.0000
7.6301,0.2445,-0.0619,0.5794,0.0000,0,0,-0.1071,-0.1145,0.5794,0.0000
7.6397,-0.3052,0.0742,0.5794,0.0000,0,0,-0.1094,-0.1079,0.5794,0.0000
7.6498,-0.5148,0.4989,0.5794,0.0000,0,0,-0.1123,-0.0979,0.5794,0.0000
7.6606,-0.7877,0.5055,0.5794,0.0000,0,0,-0.1158,-0.0835,0.5794,0.0000
7.6698,-0.3067,-0.0540,0.5794,0.0000,0,0,-0.1170,-0.0769,0.5794,0.0000
7.6800,0.4491,0.2509,0.5794,0.0000,0,0,-0.1162,-0.0825,0.5794,0.0000
7.6898,0.4721,0.1041,0.5794,0.0000,0,0,-0.1156,-0.0884,0.5794,0.0000
7.6997,-0.0247,0.0271,0.5794,0.0000,0,0,-0.1158,-0.0859,0.5794,0.0000
7.7106,-0.3644,0.0873,0.5794,0.0000,0,0,-0.1158,-0.0776,0.5794,0.0000
7.7197,-0.9030,-0.2910,0.5794,0.0000,0,0,-0.1153,-0.0603,0.5794,0.0000
7.7301,-0.6145,-0.0535,0.5794,0.0000,0,0,-0.1144,-0.0480,0.5794,0.0000
7.7397,-0.0057,0.4941,0.5794,0.0000,0,0,-0.1142,-0.0464,0.5794,0.0000
7.7498,-0.0464,0.6370,0.5794,0.0000,0,0,-0.1138,-0.0440,0.5794,0.0000
7.7601,0.0570,0.7687,0.5794,0.0000,0,0,-0.1137,-0.0433,0.5794,0.0000
7.7697,-0.0982,0.7186,0.5794,0.0000,0,0,-0.1129,-0.0400,0.5794,0.0000
7.7800,-0.3705,-0.1826,0.5794,0.0000,0,0,-0.1106,-0.0320,0.5794,0.0000
7.7898,-0.1316,-0.7239,0.5794,0.0000,0,0,-0.1094,-0.0282,0.5794,0.0000
7.7998,0.5756,-0.3368,0.5794,0.0000,0,0,-0.1124,-0.0364,0.5794,0.0000
7.8101,0.3280,0.1472,0.5794,0.0000,0,0,-0.1139,-0.0401,0.5794,0.0000
7.8197,0.1953,0.5915,0.5794,0.0000,0,0,-0.1145,-0.0414,0.5794,0.0000
7.8301,-0.3395,1.0345,0.5794,0.0000,0,0,-0.1108,-0.0340,0.5794,0.0000
7.8397,-0.6714,0.4850,0.5794,0.0000,0,0,-0.1040,-0.0213,0.5794,0.0000
7.8498,-0.6544,-0.2755,0.5794,0.0000,0,0,-0.0970,-0.0094,0.5794,0.0000
7.8606,-0.3196,-0.2144,0.5794,0.0000,0,0,-0.0930,-0.0031,0.5794,0.0000
7.8698,0.0411,0.1582,0.5794,0.0000,0,0,-0.0926,-0.0026,0.5794,0.0000
7.8800,-0.0547,0.4541,0.5794,0.0000,0,0,-0.0911,-0.0006,0.5794,0.0000
7.8898,0.0223,0.7454,0.5794,0.0000,0,0,-0.0904,0.0003,0.5794,0.0000
7.8998,-0.0544,1.0125,0.5794,0.0000,0,0,-0.0888,0.0022,0.5794,0.0000
7.9106,-0.2318,0.6153,0.5794,0.0000,0,0,-0.0848,0.0065,0.5794,0.0000
7.9197,-0.3269,-0.0286,0.5794,0.0000,0,0,-0.0796,0.0118,0.5794,0.0000
7.9301,-0.5763,-0.1560,0.5794,0.0000,0,0,-0.0708,0.0200,0.5794,0.0000
7.9398,-0.6553,-0.0646,0.5794,0.0000,0,0,-0.0609,0.0287,0.5794,0.0000
7.9498,-0.6007,0.0808,0.5794,0.0000,0,0,-0.0517,0.0362,0.5794,0.0000
7.9600,-0.2731,0.6634,0.5794,0.0000,0,0,-0.0472,0.0396,0.5794,0.0000
7.9699,-0.2296,0.6613,0.5794,0.0000,0,0,-0.0434,0.0423,0.5794,0.0000
7.9808,0.1130,0.2076,0.5794,0.0000,0,0,-0.0447,0.0414,0.5794,0.0000
7.9898,0.1759,0.1345,0.5794,0.0000,0,0,-0.0470,0.0400,0.5794,0.0000
7.9998,0.0123,0.1712,0.5794,0.0000,0,0,-0.0467,0.0402,0.5794,0.0000
8.0102,-0.4588,-0.0530,0.5794,0.0000,0,0,-0.0386,0.0441,0.5794,0.0000
8.0197,-0.1856,0.4948,0.5794,0.0000,0,0,-0.0351,0.0456,0.5794,0.0000
8.0301,0.1537,0.6644,0.5794,0.0000,0,0,-0.0373,0.0448,0.5794,0.0000
8.0397,0.1370,0.3641,0.5794,0.0000,0,0,-0.0391,0.0442,0.5794,0.0000
8.0499,-0.0693,0.3938,0.5794,0.0000,0,0,-0.0373,0.0447,0.5794,0.0000
8.0606,-0.4773,0.0631,0.5794,0.0000,0,0,-0.0286,0.0468,0.5794,0.0000
8.0698,-0.5666,-0.0728,0.5794,0.0000,0,0,-0.0184,0.0488,0.5794,0.0000
8.0801,-0.5928,0.0157,0.5794,0.0000,0,0,-0.0080,0.0503,0.5794,0.0000
8.0898,-0.5088,-0.0081,0.5794,0.0000,0,0,0.0008,0.0511,0.5794,0.0000
8.0997,-0.2908,0.5213,0.5794,0.0000,0,0,0.0056,0.0514,0.5794,0.0000
8.1106,-0.8543,0.5359,0.5794,0.0000,0,0,0.0201,0.0513,0.5794,0.0000
8.1197,-1.0201,1.0349,0.5794,0.0000,0,0,0.0370,0.0506,0.5794,0.0000
8.1300,-0.9610,0.9638,0.5794,0.0000,0,0,0.0525,0.0490,0.5794,0.0000
8.1397,-0.7508,0.1140,0.5794,0.0000,0,0,0.0640,0.0472,0.5794,0.0000
8.1498,-0.3226,-0.1343,0.5794,0.0000,0,0,0.0679,0.0464,0.5794,0.0000
8.1600,0.2598,0.2485,0.5794,0.0000,0,0,0.0620,0.0480,0.5794,0.0000
8.1698,0.1898,0.0922,0.5794,0.0000,0,0,0.0576,0.0494,0.5794,0.0000
8.1800,0.1612,0.3293,0.5794,0.0000,0,0,0.0538,0.0508,0.5794,0.0000
8.1898,-0.1417,-0.0009,0.5794,0.0000,0,0,0.0550,0.0503,0.5794,0.0000
8.1997,-0.1762,-0.5579,0.5794,0.0000,0,0,0.0567,0.0495,0.5794,0.0000
8.2101,0.2688,-0.1770,0.5794,0.0000,0,0,0.0516,0.0524,0.5794,0.0000
8.2198,0.6388,0.4073,0.5794,0.0000,0,0,0.0413,0.0591,0.5794,0.0000
8.2301,0.4480,0.2349,0.5794,0.0000,0,0,0.0344,0.0643,0.5794,0.0000
8.2398,-0.0056,0.2513,0.5794,0.0000,0,0,0.0341,0.0645,0.5794,0.0000
8.2498,-0.1693,-0.0538,0.5794,0.0000,0,0,0.0361,0.0627,0.5794,0.0000
8.2606,-0.0438,-0.1417,0.5794,0.0000,0,0,0.0364,0.0624,0.5794,0.0000
8.2698,0.0484,0.0741,0.5794,0.0000,0,0,0.0356,0.0633,0.5794,0.0000
8.2801,0.5139,0.4318,0.5794,0.0000,0,0,0.0293,0.0711,0.5794,0.0000
8.2898,0.1037,-0.0194,0.5794,0.0000,0,0,0.0282,0.0727,0.5794,0.0000
8.2997,0.1304,-0.1409,0.5794,0.0000,0,0,0.0269,0.0747,0.5794,0.0000
8.3106,-0.1981,-0.5644,0.5794,0.0000,0,0,0.0290,0.0711,0.5794,0.0000
8.3198,-0.4721,-1.0734,0.5794,0.0000,0,0,0.0335,0.0626,0.5794,0.0000
8.3300,-0.3227,-0.6038,0.5794,0.0000,0,0,0.0362,0.0566,0.5794,0.0000
8.3397,0.0378,-0.0732,0.5794,0.0000,0,0,0.0359,0.0575,0.5794,0.0000
8.3498,-0.3794,0.4597,0.5794,0.0000,0,0,0.0385,0.0501,0.5794,0.0000
8.3600,-0.8205,0.8006,0.5794,0.0000,0,0,0.0436,0.0337,0.5794,0.0000
8.3698,-1.4423,0.4441,0.5794,0.0000,0,0,0.0516,0.0044,0.5794,0.0000
8.3806,-0.9988,-0.0577,0.5794,0.0000,0,0,0.0559,-0.0154,0.5794,0.0000
8.3898,-0.1197,-0.3765,0.5794,0.0000,0,0,0.0560,-0.0158,0.5794,0.0000
8.3997,0.7134,-0.2377,0.5794,0.0000,0,0,0.0534,0.0023,0.5794,0.0000
8.4101,0.3200,-0.5179,0.5794,0.0000,0,0,0.0525,0.0113,0.5794,0.0000
8.4197,0.3013,0.0342,0.5794,0.0000,0,0,0.0519,0.0197,0.5794,0.0000
8.4301,-0.4825,0.1674,0.5794,0.0000,0,0,0.0522,0.0095,0.5794,0.0000
8.4398,-0.7489,-0.4565,0.5794,0.0000,0,0,0.0521,-0.0068,0.5794,0.0000
8.4498,-0.0250,-0.4679,0.5794,0.0000,0,0,0.0522,-0.0055,0.5794,0.0000
8.4606,0.6816,-0.0196,0.5794,0.0000,0,0,0.0536,0.0128,0.5794,0.0000
8.4698,0.1048,-0.0452,0.5794,0.0000,0,0,0.0540,0.0166,0.5794,0.0000
8.4801,-0.1063,0.5306,0.5794,0.0000,0,0,0.0538,0.0151,0.5794,0.0000
8.4898,-0.7618,0.3766,0.5794,0.0000,0,0,0.0507,-0.0025,0.5794,0.0000
8.4998,-0.9173,-0.1401,0.5794,0.0000,0,0,0.0463,-0.0234,0.5794,0.0000
8.5106,-0.4606,0.1450,0.5794,0.0000,0,0,0.0441,-0.0324,0.5794,0.0000
8.5198,0.3623,-0.1825,0.5794,0.0000,0,0,0.0473,-0.0209,0.5794,0.0000
8.5301,-0.1604,-0.4748,0.5794,0.0000,0,0,0.0467,-0.0227,0.5794,0.0000
8.5398,-0.1831,-0.0469,0.5794,0.0000,0,0,0.0460,-0.0250,0.5794,0.0000
8.5498,-0.3015,-0.3369,0.5794,0.0000,0,0,0.0441,-0.0300,0.5794,0.0000
8.5600,-0.3575,-0.5086,0.5794,0.0000,0,0,0.0415,-0.0363,0.5794,0.0000
8.5698,0.3148,-0.4794,0.5794,0.0000,0,0,0.0459,-0.0263,0.5794,0.0000
8.5807,0.8731,-0.0272,0.5794,0.0000,0,0,0.0569,-0.0036,0.5794,0.0000
8.5898,-0.0816,0.7522,0.5794,0.0000,0,0,0.0565,-0.0043,0.5794,0.0000
8.5998,-0.3450,0.7192,0.5794,0.0000,0,0,0.0528,-0.0110,0.5794,0.0000
8.6101,-1.0412,0.4039,0.5794,0.0000,0,0,0.0397,-0.0332,0.5794,0.0000
8.6197,-1.0023,-0.4184,0.5794,0.0000,0,0,0.0270,-0.0533,0.5794,0.0000
8.6301,-0.3134,-0.6608,0.5794,0.0000,0,0,0.0242,-0.0573,0.5794,0.0000
8.6397,0.3439,0.1822,0.5794,0.0000,0,0,0.0315,-0.0472,0.5794,0.0000
8.6498,0.7939,0.3160,0.5794,0.0000,0,0,0.0458,-0.0282,0.5794,0.0000
8.6606,0.4076,0.4276,0.5794,0.0000,0,0,0.0538,-0.0182,0.5794,0.0000
8.6698,-0.3470,0.5214,0.5794,0.0000,0,0,0.0489,-0.0240,0.5794,0.0000
8.6800,-0.4988,-0.4127,0.5794,0.0000,0,0,0.0414,-0.0326,0.5794,0.0000
8.6898,-0.3814,0.0994,0.5794,0.0000,0,0,0.0361,-0.0384,0.5794,0.0000
8.6998,0.0969,0.7090,0.5794,0.0000,0,0,0.0396,-0.0348,0.5794,0.0000
8.7106,0.1116,-0.1979,0.5794,0.0000,0,0,0.0432,-0.0311,0.5794,0.0000
8.7197,-0.2128,0.4395,0.5794,0.0000,0,0,0.0406,-0.0337,0.5794,0.0000
8.7300,-0.2316,0.3671,0.5794,0.0000,0,0,0.0376,-0.0364,0.5794,0.0000
8.7398,-0.9022,-0.5213,0.5794,0.0000,0,0,0.0215,-0.0509,0.5794,0.0000
8.7498,-0.3262,-0.0356,0.5794,0.0000,0,0,0.0173,-0.0545,0.5794,0.0000
8.7601,0.4216,0.0075,0.5794,0.0000,0,0,0.0283,-0.0455,0.5794,0.0000
8.7698,0.1840,-0.1450,0.5794,0.0000,0,0,0.0341,-0.0409,0.5794,0.0000
8.7801,0.5592,0.4512,0.5794,0.0000,0,0,0.0478,-0.0307,0.5794,0.0000
8.7899,-0.4503,0.3455,0.5794,0.0000,0,0,0.0393,-0.0368,0.5794,0.0000
8.7997,-0.8678,0.6808,0.5794,0.0000,0,0,0.0217,-0.0490,0.5794,0.0000
8.8101,-0.6788,0.8933,0.5794,0.0000,0,0,0.0087,-0.0575,0.5794,0.0000
8.8198,-0.3843,0.2731,0.5794,0.0000,0,0,0.0028,-0.0613,0.5794,0.0000
8.8301,0.1454,-0.0828,0.5794,0.0000,0,0,0.0091,-0.0575,0.5794,0.0000
8.8398,0.9468,-0.0638,0.5794,0.0000,0,0,0.0336,-0.0429,0.5794,0.0000
8.8498,0.4615,0.4893,0.5794,0.0000,0,0,0.0460,-0.0359,0.5794,0.0000
8.8606,-0.2008,1.2741,0.5794,0.0000,0,0,0.0425,-0.0378,0.5794,0.0000
8.8701,-0.5196,1.1893,0.5794,0.0000,0,0,0.0316,-0.0435,0.5794,0.0000
8.8801,-0.6159,0.1263,0.5794,0.0000,0,0,0.0189,-0.0500,0.5794,0.0000
8.8898,-0.1210,-0.5686,0.5794,0.0000,0,0,0.0182,-0.0504,0.5794,0.0000
8.8998,0.8021,-0.3738,0.5794,0.0000,0,0,0.0388,-0.0405,0.5794,0.0000
8.9098,0.5205,0.5583,0.5794,0.0000,0,0,0.0521,-0.0345,0.5794,0.0000
8.9207,0.1412,1.2147,0.5794,0.0000,0,0,0.0560,-0.0328,0.5794,0.0000
8.9301,-0.4963,1.4048,0.5794,0.0000,0,0,0.0451,-0.0373,0.5794,0.0000
8.9398,-0.6885,0.7387,0.5794,0.0000,0,0,0.0304,-0.0433,0.5794,0.0000
8.9498,-0.3354,-0.0391,0.5794,0.0000,0,0,0.0242,-0.0457,0.5794,0.0000
8.9598,0.0798,-0.3466,0.5794,0.0000,0,0,0.0274,-0.0445,0.5794,0.0000
8.9706,-0.2258,0.0536,0.5794,0.0000,0,0,0.0237,-0.0457,0.5794,0.0000
8.9807,-0.7900,0.8553,0.5794,0.0000,0,0,0.0080,-0.0508,0.5794,0.0000
8.9898,-1.1567,1.0730,0.5794,0.0000,0,0,-0.0148,-0.0577,0.5794,0.0000
8.9998,-0.8684,0.7061,0.5794,0.0000,0,0,-0.0306,-0.0621,0.5794,0.0000
9.0099,-0.0878,0.1187,0.5794,0.0000,0,0,-0.0295,-0.0619,0.5794,0.0000
9.0201,0.1996,-0.0350,0.5794,0.0000,0,0,-0.0224,-0.0603,0.5794,0.0000
9.0301,-0.1071,0.3103,0.5794,0.0000,0,0,-0.0221,-0.0602,0.5794,0.0000
9.0397,-0.4814,0.6378,0.5794,0.0000,0,0,-0.0294,-0.0615,0.5794,0.0000
9.0498,-0.8327,0.4221,0.5794,0.0000,0,0,-0.0436,-0.0634,0.5794,0.0000
9.0598,-0.3658,-0.1991,0.5794,0.0000,0,0,-0.0479,-0.0639,0.5794,0.0000
9.0701,0.0974,-0.5095,0.5794,0.0000,0,0,-0.0429,-0.0635,0.5794,0.0000
9.0801,0.4303,0.4844,0.5794,0.0000,0,0,-0.0317,-0.0631,0.5794,0.0000
9.0898,0.2236,1.0908,0.5794,0.0000,0,0,-0.0250,-0.0631,0.5794,0.0000
9.0997,-0.0383,1.1906,0.5794,0.0000,0,0,-0.0236,-0.0632,0.5794,0.0000
9.1098,-0.1416,1.1017,0.5794,0.0000,0,0,-0.0242,-0.0631,0.5794,0.0000
9.1208,0.0784,-0.0147,0.5794,0.0000,0,0,-0.0208,-0.0635,0.5794,0.0000
9.1301,0.1322,-0.7271,0.5794,0.0000,0,0,-0.0167,-0.0642,0.5794,0.0000
9.1398,0.0698,0.0361,0.5794,0.0000,0,0,-0.0139,-0.0648,0.5794,0.0000
9.1498,0.0516,0.4366,0.5794,0.0000,0,0,-0.0115,-0.0653,0.5794,0.0000
9.1598,0.0303,0.3599,0.5794,0.0000,0,0,-0.0097,-0.0658,0.5794,0.0000
9.1707,0.2783,0.1325,0.5794,0.0000,0,0,-0.0040,-0.0677,0.5794,0.0000
9.1808,0.1035,-0.2099,0.5794,0.0000,0,0,-0.0014,-0.0687,0.5794,0.0000
9.1898,-0.1277,-0.1219,0.5794,0.0000,0,0,-0.0025,-0.0683,0.5794,0.0000
9.1997,-0.2999,0.5856,0.5794,0.0000,0,0,-0.0063,-0.0665,0.5794,0.0000
9.2098,-0.7089,0.4523,0.5794,0.0000,0,0,-0.0158,-0.0613,0.5794,0.0000
9.2200,-0.7075,0.2493,0.5794,0.0000,0,0,-0.0247,-0.0559,0.5794,0.0000
9.2301,0.0303,0.3432,0.5794,0.0000,0,0,-0.0231,-0.0570,0.5794,0.0000
9.2398,-0.0739,-0.0908,0.5794,0.0000,0,0,-0.0230,-0.0570,0.5794,0.0000
9.2498,-0.3230,0.1820,0.5794,0.0000,0,0,-0.0261,-0.0546,0.5794,0.0000
9.2598,-0.5003,0.3138,0.5794,0.0000,0,0,-0.0311,-0.0501,0.5794,0.0000
9.2701,-0.9246,-0.5419,0.5794,0.0000,0,0,-0.0406,-0.0407,0.5794,0.0000
9.2801,-0.3961,-0.4370,0.5794,0.0000,0,0,-0.0437,-0.0374,0.5794,0.0000
9.2898,-0.0901,-0.0905,0.5794,0.0000,0,0,-0.0434,-0.0377,0.5794,0.0000
9.2997,-0.0859,-0.1731,0.5794,0.0000,0,0,-0.0432,-0.0380,0.5794,0.0000
9.3098,-0.0868,0.2422,0.5794,0.0000,0,0,-0.0430,-0.0383,0.5794,0.0000
9.3207,-0.3874,0.4633,0.5794,0.0000,0,0,-0.0453,-0.0345,0.5794,0.0000
9.3301,-0.5471,-0.4221,0.5794,0.0000,0,0,-0.0486,-0.0284,0.5794,0.0000
9.3398,-0.2806,-0.1687,0.5794,0.0000,0,0,-0.0498,-0.0261,0.5794,0.0000
9.3498,0.2541,0.0656,0.5794,0.0000,0,0,-0.0474,-0.0316,0.5794,0.0000
9.3598,0.0322,-0.0399,0.5794,0.0000,0,0,-0.0466,-0.0337,0.5794,0.0000
9.3706,-0.3527,0.4365,0.5794,0.0000,0,0,-0.0478,-0.0299,0.5794,0.0000
9.3807,-0.6319,0.3236,0.5794,0.0000,0,0,-0.0500,-0.0217,0.5794,0.0000
9.3898,-0.6542,-0.5036,0.5794,0.0000,0,0,-0.0519,-0.0132,0.5794,0.0000
9.3997,-0.0385,-0.2303,0.5794,0.0000,0,0,-0.0516,-0.0147,0.5794,0.0000
9.4098,0.1388,-0.0891,0.5794,0.0000,0,0,-0.0511,-0.0190,0.5794,0.0000
9.4201,-0.1569,-0.0369,0.5794,0.0000,0,0,-0.0511,-0.0183,0.5794,0.0000
9.4301,-0.1002,0.2102,0.5794,0.0000,0,0,-0.0511,-0.0186,0.5794,0.0000
9.4397,-0.5249,-0.3331,0.5794,0.0000,0,0,-0.0511,-0.0116,0.5794,0.0000
9.4498,-0.5133,-0.4102,0.5794,0.0000,0,0,-0.0508,-0.0050,0.5794,0.0000
9.4598,-0.2293,0.0552,0.5794,0.0000,0,0,-0.0506,-0.0032,0.5794,0.0000
9.4701,-0.3806,-0.0421,0.5794,0.0000,0,0,-0.0500,0.0011,0.5794,0.0000
9.4801,-0.3310,0.4129,0.5794,0.0000,0,0,-0.0494,0.0045,0.5794,0.0000
9.4898,-0.2969,0.3247,0.5794,0.0000,0,0,-0.0488,0.0073,0.5794,0.0000
9.4998,-0.1412,-0.3878,0.5794,0.0000,0,0,-0.0488,0.0074,0.5794,0.0000
9.5098,0.4940,-0.5109,0.5794,0.0000,0,0,-0.0520,-0.0033,0.5794,0.0000
9.5207,0.7934,-0.5216,0.5794,0.0000,0,0,-0.0572,-0.0188,0.5794,0.0000
9.5301,0.3645,0.2141,0.5794,0.0000,0,0,-0.0602,-0.0265,0.5794,0.0000
9.5397,-0.2460,0.6624,0.5794,0.0000,0,0,-0.0591,-0.0238,0.5794,0.0000
9.5498,-0.8360,0.4295,0.5794,0.0000,0,0,-0.0533,-0.0115,0.5794,0.0000
9.5598,-0.4426,-0.0869,0.5794,0.0000,0,0,-0.0505,-0.0059,0.5794,0.0000
9.5706,0.1300,-0.3223,0.5794,0.0000,0,0,-0.0526,-0.0097,0.5794,0.0000
9.5806,0.3827,-0.5036,0.5794,0.0000,0,0,-0.0572,-0.0173,0.5794,0.0000
9.5898,0.2633,0.2702,0.5794,0.0000,0,0,-0.0608,-0.0227,0.5794,0.0000
9.5998,0.1342,0.7257,0.5794,0.0000,0,0,-0.0630,-0.0259,0.5794,0.0000
9.6098,-0.1441,0.2415,0.5794,0.0000,0,0,-0.0622,-0.0248,0.5794,0.0000
9.6201,0.0968,0.3411,0.5794,0.0000,0,0,-0.0642,-0.0272,0.5794,0.0000
9.6301,0.3560,0.5336,0.5794,0.0000,0,0,-0.0693,-0.0330,0.5794,0.0000
9.6398,0.1050,-0.0286,0.5794,0.0000,0,0,-0.0714,-0.0352,0.5794,0.0000
9.6498,-0.1283,0.2721,0.5794,0.0000,0,0,-0.0703,-0.0341,0.5794,0.0000
9.6598,-0.4631,0.0467,0.5794,0.0000,0,0,-0.0647,-0.0290,0.5794,0.0000
9.6701,-0.6595,-0.0778,0.5794,0.0000,0,0,-0.0562,-0.0218,0.5794,0.0000
9.6800,-0.1176,0.4899,0.5794,0.0000,0,0,-0.0555,-0.0213,0.5794,0.0000
9.6898,-0.1243,0.1976,0.5794,0.0000,0,0,-0.0547,-0.0207,0.5794,0.0000
9.6997,0.1023,-0.0446,0.5794,0.0000,0,0,-0.0574,-0.0225,0.5794,0.0000
9.7098,0.0811,0.3128,0.5794,0.0000,0,0,-0.0596,-0.0239,0.5794,0.0000
9.7207,-0.3230,0.0629,0.5794,0.0000,0,0,-0.0555,-0.0216,0.5794,0.0000
9.7301,-0.1047,0.2915,0.5794,0.0000,0,0,-0.0549,-0.0213,0.5794,0.0000
9.7398,0.0828,0.3743,0.5794,0.0000,0,0,-0.0573,-0.0224,0.5794,0.0000
9.7498,-0.1147,-0.2896,0.5794,0.0000,0,0,-0.0565,-0.0220,0.5794,0.0000
9.7597,-0.0050,0.0050,0.5794,0.0000,0,0,-0.0574,-0.0224,0.5794,0.0000
9.7701,-0.3280,0.0885,0.5794,0.0000,0,0,-0.0529,-0.0210,0.5794,0.0000
9.7800,-0.4785,0.2585,0.5794,0.0000,0,0,-0.0459,-0.0191,0.5794,0.0000
9.7898,-0.1868,0.8475,0.5794,0.0000,0,0,-0.0441,-0.0187,0.5794,0.0000
9.7997,-0.1095,0.4137,0.5794,0.0000,0,0,-0.0435,-0.0186,0.5794,0.0000
9.8098,0.2281,0.0956,0.5794,0.0000,0,0,-0.0488,-0.0193,0.5794,0.0000
9.8200,0.4273,0.4285,0.5794,0.0000,0,0,-0.0574,-0.0199,0.5794,0.0000
9.8301,-0.2360,0.1840,0.5794,0.0000,0,0,-0.0544,-0.0198,0.5794,0.0000
9.8400,-0.6611,0.3420,0.5794,0.0000,0,0,-0.0442,-0.0201,0.5794,0.0000
9.8498,-0.6789,0.2247,0.5794,0.0000,0,0,-0.0339,-0.0208,0.5794,0.0000
9.8598,-0.4338,-0.4713,0.5794,0.0000,0,0,-0.0281,-0.0215,0.5794,0.0000
9.8701,0.2721,-0.3260,0.5794,0.0000,0,0,-0.0344,-0.0203,0.5794,0.0000
9.8798,0.5532,0.1829,0.5794,0.0000,0,0,-0.0452,-0.0179,0.5794,0.0000
9.8901,0.2567,0.4238,0.5794,0.0000,0,0,-0.0508,-0.0163,0.5794,0.0000
9.8998,-0.0959,0.7381,0.5794,0.0000,0,0,-0.0504,-0.0164,0.5794,0.0000
9.9098,-0.3229,0.3066,0.5794,0.0000,0,0,-0.0463,-0.0181,0.5794,0.0000
9.9206,-0.1988,-0.5801,0.5794,0.0000,0,0,-0.0445,-0.0189,0.5794,0.0000
9.9298,0.1246,-0.4862,0.5794,0.0000,0,0,-0.0476,-0.0172,0.5794,0.0000
9.9400,0.0438,0.2213,0.5794,0.0000,0,0,-0.0495,-0.0161,0.5794,0.0000
9.9498,-0.0093,0.7931,0.5794,0.0000,0,0,-0.0504,-0.0155,0.5794,0.0000
9.9598,-0.2325,0.7664,0.5794,0.0000,0,0,-0.0482,-0.0172,0.5794,0.0000
9.9706,-0.4044,-0.0451,0.5794,0.0000,0,0,-0.0438,-0.0210,0.5794,0.0000
9.9798,-0.1547,-0.3884,0.5794,0.0000,0,0,-0.0429,-0.0218,0.5794,0.0000
9.9902,-0.1488,0.0393,0.5794,0.0000,0,0,-0.0422,-0.0226,0.5794,0.0000
9.9998,-0.4526,0.4711,0.5794,0.0000,0,0,-0.0378,-0.0277,0.5794,0.0000
10.0099,-0.6780,0.4669,0.5794,0.0000,0,0,-0.0312,-0.0362,0.5794,0.0000
10.0201,-0.8942,0.0626,0.5794,0.0000,0,0,-0.0228,-0.0485,0.5794,0.0000
10.0298,-0.5657,-0.5438,0.5794,0.0000,0,0,-0.0184,-0.0554,0.5794,0.0000
10.0401,-0.1509,-0.4681,0.5794,0.0000,0,0,-0.0185,-0.0553,0.5794,0.0000
10.0498,-0.0900,0.3239,0.5794,0.0000,0,0,-0.0191,-0.0540,0.5794,0.0000
10.0598,-0.3208,0.6537,0.5794,0.0000,0,0,-0.0178,-0.0570,0.5794,0.0000
10.0701,-0.4199,0.5186,0.5794,0.0000,0,0,-0.0159,-0.0619,0.5794,0.0000
10.0798,-0.5966,-0.2553,0.5794,0.0000,0,0,-0.0130,-0.0702,0.5794,0.0000
10.0901,-0.3278,-0.8226,0.5794,0.0000,0,0,-0.0122,-0.0730,0.5794,0.0000
10.0998,0.0143,-0.1451,0.5794,0.0000,0,0,-0.0133,-0.0686,0.5794,0.0000
10.1098,-0.3320,0.5833,0.5794,0.0000,0,0,-0.0127,-0.0715,0.5794,0.0000
10.1207,-0.6389,0.6419,0.5794,0.0000,0,0,-0.0111,-0.0812,0.5794,0.0000
10.1298,-0.8027,0.3547,0.5794,0.0000,0,0,-0.0094,-0.0944,0.5794,0.0000
10.1401,-0.6865,-0.3560,0.5794,0.0000,0,0,-0.0085,-0.1046,0.5794,0.0000
10.1498,-0.3383,-0.6888,0.5794,0.0000,0,0,-0.0084,-0.1066,0.5794,0.0000
10.1598,-0.0534,0.0063,0.5794,0.0000,0,0,-0.0085,-0.1017,0.5794,0.0000
10.1707,0.0164,0.3279,0.5794,0.0000,0,0,-0.0084,-0.0953,0.5794,0.0000
10.1797,0.1220,0.2963,0.5794,0.0000,0,0,-0.0079,-0.0864,0.5794,0.0000
10.1902,-0.0525,0.2360,0.5794,0.0000,0,0,-0.0075,-0.0818,0.5794,0.0000
10.1998,-0.1232,-0.1793,0.5794,0.0000,0,0,-0.0071,-0.0791,0.5794,0.0000
10.2098,-0.1638,-0.0919,0.5794,0.0000,0,0,-0.0069,-0.0774,0.5794,0.0000
10.2200,-0.2865,0.0492,0.5794,0.0000,0,0,-0.0071,-0.0788,0.5794,0.0000
10.2298,-0.2972,-0.1226,0.5794,0.0000,0,0,-0.0075,-0.0803,0.5794,0.0000
10.2401,-0.3433,0.0453,0.5794,0.0000,0,0,-0.0081,-0.0829,0.5794,0.0000
10.2498,-0.3873,-0.1226,0.5794,0.0000,0,0,-0.0091,-0.0864,0.5794,0.0000
10.2597,-0.0647,-0.1018,0.5794,0.0000,0,0,-0.0077,-0.0818,0.5794,0.0000
10.2701,0.1931,0.4543,0.5794,0.0000,0,0,-0.0039,-0.0712,0.5794,0.0000
10.2797,0.2891,0.3033,0.5794,0.0000,0,0,0.0010,-0.0587,0.5794,0.0000
10.2900,-0.0451,0.1351,0.5794,0.0000,0,0,0.0027,-0.0547,0.5794,0.0000
10.2998,-0.2690,0.4210,0.5794,0.0000,0,0,0.0021,-0.0561,0.5794,0.0000
10.3098,-0.2956,0.1349,0.5794,0.0000,0,0,0.0011,-0.0582,0.5794,0.0000
10.3207,-0.0457,0.1706,0.5794,0.0000,0,0,0.0031,-0.0543,0.5794,0.0000
10.3297,0.1489,-0.0276,0.5794,0.0000,0,0,0.0077,-0.0462,0.5794,0.0000
10.3401,0.1858,-0.4257,0.5794,0.0000,0,0,0.0129,-0.0377,0.5794,0.0000
10.3498,0.0400,0.1750,0.5794,0.0000,0,0,0.0160,-0.0329,0.5794,0.0000
10.3598,-0.2517,0.5760,0.5794,0.0000,0,0,0.0148,-0.0346,0.5794,0.0000
10.3706,-0.4337,0.4814,0.5794,0.0000,0,0,0.0108,-0.0401,0.5794,0.0000
10.3798,-0.3299,0.4059,0.5794,0.0000,0,0,0.0084,-0.0432,0.5794,0.0000
10.3902,-0.1437,-0.1745,0.5794,0.0000,0,0,0.0092,-0.0423,0.5794,0.0000
10.3998,-0.0217,-0.1105,0.5794,0.0000,0,0,0.0119,-0.0390,0.5794,0.0000
10.4098,-0.2098,0.5527,0.5794,0.0000,0,0,0.0114,-0.0397,0.5794,0.0000
10.4200,-0.1139,0.5580,0.5794,0.0000,0,0,0.0126,-0.0384,0.5794,0.0000
10.4298,-0.1734,0.3179,0.5794,0.0000,0,0,0.0126,-0.0384,0.5794,0.0000
10.4400,0.1175,0.0998,0.5794,0.0000,0,0,0.0181,-0.0329,0.5794,0.0000
10.4498,0.0853,-0.4005,0.5794,0.0000,0,0,0.0228,-0.0284,0.5794,0.0000
10.4598,0.0927,0.2930,0.5794,0.0000,0,0,0.0276,-0.0240,0.5794,0.0000
10.4701,-0.0910,0.7587,0.5794,0.0000,0,0,0.0286,-0.0231,0.5794,0.0000
10.4797,-0.3101,0.2482,0.5794,0.0000,0,0,0.0251,-0.0261,0.5794,0.0000
10.4901,-0.2304,0.0345,0.5794,0.0000,0,0,0.0233,-0.0275,0.5794,0.0000
10.4998,-0.0915,-0.3605,0.5794,0.0000,0,0,0.0244,-0.0267,0.5794,0.0000
10.5098,-0.1646,-0.1462,0.5794,0.0000,0,0,0.0239,-0.0270,0.5794,0.0000
10.5207,0.0054,0.6351,0.5794,0.0000,0,0,0.0271,-0.0248,0.5794,0.0000
10.5298,0.0309,0.2418,0.5794,0.0000,0,0,0.0308,-0.0223,0.5794,0.0000
10.5401,-0.2306,-0.0453,0.5794,0.0000,0,0,0.0284,-0.0238,0.5794,0.0000
10.5498,-0.3827,0.1951,0.5794,0.0000,0,0,0.0227,-0.0274,0.5794,0.0000
10.5598,-0.5039,-0.0576,0.5794,0.0000,0,0,0.0143,-0.0325,0.5794,0.0000
10.5706,-0.2119,0.5978,0.5794,0.0000,0,0,0.0129,-0.0333,0.5794,0.0000
10.5798,0.0364,0.6897,0.5794,0.0000,0,0,0.0173,-0.0308,0.5794,0.0000
10.5902,0.0812,-0.0628,0.5794,0.0000,0,0,0.0225,-0.0280,0.5794,0.0000
10.5998,0.1065,-0.0618,0.5794,0.0000,0,0,0.0281,-0.0251,0.5794,0.0000
10.6098,-0.1813,-0.2537,0.5794,0.0000,0,0,0.0267,-0.0258,0.5794,0.0000
10.6201,-0.3638,-0.0798,0.5794,0.0000,0,0,0.0212,-0.0285,0.5794,0.0000
10.6298,0.0504,0.5419,0.5794,0.0000,0,0,0.0254,-0.0265,0.5794,0.0000
10.6400,0.0605,-0.1232,0.5794,0.0000,0,0,0.0296,-0.0246,0.5794,0.0000
10.6498,0.2795,-0.1798,0.5794,0.0000,0,0,0.0386,-0.0207,0.5794,0.0000
10.6598,0.0920,0.0778,0.5794,0.0000,0,0,0.0430,-0.0189,0.5794,0.0000
10.6701,-0.3657,0.0254,0.5794,0.0000,0,0,0.0368,-0.0213,0.5794,0.0000
10.6798,-0.3319,0.5820,0.5794,0.0000,0,0,0.0316,-0.0233,0.5794,0.0000
10.6901,-0.3831,0.2241,0.5794,0.0000,0,0,0.0255,-0.0254,0.5794,0.0000
10.6997,-0.2748,-0.3531,0.5794,0.0000,0,0,0.0220,-0.0266,0.5794,0.0000
10.7098,0.0818,-0.0986,0.5794,0.0000,0,0,0.0263,-0.0252,0.5794,0.0000
10.7207,-0.3621,-0.0578,0.5794,0.0000,0,0,0.0210,-0.0268,0.5794,0.0000
10.7298,-0.6370,0.4375,0.5794,0.0000,0,0,0.0101,-0.0297,0.5794,0.0000
10.7401,-0.5145,0.6489,0.5794,0.0000,0,0,0.0022,-0.0316,0.5794,0.0000
10.7498,-0.2890,-0.3720,0.5794,0.0000,0,0,-0.0008,-0.0323,0.5794,0.0000
10.7598,0.3082,-0.5115,0.5794,0.0000,0,0,0.0086,-0.0305,0.5794,0.0000
10.7706,0.3323,-0.2005,0.5794,0.0000,0,0,0.0181,-0.0291,0.5794,0.0000
10.7798,-0.2827,0.2588,0.5794,0.0000,0,0,0.0147,-0.0295,0.5794,0.0000
10.7898,-0.6524,0.9421,0.5794,0.0000,0,0,0.0042,-0.0305,0.5794,0.0000
10.8001,-0.9062,0.3662,0.5794,0.0000,0,0,-0.0110,-0.0313,0.5794,0.0000
10.8098,-0.5928,-0.5376,0.5794,0.0000,0,0,-0.0194,-0.0315,0.5794,0.0000
10.8201,0.2122,-0.3245,0.5794,0.0000,0,0,-0.0121,-0.0316,0.5794,0.0000
10.8298,0.1631,-0.1565,0.5794,0.0000,0,0,-0.0061,-0.0319,0.5794,0.0000
10.8397,-0.2557,0.3209,0.5794,0.0000,0,0,-0.0081,-0.0317,0.5794,0.0000
10.8508,-0.6367,0.6583,0.5794,0.0000,0,0,-0.0169,-0.0305,0.5794,0.0000
10.8598,-0.7502,-0.1251,0.5794,0.0000,0,0,-0.0274,-0.0287,0.5794,0.0000
10.8701,-0.1858,-0.2860,0.5794,0.0000,0,0,-0.0276,-0.0287,0.5794,0.0000
10.8798,0.1119,-0.0907,0.5794,0.0000,0,0,-0.0227,-0.0300,0.5794,0.0000
10.8898,-0.1090,-0.0078,0.5794,0.0000,0,0,-0.0217,-0.0303,0.5794,0.0000
10.9001,-0.2969,0.5968,0.5794,0.0000,0,0,-0.0239,-0.0295,0.5794,0.0000
10.9098,-0.6895,0.3504,0.5794,0.0000,0,0,-0.0321,-0.0262,0.5794,0.0000
10.9207,-0.4028,-0.0916,0.5794,0.0000,0,0,-0.0356,-0.0246,0.5794,0.0000
10.9298,0.2440,0.1360,0.5794,0.0000,0,0,-0.0292,-0.0278,0.5794,0.0000
10.9397,0.1446,0.0028,0.5794,0.0000,0,0,-0.0247,-0.0304,0.5794,0.0000
10.9502,-0.0809,0.3873,0.5794,0.0000,0,0,-0.0236,-0.0311,0.5794,0.0000
10.9597,-0.3771,0.6028,0.5794,0.0000,0,0,-0.0265,-0.0291,0.5794,0.0000
10.9701,-0.6273,-0.0501,0.5794,0.0000,0,0,-0.0325,-0.0245,0.5794,0.0000
10.9798,-0.0757,-0.0300,0.5794,0.0000,0,0,-0.0313,-0.0255,0.5794,0.0000
10.9898,-0.0105,-0.0225,0.5794,0.0000,0,0,-0.0294,-0.0272,0.5794,0.0000
11.0006,-0.3364,-0.0224,0.5794,0.0000,0,0,-0.0314,-0.0252,0.5794,0.0000
11.0100,-0.5159,0.4269,0.5794,0.0000,0,0,-0.0351,-0.0210,0.5794,0.0000
11.0200,-0.6558,0.0077,0.5794,0.0000,0,0,-0.0399,-0.0150,0.5794,0.0000
11.0298,-0.1985,-0.1504,0.5794,0.0000,0,0,-0.0400,-0.0148,0.5794,0.0000
11.0397,0.1563,0.1867,0.5794,0.0000,0,0,-0.0371,-0.0193,0.5794,0.0000
11.0508,-0.1503,0.2949,0.5794,0.0000,0,0,-0.0369,-0.0196,0.5794,0.0000
11.0597,-0.3235,0.5469,0.5794,0.0000,0,0,-0.0380,-0.0174,0.5794,0.0000
11.0701,-0.5363,0.2281,0.5794,0.0000,0,0,-0.0405,-0.0122,0.5794,0.0000
11.0797,-0.2097,-0.4900,0.5794,0.0000,0,0,-0.0407,-0.0117,0.5794,0.0000
11.0898,0.2055,-0.0241,0.5794,0.0000,0,0,-0.0386,-0.0175,0.5794,0.0000
11.1000,-0.0607,0.4945,0.5794,0.0000,0,0,-0.0381,-0.0192,0.5794,0.0000
11.1098,-0.3490,0.7209,0.5794,0.0000,0,0,-0.0388,-0.0163,0.5794,0.0000
11.1207,-0.5422,0.4699,0.5794,0.0000,0,0,-0.0400,-0.0102,0.5794,0.0000
11.1298,-0.3026,-0.3935,0.5794,0.0000,0,0,-0.0404,-0.0082,0.5794,0.0000
11.1398,0.1993,-0.3575,0.5794,0.0000,0,0,-0.0397,-0.0143,0.5794,0.0000
11.1500,0.0789,0.3196,0.5794,0.0000,0,0,-0.0394,-0.0184,0.5794,0.0000
11.1598,-0.1406,0.6939,0.5794,0.0000,0,0,-0.0394,-0.0187,0.5794,0.0000
11.1706,-0.3449,0.6122,0.5794,0.0000,0,0,-0.0394,-0.0155,0.5794,0.0000
11.1798,-0.3886,-0.0829,0.5794,0.0000,0,0,-0.0391,-0.0116,0.5794,0.0000
11.1898,0.0050,-0.4493,0.5794,0.0000,0,0,-0.0394,-0.0144,0.5794,0.0000
11.2000,0.0257,0.2204,0.5794,0.0000,0,0,-0.0399,-0.0175,0.5794,0.0000
11.2098,-0.1531,0.4131,0.5794,0.0000,0,0,-0.0399,-0.0175,0.5794,0.0000
11.2201,-0.2468,0.4351,0.5794,0.0000,0,0,-0.0395,-0.0159,0.5794,0.0000
11.2298,-0.3818,0.0750,0.5794,0.0000,0,0,-0.0384,-0.0119,0.5794,0.0000
11.2397,-0.1849,-0.3692,0.5794,0.0000,0,0,-0.0383,-0.0114,0.5794,0.0000
11.2508,0.0531,0.0254,0.5794,0.0000,0,0,-0.0395,-0.0149,0.5794,0.0000
11.2597,-0.0488,0.4476,0.5794,0.0000,0,0,-0.0402,-0.0166,0.5794,0.0000
11.2701,-0.1652,0.3137,0.5794,0.0000,0,0,-0.0400,-0.0162,0.5794,0.0000
11.2798,-0.2997,0.2688,0.5794,0.0000,0,0,-0.0388,-0.0137,0.5794,0.0000
11.2898,-0.3192,-0.1409,0.5794,0.0000,0,0,-0.0373,-0.0109,0.5794,0.0000
11.3000,-0.0687,-0.1534,0.5794,0.0000,0,0,-0.0380,-0.0122,0.5794,0.0000
11.3098,0.0193,0.3529,0.5794,0.0000,0,0,-0.0397,-0.0147,0.5794,0.0000
11.3207,-0.0038,0.3707,0.5794,0.0000,0,0,-0.0411,-0.0168,0.5794,0.0000
11.3298,-0.2291,0.2441,0.5794,0.0000,0,0,-0.0401,-0.0154,0.5794,0.0000
11.3398,-0.2873,-0.0084,0.5794,0.0000,0,0,-0.0384,-0.0133,0.5794,0.0000
11.3500,-0.2126,-0.3749,0.5794,0.0000,0,0,-0.0375,-0.0122,0.5794,0.0000
11.3597,-0.0496,0.1173,0.5794,0.0000,0,0,-0.0386,-0.0135,0.5794,0.0000
11.3706,-0.0513,0.5543,0.5794,0.0000,0,0,-0.0397,-0.0146,0.5794,0.0000
11.3797,-0.2138,0.3368,0.5794,0.0000,0,0,-0.0387,-0.0136,0.5794,0.0000
11.3898,-0.1729,0.2306,0.5794,0.0000,0,0,-0.0382,-0.0132,0.5794,0.0000
11.4001,-0.2956,-0.3558,0.5794,0.0000,0,0,-0.0359,-0.0113,0.5794,0.0000
11.4098,-0.2580,-0.1690,0.5794,0.0000,0,0,-0.0342,-0.0100,0.5794,0.0000
11.4201,-0.2107,0.4271,0.5794,0.0000,0,0,-0.0331,-0.0092,0.5794,0.0000
11.4298,-0.2609,0.2654,0.5794,0.0000,0,0,-0.0313,-0.0080,0.5794,0.0000
11.4398,-0.1855,0.1060,0.5794,0.0000,0,0,-0.0306,-0.0076,0.5794,0.0000
11.4507,-0.1354,-0.1762,0.5794,0.0000,0,0,-0.0308,-0.0077,0.5794,0.0000
11.4598,-0.2813,-0.3875,0.5794,0.0000,0,0,-0.0285,-0.0066,0.5794,0.0000
11.4701,-0.2899,0.3852,0.5794,0.0000,0,0,-0.0262,-0.0056,0.5794,0.0000
11.4798,-0.2912,0.3766,0.5794,0.0000,0,0,-0.0238,-0.0046,0.5794,0.0000
11.4898,-0.2190,0.0387,0.5794,0.0000,0,0,-0.0227,-0.0043,0.5794,0.0000
11.5001,0.0035,0.0848,0.5794,0.0000,0,0,-0.0253,-0.0050,0.5794,0.0000
11.5098,-0.2251,-0.2250,0.5794,0.0000,0,0,-0.0240,-0.0047,0.5794,0.0000
11.5207,-0.3444,0.3117,0.5794,0.0000,0,0,-0.0207,-0.0040,0.5794,0.0000
11.5298,-0.3259,0.5034,0.5794,0.0000,0,0,-0.0178,-0.0036,0.5794,0.0000
11.5397,-0.3767,-0.1559,0.5794,0.0000,0,0,-0.0140,-0.0032,0.5794,0.0000
11.5500,-0.1934,-0.0765,0.5794,0.0000,0,0,-0.0135,-0.0031,0.5794,0.0000
11.5598,-0.3323,-0.1714,0.5794,0.0000,0,0,-0.0106,-0.0031,0.5794,0.0000
11.5707,-0.3821,0.0094,0.5794,0.0000,0,0,-0.0069,-0.0033,0.5794,0.0000
11.5798,-0.2377,0.5023,0.5794,0.0000,0,0,-0.0058,-0.0034,0.5794,0.0000
11.5898,-0.2214,0.0353,0.5794,0.0000,0,0,-0.0050,-0.0035,0.5794,0.0000
11.6001,-0.1656,-0.0770,0.5794,0.0000,0,0,-0.0052,-0.0034,0.5794,0.0000
11.6098,-0.3500,0.0038,0.5794,0.0000,0,0,-0.0023,-0.0042,0.5794,0.0000
11.6201,-0.5430,-0.2107,0.5794,0.0000,0,0,0.0037,-0.0060,0.5794,0.0000
11.6298,-0.1233,0.2809,0.5794,0.0000,0,0,0.0026,-0.0056,0.5794,0.0000
11.6398,-0.1490,0.0836,0.5794,0.0000,0,0,0.0020,-0.0054,0.5794,0.0000
11.6508,-0.1540,-0.0274,0.5794,0.0000,0,0,0.0015,-0.0051,0.5794,0.0000
11.6597,-0.2445,0.2206,0.5794,0.0000,0,0,0.0024,-0.0056,0.5794,0.0000
11.6701,-0.5894,-0.1215,0.5794,0.0000,0,0,0.0084,-0.0095,0.5794,0.0000
11.6798,-0.2646,0.0967,0.5794,0.0000,0,0,0.0093,-0.0101,0.5794,0.0000
11.6898,-0.1239,0.0895,0.5794,0.0000,0,0,0.0083,-0.0093,0.5794,0.0000
11.7001,-0.2181,-0.2283,0.5794,0.0000,0,0,0.0085,-0.0095,0.5794,0.0000
11.7098,-0.1662,0.1255,0.5794,0.0000,0,0,0.0081,-0.0091,0.5794,0.0000
11.7207,-0.5036,-0.0893,0.5794,0.0000,0,0,0.0119,-0.0133,0.5794,0.0000
11.7298,-0.2433,-0.0831,0.5794,0.0000,0,0,0.0123,-0.0139,0.5794,0.0000
11.7397,0.0762,0.2724,0.5794,0.0000,0,0,0.0091,-0.0095,0.5794,0.0000
11.7501,-0.0951,0.0087,0.5794,0.0000,0,0,0.0080,-0.0078,0.5794,0.0000
11.7597,-0.1134,0.2891,0.5794,0.0000,0,0,0.0071,-0.0064,0.5794,0.0000
11.7706,-0.4340,0.2888,0.5794,0.0000,0,0,0.0094,-0.0106,0.5794,0.0000
11.7798,-0.3898,-0.2175,0.5794,0.0000,0,0,0.0110,-0.0140,0.5794,0.0000
11.7898,0.0987,0.0241,0.5794,0.0000,0,0,0.0085,-0.0082,0.5794,0.0000
11.8001,-0.0929,0.2030,0.5794,0.0000,0,0,0.0078,-0.0061,0.5794,0.0000
11.8098,-0.2323,0.3064,0.5794,0.0000,0,0,0.0080,-0.0068,0.5794,0.0000
11.8201,-0.3597,0.5436,0.5794,0.0000,0,0,0.0089,-0.0102,0.5794,0.0000
11.8298,-0.3904,0.0926,0.5794,0.0000,0,0,0.0099,-0.0142,0.5794,0.0000
11.8398,0.0675,-0.1156,0.5794,0.0000,0,0,0.0087,-0.0082,0.5794,0.0000
11.8508,0.0892,0.1554,0.5794,0.0000,0,0,0.0078,-0.0018,0.5794,0.0000
11.8598,-0.1063,0.2560,0.5794,0.0000,0,0,0.0075,0.0001,0.5794,0.0000
11.8701,-0.3058,0.5338,0.5794,0.0000,0,0,0.0077,-0.0026,0.5794,0.0000
11.8798,-0.4493,0.3626,0.5794,0.0000,0,0,0.0080,-0.0086,0.5794,0.0000
11.8898,-0.1925,-0.0547,0.5794,0.0000,0,0,0.0080,-0.0084,0.5794,0.0000
11.9000,-0.0244,0.2331,0.5794,0.0000,0,0,0.0081,-0.0042,0.5794,0.0000
11.9098,-0.1864,0.2777,0.5794,0.0000,0,0,0.0081,-0.0040,0.5794,0.0000
11.9206,-0.2320,0.3770,0.5794,0.0000,0,0,0.0080,-0.0050,0.5794,0.0000
11.9298,-0.2781,0.5342,0.5794,0.0000,0,0,0.0078,-0.0070,0.5794,0.0000
11.9398,-0.1987,0.0914,0.5794,0.0000,0,0,0.0077,-0.0071,0.5794,0.0000
11.9501,-0.0279,0.1713,0.5794,0.0000,0,0,0.0086,-0.0029,0.5794,0.0000
11.9598,-0.1632,0.3502,0.5794,0.0000,0,0,0.0088,-0.0022,0.5794,0.0000
11.9706,-0.1501,0.1522,0.5794,0.0000,0,0,0.0090,-0.0013,0.5794,0.0000
11.9798,-0.1887,0.4258,0.5794,0.0000,0,0,0.0090,-0.0013,0.5794,0.0000
11.9898,-0.2351,0.2837,0.5794,0.0000,0,0,0.0086,-0.0024,0.5794,0.0000
12.0001,-0.2074,0.1763,0.5794,0.0000,0,0,0.0085,-0.0029,0.5794,0.0000
12.0099,-0.3698,0.4366,0.5794,0.0000,0,0,0.0067,-0.0072,0.5794,0.0000
12.0201,-0.3771,0.1420,0.5794,0.0000,0,0,0.0048,-0.0115,0.5794,0.0000
12.0298,-0.2349,0.1927,0.5794,0.0000,0,0,0.0045,-0.0123,0.5794,0.0000
12.0397,-0.0793,0.5641,0.5794,0.0000,0,0,0.0059,-0.0094,0.5794,0.0000
12.0507,-0.1603,0.3007,0.5794,0.0000,0,0,0.0064,-0.0085,0.5794,0.0000
12.0598,-0.3470,0.4627,0.5794,0.0000,0,0,0.0044,-0.0119,0.5794,0.0000
12.0701,-0.4700,0.3143,0.5794,0.0000,0,0,0.0007,-0.0178,0.5794,0.0000
12.0798,-0.3372,-0.1016,0.5794,0.0000,0,0,-0.0011,-0.0206,0.5794,0.0000
12.0898,-0.0772,0.2274,0.5794,0.0000,0,0,0.0010,-0.0176,0.5794,0.0000
12.1001,-0.1315,0.1846,0.5794,0.0000,0,0,0.0023,-0.0159,0.5794,0.0000
12.1098,-0.3434,0.1824,0.5794,0.0000,0,0,0.0001,-0.0187,0.5794,0.0000
12.1207,-0.6016,0.3127,0.5794,0.0000,0,0,-0.0065,-0.0265,0.5794,0.0000
12.1298,-0.4992,-0.0798,0.5794,0.0000,0,0,-0.0111,-0.0319,0.5794,0.0000
12.1397,-0.0587,0.1189,0.5794,0.0000,0,0,-0.0079,-0.0284,0.5794,0.0000
12.1501,-0.0231,0.1881,0.5794,0.0000,0,0,-0.0041,-0.0243,0.5794,0.0000
12.1598,-0.2413,0.1606,0.5794,0.0000,0,0,-0.0045,-0.0247,0.5794,0.0000
12.1706,-0.5177,0.2997,0.5794,0.0000,0,0,-0.0101,-0.0301,0.5794,0.0000
12.1798,-0.5853,-0.1129,0.5794,0.0000,0,0,-0.0168,-0.0365,0.5794,0.0000
12.1898,-0.1224,-0.0993,0.5794,0.0000,0,0,-0.0143,-0.0342,0.5794,0.0000
12.2000,0.0572,0.1063,0.5794,0.0000,0,0,-0.0083,-0.0290,0.5794,0.0000
12.2098,-0.2259,0.0439,0.5794,0.0000,0,0,-0.0082,-0.0289,0.5794,0.0000
12.2200,-0.5737,0.2390,0.5794,0.0000,0,0,-0.0153,-0.0345,0.5794,0.0000
12.2298,-0.6406,-0.0957,0.5794,0.0000,0,0,-0.0236,-0.0409,0.5794,0.0000
12.2398,-0.2151,-0.3076,0.5794,0.0000,0,0,-0.0226,-0.0401,0.5794,0.0000
12.2508,0.0328,-0.0412,0.5794,0.0000,0,0,-0.0162,-0.0357,0.5794,0.0000
12.2597,-0.1928,-0.0948,0.5794,0.0000,0,0,-0.0150,-0.0349,0.5794,0.0000
12.2701,-0.3926,0.1346,0.5794,0.0000,0,0,-0.0184,-0.0370,0.5794,0.0000
12.2798,-0.6386,-0.0973,0.5794,0.0000,0,0,-0.0272,-0.0425,0.5794,0.0000
12.2898,-0.2083,-0.3037,0.5794,0.0000,0,0,-0.0259,-0.0417,0.5794,0.0000
12.3001,0.1101,-0.0521,0.5794,0.0000,0,0,-0.0173,-0.0368,0.5794,0.0000
12.3098,-0.0947,0.0025,0.5794,0.0000,0,0,-0.0137,-0.0348,0.5794,0.0000
12.3207,-0.2746,0.2486,0.5794,0.0000,0,0,-0.0145,-0.0352,0.5794,0.0000
12.3297,-0.5653,-0.0977,0.5794,0.0000,0,0,-0.0221,-0.0391,0.5794,0.0000
12.3397,-0.2444,-0.4237,0.5794,0.0000,0,0,-0.0219,-0.0390,0.5794,0.0000
12.3500,0.0910,-0.1000,0.5794,0.0000,0,0,-0.0139,-0.0352,0.5794,0.0000
12.3598,-0.1602,-0.0995,0.5794,0.0000,0,0,-0.0121,-0.0344,0.5794,0.0000
12.3706,-0.2906,0.1741,0.5794,0.0000,0,0,-0.0134,-0.0350,0.5794,0.0000
12.3798,-0.4945,0.1006,0.5794,0.0000,0,0,-0.0193,-0.0375,0.5794,0.0000
12.3898,-0.1500,-0.3303,0.5794,0.0000,0,0,-0.0171,-0.0366,0.5794,0.0000
12.4001,0.1591,-0.0964,0.5794,0.0000,0,0,-0.0082,-0.0332,0.5794,0.0000
12.4098,-0.0197,0.0427,0.5794,0.0000,0,0,-0.0036,-0.0315,0.5794,0.0000
12.4200,-0.2776,0.2059,0.5794,0.0000,0,0,-0.0050,-0.0319,0.5794,0.0000
12.4298,-0.5290,0.1524,0.5794,0.0000,0,0,-0.0117,-0.0342,0.5794,0.0000
12.4398,-0.2027,-0.2763,0.5794,0.0000,0,0,-0.0112,-0.0340,0.5794,0.0000
12.4507,0.1292,-0.1335,0.5794,0.0000,0,0,-0.0038,-0.0319,0.5794,0.0000
12.4597,0.0145,0.1331,0.5794,0.0000,0,0,0.0010,-0.0307,0.5794,0.0000
12.4701,-0.0394,0.3670,0.5794,0.0000,0,0,0.0044,-0.0299,0.5794,0.0000
12.4798,-0.3266,0.2875,0.5794,0.0000,0,0,0.0018,-0.0304,0.5794,0.0000
12.4898,-0.1481,-0.2080,0.5794,0.0000,0,0,0.0028,-0.0303,0.5794,0.0000
12.5000,0.1361,-0.0653,0.5794,0.0000,0,0,0.0096,-0.0293,0.5794,0.0000
12.5098,-0.2041,0.3488,0.5794,0.0000,0,0,0.0093,-0.0293,0.5794,0.0000
12.5207,-0.2779,0.4516,0.5794,0.0000,0,0,0.0074,-0.0295,0.5794,0.0000
12.5298,-0.3373,0.3253,0.5794,0.0000,0,0,0.0045,-0.0296,0.5794,0.0000
12.5398,-0.1415,-0.1426,0.5794,0.0000,0,0,0.0055,-0.0296,0.5794,0.0000
12.5501,0.1345,0.0422,0.5794,0.0000,0,0,0.0116,-0.0298,0.5794,0.0000
12.5598,-0.2820,0.5311,0.5794,0.0000,0,0,0.0097,-0.0297,0.5794,0.0000
12.5706,-0.4435,0.6361,0.5794,0.0000,0,0,0.0048,-0.0291,0.5794,0.0000
12.5798,-0.5320,0.2925,0.5794,0.0000,0,0,-0.0014,-0.0282,0.5794,0.0000
12.5898,-0.2031,-0.2114,0.5794,0.0000,0,0,-0.0015,-0.0282,0.5794,0.0000
12.6000,0.0432,-0.0425,0.5794,0.0000,0,0,0.0026,-0.0291,0.5794,0.0000
12.6098,-0.1933,0.5533,0.5794,0.0000,0,0,0.0025,-0.0291,0.5794,0.0000
12.6200,-0.4398,0.6581,0.5794,0.0000,0,0,-0.0017,-0.0278,0.5794,0.0000
12.6298,-0.5133,0.3019,0.5794,0.0000,0,0,-0.0069,-0.0258,0.5794,0.0000
12.6398,-0.3330,-0.1696,0.5794,0.0000,0,0,-0.0089,-0.0250,0.5794,0.0000
12.6507,-0.1453,-0.0258,0.5794,0.0000,0,0,-0.0081,-0.0254,0.5794,0.0000
12.6598,-0.2727,0.5562,0.5794,0.0000,0,0,-0.0092,-0.0248,0.5794,0.0000
12.6700,-0.4521,0.6350,0.5794,0.0000,0,0,-0.0127,-0.0227,0.5794,0.0000
12.6797,-0.4643,0.2257,0.5794,0.0000,0,0,-0.0162,-0.0204,0.5794,0.0000
12.6898,-0.2193,-0.2175,0.5794,0.0000,0,0,-0.0163,-0.0203,0.5794,0.0000
12.7001,-0.1347,0.0210,0.5794,0.0000,0,0,-0.0154,-0.0211,0.5794,0.0000
12.7098,-0.2485,0.5458,0.5794,0.0000,0,0,-0.0159,-0.0207,0.5794,0.0000
12.7207,-0.5489,0.5873,0.5794,0.0000,0,0,-0.0198,-0.0169,0.5794,0.0000
12.7298,-0.5934,0.1428,0.5794,0.0000,0,0,-0.0239,-0.0125,0.5794,0.0000
12.7397,-0.3103,-0.3092,0.5794,0.0000,0,0,-0.0248,-0.0115,0.5794,0.0000
12.7501,-0.1143,-0.0287,0.5794,0.0000,0,0,-0.0237,-0.0129,0.5794,0.0000
12.7598,-0.3237,0.5444,0.5794,0.0000,0,0,-0.0246,-0.0115,0.5794,0.0000
12.7706,-0.4916,0.5837,0.5794,0.0000,0,0,-0.0269,-0.0079,0.5794,0.0000
12.7798,-0.5350,0.1880,0.5794,0.0000,0,0,-0.0293,-0.0037,0.5794,0.0000
12.7898,-0.3301,-0.3700,0.5794,0.0000,0,0,-0.0300,-0.0023,0.5794,0.0000
12.8001,-0.0872,-0.1324,0.5794,0.0000,0,0,-0.0290,-0.0045,0.5794,0.0000
12.8098,-0.3536,0.4122,0.5794,0.0000,0,0,-0.0297,-0.0027,0.5794,0.0000
12.8201,-0.5211,0.5537,0.5794,0.0000,0,0,-0.0312,0.0017,0.5794,0.0000
12.8298,-0.6076,0.2172,0.5794,0.0000,0,0,-0.0328,0.0074,0.5794,0.0000
12.8397,-0.3491,-0.2827,0.5794,0.0000,0,0,-0.0332,0.0091,0.5794,0.0000
12.8508,0.0156,-0.1892,0.5794,0.0000,0,0,-0.0324,0.0048,0.5794,0.0000
12.8598,-0.1823,0.4051,0.5794,0.0000,0,0,-0.0323,0.0039,0.5794,0.0000
12.8701,-0.3402,0.5755,0.5794,0.0000,0,0,-0.0324,0.0056,0.5794,0.0000
12.8798,-0.4152,0.1770,0.5794,0.0000,0,0,-0.0326,0.0085,0.5794,0.0000
12.8898,-0.2157,-0.3633,0.5794,0.0000,0,0,-0.0326,0.0080,0.5794,0.0000
12.9001,-0.0254,-0.2264,0.5794,0.0000,0,0,-0.0327,0.0044,0.5794,0.0000
12.9098,-0.2202,0.3726,0.5794,0.0000,0,0,-0.0328,0.0041,0.5794,0.0000
12.9207,-0.3841,0.5275,0.5794,0.0000,0,0,-0.0324,0.0067,0.5794,0.0000
12.9298,-0.5194,0.1714,0.5794,0.0000,0,0,-0.0316,0.0116,0.5794,0.0000
12.9398,-0.2352,-0.3449,0.5794,0.0000,0,0,-0.0316,0.0115,0.5794,0.0000
12.9501,-0.0406,-0.2855,0.5794,0.0000,0,0,-0.0325,0.0081,0.5794,0.0000
12.9597,-0.0533,0.2806,0.5794,0.0000,0,0,-0.0334,0.0050,0.5794,0.0000
12.9706,-0.2213,0.2906,0.5794,0.0000,0,0,-0.0334,0.0049,0.5794,0.0000
12.9798,-0.2925,0.1102,0.5794,0.0000,0,0,-0.0330,0.0060,0.5794,0.0000
12.9898,-0.2878,-0.2024,0.5794,0.0000,0,0,-0.0326,0.0070,0.5794,0.0000
13.0000,-0.1467,-0.2220,0.5794,0.0000,0,0,-0.0332,0.0057,0.5794,0.0000
13.0099,-0.1851,0.3320,0.5794,0.0000,0,0,-0.0335,0.0050,0.5794,0.0000
13.0201,-0.2711,0.4447,0.5794,0.0000,0,0,-0.0331,0.0058,0.5794,0.0000
13.0298,-0.3313,0.2400,0.5794,0.0000,0,0,-0.0321,0.0075,0.5794,0.0000
13.0397,-0.2292,-0.1509,0.5794,0.0000,0,0,-0.0320,0.0076,0.5794,0.0000
13.0508,-0.0912,-0.1493,0.5794,0.0000,0,0,-0.0334,0.0057,0.5794,0.0000
13.0597,-0.0611,0.2994,0.5794,0.0000,0,0,-0.0351,0.0033,0.5794,0.0000
13.0701,-0.1254,0.2737,0.5794,0.0000,0,0,-0.0362,0.0021,0.5794,0.0000
13.0798,-0.2285,0.1325,0.5794,0.0000,0,0,-0.0360,0.0023,0.5794,0.0000
13.0897,-0.2819,-0.1967,0.5794,0.0000,0,0,-0.0350,0.0033,0.5794,0.0000
13.1000,-0.0946,-0.2571,0.5794,0.0000,0,0,-0.0366,0.0018,0.5794,0.0000
13.1098,0.0019,0.1498,0.5794,0.0000,0,0,-0.0394,-0.0008,0.5794,0.0000
13.1207,-0.0736,0.2129,0.5794,0.0000,0,0,-0.0411,-0.0023,0.5794,0.0000
13.1298,-0.2686,0.2343,0.5794,0.0000,0,0,-0.0401,-0.0015,0.5794,0.0000
13.1397,-0.3235,0.0337,0.5794,0.0000,0,0,-0.0382,-0.0001,0.5794,0.0000
13.1498,-0.1065,-0.2037,0.5794,0.0000,0,0,-0.0396,-0.0011,0.5794,0.0000
13.1601,0.1685,0.0438,0.5794,0.0000,0,0,-0.0453,-0.0046,0.5794,0.0000
13.1706,0.1746,0.0183,0.5794,0.0000,0,0,-0.0509,-0.0078,0.5794,0.0000
13.1798,-0.1320,0.0970,0.5794,0.0000,0,0,-0.0517,-0.0082,0.5794,0.0000
13.1898,-0.2551,0.1145,0.5794,0.0000,0,0,-0.0504,-0.0076,0.5794,0.0000
13.1998,-0.1223,-0.1623,0.5794,0.0000,0,0,-0.0512,-0.0080,0.5794,0.0000
13.2100,0.2383,0.0419,0.5794,0.0000,0,0,-0.0581,-0.0105,0.5794,0.0000
13.2200,0.3433,0.1582,0.5794,0.0000,0,0,-0.0667,-0.0133,0.5794,0.0000
13.2298,0.1245,0.2887,0.5794,0.0000,0,0,-0.0713,-0.0146,0.5794,0.0000
13.2398,-0.0493,0.2977,0.5794,0.0000,0,0,-0.0730,-0.0149,0.5794,0.0000
13.2498,0.0300,-0.1612,0.5794,0.0000,0,0,-0.0759,-0.0155,0.5794,0.0000
13.2606,0.3488,-0.0551,0.5794,0.0000,0,0,-0.0843,-0.0166,0.5794,0.0000
13.2701,0.3129,0.0046,0.5794,0.0000,0,0,-0.0918,-0.0172,0.5794,0.0000
13.2798,0.1040,0.1819,0.5794,0.0000,0,0,-0.0956,-0.0174,0.5794,0.0000
13.2898,-0.1507,0.4511,0.5794,0.0000,0,0,-0.0949,-0.0174,0.5794,0.0000
13.2997,-0.0900,0.0416,0.5794,0.0000,0,0,-0.0952,-0.0174,0.5794,0.0000
13.3106,0.4033,0.0353,0.5794,0.0000,0,0,-0.1039,-0.0164,0.5794,0.0000
13.3208,0.4533,0.0473,0.5794,0.0000,0,0,-0.1132,-0.0148,0.5794,0.0000
13.3298,0.1967,0.2636,0.5794,0.0000,0,0,-0.1179,-0.0138,0.5794,0.0000
13.3398,-0.1089,0.5266,0.5794,0.0000,0,0,-0.1173,-0.0140,0.5794,0.0000
13.3498,-0.1309,0.1011,0.5794,0.0000,0,0,-0.1164,-0.0143,0.5794,0.0000
13.3601,0.2076,-0.0738,0.5794,0.0000,0,0,-0.1210,-0.0124,0.5794,0.0000
13.3706,0.3424,-0.0799,0.5794,0.0000,0,0,-0.1276,-0.0094,0.5794,0.0000
13.3798,0.1754,0.1646,0.5794,0.0000,0,0,-0.1312,-0.0075,0.5794,0.0000
13.3898,-0.0334,0.5648,0.5794,0.0000,0,0,-0.1316,-0.0073,0.5794,0.0000
13.3998,-0.0398,0.2071,0.5794,0.0000,0,0,-0.1318,-0.0071,0.5794,0.0000
13.4101,0.2281,-0.0151,0.5794,0.0000,0,0,-0.1359,-0.0041,0.5794,0.0000
13.4201,0.3133,-0.1487,0.5794,0.0000,0,0,-0.1409,0.0002,0.5794,0.0000
13.4298,0.2096,0.2006,0.5794,0.0000,0,0,-0.1443,0.0033,0.5794,0.0000
13.4398,0.1259,0.6287,0.5794,0.0000,0,0,-0.1464,0.0054,0.5794,0.0000
13.4498,0.0560,0.3152,0.5794,0.0000,0,0,-0.1475,0.0067,0.5794,0.0000
13.4606,0.2179,-0.0517,0.5794,0.0000,0,0,-0.1504,0.0104,0.5794,0.0000
13.4702,0.4264,-0.2812,0.5794,0.0000,0,0,-0.1554,0.0176,0.5794,0.0000
13.4798,0.4256,0.0626,0.5794,0.0000,0,0,-0.1600,0.0248,0.5794,0.0000
13.4898,0.2760,0.7070,0.5794,0.0000,0,0,-0.1628,0.0296,0.5794,0.0000
13.4998,0.0139,0.5601,0.5794,0.0000,0,0,-0.1629,0.0299,0.5794,0.0000
13.5106,-0.0655,-0.0057,0.5794,0.0000,0,0,-0.1624,0.0287,0.5794,0.0000
13.5207,0.2592,-0.3581,0.5794,0.0000,0,0,-0.1644,0.0338,0.5794,0.0000
13.5298,0.3839,-0.0560,0.5794,0.0000,0,0,-0.1671,0.0413,0.5794,0.0000
13.5397,0.3134,0.6165,0.5794,0.0000,0,0,-0.1690,0.0475,0.5794,0.0000
13.5498,0.0463,0.5850,0.5794,0.0000,0,0,-0.1691,0.0481,0.5794,0.0000
13.5601,-0.0802,0.1167,0.5794,0.0000,0,0,-0.1687,0.0461,0.5794,0.0000
13.5706,0.1245,-0.3226,0.5794,0.0000,0,0,-0.1691,0.0486,0.5794,0.0000
13.5798,0.2939,-0.0248,0.5794,0.0000,0,0,-0.1700,0.0549,0.5794,0.0000
13.5898,0.2474,0.6168,0.5794,0.0000,0,0,-0.1705,0.0602,0.5794,0.0000
13.5997,-0.0811,0.5966,0.5794,0.0000,0,0,-0.1703,0.0578,0.5794,0.0000
13.6101,-0.1238,0.0969,0.5794,0.0000,0,0,-0.1703,0.0546,0.5794,0.0000
13.6201,0.0585,-0.3548,0.5794,0.0000,0,0,-0.1703,0.0558,0.5794,0.0000
13.6298,0.2474,0.0582,0.5794,0.0000,0,0,-0.1700,0.0616,0.5794,0.0000
13.6397,0.0942,0.6086,0.5794,0.0000,0,0,-0.1698,0.0637,0.5794,0.0000
13.6498,-0.0708,0.5909,0.5794,0.0000,0,0,-0.1700,0.0618,0.5794,0.0000
13.6606,-0.1680,0.1169,0.5794,0.0000,0,0,-0.1707,0.0576,0.5794,0.0000
13.6701,0.0332,-0.3763,0.5794,0.0000,0,0,-0.1705,0.0587,0.5794,0.0000
13.6797,0.2847,0.0290,0.5794,0.0000,0,0,-0.1689,0.0659,0.5794,0.0000
13.6898,0.1581,0.6153,0.5794,0.0000,0,0,-0.1679,0.0700,0.5794,0.0000
13.6998,-0.1502,0.5010,0.5794,0.0000,0,0,-0.1689,0.0664,0.5794,0.0000
13.7106,-0.2402,0.2204,0.5794,0.0000,0,0,-0.1707,0.0609,0.5794,0.0000
13.7206,-0.1166,-0.2591,0.5794,0.0000,0,0,-0.1714,0.0588,0.5794,0.0000
13.7298,0.1353,0.0180,0.5794,0.0000,0,0,-0.1698,0.0629,0.5794,0.0000
13.7398,0.1149,0.4003,0.5794,0.0000,0,0,-0.1683,0.0665,0.5794,0.0000
13.7498,0.0159,0.2780,0.5794,0.0000,0,0,-0.1678,0.0677,0.5794,0.0000
13.7600,-0.1554,0.0596,0.5794,0.0000,0,0,-0.1691,0.0650,0.5794,0.0000
13.7706,0.0185,-0.1727,0.5794,0.0000,0,0,-0.1683,0.0666,0.5794,0.0000
13.7797,0.1216,0.1728,0.5794,0.0000,0,0,-0.1660,0.0706,0.5794,0.0000
13.7898,0.0289,0.4635,0.5794,0.0000,0,0,-0.1650,0.0724,0.5794,0.0000
13.7997,-0.1830,0.3052,0.5794,0.0000,0,0,-0.1668,0.0696,0.5794,0.0000
13.8101,-0.2265,-0.1069,0.5794,0.0000,0,0,-0.1691,0.0661,0.5794,0.0000
13.8201,-0.0602,-0.0770,0.5794,0.0000,0,0,-0.1689,0.0665,0.5794,0.0000
13.8298,0.1246,0.3567,0.5794,0.0000,0,0,-0.1656,0.0708,0.5794,0.0000
13.8398,-0.0411,0.5139,0.5794,0.0000,0,0,-0.1649,0.0716,0.5794,0.0000
13.8498,-0.1288,0.2096,0.5794,0.0000,0,0,-0.1656,0.0708,0.5794,0.0000
13.8605,-0.1518,-0.1230,0.5794,0.0000,0,0,-0.1666,0.0697,0.5794,0.0000
13.8701,0.1011,-0.0162,0.5794,0.0000,0,0,-0.1629,0.0736,0.5794,0.0000
13.8798,0.1015,0.4433,0.5794,0.0000,0,0,-0.1592,0.0775,0.5794,0.0000
13.8898,0.0282,0.5094,0.5794,0.0000,0,0,-0.1568,0.0799,0.5794,0.0000
13.8998,-0.2164,0.3424,0.5794,0.0000,0,0,-0.1590,0.0778,0.5794,0.0000
13.9106,-0.2777,-0.0644,0.5794,0.0000,0,0,-0.1622,0.0749,0.5794,0.0000
13.9207,-0.0713,0.0252,0.5794,0.0000,0,0,-0.1611,0.0758,0.5794,0.0000
13.9298,0.1721,0.3689,0.5794,0.0000,0,0,-0.1551,0.0810,0.5794,0.0000
13.9398,0.0334,0.3094,0.5794,0.0000,0,0,-0.1519,0.0836,0.5794,0.0000
13.9498,-0.1868,0.2522,0.5794,0.0000,0,0,-0.1532,0.0826,0.5794,0.0000
13.9601,-0.3439,-0.0151,0.5794,0.0000,0,0,-0.1577,0.0793,0.5794,0.0000
13.9706,-0.0244,-0.0033,0.5794,0.0000,0,0,-0.1550,0.0812,0.5794,0.0000
13.9797,0.0811,0.1798,0.5794,0.0000,0,0,-0.1499,0.0847,0.5794,0.0000
13.9898,-0.0073,0.2192,0.5794,0.0000,0,0,-0.1467,0.0867,0.5794,0.0000
13.9998,-0.3424,0.2551,0.5794,0.0000,0,0,-0.1512,0.0839,0.5794,0.0000
14.0103,-0.3083,-0.0226,0.5794,0.0000,0,0,-0.1546,0.0819,0.5794,0.0000
14.0200,0.0380,-0.0562,0.5794,0.0000,0,0,-0.1497,0.0847,0.5794,0.0000
14.0298,0.1917,0.1849,0.5794,0.0000,0,0,-0.1413,0.0895,0.5794,0.0000
14.0397,-0.0759,0.1592,0.5794,0.0000,0,0,-0.1393,0.0906,0.5794,0.0000
14.0498,-0.3424,0.3924,0.5794,0.0000,0,0,-0.1434,0.0884,0.5794,0.0000
14.0605,-0.3283,0.0452,0.5794,0.0000,0,0,-0.1470,0.0866,0.5794,0.0000
14.0701,0.1747,-0.0865,0.5794,0.0000,0,0,-0.1385,0.0907,0.5794,0.0000
14.0797,0.2907,0.0353,0.5794,0.0000,0,0,-0.1276,0.0959,0.5794,0.0000
14.0898,0.0030,0.1627,0.5794,0.0000,0,0,-0.1237,0.0976,0.5794,0.0000
14.0998,-0.2684,0.3066,0.5794,0.0000,0,0,-0.1260,0.0966,0.5794,0.0000
14.1106,-0.2068,0.1699,0.5794,0.0000,0,0,-0.1267,0.0963,0.5794,0.0000
14.1206,0.1823,0.0318,0.5794,0.0000,0,0,-0.1185,0.0996,0.5794,0.0000
14.1298,0.3037,0.1270,0.5794,0.0000,0,0,-0.1079,0.1037,0.5794,0.0000
14.1397,0.0131,0.3289,0.5794,0.0000,0,0,-0.1040,0.1050,0.5794,0.0000
14.1498,-0.2508,0.3795,0.5794,0.0000,0,0,-0.1060,0.1044,0.5794,0.0000
14.1601,-0.1789,0.0941,0.5794,0.0000,0,0,-0.1062,0.1043,0.5794,0.0000
14.1706,0.1396,-0.0299,0.5794,0.0000,0,0,-0.0996,0.1063,0.5794,0.0000
14.1798,0.1408,0.0329,0.5794,0.0000,0,0,-0.0931,0.1080,0.5794,0.0000
14.1898,-0.0506,0.3836,0.5794,0.0000,0,0,-0.0907,0.1086,0.5794,0.0000
14.1997,-0.2382,0.2981,0.5794,0.0000,0,0,-0.0923,0.1083,0.5794,0.0000
14.2101,-0.0493,0.0072,0.5794,0.0000,0,0,-0.0898,0.1087,0.5794,0.0000
14.2201,0.0915,-0.1840,0.5794,0.0000,0,0,-0.0845,0.1096,0.5794,0.0000
14.2298,0.0937,-0.1151,0.5794,0.0000,0,0,-0.0792,0.1103,0.5794,0.0000
14.2398,-0.0827,0.0971,0.5794,0.0000,0,0,-0.0777,0.1104,0.5794,0.0000
14.2498,0.0515,0.0341,0.5794,0.0000,0,0,-0.0734,0.1107,0.5794,0.0000
14.2606,0.3535,-0.2299,0.5794,0.0000,0,0,-0.0634,0.1109,0.5794,0.0000
14.2701,0.5747,-0.2743,0.5794,0.0000,0,0,-0.0495,0.1108,0.5794,0.0000
14.2798,0.3783,0.0372,0.5794,0.0000,0,0,-0.0399,0.1103,0.5794,0.0000
14.2898,0.0922,0.3475,0.5794,0.0000,0,0,-0.0359,0.1100,0.5794,0.0000
14.2997,0.0554,0.1537,0.5794,0.0000,0,0,-0.0328,0.1096,0.5794,0.0000
14.3106,0.3480,-0.2154,0.5794,0.0000,0,0,-0.0245,0.1082,0.5794,0.0000
14.3207,0.5782,-0.3165,0.5794,0.0000,0,0,-0.0125,0.1057,0.5794,0.0000
14.3298,0.4983,0.3365,0.5794,0.0000,0,0,-0.0023,0.1032,0.5794,0.0000
14.3398,0.1237,0.7597,0.5794,0.0000,0,0,0.0011,0.1022,0.5794,0.0000
14.3498,-0.0614,0.3093,0.5794,0.0000,0,0,0.0013,0.1021,0.5794,0.0000
14.3601,0.0301,-0.3362,0.5794,0.0000,0,0,0.0031,0.1014,0.5794,0.0000
14.3707,0.2953,-0.5068,0.5794,0.0000,0,0,0.0089,0.0988,0.5794,0.0000
14.3798,0.4134,0.2640,0.5794,0.0000,0,0,0.0162,0.0952,0.5794,0.0000
14.3897,0.2155,0.7531,0.5794,0.0000,0,0,0.0203,0.0930,0.5794,0.0000
14.3998,0.0293,0.2201,0.5794,0.0000,0,0,0.0215,0.0922,0.5794,0.0000
14.4101,0.0998,-0.5417,0.5794,0.0000,0,0,0.0237,0.0907,0.5794,0.0000
14.4201,0.2047,-0.4051,0.5794,0.0000,0,0,0.0271,0.0881,0.5794,0.0000
14.4298,0.2412,0.3536,0.5794,0.0000,0,0,0.0308,0.0850,0.5794,0.0000
14.4397,0.1760,0.5047,0.5794,0.0000,0,0,0.0336,0.0826,0.5794,0.0000
14.4498,0.1975,-0.0116,0.5794,0.0000,0,0,0.0363,0.0798,0.5794,0.0000
14.4605,0.2875,-0.4914,0.5794,0.0000,0,0,0.0399,0.0758,0.5794,0.0000
14.4701,0.5192,-0.2839,0.5794,0.0000,0,0,0.0456,0.0689,0.5794,0.0000
14.4798,0.4951,0.4458,0.5794,0.0000,0,0,0.0505,0.0622,0.5794,0.0000
14.4898,0.2700,0.5144,0.5794,0.0000,0,0,0.0531,0.0583,0.5794,0.0000
14.4997,0.0913,-0.0985,0.5794,0.0000,0,0,0.0540,0.0569,0.5794,0.0000
14.5106,0.1899,-0.3815,0.5794,0.0000,0,0,0.0556,0.0539,0.5794,0.0000
14.5207,0.2664,0.2299,0.5794,0.0000,0,0,0.0575,0.0499,0.5794,0.0000
14.5298,0.2964,0.5054,0.5794,0.0000,0,0,0.0594,0.0453,0.5794,0.0000
14.5397,0.1111,0.1666,0.5794,0.0000,0,0,0.0601,0.0436,0.5794,0.0000
14.5498,0.0867,-0.3243,0.5794,0.0000,0,0,0.0605,0.0421,0.5794,0.0000
14.5601,0.2555,-0.3988,0.5794,0.0000,0,0,0.0616,0.0380,0.5794,0.0000
14.5706,0.2792,0.1758,0.5794,0.0000,0,0,0.0625,0.0334,0.5794,0.0000
14.5798,0.1117,0.4914,0.5794,0.0000,0,0,0.0628,0.0316,0.5794,0.0000
14.5898,-0.0154,-0.0128,0.5794,0.0000,0,0,0.0628,0.0319,0.5794,0.0000
14.5998,-0.0339,-0.5695,0.5794,0.0000,0,0,0.0627,0.0324,0.5794,0.0000
14.6101,0.2677,-0.4211,0.5794,0.0000,0,0,0.0629,0.0278,0.5794,0.0000
14.6200,0.3503,0.0956,0.5794,0.0000,0,0,0.0627,0.0218,0.5794,0.0000
14.6298,0.2363,0.2412,0.5794,0.0000,0,0,0.0625,0.0178,0.5794,0.0000
14.6397,0.0199,0.0735,0.5794,0.0000,0,0,0.0625,0.0176,0.5794,0.0000
14.6498,0.1042,-0.1808,0.5794,0.0000,0,0,0.0623,0.0159,0.5794,0.0000
14.6606,0.2264,-0.2082,0.5794,0.0000,0,0,0.0615,0.0121,0.5794,0.0000
14.6701,0.3464,-0.0344,0.5794,0.0000,0,0,0.0602,0.0062,0.5794,0.0000
14.6798,0.1631,0.0355,0.5794,0.0000,0,0,0.0595,0.0037,0.5794,0.0000
14.6898,0.0100,-0.2003,0.5794,0.0000,0,0,0.0596,0.0037,0.5794,0.0000
14.6998,0.0840,-0.1164,0.5794,0.0000,0,0,0.0591,0.0025,0.5794,0.0000
14.7106,0.1868,0.1481,0.5794,0.0000,0,0,0.0580,-0.0005,0.5794,0.0000
14.7207,0.1760,0.2145,0.5794,0.0000,0,0,0.0568,-0.0032,0.5794,0.0000
14.7298,0.0903,0.0952,0.5794,0.0000,0,0,0.0562,-0.0045,0.5794,0.0000
14.7398,-0.0152,-0.1799,0.5794,0.0000,0,0,0.0564,-0.0040,0.5794,0.0000
14.7498,0.0078,-0.1385,0.5794,0.0000,0,0,0.0564,-0.0040,0.5794,0.0000
14.7601,-0.0123,0.0449,0.5794,0.0000,0,0,0.0566,-0.0036,0.5794,0.0000
14.7707,0.0284,0.0463,0.5794,0.0000,0,0,0.0564,-0.0040,0.5794,0.0000
14.7798,-0.0891,0.0512,0.5794,0.0000,0,0,0.0574,-0.0026,0.5794,0.0000
14.7898,-0.0975,0.0088,0.5794,0.0000,0,0,0.0585,-0.0011,0.5794,0.0000
14.7998,-0.2122,0.0784,0.5794,0.0000,0,0,0.0610,0.0018,0.5794,0.0000
14.8101,-0.0852,0.1169,0.5794,0.0000,0,0,0.0619,0.0029,0.5794,0.0000
14.8201,0.0830,-0.1219,0.5794,0.0000,0,0,0.0607,0.0016,0.5794,0.0000
14.8298,0.1162,-0.3168,0.5794,0.0000,0,0,0.0590,-0.0001,0.5794,0.0000
14.8398,0.0062,-0.0220,0.5794,0.0000,0,0,0.0587,-0.0003,0.5794,0.0000
14.8498,-0.2516,0.1868,0.5794,0.0000,0,0,0.0621,0.0025,0.5794,0.0000
14.8606,-0.1481,0.1405,0.5794,0.0000,0,0,0.0639,0.0039,0.5794,0.0000
14.8701,-0.0302,0.0867,0.5794,0.0000,0,0,0.0640,0.0040,0.5794,0.0000
14.8798,-0.0031,-0.1114,0.5794,0.0000,0,0,0.0636,0.0037,0.5794,0.0000
14.8898,-0.2098,0.1433,0.5794,0.0000,0,0,0.0665,0.0054,0.5794,0.0000
14.8998,-0.3419,0.1599,0.5794,0.0000,0,0,0.0713,0.0081,0.5794,0.0000
14.9106,-0.0336,0.1731,0.5794,0.0000,0,0,0.0712,0.0081,0.5794,0.0000
14.9207,0.0266,0.1517,0.5794,0.0000,0,0,0.0701,0.0076,0.5794,0.0000
14.9298,-0.1810,0.2215,0.5794,0.0000,0,0,0.0723,0.0085,0.5794,0.0000
14.9398,-0.5516,0.2530,0.5794,0.0000,0,0,0.0808,0.0115,0.5794,0.0000
14.9498,-0.3491,0.0890,0.5794,0.0000,0,0,0.0856,0.0130,0.5794,0.0000
14.9600,0.1279,0.0446,0.5794,0.0000,0,0,0.0823,0.0121,0.5794,0.0000
14.9706,0.0086,0.1726,0.5794,0.0000,0,0,0.0811,0.0119,0.5794,0.0000
14.9798,-0.4742,0.3874,0.5794,0.0000,0,0,0.0881,0.0130,0.5794,0.0000
14.9898,-0.5141,0.0800,0.5794,0.0000,0,0,0.0957,0.0139,0.5794,0.0000
14.9998,0.0296,-0.0976,0.5794,0.0000,0,0,0.0937,0.0138,0.5794,0.0000
15.0102,0.2507,0.0285,0.5794,0.0000,0,0,0.0880,0.0137,0.5794,0.0000
15.0201,-0.2523,0.3614,0.5794,0.0000,0,0,0.0910,0.0136,0.5794,0.0000
15.0298,-0.7381,0.3577,0.5794,0.0000,0,0,0.1022,0.0127,0.5794,0.0000
15.0398,-0.3412,-0.0576,0.5794,0.0000,0,0,0.1064,0.0122,0.5794,0.0000
15.0498,0.3242,-0.1653,0.5794,0.0000,0,0,0.0992,0.0135,0.5794,0.0000
15.0605,0.1696,0.2177,0.5794,0.0000,0,0,0.0948,0.0146,0.5794,0.0000
15.0701,-0.5035,0.5811,0.5794,0.0000,0,0,0.1017,0.0125,0.5794,0.0000
15.0798,-0.6416,0.3137,0.5794,0.0000,0,0,0.1105,0.0094,0.5794,0.0000
15.0899,-0.0795,-0.3198,0.5794,0.0000,0,0,0.1101,0.0096,0.5794,0.0000
15.0997,0.1640,-0.2680,0.5794,0.0000,0,0,0.1058,0.0116,0.5794,0.0000
15.1106,-0.1955,0.2280,0.5794,0.0000,0,0,0.1073,0.0108,0.5794,0.0000
15.1207,-0.6466,0.4131,0.5794,0.0000,0,0,0.1154,0.0057,0.5794,0.0000
15.1298,-0.3152,0.0373,0.5794,0.0000,0,0,0.1183,0.0037,0.5794,0.0000
15.1397,0.0935,-0.2194,0.5794,0.0000,0,0,0.1153,0.0060,0.5794,0.0000
15.1498,-0.1495,0.0431,0.5794,0.0000,0,0,0.1157,0.0056,0.5794,0.0000
15.1601,-0.6387,0.4346,0.5794,0.0000,0,0,0.1226,-0.0011,0.5794,0.0000
15.1706,-0.7380,0.2524,0.5794,0.0000,0,0,0.1303,-0.0095,0.5794,0.0000
15.1797,-0.2100,-0.2069,0.5794,0.0000,0,0,0.1311,-0.0105,0.5794,0.0000
15.1898,-0.0442,-0.2247,0.5794,0.0000,0,0,0.1300,-0.0090,0.5794,0.0000
15.1998,-0.3898,0.1415,0.5794,0.0000,0,0,0.1327,-0.0130,0.5794,0.0000
15.2101,-0.9282,0.2863,0.5794,0.0000,0,0,0.1407,-0.0261,0.5794,0.0000
15.2200,-0.5197,-0.0267,0.5794,0.0000,0,0,0.1441,-0.0324,0.5794,0.0000
15.2298,-0.0080,-0.3324,0.5794,0.0000,0,0,0.1426,-0.0294,0.5794,0.0000
15.2397,-0.1333,0.0088,0.5794,0.0000,0,0,0.1423,-0.0288,0.5794,0.0000
15.2498,-0.6560,0.4000,0.5794,0.0000,0,0,0.1460,-0.0383,0.5794,0.0000
15.2605,-0.7037,0.2246,0.5794,0.0000,0,0,0.1495,-0.0489,0.5794,0.0000
15.2701,-0.1845,-0.1137,0.5794,0.0000,0,0,0.1494,-0.0488,0.5794,0.0000
15.2798,-0.0664,-0.1346,0.5794,0.0000,0,0,0.1488,-0.0462,0.5794,0.0000
15.2898,-0.5037,0.3138,0.5794,0.0000,0,0,0.1502,-0.0531,0.5794,0.0000
15.2998,-0.8770,0.3786,0.5794,0.0000,0,0,0.1526,-0.0683,0.5794,0.0000
15.3106,-0.5433,-0.0242,0.5794,0.0000,0,0,0.1535,-0.0758,0.5794,0.0000
15.3207,-0.1799,-0.3163,0.5794,0.0000,0,0,0.1534,-0.0749,0.5794,0.0000
15.3298,-0.3862,0.0660,0.5794,0.0000,0,0,0.1536,-0.0789,0.5794,0.0000
15.3398,-0.7418,0.4546,0.5794,0.0000,0,0,0.1537,-0.0912,0.5794,0.0000
15.3498,-0.7642,0.3147,0.5794,0.0000,0,0,0.1534,-0.1039,0.5794,0.0000
15.3601,-0.3814,-0.1474,0.5794,0.0000,0,0,0.1531,-0.1071,0.5794,0.0000
15.3706,-0.3152,-0.1836,0.5794,0.0000,0,0,0.1530,-0.1087,0.5794,0.0000
15.3798,-0.5376,0.3087,0.5794,0.0000,0,0,0.1521,-0.1157,0.5794,0.0000
15.3897,-0.6678,0.5471,0.5794,0.0000,0,0,0.1504,-0.1257,0.5794,0.0000
15.3998,-0.5847,-0.0305,0.5794,0.0000,0,0,0.1489,-0.1335,0.5794,0.0000
15.4101,-0.5502,-0.3655,0.5794,0.0000,0,0,0.1473,-0.1402,0.5794,0.0000
15.4201,-0.4710,-0.1292,0.5794,0.0000,0,0,0.1461,-0.1448,0.5794,0.0000
15.4298,-0.4513,0.4038,0.5794,0.0000,0,0,0.1449,-0.1489,0.5794,0.0000
15.4398,-0.5089,0.6594,0.5794,0.0000,0,0,0.1432,-0.1542,0.5794,0.0000
15.4498,-0.6713,0.1685,0.5794,0.0000,0,0,0.1399,-0.1633,0.5794,0.0000
15.4606,-0.6107,-0.2690,0.5794,0.0000,0,0,0.1369,-0.1707,0.5794,0.0000
15.4700,-0.4621,-0.0900,0.5794,0.0000,0,0,0.1353,-0.1743,0.5794,0.0000
15.4797,-0.4478,0.2260,0.5794,0.0000,0,0,0.1339,-0.1775,0.5794,0.0000
15.4898,-0.6651,0.4397,0.5794,0.0000,0,0,0.1298,-0.1856,0.5794,0.0000
15.4998,-0.8907,0.3393,0.5794,0.0000,0,0,0.1227,-0.1987,0.5794,0.0000
15.5106,-0.6841,0.0987,0.5794,0.0000,0,0,0.1182,-0.2065,0.5794,0.0000
15.5207,-0.4102,-0.1963,0.5794,0.0000,0,0,0.1174,-0.2078,0.5794,0.0000
15.5298,-0.2510,-0.1330,0.5794,0.0000,0,0,0.1188,-0.2057,0.5794,0.0000
15.5398,-0.4218,0.4680,0.5794,0.0000,0,0,0.1175,-0.2074,0.5794,0.0000
15.5498,-0.6979,0.7169,0.5794,0.0000,0,0,0.1120,-0.2150,0.5794,0.0000
15.5601,-0.7824,0.2731,0.5794,0.0000,0,0,0.1049,-0.2240,0.5794,0.0000
15.5705,-0.4549,-0.3474,0.5794,0.0000,0,0,0.1033,-0.2259,0.5794,0.0000
15.5798,-0.2999,-0.0593,0.5794,0.0000,0,0,0.1043,-0.2248,0.5794,0.0000
15.5898,-0.2849,0.4642,0.5794,0.0000,0,0,0.1054,-0.2235,0.5794,0.0000
15.5997,-0.5380,0.5791,0.5794,0.0000,0,0,0.1019,-0.2273,0.5794,0.0000
15.6101,-0.7367,0.0184,0.5794,0.0000,0,0,0.0946,-0.2348,0.5794,0.0000
15.6200,-0.5567,-0.2469,0.5794,0.0000,0,0,0.0907,-0.2386,0.5794,0.0000
15.6298,-0.4357,0.0349,0.5794,0.0000,0,0,0.0892,-0.2400,0.5794,0.0000
15.6398,-0.4426,0.4618,0.5794,0.0000,0,0,0.0874,-0.2416,0.5794,0.0000
15.6498,-0.6140,0.1936,0.5794,0.0000,0,0,0.0822,-0.2462,0.5794,0.0000
15.6606,-0.4159,-0.0935,0.5794,0.0000,0,0,0.0809,-0.2473,0.5794,0.0000
15.6701,-0.4325,0.1159,0.5794,0.0000,0,0,0.0791,-0.2487,0.5794,0.0000
15.6798,-0.4968,0.4008,0.5794,0.0000,0,0,0.0760,-0.2511,0.5794,0.0000
15.6898,-0.6628,0.4542,0.5794,0.0000,0,0,0.0691,-0.2561,0.5794,0.0000
15.6998,-0.5618,0.0133,0.5794,0.0000,0,0,0.0645,-0.2594,0.5794,0.0000
15.7106,-0.2765,0.0371,0.5794,0.0000,0,0,0.0661,-0.2582,0.5794,0.0000
15.7208,-0.5226,0.3375,0.5794,0.0000,0,0,0.0620,-0.2609,0.5794,0.0000
15.7298,-0.6611,0.5498,0.5794,0.0000,0,0,0.0547,-0.2655,0.5794,0.0000
15.7397,-0.6877,0.1104,0.5794,0.0000,0,0,0.0468,-0.2702,0.5794,0.0000
15.7498,-0.4518,-0.1984,0.5794,0.0000,0,0,0.0445,-0.2715,0.5794,0.0000
15.7600,-0.3947,0.0421,0.5794,0.0000,0,0,0.0434,-0.2721,0.5794,0.0000
15.7706,-0.5140,0.4428,0.5794,0.0000,0,0,0.0393,-0.2743,0.5794,0.0000
15.7798,-0.4915,0.4754,0.5794,0.0000,0,0,0.0358,-0.2762,0.5794,0.0000
15.7898,-0.4632,0.0692,0.5794,0.0000,0,0,0.0328,-0.2777,0.5794,0.0000
15.7997,-0.3918,0.0607,0.5794,0.0000,0,0,0.0314,-0.2783,0.5794,0.0000
15.8102,-0.5101,0.2387,0.5794,0.0000,0,0,0.0271,-0.2803,0.5794,0.0000
15.8201,-0.4668,0.3086,0.5794,0.0000,0,0,0.0238,-0.2818,0.5794,0.0000
15.8298,-0.3810,0.1752,0.5794,0.0000,0,0,0.0224,-0.2824,0.5794,0.0000
15.8398,-0.2731,-0.0161,0.5794,0.0000,0,0,0.0233,-0.2820,0.5794,0.0000
15.8498,-0.5118,0.1836,0.5794,0.0000,0,0,0.0186,-0.2839,0.5794,0.0000
15.8604,-0.5694,0.3310,0.5794,0.0000,0,0,0.0125,-0.2861,0.5794,0.0000
15.8701,-0.3982,0.3764,0.5794,0.0000,0,0,0.0103,-0.2869,0.5794,0.0000
15.8798,-0.2504,0.1206,0.5794,0.0000,0,0,0.0112,-0.2866,0.5794,0.0000
15.8898,-0.3485,0.0839,0.5794,0.0000,0,0,0.0098,-0.2870,0.5794,0.0000
15.8998,-0.5656,0.1834,0.5794,0.0000,0,0,0.0036,-0.2888,0.5794,0.0000
15.9106,-0.3971,0.3259,0.5794,0.0000,0,0,0.0009,-0.2895,0.5794,0.0000
15.9207,-0.1932,0.2563,0.5794,0.0000,0,0,0.0024,-0.2892,0.5794,0.0000
15.9298,-0.3282,0.1829,0.5794,0.0000,0,0,0.0008,-0.2895,0.5794,0.0000
15.9397,-0.6542,0.1761,0.5794,0.0000,0,0,-0.0076,-0.2910,0.5794,0.0000
15.9498,-0.4949,0.1471,0.5794,0.0000,0,0,-0.0126,-0.2917,0.5794,0.0000
15.9601,-0.0848,0.2504,0.5794,0.0000,0,0,-0.0094,-0.2914,0.5794,0.0000
15.9706,-0.0734,0.2423,0.5794,0.0000,0,0,-0.0064,-0.2911,0.5794,0.0000
15.9798,-0.5089,0.3065,0.5794,0.0000,0,0,-0.0121,-0.2914,0.5794,0.0000
15.9898,-0.5983,0.1476,0.5794,0.0000,0,0,-0.0196,-0.2915,0.5794,0.0000
15.9998,-0.1952,0.0953,0.5794,0.0000,0,0,-0.0193,-0.2915,0.5794,0.0000
16.0102,-0.0266,0.1670,0.5794,0.0000,0,0,-0.0160,-0.2918,0.5794,0.0000
16.0201,-0.2667,0.3490,0.5794,0.0000,0,0,-0.0176,-0.2916,0.5794,0.0000
16.0298,-0.6058,0.1437,0.5794,0.0000,0,0,-0.0253,-0.2905,0.5794,0.0000
16.0398,-0.2843,-0.0733,0.5794,0.0000,0,0,-0.0272,-0.2902,0.5794,0.0000
16.0498,0.0200,-0.0630,0.5794,0.0000,0,0,-0.0238,-0.2909,0.5794,0.0000
16.0606,-0.1636,0.2843,0.5794,0.0000,0,0,-0.0240,-0.2909,0.5794,0.0000
16.0700,-0.6527,0.4952,0.5794,0.0000,0,0,-0.0324,-0.2882,0.5794,0.0000
16.0797,-0.5368,0.1760,0.5794,0.0000,0,0,-0.0386,-0.2860,0.5794,0.0000
16.0898,-0.0127,-0.2167,0.5794,0.0000,0,0,-0.0365,-0.2869,0.5794,0.0000
16.0997,0.1874,-0.0033,0.5794,0.0000,0,0,-0.0315,-0.2891,0.5794,0.0000
16.1106,-0.2743,0.4570,0.5794,0.0000,0,0,-0.0338,-0.2879,0.5794,0.0000
16.1207,-0.5675,0.4059,0.5794,0.0000,0,0,-0.0403,-0.2841,0.5794,0.0000
16.1298,-0.1730,-0.1448,0.5794,0.0000,0,0,-0.0411,-0.2836,0.5794,0.0000
16.1398,0.1320,-0.2143,0.5794,0.0000,0,0,-0.0380,-0.2859,0.5794,0.0000
16.1497,-0.1641,0.2955,0.5794,0.0000,0,0,-0.0389,-0.2852,0.5794,0.0000
16.1600,-0.5558,0.5410,0.5794,0.0000,0,0,-0.0446,-0.2802,0.5794,0.0000
16.1706,-0.4441,0.2067,0.5794,0.0000,0,0,-0.0487,-0.2762,0.5794,0.0000
16.1798,0.0505,-0.2787,0.5794,0.0000,0,0,-0.0472,-0.2778,0.5794,0.0000
16.1898,-0.0342,-0.1324,0.5794,0.0000,0,0,-0.0468,-0.2783,0.5794,0.0000
16.1997,-0.3617,0.5211,0.5794,0.0000,0,0,-0.0497,-0.2747,0.5794,0.0000
16.2101,-0.5022,0.5237,0.5794,0.0000,0,0,-0.0537,-0.2690,0.5794,0.0000
16.2201,-0.0217,-0.0197,0.5794,0.0000,0,0,-0.0533,-0.2697,0.5794,0.0000
16.2298,0.0835,-0.3337,0.5794,0.0000,0,0,-0.0521,-0.2716,0.5794,0.0000
16.2397,-0.0439,0.0572,0.5794,0.0000,0,0,-0.0521,-0.2717,0.5794,0.0000
16.2498,-0.3550,0.4940,0.5794,0.0000,0,0,-0.0541,-0.2672,0.5794,0.0000
16.2606,-0.2815,0.2894,0.5794,0.0000,0,0,-0.0555,-0.2637,0.5794,0.0000
16.2701,-0.1898,-0.2497,0.5794,0.0000,0,0,-0.0563,-0.2614,0.5794,0.0000
16.2798,-0.1836,-0.2122,0.5794,0.0000,0,0,-0.0569,-0.2592,0.5794,0.0000
16.2898,-0.1389,0.3182,0.5794,0.0000,0,0,-0.0573,-0.2576,0.5794,0.0000
16.2998,-0.0446,0.5273,0.5794,0.0000,0,0,-0.0573,-0.2575,0.5794,0.0000
16.3106,-0.0128,0.1682,0.5794,0.0000,0,0,-0.0573,-0.2578,0.5794,0.0000
16.3208,-0.0795,-0.3528,0.5794,0.0000,0,0,-0.0574,-0.2569,0.5794,0.0000
16.3298,-0.0509,0.0394,0.5794,0.0000,0,0,-0.0574,-0.2564,0.5794,0.0000
16.3398,-0.2169,0.5334,0.5794,0.0000,0,0,-0.0574,-0.2531,0.5794,0.0000
16.3498,-0.1761,0.4514,0.5794,0.0000,0,0,-0.0573,-0.2504,0.5794,0.0000
16.3601,-0.1099,-0.1339,0.5794,0.0000,0,0,-0.0572,-0.2489,0.5794,0.0000
16.3706,-0.0937,-0.2347,0.5794,0.0000,0,0,-0.0571,-0.2476,0.5794,0.0000
16.3797,-0.0814,0.2253,0.5794,0.0000,0,0,-0.0569,-0.2465,0.5794,0.0000
16.3897,-0.1888,0.4018,0.5794,0.0000,0,0,-0.0563,-0.2436,0.5794,0.0000
16.3997,-0.2567,0.1982,0.5794,0.0000,0,0,-0.0553,-0.2395,0.5794,0.0000
16.4101,-0.2146,-0.1753,0.5794,0.0000,0,0,-0.0544,-0.2362,0.5794,0.0000
16.4201,0.0073,0.1027,0.5794,0.0000,0,0,-0.0546,-0.2367,0.5794,0.0000
16.4298,-0.0380,0.3242,0.5794,0.0000,0,0,-0.0545,-0.2365,0.5794,0.0000
16.4398,-0.1462,0.2474,0.5794,0.0000,0,0,-0.0536,-0.2344,0.5794,0.0000
16.4498,-0.3332,-0.1623,0.5794,0.0000,0,0,-0.0513,-0.2293,0.5794,0.0000
16.4606,-0.2255,0.0495,0.5794,0.0000,0,0,-0.0497,-0.2261,0.5794,0.0000
16.4701,0.0130,0.2943,0.5794,0.0000,0,0,-0.0502,-0.2269,0.5794,0.0000
16.4798,-0.0716,0.3711,0.5794,0.0000,0,0,-0.0498,-0.2263,0.5794,0.0000
16.4898,-0.2757,0.0516,0.5794,0.0000,0,0,-0.0475,-0.2226,0.5794,0.0000
16.4997,-0.1977,-0.1131,0.5794,0.0000,0,0,-0.0459,-0.2203,0.5794,0.0000
16.5106,0.1130,0.1968,0.5794,0.0000,0,0,-0.0477,-0.2227,0.5794,0.0000
16.5207,0.0467,0.3245,0.5794,0.0000,0,0,-0.0488,-0.2241,0.5794,0.0000
16.5298,-0.1916,0.2419,0.5794,0.0000,0,0,-0.0470,-0.2220,0.5794,0.0000
16.5398,-0.4318,-0.1183,0.5794,0.0000,0,0,-0.0423,-0.2169,0.5794,0.0000
16.5498,-0.1353,0.1472,0.5794,0.0000,0,0,-0.0413,-0.2159,0.5794,0.0000
16.5600,-0.0150,0.2069,0.5794,0.0000,0,0,-0.0421,-0.2166,0.5794,0.0000
16.5706,-0.1401,0.3588,0.5794,0.0000,0,0,-0.0411,-0.2158,0.5794,0.0000
16.5798,-0.4533,-0.0481,0.5794,0.0000,0,0,-0.0357,-0.2114,0.5794,0.0000
16.5898,-0.1496,0.0008,0.5794,0.0000,0,0,-0.0348,-0.2107,0.5794,0.0000
16.5998,0.1421,0.0757,0.5794,0.0000,0,0,-0.0383,-0.2132,0.5794,0.0000
16.6101,-0.0927,0.2983,0.5794,0.0000,0,0,-0.0383,-0.2132,0.5794,0.0000
16.6201,-0.4472,0.0634,0.5794,0.0000,0,0,-0.0328,-0.2100,0.5794,0.0000
16.6298,-0.3336,0.0034,0.5794,0.0000,0,0,-0.0293,-0.2081,0.5794,0.0000
16.6398,0.1487,-0.0031,0.5794,0.0000,0,0,-0.0336,-0.2102,0.5794,0.0000
16.6498,0.1019,0.0983,0.5794,0.0000,0,0,-0.0372,-0.2117,0.5794,0.0000
16.6605,-0.3114,0.2316,0.5794,0.0000,0,0,-0.0341,-0.2105,0.5794,0.0000
16.6701,-0.5844,0.0357,0.5794,0.0000,0,0,-0.0264,-0.2080,0.5794,0.0000
16.6797,-0.0782,-0.0932,0.5794,0.0000,0,0,-0.0275,-0.2083,0.5794,0.0000
16.6898,0.2251,-0.0928,0.5794,0.0000,0,0,-0.0339,-0.2099,0.5794,0.0000
16.6998,-0.0889,0.2727,0.5794,0.0000,0,0,-0.0350,-0.2101,0.5794,0.0000
16.7107,-0.4092,0.1874,0.5794,0.0000,0,0,-0.0305,-0.2094,0.5794,0.0000
16.7207,-0.0455,0.1073,0.5794,0.0000,0,0,-0.0326,-0.2096,0.5794,0.0000
16.7298,0.1263,-0.1835,0.5794,0.0000,0,0,-0.0377,-0.2099,0.5794,0.0000
16.7398,-0.0639,0.1590,0.5794,0.0000,0,0,-0.0395,-0.2099,0.5794,0.0000
16.7498,-0.4807,0.2177,0.5794,0.0000,0,0,-0.0342,-0.2102,0.5794,0.0000
16.7600,-0.1311,0.1517,0.5794,0.0000,0,0,-0.0352,-0.2100,0.5794,0.0000
16.7706,0.1952,-0.1052,0.5794,0.0000,0,0,-0.0418,-0.2090,0.5794,0.0000
16.7798,0.0745,0.0094,0.5794,0.0000,0,0,-0.0463,-0.2081,0.5794,0.0000
16.7898,-0.4149,0.0828,0.5794,0.0000,0,0,-0.0426,-0.2091,0.5794,0.0000
16.7998,-0.4320,0.0112,0.5794,0.0000,0,0,-0.0389,-0.2102,0.5794,0.0000
16.8101,0.0315,-0.1039,0.5794,0.0000,0,0,-0.0429,-0.2087,0.5794,0.0000
16.8201,0.1428,-0.0910,0.5794,0.0000,0,0,-0.0486,-0.2061,0.5794,0.0000
16.8298,-0.1350,0.4267,0.5794,0.0000,0,0,-0.0499,-0.2055,0.5794,0.0000
16.8398,-0.3891,0.1405,0.5794,0.0000,0,0,-0.0474,-0.2069,0.5794,0.0000
16.8498,-0.1889,-0.1804,0.5794,0.0000,0,0,-0.0481,-0.2065,0.5794,0.0000
16.8606,-0.1628,-0.5874,0.5794,0.0000,0,0,-0.0492,-0.2056,0.5794,0.0000
16.8701,-0.2162,-0.0178,0.5794,0.0000,0,0,-0.0497,-0.2053,0.5794,0.0000
16.8797,-0.3682,0.2970,0.5794,0.0000,0,0,-0.0481,-0.2066,0.5794,0.0000
16.8898,-0.2421,0.3771,0.5794,0.0000,0,0,-0.0484,-0.2063,0.5794,0.0000
16.8997,-0.0803,-0.3311,0.5794,0.0000,0,0,-0.0508,-0.2037,0.5794,0.0000
16.9107,-0.0737,-0.1563,0.5794,0.0000,0,0,-0.0532,-0.2007,0.5794,0.0000
16.9207,-0.2863,0.1597,0.5794,0.0000,0,0,-0.0531,-0.2008,0.5794,0.0000
16.9299,-0.4346,0.2549,0.5794,0.0000,0,0,-0.0515,-0.2033,0.5794,0.0000
16.9397,-0.3545,-0.1510,0.5794,0.0000,0,0,-0.0509,-0.2043,0.5794,0.0000
16.9498,-0.2256,-0.3249,0.5794,0.0000,0,0,-0.0517,-0.2029,0.5794,0.0000
16.9601,-0.2153,0.1805,0.5794,0.0000,0,0,-0.0525,-0.2011,0.5794,0.0000
16.9706,-0.2304,0.3833,0.5794,0.0000,0,0,-0.0531,-0.1994,0.5794,0.0000
16.9798,-0.2638,-0.0051,0.5794,0.0000,0,0,-0.0535,-0.1983,0.5794,0.0000
16.9898,-0.2095,-0.3947,0.5794,0.0000,0,0,-0.0543,-0.1960,0.5794,0.0000
16.9998,-0.3750,0.1908,0.5794,0.0000,0,0,-0.0540,-0.1969,0.5794,0.0000
17.0102,-0.4835,0.4732,0.5794,0.0000,0,0,-0.0533,-0.2001,0.5794,0.0000
17.0201,-0.4721,0.4059,0.5794,0.0000,0,0,-0.0529,-0.2027,0.5794,0.0000
17.0298,-0.2444,-0.3288,0.5794,0.0000,0,0,-0.0532,-0.2002,0.5794,0.0000
17.0398,-0.2512,-0.0950,0.5794,0.0000,0,0,-0.0535,-0.1977,0.5794,0.0000
17.0498,-0.3673,0.2200,0.5794,0.0000,0,0,-0.0535,-0.1977,0.5794,0.0000
17.0606,-0.4310,0.3385,0.5794,0.0000,0,0,-0.0534,-0.1991,0.5794,0.0000
17.0702,-0.4364,-0.2503,0.5794,0.0000,0,0,-0.0535,-0.2004,0.5794,0.0000
17.0798,-0.3295,-0.1079,0.5794,0.0000,0,0,-0.0534,-0.1990,0.5794,0.0000
17.0898,-0.3506,0.2490,0.5794,0.0000,0,0,-0.0533,-0.1980,0.5794,0.0000
17.0998,-0.5134,0.3738,0.5794,0.0000,0,0,-0.0536,-0.2009,0.5794,0.0000
17.1106,-0.4162,-0.1947,0.5794,0.0000,0,0,-0.0537,-0.2011,0.5794,0.0000
17.1206,-0.2126,-0.5785,0.5794,0.0000,0,0,-0.0528,-0.1962,0.5794,0.0000
17.1298,-0.2202,0.0256,0.5794,0.0000,0,0,-0.0518,-0.1916,0.5794,0.0000
17.1398,-0.3595,0.4508,0.5794,0.0000,0,0,-0.0515,-0.1904,0.5794,0.0000
17.1498,-0.4731,0.1942,0.5794,0.0000,0,0,-0.0520,-0.1920,0.5794,0.0000
17.1601,-0.1805,-0.4521,0.5794,0.0000,0,0,-0.0501,-0.1861,0.5794,0.0000
17.1706,-0.2778,-0.0053,0.5794,0.0000,0,0,-0.0490,-0.1829,0.5794,0.0000
17.1797,-0.5487,0.3759,0.5794,0.0000,0,0,-0.0502,-0.1862,0.5794,0.0000
17.1898,-0.8174,0.3769,0.5794,0.0000,0,0,-0.0542,-0.1957,0.5794,0.0000
17.1997,-0.4027,-0.5547,0.5794,0.0000,0,0,-0.0538,-0.1948,0.5794,0.0000
17.2101,-0.2140,-0.1067,0.5794,0.0000,0,0,-0.0512,-0.1895,0.5794,0.0000
17.2200,-0.3551,0.4172,0.5794,0.0000,0,0,-0.0502,-0.1877,0.5794,0.0000
17.2298,-0.6416,0.5329,0.5794,0.0000,0,0,-0.0529,-0.1924,0.5794,0.0000
17.2397,-0.4321,-0.3968,0.5794,0.0000,0,0,-0.0527,-0.1921,0.5794,0.0000
17.2498,-0.1559,-0.3095,0.5794,0.0000,0,0,-0.0486,-0.1857,0.5794,0.0000
17.2606,-0.4611,0.2374,0.5794,0.0000,0,0,-0.0490,-0.1862,0.5794,0.0000
17.2701,-0.6981,0.7300,0.5794,0.0000,0,0,-0.0529,-0.1917,0.5794,0.0000
17.2798,-0.4956,-0.0097,0.5794,0.0000,0,0,-0.0536,-0.1926,0.5794,0.0000
17.2898,-0.0304,-0.2799,0.5794,0.0000,0,0,-0.0467,-0.1839,0.5794,0.0000
17.2998,-0.3672,0.1401,0.5794,0.0000,0,0,-0.0455,-0.1825,0.5794,0.0000
17.3107,-0.5972,0.6013,0.5794,0.0000,0,0,-0.0482,-0.1857,0.5794,0.0000
17.3207,-0.7203,-0.0562,0.5794,0.0000,0,0,-0.0532,-0.1910,0.5794,0.0000
17.3298,-0.1408,-0.2391,0.5794,0.0000,0,0,-0.0475,-0.1850,0.5794,0.0000
17.3398,-0.5754,0.1622,0.5794,0.0000,0,0,-0.0499,-0.1875,0.5794,0.0000
17.3498,-0.2892,0.5933,0.5794,0.0000,0,0,-0.0469,-0.1846,0.5794,0.0000
17.3600,-0.4601,0.2598,0.5794,0.0000,0,0,-0.0473,-0.1850,0.5794,0.0000
17.3706,-0.0398,-0.1163,0.5794,0.0000,0,0,-0.0394,-0.1779,0.5794,0.0000
17.3797,-0.6312,-0.0507,0.5794,0.0000,0,0,-0.0436,-0.1815,0.5794,0.0000
17.3897,-0.3761,0.3107,0.5794,0.0000,0,0,-0.0425,-0.1806,0.5794,0.0000
17.3997,-0.6258,0.3837,0.5794,0.0000,0,0,-0.0466,-0.1839,0.5794,0.0000
17.4101,-0.0025,0.0272,0.5794,0.0000,0,0,-0.0375,-0.1770,0.5794,0.0000
17.4201,-0.4788,-0.0426,0.5794,0.0000,0,0,-0.0389,-0.1781,0.5794,0.0000
17.4298,-0.2978,0.1311,0.5794,0.0000,0,0,-0.0364,-0.1763,0.5794,0.0000
17.4397,-0.4675,0.3023,0.5794,0.0000,0,0,-0.0378,-0.1772,0.5794,0.0000
17.4498,-0.0950,0.0099,0.5794,0.0000,0,0,-0.0308,-0.1728,0.5794,0.0000
17.4605,-0.5350,-0.1610,0.5794,0.0000,0,0,-0.0341,-0.1748,0.5794,0.0000
17.4701,-0.2919,-0.0703,0.5794,0.0000,0,0,-0.0318,-0.1735,0.5794,0.0000
17.4798,-0.3497,0.2862,0.5794,0.0000,0,0,-0.0310,-0.1730,0.5794,0.0000
17.4898,-0.1575,0.2043,0.5794,0.0000,0,0,-0.0259,-0.1702,0.5794,0.0000
17.4997,-0.5088,-0.0282,0.5794,0.0000,0,0,-0.0292,-0.1719,0.5794,0.0000
17.5106,-0.4099,-0.2453,0.5794,0.0000,0,0,-0.0302,-0.1725,0.5794,0.0000
17.5208,-0.3187,0.0730,0.5794,0.0000,0,0,-0.0292,-0.1719,0.5794,0.0000
17.5298,-0.2718,0.1922,0.5794,0.0000,0,0,-0.0272,-0.1710,0.5794,0.0000
17.5398,-0.4799,0.1633,0.5794,0.0000,0,0,-0.0301,-0.1724,0.5794,0.0000
17.5498,-0.6161,-0.1298,0.5794,0.0000,0,0,-0.0362,-0.1750,0.5794,0.0000
17.5600,-0.3747,0.0234,0.5794,0.0000,0,0,-0.0367,-0.1752,0.5794,0.0000
17.5706,-0.3878,0.1149,0.5794,0.0000,0,0,-0.0375,-0.1756,0.5794,0.0000
17.5797,-0.4303,0.0934,0.5794,0.0000,0,0,-0.0394,-0.1763,0.5794,0.0000
17.5898,-0.6187,-0.1543,0.5794,0.0000,0,0,-0.0455,-0.1785,0.5794,0.0000
17.5997,-0.3737,-0.1015,0.5794,0.0000,0,0,-0.0460,-0.1787,0.5794,0.0000
17.6101,-0.3128,0.1377,0.5794,0.0000,0,0,-0.0453,-0.1785,0.5794,0.0000
17.6201,-0.4125,0.1503,0.5794,0.0000,0,0,-0.0469,-0.1789,0.5794,0.0000
17.6298,-0.7060,-0.0280,0.5794,0.0000,0,0,-0.0548,-0.1811,0.5794,0.0000
17.6398,-0.4998,-0.0806,0.5794,0.0000,0,0,-0.0581,-0.1820,0.5794,0.0000
17.6498,-0.3800,0.0052,0.5794,0.0000,0,0,-0.0590,-0.1822,0.5794,0.0000
17.6606,-0.3128,-0.0312,0.5794,0.0000,0,0,-0.0586,-0.1821,0.5794,0.0000
17.6701,-0.4934,-0.0514,0.5794,0.0000,0,0,-0.0620,-0.1826,0.5794,0.0000
17.6797,-0.4206,-0.1981,0.5794,0.0000,0,0,-0.0639,-0.1829,0.5794,0.0000
17.6898,-0.5497,0.0379,0.5794,0.0000,0,0,-0.0685,-0.1834,0.5794,0.0000
17.6998,-0.2811,0.0838,0.5794,0.0000,0,0,-0.0677,-0.1833,0.5794,0.0000
17.7106,-0.4239,0.2062,0.5794,0.0000,0,0,-0.0698,-0.1834,0.5794,0.0000
17.7206,-0.3391,0.1098,0.5794,0.0000,0,0,-0.0704,-0.1834,0.5794,0.0000
17.7298,-0.6024,0.1131,0.5794,0.0000,0,0,-0.0760,-0.1832,0.5794,0.0000
17.7398,-0.3656,-0.1256,0.5794,0.0000,0,0,-0.0771,-0.1831,0.5794,0.0000
17.7498,-0.3931,0.0849,0.5794,0.0000,0,0,-0.0788,-0.1829,0.5794,0.0000
17.7601,-0.3461,0.2245,0.5794,0.0000,0,0,-0.0797,-0.1827,0.5794,0.0000
17.7706,-0.6786,0.4984,0.5794,0.0000,0,0,-0.0866,-0.1814,0.5794,0.0000
17.7797,-0.3063,-0.0754,0.5794,0.0000,0,0,-0.0868,-0.1813,0.5794,0.0000
17.7898,-0.0927,0.0136,0.5794,0.0000,0,0,-0.0835,-0.1822,0.5794,0.0000
17.7997,-0.3001,0.3694,0.5794,0.0000,0,0,-0.0839,-0.1821,0.5794,0.0000
17.8101,-0.8927,0.5994,0.5794,0.0000,0,0,-0.0939,-0.1783,0.5794,0.0000
17.8201,-0.6769,0.0081,0.5794,0.0000,0,0,-0.1001,-0.1756,0.5794,0.0000
17.8298,-0.1438,-0.1236,0.5794,0.0000,0,0,-0.0981,-0.1766,0.5794,0.0000
17.8397,-0.2274,0.2617,0.5794,0.0000,0,0,-0.0974,-0.1769,0.5794,0.0000
17.8498,-0.4975,0.8514,0.5794,0.0000,0,0,-0.1008,-0.1749,0.5794,0.0000
17.8606,-0.4969,0.3588,0.5794,0.0000,0,0,-0.1040,-0.1727,0.5794,0.0000
17.8701,0.1014,-0.0820,0.5794,0.0000,0,0,-0.0993,-0.1762,0.5794,0.0000
17.8798,-0.2144,0.0541,0.5794,0.0000,0,0,-0.0990,-0.1765,0.5794,0.0000
17.8898,-0.4804,0.5517,0.5794,0.0000,0,0,-0.1019,-0.1738,0.5794,0.0000
17.8998,-0.8252,0.4145,0.5794,0.0000,0,0,-0.1087,-0.1672,0.5794,0.0000
17.9107,0.0140,-0.0240,0.5794,0.0000,0,0,-0.1059,-0.1702,0.5794,0.0000
17.9207,-0.0945,-0.0709,0.5794,0.0000,0,0,-0.1046,-0.1718,0.5794,0.0000
17.9298,-0.1129,0.5287,0.5794,0.0000,0,0,-0.1036,-0.1731,0.5794,0.0000
17.9398,-0.7448,0.5201,0.5794,0.0000,0,0,-0.1084,-0.1661,0.5794,0.0000
17.9498,0.0609,0.1169,0.5794,0.0000,0,0,-0.1061,-0.1698,0.5794,0.0000
17.9601,-0.0221,-0.1110,0.5794,0.0000,0,0,-0.1048,-0.1723,0.5794,0.0000
17.9706,-0.0356,0.2011,0.5794,0.0000,0,0,-0.1037,-0.1745,0.5794,0.0000
17.9797,-0.7022,0.4169,0.5794,0.0000,0,0,-0.1070,-0.1668,0.5794,0.0000
17.9898,-0.2108,0.1964,0.5794,0.0000,0,0,-0.1072,-0.1665,0.5794,0.0000
17.9998,-0.1098,0.0467,0.5794,0.0000,0,0,-0.1068,-0.1675,0.5794,0.0000
18.0102,0.0432,0.0964,0.5794,0.0000,0,0,-0.1059,-0.1709,0.5794,0.0000
18.0200,-0.5023,0.1842,0.5794,0.0000,0,0,-0.1071,-0.1655,0.5794,0.0000
18.0297,-0.3048,0.1577,0.5794,0.0000,0,0,-0.1075,-0.1632,0.5794,0.0000
18.0398,-0.2799,-0.0067,0.5794,0.0000,0,0,-0.1077,-0.1612,0.5794,0.0000
18.0498,0.0551,0.0340,0.5794,0.0000,0,0,-0.1075,-0.1648,0.5794,0.0000
18.0606,-0.3872,0.2577,0.5794,0.0000,0,0,-0.1076,-0.1607,0.5794,0.0000
18.0701,-0.2018,0.1199,0.5794,0.0000,0,0,-0.1076,-0.1598,0.5794,0.0000
18.0797,-0.2546,-0.0576,0.5794,0.0000,0,0,-0.1075,-0.1580,0.5794,0.0000
18.0898,-0.1225,-0.0937,0.5794,0.0000,0,0,-0.1075,-0.1583,0.5794,0.0000
18.0997,-0.4218,0.1617,0.5794,0.0000,0,0,-0.1069,-0.1535,0.5794,0.0000
18.1106,-0.3536,0.1404,0.5794,0.0000,0,0,-0.1062,-0.1498,0.5794,0.0000
18.1207,-0.2242,0.1232,0.5794,0.0000,0,0,-0.1059,-0.1483,0.5794,0.0000
18.1298,-0.0382,0.0209,0.5794,0.0000,0,0,-0.1063,-0.1501,0.5794,0.0000
18.1398,-0.3058,0.2441,0.5794,0.0000,0,0,-0.1055,-0.1471,0.5794,0.0000
18.1498,-0.4664,0.1736,0.5794,0.0000,0,0,-0.1035,-0.1415,0.5794,0.0000
18.1601,-0.2897,0.1438,0.5794,0.0000,0,0,-0.1026,-0.1389,0.5794,0.0000
18.1706,-0.0920,-0.0932,0.5794,0.0000,0,0,-0.1029,-0.1397,0.5794,0.0000
18.1797,-0.2426,0.1365,0.5794,0.0000,0,0,-0.1020,-0.1379,0.5794,0.0000
18.1898,-0.4151,0.1891,0.5794,0.0000,0,0,-0.0997,-0.1333,0.5794,0.0000
18.1997,-0.3363,0.1963,0.5794,0.0000,0,0,-0.0979,-0.1302,0.5794,0.0000
18.2101,-0.1673,-0.0840,0.5794,0.0000,0,0,-0.0977,-0.1298,0.5794,0.0000
18.2200,-0.1291,0.0608,0.5794,0.0000,0,0,-0.0978,-0.1299,0.5794,0.0000
18.2298,-0.2794,0.3245,0.5794,0.0000,0,0,-0.0963,-0.1278,0.5794,0.0000
18.2397,-0.2970,0.3786,0.5794,0.0000,0,0,-0.0945,-0.1255,0.5794,0.0000
18.2498,-0.0953,-0.0148,0.5794,0.0000,0,0,-0.0950,-0.1261,0.5794,0.0000
18.2606,-0.0290,0.0282,0.5794,0.0000,0,0,-0.0964,-0.1277,0.5794,0.0000
18.2701,-0.2071,0.1304,0.5794,0.0000,0,0,-0.0955,-0.1267,0.5794,0.0000
18.2798,-0.0888,0.1611,0.5794,0.0000,0,0,-0.0961,-0.1273,0.5794,0.0000
18.2898,-0.1214,0.1079,0.5794,0.0000,0,0,-0.0963,-0.1275,0.5794,0.0000
18.2997,-0.0632,0.0656,0.5794,0.0000,0,0,-0.0974,-0.1284,0.5794,0.0000
18.3106,-0.2645,0.1367,0.5794,0.0000,0,0,-0.0955,-0.1269,0.5794,0.0000
18.3206,-0.2047,0.1650,0.5794,0.0000,0,0,-0.0945,-0.1262,0.5794,0.0000
18.3298,-0.2067,0.1943,0.5794,0.0000,0,0,-0.0935,-0.1255,0.5794,0.0000
18.3397,0.0184,0.0974,0.5794,0.0000,0,0,-0.0959,-0.1270,0.5794,0.0000
18.3498,-0.1542,0.3075,0.5794,0.0000,0,0,-0.0957,-0.1269,0.5794,0.0000
18.3601,-0.0641,0.2745,0.5794,0.0000,0,0,-0.0969,-0.1275,0.5794,0.0000
18.3706,-0.0881,0.2176,0.5794,0.0000,0,0,-0.0978,-0.1279,0.5794,0.0000
18.3798,0.0892,-0.1072,0.5794,0.0000,0,0,-0.1016,-0.1295,0.5794,0.0000
18.3898,-0.1312,0.1669,0.5794,0.0000,0,0,-0.1017,-0.1295,0.5794,0.0000
18.3998,-0.2077,0.1478,0.5794,0.0000,0,0,-0.1005,-0.1291,0.5794,0.0000
18.4100,-0.3476,0.1940,0.5794,0.0000,0,0,-0.0970,-0.1282,0.5794,0.0000
18.4201,0.0515,-0.0947,0.5794,0.0000,0,0,-0.1004,-0.1290,0.5794,0.0000
18.4298,-0.0272,0.1854,0.5794,0.0000,0,0,-0.1025,-0.1293,0.5794,0.0000
18.4397,-0.0865,0.2634,0.5794,0.0000,0,0,-0.1036,-0.1295,0.5794,0.0000
18.4498,-0.3755,0.2151,0.5794,0.0000,0,0,-0.0997,-0.1291,0.5794,0.0000
18.4606,-0.0516,-0.1858,0.5794,0.0000,0,0,-0.1015,-0.1292,0.5794,0.0000
18.4701,-0.0774,-0.0024,0.5794,0.0000,0,0,-0.1029,-0.1292,0.5794,0.0000
18.4797,-0.0300,0.1002,0.5794,0.0000,0,0,-0.1051,-0.1290,0.5794,0.0000
18.4898,-0.3938,0.2856,0.5794,0.0000,0,0,-0.1011,-0.1295,0.5794,0.0000
18.4998,0.0604,0.0970,0.5794,0.0000,0,0,-0.1050,-0.1288,0.5794,0.0000
18.5106,-0.0172,0.1256,0.5794,0.0000,0,0,-0.1075,-0.1282,0.5794,0.0000
18.5207,-0.0949,0.3460,0.5794,0.0000,0,0,-0.1087,-0.1279,0.5794,0.0000
18.5297,-0.5412,0.1563,0.5794,0.0000,0,0,-0.1027,-0.1299,0.5794,0.0000
18.5397,0.1447,-0.3403,0.5794,0.0000,0,0,-0.1079,-0.1278,0.5794,0.0000
18.5498,0.0227,0.1770,0.5794,0.0000,0,0,-0.1111,-0.1263,0.5794,0.0000
18.5601,-0.1336,0.8187,0.5794,0.0000,0,0,-0.1119,-0.1259,0.5794,0.0000
18.5706,-0.5458,0.5578,0.5794,0.0000,0,0,-0.1064,-0.1293,0.5794,0.0000
18.5797,0.2045,-0.1440,0.5794,0.0000,0,0,-0.1123,-0.1252,0.5794,0.0000
18.5898,0.0756,-0.1934,0.5794,0.0000,0,0,-0.1161,-0.1223,0.5794,0.0000
18.5999,-0.2111,0.6169,0.5794,0.0000,0,0,-0.1158,-0.1226,0.5794,0.0000
18.6101,-0.5486,0.4571,0.5794,0.0000,0,0,-0.1112,-0.1270,0.5794,0.0000
18.6200,0.2730,0.0394,0.5794,0.0000,0,0,-0.1173,-0.1205,0.5794,0.0000
18.6298,0.0833,0.1254,0.5794,0.0000,0,0,-0.1208,-0.1164,0.5794,0.0000
18.6398,-0.0973,0.6035,0.5794,0.0000,0,0,-0.1220,-0.1148,0.5794,0.0000
18.6498,-0.4788,0.4858,0.5794,0.0000,0,0,-0.1190,-0.1192,0.5794,0.0000
18.6605,0.2956,0.1163,0.5794,0.0000,0,0,-0.1243,-0.1106,0.5794,0.0000
18.6701,0.3132,-0.2572,0.5794,0.0000,0,0,-0.1293,-0.1016,0.5794,0.0000
18.6798,0.1578,0.3008,0.5794,0.0000,0,0,-0.1325,-0.0951,0.5794,0.0000
18.6898,-0.3330,0.3649,0.5794,0.0000,0,0,-0.1314,-0.0977,0.5794,0.0000
18.6998,0.0927,0.2318,0.5794,0.0000,0,0,-0.1336,-0.0920,0.5794,0.0000
18.7106,0.0924,-0.1153,0.5794,0.0000,0,0,-0.1356,-0.0861,0.5794,0.0000
18.7207,0.1163,0.1286,0.5794,0.0000,0,0,-0.1375,-0.0797,0.5794,0.0000
18.7298,-0.2560,0.0172,0.5794,0.0000,0,0,-0.1372,-0.0810,0.5794,0.0000
18.7397,-0.1558,-0.0597,0.5794,0.0000,0,0,-0.1374,-0.0800,0.5794,0.0000
18.7497,-0.1641,-0.3707,0.5794,0.0000,0,0,-0.1375,-0.0791,0.5794,0.0000
18.7600,0.0113,-0.1607,0.5794,0.0000,0,0,-0.1381,-0.0741,0.5794,0.0000
18.7706,-0.1743,-0.1087,0.5794,0.0000,0,0,-0.1382,-0.0733,0.5794,0.0000
18.7798,-0.2262,0.3760,0.5794,0.0000,0,0,-0.1382,-0.0737,0.5794,0.0000
18.7898,-0.2936,0.1867,0.5794,0.0000,0,0,-0.1381,-0.0754,0.5794,0.0000
18.7998,-0.0605,0.1480,0.5794,0.0000,0,0,-0.1381,-0.0715,0.5794,0.0000
18.8101,-0.1906,-0.1461,0.5794,0.0000,0,0,-0.1380,-0.0706,0.5794,0.0000
18.8200,-0.4583,0.0655,0.5794,0.0000,0,0,-0.1385,-0.0761,0.5794,0.0000
18.8298,-0.4410,-0.0039,0.5794,0.0000,0,0,-0.1391,-0.0809,0.5794,0.0000
18.8397,0.1500,0.2571,0.5794,0.0000,0,0,-0.1376,-0.0710,0.5794,0.0000
18.8498,0.0097,0.2031,0.5794,0.0000,0,0,-0.1364,-0.0647,0.5794,0.0000
18.8606,-0.2786,0.4237,0.5794,0.0000,0,0,-0.1365,-0.0655,0.5794,0.0000
18.8701,-0.3425,0.1486,0.5794,0.0000,0,0,-0.1371,-0.0677,0.5794,0.0000
18.8797,0.0523,0.1484,0.5794,0.0000,0,0,-0.1349,-0.0600,0.5794,0.0000
18.8898,-0.1114,0.0949,0.5794,0.0000,0,0,-0.1338,-0.0565,0.5794,0.0000
18.8998,-0.2923,0.1127,0.5794,0.0000,0,0,-0.1341,-0.0574,0.5794,0.0000
18.9107,-0.2296,-0.1016,0.5794,0.0000,0,0,-0.1338,-0.0567,0.5794,0.0000
18.9207,0.1929,0.0616,0.5794,0.0000,0,0,-0.1291,-0.0457,0.5794,0.0000
18.9298,-0.1761,0.1693,0.5794,0.0000,0,0,-0.1282,-0.0438,0.5794,0.0000
18.9397,-0.4540,0.2847,0.5794,0.0000,0,0,-0.1305,-0.0484,0.5794,0.0000
18.9498,-0.2793,0.0375,0.5794,0.0000,0,0,-0.1306,-0.0487,0.5794,0.0000
18.9601,0.0462,-0.1295,0.5794,0.0000,0,0,-0.1265,-0.0414,0.5794,0.0000
18.9706,-0.2144,0.1416,0.5794,0.0000,0,0,-0.1257,-0.0402,0.5794,0.0000
18.9797,-0.1748,0.4280,0.5794,0.0000,0,0,-0.1244,-0.0381,0.5794,0.0000
18.9898,-0.0426,-0.0012,0.5794,0.0000,0,0,-0.1210,-0.0332,0.5794,0.0000
18.9998,0.1618,-0.3751,0.5794,0.0000,0,0,-0.1144,-0.0242,0.5794,0.0000
19.0102,-0.1699,-0.0542,0.5794,0.0000,0,0,-0.1130,-0.0224,0.5794,0.0000
19.0201,-0.2829,0.4294,0.5794,0.0000,0,0,-0.1135,-0.0229,0.5794,0.0000
19.0297,-0.3804,0.1227,0.5794,0.0000,0,0,-0.1155,-0.0253,0.5794,0.0000
19.0397,-0.0519,-0.3601,0.5794,0.0000,0,0,-0.1117,-0.0211,0.5794,0.0000
19.0499,-0.0625,-0.1881,0.5794,0.0000,0,0,-0.1081,-0.0171,0.5794,0.0000
19.0605,-0.1398,0.1473,0.5794,0.0000,0,0,-0.1058,-0.0148,0.5794,0.0000
19.0700,-0.3335,0.0127,0.5794,0.0000,0,0,-0.1072,-0.0162,0.5794,0.0000
19.0798,-0.1791,-0.4325,0.5794,0.0000,0,0,-0.1056,-0.0146,0.5794,0.0000
19.0898,-0.1215,-0.2567,0.5794,0.0000,0,0,-0.1028,-0.0120,0.5794,0.0000
19.0998,-0.2718,0.3043,0.5794,0.0000,0,0,-0.1029,-0.0122,0.5794,0.0000
19.1106,-0.4187,0.1400,0.5794,0.0000,0,0,-0.1060,-0.0147,0.5794,0.0000
19.1207,-0.1277,-0.5060,0.5794,0.0000,0,0,-0.1029,-0.0123,0.5794,0.0000
19.1299,0.1181,-0.3865,0.5794,0.0000,0,0,-0.0947,-0.0060,0.5794,0.0000
19.1398,-0.1506,0.3160,0.5794,0.0000,0,0,-0.0923,-0.0042,0.5794,0.0000
19.1498,-0.5371,0.4260,0.5794,0.0000,0,0,-0.0984,-0.0085,0.5794,0.0000
19.1601,-0.2954,-0.2884,0.5794,0.0000,0,0,-0.0989,-0.0088,0.5794,0.0000
19.1706,-0.0674,-0.2772,0.5794,0.0000,0,0,-0.0942,-0.0058,0.5794,0.0000
19.1797,-0.3129,0.2850,0.5794,0.0000,0,0,-0.0952,-0.0064,0.5794,0.0000
19.1898,-0.5051,0.2229,0.5794,0.0000,0,0,-0.1004,-0.0096,0.5794,0.0000
19.1998,-0.2335,-0.1693,0.5794,0.0000,0,0,-0.0992,-0.0089,0.5794,0.0000
19.2101,-0.0931,-0.0276,0.5794,0.0000,0,0,-0.0947,-0.0064,0.5794,0.0000
19.2201,-0.3372,0.4518,0.5794,0.0000,0,0,-0.0960,-0.0071,0.5794,0.0000
19.2298,-0.3067,0.6323,0.5794,0.0000,0,0,-0.0965,-0.0073,0.5794,0.0000
19.2398,-0.0791,-0.0341,0.5794,0.0000,0,0,-0.0917,-0.0049,0.5794,0.0000
19.2498,-0.2136,-0.1078,0.5794,0.0000,0,0,-0.0901,-0.0041,0.5794,0.0000
19.2605,-0.4252,0.3481,0.5794,0.0000,0,0,-0.0934,-0.0057,0.5794,0.0000
19.2701,-0.2591,0.4945,0.5794,0.0000,0,0,-0.0928,-0.0054,0.5794,0.0000
19.2798,0.0230,0.1473,0.5794,0.0000,0,0,-0.0857,-0.0023,0.5794,0.0000
19.2898,-0.0102,-0.1094,0.5794,0.0000,0,0,-0.0796,0.0002,0.5794,0.0000
19.2998,-0.0886,0.1901,0.5794,0.0000,0,0,-0.0755,0.0018,0.5794,0.0000
19.3106,-0.1608,0.3333,0.5794,0.0000,0,0,-0.0732,0.0027,0.5794,0.0000
19.3207,-0.1392,-0.1131,0.5794,0.0000,0,0,-0.0705,0.0037,0.5794,0.0000
19.3298,-0.1084,-0.4015,0.5794,0.0000,0,0,-0.0673,0.0048,0.5794,0.0000
19.3398,-0.1869,0.0883,0.5794,0.0000,0,0,-0.0658,0.0052,0.5794,0.0000
19.3498,-0.2930,0.3432,0.5794,0.0000,0,0,-0.0667,0.0050,0.5794,0.0000
19.3600,-0.3231,-0.0621,0.5794,0.0000,0,0,-0.0681,0.0046,0.5794,0.0000
19.3706,-0.0842,-0.7172,0.5794,0.0000,0,0,-0.0645,0.0054,0.5794,0.0000
19.3797,-0.0382,-0.2698,0.5794,0.0000,0,0,-0.0601,0.0064,0.5794,0.0000
19.3898,-0.3401,0.2258,0.5794,0.0000,0,0,-0.0620,0.0060,0.5794,0.0000
19.3998,-0.5530,0.0846,0.5794,0.0000,0,0,-0.0682,0.0051,0.5794,0.0000
19.4101,-0.2125,-0.6042,0.5794,0.0000,0,0,-0.0672,0.0052,0.5794,0.0000
19.4200,-0.0878,-0.1636,0.5794,0.0000,0,0,-0.0639,0.0055,0.5794,0.0000
19.4298,-0.3104,0.3595,0.5794,0.0000,0,0,-0.0650,0.0054,0.5794,0.0000
19.4397,-0.4568,0.1648,0.5794,0.0000,0,0,-0.0689,0.0053,0.5794,0.0000
19.4498,-0.0680,-0.3632,0.5794,0.0000,0,0,-0.0652,0.0053,0.5794,0.0000
19.4605,-0.1634,0.0756,0.5794,0.0000,0,0,-0.0635,0.0052,0.5794,0.0000
19.4701,-0.3446,0.4194,0.5794,0.0000,0,0,-0.0652,0.0053,0.5794,0.0000
19.4798,-0.5408,0.1704,0.5794,0.0000,0,0,-0.0704,0.0060,0.5794,0.0000
19.4898,-0.0942,-0.2613,0.5794,0.0000,0,0,-0.0674,0.0055,0.5794,0.0000
19.4998,-0.3323,-0.0266,0.5794,0.0000,0,0,-0.0688,0.0058,0.5794,0.0000
19.5106,-0.3796,0.5118,0.5794,0.0000,0,0,-0.0708,0.0063,0.5794,0.0000
19.5207,-0.4378,0.1918,0.5794,0.0000,0,0,-0.0738,0.0072,0.5794,0.0000
19.5298,0.0286,-0.1239,0.5794,0.0000,0,0,-0.0690,0.0056,0.5794,0.0000
19.5398,-0.4153,0.0621,0.5794,0.0000,0,0,-0.0715,0.0066,0.5794,0.0000
19.5498,-0.4685,0.3623,0.5794,0.0000,0,0,-0.0747,0.0080,0.5794,0.0000
19.5600,-0.5268,-0.0325,0.5794,0.0000,0,0,-0.0786,0.0100,0.5794,0.0000
19.5706,-0.1182,-0.2231,0.5794,0.0000,0,0,-0.0764,0.0088,0.5794,0.0000
19.5798,-0.3525,-0.2185,0.5794,0.0000,0,0,-0.0777,0.0096,0.5794,0.0000
19.5898,-0.0405,0.3494,0.5794,0.0000,0,0,-0.0747,0.0075,0.5794,0.0000
19.5998,-0.2702,0.1736,0.5794,0.0000,0,0,-0.0748,0.0076,0.5794,0.0000
19.6101,-0.2069,-0.1560,0.5794,0.0000,0,0,-0.0742,0.0071,0.5794,0.0000
19.6201,-0.4090,-0.1986,0.5794,0.0000,0,0,-0.0760,0.0088,0.5794,0.0000
19.6298,-0.1502,0.2846,0.5794,0.0000,0,0,-0.0748,0.0076,0.5794,0.0000
19.6397,-0.3559,0.0742,0.5794,0.0000,0,0,-0.0759,0.0088,0.5794,0.0000
19.6498,-0.2214,-0.1652,0.5794,0.0000,0,0,-0.0756,0.0084,0.5794,0.0000
19.6606,-0.2568,-0.1555,0.5794,0.0000,0,0,-0.0757,0.0085,0.5794,0.0000
19.6701,-0.0823,0.3009,0.5794,0.0000,0,0,-0.0742,0.0063,0.5794,0.0000
19.6798,-0.3637,0.1601,0.5794,0.0000,0,0,-0.0752,0.0079,0.5794,0.0000
19.6898,-0.2766,-0.1746,0.5794,0.0000,0,0,-0.0755,0.0084,0.5794,0.0000
19.6998,-0.2865,-0.2208,0.5794,0.0000,0,0,-0.0758,0.0091,0.5794,0.0000
19.7106,-0.1054,0.1039,0.5794,0.0000,0,0,-0.0750,0.0071,0.5794,0.0000
19.7207,-0.3667,0.0915,0.5794,0.0000,0,0,-0.0757,0.0091,0.5794,0.0000
19.7298,-0.3917,-0.1516,0.5794,0.0000,0,0,-0.0764,0.0115,0.5794,0.0000
19.7398,-0.3024,-0.0838,0.5794,0.0000,0,0,-0.0766,0.0125,0.5794,0.0000
19.7498,-0.2601,0.0595,0.5794,0.0000,0,0,-0.0767,0.0129,0.5794,0.0000
19.7601,-0.3431,-0.0757,0.5794,0.0000,0,0,-0.0770,0.0146,0.5794,0.0000
19.7707,-0.2407,-0.4017,0.5794,0.0000,0,0,-0.0770,0.0148,0.5794,0.0000
19.7798,-0.2546,-0.0524,0.5794,0.0000,0,0,-0.0770,0.0151,0.5794,0.0000
19.7898,-0.4475,0.2353,0.5794,0.0000,0,0,-0.0771,0.0188,0.5794,0.0000
19.7998,-0.6295,0.1437,0.5794,0.0000,0,0,-0.0769,0.0255,0.5794,0.0000
19.8101,-0.3992,-0.3473,0.5794,0.0000,0,0,-0.0767,0.0283,0.5794,0.0000
19.8200,-0.4602,0.0090,0.5794,0.0000,0,0,-0.0763,0.0320,0.5794,0.0000
19.8298,-0.3588,0.2801,0.5794,0.0000,0,0,-0.0760,0.0340,0.5794,0.0000
19.8398,-0.3486,0.1960,0.5794,0.0000,0,0,-0.0757,0.0359,0.5794,0.0000
19.8498,-0.2037,0.1193,0.5794,0.0000,0,0,-0.0758,0.0352,0.5794,0.0000
19.8606,-0.4674,0.1748,0.5794,0.0000,0,0,-0.0747,0.0392,0.5794,0.0000
19.8701,-0.2063,0.0498,0.5794,0.0000,0,0,-0.0749,0.0386,0.5794,0.0000
19.8797,-0.3427,0.1975,0.5794,0.0000,0,0,-0.0743,0.0404,0.5794,0.0000
19.8898,-0.4700,0.2939,0.5794,0.0000,0,0,-0.0727,0.0443,0.5794,0.0000
19.8998,-0.5063,-0.0156,0.5794,0.0000,0,0,-0.0707,0.0488,0.5794,0.0000
19.9106,0.2081,-0.1001,0.5794,0.0000,0,0,-0.0743,0.0414,0.5794,0.0000
19.9207,0.0434,0.3073,0.5794,0.0000,0,0,-0.0767,0.0371,0.5794,0.0000
19.9298,-0.1926,0.6247,0.5794,0.0000,0,0,-0.0769,0.0366,0.5794,0.0000
19.9398,-0.1935,0.1094,0.5794,0.0000,0,0,-0.0771,0.0363,0.5794,0.0000
19.9498,0.2431,-0.0594,0.5794,0.0000,0,0,-0.0818,0.0294,0.5794,0.0000
19.9601,-0.1772,0.2969,0.5794,0.0000,0,0,-0.0821,0.0291,0.5794,0.0000
19.9706,-0.1053,0.5394,0.5794,0.0000,0,0,-0.0831,0.0278,0.5794,0.0000
19.9798,-0.0104,0.0773,0.5794,0.0000,0,0,-0.0852,0.0252,0.5794,0.0000
19.9898,0.1869,0.0367,0.5794,0.0000,0,0,-0.0898,0.0202,0.5794,0.0000
19.9998,0.1445,0.1086,0.5794,0.0000,0,0,-0.0939,0.0160,0.5794,0.0000
20.0102,0.4109,0.3681,0.5794,0.0000,1,1,-0.1015,0.0088,0.5794,0.0000
20.0201,0.1135,0.0569,0.5794,0.0000,1,1,-0.1051,0.0056,0.5794,0.0000
20.0297,-0.0138,-0.1424,0.5794,0.0000,1,1,-0.1068,0.0042,0.5794,0.0000
20.0398,0.2197,-0.1873,0.5794,0.0000,1,1,-0.1119,0.0003,0.5794,0.0000
20.0498,0.4524,0.0167,0.5794,0.0000,1,1,-0.1204,-0.0057,0.5794,0.0000
20.0604,0.1941,0.2803,0.5794,0.0000,1,1,-0.1250,-0.0086,0.5794,0.0000
20.0701,0.1648,0.3565,0.5794,0.0000,1,1,-0.1290,-0.0110,0.5794,0.0000
20.0798,0.2027,-0.2012,0.5794,0.0000,1,1,-0.1336,-0.0134,0.5794,0.0000
20.0898,0.2617,-0.4212,0.5794,0.0000,1,1,-0.1390,-0.0161,0.5794,0.0000
20.0998,0.0623,-0.0721,0.5794,0.0000,1,1,-0.1411,-0.0170,0.5794,0.0000
20.1107,-0.0286,0.0761,0.5794,0.0000,1,1,-0.1416,-0.0172,0.5794,0.0000
20.1207,-0.0777,-0.2144,0.5794,0.0000,1,1,-0.1412,-0.0171,0.5794,0.0000
20.1298,0.2078,-0.3648,0.5794,0.0000,1,1,-0.1456,-0.0184,0.5794,0.0000
20.1397,-0.1684,0.0627,0.5794,0.0000,1,1,-0.1435,-0.0179,0.5794,0.0000
20.1498,-0.6607,0.5482,0.5794,0.0000,1,1,-0.1330,-0.0158,0.5794,0.0000
20.1601,-0.7170,-0.0450,0.5794,0.0000,1,1,-0.1217,-0.0141,0.5794,0.0000
20.1706,-0.1384,-0.4364,0.5794,0.0000,1,1,-0.1206,-0.0139,0.5794,0.0000
20.1797,-0.3516,0.3095,0.5794,0.0000,1,1,-0.1158,-0.0137,0.5794,0.0000
20.1898,-0.4756,0.6776,0.5794,0.0000,1,1,-0.1090,-0.0136,0.5794,0.0000
20.1998,-0.2634,0.0093,0.5794,0.0000,1,1,-0.1060,-0.0137,0.5794,0.0000
20.2101,-0.1213,-0.1480,0.5794,0.0000,1,1,-0.1054,-0.0138,0.5794,0.0000
20.2201,-0.5718,0.2803,0.5794,0.0000,1,1,-0.0973,-0.0150,0.5794,0.0000
20.2297,-0.5493,0.4885,0.5794,0.0000,1,1,-0.0898,-0.0164,0.5794,0.0000
20.2397,-0.2848,0.0253,0.5794,0.0000,1,1,-0.0869,-0.0171,0.5794,0.0000
20.2499,-0.2384,0.0558,0.5794,0.0000,1,1,-0.0850,-0.0178,0.5794,0.0000
20.2606,-0.4772,0.4793,0.5794,0.0000,1,1,-0.0792,-0.0199,0.5794,0.0000
20.2700,-0.3899,0.4640,0.5794,0.0000,1,1,-0.0751,-0.0217,0.5794,0.0000
20.2797,-0.2119,0.0708,0.5794,0.0000,1,1,-0.0739,-0.0223,0.5794,0.0000
20.2898,-0.3010,-0.0831,0.5794,0.0000,1,1,-0.0714,-0.0237,0.5794,0.0000
20.2998,-0.3434,0.2811,0.5794,0.0000,1,1,-0.0685,-0.0256,0.5794,0.0000
20.3106,-0.3195,0.3554,0.5794,0.0000,1,1,-0.0661,-0.0273,0.5794,0.0000
20.3207,-0.4051,-0.1070,0.5794,0.0000,1,1,-0.0626,-0.0302,0.5794,0.0000
20.3298,-0.3180,-0.1885,0.5794,0.0000,1,1,-0.0605,-0.0320,0.5794,0.0000
20.3397,-0.1557,0.2650,0.5794,0.0000,1,1,-0.0607,-0.0319,0.5794,0.0000
20.3498,-0.2331,0.1494,0.5794,0.0000,1,1,-0.0599,-0.0327,0.5794,0.0000
20.3601,-0.3391,-0.2316,0.5794,0.0000,1,1,-0.0579,-0.0351,0.5794,0.0000
20.3706,-0.3811,-0.2293,0.5794,0.0000,1,1,-0.0557,-0.0382,0.5794,0.0000
20.3797,-0.3550,-0.0475,0.5794,0.0000,1,1,-0.0539,-0.0409,0.5794,0.0000
20.3898,-0.4526,-0.0568,0.5794,0.0000,1,1,-0.0513,-0.0453,0.5794,0.0000
20.3999,-0.4620,-0.1001,0.5794,0.0000,1,1,-0.0488,-0.0498,0.5794,0.0000
20.4101,-0.6845,0.1288,0.5794,0.0000,1,1,-0.0448,-0.0585,0.5794,0.0000
20.4200,-0.4432,0.0814,0.5794,0.0000,1,1,-0.0431,-0.0625,0.5794,0.0000
20.4298,-0.1820,0.1101,0.5794,0.0000,1,1,-0.0435,-0.0614,0.5794,0.0000
20.4398,-0.4032,0.4371,0.5794,0.0000,1,1,-0.0424,-0.0647,0.5794,0.0000
20.4498,-0.7772,0.3819,0.5794,0.0000,1,1,-0.0394,-0.0757,0.5794,0.0000
20.4606,-0.3091,-0.1931,0.5794,0.0000,1,1,-0.0392,-0.0766,0.5794,0.0000
20.4701,-0.2932,0.0798,0.5794,0.0000,1,1,-0.0391,-0.0771,0.5794,0.0000
20.4798,-0.6212,0.6808,0.5794,0.0000,1,1,-0.0379,-0.0849,0.5794,0.0000
20.4899,-0.6423,0.4902,0.5794,0.0000,1,1,-0.0370,-0.0929,0.5794,0.0000
20.4998,-0.0322,0.0365,0.5794,0.0000,1,1,-0.0375,-0.0867,0.5794,0.0000
20.5106,-0.1201,0.0827,0.5794,0.0000,1,1,-0.0376,-0.0825,0.5794,0.0000
20.5207,-0.2209,0.5538,0.5794,0.0000,1,1,-0.0376,-0.0808,0.5794,0.0000
20.5298,-0.3833,0.3061,0.5794,0.0000,1,1,-0.0377,-0.0829,0.5794,0.0000
20.5397,-0.0679,-0.1569,0.5794,0.0000,1,1,-0.0373,-0.0773,0.5794,0.0000
20.5498,-0.2324,-0.3330,0.5794,0.0000,1,1,-0.0371,-0.0758,0.5794,0.0000
20.5601,-0.2790,0.2964,0.5794,0.0000,1,1,-0.0371,-0.0754,0.5794,0.0000
20.5707,-0.3912,0.3807,0.5794,0.0000,1,1,-0.0375,-0.0777,0.5794,0.0000
20.5798,-0.2312,-0.2353,0.5794,0.0000,1,1,-0.0371,-0.0759,0.5794,0.0000
20.5898,-0.1431,-0.5617,0.5794,0.0000,1,1,-0.0362,-0.0720,0.5794,0.0000
20.5998,-0.2000,0.1938,0.5794,0.0000,1,1,-0.0355,-0.0695,0.5794,0.0000
20.6100,-0.9056,0.3454,0.5794,0.0000,1,1,-0.0401,-0.0844,0.5794,0.0000
20.6200,-1.1314,-0.0656,0.5794,0.0000,1,1,-0.0468,-0.1041,0.5794,0.0000
20.6298,-1.1009,-0.2597,0.5794,0.0000,1,1,-0.0535,-0.1222,0.5794,0.0000
20.6397,-1.1687,0.2263,0.5794,0.0000,1,1,-0.0611,-0.1410,0.5794,0.0000
20.6498,-1.1257,0.3408,0.5794,0.0000,1,1,-0.0685,-0.1579,0.5794,0.0000
20.6606,-0.7394,-0.1242,0.5794,0.0000,1,1,-0.0719,-0.1649,0.5794,0.0000
20.6701,-0.8257,0.0445,0.5794,0.0000,1,1,-0.0763,-0.1734,0.5794,0.0000
20.6798,-1.2622,0.6166,0.5794,0.0000,1,1,-0.0861,-0.1914,0.5794,0.0000
20.6898,-1.2080,0.5500,0.5794,0.0000,1,1,-0.0954,-0.2073,0.5794,0.0000
20.6998,-0.8470,0.0251,0.5794,0.0000,1,1,-0.0997,-0.2142,0.5794,0.0000
20.7105,-1.0027,-0.1069,0.5794,0.0000,1,1,-0.1062,-0.2240,0.5794,0.0000
20.7207,-0.9327,0.4389,0.5794,0.0000,1,1,-0.1117,-0.2317,0.5794,0.0000
20.7297,-0.7847,0.5053,0.5794,0.0000,1,1,-0.1148,-0.2358,0.5794,0.0000
20.7398,-0.6352,0.1603,0.5794,0.0000,1,1,-0.1153,-0.2365,0.5794,0.0000
20.7498,-0.7668,-0.1120,0.5794,0.0000,1,1,-0.1180,-0.2397,0.5794,0.0000
20.7601,-0.5157,0.0960,0.5794,0.0000,1,1,-0.1163,-0.2378,0.5794,0.0000
20.7706,-0.4460,0.2329,0.5794,0.0000,1,1,-0.1134,-0.2345,0.5794,0.0000
20.7798,-0.4836,-0.0196,0.5794,0.0000,1,1,-0.1111,-0.2321,0.5794,0.0000
20.7898,-0.4414,-0.3565,0.5794,0.0000,1,1,-0.1081,-0.2290,0.5794,0.0000
20.7997,-0.5124,0.2029,0.5794,0.0000,1,1,-0.1064,-0.2274,0.5794,0.0000
20.8101,-0.6670,0.4436,0.5794,0.0000,1,1,-0.1078,-0.2287,0.5794,0.0000
20.8200,-0.6573,0.0588,0.5794,0.0000,1,1,-0.1089,-0.2297,0.5794,0.0000
20.8298,-0.5806,-0.2629,0.5794,0.0000,1,1,-0.1084,-0.2293,0.5794,0.0000
20.8397,-0.6003,0.0797,0.5794,0.0000,1,1,-0.1084,-0.2292,0.5794,0.0000
20.8498,-0.5248,0.1989,0.5794,0.0000,1,1,-0.1068,-0.2280,0.5794,0.0000
20.8606,-0.3972,0.0958,0.5794,0.0000,1,1,-0.1025,-0.2248,0.5794,0.0000
20.8701,-0.5813,0.1069,0.5794,0.0000,1,1,-0.1024,-0.2247,0.5794,0.0000
20.8798,-0.8207,0.3702,0.5794,0.0000,1,1,-0.1075,-0.2282,0.5794,0.0000
20.8898,-0.5478,0.4408,0.5794,0.0000,1,1,-0.1065,-0.2275,0.5794,0.0000
20.8998,-0.5628,0.2986,0.5794,0.0000,1,1,-0.1058,-0.2271,0.5794,0.0000
20.9107,-0.7995,0.1762,0.5794,0.0000,1,1,-0.1107,-0.2301,0.5794,0.0000
20.9206,-0.8416,0.2701,0.5794,0.0000,1,1,-0.1164,-0.2335,0.5794,0.0000
20.9298,-0.6112,0.3867,0.5794,0.0000,1,1,-0.1167,-0.2336,0.5794,0.0000
20.9398,-0.7228,0.2415,0.5794,0.0000,1,1,-0.1196,-0.2353,0.5794,0.0000
20.9498,-0.6874,0.1576,0.5794,0.0000,1,1,-0.1216,-0.2364,0.5794,0.0000
20.9601,-0.7336,0.2398,0.5794,0.0000,1,1,-0.1248,-0.2380,0.5794,0.0000
20.9706,-0.6717,0.2446,0.5794,0.0000,1,1,-0.1265,-0.2388,0.5794,0.0000
20.9797,-0.8501,0.0186,0.5794,0.0000,1,1,-0.1323,-0.2416,0.5794,0.0000
20.9898,-0.7710,-0.1300,0.5794,0.0000,1,1,-0.1362,-0.2434,0.5794,0.0000
20.9998,-0.8656,0.0273,0.5794,0.0000,1,1,-0.1422,-0.2460,0.5794,0.0000
21.0101,-0.7014,0.1007,0.5794,0.0000,1,1,-0.1443,-0.2469,0.5794,0.0000
21.0201,-0.8807,-0.2423,0.5794,0.0000,1,1,-0.1505,-0.2494,0.5794,0.0000
21.0298,-0.8521,-0.1243,0.5794,0.0000,1,1,-0.1559,-0.2515,0.5794,0.0000
21.0398,-1.1368,0.1906,0.5794,0.0000,1,1,-0.1675,-0.2558,0.5794,0.0000
21.0498,-0.8898,0.3062,0.5794,0.0000,1,1,-0.1733,-0.2579,0.5794,0.0000
21.0605,-0.7975,-0.0690,0.5794,0.0000,1,1,-0.1770,-0.2591,0.5794,0.0000
21.0701,-0.9024,-0.0010,0.5794,0.0000,1,1,-0.1829,-0.2609,0.5794,0.0000
21.0798,-1.0497,0.2763,0.5794,0.0000,1,1,-0.1918,-0.2634,0.5794,0.0000
21.0899,-0.7992,0.2555,0.5794,0.0000,1,1,-0.1953,-0.2643,0.5794,0.0000
21.0998,-0.6147,0.0106,0.5794,0.0000,1,1,-0.1949,-0.2642,0.5794,0.0000
21.1106,-0.6147,0.1261,0.5794,0.0000,1,1,-0.1948,-0.2642,0.5794,0.0000
21.1208,-0.3626,0.2993,0.5794,0.0000,1,1,-0.1897,-0.2633,0.5794,0.0000
21.1298,-0.2415,0.3273,0.5794,0.0000,1,1,-0.1825,-0.2623,0.5794,0.0000
21.1397,-0.6504,0.3024,0.5794,0.0000,1,1,-0.1840,-0.2625,0.5794,0.0000
21.1498,-0.7248,0.2142,0.5794,0.0000,1,1,-0.1871,-0.2627,0.5794,0.0000
21.1601,-0.5164,0.1481,0.5794,0.0000,1,1,-0.1862,-0.2627,0.5794,0.0000
21.1706,-0.4060,0.1091,0.5794,0.0000,1,1,-0.1835,-0.2627,0.5794,0.0000
21.1798,-0.6531,0.0218,0.5794,0.0000,1,1,-0.1857,-0.2626,0.5794,0.0000
21.1898,-0.6024,0.0891,0.5794,0.0000,1,1,-0.1870,-0.2625,0.5794,0.0000
21.1998,-0.3646,0.2157,0.5794,0.0000,1,1,-0.1841,-0.2628,0.5794,0.0000
21.2101,-0.4007,0.0372,0.5794,0.0000,1,1,-0.1822,-0.2631,0.5794,0.0000
21.2201,-0.4408,-0.0835,0.5794,0.0000,1,1,-0.1814,-0.2633,0.5794,0.0000
21.2298,-0.5361,0.0655,0.5794,0.0000,1,1,-0.1823,-0.2630,0.5794,0.0000
21.2397,-0.4360,-0.0544,0.5794,0.0000,1,1,-0.1818,-0.2632,0.5794,0.0000
21.2498,-0.3855,-0.0544,0.5794,0.0000,1,1,-0.1806,-0.2636,0.5794,0.0000
21.2606,-0.3779,0.0102,0.5794,0.0000,1,1,-0.1795,-0.2640,0.5794,0.0000
21.2700,-0.5280,0.0624,0.5794,0.0000,1,1,-0.1810,-0.2633,0.5794,0.0000
21.2798,-0.1860,-0.0397,0.5794,0.0000,1,1,-0.1775,-0.2650,0.5794,0.0000
21.2898,-0.2339,-0.0635,0.5794,0.0000,1,1,-0.1750,-0.2664,0.5794,0.0000
21.2999,-0.3421,0.1669,0.5794,0.0000,1,1,-0.1743,-0.2667,0.5794,0.0000
21.3106,-0.4396,0.1960,0.5794,0.0000,1,1,-0.1752,-0.2662,0.5794,0.0000
21.3206,0.1405,0.0577,0.5794,0.0000,1,1,-0.1686,-0.2710,0.5794,0.0000
21.3298,-0.0569,0.1051,0.5794,0.0000,1,1,-0.1650,-0.2739,0.5794,0.0000
21.3398,-0.2699,0.3635,0.5794,0.0000,1,1,-0.1643,-0.2744,0.5794,0.0000
21.3498,-0.0736,0.1771,0.5794,0.0000,1,1,-0.1616,-0.2770,0.5794,0.0000
21.3601,0.2958,-0.0954,0.5794,0.0000,1,1,-0.1552,-0.2839,0.5794,0.0000
21.3706,0.0031,0.0093,0.5794,0.0000,1,1,-0.1525,-0.2872,0.5794,0.0000
21.3797,-0.1847,0.0475,0.5794,0.0000,1,1,-0.1518,-0.2880,0.5794,0.0000
21.3898,-0.1981,-0.2478,0.5794,0.0000,1,1,-0.1515,-0.2885,0.5794,0.0000
21.3998,0.0692,-0.3557,0.5794,0.0000,1,1,-0.1490,-0.2925,0.5794,0.0000
21.4101,-0.0059,-0.1506,0.5794,0.0000,1,1,-0.1474,-0.2952,0.5794,0.0000
21.4200,-0.0996,0.1119,0.5794,0.0000,1,1,-0.1468,-0.2966,0.5794,0.0000
21.4298,-0.1867,-0.1844,0.5794,0.0000,1,1,-0.1468,-0.2965,0.5794,0.0000
21.4397,0.1503,-0.2947,0.5794,0.0000,1,1,-0.1450,-0.3013,0.5794,0.0000
21.4498,-0.2296,0.0225,0.5794,0.0000,1,1,-0.1453,-0.3001,0.5794,0.0000
21.4606,-0.3936,0.1768,0.5794,0.0000,1,1,-0.1464,-0.2962,0.5794,0.0000
21.4701,-0.1337,-0.5258,0.5794,0.0000,1,1,-0.1464,-0.2964,0.5794,0.0000
21.4798,0.1166,-0.1793,0.5794,0.0000,1,1,-0.1456,-0.3004,0.5794,0.0000
21.4898,-0.1958,0.5356,0.5794,0.0000,1,1,-0.1458,-0.2991,0.5794,0.0000
21.4998,-0.1629,0.4127,0.5794,0.0000,1,1,-0.1459,-0.2983,0.5794,0.0000
21.5106,0.2889,-0.2289,0.5794,0.0000,1,1,-0.1456,-0.3049,0.5794,0.0000
21.5207,0.1152,0.0637,0.5794,0.0000,1,1,-0.1456,-0.3083,0.5794,0.0000
21.5298,0.0752,0.4585,0.5794,0.0000,1,1,-0.1457,-0.3109,0.5794,0.0000
21.5398,0.1209,0.2990,0.5794,0.0000,1,1,-0.1460,-0.3141,0.5794,0.0000
21.5498,0.0531,0.2077,0.5794,0.0000,1,1,-0.1462,-0.3160,0.5794,0.0000
21.5601,0.0671,0.2610,0.5794,0.0000,1,1,-0.1466,-0.3180,0.5794,0.0000
21.5707,0.4594,0.2345,0.5794,0.0000,1,1,-0.1484,-0.3265,0.5794,0.0000
21.5798,0.5234,0.1592,0.5794,0.0000,1,1,-0.1507,-0.3359,0.5794,0.0000
21.5898,0.2065,0.0119,0.5794,0.0000,1,1,-0.1518,-0.3395,0.5794,0.0000
21.5998,0.2812,0.1024,0.5794,0.0000,1,1,-0.1533,-0.3442,0.5794,0.0000
21.6101,0.2936,0.2049,0.5794,0.0000,1,1,-0.1551,-0.3489,0.5794,0.0000
21.6201,0.0814,0.1289,0.5794,0.0000,1,1,-0.1555,-0.3498,0.5794,0.0000
21.6298,0.0719,-0.0298,0.5794,0.0000,1,1,-0.1558,-0.3506,0.5794,0.0000
21.6398,0.3043,-0.1466,0.5794,0.0000,1,1,-0.1581,-0.3550,0.5794,0.0000
21.6498,0.5245,-0.3372,0.5794,0.0000,1,1,-0.1623,-0.3627,0.5794,0.0000
21.6606,0.5169,-0.2165,0.5794,0.0000,1,1,-0.1667,-0.3700,0.5794,0.0000
21.6700,0.3114,0.0080,0.5794,0.0000,1,1,-0.1692,-0.3738,0.5794,0.0000
21.6798,0.1037,-0.1660,0.5794,0.0000,1,1,-0.1696,-0.3743,0.5794,0.0000
21.6898,0.3169,-0.2380,0.5794,0.0000,1,1,-0.1723,-0.3779,0.5794,0.0000
21.6998,-0.0524,0.0845,0.5794,0.0000,1,1,-0.1708,-0.3761,0.5794,0.0000
21.7106,-0.1755,0.2418,0.5794,0.0000,1,1,-0.1677,-0.3726,0.5794,0.0000
21.7208,0.2273,-0.3715,0.5794,0.0000,1,1,-0.1697,-0.3748,0.5794,0.0000
21.7298,0.4107,-0.0958,0.5794,0.0000,1,1,-0.1742,-0.3792,0.5794,0.0000
21.7398,0.0900,0.5832,0.5794,0.0000,1,1,-0.1744,-0.3794,0.5794,0.0000
21.7498,0.1347,0.2718,0.5794,0.0000,1,1,-0.1753,-0.3801,0.5794,0.0000
21.7601,0.4889,-0.1538,0.5794,0.0000,1,1,-0.1813,-0.3849,0.5794,0.0000
21.7706,0.2219,0.0969,0.5794,0.0000,1,1,-0.1835,-0.3865,0.5794,0.0000
21.7798,0.4508,0.3491,0.5794,0.0000,1,1,-0.1892,-0.3904,0.5794,0.0000
21.7898,0.4995,0.2474,0.5794,0.0000,1,1,-0.1957,-0.3944,0.5794,0.0000
21.7998,0.2767,0.1033,0.5794,0.0000,1,1,-0.1987,-0.3962,0.5794,0.0000
21.8101,0.2665,-0.1310,0.5794,0.0000,1,1,-0.2017,-0.3977,0.5794,0.0000
21.8201,0.4789,-0.0312,0.5794,0.0000,1,1,-0.2082,-0.4008,0.5794,0.0000
21.8298,0.3805,0.2297,0.5794,0.0000,1,1,-0.2132,-0.4029,0.5794,0.0000
21.8398,0.2579,0.2077,0.5794,0.0000,1,1,-0.2161,-0.4040,0.5794,0.0000
21.8498,0.5247,0.0150,0.5794,0.0000,1,1,-0.2236,-0.4064,0.5794,0.0000
21.8606,0.7266,-0.1972,0.5794,0.0000,1,1,-0.2347,-0.4094,0.5794,0.0000
21.8701,0.5288,0.0463,0.5794,0.0000,1,1,-0.2423,-0.4112,0.5794,0.0000
21.8798,0.3582,0.1781,0.5794,0.0000,1,1,-0.2470,-0.4120,0.5794,0.0000
21.8898,0.6763,-0.2214,0.5794,0.0000,1,1,-0.2572,-0.4134,0.5794,0.0000
21.8998,1.4716,-0.4221,0.5794,0.0000,1,1,-0.2811,-0.4155,0.5794,0.0000
21.9106,1.3060,0.0970,0.5794,0.0000,1,1,-0.3017,-0.4162,0.5794,0.0000
21.9206,0.7088,0.4164,0.5794,0.0000,1,1,-0.3118,-0.4161,0.5794,0.0000
21.9298,0.5377,-0.0421,0.5794,0.0000,1,1,-0.3189,-0.4156,0.5794,0.0000
21.9397,0.7428,-0.2169,0.5794,0.0000,1,1,-0.3294,-0.4145,0.5794,0.0000
21.9498,0.5181,0.2287,0.5794,0.0000,1,1,-0.3360,-0.4134,0.5794,0.0000
21.9601,0.6983,0.3346,0.5794,0.0000,1,1,-0.3456,-0.4112,0.5794,0.0000
21.9706,1.0844,-0.2391,0.5794,0.0000,1,1,-0.3615,-0.4068,0.5794,0.0000
21.9798,1.0202,-0.2563,0.5794,0.0000,1,1,-0.3759,-0.4020,0.5794,0.0000
21.9898,1.0166,0.1310,0.5794,0.0000,1,1,-0.3900,-0.3965,0.5794,0.0000
21.9997,0.8093,0.3195,0.5794,0.0000,1,1,-0.4004,-0.3917,0.5794,0.0000
22.0102,0.3017,0.4447,0.5794,0.0000,1,1,-0.4027,-0.3905,0.5794,0.0000
22.0201,-0.1009,0.2969,0.5794,0.0000,1,1,-0.3991,-0.3926,0.5794,0.0000
22.0298,0.4766,0.0850,0.5794,0.0000,1,1,-0.4044,-0.3891,0.5794,0.0000
22.0398,0.5379,0.0336,0.5794,0.0000,1,1,-0.4104,-0.3845,0.5794,0.0000
22.0498,0.3160,0.2480,0.5794,0.0000,1,1,-0.4133,-0.3821,0.5794,0.0000
22.0606,0.4096,0.0788,0.5794,0.0000,1,1,-0.4175,-0.3782,0.5794,0.0000
22.0701,0.5889,-0.1124,0.5794,0.0000,1,1,-0.4240,-0.3714,0.5794,0.0000
22.0798,0.3876,0.0747,0.5794,0.0000,1,1,-0.4277,-0.3672,0.5794,0.0000
22.0898,-0.0453,0.2138,0.5794,0.0000,1,1,-0.4263,-0.3689,0.5794,0.0000
22.0998,-0.1048,0.0508,0.5794,0.0000,1,1,-0.4245,-0.3714,0.5794,0.0000
22.1106,0.1107,-0.1798,0.5794,0.0000,1,1,-0.4254,-0.3700,0.5794,0.0000
22.1207,0.2824,-0.2175,0.5794,0.0000,1,1,-0.4280,-0.3654,0.5794,0.0000
22.1298,0.2264,-0.0321,0.5794,0.0000,1,1,-0.4301,-0.3614,0.5794,0.0000
22.1398,0.0587,-0.0932,0.5794,0.0000,1,1,-0.4306,-0.3602,0.5794,0.0000
22.1498,0.2755,-0.1930,0.5794,0.0000,1,1,-0.4330,-0.3544,0.5794,0.0000
22.1601,0.0815,-0.0163,0.5794,0.0000,1,1,-0.4338,-0.3520,0.5794,0.0000
22.1706,-0.0218,0.1413,0.5794,0.0000,1,1,-0.4340,-0.3513,0.5794,0.0000
22.1798,-0.0463,-0.2364,0.5794,0.0000,1,1,-0.4341,-0.3508,0.5794,0.0000
22.1898,0.4380,-0.3229,0.5794,0.0000,1,1,-0.4366,-0.3395,0.5794,0.0000
22.1998,0.1357,0.0727,0.5794,0.0000,1,1,-0.4374,-0.3344,0.5794,0.0000
22.2101,-0.1962,0.2701,0.5794,0.0000,1,1,-0.4372,-0.3364,0.5794,0.0000
22.2201,0.2210,-0.1525,0.5794,0.0000,1,1,-0.4379,-0.3284,0.5794,0.0000
22.2298,0.5191,-0.0171,0.5794,0.0000,1,1,-0.4388,-0.3132,0.5794,0.0000
22.2398,0.2097,0.3815,0.5794,0.0000,1,1,-0.4390,-0.3051,0.5794,0.0000
22.2498,0.0668,0.1999,0.5794,0.0000,1,1,-0.4389,-0.3000,0.5794,0.0000
22.2604,0.5416,-0.1284,0.5794,0.0000,1,1,-0.4380,-0.2832,0.5794,0.0000
22.2701,0.3591,0.0682,0.5794,0.0000,1,1,-0.4370,-0.2708,0.5794,0.0000
22.2798,0.0031,0.5694,0.5794,0.0000,1,1,-0.4365,-0.2669,0.5794,0.0000
22.2898,0.0511,0.3062,0.5794,0.0000,1,1,-0.4357,-0.2616,0.5794,0.0000
22.2997,0.3820,-0.1739,0.5794,0.0000,1,1,-0.4332,-0.2478,0.5794,0.0000
22.3106,0.1194,-0.1259,0.5794,0.0000,1,1,-0.4315,-0.2405,0.5794,0.0000
22.3206,-0.1179,0.3412,0.5794,0.0000,1,1,-0.4311,-0.2387,0.5794,0.0000
22.3298,0.1273,0.1438,0.5794,0.0000,1,1,-0.4288,-0.2307,0.5794,0.0000
22.3397,0.2487,-0.1985,0.5794,0.0000,1,1,-0.4253,-0.2196,0.5794,0.0000
22.3498,0.2295,0.1352,0.5794,0.0000,1,1,-0.4216,-0.2089,0.5794,0.0000
22.3601,-0.0128,0.3018,0.5794,0.0000,1,1,-0.4197,-0.2041,0.5794,0.0000
22.3706,-0.1407,-0.1494,0.5794,0.0000,1,1,-0.4189,-0.2022,0.5794,0.0000
22.3798,-0.1552,-0.3318,0.5794,0.0000,1,1,-0.4180,-0.2004,0.5794,0.0000
22.3898,-0.2942,0.1784,0.5794,0.0000,1,1,-0.4186,-0.2015,0.5794,0.0000
22.3998,-0.3772,0.3039,0.5794,0.0000,1,1,-0.4200,-0.2041,0.5794,0.0000
22.4101,-0.4005,-0.2671,0.5794,0.0000,1,1,-0.4214,-0.2067,0.5794,0.0000
22.4201,-0.0730,-0.3982,0.5794,0.0000,1,1,-0.4183,-0.2014,0.5794,0.0000
22.4298,-0.2960,0.1052,0.5794,0.0000,1,1,-0.4180,-0.2011,0.5794,0.0000
22.4398,-0.4688,0.1338,0.5794,0.0000,1,1,-0.4201,-0.2042,0.5794,0.0000
22.4498,-0.4434,-0.3473,0.5794,0.0000,1,1,-0.4216,-0.2062,0.5794,0.0000
22.4606,-0.4080,-0.1632,0.5794,0.0000,1,1,-0.4223,-0.2071,0.5794,0.0000
22.4701,-0.6496,0.3619,0.5794,0.0000,1,1,-0.4267,-0.2125,0.5794,0.0000
22.4797,-0.6125,0.3005,0.5794,0.0000,1,1,-0.4302,-0.2166,0.5794,0.0000
22.4898,-0.4232,-0.1595,0.5794,0.0000,1,1,-0.4301,-0.2166,0.5794,0.0000
22.4997,-0.7303,-0.1964,0.5794,0.0000,1,1,-0.4353,-0.2222,0.5794,0.0000
22.5106,-0.3366,0.0150,0.5794,0.0000,1,1,-0.4329,-0.2197,0.5794,0.0000
22.5207,-0.3272,0.2858,0.5794,0.0000,1,1,-0.4301,-0.2169,0.5794,0.0000
22.5298,-0.7547,0.6835,0.5794,0.0000,1,1,-0.4354,-0.2220,0.5794,0.0000
22.5398,-0.8021,0.4184,0.5794,0.0000,1,1,-0.4412,-0.2274,0.5794,0.0000
22.5498,-0.3849,-0.1552,0.5794,0.0000,1,1,-0.4384,-0.2249,0.5794,0.0000
22.5601,-0.5464,0.0050,0.5794,0.0000,1,1,-0.4387,-0.2251,0.5794,0.0000
22.5707,-0.7219,0.2397,0.5794,0.0000,1,1,-0.4423,-0.2281,0.5794,0.0000
22.5798,-0.4950,0.0099,0.5794,0.0000,1,1,-0.4409,-0.2270,0.5794,0.0000
22.5897,-0.5889,0.0494,0.5794,0.0000,1,1,-0.4414,-0.2273,0.5794,0.0000
22.5998,-0.6315,0.3854,0.5794,0.0000,1,1,-0.4426,-0.2282,0.5794,0.0000
22.6100,-0.7689,0.3356,0.5794,0.0000,1,1,-0.4466,-0.2309,0.5794,0.0000
22.6200,-0.8642,-0.1194,0.5794,0.0000,1,1,-0.4524,-0.2347,0.5794,0.0000
22.6298,-0.6766,-0.6103,0.5794,0.0000,1,1,-0.4537,-0.2355,0.5794,0.0000
22.6398,-0.8146,-0.0049,0.5794,0.0000,1,1,-0.4579,-0.2381,0.5794,0.0000
22.6498,-1.0105,0.5533,0.5794,0.0000,1,1,-0.4664,-0.2431,0.5794,0.0000
22.6606,-1.1551,0.0718,0.5794,0.0000,1,1,-0.4778,-0.2495,0.5794,0.0000
22.6701,-0.7279,-0.1830,0.5794,0.0000,1,1,-0.4786,-0.2499,0.5794,0.0000
22.6797,-1.1116,0.1752,0.5794,0.0000,1,1,-0.4883,-0.2551,0.5794,0.0000
22.6898,-1.1571,0.3809,0.5794,0.0000,1,1,-0.4986,-0.2603,0.5794,0.0000
22.6998,-1.0551,-0.1956,0.5794,0.0000,1,1,-0.5060,-0.2639,0.5794,0.0000
22.7106,-1.0275,-0.1393,0.5794,0.0000,1,1,-0.5124,-0.2669,0.5794,0.0000
22.7207,-1.2787,0.3445,0.5794,0.0000,1,1,-0.5243,-0.2723,0.5794,0.0000
22.7298,-1.1949,0.4515,0.5794,0.0000,1,1,-0.5337,-0.2764,0.5794,0.0000
22.7398,-0.9494,0.0717,0.5794,0.0000,1,1,-0.5371,-0.2778,0.5794,0.0000
22.7498,-1.2226,0.1182,0.5794,0.0000,1,1,-0.5466,-0.2816,0.5794,0.0000
22.7601,-1.0927,0.4335,0.5794,0.0000,1,1,-0.5527,-0.2839,0.5794,0.0000
22.7698,-0.8767,0.3742,0.5794,0.0000,1,1,-0.5538,-0.2843,0.5794,0.0000
22.7807,-0.8198,0.0536,0.5794,0.0000,1,1,-0.5537,-0.2843,0.5794,0.0000
22.7898,-1.1436,-0.0014,0.5794,0.0000,1,1,-0.5607,-0.2865,0.5794,0.0000
22.7998,-1.1774,0.2030,0.5794,0.0000,1,1,-0.5681,-0.2887,0.5794,0.0000
22.8100,-1.1637,0.0268,0.5794,0.0000,1,1,-0.5751,-0.2906,0.5794,0.0000
22.8198,-1.2062,-0.2938,0.5794,0.0000,1,1,-0.5828,-0.2925,0.5794,0.0000
22.8301,-1.0010,0.0573,0.5794,0.0000,1,1,-0.5861,-0.2932,0.5794,0.0000
22.8398,-0.9290,0.5412,0.5794,0.0000,1,1,-0.5879,-0.2935,0.5794,0.0000
22.8498,-1.0059,0.1523,0.5794,0.0000,1,1,-0.5914,-0.2941,0.5794,0.0000
22.8605,-0.9955,-0.4476,0.5794,0.0000,1,1,-0.5948,-0.2945,0.5794,0.0000
22.8698,-1.3236,-0.1008,0.5794,0.0000,1,1,-0.6048,-0.2955,0.5794,0.0000
22.8800,-1.6474,0.3119,0.5794,0.0000,1,1,-0.6209,-0.2964,0.5794,0.0000
22.8898,-1.6328,-0.1791,0.5794,0.0000,1,1,-0.6363,-0.2968,0.5794,0.0000
22.8998,-0.9952,-0.4588,0.5794,0.0000,1,1,-0.6391,-0.2968,0.5794,0.0000
22.9106,-1.1302,0.0255,0.5794,0.0000,1,1,-0.6445,-0.2965,0.5794,0.0000
22.9198,-1.3424,0.4571,0.5794,0.0000,1,1,-0.6539,-0.2957,0.5794,0.0000
22.9301,-1.6182,-0.0869,0.5794,0.0000,1,1,-0.6682,-0.2939,0.5794,0.0000
22.9398,-1.5883,-0.0831,0.5794,0.0000,1,1,-0.6816,-0.2917,0.5794,0.0000
22.9497,-2.0802,0.4325,0.5794,0.0000,1,1,-0.7032,-0.2872,0.5794,0.0000
22.9601,-2.1388,0.5905,0.5794,0.0000,1,1,-0.7250,-0.2816,0.5794,0.0000
22.9698,-1.7364,0.2668,0.5794,0.0000,1,1,-0.7394,-0.2774,0.5794,0.0000
22.9808,-1.7532,0.3737,0.5794,0.0000,1,1,-0.7536,-0.2724,0.5794,0.0000
22.9898,-1.6395,0.7229,0.5794,0.0000,1,1,-0.7656,-0.2678,0.5794,0.0000
22.9998,-1.5974,0.4784,0.5794,0.0000,1,1,-0.7766,-0.2629,0.5794,0.0000
23.0102,-1.4569,-0.0587,0.5794,0.0000,1,1,-0.7852,-0.2586,0.5794,0.0000
23.0198,-1.6207,-0.2476,0.5794,0.0000,1,1,-0.7960,-0.2526,0.5794,0.0000
23.0301,-1.6679,0.1492,0.5794,0.0000,1,1,-0.8072,-0.2456,0.5794,0.0000
23.0398,-1.6744,0.3156,0.5794,0.0000,1,1,-0.8181,-0.2382,0.5794,0.0000
23.0498,-1.5904,-0.0525,0.5794,0.0000,1,1,-0.8275,-0.2311,0.5794,0.0000
23.0605,-1.3399,-0.1172,0.5794,0.0000,1,1,-0.8335,-0.2260,0.5794,0.0000
23.0698,-1.2430,-0.0949,0.5794,0.0000,1,1,-0.8383,-0.2217,0.5794,0.0000
23.0801,-1.1742,-0.2493,0.5794,0.0000,1,1,-0.8422,-0.2177,0.5794,0.0000
23.0898,-1.4072,-0.1287,0.5794,0.0000,1,1,-0.8487,-0.2106,0.5794,0.0000
23.0998,-1.6371,0.2115,0.5794,0.0000,1,1,-0.8572,-0.2002,0.5794,0.0000
23.1107,-1.1983,-0.0932,0.5794,0.0000,1,1,-0.8611,-0.1949,0.5794,0.0000
23.1197,-1.1080,0.0025,0.5794,0.0000,1,1,-0.8641,-0.1904,0.5794,0.0000
23.1301,-1.1678,0.3299,0.5794,0.0000,1,1,-0.8676,-0.1845,0.5794,0.0000
23.1398,-1.3367,-0.0057,0.5794,0.0000,1,1,-0.8722,-0.1760,0.5794,0.0000
23.1498,-0.7758,-0.2844,0.5794,0.0000,1,1,-0.8726,-0.1750,0.5794,0.0000
23.1601,-1.1345,0.1488,0.5794,0.0000,1,1,-0.8754,-0.1682,0.5794,0.0000
23.1698,-1.3177,0.5854,0.5794,0.0000,1,1,-0.8791,-0.1583,0.5794,0.0000
23.1807,-1.0064,0.0881,0.5794,0.0000,1,1,-0.8808,-0.1527,0.5794,0.0000
23.1898,-0.6454,-0.3253,0.5794,0.0000,1,1,-0.8809,-0.1523,0.5794,0.0000
23.1998,-0.8555,0.1062,0.5794,0.0000,1,1,-0.8818,-0.1480,0.5794,0.0000
23.2101,-1.0230,0.3963,0.5794,0.0000,1,1,-0.8830,-0.1405,0.5794,0.0000
23.2198,-0.8463,-0.0465,0.5794,0.0000,1,1,-0.8836,-0.1355,0.5794,0.0000
23.2301,-0.7658,-0.3227,0.5794,0.0000,1,1,-0.8838,-0.1313,0.5794,0.0000
23.2397,-0.9383,0.1422,0.5794,0.0000,1,1,-0.8841,-0.1238,0.5794,0.0000
23.2498,-1.1040,0.2343,0.5794,0.0000,1,1,-0.8839,-0.1130,0.5794,0.0000
23.2606,-1.2667,-0.2965,0.5794,0.0000,1,1,-0.8830,-0.0990,0.5794,0.0000
23.2698,-1.2047,-0.2839,0.5794,0.0000,1,1,-0.8817,-0.0859,0.5794,0.0000
23.2801,-1.4619,-0.0228,0.5794,0.0000,1,1,-0.8791,-0.0680,0.5794,0.0000
23.2898,-1.3406,0.1326,0.5794,0.0000,1,1,-0.8761,-0.0521,0.5794,0.0000
23.2998,-1.1470,-0.2349,0.5794,0.0000,1,1,-0.8733,-0.0393,0.5794,0.0000
23.3106,-1.2005,-0.0941,0.5794,0.0000,1,1,-0.8695,-0.0253,0.5794,0.0000
23.3198,-1.2098,0.1409,0.5794,0.0000,1,1,-0.8651,-0.0111,0.5794,0.0000
23.3301,-1.1365,0.0842,0.5794,0.0000,1,1,-0.8605,0.0021,0.5794,0.0000
23.3398,-1.0411,0.1111,0.5794,0.0000,1,1,-0.8559,0.0138,0.5794,0.0000
23.3498,-1.4357,0.2181,0.5794,0.0000,1,1,-0.8479,0.0321,0.5794,0.0000
23.3601,-0.8679,0.0744,0.5794,0.0000,1,1,-0.8436,0.0411,0.5794,0.0000
23.3698,-1.0381,0.1255,0.5794,0.0000,1,1,-0.8374,0.0529,0.5794,0.0000
23.3807,-1.2199,0.4465,0.5794,0.0000,1,1,-0.8289,0.0677,0.5794,0.0000
23.3898,-1.1102,0.2094,0.5794,0.0000,1,1,-0.8210,0.0806,0.5794,0.0000
23.3998,-0.7010,-0.1046,0.5794,0.0000,1,1,-0.8166,0.0871,0.5794,0.0000
23.4100,-0.8530,0.1646,0.5794,0.0000,1,1,-0.8101,0.0961,0.5794,0.0000
23.4198,-0.9865,0.4117,0.5794,0.0000,1,1,-0.8016,0.1070,0.5794,0.0000
23.4301,-0.6247,0.0899,0.5794,0.0000,1,1,-0.7968,0.1127,0.5794,0.0000
23.4398,-0.3568,-0.2967,0.5794,0.0000,1,1,-0.7950,0.1147,0.5794,0.0000
23.4499,-0.4170,0.0353,0.5794,0.0000,1,1,-0.7921,0.1178,0.5794,0.0000
23.4606,-0.6262,0.3338,0.5794,0.0000,1,1,-0.7859,0.1237,0.5794,0.0000
23.4698,-0.7431,-0.0636,0.5794,0.0000,1,1,-0.7777,0.1311,0.5794,0.0000
23.4801,-0.3324,-0.3346,0.5794,0.0000,1,1,-0.7749,0.1334,0.5794,0.0000
23.4898,-0.5199,-0.0565,0.5794,0.0000,1,1,-0.7690,0.1379,0.5794,0.0000
23.4997,-0.6926,0.3286,0.5794,0.0000,1,1,-0.7602,0.1442,0.5794,0.0000
23.5106,-0.6251,-0.2102,0.5794,0.0000,1,1,-0.7520,0.1496,0.5794,0.0000
23.5197,-0.0603,-0.4413,0.5794,0.0000,1,1,-0.7523,0.1494,0.5794,0.0000
23.5301,-0.3248,-0.0286,0.5794,0.0000,1,1,-0.7480,0.1518,0.5794,0.0000
23.5398,-0.4618,0.3681,0.5794,0.0000,1,1,-0.7412,0.1552,0.5794,0.0000
23.5498,0.0607,-0.0344,0.5794,0.0000,1,1,-0.7427,0.1545,0.5794,0.0000
23.5601,0.1293,0.1083,0.5794,0.0000,1,1,-0.7448,0.1536,0.5794,0.0000
23.5698,-0.1279,0.3529,0.5794,0.0000,1,1,-0.7424,0.1545,0.5794,0.0000
23.5807,-0.1359,0.0690,0.5794,0.0000,1,1,-0.7395,0.1554,0.5794,0.0000
23.5897,0.4196,-0.2897,0.5794,0.0000,1,1,-0.7458,0.1538,0.5794,0.0000
23.5998,0.4131,-0.3013,0.5794,0.0000,1,1,-0.7516,0.1525,0.5794,0.0000
23.6101,0.1478,0.1346,0.5794,0.0000,1,1,-0.7524,0.1524,0.5794,0.0000
23.6198,0.0876,0.1391,0.5794,0.0000,1,1,-0.7518,0.1525,0.5794,0.0000
23.6301,0.1812,-0.3042,0.5794,0.0000,1,1,-0.7527,0.1524,0.5794,0.0000
23.6398,0.2179,-0.3042,0.5794,0.0000,1,1,-0.7538,0.1524,0.5794,0.0000
23.6498,0.1400,-0.2381,0.5794,0.0000,1,1,-0.7534,0.1524,0.5794,0.0000
23.6606,0.2132,-0.2966,0.5794,0.0000,1,1,-0.7540,0.1524,0.5794,0.0000
23.6697,0.4339,-0.5961,0.5794,0.0000,1,1,-0.7582,0.1530,0.5794,0.0000
23.6801,0.5338,-0.4556,0.5794,0.0000,1,1,-0.7637,0.1540,0.5794,0.0000
23.6898,0.0988,0.0006,0.5794,0.0000,1,1,-0.7616,0.1535,0.5794,0.0000
23.6998,0.0771,-0.0629,0.5794,0.0000,1,1,-0.7591,0.1528,0.5794,0.0000
23.7106,0.7597,-0.2533,0.5794,0.0000,1,1,-0.7676,0.1559,0.5794,0.0000
23.7197,0.4603,0.2469,0.5794,0.0000,1,1,-0.7708,0.1572,0.5794,0.0000
23.7301,0.2674,0.6666,0.5794,0.0000,1,1,-0.7708,0.1572,0.5794,0.0000
23.7398,0.6266,-0.0907,0.5794,0.0000,1,1,-0.7762,0.1602,0.5794,0.0000
23.7498,0.8905,-0.2747,0.5794,0.0000,1,1,-0.7853,0.1659,0.5794,0.0000
23.7600,0.4792,0.1822,0.5794,0.0000,1,1,-0.7878,0.1676,0.5794,0.0000
23.7698,0.3579,0.3014,0.5794,0.0000,1,1,-0.7885,0.1682,0.5794,0.0000
23.7807,0.6521,0.0039,0.5794,0.0000,1,1,-0.7930,0.1722,0.5794,0.0000
23.7898,0.6806,-0.0662,0.5794,0.0000,1,1,-0.7977,0.1768,0.5794,0.0000
23.7998,0.8027,0.3934,0.5794,0.0000,1,1,-0.8036,0.1832,0.5794,0.0000
23.8101,0.8508,0.3051,0.5794,0.0000,1,1,-0.8097,0.1905,0.5794,0.0000
23.8198,0.9530,-0.2778,0.5794,0.0000,1,1,-0.8165,0.1996,0.5794,0.0000
23.8301,0.9898,-0.2131,0.5794,0.0000,1,1,-0.8233,0.2096,0.5794,0.0000
23.8398,0.8317,0.1688,0.5794,0.0000,1,1,-0.8278,0.2171,0.5794,0.0000
23.8498,0.7597,0.0763,0.5794,0.0000,1,1,-0.8314,0.2236,0.5794,0.0000
23.8606,0.7061,-0.2703,0.5794,0.0000,1,1,-0.8341,0.2293,0.5794,0.0000
23.8697,0.7292,-0.1682,0.5794,0.0000,1,1,-0.8369,0.2356,0.5794,0.0000
23.8801,0.8384,-0.0715,0.5794,0.0000,1,1,-0.8401,0.2442,0.5794,0.0000
23.8898,0.9644,-0.0496,0.5794,0.0000,1,1,-0.8438,0.2555,0.5794,0.0000
23.8998,0.8278,0.0406,0.5794,0.0000,1,1,-0.8463,0.2642,0.5794,0.0000
23.9107,0.5194,0.0039,0.5794,0.0000,1,1,-0.8469,0.2665,0.5794,0.0000
23.9198,1.0303,-0.0788,0.5794,0.0000,1,1,-0.8496,0.2801,0.5794,0.0000
23.9301,0.9249,0.1980,0.5794,0.0000,1,1,-0.8513,0.2916,0.5794,0.0000
23.9398,0.7881,0.7178,0.5794,0.0000,1,1,-0.8523,0.3000,0.5794,0.0000
23.9498,1.0925,0.3130,0.5794,0.0000,1,1,-0.8536,0.3157,0.5794,0.0000
23.9601,1.4164,-0.1081,0.5794,0.0000,1,1,-0.8545,0.3390,0.5794,0.0000
23.9698,0.9029,0.1991,0.5794,0.0000,1,1,-0.8546,0.3501,0.5794,0.0000
23.9807,0.6631,0.5424,0.5794,0.0000,1,1,-0.8544,0.3556,0.5794,0.0000
23.9898,0.8190,0.2181,0.5794,0.0000,1,1,-0.8538,0.3651,0.5794,0.0000
23.9998,0.9883,0.1055,0.5794,0.0000,1,1,-0.8525,0.3789,0.5794,0.0000
24.0102,1.3931,0.4367,0.5794,0.0000,1,1,-0.8493,0.4027,0.5794,0.0000
24.0197,1.8161,0.3820,0.5794,0.0000,1,1,-0.8437,0.4366,0.5794,0.0000
24.0301,1.9756,-0.1513,0.5794,0.0000,1,1,-0.8362,0.4738,0.5794,0.0000
24.0398,1.7703,-0.3036,0.5794,0.0000,1,1,-0.8290,0.5052,0.5794,0.0000
24.0498,1.0995,0.2828,0.5794,0.0000,1,1,-0.8252,0.5194,0.5794,0.0000
24.0606,0.7907,0.3712,0.5794,0.0000,1,1,-0.8232,0.5261,0.5794,0.0000
24.0698,0.9733,-0.3340,0.5794,0.0000,1,1,-0.8194,0.5375,0.5794,0.0000
24.0801,1.6889,-0.2198,0.5794,0.0000,1,1,-0.8088,0.5664,0.5794,0.0000
24.0899,1.6871,0.3534,0.5794,0.0000,1,1,-0.7976,0.5944,0.5794,0.0000
24.0998,1.7491,0.2665,0.5794,0.0000,1,1,-0.7852,0.6233,0.5794,0.0000
24.1106,1.9724,-0.1710,0.5794,0.0000,1,1,-0.7694,0.6567,0.5794,0.0000
24.1197,1.3046,0.1962,0.5794,0.0000,1,1,-0.7610,0.6734,0.5794,0.0000
24.1301,0.2942,0.6496,0.5794,0.0000,1,1,-0.7646,0.6666,0.5794,0.0000
24.1398,0.0061,0.1248,0.5794,0.0000,1,1,-0.7718,0.6542,0.5794,0.0000
24.1497,0.6808,-0.2071,0.5794,0.0000,1,1,-0.7694,0.6581,0.5794,0.0000
24.1601,0.7537,0.2257,0.5794,0.0000,1,1,-0.7655,0.6640,0.5794,0.0000
24.1698,1.0252,0.7510,0.5794,0.0000,1,1,-0.7572,0.6760,0.5794,0.0000
24.1808,1.2199,0.4910,0.5794,0.0000,1,1,-0.7453,0.6920,0.5794,0.0000
24.1898,1.0459,0.3475,0.5794,0.0000,1,1,-0.7358,0.7041,0.5794,0.0000
24.1998,0.5563,0.7348,0.5794,0.0000,1,1,-0.7341,0.7062,0.5794,0.0000
24.2101,0.1262,0.8237,0.5794,0.0000,1,1,-0.7392,0.7003,0.5794,0.0000
24.2198,0.4833,0.2937,0.5794,0.0000,1,1,-0.7374,0.7023,0.5794,0.0000
24.2301,0.6559,-0.0668,0.5794,0.0000,1,1,-0.7319,0.7081,0.5794,0.0000
24.2399,0.8672,0.4386,0.5794,0.0000,1,1,-0.7220,0.7182,0.5794,0.0000
24.2498,0.7256,0.4695,0.5794,0.0000,1,1,-0.7144,0.7257,0.5794,0.0000
24.2606,0.7119,-0.0062,0.5794,0.0000,1,1,-0.7065,0.7332,0.5794,0.0000
24.2698,0.7055,-0.1329,0.5794,0.0000,1,1,-0.6984,0.7406,0.5794,0.0000
24.2800,0.2431,0.4441,0.5794,0.0000,1,1,-0.6988,0.7402,0.5794,0.0000
24.2898,0.1067,0.7354,0.5794,0.0000,1,1,-0.7014,0.7381,0.5794,0.0000
24.2997,0.5164,0.0467,0.5794,0.0000,1,1,-0.6947,0.7434,0.5794,0.0000
24.3106,0.8391,0.0826,0.5794,0.0000,1,1,-0.6805,0.7542,0.5794,0.0000
24.3198,0.5062,0.7843,0.5794,0.0000,1,1,-0.6732,0.7595,0.5794,0.0000
24.3301,0.5621,0.6640,0.5794,0.0000,1,1,-0.6638,0.7660,0.5794,0.0000
24.3398,0.9632,0.1950,0.5794,0.0000,1,1,-0.6451,0.7786,0.5794,0.0000
24.3498,0.6022,0.3313,0.5794,0.0000,1,1,-0.6343,0.7856,0.5794,0.0000
24.3601,0.6003,0.6780,0.5794,0.0000,1,1,-0.6229,0.7927,0.5794,0.0000
24.3698,0.7331,0.2679,0.5794,0.0000,1,1,-0.6081,0.8015,0.5794,0.0000
24.3806,1.1519,0.0465,0.5794,0.0000,1,1,-0.5831,0.8159,0.5794,0.0000
24.3898,0.9174,0.4255,0.5794,0.0000,1,1,-0.5638,0.8266,0.5794,0.0000
24.3998,0.7115,0.8034,0.5794,0.0000,1,1,-0.5492,0.8345,0.5794,0.0000
24.4101,0.7265,0.2731,0.5794,0.0000,1,1,-0.5339,0.8424,0.5794,0.0000
24.4198,0.7874,-0.2838,0.5794,0.0000,1,1,-0.5170,0.8509,0.5794,0.0000
24.4301,0.7713,0.0934,0.5794,0.0000,1,1,-0.5003,0.8589,0.5794,0.0000
24.4398,0.5785,0.5790,0.5794,0.0000,1,1,-0.4880,0.8646,0.5794,0.0000
24.4498,0.5496,0.3014,0.5794,0.0000,1,1,-0.4760,0.8700,0.5794,0.0000
24.4605,0.8654,0.0199,0.5794,0.0000,1,1,-0.4565,0.8783,0.5794,0.0000
24.4698,0.6210,0.3856,0.5794,0.0000,1,1,-0.4426,0.8840,0.5794,0.0000
24.4801,0.3394,0.6385,0.5794,0.0000,1,1,-0.4348,0.8870,0.5794,0.0000
24.4898,0.2961,0.1578,0.5794,0.0000,1,1,-0.4276,0.8897,0.5794,0.0000
24.4998,0.6853,0.0993,0.5794,0.0000,1,1,-0.4114,0.8954,0.5794,0.0000
24.5106,0.1993,0.6718,0.5794,0.0000,1,1,-0.4057,0.8973,0.5794,0.0000
24.5197,0.1575,1.0421,0.5794,0.0000,1,1,-0.4004,0.8989,0.5794,0.0000
24.5301,0.5896,0.3896,0.5794,0.0000,1,1,-0.3855,0.9032,0.5794,0.0000
24.5398,0.4762,0.3274,0.5794,0.0000,1,1,-0.3728,0.9065,0.5794,0.0000
24.5499,-0.0158,1.0299,0.5794,0.0000,1,1,-0.3701,0.9071,0.5794,0.0000
24.5601,-0.2205,0.9718,0.5794,0.0000,1,1,-0.3710,0.9069,0.5794,0.0000
24.5698,0.0504,0.4738,0.5794,0.0000,1,1,-0.3657,0.9079,0.5794,0.0000
24.5807,-0.1111,0.4865,0.5794,0.0000,1,1,-0.3631,0.9083,0.5794,0.0000
24.5898,-0.0935,0.8645,0.5794,0.0000,1,1,-0.3597,0.9087,0.5794,0.0000
24.5998,-0.0781,0.5592,0.5794,0.0000,1,1,-0.3554,0.9090,0.5794,0.0000
24.6100,-0.2829,0.2054,0.5794,0.0000,1,1,-0.3547,0.9090,0.5794,0.0000
24.6198,-0.2417,0.3265,0.5794,0.0000,1,1,-0.3526,0.9091,0.5794,0.0000
24.6301,-0.3005,0.5729,0.5794,0.0000,1,1,-0.3510,0.9090,0.5794,0.0000
24.6398,-0.5211,0.5597,0.5794,0.0000,1,1,-0.3532,0.9092,0.5794,0.0000
24.6498,-0.7496,0.3177,0.5794,0.0000,1,1,-0.3589,0.9097,0.5794,0.0000
24.6606,-0.5518,0.0685,0.5794,0.0000,1,1,-0.3602,0.9099,0.5794,0.0000
24.6698,-0.4803,-0.0663,0.5794,0.0000,1,1,-0.3597,0.9098,0.5794,0.0000
24.6801,-0.6305,0.4540,0.5794,0.0000,1,1,-0.3612,0.9102,0.5794,0.0000
24.6898,-0.9469,0.6629,0.5794,0.0000,1,1,-0.3677,0.9119,0.5794,0.0000
24.6998,-1.0259,-0.0927,0.5794,0.0000,1,1,-0.3747,0.9141,0.5794,0.0000
24.7106,-0.7070,-0.0818,0.5794,0.0000,1,1,-0.3757,0.9145,0.5794,0.0000
24.7197,-1.1188,0.5396,0.5794,0.0000,1,1,-0.3828,0.9174,0.5794,0.0000
24.7301,-1.2405,0.5228,0.5794,0.0000,1,1,-0.3910,0.9213,0.5794,0.0000
24.7398,-1.0429,-0.1941,0.5794,0.0000,1,1,-0.3955,0.9236,0.5794,0.0000
24.7498,-1.3376,-0.1265,0.5794,0.0000,1,1,-0.4037,0.9283,0.5794,0.0000
24.7601,-1.3851,0.4011,0.5794,0.0000,1,1,-0.4117,0.9335,0.5794,0.0000
24.7698,-1.2865,0.2990,0.5794,0.0000,1,1,-0.4176,0.9378,0.5794,0.0000
24.7808,-1.2608,0.2542,0.5794,0.0000,1,1,-0.4226,0.9417,0.5794,0.0000
24.7897,-1.5157,0.2032,0.5794,0.0000,1,1,-0.4302,0.9483,0.5794,0.0000
24.7997,-1.1088,0.2746,0.5794,0.0000,1,1,-0.4324,0.9503,0.5794,0.0000
24.8101,-1.1587,-0.0098,0.5794,0.0000,1,1,-0.4348,0.9528,0.5794,0.0000
24.8198,-1.4808,-0.1596,0.5794,0.0000,1,1,-0.4402,0.9591,0.5794,0.0000
24.8301,-1.3887,0.1619,0.5794,0.0000,1,1,-0.4442,0.9641,0.5794,0.0000
24.8397,-1.4724,0.4615,0.5794,0.0000,1,1,-0.4485,0.9702,0.5794,0.0000
24.8498,-1.4659,0.3920,0.5794,0.0000,1,1,-0.4523,0.9761,0.5794,0.0000
24.8606,-1.4997,-0.1126,0.5794,0.0000,1,1,-0.4558,0.9824,0.5794,0.0000
24.8698,-1.3687,-0.1237,0.5794,0.0000,1,1,-0.4581,0.9868,0.5794,0.0000
24.8801,-1.4421,-0.1716,0.5794,0.0000,1,1,-0.4605,0.9922,0.5794,0.0000
24.8898,-1.5486,-0.1891,0.5794,0.0000,1,1,-0.4633,0.9992,0.5794,0.0000
24.8998,-1.7281,0.1068,0.5794,0.0000,1,1,-0.4666,1.0088,0.5794,0.0000
24.9106,-1.7969,0.2455,0.5794,0.0000,1,1,-0.4696,1.0195,0.5794,0.0000
24.9197,-1.3779,0.1894,0.5794,0.0000,1,1,-0.4706,1.0235,0.5794,0.0000
24.9300,-1.4713,0.0687,0.5794,0.0000,1,1,-0.4716,1.0290,0.5794,0.0000
24.9398,-1.7639,0.0762,0.5794,0.0000,1,1,-0.4731,1.0393,0.5794,0.0000
24.9498,-1.5444,-0.0566,0.5794,0.0000,1,1,-0.4737,1.0460,0.5794,0.0000
24.9598,-1.6603,0.2057,0.5794,0.0000,1,1,-0.4742,1.0546,0.5794,0.0000
24.9706,-2.0095,0.6068,0.5794,0.0000,1,1,-0.4743,1.0692,0.5794,0.0000
24.9807,-1.7796,0.4207,0.5794,0.0000,1,1,-0.4739,1.0798,0.5794,0.0000
24.9899,-1.1835,0.2588,0.5794,0.0000,1,1,-0.4738,1.0802,0.5794,0.0000
24.9998,-1.3263,0.2031,0.5794,0.0000,1,1,-0.4735,1.0832,0.5794,0.0000
25.0099,-1.4059,0.0646,0.5794,0.0000,1,1,-0.4727,1.0879,0.5794,0.0000
25.0201,-1.2942,-0.0018,0.5794,0.0000,1,1,-0.4722,1.0907,0.5794,0.0000
25.0301,-1.3725,0.0382,0.5794,0.0000,1,1,-0.4711,1.0952,0.5794,0.0000
25.0399,-1.6923,0.1039,0.5794,0.0000,1,1,-0.4682,1.1053,0.5794,0.0000
25.0499,-1.8188,-0.0822,0.5794,0.0000,1,1,-0.4642,1.1175,0.5794,2011974.8750
25.0598,-1.5978,-0.3634,0.5794,0.0000,1,1,-0.4611,1.1261,0.5794,2011974.8750
25.0701,-1.4090,-0.3683,0.5794,0.0000,1,1,-0.4588,1.1316,0.5794,2011974.8750
25.0801,-1.4477,0.0083,0.5794,0.0000,1,1,-0.4559,1.1380,0.5794,2011974.8750
25.0898,-1.6666,0.2591,0.5794,0.0000,1,1,-0.4509,1.1481,0.5794,2011974.8750
25.0997,-1.4691,0.0485,0.5794,0.0000,1,1,-0.4471,1.1551,0.5794,2011974.8750
25.1098,-1.4760,0.0687,0.5794,0.0000,1,1,-0.4428,1.1623,0.5794,2011974.8750
25.1208,-1.8345,0.3599,0.5794,0.0000,1,1,-0.4345,1.1753,0.5794,2011974.8750
25.1301,-1.8378,0.1862,0.5794,0.0000,1,1,-0.4255,1.1883,0.5794,2011974.8750
25.1399,-1.2375,-0.0718,0.5794,0.0000,1,1,-0.4226,1.1921,0.5794,2011974.8750
25.1498,-1.2813,0.1978,0.5794,0.0000,1,1,-0.4188,1.1969,0.5794,2011974.8750
25.1598,-1.2669,0.5647,0.5794,0.0000,1,1,-0.4147,1.2017,0.5794,2011974.8750
25.1706,-1.0934,0.0405,0.5794,0.0000,1,1,-0.4122,1.2044,0.5794,2011974.8750
25.1807,-1.0607,-0.2753,0.5794,0.0000,1,1,-0.4096,1.2070,0.5794,2011974.8750
25.1898,-1.4978,0.0055,0.5794,0.0000,1,1,-0.4007,1.2154,0.5794,2011974.8750
25.1998,-1.9533,0.2366,0.5794,0.0000,1,1,-0.3848,1.2292,0.5794,2011974.8750
25.2098,-2.1358,-0.2389,0.5794,0.0000,1,1,-0.3657,1.2446,0.5794,2011974.8750
25.2201,-1.9398,-0.5687,0.5794,0.0000,1,1,-0.3488,1.2572,0.5794,2011974.8750
25.2301,-1.8484,-0.1892,0.5794,0.0000,1,1,-0.3326,1.2683,0.5794,2011974.8750
25.2398,-1.9064,0.0289,0.5794,0.0000,1,1,-0.3150,1.2795,0.5794,2011974.8750
25.2498,-1.7387,-0.2950,0.5794,0.0000,1,1,-0.2995,1.2886,0.5794,2011974.8750
25.2598,-1.7426,-0.1761,0.5794,0.0000,1,1,-0.2833,1.2972,0.5794,2011974.8750
25.2701,-2.1336,-0.0187,0.5794,0.0000,1,1,-0.2600,1.3082,0.5794,2011974.8750
25.2801,-1.8872,0.0377,0.5794,0.0000,1,1,-0.2403,1.3166,0.5794,2011974.8750
25.2898,-2.0175,-0.0218,0.5794,0.0000,1,1,-0.2181,1.3252,0.5794,2011974.8750
25.2998,-1.9990,0.0324,0.5794,0.0000,1,1,-0.1957,1.3326,0.5794,2011974.8750
25.3098,-1.4194,-0.0437,0.5794,0.0000,1,1,-0.1827,1.3364,0.5794,2011974.8750
25.3207,-1.2990,0.0643,0.5794,0.0000,1,1,-0.1711,1.3391,0.5794,2011974.8750
25.3301,-1.4870,0.1024,0.5794,0.0000,1,1,-0.1556,1.3420,0.5794,2011974.8750
25.3398,-1.2156,-0.0242,0.5794,0.0000,1,1,-0.1444,1.3436,0.5794,2011974.8750
25.3498,-1.0004,0.0133,0.5794,0.0000,1,1,-0.1364,1.3444,0.5794,2011974.8750
25.3597,-1.0067,-0.2065,0.5794,0.0000,1,1,-0.1276,1.3448,0.5794,2011974.8750
25.3707,-0.9680,-0.4836,0.5794,0.0000,1,1,-0.1188,1.3448,0.5794,2011974.8750
25.3808,-1.1716,-0.3000,0.5794,0.0000,1,1,-0.1060,1.3441,0.5794,2011974.8750
25.3898,-1.4074,-0.1431,0.5794,0.0000,1,1,-0.0887,1.3423,0.5794,2011974.8750
25.3998,-1.5054,0.0069,0.5794,0.0000,1,1,-0.0695,1.3393,0.5794,2011974.8750
25.4098,-1.6885,0.0908,0.5794,0.0000,1,1,-0.0471,1.3347,0.5794,2011974.8750
25.4201,-1.6413,-0.0009,0.5794,0.0000,1,1,-0.0253,1.3288,0.5794,2011974.8750
25.4301,-1.0278,0.0606,0.5794,0.0000,1,1,-0.0136,1.3250,0.5794,2011974.8750
25.4398,-1.0078,0.0269,0.5794,0.0000,1,1,-0.0019,1.3205,0.5794,2011974.8750
25.4498,-1.0739,0.0728,0.5794,0.0000,1,1,0.0110,1.3148,0.5794,2011974.8750
25.4598,-0.9130,0.0535,0.5794,0.0000,1,1,0.0217,1.3093,0.5794,2011974.8750
25.4701,-0.9384,-0.0366,0.5794,0.0000,1,1,0.0330,1.3027,0.5794,2011974.8750
25.4801,-1.0873,-0.2207,0.5794,0.0000,1,1,0.0466,1.2936,0.5794,2011974.8750
25.4898,-1.0761,-0.4871,0.5794,0.0000,1,1,0.0600,1.2837,0.5794,2011974.8750
25.4998,-1.1546,-0.4665,0.5794,0.0000,1,1,0.0744,1.2719,0.5794,2011974.8750
25.5098,-1.2748,-0.2769,0.5794,0.0000,1,1,0.0901,1.2575,0.5794,2011974.8750
25.5207,-1.4782,-0.3937,0.5794,0.0000,1,1,0.1081,1.2391,0.5794,2011974.8750
25.5301,-1.8328,-0.1733,0.5794,0.0000,1,1,0.1298,1.2144,0.5794,2011974.8750
25.5398,-1.6556,-0.1278,0.5794,0.0000,1,1,0.1484,1.1912,0.5794,2011974.8750
25.5498,-1.2275,-0.1366,0.5794,0.0000,1,1,0.1612,1.1733,0.5794,2011974.8750
25.5598,-1.2195,0.2653,0.5794,0.0000,1,1,0.1734,1.1546,0.5794,2011974.8750
25.5706,-1.0761,0.1823,0.5794,0.0000,1,1,0.1835,1.1371,0.5794,2011974.8750
25.5807,-0.5814,-0.1268,0.5794,0.0000,1,1,0.1885,1.1274,0.5794,2011974.8750
25.5898,-1.0258,0.2512,0.5794,0.0000,1,1,0.1971,1.1089,0.5794,2011974.8750
25.5998,-1.3558,0.4553,0.5794,0.0000,1,1,0.2077,1.0832,0.5794,2011974.8750
25.6098,-1.1380,-0.0858,0.5794,0.0000,1,1,0.2157,1.0610,0.5794,2011974.8750
25.6201,-0.9617,-0.3661,0.5794,0.0000,1,1,0.2217,1.0414,0.5794,2011974.8750
25.6301,-0.9807,-0.1493,0.5794,0.0000,1,1,0.2271,1.0208,0.5794,2011974.8750
25.6398,-1.1039,-0.1112,0.5794,0.0000,1,1,0.2324,0.9971,0.5794,2011974.8750
25.6498,-1.0063,-0.3985,0.5794,0.0000,1,1,0.2365,0.9749,0.5794,2011974.8750
25.6598,-0.7418,-0.4470,0.5794,0.0000,1,1,0.2388,0.9582,0.5794,2011974.8750
25.6701,-0.8835,0.0142,0.5794,0.0000,1,1,0.2409,0.9376,0.5794,2011974.8750
25.6801,-1.1095,0.3105,0.5794,0.0000,1,1,0.2425,0.9114,0.5794,2011974.8750
25.6898,-0.6120,-0.2030,0.5794,0.0000,1,1,0.2429,0.8968,0.5794,2011974.8750
25.6998,-0.2821,-0.1761,0.5794,0.0000,1,1,0.2428,0.8897,0.5794,2011974.8750
25.7098,-0.6045,0.4262,0.5794,0.0000,1,1,0.2422,0.8743,0.5794,2011974.8750
25.7207,-0.5079,0.2710,0.5794,0.0000,1,1,0.2411,0.8609,0.5794,2011974.8750
25.7301,0.0517,-0.1843,0.5794,0.0000,1,1,0.2411,0.8609,0.5794,2011974.8750
25.7398,-0.1538,0.1604,0.5794,0.0000,1,1,0.2403,0.8553,0.5794,2011974.8750
25.7498,-0.2614,0.5645,0.5794,0.0000,1,1,0.2388,0.8467,0.5794,2011974.8750
25.7598,-0.0365,0.0942,0.5794,0.0000,1,1,0.2381,0.8434,0.5794,2011974.8750
25.7706,0.1157,-0.1811,0.5794,0.0000,1,1,0.2381,0.8433,0.5794,2011974.8750
25.7807,0.0297,0.0062,0.5794,0.0000,1,1,0.2373,0.8407,0.5794,2011974.8750
25.7898,-0.2073,0.1166,0.5794,0.0000,1,1,0.2346,0.8319,0.5794,2011974.8750
25.7998,-0.0671,-0.3299,0.5794,0.0000,1,1,0.2327,0.8264,0.5794,2011974.8750
25.8098,0.3334,-0.4207,0.5794,0.0000,1,1,0.2342,0.8304,0.5794,2011974.8750
25.8200,0.1203,0.1937,0.5794,0.0000,1,1,0.2335,0.8287,0.5794,2011974.8750
25.8301,-0.1204,0.5161,0.5794,0.0000,1,1,0.2300,0.8210,0.5794,2011974.8750
25.8399,0.3531,-0.1469,0.5794,0.0000,1,1,0.2317,0.8245,0.5794,2011974.8750
25.8498,0.3667,0.0971,0.5794,0.0000,1,1,0.2335,0.8279,0.5794,2011974.8750
25.8598,0.2202,0.7179,0.5794,0.0000,1,1,0.2332,0.8274,0.5794,2011974.8750
25.8701,0.5326,0.4106,0.5794,0.0000,1,1,0.2370,0.8337,0.5794,2011974.8750
25.8801,0.7301,0.0292,0.5794,0.0000,1,1,0.2434,0.8439,0.5794,2011974.8750
25.8899,0.6046,0.2980,0.5794,0.0000,1,1,0.2479,0.8505,0.5794,2011974.8750
25.8998,0.9371,0.4542,0.5794,0.0000,1,1,0.2573,0.8637,0.5794,2011974.8750
25.9098,0.8017,0.2601,0.5794,0.0000,1,1,0.2645,0.8732,0.5794,2011974.8750
25.9208,0.6512,0.1408,0.5794,0.0000,1,1,0.2691,0.8789,0.5794,2011974.8750
25.9301,0.7908,0.2134,0.5794,0.0000,1,1,0.2759,0.8870,0.5794,2011974.8750
25.9397,0.7379,0.3646,0.5794,0.0000,1,1,0.2817,0.8935,0.5794,2011974.8750
25.9498,0.8038,0.0217,0.5794,0.0000,1,1,0.2885,0.9010,0.5794,2011974.8750
25.9598,1.0691,-0.0996,0.5794,0.0000,1,1,0.2999,0.9131,0.5794,2011974.8750
25.9706,0.9626,0.3910,0.5794,0.0000,1,1,0.3092,0.9224,0.5794,2011974.8750
25.9807,1.0471,0.5097,0.5794,0.0000,1,1,0.3200,0.9328,0.5794,2011974.8750
25.9898,1.0876,0.1291,0.5794,0.0000,1,1,0.3312,0.9432,0.5794,2011974.8750
25.9998,0.8230,0.1969,0.5794,0.0000,1,1,0.3370,0.9484,0.5794,2011974.8750
26.0099,0.5952,0.3573,0.5794,0.0000,1,1,0.3381,0.9494,0.5794,2011974.8750
26.0201,1.0487,0.6116,0.5794,0.0000,1,1,0.3486,0.9580,0.5794,2011974.8750
26.0301,1.2071,0.4800,0.5794,0.0000,1,1,0.3624,0.9687,0.5794,2011974.8750
26.0398,1.0609,0.5776,0.5794,0.0000,1,1,0.3728,0.9765,0.5794,2011974.8750
26.0498,1.2856,0.9027,0.5794,0.0000,1,1,0.3881,0.9874,0.5794,2011974.8750
26.0598,1.1802,0.6687,0.5794,0.0000,1,1,0.4008,0.9962,0.5794,2011974.8750
26.0701,1.1019,0.3441,0.5794,0.0000,1,1,0.4118,1.0034,0.5794,2011974.8750
26.0801,1.0123,0.2668,0.5794,0.0000,1,1,0.4206,1.0090,0.5794,2011974.8750
26.0898,1.2065,0.5744,0.5794,0.0000,1,1,0.4338,1.0171,0.5794,2011974.8750
26.0998,1.2347,0.4446,0.5794,0.0000,1,1,0.4476,1.0252,0.5794,2011974.8750
26.1098,1.2625,0.0921,0.5794,0.0000,1,1,0.4618,1.0333,0.5794,2011974.8750
26.1207,1.2669,0.2436,0.5794,0.0000,1,1,0.4761,1.0411,0.5794,2011974.8750
26.1301,1.0011,0.3841,0.5794,0.0000,1,1,0.4840,1.0453,0.5794,2011974.8750
26.1398,1.0558,0.2033,0.5794,0.0000,1,1,0.4933,1.0500,0.5794,2011974.8750
26.1498,1.0980,0.1985,0.5794,0.0000,1,1,0.5036,1.0551,0.5794,2011974.8750
26.1598,0.8715,0.5692,0.5794,0.0000,1,1,0.5087,1.0576,0.5794,2011974.8750
26.1706,1.1472,0.8313,0.5794,0.0000,1,1,0.5206,1.0630,0.5794,2011974.8750
26.1807,1.3812,0.5210,0.5794,0.0000,1,1,0.5378,1.0705,0.5794,2011974.8750
26.1898,1.2096,0.5244,0.5794,0.0000,1,1,0.5509,1.0760,0.5794,2011974.8750
26.1998,1.0802,0.8390,0.5794,0.0000,1,1,0.5611,1.0801,0.5794,2011974.8750
26.2098,1.1264,0.8406,0.5794,0.0000,1,1,0.5724,1.0844,0.5794,2011974.8750
26.2201,1.0850,0.3503,0.5794,0.0000,1,1,0.5830,1.0883,0.5794,2011974.8750
26.2301,1.1557,0.2408,0.5794,0.0000,1,1,0.5953,1.0925,0.5794,2011974.8750
26.2398,1.3240,0.6913,0.5794,0.0000,1,1,0.6113,1.0977,0.5794,2011974.8750
26.2498,1.3155,0.5193,0.5794,0.0000,1,1,0.6270,1.1024,0.5794,2011974.8750
26.2598,1.4964,-0.1167,0.5794,0.0000,1,1,0.6466,1.1078,0.5794,2011974.8750
26.2701,1.3091,0.0123,0.5794,0.0000,1,1,0.6623,1.1117,0.5794,2011974.8750
26.2801,0.8449,0.5608,0.5794,0.0000,1,1,0.6685,1.1131,0.5794,2011974.8750
26.2898,0.8726,0.4372,0.5794,0.0000,1,1,0.6757,1.1145,0.5794,2011974.8750
26.2997,1.6694,0.1692,0.5794,0.0000,1,1,0.6997,1.1185,0.5794,2011974.8750
26.3098,1.9047,0.6748,0.5794,0.0000,1,1,0.7282,1.1223,0.5794,2011974.8750
26.3207,2.3074,1.0305,0.5794,0.0000,1,1,0.7645,1.1259,0.5794,2011974.8750
26.3301,2.6476,0.6088,0.5794,0.0000,1,1,0.8068,1.1287,0.5794,2011974.8750
26.3398,2.3140,0.5007,0.5794,0.0000,1,1,0.8415,1.1298,0.5794,2011974.8750
26.3498,1.7830,0.8651,0.5794,0.0000,1,1,0.8654,1.1298,0.5794,2011974.8750
26.3598,1.2437,0.7859,0.5794,0.0000,1,1,0.8788,1.1292,0.5794,2011974.8750
26.3706,0.8275,0.2878,0.5794,0.0000,1,1,0.8848,1.1287,0.5794,2011974.8750
26.3807,0.8001,0.1544,0.5794,0.0000,1,1,0.8909,1.1280,0.5794,2011974.8750
26.3898,0.9536,0.4265,0.5794,0.0000,1,1,0.9002,1.1265,0.5794,2011974.8750
26.3998,1.0832,0.2547,0.5794,0.0000,1,1,0.9122,1.1241,0.5794,2011974.8750
26.4098,1.4014,-0.2039,0.5794,0.0000,1,1,0.9300,1.1198,0.5794,2011974.8750
26.4200,1.3077,0.1486,0.5794,0.0000,1,1,0.9461,1.1151,0.5794,2011974.8750
26.4301,0.7354,0.7579,0.5794,0.0000,1,1,0.9529,1.1128,0.5794,2011974.8750
26.4398,0.5978,0.6203,0.5794,0.0000,1,1,0.9579,1.1109,0.5794,2011974.8750
26.4498,0.9011,0.3093,0.5794,0.0000,1,1,0.9682,1.1065,0.5794,2011974.8750
26.4598,0.9207,0.6949,0.5794,0.0000,1,1,0.9789,1.1012,0.5794,2011974.8750
26.4701,0.7883,0.9474,0.5794,0.0000,1,1,0.9879,1.0963,0.5794,2011974.8750
26.4801,1.1255,0.6875,0.5794,0.0000,1,1,1.0019,1.0877,0.5794,2011974.8750
26.4898,1.1570,0.6219,0.5794,0.0000,1,1,1.0161,1.0782,0.5794,2011974.8750
26.4998,0.8383,0.7454,0.5794,0.0000,1,1,1.0260,1.0709,0.5794,2011974.8750
26.5098,0.6353,0.5015,0.5794,0.0000,1,1,1.0334,1.0649,0.5794,2011974.8750
26.5207,0.9651,0.2667,0.5794,0.0000,1,1,1.0448,1.0546,0.5794,2011974.8750
26.5301,1.0162,0.3565,0.5794,0.0000,1,1,1.0567,1.0428,0.5794,2011974.8750
26.5398,0.9186,0.3603,0.5794,0.0000,1,1,1.0671,1.0314,0.5794,2011974.8750
26.5498,0.7525,0.0948,0.5794,0.0000,1,1,1.0756,1.0212,0.5794,2011974.8750
26.5598,0.7846,-0.0192,0.5794,0.0000,1,1,1.0842,1.0099,0.5794,2011974.8750
26.5706,0.8030,0.1914,0.5794,0.0000,1,1,1.0927,0.9973,0.5794,2011974.8750
26.5807,0.7354,0.5672,0.5794,0.0000,1,1,1.1003,0.9848,0.5794,2011974.8750
26.5898,0.6873,0.4722,0.5794,0.0000,1,1,1.1072,0.9723,0.5794,2011974.8750
26.5998,1.0406,0.2595,0.5794,0.0000,1,1,1.1161,0.9539,0.5794,2011974.8750
26.6098,0.8999,0.3204,0.5794,0.0000,1,1,1.1234,0.9369,0.5794,2011974.8750
26.6201,0.6625,0.5903,0.5794,0.0000,1,1,1.1287,0.9224,0.5794,2011974.8750
26.6301,0.9840,0.5504,0.5794,0.0000,1,1,1.1351,0.9023,0.5794,2011974.8750
26.6398,1.1217,0.6500,0.5794,0.0000,1,1,1.1413,0.8794,0.5794,2011974.8750
26.6498,0.8210,0.7786,0.5794,0.0000,1,1,1.1454,0.8607,0.5794,2011974.8750
26.6598,0.8267,0.4693,0.5794,0.0000,1,1,1.1487,0.8412,0.5794,2011974.8750
26.6701,0.9966,0.1522,0.5794,0.0000,1,1,1.1515,0.8182,0.5794,2011974.8750
26.6801,0.8072,0.2364,0.5794,0.0000,1,1,1.1531,0.7977,0.5794,2011974.8750
26.6898,0.6448,0.3823,0.5794,0.0000,1,1,1.1537,0.7796,0.5794,2011974.8750
26.6998,0.7047,0.2326,0.5794,0.0000,1,1,1.1535,0.7599,0.5794,2011974.8750
26.7098,0.8271,0.0897,0.5794,0.0000,1,1,1.1524,0.7377,0.5794,2011974.8750
26.7207,0.9345,0.5291,0.5794,0.0000,1,1,1.1500,0.7131,0.5794,2011974.8750
26.7301,0.5992,0.7330,0.5794,0.0000,1,1,1.1474,0.6941,0.5794,2011974.8750
26.7398,0.6685,0.2831,0.5794,0.0000,1,1,1.1438,0.6735,0.5794,2011974.8750
26.7497,0.7069,0.1882,0.5794,0.0000,1,1,1.1391,0.6521,0.5794,2011974.8750
26.7598,0.2695,0.6463,0.5794,0.0000,1,1,1.1355,0.6380,0.5794,2011974.8750
26.7706,0.2466,0.5452,0.5794,0.0000,1,1,1.1312,0.6238,0.5794,2011974.8750
26.7807,0.5191,0.1469,0.5794,0.0000,1,1,1.1246,0.6048,0.5794,2011974.8750
26.7898,0.1809,0.4630,0.5794,0.0000,1,1,1.1195,0.5915,0.5794,2011974.8750
26.7998,0.2519,0.7447,0.5794,0.0000,1,1,1.1132,0.5768,0.5794,2011974.8750
26.8098,0.3530,0.4339,0.5794,0.0000,1,1,1.1055,0.5603,0.5794,2011974.8750
26.8201,-0.0383,0.5670,0.5794,0.0000,1,1,1.1002,0.5502,0.5794,2011974.8750
26.8301,-0.2281,0.7548,0.5794,0.0000,1,1,1.0961,0.5429,0.5794,2011974.8750
26.8398,-0.1850,0.6510,0.5794,0.0000,1,1,1.0912,0.5348,0.5794,2011974.8750
26.8498,-0.3969,0.4251,0.5794,0.0000,1,1,1.0879,0.5298,0.5794,2011974.8750
26.8598,-0.4931,0.3461,0.5794,0.0000,1,1,1.0852,0.5260,0.5794,2011974.8750
26.8701,-0.1849,0.4203,0.5794,0.0000,1,1,1.0786,0.5174,0.5794,2011974.8750
26.8801,-0.4144,0.2518,0.5794,0.0000,1,1,1.0742,0.5121,0.5794,2011974.8750
26.8898,-0.4557,0.0111,0.5794,0.0000,1,1,1.0700,0.5074,0.5794,2011974.8750
26.8998,-0.6205,0.0827,0.5794,0.0000,1,1,1.0675,0.5047,0.5794,2011974.8750
26.9098,-0.7603,0.2511,0.5794,0.0000,1,1,1.0665,0.5038,0.5794,2011974.8750
26.9208,-0.7844,0.0092,0.5794,0.0000,1,1,1.0655,0.5029,0.5794,2011974.8750
26.9301,-0.7033,-0.2401,0.5794,0.0000,1,1,1.0630,0.5008,0.5794,2011974.8750
26.9398,-0.9541,0.1011,0.5794,0.0000,1,1,1.0639,0.5015,0.5794,2011974.8750
26.9498,-1.0260,0.0812,0.5794,0.0000,1,1,1.0657,0.5028,0.5794,2011974.8750
26.9598,-1.1131,-0.1571,0.5794,0.0000,1,1,1.0685,0.5046,0.5794,2011974.8750
26.9707,-1.5837,0.1215,0.5794,0.0000,1,1,1.0783,0.5106,0.5794,2011974.8750
26.9807,-1.4303,0.2910,0.5794,0.0000,1,1,1.0855,0.5146,0.5794,2011974.8750
26.9898,-1.1939,0.1638,0.5794,0.0000,1,1,1.0886,0.5162,0.5794,2011974.8750
26.9998,-1.1964,0.1981,0.5794,0.0000,1,1,1.0916,0.5176,0.5794,2011974.8750
27.0099,-1.2707,0.2575,0.5794,0.0000,1,1,1.0956,0.5193,0.5794,2011974.8750
27.0201,-0.9991,0.3219,0.5794,0.0000,1,1,1.0949,0.5190,0.5794,2011974.8750
27.0301,-1.2476,0.1866,0.5794,0.0000,1,1,1.0983,0.5201,0.5794,2011974.8750
27.0398,-1.6205,0.0038,0.5794,0.0000,1,1,1.1079,0.5226,0.5794,2011974.8750
27.0498,-1.4806,0.1600,0.5794,0.0000,1,1,1.1149,0.5242,0.5794,2011974.8750
27.0599,-1.4888,0.0271,0.5794,0.0000,1,1,1.1219,0.5254,0.5794,2011974.8750
27.0701,-1.5104,-0.2030,0.5794,0.0000,1,1,1.1292,0.5263,0.5794,2011974.8750
27.0801,-1.5353,-0.2418,0.5794,0.0000,1,1,1.1367,0.5268,0.5794,2011974.8750
27.0898,-1.6459,-0.0228,0.5794,0.0000,1,1,1.1461,0.5271,0.5794,2011974.8750
27.0998,-1.6881,-0.1256,0.5794,0.0000,1,1,1.1559,0.5269,0.5794,2011974.8750
27.1097,-1.6348,-0.5325,0.5794,0.0000,1,1,1.1647,0.5262,0.5794,2011974.8750
27.1207,-1.6919,-0.2939,0.5794,0.0000,1,1,1.1744,0.5250,0.5794,2011974.8750
27.1301,-1.9142,0.1113,0.5794,0.0000,1,1,1.1877,0.5226,0.5794,2011974.8750
27.1398,-1.7320,-0.3222,0.5794,0.0000,1,1,1.1977,0.5203,0.5794,2011974.8750
27.1497,-1.4334,-0.5431,0.5794,0.0000,1,1,1.2026,0.5189,0.5794,2011974.8750
27.1598,-1.8188,-0.0183,0.5794,0.0000,1,1,1.2137,0.5150,0.5794,2011974.8750
27.1706,-1.8835,0.1375,0.5794,0.0000,1,1,1.2258,0.5100,0.5794,2011974.8750
27.1808,-1.7540,-0.2807,0.5794,0.0000,1,1,1.2356,0.5054,0.5794,2011974.8750
27.1898,-1.7841,-0.2160,0.5794,0.0000,1,1,1.2456,0.4999,0.5794,2011974.8750
27.1998,-1.7926,0.2530,0.5794,0.0000,1,1,1.2556,0.4938,0.5794,2011974.8750
27.2098,-1.5930,0.3029,0.5794,0.0000,1,1,1.2625,0.4891,0.5794,2011974.8750
27.2201,-1.4805,-0.0811,0.5794,0.0000,1,1,1.2678,0.4849,0.5794,2011974.8750
27.2300,-1.5628,-0.1155,0.5794,0.0000,1,1,1.2743,0.4793,0.5794,2011974.8750
27.2398,-1.5497,0.0538,0.5794,0.0000,1,1,1.2805,0.4734,0.5794,2011974.8750
27.2498,-1.7585,-0.2273,0.5794,0.0000,1,1,1.2892,0.4641,0.5794,2011974.8750
27.2598,-1.9152,-0.4085,0.5794,0.0000,1,1,1.2997,0.4519,0.5794,2011974.8750
27.2701,-1.7845,-0.2565,0.5794,0.0000,1,1,1.3082,0.4407,0.5794,2011974.8750
27.2801,-1.7481,-0.1247,0.5794,0.0000,1,1,1.3159,0.4293,0.5794,2011974.8750
27.2898,-1.5926,0.0017,0.5794,0.0000,1,1,1.3218,0.4199,0.5794,2011974.8750
27.2998,-1.6332,-0.1523,0.5794,0.0000,1,1,1.3278,0.4091,0.5794,2011974.8750
27.3098,-1.6282,-0.0409,0.5794,0.0000,1,1,1.3335,0.3976,0.5794,2011974.8750
27.3207,-1.5811,-0.0472,0.5794,0.0000,1,1,1.3385,0.3862,0.5794,2011974.8750
27.3301,-1.6554,-0.0736,0.5794,0.0000,1,1,1.3438,0.3725,0.5794,2011974.8750
27.3398,-1.8491,-0.0242,0.5794,0.0000,1,1,1.3500,0.3544,0.5794,2011974.8750
27.3498,-1.4785,-0.3659,0.5794,0.0000,1,1,1.3533,0.3431,0.5794,2011974.8750
27.3598,-1.2903,-0.1893,0.5794,0.0000,1,1,1.3553,0.3349,0.5794,2011974.8750
27.3707,-1.7025,0.5722,0.5794,0.0000,1,1,1.3590,0.3170,0.5794,2011974.8750
27.3808,-1.7765,0.4529,0.5794,0.0000,1,1,1.3622,0.2966,0.5794,2011974.8750
27.3898,-1.3072,0.0510,0.5794,0.0000,1,1,1.3635,0.2863,0.5794,2011974.8750
27.3998,-1.4965,0.2205,0.5794,0.0000,1,1,1.3649,0.2708,0.5794,2011974.8750
27.4098,-1.3790,0.3960,0.5794,0.0000,1,1,1.3656,0.2574,0.5794,2011974.8750
27.4201,-1.2101,-0.1527,0.5794,0.0000,1,1,1.3657,0.2470,0.5794,2011974.8750
27.4301,-1.2063,-0.2112,0.5794,0.0000,1,1,1.3654,0.2359,0.5794,2011974.8750
27.4398,-1.6314,0.3108,0.5794,0.0000,1,1,1.3641,0.2139,0.5794,2011974.8750
27.4498,-1.8744,0.4459,0.5794,0.0000,1,1,1.3616,0.1854,0.5794,2011974.8750
27.4598,-1.9817,-0.0732,0.5794,0.0000,1,1,1.3577,0.1541,0.5794,2011974.8750
27.4701,-1.8089,-0.3274,0.5794,0.0000,1,1,1.3532,0.1266,0.5794,2011974.8750
27.4801,-1.7762,-0.0454,0.5794,0.0000,1,1,1.3480,0.0997,0.5794,2011974.8750
27.4898,-1.9446,-0.1816,0.5794,0.0000,1,1,1.3410,0.0686,0.5794,2011974.8750
27.4998,-1.8400,-0.7250,0.5794,0.0000,1,1,1.3336,0.0401,0.5794,2011974.8750
27.5097,-1.8673,-0.4158,0.5794,0.0000,1,1,1.3251,0.0108,0.5794,2011974.8750
27.5207,-2.1851,0.1343,0.5794,0.0000,1,1,1.3129,-0.0264,0.5794,2011974.8750
27.5301,-2.0519,-0.0712,0.5794,0.0000,1,1,1.3008,-0.0599,0.5794,2011974.8750
27.5398,-1.8100,-0.4058,0.5794,0.0000,1,1,1.2901,-0.0871,0.5794,2011974.8750
27.5497,-1.9701,-0.1031,0.5794,0.0000,1,1,1.2769,-0.1180,0.5794,2011974.8750
27.5597,-2.0014,-0.0204,0.5794,0.0000,1,1,1.2625,-0.1493,0.5794,2011974.8750
27.5706,-1.7852,-0.3871,0.5794,0.0000,1,1,1.2495,-0.1752,0.5794,2011974.8750
27.5807,-1.6734,-0.3574,0.5794,0.0000,1,1,1.2371,-0.1983,0.5794,2011974.8750
27.5898,-1.6004,0.0193,0.5794,0.0000,1,1,1.2250,-0.2194,0.5794,2011974.8750
27.5998,-1.2983,0.1170,0.5794,0.0000,1,1,1.2163,-0.2337,0.5794,2011974.8750
27.6098,-1.0325,-0.1914,0.5794,0.0000,1,1,1.2107,-0.2423,0.5794,2011974.8750
27.6200,-1.2508,-0.2118,0.5794,0.0000,1,1,1.2011,-0.2562,0.5794,2011974.8750
27.6300,-1.3795,0.1753,0.5794,0.0000,1,1,1.1887,-0.2730,0.5794,2011974.8750
27.6398,-1.5163,-0.0851,0.5794,0.0000,1,1,1.1737,-0.2924,0.5794,2011974.8750
27.6498,-1.5405,-0.5498,0.5794,0.0000,1,1,1.1575,-0.3121,0.5794,2011974.8750
27.6598,-1.3810,-0.3485,0.5794,0.0000,1,1,1.1435,-0.3285,0.5794,2011974.8750
27.6701,-1.3355,-0.0988,0.5794,0.0000,1,1,1.1295,-0.3442,0.5794,2011974.8750
27.6801,-1.3484,-0.2607,0.5794,0.0000,1,1,1.1147,-0.3600,0.5794,2011974.8750
27.6898,-1.1720,-0.4720,0.5794,0.0000,1,1,1.1028,-0.3724,0.5794,2011974.8750
27.6998,-1.1886,-0.3084,0.5794,0.0000,1,1,1.0899,-0.3852,0.5794,2011974.8750
27.7097,-1.3210,-0.2004,0.5794,0.0000,1,1,1.0740,-0.4004,0.5794,2011974.8750
27.7208,-1.3386,-0.3586,0.5794,0.0000,1,1,1.0572,-0.4157,0.5794,2011974.8750
27.7301,-1.4357,-0.2704,0.5794,0.0000,1,1,1.0380,-0.4325,0.5794,2011974.8750
27.7398,-1.2752,-0.3219,0.5794,0.0000,1,1,1.0219,-0.4461,0.5794,2011974.8750
27.7497,-0.8373,-0.2384,0.5794,0.0000,1,1,1.0142,-0.4523,0.5794,2011974.8750
27.7598,-0.9957,-0.0036,0.5794,0.0000,1,1,1.0024,-0.4613,0.5794,2011974.8750
27.7706,-1.2453,0.1519,0.5794,0.0000,1,1,0.9846,-0.4744,0.5794,2011974.8750
27.7807,-0.8531,0.1453,0.5794,0.0000,1,1,0.9748,-0.4812,0.5794,2011974.8750
27.7898,-1.0186,0.2246,0.5794,0.0000,1,1,0.9609,-0.4906,0.5794,2011974.8750
27.7998,-1.1279,0.2917,0.5794,0.0000,1,1,0.9441,-0.5016,0.5794,2011974.8750
27.8098,-0.9250,-0.2156,0.5794,0.0000,1,1,0.9315,-0.5095,0.5794,2011974.8750
27.8201,-0.9938,-0.6066,0.5794,0.0000,1,1,0.9168,-0.5183,0.5794,2011974.8750
27.8301,-1.2148,-0.2819,0.5794,0.0000,1,1,0.8965,-0.5300,0.5794,2011974.8750
27.8398,-1.4519,-0.0433,0.5794,0.0000,1,1,0.8708,-0.5444,0.5794,2011974.8750
27.8498,-1.4982,-0.3441,0.5794,0.0000,1,1,0.8442,-0.5589,0.5794,2011974.8750
27.8598,-1.0126,-0.5797,0.5794,0.0000,1,1,0.8291,-0.5668,0.5794,2011974.8750
27.8701,-1.0743,-0.0620,0.5794,0.0000,1,1,0.8122,-0.5752,0.5794,2011974.8750
27.8800,-1.4662,0.3514,0.5794,0.0000,1,1,0.7861,-0.5878,0.5794,2011974.8750
27.8898,-1.1464,-0.3971,0.5794,0.0000,1,1,0.7679,-0.5964,0.5794,2011974.8750
27.8998,-1.1096,-0.2971,0.5794,0.0000,1,1,0.7505,-0.6042,0.5794,2011974.8750
27.9098,-1.3424,0.3814,0.5794,0.0000,1,1,0.7278,-0.6140,0.5794,2011974.8750
27.9208,-1.1755,0.1203,0.5794,0.0000,1,1,0.7091,-0.6217,0.5794,2011974.8750
27.9301,-0.6200,-0.2449,0.5794,0.0000,1,1,0.7031,-0.6240,0.5794,2011974.8750
27.9397,-0.6021,0.0080,0.5794,0.0000,1,1,0.6971,-0.6263,0.5794,2011974.8750
27.9498,-0.1193,0.4063,0.5794,0.0000,1,1,0.7013,-0.6248,0.5794,2011974.8750
27.9599,0.0784,0.1218,0.5794,0.0000,1,1,0.7090,-0.6222,0.5794,2011974.8750
27.9705,0.1214,-0.2470,0.5794,0.0000,1,1,0.7166,-0.6198,0.5794,2011974.8750
27.9807,0.0307,-0.0500,0.5794,0.0000,1,1,0.7213,-0.6185,0.5794,2011974.8750
27.9898,-0.1333,0.1919,0.5794,0.0000,1,1,0.7219,-0.6183,0.5794,2011974.8750
27.9997,-0.2131,-0.0443,0.5794,0.0000,1,1,0.7201,-0.6187,0.5794,2011974.8750
28.0099,0.0837,-0.3021,0.5794,0.0000,1,1,0.7241,-0.6179,0.5794,2011974.8750
28.0201,0.0933,-0.1130,0.5794,0.0000,1,1,0.7275,-0.6173,0.5794,2011974.8750
28.0301,0.3366,0.1296,0.5794,0.0000,1,1,0.7353,-0.6161,0.5794,2011974.8750
28.0398,0.4936,0.0153,0.5794,0.0000,1,1,0.7454,-0.6149,0.5794,2011974.8750
28.0498,0.2271,0.1994,0.5794,0.0000,1,1,0.7494,-0.6145,0.5794,2011974.8750
28.0598,0.4040,0.4652,0.5794,0.0000,1,1,0.7562,-0.6142,0.5794,2011974.8750
28.0701,0.7718,0.5650,0.5794,0.0000,1,1,0.7695,-0.6140,0.5794,2011974.8750
28.0801,0.6911,0.6638,0.5794,0.0000,1,1,0.7802,-0.6142,0.5794,2011974.8750
28.0898,0.7192,0.4359,0.5794,0.0000,1,1,0.7907,-0.6148,0.5794,2011974.8750
28.0998,1.3426,0.1442,0.5794,0.0000,1,1,0.8120,-0.6168,0.5794,2011974.8750
28.1098,1.2283,0.2534,0.5794,0.0000,1,1,0.8298,-0.6192,0.5794,2011974.8750
28.1207,0.9779,0.4018,0.5794,0.0000,1,1,0.8421,-0.6214,0.5794,2011974.8750
28.1301,1.0444,0.3506,0.5794,0.0000,1,1,0.8548,-0.6242,0.5794,2011974.8750
28.1398,1.1269,0.3669,0.5794,0.0000,1,1,0.8680,-0.6276,0.5794,2011974.8750
28.1498,1.1426,0.2326,0.5794,0.0000,1,1,0.8807,-0.6315,0.5794,2011974.8750
28.1598,1.2020,0.0972,0.5794,0.0000,1,1,0.8935,-0.6360,0.5794,2011974.8750
28.1707,1.2507,0.0126,0.5794,0.0000,1,1,0.9063,-0.6412,0.5794,2011974.8750
28.1807,1.3717,0.0205,0.5794,0.0000,1,1,0.9201,-0.6476,0.5794,2011974.8750
28.1898,1.3277,0.3913,0.5794,0.0000,1,1,0.9325,-0.6539,0.5794,2011974.8750
28.1998,1.0074,0.6998,0.5794,0.0000,1,1,0.9395,-0.6578,0.5794,2011974.8750
28.2098,1.1245,0.3736,0.5794,0.0000,1,1,0.9477,-0.6630,0.5794,2011974.8750
28.2201,1.3889,0.2426,0.5794,0.0000,1,1,0.9588,-0.6709,0.5794,2011974.8750
28.2302,1.2243,0.3803,0.5794,0.0000,1,1,0.9672,-0.6774,0.5794,2011974.8750
28.2398,1.2324,0.4679,0.5794,0.0000,1,1,0.9752,-0.6842,0.5794,2011974.8750
28.2498,1.7642,0.5661,0.5794,0.0000,1,1,0.9889,-0.6969,0.5794,2011974.8750
28.2598,1.5483,0.6784,0.5794,0.0000,1,1,0.9993,-0.7076,0.5794,2011974.8750
28.2701,1.2917,0.6565,0.5794,0.0000,1,1,1.0062,-0.7155,0.5794,2011974.8750
28.2800,1.5336,0.3101,0.5794,0.0000,1,1,1.0151,-0.7267,0.5794,2011974.8750
28.2898,1.6156,0.3629,0.5794,0.0000,1,1,1.0241,-0.7391,0.5794,2011974.8750
28.2998,1.4659,0.5906,0.5794,0.0000,1,1,1.0311,-0.7498,0.5794,2011974.8750
28.3098,1.4374,0.4836,0.5794,0.0000,1,1,1.0373,-0.7604,0.5794,2011974.8750
28.3207,1.5519,0.2246,0.5794,0.0000,1,1,1.0438,-0.7729,0.5794,2011974.8750
28.3301,1.5825,0.2166,0.5794,0.0000,1,1,1.0499,-0.7862,0.5794,2011974.8750
28.3398,1.5277,0.3150,0.5794,0.0000,1,1,1.0550,-0.7988,0.5794,2011974.8750
28.3497,1.4647,0.3241,0.5794,0.0000,1,1,1.0592,-0.8109,0.5794,2011974.8750
28.3598,1.6017,0.1738,0.5794,0.0000,1,1,1.0636,-0.8253,0.5794,2011974.8750
28.3705,1.6773,0.4526,0.5794,0.0000,1,1,1.0675,-0.8413,0.5794,2011974.8750
28.3807,1.2592,0.6744,0.5794,0.0000,1,1,1.0693,-0.8508,0.5794,2011974.8750
28.3898,1.3008,0.4727,0.5794,0.0000,1,1,1.0709,-0.8614,0.5794,2011974.8750
28.3998,1.6255,0.4629,0.5794,0.0000,1,1,1.0727,-0.8776,0.5794,2011974.8750
28.4098,1.3520,0.9048,0.5794,0.0000,1,1,1.0734,-0.8896,0.5794,2011974.8750
28.4201,1.2342,1.0314,0.5794,0.0000,1,1,1.0735,-0.9000,0.5794,2011974.8750
28.4301,1.6017,0.4416,0.5794,0.0000,1,1,1.0730,-0.9170,0.5794,2011974.8750
28.4398,1.4428,0.4103,0.5794,0.0000,1,1,1.0720,-0.9315,0.5794,2011974.8750
28.4498,1.3714,0.8094,0.5794,0.0000,1,1,1.0705,-0.9452,0.5794,2011974.8750
28.4598,1.4415,0.5448,0.5794,0.0000,1,1,1.0682,-0.9603,0.5794,2011974.8750
28.4700,1.5836,0.1505,0.5794,0.0000,1,1,1.0647,-0.9783,0.5794,2011974.8750
28.4801,1.4659,0.2893,0.5794,0.0000,1,1,1.0609,-0.9945,0.5794,2011974.8750
28.4898,1.1504,0.6504,0.5794,0.0000,1,1,1.0578,-1.0056,0.5794,2011974.8750
28.4998,0.9280,0.3624,0.5794,0.0000,1,1,1.0554,-1.0132,0.5794,2011974.8750
28.5097,1.2591,-0.0612,0.5794,0.0000,1,1,1.0505,-1.0269,0.5794,2011974.8750
28.5208,1.1232,0.3764,0.5794,0.0000,1,1,1.0457,-1.0387,0.5794,2011974.8750
28.5301,0.9102,0.8451,0.5794,0.0000,1,1,1.0419,-1.0473,0.5794,2011974.8750
28.5398,1.2859,0.2352,0.5794,0.0000,1,1,1.0345,-1.0624,0.5794,2011974.8750
28.5497,1.7154,0.2981,0.5794,0.0000,1,1,1.0226,-1.0846,0.5794,2011974.8750
28.5598,2.2021,0.7436,0.5794,0.0000,1,1,1.0053,-1.1145,0.5794,2011974.8750
28.5706,2.8949,0.7037,0.5794,0.0000,1,1,0.9798,-1.1546,0.5794,2011974.8750
28.5808,3.0328,0.4753,0.5794,0.0000,1,1,0.9516,-1.1959,0.5794,2011974.8750
28.5898,2.2469,0.6391,0.5794,0.0000,1,1,0.9308,-1.2243,0.5794,2011974.8750
28.5997,1.5953,0.8614,0.5794,0.0000,1,1,0.9163,-1.2427,0.5794,2011974.8750
28.6097,1.0504,0.5582,0.5794,0.0000,1,1,0.9074,-1.2531,0.5794,2011974.8750
28.6201,0.7008,0.1666,0.5794,0.0000,1,1,0.9021,-1.2590,0.5794,2011974.8750
28.6301,0.7878,0.3500,0.5794,0.0000,1,1,0.8948,-1.2663,0.5794,2011974.8750
28.6398,1.0024,0.4029,0.5794,0.0000,1,1,0.8840,-1.2766,0.5794,2011974.8750
28.6498,1.3731,0.0872,0.5794,0.0000,1,1,0.8672,-1.2914,0.5794,2011974.8750
28.6598,1.4681,0.2170,0.5794,0.0000,1,1,0.8483,-1.3070,0.5794,2011974.8750
28.6701,1.3258,0.4041,0.5794,0.0000,1,1,0.8304,-1.3205,0.5794,2011974.8750
28.6801,1.1315,0.4851,0.5794,0.0000,1,1,0.8146,-1.3315,0.5794,2011974.8750
28.6898,0.7865,0.6168,0.5794,0.0000,1,1,0.8033,-1.3387,0.5794,2011974.8750
28.6998,0.4645,0.5846,0.5794,0.0000,1,1,0.7963,-1.3429,0.5794,2011974.8750
28.7097,0.9811,0.4566,0.5794,0.0000,1,1,0.7802,-1.3516,0.5794,2011974.8750
28.7207,0.9883,0.5974,0.5794,0.0000,1,1,0.7631,-1.3599,0.5794,2011974.8750
28.7301,0.9067,0.8827,0.5794,0.0000,1,1,0.7465,-1.3671,0.5794,2011974.8750
28.7398,1.0187,0.5000,0.5794,0.0000,1,1,0.7275,-1.3746,0.5794,2011974.8750
28.7498,1.0891,0.2563,0.5794,0.0000,1,1,0.7065,-1.3818,0.5794,2011974.8750
28.7598,0.8056,0.6030,0.5794,0.0000,1,1,0.6897,-1.3868,0.5794,2011974.8750
28.7706,0.7819,0.7254,0.5794,0.0000,1,1,0.6725,-1.3910,0.5794,2011974.8750
28.7808,0.8710,0.0913,0.5794,0.0000,1,1,0.6531,-1.3948,0.5794,2011974.8750
28.7898,1.1573,-0.0402,0.5794,0.0000,1,1,0.6283,-1.3986,0.5794,2011974.8750
28.7998,1.0459,0.3150,0.5794,0.0000,1,1,0.6050,-1.4010,0.5794,2011974.8750
28.8097,0.8207,0.3787,0.5794,0.0000,1,1,0.5852,-1.4022,0.5794,2011974.8750
28.8201,0.9394,0.0579,0.5794,0.0000,1,1,0.5627,-1.4022,0.5794,2011974.8750
28.8300,0.9037,0.2684,0.5794,0.0000,1,1,0.5405,-1.4012,0.5794,2011974.8750
28.8398,0.8715,0.6934,0.5794,0.0000,1,1,0.5186,-1.3992,0.5794,2011974.8750
28.8498,1.0507,0.7125,0.5794,0.0000,1,1,0.4935,-1.3956,0.5794,2011974.8750
28.8598,1.0880,0.4200,0.5794,0.0000,1,1,0.4676,-1.3904,0.5794,2011974.8750
28.8701,1.0988,0.4142,0.5794,0.0000,1,1,0.4415,-1.3837,0.5794,2011974.8750
28.8801,1.3860,0.4393,0.5794,0.0000,1,1,0.4108,-1.3740,0.5794,2011974.8750
28.8898,1.2707,0.3085,0.5794,0.0000,1,1,0.3824,-1.3635,0.5794,2011974.8750
28.8998,1.2164,0.2153,0.5794,0.0000,1,1,0.3553,-1.3517,0.5794,2011974.8750
28.9098,1.2457,0.1736,0.5794,0.0000,1,1,0.3281,-1.3381,0.5794,2011974.8750
28.9207,1.0900,0.1279,0.5794,0.0000,1,1,0.3037,-1.3241,0.5794,2011974.8750
28.9301,0.9881,0.0364,0.5794,0.0000,1,1,0.2813,-1.3095,0.5794,2011974.8750
28.9398,0.6829,0.0300,0.5794,0.0000,1,1,0.2639,-1.2970,0.5794,2011974.8750
28.9498,0.7343,0.0931,0.5794,0.0000,1,1,0.2460,-1.2826,0.5794,2011974.8750
28.9598,0.9606,0.2581,0.5794,0.0000,1,1,0.2256,-1.2642,0.5794,2011974.8750
28.9705,0.6353,0.3971,0.5794,0.0000,1,1,0.2100,-1.2486,0.5794,2011974.8750
28.9807,0.2204,0.5408,0.5794,0.0000,1,1,0.2002,-1.2375,0.5794,2011974.8750
28.9897,0.5232,0.4175,0.5794,0.0000,1,1,0.1869,-1.2213,0.5794,2011974.8750
28.9998,0.4205,0.6825,0.5794,0.0000,1,1,0.1753,-1.2056,0.5794,2011974.8750
29.0098,0.1629,0.8559,0.5794,0.0000,1,1,0.1670,-1.1930,0.5794,2011974.8750
29.0200,0.4156,0.3524,0.5794,0.0000,1,1,0.1565,-1.1752,0.5794,2011974.8750
29.0300,0.4561,-0.0041,0.5794,0.0000,1,1,0.1463,-1.1557,0.5794,2011974.8750
29.0398,0.2050,0.5213,0.5794,0.0000,1,1,0.1389,-1.1402,0.5794,2011974.8750
29.0498,0.0904,0.5771,0.5794,0.0000,1,1,0.1330,-1.1261,0.5794,2011974.8750
29.0598,0.1879,0.1066,0.5794,0.0000,1,1,0.1268,-1.1094,0.5794,2011974.8750
29.0701,0.1493,-0.0079,0.5794,0.0000,1,1,0.1215,-1.0926,0.5794,2011974.8750
29.0801,-0.0180,0.4123,0.5794,0.0000,1,1,0.1177,-1.0788,0.5794,2011974.8750
29.0899,-0.3337,0.2496,0.5794,0.0000,1,1,0.1160,-1.0713,0.5794,2011974.8750
29.0998,-0.1564,-0.2629,0.5794,0.0000,1,1,0.1137,-1.0593,0.5794,2011974.8750
29.1098,-0.3195,0.2415,0.5794,0.0000,1,1,0.1124,-1.0505,0.5794,2011974.8750
29.1208,-0.6139,0.7162,0.5794,0.0000,1,1,0.1121,-1.0478,0.5794,2011974.8750
29.1301,-0.5389,0.1952,0.5794,0.0000,1,1,0.1118,-1.0429,0.5794,2011974.8750
29.1398,-0.4595,-0.1088,0.5794,0.0000,1,1,0.1115,-1.0357,0.5794,2011974.8750
29.1498,-0.7004,0.2873,0.5794,0.0000,1,1,0.1115,-1.0339,0.5794,2011974.8750
29.1598,-0.6991,0.5011,0.5794,0.0000,1,1,0.1116,-1.0316,0.5794,2011974.8750
29.1707,-0.7584,0.3693,0.5794,0.0000,1,1,0.1117,-1.0302,0.5794,2011974.8750
29.1807,-1.1103,0.3248,0.5794,0.0000,1,1,0.1110,-1.0370,0.5794,2011974.8750
29.1898,-0.8384,0.2783,0.5794,0.0000,1,1,0.1110,-1.0366,0.5794,2011974.8750
29.1998,-1.0213,0.0907,0.5794,0.0000,1,1,0.1104,-1.0403,0.5794,2011974.8750
29.2097,-1.2287,0.0965,0.5794,0.0000,1,1,0.1087,-1.0486,0.5794,2011974.8750
29.2201,-1.1551,-0.2660,0.5794,0.0000,1,1,0.1073,-1.0545,0.5794,2011974.8750
29.2301,-1.1208,-0.4263,0.5794,0.0000,1,1,0.1060,-1.0590,0.5794,2011974.8750
29.2398,-1.3368,0.0593,0.5794,0.0000,1,1,0.1032,-1.0684,0.5794,2011974.8750
29.2498,-1.7336,0.3363,0.5794,0.0000,1,1,0.0969,-1.0868,0.5794,2011974.8750
29.2598,-1.8357,-0.1712,0.5794,0.0000,1,1,0.0895,-1.1068,0.5794,2011974.8750
29.2701,-1.5020,-0.3706,0.5794,0.0000,1,1,0.0851,-1.1176,0.5794,2011974.8750
29.2801,-1.7674,0.0320,0.5794,0.0000,1,1,0.0777,-1.1342,0.5794,2011974.8750
29.2897,-2.0945,0.2588,0.5794,0.0000,1,1,0.0666,-1.1575,0.5794,2011974.8750
29.2998,-1.8382,-0.3036,0.5794,0.0000,1,1,0.0583,-1.1737,0.5794,2011974.8750
29.3098,-1.9107,-0.0684,0.5794,0.0000,1,1,0.0490,-1.1906,0.5794,2011974.8750
29.3207,-2.1643,0.4845,0.5794,0.0000,1,1,0.0362,-1.2124,0.5794,2011974.8750
29.3301,-1.9907,0.2732,0.5794,0.0000,1,1,0.0257,-1.2291,0.5794,2011974.8750
29.3398,-1.9171,-0.2171,0.5794,0.0000,1,1,0.0162,-1.2433,0.5794,2011974.8750
29.3497,-2.0199,-0.0273,0.5794,0.0000,1,1,0.0052,-1.2590,0.5794,2011974.8750
29.3598,-1.9115,0.2318,0.5794,0.0000,1,1,-0.0042,-1.2715,0.5794,2011974.8750
29.3706,-2.0343,0.0034,0.5794,0.0000,1,1,-0.0157,-1.2859,0.5794,2011974.8750
29.3807,-2.2256,-0.3061,0.5794,0.0000,1,1,-0.0305,-1.3035,0.5794,2011974.8750
29.3898,-2.0637,-0.2211,0.5794,0.0000,1,1,-0.0423,-1.3171,0.5794,2011974.8750
29.3998,-2.2271,-0.2260,0.5794,0.0000,1,1,-0.0570,-1.3334,0.5794,2011974.8750
29.4097,-2.1910,-0.0981,0.5794,0.0000,1,1,-0.0711,-1.3483,0.5794,2011974.8750
29.4200,-2.3302,-0.0970,0.5794,0.0000,1,1,-0.0877,-1.3651,0.5794,2011974.8750
29.4301,-2.1371,-0.3427,0.5794,0.0000,1,1,-0.1006,-1.3777,0.5794,2011974.8750
29.4398,-1.9250,-0.2390,0.5794,0.0000,1,1,-0.1093,-1.3858,0.5794,2011974.8750
29.4497,-2.3285,0.1511,0.5794,0.0000,1,1,-0.1260,-1.4009,0.5794,2011974.8750
29.4598,-2.5052,0.1976,0.5794,0.0000,1,1,-0.1461,-1.4182,0.5794,2011974.8750
29.4701,-1.9960,-0.1823,0.5794,0.0000,1,1,-0.1558,-1.4263,0.5794,2011974.8750
29.4801,-2.1940,0.1687,0.5794,0.0000,1,1,-0.1700,-1.4374,0.5794,2011974.8750
29.4898,-2.2517,0.5837,0.5794,0.0000,1,1,-0.1854,-1.4490,0.5794,2011974.8750
29.4997,-1.9809,-0.0010,0.5794,0.0000,1,1,-0.1952,-1.4561,0.5794,2011974.8750
29.5098,-1.9411,-0.2697,0.5794,0.0000,1,1,-0.2043,-1.4624,0.5794,2011974.8750
29.5207,-2.0481,0.2590,0.5794,0.0000,1,1,-0.2163,-1.4703,0.5794,2011974.8750
29.5301,-2.0128,0.2189,0.5794,0.0000,1,1,-0.2277,-1.4776,0.5794,2011974.8750
29.5398,-1.9803,-0.3224,0.5794,0.0000,1,1,-0.2386,-1.4844,0.5794,2011974.8750
29.5497,-1.8753,-0.4801,0.5794,0.0000,1,1,-0.2474,-1.4896,0.5794,2011974.8750
29.5598,-1.9753,-0.2383,0.5794,0.0000,1,1,-0.2590,-1.4962,0.5794,2011974.8750
29.5706,-2.0726,-0.1769,0.5794,0.0000,1,1,-0.2732,-1.5041,0.5794,2011974.8750
29.5808,-1.9208,-0.3302,0.5794,0.0000,1,1,-0.2842,-1.5099,0.5794,2011974.8750
29.5898,-2.1056,-0.0487,0.5794,0.0000,1,1,-0.2998,-1.5179,0.5794,2011974.8750
29.5998,-1.9556,0.1231,0.5794,0.0000,1,1,-0.3121,-1.5240,0.5794,2011974.8750
29.6097,-1.8519,0.1718,0.5794,0.0000,1,1,-0.3225,-1.5290,0.5794,2011974.8750
29.6201,-2.1599,0.3186,0.5794,0.0000,1,1,-0.3405,-1.5372,0.5794,2011974.8750
29.6301,-1.9079,0.2265,0.5794,0.0000,1,1,-0.3529,-1.5427,0.5794,2011974.8750
29.6398,-1.5720,-0.0787,0.5794,0.0000,1,1,-0.3580,-1.5449,0.5794,2011974.8750
29.6497,-1.7827,-0.0235,0.5794,0.0000,1,1,-0.3686,-1.5492,0.5794,2011974.8750
29.6598,-2.3292,-0.1241,0.5794,0.0000,1,1,-0.3920,-1.5582,0.5794,2011974.8750
29.6701,-2.4413,-0.1167,0.5794,0.0000,1,1,-0.4180,-1.5677,0.5794,2011974.8750
29.6801,-2.6970,0.0168,0.5794,0.0000,1,1,-0.4494,-1.5786,0.5794,2011974.8750
29.6898,-2.7030,0.1214,0.5794,0.0000,1,1,-0.4805,-1.5888,0.5794,2011974.8750
29.6998,-2.5415,-0.2693,0.5794,0.0000,1,1,-0.5077,-1.5971,0.5794,2011974.8750
29.7098,-2.2969,-0.4473,0.5794,0.0000,1,1,-0.5296,-1.6033,0.5794,2011974.8750
29.7208,-2.3977,-0.1362,0.5794,0.0000,1,1,-0.5541,-1.6095,0.5794,2011974.8750
29.7301,-2.8086,0.2140,0.5794,0.0000,1,1,-0.5872,-1.6169,0.5794,2011974.8750
29.7398,-2.5373,-0.0568,0.5794,0.0000,1,1,-0.6145,-1.6224,0.5794,2011974.8750
29.7497,-1.7516,-0.1739,0.5794,0.0000,1,1,-0.6258,-1.6243,0.5794,2011974.8750
29.7598,-1.5506,0.2263,0.5794,0.0000,1,1,-0.6337,-1.6254,0.5794,2011974.8750
29.7706,-1.6161,0.4551,0.5794,0.0000,1,1,-0.6439,-1.6265,0.5794,2011974.8750
29.7807,-1.4105,0.2245,0.5794,0.0000,1,1,-0.6507,-1.6270,0.5794,2011974.8750
29.7898,-1.6184,0.3878,0.5794,0.0000,1,1,-0.6624,-1.6274,0.5794,2011974.8750
29.7998,-1.9304,0.6124,0.5794,0.0000,1,1,-0.6807,-1.6275,0.5794,2011974.8750
29.8098,-1.6860,0.2325,0.5794,0.0000,1,1,-0.6948,-1.6271,0.5794,2011974.8750
29.8198,-1.4283,-0.1523,0.5794,0.0000,1,1,-0.7046,-1.6264,0.5794,2011974.8750
29.8303,-1.5166,0.0416,0.5794,0.0000,1,1,-0.7168,-1.6250,0.5794,2011974.8750
29.8398,-1.6141,0.3211,0.5794,0.0000,1,1,-0.7312,-1.6228,0.5794,2011974.8750
29.8497,-1.6406,-0.1587,0.5794,0.0000,1,1,-0.7466,-1.6198,0.5794,2011974.8750
29.8598,-1.5074,-0.4801,0.5794,0.0000,1,1,-0.7600,-1.6167,0.5794,2011974.8750
29.8701,-1.6041,0.0204,0.5794,0.0000,1,1,-0.7756,-1.6123,0.5794,2011974.8750
29.8801,-1.8440,0.2146,0.5794,0.0000,1,1,-0.7953,-1.6058,0.5794,2011974.8750
29.8898,-1.4381,-0.3105,0.5794,0.0000,1,1,-0.8086,-1.6008,0.5794,2011974.8750
29.8998,-1.4957,-0.2153,0.5794,0.0000,1,1,-0.8230,-1.5947,0.5794,2011974.8750
29.9098,-1.7123,0.2941,0.5794,0.0000,1,1,-0.8409,-1.5862,0.5794,2011974.8750
29.9208,-1.4831,0.2942,0.5794,0.0000,1,1,-0.8554,-1.5784,0.5794,2011974.8750
29.9301,-1.4121,0.0710,0.5794,0.0000,1,1,-0.8690,-1.5702,0.5794,2011974.8750
29.9398,-1.7682,0.4056,0.5794,0.0000,1,1,-0.8875,-1.5581,0.5794,2011974.8750
29.9497,-1.6585,0.5612,0.5794,0.0000,1,1,-0.9042,-1.5459,0.5794,2011974.8750
29.9598,-1.5792,0.0386,0.5794,0.0000,1,1,-0.9197,-1.5336,0.5794,2011974.8750
29.9706,-1.6877,-0.1445,0.5794,0.0000,1,1,-0.9362,-1.5189,0.5794,2011974.8750
29.9808,-1.4686,0.0235,0.5794,0.0000,1,1,-0.9497,-1.5056,0.5794,2011974.8750
29.9898,-1.6332,0.0802,0.5794,0.0000,1,1,-0.9647,-1.4896,0.5794,2011974.8750
29.9998,-1.7980,-0.0818,0.5794,0.0000,1,1,-0.9809,-1.4706,0.5794,2011979.3750
30.0098,-1.8298,-0.1223,0.5794,0.0000,1,1,-0.9967,-1.4501,0.5794,2011979.3750
30.0201,-1.8698,0.0026,0.5794,0.0000,1,1,-1.0119,-1.4279,0.5794,2011979.3750
30.0301,-1.6917,0.0654,0.5794,0.0000,1,1,-1.0248,-1.4072,0.5794,2011979.3750
30.0398,-1.4681,-0.2197,0.5794,0.0000,1,1,-1.0352,-1.3887,0.5794,2011979.3750
30.0498,-1.6200,-0.0308,0.5794,0.0000,1,1,-1.0459,-1.3672,0.5794,2011979.3750
30.0598,-1.5730,-0.0138,0.5794,0.0000,1,1,-1.0555,-1.3454,0.5794,2011979.3750
30.0701,-1.6514,-0.0264,0.5794,0.0000,1,1,-1.0645,-1.3215,0.5794,2011979.3750
30.0801,-1.8564,0.1253,0.5794,0.0000,1,1,-1.0736,-1.2936,0.5794,2011979.3750
30.0898,-1.3541,0.1177,0.5794,0.0000,1,1,-1.0793,-1.2730,0.5794,2011979.3750
30.0998,-0.5518,0.0118,0.5794,0.0000,1,1,-1.0813,-1.2643,0.5794,2011979.3750
30.1098,-0.6769,0.2824,0.5794,0.0000,1,1,-1.0834,-1.2528,0.5794,2011979.3750
30.1208,-0.9534,0.3460,0.5794,0.0000,1,1,-1.0856,-1.2359,0.5794,2011979.3750
30.1301,-0.7217,0.2112,0.5794,0.0000,1,1,-1.0867,-1.2223,0.5794,2011979.3750
30.1397,-0.8367,0.2590,0.5794,0.0000,1,1,-1.0874,-1.2061,0.5794,2011979.3750
30.1497,-0.8629,0.3019,0.5794,0.0000,1,1,-1.0874,-1.1890,0.5794,2011979.3750
30.1598,-0.5683,0.0612,0.5794,0.0000,1,1,-1.0869,-1.1763,0.5794,2011979.3750
30.1706,-0.2111,-0.1060,0.5794,0.0000,1,1,-1.0862,-1.1690,0.5794,2011979.3750
30.1807,-0.3502,0.0922,0.5794,0.0000,1,1,-1.0849,-1.1588,0.5794,2011979.3750
30.1898,-0.4221,0.2416,0.5794,0.0000,1,1,-1.0829,-1.1469,0.5794,2011979.3750
30.1998,-0.3895,-0.0227,0.5794,0.0000,1,1,-1.0804,-1.1351,0.5794,2011979.3750
30.2098,-0.0426,-0.3414,0.5794,0.0000,1,1,-1.0789,-1.1289,0.5794,2011979.3750
30.2200,0.0959,-0.0228,0.5794,0.0000,1,1,-1.0775,-1.1245,0.5794,2011979.3750
30.2300,-0.2086,0.3041,0.5794,0.0000,1,1,-1.0742,-1.1144,0.5794,2011979.3750
30.2398,0.0661,0.1945,0.5794,0.0000,1,1,-1.0720,-1.1088,0.5794,2011979.3750
30.2498,0.4408,0.2119,0.5794,0.0000,1,1,-1.0721,-1.1090,0.5794,2011979.3750
30.2598,0.2643,0.6015,0.5794,0.0000,1,1,-1.0706,-1.1057,0.5794,2011979.3750
30.2700,0.2279,0.4691,0.5794,0.0000,1,1,-1.0685,-1.1015,0.5794,2011979.3750
30.2801,0.8639,0.0837,0.5794,0.0000,1,1,-1.0716,-1.1072,0.5794,2011979.3750
30.2898,0.9105,0.1874,0.5794,0.0000,1,1,-1.0751,-1.1130,0.5794,2011979.3750
30.2998,0.7215,0.3701,0.5794,0.0000,1,1,-1.0766,-1.1153,0.5794,2011979.3750
30.3098,0.9650,0.2063,0.5794,0.0000,1,1,-1.0805,-1.1209,0.5794,2011979.3750
30.3207,1.0669,-0.0528,0.5794,0.0000,1,1,-1.0854,-1.1273,0.5794,2011979.3750
30.3301,0.9714,0.1301,0.5794,0.0000,1,1,-1.0891,-1.1319,0.5794,2011979.3750
30.3398,0.7435,0.2368,0.5794,0.0000,1,1,-1.0899,-1.1328,0.5794,2011979.3750
30.3497,1.0112,-0.0216,0.5794,0.0000,1,1,-1.0939,-1.1371,0.5794,2011979.3750
30.3598,1.4002,-0.0925,0.5794,0.0000,1,1,-1.1029,-1.1460,0.5794,2011979.3750
30.3706,1.2299,0.3978,0.5794,0.0000,1,1,-1.1096,-1.1521,0.5794,2011979.3750
30.3808,0.9093,0.5404,0.5794,0.0000,1,1,-1.1117,-1.1539,0.5794,2011979.3750
30.3898,1.3139,0.1508,0.5794,0.0000,1,1,-1.1195,-1.1601,0.5794,2011979.3750
30.3998,1.3858,0.4311,0.5794,0.0000,1,1,-1.1284,-1.1666,0.5794,2011979.3750
30.4097,1.1854,0.9290,0.5794,0.0000,1,1,-1.1342,-1.1705,0.5794,2011979.3750
30.4201,1.6059,0.4414,0.5794,0.0000,1,1,-1.1465,-1.1782,0.5794,2011979.3750
30.4301,1.8054,0.0473,0.5794,0.0000,1,1,-1.1619,-1.1869,0.5794,2011979.3750
30.4398,1.5644,0.4528,0.5794,0.0000,1,1,-1.1734,-1.1929,0.5794,2011979.3750
30.4498,1.5431,0.5818,0.5794,0.0000,1,1,-1.1846,-1.1981,0.5794,2011979.3750
30.4598,1.6375,0.1168,0.5794,0.0000,1,1,-1.1973,-1.2035,0.5794,2011979.3750
30.4701,1.7330,-0.0014,0.5794,0.0000,1,1,-1.2118,-1.2088,0.5794,2011979.3750
30.4801,1.6776,0.3112,0.5794,0.0000,1,1,-1.2253,-1.2131,0.5794,2011979.3750
30.4898,1.4946,0.2708,0.5794,0.0000,1,1,-1.2357,-1.2160,0.5794,2011979.3750
30.4998,1.6696,-0.1432,0.5794,0.0000,1,1,-1.2492,-1.2191,0.5794,2011979.3750
30.5098,1.7659,0.1612,0.5794,0.0000,1,1,-1.2644,-1.2218,0.5794,2011979.3750
30.5207,1.2725,0.6326,0.5794,0.0000,1,1,-1.2712,-1.2227,0.5794,2011979.3750
30.5301,1.3824,0.5811,0.5794,0.0000,1,1,-1.2802,-1.2234,0.5794,2011979.3750
30.5398,1.7088,0.3697,0.5794,0.0000,1,1,-1.2950,-1.2240,0.5794,2011979.3750
30.5497,1.4650,0.7726,0.5794,0.0000,1,1,-1.3056,-1.2239,0.5794,2011979.3750
30.5598,1.6055,1.0934,0.5794,0.0000,1,1,-1.3189,-1.2231,0.5794,2011979.3750
30.5706,1.9015,0.5222,0.5794,0.0000,1,1,-1.3374,-1.2209,0.5794,2011979.3750
30.5807,1.7255,0.3751,0.5794,0.0000,1,1,-1.3529,-1.2182,0.5794,2011979.3750
30.5898,1.8772,0.6919,0.5794,0.0000,1,1,-1.3709,-1.2142,0.5794,2011979.3750
30.5998,1.5995,0.5063,0.5794,0.0000,1,1,-1.3843,-1.2105,0.5794,2011979.3750
30.6097,1.4725,0.3258,0.5794,0.0000,1,1,-1.3958,-1.2067,0.5794,2011979.3750
30.6201,1.3578,0.2861,0.5794,0.0000,1,1,-1.4057,-1.2027,0.5794,2011979.3750
30.6301,1.4654,0.0922,0.5794,0.0000,1,1,-1.4175,-1.1972,0.5794,2011979.3750
30.6398,1.4663,0.1786,0.5794,0.0000,1,1,-1.4294,-1.1909,0.5794,2011979.3750
30.6497,1.4134,0.4400,0.5794,0.0000,1,1,-1.4406,-1.1842,0.5794,2011979.3750
30.6598,1.0508,0.4461,0.5794,0.0000,1,1,-1.4466,-1.1802,0.5794,2011979.3750
30.6701,1.3911,0.2923,0.5794,0.0000,1,1,-1.4579,-1.1715,0.5794,2011979.3750
30.6801,1.2573,0.6371,0.5794,0.0000,1,1,-1.4674,-1.1635,0.5794,2011979.3750
30.6898,0.9035,0.9100,0.5794,0.0000,1,1,-1.4723,-1.1589,0.5794,2011979.3750
30.6998,1.2778,0.6324,0.5794,0.0000,1,1,-1.4823,-1.1485,0.5794,2011979.3750
30.7098,1.5734,0.3830,0.5794,0.0000,1,1,-1.4959,-1.1328,0.5794,2011979.3750
30.7207,1.2618,0.4412,0.5794,0.0000,1,1,-1.5055,-1.1204,0.5794,2011979.3750
30.7301,1.3055,0.2483,0.5794,0.0000,1,1,-1.5155,-1.1060,0.5794,2011979.3750
30.7398,1.2888,0.0687,0.5794,0.0000,1,1,-1.5251,-1.0909,0.5794,2011979.3750
30.7498,1.0228,0.3264,0.5794,0.0000,1,1,-1.5318,-1.0791,0.5794,2011979.3750
30.7598,0.8738,0.5276,0.5794,0.0000,1,1,-1.5371,-1.0688,0.5794,2011979.3750
30.7706,1.4881,0.2551,0.5794,0.0000,1,1,-1.5474,-1.0457,0.5794,2011979.3750
30.7807,2.3750,-0.1590,0.5794,0.0000,1,1,-1.5638,-1.0041,0.5794,2011979.3750
30.7897,2.9620,0.0766,0.5794,0.0000,1,1,-1.5827,-0.9500,0.5794,2011979.3750
30.7998,2.8265,0.4754,0.5794,0.0000,1,1,-1.5986,-0.8974,0.5794,2011979.3750
30.8097,2.4953,0.6717,0.5794,0.0000,1,1,-1.6106,-0.8507,0.5794,2011979.3750
30.8201,1.4382,0.8248,0.5794,0.0000,1,1,-1.6160,-0.8254,0.5794,2011979.3750
30.8301,0.4251,0.9961,0.5794,0.0000,1,1,-1.6166,-0.8213,0.5794,2011979.3750
30.8398,0.3202,0.5593,0.5794,0.0000,1,1,-1.6170,-0.8183,0.5794,2011979.3750
30.8498,1.2481,0.1752,0.5794,0.0000,1,1,-1.6194,-0.7929,0.5794,2011979.3750
30.8598,1.7428,0.1238,0.5794,0.0000,1,1,-1.6216,-0.7550,0.5794,2011979.3750
30.8701,1.9300,0.2405,0.5794,0.0000,1,1,-1.6223,-0.7116,0.5794,2011979.3750
30.8801,1.8371,0.4413,0.5794,0.0000,1,1,-1.6216,-0.6699,0.5794,2011979.3750
30.8898,1.5661,0.5981,0.5794,0.0000,1,1,-1.6198,-0.6344,0.5794,2011979.3750
30.8998,1.1769,0.4484,0.5794,0.0000,1,1,-1.6175,-0.6078,0.5794,2011979.3750
30.9098,0.9208,0.2612,0.5794,0.0000,1,1,-1.6150,-0.5866,0.5794,2011979.3750
30.9207,1.0456,-0.0712,0.5794,0.0000,1,1,-1.6111,-0.5612,0.5794,2011979.3750
30.9302,1.4471,-0.0997,0.5794,0.0000,1,1,-1.6043,-0.5253,0.5794,2011979.3750
30.9398,1.3209,0.2121,0.5794,0.0000,1,1,-1.5971,-0.4924,0.5794,2011979.3750
30.9498,1.1243,0.5193,0.5794,0.0000,1,1,-1.5900,-0.4640,0.5794,2011979.3750
30.9598,1.3006,0.4724,0.5794,0.0000,1,1,-1.5805,-0.4309,0.5794,2011979.3750
30.9706,1.2674,0.6300,0.5794,0.0000,1,1,-1.5700,-0.3982,0.5794,2011979.3750
30.9807,1.1002,0.7369,0.5794,0.0000,1,1,-1.5598,-0.3694,0.5794,2011979.3750
30.9898,1.2711,0.3408,0.5794,0.0000,1,1,-1.5471,-0.3365,0.5794,2011979.3750
30.9998,1.6949,-0.0692,0.5794,0.0000,1,1,-1.5290,-0.2935,0.5794,2011979.3750
31.0099,1.3432,0.2566,0.5794,0.0000,1,1,-1.5135,-0.2595,0.5794,2011979.3750
31.0202,1.0779,0.5610,0.5794,0.0000,1,1,-1.4998,-0.2318,0.5794,2011979.3750
31.0301,1.0968,0.3710,0.5794,0.0000,1,1,-1.4849,-0.2037,0.5794,2011979.3750
31.0398,1.2555,0.0743,0.5794,0.0000,1,1,-1.4672,-0.1723,0.5794,2011979.3750
31.0498,1.2395,0.1388,0.5794,0.0000,1,1,-1.4488,-0.1417,0.5794,2011979.3750
31.0599,0.8774,0.0949,0.5794,0.0000,1,1,-1.4345,-0.1195,0.5794,2011979.3750
31.0701,0.9301,-0.0305,0.5794,0.0000,1,1,-1.4185,-0.0961,0.5794,2011979.3750
31.0801,0.9907,0.0625,0.5794,0.0000,1,1,-1.4007,-0.0717,0.5794,2011979.3750
31.0898,0.7368,0.4697,0.5794,0.0000,1,1,-1.3864,-0.0530,0.5794,2011979.3750
31.0998,0.6603,0.4933,0.5794,0.0000,1,1,-1.3726,-0.0360,0.5794,2011979.3750
31.1098,1.3400,0.3172,0.5794,0.0000,1,1,-1.3464,-0.0052,0.5794,2011979.3750
31.1207,1.3046,0.2918,0.5794,0.0000,1,1,-1.3201,0.0244,0.5794,2011979.3750
31.1301,1.2466,0.4878,0.5794,0.0000,1,1,-1.2944,0.0522,0.5794,2011979.3750
31.1397,1.2767,0.1736,0.5794,0.0000,1,1,-1.2678,0.0799,0.5794,2011979.3750
31.1497,1.1147,0.1074,0.5794,0.0000,1,1,-1.2439,0.1038,0.5794,2011979.3750
31.1598,0.7920,0.3772,0.5794,0.0000,1,1,-1.2259,0.1212,0.5794,2011979.3750
31.1707,0.5862,0.2899,0.5794,0.0000,1,1,-1.2112,0.1347,0.5794,2011979.3750
31.1808,0.6905,0.0656,0.5794,0.0000,1,1,-1.1940,0.1499,0.5794,2011979.3750
31.1898,0.7481,0.1633,0.5794,0.0000,1,1,-1.1754,0.1657,0.5794,2011979.3750
31.1998,0.5757,0.4498,0.5794,0.0000,1,1,-1.1599,0.1783,0.5794,2011979.3750
31.2097,0.3579,0.4023,0.5794,0.0000,1,1,-1.1483,0.1873,0.5794,2011979.3750
31.2201,0.5318,0.1607,0.5794,0.0000,1,1,-1.1322,0.1991,0.5794,2011979.3750
31.2301,0.2537,0.3707,0.5794,0.0000,1,1,-1.1217,0.2065,0.5794,2011979.3750
31.2398,-0.2673,0.8377,0.5794,0.0000,1,1,-1.1223,0.2061,0.5794,2011979.3750
31.2497,-0.0454,0.5605,0.5794,0.0000,1,1,-1.1171,0.2096,0.5794,2011979.3750
31.2598,0.1920,0.3580,0.5794,0.0000,1,1,-1.1058,0.2167,0.5794,2011979.3750
31.2700,-0.0572,0.6738,0.5794,0.0000,1,1,-1.0997,0.2204,0.5794,2011979.3750
31.2801,-0.1858,0.5890,0.5794,0.0000,1,1,-1.0959,0.2226,0.5794,2011979.3750
31.2898,0.0612,0.1067,0.5794,0.0000,1,1,-1.0859,0.2282,0.5794,2011979.3750
31.2998,-0.2183,0.1612,0.5794,0.0000,1,1,-1.0820,0.2304,0.5794,2011979.3750
31.3098,-0.5062,0.3781,0.5794,0.0000,1,1,-1.0842,0.2292,0.5794,2011979.3750
31.3207,-0.7485,0.1837,0.5794,0.0000,1,1,-1.0911,0.2257,0.5794,2011979.3750
31.3301,-0.5493,-0.4382,0.5794,0.0000,1,1,-1.0924,0.2251,0.5794,2011979.3750
31.3398,-0.3994,-0.3317,0.5794,0.0000,1,1,-1.0896,0.2264,0.5794,0.0000
31.3497,-0.9384,0.3489,0.5794,0.0000,1,1,-1.0987,0.2223,0.5794,0.0000
31.3598,-1.1698,0.3898,0.5794,0.0000,1,1,-1.1121,0.2164,0.5794,0.0000
31.3706,-0.8737,-0.0939,0.5794,0.0000,1,1,-1.1175,0.2142,0.5794,0.0000
31.3808,-1.1630,0.2604,0.5794,0.0000,1,1,-1.1286,0.2098,0.5794,0.0000
31.3898,-1.2972,0.5983,0.5794,0.0000,1,1,-1.1417,0.2048,0.5794,0.0000
31.3998,-1.0340,0.0120,0.5794,0.0000,1,1,-1.1480,0.2026,0.5794,0.0000
31.4097,-1.0782,-0.0337,0.5794,0.0000,1,1,-1.1544,0.2004,0.5794,0.0000
31.4201,-1.3498,0.4639,0.5794,0.0000,1,1,-1.1659,0.1967,0.5794,0.0000
31.4301,-1.2203,0.4744,0.5794,0.0000,1,1,-1.1738,0.1944,0.5794,0.0000
31.4398,-1.1030,-0.0541,0.5794,0.0000,1,1,-1.1785,0.1931,0.5794,0.0000
31.4497,-1.2545,-0.1687,0.5794,0.0000,1,1,-1.1859,0.1913,0.5794,0.0000
31.4598,-1.3529,0.1133,0.5794,0.0000,1,1,-1.1948,0.1894,0.5794,0.0000
31.4701,-1.6282,-0.0604,0.5794,0.0000,1,1,-1.2087,0.1868,0.5794,0.0000
31.4801,-1.6229,-0.5850,0.5794,0.0000,1,1,-1.2218,0.1848,0.5794,0.0000
31.4898,-1.6911,-0.3148,0.5794,0.0000,1,1,-1.2355,0.1831,0.5794,0.0000
31.4998,-1.8580,-0.0296,0.5794,0.0000,1,1,-1.2518,0.1815,0.5794,0.0000
31.5098,-1.7723,-0.0638,0.5794,0.0000,1,1,-1.2656,0.1807,0.5794,0.0000
31.5207,-1.8700,0.0146,0.5794,0.0000,1,1,-1.2807,0.1803,0.5794,0.0000
31.5301,-1.9598,0.1290,0.5794,0.0000,1,1,-1.2967,0.1806,0.5794,0.0000
31.5398,-1.4485,0.1206,0.5794,0.0000,1,1,-1.3024,0.1808,0.5794,0.0000
31.5497,-1.6857,0.0752,0.5794,0.0000,1,1,-1.3123,0.1817,0.5794,0.0000
31.5598,-1.8620,0.1422,0.5794,0.0000,1,1,-1.3250,0.1833,0.5794,0.0000
31.5706,-1.5909,-0.1235,0.5794,0.0000,1,1,-1.3323,0.1846,0.5794,0.0000
31.5807,-1.5492,-0.3271,0.5794,0.0000,1,1,-1.3387,0.1859,0.5794,0.0000
31.5898,-1.6633,-0.1249,0.5794,0.0000,1,1,-1.3469,0.1880,0.5794,0.0000
31.5998,-1.7839,-0.1258,0.5794,0.0000,1,1,-1.3568,0.1909,0.5794,0.0000
31.6098,-1.7635,-0.6476,0.5794,0.0000,1,1,-1.3661,0.1941,0.5794,0.0000
31.6201,-1.6575,-0.6321,0.5794,0.0000,1,1,-1.3735,0.1971,0.5794,0.0000
31.6301,-2.0264,-0.0108,0.5794,0.0000,1,1,-1.3863,0.2029,0.5794,0.0000
31.6397,-2.1094,0.1657,0.5794,0.0000,1,1,-1.4000,0.2097,0.5794,0.0000
31.6498,-1.6828,-0.3322,0.5794,0.0000,1,1,-1.4070,0.2136,0.5794,0.0000
31.6598,-1.7478,-0.1907,0.5794,0.0000,1,1,-1.4147,0.2184,0.5794,0.0000
31.6701,-1.7989,0.1630,0.5794,0.0000,1,1,-1.4230,0.2241,0.5794,0.0000
31.6801,-1.7125,-0.1992,0.5794,0.0000,1,1,-1.4300,0.2294,0.5794,0.0000
31.6898,-1.8346,-0.5828,0.5794,0.0000,1,1,-1.4383,0.2363,0.5794,0.0000
31.6998,-1.8436,-0.3901,0.5794,0.0000,1,1,-1.4465,0.2438,0.5794,0.0000
31.7097,-1.9921,-0.2931,0.5794,0.0000,1,1,-1.4561,0.2535,0.5794,0.0000
31.7207,-2.0813,-0.3674,0.5794,0.0000,1,1,-1.4662,0.2649,0.5794,0.0000
31.7301,-2.1276,-0.5244,0.5794,0.0000,1,1,-1.4764,0.2774,0.5794,0.0000
31.7398,-1.9866,-0.5068,0.5794,0.0000,1,1,-1.4846,0.2885,0.5794,0.0000
31.7497,-1.7552,-0.3442,0.5794,0.0000,1,1,-1.4904,0.2973,0.5794,0.0000
31.7598,-1.7787,-0.1263,0.5794,0.0000,1,1,-1.4962,0.3069,0.5794,0.0000
31.7706,-1.9938,0.0495,0.5794,0.0000,1,1,-1.5032,0.3202,0.5794,0.0000
31.7808,-1.7251,0.0636,0.5794,0.0000,1,1,-1.5079,0.3302,0.5794,0.0000
31.7898,-1.6939,-0.0913,0.5794,0.0000,1,1,-1.5121,0.3403,0.5794,0.0000
31.7998,-1.8631,-0.1451,0.5794,0.0000,1,1,-1.5169,0.3536,0.5794,0.0000
31.8097,-1.6714,-0.3390,0.5794,0.0000,1,1,-1.5203,0.3646,0.5794,0.0000
31.8200,-1.4886,-0.4066,0.5794,0.0000,1,1,-1.5226,0.3734,0.5794,0.0000
31.8301,-1.6754,-0.1326,0.5794,0.0000,1,1,-1.5251,0.3860,0.5794,0.0000
31.8398,-1.7801,-0.1083,0.5794,0.0000,1,1,-1.5275,0.4008,0.5794,0.0000
31.8497,-1.7544,-0.3585,0.5794,0.0000,1,1,-1.5292,0.4158,0.5794,0.0000
31.8598,-1.6524,-0.3022,0.5794,0.0000,1,1,-1.5302,0.4297,0.5794,0.0000
31.8701,-1.7319,-0.1230,0.5794,0.0000,1,1,-1.5306,0.4458,0.5794,0.0000
31.8801,-1.8822,-0.1118,0.5794,0.0000,1,1,-1.5301,0.4651,0.5794,0.0000
31.8898,-1.5465,-0.3867,0.5794,0.0000,1,1,-1.5293,0.4791,0.5794,0.0000
31.8998,-1.5046,-0.1742,0.5794,0.0000,1,1,-1.5279,0.4930,0.5794,0.0000
31.9098,-1.7960,0.3350,0.5794,0.0000,1,1,-1.5250,0.5126,0.5794,0.0000
31.9207,-1.5345,-0.0360,0.5794,0.0000,1,1,-1.5221,0.5283,0.5794,0.0000
31.9300,-1.3387,-0.3864,0.5794,0.0000,1,1,-1.5191,0.5412,0.5794,0.0000
31.9398,-1.5234,0.0361,0.5794,0.0000,1,1,-1.5147,0.5578,0.5794,0.0000
31.9497,-1.4489,0.0771,0.5794,0.0000,1,1,-1.5098,0.5737,0.5794,0.0000
31.9598,-1.3961,-0.3816,0.5794,0.0000,1,1,-1.5043,0.5892,0.5794,0.0000
31.9706,-1.4689,-0.3386,0.5794,0.0000,1,1,-1.4975,0.6064,0.5794,0.0000
31.9807,-1.4345,-0.0746,0.5794,0.0000,1,1,-1.4900,0.6235,0.5794,0.0000
31.9897,-1.5481,-0.1820,0.5794,0.0000,1,1,-1.4807,0.6428,0.5794,0.0000
31.9998,-1.3950,-0.5399,0.5794,0.0000,1,1,-1.4718,0.6598,0.5794,0.0000
32.0100,-1.3852,-0.3652,0.5794,0.0000,1,1,-1.4620,0.6769,0.5794,0.0000
32.0201,-1.5624,0.0769,0.5794,0.0000,1,1,-1.4494,0.6971,0.5794,0.0000
32.0301,-1.4459,0.0024,0.5794,0.0000,1,1,-1.4370,0.7155,0.5794,0.0000
32.0398,-1.4181,-0.0767,0.5794,0.0000,1,1,-1.4240,0.7335,0.5794,0.0000
32.0497,-1.4872,0.1858,0.5794,0.0000,1,1,-1.4092,0.7525,0.5794,0.0000
32.0598,-1.1619,0.2172,0.5794,0.0000,1,1,-1.3972,0.7668,0.5794,0.0000
32.0701,-1.1602,-0.0080,0.5794,0.0000,1,1,-1.3842,0.7811,0.5794,0.0000
32.0801,-1.3192,-0.1554,0.5794,0.0000,1,1,-1.3682,0.7976,0.5794,0.0000
32.0898,-1.0048,-0.2437,0.5794,0.0000,1,1,-1.3556,0.8097,0.5794,0.0000
32.0999,-1.0852,-0.1999,0.5794,0.0000,1,1,-1.3410,0.8228,0.5794,0.0000
32.1098,-1.1932,-0.2036,0.5794,0.0000,1,1,-1.3239,0.8370,0.5794,0.0000
32.1207,-1.1861,-0.3809,0.5794,0.0000,1,1,-1.3059,0.8508,0.5794,0.0000
32.1301,-1.1962,-0.4684,0.5794,0.0000,1,1,-1.2869,0.8642,0.5794,0.0000
32.1398,-1.2227,-0.1995,0.5794,0.0000,1,1,-1.2668,0.8775,0.5794,0.0000
32.1498,-1.4766,0.0513,0.5794,0.0000,1,1,-1.2419,0.8925,0.5794,0.0000
32.1598,-1.3383,-0.2539,0.5794,0.0000,1,1,-1.2185,0.9054,0.5794,0.0000
32.1706,-1.0635,-0.3694,0.5794,0.0000,1,1,-1.1986,0.9152,0.5794,0.0000
32.1808,-1.2550,0.2952,0.5794,0.0000,1,1,-1.1749,0.9257,0.5794,0.0000
32.1898,-1.1034,0.3948,0.5794,0.0000,1,1,-1.1532,0.9344,0.5794,0.0000
32.1998,-0.7057,-0.2002,0.5794,0.0000,1,1,-1.1375,0.9399,0.5794,0.0000
32.2098,-0.8321,-0.1001,0.5794,0.0000,1,1,-1.1191,0.9456,0.5794,0.0000
32.2201,-0.8006,0.0716,0.5794,0.0000,1,1,-1.1005,0.9502,0.5794,0.0000
32.2301,-0.9057,-0.2217,0.5794,0.0000,1,1,-1.0795,0.9545,0.5794,0.0000
32.2398,-0.9121,-0.6331,0.5794,0.0000,1,1,-1.0582,0.9580,0.5794,0.0000
32.2497,-0.8655,-0.4483,0.5794,0.0000,1,1,-1.0373,0.9604,0.5794,0.0000
32.2598,-0.9238,-0.0115,0.5794,0.0000,1,1,-1.0150,0.9619,0.5794,0.0000
32.2701,-0.7987,-0.1894,0.5794,0.0000,1,1,-0.9945,0.9621,0.5794,0.0000
32.2801,-0.5704,-0.3610,0.5794,0.0000,1,1,-0.9777,0.9615,0.5794,0.0000
32.2898,-0.8120,0.1523,0.5794,0.0000,1,1,-0.9567,0.9598,0.5794,0.0000
32.2998,-0.7127,0.2962,0.5794,0.0000,1,1,-0.9372,0.9571,0.5794,0.0000
32.3098,-0.3850,-0.0790,0.5794,0.0000,1,1,-0.9231,0.9545,0.5794,0.0000
32.3207,-0.4769,0.0497,0.5794,0.0000,1,1,-0.9073,0.9506,0.5794,0.0000
32.3301,-0.2446,0.3120,0.5794,0.0000,1,1,-0.8952,0.9469,0.5794,0.0000
32.3398,-0.2416,0.0776,0.5794,0.0000,1,1,-0.8831,0.9425,0.5794,0.0000
32.3498,-0.2450,-0.2140,0.5794,0.0000,1,1,-0.8709,0.9373,0.5794,0.0000
32.3598,-0.2175,-0.3793,0.5794,0.0000,1,1,-0.8590,0.9316,0.5794,0.0000
32.3706,-0.1719,-0.3163,0.5794,0.0000,1,1,-0.8479,0.9253,0.5794,0.0000
32.3808,-0.1619,-0.2658,0.5794,0.0000,1,1,-0.8369,0.9183,0.5794,0.0000
32.3898,-0.1954,-0.1955,0.5794,0.0000,1,1,-0.8257,0.9104,0.5794,0.0000
32.3998,-0.1932,0.0801,0.5794,0.0000,1,1,-0.8146,0.9017,0.5794,0.0000
32.4097,0.0612,0.1568,0.5794,0.0000,1,1,-0.8073,0.8952,0.5794,0.0000
32.4201,0.0615,0.0854,0.5794,0.0000,1,1,-0.8000,0.8881,0.5794,0.0000
32.4301,-0.1323,0.2237,0.5794,0.0000,1,1,-0.7905,0.8776,0.5794,0.0000
32.4398,0.3224,0.1758,0.5794,0.0000,1,1,-0.7869,0.8732,0.5794,0.0000
32.4497,0.4942,0.1180,0.5794,0.0000,1,1,-0.7852,0.8710,0.5794,0.0000
32.4598,0.1927,0.3503,0.5794,0.0000,1,1,-0.7802,0.8636,0.5794,0.0000
32.4701,0.1826,0.1669,0.5794,0.0000,1,1,-0.7753,0.8554,0.5794,0.0000
32.4800,0.4860,-0.0721,0.5794,0.0000,1,1,-0.7735,0.8522,0.5794,0.0000
32.4898,0.5364,0.0209,0.5794,0.0000,1,1,-0.7723,0.8496,0.5794,0.0000
32.4998,0.4820,0.1503,0.5794,0.0000,1,1,-0.7706,0.8457,0.5794,0.0000
32.5097,0.5113,0.1515,0.5794,0.0000,1,1,-0.7692,0.8421,0.5794,0.0000
32.5207,0.7311,0.1128,0.5794,0.0000,1,1,-0.7694,0.8426,0.5794,0.0000
32.5301,0.6032,0.2053,0.5794,0.0000,1,1,-0.7688,0.8404,0.5794,0.0000
32.5398,0.2807,0.3945,0.5794,0.0000,1,1,-0.7666,0.8311,0.5794,0.0000
32.5497,0.5881,0.1698,0.5794,0.0000,1,1,-0.7660,0.8284,0.5794,0.0000
32.5597,0.9694,0.3734,0.5794,0.0000,1,1,-0.7669,0.8341,0.5794,0.0000
32.5706,0.6513,0.6248,0.5794,0.0000,1,1,-0.7667,0.8325,0.5794,0.0000
32.5807,0.7051,0.4063,0.5794,0.0000,1,1,-0.7667,0.8320,0.5794,0.0000
32.5898,1.0635,0.2227,0.5794,0.0000,1,1,-0.7670,0.8399,0.5794,0.0000
32.5998,0.9145,0.2713,0.5794,0.0000,1,1,-0.7671,0.8442,0.5794,0.0000
32.6098,0.8097,0.3317,0.5794,0.0000,1,1,-0.7670,0.8459,0.5794,0.0000
32.6201,0.9238,0.0625,0.5794,0.0000,1,1,-0.7667,0.8504,0.5794,0.0000
32.6301,1.1347,-0.2734,0.5794,0.0000,1,1,-0.7657,0.8601,0.5794,0.0000
32.6398,1.2063,0.0479,0.5794,0.0000,1,1,-0.7642,0.8713,0.5794,0.0000
32.6497,0.7569,0.4549,0.5794,0.0000,1,1,-0.7642,0.8714,0.5794,0.0000
32.6598,0.8309,0.2054,0.5794,0.0000,1,1,-0.7638,0.8736,0.5794,0.0000
32.6701,0.9346,0.3466,0.5794,0.0000,1,1,-0.7626,0.8785,0.5794,0.0000
32.6801,0.6675,0.8155,0.5794,0.0000,1,1,-0.7630,0.8769,0.5794,0.0000
32.6898,0.8353,0.6636,0.5794,0.0000,1,1,-0.7622,0.8798,0.5794,0.0000
32.6998,1.5959,0.2454,0.5794,0.0000,1,1,-0.7550,0.9015,0.5794,0.0000
32.7098,1.3714,0.3866,0.5794,0.0000,1,1,-0.7492,0.9173,0.5794,0.0000
32.7208,1.1896,0.7260,0.5794,0.0000,1,1,-0.7447,0.9284,0.5794,0.0000
32.7301,1.2286,0.3044,0.5794,0.0000,1,1,-0.7394,0.9405,0.5794,0.0000
32.7398,1.2412,-0.0079,0.5794,0.0000,1,1,-0.7337,0.9526,0.5794,0.0000
32.7498,1.1510,0.4139,0.5794,0.0000,1,1,-0.7287,0.9626,0.5794,0.0000
32.7597,1.0570,0.4688,0.5794,0.0000,1,1,-0.7245,0.9704,0.5794,0.0000
32.7705,1.2397,-0.0953,0.5794,0.0000,1,1,-0.7174,0.9825,0.5794,0.0000
32.7807,1.5022,0.1024,0.5794,0.0000,1,1,-0.7063,1.0004,0.5794,0.0000
32.7898,1.1739,0.6338,0.5794,0.0000,1,1,-0.6996,1.0106,0.5794,0.0000
32.7998,0.9101,0.5333,0.5794,0.0000,1,1,-0.6964,1.0151,0.5794,0.0000
32.8098,1.2354,0.2083,0.5794,0.0000,1,1,-0.6878,1.0268,0.5794,0.0000
32.8201,1.0042,0.6533,0.5794,0.0000,1,1,-0.6823,1.0336,0.5794,0.0000
32.8300,1.0029,1.0711,0.5794,0.0000,1,1,-0.6765,1.0407,0.5794,0.0000
32.8398,1.5107,0.5662,0.5794,0.0000,1,1,-0.6615,1.0580,0.5794,0.0000
32.8497,1.5692,0.1323,0.5794,0.0000,1,1,-0.6451,1.0762,0.5794,0.0000
32.8598,1.3409,0.5261,0.5794,0.0000,1,1,-0.6326,1.0897,0.5794,0.0000
32.8700,1.1297,0.3754,0.5794,0.0000,1,1,-0.6234,1.0991,0.5794,0.0000
32.8801,1.0511,-0.2478,0.5794,0.0000,1,1,-0.6152,1.1070,0.5794,0.0000
32.8898,1.0912,-0.2827,0.5794,0.0000,1,1,-0.6059,1.1158,0.5794,0.0000
32.8998,0.9807,0.1521,0.5794,0.0000,1,1,-0.5983,1.1227,0.5794,0.0000
32.9098,0.8506,0.2588,0.5794,0.0000,1,1,-0.5928,1.1276,0.5794,0.0000
32.9207,1.2660,0.0392,0.5794,0.0000,1,1,-0.5781,1.1398,0.5794,0.0000
32.9301,1.1874,0.2699,0.5794,0.0000,1,1,-0.5645,1.1505,0.5794,0.0000
32.9398,0.9178,0.7122,0.5794,0.0000,1,1,-0.5562,1.1569,0.5794,0.0000
32.9497,1.2125,0.3843,0.5794,0.0000,1,1,-0.5408,1.1681,0.5794,0.0000
32.9598,1.4209,0.1416,0.5794,0.0000,1,1,-0.5204,1.1823,0.5794,0.0000
32.9706,1.1464,0.5354,0.5794,0.0000,1,1,-0.5055,1.1923,0.5794,0.0000
32.9808,1.0875,0.5527,0.5794,0.0000,1,1,-0.4915,1.2013,0.5794,0.0000
32.9897,1.2095,-0.1094,0.5794,0.0000,1,1,-0.4743,1.2119,0.5794,0.0000
32.9998,1.1917,-0.0392,0.5794,0.0000,1,1,-0.4571,1.2222,0.5794,0.0000
33.0099,0.9892,0.4434,0.5794,0.0000,1,1,-0.4442,1.2297,0.5794,0.0000
33.0201,0.7113,0.2561,0.5794,0.0000,1,1,-0.4371,1.2336,0.5794,0.0000
33.0301,0.9701,-0.1624,0.5794,0.0000,1,1,-0.4232,1.2411,0.5794,0.0000
33.0398,0.9185,0.1442,0.5794,0.0000,1,1,-0.4101,1.2478,0.5794,0.0000
33.0498,0.5058,0.5346,0.5794,0.0000,1,1,-0.4061,1.2498,0.5794,0.0000
33.0598,0.7661,0.2207,0.5794,0.0000,1,1,-0.3952,1.2551,0.5794,0.0000
33.0701,1.1877,0.0966,0.5794,0.0000,1,1,-0.3738,1.2650,0.5794,0.0000
33.0801,0.8981,0.6341,0.5794,0.0000,1,1,-0.3589,1.2716,0.5794,0.0000
33.0899,0.6979,0.6918,0.5794,0.0000,1,1,-0.3483,1.2761,0.5794,0.0000
33.0998,0.9362,0.2435,0.5794,0.0000,1,1,-0.3317,1.2829,0.5794,0.0000
33.1098,0.9049,0.0706,0.5794,0.0000,1,1,-0.3155,1.2892,0.5794,0.0000
33.1208,0.8988,0.0689,0.5794,0.0000,1,1,-0.2990,1.2953,0.5794,0.0000
33.1301,0.6498,0.0283,0.5794,0.0000,1,1,-0.2877,1.2993,0.5794,0.0000
33.1398,0.7297,-0.0708,0.5794,0.0000,1,1,-0.2743,1.3037,0.5794,0.0000
33.1497,0.7538,0.1103,0.5794,0.0000,1,1,-0.2599,1.3082,0.5794,0.0000
33.1598,0.5020,0.5117,0.5794,0.0000,1,1,-0.2505,1.3109,0.5794,0.0000
33.1705,0.3420,0.4508,0.5794,0.0000,1,1,-0.2437,1.3126,0.5794,0.0000
33.1808,0.7511,0.3134,0.5794,0.0000,1,1,-0.2276,1.3163,0.5794,0.0000
33.1898,0.7006,0.5055,0.5794,0.0000,1,1,-0.2123,1.3195,0.5794,0.0000
33.1998,0.6048,0.5816,0.5794,0.0000,1,1,-0.1985,1.3219,0.5794,0.0000
33.2097,0.9693,0.3875,0.5794,0.0000,1,1,-0.1769,1.3251,0.5794,0.0000
33.2201,0.9711,0.0600,0.5794,0.0000,1,1,-0.1552,1.3275,0.5794,0.0000
33.2301,0.7089,0.0464,0.5794,0.0000,1,1,-0.1385,1.3288,0.5794,0.0000
33.2398,0.4416,0.1611,0.5794,0.0000,1,1,-0.1270,1.3293,0.5794,0.0000
33.2497,0.3538,0.1875,0.5794,0.0000,1,1,-0.1168,1.3294,0.5794,0.0000
33.2598,0.3515,0.1920,0.5794,0.0000,1,1,-0.1061,1.3291,0.5794,0.0000
33.2701,0.2860,0.2078,0.5794,0.0000,1,1,-0.0962,1.3285,0.5794,0.0000
33.2801,0.1500,0.5718,0.5794,0.0000,1,1,-0.0884,1.3276,0.5794,0.0000
33.2897,0.5075,0.7534,0.5794,0.0000,1,1,-0.0737,1.3255,0.5794,0.0000
33.2998,0.7048,0.4407,0.5794,0.0000,1,1,-0.0554,1.3222,0.5794,0.0000
33.3097,0.4702,0.4538,0.5794,0.0000,1,1,-0.0413,1.3190,0.5794,0.0000
33.3207,0.6123,0.6402,0.5794,0.0000,1,1,-0.0246,1.3144,0.5794,0.0000
33.3301,0.5951,0.3758,0.5794,0.0000,1,1,-0.0083,1.3092,0.5794,0.0000
33.3397,0.5639,0.1000,0.5794,0.0000,1,1,0.0072,1.3035,0.5794,0.0000
33.3497,0.4297,0.1545,0.5794,0.0000,1,1,0.0206,1.2980,0.5794,0.0000
33.3598,0.2286,0.3640,0.5794,0.0000,1,1,0.0307,1.2933,0.5794,0.0000
33.3706,0.0837,0.1190,0.5794,0.0000,1,1,0.0388,1.2890,0.5794,0.0000
33.3807,0.2180,-0.2064,0.5794,0.0000,1,1,0.0490,1.2830,0.5794,0.0000
33.3898,-0.1267,0.3706,0.5794,0.0000,1,1,0.0543,1.2796,0.5794,0.0000
33.3998,-0.2896,0.9302,0.5794,0.0000,1,1,0.0576,1.2772,0.5794,0.0000
33.4097,0.1339,0.4937,0.5794,0.0000,1,1,0.0666,1.2702,0.5794,0.0000
33.4201,0.2594,0.4314,0.5794,0.0000,1,1,0.0769,1.2611,0.5794,0.0000
33.4300,0.0119,0.7087,0.5794,0.0000,1,1,0.0841,1.2542,0.5794,0.0000
33.4398,-0.0551,0.4576,0.5794,0.0000,1,1,0.0904,1.2476,0.5794,0.0000
33.4498,0.0757,0.0369,0.5794,0.0000,1,1,0.0980,1.2389,0.5794,0.0000
33.4598,-0.0174,0.1294,0.5794,0.0000,1,1,0.1043,1.2309,0.5794,0.0000
33.4701,-0.1906,0.4131,0.5794,0.0000,1,1,0.1087,1.2245,0.5794,0.0000
33.4801,-0.4126,0.0801,0.5794,0.0000,1,1,0.1112,1.2206,0.5794,0.0000
33.4897,-0.1943,-0.2958,0.5794,0.0000,1,1,0.1153,1.2134,0.5794,0.0000
33.4998,-0.3961,0.1581,0.5794,0.0000,1,1,0.1178,1.2086,0.5794,0.0000
33.5098,-0.7760,0.6351,0.5794,0.0000,1,1,0.1176,1.2089,0.5794,0.0000
33.5208,-0.6344,0.3513,0.5794,0.0000,1,1,0.1185,1.2067,0.5794,0.0000
33.5300,-0.3555,0.1619,0.5794,0.0000,1,1,0.1208,1.1998,0.5794,0.0000
33.5398,-0.6053,0.4433,0.5794,0.0000,1,1,0.1217,1.1966,0.5794,0.0000
33.5497,-0.6661,0.3073,0.5794,0.0000,1,1,0.1223,1.1940,0.5794,0.0000
33.5597,-0.2523,0.0229,0.5794,0.0000,1,1,0.1241,1.1845,0.5794,0.0000
33.5706,-0.5344,0.0826,0.5794,0.0000,1,1,0.1248,1.1793,0.5794,0.0000
33.5807,-0.7438,0.3084,0.5794,0.0000,1,1,0.1250,1.1774,0.5794,0.0000
33.5897,-1.0261,0.1950,0.5794,0.0000,1,1,0.1249,1.1799,0.5794,0.0000
33.5998,-1.0335,-0.1482,0.5794,0.0000,1,1,0.1249,1.1823,0.5794,0.0000
33.6098,-0.9505,-0.1525,0.5794,0.0000,1,1,0.1249,1.1831,0.5794,0.0000
33.6201,-1.2375,0.0500,0.5794,0.0000,1,1,0.1253,1.1885,0.5794,0.0000
33.6301,-1.2831,0.2192,0.5794,0.0000,1,1,0.1261,1.1944,0.5794,0.0000
33.6397,-0.9296,0.3689,0.5794,0.0000,1,1,0.1260,1.1941,0.5794,0.0000
33.6497,-1.0614,0.5498,0.5794,0.0000,1,1,0.1264,1.1959,0.5794,0.0000
33.6598,-1.3664,0.4499,0.5794,0.0000,1,1,0.1281,1.2027,0.5794,0.0000
33.6700,-1.0787,0.2291,0.5794,0.0000,1,1,0.1286,1.2045,0.5794,0.0000
33.6801,-1.3031,0.1358,0.5794,0.0000,1,1,0.1304,1.2100,0.5794,0.0000
33.6898,-1.5406,0.2582,0.5794,0.0000,1,1,0.1338,1.2193,0.5794,0.0000
33.6998,-1.5167,0.1346,0.5794,0.0000,1,1,0.1373,1.2279,0.5794,0.0000
33.7098,-1.4536,-0.0833,0.5794,0.0000,1,1,0.1407,1.2353,0.5794,0.0000
33.7207,-1.3592,0.1001,0.5794,0.0000,1,1,0.1435,1.2409,0.5794,0.0000
33.7300,-1.6062,0.3215,0.5794,0.0000,1,1,0.1487,1.2504,0.5794,0.0000
33.7398,-1.6858,0.2028,0.5794,0.0000,1,1,0.1549,1.2609,0.5794,0.0000
33.7498,-1.3300,0.0805,0.5794,0.0000,1,1,0.1580,1.2657,0.5794,0.0000
33.7598,-1.4908,0.3198,0.5794,0.0000,1,1,0.1629,1.2728,0.5794,0.0000
33.7706,-1.8089,0.5132,0.5794,0.0000,1,1,0.1716,1.2845,0.5794,0.0000
33.7807,-1.4387,0.2135,0.5794,0.0000,1,1,0.1765,1.2904,0.5794,0.0000
33.7898,-1.4604,0.1574,0.5794,0.0000,1,1,0.1818,1.2966,0.5794,0.0000
33.7999,-1.6706,0.3289,0.5794,0.0000,1,1,0.1901,1.3056,0.5789,2159520.7500
33.8098,-1.4050,0.0724,0.5794,0.0000,1,1,0.1953,1.3108,0.5789,2159520.7500
33.8201,-1.1908,-0.1386,0.5794,0.0000,1,1,0.1979,1.3133,0.5789,2159520.7500
33.8301,-1.3521,-0.0729,0.5794,0.0000,1,1,0.2032,1.3178,0.5789,2159520.7500
33.8398,-1.6799,-0.1497,0.5794,0.0000,1,1,0.2134,1.3260,0.5789,2159520.7500
33.8497,-1.7443,-0.3605,0.5794,0.0000,1,1,0.2250,1.3347,0.5789,2159520.7500
33.8598,-1.5704,-0.3251,0.5794,0.0000,1,1,0.2343,1.3411,0.5789,2159520.7500
33.8701,-1.6694,-0.0273,0.5794,0.0000,1,1,0.2457,1.3483,0.5789,2159520.7500
33.8800,-1.9470,0.1363,0.5794,0.0000,1,1,0.2619,1.3576,0.5789,2159520.7500
33.8898,-1.6759,-0.1475,0.5794,0.0000,1,1,0.2740,1.3640,0.5789,2159520.7500
33.8998,-1.5926,-0.0881,0.5794,0.0000,1,1,0.2852,1.3694,0.5789,2159520.7500
33.9098,-1.7845,0.2815,0.5794,0.0000,1,1,0.3000,1.3757,0.5789,2159520.7500
33.9207,-1.5277,0.2867,0.5794,0.0000,1,1,0.3110,1.3799,0.5789,2159520.7500
33.9301,-1.0672,0.1736,0.5794,0.0000,1,1,0.3147,1.3811,0.5789,2159520.7500
33.9398,-1.2673,0.2880,0.5794,0.0000,1,1,0.3223,1.3833,0.5789,2159520.7500
33.9497,-1.4161,0.0862,0.5794,0.0000,1,1,0.3330,1.3858,0.5789,2159520.7500
33.9598,-1.3008,-0.3402,0.5794,0.0000,1,1,0.3421,1.3875,0.5789,2159520.7500
33.9706,-1.3226,-0.3603,0.5794,0.0000,1,1,0.3523,1.3889,0.5789,2159520.7500
33.9808,-1.3446,0.0571,0.5794,0.0000,1,1,0.3633,1.3899,0.5789,2159520.7500
33.9897,-1.4571,0.1412,0.5794,0.0000,1,1,0.3766,1.3905,0.5789,2159520.7500
33.9998,-1.1442,-0.3054,0.5794,0.0000,1,1,0.3850,1.3905,0.5789,2159520.7500
34.0099,-1.0778,-0.0243,0.5794,0.0000,1,1,0.3927,1.3901,0.5789,2159520.7500
34.0201,-1.4412,0.5703,0.5794,0.0000,1,1,0.4073,1.3885,0.5789,2159520.7500
34.0298,-1.4389,0.2086,0.5794,0.0000,1,1,0.4221,1.3862,0.5789,2159520.7500
34.0401,-1.2563,-0.1024,0.5794,0.0000,1,1,0.4342,1.3836,0.5789,2159520.7500
34.0498,-1.4170,0.3711,0.5794,0.0000,1,1,0.4492,1.3796,0.5789,2159520.7500
34.0597,-1.1081,0.5246,0.5794,0.0000,1,1,0.4595,1.3763,0.5789,2159520.7500
34.0700,-0.9918,0.1861,0.5794,0.0000,1,1,0.4683,1.3729,0.5789,2159520.7500
34.0798,-1.2053,0.0972,0.5794,0.0000,1,1,0.4808,1.3673,0.5789,2159520.7500
34.0901,-0.9784,0.0526,0.5794,0.0000,1,1,0.4901,1.3624,0.5789,2159520.7500
34.0998,-1.1753,-0.0818,0.5794,0.0000,1,1,0.5026,1.3551,0.5789,2159520.7500
34.1098,-1.4155,0.0472,0.5794,0.0000,1,1,0.5188,1.3444,0.5789,2159520.7500
34.1207,-1.4589,-0.1535,0.5794,0.0000,1,1,0.5355,1.3319,0.5789,2159520.7500
34.1297,-1.2174,-0.3503,0.5794,0.0000,1,1,0.5486,1.3211,0.5789,2159520.7500
34.1401,-1.1806,-0.0122,0.5794,0.0000,1,1,0.5611,1.3095,0.5789,2159520.7500
34.1497,-1.4156,0.3214,0.5794,0.0000,1,1,0.5765,1.2938,0.5789,2159520.7500
34.1598,-1.2881,0.0443,0.5794,0.0000,1,1,0.5899,1.2786,0.5789,2159520.7500
34.1706,-0.9805,-0.0998,0.5794,0.0000,1,1,0.5994,1.2666,0.5789,2159520.7500
34.1798,-1.2938,0.2882,0.5794,0.0000,1,1,0.6122,1.2488,0.5789,2159520.7500
34.1902,-1.3418,0.4743,0.5794,0.0000,1,1,0.6250,1.2289,0.5789,2159520.7500
34.1998,-0.8639,0.0732,0.5794,0.0000,1,1,0.6324,1.2161,0.5789,2159520.7500
34.2098,-0.8567,0.0690,0.5794,0.0000,1,1,0.6395,1.2023,0.5789,2159520.7500
34.2201,-0.9755,0.2952,0.5794,0.0000,1,1,0.6474,1.1852,0.5789,2159520.7500
34.2297,-0.9939,0.0236,0.5794,0.0000,1,1,0.6549,1.1668,0.5789,2159520.7500
34.2401,-0.9410,-0.4027,0.5794,0.0000,1,1,0.6614,1.1483,0.5789,2159520.7500
34.2498,-0.9248,-0.1237,0.5794,0.0000,1,1,0.6673,1.1294,0.5789,2159520.7500
34.2598,-1.3352,0.1835,0.5794,0.0000,1,1,0.6749,1.1009,0.5789,2159520.7500
34.2701,-1.3123,-0.0257,0.5794,0.0000,1,1,0.6812,1.0719,0.5789,2159520.7500
34.2797,-0.9765,-0.3068,0.5794,0.0000,1,1,0.6852,1.0496,0.5789,2159520.7500
34.2902,-0.9748,0.2121,0.5794,0.0000,1,1,0.6884,1.0265,0.5789,2159520.7500
34.2998,-1.0229,0.4898,0.5794,0.0000,1,1,0.6909,1.0017,0.5789,2159520.7500
34.3098,-0.5600,0.0759,0.5794,0.0000,1,1,0.6918,0.9870,0.5789,2159520.7500
34.3207,-0.6563,0.0172,0.5794,0.0000,1,1,0.6922,0.9691,0.5789,2159520.7500
34.3298,-0.8535,0.4192,0.5794,0.0000,1,1,0.6920,0.9461,0.5789,2159520.7500
34.3401,-0.8969,0.1390,0.5794,0.0000,1,1,0.6909,0.9214,0.5789,2159520.7500
34.3498,-0.7521,-0.5008,0.5794,0.0000,1,1,0.6892,0.9001,0.5789,2159520.7500
34.3598,-0.7649,-0.2512,0.5794,0.0000,1,1,0.6867,0.8780,0.5789,2159520.7500
34.3705,-0.8845,0.1824,0.5794,0.0000,1,1,0.6829,0.8525,0.5789,2159520.7500
34.3798,-1.1361,-0.0789,0.5794,0.0000,1,1,0.6773,0.8209,0.5789,2159520.7500
34.3901,-0.6243,-0.3335,0.5794,0.0000,1,1,0.6732,0.8019,0.5789,2159520.7500
34.3998,-0.8885,0.0548,0.5794,0.0000,1,1,0.6669,0.7764,0.5789,2159520.7500
34.4097,-0.9552,0.4709,0.5794,0.0000,1,1,0.6593,0.7493,0.5789,2159520.7500
34.4201,-0.5981,-0.0250,0.5794,0.0000,1,1,0.6536,0.7310,0.5789,2159520.7500
34.4298,-0.4590,-0.0596,0.5794,0.0000,1,1,0.6484,0.7162,0.5789,2159520.7500
34.4401,-0.6076,0.2913,0.5794,0.0000,1,1,0.6413,0.6976,0.5789,2159520.7500
34.4497,-0.6479,0.0273,0.5794,0.0000,1,1,0.6333,0.6782,0.5789,2159520.7500
34.4598,-0.5514,-0.4750,0.5794,0.0000,1,1,0.6257,0.6614,0.5789,2159520.7500
34.4700,-0.5267,-0.4017,0.5794,0.0000,1,1,0.6178,0.6451,0.5789,2159520.7500
34.4798,-0.6557,0.1885,0.5794,0.0000,1,1,0.6079,0.6262,0.5789,2159520.7500
34.4901,-0.7323,0.1119,0.5794,0.0000,1,1,0.5965,0.6057,0.5789,2159520.7500
34.4998,-0.3486,-0.1974,0.5794,0.0000,1,1,0.5898,0.5945,0.5789,2159520.7500
34.5097,-0.5077,0.2878,0.5794,0.0000,1,1,0.5806,0.5799,0.5789,2159520.7500
34.5207,-0.5954,0.5323,0.5794,0.0000,1,1,0.5695,0.5637,0.5789,2159520.7500
34.5298,-0.2525,0.1213,0.5794,0.0000,1,1,0.5635,0.5552,0.5789,2159520.7500
34.5401,-0.5099,0.2015,0.5794,0.0000,1,1,0.5530,0.5415,0.5789,2159520.7500
34.5497,-0.3772,0.5975,0.5794,0.0000,1,1,0.5445,0.5309,0.5789,2159520.7500
34.5597,-0.2283,0.2559,0.5794,0.0000,1,1,0.5383,0.5235,0.5789,2159520.7500
34.5706,-0.1015,-0.0035,0.5794,0.0000,1,1,0.5340,0.5187,0.5789,2159520.7500
34.5798,-0.0648,0.1356,0.5794,0.0000,1,1,0.5302,0.5145,0.5789,2159520.7500
34.5901,-0.0202,0.2309,0.5794,0.0000,1,1,0.5270,0.5111,0.5789,2159520.7500
34.5998,-0.1156,-0.2482,0.5794,0.0000,1,1,0.5218,0.5059,0.5789,2159520.7500
34.6098,-0.0229,-0.3790,0.5794,0.0000,1,1,0.5183,0.5025,0.5789,2159520.7500
34.6201,-0.1698,0.2329,0.5794,0.0000,1,1,0.5117,0.4964,0.5789,2159520.7500
34.6297,-0.2008,0.4286,0.5794,0.0000,1,1,0.5045,0.4900,0.5789,2159520.7500
34.6401,0.2134,-0.0639,0.5794,0.0000,1,1,0.5056,0.4909,0.5789,2159520.7500
34.6498,0.0745,0.2911,0.5794,0.0000,1,1,0.5036,0.4893,0.5789,2159520.7500
34.6598,0.1110,0.8599,0.5794,0.0000,1,1,0.5023,0.4883,0.5789,2159520.7500
34.6701,0.2976,0.4511,0.5794,0.0000,1,1,0.5049,0.4902,0.5789,2159520.7500
34.6798,0.2192,0.0275,0.5794,0.0000,1,1,0.5055,0.4906,0.5789,2159520.7500
34.6900,0.2422,0.2769,0.5794,0.0000,1,1,0.5065,0.4913,0.5789,2159520.7500
34.6998,0.2355,0.1028,0.5794,0.0000,1,1,0.5073,0.4918,0.5789,2159520.7500
34.7098,0.4391,-0.2486,0.5794,0.0000,1,1,0.5126,0.4952,0.5789,2159520.7500
34.7207,0.5041,-0.2136,0.5794,0.0000,1,1,0.5191,0.4992,0.5789,2159520.7500
34.7298,0.4280,0.2942,0.5794,0.0000,1,1,0.5237,0.5019,0.5789,2159520.7500
34.7401,0.1252,0.3712,0.5794,0.0000,1,1,0.5210,0.5004,0.5789,2159520.7500
34.7497,0.5292,-0.0235,0.5794,0.0000,1,1,0.5279,0.5041,0.5789,2159520.7500
34.7598,0.3652,0.3293,0.5794,0.0000,1,1,0.5307,0.5056,0.5789,2159520.7500
34.7706,0.3244,1.1047,0.5794,0.0000,1,1,0.5325,0.5065,0.5789,2159520.7500
34.7798,0.6934,0.5591,0.5794,0.0000,1,1,0.5428,0.5116,0.5789,2159520.7500
34.7902,0.8968,0.0657,0.5794,0.0000,1,1,0.5576,0.5186,0.5789,2159520.7500
34.7998,0.7715,0.4271,0.5794,0.0000,1,1,0.5689,0.5238,0.5789,2159520.7500
34.8098,0.6806,0.3774,0.5794,0.0000,1,1,0.5778,0.5277,0.5789,2159520.7500
34.8201,0.7139,-0.1451,0.5794,0.0000,1,1,0.5872,0.5316,0.5789,2159520.7500
34.8298,0.8051,-0.0533,0.5794,0.0000,1,1,0.5985,0.5361,0.5789,2159520.7500
34.8401,0.6605,0.4141,0.5794,0.0000,1,1,0.6062,0.5390,0.5789,2159520.7500
34.8497,0.5553,0.4329,0.5794,0.0000,1,1,0.6114,0.5409,0.5789,2159520.7500
34.8598,0.7964,-0.0162,0.5794,0.0000,1,1,0.6218,0.5445,0.5789,2159520.7500
34.8701,0.6565,0.3833,0.5794,0.0000,1,1,0.6291,0.5469,0.5789,2159520.7500
34.8798,0.6794,0.8412,0.5794,0.0000,1,1,0.6368,0.5492,0.5789,2159520.7500
34.8901,1.0845,0.4363,0.5794,0.0000,1,1,0.6529,0.5536,0.5789,2159520.7500
34.8998,1.0992,0.2071,0.5794,0.0000,1,1,0.6691,0.5576,0.5789,2159520.7500
34.9097,1.0978,0.5543,0.5794,0.0000,1,1,0.6849,0.5611,0.5789,2159520.7500
34.9207,0.9980,0.3864,0.5794,0.0000,1,1,0.6984,0.5637,0.5789,2159520.7500
34.9298,0.9293,-0.1902,0.5794,0.0000,1,1,0.7103,0.5657,0.5789,2159520.7500
34.9401,0.8951,-0.1549,0.5794,0.0000,1,1,0.7215,0.5671,0.5789,2159520.7500
34.9498,0.7507,0.3546,0.5794,0.0000,1,1,0.7297,0.5679,0.5789,2159520.7500
34.9598,0.6579,0.3413,0.5794,0.0000,1,1,0.7361,0.5684,0.5789,2159520.7500
34.9705,0.9868,-0.0075,0.5794,0.0000,1,1,0.7490,0.5688,0.5789,2159520.7500
34.9798,0.7427,0.3182,0.5794,0.0000,1,1,0.7572,0.5687,0.5789,2159520.7500
34.9902,0.8292,0.7207,0.5794,0.0000,1,1,0.7671,0.5683,0.5789,2159520.7500
34.9998,1.1801,0.2805,0.5794,0.0000,1,1,0.7835,0.5670,0.5789,2159520.7500
35.0098,1.0420,0.3075,0.5794,0.0000,1,1,0.7971,0.5653,0.5789,2159520.7500
35.0201,1.0217,0.7226,0.5794,0.0000,1,1,0.8102,0.5632,0.5789,2159520.7500
35.0297,1.0573,0.3624,0.5794,0.0000,1,1,0.8238,0.5605,0.5789,2159520.7500
35.0401,1.0697,-0.0684,0.5794,0.0000,1,1,0.8375,0.5571,0.5789,2159520.7500
35.0498,0.9600,-0.0469,0.5794,0.0000,1,1,0.8490,0.5537,0.5789,2159520.7500
35.0597,0.7531,0.3133,0.5794,0.0000,1,1,0.8571,0.5510,0.5789,2159520.7500
35.0701,0.6258,0.1678,0.5794,0.0000,1,1,0.8633,0.5486,0.5789,2159520.7500
35.0798,0.8408,-0.0525,0.5794,0.0000,1,1,0.8729,0.5444,0.5789,2159520.7500
35.0901,0.6662,0.4653,0.5794,0.0000,1,1,0.8799,0.5410,0.5789,2159520.7500
35.0998,0.8705,0.9109,0.5794,0.0000,1,1,0.8899,0.5355,0.5789,2159520.7500
35.1098,1.2093,0.3685,0.5794,0.0000,1,1,0.9046,0.5266,0.5789,2159520.7500
35.1207,1.0940,0.3273,0.5794,0.0000,1,1,0.9173,0.5180,0.5789,2159520.7500
35.1298,0.9994,0.6250,0.5794,0.0000,1,1,0.9284,0.5098,0.5789,2159520.7500
35.1401,0.7928,0.3281,0.5794,0.0000,1,1,0.9366,0.5030,0.5789,2159520.7500
35.1498,0.6426,-0.0534,0.5794,0.0000,1,1,0.9429,0.4973,0.5789,2159520.7500
35.1598,0.6586,0.0110,0.5794,0.0000,1,1,0.9494,0.4909,0.5789,2159520.7500
35.1706,0.6165,0.1287,0.5794,0.0000,1,1,0.9553,0.4844,0.5789,2159520.7500
35.1798,0.6311,0.0819,0.5794,0.0000,1,1,0.9612,0.4772,0.5789,2159520.7500
35.1902,0.7160,0.0016,0.5794,0.0000,1,1,0.9679,0.4683,0.5789,2159520.7500
35.1998,0.4652,0.5926,0.5794,0.0000,1,1,0.9720,0.4622,0.5789,2159520.7500
35.2098,0.4695,0.9015,0.5794,0.0000,1,1,0.9762,0.4555,0.5789,2159520.7500
35.2200,0.8110,0.3119,0.5794,0.0000,1,1,0.9827,0.4433,0.5789,2159520.7500
35.2298,0.7051,0.1311,0.5794,0.0000,1,1,0.9882,0.4321,0.5789,2159520.7500
35.2401,0.7580,0.4574,0.5794,0.0000,1,1,0.9935,0.4195,0.5789,2159520.7500
35.2498,0.6996,0.2748,0.5794,0.0000,1,1,0.9980,0.4073,0.5789,2159520.7500
35.2598,0.6925,-0.1236,0.5794,0.0000,1,1,1.0021,0.3946,0.5789,2159520.7500
35.2701,0.5963,-0.0160,0.5794,0.0000,1,1,1.0052,0.3828,0.5789,2159520.7500
35.2798,0.4546,0.2734,0.5794,0.0000,1,1,1.0073,0.3728,0.5789,2159520.7500
35.2901,0.3462,0.1988,0.5794,0.0000,1,1,1.0088,0.3638,0.5789,2159520.7500
35.2998,0.5816,-0.0537,0.5794,0.0000,1,1,1.0105,0.3506,0.5789,2159520.7500
35.3098,0.4492,0.3863,0.5794,0.0000,1,1,1.0114,0.3390,0.5789,2159520.7500
35.3207,0.6825,0.7040,0.5794,0.0000,1,1,1.0118,0.3230,0.5789,2159520.7500
35.3297,0.7343,0.5243,0.5794,0.0000,1,1,1.0117,0.3058,0.5789,2159520.7500
35.3401,0.4415,0.2752,0.5794,0.0000,1,1,1.0109,0.2930,0.5789,2159520.7500
35.3497,0.6973,0.1265,0.5794,0.0000,1,1,1.0093,0.2756,0.5789,2159520.7500
35.3598,0.7553,-0.0768,0.5794,0.0000,1,1,1.0068,0.2569,0.5789,2159520.7500
35.3706,0.4610,0.0099,0.5794,0.0000,1,1,1.0042,0.2429,0.5789,2159520.7500
35.3798,0.3292,-0.0610,0.5794,0.0000,1,1,1.0016,0.2309,0.5789,2159520.7500
35.3902,0.5116,-0.1752,0.5794,0.0000,1,1,0.9975,0.2154,0.5789,2159520.7500
35.3998,0.5166,0.2108,0.5794,0.0000,1,1,0.9928,0.1997,0.5789,2159520.7500
35.4098,0.1742,0.6035,0.5794,0.0000,1,1,0.9893,0.1896,0.5789,2159520.7500
35.4201,0.3323,0.2377,0.5794,0.0000,1,1,0.9842,0.1766,0.5789,2159520.7500
35.4298,0.5367,0.1988,0.5794,0.0000,1,1,0.9772,0.1600,0.5789,2159520.7500
35.4400,0.4387,0.8036,0.5794,0.0000,1,1,0.9700,0.1450,0.5789,2159520.7500
35.4498,0.5544,0.6226,0.5794,0.0000,1,1,0.9613,0.1282,0.5789,2159520.7500
35.4598,0.5696,-0.0481,0.5794,0.0000,1,1,0.9518,0.1112,0.5789,2159520.7500
35.4700,0.4438,-0.0363,0.5794,0.0000,1,1,0.9426,0.0963,0.5789,2159520.7500
35.4797,0.3814,0.2141,0.5794,0.0000,1,1,0.9336,0.0826,0.5789,2159520.7500
35.4901,0.2179,0.0141,0.5794,0.0000,1,1,0.9256,0.0715,0.5789,2159520.7500
35.4998,0.2529,-0.1084,0.5794,0.0000,1,1,0.9167,0.0599,0.5789,2159520.7500
35.5097,0.2226,0.0189,0.5794,0.0000,1,1,0.9076,0.0490,0.5789,2159520.7500
35.5208,0.2592,0.1444,0.5794,0.0000,1,1,0.8975,0.0377,0.5789,2159520.7500
35.5297,0.2077,0.1048,0.5794,0.0000,1,1,0.8876,0.0273,0.5789,2159520.7500
35.5401,-0.1090,0.3037,0.5794,0.0000,1,1,0.8814,0.0212,0.5789,2159520.7500
35.5498,0.1481,0.3784,0.5794,0.0000,1,1,0.8713,0.0121,0.5789,2159520.7500
35.5598,0.2335,0.3908,0.5794,0.0000,1,1,0.8596,0.0022,0.5789,2159520.7500
35.5705,0.0230,0.5954,0.5794,0.0000,1,1,0.8504,-0.0049,0.5789,2159520.7500
35.5798,0.1319,0.3437,0.5794,0.0000,1,1,0.8393,-0.0130,0.5789,2159520.7500
35.5902,0.2845,0.0192,0.5794,0.0000,1,1,0.8255,-0.0221,0.5789,2159520.7500
35.5998,0.0170,0.1287,0.5794,0.0000,1,1,0.8156,-0.0282,0.5789,2159520.7500
35.6098,-0.2575,0.0230,0.5794,0.0000,1,1,0.8097,-0.0315,0.5789,2159520.7500
35.6201,-0.3951,-0.1645,0.5794,0.0000,1,1,0.8057,-0.0335,0.5789,2159520.7500
35.6297,-0.1772,-0.1066,0.5794,0.0000,1,1,0.7978,-0.0371,0.5789,2159520.7500
35.6401,-0.3151,0.2040,0.5794,0.0000,1,1,0.7920,-0.0394,0.5789,2159520.7500
35.6498,-0.5796,0.5262,0.5794,0.0000,1,1,0.7905,-0.0400,0.5789,2159520.7500
35.6598,-0.1765,0.4738,0.5794,0.0000,1,1,0.7818,-0.0427,0.5789,2159520.7500
35.6700,-0.3119,0.5648,0.5794,0.0000,1,1,0.7753,-0.0444,0.5789,2159520.7500
35.6798,-0.4513,0.7494,0.5794,0.0000,1,1,0.7711,-0.0454,0.5789,2159520.7500
35.6901,-0.2407,0.1258,0.5794,0.0000,1,1,0.7630,-0.0467,0.5789,2159520.7500
35.6998,-0.1848,-0.3782,0.5794,0.0000,1,1,0.7540,-0.0478,0.5789,2159520.7500
35.7097,-0.3338,-0.0730,0.5794,0.0000,1,1,0.7475,-0.0483,0.5789,2159520.7500
35.7207,-0.7512,0.0162,0.5794,0.0000,1,1,0.7481,-0.0483,0.5789,2159520.7500
35.7298,-0.6404,-0.1648,0.5794,0.0000,1,1,0.7467,-0.0483,0.5789,2159520.7500
35.7401,-0.6169,0.0896,0.5794,0.0000,1,1,0.7447,-0.0481,0.5789,2159520.7500
35.7497,-0.8489,0.7094,0.5794,0.0000,1,1,0.7466,-0.0483,0.5789,2159520.7500
35.7597,-0.6273,0.5683,0.5794,0.0000,1,1,0.7446,-0.0480,0.5789,2159520.7500
35.7706,-0.4100,0.0085,0.5794,0.0000,1,1,0.7389,-0.0466,0.5789,2159520.7500
35.7798,-0.5284,0.2876,0.5794,0.0000,1,1,0.7352,-0.0456,0.5789,2159520.7500
35.7902,-0.6740,0.2543,0.5794,0.0000,1,1,0.7340,-0.0451,0.5789,2159520.7500
35.7998,-0.6814,-0.3851,0.5794,0.0000,1,1,0.7329,-0.0447,0.5789,2159520.7500
35.8097,-0.7342,-0.3466,0.5794,0.0000,1,1,0.7327,-0.0446,0.5789,2159520.7500
35.8200,-0.9444,0.1798,0.5794,0.0000,1,1,0.7356,-0.0462,0.5789,2159520.7500
35.8297,-1.1013,0.2023,0.5794,0.0000,1,1,0.7408,-0.0493,0.5789,2159520.7500
35.8401,-0.9100,-0.1228,0.5794,0.0000,1,1,0.7429,-0.0508,0.5789,2159520.7500
35.8497,-1.0953,0.1303,0.5794,0.0000,1,1,0.7475,-0.0544,0.5789,2159520.7500
35.8598,-0.8972,0.5588,0.5794,0.0000,1,1,0.7492,-0.0558,0.5789,2159520.7500
35.8701,-0.7510,0.0710,0.5794,0.0000,1,1,0.7489,-0.0556,0.5789,2159520.7500
35.8798,-0.8278,-0.1254,0.5794,0.0000,1,1,0.7496,-0.0563,0.5789,2159520.7500
35.8900,-0.7718,0.0964,0.5794,0.0000,1,1,0.7497,-0.0564,0.5789,2159520.7500
35.8998,-0.8674,-0.0940,0.5794,0.0000,1,1,0.7509,-0.0581,0.5789,2159520.7500
35.9097,-0.9286,-0.3546,0.5794,0.0000,1,1,0.7528,-0.0608,0.5789,2159520.7500
35.9207,-1.0741,-0.2839,0.5794,0.0000,1,1,0.7561,-0.0662,0.5789,2159520.7500
35.9297,-1.2168,0.0132,0.5794,0.0000,1,1,0.7606,-0.0742,0.5789,2159520.7500
35.9401,-1.1286,0.1768,0.5794,0.0000,1,1,0.7639,-0.0809,0.5789,2159520.7500
35.9498,-1.2556,0.2406,0.5794,0.0000,1,1,0.7680,-0.0902,0.5789,2159520.7500
35.9598,-1.2984,0.4460,0.5794,0.0000,1,1,0.7720,-0.1006,0.5789,2159520.7500
35.9706,-0.9272,0.3209,0.5794,0.0000,1,1,0.7731,-0.1039,0.5789,2159520.7500
35.9798,-0.9334,-0.1094,0.5794,0.0000,1,1,0.7742,-0.1076,0.5789,2159520.7500
35.9901,-1.0647,-0.3437,0.5794,0.0000,1,1,0.7758,-0.1143,0.5789,2159520.7500
35.9998,-1.1652,-0.3043,0.5794,0.0000,1,1,0.7777,-0.1233,0.5789,2159520.7500
36.0098,-1.4969,-0.1988,0.5794,0.0000,1,1,0.7804,-0.1400,0.5789,2159520.7500
36.0200,-1.4635,-0.1123,0.5794,0.0000,1,1,0.7823,-0.1561,0.5789,2159520.7500
36.0297,-1.6342,0.0290,0.5794,0.0000,1,1,0.7840,-0.1761,0.5789,2159520.7500
36.0401,-1.2677,0.4381,0.5794,0.0000,1,1,0.7846,-0.1878,0.5789,2159520.7500
36.0498,-1.0419,0.4323,0.5794,0.0000,1,1,0.7847,-0.1943,0.5789,2159520.7500
36.0598,-1.1390,0.2561,0.5794,0.0000,1,1,0.7844,-0.2033,0.5789,2159520.7500
36.0700,-1.0130,0.2371,0.5794,0.0000,1,1,0.7841,-0.2096,0.5789,2159520.7500
36.0797,-1.0798,0.0194,0.5794,0.0000,1,1,0.7833,-0.2177,0.5789,2159520.7500
36.0900,-1.3301,-0.0567,0.5794,0.0000,1,1,0.7814,-0.2323,0.5789,2159520.7500
36.0998,-1.5264,-0.1120,0.5794,0.0000,1,1,0.7783,-0.2517,0.5789,2159520.7500
36.1098,-1.3871,-0.1944,0.5794,0.0000,1,1,0.7753,-0.2675,0.5789,2159520.7500
36.1207,-1.1709,0.1006,0.5794,0.0000,1,1,0.7729,-0.2781,0.5789,2159520.7500
36.1297,-1.3389,0.3884,0.5794,0.0000,1,1,0.7690,-0.2928,0.5789,2159520.7500
36.1401,-1.3714,0.3747,0.5794,0.0000,1,1,0.7644,-0.3085,0.5789,2159520.7500
36.1498,-1.0140,0.2139,0.5794,0.0000,1,1,0.7622,-0.3152,0.5789,2159520.7500
36.1598,-1.0880,0.1885,0.5794,0.0000,1,1,0.7590,-0.3241,0.5789,2159520.7500
36.1706,-1.2144,0.0358,0.5794,0.0000,1,1,0.7542,-0.3362,0.5789,2159520.7500
36.1798,-1.0877,-0.2123,0.5794,0.0000,1,1,0.7503,-0.3453,0.5789,2159520.7500
36.1902,-0.9735,-0.1637,0.5794,0.0000,1,1,0.7473,-0.3518,0.5789,2159520.7500
36.1998,-1.0525,0.1169,0.5794,0.0000,1,1,0.7430,-0.3605,0.5789,2159520.7500
36.2098,-1.3869,0.1730,0.5794,0.0000,1,1,0.7341,-0.3769,0.5789,2159520.7500
36.2200,-1.2524,0.1282,0.5794,0.0000,1,1,0.7265,-0.3902,0.5789,2159520.7500
36.2297,-1.1836,0.3319,0.5794,0.0000,1,1,0.7195,-0.4017,0.5789,2159520.7500
36.2401,-1.3286,0.5632,0.5794,0.0000,1,1,0.7098,-0.4164,0.5789,2159520.7500
36.2498,-0.9129,0.3045,0.5794,0.0000,1,1,0.7061,-0.4218,0.5789,2159520.7500
36.2598,-0.6257,0.0205,0.5794,0.0000,1,1,0.7064,-0.4215,0.5789,2159520.7500
36.2701,-0.7638,0.1283,0.5794,0.0000,1,1,0.7039,-0.4246,0.5789,2159520.7500
36.2798,-1.1068,-0.1881,0.5794,0.0000,1,1,0.6955,-0.4349,0.5789,2159520.7500
36.2901,-1.1820,-0.5437,0.5794,0.0000,1,1,0.6852,-0.4469,0.5789,2159520.7500
36.2998,-1.3242,-0.3475,0.5794,0.0000,1,1,0.6721,-0.4615,0.5789,2159520.7500
36.3098,-1.4001,0.1135,0.5794,0.0000,1,1,0.6574,-0.4773,0.5789,2159520.7500
36.3206,-1.2570,0.0913,0.5794,0.0000,1,1,0.6449,-0.4902,0.5789,2159520.7500
36.3298,-0.6082,0.1134,0.5794,0.0000,1,1,0.6445,-0.4906,0.5789,2159520.7500
36.3401,-0.7924,0.2741,0.5794,0.0000,1,1,0.6399,-0.4949,0.5789,2159520.7500
36.3497,-0.9574,0.2836,0.5794,0.0000,1,1,0.6317,-0.5024,0.5789,2159520.7500
36.3598,-0.7609,-0.2068,0.5794,0.0000,1,1,0.6271,-0.5065,0.5789,2159520.7500
36.3706,-0.9153,-0.1193,0.5794,0.0000,1,1,0.6188,-0.5134,0.5789,2159520.7500
36.3798,-1.0183,0.1391,0.5794,0.0000,1,1,0.6081,-0.5220,0.5789,2159520.7500
36.3902,-0.8781,-0.2161,0.5794,0.0000,1,1,0.5998,-0.5284,0.5789,2159520.7500
36.3998,-0.5610,-0.5585,0.5794,0.0000,1,1,0.5979,-0.5297,0.5789,2159520.7500
36.4097,-0.6380,-0.3242,0.5794,0.0000,1,1,0.5938,-0.5326,0.5789,2159520.7500
36.4201,-1.0311,0.0202,0.5794,0.0000,1,1,0.5803,-0.5417,0.5789,2159520.7500
36.4297,-1.0074,-0.1026,0.5794,0.0000,1,1,0.5672,-0.5503,0.5789,2159520.7500
36.4401,-0.8064,0.0223,0.5794,0.0000,1,1,0.5583,-0.5558,0.5789,2159520.7500
36.4497,-1.0273,0.6761,0.5794,0.0000,1,1,0.5440,-0.5644,0.5789,2159520.7500
36.4598,-1.0157,0.5432,0.5794,0.0000,1,1,0.5299,-0.5726,0.5789,2159520.7500
36.4701,-0.4335,-0.0262,0.5794,0.0000,1,1,0.5290,-0.5731,0.5789,2159520.7500
36.4798,-0.4588,-0.0680,0.5794,0.0000,1,1,0.5270,-0.5742,0.5789,2159520.7500
36.4901,-0.5792,0.0361,0.5794,0.0000,1,1,0.5215,-0.5770,0.5789,2159520.7500
36.4998,-0.8042,-0.4426,0.5794,0.0000,1,1,0.5105,-0.5826,0.5789,2159520.7500
36.5098,-0.7654,-0.6406,0.5794,0.0000,1,1,0.5001,-0.5876,0.5789,2159520.7500
36.5207,-0.7745,-0.0981,0.5794,0.0000,1,1,0.4892,-0.5927,0.5789,2159520.7500
36.5298,-0.9912,0.4218,0.5794,0.0000,1,1,0.4733,-0.5998,0.5789,2159520.7500
36.5401,-0.6349,0.2340,0.5794,0.0000,1,1,0.4655,-0.6031,0.5789,2159520.7500
36.5498,-0.5966,0.0864,0.5794,0.0000,1,1,0.4584,-0.6061,0.5789,2159520.7500
36.5597,-0.8452,0.3500,0.5794,0.0000,1,1,0.4454,-0.6112,0.5789,2159520.7500
36.5706,-0.7585,0.1544,0.5794,0.0000,1,1,0.4343,-0.6154,0.5789,2159520.7500
36.5798,-0.3288,-0.1191,0.5794,0.0000,1,1,0.4326,-0.6160,0.5789,2159520.7500
36.5902,-0.3714,-0.0227,0.5794,0.0000,1,1,0.4294,-0.6170,0.5789,2159520.7500
36.5998,-0.4874,-0.0104,0.5794,0.0000,1,1,0.4234,-0.6189,0.5789,2159520.7500
36.6098,-0.6439,-0.0577,0.5794,0.0000,1,1,0.4139,-0.6217,0.5789,2159520.7500
36.6201,-0.7355,0.1270,0.5794,0.0000,1,1,0.4021,-0.6248,0.5789,2159520.7500
36.6297,-0.6572,0.0341,0.5794,0.0000,1,1,0.3920,-0.6272,0.5789,2159520.7500
36.6401,-0.9238,0.0630,0.5794,0.0000,1,1,0.3762,-0.6305,0.5789,2159520.7500
36.6498,-0.4057,0.3269,0.5794,0.0000,1,1,0.3713,-0.6314,0.5789,2159520.7500
36.6598,-0.2002,0.3466,0.5794,0.0000,1,1,0.3702,-0.6315,0.5789,2159520.7500
36.6700,-0.2449,0.2835,0.5794,0.0000,1,1,0.3678,-0.6318,0.5789,2159520.7500
36.6798,-0.2877,0.1202,0.5794,0.0000,1,1,0.3641,-0.6321,0.5789,2159520.7500
36.6900,-0.4241,-0.1043,0.5794,0.0000,1,1,0.3575,-0.6325,0.5789,2159520.7500
36.6998,-0.4135,-0.3234,0.5794,0.0000,1,1,0.3510,-0.6326,0.5789,2159520.7500
36.7098,-0.4366,-0.2952,0.5794,0.0000,1,1,0.3439,-0.6324,0.5789,2159520.7500
36.7207,-0.5213,0.2773,0.5794,0.0000,1,1,0.3352,-0.6319,0.5789,2159520.7500
36.7297,-0.3918,0.4295,0.5794,0.0000,1,1,0.3288,-0.6313,0.5789,2159520.7500
36.7401,-0.2420,0.3237,0.5794,0.0000,1,1,0.3251,-0.6308,0.5789,2159520.7500
36.7497,-0.3875,0.5346,0.5794,0.0000,1,1,0.3186,-0.6296,0.5789,2159520.7500
36.7598,-0.2242,0.6918,0.5794,0.0000,1,1,0.3150,-0.6288,0.5789,2159520.7500
36.7706,-0.1006,0.2837,0.5794,0.0000,1,1,0.3133,-0.6284,0.5789,2159520.7500
36.7798,-0.0765,-0.1521,0.5794,0.0000,1,1,0.3119,-0.6279,0.5789,2159520.7500
36.7901,-0.0617,0.1188,0.5794,0.0000,1,1,0.3104,-0.6274,0.5789,2159520.7500
36.7998,-0.3660,0.3476,0.5794,0.0000,1,1,0.3041,-0.6248,0.5789,2159520.7500
36.8097,0.0125,-0.1253,0.5794,0.0000,1,1,0.3036,-0.6246,0.5789,2159520.7500
36.8200,-0.0603,0.1067,0.5794,0.0000,1,1,0.3018,-0.6237,0.5789,2159520.7500
36.8297,-0.3083,0.8806,0.5794,0.0000,1,1,0.2964,-0.6206,0.5789,2159520.7500
36.8402,-0.1439,0.6600,0.5794,0.0000,1,1,0.2934,-0.6187,0.5789,2159520.7500
36.8497,0.2773,0.2660,0.5794,0.0000,1,1,0.2961,-0.6206,0.5789,2159520.7500
36.8598,0.1640,0.5065,0.5794,0.0000,1,1,0.2970,-0.6213,0.5789,2159520.7500
36.8701,0.1062,0.3897,0.5794,0.0000,1,1,0.2969,-0.6212,0.5789,2159520.7500
36.8798,0.3767,-0.2419,0.5794,0.0000,1,1,0.3000,-0.6241,0.5789,2159520.7500
36.8901,0.3176,-0.2765,0.5794,0.0000,1,1,0.3020,-0.6262,0.5789,2159520.7500
36.8998,0.1415,0.2058,0.5794,0.0000,1,1,0.3020,-0.6261,0.5789,2159520.7500
36.9097,-0.1431,0.3084,0.5794,0.0000,1,1,0.2990,-0.6225,0.5789,2159520.7500
36.9207,0.2184,0.2976,0.5794,0.0000,1,1,0.2996,-0.6233,0.5789,2159520.7500
36.9298,0.1247,0.6071,0.5794,0.0000,1,1,0.2993,-0.6229,0.5789,2159520.7500
36.9400,0.0915,0.8164,0.5794,0.0000,1,1,0.2988,-0.6219,0.5789,2159520.7500
36.9497,0.6292,0.5054,0.5794,0.0000,1,1,0.3022,-0.6284,0.5789,2159520.7500
36.9598,0.7361,0.1070,0.5794,0.0000,1,1,0.3059,-0.6365,0.5789,2159520.7500
36.9706,0.7041,-0.0011,0.5794,0.0000,1,1,0.3089,-0.6441,0.5789,2159520.7500
36.9798,0.3268,-0.0363,0.5794,0.0000,1,1,0.3096,-0.6460,0.5789,2159520.7500
36.9902,0.2537,0.1190,0.5794,0.0000,1,1,0.3098,-0.6467,0.5789,2159520.7500
36.9998,0.1756,0.2051,0.5794,0.0000,1,1,0.3097,-0.6461,0.5789,2159520.7500
37.0098,0.1453,0.2636,0.5794,0.0000,1,1,0.3095,-0.6452,0.5789,2159520.7500
37.0200,0.1412,0.6202,0.5794,0.0000,1,1,0.3093,-0.6442,0.5789,2159520.7500
37.0298,0.4822,0.7095,0.5794,0.0000,1,1,0.3098,-0.6489,0.5789,2159520.7500
37.0401,0.7102,0.2015,0.5794,0.0000,1,1,0.3103,-0.6574,0.5789,2159520.7500
37.0498,0.6505,0.1448,0.5794,0.0000,1,1,0.3104,-0.6649,0.5789,2159520.7500
37.0597,0.7822,0.5225,0.5794,0.0000,1,1,0.3101,-0.6746,0.5789,2159520.7500
37.0700,0.5944,0.1602,0.5794,0.0000,1,1,0.3097,-0.6811,0.5789,2159520.7500
37.0798,0.6295,-0.2390,0.5794,0.0000,1,1,0.3089,-0.6882,0.5789,2159520.7500
37.0901,0.4296,0.1002,0.5794,0.0000,1,1,0.3083,-0.6919,0.5789,2159520.7500
37.0997,0.1818,0.3954,0.5794,0.0000,1,1,0.3084,-0.6914,0.5789,2159520.7500
37.1098,0.4680,0.1502,0.5794,0.0000,1,1,0.3073,-0.6960,0.5789,2159520.7500
37.1207,0.4865,0.3567,0.5794,0.0000,1,1,0.3059,-0.7011,0.5789,2159520.7500
37.1297,0.4165,1.0795,0.5794,0.0000,1,1,0.3046,-0.7050,0.5789,2159520.7500
37.1401,0.5583,0.7692,0.5794,0.0000,1,1,0.3023,-0.7114,0.5789,2159520.7500
37.1498,0.8732,0.1317,0.5794,0.0000,1,1,0.2976,-0.7232,0.5789,2159520.7500
37.1598,0.7250,0.0850,0.5794,0.0000,1,1,0.2935,-0.7323,0.5789,2159520.7500
37.1706,0.7138,0.2174,0.5794,0.0000,1,1,0.2891,-0.7412,0.5789,2159520.7500
37.1797,0.5593,-0.0053,0.5794,0.0000,1,1,0.2857,-0.7476,0.5789,2159520.7500
37.1902,0.5962,-0.0120,0.5794,0.0000,1,1,0.2816,-0.7546,0.5789,2159520.7500
37.1997,0.4088,0.3912,0.5794,0.0000,1,1,0.2790,-0.7586,0.5789,2159520.7500
37.2098,0.2212,0.4969,0.5794,0.0000,1,1,0.2781,-0.7600,0.5789,2159520.7500
37.2201,0.4866,0.1119,0.5794,0.0000,1,1,0.2740,-0.7655,0.5789,2159520.7500
37.2298,0.2751,0.2453,0.5794,0.0000,1,1,0.2721,-0.7680,0.5789,2159520.7500
37.2401,0.5628,0.7041,0.5794,0.0000,1,1,0.2663,-0.7747,0.5789,2159520.7500
37.2498,0.8120,0.3933,0.5794,0.0000,1,1,0.2571,-0.7847,0.5789,2159520.7500
37.2598,0.8623,0.1504,0.5794,0.0000,1,1,0.2469,-0.7952,0.5789,2159520.7500
37.2701,0.7581,0.3415,0.5794,0.0000,1,1,0.2375,-0.8040,0.5789,2159520.7500
37.2798,0.4348,0.2894,0.5794,0.0000,1,1,0.2323,-0.8086,0.5789,2159520.7500
37.2901,0.5200,-0.1511,0.5794,0.0000,1,1,0.2254,-0.8142,0.5789,2159520.7500
37.2998,0.4208,0.0416,0.5794,0.0000,1,1,0.2196,-0.8186,0.5789,2159520.7500
37.3097,0.1669,0.7405,0.5794,0.0000,1,1,0.2172,-0.8202,0.5789,2159520.7500
37.3208,0.2685,0.6543,0.5794,0.0000,1,1,0.2129,-0.8230,0.5789,2159520.7500
37.3298,0.7749,0.2066,0.5794,0.0000,1,1,0.2003,-0.8305,0.5789,2159520.7500
37.3401,0.4914,0.5534,0.5794,0.0000,1,1,0.1917,-0.8350,0.5789,2159520.7500
37.3497,0.4675,0.5963,0.5794,0.0000,1,1,0.1832,-0.8392,0.5789,2159520.7500
37.3598,0.8786,0.0707,0.5794,0.0000,1,1,0.1676,-0.8460,0.5789,2159520.7500
37.3706,0.6407,0.1158,0.5794,0.0000,1,1,0.1556,-0.8507,0.5789,2159520.7500
37.3798,0.4900,0.3677,0.5794,0.0000,1,1,0.1458,-0.8540,0.5789,2159520.7500
37.3902,0.1854,-0.0078,0.5794,0.0000,1,1,0.1408,-0.8555,0.5789,2159520.7500
37.3998,0.4459,-0.1655,0.5794,0.0000,1,1,0.1309,-0.8579,0.5789,2159520.7500
37.4097,0.3020,0.1388,0.5794,0.0000,1,1,0.1232,-0.8594,0.5789,2159520.7500
37.4200,0.1130,0.5348,0.5794,0.0000,1,1,0.1183,-0.8601,0.5789,2159520.7500
37.4297,0.5235,0.4715,0.5794,0.0000,1,1,0.1060,-0.8614,0.5789,2159520.7500
37.4401,0.6613,0.4277,0.5794,0.0000,1,1,0.0910,-0.8622,0.5789,2159520.7500
37.4498,0.4667,0.6341,0.5794,0.0000,1,1,0.0792,-0.8623,0.5789,2159520.7500
37.4598,0.3491,0.3577,0.5794,0.0000,1,1,0.0693,-0.8618,0.5789,2159520.7500
37.4701,0.6278,0.0277,0.5794,0.0000,1,1,0.0543,-0.8603,0.5789,2159520.7500
37.4797,0.4670,-0.1427,0.5794,0.0000,1,1,0.0420,-0.8585,0.5789,2159520.7500
37.4901,0.3039,0.0104,0.5794,0.0000,1,1,0.0323,-0.8565,0.5789,2159520.7500
37.4998,0.2076,0.2224,0.5794,0.0000,1,1,0.0240,-0.8544,0.5789,2159520.7500
37.5098,0.2207,0.4607,0.5794,0.0000,1,1,0.0153,-0.8517,0.5789,2159520.7500
37.5207,0.1995,0.6501,0.5794,0.0000,1,1,0.0068,-0.8485,0.5789,2159520.7500
37.5297,0.0482,0.6566,0.5794,0.0000,1,1,0.0005,-0.8457,0.5789,2159520.7500
37.5400,0.5516,0.5288,0.5794,0.0000,1,1,-0.0138,-0.8385,0.5789,2159520.7500
37.5497,0.4612,0.2906,0.5794,0.0000,1,1,-0.0265,-0.8312,0.5789,2159520.7500
37.5597,0.3075,0.0878,0.5794,0.0000,1,1,-0.0367,-0.8246,0.5789,2159520.7500
37.5706,0.1844,-0.0487,0.5794,0.0000,1,1,-0.0451,-0.8185,0.5789,2159520.7500
37.5798,-0.0026,0.0529,0.5794,0.0000,1,1,-0.0508,-0.8138,0.5789,2159520.7500
37.5902,-0.0289,0.1813,0.5794,0.0000,1,1,-0.0563,-0.8089,0.5789,2159520.7500
37.5998,-0.2692,0.3687,0.5794,0.0000,1,1,-0.0587,-0.8065,0.5789,2159520.7500
37.6097,0.0362,0.7596,0.5794,0.0000,1,1,-0.0650,-0.7995,0.5789,2159520.7500
37.6201,0.2045,0.4745,0.5794,0.0000,1,1,-0.0733,-0.7892,0.5789,2159520.7500
37.6297,0.3778,0.1028,0.5794,0.0000,1,1,-0.0832,-0.7757,0.5789,2159520.7500
37.6401,0.3159,0.1702,0.5794,0.0000,1,1,-0.0919,-0.7623,0.5789,2159520.7500
37.6498,0.2175,0.0622,0.5794,0.0000,1,1,-0.0991,-0.7501,0.5789,2159520.7500
37.6598,0.1865,-0.3853,0.5794,0.0000,1,1,-0.1057,-0.7377,0.5789,2159520.7500
37.6701,0.0545,-0.3989,0.5794,0.0000,1,1,-0.1107,-0.7271,0.5789,2159520.7500
37.6798,-0.1608,0.1205,0.5794,0.0000,1,1,-0.1136,-0.7201,0.5789,2159520.7500
37.6901,-0.1793,0.2273,0.5794,0.0000,1,1,-0.1162,-0.7128,0.5789,2159520.7500
37.6997,0.1270,0.0268,0.5794,0.0000,1,1,-0.1206,-0.6990,0.5789,2159520.7500
37.7097,-0.2087,0.3502,0.5794,0.0000,1,1,-0.1226,-0.6917,0.5789,2159520.7500
37.7207,-0.0532,0.5983,0.5794,0.0000,1,1,-0.1252,-0.6805,0.5789,2159520.7500
37.7298,0.1615,-0.0061,0.5794,0.0000,1,1,-0.1282,-0.6644,0.5789,2159520.7500
37.7401,0.0183,-0.1072,0.5794,0.0000,1,1,-0.1301,-0.6510,0.5789,2159520.7500
37.7498,-0.0649,0.2441,0.5794,0.0000,1,1,-0.1314,-0.6394,0.5789,2159520.7500
37.7598,-0.2453,-0.1579,0.5794,0.0000,1,1,-0.1319,-0.6315,0.5789,2159520.7500
37.7706,-0.0550,-0.4655,0.5794,0.0000,1,1,-0.1323,-0.6189,0.5789,2159520.7500
37.7798,-0.2235,-0.0865,0.5794,0.0000,1,1,-0.1323,-0.6101,0.5789,2159520.7500
37.7902,-0.3805,0.3183,0.5794,0.0000,1,1,-0.1321,-0.6048,0.5789,2159520.7500
37.7998,-0.1678,-0.0591,0.5794,0.0000,1,1,-0.1313,-0.5942,0.5789,2159520.7500
37.8097,-0.2311,-0.0651,0.5794,0.0000,1,1,-0.1303,-0.5849,0.5789,2159520.7500
37.8201,-0.4524,0.5220,0.5794,0.0000,1,1,-0.1298,-0.5809,0.5789,2159520.7500
37.8297,-0.4308,0.3458,0.5794,0.0000,1,1,-0.1289,-0.5762,0.5789,2159520.7500
37.8401,-0.1043,-0.0815,0.5794,0.0000,1,1,-0.1262,-0.5632,0.5789,2159520.7500
37.8497,-0.3433,0.0593,0.5794,0.0000,1,1,-0.1246,-0.5563,0.5789,2159520.7500
37.8598,-0.3806,0.0852,0.5794,0.0000,1,1,-0.1229,-0.5502,0.5789,2159520.7500
37.8700,-0.4638,-0.4956,0.5794,0.0000,1,1,-0.1216,-0.5461,0.5789,2159520.7500
37.8797,-0.2730,-0.5846,0.5794,0.0000,1,1,-0.1186,-0.5372,0.5789,2159520.7500
37.8901,-0.5748,-0.0241,0.5794,0.0000,1,1,-0.1181,-0.5358,0.5789,2159520.7500
37.8998,-0.7572,0.3011,0.5794,0.0000,1,1,-0.1192,-0.5385,0.5789,2159520.7500
37.9098,-0.3898,0.0070,0.5794,0.0000,1,1,-0.1164,-0.5322,0.5789,2159520.7500
37.9206,-0.6907,0.1654,0.5794,0.0000,1,1,-0.1168,-0.5331,0.5789,2159520.7500
37.9297,-0.8077,0.5500,0.5794,0.0000,1,1,-0.1186,-0.5365,0.5789,2159520.7500
37.9400,-0.5768,0.0257,0.5794,0.0000,1,1,-0.1173,-0.5342,0.5789,2159520.7500
37.9498,-0.4415,-0.2874,0.5794,0.0000,1,1,-0.1142,-0.5289,0.5789,2159520.7500
37.9598,-0.5762,0.0305,0.5794,0.0000,1,1,-0.1129,-0.5268,0.5789,2159520.7500
37.9706,-0.8394,-0.1363,0.5794,0.0000,1,1,-0.1153,-0.5304,0.5789,2159520.7500
37.9798,-0.5926,-0.5848,0.5794,0.0000,1,1,-0.1139,-0.5284,0.5789,2159520.7500
37.9901,-0.8362,-0.3533,0.5794,0.0000,1,1,-0.1163,-0.5316,0.5789,2159520.7500
37.9998,-1.1132,0.2987,0.5794,0.0000,1,1,-0.1231,-0.5402,0.5789,2159520.7500
38.0099,-1.1079,0.1747,0.5794,0.0000,1,1,-0.1298,-0.5482,0.5789,2159520.7500
38.0200,-0.6559,0.1084,0.5794,0.0000,1,1,-0.1286,-0.5468,0.5789,2159520.7500
38.0297,-0.8993,0.5402,0.5794,0.0000,1,1,-0.1317,-0.5502,0.5789,2159520.7500
38.0401,-0.8823,0.3656,0.5794,0.0000,1,1,-0.1344,-0.5531,0.5789,2159520.7500
38.0497,-0.6332,-0.4591,0.5794,0.0000,1,1,-0.1325,-0.5512,0.5789,2159520.7500
38.0598,-0.7501,-0.5484,0.5794,0.0000,1,1,-0.1329,-0.5515,0.5789,2159520.7500
38.0701,-0.8696,-0.1240,0.5794,0.0000,1,1,-0.1356,-0.5541,0.5789,2159520.7500
38.0798,-1.0891,-0.1687,0.5794,0.0000,1,1,-0.1426,-0.5604,0.5789,2159520.7500
38.0901,-0.7575,-0.1642,0.5794,0.0000,1,1,-0.1429,-0.5606,0.5789,2159520.7500
38.0998,-1.0191,0.3228,0.5794,0.0000,1,1,-0.1486,-0.5653,0.5789,2159520.7500
38.1098,-0.9901,0.5367,0.5794,0.0000,1,1,-0.1537,-0.5693,0.5789,2159520.7500
38.1207,-0.6880,-0.0100,0.5794,0.0000,1,1,-0.1524,-0.5683,0.5789,2159520.7500
38.1298,-0.7998,-0.1923,0.5794,0.0000,1,1,-0.1536,-0.5692,0.5789,2159520.7500
38.1401,-0.7298,0.1735,0.5794,0.0000,1,1,-0.1535,-0.5692,0.5789,2159520.7500
38.1497,-1.0000,-0.2594,0.5794,0.0000,1,1,-0.1596,-0.5732,0.5789,2159520.7500
38.1598,-0.8664,-0.5310,0.5794,0.0000,1,1,-0.1626,-0.5752,0.5789,2159520.7500
38.1706,-1.1228,-0.1831,0.5794,0.0000,1,1,-0.1717,-0.5807,0.5789,2159520.7500
38.1798,-1.2134,0.2977,0.5794,0.0000,1,1,-0.1827,-0.5873,0.5789,2159520.7500
38.1902,-0.9109,0.0170,0.5794,0.0000,1,1,-0.1867,-0.5895,0.5789,2159520.7500
38.1998,-0.8703,-0.0354,0.5794,0.0000,1,1,-0.1897,-0.5912,0.5789,2159520.7500
38.2097,-0.6015,0.3855,0.5794,0.0000,1,1,-0.1867,-0.5896,0.5789,2159520.7500
38.2201,-0.7028,0.0847,0.5794,0.0000,1,1,-0.1864,-0.5894,0.5789,2159520.7500
38.2297,-0.7061,-0.2644,0.5794,0.0000,1,1,-0.1865,-0.5895,0.5789,2159520.7500
38.2401,-0.8692,-0.3339,0.5794,0.0000,1,1,-0.1908,-0.5915,0.5789,2159520.7500
38.2498,-0.7460,-0.2684,0.5794,0.0000,1,1,-0.1923,-0.5922,0.5789,2159520.7500
38.2597,-0.8587,-0.3787,0.5794,0.0000,1,1,-0.1966,-0.5941,0.5789,2159520.7500
38.2701,-0.9128,-0.3459,0.5794,0.0000,1,1,-0.2024,-0.5966,0.5789,2159520.7500
38.2798,-1.0552,-0.0555,0.5794,0.0000,1,1,-0.2115,-0.6002,0.5789,2159520.7500
38.2900,-1.0241,0.0225,0.5794,0.0000,1,1,-0.2199,-0.6035,0.5789,2159520.7500
38.2998,-0.9938,-0.0392,0.5794,0.0000,1,1,-0.2276,-0.6063,0.5789,2159520.7500
38.3098,-1.0537,0.2192,0.5794,0.0000,1,1,-0.2366,-0.6094,0.5789,2159520.7500
38.3207,-0.6726,0.3345,0.5794,0.0000,1,1,-0.2374,-0.6097,0.5789,2159520.7500
38.3298,-0.8884,0.0507,0.5794,0.0000,1,1,-0.2431,-0.6114,0.5789,2159520.7500
38.3401,-0.9921,-0.2280,0.5794,0.0000,1,1,-0.2512,-0.6137,0.5789,2159520.7500
38.3497,-1.0485,-0.4173,0.5794,0.0000,1,1,-0.2606,-0.6161,0.5789,2159520.7500
38.3598,-1.2195,-0.4214,0.5794,0.0000,1,1,-0.2736,-0.6190,0.5789,2159520.7500
38.3706,-0.9980,-0.3678,0.5794,0.0000,1,1,-0.2820,-0.6207,0.5789,2159520.7500
38.3798,-1.1899,-0.1300,0.5794,0.0000,1,1,-0.2943,-0.6228,0.5789,2159520.7500
38.3901,-0.9586,0.5255,0.5794,0.0000,1,1,-0.3020,-0.6238,0.5789,2159520.7500
38.3998,-0.9876,0.4141,0.5794,0.0000,1,1,-0.3103,-0.6247,0.5789,2159520.7500
38.4097,-1.0784,0.0899,0.5794,0.0000,1,1,-0.3205,-0.6254,0.5789,2159520.7500
38.4598,-1.0326,-0.1458,0.5794,0.0000,1,1,-0.3314,-0.6243,0.5789,2159520.7500
38.8798,-0.0192,0.2082,0.5794,0.0000,1,1,-0.3302,-0.6168,0.5789,2159520.7500
38.8900,-0.2291,0.1865,0.5794,0.0000,1,1,-0.3278,-0.6058,0.5789,2159520.7500
38.8998,0.0093,-0.0228,0.5794,0.0000,1,1,-0.3262,-0.5994,0.5789,2159520.7500
38.9098,-0.2648,-0.2586,0.5794,0.0000,1,1,-0.3230,-0.5885,0.5789,2159520.7500
38.9207,-0.1050,-0.3232,0.5794,0.0000,1,1,-0.3203,-0.5807,0.5789,2159520.7500
38.9298,-0.3896,-0.0990,0.5794,0.0000,1,1,-0.3156,-0.5686,0.5789,2159520.7500
38.9401,-0.2471,0.2663,0.5794,0.0000,1,1,-0.3114,-0.5594,0.5789,2159520.7500
38.9497,-0.1713,0.2457,0.5794,0.0000,1,1,-0.3076,-0.5517,0.5789,2159520.7500
38.9598,-0.2442,0.4866,0.5794,0.0000,1,1,-0.3030,-0.5433,0.5789,2159520.7500
38.9705,0.1461,0.7014,0.5794,0.0000,1,1,-0.3015,-0.5410,0.5789,2159520.7500
38.9798,0.1992,0.3055,0.5794,0.0000,1,1,-0.3006,-0.5395,0.5789,2159520.7500
38.9902,0.2073,-0.0260,0.5794,0.0000,1,1,-0.2997,-0.5383,0.5789,2159520.7500
38.9998,-0.0219,-0.0650,0.5794,0.0000,1,1,-0.2963,-0.5342,0.5789,2159520.7500
39.0098,-0.2484,0.1118,0.5794,0.0000,1,1,-0.2903,-0.5274,0.5789,2159520.7500
39.0201,-0.0471,-0.1971,0.5794,0.0000,1,1,-0.2866,-0.5236,0.5789,2159520.7500
39.0298,-0.0563,-0.1506,0.5794,0.0000,1,1,-0.2828,-0.5199,0.5789,2159520.7500
39.0401,-0.0418,0.7295,0.5794,0.0000,1,1,-0.2792,-0.5167,0.5789,2159520.7500
39.0497,0.0855,0.7774,0.5794,0.0000,1,1,-0.2773,-0.5151,0.5789,2159520.7500
39.0598,0.3669,0.3916,0.5794,0.0000,1,1,-0.2792,-0.5166,0.5789,2159520.7500
39.0701,0.2599,0.4502,0.5794,0.0000,1,1,-0.2798,-0.5170,0.5789,2159520.7500
39.0798,0.4271,0.3088,0.5794,0.0000,1,1,-0.2829,-0.5190,0.5789,2159520.7500
39.0901,0.2784,-0.2529,0.5794,0.0000,1,1,-0.2839,-0.5196,0.5789,2159520.7500
39.0998,0.1690,-0.1149,0.5794,0.0000,1,1,-0.2835,-0.5194,0.5789,2159520.7500
39.1098,-0.0122,0.3711,0.5794,0.0000,1,1,-0.2804,-0.5179,0.5789,2159520.7500
39.1208,-0.1120,0.4018,0.5794,0.0000,1,1,-0.2760,-0.5159,0.5789,2159520.7500
39.1297,0.1815,0.2788,0.5794,0.0000,1,1,-0.2764,-0.5161,0.5789,2159520.7500
39.1401,0.0591,0.5147,0.5794,0.0000,1,1,-0.2751,-0.5156,0.5789,2159520.7500
39.1497,0.4739,0.9725,0.5794,0.0000,1,1,-0.2806,-0.5173,0.5789,2159520.7500
39.1598,0.5652,0.5810,0.5794,0.0000,1,1,-0.2876,-0.5192,0.5789,2159520.7500
39.1706,0.6114,0.3383,0.5794,0.0000,1,1,-0.2955,-0.5210,0.5789,2159520.7500
39.1798,0.4631,0.4558,0.5794,0.0000,1,1,-0.3010,-0.5220,0.5789,2159520.7500
39.1902,0.0618,0.1406,0.5794,0.0000,1,1,-0.3003,-0.5219,0.5789,2159520.7500
39.1998,0.2886,-0.2836,0.5794,0.0000,1,1,-0.3034,-0.5222,0.5789,2159520.7500
39.2098,0.1241,0.1116,0.5794,0.0000,1,1,-0.3041,-0.5222,0.5789,2159520.7500
39.2201,0.1757,0.7149,0.5794,0.0000,1,1,-0.3059,-0.5222,0.5789,2159520.7500
39.2297,0.3831,0.4386,0.5794,0.0000,1,1,-0.3111,-0.5219,0.5789,2159520.7500
39.2401,0.5451,0.4109,0.5794,0.0000,1,1,-0.3190,-0.5211,0.5789,2159520.7500
39.2497,0.3893,0.8069,0.5794,0.0000,1,1,-0.3244,-0.5202,0.5789,2159520.7500
39.2597,0.4771,0.5334,0.5794,0.0000,1,1,-0.3313,-0.5188,0.5789,2159520.7500
39.2701,0.5786,-0.1788,0.5794,0.0000,1,1,-0.3398,-0.5166,0.5789,2159520.7500
39.2798,0.3394,-0.2376,0.5794,0.0000,1,1,-0.3447,-0.5150,0.5789,2159520.7500
39.2900,0.1495,0.3674,0.5794,0.0000,1,1,-0.3470,-0.5141,0.5789,2159520.7500
39.2998,-0.0031,0.3945,0.5794,0.0000,1,1,-0.3473,-0.5140,0.5789,2159520.7500
39.3097,0.3527,0.3005,0.5794,0.0000,1,1,-0.3527,-0.5112,0.5789,2159520.7500
39.3207,0.1123,0.7916,0.5794,0.0000,1,1,-0.3550,-0.5099,0.5789,2159520.7500
39.3297,0.2681,0.9830,0.5794,0.0000,1,1,-0.3594,-0.5070,0.5789,2159520.7500
39.3401,0.6781,0.2624,0.5794,0.0000,1,1,-0.3691,-0.4998,0.5789,2159520.7500
39.3498,0.5694,0.1003,0.5794,0.0000,1,1,-0.3772,-0.4932,0.5789,2159520.7500
39.3598,0.4691,0.3456,0.5794,0.0000,1,1,-0.3838,-0.4872,0.5789,2159520.7500
39.3706,0.1547,-0.0828,0.5794,0.0000,1,1,-0.3867,-0.4842,0.5789,2159520.7500
39.3798,0.4447,-0.2277,0.5794,0.0000,1,1,-0.3928,-0.4773,0.5789,2159520.7500
39.3902,0.1205,0.1930,0.5794,0.0000,1,1,-0.3954,-0.4740,0.5789,2159520.7500
39.3998,-0.0134,0.5694,0.5794,0.0000,1,1,-0.3967,-0.4722,0.5789,2159520.7500
39.4097,0.3422,0.2938,0.5794,0.0000,1,1,-0.4013,-0.4651,0.5789,2159520.7500
39.4200,0.3602,0.4486,0.5794,0.0000,1,1,-0.4058,-0.4571,0.5789,2159520.7500
39.4297,0.1871,0.9096,0.5794,0.0000,1,1,-0.4087,-0.4514,0.5789,2159520.7500
39.4401,0.3094,0.3666,0.5794,0.0000,1,1,-0.4123,-0.4432,0.5789,2159520.7500
39.4498,0.6305,-0.1666,0.5794,0.0000,1,1,-0.4177,-0.4294,0.5789,2159520.7500
39.4598,0.4515,0.0423,0.5794,0.0000,1,1,-0.4215,-0.4181,0.5789,2159520.7500
39.4700,0.2808,0.2176,0.5794,0.0000,1,1,-0.4240,-0.4095,0.5789,2159520.7500
39.4798,0.2592,0.0184,0.5794,0.0000,1,1,-0.4261,-0.4008,0.5789,2159520.7500
39.4900,0.4097,0.0179,0.5794,0.0000,1,1,-0.4284,-0.3889,0.5789,2159520.7500
39.4998,0.3162,0.5175,0.5794,0.0000,1,1,-0.4300,-0.3785,0.5789,2159520.7500
39.5098,0.1978,0.6869,0.5794,0.0000,1,1,-0.4309,-0.3700,0.5789,2159520.7500
39.5207,0.7000,0.4829,0.5794,0.0000,1,1,-0.4321,-0.3513,0.5789,2159520.7500
39.5297,0.4221,0.5379,0.5794,0.0000,1,1,-0.4324,-0.3381,0.5789,2159520.7500
39.5401,0.3343,0.6072,0.5794,0.0000,1,1,-0.4322,-0.3263,0.5789,2159520.7500
39.5498,0.3112,-0.1970,0.5794,0.0000,1,1,-0.4316,-0.3148,0.5789,2159520.7500
39.5598,0.3891,-0.4204,0.5794,0.0000,1,1,-0.4304,-0.3016,0.5789,2159520.7500
39.5707,0.2781,-0.0133,0.5794,0.0000,1,1,-0.4289,-0.2905,0.5789,2159520.7500
39.5798,-0.0223,0.1803,0.5794,0.0000,1,1,-0.4281,-0.2855,0.5789,2159520.7500
39.5901,0.3267,0.1220,0.5794,0.0000,1,1,-0.4255,-0.2730,0.5789,2159520.7500
39.5998,0.2466,0.2979,0.5794,0.0000,1,1,-0.4228,-0.2621,0.5789,2159520.7500
39.6097,0.2063,0.6762,0.5794,0.0000,1,1,-0.4200,-0.2520,0.5789,2159520.7500
39.6201,0.4408,0.1070,0.5794,0.0000,1,1,-0.4152,-0.2369,0.5789,2159520.7500
39.6297,0.5283,-0.3226,0.5794,0.0000,1,1,-0.4092,-0.2201,0.5789,2159520.7500
39.6401,0.2921,-0.0744,0.5794,0.0000,1,1,-0.4046,-0.2083,0.5789,2159520.7500
39.6497,-0.0242,-0.1331,0.5794,0.0000,1,1,-0.4024,-0.2032,0.5789,2159520.7500
39.6598,0.1871,-0.2275,0.5794,0.0000,1,1,-0.3980,-0.1935,0.5789,2159520.7500
39.6701,0.0680,0.1110,0.5794,0.0000,1,1,-0.3944,-0.1863,0.5789,2159520.7500
39.6798,-0.0319,0.7041,0.5794,0.0000,1,1,-0.3917,-0.1811,0.5789,2159520.7500
39.6901,0.1344,0.4946,0.5794,0.0000,1,1,-0.3868,-0.1723,0.5789,2159520.7500
39.6998,0.4003,0.0629,0.5794,0.0000,1,1,-0.3784,-0.1581,0.5789,2159520.7500
39.7097,0.2799,0.3345,0.5794,0.0000,1,1,-0.3712,-0.1466,0.5789,2159520.7500
39.7206,0.2082,0.1611,0.5794,0.0000,1,1,-0.3647,-0.1369,0.5789,2159520.7500
39.7298,0.3714,-0.4551,0.5794,0.0000,1,1,-0.3558,-0.1241,0.5789,2159520.7500
39.7400,0.1232,-0.1531,0.5794,0.0000,1,1,-0.3503,-0.1166,0.5789,2159520.7500
39.7498,-0.0889,0.4762,0.5794,0.0000,1,1,-0.3479,-0.1135,0.5789,2159520.7500
39.7597,-0.2319,0.3445,0.5794,0.0000,1,1,-0.3475,-0.1131,0.5789,2159520.7500
39.7706,0.1625,0.1550,0.5794,0.0000,1,1,-0.3406,-0.1050,0.5789,2159520.7500
39.7798,0.0102,0.4506,0.5794,0.0000,1,1,-0.3361,-0.1000,0.5789,2159520.7500
39.7901,0.1399,0.4938,0.5794,0.0000,1,1,-0.3290,-0.0927,0.5789,2159520.7500
39.7998,0.3467,0.0996,0.5794,0.0000,1,1,-0.3182,-0.0820,0.5789,2159520.7500
39.8097,0.1179,-0.0408,0.5794,0.0000,1,1,-0.3115,-0.0757,0.5789,2159520.7500
39.8201,0.0454,0.1665,0.5794,0.0000,1,1,-0.3060,-0.0709,0.5789,2159520.7500
39.8297,-0.2692,-0.0788,0.5794,0.0000,1,1,-0.3067,-0.0715,0.5789,2159520.7500
39.8401,0.0046,-0.3104,0.5794,0.0000,1,1,-0.3017,-0.0674,0.5789,2159520.7500
39.8497,-0.2227,0.0060,0.5794,0.0000,1,1,-0.3013,-0.0672,0.5789,2159520.7500
39.8598,-0.2811,0.4997,0.5794,0.0000,1,1,-0.3020,-0.0677,0.5789,2159520.7500
39.8701,0.0704,0.2848,0.5794,0.0000,1,1,-0.2949,-0.0627,0.5789,2159520.7500
39.8798,-0.0572,0.1175,0.5794,0.0000,1,1,-0.2907,-0.0598,0.5789,2159520.7500
39.8901,-0.0221,0.4663,0.5794,0.0000,1,1,-0.2857,-0.0565,0.5789,2159520.7500
39.8998,-0.2431,0.0525,0.5794,0.0000,1,1,-0.2856,-0.0565,0.5789,2159520.7500
39.9098,0.0532,-0.4975,0.5794,0.0000,1,1,-0.2787,-0.0523,0.5789,2159520.7500
39.9207,-0.1597,-0.1721,0.5794,0.0000,1,1,-0.2767,-0.0511,0.5789,2159520.7500
39.9298,-0.5376,0.2737,0.5794,0.0000,1,1,-0.2833,-0.0548,0.5789,2159520.7500
39.9401,-0.3147,0.2072,0.5794,0.0000,1,1,-0.2844,-0.0554,0.5789,2159520.7500
39.9498,-0.3001,0.5125,0.5794,0.0000,1,1,-0.2850,-0.0558,0.5789,2159520.7500
39.9598,-0.0870,1.0577,0.5794,0.0000,1,1,-0.2807,-0.0536,0.5789,2159520.7500
39.9706,0.1043,0.5281,0.5794,0.0000,1,1,-0.2721,-0.0494,0.5789,2159520.7500
39.9798,0.3249,-0.2127,0.5794,0.0000,1,1,-0.2589,-0.0432,0.5789,2159520.7500
39.9902,0.0004,-0.1886,0.5794,0.0000,1,1,-0.2534,-0.0408,0.5789,2159520.7500
39.9998,-0.1535,0.0024,0.5794,0.0000,1,1,-0.2515,-0.0399,0.5789,2159520.7500
40.0099,-0.3879,-0.1146,0.5794,0.0000,1,1,-0.2548,-0.0413,0.5789,2159520.7500
40.0201,-0.5824,0.0554,0.5794,0.0000,1,1,-0.2622,-0.0442,0.5789,2159520.7500
40.0297,-0.5797,0.5569,0.5794,0.0000,1,1,-0.2691,-0.0467,0.5789,2159520.7500
40.0400,-0.3351,0.6089,0.5794,0.0000,1,1,-0.2704,-0.0472,0.5789,2159520.7500
40.0497,-0.0722,0.2741,0.5794,0.0000,1,1,-0.2661,-0.0458,0.5789,2159520.7500
40.0598,-0.2069,-0.0856,0.5794,0.0000,1,1,-0.2648,-0.0454,0.5789,2159520.7500
40.0700,-0.0638,-0.1777,0.5794,0.0000,1,1,-0.2606,-0.0442,0.5789,2159520.7500
40.0798,-0.3664,-0.3150,0.5794,0.0000,1,1,-0.2627,-0.0448,0.5789,2159520.7500
40.0900,-0.5179,-0.2829,0.5794,0.0000,1,1,-0.2679,-0.0459,0.5789,2159520.7500
40.0998,-0.7376,-0.0811,0.5794,0.0000,1,1,-0.2773,-0.0477,0.5789,2159520.7500
40.1098,-0.5628,0.3562,0.5794,0.0000,1,1,-0.2828,-0.0486,0.5789,2159520.7500
40.1207,-0.3686,0.3382,0.5794,0.0000,1,1,-0.2843,-0.0488,0.5789,2159520.7500
40.1297,-0.4926,0.1884,0.5794,0.0000,1,1,-0.2882,-0.0491,0.5789,2159520.7500
40.1401,-0.1693,0.1812,0.5794,0.0000,1,1,-0.2857,-0.0490,0.5789,2159520.7500
40.1497,-0.3569,-0.1377,0.5794,0.0000,1,1,-0.2870,-0.0490,0.5789,2159520.7500
40.1598,-0.4012,-0.4757,0.5794,0.0000,1,1,-0.2890,-0.0490,0.5789,2159520.7500
40.1706,-0.6379,-0.5462,0.5794,0.0000,1,1,-0.2955,-0.0486,0.5789,2159520.7500
40.1797,-0.7493,-0.0883,0.5794,0.0000,1,1,-0.3037,-0.0479,0.5789,2159520.7500
40.1901,-0.5887,0.1359,0.5794,0.0000,1,1,-0.3088,-0.0472,0.5789,2159520.7500
40.1998,-0.6509,0.1119,0.5794,0.0000,1,1,-0.3148,-0.0461,0.5789,2159520.7500
40.2098,-0.5680,0.4003,0.5794,0.0000,1,1,-0.3192,-0.0452,0.5789,2159520.7500
40.2201,-0.5044,0.1996,0.5794,0.0000,1,1,-0.3223,-0.0443,0.5789,2159520.7500
40.2298,-0.4871,-0.2502,0.5794,0.0000,1,1,-0.3252,-0.0434,0.5789,2159520.7500
40.2401,-0.5682,-0.3941,0.5794,0.0000,1,1,-0.3292,-0.0420,0.5789,2159520.7500
40.2497,-0.6366,-0.1991,0.5794,0.0000,1,1,-0.3343,-0.0399,0.5789,2159520.7500
40.2597,-0.8688,-0.0806,0.5794,0.0000,1,1,-0.3426,-0.0361,0.5789,2159520.7500
40.2700,-0.7445,-0.2080,0.5794,0.0000,1,1,-0.3488,-0.0328,0.5789,2159520.7500
40.2798,-0.9091,0.1935,0.5794,0.0000,1,1,-0.3571,-0.0280,0.5789,2159520.7500
40.2901,-0.8831,0.6665,0.5794,0.0000,1,1,-0.3646,-0.0232,0.5789,2159520.7500
40.2998,-0.6251,0.2484,0.5794,0.0000,1,1,-0.3684,-0.0205,0.5789,2159520.7500
40.3097,-0.6112,-0.0539,0.5794,0.0000,1,1,-0.3719,-0.0178,0.5789,2159520.7500
40.3207,-0.5047,0.2115,0.5794,0.0000,1,1,-0.3739,-0.0160,0.5789,2159520.7500
40.3297,-0.6802,-0.0738,0.4839,0.0000,1,1,-0.3780,-0.0122,0.5789,2159520.7500
40.3401,-0.7357,-0.4649,0.4839,0.0000,1,1,-0.3752,0.0027,0.5789,2159520.7500
40.3497,-0.8652,-0.1741,0.4839,0.0000,1,1,-0.3716,0.0198,0.5789,2159520.7500
40.3598,-1.0185,0.3513,0.4839,0.0000,1,1,-0.3670,0.0394,0.5789,2159520.7500
40.3706,-0.7451,0.3096,0.4839,0.0000,1,1,-0.3634,0.0530,0.5789,2159520.7500
40.3798,-0.6960,0.1576,0.4839,0.0000,1,1,-0.3599,0.0652,0.5789,2159520.7500
40.3902,-0.6650,0.5439,0.4839,0.0000,1,1,-0.3563,0.0765,0.5789,2159520.7500
40.3998,-0.5891,0.3983,0.4839,0.0000,1,1,-0.3530,0.0861,0.5789,2159520.7500
40.4097,-0.5157,-0.2349,0.4839,0.0000,1,1,-0.3500,0.0941,0.5789,2159520.7500
40.4201,-0.6060,-0.1439,0.4839,0.0000,1,1,-0.3462,0.1034,0.5789,2159520.7500
40.4298,-0.6458,0.1478,0.4839,0.0000,1,1,-0.3419,0.1132,0.5789,2159520.7500
40.4401,-0.7931,-0.0681,0.4839,0.0000,1,1,-0.3362,0.1251,0.5789,2159520.7500
40.4498,-0.6288,-0.1323,0.4839,0.0000,1,1,-0.3317,0.1339,0.5789,2159520.7500
40.4598,-0.9613,0.1994,0.4839,0.0000,1,1,-0.3241,0.1476,0.5789,2159520.7500
40.4701,-0.9590,0.5226,0.4839,0.0000,1,1,-0.3164,0.1607,0.5789,2159520.7500
40.4798,-0.7100,0.1416,0.4839,0.0000,1,1,-0.3107,0.1696,0.5789,2159520.7500
40.4900,-0.7120,0.0885,0.4839,0.0000,1,1,-0.3048,0.1782,0.5789,2159520.7500
40.4998,-0.5483,0.4725,0.4839,0.0000,1,1,-0.3005,0.1842,0.5789,2159520.7500
40.5098,-0.4579,-0.0130,0.4839,0.0000,0,0,-0.2969,0.1888,0.5789,2159520.7500
40.5207,-0.3804,-0.4306,0.4839,0.0000,0,0,-0.2939,0.1923,0.5789,2159520.7500
40.5298,-0.6504,-0.1812,0.4839,0.0000,0,0,-0.2879,0.1990,0.5789,2159520.7500
40.5401,-1.0395,-0.0271,0.4839,0.0000,0,0,-0.2772,0.2098,0.5789,2159520.7500
40.5498,-0.9285,-0.3695,0.4839,0.0000,0,0,-0.2677,0.2190,0.5789,2159520.7500
40.5598,-0.8172,-0.1610,0.4839,0.0000,0,0,-0.2593,0.2264,0.5789,2159520.7500
40.5706,-0.7906,0.5227,0.4839,0.0000,0,0,-0.2510,0.2332,0.5789,2159520.7500
40.5798,-0.5023,0.3575,0.4839,0.0000,0,0,-0.2462,0.2368,0.5789,2159520.7500
40.5902,-0.3127,-0.0739,0.4839,0.0000,0,0,-0.2437,0.2385,0.5789,2159520.7500
40.5998,-0.6019,0.1040,0.4839,0.0000,0,0,-0.2373,0.2427,0.5789,2159520.7500
40.6097,-0.6926,0.1642,0.4839,0.0000,0,0,-0.2296,0.2474,0.5789,2159520.7500
40.6202,-0.6838,-0.3011,0.4839,0.0000,0,0,-0.2218,0.2516,0.5789,2159520.7500
40.6297,-0.6421,-0.4727,0.4839,0.0000,0,0,-0.2146,0.2552,0.5789,2159520.7500
40.6401,-0.6393,-0.1101,0.4839,0.0000,0,0,-0.2073,0.2585,0.5789,2159520.7500
40.6498,-0.9092,-0.0321,0.4839,0.0000,0,0,-0.1961,0.2631,0.5789,2159520.7500
40.6598,-0.6156,-0.0780,0.4839,0.0000,0,0,-0.1891,0.2656,0.5789,2159520.7500
40.6701,-0.9439,0.2688,0.4839,0.0000,0,0,-0.1773,0.2693,0.5789,2159520.7500
40.6798,-0.9161,0.7429,0.4839,0.0000,0,0,-0.1659,0.2724,0.5789,2159520.7500
40.6901,-0.5791,0.2643,0.4839,0.0000,0,0,-0.1595,0.2738,0.5789,2159520.7500
40.6998,-0.4674,-0.0605,0.4839,0.0000,0,0,-0.1548,0.2746,0.5789,2159520.7500
40.7098,-0.3317,-0.0101,0.4839,0.0000,0,0,-0.1520,0.2750,0.5789,2159520.7500
40.7208,-0.4725,-0.3560,0.4839,0.0000,0,0,-0.1470,0.2754,0.5789,2159520.7500
40.7297,-0.5366,-0.5459,0.4839,0.0000,0,0,-0.1411,0.2756,0.5789,2159520.7500
40.7401,-0.7824,-0.2172,0.4839,0.0000,0,0,-0.1316,0.2754,0.5789,2159520.7500
40.7498,-0.8889,0.1421,0.4839,0.0000,0,0,-0.1206,0.2747,0.5789,2159520.7500
40.7598,-0.7147,0.1605,0.4839,0.0000,0,0,-0.1123,0.2737,0.5789,2159520.7500
40.7705,-0.7116,0.1100,0.4839,0.0000,0,0,-0.1042,0.2723,0.5789,2159520.7500
40.7798,-0.4035,0.3975,0.4839,0.0000,0,0,-0.1006,0.2715,0.5789,2159520.7500
40.7902,-0.3839,0.1422,0.4839,0.0000,0,0,-0.0972,0.2705,0.5789,2159520.7500
40.7998,-0.4555,-0.1341,0.4839,0.0000,0,0,-0.0928,0.2690,0.5789,2159520.7500
40.8098,-0.6493,-0.2816,0.4839,0.0000,0,0,-0.0858,0.2662,0.5789,2159520.7500
40.8201,-0.4471,-0.4321,0.4839,0.0000,0,0,-0.0817,0.2643,0.5789,2159520.7500
40.8298,-0.5893,-0.4202,0.4839,0.0000,0,0,-0.0757,0.2612,0.5789,2159520.7500
40.8401,-0.5692,-0.1082,0.4839,0.0000,0,0,-0.0701,0.2579,0.5789,2159520.7500
40.8498,-0.5298,-0.0326,0.4839,0.0000,0,0,-0.0651,0.2546,0.5789,2159520.7500
40.8598,-0.2723,0.0718,0.4839,0.0000,0,0,-0.0635,0.2534,0.5789,2159520.7500
40.8701,-0.4765,0.1496,0.4839,0.0000,0,0,-0.0594,0.2501,0.5789,2159520.7500
40.8797,-0.5720,0.0942,0.4839,0.0000,0,0,-0.0542,0.2455,0.5789,2159520.7500
40.8901,-0.1880,-0.0898,0.4839,0.0000,0,0,-0.0537,0.2450,0.5789,2159520.7500
40.8998,-0.3634,-0.1731,0.4839,0.0000,0,0,-0.0512,0.2422,0.5789,2159520.7500
40.9098,-0.4041,-0.0570,0.4839,0.0000,0,0,-0.0482,0.2388,0.5789,2159520.7500
40.9208,-0.4228,-0.4127,0.4839,0.0000,0,0,-0.0452,0.2349,0.5789,2159520.7500
40.9298,-0.4117,-0.5373,0.4839,0.0000,0,0,-0.0424,0.2310,0.5789,2159520.7500
40.9401,-0.4216,-0.0789,0.4839,0.0000,0,0,-0.0397,0.2268,0.5789,2159520.7500
40.9497,-0.6615,0.1439,0.4839,0.0000,0,0,-0.0349,0.2186,0.5789,2159520.7500
40.9598,-0.1695,0.2427,0.4839,0.0000,0,0,-0.0347,0.2183,0.5789,2159520.7500
40.9706,-0.1694,0.2648,0.4839,0.0000,0,0,-0.0344,0.2178,0.5789,2159520.7500
40.9798,-0.2309,0.4235,0.4839,0.0000,0,0,-0.0337,0.2161,0.5789,2159520.7500
40.9902,-0.1434,0.0296,0.4839,0.0000,0,0,-0.0336,0.2160,0.5789,2159520.7500
40.9998,-0.0634,-0.5598,0.4839,0.0000,0,0,-0.0341,0.2172,0.5789,2159520.7500
41.0099,-0.1411,-0.3939,0.4839,0.0000,0,0,-0.0339,0.2168,0.5789,2159520.7500
41.0200,-0.2689,-0.0903,0.4839,0.0000,0,0,-0.0331,0.2138,0.5789,2159520.7500
41.0298,-0.2009,0.0236,0.4839,0.0000,0,0,-0.0327,0.2122,0.5789,2159520.7500
41.0401,-0.0863,0.3327,0.4839,0.0000,0,0,-0.0328,0.2127,0.5789,2159520.7500
41.0497,-0.2512,0.5638,0.4839,0.0000,0,0,-0.0323,0.2098,0.5789,2159520.7500
41.0598,-0.3494,0.3550,0.4839,0.0000,0,0,-0.0315,0.2047,0.5789,2159520.7500
41.0701,-0.0596,0.0749,0.4839,0.0000,0,0,-0.0316,0.2059,0.5789,2159520.7500
41.0797,-0.0772,0.0016,0.4839,0.0000,0,0,-0.0317,0.2065,0.5789,2159520.7500
41.0901,-0.0628,-0.1359,0.4839,0.0000,0,0,-0.0318,0.2074,0.5789,2159520.7500
41.0998,-0.0203,-0.1659,0.4839,0.0000,0,0,-0.0318,0.2091,0.5789,2159520.7500
41.1098,-0.1044,0.0709,0.4839,0.0000,0,0,-0.0318,0.2088,0.5789,2159520.7500
41.1207,-0.0812,0.0423,0.4839,0.0000,0,0,-0.0318,0.2090,0.5789,2159520.7500
41.1298,-0.2808,0.0839,0.4839,0.0000,0,0,-0.0321,0.2046,0.5789,2159520.7500
41.1401,-0.1055,0.3895,0.4839,0.0000,0,0,-0.0321,0.2042,0.5789,2159520.7500
41.1498,0.1140,0.3657,0.4839,0.0000,0,0,-0.0316,0.2088,0.5789,2159520.7500
41.1598,0.0196,0.3289,0.4839,0.0000,0,0,-0.0312,0.2111,0.5789,2159520.7500
41.1706,0.1035,0.2576,0.4839,0.0000,0,0,-0.0305,0.2153,0.5789,2159520.7500
41.1798,0.1585,-0.0494,0.4839,0.0000,0,0,-0.0295,0.2205,0.5789,2159520.7500
41.1902,0.0535,-0.3033,0.4839,0.0000,0,0,-0.0289,0.2231,0.5789,2159520.7500
41.1998,0.0045,-0.1991,0.4839,0.0000,0,0,-0.0286,0.2244,0.5789,2159520.7500
41.2098,-0.0689,0.0619,0.4839,0.0000,0,0,-0.0287,0.2239,0.5789,2159520.7500
41.2201,-0.0306,0.2051,0.4839,0.0000,0,0,-0.0286,0.2242,0.5789,2159520.7500
41.2298,0.0754,0.1946,0.4839,0.0000,0,0,-0.0277,0.2270,0.5789,2159520.7500
41.2401,-0.0841,0.3587,0.4839,0.0000,0,0,-0.0280,0.2260,0.5789,2159520.7500
41.2498,0.1184,0.4282,0.4839,0.0000,0,0,-0.0266,0.2296,0.5789,2159520.7500
41.2598,0.1461,0.0404,0.4839,0.0000,0,0,-0.0249,0.2336,0.5789,2159520.7500
41.2700,0.1312,-0.1199,0.4839,0.0000,0,0,-0.0233,0.2372,0.5789,2159520.7500
41.2798,0.1989,0.1265,0.4839,0.0000,0,0,-0.0209,0.2421,0.5789,2159520.7500
41.2901,0.0463,-0.0507,0.4839,0.0000,0,0,-0.0202,0.2435,0.5789,2159520.7500
41.2998,0.3613,-0.2962,0.4839,0.0000,0,0,-0.0158,0.2518,0.5789,2159520.7500
41.3097,0.0858,0.0598,0.4839,0.0000,0,0,-0.0148,0.2537,0.5789,2159520.7500
41.3207,-0.0705,0.5274,0.4839,0.0000,0,0,-0.0158,0.2520,0.5789,2159520.7500
41.3298,0.0081,0.1708,0.4839,0.0000,0,0,-0.0157,0.2522,0.5789,2159520.7500
41.3401,-0.0867,0.0979,0.4839,0.0000,0,0,-0.0169,0.2502,0.5789,2159520.7500
41.3498,0.0925,0.4476,0.4839,0.0000,0,0,-0.0156,0.2523,0.5789,2159520.7500
41.3598,0.2417,0.2786,0.4839,0.0000,0,0,-0.0120,0.2574,0.5789,2159520.7500
41.3706,0.3005,0.0128,0.4839,0.0000,0,0,-0.0076,0.2636,0.5789,2159520.7500
41.3797,0.1762,0.0093,0.4839,0.0000,0,0,-0.0052,0.2669,0.5789,2159520.7500
41.3901,0.0010,0.0629,0.4839,0.0000,0,0,-0.0056,0.2664,0.5789,2159520.7500
41.3998,-0.0731,0.0726,0.4839,0.0000,0,0,-0.0070,0.2646,0.5789,2159520.7500
41.4098,-0.0831,0.1948,0.4839,0.0000,0,0,-0.0086,0.2626,0.5789,2159520.7500
41.4201,-0.0634,0.5505,0.4839,0.0000,0,0,-0.0099,0.2613,0.5789,2159520.7500
41.4297,0.1139,0.5816,0.4839,0.0000,0,0,-0.0079,0.2634,0.5789,2159520.7500
41.4401,0.2059,0.4720,0.4839,0.0000,0,0,-0.0043,0.2671,0.5789,2159520.7500
41.4498,0.1094,0.5472,0.4839,0.0000,0,0,-0.0024,0.2690,0.5789,2159520.7500
41.4598,0.3832,0.4481,0.4839,0.0000,0,0,0.0047,0.2757,0.5789,2159520.7500
41.4701,0.2763,0.0351,0.4839,0.0000,0,0,0.0097,0.2802,0.5789,2159520.7500
41.4798,0.3074,-0.2899,0.4839,0.0000,0,0,0.0153,0.2850,0.5789,2159520.7500
41.4900,0.0873,-0.1807,0.4839,0.0000,0,0,0.0163,0.2859,0.5789,2159520.7500
41.4998,-0.2165,0.2690,0.4839,0.0000,0,0,0.0111,0.2817,0.5789,2159520.7500
41.5098,0.1231,0.2338,0.4839,0.0000,0,0,0.0132,0.2833,0.5789,2159520.7500
41.5207,0.0200,0.4595,0.4839,0.0000,0,0,0.0132,0.2833,0.5789,2159520.7500
41.5297,0.1274,0.9739,0.4839,0.0000,0,0,0.0156,0.2850,0.5789,2159520.7500
41.5401,0.2780,0.3206,0.4839,0.0000,0,0,0.0213,0.2891,0.5789,2159520.7500
41.5497,0.4179,-0.1255,0.4839,0.0000,0,0,0.0300,0.2950,0.5789,2159520.7500
41.5597,0.3594,0.2317,0.4839,0.0000,0,0,0.0373,0.2998,0.5789,2159520.7500
41.5705,0.2757,0.2556,0.4839,0.0000,0,0,0.0425,0.3032,0.5789,2159520.7500
41.5798,0.3226,-0.0734,0.4839,0.0000,0,0,0.0487,0.3071,0.5789,2159520.7500
41.5902,0.1744,-0.0561,0.4839,0.0000,0,0,0.0515,0.3087,0.5789,2159520.7500
41.5998,-0.0325,0.2759,0.4839,0.0000,0,0,0.0496,0.3076,0.5789,2159520.7500
41.6097,-0.0776,0.2399,0.4839,0.0000,0,0,0.0469,0.3060,0.5789,2159520.7500
41.6198,0.2096,0.1046,0.4839,0.0000,0,0,0.0508,0.3083,0.5789,2159520.7500
41.6300,0.0750,0.6189,0.4839,0.0000,0,0,0.0518,0.3088,0.5789,2159520.7500
41.6401,0.3547,0.8887,0.4839,0.0000,0,0,0.0592,0.3127,0.5789,2159520.7500
41.6498,0.5230,0.4333,0.4839,0.0000,0,0,0.0701,0.3183,0.5789,2159520.7500
41.6598,0.2857,0.2386,0.4839,0.0000,0,0,0.0754,0.3210,0.5789,2159520.7500
41.6698,0.2643,0.3170,0.4839,0.0000,0,0,0.0802,0.3233,0.5789,2159520.7500
41.6801,0.0794,-0.0917,0.4839,0.0000,0,0,0.0809,0.3236,0.5789,2159520.7500
41.6901,0.2868,-0.3603,0.4839,0.0000,0,0,0.0862,0.3261,0.5789,2159520.7500
41.6998,0.0949,0.0481,0.4839,0.0000,0,0,0.0873,0.3266,0.5789,2159520.7500
41.7098,-0.0757,0.7263,0.4839,0.0000,0,0,0.0849,0.3255,0.5789,2159520.7500
41.7198,0.0091,0.7017,0.4839,0.0000,0,0,0.0846,0.3254,0.5789,2159520.7500
41.7301,0.0548,0.5299,0.4839,0.0000,0,0,0.0854,0.3257,0.5789,2159520.7500
41.7401,0.1060,0.8402,0.4839,0.0000,0,0,0.0874,0.3265,0.5789,2159520.7500
41.7497,0.1962,0.4053,0.4839,0.0000,0,0,0.0913,0.3279,0.5789,2159520.7500
41.7598,0.2763,-0.2352,0.4839,0.0000,0,0,0.0970,0.3298,0.5789,2159520.7500
41.7697,0.1234,-0.0059,0.4839,0.0000,0,0,0.0994,0.3305,0.5789,2159520.7500
41.7807,-0.0549,0.2548,0.4839,0.0000,0,0,0.0984,0.3302,0.5789,2159520.7500
41.7902,-0.1620,-0.0469,0.4839,0.0000,0,0,0.0955,0.3295,0.5789,2159520.7500
41.7998,-0.1218,-0.0656,0.4839,0.0000,0,0,0.0936,0.3290,0.5789,2159520.7500
41.8097,-0.2574,0.4722,0.4839,0.0000,0,0,0.0893,0.3281,0.5789,2159520.7500
41.8198,-0.1517,0.8114,0.4839,0.0000,0,0,0.0874,0.3277,0.5789,2159520.7500
41.8301,0.2649,0.3299,0.4839,0.0000,0,0,0.0940,0.3288,0.5789,2159520.7500
41.8401,0.1717,0.2658,0.4839,0.0000,0,0,0.0987,0.3294,0.5789,2159520.7500
41.8497,0.2778,0.5109,0.4839,0.0000,0,0,0.1054,0.3301,0.5789,2159520.7500
41.8598,0.0181,0.0232,0.4839,0.0000,0,0,0.1071,0.3302,0.5789,2159520.7500
41.8697,0.0808,-0.3711,0.4839,0.0000,0,0,0.1101,0.3304,0.5789,2159520.7500
41.8801,-0.0978,0.0751,0.4839,0.0000,0,0,0.1099,0.3304,0.5789,2159520.7500
41.8901,-0.4615,0.5060,0.4839,0.0000,0,0,0.1032,0.3305,0.5789,2159520.7500
41.8998,-0.2677,0.3594,0.4839,0.0000,0,0,0.1005,0.3307,0.5789,2159520.7500
41.9098,-0.1622,0.3936,0.4839,0.0000,0,0,0.1000,0.3308,0.5789,2159520.7500
41.9198,-0.2635,0.9116,0.4839,0.0000,0,0,0.0979,0.3310,0.5789,2159520.7500
41.9301,-0.1576,0.5777,0.4839,0.0000,0,0,0.0978,0.3310,0.5789,2159520.7500
41.9401,0.1189,0.0518,0.4839,0.0000,0,0,0.1027,0.3300,0.5789,2159520.7500
41.9497,-0.1106,0.3351,0.4839,0.0000,0,0,0.1036,0.3298,0.5789,2159520.7500
41.9598,-0.2126,0.5322,0.4839,0.0000,0,0,0.1031,0.3299,0.5789,2159520.7500
41.9697,-0.2558,0.0482,0.4839,0.0000,0,0,0.1020,0.3303,0.5789,2159520.7500
41.9806,-0.1198,-0.1223,0.4839,0.0000,0,0,0.1033,0.3298,0.5789,2159520.7500
41.9901,-0.2985,0.3801,0.4839,0.0000,0,0,0.1020,0.3304,0.5789,2159520.7500
41.9998,-0.7171,0.6882,0.4839,0.0000,0,0,0.0947,0.3337,0.5789,2159520.7500
42.0099,-0.2584,0.6420,0.4839,0.0000,0,0,0.0945,0.3338,0.5789,2159520.7500
42.0198,-0.2393,0.5812,0.4839,0.0000,0,0,0.0948,0.3337,0.5789,2159520.7500
42.0301,-0.2347,0.8439,0.4839,0.0000,0,0,0.0952,0.3334,0.5789,2159520.7500
42.0401,-0.0783,0.4360,0.4839,0.0000,0,0,0.0978,0.3316,0.5789,2159520.7500
42.0498,-0.0100,0.1064,0.4839,0.0000,0,0,0.1013,0.3291,0.5789,2159520.7500
42.0598,-0.2516,0.0685,0.4839,0.0000,0,0,0.1017,0.3287,0.5789,2159520.7500
42.0697,-0.4940,0.1113,0.4839,0.0000,0,0,0.0993,0.3308,0.5789,2159520.7500
42.0801,-0.5225,0.0888,0.4839,0.0000,0,0,0.0969,0.3332,0.5789,2159520.7500
42.0901,-0.4295,0.0582,0.4839,0.0000,0,0,0.0957,0.3344,0.5789,2159520.7500
42.0998,-0.3366,0.1728,0.4839,0.0000,0,0,0.0957,0.3344,0.5789,2159520.7500
42.1097,-0.5768,0.5609,0.4839,0.0000,0,0,0.0933,0.3372,0.5789,2159520.7500
42.1198,-0.3103,0.7052,0.4839,0.0000,0,0,0.0938,0.3366,0.5789,2159520.7500
42.1301,-0.2230,0.3918,0.4839,0.0000,0,0,0.0951,0.3347,0.5789,2159520.7500
42.1401,-0.3631,0.2373,0.4839,0.0000,0,0,0.0952,0.3346,0.5789,2159520.7500
42.1497,-0.2546,0.4930,0.4839,0.0000,0,0,0.0962,0.3329,0.5789,2159520.7500
42.1598,-0.4382,0.3621,0.4839,0.0000,0,0,0.0958,0.3336,0.5789,2159520.7500
42.1698,-0.3077,-0.1175,0.4839,0.0000,0,0,0.0964,0.3323,0.5789,2159520.7500
42.1808,-0.4095,-0.1760,0.4839,0.0000,0,0,0.0964,0.3324,0.5789,2159520.7500
42.1902,-0.6864,0.2548,0.4839,0.0000,0,0,0.0948,0.3367,0.5789,2159520.7500
42.1998,-0.5462,-0.0795,0.4839,0.0000,0,0,0.0941,0.3386,0.5789,2159520.7500
42.2098,-0.4018,-0.0148,0.4839,0.0000,0,0,0.0943,0.3381,0.5789,2159520.7500
42.2198,-0.7075,0.8829,0.4839,0.0000,0,0,0.0932,0.3423,0.5789,2159520.7500
42.2301,-0.4624,0.7916,0.4839,0.0000,0,0,0.0931,0.3425,0.5789,2159520.7500
42.2401,0.1320,0.1441,0.4839,0.0000,0,0,0.0948,0.3327,0.5789,2159520.7500
42.2497,-0.2203,0.2524,0.4839,0.0000,0,0,0.0954,0.3288,0.5789,2159520.7500
42.2598,-0.2947,0.3043,0.4839,0.0000,0,0,0.0957,0.3261,0.5789,2159520.7500
42.2698,-0.4565,-0.1479,0.4839,0.0000,0,0,0.0957,0.3261,0.5789,2159520.7500
42.2801,-0.4049,-0.1975,0.4839,0.0000,0,0,0.0957,0.3251,0.5789,2159520.7500
42.2901,-0.4193,0.0709,0.4839,0.0000,0,0,0.0957,0.3243,0.5789,2159520.7500
42.2998,-0.7316,0.3531,0.4839,0.0000,0,0,0.0958,0.3289,0.5789,2159520.7500
42.3098,-0.5112,0.3706,0.4839,0.0000,0,0,0.0959,0.3295,0.5789,2159520.7500
42.3198,-0.3197,0.2709,0.4839,0.0000,0,0,0.0956,0.3265,0.5789,2159520.7500
42.3301,-0.4120,0.2623,0.4839,0.0000,0,0,0.0954,0.3252,0.5789,2159520.7500
42.3401,-0.4227,0.3301,0.4839,0.0000,0,0,0.0952,0.3241,0.5789,2159520.7500
42.3497,-0.2399,0.3820,0.4839,0.0000,0,0,0.0943,0.3196,0.5789,2159520.7500
42.3598,-0.3366,0.2442,0.4839,0.0000,0,0,0.0937,0.3169,0.5789,2159520.7500
42.3698,-0.3437,0.0337,0.4839,0.0000,0,0,0.0930,0.3144,0.5789,2159520.7500
42.3807,-0.3906,0.2639,0.4839,0.0000,0,0,0.0925,0.3127,0.5789,2159520.7500
42.3902,-0.7571,0.0781,0.4839,0.0000,0,0,0.0941,0.3175,0.5789,2159520.7500
42.3998,-0.3412,-0.3050,0.4839,0.0000,0,0,0.0931,0.3148,0.5789,2159520.7500
42.4098,-0.6552,0.0626,0.4839,0.0000,0,0,0.0942,0.3176,0.5789,2159520.7500
42.4198,-0.8453,0.7574,0.4839,0.0000,0,0,0.0968,0.3235,0.5789,2159520.7500
42.4301,-0.4145,0.2515,0.4839,0.0000,0,0,0.0960,0.3220,0.5789,2159520.7500
42.4401,-0.3168,0.2715,0.4839,0.0000,0,0,0.0944,0.3188,0.5789,2159520.7500
42.4498,-0.5265,0.7813,0.4839,0.0000,0,0,0.0947,0.3192,0.5789,2159520.7500
42.4598,-0.5106,0.3320,0.4839,0.0000,0,0,0.0947,0.3193,0.5789,2159520.7500
42.4697,-0.2899,-0.0915,0.4839,0.0000,0,0,0.0926,0.3159,0.5789,2159520.7500
42.4800,-0.6026,0.0906,0.4839,0.0000,0,0,0.0937,0.3175,0.5789,2159520.7500
42.4900,-0.7736,0.1096,0.4839,0.0000,0,0,0.0967,0.3218,0.5789,2159520.7500
42.4998,-0.7999,-0.2905,0.4839,0.0000,0,0,0.1000,0.3262,0.5789,2159520.7500
42.5098,-0.5746,-0.1300,0.4839,0.0000,0,0,0.1008,0.3272,0.5789,2159520.7500
42.5198,-0.7339,0.3538,0.4839,0.0000,0,0,0.1035,0.3304,0.5789,2159520.7500
42.5301,-0.9042,0.3766,0.4839,0.0000,0,0,0.1083,0.3359,0.5789,2159520.7500
42.5401,-0.4512,0.0558,0.4839,0.0000,0,0,0.1075,0.3350,0.5789,2159520.7500
42.5497,-0.7595,0.3137,0.4839,0.0000,0,0,0.1107,0.3382,0.5789,2159520.7500
42.5598,-0.7131,0.3827,0.4839,0.0000,0,0,0.1133,0.3407,0.5789,2159520.7500
42.5698,-0.4237,-0.1306,0.4839,0.0000,0,0,0.1120,0.3395,0.5789,2159520.7500
42.5807,-0.4072,-0.0946,0.4839,0.0000,0,0,0.1105,0.3382,0.5789,2159520.7500
42.5902,-0.5861,0.1269,0.4839,0.0000,0,0,0.1116,0.3391,0.5789,2159520.7500
42.5998,-0.7588,-0.1498,0.4839,0.0000,0,0,0.1153,0.3418,0.5789,2159520.7500
42.6098,-0.5503,-0.1877,0.4839,0.0000,0,0,0.1160,0.3423,0.5789,2159520.7500
42.6198,-0.7080,-0.0583,0.4839,0.0000,0,0,0.1191,0.3442,0.5789,2159520.7500
42.6301,-0.8353,0.1860,0.4839,0.0000,0,0,0.1243,0.3472,0.5789,2159520.7500
42.6401,-0.7253,0.0655,0.4839,0.0000,0,0,0.1278,0.3491,0.5789,2159520.7500
42.6498,-0.4712,0.1062,0.4839,0.0000,0,0,0.1272,0.3488,0.5789,2159520.7500
42.6598,-0.6883,0.2886,0.4839,0.0000,0,0,0.1303,0.3502,0.5789,2159520.7500
42.6698,-0.7094,0.2301,0.4839,0.0000,0,0,0.1338,0.3516,0.5789,2159520.7500
42.6801,-0.2972,0.2023,0.4839,0.0000,0,0,0.1305,0.3504,0.5789,2159520.7500
42.6901,-0.4711,-0.0898,0.4839,0.0000,0,0,0.1303,0.3503,0.5789,2159520.7500
42.6998,-0.3491,-0.3813,0.4839,0.0000,0,0,0.1281,0.3498,0.5789,2159520.7500
42.7098,-0.6620,-0.1611,0.4839,0.0000,0,0,0.1314,0.3505,0.5789,2159520.7500
42.7198,-0.9675,0.1374,0.4839,0.0000,0,0,0.1399,0.3521,0.5789,2159520.7500
42.7300,-0.7872,-0.3198,0.4839,0.0000,0,0,0.1453,0.3529,0.5789,2159520.7500
42.7401,-0.8619,-0.0710,0.4839,0.0000,0,0,0.1519,0.3535,0.5789,2159520.7500
42.7497,-0.8635,0.6420,0.4839,0.0000,0,0,0.1586,0.3539,0.5789,2159520.7500
42.7598,-0.5671,0.2273,0.4839,0.0000,0,0,0.1603,0.3539,0.5789,2159520.7500
42.7698,-0.2954,0.0720,0.4839,0.0000,0,0,0.1574,0.3540,0.5789,2159520.7500
42.7807,-0.4851,0.3505,0.4839,0.0000,0,0,0.1580,0.3540,0.5789,2159520.7500
42.7901,-0.6219,-0.0052,0.4839,0.0000,0,0,0.1610,0.3536,0.5789,2159520.7500
42.7998,-0.6050,-0.5144,0.4839,0.0000,0,0,0.1638,0.3531,0.5789,2159520.7500
42.8098,-0.7649,-0.3330,0.4839,0.0000,0,0,0.1693,0.3519,0.5789,2159520.7500
42.8197,-0.8877,0.1361,0.4839,0.0000,0,0,0.1767,0.3499,0.5789,2159520.7500
42.8301,-0.9276,-0.0526,0.4839,0.0000,0,0,0.1847,0.3472,0.5789,2159520.7500
42.8401,-0.5150,-0.0648,0.4839,0.0000,0,0,0.1860,0.3467,0.5789,2159520.7500
42.8498,-0.8402,0.5279,0.4839,0.0000,0,0,0.1925,0.3439,0.5789,2159520.7500
42.8598,-0.6249,0.5259,0.4839,0.0000,0,0,0.1956,0.3423,0.5789,2159520.7500
42.8697,-0.2458,-0.1215,0.4839,0.0000,0,0,0.1929,0.3438,0.5789,2159520.7500
42.8801,-0.3969,0.1105,0.4839,0.0000,0,0,0.1928,0.3439,0.5789,2159520.7500
42.8901,-0.4357,0.2322,0.4839,0.0000,0,0,0.1934,0.3435,0.5789,2159520.7500
42.8998,-0.4775,-0.4055,0.4839,0.0000,0,0,0.1947,0.3425,0.5789,2159520.7500
42.9098,-0.4273,-0.3138,0.4839,0.0000,0,0,0.1954,0.3419,0.5789,2159520.7500
42.9198,-0.7288,0.0022,0.4839,0.0000,0,0,0.2002,0.3374,0.5789,2159520.7500
42.9301,-0.8620,0.0081,0.4839,0.0000,0,0,0.2067,0.3308,0.5789,2159520.7500
42.9400,-0.4340,0.0512,0.4839,0.0000,0,0,0.2075,0.3298,0.5789,2159520.7500
42.9497,-0.5998,0.3012,0.4839,0.0000,0,0,0.2104,0.3263,0.5789,2159520.7500
42.9598,-0.6502,0.5449,0.4839,0.0000,0,0,0.2139,0.3217,0.5789,2159520.7500
42.9698,-0.3202,0.3444,0.4839,0.0000,0,0,0.2135,0.3222,0.5789,2159520.7500
42.9807,-0.1451,0.1717,0.4839,0.0000,0,0,0.2115,0.3255,0.5789,2159520.7500
42.9902,-0.2828,-0.0114,0.4839,0.0000,0,0,0.2111,0.3261,0.5789,2159520.7500
42.9997,-0.3469,-0.0650,0.4839,0.0000,0,0,0.2115,0.3255,0.5789,2159520.7500
43.0099,-0.4640,0.0442,0.4839,0.0000,0,0,0.2129,0.3223,0.5789,2159520.7500
43.0198,-0.4002,-0.1917,0.4839,0.0000,0,0,0.2138,0.3202,0.5789,2159520.7500
43.0300,-0.4549,-0.0223,0.4839,0.0000,0,0,0.2151,0.3168,0.5789,2159520.7500
43.0401,-0.6259,0.5952,0.4839,0.0000,0,0,0.2175,0.3095,0.5789,2159520.7500
43.0498,-0.3972,0.4955,0.4839,0.0000,0,0,0.2183,0.3069,0.5789,2159520.7500
43.0598,-0.2229,0.1822,0.4839,0.0000,0,0,0.2181,0.3079,0.5789,2159520.7500
43.0697,-0.3279,0.5874,0.4839,0.0000,0,0,0.2184,0.3063,0.5789,2159520.7500
43.0801,-0.2300,0.4484,0.4839,0.0000,0,0,0.2184,0.3066,0.5789,2159520.7500
43.0901,-0.2124,-0.4583,0.4839,0.0000,0,0,0.2183,0.3071,0.5789,2159520.7500
43.0998,-0.2268,-0.4409,0.4839,0.0000,0,0,0.2183,0.3070,0.5789,2159520.7500
43.1097,-0.6115,0.0797,0.4839,0.0000,0,0,0.2192,0.2974,0.5789,2159520.7500
43.1198,-0.6603,0.1299,0.4839,0.0000,0,0,0.2198,0.2866,0.5789,2159520.7500
43.1300,-0.3741,0.2932,0.4839,0.0000,0,0,0.2199,0.2827,0.5789,2159520.7500
43.1401,-0.5538,0.9617,0.4839,0.0000,0,0,0.2199,0.2742,0.5789,2159520.7500
43.1497,-0.3349,0.8569,0.4839,0.0000,0,0,0.2198,0.2710,0.5789,2159520.7500
43.1598,0.0380,0.0413,0.4839,0.0000,0,0,0.2202,0.2771,0.5789,2159520.7500
43.1698,-0.1029,0.0859,0.4839,0.0000,0,0,0.2204,0.2792,0.5789,2159520.7500
43.1807,-0.2187,0.2235,0.4839,0.0000,0,0,0.2202,0.2780,0.5789,2159520.7500
43.1901,-0.3268,-0.2625,0.4839,0.0000,0,0,0.2196,0.2738,0.5789,2159520.7500
43.1998,-0.1637,-0.2014,0.4839,0.0000,0,0,0.2196,0.2736,0.5789,2159520.7500
43.2097,-0.1838,-0.0056,0.4839,0.0000,0,0,0.2194,0.2727,0.5789,2159520.7500
43.2198,-0.3895,0.2419,0.4839,0.0000,0,0,0.2180,0.2663,0.5789,2159520.7500
43.2301,-0.1690,0.4297,0.4839,0.0000,0,0,0.2178,0.2655,0.5789,2159520.7500
43.2401,-0.0690,0.4361,0.4839,0.0000,0,0,0.2182,0.2670,0.5789,2159520.7500
43.2498,-0.1582,0.3299,0.4839,0.0000,0,0,0.2179,0.2660,0.5789,2159520.7500
43.2598,-0.0855,0.2335,0.4839,0.0000,0,0,0.2181,0.2666,0.5789,2159520.7500
43.2697,0.0582,0.0529,0.4839,0.0000,0,0,0.2196,0.2706,0.5789,2159520.7500
43.2801,0.0253,-0.3006,0.4839,0.0000,0,0,0.2206,0.2734,0.5789,2159520.7500
43.2901,0.0569,-0.1923,0.4839,0.0000,0,0,0.2220,0.2766,0.5789,2159520.7500
43.2998,-0.2278,0.2641,0.4839,0.0000,0,0,0.2201,0.2724,0.5789,2159520.7500
43.3098,-0.2909,0.0766,0.4839,0.0000,0,0,0.2174,0.2666,0.5789,2159520.7500
43.3197,0.0030,-0.0517,0.4839,0.0000,0,0,0.2181,0.2680,0.5789,2159520.7500
43.3301,-0.2998,0.4670,0.4839,0.0000,0,0,0.2148,0.2619,0.5789,2159520.7500
43.3400,-0.0847,0.8133,0.4839,0.0000,0,0,0.2143,0.2610,0.5789,2159520.7500
43.3498,0.1874,0.2787,0.4839,0.0000,0,0,0.2174,0.2663,0.5789,2159520.7500
43.3598,0.1569,0.1568,0.4839,0.0000,0,0,0.2200,0.2704,0.5789,2159520.7500
43.3698,0.1434,0.2522,0.4839,0.0000,0,0,0.2223,0.2739,0.5789,2159520.7500
43.3807,-0.1600,-0.1071,0.4839,0.0000,0,0,0.2198,0.2703,0.5789,2159520.7500
43.3902,-0.1503,-0.2834,0.4839,0.0000,0,0,0.2173,0.2669,0.5789,2159520.7500
43.3998,-0.3899,0.1503,0.4839,0.0000,0,0,0.2109,0.2584,0.5789,2159520.7500
43.4098,-0.2449,0.5147,0.4839,0.0000,0,0,0.2068,0.2534,0.5789,2159520.7500
43.4198,0.0128,0.2834,0.4839,0.0000,0,0,0.2072,0.2538,0.5789,2159520.7500
43.4297,-0.0110,0.4758,0.4839,0.0000,0,0,0.2070,0.2535,0.5789,2159520.7500
43.4403,0.1586,0.9511,0.4839,0.0000,0,0,0.2097,0.2566,0.5789,2159520.7500
43.4497,0.1518,0.4741,0.4839,0.0000,0,0,0.2122,0.2593,0.5789,2159520.7500
43.4598,0.1144,-0.1917,0.4839,0.0000,0,0,0.2138,0.2610,0.5789,2159520.7500
43.4697,-0.1084,-0.2713,0.4839,0.0000,0,0,0.2111,0.2583,0.5789,2159520.7500
43.4801,-0.2914,0.0137,0.4839,0.0000,0,0,0.2048,0.2520,0.5789,2159520.7500
43.4901,-0.1571,-0.0064,0.4839,0.0000,0,0,0.2012,0.2486,0.5789,2159520.7500
43.4998,0.0777,0.2084,0.4839,0.0000,0,0,0.2023,0.2496,0.5789,2159520.7500
43.5098,-0.1774,0.8309,0.4839,0.0000,0,0,0.1982,0.2460,0.5789,2159520.7500
43.5198,-0.0793,0.7512,0.4839,0.0000,0,0,0.1962,0.2442,0.5789,2159520.7500
43.5301,0.3741,0.2381,0.4839,0.0000,0,0,0.2035,0.2502,0.5789,2159520.7500
43.5401,0.0702,0.2910,0.4839,0.0000,0,0,0.2041,0.2508,0.5789,2159520.7500
43.5498,0.0176,0.3717,0.4839,0.0000,0,0,0.2036,0.2504,0.5789,2159520.7500
43.5598,0.0262,-0.1872,0.4839,0.0000,0,0,0.2033,0.2501,0.5789,2159520.7500
43.5698,-0.0235,-0.0694,0.4839,0.0000,0,0,0.2018,0.2490,0.5789,2159520.7500
43.5807,-0.0735,0.2598,0.4839,0.0000,0,0,0.1991,0.2472,0.5789,2159520.7500
43.5902,-0.3235,0.1814,0.4839,0.0000,0,0,0.1909,0.2416,0.5789,2159520.7500
43.5998,0.0941,0.2001,0.4839,0.0000,0,0,0.1925,0.2427,0.5789,2159520.7500
43.6098,-0.0831,0.3665,0.4839,0.0000,0,0,0.1899,0.2410,0.5789,2159520.7500
43.6198,-0.1329,0.5115,0.4839,0.0000,0,0,0.1862,0.2388,0.5789,2159520.7500
43.6301,0.1453,0.2514,0.4839,0.0000,0,0,0.1892,0.2406,0.5789,2159520.7500
43.6401,0.2803,0.1128,0.4839,0.0000,0,0,0.1953,0.2441,0.5789,2159520.7500
43.6498,0.1052,0.2437,0.4839,0.0000,0,0,0.1971,0.2451,0.5789,2159520.7500
43.6598,-0.0555,-0.0229,0.4839,0.0000,0,0,0.1950,0.2440,0.5789,2159520.7500
43.6697,0.0036,-0.0615,0.4839,0.0000,0,0,0.1944,0.2436,0.5789,2159520.7500
43.6801,-0.0078,-0.0197,0.4839,0.0000,0,0,0.1936,0.2432,0.5789,2159520.7500
43.6901,0.0531,0.0939,0.4839,0.0000,0,0,0.1943,0.2436,0.5789,2159520.7500
43.6998,0.0867,0.4476,0.4839,0.0000,0,0,0.1958,0.2443,0.5789,2159520.7500
43.7098,0.1945,0.6298,0.4839,0.0000,0,0,0.1998,0.2463,0.5789,2159520.7500
43.7198,0.0555,0.6821,0.4839,0.0000,0,0,0.2005,0.2466,0.5789,2159520.7500
43.7300,-0.0958,0.5206,0.4839,0.0000,0,0,0.1977,0.2453,0.5789,2159520.7500
43.7401,0.3186,0.1342,0.4839,0.0000,0,0,0.2046,0.2484,0.5789,2159520.7500
43.7498,0.0300,-0.0464,0.4839,0.0000,0,0,0.2047,0.2485,0.5789,2159520.7500
43.7598,0.2144,0.0584,0.4839,0.0000,0,0,0.2090,0.2503,0.5789,2159520.7500
43.7698,0.1802,0.2020,0.4839,0.0000,0,0,0.2125,0.2517,0.5789,2159520.7500
43.7807,0.1093,0.3602,0.4839,0.0000,0,0,0.2144,0.2524,0.5789,2159520.7500
43.7901,0.0238,0.2043,0.4839,0.0000,0,0,0.2144,0.2524,0.5789,2159520.7500
43.7998,-0.3542,0.4300,0.4839,0.0000,0,0,0.2063,0.2495,0.5789,2159520.7500
43.8097,-0.1465,0.8673,0.4839,0.0000,0,0,0.2031,0.2484,0.5789,2159520.7500
43.8197,0.0956,0.5014,0.4839,0.0000,0,0,0.2053,0.2491,0.5789,2159520.7500
43.8301,0.3034,0.5453,0.4839,0.0000,0,0,0.2120,0.2511,0.5789,2159520.7500
43.8401,0.3167,0.8422,0.4839,0.0000,0,0,0.2188,0.2531,0.5789,2159520.7500
43.8498,0.2904,0.3059,0.4839,0.0000,0,0,0.2249,0.2547,0.5789,2159520.7500
43.8598,0.3796,-0.1474,0.4839,0.0000,0,0,0.2328,0.2566,0.5789,2159520.7500
43.8697,0.0166,0.1765,0.4839,0.0000,0,0,0.2330,0.2566,0.5789,2159520.7500
43.8801,-0.1778,0.6060,0.4839,0.0000,0,0,0.2293,0.2559,0.5789,2159520.7500
43.8901,-0.1055,0.2952,0.4839,0.0000,0,0,0.2275,0.2556,0.5789,2159520.7500
43.8997,0.1321,0.3868,0.4839,0.0000,0,0,0.2306,0.2561,0.5789,2159520.7500
43.9098,-0.2434,0.8120,0.4839,0.0000,0,0,0.2262,0.2556,0.5789,2159520.7500
43.9198,-0.1603,0.5437,0.4839,0.0000,0,0,0.2238,0.2553,0.5789,2159520.7500
43.9301,0.3273,0.2033,0.4839,0.0000,0,0,0.2312,0.2558,0.5789,2159520.7500
43.9401,0.1434,0.4129,0.4839,0.0000,0,0,0.2349,0.2559,0.5789,2159520.7500
43.9498,0.2063,0.3517,0.4839,0.0000,0,0,0.2397,0.2559,0.5789,2159520.7500
43.9597,0.1896,-0.0783,0.4839,0.0000,0,0,0.2442,0.2558,0.5789,2159520.7500
43.9697,0.0985,-0.0757,0.4839,0.0000,0,0,0.2470,0.2556,0.5789,2159520.7500
43.9808,-0.0181,-0.1445,0.4839,0.0000,0,0,0.2477,0.2555,0.5789,2159520.7500
43.9902,-0.3845,0.0675,0.4839,0.0000,0,0,0.2421,0.2563,0.5789,2159520.7500
43.9998,-0.2330,0.4884,0.4839,0.0000,0,0,0.2395,0.2567,0.5789,2159520.7500
44.0099,-0.1565,0.3050,0.4839,0.0000,0,0,0.2385,0.2569,0.5789,2159520.7500
44.0198,-0.0526,0.3949,0.4839,0.0000,0,0,0.2394,0.2567,0.5789,2159520.7500
44.0298,0.1067,0.5064,0.4839,0.0000,0,0,0.2431,0.2557,0.5789,2159520.7500
44.0403,0.1126,0.0304,0.4839,0.0000,0,0,0.2469,0.2545,0.5789,2159520.7500
44.0497,0.1107,-0.5678,0.4839,0.0000,0,0,0.2506,0.2531,0.5789,2159520.7500
44.0598,-0.1040,-0.3331,0.4839,0.0000,0,0,0.2510,0.2530,0.5789,2159520.7500
44.0698,-0.4679,0.3382,0.4839,0.0000,0,0,0.2461,0.2552,0.5789,2159520.7500
44.0801,-0.4652,0.1285,0.4839,0.0000,0,0,0.2415,0.2574,0.5789,2159520.7500
44.0900,-0.1800,0.2571,0.4839,0.0000,0,0,0.2415,0.2574,0.5789,2159520.7500
44.0998,-0.5419,0.8894,0.4839,0.0000,0,0,0.2366,0.2604,0.5789,2159520.7500
44.1097,-0.2490,0.6126,0.4839,0.0000,0,0,0.2360,0.2607,0.5789,2159520.7500
44.1198,0.1455,0.0970,0.4839,0.0000,0,0,0.2407,0.2574,0.5789,2159520.7500
44.1301,-0.0918,0.3628,0.4839,0.0000,0,0,0.2423,0.2562,0.5789,2159520.7500
44.1400,-0.2294,0.2084,0.4839,0.0000,0,0,0.2423,0.2562,0.5789,2159520.7500
44.1497,-0.2756,-0.2233,0.4839,0.0000,0,0,0.2418,0.2566,0.5789,2159520.7500
44.1598,-0.4007,-0.0004,0.4839,0.0000,0,0,0.2401,0.2583,0.5789,2159520.7500
44.1697,-0.5240,0.1866,0.4839,0.0000,0,0,0.2373,0.2613,0.5789,2159520.7500
44.1807,-0.5618,0.2200,0.4839,0.0000,0,0,0.2345,0.2646,0.5789,2159520.7500
44.1902,-0.1574,0.2596,0.4839,0.0000,0,0,0.2359,0.2629,0.5789,2159520.7500
44.1998,-0.2351,0.2659,0.4839,0.0000,0,0,0.2365,0.2620,0.5789,2159520.7500
44.2097,-0.4832,0.3982,0.4839,0.0000,0,0,0.2350,0.2642,0.5789,2159520.7500
44.2198,-0.3506,0.4240,0.4839,0.0000,0,0,0.2348,0.2645,0.5789,2159520.7500
44.2301,-0.3953,0.2168,0.4839,0.0000,0,0,0.2344,0.2652,0.5789,2159520.7500
44.2401,-0.3807,-0.1099,0.4839,0.0000,0,0,0.2342,0.2656,0.5789,2159520.7500
44.2498,-0.3477,-0.0796,0.4839,0.0000,0,0,0.2343,0.2654,0.5789,2159520.7500
44.2598,-0.4832,0.1344,0.4839,0.0000,0,0,0.2337,0.2671,0.5789,2159520.7500
44.2697,-0.4256,-0.1772,0.4839,0.0000,0,0,0.2335,0.2677,0.5789,2159520.7500
44.2800,-0.3989,-0.1526,0.4839,0.0000,0,0,0.2334,0.2677,0.5789,2159520.7500
44.2901,-0.7390,0.5119,0.4839,0.0000,0,0,0.2321,0.2729,0.5789,2159520.7500
44.2998,-0.6239,0.5286,0.4839,0.0000,0,0,0.2314,0.2761,0.5789,2159520.7500
44.3097,-0.1669,0.1732,0.4839,0.0000,0,0,0.2322,0.2717,0.5789,2159520.7500
44.3197,-0.4535,0.3362,0.4839,0.0000,0,0,0.2321,0.2720,0.5789,2159520.7500
44.3301,-0.4756,0.3955,0.4839,0.0000,0,0,0.2321,0.2724,0.5789,2159520.7500
44.3401,-0.4716,-0.2032,0.4839,0.0000,0,0,0.2321,0.2725,0.5789,2159520.7500
44.3498,-0.4990,-0.1386,0.4839,0.0000,0,0,0.2321,0.2730,0.5789,2159520.7500
44.3598,-0.5859,0.0644,0.4839,0.0000,0,0,0.2321,0.2748,0.5789,2159520.7500
44.3698,-0.7923,-0.0068,0.4839,0.0000,0,0,0.2323,0.2800,0.5789,2159520.7500
44.3807,-0.5374,0.1666,0.4839,0.0000,0,0,0.2324,0.2805,0.5789,2159520.7500
44.3902,-0.6163,0.3418,0.4839,0.0000,0,0,0.2326,0.2823,0.5789,2159520.7500
44.3998,-0.8470,0.5276,0.4839,0.0000,0,0,0.2334,0.2878,0.5789,2159520.7500
44.4097,-0.5713,0.4347,0.4839,0.0000,0,0,0.2335,0.2884,0.5789,2159520.7500
44.4198,-0.4637,0.2914,0.4839,0.0000,0,0,0.2332,0.2870,0.5789,2159520.7500
44.4301,-0.5078,0.2546,0.4839,0.0000,0,0,0.2330,0.2862,0.5789,2159520.7500
44.4400,-0.4937,0.0755,0.4839,0.0000,0,0,0.2326,0.2850,0.5789,2159520.7500
44.4498,-0.4300,-0.0763,0.4839,0.0000,0,0,0.2319,0.2827,0.5789,2159520.7500
44.4598,-0.5794,-0.2004,0.4839,0.0000,0,0,0.2320,0.2829,0.5789,2159520.7500
44.4697,-0.6255,-0.1908,0.4839,0.0000,0,0,0.2323,0.2838,0.5789,2159520.7500
44.4800,-0.8314,0.1240,0.4839,0.0000,0,0,0.2341,0.2880,0.5789,2159520.7500
44.4901,-0.6852,0.2875,0.4839,0.0000,0,0,0.2348,0.2895,0.5789,2159520.7500
44.4998,-0.7399,0.1892,0.4839,0.0000,0,0,0.2360,0.2918,0.5789,2159520.7500
44.5097,-0.6980,0.4022,0.4839,0.0000,0,0,0.2367,0.2933,0.5789,2159520.7500
44.5198,-0.3108,0.3444,0.4839,0.0000,0,0,0.2339,0.2884,0.5789,2159520.7500
44.5301,-0.4250,-0.0274,0.4839,0.0000,0,0,0.2321,0.2854,0.5789,2159520.7500
44.5401,-0.5395,0.0217,0.4839,0.0000,0,0,0.2314,0.2843,0.5789,2159520.7500
44.5498,-0.5513,-0.0233,0.4839,0.0000,0,0,0.2307,0.2833,0.5789,2159520.7500
44.5598,-0.6946,-0.2107,0.4839,0.0000,0,0,0.2315,0.2844,0.5789,2159520.7500
44.5698,-0.6379,-0.1201,0.4839,0.0000,0,0,0.2317,0.2847,0.5789,2159520.7500
44.5807,-0.8230,0.0408,0.4839,0.0000,0,0,0.2341,0.2875,0.5789,2159520.7500
44.5902,-0.6203,0.2889,0.4839,0.0000,0,0,0.2340,0.2874,0.5789,2159520.7500
44.5998,-0.5884,0.1090,0.4839,0.0000,0,0,0.2334,0.2867,0.5789,2159520.7500
44.6098,-0.6059,0.2412,0.4839,0.0000,0,0,0.2330,0.2864,0.5789,2159520.7500
44.6198,-0.4726,0.3541,0.4839,0.0000,0,0,0.2308,0.2843,0.5789,2159520.7500
44.6300,-0.4803,-0.1053,0.4839,0.0000,0,0,0.2287,0.2824,0.5789,2159520.7500
44.6401,-0.4974,-0.3863,0.4839,0.0000,0,0,0.2268,0.2808,0.5789,2159520.7500
44.6498,-0.6389,-0.4892,0.4839,0.0000,0,0,0.2269,0.2809,0.5789,2159520.7500
44.6598,-0.8146,-0.3859,0.4839,0.0000,0,0,0.2297,0.2830,0.5789,2159520.7500
44.6698,-0.6184,-0.3817,0.4839,0.0000,0,0,0.2295,0.2828,0.5789,2159520.7500
44.6800,-0.7741,-0.1013,0.4839,0.0000,0,0,0.2317,0.2842,0.5789,2159520.7500
44.6901,-0.7757,0.5264,0.4839,0.0000,0,0,0.2339,0.2855,0.5789,2159520.7500
44.6998,-0.5710,0.2101,0.4839,0.0000,0,0,0.2329,0.2850,0.5789,2159520.7500
44.7098,-0.4370,-0.1843,0.4839,0.0000,0,0,0.2297,0.2834,0.5789,2159520.7500
44.7198,-0.4822,0.1368,0.4839,0.0000,0,0,0.2274,0.2823,0.5789,2159520.7500
44.7300,-0.4676,-0.0926,0.4839,0.0000,0,0,0.2249,0.2813,0.5789,2159520.7500
44.7401,-0.3437,-0.6703,0.4839,0.0000,0,0,0.2203,0.2796,0.5789,2159520.7500
44.7498,-0.5318,-0.5202,0.4839,0.0000,0,0,0.2191,0.2791,0.5789,2159520.7500
44.7598,-0.9010,-0.0360,0.4839,0.0000,0,0,0.2242,0.2806,0.5789,2159520.7500
44.7698,-1.0085,0.0619,0.4839,0.0000,0,0,0.2311,0.2824,0.5789,2159520.7500
44.7807,-0.4131,0.1585,0.4839,0.0000,0,0,0.2277,0.2817,0.5789,2159520.7500
44.7902,-0.5472,0.2971,0.4839,0.0000,0,0,0.2268,0.2815,0.5789,2159520.7500
44.7998,-0.5086,0.1614,0.4839,0.0000,0,0,0.2253,0.2813,0.5789,2159520.7500
44.8097,-0.2708,0.0353,0.4839,0.0000,0,0,0.2198,0.2809,0.5789,2159520.7500
44.8198,-0.4786,-0.0782,0.4839,0.0000,0,0,0.2182,0.2808,0.5789,2159520.7500
44.8301,-0.5121,-0.4822,0.4839,0.0000,0,0,0.2172,0.2808,0.5789,2159520.7500
44.8401,-0.5532,-0.4217,0.4839,0.0000,0,0,0.2171,0.2808,0.5789,2159520.7500
44.8498,-0.7391,0.0572,0.4839,0.0000,0,0,0.2202,0.2805,0.5789,2159520.7500
44.8598,-0.5798,-0.1433,0.4839,0.0000,0,0,0.2207,0.2805,0.5789,2159520.7500
44.8698,-0.5695,-0.0650,0.4839,0.0000,0,0,0.2210,0.2804,0.5789,2159520.7500
44.8801,-0.7559,0.5082,0.4839,0.0000,0,0,0.2246,0.2796,0.5789,2159520.7500
44.8901,-0.4952,0.2526,0.4839,0.0000,0,0,0.2239,0.2798,0.5789,2159520.7500
44.8998,-0.2444,-0.0611,0.4839,0.0000,0,0,0.2192,0.2813,0.5789,2159520.7500
44.9097,-0.5311,0.3184,0.4839,0.0000,0,0,0.2195,0.2812,0.5789,2159520.7500
44.9198,-0.3573,0.2838,0.4839,0.0000,0,0,0.2171,0.2823,0.5789,2159520.7500
44.9301,-0.2191,-0.3617,0.4839,0.0000,0,0,0.2127,0.2845,0.5789,2159520.7500
44.9401,-0.2648,-0.1534,0.4839,0.0000,0,0,0.2094,0.2863,0.5789,2159520.7500
44.9498,-0.4582,0.0350,0.4839,0.0000,0,0,0.2093,0.2864,0.5789,2159520.7500
44.9597,-0.6845,-0.3172,0.4839,0.0000,0,0,0.2126,0.2842,0.5789,2159520.7500
44.9697,-0.3911,-0.3355,0.4839,0.0000,0,0,0.2116,0.2849,0.5789,2159520.7500
44.9807,-0.5641,0.2094,0.4839,0.0000,0,0,0.2133,0.2835,0.5789,2159520.7500
44.9901,-0.6793,0.3917,0.4839,0.0000,0,0,0.2165,0.2805,0.5789,2159520.7500
44.9998,-0.2834,0.0850,0.4839,0.0000,0,0,0.2145,0.2825,0.5789,2159520.7500
45.0098,-0.4967,0.1192,0.4839,0.0000,0,0,0.2155,0.2814,0.5789,2159520.7500
45.0198,-0.5876,0.4152,0.4839,0.0000,0,0,0.2176,0.2789,0.5789,2159520.7500
45.0301,-0.3236,0.0117,0.4839,0.0000,0,0,0.2166,0.2802,0.5789,2159520.7500
45.0401,-0.1404,-0.2422,0.4839,0.0000,0,0,0.2137,0.2844,0.5789,2159520.7500
45.0498,-0.2866,-0.1013,0.4839,0.0000,0,0,0.2128,0.2859,0.5789,2159520.7500
45.0598,-0.4691,-0.1501,0.4839,0.0000,0,0,0.2138,0.2842,0.5789,2159520.7500
45.0697,-0.4005,-0.2997,0.4839,0.0000,0,0,0.2141,0.2834,0.5789,2159520.7500
45.0801,-0.3803,-0.0240,0.4839,0.0000,0,0,0.2144,0.2829,0.5789,2159520.7500
45.0901,-0.4791,0.4538,0.4839,0.0000,0,0,0.2155,0.2802,0.5789,2159520.7500
45.0998,-0.2391,0.4156,0.4839,0.0000,0,0,0.2148,0.2821,0.5789,2159520.7500
45.1097,0.1694,0.2276,0.4839,0.0000,0,0,0.2114,0.2921,0.5789,2159520.7500
45.1198,-0.0911,0.1951,0.4839,0.0000,0,0,0.2101,0.2964,0.5789,2159520.7500
45.1300,-0.1494,-0.1468,0.4839,0.0000,0,0,0.2094,0.2992,0.5789,2159520.7500
45.1401,-0.1313,-0.5313,0.4839,0.0000,0,0,0.2088,0.3021,0.5789,2159520.7500
45.1498,-0.2212,-0.3477,0.4839,0.0000,0,0,0.2087,0.3027,0.5789,2159520.7500
45.1598,-0.1599,-0.0755,0.4839,0.0000,0,0,0.2084,0.3045,0.5789,2159520.7500
45.1697,-0.3980,0.3627,0.4839,0.0000,0,0,0.2089,0.3004,0.5789,2159520.7500
45.1807,-0.1839,0.6712,0.4839,0.0000,0,0,0.2088,0.3012,0.5789,2159520.7500
45.1902,-0.0438,0.1809,0.4839,0.0000,0,0,0.2086,0.3051,0.5789,2159520.7500
45.1998,-0.1082,0.0540,0.4839,0.0000,0,0,0.2086,0.3070,0.5789,2159520.7500
45.2097,0.0777,0.3222,0.4839,0.0000,0,0,0.2086,0.3132,0.5789,2159520.7500
45.2198,0.0079,-0.1981,0.4839,0.0000,0,0,0.2087,0.3173,0.5789,2159520.7500
45.2300,0.1645,-0.4650,0.4839,0.0000,0,0,0.2092,0.3248,0.5789,2159520.7500
45.2401,-0.2432,-0.0705,0.4839,0.0000,0,0,0.2089,0.3217,0.5789,2159520.7500
45.2498,-0.4264,0.2457,0.4839,0.0000,0,0,0.2080,0.3138,0.5789,2159520.7500
45.2598,-0.1203,-0.1257,0.4839,0.0000,0,0,0.2079,0.3135,0.5789,2159520.7500
45.2697,-0.0315,0.0636,0.4839,0.0000,0,0,0.2083,0.3153,0.5789,2159520.7500
45.2801,-0.2646,0.6503,0.4839,0.0000,0,0,0.2073,0.3108,0.5789,2159520.7500
45.2901,-0.1078,0.3953,0.4839,0.0000,0,0,0.2072,0.3102,0.5789,2159520.7500
45.2998,0.1487,0.2170,0.4839,0.0000,0,0,0.2086,0.3158,0.5789,2159520.7500
45.3098,-0.1464,0.4562,0.4839,0.0000,0,0,0.2080,0.3136,0.5789,2159520.7500
45.3197,-0.0059,0.1284,0.4839,0.0000,0,0,0.2083,0.3147,0.5789,2159520.7500
45.3300,0.2496,-0.4281,0.4839,0.0000,0,0,0.2108,0.3219,0.5789,2159520.7500
45.3400,0.1165,-0.2433,0.4839,0.0000,0,0,0.2121,0.3253,0.5789,2159520.7500
45.3497,-0.0561,-0.0103,0.4839,0.0000,0,0,0.2116,0.3240,0.5789,2159520.7500
45.3598,-0.2375,-0.0087,0.4839,0.0000,0,0,0.2090,0.3181,0.5789,2159520.7500
45.3697,0.0677,0.2100,0.4839,0.0000,0,0,0.2098,0.3196,0.5789,2159520.7500
45.3807,-0.1844,0.4364,0.4839,0.0000,0,0,0.2074,0.3148,0.5789,2159520.7500
45.3902,-0.1570,0.5735,0.4839,0.0000,0,0,0.2052,0.3106,0.5789,2159520.7500
45.3998,0.2131,0.2518,0.4839,0.0000,0,0,0.2078,0.3152,0.5789,2159520.7500
45.4098,0.1435,0.0265,0.4839,0.0000,0,0,0.2092,0.3178,0.5789,2159520.7500
45.4198,0.1693,-0.0010,0.4839,0.0000,0,0,0.2110,0.3207,0.5789,2159520.7500
45.4301,0.1199,-0.2544,0.4839,0.0000,0,0,0.2119,0.3221,0.5789,2159520.7500
45.4401,-0.0268,-0.0750,0.4839,0.0000,0,0,0.2105,0.3200,0.5789,2159520.7500
45.4498,-0.0497,-0.1617,0.4839,0.0000,0,0,0.2086,0.3174,0.5789,2159520.7500
45.4598,-0.1428,-0.0527,0.4839,0.0000,0,0,0.2051,0.3127,0.5789,2159520.7500
45.4697,-0.1599,0.5857,0.4839,0.0000,0,0,0.2013,0.3079,0.5789,2159520.7500
45.4801,0.0969,0.3744,0.4839,0.0000,0,0,0.2018,0.3085,0.5789,2159520.7500
45.4901,0.3294,0.0051,0.4839,0.0000,0,0,0.2062,0.3136,0.5789,2159520.7500
45.4998,0.0919,0.3729,0.4839,0.0000,0,0,0.2063,0.3137,0.5789,2159520.7500
45.5098,0.1409,0.2656,0.4839,0.0000,0,0,0.2071,0.3146,0.5789,2159520.7500
45.5197,0.1452,-0.4782,0.4839,0.0000,0,0,0.2079,0.3154,0.5789,2159520.7500
45.5301,0.1768,-0.3230,0.4839,0.0000,0,0,0.2092,0.3168,0.5789,2159520.7500
45.5401,-0.0522,-0.0259,0.4839,0.0000,0,0,0.2060,0.3136,0.5789,2159520.7500
45.5497,-0.1751,-0.0616,0.4839,0.0000,0,0,0.2004,0.3081,0.5789,2159520.7500
45.5598,0.0850,0.0933,0.4839,0.0000,0,0,0.2000,0.3078,0.5789,2159520.7500
45.5698,-0.0230,0.3085,0.4839,0.0000,0,0,0.1974,0.3054,0.5789,2159520.7500
45.5807,-0.1828,0.3735,0.4839,0.0000,0,0,0.1916,0.3003,0.5789,2159520.7500
45.5902,0.1525,0.3402,0.4839,0.0000,0,0,0.1928,0.3013,0.5789,2159520.7500
45.5998,0.2592,0.3126,0.4839,0.0000,0,0,0.1961,0.3041,0.5789,2159520.7500
45.6097,0.1266,0.2439,0.4839,0.0000,0,0,0.1965,0.3044,0.5789,2159520.7500
45.6197,0.0883,0.0535,0.4839,0.0000,0,0,0.1961,0.3040,0.5789,2159520.7500
45.6301,0.1945,-0.0049,0.4839,0.0000,0,0,0.1979,0.3054,0.5789,2159520.7500
45.6401,0.1158,-0.1774,0.4839,0.0000,0,0,0.1980,0.3054,0.5789,2159520.7500
45.6497,0.0680,-0.1309,0.4839,0.0000,0,0,0.1969,0.3047,0.5789,2159520.7500
45.6598,-0.1740,0.2294,0.4839,0.0000,0,0,0.1903,0.3004,0.5789,2159520.7500
45.6697,-0.0510,0.2702,0.4839,0.0000,0,0,0.1868,0.2981,0.5789,2159520.7500
45.6801,0.0104,0.1684,0.4839,0.0000,0,0,0.1849,0.2969,0.5789,2159520.7500
45.6901,-0.0875,0.5146,0.4839,0.0000,0,0,0.1807,0.2944,0.5789,2159520.7500
45.6998,0.3240,0.4891,0.4839,0.0000,0,0,0.1865,0.2978,0.5789,2159520.7500
45.7097,0.3365,0.0639,0.4839,0.0000,0,0,0.1924,0.3012,0.5789,2159520.7500
45.7198,0.2536,0.1195,0.4839,0.0000,0,0,0.1961,0.3033,0.5789,2159520.7500
45.7301,0.1370,0.1498,0.4839,0.0000,0,0,0.1970,0.3037,0.5789,2159520.7500
45.7401,-0.1208,-0.1756,0.4839,0.0000,0,0,0.1917,0.3010,0.5789,2159520.7500
45.7497,0.0572,-0.3217,0.4839,0.0000,0,0,0.1910,0.3006,0.5789,2159520.7500
45.7598,-0.1867,0.1966,0.4839,0.0000,0,0,0.1846,0.2974,0.5789,2159520.7500
45.7697,-0.0635,0.7111,0.4839,0.0000,0,0,0.1815,0.2958,0.5789,2159520.7500
45.7807,0.3199,0.3336,0.4839,0.0000,0,0,0.1876,0.2988,0.5789,2159520.7500
45.7902,0.2579,0.2633,0.4839,0.0000,0,0,0.1921,0.3008,0.5789,2159520.7500
45.7998,0.1178,0.5169,0.4839,0.0000,0,0,0.1933,0.3014,0.5789,2159520.7500
45.8097,0.0291,-0.0296,0.4839,0.0000,0,0,0.1924,0.3010,0.5789,2159520.7500
45.8197,0.2311,-0.4005,0.4839,0.0000,0,0,0.1964,0.3027,0.5789,2159520.7500
45.8300,0.0276,0.0829,0.4839,0.0000,0,0,0.1956,0.3024,0.5789,2159520.7500
45.8400,-0.1074,0.4288,0.4839,0.0000,0,0,0.1920,0.3009,0.5789,2159520.7500
45.8497,0.1318,0.1810,0.4839,0.0000,0,0,0.1940,0.3017,0.5789,2159520.7500
45.8598,0.1425,0.3944,0.4839,0.0000,0,0,0.1963,0.3025,0.5789,2159520.7500
45.8698,-0.1012,0.8233,0.4839,0.0000,0,0,0.1933,0.3015,0.5789,2159520.7500
45.8801,0.1454,0.4815,0.4839,0.0000,0,0,0.1960,0.3024,0.5789,2159520.7500
45.8901,0.4239,-0.0594,0.4839,0.0000,0,0,0.2046,0.3051,0.5789,2159520.7500
45.8998,0.1611,-0.2295,0.4839,0.0000,0,0,0.2074,0.3059,0.5789,2159520.7500
45.9098,-0.0698,-0.1482,0.4839,0.0000,0,0,0.2054,0.3054,0.5789,2159520.7500
45.9198,-0.3063,0.0498,0.4839,0.0000,0,0,0.1987,0.3037,0.5789,2159520.7500
45.9300,-0.0706,0.2948,0.4839,0.0000,0,0,0.1973,0.3033,0.5789,2159520.7500
45.9401,0.0229,0.3795,0.4839,0.0000,0,0,0.1982,0.3035,0.5789,2159520.7500
45.9498,-0.0013,0.6667,0.4839,0.0000,0,0,0.1986,0.3036,0.5789,2159520.7500
45.9598,0.3468,0.7407,0.4839,0.0000,0,0,0.2062,0.3048,0.5789,2159520.7500
45.9697,0.3177,0.1946,0.4839,0.0000,0,0,0.2132,0.3058,0.5789,2159520.7500
45.9807,0.2635,-0.0436,0.4839,0.0000,0,0,0.2190,0.3064,0.5789,2159520.7500
45.9902,0.0020,0.1053,0.4839,0.0000,0,0,0.2195,0.3065,0.5789,2159520.7500
45.9998,-0.2669,-0.0160,0.4839,0.0000,0,0,0.2150,0.3062,0.5789,2159520.7500
46.0098,0.0181,-0.1953,0.4839,0.0000,0,0,0.2164,0.3063,0.5789,2159520.7500
46.0198,-0.2270,0.2834,0.4839,0.0000,0,0,0.2132,0.3063,0.5789,2159520.7500
46.0301,-0.3054,1.0039,0.4839,0.0000,0,0,0.2089,0.3065,0.5789,2159520.7500
46.0401,-0.0297,0.6475,0.4839,0.0000,0,0,0.2101,0.3064,0.5789,2159520.7500
46.0498,0.3006,0.3283,0.4839,0.0000,0,0,0.2173,0.3056,0.5789,2159520.7500
46.0598,-0.0039,0.2984,0.4839,0.0000,0,0,0.2190,0.3054,0.5789,2159520.7500
46.0697,-0.0486,-0.0683,0.4839,0.0000,0,0,0.2200,0.3052,0.5789,2159520.7500
46.0801,0.0183,-0.4293,0.4839,0.0000,0,0,0.2224,0.3047,0.5789,2159520.7500
46.0900,-0.2027,-0.0432,0.4839,0.0000,0,0,0.2210,0.3050,0.5789,2159520.7500
46.0998,-0.3956,0.3381,0.4839,0.0000,0,0,0.2168,0.3063,0.5789,2159520.7500
46.1097,-0.4491,0.1964,0.4839,0.0000,0,0,0.2120,0.3078,0.5789,2159520.7500
46.1198,-0.0425,0.1879,0.4839,0.0000,0,0,0.2141,0.3070,0.5789,2159520.7500
46.1301,-0.1981,0.3196,0.4839,0.0000,0,0,0.2139,0.3071,0.5789,2159520.7500
46.1400,-0.1120,0.3748,0.4839,0.0000,0,0,0.2151,0.3066,0.5789,2159520.7500
46.1497,0.2322,0.3169,0.4839,0.0000,0,0,0.2214,0.3034,0.5789,2159520.7500
46.1598,-0.1715,0.2060,0.4839,0.0000,0,0,0.2219,0.3031,0.5789,2159520.7500
46.1697,-0.2546,-0.0084,0.4839,0.0000,0,0,0.2213,0.3035,0.5789,2159520.7500
46.1807,-0.3102,-0.3049,0.4839,0.0000,0,0,0.2202,0.3042,0.5789,2159520.7500
46.1902,-0.3337,-0.2994,0.4839,0.0000,0,0,0.2190,0.3051,0.5789,2159520.7500
46.1998,-0.1693,-0.3510,0.4839,0.0000,0,0,0.2200,0.3043,0.5789,2159520.7500
46.2097,-0.3697,0.1027,0.4839,0.0000,0,0,0.2187,0.3054,0.5789,2159520.7500
46.2198,-0.3644,0.7657,0.4839,0.0000,0,0,0.2177,0.3063,0.5789,2159520.7500
46.2301,-0.1916,0.3866,0.4839,0.0000,0,0,0.2188,0.3052,0.5789,2159520.7500
46.2401,-0.2112,0.2391,0.4839,0.0000,0,0,0.2197,0.3042,0.5789,2159520.7500
46.2497,-0.2719,0.5039,0.4839,0.0000,0,0,0.2201,0.3038,0.5789,2159520.7500
46.2598,-0.1107,0.1226,0.4839,0.0000,0,0,0.2220,0.3012,0.5789,2159520.7500
46.2698,-0.0092,-0.2709,0.4839,0.0000,0,0,0.2249,0.2972,0.5789,2159520.7500
46.2801,-0.1039,-0.0849,0.4839,0.0000,0,0,0.2268,0.2943,0.5789,2159520.7500
46.2901,-0.3883,-0.0337,0.4839,0.0000,0,0,0.2264,0.2950,0.5789,2159520.7500
46.2997,-0.4664,-0.3122,0.4839,0.0000,0,0,0.2255,0.2967,0.5789,2159520.7500
46.3098,-0.1778,-0.0425,0.4839,0.0000,0,0,0.2267,0.2941,0.5789,2159520.7500
46.3198,-0.4864,0.4595,0.4839,0.0000,0,0,0.2259,0.2959,0.5789,2159520.7500
46.3301,-0.4298,0.4419,0.4839,0.0000,0,0,0.2257,0.2966,0.5789,2159520.7500
46.3401,-0.0087,0.3482,0.4839,0.0000,0,0,0.2276,0.2908,0.5789,2159520.7500
46.3497,-0.2998,0.4021,0.4839,0.0000,0,0,0.2280,0.2894,0.5789,2159520.7500
46.3598,-0.3626,0.1855,0.4839,0.0000,0,0,0.2282,0.2888,0.5789,2159520.7500
46.3698,-0.1837,-0.0114,0.4839,0.0000,0,0,0.2289,0.2853,0.5789,2159520.7500
46.3808,-0.3169,-0.0818,0.4839,0.0000,0,0,0.2292,0.2837,0.5789,2159520.7500
46.3902,-0.2657,-0.4108,0.4839,0.0000,0,0,0.2295,0.2812,0.5789,2159520.7500
46.3998,-0.4471,-0.1346,0.4839,0.0000,0,0,0.2295,0.2815,0.5789,2159520.7500
46.4097,-0.5349,0.2583,0.4839,0.0000,0,0,0.2294,0.2831,0.5789,2159520.7500
46.4198,-0.3669,-0.0013,0.4839,0.0000,0,0,0.2294,0.2818,0.5789,2159520.7500
46.4300,-0.3657,0.2674,0.4839,0.0000,0,0,0.2294,0.2803,0.5789,2159520.7500
46.4400,-0.6004,0.8663,0.4839,0.0000,0,0,0.2295,0.2826,0.5789,2159520.7500
46.4498,-0.3098,0.4821,0.4839,0.0000,0,0,0.2293,0.2799,0.5789,2159520.7500
46.4598,-0.1441,-0.0942,0.4839,0.0000,0,0,0.2286,0.2741,0.5789,2159520.7500
46.4698,-0.3122,0.1842,0.4839,0.0000,0,0,0.2281,0.2713,0.5789,2159520.7500
46.4801,-0.3363,0.0916,0.4839,0.0000,0,0,0.2276,0.2688,0.5789,2159520.7500
46.4901,-0.3907,-0.3496,0.4839,0.0000,0,0,0.2272,0.2671,0.5789,2159520.7500
46.4998,-0.3546,-0.1739,0.4839,0.0000,0,0,0.2266,0.2648,0.5789,2159520.7500
46.5098,-0.6533,0.0445,0.4839,0.0000,0,0,0.2274,0.2675,0.5789,2159520.7500
46.5198,-0.8379,0.0923,0.4839,0.0000,0,0,0.2293,0.2732,0.5789,2159520.7500
46.5301,-0.4198,0.3930,0.4839,0.0000,0,0,0.2287,0.2716,0.5789,2159520.7500
46.5400,-0.4296,0.4961,0.4839,0.0000,0,0,0.2281,0.2700,0.5789,2159520.7500
46.5497,-0.4948,0.4923,0.4839,0.0000,0,0,0.2278,0.2695,0.5789,2159520.7500
46.5598,-0.3389,0.2733,0.4839,0.0000,0,0,0.2263,0.2663,0.5789,2159520.7500
46.5698,-0.5016,-0.0351,0.4839,0.0000,0,0,0.2261,0.2658,0.5789,2159520.7500
46.5807,-0.5685,-0.3893,0.4839,0.0000,0,0,0.2264,0.2663,0.5789,2159520.7500
46.5902,-0.7512,-0.3312,0.4839,0.0000,0,0,0.2284,0.2697,0.5789,2159520.7500
46.5998,-0.8740,0.3223,0.4839,0.0000,0,0,0.2316,0.2748,0.5789,2159520.7500
46.6097,-0.6686,0.3488,0.4839,0.0000,0,0,0.2327,0.2765,0.5789,2159520.7500
46.6198,-0.5644,0.3902,0.4839,0.0000,0,0,0.2326,0.2764,0.5789,2159520.7500
46.6301,-0.6501,0.9067,0.4839,0.0000,0,0,0.2335,0.2776,0.5789,2159520.7500
46.6401,-0.4299,0.4690,0.4839,0.0000,0,0,0.2318,0.2755,0.5789,2159520.7500
46.6497,-0.3714,-0.3317,0.4839,0.0000,0,0,0.2293,0.2726,0.5789,2159520.7500
46.6598,-0.5568,-0.2069,0.4839,0.0000,0,0,0.2291,0.2723,0.5789,2159520.7500
46.6697,-0.7179,0.0017,0.4839,0.0000,0,0,0.2310,0.2743,0.5789,2159520.7500
46.6801,-0.7694,-0.2654,0.4839,0.0000,0,0,0.2335,0.2767,0.5789,2159520.7500
46.6900,-0.6248,-0.0838,0.4839,0.0000,0,0,0.2340,0.2772,0.5789,2159520.7500
46.6998,-0.8422,0.3541,0.4839,0.0000,0,0,0.2376,0.2803,0.5789,2159520.7500
46.7098,-0.9195,0.5249,0.4839,0.0000,0,0,0.2423,0.2841,0.5789,2159520.7500
46.7198,-0.4627,0.2665,0.4839,0.0000,0,0,0.2402,0.2826,0.5789,2159520.7500
46.7301,-0.6183,0.1862,0.4839,0.0000,0,0,0.2405,0.2828,0.5789,2159520.7500
46.7401,-0.5280,0.0908,0.4839,0.0000,0,0,0.2394,0.2820,0.5789,2159520.7500
46.7497,-0.4830,-0.1874,0.4839,0.0000,0,0,0.2376,0.2809,0.5789,2159520.7500
46.7598,-0.6790,-0.1290,0.4839,0.0000,0,0,0.2390,0.2817,0.5789,2159520.7500
46.7698,-0.7132,-0.2607,0.4839,0.0000,0,0,0.2409,0.2827,0.5789,2159520.7500
46.7807,-0.9006,-0.1551,0.4839,0.0000,0,0,0.2458,0.2851,0.5789,2159520.7500
46.7902,-1.1282,0.5101,0.4839,0.0000,0,0,0.2545,0.2889,0.5789,2159520.7500
46.7998,-0.8384,0.3616,0.4839,0.0000,0,0,0.2582,0.2904,0.5789,2159520.7500
46.8097,-0.4721,0.0133,0.4839,0.0000,0,0,0.2559,0.2896,0.5789,2159520.7500
46.8197,-0.7539,0.4300,0.4839,0.0000,0,0,0.2583,0.2904,0.5789,2159520.7500
46.8300,-0.5808,0.3174,0.4839,0.0000,0,0,0.2579,0.2902,0.5789,2159520.7500
46.8401,-0.3769,-0.1496,0.4839,0.0000,0,0,0.2540,0.2893,0.5789,2159520.7500
46.8497,-0.6617,0.0117,0.4839,0.0000,0,0,0.2551,0.2896,0.5789,2159520.7500
46.8598,-0.6819,-0.0788,0.4839,0.0000,0,0,0.2566,0.2898,0.5789,2159520.7500
46.8697,-0.8887,-0.2638,0.4839,0.0000,0,0,0.2618,0.2904,0.5789,2159520.7500
46.8800,-0.6883,0.0716,0.4839,0.0000,0,0,0.2634,0.2905,0.5789,2159520.7500
46.8901,-0.7212,0.0255,0.4839,0.0000,0,0,0.2657,0.2905,0.5789,2159520.7500
46.8998,-0.8683,0.2321,0.4839,0.0000,0,0,0.2705,0.2905,0.5789,2159520.7500
46.9098,-0.7073,0.5197,0.4839,0.0000,0,0,0.2726,0.2904,0.5789,2159520.7500
46.9198,-0.5536,0.1027,0.4839,0.0000,0,0,0.2720,0.2904,0.5789,2159520.7500
46.9300,-0.6251,0.0687,0.4839,0.0000,0,0,0.2728,0.2903,0.5789,2159520.7500
46.9401,-0.5944,0.4017,0.4839,0.0000,0,0,0.2732,0.2902,0.5789,2159520.7500
46.9498,-0.5854,-0.0760,0.4839,0.0000,0,0,0.2735,0.2901,0.5789,2159520.7500
46.9597,-0.5255,-0.4631,0.4839,0.0000,0,0,0.2729,0.2903,0.5789,2159520.7500
46.9698,-0.6120,-0.0575,0.4839,0.0000,0,0,0.2739,0.2900,0.5789,2159520.7500
46.9807,-0.9191,0.1341,0.4839,0.0000,0,0,0.2799,0.2875,0.5789,2159520.7500
46.9901,-0.7831,-0.2427,0.4839,0.0000,0,0,0.2837,0.2858,0.5789,2159520.7500
46.9998,-0.6313,-0.0006,0.4839,0.0000,0,0,0.2850,0.2851,0.5789,2159520.7500
47.0098,-1.0097,0.4882,0.4839,0.0000,0,0,0.2922,0.2810,0.5789,2159520.7500
47.0198,-0.6619,0.3549,0.4839,0.0000,0,0,0.2940,0.2798,0.5789,2159520.7500
47.0301,-0.2992,0.1572,0.4839,0.0000,0,0,0.2906,0.2823,0.5789,2159520.7500
47.0401,-0.5350,0.2973,0.4839,0.0000,0,0,0.2908,0.2821,0.5789,2159520.7500
47.0498,-0.4333,0.0627,0.4839,0.0000,0,0,0.2897,0.2830,0.5789,2159520.7500
47.0598,-0.3799,-0.0648,0.4839,0.0000,0,0,0.2881,0.2845,0.5789,2159520.7500
47.0697,-0.6078,-0.0490,0.4839,0.0000,0,0,0.2897,0.2829,0.5789,2159520.7500
47.0801,-0.6318,-0.1774,0.4839,0.0000,0,0,0.2916,0.2807,0.5789,2159520.7500
47.0901,-0.7446,0.1222,0.4839,0.0000,0,0,0.2948,0.2767,0.5789,2159520.7500
47.0997,-0.6492,0.3085,0.4839,0.0000,0,0,0.2969,0.2739,0.5789,2159520.7500
47.1098,-0.6549,0.1430,0.4839,0.0000,0,0,0.2990,0.2708,0.5789,2159520.7500
47.1198,-0.7658,0.3872,0.4839,0.0000,0,0,0.3021,0.2657,0.5789,2159520.7500
47.1301,-0.5148,0.5295,0.4839,0.0000,0,0,0.3027,0.2646,0.5789,2159520.7500
47.1401,-0.4420,0.2495,0.4839,0.0000,0,0,0.3027,0.2647,0.5789,2159520.7500
47.1497,-0.3972,0.4022,0.4839,0.0000,0,0,0.3023,0.2655,0.5789,2159520.7500
47.1598,-0.1826,0.4538,0.4839,0.0000,0,0,0.3004,0.2702,0.5789,2159520.7500
47.1697,-0.4176,0.2009,0.4839,0.0000,0,0,0.3004,0.2700,0.5789,2159520.7500
47.1807,-0.6133,0.0476,0.4839,0.0000,0,0,0.3019,0.2654,0.5789,2159520.7500
47.1902,-0.6606,-0.0161,0.4839,0.0000,0,0,0.3035,0.2597,0.5789,2159520.7500
47.1998,-0.6906,-0.0861,0.4839,0.0000,0,0,0.3052,0.2532,0.5789,2159520.7500
47.2098,-0.5725,-0.1263,0.4839,0.0000,0,0,0.3061,0.2490,0.5789,2159520.7500
47.2199,-0.6502,0.1707,0.4839,0.0000,0,0,0.3071,0.2429,0.5789,2159520.7500
47.2301,-0.5799,0.3997,0.4839,0.0000,0,0,0.3078,0.2382,0.5789,2159520.7500
47.2401,-0.5292,0.0896,0.4839,0.0000,0,0,0.3082,0.2344,0.5789,2159520.7500
47.2497,-0.6174,0.3582,0.4839,0.0000,0,0,0.3087,0.2285,0.5789,2159520.7500
47.2598,-0.4477,0.6888,0.4839,0.0000,0,0,0.3088,0.2264,0.5789,2159520.7500
47.2697,-0.2305,0.0637,0.4839,0.0000,0,0,0.3087,0.2293,0.5789,2159520.7500
47.2800,-0.2781,-0.0289,0.4839,0.0000,0,0,0.3087,0.2307,0.5789,2159520.7500
47.2901,-0.2096,0.2333,0.4839,0.0000,0,0,0.3089,0.2335,0.5789,2159520.7500
47.2998,-0.3136,-0.1277,0.4839,0.0000,0,0,0.3089,0.2333,0.5789,2159520.7500
47.3098,-0.2896,-0.3134,0.4839,0.0000,0,0,0.3089,0.2335,0.5789,2159520.7500
47.3198,-0.5478,0.1410,0.4839,0.0000,0,0,0.3080,0.2268,0.5789,2159520.7500
47.3300,-0.7207,0.3383,0.4839,0.0000,0,0,0.3062,0.2157,0.5789,2159520.7500
47.3401,-0.4345,-0.0078,0.4839,0.0000,0,0,0.3055,0.2118,0.5789,2159520.7500
47.3497,-0.3670,0.1022,0.4839,0.0000,0,0,0.3050,0.2096,0.5789,2159520.7500
47.3598,-0.4871,0.6969,0.4839,0.0000,0,0,0.3037,0.2041,0.5789,2159520.7500
47.3697,-0.1745,0.2731,0.4839,0.0000,0,0,0.3043,0.2064,0.5789,2159520.7500
47.3807,-0.0814,-0.0147,0.4839,0.0000,0,0,0.3056,0.2107,0.5789,2159520.7500
47.3902,-0.2598,0.3684,0.4839,0.0000,0,0,0.3054,0.2101,0.5789,2159520.7500
47.3998,-0.2723,0.0021,0.4839,0.0000,0,0,0.3050,0.2089,0.5789,2159520.7500
47.4097,-0.2031,-0.3133,0.4839,0.0000,0,0,0.3051,0.2092,0.5789,2159520.7500
47.4197,-0.3671,0.0213,0.4839,0.0000,0,0,0.3035,0.2052,0.5789,2159520.7500
47.4301,-0.4668,0.1247,0.4839,0.0000,0,0,0.3005,0.1986,0.5789,2159520.7500
47.4401,-0.2762,-0.0299,0.4839,0.0000,0,0,0.2996,0.1966,0.5789,2159520.7500
47.4498,-0.0393,0.1997,0.4839,0.0000,0,0,0.3014,0.2003,0.5789,2159520.7500
47.4597,-0.3412,0.4764,0.4839,0.0000,0,0,0.2994,0.1963,0.5789,2159520.7500
47.4697,-0.3365,0.5155,0.4839,0.0000,0,0,0.2972,0.1924,0.5789,2159520.7500
47.4801,-0.1179,0.4508,0.4839,0.0000,0,0,0.2978,0.1936,0.5789,2159520.7500
47.4901,-0.2288,0.3968,0.4839,0.0000,0,0,0.2968,0.1919,0.5789,2159520.7500
47.4998,-0.2112,0.3604,0.4839,0.0000,0,0,0.2958,0.1905,0.5789,2159520.7500
47.5097,-0.0781,0.3801,0.4839,0.0000,0,0,0.2968,0.1919,0.5789,2159520.7500
47.5198,-0.2382,0.0551,0.4839,0.0000,0,0,0.2951,0.1895,0.5789,2159520.7500
47.5301,-0.2441,-0.2382,0.4839,0.0000,0,0,0.2931,0.1869,0.5789,2159520.7500
47.5401,-0.4474,0.2033,0.4839,0.0000,0,0,0.2876,0.1800,0.5789,2159520.7500
47.5497,-0.4630,0.4097,0.4839,0.0000,0,0,0.2817,0.1731,0.5789,2159520.7500
47.5598,-0.1052,0.0704,0.4839,0.0000,0,0,0.2821,0.1735,0.5789,2159520.7500
47.5698,-0.2873,0.5834,0.4839,0.0000,0,0,0.2791,0.1702,0.5789,2159520.7500
47.5808,-0.2932,0.8693,0.4839,0.0000,0,0,0.2758,0.1666,0.5789,2159520.7500
47.5902,0.0873,0.1907,0.4839,0.0000,0,0,0.2797,0.1706,0.5789,2159520.7500
47.5998,0.1384,0.1059,0.4839,0.0000,0,0,0.2842,0.1753,0.5789,2159520.7500
47.6098,-0.0667,0.3404,0.4839,0.0000,0,0,0.2846,0.1756,0.5789,2159520.7500
47.6198,-0.1275,-0.0262,0.4839,0.0000,0,0,0.2836,0.1747,0.5789,2159520.7500
47.6300,-0.1569,-0.0473,0.4839,0.0000,0,0,0.2819,0.1731,0.5789,2159520.7500
47.6401,-0.1361,0.0562,0.4839,0.0000,0,0,0.2805,0.1719,0.5789,2159520.7500
47.6497,-0.2964,0.2229,0.4839,0.0000,0,0,0.2758,0.1678,0.5789,2159520.7500
47.6598,-0.2751,0.7747,0.4839,0.0000,0,0,0.2716,0.1643,0.5789,2159520.7500
47.6697,0.0132,0.7497,0.4839,0.0000,0,0,0.2734,0.1657,0.5789,2159520.7500
47.6800,0.1504,0.3157,0.4839,0.0000,0,0,0.2779,0.1692,0.5789,2159520.7500
47.6900,0.0689,0.4582,0.4839,0.0000,0,0,0.2805,0.1711,0.5789,2159520.7500
47.6998,0.0479,0.4159,0.4839,0.0000,0,0,0.2824,0.1725,0.5789,2159520.7500
47.7098,0.0537,-0.2672,0.4839,0.0000,0,0,0.2843,0.1738,0.5789,2159520.7500
47.7198,0.1323,-0.1891,0.4839,0.0000,0,0,0.2879,0.1762,0.5789,2159520.7500
47.7301,-0.0702,0.2999,0.4839,0.0000,0,0,0.2865,0.1753,0.5789,2159520.7500
47.7401,-0.2469,0.2864,0.4839,0.0000,0,0,0.2809,0.1718,0.5789,2159520.7500
47.7497,0.1044,0.1817,0.4839,0.0000,0,0,0.2837,0.1735,0.5789,2159520.7500
47.7598,-0.0189,0.5073,0.4839,0.0000,0,0,0.2835,0.1734,0.5789,2159520.7500
47.7698,-0.1262,0.5864,0.4839,0.0000,0,0,0.2806,0.1717,0.5789,2159520.7500
47.7807,0.2356,0.5626,0.4839,0.0000,0,0,0.2863,0.1749,0.5789,2159520.7500
47.7902,0.1659,0.4968,0.4839,0.0000,0,0,0.2902,0.1770,0.5789,2159520.7500
47.7998,0.0337,0.1607,0.4839,0.0000,0,0,0.2906,0.1773,0.5789,2159520.7500
47.8097,-0.0440,0.1950,0.4839,0.0000,0,0,0.2891,0.1765,0.5789,2159520.7500
47.8198,-0.1637,0.3164,0.4839,0.0000,0,0,0.2849,0.1743,0.5789,2159520.7500
47.8301,-0.0119,-0.2290,0.4839,0.0000,0,0,0.2843,0.1740,0.5789,2159520.7500
47.8401,-0.0343,-0.0099,0.4839,0.0000,0,0,0.2832,0.1735,0.5789,2159520.7500
47.8498,-0.3738,0.6147,0.4839,0.0000,0,0,0.2742,0.1693,0.5789,2159520.7500
47.8598,-0.0258,0.3160,0.4839,0.0000,0,0,0.2737,0.1690,0.5789,2159520.7500
47.8697,0.1373,0.3994,0.4839,0.0000,0,0,0.2770,0.1705,0.5789,2159520.7500
47.8801,-0.0920,0.7570,0.4839,0.0000,0,0,0.2749,0.1696,0.5789,2159520.7500
47.8901,0.1006,0.4140,0.4839,0.0000,0,0,0.2773,0.1706,0.5789,2159520.7500
47.8998,0.3458,0.1856,0.4839,0.0000,0,0,0.2851,0.1738,0.5789,2159520.7500
47.9098,0.0830,0.2516,0.4839,0.0000,0,0,0.2867,0.1744,0.5789,2159520.7500
47.9198,0.0865,0.0525,0.4839,0.0000,0,0,0.2883,0.1750,0.5789,2159520.7500
47.9301,-0.0330,0.1411,0.4839,0.0000,0,0,0.2873,0.1747,0.5789,2159520.7500
47.9403,-0.0301,0.1506,0.4839,0.0000,0,0,0.2865,0.1744,0.5789,2159520.7500
47.9497,0.0224,-0.0999,0.4839,0.0000,0,0,0.2868,0.1745,0.5789,2159520.7500
47.9597,-0.2262,0.3675,0.4839,0.0000,0,0,0.2819,0.1730,0.5789,2159520.7500
47.9698,-0.2532,0.7965,0.4839,0.0000,0,0,0.2767,0.1714,0.5789,2159520.7500
47.9806,0.1922,0.3563,0.4839,0.0000,0,0,0.2811,0.1726,0.5789,2159520.7500
47.9902,0.0855,0.4719,0.4839,0.0000,0,0,0.2832,0.1731,0.5789,2159520.7500
47.9998,0.1176,0.7343,0.4839,0.0000,0,0,0.2860,0.1738,0.5789,2159520.7500
48.0098,0.1818,-0.0462,0.4839,0.0000,0,0,0.2901,0.1746,0.5789,2159520.7500
48.0198,0.1354,-0.4032,0.4839,0.0000,0,0,0.2931,0.1751,0.5789,2159520.7500
48.0301,-0.1481,-0.0176,0.4839,0.0000,0,0,0.2904,0.1747,0.5789,2159520.7500
48.0401,-0.3249,0.1174,0.4839,0.0000,0,0,0.2843,0.1740,0.5789,2159520.7500
48.0497,-0.0884,0.0690,0.4839,0.0000,0,0,0.2833,0.1739,0.5789,2159520.7500
48.0597,-0.1039,0.2903,0.4839,0.0000,0,0,0.2821,0.1738,0.5789,2159520.7500
48.0698,-0.2997,0.5739,0.4839,0.0000,0,0,0.2773,0.1736,0.5789,2159520.7500
48.0801,-0.0190,0.4460,0.4839,0.0000,0,0,0.2781,0.1736,0.5789,2159520.7500
48.0901,0.1573,0.1927,0.4839,0.0000,0,0,0.2824,0.1735,0.5789,2159520.7500
48.0998,-0.0394,0.2571,0.4839,0.0000,0,0,0.2829,0.1734,0.5789,2159520.7500
48.1097,0.0046,-0.0576,0.4839,0.0000,0,0,0.2844,0.1733,0.5789,2159520.7500
48.1198,0.0932,-0.2786,0.4839,0.0000,0,0,0.2875,0.1730,0.5789,2159520.7500
48.1300,0.0057,-0.0796,0.4839,0.0000,0,0,0.2890,0.1727,0.5789,2159520.7500
48.1401,-0.0563,-0.0042,0.4839,0.0000,0,0,0.2895,0.1726,0.5789,2159520.7500
48.1497,-0.2395,0.1721,0.4839,0.0000,0,0,0.2870,0.1732,0.5789,2159520.7500
48.1598,0.0016,0.4135,0.4839,0.0000,0,0,0.2888,0.1727,0.5789,2159520.7500
48.1697,0.0681,0.1839,0.4839,0.0000,0,0,0.2917,0.1719,0.5789,2159520.7500
48.1808,-0.0794,0.4084,0.4839,0.0000,0,0,0.2923,0.1717,0.5789,2159520.7500
48.1901,0.0789,0.5822,0.4839,0.0000,0,0,0.2954,0.1705,0.5789,2159520.7500
48.1998,0.0388,0.0781,0.4839,0.0000,0,0,0.2979,0.1694,0.5789,2159520.7500
48.2098,0.0665,-0.2352,0.4839,0.0000,0,0,0.3007,0.1681,0.5789,2159520.7500
48.2198,-0.1491,-0.1263,0.4839,0.0000,0,0,0.3005,0.1682,0.5789,2159520.7500
48.2300,-0.3301,-0.0260,0.4839,0.0000,0,0,0.2979,0.1697,0.5789,2159520.7500
48.2397,-0.0462,-0.1170,0.4839,0.0000,0,0,0.2993,0.1688,0.5789,2159520.7500
48.2507,-0.1706,0.2379,0.4839,0.0000,0,0,0.2992,0.1688,0.5789,2159520.7500
48.2598,-0.2489,0.8238,0.4839,0.0000,0,0,0.2982,0.1696,0.5789,2159520.7500
48.2697,-0.1067,0.3696,0.4839,0.0000,0,0,0.2992,0.1688,0.5789,2159520.7500
48.2801,-0.0427,0.0883,0.4839,0.0000,0,0,0.3010,0.1673,0.5789,2159520.7500
48.2897,-0.2687,0.3377,0.4839,0.0000,0,0,0.3001,0.1680,0.5789,2159520.7500
48.3001,-0.1103,0.1425,0.4839,0.0000,0,0,0.3012,0.1669,0.5789,2159520.7500
48.3097,0.0437,-0.1780,0.4839,0.0000,0,0,0.3039,0.1639,0.5789,2159520.7500
48.3198,-0.0830,0.0712,0.4839,0.0000,0,0,0.3053,0.1622,0.5789,2159520.7500
48.3300,-0.2124,0.1797,0.4839,0.0000,0,0,0.3054,0.1620,0.5789,2159520.7500
48.3398,-0.2221,-0.1770,0.4839,0.0000,0,0,0.3056,0.1619,0.5789,2159520.7500
48.3501,-0.1444,-0.0962,0.4839,0.0000,0,0,0.3064,0.1605,0.5789,2159520.7500
48.3598,-0.3585,0.3433,0.4839,0.0000,0,0,0.3056,0.1619,0.5789,2159520.7500
48.3698,-0.2457,0.2512,0.4839,0.0000,0,0,0.3058,0.1616,0.5789,2159520.7500
48.3807,-0.0161,0.1650,0.4839,0.0000,0,0,0.3075,0.1578,0.5789,2159520.7500
48.3897,-0.3410,0.5676,0.4839,0.0000,0,0,0.3072,0.1587,0.5789,2159520.7500
48.4001,-0.2450,0.4050,0.4839,0.0000,0,0,0.3074,0.1579,0.5789,2159520.7500
48.4098,-0.0193,-0.0824,0.4839,0.0000,0,0,0.3088,0.1536,0.5789,2159520.7500
48.4198,-0.0627,0.0866,0.4839,0.0000,0,0,0.3099,0.1499,0.5789,2159520.7500
48.4300,-0.1176,0.0911,0.4839,0.0000,0,0,0.3106,0.1468,0.5789,2159520.7500
48.4398,-0.2081,-0.3008,0.4839,0.0000,0,0,0.3110,0.1450,0.5789,2159520.7500
48.4507,-0.2408,-0.2030,0.4839,0.0000,0,0,0.3112,0.1436,0.5789,2159520.7500
48.4598,-0.3606,-0.0150,0.4839,0.0000,0,0,0.3111,0.1440,0.5789,2159520.7500
48.4697,-0.4808,0.1689,0.4839,0.0000,0,0,0.3110,0.1463,0.5789,2159520.7500
48.4801,-0.2920,0.3168,0.4839,0.0000,0,0,0.3110,0.1451,0.5789,2159520.7500
48.4897,-0.3061,0.4655,0.4839,0.0000,0,0,0.3110,0.1441,0.5789,2159520.7500
48.5000,-0.3604,0.5245,0.4839,0.0000,0,0,0.3110,0.1438,0.5789,2159520.7500
48.5098,-0.1648,0.2493,0.4839,0.0000,0,0,0.3108,0.1400,0.5789,2159520.7500
48.5198,-0.1731,-0.0765,0.4839,0.0000,0,0,0.3104,0.1363,0.5789,2159520.7500
48.5301,-0.3494,-0.3030,0.4839,0.0000,0,0,0.3103,0.1355,0.5789,2159520.7500
48.5398,-0.3973,-0.3959,0.4839,0.0000,0,0,0.3102,0.1353,0.5789,2159520.7500
48.5500,-0.3672,-0.1183,0.4839,0.0000,0,0,0.3101,0.1345,0.5789,2159520.7500
48.5598,-0.1425,0.0713,0.4839,0.0000,0,0,0.3089,0.1296,0.5789,2159520.7500
48.5698,-0.2323,0.0854,0.4839,0.0000,0,0,0.3080,0.1263,0.5789,2159520.7500
48.5807,-0.5344,0.4654,0.4839,0.0000,0,0,0.3085,0.1280,0.5789,2159520.7500
48.5898,-0.4139,0.4223,0.4839,0.0000,0,0,0.3084,0.1275,0.5789,2159520.7500
48.6002,-0.3608,-0.1911,0.4839,0.0000,0,0,0.3078,0.1260,0.5789,2159520.7500
48.6097,-0.3742,0.0407,0.4839,0.0000,0,0,0.3072,0.1246,0.5789,2159520.7500
48.6198,-0.2107,0.3923,0.4839,0.0000,0,0,0.3053,0.1203,0.5789,2159520.7500
48.6300,-0.1899,-0.2341,0.4839,0.0000,0,0,0.3030,0.1157,0.5789,2159520.7500
48.6398,-0.0806,-0.5678,0.4839,0.0000,0,0,0.2997,0.1093,0.5789,2159520.7500
48.6507,-0.3045,-0.3555,0.4839,0.0000,0,0,0.2982,0.1066,0.5789,2159520.7500
48.6598,-0.7220,-0.1469,0.4839,0.0000,0,0,0.3006,0.1106,0.5789,2159520.7500
48.6697,-0.5433,0.0595,0.4839,0.0000,0,0,0.3011,0.1115,0.5789,2159520.7500
48.6801,-0.2614,0.3177,0.4839,0.0000,0,0,0.2986,0.1078,0.5789,2159520.7500
48.6897,-0.2940,0.3829,0.4839,0.0000,0,0,0.2964,0.1047,0.5789,2159520.7500
48.7000,-0.1367,0.1409,0.4839,0.0000,0,0,0.2922,0.0994,0.5789,2159520.7500
48.7098,0.0598,-0.0559,0.4839,0.0000,0,0,0.2856,0.0913,0.5789,2159520.7500
48.7198,-0.2742,-0.1994,0.4839,0.0000,0,0,0.2829,0.0882,0.5789,2159520.7500
48.7301,-0.3888,-0.1827,0.4839,0.0000,0,0,0.2816,0.0867,0.5789,2159520.7500
48.7398,-0.4144,-0.0974,0.4839,0.0000,0,0,0.2804,0.0856,0.5789,2159520.7500
48.7501,-0.5065,-0.1687,0.4839,0.0000,0,0,0.2805,0.0856,0.5789,2159520.7500
48.7598,-0.2245,-0.2863,0.4839,0.0000,0,0,0.2765,0.0820,0.5789,2159520.7500
48.7698,-0.5049,0.1841,0.4839,0.0000,0,0,0.2765,0.0820,0.5789,2159520.7500
48.7807,-0.5133,0.6684,0.4839,0.0000,0,0,0.2765,0.0820,0.5789,2159520.7500
48.7897,-0.2520,0.1741,0.4839,0.0000,0,0,0.2725,0.0790,0.5789,2159520.7500
48.8001,-0.3074,0.0366,0.4839,0.0000,0,0,0.2693,0.0768,0.5789,2159520.7500
48.8098,-0.4977,0.3922,0.4839,0.0000,0,0,0.2690,0.0766,0.5789,2159520.7500
48.8198,-0.4319,-0.1044,0.4839,0.0000,0,0,0.2676,0.0758,0.5789,2159520.7500
48.8301,-0.2457,-0.3988,0.4839,0.0000,0,0,0.2632,0.0733,0.5789,2159520.7500
48.8398,-0.3888,-0.3268,0.4839,0.0000,0,0,0.2611,0.0722,0.5789,2159520.7500
48.8507,-0.5398,-0.1989,0.4839,0.0000,0,0,0.2614,0.0723,0.5789,2159520.7500
48.8598,-0.7818,0.1040,0.4839,0.0000,0,0,0.2656,0.0742,0.5789,2159520.7500
48.8697,-0.5778,0.2995,0.4839,0.0000,0,0,0.2663,0.0744,0.5789,2159520.7500
48.8801,-0.4170,0.0248,0.4839,0.0000,0,0,0.2642,0.0737,0.5789,2159520.7500
48.8897,-0.5505,0.1803,0.4839,0.0000,0,0,0.2644,0.0738,0.5789,2159520.7500
48.9001,-0.4030,0.5433,0.4839,0.0000,0,0,0.2621,0.0732,0.5789,2159520.7500
48.9097,-0.4039,0.0367,0.4839,0.0000,0,0,0.2597,0.0726,0.5789,2159520.7500
48.9198,-0.2472,-0.3156,0.4839,0.0000,0,0,0.2547,0.0717,0.5789,2159520.7500
48.9301,-0.5137,-0.0601,0.4839,0.0000,0,0,0.2543,0.0717,0.5789,2159520.7500
48.9398,-0.7539,-0.0886,0.4839,0.0000,0,0,0.2581,0.0721,0.5789,2159520.7500
48.9501,-0.5266,-0.4966,0.4839,0.0000,0,0,0.2578,0.0720,0.5789,2159520.7500
48.9597,-0.4823,-0.1595,0.4839,0.0000,0,0,0.2568,0.0720,0.5789,2159520.7500
48.9697,-0.7123,0.4648,0.4839,0.0000,0,0,0.2597,0.0719,0.5789,2159520.7500
48.9807,-0.6968,0.5924,0.4839,0.0000,0,0,0.2623,0.0717,0.5789,2159520.7500
48.9897,-0.2190,0.5410,0.4839,0.0000,0,0,0.2567,0.0724,0.5789,2159520.7500
49.0001,-0.2649,0.1731,0.4839,0.0000,0,0,0.2520,0.0732,0.5789,2159520.7500
49.0099,-0.3217,-0.0644,0.4839,0.0000,0,0,0.2484,0.0740,0.5789,2159520.7500
49.0198,-0.4549,0.0714,0.4839,0.0000,0,0,0.2472,0.0743,0.5789,2159520.7500
49.0301,-0.6505,-0.1262,0.4839,0.0000,0,0,0.2492,0.0736,0.5789,2159520.7500
49.0398,-0.2567,-0.3639,0.4839,0.0000,0,0,0.2448,0.0752,0.5789,2159520.7500
49.0507,-0.5439,0.0265,0.4839,0.0000,0,0,0.2451,0.0751,0.5789,2159520.7500
49.0598,-0.6239,0.5113,0.4839,0.0000,0,0,0.2468,0.0743,0.5789,2159520.7500
49.0697,-0.3787,0.1104,0.4839,0.0000,0,0,0.2446,0.0755,0.5789,2159520.7500
49.0801,-0.4480,0.2354,0.4839,0.0000,0,0,0.2436,0.0761,0.5789,2159520.7500
49.0897,-0.7403,0.6462,0.4839,0.0000,0,0,0.2469,0.0739,0.5789,2159520.7500
49.1001,-0.5928,0.1111,0.4839,0.0000,0,0,0.2481,0.0730,0.5789,2159520.7500
49.1098,-0.2943,-0.2513,0.4839,0.0000,0,0,0.2450,0.0755,0.5789,2159520.7500
49.1197,-0.4591,-0.2411,0.4839,0.0000,0,0,0.2443,0.0761,0.5789,2159520.7500
49.1301,-0.4771,-0.1957,0.4839,0.0000,0,0,0.2440,0.0764,0.5789,2159520.7500
49.1398,-0.7059,-0.0908,0.4839,0.0000,0,0,0.2467,0.0735,0.5789,2159520.7500
49.1501,-0.5736,0.0248,0.4839,0.0000,0,0,0.2476,0.0724,0.5789,2159520.7500
49.1598,-0.4201,-0.0861,0.4839,0.0000,0,0,0.2467,0.0736,0.5789,2159520.7500
49.1698,-0.6982,0.3365,0.4839,0.0000,0,0,0.2491,0.0703,0.5789,2159520.7500
49.1807,-0.4262,0.6521,0.4839,0.0000,0,0,0.2484,0.0714,0.5789,2159520.7500
49.1898,-0.2161,0.1489,0.4839,0.0000,0,0,0.2456,0.0761,0.5789,2159520.7500
49.2001,-0.2603,-0.0727,0.4839,0.0000,0,0,0.2436,0.0799,0.5789,2159520.7500
49.2098,-0.3259,0.1886,0.4839,0.0000,0,0,0.2423,0.0824,0.5789,2159520.7500
49.2198,-0.4112,-0.1546,0.4839,0.0000,0,0,0.2419,0.0832,0.5789,2159520.7500
49.2301,-0.2404,-0.3755,0.4839,0.0000,0,0,0.2403,0.0873,0.5789,2159520.7500
49.2398,-0.3766,-0.0506,0.4839,0.0000,0,0,0.2399,0.0885,0.5789,2159520.7500
49.2508,-0.4915,0.0850,0.4839,0.0000,0,0,0.2403,0.0872,0.5789,2159520.7500
49.2598,-0.4367,-0.3151,0.4839,0.0000,0,0,0.2404,0.0869,0.5789,2159520.7500
49.2697,-0.1442,-0.0252,0.4839,0.0000,0,0,0.2390,0.0929,0.5789,2159520.7500
49.2801,-0.4967,0.4821,0.4839,0.0000,0,0,0.2394,0.0908,0.5789,2159520.7500
49.2898,-0.4319,0.4071,0.4839,0.0000,0,0,0.2395,0.0901,0.5789,2159520.7500
49.3001,-0.0596,0.4146,0.4839,0.0000,0,0,0.2385,0.0979,0.5789,2159520.7500
49.3098,-0.3681,0.3329,0.4839,0.0000,0,0,0.2385,0.0981,0.5789,2159520.7500
49.3198,-0.2186,0.1624,0.4839,0.0000,0,0,0.2382,0.1017,0.5789,2159520.7500
49.3301,-0.1776,0.1762,0.4839,0.0000,0,0,0.2381,0.1061,0.5789,2159520.7500
49.3398,-0.2819,0.1104,0.4839,0.0000,0,0,0.2381,0.1076,0.5789,2159520.7500
49.3501,-0.1176,-0.2943,0.4839,0.0000,0,0,0.2382,0.1130,0.5789,2159520.7500
49.3598,-0.4824,0.0626,0.4839,0.0000,0,0,0.2380,0.1090,0.5789,2159520.7500
49.3698,-0.6332,0.4120,0.4839,0.0000,0,0,0.2374,0.1012,0.5789,2159520.7500
49.3808,-0.3906,0.0017,0.4839,0.0000,0,0,0.2372,0.0994,0.5789,2159520.7500
49.3897,-0.2948,0.2030,0.4839,0.0000,0,0,0.2372,0.1000,0.5789,2159520.7500
49.4001,-0.5590,0.8811,0.4839,0.0000,0,0,0.2362,0.0936,0.5789,2159520.7500
49.4097,-0.2731,0.4479,0.4839,0.0000,0,0,0.2363,0.0945,0.5789,2159520.7500
49.4198,0.0350,0.1185,0.4839,0.0000,0,0,0.2382,0.1031,0.5789,2159520.7500
49.4300,-0.1974,0.1553,0.4839,0.0000,0,0,0.2388,0.1052,0.5789,2159520.7500
49.4398,-0.1766,0.0177,0.4839,0.0000,0,0,0.2394,0.1075,0.5789,2159520.7500
49.4506,-0.2947,-0.1214,0.4839,0.0000,0,0,0.2391,0.1066,0.5789,2159520.7500
49.4598,-0.2978,0.0716,0.4839,0.0000,0,0,0.2388,0.1055,0.5789,2159520.7500
49.4697,-0.1250,-0.1332,0.4839,0.0000,0,0,0.2399,0.1085,0.5789,2159520.7500
49.4801,-0.4448,0.2191,0.4839,0.0000,0,0,0.2378,0.1032,0.5789,2159520.7500
49.4897,-0.5337,0.6548,0.4839,0.0000,0,0,0.2347,0.0958,0.5789,2159520.7500
49.5001,-0.2230,-0.0030,0.4839,0.0000,0,0,0.2348,0.0961,0.5789,2159520.7500
49.5098,-0.1402,-0.0249,0.4839,0.0000,0,0,0.2358,0.0983,0.5789,2159520.7500
49.5198,-0.5075,0.5124,0.4839,0.0000,0,0,0.2323,0.0913,0.5789,2159520.7500
49.5301,-0.2644,0.3417,0.4839,0.0000,0,0,0.2317,0.0903,0.5789,2159520.7500
49.5398,-0.0077,0.2661,0.4839,0.0000,0,0,0.2345,0.0951,0.5789,2159520.7500
49.5500,-0.1081,0.2359,0.4839,0.0000,0,0,0.2358,0.0972,0.5789,2159520.7500
49.5598,-0.0432,-0.1638,0.4839,0.0000,0,0,0.2379,0.1005,0.5789,2159520.7500
49.5698,-0.2604,0.0789,0.4839,0.0000,0,0,0.2366,0.0986,0.5789,2159520.7500
49.5807,-0.4261,0.0694,0.4839,0.0000,0,0,0.2326,0.0930,0.5789,2159520.7500
49.5897,-0.1306,-0.3841,0.4839,0.0000,0,0,0.2333,0.0940,0.5789,2159520.7500
49.6001,-0.1873,0.0781,0.4839,0.0000,0,0,0.2329,0.0935,0.5789,2159520.7500
49.6097,-0.3939,0.5762,0.4839,0.0000,0,0,0.2290,0.0886,0.5789,2159520.7500
49.6198,-0.0267,0.1434,0.4839,0.0000,0,0,0.2313,0.0913,0.5789,2159520.7500
49.6300,0.0971,0.2974,0.4839,0.0000,0,0,0.2357,0.0963,0.5789,2159520.7500
49.6398,-0.2817,0.3529,0.4839,0.0000,0,0,0.2330,0.0933,0.5789,2159520.7500
49.6508,-0.1834,0.0788,0.4839,0.0000,0,0,0.2320,0.0923,0.5789,2159520.7500
49.6598,-0.0620,0.0970,0.4839,0.0000,0,0,0.2332,0.0936,0.5789,2159520.7500
49.6697,-0.0967,-0.1410,0.4839,0.0000,0,0,0.2336,0.0940,0.5789,2159520.7500
49.6801,-0.0429,-0.2764,0.4839,0.0000,0,0,0.2350,0.0953,0.5789,2159520.7500
49.6896,-0.2769,0.1476,0.4839,0.0000,0,0,0.2315,0.0920,0.5789,2159520.7500
49.7001,-0.2619,0.1237,0.4839,0.0000,0,0,0.2283,0.0891,0.5789,2159520.7500
49.7097,-0.0585,-0.2704,0.4839,0.0000,0,0,0.2293,0.0899,0.5789,2159520.7500
49.7198,-0.2900,0.1974,0.4839,0.0000,0,0,0.2253,0.0866,0.5789,2159520.7500
49.7300,-0.2345,0.6673,0.4839,0.0000,0,0,0.2225,0.0842,0.5789,2159520.7500
49.7398,0.0820,0.1915,0.4839,0.0000,0,0,0.2263,0.0873,0.5789,2159520.7500
49.7501,0.1559,0.0255,0.4839,0.0000,0,0,0.2316,0.0913,0.5789,2159520.7500
49.7598,0.0419,0.3340,0.4839,0.0000,0,0,0.2341,0.0931,0.5789,2159520.7500
49.7697,-0.0686,0.0511,0.4839,0.0000,0,0,0.2340,0.0930,0.5789,2159520.7500
49.7807,-0.0310,-0.3652,0.4839,0.0000,0,0,0.2346,0.0934,0.5789,2159520.7500
49.7897,0.0088,-0.1013,0.4839,0.0000,0,0,0.2360,0.0944,0.5789,2159520.7500
49.8000,-0.1633,0.1564,0.4839,0.0000,0,0,0.2332,0.0926,0.5789,2159520.7500
49.8097,-0.3880,0.3265,0.4839,0.0000,0,0,0.2252,0.0876,0.5789,2159520.7500
49.8198,-0.0857,0.5599,0.4839,0.0000,0,0,0.2245,0.0871,0.5789,2159520.7500
49.8301,-0.0055,0.3996,0.4839,0.0000,0,0,0.2257,0.0878,0.5789,2159520.7500
49.8398,-0.1142,0.3801,0.4839,0.0000,0,0,0.2241,0.0869,0.5789,2159520.7500
49.8507,0.1160,0.4610,0.4839,0.0000,0,0,0.2280,0.0891,0.5789,2159520.7500
49.8598,0.0478,-0.0712,0.4839,0.0000,0,0,0.2301,0.0902,0.5789,2159520.7500
49.8697,0.1682,-0.4023,0.4839,0.0000,0,0,0.2348,0.0928,0.5789,2159520.7500
49.8801,-0.1005,-0.0083,0.4839,0.0000,0,0,0.2329,0.0918,0.5789,2159520.7500
49.8898,-0.4556,0.3963,0.4839,0.0000,0,0,0.2226,0.0866,0.5789,2159520.7500
49.9001,-0.1823,0.1848,0.4839,0.0000,0,0,0.2192,0.0849,0.5789,2159520.7500
49.9098,-0.0025,0.3854,0.4839,0.0000,0,0,0.2201,0.0853,0.5789,2159520.7500
49.9198,-0.2568,0.6969,0.4839,0.0000,0,0,0.2149,0.0829,0.5789,2159520.7500
49.9300,-0.1897,0.4836,0.4839,0.0000,0,0,0.2115,0.0814,0.5789,2159520.7500
49.9398,0.2187,0.4633,0.4839,0.0000,0,0,0.2177,0.0841,0.5789,2159520.7500
49.9501,0.0806,0.2115,0.4839,0.0000,0,0,0.2204,0.0852,0.5789,2159520.7500
49.9598,0.0400,-0.0067,0.4839,0.0000,0,0,0.2220,0.0859,0.5789,2159520.7500
49.9697,-0.2246,0.3543,0.4839,0.0000,0,0,0.2176,0.0842,0.5789,2159520.7500
49.9807,-0.4597,0.2775,0.4839,0.0000,0,0,0.2082,0.0805,0.5789,2159520.7500
49.9897,0.0009,-0.1532,0.4839,0.0000,0,0,0.2093,0.0809,0.5789,2159520.7500
50.0001,-0.2099,0.2342,0.4839,0.0000,0,0,0.2058,0.0797,0.5789,2159520.7500
50.0098,-0.3780,0.8385,0.4839,0.0000,0,0,0.1989,0.0773,0.5789,2159520.7500
50.0197,-0.0144,0.4702,0.4839,0.0000,0,0,0.1999,0.0776,0.5789,2159520.7500
50.0300,0.1343,0.6043,0.4839,0.0000,0,0,0.2042,0.0789,0.5789,2159520.7500
50.0398,-0.1736,0.7281,0.4839,0.0000,0,0,0.2017,0.0782,0.5789,2159520.7500
50.0507,-0.1054,0.2606,0.4839,0.0000,0,0,0.2009,0.0780,0.5789,2159520.7500
50.0598,0.1100,0.1659,0.4839,0.0000,0,0,0.2045,0.0789,0.5789,2159520.7500
50.0698,-0.0817,-0.0408,0.4839,0.0000,0,0,0.2041,0.0788,0.5789,2159520.7500
50.0801,-0.0607,-0.1116,0.4839,0.0000,0,0,0.2042,0.0788,0.5789,2159520.7500
50.0897,-0.2970,0.2994,0.4839,0.0000,0,0,0.1994,0.0780,0.5789,2159520.7500
50.1001,-0.1997,0.3834,0.4839,0.0000,0,0,0.1969,0.0776,0.5789,2159520.7500
50.1097,-0.0444,0.1777,0.4839,0.0000,0,0,0.1976,0.0777,0.5789,2159520.7500
50.1198,-0.2884,0.4716,0.4839,0.0000,0,0,0.1936,0.0773,0.5789,2159520.7500
50.1300,-0.1798,0.6880,0.4839,0.0000,0,0,0.1918,0.0772,0.5789,2159520.7500
50.1398,-0.0832,0.3569,0.4839,0.0000,0,0,0.1921,0.0772,0.5789,2159520.7500
50.1501,0.0111,0.3623,0.4839,0.0000,0,0,0.1941,0.0772,0.5789,2159520.7500
50.1598,-0.0422,0.6702,0.4839,0.0000,0,0,0.1952,0.0772,0.5789,2159520.7500
50.1698,0.0892,0.4526,0.4839,0.0000,0,0,0.1987,0.0770,0.5789,2159520.7500
50.1808,0.2623,-0.0973,0.4839,0.0000,0,0,0.2052,0.0764,0.5789,2159520.7500
50.1897,-0.0057,0.0617,0.4839,0.0000,0,0,0.2067,0.0762,0.5789,2159520.7500
50.2001,-0.2258,0.4113,0.4839,0.0000,0,0,0.2044,0.0765,0.5789,2159520.7500
50.2097,-0.3559,-0.0861,0.4839,0.0000,0,0,0.2000,0.0774,0.5789,2159520.7500
50.2198,-0.0775,0.0196,0.4839,0.0000,0,0,0.2005,0.0773,0.5789,2159520.7500
50.2300,-0.3727,0.4031,0.4839,0.0000,0,0,0.1963,0.0785,0.5789,2159520.7500
50.2398,-0.4974,0.4332,0.4839,0.0000,0,0,0.1902,0.0804,0.5789,2159520.7500
50.2508,0.0343,0.4699,0.4839,0.0000,0,0,0.1930,0.0794,0.5789,2159520.7500
50.2598,-0.0052,0.6569,0.4839,0.0000,0,0,0.1951,0.0785,0.5789,2159520.7500
50.2698,-0.0829,0.5837,0.4839,0.0000,0,0,0.1959,0.0782,0.5789,2159520.7500
50.2801,0.0252,0.3942,0.4839,0.0000,0,0,0.1984,0.0769,0.5789,2159520.7500
50.2897,0.0190,0.3154,0.4839,0.0000,0,0,0.2008,0.0757,0.5789,2159520.7500
50.3001,-0.1195,0.0073,0.4839,0.0000,0,0,0.2012,0.0755,0.5789,2159520.7500
50.3097,-0.1646,0.0572,0.4839,0.0000,0,0,0.2010,0.0756,0.5789,2159520.7500
50.3198,-0.2576,0.2647,0.4839,0.0000,0,0,0.1996,0.0765,0.5789,2159520.7500
50.3300,-0.1649,-0.2175,0.4839,0.0000,0,0,0.1996,0.0765,0.5789,2159520.7500
50.3398,0.0003,-0.0881,0.4839,0.0000,0,0,0.2017,0.0748,0.5789,2159520.7500
50.3501,-0.4399,0.5431,0.4839,0.0000,0,0,0.1986,0.0776,0.5789,2159520.7500
50.3598,-0.3300,0.3221,0.4839,0.0000,0,0,0.1969,0.0792,0.5789,2159520.7500
50.3698,-0.1474,0.0450,0.4839,0.0000,0,0,0.1974,0.0787,0.5789,2159520.7500
50.3807,-0.5284,0.6106,0.4839,0.0000,0,0,0.1940,0.0826,0.5789,2159520.7500
50.3898,-0.4213,0.8076,0.4839,0.0000,0,0,0.1920,0.0852,0.5789,2159520.7500
50.4000,0.0080,0.1891,0.4839,0.0000,0,0,0.1941,0.0823,0.5789,2159520.7500
50.4098,-0.0915,0.2565,0.4839,0.0000,0,0,0.1953,0.0806,0.5789,2159520.7500
50.4198,-0.2260,0.3788,0.4839,0.0000,0,0,0.1953,0.0806,0.5789,2159520.7500
50.4301,-0.2137,0.1054,0.4839,0.0000,0,0,0.1954,0.0803,0.5789,2159520.7500
50.4398,-0.2922,0.1298,0.4839,0.0000,0,0,0.1950,0.0811,0.5789,2159520.7500
50.4508,-0.3156,0.1781,0.4839,0.0000,0,0,0.1946,0.0821,0.5789,2159520.7500
50.4598,-0.2622,0.1624,0.4839,0.0000,0,0,0.1945,0.0822,0.5789,2159520.7500
50.4697,-0.2886,0.2107,0.4839,0.0000,0,0,0.1944,0.0826,0.5789,2159520.7500
50.4801,-0.1724,0.2274,0.4839,0.0000,0,0,0.1948,0.0811,0.5789,2159520.7500
50.4897,-0.4538,0.3766,0.4839,0.0000,0,0,0.1941,0.0840,0.5789,2159520.7500
50.5001,-0.4939,0.6652,0.4839,0.0000,0,0,0.1933,0.0873,0.5789,2159520.7500
50.5097,-0.2826,0.5669,0.4839,0.0000,0,0,0.1934,0.0871,0.5789,2159520.7500
50.5198,-0.3829,0.5154,0.4839,0.0000,0,0,0.1932,0.0885,0.5789,2159520.7500
50.5301,-0.4021,0.5824,0.4839,0.0000,0,0,0.1930,0.0900,0.5789,2159520.7500
50.5398,-0.1883,0.4975,0.4839,0.0000,0,0,0.1932,0.0879,0.5789,2159520.7500
50.5501,-0.2687,0.3331,0.4839,0.0000,0,0,0.1932,0.0870,0.5789,2159520.7500
50.5598,-0.1593,0.3336,0.4839,0.0000,0,0,0.1932,0.0842,0.5789,2159520.7500
50.5697,-0.1766,0.3273,0.4839,0.0000,0,0,0.1931,0.0817,0.5789,2159520.7500
50.5808,-0.3602,0.2344,0.4839,0.0000,0,0,0.1931,0.0822,0.5789,2159520.7500
50.5897,-0.2770,0.0034,0.4839,0.0000,0,0,0.1930,0.0811,0.5789,2159520.7500
50.6001,-0.5341,0.3124,0.4839,0.0000,0,0,0.1935,0.0844,0.5789,2159520.7500
50.6098,-0.5423,0.6132,0.4839,0.0000,0,0,0.1941,0.0877,0.5789,2159520.7500
50.6198,-0.2457,0.1474,0.4839,0.0000,0,0,0.1936,0.0857,0.5789,2159520.7500
50.6301,-0.4747,0.4496,0.4839,0.0000,0,0,0.1941,0.0875,0.5789,2159520.7500
50.6398,-0.5762,0.9654,0.4839,0.0000,0,0,0.1951,0.0910,0.5789,2159520.7500
50.6507,-0.3347,0.4909,0.4839,0.0000,0,0,0.1948,0.0901,0.5789,2159520.7500
50.6597,-0.2253,0.2691,0.4839,0.0000,0,0,0.1938,0.0873,0.5789,2159520.7500
50.6697,-0.4917,0.6532,0.4839,0.0000,0,0,0.1945,0.0890,0.5789,2159520.7500
50.6801,-0.3468,0.5013,0.4839,0.0000,0,0,0.1941,0.0881,0.5789,2159520.7500
50.6898,-0.1963,0.2227,0.4839,0.0000,0,0,0.1925,0.0847,0.5789,2159520.7500
50.7001,-0.5003,0.3781,0.4839,0.0000,0,0,0.1933,0.0863,0.5789,2159520.7500
50.7098,-0.5841,0.3319,0.4839,0.0000,0,0,0.1948,0.0891,0.5789,2159520.7500
50.7198,-0.6028,-0.1131,0.4839,0.0000,0,0,0.1965,0.0920,0.5789,2159520.7500
50.7301,-0.4910,-0.0525,0.4839,0.0000,0,0,0.1971,0.0930,0.5789,2159520.7500
50.7398,-0.3830,0.0992,0.4839,0.0000,0,0,0.1966,0.0922,0.5789,2159520.7500
50.7500,-0.6047,0.3918,0.4839,0.0000,0,0,0.1983,0.0947,0.5789,2159520.7500
50.7598,-0.6120,0.5711,0.4839,0.0000,0,0,0.2002,0.0972,0.5789,2159520.7500
50.7698,-0.5426,0.1402,0.4839,0.0000,0,0,0.2012,0.0985,0.5789,2159520.7500
50.7807,-0.6246,0.2037,0.4839,0.0000,0,0,0.2031,0.1008,0.5789,2159520.7500
50.7897,-0.6157,0.7723,0.4839,0.0000,0,0,0.2049,0.1028,0.5789,2159520.7500
50.8000,-0.2190,0.4405,0.4839,0.0000,0,0,0.2016,0.0993,0.5789,2159520.7500
50.8098,-0.1520,0.1212,0.4839,0.0000,0,0,0.1974,0.0951,0.5789,2159520.7500
50.8198,-0.4433,0.4868,0.4839,0.0000,0,0,0.1970,0.0947,0.5789,2159520.7500
50.8300,-0.5463,0.4062,0.4839,0.0000,0,0,0.1980,0.0956,0.5789,2159520.7500
50.8398,-0.4754,-0.1561,0.4839,0.0000,0,0,0.1979,0.0956,0.5789,2159520.7500
50.8508,-0.3570,-0.0101,0.4839,0.0000,0,0,0.1961,0.0942,0.5789,2159520.7500
50.8598,-0.5062,0.3216,0.4839,0.0000,0,0,0.1965,0.0944,0.5789,2159520.7500
50.8696,-0.6349,0.2501,0.4839,0.0000,0,0,0.1987,0.0960,0.5789,2159520.7500
50.8801,-0.3339,0.1140,0.4839,0.0000,0,0,0.1963,0.0944,0.5789,2159520.7500
50.8897,-0.5804,0.2222,0.4839,0.0000,0,0,0.1977,0.0953,0.5789,2159520.7500
50.9001,-0.6918,0.4237,0.4839,0.0000,0,0,0.2009,0.0970,0.5789,2159520.7500
50.9098,-0.3573,0.2341,0.4839,0.0000,0,0,0.1986,0.0958,0.5789,2159520.7500
50.9198,-0.2685,0.3011,0.4839,0.0000,0,0,0.1948,0.0941,0.5789,2159520.7500
50.9301,-0.4180,0.3858,0.4839,0.0000,0,0,0.1935,0.0935,0.5789,2159520.7500
50.9398,-0.3146,0.3387,0.4839,0.0000,0,0,0.1905,0.0924,0.5789,2159520.7500
50.9501,-0.3082,0.0748,0.4839,0.0000,0,0,0.1874,0.0914,0.5789,2159520.7500
50.9598,-0.4328,-0.1263,0.4839,0.0000,0,0,0.1864,0.0911,0.5789,2159520.7500
50.9698,-0.4906,-0.0837,0.4839,0.0000,0,0,0.1865,0.0911,0.5789,2159520.7500
50.9806,-0.4910,0.2924,0.4839,0.0000,0,0,0.1865,0.0911,0.5789,2159520.7500
50.9896,-0.3633,0.2161,0.4839,0.0000,0,0,0.1843,0.0908,0.5789,2159520.7500
51.0001,-0.4518,0.2552,0.4839,0.0000,0,0,0.1837,0.0907,0.5789,2159520.7500
51.0099,-0.6890,0.6304,0.4839,0.0000,0,0,0.1872,0.0910,0.5789,2159520.7500
51.0198,-0.3364,0.4753,0.4839,0.0000,0,0,0.1846,0.0909,0.5789,2159520.7500
51.0301,-0.1601,0.0977,0.4839,0.0000,0,0,0.1790,0.0909,0.5789,2159520.7500
51.0398,-0.3480,0.5650,0.4839,0.0000,0,0,0.1768,0.0910,0.5789,2159520.7500
51.0507,-0.3547,0.8487,0.4839,0.0000,0,0,0.1747,0.0912,0.5789,2159520.7500
51.0598,-0.2379,0.2681,0.4839,0.0000,0,0,0.1708,0.0917,0.5789,2159520.7500
51.0697,-0.1742,0.1991,0.4839,0.0000,0,0,0.1659,0.0926,0.5789,2159520.7500
51.0801,-0.3578,0.4635,0.4839,0.0000,0,0,0.1643,0.0930,0.5789,2159520.7500
51.0897,-0.5161,0.2771,0.4839,0.0000,0,0,0.1653,0.0927,0.5789,2159520.7500
51.1000,-0.2711,-0.0655,0.4839,0.0000,0,0,0.1624,0.0936,0.5789,2159520.7500
51.1098,-0.4082,0.1157,0.4839,0.0000,0,0,0.1618,0.0939,0.5789,2159520.7500
51.1198,-0.7201,0.5282,0.4839,0.0000,0,0,0.1663,0.0919,0.5789,2159520.7500
51.1301,-0.5169,0.5211,0.4839,0.0000,0,0,0.1674,0.0914,0.5789,2159520.7500
51.1398,-0.2022,0.4578,0.4839,0.0000,0,0,0.1637,0.0934,0.5789,2159520.7500
51.1501,-0.3250,0.4499,0.4839,0.0000,0,0,0.1620,0.0945,0.5789,2159520.7500
51.1598,-0.3230,0.4555,0.4839,0.0000,0,0,0.1604,0.0956,0.5789,2159520.7500
51.1698,-0.1208,0.5303,0.4839,0.0000,0,0,0.1561,0.0989,0.5789,2159520.7500
51.1808,-0.2150,0.1753,0.4839,0.0000,0,0,0.1533,0.1012,0.5789,2159520.7500
51.1897,-0.2461,0.1274,0.4839,0.0000,0,0,0.1512,0.1032,0.5789,2159520.7500
51.2001,-0.3528,0.4894,0.4839,0.0000,0,0,0.1506,0.1037,0.5789,2159520.7500
51.2098,-0.4723,0.2388,0.4839,0.0000,0,0,0.1516,0.1026,0.5789,2159520.7500
51.2197,-0.2126,-0.3680,0.4839,0.0000,0,0,0.1494,0.1052,0.5789,2159520.7500
51.2301,-0.5929,0.0978,0.4839,0.0000,0,0,0.1519,0.1020,0.5789,2159520.7500
51.2398,-0.9248,0.5690,0.4839,0.0000,0,0,0.1579,0.0933,0.5789,2159520.7500
51.2507,-0.5627,-0.0114,0.4839,0.0000,0,0,0.1597,0.0905,0.5789,2159520.7500
51.2597,-0.3151,0.1804,0.4839,0.0000,0,0,0.1589,0.0918,0.5789,2159520.7500
51.2697,-0.5066,0.5597,0.4839,0.0000,0,0,0.1600,0.0897,0.5789,2159520.7500
51.2800,-0.2034,0.2263,0.4839,0.0000,0,0,0.1584,0.0931,0.5789,2159520.7500
51.2897,0.1209,0.1159,0.4839,0.0000,0,0,0.1543,0.1027,0.5789,2159520.7500
51.3001,-0.1489,0.3517,0.4839,0.0000,0,0,0.1527,0.1069,0.5789,2159520.7500
51.3097,-0.3430,0.3290,0.4839,0.0000,0,0,0.1527,0.1069,0.5789,2159520.7500
51.3198,-0.2926,0.1320,0.4839,0.0000,0,0,0.1524,0.1080,0.5789,2159520.7500
51.3301,-0.3316,-0.0511,0.4839,0.0000,0,0,0.1524,0.1080,0.5789,2159520.7500
51.3398,-0.3574,-0.0958,0.4839,0.0000,0,0,0.1525,0.1074,0.5789,2159520.7500
51.3501,-0.6410,-0.0718,0.4839,0.0000,0,0,0.1538,0.1004,0.5789,2159520.7500
51.3598,-0.3030,0.1959,0.4839,0.0000,0,0,0.1537,0.1010,0.5789,2159520.7500
51.3698,-0.1810,0.2361,0.4839,0.0000,0,0,0.1533,0.1043,0.5789,2159520.7500
51.3807,-0.2923,0.5576,0.4839,0.0000,0,0,0.1533,0.1048,0.5789,2159520.7500
51.3897,-0.0969,0.7163,0.4839,0.0000,0,0,0.1530,0.1098,0.5789,2159520.7500
51.4001,0.0599,0.4050,0.4839,0.0000,0,0,0.1528,0.1184,0.5789,2159520.7500
51.4098,-0.0595,-0.0284,0.4839,0.0000,0,0,0.1528,0.1237,0.5789,2159520.7500
51.4198,-0.2182,0.0320,0.4839,0.0000,0,0,0.1529,0.1249,0.5789,2159520.7500
51.4301,-0.3304,0.1640,0.4839,0.0000,0,0,0.1527,0.1231,0.5789,2159520.7500
51.4398,-0.3676,-0.1679,0.4839,0.0000,0,0,0.1525,0.1203,0.5789,2159520.7500
51.4507,-0.3821,0.0387,0.4839,0.0000,0,0,0.1521,0.1170,0.5789,2159520.7500
51.4598,-0.6167,0.7359,0.4839,0.0000,0,0,0.1507,0.1077,0.5789,2159520.7500
51.4698,-0.5916,0.4215,0.4839,0.0000,0,0,0.1492,0.0993,0.5789,2159520.7500
51.4801,-0.1381,0.0357,0.4839,0.0000,0,0,0.1499,0.1025,0.5789,2159520.7500
51.4898,-0.5118,0.4435,0.4839,0.0000,0,0,0.1484,0.0959,0.5789,2159520.7500
51.5001,-0.4578,0.5552,0.4839,0.0000,0,0,0.1470,0.0908,0.5789,2159520.7500
51.5098,-0.1232,0.0991,0.4839,0.0000,0,0,0.1480,0.0942,0.5789,2159520.7500
51.5198,-0.1788,0.2918,0.4839,0.0000,0,0,0.1486,0.0960,0.5789,2159520.7500
51.5300,-0.3269,0.4991,0.4839,0.0000,0,0,0.1478,0.0938,0.5789,2159520.7500
51.5398,-0.3533,0.0650,0.4839,0.0000,0,0,0.1468,0.0910,0.5789,2159520.7500
51.5500,-0.2205,-0.1700,0.4839,0.0000,0,0,0.1469,0.0914,0.5789,2159520.7500
51.5598,-0.3576,0.0909,0.4839,0.0000,0,0,0.1456,0.0883,0.5789,2159520.7500
51.5698,-0.5946,0.2034,0.4839,0.0000,0,0,0.1415,0.0794,0.5789,2159520.7500
51.5807,-0.4077,0.0489,0.4839,0.0000,0,0,0.1395,0.0754,0.5789,2159520.7500
51.5897,-0.3053,0.2454,0.4839,0.0000,0,0,0.1387,0.0738,0.5789,2159520.7500
51.6001,-0.4663,0.5969,0.4839,0.0000,0,0,0.1357,0.0684,0.5789,2159520.7500
51.6097,-0.2034,0.3461,0.4839,0.0000,0,0,0.1363,0.0693,0.5789,2159520.7500
51.6198,0.0908,0.2533,0.4839,0.0000,0,0,0.1409,0.0769,0.5789,2159520.7500
51.6301,-0.2703,0.4694,0.4839,0.0000,0,0,0.1401,0.0757,0.5789,2159520.7500
51.6398,-0.2203,0.3581,0.4839,0.0000,0,0,0.1401,0.0757,0.5789,2159520.7500
51.6507,-0.0986,-0.0200,0.4839,0.0000,0,0,0.1419,0.0782,0.5789,2159520.7500
51.6597,-0.2782,0.0770,0.4839,0.0000,0,0,0.1407,0.0766,0.5789,2159520.7500
51.6697,-0.4404,0.1313,0.4839,0.0000,0,0,0.1368,0.0716,0.5789,2159520.7500
51.6801,-0.4411,0.0735,0.4839,0.0000,0,0,0.1328,0.0668,0.5789,2159520.7500
51.6898,-0.3009,0.1462,0.4839,0.0000,0,0,0.1312,0.0650,0.5789,2159520.7500
51.7001,-0.2171,0.1429,0.4839,0.0000,0,0,0.1311,0.0648,0.5789,2159520.7500
51.7098,-0.3164,0.3731,0.4839,0.0000,0,0,0.1291,0.0627,0.5789,2159520.7500
51.7198,-0.0290,0.6534,0.4839,0.0000,0,0,0.1325,0.0662,0.5789,2159520.7500
51.7301,0.0032,0.1121,0.4839,0.0000,0,0,0.1363,0.0701,0.5789,2159520.7500
51.7398,-0.0585,0.0136,0.4839,0.0000,0,0,0.1388,0.0726,0.5789,2159520.7500
51.7501,-0.2490,0.4024,0.4839,0.0000,0,0,0.1374,0.0713,0.5789,2159520.7500
51.7598,-0.2530,0.2156,0.4839,0.0000,0,0,0.1359,0.0699,0.5789,2159520.7500
51.7698,-0.1702,-0.2290,0.4839,0.0000,0,0,0.1360,0.0700,0.5789,2159520.7500
51.7807,-0.2278,-0.0342,0.4839,0.0000,0,0,0.1349,0.0690,0.5789,2159520.7500
51.7898,-0.4545,0.1561,0.4839,0.0000,0,0,0.1292,0.0642,0.5789,2159520.7500
51.8001,-0.2973,-0.1890,0.4839,0.0000,0,0,0.1267,0.0622,0.5789,2159520.7500
51.8098,-0.1465,-0.0231,0.4839,0.0000,0,0,0.1275,0.0628,0.5789,2159520.7500
51.8198,-0.4786,0.4519,0.4839,0.0000,0,0,0.1210,0.0579,0.5789,2159520.7500
51.8300,-0.2956,0.2140,0.4839,0.0000,0,0,0.1186,0.0561,0.5789,2159520.7500
51.8397,0.2524,0.0751,0.4839,0.0000,0,0,0.1286,0.0632,0.5789,2159520.7500
51.8507,0.0434,0.2355,0.4839,0.0000,0,0,0.1335,0.0665,0.5789,2159520.7500
51.8598,-0.1077,0.2935,0.4839,0.0000,0,0,0.1347,0.0672,0.5789,2159520.7500
51.8698,-0.0102,0.3759,0.4839,0.0000,0,0,0.1380,0.0694,0.5789,2159520.7500
51.8801,-0.1926,0.2417,0.4839,0.0000,0,0,0.1369,0.0687,0.5789,2159520.7500
51.8897,-0.1810,-0.2469,0.4839,0.0000,0,0,0.1361,0.0682,0.5789,2159520.7500
51.9001,-0.2645,-0.1454,0.4839,0.0000,0,0,0.1333,0.0666,0.5789,2159520.7500
51.9098,-0.3602,-0.0070,0.4839,0.0000,0,0,0.1283,0.0637,0.5789,2159520.7500
51.9198,-0.0933,-0.4650,0.4839,0.0000,0,0,0.1298,0.0645,0.5789,2159520.7500
51.9301,-0.1340,-0.1225,0.4839,0.0000,0,0,0.1302,0.0648,0.5789,2159520.7500
51.9397,-0.4865,0.5338,0.4839,0.0000,0,0,0.1222,0.0605,0.5789,2159520.7500
51.9501,-0.1990,0.1814,0.4839,0.0000,0,0,0.1213,0.0601,0.5789,2159520.7500
51.9598,0.2010,0.0888,0.4839,0.0000,0,0,0.1300,0.0644,0.5789,2159520.7500
51.9698,-0.0923,0.3277,0.4839,0.0000,0,0,0.1313,0.0651,0.5789,2159520.7500
51.9806,-0.0926,0.1755,0.4839,0.0000,0,0,0.1325,0.0657,0.5789,2159520.7500
51.9898,0.0518,0.2747,0.4839,0.0000,0,0,0.1371,0.0678,0.5789,2159520.7500
52.0001,-0.1626,0.0228,0.4839,0.0000,0,0,0.1364,0.0675,0.5789,2159520.7500
52.0099,-0.0310,-0.3437,0.4839,0.0000,0,0,0.1388,0.0685,0.5789,2159520.7500
52.0198,-0.3127,0.0767,0.4839,0.0000,0,0,0.1346,0.0668,0.5789,2159520.7500
52.0300,-0.4602,0.3690,0.4839,0.0000,0,0,0.1273,0.0638,0.5789,2159520.7500
52.0398,-0.0144,-0.2487,0.4839,0.0000,0,0,0.1303,0.0650,0.5789,2159520.7500
52.0507,-0.0049,0.0996,0.4839,0.0000,0,0,0.1334,0.0661,0.5789,2159520.7500
52.0598,-0.2681,0.7984,0.4839,0.0000,0,0,0.1306,0.0651,0.5789,2159520.7500
52.0697,-0.0758,0.4525,0.4839,0.0000,0,0,0.1321,0.0656,0.5789,2159520.7500
52.0801,0.1417,0.1564,0.4839,0.0000,0,0,0.1382,0.0677,0.5789,2159520.7500
52.0898,-0.1856,0.2830,0.4839,0.0000,0,0,0.1371,0.0673,0.5789,2159520.7500
52.1001,-0.0600,0.0922,0.4839,0.0000,0,0,0.1388,0.0678,0.5789,2159520.7500
52.1097,0.1481,-0.0244,0.4839,0.0000,0,0,0.1448,0.0695,0.5789,2159520.7500
52.1198,0.0337,-0.0717,0.4839,0.0000,0,0,0.1482,0.0703,0.5789,2159520.7500
52.1300,0.1167,-0.1296,0.4839,0.0000,0,0,0.1532,0.0715,0.5789,2159520.7500
52.1397,-0.1392,0.2272,0.4839,0.0000,0,0,0.1527,0.0714,0.5789,2159520.7500
52.1500,-0.1804,0.4637,0.4839,0.0000,0,0,0.1515,0.0712,0.5789,2159520.7500
52.1598,0.0481,-0.0489,0.4839,0.0000,0,0,0.1549,0.0717,0.5789,2159520.7500
52.1697,-0.1340,0.1302,0.4839,0.0000,0,0,0.1547,0.0717,0.5789,2159520.7500
52.1807,-0.2083,0.6054,0.4839,0.0000,0,0,0.1529,0.0715,0.5789,2159520.7500
52.1898,0.2013,0.2243,0.4839,0.0000,0,0,0.1594,0.0720,0.5789,2159520.7500
52.2001,0.4108,0.1185,0.4839,0.0000,0,0,0.1697,0.0726,0.5789,2159520.7500
52.2098,0.0446,0.4398,0.4839,0.0000,0,0,0.1726,0.0726,0.5789,2159520.7500
52.2198,-0.0740,0.0972,0.4839,0.0000,0,0,0.1732,0.0726,0.5789,2159520.7500
52.2300,-0.0555,-0.3397,0.4839,0.0000,0,0,0.1741,0.0726,0.5789,2159520.7500
52.2397,-0.0803,-0.0995,0.4839,0.0000,0,0,0.1746,0.0726,0.5789,2159520.7500
52.2507,-0.0972,0.2103,0.4839,0.0000,0,0,0.1749,0.0725,0.5789,2159520.7500
52.2598,-0.1113,0.0104,0.4839,0.0000,0,0,0.1749,0.0725,0.5789,2159520.7500
52.2697,0.1466,0.0569,0.4839,0.0000,0,0,0.1795,0.0717,0.5789,2159520.7500
52.2801,-0.0296,0.2517,0.4839,0.0000,0,0,0.1809,0.0714,0.5789,2159520.7500
52.2897,-0.1401,0.4304,0.4839,0.0000,0,0,0.1805,0.0715,0.5789,2159520.7500
52.3001,0.1353,0.4875,0.4839,0.0000,0,0,0.1847,0.0703,0.5789,2159520.7500
52.3098,0.1355,0.1185,0.4839,0.0000,0,0,0.1887,0.0690,0.5789,2159520.7500
52.3198,0.1576,-0.0717,0.4839,0.0000,0,0,0.1930,0.0674,0.5789,2159520.7500
52.3301,0.1245,0.1498,0.4839,0.0000,0,0,0.1966,0.0659,0.5789,2159520.7500
52.3398,0.0870,0.0265,0.4839,0.0000,0,0,0.1996,0.0646,0.5789,2159520.7500
52.3501,0.1711,-0.4454,0.4839,0.0000,0,0,0.2037,0.0625,0.5789,2159520.7500
52.3598,-0.0183,-0.0832,0.4839,0.0000,0,0,0.2049,0.0618,0.5789,2159520.7500
52.3698,-0.2233,0.2731,0.4839,0.0000,0,0,0.2033,0.0628,0.5789,2159520.7500
52.3808,-0.0966,-0.2622,0.4839,0.0000,0,0,0.2036,0.0626,0.5789,2159520.7500
52.3898,0.0368,-0.1384,0.4839,0.0000,0,0,0.2057,0.0611,0.5789,2159520.7500
52.4000,-0.3566,0.4299,0.4839,0.0000,0,0,0.2028,0.0634,0.5789,2159520.7500
52.4098,-0.1241,0.2381,0.4839,0.0000,0,0,0.2029,0.0633,0.5789,2159520.7500
52.4198,0.1885,0.2226,0.4839,0.0000,0,0,0.2066,0.0598,0.5789,2159520.7500
52.4300,-0.1129,0.4778,0.4839,0.0000,0,0,0.2069,0.0596,0.5789,2159520.7500
52.4398,-0.0084,0.1957,0.4839,0.0000,0,0,0.2083,0.0580,0.5789,2159520.7500
52.4507,-0.0044,-0.0993,0.4839,0.0000,0,0,0.2097,0.0564,0.5789,2159520.7500
52.4598,-0.1301,0.0697,0.4839,0.0000,0,0,0.2099,0.0562,0.5789,2159520.7500
52.4697,-0.2394,-0.1087,0.4839,0.0000,0,0,0.2091,0.0573,0.5789,2159520.7500
52.4801,-0.3310,-0.0482,0.4839,0.0000,0,0,0.2077,0.0595,0.5789,2159520.7500
52.4896,-0.3207,0.1109,0.4839,0.0000,0,0,0.2065,0.0615,0.5789,2159520.7500
52.5001,-0.0713,-0.1834,0.4839,0.0000,0,0,0.2073,0.0600,0.5789,2159520.7500
52.5098,-0.2677,0.0218,0.4839,0.0000,0,0,0.2067,0.0612,0.5789,2159520.7500
52.5198,-0.4471,0.4066,0.4839,0.0000,0,0,0.2051,0.0649,0.5789,2159520.7500
52.5301,-0.1931,0.1652,0.4839,0.0000,0,0,0.2051,0.0647,0.5789,2159520.7500
52.5398,-0.1848,0.1580,0.4839,0.0000,0,0,0.2053,0.0643,0.5789,2159520.7500
52.5500,-0.1345,0.7729,0.4839,0.0000,0,0,0.2056,0.0631,0.5789,2159520.7500
52.5598,0.1159,0.5388,0.4839,0.0000,0,0,0.2070,0.0578,0.5789,2159520.7500
52.5697,0.0805,0.0608,0.4839,0.0000,0,0,0.2080,0.0531,0.5789,2159520.7500
52.5807,-0.1364,0.1048,0.4839,0.0000,0,0,0.2082,0.0517,0.5789,2159520.7500
52.5897,-0.3991,0.2261,0.4839,0.0000,0,0,0.2078,0.0546,0.5789,2159520.7500
52.6001,-0.3818,-0.1551,0.4839,0.0000,0,0,0.2076,0.0570,0.5789,2159520.7500
52.6098,-0.3095,0.0502,0.4839,0.0000,0,0,0.2076,0.0581,0.5789,2159520.7500
52.6198,-0.3826,0.5853,0.4839,0.0000,0,0,0.2075,0.0603,0.5789,2159520.7500
52.6300,-0.4564,0.3315,0.4839,0.0000,0,0,0.2076,0.0635,0.5789,2159520.7500
52.6398,-0.0893,0.0797,0.4839,0.0000,0,0,0.2074,0.0604,0.5789,2159520.7500
52.6508,-0.4812,0.4059,0.4839,0.0000,0,0,0.2077,0.0640,0.5789,2159520.7500
52.6597,-0.5536,0.4869,0.4839,0.0000,0,0,0.2083,0.0685,0.5789,2159520.7500
52.6697,-0.2379,0.2985,0.4839,0.0000,0,0,0.2082,0.0675,0.5789,2159520.7500
52.6800,-0.3559,0.3793,0.4839,0.0000,0,0,0.2083,0.0684,0.5789,2159520.7500
52.6897,-0.3621,0.5112,0.4839,0.0000,0,0,0.2085,0.0693,0.5789,2159520.7500
52.7001,-0.1383,0.2218,0.4839,0.0000,0,0,0.2077,0.0662,0.5789,2159520.7500
52.7098,-0.2369,0.2629,0.4839,0.0000,0,0,0.2073,0.0647,0.5789,2159520.7500
52.7198,-0.5083,0.2946,0.4839,0.0000,0,0,0.2083,0.0678,0.5789,2159520.7500
52.7301,-0.4564,0.0548,0.4839,0.0000,0,0,0.2091,0.0699,0.5789,2159520.7500
52.7398,-0.5285,0.2341,0.4839,0.0000,0,0,0.2103,0.0730,0.5789,2159520.7500
52.7500,-0.5000,0.2012,0.4839,0.0000,0,0,0.2114,0.0754,0.5789,2159520.7500
52.7598,-0.5000,0.3023,0.4839,0.0000,0,0,0.2124,0.0777,0.5789,2159520.7500
52.7698,-0.6678,0.6381,0.4839,0.0000,0,0,0.2149,0.0826,0.5789,2159520.7500
52.7807,-0.3151,0.5826,0.4839,0.0000,0,0,0.2143,0.0814,0.5789,2159520.7500
52.7897,-0.2893,0.2078,0.4839,0.0000,0,0,0.2134,0.0798,0.5789,2159520.7500
52.8001,-0.4971,0.6436,0.4839,0.0000,0,0,0.2144,0.0815,0.5789,2159520.7500
52.8097,-0.3796,0.5689,0.4839,0.0000,0,0,0.2142,0.0812,0.5789,2159520.7500
52.8198,-0.3032,0.2793,0.4839,0.0000,0,0,0.2131,0.0796,0.5789,2159520.7500
52.8301,-0.3502,0.3380,0.4839,0.0000,0,0,0.2124,0.0787,0.5789,2159520.7500
52.8398,-0.3427,0.4263,0.4839,0.0000,0,0,0.2116,0.0778,0.5789,2159520.7500
52.8508,-0.4529,-0.0331,0.4839,0.0000,0,0,0.2121,0.0783,0.5789,2159520.7500
52.8598,-0.4948,-0.1798,0.4839,0.0000,0,0,0.2130,0.0793,0.5789,2159520.7500
52.8697,-0.6256,0.1200,0.4839,0.0000,0,0,0.2156,0.0820,0.5789,2159520.7500
52.8801,-0.7631,0.0930,0.4839,0.0000,0,0,0.2200,0.0863,0.5789,2159520.7500
52.8898,-0.4080,-0.4727,0.4839,0.0000,0,0,0.2195,0.0858,0.5789,2159520.7500
52.9000,-0.3341,-0.2529,0.4839,0.0000,0,0,0.2178,0.0844,0.5789,2159520.7500
52.9098,-0.5931,0.2026,0.4839,0.0000,0,0,0.2199,0.0860,0.5789,2159520.7500
52.9198,-0.4641,0.1549,0.4839,0.0000,0,0,0.2199,0.0861,0.5789,2159520.7500
52.9300,-0.2432,0.2335,0.4839,0.0000,0,0,0.2167,0.0838,0.5789,2159520.7500
52.9397,-0.4356,0.3337,0.4839,0.0000,0,0,0.2163,0.0835,0.5789,2159520.7500
52.9501,-0.2741,0.2346,0.4839,0.0000,0,0,0.2133,0.0817,0.5789,2159520.7500
52.9598,-0.0472,0.1353,0.4839,0.0000,0,0,0.2068,0.0779,0.5789,2159520.7500
52.9698,-0.2710,-0.1562,0.4839,0.0000,0,0,0.2039,0.0764,0.5789,2159520.7500
52.9807,-0.2087,-0.4260,0.4839,0.0000,0,0,0.1999,0.0744,0.5789,2159520.7500
52.9898,-0.6756,-0.0284,0.4839,0.0000,0,0,0.2036,0.0761,0.5789,2159520.7500
53.0001,-0.7582,-0.0189,0.4839,0.0000,0,0,0.2086,0.0781,0.5789,2159520.7500
53.0099,-0.3541,-0.3393,0.4839,0.0000,0,0,0.2067,0.0774,0.5789,2159520.7500
53.0198,-0.4232,0.1679,0.4839,0.0000,0,0,0.2060,0.0772,0.5789,2159520.7500
53.0301,-0.7859,0.4949,0.4839,0.0000,0,0,0.2115,0.0787,0.5789,2159520.7500
53.0398,-0.5215,0.0281,0.4839,0.0000,0,0,0.2123,0.0789,0.5789,2159520.7500
53.0507,-0.4481,0.2425,0.4839,0.0000,0,0,0.2118,0.0788,0.5789,2159520.7500
53.0597,-0.6662,0.4480,0.4839,0.0000,0,0,0.2150,0.0793,0.5789,2159520.7500
53.0697,-0.5296,0.0890,0.4839,0.0000,0,0,0.2159,0.0794,0.5789,2159520.7500
53.0801,-0.3074,0.1150,0.4839,0.0000,0,0,0.2128,0.0792,0.5789,2159520.7500
53.0898,-0.4423,-0.0878,0.4839,0.0000,0,0,0.2122,0.0792,0.5789,2159520.7500
53.1001,-0.5080,-0.1847,0.4839,0.0000,0,0,0.2127,0.0791,0.5789,2159520.7500
53.1098,-0.7937,0.0882,0.4839,0.0000,0,0,0.2181,0.0788,0.5789,2159520.7500
53.1198,-0.8974,-0.0736,0.4839,0.0000,0,0,0.2251,0.0781,0.5789,2159520.7500
53.1300,-0.5515,-0.3216,0.4839,0.0000,0,0,0.2260,0.0780,0.5789,2159520.7500
53.1398,-0.7528,0.1858,0.4839,0.0000,0,0,0.2303,0.0771,0.5789,2159520.7500
53.1501,-0.9141,0.3066,0.4839,0.0000,0,0,0.2372,0.0754,0.5789,2159520.7500
53.1598,-0.5463,-0.1842,0.4839,0.0000,0,0,0.2378,0.0752,0.5789,2159520.7500
53.1697,-0.5890,0.0994,0.4839,0.0000,0,0,0.2391,0.0748,0.5789,2159520.7500
53.1806,-0.7678,0.4582,0.4839,0.0000,0,0,0.2432,0.0731,0.5789,2159520.7500
53.1897,-0.5705,0.1654,0.4839,0.0000,0,0,0.2441,0.0727,0.5789,2159520.7500
53.2000,-0.3726,0.0414,0.4839,0.0000,0,0,0.2419,0.0739,0.5789,2159520.7500
53.2097,-0.6008,-0.2078,0.4839,0.0000,0,0,0.2433,0.0731,0.5789,2159520.7500
53.2198,-0.6812,-0.4404,0.4839,0.0000,0,0,0.2458,0.0714,0.5789,2159520.7500
53.2300,-0.8299,-0.2258,0.4839,0.0000,0,0,0.2505,0.0681,0.5789,2159520.7500
53.2398,-0.7464,-0.1735,0.4839,0.0000,0,0,0.2537,0.0656,0.5789,2159520.7500
53.2507,-0.4464,-0.3376,0.4839,0.0000,0,0,0.2527,0.0664,0.5789,2159520.7500
53.2598,-0.7119,0.2654,0.4839,0.0000,0,0,0.2553,0.0640,0.5789,2159520.7500
53.2696,-0.7069,0.7088,0.4839,0.0000,0,0,0.2578,0.0614,0.5789,2159520.7500
53.2801,-0.4064,0.1767,0.4839,0.0000,0,0,0.2564,0.0630,0.5789,2159520.7500
53.2898,-0.5655,-0.0037,0.4839,0.0000,0,0,0.2570,0.0622,0.5789,2159520.7500
53.3001,-0.6429,0.3021,0.4839,0.0000,0,0,0.2586,0.0601,0.5789,2159520.7500
53.3098,-0.4462,-0.1626,0.4839,0.0000,0,0,0.2579,0.0612,0.5789,2159520.7500
53.3198,-0.4111,-0.3017,0.4839,0.0000,0,0,0.2569,0.0627,0.5789,2159520.7500
53.3300,-0.4766,-0.0551,0.4839,0.0000,0,0,0.2567,0.0631,0.5789,2159520.7500
53.3398,-0.4791,-0.0332,0.4839,0.0000,0,0,0.2566,0.0633,0.5789,2159520.7500
53.3501,-0.5090,0.0501,0.4839,0.0000,0,0,0.2568,0.0629,0.5789,2159520.7500
53.3598,-0.3435,0.0103,0.4839,0.0000,0,0,0.2557,0.0656,0.5789,2159520.7500
53.3697,-0.5464,-0.1941,0.4839,0.0000,0,0,0.2562,0.0642,0.5789,2159520.7500
53.3807,-0.7466,0.2227,0.4839,0.0000,0,0,0.2580,0.0584,0.5789,2159520.7500
53.3897,-0.5344,0.4918,0.4839,0.0000,0,0,0.2584,0.0572,0.5789,2159520.7500
53.4001,-0.2672,0.0238,0.4839,0.0000,0,0,0.2573,0.0615,0.5789,2159520.7500
53.4098,-0.3723,0.0918,0.4839,0.0000,0,0,0.2569,0.0634,0.5789,2159520.7500
53.4198,-0.2926,0.3238,0.4839,0.0000,0,0,0.2563,0.0669,0.5789,2159520.7500
53.4301,-0.2954,-0.1492,0.4839,0.0000,0,0,0.2559,0.0702,0.5789,2159520.7500
53.4397,-0.1395,-0.4357,0.4839,0.0000,0,0,0.2551,0.0769,0.5789,2159520.7500
53.4507,-0.3484,-0.2093,0.4839,0.0000,0,0,0.2550,0.0783,0.5789,2159520.7500
53.4598,-0.6136,-0.1106,0.4839,0.0000,0,0,0.2552,0.0733,0.5789,2159520.7500
53.4697,-0.4540,-0.2178,0.4839,0.0000,0,0,0.2553,0.0720,0.5789,2159520.7500
53.4800,-0.2643,-0.0647,0.4839,0.0000,0,0,0.2553,0.0753,0.5789,2159520.7500
53.4897,-0.5672,0.1940,0.4839,0.0000,0,0,0.2551,0.0708,0.5789,2159520.7500
53.5001,-0.5717,0.2184,0.4839,0.0000,0,0,0.2548,0.0661,0.5789,2159520.7500
53.5098,-0.2370,0.0803,0.4839,0.0000,0,0,0.2551,0.0698,0.5789,2159520.7500
53.5199,-0.2219,-0.0976,0.4839,0.0000,0,0,0.2556,0.0735,0.5789,2159520.7500
53.5301,-0.1949,0.0170,0.4839,0.0000,0,0,0.2563,0.0776,0.5789,2159520.7500
53.5398,0.0295,0.1797,0.4839,0.0000,0,0,0.2580,0.0871,0.5789,2159520.7500
53.5501,-0.1565,-0.2993,0.4839,0.0000,0,0,0.2590,0.0914,0.5789,2159520.7500
53.5598,-0.1475,-0.4567,0.4839,0.0000,0,0,0.2600,0.0955,0.5789,2159520.7500
53.5697,-0.3263,-0.1897,0.4839,0.0000,0,0,0.2598,0.0947,0.5789,2159520.7500
53.5807,-0.4023,-0.3376,0.4839,0.0000,0,0,0.2589,0.0918,0.5789,2159520.7500
53.5898,-0.0846,-0.5663,0.4839,0.0000,0,0,0.2605,0.0969,0.5789,2159520.7500
53.6001,-0.1946,-0.0714,0.4839,0.0000,0,0,0.2612,0.0987,0.5789,2159520.7500
53.6098,-0.3591,0.2478,0.4839,0.0000,0,0,0.2602,0.0962,0.5789,2159520.7500
53.6198,-0.1754,-0.2231,0.4839,0.0000,0,0,0.2610,0.0982,0.5789,2159520.7500
53.6301,-0.3263,-0.0760,0.4839,0.0000,0,0,0.2601,0.0961,0.5789,2159520.7500
53.6398,-0.2265,0.4674,0.4839,0.0000,0,0,0.2602,0.0963,0.5789,2159520.7500
53.6507,0.1657,0.1173,0.4839,0.0000,0,0,0.2650,0.1058,0.5789,2159520.7500
53.6598,0.1719,-0.1137,0.4839,0.0000,0,0,0.2697,0.1148,0.5789,2159520.7500
53.6697,-0.1250,0.2007,0.4839,0.0000,0,0,0.2705,0.1161,0.5789,2159520.7500
53.6801,-0.2553,-0.0327,0.4839,0.0000,0,0,0.2693,0.1142,0.5789,2159520.7500
53.6897,-0.3170,-0.5034,0.4839,0.0000,0,0,0.2672,0.1107,0.5789,2159520.7500
53.7001,-0.2616,-0.1580,0.4839,0.0000,0,0,0.2657,0.1085,0.5789,2159520.7500
53.7098,-0.4338,0.0552,0.4839,0.0000,0,0,0.2615,0.1024,0.5789,2159520.7500
53.7198,-0.2842,-0.0913,0.4839,0.0000,0,0,0.2595,0.0997,0.5789,2159520.7500
53.7301,0.0007,-0.0168,0.4839,0.0000,0,0,0.2621,0.1031,0.5789,2159520.7500
53.7398,-0.3001,0.3429,0.4839,0.0000,0,0,0.2595,0.0998,0.5789,2159520.7500
53.7501,-0.2170,0.2555,0.4839,0.0000,0,0,0.2582,0.0983,0.5789,2159520.7500
53.7598,0.1238,-0.0853,0.4839,0.0000,0,0,0.2628,0.1035,0.5789,2159520.7500
53.7698,-0.0459,-0.0185,0.4839,0.0000,0,0,0.2641,0.1050,0.5789,2159520.7500
53.7807,-0.1771,-0.0274,0.4839,0.0000,0,0,0.2628,0.1036,0.5789,2159520.7500
53.7898,-0.2405,-0.2161,0.4839,0.0000,0,0,0.2603,0.1010,0.5789,2159520.7500
53.8001,-0.2659,-0.2093,0.4839,0.0000,0,0,0.2571,0.0978,0.5789,2159520.7500
53.8098,-0.0516,-0.5720,0.4839,0.0000,0,0,0.2581,0.0987,0.5789,2159520.7500
53.8197,-0.2345,-0.1172,0.4839,0.0000,0,0,0.2553,0.0961,0.5789,2159520.7500
53.8301,-0.3081,0.5095,0.4839,0.0000,0,0,0.2510,0.0921,0.5789,2159520.7500
53.8398,-0.1825,0.1249,0.4839,0.0000,0,0,0.2492,0.0905,0.5789,2159520.7500
53.8508,-0.1638,-0.0162,0.4839,0.0000,0,0,0.2477,0.0892,0.5789,2159520.7500
53.8598,-0.1674,0.2724,0.4839,0.0000,0,0,0.2461,0.0879,0.5789,2159520.7500
53.8697,-0.1234,-0.0075,0.4839,0.0000,0,0,0.2453,0.0872,0.5789,2159520.7500
53.8801,-0.0704,-0.2571,0.4839,0.0000,0,0,0.2455,0.0874,0.5789,2159520.7500
53.8897,-0.2219,0.0476,0.4839,0.0000,0,0,0.2423,0.0850,0.5789,2159520.7500
53.9001,-0.4401,0.1061,0.4839,0.0000,0,0,0.2341,0.0792,0.5789,2159520.7500
53.9098,-0.2960,-0.4075,0.4839,0.0000,0,0,0.2294,0.0759,0.5789,2159520.7500
53.9198,-0.0483,-0.3179,0.4839,0.0000,0,0,0.2303,0.0765,0.5789,2159520.7500
53.9301,-0.4659,0.2865,0.4839,0.0000,0,0,0.2214,0.0707,0.5789,2159520.7500
53.9397,-0.3889,0.4329,0.4839,0.0000,0,0,0.2146,0.0664,0.5789,2159520.7500
53.9501,0.0502,0.3754,0.4839,0.0000,0,0,0.2182,0.0686,0.5789,2159520.7500
53.9598,-0.2259,0.4643,0.4839,0.0000,0,0,0.2150,0.0667,0.5789,2159520.7500
53.9698,-0.1380,0.2172,0.4839,0.0000,0,0,0.2140,0.0661,0.5789,2159520.7500
53.9807,0.0570,-0.1456,0.4839,0.0000,0,0,0.2176,0.0681,0.5789,2159520.7500
53.9898,-0.1975,-0.1092,0.4839,0.0000,0,0,0.2149,0.0666,0.5789,2159520.7500
54.0001,-0.3130,-0.0574,0.4839,0.0000,0,0,0.2094,0.0637,0.5789,2159520.7500
54.0098,-0.4362,-0.0713,0.4839,0.0000,0,0,0.2012,0.0594,0.5789,2159520.7500
54.0198,-0.2104,0.1582,0.4839,0.0000,0,0,0.1987,0.0581,0.5789,2159520.7500
54.0300,-0.2419,0.1617,0.4839,0.0000,0,0,0.1954,0.0565,0.5789,2159520.7500
54.0398,-0.3244,0.4344,0.4839,0.0000,0,0,0.1903,0.0540,0.5789,2159520.7500
54.0507,-0.0943,0.6559,0.4839,0.0000,0,0,0.1907,0.0542,0.5789,2159520.7500
54.0598,0.0492,0.3317,0.4839,0.0000,0,0,0.1945,0.0559,0.5789,2159520.7500
54.0697,-0.0683,0.2031,0.4839,0.0000,0,0,0.1953,0.0563,0.5789,2159520.7500
54.0801,-0.0755,0.4376,0.4839,0.0000,0,0,0.1959,0.0566,0.5789,2159520.7500
54.0897,-0.2276,0.2336,0.4839,0.0000,0,0,0.1930,0.0553,0.5789,2159520.7500
54.1001,-0.0811,-0.3134,0.4839,0.0000,0,0,0.1934,0.0555,0.5789,2159520.7500
54.1097,-0.1563,-0.0324,0.4839,0.0000,0,0,0.1922,0.0550,0.5789,2159520.7500
54.1198,-0.4418,0.5074,0.4839,0.0000,0,0,0.1847,0.0522,0.5789,2159520.7500
54.1301,-0.2326,0.1285,0.4839,0.0000,0,0,0.1820,0.0512,0.5789,2159520.7500
54.1398,0.0793,0.1371,0.4839,0.0000,0,0,0.1863,0.0527,0.5789,2159520.7500
54.1502,-0.2594,0.7679,0.4839,0.0000,0,0,0.1830,0.0516,0.5789,2159520.7500
54.1598,-0.0763,0.4172,0.4839,0.0000,0,0,0.1839,0.0519,0.5789,2159520.7500
54.1697,0.2085,-0.0859,0.4839,0.0000,0,0,0.1907,0.0539,0.5789,2159520.7500
54.1807,-0.0503,0.1879,0.4839,0.0000,0,0,0.1918,0.0542,0.5789,2159520.7500
54.1898,-0.1098,0.1765,0.4839,0.0000,0,0,0.1916,0.0541,0.5789,2159520.7500
54.2001,-0.1117,0.0251,0.4839,0.0000,0,0,0.1914,0.0541,0.5789,2159520.7500
54.2098,-0.1890,0.1404,0.4839,0.0000,0,0,0.1897,0.0537,0.5789,2159520.7500
54.2198,-0.0941,0.0565,0.4839,0.0000,0,0,0.1900,0.0538,0.5789,2159520.7500
54.2301,-0.2052,0.1795,0.4839,0.0000,0,0,0.1880,0.0535,0.5789,2159520.7500
54.2398,-0.0231,0.4855,0.4839,0.0000,0,0,0.1898,0.0537,0.5789,2159520.7500
54.2507,0.0022,0.1024,0.4839,0.0000,0,0,0.1920,0.0539,0.5789,2159520.7500
54.2598,-0.0871,0.1349,0.4839,0.0000,0,0,0.1925,0.0540,0.5789,2159520.7500
54.2697,-0.0397,0.4500,0.4839,0.0000,0,0,0.1938,0.0540,0.5789,2159520.7500
54.2801,0.1315,0.1601,0.4839,0.0000,0,0,0.1985,0.0541,0.5789,2159520.7500
54.2898,0.1236,-0.0893,0.4839,0.0000,0,0,0.2028,0.0540,0.5789,2159520.7500
54.3001,0.0594,0.2615,0.4839,0.0000,0,0,0.2058,0.0538,0.5789,2159520.7500
54.3098,-0.1535,0.2760,0.4839,0.0000,0,0,0.2048,0.0539,0.5789,2159520.7500
54.3198,-0.1348,-0.2406,0.4839,0.0000,0,0,0.2042,0.0540,0.5789,2159520.7500
54.3301,-0.2531,0.0086,0.4839,0.0000,0,0,0.2017,0.0544,0.5789,2159520.7500
54.3398,-0.5186,0.6494,0.4839,0.0000,0,0,0.1947,0.0557,0.5789,2159520.7500
54.3501,-0.3011,0.4575,0.4839,0.0000,0,0,0.1918,0.0563,0.5789,2159520.7500
54.3598,0.1268,0.2425,0.4839,0.0000,0,0,0.1962,0.0552,0.5789,2159520.7500
54.3697,-0.1666,0.5081,0.4839,0.0000,0,0,0.1957,0.0554,0.5789,2159520.7500
54.3807,0.0038,0.3854,0.4839,0.0000,0,0,0.1979,0.0546,0.5789,2159520.7500
54.3897,0.0184,0.0135,0.4839,0.0000,0,0,0.2004,0.0536,0.5789,2159520.7500
54.4001,-0.1495,0.0286,0.4839,0.0000,0,0,0.2002,0.0537,0.5789,2159520.7500
54.4098,-0.3429,-0.0796,0.4839,0.0000,0,0,0.1973,0.0551,0.5789,2159520.7500
54.4198,-0.3953,-0.1244,0.4839,0.0000,0,0,0.1938,0.0569,0.5789,2159520.7500
54.4301,-0.0960,0.1970,0.4839,0.0000,0,0,0.1947,0.0564,0.5789,2159520.7500
54.4398,0.0067,0.2482,0.4839,0.0000,0,0,0.1971,0.0549,0.5789,2159520.7500
54.4507,-0.0907,0.4747,0.4839,0.0000,0,0,0.1981,0.0542,0.5789,2159520.7500
54.4598,-0.1119,0.7466,0.4839,0.0000,0,0,0.1988,0.0537,0.5789,2159520.7500
54.4697,-0.2217,0.3262,0.4839,0.0000,0,0,0.1982,0.0541,0.5789,2159520.7500
54.4801,-0.3846,0.3095,0.4839,0.0000,0,0,0.1958,0.0563,0.5789,2159520.7500
54.4897,-0.3740,0.5932,0.4839,0.0000,0,0,0.1937,0.0583,0.5789,2159520.7500
54.5001,-0.2384,0.1634,0.4839,0.0000,0,0,0.1933,0.0587,0.5789,2159520.7500
54.5098,-0.1996,-0.1775,0.4839,0.0000,0,0,0.1933,0.0586,0.5789,2159520.7500
54.5198,-0.1396,0.2383,0.4839,0.0000,0,0,0.1941,0.0578,0.5789,2159520.7500
54.5300,-0.2496,0.1581,0.4839,0.0000,0,0,0.1937,0.0582,0.5789,2159520.7500
54.5398,-0.1249,-0.0481,0.4839,0.0000,0,0,0.1946,0.0570,0.5789,2159520.7500
54.5500,-0.2432,0.2454,0.4839,0.0000,0,0,0.1944,0.0572,0.5789,2159520.7500
54.5598,-0.5912,0.2829,0.4839,0.0000,0,0,0.1916,0.0621,0.5789,2159520.7500
54.5697,-0.3262,0.2194,0.4839,0.0000,0,0,0.1910,0.0632,0.5789,2159520.7500
54.5807,-0.1590,0.6091,0.4839,0.0000,0,0,0.1917,0.0619,0.5789,2159520.7500
54.5898,-0.3725,0.7609,0.4839,0.0000,0,0,0.1910,0.0636,0.5789,2159520.7500
54.6001,-0.2017,0.5230,0.4839,0.0000,0,0,0.1913,0.0626,0.5789,2159520.7500
54.6097,-0.2111,0.4319,0.4839,0.0000,0,0,0.1916,0.0617,0.5789,2159520.7500
54.6198,-0.3496,0.3788,0.4839,0.0000,0,0,0.1913,0.0629,0.5789,2159520.7500
54.6301,-0.2133,0.2193,0.4839,0.0000,0,0,0.1915,0.0618,0.5789,2159520.7500
54.6398,-0.1426,0.1234,0.4839,0.0000,0,0,0.1920,0.0595,0.5789,2159520.7500
54.6508,-0.2712,0.1412,0.4839,0.0000,0,0,0.1920,0.0592,0.5789,2159520.7500
54.6597,-0.4061,0.2083,0.4839,0.0000,0,0,0.1918,0.0610,0.5789,2159520.7500
54.6698,-0.5507,0.1165,0.4839,0.0000,0,0,0.1915,0.0651,0.5789,2159520.7500
54.6800,-0.3477,0.1651,0.4839,0.0000,0,0,0.1915,0.0656,0.5789,2159520.7500
54.6898,-0.3113,0.3037,0.4839,0.0000,0,0,0.1915,0.0654,0.5789,2159520.7500
54.7001,-0.3391,0.4290,0.4839,0.0000,0,0,0.1915,0.0656,0.5789,2159520.7500
54.7098,-0.2403,0.3081,0.4839,0.0000,0,0,0.1914,0.0640,0.5789,2159520.7500
54.7198,-0.4312,0.1490,0.4839,0.0000,0,0,0.1915,0.0656,0.5789,2159520.7500
54.7301,-0.4312,0.4290,0.4839,0.0000,0,0,0.1917,0.0670,0.5789,2159520.7500
54.7398,-0.1887,0.5240,0.4839,0.0000,0,0,0.1913,0.0642,0.5789,2159520.7500
54.7501,-0.2085,0.1236,0.4839,0.0000,0,0,0.1907,0.0616,0.5789,2159520.7500
54.7598,-0.3152,-0.1283,0.4839,0.0000,0,0,0.1905,0.0608,0.5789,2159520.7500
54.7698,-0.4764,-0.2619,0.4839,0.0000,0,0,0.1911,0.0628,0.5789,2159520.7500
54.7808,-0.5872,-0.4050,0.4839,0.0000,0,0,0.1922,0.0664,0.5789,2159520.7500
54.7898,-0.3618,-0.3112,0.4839,0.0000,0,0,0.1921,0.0661,0.5789,2159520.7500
54.8001,-0.3558,0.3197,0.4839,0.0000,0,0,0.1919,0.0655,0.5789,2159520.7500
54.8098,-0.4765,0.3283,0.4839,0.0000,0,0,0.1925,0.0669,0.5789,2159520.7500
54.8198,-0.1831,-0.0696,0.4839,0.0000,0,0,0.1908,0.0633,0.5789,2159520.7500
54.8300,-0.3957,0.3258,0.4839,0.0000,0,0,0.1908,0.0632,0.5789,2159520.7500
54.8397,-0.6459,0.4835,0.4839,0.0000,0,0,0.1928,0.0671,0.5789,2159520.7500
54.8508,-0.4299,0.1560,0.4839,0.0000,0,0,0.1930,0.0673,0.5789,2159520.7500
54.8598,-0.4946,0.1706,0.4839,0.0000,0,0,0.1936,0.0685,0.5789,2159520.7500
54.8697,-0.5830,-0.0002,0.4839,0.0000,0,0,0.1952,0.0709,0.5789,2159520.7500
54.8801,-0.3589,-0.1792,0.4839,0.0000,0,0,0.1944,0.0697,0.5789,2159520.7500
54.8898,-0.2194,0.2084,0.4839,0.0000,0,0,0.1919,0.0664,0.5789,2159520.7500
54.9001,-0.1762,-0.0217,0.4839,0.0000,0,0,0.1889,0.0625,0.5789,2159520.7500
54.9098,-0.2855,-0.0846,0.4839,0.0000,0,0,0.1871,0.0603,0.5789,2159520.7500
54.9198,-0.5703,0.4276,0.4839,0.0000,0,0,0.1887,0.0621,0.5789,2159520.7500
54.9301,-0.5644,0.3109,0.4839,0.0000,0,0,0.1902,0.0637,0.5789,2159520.7500
54.9397,-0.5098,0.1296,0.4839,0.0000,0,0,0.1910,0.0645,0.5789,2159520.7500
54.9501,-0.7488,0.6143,0.4839,0.0000,0,0,0.1949,0.0682,0.5789,2159520.7500
54.9598,-0.4044,0.4563,0.4839,0.0000,0,0,0.1940,0.0674,0.5789,2159520.7500
54.9697,-0.4339,0.1698,0.4839,0.0000,0,0,0.1935,0.0670,0.5789,2159520.7500
54.9807,-0.6130,0.3423,0.4839,0.0000,0,0,0.1955,0.0686,0.5789,2159520.7500
54.9898,-0.4145,0.1118,0.4839,0.0000,0,0,0.1945,0.0678,0.5789,2159520.7500
55.0001,-0.5022,-0.3094,0.4839,0.0000,0,0,0.1948,0.0681,0.5789,2159520.7500
55.0099,-0.5106,-0.0420,0.4839,0.0000,0,0,0.1952,0.0683,0.5789,2159520.7500
55.0197,-0.4571,0.2444,0.4839,0.0000,0,0,0.1947,0.0680,0.5789,2159520.7500
55.0300,-0.5319,0.0887,0.4839,0.0000,0,0,0.1953,0.0684,0.5789,2159520.7500
55.0398,-0.3520,-0.0684,0.4839,0.0000,0,0,0.1930,0.0672,0.5789,2159520.7500
55.0508,-0.7133,0.2420,0.4839,0.0000,0,0,0.1966,0.0689,0.5789,2159520.7500
55.0598,-0.7202,0.2362,0.4839,0.0000,0,0,0.2002,0.0704,0.5789,2159520.7500
55.0697,-0.3480,-0.0514,0.4839,0.0000,0,0,0.1976,0.0694,0.5789,2159520.7500
55.0801,-0.5895,0.3477,0.4839,0.0000,0,0,0.1990,0.0699,0.5789,2159520.7500
55.0898,-0.6549,0.5462,0.4839,0.0000,0,0,0.2014,0.0706,0.5789,2159520.7500
55.1000,-0.3794,0.0086,0.4839,0.0000,0,0,0.1991,0.0700,0.5789,2159520.7500
55.1098,-0.5396,0.0151,0.4839,0.0000,0,0,0.1996,0.0701,0.5789,2159520.7500
55.1198,-0.6206,-0.2207,0.4839,0.0000,0,0,0.2014,0.0705,0.5789,2159520.7500
55.1301,-0.5817,-0.4304,0.4839,0.0000,0,0,0.2025,0.0706,0.5789,2159520.7500
55.1398,-0.5891,-0.0428,0.4839,0.0000,0,0,0.2037,0.0707,0.5789,2159520.7500
55.1501,-0.5004,-0.0766,0.4839,0.0000,0,0,0.2033,0.0707,0.5789,2159520.7500
55.1598,-0.6537,0.0119,0.4839,0.0000,0,0,0.2056,0.0707,0.5789,2159520.7500
55.1698,-0.8149,0.3632,0.4839,0.0000,0,0,0.2106,0.0706,0.5789,2159520.7500
55.1807,-0.5888,-0.0709,0.4839,0.0000,0,0,0.2115,0.0705,0.5789,2159520.7500
55.1897,-0.5890,-0.2126,0.4839,0.0000,0,0,0.2125,0.0704,0.5789,2159520.7500
55.2000,-0.6583,0.4764,0.4839,0.0000,0,0,0.2146,0.0701,0.5789,2159520.7500
55.2097,-0.3193,0.4386,0.4839,0.0000,0,0,0.2110,0.0708,0.5789,2159520.7500
55.2198,-0.1681,-0.0989,0.4839,0.0000,0,0,0.2049,0.0724,0.5789,2159520.7500
55.2301,-0.2877,-0.0719,0.4839,0.0000,0,0,0.2011,0.0736,0.5789,2159520.7500
55.2398,-0.6406,-0.2065,0.4839,0.0000,0,0,0.2032,0.0729,0.5789,2159520.7500
55.2507,-0.8649,-0.4592,0.4839,0.0000,0,0,0.2087,0.0705,0.5789,2159520.7500
55.2598,-0.7335,-0.0941,0.4839,0.0000,0,0,0.2121,0.0689,0.5789,2159520.7500
55.2698,-0.6949,0.1416,0.4839,0.0000,0,0,0.2147,0.0675,0.5789,2159520.7500
55.2801,-0.5568,0.3332,0.4839,0.0000,0,0,0.2151,0.0673,0.5789,2159520.7500
55.2898,-0.2097,0.4751,0.4839,0.0000,0,0,0.2104,0.0704,0.5789,2159520.7500
55.3001,-0.2674,0.1366,0.4839,0.0000,0,0,0.2068,0.0730,0.5789,2159520.7500
55.3098,-0.3819,-0.0479,0.4839,0.0000,0,0,0.2050,0.0745,0.5789,2159520.7500
55.3198,-0.4202,0.0720,0.4839,0.0000,0,0,0.2039,0.0755,0.5789,2159520.7500
55.3301,-0.4432,-0.3466,0.4839,0.0000,0,0,0.2032,0.0761,0.5789,2159520.7500
55.3398,-0.2928,-0.4437,0.4839,0.0000,0,0,0.2007,0.0789,0.5789,2159520.7500
55.3500,-0.1692,0.0966,0.4839,0.0000,0,0,0.1968,0.0834,0.5789,2159520.7500
55.3598,-0.3015,0.2933,0.4839,0.0000,0,0,0.1948,0.0860,0.5789,2159520.7500
55.3698,-0.0098,-0.0462,0.4839,0.0000,0,0,0.1897,0.0931,0.5789,2159520.7500
55.3807,-0.3542,0.0405,0.4839,0.0000,0,0,0.1887,0.0946,0.5789,2159520.7500
55.3898,-0.7415,0.1948,0.4839,0.0000,0,0,0.1918,0.0895,0.5789,2159520.7500
55.4001,-0.3053,-0.2741,0.4839,0.0000,0,0,0.1905,0.0919,0.5789,2159520.7500
55.4098,-0.2202,-0.1419,0.4839,0.0000,0,0,0.1885,0.0959,0.5789,2159520.7500
55.4198,-0.2035,0.4053,0.4839,0.0000,0,0,0.1867,0.1001,0.5789,2159520.7500
55.4300,0.0235,0.0016,0.4839,0.0000,0,0,0.1833,0.1087,0.5789,2159520.7500
55.4397,-0.0078,-0.3276,0.4839,0.0000,0,0,0.1805,0.1165,0.5789,2159520.7500
55.4507,-0.2744,-0.4229,0.4839,0.0000,0,0,0.1799,0.1186,0.5789,2159520.7500
55.4598,-0.4329,-0.5449,0.4839,0.0000,0,0,0.1802,0.1173,0.5789,2159520.7500
55.4698,-0.5106,-0.0433,0.4839,0.0000,0,0,0.1810,0.1141,0.5789,2159520.7500
55.4800,-0.1904,0.0642,0.4839,0.0000,0,0,0.1802,0.1180,0.5789,2159520.7500
55.4898,-0.0419,-0.0516,0.4839,0.0000,0,0,0.1790,0.1250,0.5789,2159520.7500
55.5001,-0.1867,0.5674,0.4839,0.0000,0,0,0.1786,0.1284,0.5789,2159520.7500
55.5097,0.1143,0.3112,0.4839,0.0000,0,0,0.1776,0.1387,0.5789,2159520.7500
55.5198,0.1491,-0.4119,0.4839,0.0000,0,0,0.1768,0.1495,0.5789,2159520.7500
55.5301,-0.0564,-0.0209,0.4839,0.0000,0,0,0.1767,0.1550,0.5789,2159520.7500
55.5398,-0.1640,-0.1466,0.4839,0.0000,0,0,0.1766,0.1575,0.5789,2159520.7500
55.5500,-0.0817,-0.8188,0.4839,0.0000,0,0,0.1768,0.1619,0.5789,2159520.7500
55.5598,-0.1138,-0.4282,0.4839,0.0000,0,0,0.1769,0.1651,0.5789,2159520.7500
55.5698,-0.3624,-0.0164,0.4839,0.0000,0,0,0.1767,0.1619,0.5789,2159520.7500
55.5807,-0.2292,-0.2544,0.4839,0.0000,0,0,0.1767,0.1620,0.5789,2159520.7500
55.5898,-0.0247,-0.1744,0.4839,0.0000,0,0,0.1774,0.1670,0.5789,2159520.7500
55.6000,-0.2660,0.2260,0.4839,0.0000,0,0,0.1771,0.1655,0.5789,2159520.7500
55.6097,-0.1615,0.1790,0.4839,0.0000,0,0,0.1773,0.1666,0.5789,2159520.7500
55.6198,0.1495,0.0055,0.4839,0.0000,0,0,0.1793,0.1754,0.5789,2159520.7500
55.6301,-0.1242,0.1095,0.4839,0.0000,0,0,0.1796,0.1767,0.5789,2159520.7500
55.6398,-0.1177,-0.0794,0.4839,0.0000,0,0,0.1800,0.1780,0.5789,2159520.7500
55.6507,-0.0208,-0.1965,0.4839,0.0000,0,0,0.1810,0.1814,0.5789,2159520.7500
55.6597,-0.1328,-0.2045,0.4839,0.0000,0,0,0.1811,0.1817,0.5789,2159520.7500
55.6697,-0.1726,-0.4617,0.4839,0.0000,0,0,0.1808,0.1809,0.5789,2159520.7500
55.6801,-0.3200,-0.2747,0.4839,0.0000,0,0,0.1790,0.1762,0.5789,2159520.7500
55.6898,-0.2782,0.0863,0.4839,0.0000,0,0,0.1775,0.1726,0.5789,2159520.7500
55.7000,-0.0510,-0.1219,0.4839,0.0000,0,0,0.1784,0.1745,0.5789,2159520.7500
55.7098,-0.1361,0.2092,0.4839,0.0000,0,0,0.1782,0.1742,0.5789,2159520.7500
55.7197,0.0151,0.5628,0.4839,0.0000,0,0,0.1798,0.1773,0.5789,2159520.7500
55.7301,0.2246,-0.0111,0.4839,0.0000,0,0,0.1840,0.1851,0.5789,2159520.7500
55.7398,-0.0448,0.0622,0.4839,0.0000,0,0,0.1845,0.1860,0.5789,2159520.7500
55.7501,-0.1635,0.2491,0.4839,0.0000,0,0,0.1833,0.1840,0.5789,2159520.7500
55.7598,-0.1824,-0.3306,0.4839,0.0000,0,0,0.1817,0.1816,0.5789,2159520.7500
55.7699,-0.0413,-0.3374,0.4839,0.0000,0,0,0.1822,0.1822,0.5789,2159520.7500
55.7807,0.0337,-0.0032,0.4839,0.0000,0,0,0.1837,0.1844,0.5789,2159520.7500
55.7898,-0.0242,-0.2279,0.4839,0.0000,0,0,0.1842,0.1851,0.5789,2159520.7500
55.8001,0.1394,-0.1190,0.4839,0.0000,0,0,0.1873,0.1891,0.5789,2159520.7500
55.8097,-0.2258,0.4300,0.4839,0.0000,0,0,0.1841,0.1851,0.5789,2159520.7500
55.8198,-0.3129,0.6391,0.4839,0.0000,0,0,0.1794,0.1795,0.5789,2159520.7500
55.8300,-0.0019,0.2084,0.4839,0.0000,0,0,0.1801,0.1803,0.5789,2159520.7500
55.8397,-0.0755,0.0657,0.4839,0.0000,0,0,0.1794,0.1795,0.5789,2159520.7500
55.8508,-0.0419,0.0867,0.4839,0.0000,0,0,0.1792,0.1794,0.5789,2159520.7500
55.8599,0.0849,-0.2942,0.4839,0.0000,0,0,0.1813,0.1816,0.5789,2159520.7500
55.8697,-0.0258,-0.2013,0.4839,0.0000,0,0,0.1812,0.1815,0.5789,2159520.7500
55.8801,-0.1821,0.0093,0.4839,0.0000,0,0,0.1780,0.1783,0.5789,2159520.7500
55.8897,-0.3290,-0.0026,0.4839,0.0000,0,0,0.1719,0.1726,0.5789,2159520.7500
55.9001,-0.0789,0.2521,0.4839,0.0000,0,0,0.1709,0.1716,0.5789,2159520.7500
55.9097,0.0209,0.3319,0.4839,0.0000,0,0,0.1718,0.1725,0.5789,2159520.7500
55.9198,-0.0392,0.3979,0.4839,0.0000,0,0,0.1715,0.1722,0.5789,2159520.7500
55.9300,0.1758,0.6508,0.4839,0.0000,0,0,0.1755,0.1755,0.5789,2159520.7500
55.9397,0.2202,0.2101,0.4839,0.0000,0,0,0.1804,0.1794,0.5789,2159520.7500
55.9502,0.1951,-0.4642,0.4839,0.0000,0,0,0.1845,0.1825,0.5789,2159520.7500
55.9598,0.0095,-0.2269,0.4839,0.0000,0,0,0.1844,0.1825,0.5789,2159520.7500
55.9698,-0.3376,-0.0291,0.4839,0.0000,0,0,0.1765,0.1768,0.5789,2159520.7500
55.9807,0.0019,-0.0694,0.4839,0.0000,0,0,0.1765,0.1768,0.5789,2159520.7500
55.9898,-0.0796,0.4272,0.4839,0.0000,0,0,0.1746,0.1755,0.5789,2159520.7500
56.0001,-0.2319,1.0205,0.4839,0.0000,0,0,0.1691,0.1720,0.5789,2159520.7500
56.0099,0.0708,0.4613,0.4839,0.0000,0,0,0.1709,0.1731,0.5789,2159520.7500
56.0198,0.1146,0.2236,0.4839,0.0000,0,0,0.1736,0.1748,0.5789,2159520.7500
56.0301,-0.0956,0.2508,0.4839,0.0000,0,0,0.1713,0.1734,0.5789,2159520.7500
56.0398,-0.0297,-0.1193,0.4839,0.0000,0,0,0.1706,0.1730,0.5789,2159520.7500
56.0507,0.0270,-0.1937,0.4839,0.0000,0,0,0.1712,0.1734,0.5789,2159520.7500
56.0598,0.0261,0.0631,0.4839,0.0000,0,0,0.1718,0.1737,0.5789,2159520.7500
56.0697,0.0595,0.1954,0.4839,0.0000,0,0,0.1732,0.1744,0.5789,2159520.7500
56.0800,-0.1176,0.6092,0.4839,0.0000,0,0,0.1703,0.1730,0.5789,2159520.7500
56.0898,0.0112,0.6549,0.4839,0.0000,0,0,0.1707,0.1731,0.5789,2159520.7500
56.1001,0.0285,0.2884,0.4839,0.0000,0,0,0.1714,0.1735,0.5789,2159520.7500
56.1097,-0.1381,0.3988,0.4839,0.0000,0,0,0.1682,0.1719,0.5789,2159520.7500
56.1198,0.0035,0.2633,0.4839,0.0000,0,0,0.1685,0.1721,0.5789,2159520.7500
56.1301,0.0611,-0.3920,0.4839,0.0000,0,0,0.1702,0.1728,0.5789,2159520.7500
56.1398,0.0978,-0.0952,0.4839,0.0000,0,0,0.1726,0.1739,0.5789,2159520.7500
56.1501,0.0268,0.3131,0.4839,0.0000,0,0,0.1734,0.1743,0.5789,2159520.7500
56.1599,-0.0430,0.1458,0.4839,0.0000,0,0,0.1726,0.1739,0.5789,2159520.7500
56.1698,0.0274,0.3701,0.4839,0.0000,0,0,0.1735,0.1743,0.5789,2159520.7500
56.1807,-0.0453,0.2991,0.4839,0.0000,0,0,0.1728,0.1740,0.5789,2159520.7500
56.1898,-0.2061,0.3899,0.4839,0.0000,0,0,0.1686,0.1724,0.5789,2159520.7500
56.2001,-0.1147,0.6402,0.4839,0.0000,0,0,0.1667,0.1718,0.5789,2159520.7500
56.2097,-0.0178,0.2684,0.4839,0.0000,0,0,0.1670,0.1719,0.5789,2159520.7500
56.2198,-0.0324,0.2348,0.4839,0.0000,0,0,0.1671,0.1719,0.5789,2159520.7500
56.2301,-0.0350,0.4642,0.4839,0.0000,0,0,0.1672,0.1719,0.5789,2159520.7500
56.2398,0.0557,-0.1012,0.4839,0.0000,0,0,0.1692,0.1725,0.5789,2159520.7500
56.2507,0.0508,-0.2952,0.4839,0.0000,0,0,0.1712,0.1730,0.5789,2159520.7500
56.2598,-0.0933,0.1657,0.4839,0.0000,0,0,0.1702,0.1728,0.5789,2159520.7500
56.2698,-0.3405,0.2124,0.4839,0.0000,0,0,0.1642,0.1715,0.5789,2159520.7500
56.2801,-0.0914,0.2965,0.4839,0.0000,0,0,0.1636,0.1714,0.5789,2159520.7500
56.2898,-0.2510,0.6212,0.4839,0.0000,0,0,0.1599,0.1707,0.5789,2159520.7500
56.3001,-0.2567,0.6533,0.4839,0.0000,0,0,0.1564,0.1702,0.5789,2159520.7500
56.3098,0.0688,0.4411,0.4839,0.0000,0,0,0.1596,0.1706,0.5789,2159520.7500
56.3198,0.1522,0.3545,0.4839,0.0000,0,0,0.1644,0.1710,0.5789,2159520.7500
56.3301,0.0186,0.0766,0.4839,0.0000,0,0,0.1665,0.1712,0.5789,2159520.7500
56.3398,0.0820,-0.1387,0.4839,0.0000,0,0,0.1698,0.1713,0.5789,2159520.7500
56.3501,-0.1068,-0.0629,0.4839,0.0000,0,0,0.1695,0.1713,0.5789,2159520.7500
56.3598,-0.1744,-0.0156,0.4839,0.0000,0,0,0.1681,0.1713,0.5789,2159520.7500
56.3698,-0.2691,0.1669,0.4839,0.0000,0,0,0.1651,0.1715,0.5789,2159520.7500
56.3807,-0.1730,0.5363,0.4839,0.0000,0,0,0.1641,0.1716,0.5789,2159520.7500
56.3898,-0.0787,0.4134,0.4839,0.0000,0,0,0.1649,0.1715,0.5789,2159520.7500
56.4001,-0.1826,0.3972,0.4839,0.0000,0,0,0.1640,0.1717,0.5789,2159520.7500
56.4097,-0.3174,0.6617,0.4839,0.0000,0,0,0.1608,0.1723,0.5789,2159520.7500
56.4198,-0.1048,0.3450,0.4839,0.0000,0,0,0.1616,0.1721,0.5789,2159520.7500
56.4300,0.0068,-0.0425,0.4839,0.0000,0,0,0.1643,0.1714,0.5789,2159520.7500
56.4397,0.0399,0.2985,0.4839,0.0000,0,0,0.1674,0.1704,0.5789,2159520.7500
56.4508,-0.1013,0.1770,0.4839,0.0000,0,0,0.1683,0.1700,0.5789,2159520.7500
56.4598,0.0433,-0.2530,0.4839,0.0000,0,0,0.1715,0.1688,0.5789,2159520.7500
56.4698,-0.1960,0.0253,0.4839,0.0000,0,0,0.1711,0.1690,0.5789,2159520.7500
56.4801,-0.3302,0.3650,0.4839,0.0000,0,0,0.1687,0.1701,0.5789,2159520.7500
56.4898,0.0483,0.1067,0.4839,0.0000,0,0,0.1721,0.1683,0.5789,2159520.7500
56.5001,-0.0860,0.4216,0.4839,0.0000,0,0,0.1734,0.1675,0.5789,2159520.7500
56.5097,-0.1928,0.7569,0.4839,0.0000,0,0,0.1734,0.1676,0.5789,2159520.7500
56.5198,0.0174,0.2715,0.4839,0.0000,0,0,0.1762,0.1656,0.5789,2159520.7500
56.5301,-0.1419,0.0778,0.4839,0.0000,0,0,0.1769,0.1651,0.5789,2159520.7500
56.5398,-0.2648,-0.0178,0.4839,0.0000,0,0,0.1762,0.1657,0.5789,2159520.7500
56.5500,-0.0518,-0.2719,0.4839,0.0000,0,0,0.1780,0.1640,0.5789,2159520.7500
56.5598,-0.0536,0.1050,0.4839,0.0000,0,0,0.1799,0.1622,0.5789,2159520.7500
56.5698,0.0494,0.1894,0.4839,0.0000,0,0,0.1828,0.1591,0.5789,2159520.7500
56.5808,-0.0343,0.1273,0.4839,0.0000,0,0,0.1847,0.1569,0.5789,2159520.7500
56.5898,-0.3178,0.4999,0.4839,0.0000,0,0,0.1837,0.1581,0.5789,2159520.7500
56.6001,-0.1196,0.1772,0.4839,0.0000,0,0,0.1848,0.1566,0.5789,2159520.7500
56.6097,-0.2141,0.2225,0.4839,0.0000,0,0,0.1850,0.1563,0.5789,2159520.7500
56.6198,-0.4640,0.8612,0.4839,0.0000,0,0,0.1832,0.1593,0.5789,2159520.7500
56.6300,-0.1568,0.4173,0.4839,0.0000,0,0,0.1840,0.1579,0.5789,2159520.7500
56.6398,-0.0514,0.0417,0.4839,0.0000,0,0,0.1855,0.1549,0.5789,2159520.7500
56.6507,-0.1753,0.4934,0.4839,0.0000,0,0,0.1860,0.1536,0.5789,2159520.7500
56.6598,-0.2142,0.0544,0.4839,0.0000,0,0,0.1864,0.1528,0.5789,2159520.7500
56.6698,-0.2639,-0.1883,0.4839,0.0000,0,0,0.1864,0.1526,0.5789,2159520.7500
56.6800,-0.2830,0.0478,0.4839,0.0000,0,0,0.1864,0.1526,0.5789,2159520.7500
56.6898,-0.3306,0.1164,0.4839,0.0000,0,0,0.1863,0.1533,0.5789,2159520.7500
56.7001,-0.3104,0.4030,0.4839,0.0000,0,0,0.1862,0.1535,0.5789,2159520.7500
56.7098,-0.1419,0.6080,0.4839,0.0000,0,0,0.1867,0.1509,0.5789,2159520.7500
56.7197,-0.1886,0.3279,0.4839,0.0000,0,0,0.1870,0.1489,0.5789,2159520.7500
56.7301,-0.3264,0.5641,0.4839,0.0000,0,0,0.1869,0.1492,0.5789,2159520.7500
56.7398,-0.1678,0.6096,0.4839,0.0000,0,0,0.1871,0.1466,0.5789,2159520.7500
56.7501,-0.1812,-0.0408,0.4839,0.0000,0,0,0.1872,0.1443,0.5789,2159520.7500
56.7598,-0.1550,-0.0195,0.4839,0.0000,0,0,0.1872,0.1414,0.5789,2159520.7500
56.7698,-0.2854,0.1373,0.4839,0.0000,0,0,0.1871,0.1406,0.5789,2159520.7500
56.7807,-0.4290,-0.1824,0.4839,0.0000,0,0,0.1873,0.1422,0.5789,2159520.7500
56.7898,-0.3190,-0.0307,0.4839,0.0000,0,0,0.1872,0.1418,0.5789,2159520.7500
56.8001,-0.4430,0.5003,0.4839,0.0000,0,0,0.1875,0.1435,0.5789,2159520.7500
56.8098,-0.3945,0.5258,0.4839,0.0000,0,0,0.1876,0.1441,0.5789,2159520.7500
56.8198,-0.1321,0.6819,0.4839,0.0000,0,0,0.1867,0.1401,0.5789,2159520.7500
56.8300,-0.2082,0.5674,0.4839,0.0000,0,0,0.1860,0.1374,0.5789,2159520.7500
56.8398,-0.1811,0.3224,0.4839,0.0000,0,0,0.1851,0.1343,0.5789,2159520.7500
56.8508,-0.0392,0.2921,0.4839,0.0000,0,0,0.1833,0.1286,0.5789,2159520.7500
56.8598,-0.1347,0.0967,0.4839,0.0000,0,0,0.1819,0.1247,0.5789,2159520.7500
56.8698,-0.1366,-0.4036,0.4839,0.0000,0,0,0.1804,0.1208,0.5789,2159520.7500
56.8801,-0.3721,0.1086,0.4839,0.0000,0,0,0.1805,0.1209,0.5789,2159520.7500
56.8897,-0.6162,0.2586,0.4839,0.0000,0,0,0.1823,0.1250,0.5789,2159520.7500
56.9001,-0.1672,-0.0540,0.4839,0.0000,0,0,0.1806,0.1215,0.5789,2159520.7500
56.9098,-0.3247,0.3855,0.4839,0.0000,0,0,0.1801,0.1205,0.5789,2159520.7500
56.9198,-0.5267,0.8242,0.4839,0.0000,0,0,0.1814,0.1228,0.5789,2159520.7500
56.9301,-0.1767,0.3367,0.4839,0.0000,0,0,0.1793,0.1194,0.5789,2159520.7500
56.9398,-0.1554,0.3348,0.4839,0.0000,0,0,0.1769,0.1158,0.5789,2159520.7500
56.9501,-0.3403,0.4240,0.4839,0.0000,0,0,0.1764,0.1150,0.5789,2159520.7500
56.9598,-0.1894,0.1650,0.4839,0.0000,0,0,0.1741,0.1120,0.5789,2159520.7500
56.9698,-0.1367,0.1896,0.4839,0.0000,0,0,0.1712,0.1082,0.5789,2159520.7500
56.9807,-0.0132,0.0435,0.4839,0.0000,0,0,0.1667,0.1028,0.5789,2159520.7500
56.9898,-0.1550,0.0234,0.4839,0.0000,0,0,0.1638,0.0996,0.5789,2159520.7500
57.0001,-0.4790,0.4086,0.4839,0.0000,0,0,0.1651,0.1010,0.5789,2159520.7500
57.0098,-0.3781,0.1691,0.4839,0.0000,0,0,0.1649,0.1008,0.5789,2159520.7500
57.0198,-0.2897,0.1531,0.4839,0.0000,0,0,0.1636,0.0996,0.5789,2159520.7500
57.0301,-0.3972,0.7852,0.4839,0.0000,0,0,0.1637,0.0997,0.5789,2159520.7500
57.0398,-0.0407,0.3873,0.4839,0.0000,0,0,0.1587,0.0955,0.5789,2159520.7500
57.0507,-0.0697,-0.0192,0.4839,0.0000,0,0,0.1541,0.0919,0.5789,2159520.7500
57.0598,-0.3668,0.4594,0.4839,0.0000,0,0,0.1538,0.0917,0.5789,2159520.7500
57.0698,-0.4124,0.1548,0.4839,0.0000,0,0,0.1543,0.0921,0.5789,2159520.7500
57.0801,-0.3862,-0.3463,0.4839,0.0000,0,0,0.1543,0.0921,0.5789,2159520.7500
57.0898,-0.3089,-0.1366,0.4839,0.0000,0,0,0.1531,0.0913,0.5789,2159520.7500
57.1001,-0.3161,-0.1277,0.4839,0.0000,0,0,0.1520,0.0907,0.5789,2159520.7500
57.1098,-0.3740,-0.0521,0.4839,0.0000,0,0,0.1518,0.0906,0.5789,2159520.7500
57.1198,-0.2536,0.1662,0.4839,0.0000,0,0,0.1496,0.0896,0.5789,2159520.7500
57.1300,-0.4220,0.0627,0.4839,0.0000,0,0,0.1502,0.0899,0.5789,2159520.7500
57.1398,-0.6082,0.3434,0.4839,0.0000,0,0,0.1540,0.0913,0.5789,2159520.7500
57.1500,-0.3852,0.4673,0.4839,0.0000,0,0,0.1539,0.0913,0.5789,2159520.7500
57.1598,-0.1883,-0.0230,0.4839,0.0000,0,0,0.1504,0.0903,0.5789,2159520.7500
57.1698,-0.2160,0.0210,0.4839,0.0000,0,0,0.1475,0.0895,0.5789,2159520.7500
57.1807,-0.2221,0.0389,0.4839,0.0000,0,0,0.1447,0.0890,0.5789,2159520.7500
57.1898,-0.3800,-0.4950,0.4839,0.0000,0,0,0.1448,0.0890,0.5789,2159520.7500
57.2001,-0.4149,-0.5217,0.4839,0.0000,0,0,0.1454,0.0890,0.5789,2159520.7500
57.2098,-0.4177,0.0135,0.4839,0.0000,0,0,0.1461,0.0891,0.5789,2159520.7500
57.2198,-0.4960,0.0295,0.4839,0.0000,0,0,0.1481,0.0892,0.5789,2159520.7500
57.2301,-0.2550,-0.1964,0.4839,0.0000,0,0,0.1459,0.0892,0.5789,2159520.7500
57.2398,-0.3269,-0.0349,0.4839,0.0000,0,0,0.1450,0.0892,0.5789,2159520.7500
57.2507,-0.6274,0.0884,0.4839,0.0000,0,0,0.1494,0.0888,0.5789,2159520.7500
57.2598,-0.4892,0.0107,0.4839,0.0000,0,0,0.1512,0.0886,0.5789,2159520.7500
57.2697,-0.4190,0.1087,0.4839,0.0000,0,0,0.1519,0.0885,0.5789,2159520.7500
57.2800,-0.5378,0.0495,0.4839,0.0000,0,0,0.1545,0.0878,0.5789,2159520.7500
57.2897,-0.3275,0.1012,0.4839,0.0000,0,0,0.1536,0.0881,0.5789,2159520.7500
57.3001,-0.2786,0.0695,0.4839,0.0000,0,0,0.1520,0.0886,0.5789,2159520.7500
57.3098,-0.2459,-0.5111,0.4839,0.0000,0,0,0.1499,0.0894,0.5789,2159520.7500
57.3198,-0.2705,-0.4337,0.4839,0.0000,0,0,0.1484,0.0901,0.5789,2159520.7500
57.3300,-0.6057,0.1516,0.4839,0.0000,0,0,0.1521,0.0882,0.5789,2159520.7500
57.3398,-0.5255,-0.0925,0.4839,0.0000,0,0,0.1545,0.0869,0.5789,2159520.7500
57.3501,-0.2509,-0.1682,0.4839,0.0000,0,0,0.1528,0.0880,0.5789,2159520.7500
57.3598,-0.5776,0.2633,0.4839,0.0000,0,0,0.1559,0.0858,0.5789,2159520.7500
57.3698,-0.4959,0.1990,0.4839,0.0000,0,0,0.1578,0.0844,0.5789,2159520.7500
57.3807,0.0565,-0.0069,0.4839,0.0000,0,0,0.1519,0.0894,0.5789,2159520.7500
57.3898,-0.2324,0.1041,0.4839,0.0000,0,0,0.1503,0.0908,0.5789,2159520.7500
57.4001,-0.2131,-0.0454,0.4839,0.0000,0,0,0.1486,0.0926,0.5789,2159520.7500
57.4097,-0.0767,-0.1285,0.4839,0.0000,0,0,0.1453,0.0962,0.5789,2159520.7500
57.4198,-0.2761,-0.1525,0.4839,0.0000,0,0,0.1446,0.0970,0.5789,2159520.7500
57.4301,-0.2935,-0.5763,0.4839,0.0000,0,0,0.1443,0.0975,0.5789,2159520.7500
57.4398,-0.3724,-0.5387,0.4839,0.0000,0,0,0.1449,0.0966,0.5789,2159520.7500
57.4507,-0.5198,0.0016,0.4839,0.0000,0,0,0.1470,0.0932,0.5789,2159520.7500
57.4598,-0.2319,-0.3182,0.4839,0.0000,0,0,0.1462,0.0946,0.5789,2159520.7500
57.4698,-0.1225,0.0209,0.4839,0.0000,0,0,0.1444,0.0980,0.5789,2159520.7500
57.4801,-0.4124,0.7732,0.4839,0.0000,0,0,0.1454,0.0959,0.5789,2159520.7500
57.4897,-0.2127,0.3865,0.4839,0.0000,0,0,0.1447,0.0976,0.5789,2159520.7500
57.5001,-0.0277,-0.0911,0.4839,0.0000,0,0,0.1427,0.1029,0.5789,2159520.7500
57.5097,-0.3922,0.0261,0.4839,0.0000,0,0,0.1434,0.1006,0.5789,2159520.7500
57.5198,-0.2685,-0.2185,0.4839,0.0000,0,0,0.1434,0.1008,0.5789,2159520.7500
57.5301,-0.2455,-0.2769,0.4839,0.0000,0,0,0.1432,0.1014,0.5789,2159520.7500
57.5398,-0.2385,-0.0963,0.4839,0.0000,0,0,0.1431,0.1021,0.5789,2159520.7500
57.5501,-0.1699,-0.1631,0.4839,0.0000,0,0,0.1427,0.1041,0.5789,2159520.7500
57.5598,-0.5122,0.1696,0.4839,0.0000,0,0,0.1436,0.0983,0.5789,2159520.7500
57.5698,-0.5861,0.4038,0.4839,0.0000,0,0,0.1445,0.0907,0.5789,2159520.7500
57.5807,-0.2290,-0.0026,0.4839,0.0000,0,0,0.1445,0.0914,0.5789,2159520.7500
57.5898,-0.3243,0.3062,0.4839,0.0000,0,0,0.1446,0.0898,0.5789,2159520.7500
57.6000,-0.3271,0.5778,0.4839,0.0000,0,0,0.1446,0.0880,0.5789,2159520.7500
57.6097,0.0394,-0.1720,0.4839,0.0000,0,0,0.1446,0.0951,0.5789,2159520.7500
57.6198,0.0835,-0.1907,0.4839,0.0000,0,0,0.1449,0.1030,0.5789,2159520.7500
57.6301,-0.0823,-0.0530,0.4839,0.0000,0,0,0.1451,0.1064,0.5789,2159520.7500
57.6398,-0.3031,-0.2751,0.4839,0.0000,0,0,0.1449,0.1041,0.5789,2159520.7500
57.6507,-0.3864,-0.2032,0.4839,0.0000,0,0,0.1443,0.0996,0.5789,2159520.7500
57.6598,-0.1351,-0.1669,0.4839,0.0000,0,0,0.1446,0.1015,0.5789,2159520.7500
57.6698,-0.2427,-0.0260,0.4839,0.0000,0,0,0.1444,0.1004,0.5789,2159520.7500
57.6800,-0.3547,0.6404,0.4839,0.0000,0,0,0.1436,0.0964,0.5789,2159520.7500
57.6897,-0.0943,0.4776,0.4839,0.0000,0,0,0.1442,0.0990,0.5789,2159520.7500
57.7001,-0.0186,0.0034,0.4839,0.0000,0,0,0.1453,0.1033,0.5789,2159520.7500
57.7098,-0.2532,0.2321,0.4839,0.0000,0,0,0.1448,0.1014,0.5789,2159520.7500
57.7197,-0.1793,0.0460,0.4839,0.0000,0,0,0.1448,0.1013,0.5789,2159520.7500
57.7300,-0.0738,-0.6144,0.4839,0.0000,0,0,0.1456,0.1037,0.5789,2159520.7500
57.7398,-0.1138,-0.3311,0.4839,0.0000,0,0,0.1460,0.1049,0.5789,2159520.7500
57.7501,-0.2578,-0.1528,0.4839,0.0000,0,0,0.1450,0.1023,0.5789,2159520.7500
57.7598,-0.3333,-0.3640,0.4839,0.0000,0,0,0.1431,0.0978,0.5789,2159520.7500
57.7698,-0.1819,-0.0688,0.4839,0.0000,0,0,0.1427,0.0971,0.5789,2159520.7500
57.7808,-0.3317,0.0421,0.4839,0.0000,0,0,0.1406,0.0927,0.5789,2159520.7500
57.7898,-0.4163,0.0089,0.4839,0.0000,0,0,0.1373,0.0864,0.5789,2159520.7500
57.8001,-0.0826,0.1160,0.4839,0.0000,0,0,0.1382,0.0881,0.5789,2159520.7500
57.8097,-0.1501,-0.0355,0.4839,0.0000,0,0,0.1382,0.0881,0.5789,2159520.7500
57.8198,-0.1309,-0.0549,0.4839,0.0000,0,0,0.1384,0.0884,0.5789,2159520.7500
57.8300,-0.1016,0.0702,0.4839,0.0000,0,0,0.1390,0.0893,0.5789,2159520.7500
57.8398,-0.0800,-0.2257,0.4839,0.0000,0,0,0.1398,0.0905,0.5789,2159520.7500
57.8507,0.0079,-0.6291,0.4839,0.0000,0,0,0.1419,0.0934,0.5789,2159520.7500
57.8598,-0.1883,-0.2235,0.4839,0.0000,0,0,0.1408,0.0919,0.5789,2159520.7500
57.8697,-0.4157,0.0341,0.4839,0.0000,0,0,0.1358,0.0856,0.5789,2159520.7500
57.8800,-0.1732,-0.4334,0.4839,0.0000,0,0,0.1349,0.0846,0.5789,2159520.7500
57.8897,-0.2633,-0.0857,0.4839,0.0000,0,0,0.1325,0.0817,0.5789,2159520.7500
57.9001,-0.4927,0.3962,0.4839,0.0000,0,0,0.1258,0.0742,0.5789,2159520.7500
57.9097,-0.1938,0.1013,0.4839,0.0000,0,0,0.1247,0.0730,0.5789,2159520.7500
57.9198,-0.0927,0.1093,0.4839,0.0000,0,0,0.1254,0.0737,0.5789,2159520.7500
57.9301,-0.3047,0.2177,0.4839,0.0000,0,0,0.1220,0.0703,0.5789,2159520.7500
57.9398,-0.1633,-0.1114,0.4839,0.0000,0,0,0.1214,0.0696,0.5789,2159520.7500
57.9501,-0.1425,-0.1605,0.4839,0.0000,0,0,0.1211,0.0694,0.5789,2159520.7500
57.9598,-0.0954,-0.3021,0.4839,0.0000,0,0,0.1217,0.0700,0.5789,2159520.7500
57.9698,-0.2177,-0.4707,0.4839,0.0000,0,0,0.1198,0.0682,0.5789,2159520.7500
57.9798,-0.4652,-0.0732,0.4839,0.0000,0,0,0.1129,0.0622,0.5789,2159520.7500
57.9902,-0.4160,-0.1114,0.4839,0.0000,0,0,0.1071,0.0573,0.5789,2159520.7500
58.0001,-0.1654,-0.2996,0.4839,0.0000,0,0,0.1066,0.0569,0.5789,2159520.7500
58.0099,-0.4704,0.3126,0.4839,0.0000,0,0,0.0996,0.0514,0.5789,2159520.7500
58.0198,-0.2536,0.4413,0.4839,0.0000,0,0,0.0974,0.0498,0.5789,2159520.7500
58.0298,0.0790,-0.0613,0.4839,0.0000,0,0,0.1026,0.0535,0.5789,2159520.7500
58.0401,-0.1192,0.2104,0.4839,0.0000,0,0,0.1032,0.0539,0.5789,2159520.7500
58.0508,-0.2156,0.3164,0.4839,0.0000,0,0,0.1015,0.0528,0.5789,2159520.7500
58.0598,-0.2177,-0.1562,0.4839,0.0000,0,0,0.0997,0.0516,0.5789,2159520.7500
58.0698,-0.2481,-0.3043,0.4839,0.0000,0,0,0.0973,0.0501,0.5789,2159520.7500
58.0797,-0.3438,-0.2742,0.4839,0.0000,0,0,0.0927,0.0472,0.5789,2159520.7500
58.0900,-0.4099,-0.1758,0.4839,0.0000,0,0,0.0866,0.0435,0.5789,2159520.7500
58.1001,-0.3422,0.0835,0.4839,0.0000,0,0,0.0823,0.0410,0.5789,2159520.7500
58.1098,-0.2903,0.0270,0.4839,0.0000,0,0,0.0794,0.0394,0.5789,2159520.7500
58.1198,-0.2859,0.0940,0.4839,0.0000,0,0,0.0768,0.0379,0.5789,2159520.7500
58.1298,-0.3698,0.4476,0.4839,0.0000,0,0,0.0722,0.0354,0.5789,2159520.7500
58.1401,-0.1333,0.3618,0.4839,0.0000,0,0,0.0734,0.0360,0.5789,2159520.7500
58.1501,-0.2433,0.0435,0.4839,0.0000,0,0,0.0719,0.0353,0.5789,2159520.7500
58.1598,-0.2286,0.2761,0.4839,0.0000,0,0,0.0708,0.0347,0.5789,2159520.7500
58.1698,-0.0487,0.2546,0.4839,0.0000,0,0,0.0740,0.0363,0.5789,2159520.7500
58.1798,-0.0860,-0.0846,0.4839,0.0000,0,0,0.0762,0.0374,0.5789,2159520.7500
58.1901,-0.0948,0.0363,0.4839,0.0000,0,0,0.0781,0.0382,0.5789,2159520.7500
58.2001,-0.1832,0.1117,0.4839,0.0000,0,0,0.0778,0.0381,0.5789,2159520.7500
58.2097,-0.2293,-0.0042,0.4839,0.0000,0,0,0.0765,0.0375,0.5789,2159520.7500
58.2198,-0.3057,-0.1436,0.4839,0.0000,0,0,0.0735,0.0362,0.5789,2159520.7500
58.2298,-0.5697,0.2045,0.4839,0.0000,0,0,0.0646,0.0326,0.5789,2159520.7500
58.2401,-0.4287,0.3953,0.4839,0.0000,0,0,0.0593,0.0305,0.5789,2159520.7500
58.2507,-0.0825,0.0703,0.4839,0.0000,0,0,0.0620,0.0315,0.5789,2159520.7500
58.2598,-0.2453,0.3810,0.4839,0.0000,0,0,0.0609,0.0311,0.5789,2159520.7500
58.2697,-0.2353,0.6231,0.4839,0.0000,0,0,0.0601,0.0308,0.5789,2159520.7500
58.2798,0.0201,0.0165,0.4839,0.0000,0,0,0.0649,0.0324,0.5789,2159520.7500
58.2901,-0.3047,0.1201,0.4839,0.0000,0,0,0.0625,0.0317,0.5789,2159520.7500
58.3001,-0.3913,0.4306,0.4839,0.0000,0,0,0.0584,0.0305,0.5789,2159520.7500
58.3097,-0.2278,0.0030,0.4839,0.0000,0,0,0.0579,0.0303,0.5789,2159520.7500
58.3198,-0.1985,0.0146,0.4839,0.0000,0,0,0.0580,0.0304,0.5789,2159520.7500
58.3298,-0.1721,0.0906,0.4839,0.0000,0,0,0.0587,0.0305,0.5789,2159520.7500
58.3401,-0.2950,-0.1901,0.4839,0.0000,0,0,0.0569,0.0302,0.5789,2159520.7500
58.3501,-0.2573,-0.0166,0.4839,0.0000,0,0,0.0559,0.0300,0.5789,2159520.7500
58.3598,-0.2404,0.1387,0.4839,0.0000,0,0,0.0553,0.0299,0.5789,2159520.7500
58.3698,-0.4820,0.1625,0.4839,0.0000,0,0,0.0499,0.0291,0.5789,2159520.7500
58.3798,-0.4564,0.4879,0.4839,0.0000,0,0,0.0453,0.0286,0.5789,2159520.7500
58.3902,-0.2263,0.3358,0.4839,0.0000,0,0,0.0453,0.0286,0.5789,2159520.7500
58.4001,-0.2754,0.2325,0.4839,0.0000,0,0,0.0445,0.0286,0.5789,2159520.7500
58.4097,-0.2386,0.4713,0.4839,0.0000,0,0,0.0444,0.0286,0.5789,2159520.7500
58.4198,-0.0524,0.2228,0.4839,0.0000,0,0,0.0478,0.0285,0.5789,2159520.7500
58.4298,0.0013,-0.2009,0.4839,0.0000,0,0,0.0521,0.0284,0.5789,2159520.7500
58.4401,-0.1001,0.1320,0.4839,0.0000,0,0,0.0544,0.0282,0.5789,2159520.7500
58.4507,-0.3270,0.1831,0.4839,0.0000,0,0,0.0525,0.0284,0.5789,2159520.7500
58.4598,-0.3454,-0.2989,0.4839,0.0000,0,0,0.0504,0.0287,0.5789,2159520.7500
58.4698,-0.2116,-0.1298,0.4839,0.0000,0,0,0.0508,0.0286,0.5789,2159520.7500
58.4798,-0.3807,0.3199,0.4839,0.0000,0,0,0.0482,0.0292,0.5789,2159520.7500
58.4901,-0.3352,0.2131,0.4839,0.0000,0,0,0.0466,0.0296,0.5789,2159520.7500
58.5001,-0.0478,0.2191,0.4839,0.0000,0,0,0.0497,0.0287,0.5789,2159520.7500
58.5098,-0.2725,0.3779,0.4839,0.0000,0,0,0.0492,0.0289,0.5789,2159520.7500
58.5198,-0.3598,0.4308,0.4839,0.0000,0,0,0.0473,0.0296,0.5789,2159520.7500
58.5297,-0.1335,0.5460,0.4839,0.0000,0,0,0.0490,0.0289,0.5789,2159520.7500
58.5401,-0.1251,0.3777,0.4839,0.0000,0,0,0.0507,0.0281,0.5789,2159520.7500
58.5501,-0.1154,0.0650,0.4839,0.0000,0,0,0.0526,0.0271,0.5789,2159520.7500
58.5598,-0.0877,0.2649,0.4839,0.0000,0,0,0.0547,0.0259,0.5789,2159520.7500
58.5697,-0.2988,0.0745,0.4839,0.0000,0,0,0.0539,0.0264,0.5789,2159520.7500
58.5797,-0.0773,-0.3768,0.4839,0.0000,0,0,0.0560,0.0250,0.5789,2159520.7500
58.5902,-0.2185,0.1104,0.4839,0.0000,0,0,0.0563,0.0248,0.5789,2159520.7500
58.6001,-0.3501,0.4440,0.4839,0.0000,0,0,0.0549,0.0259,0.5789,2159520.7500
58.6097,-0.0730,0.0623,0.4839,0.0000,0,0,0.0570,0.0242,0.5789,2159520.7500
58.6198,-0.1868,0.2956,0.4839,0.0000,0,0,0.0576,0.0236,0.5789,2159520.7500
58.6298,-0.5128,0.8386,0.4839,0.0000,0,0,0.0546,0.0266,0.5789,2159520.7500
58.6400,-0.1474,0.2968,0.4839,0.0000,0,0,0.0556,0.0254,0.5789,2159520.7500
58.6508,0.0813,0.0308,0.4839,0.0000,0,0,0.0590,0.0215,0.5789,2159520.7500
58.6598,-0.1167,0.3389,0.4839,0.0000,0,0,0.0602,0.0199,0.5789,2159520.7500
58.6698,-0.0905,0.1183,0.4839,0.0000,0,0,0.0615,0.0180,0.5789,2159520.7500
58.6798,-0.1300,-0.1685,0.4839,0.0000,0,0,0.0625,0.0166,0.5789,2159520.7500
58.6901,-0.2655,0.1708,0.4839,0.0000,0,0,0.0623,0.0169,0.5789,2159520.7500
58.7001,-0.4878,0.2323,0.4839,0.0000,0,0,0.0604,0.0203,0.5789,2159520.7500
58.7098,-0.5032,0.3061,0.4839,0.0000,0,0,0.0587,0.0239,0.5789,2159520.7500
58.7197,-0.1547,0.4778,0.4839,0.0000,0,0,0.0593,0.0225,0.5789,2159520.7500
58.7298,-0.1015,0.4880,0.4839,0.0000,0,0,0.0602,0.0202,0.5789,2159520.7500
58.7401,-0.1248,0.7433,0.4839,0.0000,0,0,0.0609,0.0182,0.5789,2159520.7500
58.7501,0.0093,0.6681,0.4839,0.0000,0,0,0.0621,0.0142,0.5789,2159520.7500
58.7598,-0.0363,0.0751,0.4839,0.0000,0,0,0.0629,0.0109,0.5789,2159520.7500
58.7698,-0.1466,0.0972,0.4839,0.0000,0,0,0.0632,0.0093,0.5789,2159520.7500
58.7798,-0.4146,0.3131,0.4839,0.0000,0,0,0.0628,0.0120,0.5789,2159520.7500
58.7902,-0.3981,-0.1366,0.4839,0.0000,0,0,0.0625,0.0143,0.5789,2159520.7500
58.8000,-0.1691,-0.2376,0.4839,0.0000,0,0,0.0626,0.0129,0.5789,2159520.7500
58.8097,-0.3530,0.3761,0.4839,0.0000,0,0,0.0625,0.0145,0.5789,2159520.7500
58.8198,-0.5075,0.6150,0.4839,0.0000,0,0,0.0624,0.0186,0.5789,2159520.7500
58.8298,-0.0859,0.5860,0.4839,0.0000,0,0,0.0624,0.0155,0.5789,2159520.7500
58.8401,-0.1321,0.6272,0.4839,0.0000,0,0,0.0623,0.0132,0.5789,2159520.7500
58.8507,-0.2151,0.3714,0.4839,0.0000,0,0,0.0622,0.0124,0.5789,2159520.7500
58.8597,-0.0272,0.2023,0.4839,0.0000,0,0,0.0617,0.0083,0.5789,2159520.7500
58.8697,-0.1157,0.1791,0.4839,0.0000,0,0,0.0613,0.0057,0.5789,2159520.7500
58.8798,-0.1367,-0.0872,0.4839,0.0000,0,0,0.0609,0.0036,0.5789,2159520.7500
58.8901,-0.3104,0.1097,0.4839,0.0000,0,0,0.0610,0.0044,0.5789,2159520.7500
58.9000,-0.5305,0.4820,0.4839,0.0000,0,0,0.0623,0.0090,0.5789,2159520.7500
58.9097,-0.2879,0.0568,0.4839,0.0000,0,0,0.0623,0.0093,0.5789,2159520.7500
58.9198,-0.2589,0.1597,0.4839,0.0000,0,0,0.0623,0.0091,0.5789,2159520.7500
58.9298,-0.4341,0.8224,0.4839,0.0000,0,0,0.0632,0.0118,0.5789,2159520.7500
58.9401,-0.1207,0.5019,0.4839,0.0000,0,0,0.0622,0.0091,0.5789,2159520.7500
58.9501,-0.0144,0.2787,0.4839,0.0000,0,0,0.0602,0.0046,0.5789,2159520.7500
58.9598,-0.3214,0.6340,0.4839,0.0000,0,0,0.0606,0.0054,0.5789,2159520.7500
58.9698,-0.3872,0.3343,0.4839,0.0000,0,0,0.0615,0.0072,0.5789,2159520.7500
58.9798,-0.3851,-0.0413,0.4839,0.0000,0,0,0.0624,0.0089,0.5789,2159520.7500
58.9902,-0.3513,0.0611,0.4839,0.0000,0,0,0.0630,0.0099,0.5789,2159520.7500
59.0001,-0.3050,0.0561,0.4839,0.0000,0,0,0.0632,0.0102,0.5789,2159520.7500
59.0099,-0.4325,0.4794,0.4839,0.0000,0,0,0.0646,0.0123,0.5789,2159520.7500
59.0198,-0.3485,0.6624,0.4839,0.0000,0,0,0.0652,0.0131,0.5789,2159520.7500
59.0298,-0.3889,0.2881,0.4839,0.0000,0,0,0.0662,0.0145,0.5789,2159520.7500
59.0401,-0.5109,0.6175,0.4839,0.0000,0,0,0.0687,0.0175,0.5789,2159520.7500
59.0507,-0.3266,0.7666,0.4839,0.0000,0,0,0.0689,0.0178,0.5789,2159520.7500
59.0598,-0.0816,0.1046,0.4839,0.0000,0,0,0.0660,0.0146,0.5789,2159520.7500
59.0698,-0.2101,0.1344,0.4839,0.0000,0,0,0.0648,0.0133,0.5789,2159520.7500
59.0797,-0.4843,0.3182,0.4839,0.0000,0,0,0.0671,0.0156,0.5789,2159520.7500
59.0901,-0.6770,-0.0351,0.4839,0.0000,0,0,0.0721,0.0202,0.5789,2159520.7500
59.1001,-0.5651,0.1861,0.4839,0.0000,0,0,0.0756,0.0232,0.5789,2159520.7500
59.1098,-0.5749,0.4053,0.4839,0.0000,0,0,0.0791,0.0260,0.5789,2159520.7500
59.1198,-0.6239,0.6310,0.4839,0.0000,0,0,0.0833,0.0293,0.5789,2159520.7500
59.1298,-0.3185,0.9504,0.4839,0.0000,0,0,0.0830,0.0290,0.5789,2159520.7500
59.1401,-0.1244,0.5603,0.4839,0.0000,0,0,0.0796,0.0268,0.5789,2159520.7500
59.1501,-0.2637,0.3632,0.4839,0.0000,0,0,0.0784,0.0260,0.5789,2159520.7500
59.1598,-0.2660,0.6118,0.4839,0.0000,0,0,0.0772,0.0254,0.5789,2159520.7500
59.1698,-0.4356,0.1738,0.4839,0.0000,0,0,0.0788,0.0262,0.5789,2159520.7500
59.1798,-0.3592,-0.1949,0.4839,0.0000,0,0,0.0791,0.0263,0.5789,2159520.7500
59.1902,-0.5395,0.2132,0.4839,0.0000,0,0,0.0823,0.0277,0.5789,2159520.7500
59.2001,-0.6189,0.4268,0.4839,0.0000,0,0,0.0868,0.0295,0.5789,2159520.7500
59.2097,-0.3106,0.1157,0.4839,0.0000,0,0,0.0860,0.0293,0.5789,2159520.7500
59.2198,-0.3801,0.4634,0.4839,0.0000,0,0,0.0864,0.0294,0.5789,2159520.7500
59.2298,-0.4956,0.8619,0.4839,0.0000,0,0,0.0888,0.0301,0.5789,2159520.7500
59.2400,-0.1257,0.4142,0.4839,0.0000,0,0,0.0847,0.0291,0.5789,2159520.7500
59.2508,-0.1477,0.2085,0.4839,0.0000,0,0,0.0812,0.0284,0.5789,2159520.7500
59.2598,-0.2925,0.2759,0.4839,0.0000,0,0,0.0802,0.0283,0.5789,2159520.7500
59.2698,-0.3562,0.0210,0.4839,0.0000,0,0,0.0803,0.0283,0.5789,2159520.7500
59.2798,-0.3682,0.1429,0.4839,0.0000,0,0,0.0805,0.0283,0.5789,2159520.7500
59.2901,-0.2525,0.0055,0.4839,0.0000,0,0,0.0788,0.0283,0.5789,2159520.7500
59.3001,-0.1686,0.0213,0.4839,0.0000,0,0,0.0757,0.0283,0.5789,2159520.7500
59.3098,-0.5212,0.6691,0.4839,0.0000,0,0,0.0787,0.0281,0.5789,2159520.7500
59.3198,-0.3609,0.5562,0.4839,0.0000,0,0,0.0789,0.0281,0.5789,2159520.7500
59.3298,-0.2617,0.1800,0.4839,0.0000,0,0,0.0775,0.0283,0.5789,2159520.7500
59.3401,-0.4383,0.6754,0.4839,0.0000,0,0,0.0790,0.0280,0.5789,2159520.7500
59.3501,-0.2327,0.4062,0.4839,0.0000,0,0,0.0771,0.0285,0.5789,2159520.7500
59.3598,-0.0009,-0.1252,0.4839,0.0000,0,0,0.0714,0.0302,0.5789,2159520.7500
59.3698,-0.1305,0.2525,0.4839,0.0000,0,0,0.0680,0.0313,0.5789,2159520.7500
59.3798,-0.3772,0.1965,0.4839,0.0000,0,0,0.0688,0.0311,0.5789,2159520.7500
59.3902,-0.5152,-0.0332,0.4839,0.0000,0,0,0.0717,0.0297,0.5789,2159520.7500
59.4001,-0.4153,0.2351,0.4839,0.0000,0,0,0.0729,0.0291,0.5789,2159520.7500
59.4097,-0.5614,0.3042,0.4839,0.0000,0,0,0.0763,0.0271,0.5789,2159520.7500
59.4198,-0.6111,0.5110,0.4839,0.0000,0,0,0.0803,0.0245,0.5789,2159520.7500
59.4298,-0.2882,0.6604,0.4839,0.0000,0,0,0.0795,0.0251,0.5789,2159520.7500
59.4401,-0.2757,0.4087,0.4839,0.0000,0,0,0.0785,0.0259,0.5789,2159520.7500
59.4507,-0.3103,0.3764,0.4839,0.0000,0,0,0.0781,0.0263,0.5789,2159520.7500
59.4598,-0.2401,0.5040,0.4839,0.0000,0,0,0.0767,0.0275,0.5789,2159520.7500
59.4698,-0.3388,0.0957,0.4839,0.0000,0,0,0.0768,0.0275,0.5789,2159520.7500
59.4798,-0.1639,-0.2570,0.4839,0.0000,0,0,0.0746,0.0299,0.5789,2159520.7500
59.4901,-0.4032,0.1168,0.4839,0.0000,0,0,0.0755,0.0288,0.5789,2159520.7500
59.5001,-0.8344,0.4198,0.4839,0.0000,0,0,0.0813,0.0209,0.5789,2159520.7500
59.5098,-0.5592,0.3558,0.4839,0.0000,0,0,0.0836,0.0174,0.5789,2159520.7500
59.5198,-0.3478,0.5500,0.4839,0.0000,0,0,0.0837,0.0174,0.5789,2159520.7500
59.5298,-0.4997,0.5493,0.4839,0.0000,0,0,0.0852,0.0147,0.5789,2159520.7500
59.5401,-0.3197,0.4529,0.4839,0.0000,0,0,0.0849,0.0152,0.5789,2159520.7500
59.5501,-0.1961,0.4698,0.4839,0.0000,0,0,0.0836,0.0180,0.5789,2159520.7500
59.5598,-0.3168,-0.0668,0.4839,0.0000,0,0,0.0834,0.0185,0.5789,2159520.7500
59.5698,-0.4606,-0.0030,0.4839,0.0000,0,0,0.0843,0.0161,0.5789,2159520.7500
59.5798,-0.6645,0.3603,0.4839,0.0000,0,0,0.0865,0.0094,0.5789,2159520.7500
59.5902,-0.4986,-0.0260,0.4839,0.0000,0,0,0.0874,0.0062,0.5789,2159520.7500
59.6001,-0.2644,0.1145,0.4839,0.0000,0,0,0.0870,0.0081,0.5789,2159520.7500
59.6097,-0.6466,0.7447,0.4839,0.0000,0,0,0.0884,0.0015,0.5789,2159520.7500
59.6198,-0.5627,0.5341,0.4839,0.0000,0,0,0.0892,-0.0032,0.5789,2159520.7500
59.6298,-0.1452,0.2169,0.4839,0.0000,0,0,0.0885,0.0017,0.5789,2159520.7500
59.6401,-0.4261,0.4543,0.4839,0.0000,0,0,0.0887,-0.0001,0.5789,2159520.7500
59.6507,-0.4030,0.3766,0.4839,0.0000,0,0,0.0888,-0.0013,0.5789,2159520.7500
59.6598,-0.1947,0.1920,0.4839,0.0000,0,0,0.0886,0.0024,0.5789,2159520.7500
59.6698,-0.3129,0.2304,0.4839,0.0000,0,0,0.0886,0.0032,0.5789,2159520.7500
59.6798,-0.3625,-0.0023,0.4839,0.0000,0,0,0.0886,0.0027,0.5789,2159520.7500
59.6901,-0.4588,0.0709,0.4839,0.0000,0,0,0.0884,-0.0003,0.5789,2159520.7500
59.7001,-0.5471,0.3190,0.4839,0.0000,0,0,0.0881,-0.0054,0.5789,2159520.7500
59.7098,-0.3254,-0.0882,0.4839,0.0000,0,0,0.0881,-0.0049,0.5789,2159520.7500
59.7198,-0.3686,0.2715,0.4839,0.0000,0,0,0.0880,-0.0055,0.5789,2159520.7500
59.7298,-0.5436,0.8869,0.4839,0.0000,0,0,0.0872,-0.0106,0.5789,2159520.7500
59.7401,-0.1943,0.3296,0.4839,0.0000,0,0,0.0880,-0.0067,0.5789,2159520.7500
59.7500,-0.1978,0.1329,0.4839,0.0000,0,0,0.0888,-0.0031,0.5789,2159520.7500
59.7598,-0.3749,0.4376,0.4839,0.0000,0,0,0.0885,-0.0041,0.5789,2159520.7500
59.7698,-0.3410,-0.0491,0.4839,0.0000,0,0,0.0884,-0.0043,0.5789,2159520.7500
59.7797,-0.3428,-0.1427,0.4839,0.0000,0,0,0.0883,-0.0047,0.5789,2159520.7500
59.7902,-0.3887,-0.0180,0.4839,0.0000,0,0,0.0878,-0.0062,0.5789,2159520.7500
59.8001,-0.5664,0.0004,0.4839,0.0000,0,0,0.0857,-0.0122,0.5789,2159520.7500
59.8098,-0.4967,0.2315,0.4839,0.0000,0,0,0.0842,-0.0162,0.5789,2159520.7500
59.8198,-0.2961,0.2436,0.4839,0.0000,0,0,0.0846,-0.0152,0.5789,2159520.7500
59.8298,-0.4869,0.3167,0.4839,0.0000,0,0,0.0829,-0.0189,0.5789,2159520.7500
59.8400,-0.4062,0.6060,0.4839,0.0000,0,0,0.0821,-0.0206,0.5789,2159520.7500
59.8507,-0.2049,0.3956,0.4839,0.0000,0,0,0.0837,-0.0174,0.5789,2159520.7500
59.8598,-0.1523,0.1141,0.4839,0.0000,0,0,0.0860,-0.0132,0.5789,2159520.7500
59.8697,-0.2389,0.2080,0.4839,0.0000,0,0,0.0871,-0.0112,0.5789,2159520.7500
59.8798,-0.4054,0.1308,0.4839,0.0000,0,0,0.0859,-0.0133,0.5789,2159520.7500
59.8901,-0.4348,-0.3309,0.4839,0.0000,0,0,0.0842,-0.0160,0.5789,2159520.7500
59.9001,-0.3710,-0.0756,0.4839,0.0000,0,0,0.0834,-0.0172,0.5789,2159520.7500
59.9098,-0.7420,0.5252,0.4839,0.0000,0,0,0.0769,-0.0266,0.5789,2159520.7500
59.9198,-0.4677,0.3426,0.4839,0.0000,0,0,0.0747,-0.0296,0.5789,2159520.7500
59.9297,-0.1545,0.1727,0.4839,0.0000,0,0,0.0776,-0.0257,0.5789,2159520.7500
59.9401,-0.4151,0.5873,0.4839,0.0000,0,0,0.0761,-0.0276,0.5789,2159520.7500
59.9500,-0.3468,0.3231,0.4839,0.0000,0,0,0.0757,-0.0281,0.5789,2159520.7500
59.9598,-0.1604,-0.0987,0.4839,0.0000,0,0,0.0786,-0.0247,0.5789,2159520.7500
59.9698,-0.3139,0.0125,0.4839,0.0000,0,0,0.0787,-0.0247,0.5789,2159520.7500
59.9798,-0.3209,-0.1054,0.4839,0.0000,0,0,0.0785,-0.0249,0.5789,2159520.7500
59.9902,-0.4849,-0.1597,0.4839,0.0000,0,0,0.0753,-0.0283,0.5789,2159520.7500
60.0001,-0.4301,0.2694,0.4839,0.0000,0,0,0.0731,-0.0305,0.5789,2159520.7500
60.0098,-0.5805,0.2537,0.4839,0.0000,0,0,0.0680,-0.0355,0.5789,2159520.7500
60.0198,-0.6665,0.4235,0.4839,0.0000,0,0,0.0613,-0.0419,0.5789,2159520.7500
60.0297,-0.4187,0.6108,0.4839,0.0000,0,0,0.0597,-0.0434,0.5789,2159520.7500
60.0401,-0.2798,0.2090,0.4839,0.0000,0,0,0.0608,-0.0423,0.5789,2159520.7500
60.0507,-0.3094,0.1901,0.4839,0.0000,0,0,0.0613,-0.0419,0.5789,2159520.7500
60.0598,-0.3035,0.3836,0.4839,0.0000,0,0,0.0619,-0.0415,0.5789,2159520.7500
60.0698,-0.4382,-0.0135,0.4839,0.0000,0,0,0.0595,-0.0433,0.5789,2159520.7500
60.0798,-0.4585,-0.1689,0.4839,0.0000,0,0,0.0568,-0.0455,0.5789,2159520.7500
60.0901,-0.6066,0.1677,0.4839,0.0000,0,0,0.0507,-0.0500,0.5789,2159520.7500
60.1001,-0.6079,0.1295,0.4839,0.0000,0,0,0.0448,-0.0542,0.5789,2159520.7500
60.1098,-0.1789,-0.0900,0.4839,0.0000,0,0,0.0486,-0.0515,0.5789,2159520.7500
60.1198,-0.2526,0.2309,0.4839,0.0000,0,0,0.0507,-0.0502,0.5789,2159520.7500
60.1298,-0.5113,0.6909,0.4839,0.0000,0,0,0.0466,-0.0528,0.5789,2159520.7500
60.1401,-0.2880,0.5513,0.4839,0.0000,0,0,0.0479,-0.0520,0.5789,2159520.7500
60.1501,-0.2208,0.4085,0.4839,0.0000,0,0,0.0506,-0.0504,0.5789,2159520.7500
60.1598,-0.3592,0.2968,0.4839,0.0000,0,0,0.0499,-0.0508,0.5789,2159520.7500
60.1698,-0.3093,0.2406,0.4839,0.0000,0,0,0.0503,-0.0505,0.5789,2159520.7500
60.1798,-0.3842,0.2407,0.4839,0.0000,0,0,0.0489,-0.0513,0.5789,2159520.7500
60.1902,-0.3539,-0.2051,0.4839,0.0000,0,0,0.0483,-0.0517,0.5789,2159520.7500
60.2001,-0.3120,-0.1330,0.4839,0.0000,0,0,0.0486,-0.0515,0.5789,2159520.7500
60.2098,-0.5999,0.6212,0.4839,0.0000,0,0,0.0420,-0.0550,0.5789,2159520.7500
60.2197,-0.4893,0.5163,0.4839,0.0000,0,0,0.0382,-0.0569,0.5789,2159520.7500
60.2298,-0.1269,0.2507,0.4839,0.0000,0,0,0.0432,-0.0544,0.5789,2159520.7500
60.2401,-0.4671,0.7170,0.4839,0.0000,0,0,0.0398,-0.0561,0.5789,2159520.7500
60.2507,-0.3058,0.5529,0.4839,0.0000,0,0,0.0403,-0.0558,0.5789,2159520.7500
60.2598,-0.0956,0.0147,0.4839,0.0000,0,0,0.0457,-0.0533,0.5789,2159520.7500
60.2698,-0.3061,0.1882,0.4839,0.0000,0,0,0.0459,-0.0532,0.5789,2159520.7500
60.2798,-0.4219,0.1975,0.4839,0.0000,0,0,0.0434,-0.0543,0.5789,2159520.7500
60.2900,-0.3489,-0.1544,0.4839,0.0000,0,0,0.0426,-0.0547,0.5789,2159520.7500
60.3001,-0.3728,0.0430,0.4839,0.0000,0,0,0.0412,-0.0552,0.5789,2159520.7500
60.3098,-0.4754,0.1506,0.4839,0.0000,0,0,0.0376,-0.0566,0.5789,2159520.7500
60.3198,-0.6038,0.2518,0.4839,0.0000,0,0,0.0313,-0.0590,0.5789,2159520.7500
60.3298,-0.4466,0.4363,0.4839,0.0000,0,0,0.0287,-0.0600,0.5789,2159520.7500
60.3401,-0.4846,0.4154,0.4839,0.0000,0,0,0.0253,-0.0612,0.5789,2159520.7500
60.3501,-0.4916,0.4709,0.4839,0.0000,0,0,0.0218,-0.0623,0.5789,2159520.7500
60.3599,-0.2835,0.6969,0.4839,0.0000,0,0,0.0229,-0.0620,0.5789,2159520.7500
60.3698,-0.0051,0.2623,0.4839,0.0000,0,0,0.0298,-0.0600,0.5789,2159520.7500
60.3798,-0.0643,-0.0843,0.4839,0.0000,0,0,0.0352,-0.0585,0.5789,2159520.7500
60.3902,-0.2033,0.1862,0.4839,0.0000,0,0,0.0374,-0.0580,0.5789,2159520.7500
60.4001,-0.5670,0.1599,0.4839,0.0000,0,0,0.0318,-0.0592,0.5789,2159520.7500
60.4097,-0.4590,-0.2031,0.4839,0.0000,0,0,0.0287,-0.0598,0.5789,2159520.7500
60.4198,-0.5959,0.1925,0.4839,0.0000,0,0,0.0229,-0.0609,0.5789,2159520.7500
60.4297,-0.7617,0.6802,0.4839,0.0000,0,0,0.0140,-0.0623,0.5789,2159520.7500
60.4401,-0.2952,0.3097,0.4839,0.0000,0,0,0.0147,-0.0622,0.5789,2159520.7500
60.4508,-0.1411,0.3926,0.4839,0.0000,0,0,0.0184,-0.0618,0.5789,2159520.7500
60.4598,-0.4080,0.7686,0.4839,0.0000,0,0,0.0166,-0.0619,0.5789,2159520.7500
60.4697,-0.2141,0.5028,0.4839,0.0000,0,0,0.0187,-0.0619,0.5789,2159520.7500
60.4798,-0.1460,0.3342,0.4839,0.0000,0,0,0.0219,-0.0618,0.5789,2159520.7500
60.4901,-0.3757,0.3958,0.4839,0.0000,0,0,0.0207,-0.0618,0.5789,2159520.7500
60.5001,-0.4327,0.1343,0.4839,0.0000,0,0,0.0184,-0.0617,0.5789,2159520.7500
60.5097,-0.2353,-0.1251,0.4839,0.0000,0,0,0.0198,-0.0618,0.5789,2159520.7500
60.5198,-0.3444,0.1021,0.4839,0.0000,0,0,0.0191,-0.0617,0.5789,2159520.7500
60.5298,-0.5140,0.2678,0.4839,0.0000,0,0,0.0154,-0.0611,0.5789,2159520.7500
60.5401,-0.5200,0.2497,0.4839,0.0000,0,0,0.0118,-0.0605,0.5789,2159520.7500
60.5500,-0.2732,0.3715,0.4839,0.0000,0,0,0.0125,-0.0606,0.5789,2159520.7500
60.5598,-0.4217,0.3948,0.4839,0.0000,0,0,0.0107,-0.0601,0.5789,2159520.7500
60.5698,-0.4182,0.5647,0.4839,0.0000,0,0,0.0089,-0.0596,0.5789,2159520.7500
60.5798,-0.1752,0.5661,0.4839,0.0000,0,0,0.0112,-0.0604,0.5789,2159520.7500
60.5902,-0.2481,0.2603,0.4839,0.0000,0,0,0.0121,-0.0607,0.5789,2159520.7500
60.6001,-0.2412,0.2151,0.4839,0.0000,0,0,0.0131,-0.0612,0.5789,2159520.7500
60.6098,-0.3642,0.2489,0.4839,0.0000,0,0,0.0122,-0.0607,0.5789,2159520.7500
60.6198,-0.4642,-0.1022,0.4839,0.0000,0,0,0.0099,-0.0595,0.5789,2159520.7500
60.6298,-0.2995,0.0258,0.4839,0.0000,0,0,0.0099,-0.0596,0.5789,2159520.7500
60.6401,-0.6149,0.5415,0.4839,0.0000,0,0,0.0057,-0.0569,0.5789,2159520.7500
60.6507,-0.5660,0.7282,0.4839,0.0000,0,0,0.0023,-0.0546,0.5789,2159520.7500
60.6598,-0.2511,0.2888,0.4839,0.0000,0,0,0.0032,-0.0552,0.5789,2159520.7500
60.6698,-0.3427,0.6013,0.4839,0.0000,0,0,0.0028,-0.0549,0.5789,2159520.7500
60.6798,-0.5008,0.9000,0.4839,0.0000,0,0,0.0006,-0.0530,0.5789,2159520.7500
60.6901,-0.1889,0.3943,0.4839,0.0000,0,0,0.0020,-0.0544,0.5789,2159520.7500
60.7001,-0.1625,0.3258,0.4839,0.0000,0,0,0.0036,-0.0560,0.5789,2159520.7500
60.7097,-0.3352,0.4607,0.4839,0.0000,0,0,0.0033,-0.0557,0.5789,2159520.7500
60.7198,-0.4091,0.1409,0.4839,0.0000,0,0,0.0023,-0.0545,0.5789,2159520.7500
60.7297,-0.3852,-0.0302,0.4839,0.0000,0,0,0.0016,-0.0535,0.5789,2159520.7500
60.7401,-0.4391,0.1079,0.4839,0.0000,0,0,0.0004,-0.0518,0.5789,2159520.7500
60.7501,-0.5882,0.3433,0.4839,0.0000,0,0,-0.0019,-0.0481,0.5789,2159520.7500
60.7598,-0.4830,0.8214,0.4839,0.0000,0,0,-0.0032,-0.0459,0.5789,2159520.7500
60.7698,-0.1383,0.7017,0.4839,0.0000,0,0,-0.0019,-0.0484,0.5789,2159520.7500
60.7797,-0.1094,0.4769,0.4839,0.0000,0,0,-0.0005,-0.0513,0.5789,2159520.7500
60.7902,-0.2564,0.6224,0.4839,0.0000,0,0,-0.0002,-0.0521,0.5789,2159520.7500
60.8001,-0.2448,0.5366,0.4839,0.0000,0,0,0.0002,-0.0530,0.5789,2159520.7500
60.8098,-0.2322,-0.0586,0.4839,0.0000,0,0,0.0005,-0.0541,0.5789,2159520.7500
60.8198,-0.3903,0.0229,0.4839,0.0000,0,0,0.0001,-0.0527,0.5789,2159520.7500
60.8298,-0.6399,0.3521,0.4839,0.0000,0,0,-0.0011,-0.0474,0.5789,2159520.7500
60.8401,-0.5125,0.1357,0.4839,0.0000,0,0,-0.0018,-0.0442,0.5789,2159520.7500
60.8508,-0.3269,0.2512,0.4839,0.0000,0,0,-0.0018,-0.0440,0.5789,2159520.7500
60.8598,-0.6235,0.9168,0.4839,0.0000,0,0,-0.0024,-0.0390,0.5789,2159520.7500
60.8697,-0.3922,0.7326,0.4839,0.0000,0,0,-0.0025,-0.0378,0.5789,2159520.7500
60.8798,-0.1130,0.4062,0.4839,0.0000,0,0,-0.0023,-0.0413,0.5789,2159520.7500
60.8901,-0.4230,0.7390,0.4839,0.0000,0,0,-0.0023,-0.0395,0.5789,2159520.7500
60.9001,-0.4450,0.5744,0.4839,0.0000,0,0,-0.0023,-0.0373,0.5789,2159520.7500
60.9098,-0.2463,0.1392,0.4839,0.0000,0,0,-0.0024,-0.0386,0.5789,2159520.7500
60.9198,-0.3101,0.0944,0.4839,0.0000,0,0,-0.0024,-0.0388,0.5789,2159520.7500
60.9297,-0.3983,0.0883,0.4839,0.0000,0,0,-0.0022,-0.0374,0.5789,2159520.7500
60.9400,-0.4348,0.2541,0.4839,0.0000,0,0,-0.0018,-0.0354,0.5789,2159520.7500
60.9501,-0.3438,0.4266,0.4839,0.0000,0,0,-0.0018,-0.0351,0.5789,2159520.7500
60.9598,-0.3240,0.2051,0.4839,0.0000,0,0,-0.0018,-0.0350,0.5789,2159520.7500
60.9698,-0.4976,0.4611,0.4839,0.0000,0,0,-0.0010,-0.0321,0.5789,2159520.7500
60.9798,-0.4779,0.8017,0.4839,0.0000,0,0,-0.0002,-0.0295,0.5789,2159520.7500
60.9902,-0.2605,0.3729,0.4839,0.0000,0,0,-0.0006,-0.0307,0.5789,2159520.7500
61.0001,-0.3332,0.4184,0.4839,0.0000,0,0,-0.0005,-0.0306,0.5789,2159520.7500
61.0100,-0.3677,0.7577,0.4839,0.0000,0,0,-0.0003,-0.0299,0.5789,2159520.7500
61.0198,-0.1597,0.1398,0.4839,0.0000,0,0,-0.0015,-0.0328,0.5789,2159520.7500
61.0298,-0.0465,-0.0420,0.4839,0.0000,0,0,-0.0038,-0.0374,0.5789,2159520.7500
61.0401,-0.2729,0.3087,0.4839,0.0000,0,0,-0.0042,-0.0382,0.5789,2159520.7500
61.0508,-0.5017,0.2352,0.4839,0.0000,0,0,-0.0025,-0.0352,0.5789,2159520.7500
61.0597,-0.4450,0.0924,0.4839,0.0000,0,0,-0.0014,-0.0333,0.5789,2159520.7500
61.0698,-0.3358,0.2316,0.4839,0.0000,0,0,-0.0013,-0.0332,0.5789,2159520.7500
61.0798,-0.5259,0.2901,0.4839,0.0000,0,0,0.0008,-0.0301,0.5789,2159520.7500
61.0901,-0.5051,0.5845,0.4839,0.0000,0,0,0.0027,-0.0275,0.5789,2159520.7500
61.1001,-0.2252,0.6330,0.4839,0.0000,0,0,0.0014,-0.0291,0.5789,2159520.7500
61.1098,-0.2512,0.4389,0.4839,0.0000,0,0,0.0005,-0.0303,0.5789,2159520.7500
61.1198,-0.3823,0.7168,0.4839,0.0000,0,0,0.0011,-0.0296,0.5789,2159520.7500
61.1297,-0.3244,0.7692,0.4839,0.0000,0,0,0.0010,-0.0297,0.5789,2159520.7500
61.1401,-0.2802,0.1158,0.4839,0.0000,0,0,0.0002,-0.0305,0.5789,2159520.7500
61.1501,-0.3101,0.2090,0.4839,0.0000,0,0,-0.0001,-0.0308,0.5789,2159520.7500
61.1597,-0.4103,0.3330,0.4839,0.0000,0,0,0.0010,-0.0298,0.5789,2159520.7500
61.1699,-0.4694,-0.0340,0.4839,0.0000,0,0,0.0029,-0.0282,0.5789,2159520.7500
61.1798,-0.2096,0.1874,0.4839,0.0000,0,0,0.0010,-0.0297,0.5789,2159520.7500
61.1902,-0.3636,0.5342,0.4839,0.0000,0,0,0.0014,-0.0294,0.5789,2159520.7500
61.2001,-0.5287,0.5980,0.4839,0.0000,0,0,0.0043,-0.0274,0.5789,2159520.7500
61.2098,-0.2739,0.7112,0.4839,0.0000,0,0,0.0032,-0.0281,0.5789,2159520.7500
61.2198,-0.3682,0.5312,0.4839,0.0000,0,0,0.0036,-0.0279,0.5789,2159520.7500
61.2298,-0.4351,0.4635,0.4839,0.0000,0,0,0.0051,-0.0270,0.5789,2159520.7500
61.2400,-0.2140,0.7403,0.4839,0.0000,0,0,0.0029,-0.0281,0.5789,2159520.7500
61.2507,-0.1507,0.3908,0.4839,0.0000,0,0,-0.0002,-0.0296,0.5789,2159520.7500
61.2598,-0.1578,0.0470,0.4839,0.0000,0,0,-0.0032,-0.0309,0.5789,2159520.7500
61.2697,-0.3058,0.4349,0.4839,0.0000,0,0,-0.0038,-0.0311,0.5789,2159520.7500
61.2797,-0.5243,0.3662,0.4839,0.0000,0,0,-0.0006,-0.0300,0.5789,2159520.7500
61.2900,-0.2689,-0.0572,0.4839,0.0000,0,0,-0.0019,-0.0304,0.5789,2159520.7500
61.3001,-0.2828,0.3576,0.4839,0.0000,0,0,-0.0028,-0.0307,0.5789,2159520.7500
61.3098,-0.5959,0.7072,0.4839,0.0000,0,0,0.0015,-0.0297,0.5789,2159520.7500
61.3198,-0.3221,0.2631,0.4839,0.0000,0,0,0.0011,-0.0298,0.5789,2159520.7500
61.3298,-0.3119,0.4768,0.4839,0.0000,0,0,0.0005,-0.0298,0.5789,2159520.7500
61.3401,-0.5193,0.9199,0.4839,0.0000,0,0,0.0035,-0.0296,0.5789,2159520.7500
61.3501,-0.0925,0.5070,0.4839,0.0000,0,0,-0.0010,-0.0298,0.5789,2159520.7500
61.3598,0.1493,0.2701,0.4839,0.0000,0,0,-0.0096,-0.0299,0.5789,2159520.7500
61.3698,-0.1368,0.5113,0.4839,0.0000,0,0,-0.0130,-0.0298,0.5789,2159520.7500
61.3798,-0.1317,0.3853,0.4839,0.0000,0,0,-0.0164,-0.0296,0.5789,2159520.7500
61.3902,-0.2382,0.3101,0.4839,0.0000,0,0,-0.0180,-0.0294,0.5789,2159520.7500
61.4001,-0.2299,0.2264,0.4839,0.0000,0,0,-0.0196,-0.0291,0.5789,2159520.7500
61.4098,-0.2728,0.0695,0.4839,0.0000,0,0,-0.0205,-0.0289,0.5789,2159520.7500
61.4198,-0.3715,0.3286,0.4839,0.0000,0,0,-0.0197,-0.0291,0.5789,2159520.7500
61.4298,-0.1449,0.1438,0.4839,0.0000,0,0,-0.0227,-0.0282,0.5789,2159520.7500
61.4401,-0.1311,0.1423,0.4839,0.0000,0,0,-0.0258,-0.0270,0.5789,2159520.7500
61.4507,-0.4691,0.8201,0.4839,0.0000,0,0,-0.0235,-0.0281,0.5789,2159520.7500
61.4598,-0.1224,0.6904,0.4839,0.0000,0,0,-0.0266,-0.0265,0.5789,2159520.7500
61.4698,0.0510,0.1652,0.4839,0.0000,0,0,-0.0324,-0.0235,0.5789,2159520.7500
61.4798,-0.2316,0.4983,0.4839,0.0000,0,0,-0.0336,-0.0228,0.5789,2159520.7500
61.4901,-0.2570,0.3216,0.4839,0.0000,0,0,-0.0344,-0.0222,0.5789,2159520.7500
61.5000,-0.0611,-0.0261,0.4839,0.0000,0,0,-0.0379,-0.0196,0.5789,2159520.7500
61.5098,-0.1272,0.1232,0.4839,0.0000,0,0,-0.0404,-0.0176,0.5789,2159520.7500
61.5198,-0.1921,0.0239,0.4839,0.0000,0,0,-0.0419,-0.0162,0.5789,2159520.7500
61.5298,-0.4204,0.0860,0.4839,0.0000,0,0,-0.0403,-0.0178,0.5789,2159520.7500
61.5401,-0.3761,0.3142,0.4839,0.0000,0,0,-0.0394,-0.0188,0.5789,2159520.7500
61.5500,-0.3224,0.0036,0.4839,0.0000,0,0,-0.0392,-0.0191,0.5789,2159520.7500
61.5598,-0.4393,0.3445,0.4839,0.0000,0,0,-0.0376,-0.0211,0.5789,2159520.7500
61.5698,-0.2336,0.6152,0.4839,0.0000,0,0,-0.0385,-0.0199,0.5789,2159520.7500
61.5798,-0.0170,0.2137,0.4839,0.0000,0,0,-0.0416,-0.0150,0.5789,2159520.7500
61.5902,-0.1720,0.4287,0.4839,0.0000,0,0,-0.0429,-0.0128,0.5789,2159520.7500
61.6001,-0.1297,0.5416,0.4839,0.0000,0,0,-0.0446,-0.0097,0.5789,2159520.7500
61.6098,-0.0288,-0.1433,0.4839,0.0000,0,0,-0.0470,-0.0048,0.5789,2159520.7500
61.6198,-0.0037,-0.1397,0.4839,0.0000,0,0,-0.0494,0.0006,0.5789,2159520.7500
61.6298,-0.1337,0.1721,0.4839,0.0000,0,0,-0.0505,0.0035,0.5789,2159520.7500
61.6401,-0.1665,-0.0773,0.4839,0.0000,0,0,-0.0513,0.0058,0.5789,2159520.7500
61.6507,-0.1748,-0.1866,0.4839,0.0000,0,0,-0.0520,0.0079,0.5789,2159520.7500
61.6598,-0.3989,0.1130,0.4839,0.0000,0,0,-0.0512,0.0052,0.5789,2159520.7500
61.6698,-0.6308,0.0386,0.4839,0.0000,0,0,-0.0494,-0.0025,0.5789,2159520.7500
61.6798,-0.3543,0.0460,0.4839,0.0000,0,0,-0.0491,-0.0039,0.5789,2159520.7500
61.6901,-0.1376,0.3269,0.4839,0.0000,0,0,-0.0497,-0.0004,0.5789,2159520.7500
61.7001,-0.3154,0.4484,0.4839,0.0000,0,0,-0.0496,-0.0011,0.5789,2159520.7500
61.7097,-0.2459,0.6258,0.4839,0.0000,0,0,-0.0497,-0.0000,0.5789,2159520.7500
61.7198,0.0219,0.3850,0.4839,0.0000,0,0,-0.0502,0.0073,0.5789,2159520.7500
61.7298,-0.0349,-0.1580,0.4839,0.0000,0,0,-0.0504,0.0132,0.5789,2159520.7500
61.7400,-0.1209,0.0723,0.4839,0.0000,0,0,-0.0505,0.0170,0.5789,2159520.7500
61.7500,-0.3912,0.1174,0.4839,0.0000,0,0,-0.0505,0.0140,0.5789,2159520.7500
61.7598,-0.2719,-0.3518,0.4839,0.0000,0,0,-0.0505,0.0140,0.5789,2159520.7500
61.7698,-0.2348,0.1080,0.4839,0.0000,0,0,-0.0505,0.0150,0.5789,2159520.7500
61.7797,-0.5108,0.5648,0.4839,0.0000,0,0,-0.0511,0.0091,0.5789,2159520.7500
61.7902,-0.3759,0.3932,0.4839,0.0000,0,0,-0.0514,0.0067,0.5789,2159520.7500
61.8001,-0.0914,0.3407,0.4839,0.0000,0,0,-0.0506,0.0117,0.5789,2159520.7500
61.8098,-0.4051,0.3509,0.4839,0.0000,0,0,-0.0512,0.0086,0.5789,2159520.7500
61.8198,-0.3422,0.2648,0.4839,0.0000,0,0,-0.0515,0.0072,0.5789,2159520.7500
61.8298,-0.1801,0.2867,0.4839,0.0000,0,0,-0.0508,0.0100,0.5789,2159520.7500
61.8401,-0.3331,0.2434,0.4839,0.0000,0,0,-0.0511,0.0089,0.5789,2159520.7500
61.8507,-0.1724,0.2264,0.4839,0.0000,0,0,-0.0502,0.0119,0.5789,2159520.7500
61.8598,-0.0744,0.2358,0.4839,0.0000,0,0,-0.0484,0.0172,0.5789,2159520.7500
61.8698,-0.2257,-0.0022,0.4839,0.0000,0,0,-0.0479,0.0186,0.5789,2159520.7500
61.8798,-0.2022,-0.1191,0.4839,0.0000,0,0,-0.0471,0.0206,0.5789,2159520.7500
61.8901,-0.4511,0.2488,0.4839,0.0000,0,0,-0.0489,0.0163,0.5789,2159520.7500
61.9001,-0.4545,0.3323,0.4839,0.0000,0,0,-0.0508,0.0122,0.5789,2159520.7500
61.9098,-0.1901,0.0339,0.4839,0.0000,0,0,-0.0496,0.0147,0.5789,2159520.7500
61.9198,-0.3495,0.4466,0.4839,0.0000,0,0,-0.0503,0.0133,0.5789,2159520.7500
61.9298,-0.1888,0.7768,0.4839,0.0000,0,0,-0.0490,0.0158,0.5789,2159520.7500
61.9401,-0.0089,0.2507,0.4839,0.0000,0,0,-0.0451,0.0225,0.5789,2159520.7500
61.9501,-0.2402,0.3824,0.4839,0.0000,0,0,-0.0445,0.0235,0.5789,2159520.7500
61.9598,-0.2736,0.4398,0.4839,0.0000,0,0,-0.0444,0.0237,0.5789,2159520.7500
61.9698,-0.2598,-0.2100,0.4839,0.0000,0,0,-0.0440,0.0242,0.5789,2159520.7500
61.9798,-0.2744,-0.0462,0.4839,0.0000,0,0,-0.0439,0.0244,0.5789,2159520.7500
61.9902,-0.3568,0.3019,0.4839,0.0000,0,0,-0.0450,0.0229,0.5789,2159520.7500
62.0001,-0.2604,-0.0813,0.4839,0.0000,0,0,-0.0446,0.0235,0.5789,2159520.7500
62.0098,-0.1559,-0.0651,0.4839,0.0000,0,0,-0.0423,0.0263,0.5789,2159520.7500
62.0198,-0.2798,0.3038,0.4839,0.0000,0,0,-0.0422,0.0264,0.5789,2159520.7500
62.0298,-0.4966,0.1834,0.4839,0.0000,0,0,-0.0459,0.0222,0.5789,2159520.7500
62.0401,-0.2671,-0.0626,0.4839,0.0000,0,0,-0.0454,0.0228,0.5789,2159520.7500
62.0508,-0.4074,0.2594,0.4839,0.0000,0,0,-0.0474,0.0206,0.5789,2159520.7500
62.0598,-0.4815,0.4659,0.4839,0.0000,0,0,-0.0508,0.0171,0.5789,2159520.7500
62.0697,-0.1375,0.2241,0.4839,0.0000,0,0,-0.0475,0.0204,0.5789,2159520.7500
62.0798,-0.1735,0.1798,0.4839,0.0000,0,0,-0.0449,0.0229,0.5789,2159520.7500
62.0900,-0.3244,0.2279,0.4839,0.0000,0,0,-0.0454,0.0225,0.5789,2159520.7500
62.1001,-0.1070,0.1903,0.4839,0.0000,0,0,-0.0414,0.0261,0.5789,2159520.7500
62.1098,-0.1347,0.1556,0.4839,0.0000,0,0,-0.0381,0.0290,0.5789,2159520.7500
62.1198,-0.1665,-0.0570,0.4839,0.0000,0,0,-0.0355,0.0312,0.5789,2159520.7500
62.1298,-0.2009,-0.0681,0.4839,0.0000,0,0,-0.0337,0.0327,0.5789,2159520.7500
62.1401,-0.3764,0.1300,0.4839,0.0000,0,0,-0.0356,0.0312,0.5789,2159520.7500
62.1501,-0.2961,-0.3560,0.4839,0.0000,0,0,-0.0357,0.0312,0.5789,2159520.7500
62.1598,-0.2827,-0.2266,0.4839,0.0000,0,0,-0.0355,0.0313,0.5789,2159520.7500
62.1698,-0.5093,0.4559,0.4839,0.0000,0,0,-0.0403,0.0279,0.5789,2159520.7500
62.1798,-0.3004,0.1630,0.4839,0.0000,0,0,-0.0402,0.0280,0.5789,2159520.7500
62.1902,-0.1184,0.1010,0.4839,0.0000,0,0,-0.0358,0.0309,0.5789,2159520.7500
62.2001,-0.5491,0.5835,0.4839,0.0000,0,0,-0.0416,0.0271,0.5789,2159520.7500
62.2097,-0.4642,0.2951,0.4839,0.0000,0,0,-0.0452,0.0249,0.5789,2159520.7500
62.2198,-0.0934,0.1035,0.4839,0.0000,0,0,-0.0399,0.0281,0.5789,2159520.7500
62.2298,-0.2802,0.3353,0.4839,0.0000,0,0,-0.0391,0.0286,0.5789,2159520.7500
62.2401,-0.2760,0.2220,0.4839,0.0000,0,0,-0.0383,0.0291,0.5789,2159520.7500
62.2509,-0.0574,0.0908,0.4839,0.0000,0,0,-0.0322,0.0325,0.5789,2159520.7500
62.2598,-0.1711,0.1291,0.4839,0.0000,0,0,-0.0291,0.0342,0.5789,2159520.7500
62.2698,-0.2463,-0.1123,0.4839,0.0000,0,0,-0.0278,0.0349,0.5789,2159520.7500
62.2797,-0.2645,0.0153,0.4839,0.0000,0,0,-0.0270,0.0353,0.5789,2159520.7500
62.2901,-0.3622,0.1056,0.4839,0.0000,0,0,-0.0285,0.0345,0.5789,2159520.7500
62.3001,-0.2691,-0.3601,0.4839,0.0000,0,0,-0.0278,0.0349,0.5789,2159520.7500
62.3098,-0.4037,-0.1113,0.4839,0.0000,0,0,-0.0302,0.0337,0.5789,2159520.7500
62.3198,-0.4988,0.3084,0.4839,0.0000,0,0,-0.0346,0.0316,0.5789,2159520.7500
62.3298,-0.1629,-0.1535,0.4839,0.0000,0,0,-0.0311,0.0332,0.5789,2159520.7500
62.3401,-0.1352,0.1004,0.4839,0.0000,0,0,-0.0270,0.0350,0.5789,2159520.7500
62.3501,-0.5272,0.6357,0.4839,0.0000,0,0,-0.0321,0.0329,0.5789,2159520.7500
62.3598,-0.2285,0.3111,0.4839,0.0000,0,0,-0.0301,0.0337,0.5789,2159520.7500
62.3698,-0.0358,0.1155,0.4839,0.0000,0,0,-0.0238,0.0362,0.5789,2159520.7500
62.3798,-0.2251,0.1958,0.4839,0.0000,0,0,-0.0221,0.0369,0.5789,2159520.7500
62.3902,-0.1912,0.0422,0.4839,0.0000,0,0,-0.0196,0.0378,0.5789,2159520.7500
62.4001,-0.1840,0.0465,0.4839,0.0000,0,0,-0.0170,0.0388,0.5789,2159520.7500
62.4098,-0.3014,-0.1244,0.4839,0.0000,0,0,-0.0171,0.0387,0.5789,2159520.7500
62.4198,-0.2978,-0.3124,0.4839,0.0000,0,0,-0.0171,0.0387,0.5789,2159520.7500
62.4298,-0.5241,0.1720,0.4839,0.0000,0,0,-0.0218,0.0373,0.5789,2159520.7500
62.4401,-0.5201,0.0790,0.4839,0.0000,0,0,-0.0263,0.0360,0.5789,2159520.7500
62.4507,-0.2713,-0.2596,0.4839,0.0000,0,0,-0.0253,0.0363,0.5789,2159520.7500
62.4598,-0.4971,0.2711,0.4839,0.0000,0,0,-0.0290,0.0354,0.5789,2159520.7500
62.4697,-0.4144,0.5766,0.4839,0.0000,0,0,-0.0309,0.0350,0.5789,2159520.7500
62.4798,-0.0728,0.0912,0.4839,0.0000,0,0,-0.0257,0.0360,0.5789,2159520.7500
62.4901,-0.3016,0.2433,0.4839,0.0000,0,0,-0.0252,0.0361,0.5789,2159520.7500
62.5001,-0.2944,0.4362,0.4839,0.0000,0,0,-0.0247,0.0362,0.5789,2159520.7500
62.5098,-0.1440,-0.2718,0.4839,0.0000,0,0,-0.0211,0.0366,0.5789,2159520.7500
62.5198,-0.1616,-0.1224,0.4839,0.0000,0,0,-0.0180,0.0369,0.5789,2159520.7500
62.5298,-0.3562,0.3296,0.4839,0.0000,0,0,-0.0189,0.0368,0.5789,2159520.7500
62.5401,-0.4653,-0.0692,0.4839,0.0000,0,0,-0.0217,0.0367,0.5789,2159520.7500
62.5501,-0.1949,-0.2518,0.4839,0.0000,0,0,-0.0193,0.0367,0.5789,2159520.7500
62.5598,-0.2633,-0.1020,0.4839,0.0000,0,0,-0.0182,0.0367,0.5789,2159520.7500
62.5697,-0.5446,0.0171,0.4839,0.0000,0,0,-0.0224,0.0370,0.5789,2159520.7500
62.5798,-0.3306,0.2622,0.4839,0.0000,0,0,-0.0225,0.0370,0.5789,2159520.7500
62.5902,-0.2066,0.4025,0.4839,0.0000,0,0,-0.0203,0.0367,0.5789,2159520.7500
62.6001,-0.3902,0.4373,0.4839,0.0000,0,0,-0.0215,0.0369,0.5789,2159520.7500
62.6098,-0.2201,0.4657,0.4839,0.0000,0,0,-0.0196,0.0365,0.5789,2159520.7500
62.6198,-0.1239,0.1378,0.4839,0.0000,0,0,-0.0162,0.0357,0.5789,2159520.7500
62.6298,-0.2927,-0.2607,0.4839,0.0000,0,0,-0.0157,0.0356,0.5789,2159520.7500
62.6401,-0.4586,0.0710,0.4839,0.0000,0,0,-0.0180,0.0363,0.5789,2159520.7500
62.6507,-0.4924,0.1498,0.4839,0.0000,0,0,-0.0206,0.0372,0.5789,2159520.7500
62.6597,-0.3291,-0.3994,0.4839,0.0000,0,0,-0.0206,0.0372,0.5789,2159520.7500
62.6698,-0.2521,-0.1164,0.4839,0.0000,0,0,-0.0194,0.0367,0.5789,2159520.7500
62.6797,-0.5645,0.3592,0.4839,0.0000,0,0,-0.0228,0.0384,0.5789,2159520.7500
62.6901,-0.3741,-0.2516,0.4839,0.0000,0,0,-0.0234,0.0386,0.5789,2159520.7500
62.7001,-0.2852,-0.2294,0.4839,0.0000,0,0,-0.0226,0.0382,0.5789,2159520.7500
62.7098,-0.7549,0.4502,0.4839,0.0000,0,0,-0.0283,0.0418,0.5789,2159520.7500
62.7198,-0.4549,0.3023,0.4839,0.0000,0,0,-0.0296,0.0428,0.5789,2159520.7500
62.7298,-0.0527,0.1004,0.4839,0.0000,0,0,-0.0259,0.0399,0.5789,2159520.7500
62.7401,-0.3127,0.4934,0.4839,0.0000,0,0,-0.0255,0.0396,0.5789,2159520.7500
62.7500,-0.3085,0.1608,0.4839,0.0000,0,0,-0.0250,0.0392,0.5789,2159520.7500
62.7598,-0.1535,-0.1167,0.4839,0.0000,0,0,-0.0229,0.0371,0.5789,2159520.7500
62.7698,-0.4807,0.0252,0.4839,0.0000,0,0,-0.0244,0.0387,0.5789,2159520.7500
62.7798,-0.5557,-0.0062,0.4839,0.0000,0,0,-0.0266,0.0412,0.5789,2159520.7500
62.7902,-0.4627,0.0172,0.4839,0.0000,0,0,-0.0277,0.0426,0.5789,2159520.7500
62.8001,-0.4532,-0.0217,0.4839,0.0000,0,0,-0.0286,0.0439,0.5789,2159520.7500
62.8098,-0.3817,-0.1119,0.4839,0.0000,0,0,-0.0289,0.0443,0.5789,2159520.7500
62.8198,-0.6567,0.2704,0.4839,0.0000,0,0,-0.0313,0.0483,0.5789,2159520.7500
62.8298,-0.5865,0.4244,0.4839,0.0000,0,0,-0.0330,0.0513,0.5789,2159520.7500
62.8401,-0.3284,0.0103,0.4839,0.0000,0,0,-0.0328,0.0508,0.5789,2159520.7500
62.8507,-0.6054,0.2553,0.4839,0.0000,0,0,-0.0343,0.0542,0.5789,2159520.7500
62.8598,-0.4219,0.3395,0.4839,0.0000,0,0,-0.0346,0.0550,0.5789,2159520.7500
62.8698,-0.1410,-0.2452,0.4839,0.0000,0,0,-0.0333,0.0515,0.5789,2159520.7500
62.8798,-0.2575,0.0062,0.4839,0.0000,0,0,-0.0328,0.0498,0.5789,2159520.7500
62.8901,-0.4439,0.1317,0.4839,0.0000,0,0,-0.0331,0.0510,0.5789,2159520.7500
62.9001,-0.3827,-0.1984,0.4839,0.0000,0,0,-0.0332,0.0513,0.5789,2159520.7500
62.9098,-0.3031,-0.1480,0.4839,0.0000,0,0,-0.0330,0.0503,0.5789,2159520.7500
62.9197,-0.2443,-0.1898,0.4839,0.0000,0,0,-0.0327,0.0483,0.5789,2159520.7500
62.9297,-0.3808,-0.0184,0.4839,0.0000,0,0,-0.0328,0.0486,0.5789,2159520.7500
62.9401,-0.4921,0.4261,0.4839,0.0000,0,0,-0.0329,0.0508,0.5789,2159520.7500
62.9500,-0.2236,0.1055,0.4839,0.0000,0,0,-0.0328,0.0485,0.5789,2159520.7500
62.9598,-0.4164,0.2279,0.4839,0.0000,0,0,-0.0328,0.0494,0.5789,2159520.7500
62.9698,-0.4974,0.7026,0.4839,0.0000,0,0,-0.0327,0.0517,0.5789,2159520.7500
62.9798,-0.0491,0.0822,0.4839,0.0000,0,0,-0.0332,0.0464,0.5789,2159520.7500
62.9902,-0.0836,-0.1318,0.4839,0.0000,0,0,-0.0337,0.0417,0.5789,2159520.7500
63.0001,-0.3230,0.2801,0.4839,0.0000,0,0,-0.0338,0.0413,0.5789,2159520.7500
63.0099,-0.4192,-0.0827,0.4839,0.0000,0,0,-0.0335,0.0425,0.5789,2159520.7500
63.0198,-0.3692,-0.2709,0.4839,0.0000,0,0,-0.0335,0.0429,0.5789,2159520.7500
63.0298,-0.4337,-0.1310,0.4839,0.0000,0,0,-0.0331,0.0444,0.5789,2159520.7500
63.0401,-0.5794,-0.0968,0.4839,0.0000,0,0,-0.0319,0.0484,0.5789,2159520.7500
63.0508,-0.4941,0.0319,0.4839,0.0000,0,0,-0.0312,0.0508,0.5789,2159520.7500
63.0598,-0.3062,-0.0188,0.4839,0.0000,0,0,-0.0314,0.0500,0.5789,2159520.7500
63.0698,-0.4065,-0.0158,0.4839,0.0000,0,0,-0.0311,0.0509,0.5789,2159520.7500
63.0798,-0.5598,0.4185,0.4839,0.0000,0,0,-0.0296,0.0544,0.5789,2159520.7500
63.0901,-0.2870,0.2540,0.4839,0.0000,0,0,-0.0301,0.0533,0.5789,2159520.7500
63.1001,-0.1935,-0.0701,0.4839,0.0000,0,0,-0.0315,0.0506,0.5789,2159520.7500
63.1098,-0.3419,0.3923,0.4839,0.0000,0,0,-0.0315,0.0505,0.5789,2159520.7500
63.1198,-0.2274,0.2310,0.4839,0.0000,0,0,-0.0326,0.0486,0.5789,2159520.7500
63.1298,-0.0776,-0.4083,0.4839,0.0000,0,0,-0.0352,0.0444,0.5789,2159520.7500
63.1401,-0.2077,-0.2929,0.4839,0.0000,0,0,-0.0365,0.0424,0.5789,2159520.7500
63.1501,-0.3706,-0.1782,0.4839,0.0000,0,0,-0.0361,0.0430,0.5789,2159520.7500
63.1598,-0.4210,-0.1242,0.4839,0.0000,0,0,-0.0350,0.0444,0.5789,2159520.7500
63.1698,-0.3364,0.2593,0.4839,0.0000,0,0,-0.0350,0.0445,0.5789,2159520.7500
63.1798,-0.3240,-0.0070,0.4839,0.0000,0,0,-0.0351,0.0444,0.5789,2159520.7500
63.1902,-0.4079,0.1947,0.4839,0.0000,0,0,-0.0341,0.0455,0.5789,2159520.7500
63.2000,-0.1676,0.3719,0.4839,0.0000,0,0,-0.0361,0.0433,0.5789,2159520.7500
63.2097,-0.0668,0.0591,0.4839,0.0000,0,0,-0.0395,0.0400,0.5789,2159520.7500
63.2198,-0.1841,0.4921,0.4839,0.0000,0,0,-0.0413,0.0383,0.5789,2159520.7500
63.2298,-0.1143,0.5130,0.4839,0.0000,0,0,-0.0440,0.0359,0.5789,2159520.7500
63.2401,-0.0368,-0.3175,0.4839,0.0000,0,0,-0.0478,0.0327,0.5789,2159520.7500
63.2508,-0.1027,-0.2005,0.4839,0.0000,0,0,-0.0507,0.0305,0.5789,2159520.7500
63.2598,-0.3342,-0.0536,0.4839,0.0000,0,0,-0.0500,0.0310,0.5789,2159520.7500
63.2698,-0.4048,-0.2504,0.4839,0.0000,0,0,-0.0483,0.0321,0.5789,2159520.7500
63.2798,-0.2794,0.0792,0.4839,0.0000,0,0,-0.0485,0.0320,0.5789,2159520.7500
63.2900,-0.2640,0.3140,0.4839,0.0000,0,0,-0.0489,0.0318,0.5789,2159520.7500
63.3001,-0.4757,0.4668,0.4839,0.0000,0,0,-0.0459,0.0334,0.5789,2159520.7500
63.3098,-0.2878,0.7989,0.4839,0.0000,0,0,-0.0459,0.0334,0.5789,2159520.7500
63.3198,-0.0045,0.1818,0.4839,0.0000,0,0,-0.0505,0.0313,0.5789,2159520.7500
63.3298,0.0171,0.0235,0.4839,0.0000,0,0,-0.0554,0.0292,0.5789,2159520.7500
63.3400,-0.1236,0.5073,0.4839,0.0000,0,0,-0.0579,0.0283,0.5789,2159520.7500
63.3501,-0.0393,-0.0010,0.4839,0.0000,0,0,-0.0617,0.0271,0.5789,2159520.7500
63.3598,-0.1169,-0.1209,0.4839,0.0000,0,0,-0.0641,0.0264,0.5789,2159520.7500
63.3698,-0.3541,0.3658,0.4839,0.0000,0,0,-0.0624,0.0268,0.5789,2159520.7500
63.3798,-0.4555,-0.0257,0.4839,0.0000,0,0,-0.0590,0.0275,0.5789,2159520.7500
63.3902,-0.1825,-0.1093,0.4839,0.0000,0,0,-0.0603,0.0273,0.5789,2159520.7500
63.4001,-0.1133,0.2054,0.4839,0.0000,0,0,-0.0627,0.0270,0.5789,2159520.7500
63.4098,-0.3356,0.2973,0.4839,0.0000,0,0,-0.0612,0.0271,0.5789,2159520.7500
63.4198,-0.2321,0.4538,0.4839,0.0000,0,0,-0.0616,0.0271,0.5789,2159520.7500
63.4298,-0.0340,0.4085,0.4839,0.0000,0,0,-0.0653,0.0271,0.5789,2159520.7500
63.4401,-0.2486,0.2630,0.4839,0.0000,0,0,-0.0651,0.0271,0.5789,2159520.7500
63.4507,-0.1732,0.5732,0.4839,0.0000,0,0,-0.0663,0.0272,0.5789,2159520.7500
63.4598,-0.0127,0.2237,0.4839,0.0000,0,0,-0.0701,0.0277,0.5789,2159520.7500
63.4698,0.1134,-0.1592,0.4839,0.0000,0,0,-0.0759,0.0288,0.5789,2159520.7500
63.4798,-0.0638,0.1618,0.4839,0.0000,0,0,-0.0786,0.0294,0.5789,2159520.7500
63.4901,-0.1502,0.2349,0.4839,0.0000,0,0,-0.0797,0.0297,0.5789,2159520.7500
63.5001,-0.1303,-0.1790,0.4839,0.0000,0,0,-0.0810,0.0301,0.5789,2159520.7500
63.5098,-0.0928,0.1594,0.4839,0.0000,0,0,-0.0829,0.0309,0.5789,2159520.7500
63.5198,-0.4672,0.2714,0.4839,0.0000,0,0,-0.0788,0.0291,0.5789,2159520.7500
63.5298,-0.3051,0.1153,0.4839,0.0000,0,0,-0.0774,0.0283,0.5789,2159520.7500
63.5401,-0.0721,0.2434,0.4839,0.0000,0,0,-0.0795,0.0296,0.5789,2159520.7500
63.5500,-0.2316,0.4157,0.4839,0.0000,0,0,-0.0792,0.0293,0.5789,2159520.7500
63.5597,-0.2904,0.7529,0.4839,0.0000,0,0,-0.0780,0.0285,0.5789,2159520.7500
63.5697,-0.0160,0.7592,0.4839,0.0000,0,0,-0.0808,0.0306,0.5789,2159520.7500
63.5798,0.0344,-0.0039,0.4839,0.0000,0,0,-0.0841,0.0334,0.5789,2159520.7500
63.5902,-0.0544,0.1109,0.4839,0.0000,0,0,-0.0860,0.0352,0.5789,2159520.7500
63.6001,-0.2608,0.3271,0.4839,0.0000,0,0,-0.0851,0.0343,0.5789,2159520.7500
63.6098,-0.1704,-0.1839,0.4839,0.0000,0,0,-0.0854,0.0346,0.5789,2159520.7500
63.6198,-0.0910,0.0007,0.4839,0.0000,0,0,-0.0867,0.0361,0.5789,2159520.7500
63.6298,-0.3317,0.4103,0.4839,0.0000,0,0,-0.0850,0.0339,0.5789,2159520.7500
63.6401,-0.4637,0.2285,0.4839,0.0000,0,0,-0.0820,0.0296,0.5789,2159520.7500
63.6507,-0.2170,0.3015,0.4839,0.0000,0,0,-0.0819,0.0293,0.5789,2159520.7500
63.6598,-0.3640,0.2763,0.4839,0.0000,0,0,-0.0802,0.0265,0.5789,2159520.7500
63.6698,-0.4665,0.5195,0.4839,0.0000,0,0,-0.0778,0.0218,0.5789,2159520.7500
63.6797,-0.3061,0.7418,0.4839,0.0000,0,0,-0.0769,0.0201,0.5789,2159520.7500
63.6901,-0.0553,0.1149,0.4839,0.0000,0,0,-0.0783,0.0232,0.5789,2159520.7500
63.7001,-0.1459,0.0643,0.4839,0.0000,0,0,-0.0788,0.0245,0.5789,2159520.7500
63.7098,-0.2709,0.3120,0.4839,0.0000,0,0,-0.0783,0.0232,0.5789,2159520.7500
63.7198,-0.4851,-0.2219,0.4839,0.0000,0,0,-0.0766,0.0175,0.5789,2159520.7500
63.7298,-0.3927,-0.1958,0.4839,0.0000,0,0,-0.0757,0.0139,0.5789,2159520.7500
63.7401,-0.4497,0.0611,0.4839,0.0000,0,0,-0.0746,0.0090,0.5789,2159520.7500
63.7501,-0.5743,0.2305,0.4839,0.0000,0,0,-0.0732,0.0014,0.5789,2159520.7500
63.7598,-0.4327,0.6099,0.4839,0.0000,0,0,-0.0725,-0.0029,0.5789,2159520.7500
63.7698,-0.2183,0.3027,0.4839,0.0000,0,0,-0.0726,-0.0020,0.5789,2159520.7500
63.7797,-0.4110,0.1802,0.4839,0.0000,0,0,-0.0723,-0.0057,0.5789,2159520.7500
63.7902,-0.5098,0.5986,0.4839,0.0000,0,0,-0.0719,-0.0117,0.5789,2159520.7500
63.8001,-0.2938,0.1585,0.4839,0.0000,0,0,-0.0719,-0.0123,0.5789,2159520.7500
63.8098,-0.2322,-0.2355,0.4839,0.0000,0,0,-0.0719,-0.0113,0.5789,2159520.7500
63.8198,-0.3991,0.3316,0.4839,0.0000,0,0,-0.0720,-0.0144,0.5789,2159520.7500
63.8298,-0.3188,0.1539,0.4839,0.0000,0,0,-0.0721,-0.0154,0.5789,2159520.7500
63.8401,-0.2922,-0.3704,0.4839,0.0000,0,0,-0.0721,-0.0156,0.5789,2159520.7500
63.8507,-0.2853,-0.1350,0.4839,0.0000,0,0,-0.0721,-0.0156,0.5789,2159520.7500
63.8598,-0.5074,-0.0815,0.4839,0.0000,0,0,-0.0729,-0.0212,0.5789,2159520.7500
63.8698,-0.4161,-0.1480,0.4839,0.0000,0,0,-0.0735,-0.0242,0.5789,2159520.7500
63.8798,-0.2978,0.0956,0.4839,0.0000,0,0,-0.0735,-0.0241,0.5789,2159520.7500
63.8901,-0.4910,0.3103,0.4839,0.0000,0,0,-0.0746,-0.0288,0.5789,2159520.7500
63.9001,-0.4257,0.5968,0.4839,0.0000,0,0,-0.0753,-0.0317,0.5789,2159520.7500
63.9098,-0.0740,0.5186,0.4839,0.0000,0,0,-0.0735,-0.0254,0.5789,2159520.7500
63.9198,-0.1307,0.1166,0.4839,0.0000,0,0,-0.0721,-0.0208,0.5789,2159520.7500
63.9298,-0.2040,0.2933,0.4839,0.0000,0,0,-0.0712,-0.0182,0.5789,2159520.7500
63.9400,-0.2576,0.2419,0.4839,0.0000,0,0,-0.0707,-0.0169,0.5789,2159520.7500
63.9501,-0.2573,-0.2987,0.4839,0.0000,0,0,-0.0702,-0.0156,0.5789,2159520.7500
63.9598,-0.2807,-0.1526,0.4839,0.0000,0,0,-0.0699,-0.0149,0.5789,2159520.7500
63.9698,-0.3326,0.2492,0.4839,0.0000,0,0,-0.0701,-0.0155,0.5789,2159520.7500
63.9797,-0.4059,-0.0814,0.4839,0.0000,0,0,-0.0712,-0.0177,0.5789,2159520.7500
63.9902,-0.2116,0.0370,0.4839,0.0000,0,0,-0.0699,-0.0152,0.5789,2159520.7500
64.0001,-0.4517,0.3458,0.4839,0.0000,0,0,-0.0716,-0.0184,0.5789,2159520.7500
64.0100,-0.4842,0.4269,0.4839,0.0000,0,0,-0.0738,-0.0221,0.5789,2159520.7500
64.0198,-0.0939,0.4649,0.4839,0.0000,0,0,-0.0705,-0.0166,0.5789,2159520.7500
64.0297,-0.2012,0.3924,0.4839,0.0000,0,0,-0.0686,-0.0138,0.5789,2159520.7500
64.0401,-0.2102,0.2171,0.4839,0.0000,0,0,-0.0669,-0.0113,0.5789,2159520.7500
64.0508,-0.1194,0.2347,0.4839,0.0000,0,0,-0.0637,-0.0069,0.5789,2159520.7500
64.0598,-0.2820,0.0113,0.4839,0.0000,0,0,-0.0632,-0.0061,0.5789,2159520.7500
64.0698,-0.1311,-0.2768,0.4839,0.0000,0,0,-0.0601,-0.0022,0.5789,2159520.7500
64.0798,-0.3088,0.1380,0.4839,0.0000,0,0,-0.0601,-0.0022,0.5789,2159520.7500
64.0901,-0.5322,0.5589,0.4839,0.0000,0,0,-0.0639,-0.0066,0.5789,2159520.7500
64.1001,-0.2100,0.1283,0.4839,0.0000,0,0,-0.0619,-0.0044,0.5789,2159520.7500
64.1098,-0.3164,0.3430,0.4839,0.0000,0,0,-0.0618,-0.0043,0.5789,2159520.7500
64.1198,-0.4164,0.6654,0.4839,0.0000,0,0,-0.0635,-0.0061,0.5789,2159520.7500
64.1297,0.0080,0.2021,0.4839,0.0000,0,0,-0.0572,0.0004,0.5789,2159520.7500
64.1402,-0.0502,0.1312,0.4839,0.0000,0,0,-0.0520,0.0055,0.5789,2159520.7500
64.1501,-0.2948,0.0862,0.4839,0.0000,0,0,-0.0518,0.0058,0.5789,2159520.7500
64.1598,-0.2620,0.0050,0.4839,0.0000,0,0,-0.0508,0.0066,0.5789,2159520.7500
64.1698,-0.3234,0.1866,0.4839,0.0000,0,0,-0.0511,0.0064,0.5789,2159520.7500
64.1798,-0.1348,-0.1423,0.4839,0.0000,0,0,-0.0476,0.0095,0.5789,2159520.7500
64.1902,-0.1916,-0.1813,0.4839,0.0000,0,0,-0.0453,0.0114,0.5789,2159520.7500
64.2001,-0.5359,0.1891,0.4839,0.0000,0,0,-0.0502,0.0075,0.5789,2159520.7500
64.2098,-0.3319,-0.3133,0.4839,0.0000,0,0,-0.0506,0.0071,0.5789,2159520.7500
64.2198,-0.3367,-0.1444,0.4839,0.0000,0,0,-0.0510,0.0068,0.5789,2159520.7500
64.2298,-0.5890,0.6324,0.4839,0.0000,0,0,-0.0571,0.0024,0.5789,2159520.7500
64.2401,-0.2864,0.4218,0.4839,0.0000,0,0,-0.0561,0.0031,0.5789,2159520.7500
64.2507,-0.0763,0.2054,0.4839,0.0000,0,0,-0.0503,0.0070,0.5789,2159520.7500
64.2598,-0.3212,0.3000,0.4839,0.0000,0,0,-0.0503,0.0070,0.5789,2159520.7500
64.2698,-0.2791,-0.1807,0.4839,0.0000,0,0,-0.0493,0.0077,0.5789,2159520.7500
64.2798,-0.2573,-0.2311,0.4839,0.0000,0,0,-0.0478,0.0086,0.5789,2159520.7500
64.2901,-0.3915,-0.0400,0.4839,0.0000,0,0,-0.0495,0.0076,0.5789,2159520.7500
64.3001,-0.5722,-0.1086,0.4839,0.0000,0,0,-0.0553,0.0041,0.5789,2159520.7500
64.3098,-0.6160,0.3349,0.4839,0.0000,0,0,-0.0620,0.0003,0.5789,2159520.7500
64.3198,-0.3702,0.3867,0.4839,0.0000,0,0,-0.0625,0.0001,0.5789,2159520.7500
64.3298,-0.2151,0.2373,0.4839,0.0000,0,0,-0.0593,0.0018,0.5789,2159520.7500
64.3401,-0.4359,0.6889,0.4839,0.0000,0,0,-0.0614,0.0007,0.5789,2159520.7500
64.3502,-0.2989,0.6396,0.4839,0.0000,0,0,-0.0601,0.0014,0.5789,2159520.7500
64.3598,-0.1295,-0.0291,0.4839,0.0000,0,0,-0.0549,0.0040,0.5789,2159520.7500
64.3698,-0.2983,0.1762,0.4839,0.0000,0,0,-0.0538,0.0045,0.5789,2159520.7500
64.3798,-0.3494,0.2900,0.4839,0.0000,0,0,-0.0540,0.0044,0.5789,2159520.7500
64.3902,-0.4218,-0.2287,0.4839,0.0000,0,0,-0.0558,0.0036,0.5789,2159520.7500
64.4001,-0.3766,-0.0601,0.4839,0.0000,0,0,-0.0565,0.0033,0.5789,2159520.7500
64.4098,-0.5315,0.2888,0.4839,0.0000,0,0,-0.0606,0.0015,0.5789,2159520.7500
64.4198,-0.5601,0.2065,0.4839,0.0000,0,0,-0.0653,-0.0005,0.5789,2159520.7500
64.4298,-0.2861,0.4004,0.4839,0.0000,0,0,-0.0634,0.0002,0.5789,2159520.7500
64.4401,-0.4147,0.4808,0.4839,0.0000,0,0,-0.0646,-0.0002,0.5789,2159520.7500
64.4508,-0.3942,0.4919,0.4839,0.0000,0,0,-0.0652,-0.0004,0.5789,2159520.7500
64.4598,-0.1559,0.4833,0.4839,0.0000,0,0,-0.0605,0.0013,0.5789,2159520.7500
64.4698,-0.3412,0.3706,0.4839,0.0000,0,0,-0.0601,0.0014,0.5789,2159520.7500
64.4798,-0.4098,0.2014,0.4839,0.0000,0,0,-0.0611,0.0011,0.5789,2159520.7500
64.4901,-0.3746,0.2515,0.4839,0.0000,0,0,-0.0614,0.0010,0.5789,2159520.7500
64.5001,-0.4693,0.1082,0.4839,0.0000,0,0,-0.0636,0.0004,0.5789,2159520.7500
64.5098,-0.5289,-0.2359,0.4839,0.0000,0,0,-0.0670,-0.0006,0.5789,2159520.7500
64.5198,-0.7042,0.0157,0.4839,0.0000,0,0,-0.0739,-0.0024,0.5789,2159520.7500
64.5297,-0.6562,0.3879,0.4839,0.0000,0,0,-0.0796,-0.0037,0.5789,2159520.7500
64.5400,-0.3737,0.1164,0.4839,0.0000,0,0,-0.0791,-0.0036,0.5789,2159520.7500
64.5501,-0.4785,0.5793,0.4839,0.0000,0,0,-0.0809,-0.0039,0.5789,2159520.7500
64.5598,-0.3273,0.9254,0.4839,0.0000,0,0,-0.0795,-0.0037,0.5789,2159520.7500
64.5697,-0.1871,0.1108,0.4839,0.0000,0,0,-0.0753,-0.0031,0.5789,2159520.7500
64.5798,-0.3655,-0.0191,0.4839,0.0000,0,0,-0.0749,-0.0031,0.5789,2159520.7500
64.5902,-0.5370,0.1708,0.4839,0.0000,0,0,-0.0778,-0.0033,0.5789,2159520.7500
64.6001,-0.5028,-0.3672,0.4839,0.0000,0,0,-0.0800,-0.0034,0.5789,2159520.7500
64.6098,-0.2724,-0.3173,0.4839,0.0000,0,0,-0.0776,-0.0033,0.5789,2159520.7500
64.6198,-0.4547,0.2724,0.4839,0.0000,0,0,-0.0788,-0.0033,0.5789,2159520.7500
64.6298,-0.6247,0.2487,0.4839,0.0000,0,0,-0.0832,-0.0032,0.5789,2159520.7500
64.6401,-0.3148,0.1176,0.4839,0.0000,0,0,-0.0817,-0.0033,0.5789,2159520.7500
64.6508,-0.4927,0.2890,0.4839,0.0000,0,0,-0.0834,-0.0031,0.5789,2159520.7500
64.6598,-0.6673,0.3988,0.4839,0.0000,0,0,-0.0882,-0.0024,0.5789,2159520.7500
64.6698,-0.2911,0.2455,0.4839,0.0000,0,0,-0.0862,-0.0028,0.5789,2159520.7500
64.6798,-0.3615,0.1666,0.4839,0.0000,0,0,-0.0856,-0.0029,0.5789,2159520.7500
64.6901,-0.4714,0.0682,0.4839,0.0000,0,0,-0.0868,-0.0026,0.5789,2159520.7500
64.7001,-0.4570,0.0714,0.4839,0.0000,0,0,-0.0877,-0.0023,0.5789,2159520.7500
64.7098,-0.6374,-0.0173,0.4839,0.0000,0,0,-0.0916,-0.0011,0.5789,2159520.7500
64.7198,-0.4933,-0.3229,0.4839,0.0000,0,0,-0.0930,-0.0006,0.5789,2159520.7500
64.7298,-0.5759,-0.0455,0.4839,0.0000,0,0,-0.0956,0.0005,0.5789,2159520.7500
64.7401,-0.7521,0.4357,0.4839,0.0000,0,0,-0.1007,0.0029,0.5789,2159520.7500
64.7501,-0.5360,-0.1252,0.4839,0.0000,0,0,-0.1024,0.0037,0.5789,2159520.7500
64.7598,-0.5212,0.0197,0.4839,0.0000,0,0,-0.1039,0.0045,0.5789,2159520.7500
64.7698,-0.7238,0.7751,0.4839,0.0000,0,0,-0.1081,0.0071,0.5789,2159520.7500
64.7798,-0.3439,0.3518,0.4839,0.0000,0,0,-0.1070,0.0064,0.5789,2159520.7500
64.7902,-0.2285,0.2718,0.4839,0.0000,0,0,-0.1045,0.0046,0.5789,2159520.7500
64.8001,-0.4298,0.5239,0.4839,0.0000,0,0,-0.1047,0.0047,0.5789,2159520.7500
64.8098,-0.4175,0.0597,0.4839,0.0000,0,0,-0.1047,0.0047,0.5789,2159520.7500
64.8198,-0.3608,0.0561,0.4839,0.0000,0,0,-0.1041,0.0042,0.5789,2159520.7500
64.8297,-0.2457,0.0691,0.4839,0.0000,0,0,-0.1023,0.0024,0.5789,2159520.7500
64.8401,-0.2593,-0.0046,0.4839,0.0000,0,0,-0.1008,0.0007,0.5789,2159520.7500
64.8508,-0.4018,0.4863,0.4839,0.0000,0,0,-0.1009,0.0008,0.5789,2159520.7500
64.8598,-0.0753,0.4689,0.4839,0.0000,0,0,-0.0978,-0.0032,0.5789,2159520.7500
64.8698,-0.0462,0.3371,0.4839,0.0000,0,0,-0.0948,-0.0075,0.5789,2159520.7500
64.8798,-0.1957,0.9378,0.4839,0.0000,0,0,-0.0932,-0.0098,0.5789,2159520.7500
64.8901,0.0261,0.6149,0.4839,0.0000,0,0,-0.0901,-0.0151,0.5789,2159520.7500
64.9001,0.2313,-0.0235,0.4839,0.0000,0,0,-0.0858,-0.0233,0.5789,2159520.7500
64.9098,0.1052,0.2705,0.4839,0.0000,0,0,-0.0827,-0.0296,0.5789,2159520.7500
64.9198,0.0286,0.1470,0.4839,0.0000,0,0,-0.0805,-0.0347,0.5789,2159520.7500
64.9298,0.0482,-0.3537,0.4839,0.0000,0,0,-0.0784,-0.0401,0.5789,2159520.7500
64.9401,0.0396,-0.0114,0.4839,0.0000,0,0,-0.0766,-0.0453,0.5789,2159520.7500
64.9501,-0.0769,0.3075,0.4839,0.0000,0,0,-0.0756,-0.0487,0.5789,2159520.7500
64.9598,-0.1083,0.2975,0.4839,0.0000,0,0,-0.0749,-0.0515,0.5789,2159520.7500
64.9698,0.2345,0.5167,0.4839,0.0000,0,0,-0.0732,-0.0596,0.5789,2159520.7500
64.9798,0.0234,0.4606,0.4839,0.0000,0,0,-0.0724,-0.0643,0.5789,2159520.7500
64.9902,-0.0438,0.4962,0.4839,0.0000,0,0,-0.0720,-0.0678,0.5789,2159520.7500
65.0001,0.0139,0.6248,0.4839,0.0000,0,0,-0.0716,-0.0721,0.5789,2159520.7500
65.0099,-0.2214,0.2042,0.4839,0.0000,0,0,-0.0715,-0.0725,0.5789,2159520.7500
65.0198,-0.4045,-0.1095,0.4839,0.0000,0,0,-0.0716,-0.0697,0.5789,2159520.7500
65.0298,-0.5120,0.1549,0.4839,0.0000,0,0,-0.0715,-0.0651,0.5789,2159520.7500
65.0401,-0.5234,0.0158,0.4839,0.0000,0,0,-0.0712,-0.0603,0.5789,2159520.7500
65.0508,-0.3076,-0.2286,0.4839,0.0000,0,0,-0.0711,-0.0593,0.5789,2159520.7500
65.0598,-0.4883,0.2728,0.4839,0.0000,0,0,-0.0706,-0.0551,0.5789,2159520.7500
65.0698,-0.6466,0.7134,0.4839,0.0000,0,0,-0.0695,-0.0483,0.5789,2159520.7500
65.0798,-0.4290,0.4102,0.4839,0.0000,0,0,-0.0690,-0.0453,0.5789,2159520.7500
65.0901,-0.4544,0.4522,0.4839,0.0000,0,0,-0.0682,-0.0419,0.5789,2159520.7500
65.1001,-0.5736,0.6050,0.4839,0.0000,0,0,-0.0667,-0.0365,0.5789,2159520.7500
65.1098,-0.2581,0.1531,0.4839,0.0000,0,0,-0.0668,-0.0366,0.5789,2159520.7500
65.1198,-0.3123,-0.0289,0.4839,0.0000,0,0,-0.0665,-0.0357,0.5789,2159520.7500
65.1298,-0.4341,0.3107,0.4839,0.0000,0,0,-0.0654,-0.0328,0.5789,2159520.7500
65.1401,-0.4392,0.0483,0.4839,0.0000,0,0,-0.0642,-0.0298,0.5789,2159520.7500
65.1501,-0.4071,-0.1490,0.4839,0.0000,0,0,-0.0632,-0.0274,0.5789,2159520.7500
65.1598,-0.4387,0.0897,0.4839,0.0000,0,0,-0.0618,-0.0245,0.5789,2159520.7500
65.1698,-0.6229,0.0963,0.4839,0.0000,0,0,-0.0589,-0.0187,0.5789,2159520.7500
65.1798,-0.5371,0.2181,0.4839,0.0000,0,0,-0.0565,-0.0145,0.5789,2159520.7500
65.1902,-0.3608,0.3637,0.4839,0.0000,0,0,-0.0558,-0.0132,0.5789,2159520.7500
65.2001,-0.5330,0.3796,0.4839,0.0000,0,0,-0.0532,-0.0092,0.5789,2159520.7500
65.2098,-0.3729,0.6052,0.4839,0.0000,0,0,-0.0523,-0.0078,0.5789,2159520.7500
65.2198,-0.2951,0.4258,0.4839,0.0000,0,0,-0.0522,-0.0076,0.5789,2159520.7500
65.2298,-0.3011,0.0677,0.4839,0.0000,0,0,-0.0520,-0.0073,0.5789,2159520.7500
65.2401,-0.2972,0.1705,0.4839,0.0000,0,0,-0.0518,-0.0071,0.5789,2159520.7500
65.2508,-0.4403,0.1924,0.4839,0.0000,0,0,-0.0499,-0.0048,0.5789,2159520.7500
65.2598,-0.3671,-0.1465,0.4839,0.0000,0,0,-0.0488,-0.0037,0.5789,2159520.7500
65.2697,-0.4384,0.1023,0.4839,0.0000,0,0,-0.0468,-0.0016,0.5789,2159520.7500
65.2797,-0.6175,0.4572,0.4839,0.0000,0,0,-0.0424,0.0027,0.5789,2159520.7500
65.2901,-0.3456,-0.0225,0.4839,0.0000,0,0,-0.0417,0.0034,0.5789,2159520.7500
65.3001,-0.0953,0.0540,0.4839,0.0000,0,0,-0.0444,0.0010,0.5789,2159520.7500
65.3098,-0.5648,0.7391,0.4839,0.0000,0,0,-0.0404,0.0043,0.5789,2159520.7500
65.3198,-0.3816,0.4221,0.4839,0.0000,0,0,-0.0391,0.0053,0.5789,2159520.7500
65.3298,-0.1165,0.0684,0.4839,0.0000,0,0,-0.0418,0.0034,0.5789,2159520.7500
65.3400,-0.3140,0.4521,0.4839,0.0000,0,0,-0.0414,0.0037,0.5789,2159520.7500
65.3501,-0.2055,0.2471,0.4839,0.0000,0,0,-0.0426,0.0029,0.5789,2159520.7500
65.3598,0.0145,-0.1056,0.4839,0.0000,0,0,-0.0474,0.0002,0.5789,2159520.7500
65.3698,-0.1644,0.0197,0.4839,0.0000,0,0,-0.0492,-0.0008,0.5789,2159520.7500
65.3798,-0.3266,-0.1749,0.4839,0.0000,0,0,-0.0483,-0.0004,0.5789,2159520.7500
65.3902,-0.4833,-0.0868,0.4839,0.0000,0,0,-0.0448,0.0011,0.5789,2159520.7500
65.4002,-0.4350,0.1927,0.4839,0.0000,0,0,-0.0422,0.0022,0.5789,2159520.7500
65.4098,-0.3018,0.0090,0.4839,0.0000,0,0,-0.0419,0.0023,0.5789,2159520.7500
65.4198,-0.3920,0.4437,0.4839,0.0000,0,0,-0.0400,0.0029,0.5789,2159520.7500
65.4298,-0.2094,0.5212,0.4839,0.0000,0,0,-0.0412,0.0026,0.5789,2159520.7500
65.4401,-0.0702,0.0429,0.4839,0.0000,0,0,-0.0448,0.0017,0.5789,2159520.7500
65.4507,-0.3189,0.3359,0.4839,0.0000,0,0,-0.0440,0.0019,0.5789,2159520.7500
65.4598,-0.2827,0.7084,0.4839,0.0000,0,0,-0.0439,0.0019,0.5789,2159520.7500
65.4698,-0.1498,0.1573,0.4839,0.0000,0,0,-0.0460,0.0017,0.5789,2159520.7500
65.4798,-0.1765,0.0939,0.4839,0.0000,0,0,-0.0476,0.0016,0.5789,2159520.7500
65.4901,-0.3186,0.1239,0.4839,0.0000,0,0,-0.0467,0.0016,0.5789,2159520.7500
65.5001,-0.3229,-0.2872,0.4839,0.0000,0,0,-0.0458,0.0016,0.5789,2159520.7500
65.5098,-0.1368,-0.2410,0.4839,0.0000,0,0,-0.0481,0.0017,0.5789,2159520.7500
65.5198,-0.3969,0.2771,0.4839,0.0000,0,0,-0.0458,0.0015,0.5789,2159520.7500
65.5298,-0.5652,0.4319,0.4839,0.0000,0,0,-0.0408,0.0007,0.5789,2159520.7500
65.5398,-0.5129,0.2664,0.4839,0.0000,0,0,-0.0368,-0.0001,0.5789,2159520.7500
65.5503,-0.8795,0.4401,0.4839,0.0000,0,0,-0.0268,-0.0026,0.5789,2159520.7500
65.5598,-0.9666,0.4877,0.4839,0.0000,0,0,-0.0157,-0.0058,0.5789,2159520.7500
65.5698,-0.5799,0.2209,0.4839,0.0000,0,0,-0.0113,-0.0073,0.5789,2159520.7500
65.5798,-0.6022,0.3093,0.4839,0.0000,0,0,-0.0067,-0.0092,0.5789,2159520.7500
65.5902,-0.8072,0.3656,0.4839,0.0000,0,0,0.0009,-0.0127,0.5789,2159520.7500
65.6001,-0.7709,0.2007,0.4839,0.0000,0,0,0.0077,-0.0162,0.5789,2159520.7500
65.6098,-1.0449,0.1989,0.4839,0.0000,0,0,0.0183,-0.0224,0.5789,2159520.7500
65.6198,-0.9187,-0.0319,0.4839,0.0000,0,0,0.0266,-0.0277,0.5789,2159520.7500
65.6298,-1.1597,0.0154,0.4839,0.0000,0,0,0.0379,-0.0358,0.5789,2159520.7500
65.6401,-1.1915,0.4838,0.4839,0.0000,0,0,0.0492,-0.0446,0.5789,2159520.7500
65.6508,-1.0055,0.2805,0.4839,0.0000,0,0,0.0572,-0.0516,0.5789,2159520.7500
65.6598,-1.1232,0.5335,0.4839,0.0000,0,0,0.0664,-0.0603,0.5789,2159520.7500
65.6698,-1.0707,1.0776,0.4839,0.0000,0,0,0.0744,-0.0686,0.5789,2159520.7500
65.6798,-0.7560,0.3469,0.4839,0.0000,0,0,0.0779,-0.0726,0.5789,2159520.7500
65.6901,-0.7856,0.0647,0.4839,0.0000,0,0,0.0816,-0.0771,0.5789,2159520.7500
65.7001,-0.7141,0.6097,0.4839,0.0000,0,0,0.0841,-0.0806,0.5789,2159520.7500
65.7098,-0.6846,0.0752,0.4839,0.0000,0,0,0.0861,-0.0836,0.5789,2159520.7500
65.7198,-0.4698,-0.2633,0.4839,0.0000,0,0,0.0858,-0.0830,0.5789,2159520.7500
65.7298,-0.6906,0.1227,0.4839,0.0000,0,0,0.0876,-0.0863,0.5789,2159520.7500
65.7401,-0.9397,0.1693,0.4839,0.0000,0,0,0.0915,-0.0941,0.5789,2159520.7500
65.7500,-0.6232,0.1092,0.4839,0.0000,0,0,0.0924,-0.0959,0.5789,2159520.7500
65.7598,-0.5950,0.4240,0.4839,0.0000,0,0,0.0929,-0.0972,0.5789,2159520.7500
65.7698,-0.8044,0.6398,0.4839,0.0000,0,0,0.0949,-0.1026,0.5789,2159520.7500
65.7798,-0.4994,0.4425,0.4839,0.0000,0,0,0.0946,-0.1017,0.5789,2159520.7500
65.7902,-0.4091,0.2389,0.4839,0.0000,0,0,0.0938,-0.0989,0.5789,2159520.7500
65.8000,-0.6591,0.2467,0.4839,0.0000,0,0,0.0944,-0.1015,0.5789,2159520.7500
65.8098,-0.6091,0.0007,0.4839,0.0000,0,0,0.0947,-0.1029,0.5789,2159520.7500
65.8198,-0.5796,-0.0229,0.4839,0.0000,0,0,0.0949,-0.1036,0.5789,2159520.7500
65.8298,-0.7393,0.0314,0.4839,0.0000,0,0,0.0955,-0.1080,0.5789,2159520.7500
65.8401,-0.7341,0.0328,0.4839,0.0000,0,0,0.0959,-0.1121,0.5789,2159520.7500
65.8508,-0.7842,-0.0363,0.4839,0.0000,0,0,0.0963,-0.1174,0.5789,2159520.7500
65.8598,-0.6324,-0.2281,0.4839,0.0000,0,0,0.0964,-0.1189,0.5789,2159520.7500
65.8698,-0.7139,-0.2606,0.4839,0.0000,0,0,0.0964,-0.1223,0.5789,2159520.7500
65.8798,-0.9384,0.3359,0.4839,0.0000,0,0,0.0963,-0.1312,0.5789,2159520.7500
65.8901,-0.8284,0.2747,0.4839,0.0000,0,0,0.0961,-0.1371,0.5789,2159520.7500
65.9001,-0.7492,0.0502,0.4839,0.0000,0,0,0.0958,-0.1408,0.5789,2159520.7500
65.9097,-0.9936,0.5314,0.4839,0.0000,0,0,0.0948,-0.1506,0.5789,2159520.7500
65.9198,-0.8495,0.3274,0.4839,0.0000,0,0,0.0940,-0.1564,0.5789,2159520.7500
65.9298,-0.6015,-0.3236,0.4839,0.0000,0,0,0.0941,-0.1558,0.5789,2159520.7500
65.9401,-0.7213,-0.1222,0.4839,0.0000,0,0,0.0937,-0.1583,0.5789,2159520.7500
65.9501,-0.8252,-0.3391,0.4839,0.0000,0,0,0.0926,-0.1633,0.5789,2159520.7500
65.9598,-0.8380,-0.4104,0.4839,0.0000,0,0,0.0914,-0.1684,0.5789,2159520.7500
65.9698,-0.8366,-0.0990,0.4839,0.0000,0,0,0.0900,-0.1733,0.5789,2159520.7500
65.9798,-0.8008,-0.1442,0.4839,0.0000,0,0,0.0889,-0.1771,0.5789,2159520.7500
65.9902,-0.9564,0.0697,0.4839,0.0000,0,0,0.0864,-0.1847,0.5789,2159520.7500
66.0001,-0.7194,0.4370,0.4839,0.0000,0,0,0.0859,-0.1861,0.5789,2159520.7500
66.0099,-0.5525,0.0701,0.4839,0.0000,0,0,0.0870,-0.1832,0.5789,2159520.7500
66.0198,-0.4997,0.3675,0.4839,0.0000,0,0,0.0887,-0.1792,0.5789,2159520.7500
66.0298,-0.2886,0.5528,0.4839,0.0000,0,0,0.0926,-0.1702,0.5789,2159520.7500
66.0401,-0.2591,-0.0129,0.4839,0.0000,0,0,0.0970,-0.1609,0.5789,2159520.7500
66.0507,-0.6093,-0.0330,0.4839,0.0000,0,0,0.0972,-0.1605,0.5789,2159520.7500
66.0598,-0.7838,0.1402,0.4839,0.0000,0,0,0.0952,-0.1643,0.5789,2159520.7500
66.0698,-0.7442,-0.2790,0.4839,0.0000,0,0,0.0937,-0.1670,0.5789,2159520.7500
66.0797,-0.4395,-0.2350,0.4839,0.0000,0,0,0.0963,-0.1626,0.5789,2159520.7500
66.0901,-0.4366,0.1027,0.4839,0.0000,0,0,0.0989,-0.1584,0.5789,2159520.7500
66.1001,-0.4998,0.1140,0.4839,0.0000,0,0,0.1006,-0.1559,0.5789,2159520.7500
66.1098,-0.4223,0.1089,0.4839,0.0000,0,0,0.1034,-0.1518,0.5789,2159520.7500
66.1198,-0.4933,0.0652,0.4839,0.0000,0,0,0.1050,-0.1496,0.5789,2159520.7500
66.1298,-0.7340,0.1190,0.4839,0.0000,0,0,0.1027,-0.1527,0.5789,2159520.7500
66.1401,-0.3504,0.2384,0.4839,0.0000,0,0,0.1067,-0.1477,0.5789,2159520.7500
66.1501,-0.2400,0.1691,0.4839,0.0000,0,0,0.1126,-0.1407,0.5789,2159520.7500
66.1598,-0.1740,0.1518,0.4839,0.0000,0,0,0.1194,-0.1328,0.5789,2159520.7500
66.1698,-0.2225,0.1875,0.4839,0.0000,0,0,0.1252,-0.1264,0.5789,2159520.7500
66.1798,-0.3047,-0.0892,0.4839,0.0000,0,0,0.1293,-0.1219,0.5789,2159520.7500
66.1902,-0.2972,-0.4454,0.4839,0.0000,0,0,0.1334,-0.1177,0.5789,2159520.7500
66.2001,-0.3661,-0.2695,0.4839,0.0000,0,0,0.1360,-0.1150,0.5789,2159520.7500
66.2098,-0.5653,0.1516,0.4839,0.0000,0,0,0.1346,-0.1164,0.5789,2159520.7500
66.2198,-0.2512,-0.1960,0.4839,0.0000,0,0,0.1393,-0.1120,0.5789,2159520.7500
66.2299,-0.1463,-0.0505,0.4839,0.0000,0,0,0.1458,-0.1059,0.5789,2159520.7500
66.2402,-0.5568,0.4314,0.4839,0.0000,0,0,0.1438,-0.1077,0.5789,2159520.7500
66.2508,-0.3380,0.0510,0.4839,0.0000,0,0,0.1462,-0.1056,0.5789,2159520.7500
66.2598,-0.1761,0.1017,0.4839,0.0000,0,0,0.1518,-0.1010,0.5789,2159520.7500
66.2697,-0.4468,0.6311,0.4839,0.0000,0,0,0.1514,-0.1013,0.5789,2159520.7500
66.2797,-0.0990,0.3843,0.4839,0.0000,0,0,0.1584,-0.0959,0.5789,2159520.7500
66.2901,-0.0533,0.1662,0.4839,0.0000,0,0,0.1662,-0.0901,0.5789,2159520.7500
66.3002,-0.3593,0.3543,0.4839,0.0000,0,0,0.1667,-0.0897,0.5789,2159520.7500
66.3098,-0.3063,-0.0466,0.4839,0.0000,0,0,0.1684,-0.0886,0.5789,2159520.7500
66.3198,-0.2821,-0.2716,0.4839,0.0000,0,0,0.1704,-0.0872,0.5789,2159520.7500
66.3298,-0.0310,-0.2575,0.4839,0.0000,0,0,0.1780,-0.0822,0.5789,2159520.7500
66.3401,-0.1456,-0.2308,0.4839,0.0000,0,0,0.1826,-0.0793,0.5789,2159520.7500
66.3501,-0.3706,0.2291,0.4839,0.0000,0,0,0.1816,-0.0800,0.5789,2159520.7500
66.3598,-0.2055,0.2063,0.4839,0.0000,0,0,0.1844,-0.0783,0.5789,2159520.7500
66.3698,-0.1062,-0.0468,0.4839,0.0000,0,0,0.1893,-0.0754,0.5789,2159520.7500
66.3798,-0.3181,0.5649,0.4839,0.0000,0,0,0.1888,-0.0757,0.5789,2159520.7500
66.3902,-0.0406,0.4037,0.4839,0.0000,0,0,0.1948,-0.0724,0.5789,2159520.7500
66.4001,0.2174,-0.2015,0.4839,0.0000,0,0,0.2067,-0.0661,0.5789,2159520.7500
66.4098,-0.1562,0.1227,0.4839,0.0000,0,0,0.2089,-0.0649,0.5789,2159520.7500
66.4198,-0.1130,0.1333,0.4839,0.0000,0,0,0.2120,-0.0633,0.5789,2159520.7500
66.4298,0.0365,-0.2193,0.4839,0.0000,0,0,0.2184,-0.0601,0.5789,2159520.7500
66.4401,-0.0279,-0.0188,0.4839,0.0000,0,0,0.2228,-0.0580,0.5789,2159520.7500
66.4508,-0.0169,-0.1585,0.4839,0.0000,0,0,0.2271,-0.0560,0.5789,2159520.7500
66.4598,0.1460,-0.1448,0.4839,0.0000,0,0,0.2350,-0.0524,0.5789,2159520.7500
66.4698,0.2141,0.1558,0.4839,0.0000,0,0,0.2439,-0.0484,0.5789,2159520.7500
66.4797,0.2308,-0.0768,0.4839,0.0000,0,0,0.2527,-0.0445,0.5789,2159520.7500
66.4902,-0.1118,0.2912,0.4839,0.0000,0,0,0.2532,-0.0443,0.5789,2159520.7500
66.5001,-0.0715,0.3777,0.4839,0.0000,0,0,0.2544,-0.0438,0.5789,2159520.7500
66.5098,0.1662,-0.2748,0.4839,0.0000,0,0,0.2609,-0.0413,0.5789,2159520.7500
66.5198,0.1096,0.0466,0.4839,0.0000,0,0,0.2656,-0.0395,0.5789,2159520.7500
66.5298,0.2106,0.5100,0.4839,0.0000,0,0,0.2723,-0.0371,0.5789,2159520.7500
66.5400,0.5930,0.0835,0.4839,0.0000,0,0,0.2868,-0.0320,0.5789,2159520.7500
66.5501,0.3512,0.1293,0.4839,0.0000,0,0,0.2955,-0.0292,0.5789,2159520.7500
66.5598,0.2029,0.0453,0.4839,0.0000,0,0,0.3006,-0.0276,0.5789,2159520.7500
66.5699,0.1453,-0.3616,0.4839,0.0000,0,0,0.3043,-0.0265,0.5789,2159520.7500
66.5798,0.2644,-0.3043,0.4839,0.0000,0,0,0.3102,-0.0249,0.5789,2159520.7500
66.5902,0.4565,-0.2087,0.4839,0.0000,0,0,0.3199,-0.0225,0.5789,2159520.7500
66.6001,0.3799,0.0635,0.4839,0.0000,0,0,0.3276,-0.0208,0.5789,2159520.7500
66.6098,0.2078,0.4478,0.4839,0.0000,0,0,0.3314,-0.0200,0.5789,2159520.7500
66.6198,0.2652,0.1045,0.4839,0.0000,0,0,0.3361,-0.0192,0.5789,2159520.7500
66.6297,0.0792,0.0600,0.4839,0.0000,0,0,0.3369,-0.0191,0.5789,2159520.7500
66.6400,0.0307,0.6228,0.4839,0.0000,0,0,0.3366,-0.0191,0.5789,2159520.7500
66.6507,0.4797,0.2348,0.4839,0.0000,0,0,0.3453,-0.0183,0.5789,2159520.7500
66.6598,0.7444,-0.0392,0.4839,0.0000,0,0,0.3587,-0.0173,0.5789,2159520.7500
66.6698,0.5117,0.4821,0.4839,0.0000,0,0,0.3671,-0.0169,0.5789,2159520.7500
66.6798,0.4688,0.1767,0.4839,0.0000,0,0,0.3743,-0.0168,0.5789,2159520.7500
66.6900,0.3138,-0.2269,0.4839,0.0000,0,0,0.3783,-0.0169,0.5789,2159520.7500
66.7001,0.2038,0.0182,0.4839,0.0000,0,0,0.3802,-0.0170,0.5789,2159520.7500
66.7098,0.1023,0.0553,0.4839,0.0000,0,0,0.3801,-0.0170,0.5789,2159520.7500
66.7198,0.2436,0.3656,0.4839,0.0000,0,0,0.3826,-0.0173,0.5789,2159520.7500
66.7298,0.5632,0.4128,0.4839,0.0000,0,0,0.3906,-0.0185,0.5789,2159520.7500
66.7400,0.5183,0.2713,0.4839,0.0000,0,0,0.3976,-0.0198,0.5789,2159520.7500
66.7501,0.1145,0.7100,0.4839,0.0000,0,0,0.3974,-0.0198,0.5789,2159520.7500
66.7598,0.2776,0.7062,0.4839,0.0000,0,0,0.4000,-0.0204,0.5789,2159520.7500
66.7698,0.3461,0.1360,0.4839,0.0000,0,0,0.4036,-0.0215,0.5789,2159520.7500
66.7798,0.2381,0.4980,0.4839,0.0000,0,0,0.4055,-0.0221,0.5789,2159520.7500
66.7902,0.5198,0.4503,0.4839,0.0000,0,0,0.4117,-0.0245,0.5789,2159520.7500
66.8001,0.6080,-0.1449,0.4839,0.0000,0,0,0.4190,-0.0277,0.5789,2159520.7500
66.8098,0.3424,-0.0150,0.4839,0.0000,0,0,0.4220,-0.0291,0.5789,2159520.7500
66.8198,0.1906,0.1473,0.4839,0.0000,0,0,0.4228,-0.0295,0.5789,2159520.7500
66.8298,0.0734,0.0803,0.4839,0.0000,0,0,0.4220,-0.0290,0.5789,2159520.7500
66.8401,0.2176,0.3887,0.4839,0.0000,0,0,0.4232,-0.0298,0.5789,2159520.7500
66.8508,0.3065,0.2147,0.4839,0.0000,0,0,0.4257,-0.0315,0.5789,2159520.7500
66.8598,0.2176,0.3755,0.4839,0.0000,0,0,0.4270,-0.0324,0.5789,2159520.7500
66.8698,0.4796,0.7319,0.4839,0.0000,0,0,0.4315,-0.0361,0.5789,2159520.7500
66.8798,0.8558,0.2146,0.4839,0.0000,0,0,0.4403,-0.0437,0.5789,2159520.7500
66.8901,0.8542,0.2345,0.4839,0.0000,0,0,0.4485,-0.0516,0.5789,2159520.7500
66.9001,0.8121,0.5701,0.4839,0.0000,0,0,0.4559,-0.0593,0.5789,2159520.7500
66.9098,0.7621,0.0521,0.4839,0.0000,0,0,0.4623,-0.0665,0.5789,2159520.7500
66.9198,0.7287,-0.0478,0.4839,0.0000,0,0,0.4681,-0.0735,0.5789,2159520.7500
66.9298,0.5736,0.2267,0.4839,0.0000,0,0,0.4720,-0.0787,0.5789,2159520.7500
66.9400,0.5111,-0.0062,0.4839,0.0000,0,0,0.4752,-0.0833,0.5789,2159520.7500
66.9501,0.7102,0.0543,0.4839,0.0000,0,0,0.4798,-0.0907,0.5789,2159520.7500
66.9598,0.6983,0.2610,0.4839,0.0000,0,0,0.4840,-0.0981,0.5789,2159520.7500
66.9698,0.4385,0.2837,0.4839,0.0000,0,0,0.4860,-0.1019,0.5789,2159520.7500
66.9798,0.6261,0.5059,0.4839,0.0000,0,0,0.4892,-0.1087,0.5789,2159520.7500
66.9902,0.8987,0.3301,0.4839,0.0000,0,0,0.4937,-0.1196,0.5789,2159520.7500
67.0001,0.7538,0.3412,0.4839,0.0000,0,0,0.4969,-0.1284,0.5789,2159520.7500
67.0099,0.4373,0.7390,0.4839,0.0000,0,0,0.4983,-0.1326,0.5789,2159520.7500
67.0198,0.2053,0.2510,0.4839,0.0000,0,0,0.4985,-0.1333,0.5789,2159520.7500
67.0298,0.1125,-0.1603,0.4839,0.0000,0,0,0.4984,-0.1328,0.5789,2159520.7500
67.0400,-0.0256,0.3079,0.4839,0.0000,0,0,0.4979,-0.1303,0.5789,2159520.7500
67.0498,0.1277,0.0563,0.4839,0.0000,0,0,0.4979,-0.1305,0.5789,2159520.7500
67.0606,0.5307,-0.4044,0.4839,0.0000,0,0,0.4987,-0.1375,0.5789,2159520.7500
67.0698,0.4788,0.0723,0.4839,0.0000,0,0,0.4992,-0.1438,0.5789,2159520.7500
67.0798,0.1447,0.2500,0.4839,0.0000,0,0,0.4993,-0.1446,0.5789,2159520.7500
67.0901,0.3783,-0.1119,0.4839,0.0000,0,0,0.4993,-0.1496,0.5789,2159520.7500
67.0998,0.2004,0.2928,0.4839,0.0000,0,0,0.4992,-0.1517,0.5789,2159520.7500
67.1106,-0.0368,0.6714,0.4839,0.0000,0,0,0.4993,-0.1500,0.5789,2159520.7500
67.1197,0.3115,0.3070,0.4839,0.0000,0,0,0.4989,-0.1545,0.5789,2159520.7500
67.1297,0.4257,0.2269,0.4839,0.0000,0,0,0.4980,-0.1612,0.5789,2159520.7500
67.1400,0.0323,0.3516,0.4839,0.0000,0,0,0.4980,-0.1612,0.5789,2159520.7500
67.1498,0.1981,0.1087,0.4839,0.0000,0,0,0.4973,-0.1643,0.5789,2159520.7500
67.1601,0.2887,0.1487,0.4839,0.0000,0,0,0.4962,-0.1692,0.5789,2159520.7500
67.1698,0.1608,0.1502,0.4839,0.0000,0,0,0.4954,-0.1720,0.5789,2159520.7500
67.1798,0.1577,0.0672,0.4839,0.0000,0,0,0.4945,-0.1749,0.5789,2159520.7500
67.1902,0.1829,0.1645,0.4839,0.0000,0,0,0.4933,-0.1785,0.5789,2159520.7500
67.1998,0.2076,0.0010,0.4839,0.0000,0,0,0.4917,-0.1826,0.5789,2159520.7500
67.2101,0.2621,-0.0324,0.4839,0.0000,0,0,0.4895,-0.1878,0.5789,2159520.7500
67.2198,0.0834,0.4647,0.4839,0.0000,0,0,0.4885,-0.1901,0.5789,2159520.7500
67.2298,0.2717,0.3930,0.4839,0.0000,0,0,0.4858,-0.1957,0.5789,2159520.7500
67.2401,0.3222,0.1934,0.4839,0.0000,0,0,0.4824,-0.2023,0.5789,2159520.7500
67.2498,0.0663,0.6949,0.4839,0.0000,0,0,0.4810,-0.2047,0.5789,2159520.7500
67.2606,0.2875,0.5630,0.4839,0.0000,0,0,0.4773,-0.2108,0.5789,2159520.7500
67.2698,0.6071,0.1009,0.4839,0.0000,0,0,0.4702,-0.2219,0.5789,2159520.7500
67.2798,0.3469,0.5205,0.4839,0.0000,0,0,0.4655,-0.2288,0.5789,2159520.7500
67.2901,0.3462,0.5873,0.4839,0.0000,0,0,0.4605,-0.2357,0.5789,2159520.7500
67.2998,0.3313,-0.1656,0.4839,0.0000,0,0,0.4554,-0.2423,0.5789,2159520.7500
67.3106,0.2976,-0.0254,0.4839,0.0000,0,0,0.4504,-0.2483,0.5789,2159520.7500
67.3198,-0.0384,0.1546,0.4839,0.0000,0,0,0.4494,-0.2496,0.5789,2159520.7500
67.3298,-0.3363,0.0179,0.4839,0.0000,0,0,0.4519,-0.2469,0.5789,2159520.7500
67.3401,-0.2796,0.1691,0.4839,0.0000,0,0,0.4534,-0.2453,0.5789,2159520.7500
67.3498,-0.4587,0.4785,0.4839,0.0000,0,0,0.4572,-0.2417,0.5789,2159520.7500
67.3601,-0.5070,0.4848,0.4839,0.0000,0,0,0.4614,-0.2379,0.5789,2159520.7500
67.3698,-0.0298,0.6710,0.4839,0.0000,0,0,0.4587,-0.2402,0.5789,2159520.7500
67.3798,-0.0069,0.4851,0.4839,0.0000,0,0,0.4554,-0.2428,0.5789,2159520.7500
67.3902,-0.0957,0.3177,0.4839,0.0000,0,0,0.4532,-0.2444,0.5789,2159520.7500
67.3998,-0.2539,0.4380,0.4839,0.0000,0,0,0.4532,-0.2444,0.5789,2159520.7500
67.4101,-0.4252,0.1653,0.4839,0.0000,0,0,0.4555,-0.2429,0.5789,2159520.7500
67.4198,-0.3153,-0.4633,0.4839,0.0000,0,0,0.4559,-0.2427,0.5789,2159520.7500
67.4298,-0.3293,0.1198,0.4839,0.0000,0,0,0.4563,-0.2425,0.5789,2159520.7500
67.4400,-0.6532,0.4624,0.4839,0.0000,0,0,0.4617,-0.2397,0.5789,2159520.7500
67.4498,-0.5026,0.1028,0.4839,0.0000,0,0,0.4643,-0.2385,0.5789,2159520.7500
67.4606,-0.4674,0.2824,0.4839,0.0000,0,0,0.4660,-0.2377,0.5789,2159520.7500
67.4698,-0.7023,0.5228,0.4839,0.0000,0,0,0.4714,-0.2356,0.5789,2159520.7500
67.4797,-0.5441,0.3846,0.4839,0.0000,0,0,0.4738,-0.2348,0.5789,2159520.7500
67.4901,-0.3026,0.5371,0.4839,0.0000,0,0,0.4719,-0.2354,0.5789,2159520.7500
67.4998,-0.5522,0.2451,0.4839,0.0000,0,0,0.4740,-0.2348,0.5789,2159520.7500
67.5106,-0.5381,0.2722,0.4839,0.0000,0,0,0.4756,-0.2345,0.5789,2159520.7500
67.5198,-0.5962,0.4098,0.4839,0.0000,0,0,0.4779,-0.2340,0.5789,2159520.7500
67.5298,-0.6977,-0.1705,0.4839,0.0000,0,0,0.4818,-0.2335,0.5789,2159520.7500
67.5401,-0.5595,-0.2641,0.4839,0.0000,0,0,0.4829,-0.2334,0.5789,2159520.7500
67.5498,-0.6724,0.2584,0.4839,0.0000,0,0,0.4857,-0.2332,0.5789,2159520.7500
67.5602,-0.7329,0.1294,0.4839,0.0000,0,0,0.4893,-0.2332,0.5789,2159520.7500
67.5698,-0.4696,0.0708,0.4839,0.0000,0,0,0.4881,-0.2332,0.5789,2159520.7500
67.5798,-0.8341,0.2865,0.4839,0.0000,0,0,0.4930,-0.2335,0.5789,2159520.7500
67.5902,-0.9854,0.2511,0.4839,0.0000,0,0,0.5000,-0.2344,0.5789,2159520.7500
67.5998,-0.6840,0.3876,0.4839,0.0000,0,0,0.5017,-0.2346,0.5789,2159520.7500
67.6101,-0.5528,0.3979,0.4839,0.0000,0,0,0.5008,-0.2345,0.5789,2159520.7500
67.6197,-0.6220,0.2337,0.4839,0.0000,0,0,0.5010,-0.2345,0.5789,2159520.7500
67.6298,-0.7396,0.5347,0.4839,0.0000,0,0,0.5030,-0.2351,0.5789,2159520.7500
67.6401,-0.8108,0.3023,0.4839,0.0000,0,0,0.5059,-0.2362,0.5789,2159520.7500
67.6498,-0.7425,-0.2398,0.4839,0.0000,0,0,0.5074,-0.2368,0.5789,2159520.7500
67.6606,-0.7628,0.1097,0.4839,0.0000,0,0,0.5091,-0.2376,0.5789,2159520.7500
67.6698,-0.9125,0.2135,0.4839,0.0000,0,0,0.5129,-0.2397,0.5789,2159520.7500
67.6798,-0.7717,-0.0287,0.4839,0.0000,0,0,0.5142,-0.2405,0.5789,2159520.7500
67.6901,-0.6538,0.1629,0.4839,0.0000,0,0,0.5137,-0.2401,0.5789,2159520.7500
67.6998,-0.9236,0.2494,0.4839,0.0000,0,0,0.5170,-0.2425,0.5789,2159520.7500
67.7107,-1.0096,0.4517,0.4839,0.0000,0,0,0.5212,-0.2460,0.5789,2159520.7500
67.7198,-0.8774,0.5000,0.4839,0.0000,0,0,0.5233,-0.2479,0.5789,2159520.7500
67.7298,-0.8733,0.1856,0.4839,0.0000,0,0,0.5252,-0.2497,0.5789,2159520.7500
67.7401,-0.9867,0.4323,0.4839,0.0000,0,0,0.5284,-0.2531,0.5789,2159520.7500
67.7498,-0.7586,0.4642,0.4839,0.0000,0,0,0.5285,-0.2532,0.5789,2159520.7500
67.7601,-0.6523,-0.1306,0.4839,0.0000,0,0,0.5273,-0.2517,0.5789,2159520.7500
67.7698,-0.7003,0.0097,0.4839,0.0000,0,0,0.5266,-0.2508,0.5789,2159520.7500
67.7798,-1.0428,0.1330,0.4839,0.0000,0,0,0.5297,-0.2555,0.5789,2159520.7500
67.7902,-1.2301,-0.1123,0.4839,0.0000,0,0,0.5344,-0.2635,0.5789,2159520.7500
67.7998,-1.0223,0.0608,0.4839,0.0000,0,0,0.5367,-0.2677,0.5789,2159520.7500
67.8101,-0.8145,0.0206,0.4839,0.0000,0,0,0.5369,-0.2682,0.5789,2159520.7500
67.8198,-0.9584,0.1747,0.4839,0.0000,0,0,0.5383,-0.2713,0.5789,2159520.7500
67.8298,-1.0523,0.7194,0.4839,0.0000,0,0,0.5403,-0.2763,0.5789,2159520.7500
67.8401,-0.9237,0.3243,0.4839,0.0000,0,0,0.5412,-0.2787,0.5789,2159520.7500
67.8498,-1.0229,0.1720,0.4839,0.0000,0,0,0.5425,-0.2832,0.5789,2159520.7500
67.8606,-1.3121,0.6746,0.4839,0.0000,0,0,0.5454,-0.2938,0.5789,2159520.7500
67.8698,-0.9138,0.2407,0.4839,0.0000,0,0,0.5459,-0.2956,0.5789,2159520.7500
67.8798,-0.7624,0.1052,0.4839,0.0000,0,0,0.5456,-0.2942,0.5789,2159520.7500
67.8900,-0.8954,0.4810,0.4839,0.0000,0,0,0.5458,-0.2958,0.5789,2159520.7500
67.8998,-0.9609,0.1749,0.4839,0.0000,0,0,0.5463,-0.2989,0.5789,2159520.7500
67.9106,-1.0594,0.0095,0.4839,0.0000,0,0,0.5468,-0.3044,0.5789,2159520.7500
67.9198,-1.1522,-0.0459,0.4839,0.0000,0,0,0.5473,-0.3121,0.5789,2159520.7500
67.9298,-1.1491,-0.1125,0.4839,0.0000,0,0,0.5476,-0.3197,0.5789,2159520.7500
67.9400,-1.2643,0.3307,0.4839,0.0000,0,0,0.5476,-0.3300,0.5789,2159520.7500
67.9498,-1.0157,0.1179,0.4839,0.0000,0,0,0.5475,-0.3341,0.5789,2159520.7500
67.9601,-0.8181,-0.1294,0.4839,0.0000,0,0,0.5476,-0.3333,0.5789,2159520.7500
67.9698,-1.3315,0.4792,0.4839,0.0000,0,0,0.5466,-0.3455,0.5789,2159520.7500
67.9797,-1.2755,0.5272,0.4839,0.0000,0,0,0.5454,-0.3561,0.5789,2159520.7500
67.9902,-0.8996,0.0123,0.4839,0.0000,0,0,0.5453,-0.3571,0.5789,2159520.7500
67.9998,-1.1471,0.4668,0.4839,0.0000,0,0,0.5440,-0.3645,0.5789,2159520.7500
68.0102,-1.3041,0.4617,0.4839,0.0000,0,0,0.5418,-0.3759,0.5789,2159520.7500
68.0198,-1.3999,0.1369,0.4839,0.0000,0,0,0.5388,-0.3895,0.5789,2159520.7500
68.0298,-1.7030,0.2650,0.4839,0.0000,0,0,0.5335,-0.4105,0.5789,2159520.7500
68.0400,-1.8019,0.0894,0.4839,0.0000,0,0,0.5270,-0.4335,0.5789,2159520.7500
68.0498,-1.5755,0.1682,0.4839,0.0000,0,0,0.5219,-0.4501,0.5789,2159520.7500
68.0606,-1.6161,0.1704,0.4839,0.0000,0,0,0.5161,-0.4673,0.5789,2159520.7500
68.0698,-1.4382,-0.2369,0.4839,0.0000,0,0,0.5117,-0.4796,0.5789,2159520.7500
68.0798,-1.5221,0.0491,0.4839,0.0000,0,0,0.5062,-0.4936,0.5789,2159520.7500
68.0900,-1.9452,0.2161,0.4839,0.0000,0,0,0.4960,-0.5178,0.5789,2159520.7500
68.0998,-1.6383,-0.2045,0.4839,0.0000,0,0,0.4889,-0.5336,0.5789,2159520.7500
68.1106,-1.6540,-0.0572,0.4839,0.0000,0,0,0.4813,-0.5493,0.5789,2159520.7500
68.1198,-1.9700,0.2931,0.4839,0.0000,0,0,0.4697,-0.5721,0.5789,2159520.7500
68.1298,-1.7029,0.1509,0.4839,0.0000,0,0,0.4613,-0.5877,0.5789,2159520.7500
68.1400,-1.1160,0.3151,0.4839,0.0000,0,0,0.4605,-0.5891,0.5789,2159520.7500
68.1498,-0.9994,0.4809,0.4839,0.0000,0,0,0.4612,-0.5879,0.5789,2159520.7500
68.1601,-0.8663,0.3895,0.4839,0.0000,0,0,0.4637,-0.5841,0.5789,2159520.7500
68.1698,-0.8800,0.3058,0.4839,0.0000,0,0,0.4657,-0.5810,0.5789,2159520.7500
68.1798,-1.1259,-0.1834,0.4839,0.0000,0,0,0.4638,-0.5837,0.5789,2159520.7500
68.1902,-1.2393,-0.0693,0.4839,0.0000,0,0,0.4598,-0.5891,0.5789,2159520.7500
68.1998,-1.2743,0.3789,0.4839,0.0000,0,0,0.4551,-0.5952,0.5789,2159520.7500
68.2100,-1.0675,-0.2144,0.4839,0.0000,0,0,0.4536,-0.5970,0.5789,2159520.7500
68.2197,-0.8332,-0.3500,0.4839,0.0000,0,0,0.4560,-0.5941,0.5789,2159520.7500
68.2298,-1.2475,0.1685,0.4839,0.0000,0,0,0.4508,-0.6001,0.5789,2159520.7500
68.2401,-1.4944,0.0225,0.4839,0.0000,0,0,0.4408,-0.6111,0.5789,2159520.7500
68.2498,-1.2568,0.0187,0.4839,0.0000,0,0,0.4352,-0.6171,0.5789,2159520.7500
68.2606,-1.3805,0.4480,0.4839,0.0000,0,0,0.4270,-0.6256,0.5789,2159520.7500
68.2697,-1.3869,0.4547,0.4839,0.0000,0,0,0.4186,-0.6340,0.5789,2159520.7500
68.2798,-0.9403,0.2152,0.4839,0.0000,0,0,0.4187,-0.6339,0.5789,2159520.7500
68.2901,-1.0522,0.2039,0.4839,0.0000,0,0,0.4163,-0.6361,0.5789,2159520.7500
68.2998,-1.0621,0.2286,0.4839,0.0000,0,0,0.4134,-0.6388,0.5789,2159520.7500
68.3106,-1.0449,0.3239,0.4839,0.0000,0,0,0.4106,-0.6413,0.5789,2159520.7500
68.3198,-1.3530,0.2498,0.4839,0.0000,0,0,0.4013,-0.6493,0.5789,2159520.7500
68.3298,-1.3799,-0.0907,0.4839,0.0000,0,0,0.3912,-0.6576,0.5789,2159520.7500
68.3401,-1.2423,-0.1317,0.4839,0.0000,0,0,0.3837,-0.6635,0.5789,2159520.7500
68.3498,-1.1723,-0.2021,0.4839,0.0000,0,0,0.3776,-0.6682,0.5789,2159520.7500
68.3601,-0.7975,-0.5270,0.4839,0.0000,0,0,0.3794,-0.6669,0.5789,2159520.7500
68.3698,-0.9002,-0.0467,0.4839,0.0000,0,0,0.3785,-0.6675,0.5789,2159520.7500
68.3798,-1.3613,0.3962,0.4839,0.0000,0,0,0.3666,-0.6757,0.5789,2159520.7500
68.3902,-1.2455,0.0143,0.4839,0.0000,0,0,0.3572,-0.6819,0.5789,2159520.7500
68.3998,-1.0322,0.0397,0.4839,0.0000,0,0,0.3527,-0.6848,0.5789,2159520.7500
68.4101,-1.2294,0.0945,0.4839,0.0000,0,0,0.3432,-0.6908,0.5789,2159520.7500
68.4197,-0.7216,0.0201,0.4839,0.0000,0,0,0.3455,-0.6893,0.5789,2159520.7500
68.4297,-0.2650,0.1118,0.4839,0.0000,0,0,0.3580,-0.6819,0.5789,2159520.7500
68.4401,-0.2335,0.0356,0.4839,0.0000,0,0,0.3703,-0.6748,0.5789,2159520.7500
68.4498,-0.4053,0.3078,0.4839,0.0000,0,0,0.3775,-0.6708,0.5789,2159520.7500
68.4606,-0.5036,0.4546,0.4839,0.0000,0,0,0.3815,-0.6686,0.5789,2159520.7500
68.4698,-0.5248,-0.3881,0.4839,0.0000,0,0,0.3844,-0.6671,0.5789,2159520.7500
68.4798,-0.4417,-0.4641,0.4839,0.0000,0,0,0.3885,-0.6650,0.5789,2159520.7500
68.4900,-0.4836,-0.1601,0.4839,0.0000,0,0,0.3909,-0.6638,0.5789,2159520.7500
68.4998,-0.3911,-0.3693,0.4839,0.0000,0,0,0.3949,-0.6618,0.5789,2159520.7500
68.5106,-0.1553,-0.0538,0.4839,0.0000,0,0,0.4036,-0.6576,0.5789,2159520.7500
68.5198,-0.3094,0.2020,0.4839,0.0000,0,0,0.4079,-0.6556,0.5789,2159520.7500
68.5298,-0.3763,0.2696,0.4839,0.0000,0,0,0.4098,-0.6547,0.5789,2159520.7500
68.5400,-0.1000,0.4326,0.4839,0.0000,0,0,0.4175,-0.6513,0.5789,2159520.7500
68.5498,-0.0079,-0.0560,0.4839,0.0000,0,0,0.4264,-0.6475,0.5789,2159520.7500
68.5601,-0.1413,-0.0191,0.4839,0.0000,0,0,0.4313,-0.6455,0.5789,2159520.7500
68.5698,-0.0179,0.2114,0.4839,0.0000,0,0,0.4383,-0.6427,0.5789,2159520.7500
68.5798,0.1728,-0.2358,0.4839,0.0000,0,0,0.4487,-0.6386,0.5789,2159520.7500
68.5902,0.0706,0.0058,0.4839,0.0000,0,0,0.4558,-0.6360,0.5789,2159520.7500
68.5998,-0.1243,0.2238,0.4839,0.0000,0,0,0.4579,-0.6352,0.5789,2159520.7500
68.6100,-0.0671,-0.2147,0.4839,0.0000,0,0,0.4605,-0.6343,0.5789,2159520.7500
68.6197,0.0320,-0.3128,0.4839,0.0000,0,0,0.4648,-0.6329,0.5789,2159520.7500
68.6298,0.1939,-0.6169,0.4839,0.0000,0,0,0.4719,-0.6308,0.5789,2159520.7500
68.6401,0.1637,-0.4428,0.4839,0.0000,0,0,0.4775,-0.6292,0.5789,2159520.7500
68.6499,-0.0922,0.2639,0.4839,0.0000,0,0,0.4771,-0.6293,0.5789,2159520.7500
68.6606,0.1137,-0.1958,0.4839,0.0000,0,0,0.4806,-0.6285,0.5789,2159520.7500
68.6698,0.1759,-0.1245,0.4839,0.0000,0,0,0.4848,-0.6276,0.5789,2159520.7500
68.6798,-0.0934,0.5305,0.4839,0.0000,0,0,0.4829,-0.6279,0.5789,2159520.7500
68.6901,0.2617,0.1320,0.4839,0.0000,0,0,0.4878,-0.6271,0.5789,2159520.7500
68.6998,0.5857,-0.0592,0.4839,0.0000,0,0,0.4987,-0.6255,0.5789,2159520.7500
68.7106,0.2873,0.0104,0.4839,0.0000,0,0,0.5028,-0.6250,0.5789,2159520.7500
68.7198,0.3130,-0.0967,0.4839,0.0000,0,0,0.5069,-0.6247,0.5789,2159520.7500
68.7298,0.3560,-0.0123,0.4839,0.0000,0,0,0.5112,-0.6244,0.5789,2159520.7500
68.7401,0.4305,-0.4840,0.4839,0.0000,0,0,0.5165,-0.6242,0.5789,2159520.7500
68.7498,0.5277,-0.5484,0.4839,0.0000,0,0,0.5230,-0.6242,0.5789,2159520.7500
68.7602,0.3285,-0.0800,0.4839,0.0000,0,0,0.5252,-0.6243,0.5789,2159520.7500
68.7698,0.3978,-0.5288,0.4839,0.0000,0,0,0.5284,-0.6244,0.5789,2159520.7500
68.7798,0.6559,-0.5724,0.4839,0.0000,0,0,0.5357,-0.6251,0.5789,2159520.7500
68.7902,0.2203,-0.0488,0.4839,0.0000,0,0,0.5347,-0.6250,0.5789,2159520.7500
68.7998,0.2859,-0.1809,0.4839,0.0000,0,0,0.5346,-0.6250,0.5789,2159520.7500
68.8101,0.6280,-0.1666,0.4839,0.0000,0,0,0.5402,-0.6261,0.5789,2159520.7500
68.8198,0.4203,0.0846,0.4839,0.0000,0,0,0.5418,-0.6265,0.5789,2159520.7500
68.8298,0.5781,-0.0829,0.4839,0.0000,0,0,0.5457,-0.6276,0.5789,2159520.7500
68.8401,0.9399,-0.1507,0.4839,0.0000,0,0,0.5551,-0.6305,0.5789,2159520.7500
68.8498,0.7252,-0.3133,0.4839,0.0000,0,0,0.5605,-0.6324,0.5789,2159520.7500
68.8606,0.6644,-0.3053,0.4839,0.0000,0,0,0.5645,-0.6340,0.5789,2159520.7500
68.8698,0.5111,-0.0388,0.4839,0.0000,0,0,0.5658,-0.6346,0.5789,2159520.7500
68.8798,0.5752,-0.3467,0.4839,0.0000,0,0,0.5679,-0.6356,0.5789,2159520.7500
68.8901,0.8281,-0.6978,0.4839,0.0000,0,0,0.5734,-0.6386,0.5789,2159520.7500
68.8998,0.9210,-0.1547,0.4839,0.0000,0,0,0.5797,-0.6423,0.5789,2159520.7500
68.9106,0.5862,-0.0562,0.4839,0.0000,0,0,0.5811,-0.6432,0.5789,2159520.7500
68.9198,0.7062,-0.0612,0.4839,0.0000,0,0,0.5840,-0.6452,0.5789,2159520.7500
68.9298,0.6830,0.0569,0.4839,0.0000,0,0,0.5862,-0.6469,0.5789,2159520.7500
68.9401,0.5136,0.0589,0.4839,0.0000,0,0,0.5863,-0.6469,0.5789,2159520.7500
68.9498,0.6458,0.4037,0.4839,0.0000,0,0,0.5878,-0.6483,0.5789,2159520.7500
68.9600,0.9946,0.1495,0.4839,0.0000,0,0,0.5931,-0.6535,0.5789,2159520.7500
68.9698,1.0127,-0.1494,0.4839,0.0000,0,0,0.5982,-0.6590,0.5789,2159520.7500
68.9798,0.7596,0.3147,0.4839,0.0000,0,0,0.6004,-0.6615,0.5789,2159520.7500
68.9902,0.8042,-0.0678,0.4839,0.0000,0,0,0.6029,-0.6645,0.5789,2159520.7500
68.9998,0.9569,-0.4176,0.4839,0.0000,0,0,0.6065,-0.6695,0.5789,2159520.7500
69.0102,0.8439,0.0223,0.4839,0.0000,0,0,0.6089,-0.6732,0.5789,2159520.7500
69.0198,1.0040,-0.1098,0.4839,0.0000,0,0,0.6125,-0.6789,0.5789,2159520.7500
69.0298,1.0335,-0.1977,0.4839,0.0000,0,0,0.6159,-0.6851,0.5789,2159520.7500
69.0401,1.0643,-0.2161,0.4839,0.0000,0,0,0.6193,-0.6919,0.5789,2159520.7500
69.0498,0.9401,-0.4718,0.4839,0.0000,0,0,0.6215,-0.6969,0.5789,2159520.7500
69.0606,0.7469,0.0564,0.4839,0.0000,0,0,0.6224,-0.6991,0.5789,2159520.7500
69.0698,0.8699,0.1686,0.4839,0.0000,0,0,0.6239,-0.7033,0.5789,2159520.7500
69.0798,1.1601,-0.0745,0.4839,0.0000,0,0,0.6266,-0.7119,0.5789,2159520.7500
69.0901,0.8872,0.5336,0.4839,0.0000,0,0,0.6278,-0.7164,0.5789,2159520.7500
69.0998,1.0807,0.3989,0.4839,0.0000,0,0,0.6295,-0.7241,0.5789,2159520.7500
69.1106,1.4271,-0.2083,0.4839,0.0000,0,0,0.6319,-0.7374,0.5789,2159520.7500
69.1198,1.2004,-0.0664,0.4839,0.0000,0,0,0.6333,-0.7470,0.5789,2159520.7500
69.1298,1.0354,-0.0925,0.4839,0.0000,0,0,0.6341,-0.7540,0.5789,2159520.7500
69.1401,1.0890,-0.0053,0.4839,0.0000,0,0,0.6346,-0.7621,0.5789,2159520.7500
69.1499,0.9781,0.1383,0.4839,0.0000,0,0,0.6348,-0.7683,0.5789,2159520.7500
69.1601,1.0997,-0.2793,0.4839,0.0000,0,0,0.6347,-0.7768,0.5789,2159520.7500
69.1698,1.1080,-0.0146,0.4839,0.0000,0,0,0.6343,-0.7855,0.5789,2159520.7500
69.1798,0.9582,0.1484,0.4839,0.0000,0,0,0.6338,-0.7917,0.5789,2159520.7500
69.1902,1.3657,-0.3738,0.4839,0.0000,0,0,0.6323,-0.8051,0.5789,2159520.7500
69.1998,1.5897,0.0585,0.4839,0.0000,0,0,0.6297,-0.8224,0.5789,2159520.7500
69.2101,1.4841,0.2894,0.4839,0.0000,0,0,0.6269,-0.8378,0.5789,2159520.7500
69.2197,1.7855,-0.0525,0.4839,0.0000,0,0,0.6225,-0.8583,0.5789,2159520.7500
69.2298,1.9323,0.2301,0.4839,0.0000,0,0,0.6167,-0.8812,0.5789,2159520.7500
69.2401,1.6772,0.3508,0.4839,0.0000,0,0,0.6115,-0.8996,0.5789,2159520.7500
69.2498,1.7845,0.3341,0.4839,0.0000,0,0,0.6051,-0.9196,0.5789,2159520.7500
69.2606,1.9572,0.3120,0.4839,0.0000,0,0,0.5970,-0.9424,0.5789,2159520.7500
69.2698,1.8116,-0.1906,0.4839,0.0000,0,0,0.5892,-0.9624,0.5789,2159520.7500
69.2798,1.6786,0.0837,0.4839,0.0000,0,0,0.5818,-0.9800,0.5789,2159520.7500
69.2901,1.3087,0.3182,0.4839,0.0000,0,0,0.5765,-0.9912,0.5789,2159520.7500
69.2998,0.9404,-0.2918,0.4839,0.0000,0,0,0.5740,-0.9964,0.5789,2159520.7500
69.3106,0.7627,-0.0780,0.4839,0.0000,0,0,0.5726,-0.9989,0.5789,2159520.7500
69.3198,0.7242,0.2001,0.4839,0.0000,0,0,0.5714,-1.0011,0.5789,2159520.7500
69.3298,0.8152,-0.0269,0.4839,0.0000,0,0,0.5690,-1.0050,0.5789,2159520.7500
69.3401,1.1599,0.2436,0.4839,0.0000,0,0,0.5627,-1.0146,0.5789,2159520.7500
69.3498,1.0255,0.1545,0.4839,0.0000,0,0,0.5574,-1.0221,0.5789,2159520.7500
69.3602,0.8235,0.1436,0.4839,0.0000,0,0,0.5540,-1.0267,0.5789,2159520.7500
69.3698,0.8871,0.5428,0.4839,0.0000,0,0,0.5495,-1.0324,0.5789,2159520.7500
69.3798,0.9918,0.1994,0.4839,0.0000,0,0,0.5434,-1.0398,0.5789,2159520.7500
69.3903,0.8562,0.2618,0.4839,0.0000,0,0,0.5384,-1.0454,0.5789,2159520.7500
69.3998,0.6743,0.5688,0.4839,0.0000,0,0,0.5354,-1.0486,0.5789,2159520.7500
69.4101,0.7356,0.0351,0.4839,0.0000,0,0,0.5311,-1.0528,0.5789,2159520.7500
69.4198,0.7459,-0.0223,0.4839,0.0000,0,0,0.5263,-1.0573,0.5789,2159520.7500
69.4298,0.6314,0.2002,0.4839,0.0000,0,0,0.5226,-1.0606,0.5789,2159520.7500
69.4401,0.6577,-0.0888,0.4839,0.0000,0,0,0.5181,-1.0643,0.5789,2159520.7500
69.4498,0.4971,0.0825,0.4839,0.0000,0,0,0.5155,-1.0664,0.5789,2159520.7500
69.4605,0.6094,-0.0459,0.4839,0.0000,0,0,0.5107,-1.0699,0.5789,2159520.7500
69.4698,0.5789,0.0107,0.4839,0.0000,0,0,0.5059,-1.0731,0.5789,2159520.7500
69.4797,0.1498,0.5018,0.4839,0.0000,0,0,0.5072,-1.0723,0.5789,2159520.7500
69.4901,0.3199,-0.0135,0.4839,0.0000,0,0,0.5053,-1.0734,0.5789,2159520.7500
69.4998,0.5514,-0.2196,0.4839,0.0000,0,0,0.4993,-1.0767,0.5789,2159520.7500
69.5106,0.1891,0.3467,0.4839,0.0000,0,0,0.4985,-1.0771,0.5789,2159520.7500
69.5198,0.3332,0.3167,0.4839,0.0000,0,0,0.4949,-1.0787,0.5789,2159520.7500
69.5298,0.4664,0.2965,0.4839,0.0000,0,0,0.4885,-1.0814,0.5789,2159520.7500
69.5401,0.0775,0.3468,0.4839,0.0000,0,0,0.4881,-1.0816,0.5789,2159520.7500
69.5498,0.1670,0.0280,0.4839,0.0000,0,0,0.4856,-1.0824,0.5789,2159520.7500
69.5601,0.1223,0.2701,0.4839,0.0000,0,0,0.4833,-1.0831,0.5789,2159520.7500
69.5698,0.1540,0.0638,0.4839,0.0000,0,0,0.4799,-1.0839,0.5789,2159520.7500
69.5798,0.2017,-0.2299,0.4839,0.0000,0,0,0.4751,-1.0849,0.5789,2159520.7500
69.5902,0.0335,0.2048,0.4839,0.0000,0,0,0.4727,-1.0853,0.5789,2159520.7500
69.5998,-0.0962,0.0744,0.4839,0.0000,0,0,0.4719,-1.0854,0.5789,2159520.7500
69.6100,0.0886,-0.1735,0.4839,0.0000,0,0,0.4674,-1.0858,0.5789,2159520.7500
69.6197,0.0183,0.2265,0.4839,0.0000,0,0,0.4635,-1.0860,0.5789,2159520.7500
69.6298,-0.1723,0.2499,0.4839,0.0000,0,0,0.4625,-1.0860,0.5789,2159520.7500
69.6400,-0.1337,0.2561,0.4839,0.0000,0,0,0.4601,-1.0858,0.5789,2159520.7500
69.6498,-0.2671,0.1599,0.4839,0.0000,0,0,0.4595,-1.0858,0.5789,2159520.7500
69.6606,-0.6221,-0.0441,0.4839,0.0000,0,0,0.4643,-1.0865,0.5789,2159520.7500
69.6698,-0.7524,0.4484,0.4839,0.0000,0,0,0.4706,-1.0876,0.5789,2159520.7500
69.6798,-0.4788,0.2162,0.4839,0.0000,0,0,0.4716,-1.0878,0.5789,2159520.7500
69.6901,-0.2967,-0.0949,0.4839,0.0000,0,0,0.4688,-1.0870,0.5789,2159520.7500
69.6998,-0.4308,0.3065,0.4839,0.0000,0,0,0.4679,-1.0867,0.5789,2159520.7500
69.7106,-0.4023,0.0766,0.4839,0.0000,0,0,0.4659,-1.0859,0.5789,2159520.7500
69.7198,-0.4664,-0.3806,0.4839,0.0000,0,0,0.4645,-1.0853,0.5789,2159520.7500
69.7298,-0.6767,0.0143,0.4839,0.0000,0,0,0.4659,-1.0860,0.5789,2159520.7500
69.7400,-0.8513,-0.0345,0.4839,0.0000,0,0,0.4693,-1.0880,0.5789,2159520.7500
69.7497,-0.8259,-0.0628,0.4839,0.0000,0,0,0.4718,-1.0895,0.5789,2159520.7500
69.7601,-0.6407,0.0489,0.4839,0.0000,0,0,0.4709,-1.0889,0.5789,2159520.7500
69.7698,-0.7854,-0.0927,0.4839,0.0000,0,0,0.4717,-1.0895,0.5789,2159520.7500
69.7798,-0.8587,0.0969,0.4839,0.0000,0,0,0.4731,-1.0906,0.5789,2159520.7500
69.7902,-0.8114,0.2556,0.4839,0.0000,0,0,0.4732,-1.0908,0.5789,2159520.7500
69.7998,-0.9505,0.0467,0.4839,0.0000,0,0,0.4748,-1.0924,0.5789,2159520.7500
69.8101,-1.4230,0.4661,0.4839,0.0000,0,0,0.4819,-1.1002,0.5789,2159520.7500
69.8197,-1.1866,0.5582,0.4839,0.0000,0,0,0.4853,-1.1043,0.5789,2159520.7500
69.8298,-0.9786,0.0118,0.4839,0.0000,0,0,0.4857,-1.1048,0.5789,2159520.7500
69.8401,-1.0892,0.4073,0.4839,0.0000,0,0,0.4870,-1.1067,0.5789,2159520.7500
69.8498,-0.8972,0.4290,0.4839,0.0000,0,0,0.4858,-1.1049,0.5789,2159520.7500
69.8606,-0.8111,-0.2128,0.4839,0.0000,0,0,0.4836,-1.1011,0.5789,2159520.7500
69.8698,-1.2004,-0.0177,0.4839,0.0000,0,0,0.4851,-1.1038,0.5789,2159520.7500
69.8798,-1.4132,0.0962,0.4839,0.0000,0,0,0.4880,-1.1100,0.5789,2159520.7500
69.8900,-1.4055,-0.3848,0.4839,0.0000,0,0,0.4904,-1.1157,0.5789,2159520.7500
69.8997,-1.2893,-0.1944,0.4839,0.0000,0,0,0.4915,-1.1185,0.5789,2159520.7500
69.9106,-1.2521,0.0727,0.4839,0.0000,0,0,0.4920,-1.1201,0.5789,2159520.7500
69.9198,-1.3463,-0.1792,0.4839,0.0000,0,0,0.4930,-1.1232,0.5789,2159520.7500
69.9298,-1.3685,-0.1700,0.4839,0.0000,0,0,0.4938,-1.1263,0.5789,2159520.7500
69.9400,-1.6125,0.1338,0.4839,0.0000,0,0,0.4955,-1.1342,0.5789,2159520.7500
69.9498,-1.6936,0.2656,0.4839,0.0000,0,0,0.4973,-1.1434,0.5789,2159520.7500
69.9601,-1.3127,0.2608,0.4839,0.0000,0,0,0.4973,-1.1434,0.5789,2159520.7500
69.9698,-1.3322,0.2862,0.4839,0.0000,0,0,0.4973,-1.1434,0.5789,2159520.7500
69.9798,-1.5095,0.2541,0.4839,0.0000,0,0,0.4976,-1.1472,0.5789,2159520.7500
69.9902,-1.3769,0.1456,0.4839,0.0000,0,0,0.4976,-1.1473,0.5789,2159520.7500
69.9998,-1.5812,0.0600,0.4839,0.0000,0,0,0.4977,-1.1520,0.5789,2159520.7500
70.0102,-1.6010,0.0501,0.4839,0.0000,0,0,0.4977,-1.1567,0.5789,2159520.7500
70.0198,-1.4393,0.1475,0.4839,0.0000,0,0,0.4977,-1.1570,0.5789,2159520.7500
70.0298,-1.4638,0.0132,0.4839,0.0000,0,0,0.4977,-1.1577,0.5789,2159520.7500
70.0400,-1.4456,-0.4329,0.4839,0.0000,0,0,0.4977,-1.1575,0.5789,2159520.7500
70.0498,-1.6561,-0.2320,0.4839,0.0000,0,0,0.4971,-1.1624,0.5789,2159520.7500
70.0606,-1.9742,-0.0885,0.4839,0.0000,0,0,0.4952,-1.1749,0.5789,2159520.7500
70.0698,-1.7608,-0.4370,0.4839,0.0000,0,0,0.4941,-1.1815,0.5789,2159520.7500
70.0798,-1.6910,0.0060,0.4839,0.0000,0,0,0.4932,-1.1858,0.5789,2159520.7500
70.0901,-1.7824,0.3007,0.4839,0.0000,0,0,0.4917,-1.1922,0.5789,2159520.7500
70.0998,-1.4087,-0.0669,0.4839,0.0000,0,0,0.4926,-1.1888,0.5789,2159520.7500
70.1106,-1.3223,0.0537,0.4839,0.0000,0,0,0.4942,-1.1831,0.5789,2159520.7500
70.1198,-1.6886,0.0930,0.4839,0.0000,0,0,0.4930,-1.1869,0.5789,2159520.7500
70.1298,-1.4714,-0.0991,0.4839,0.0000,0,0,0.4936,-1.1851,0.5789,2159520.7500
70.1401,-1.4114,-0.0559,0.4839,0.0000,0,0,0.4949,-1.1818,0.5789,2159520.7500
70.1498,-1.4390,-0.0157,0.4839,0.0000,0,0,0.4959,-1.1793,0.5789,2159520.7500
70.1601,-1.4275,-0.0450,0.4839,0.0000,0,0,0.4970,-1.1767,0.5789,2159520.7500
70.1698,-1.8046,-0.0350,0.4839,0.0000,0,0,0.4938,-1.1836,0.5789,2159520.7500
70.1798,-2.2595,-0.3445,0.4839,0.0000,0,0,0.4852,-1.2012,0.5789,2159520.7500
70.1902,-2.4188,-0.3718,0.4839,0.0000,0,0,0.4744,-1.2220,0.5789,2159520.7500
70.1998,-2.6882,-0.1217,0.4839,0.0000,0,0,0.4599,-1.2482,0.5789,2159520.7500
70.2101,-2.3674,-0.3122,0.4839,0.0000,0,0,0.4496,-1.2659,0.5789,2159520.7500
70.2197,-2.1348,-0.1772,0.4839,0.0000,0,0,0.4425,-1.2775,0.5789,2159520.7500
70.2298,-2.1843,0.2965,0.4839,0.0000,0,0,0.4346,-1.2898,0.5789,2159520.7500
70.2401,-2.1141,-0.0274,0.4839,0.0000,0,0,0.4275,-1.3001,0.5789,2159520.7500
70.2498,-2.2377,-0.0874,0.4839,0.0000,0,0,0.4184,-1.3128,0.5789,2159520.7500
70.2606,-2.5793,0.4173,0.4839,0.0000,0,0,0.4036,-1.3324,0.5789,2159520.7500
70.2698,-2.0504,0.1440,0.4839,0.0000,0,0,0.3976,-1.3400,0.5789,2159520.7500
70.2798,-1.4225,-0.2365,0.4839,0.0000,0,0,0.4022,-1.3345,0.5789,2159520.7500
70.2901,-1.3334,0.2086,0.4839,0.0000,0,0,0.4080,-1.3278,0.5789,2159520.7500
70.2998,-1.2733,0.0059,0.4839,0.0000,0,0,0.4145,-1.3204,0.5789,2159520.7500
70.3106,-1.3481,-0.5244,0.4839,0.0000,0,0,0.4192,-1.3153,0.5789,2159520.7500
70.3198,-1.6835,-0.2820,0.4839,0.0000,0,0,0.4173,-1.3173,0.5789,2159520.7500
70.3298,-1.7848,-0.2279,0.4839,0.0000,0,0,0.4131,-1.3217,0.5789,2159520.7500
70.3401,-1.6798,-0.3749,0.4839,0.0000,0,0,0.4106,-1.3241,0.5789,2159520.7500
70.3498,-1.4645,-0.0796,0.4839,0.0000,0,0,0.4119,-1.3228,0.5789,2159520.7500
70.3600,-1.5156,-0.0074,0.4839,0.0000,0,0,0.4118,-1.3230,0.5789,2159520.7500
70.3698,-1.4706,0.0668,0.4839,0.0000,0,0,0.4121,-1.3227,0.5789,2159520.7500
70.3798,-1.2823,0.1981,0.4839,0.0000,0,0,0.4157,-1.3195,0.5789,2159520.7500
70.3902,-1.4572,0.0496,0.4839,0.0000,0,0,0.4151,-1.3201,0.5789,2159520.7500
70.3998,-1.4659,0.2888,0.4839,0.0000,0,0,0.4137,-1.3211,0.5789,2159520.7500
70.4101,-1.1419,0.3836,0.4839,0.0000,0,0,0.4187,-1.3173,0.5789,2159520.7500
70.4198,-1.1350,-0.0217,0.4839,0.0000,0,0,0.4232,-1.3139,0.5789,2159520.7500
70.4298,-1.1286,0.0533,0.4839,0.0000,0,0,0.4270,-1.3111,0.5789,2159520.7500
70.4401,-1.1568,0.0395,0.4839,0.0000,0,0,0.4293,-1.3095,0.5789,2159520.7500
70.4498,-1.5068,-0.3845,0.4839,0.0000,0,0,0.4229,-1.3138,0.5789,2159520.7500
70.4606,-1.7884,-0.3428,0.4839,0.0000,0,0,0.4094,-1.3227,0.5789,2159520.7500
70.4698,-2.0260,-0.0190,0.4839,0.0000,0,0,0.3901,-1.3351,0.5789,2159520.7500
70.4797,-1.8493,-0.1661,0.4839,0.0000,0,0,0.3748,-1.3445,0.5789,2159520.7500
70.4900,-1.4892,-0.1638,0.4839,0.0000,0,0,0.3677,-1.3488,0.5789,2159520.7500
70.4998,-1.7337,0.3057,0.4839,0.0000,0,0,0.3543,-1.3567,0.5789,2159520.7500
70.5107,-1.7304,0.3336,0.4839,0.0000,0,0,0.3405,-1.3645,0.5789,2159520.7500
70.5198,-1.5990,0.0045,0.4839,0.0000,0,0,0.3297,-1.3706,0.5789,2159520.7500
70.5298,-1.9613,0.3870,0.4839,0.0000,0,0,0.3098,-1.3814,0.5789,2159520.7500
70.5401,-1.7932,0.4913,0.4839,0.0000,0,0,0.2937,-1.3898,0.5789,2159520.7500
70.5498,-1.5605,-0.0974,0.4839,0.0000,0,0,0.2830,-1.3953,0.5789,2159520.7500
70.5601,-1.4603,0.1570,0.4839,0.0000,0,0,0.2742,-1.3997,0.5789,2159520.7500
70.5698,-1.0318,0.1988,0.4839,0.0000,0,0,0.2751,-1.3993,0.5789,2159520.7500
70.5797,-0.7313,-0.3595,0.4839,0.0000,0,0,0.2821,-1.3960,0.5789,2159520.7500
70.5902,-0.7621,-0.1067,0.4839,0.0000,0,0,0.2871,-1.3937,0.5789,2159520.7500
70.5998,-1.1119,0.0719,0.4839,0.0000,0,0,0.2828,-1.3956,0.5789,2159520.7500
70.6101,-1.4222,-0.0415,0.4839,0.0000,0,0,0.2706,-1.4009,0.5789,2159520.7500
70.6198,-1.2349,0.2257,0.4839,0.0000,0,0,0.2623,-1.4044,0.5789,2159520.7500
70.6298,-1.2575,0.2024,0.4839,0.0000,0,0,0.2530,-1.4083,0.5789,2159520.7500
70.6401,-1.0735,0.3021,0.4839,0.0000,0,0,0.2472,-1.4106,0.5789,2159520.7500
70.6498,-0.7485,0.3413,0.4839,0.0000,0,0,0.2480,-1.4103,0.5789,2159520.7500
70.6606,-0.5897,-0.0840,0.4839,0.0000,0,0,0.2513,-1.4091,0.5789,2159520.7500
70.6698,-0.7759,-0.1393,0.4839,0.0000,0,0,0.2495,-1.4097,0.5789,2159520.7500
70.6798,-0.7351,0.3450,0.4839,0.0000,0,0,0.2478,-1.4103,0.5789,2159520.7500
70.6901,-0.4833,-0.0574,0.4839,0.0000,0,0,0.2505,-1.4094,0.5789,2159520.7500
70.6998,-0.4742,-0.0698,0.4839,0.0000,0,0,0.2524,-1.4088,0.5789,2159520.7500
70.7106,-0.6024,0.2927,0.4839,0.0000,0,0,0.2506,-1.4093,0.5789,2159520.7500
70.7198,-0.6488,-0.1983,0.4839,0.0000,0,0,0.2470,-1.4103,0.5789,2159520.7500
70.7298,-0.4069,-0.6278,0.4839,0.0000,0,0,0.2478,-1.4101,0.5789,2159520.7500
70.7401,-0.3003,-0.1781,0.4839,0.0000,0,0,0.2497,-1.4097,0.5789,2159520.7500
70.7498,-0.4067,-0.0385,0.4839,0.0000,0,0,0.2485,-1.4099,0.5789,2159520.7500
70.7601,-0.1790,-0.0087,0.4839,0.0000,0,0,0.2510,-1.4095,0.5789,2159520.7500
70.7698,0.0088,-0.0682,0.4839,0.0000,0,0,0.2565,-1.4088,0.5789,2159520.7500
70.7798,-0.1204,-0.1260,0.4839,0.0000,0,0,0.2583,-1.4086,0.5789,2159520.7500
70.7902,-0.0205,0.1221,0.4839,0.0000,0,0,0.2610,-1.4083,0.5789,2159520.7500
70.7998,0.3238,0.0154,0.4839,0.0000,0,0,0.2696,-1.4079,0.5789,2159520.7500
70.8101,0.3510,-0.2900,0.4839,0.0000,0,0,0.2774,-1.4077,0.5789,2159520.7500
70.8197,0.4543,0.1734,0.4839,0.0000,0,0,0.2862,-1.4078,0.5789,2159520.7500
70.8298,0.5253,0.0842,0.4839,0.0000,0,0,0.2951,-1.4081,0.5789,2159520.7500
70.8400,0.5258,-0.5163,0.4839,0.0000,0,0,0.3028,-1.4087,0.5789,2159520.7500
70.8498,0.4659,-0.0845,0.4839,0.0000,0,0,0.3085,-1.4093,0.5789,2159520.7500
70.8606,0.1983,0.0228,0.4839,0.0000,0,0,0.3083,-1.4093,0.5789,2159520.7500
70.8698,0.4940,-0.4329,0.4839,0.0000,0,0,0.3128,-1.4101,0.5789,2159520.7500
70.8798,0.6469,-0.0100,0.4839,0.0000,0,0,0.3189,-1.4114,0.5789,2159520.7500
70.8901,0.3535,0.4210,0.4839,0.0000,0,0,0.3192,-1.4114,0.5789,2159520.7500
70.8998,0.7147,0.1993,0.4839,0.0000,0,0,0.3248,-1.4130,0.5789,2159520.7500
70.9106,0.8542,0.2382,0.4839,0.0000,0,0,0.3318,-1.4153,0.5789,2159520.7500
70.9197,0.4932,0.4056,0.4839,0.0000,0,0,0.3323,-1.4155,0.5789,2159520.7500
70.9298,0.6959,0.0992,0.4839,0.0000,0,0,0.3353,-1.4167,0.5789,2159520.7500
70.9400,0.9433,0.0190,0.4839,0.0000,0,0,0.3412,-1.4195,0.5789,2159520.7500
70.9498,0.7105,0.1588,0.4839,0.0000,0,0,0.3431,-1.4204,0.5789,2159520.7500
70.9601,0.8417,0.1636,0.4839,0.0000,0,0,0.3462,-1.4222,0.5789,2159520.7500
70.9698,0.8293,0.1316,0.4839,0.0000,0,0,0.3486,-1.4236,0.5789,2159520.7500
70.9798,0.7851,0.0240,0.4839,0.0000,0,0,0.3499,-1.4244,0.5789,2159520.7500
70.9901,0.8732,-0.1774,0.4839,0.0000,0,0,0.3518,-1.4258,0.5789,2159520.7500
70.9998,0.7243,0.2266,0.4839,0.0000,0,0,0.3514,-1.4255,0.5789,2159520.7500
71.0102,0.8433,0.2166,0.4839,0.0000,0,0,0.3521,-1.4261,0.5789,2159520.7500
71.0198,0.9782,-0.0013,0.4839,0.0000,0,0,0.3541,-1.4279,0.5789,2159520.7500
71.0298,0.6438,0.6445,0.4839,0.0000,0,0,0.3519,-1.4258,0.5789,2159520.7500
71.0400,0.7763,0.6915,0.4839,0.0000,0,0,0.3510,-1.4248,0.5789,2159520.7500
71.0498,1.1301,0.1943,0.4839,0.0000,0,0,0.3536,-1.4278,0.5789,2159520.7500
71.0606,0.9469,0.4581,0.4839,0.0000,0,0,0.3539,-1.4283,0.5789,2159520.7500
71.0698,0.8209,0.4507,0.4839,0.0000,0,0,0.3530,-1.4269,0.5789,2159520.7500
71.0798,1.1677,0.1059,0.4839,0.0000,0,0,0.3549,-1.4299,0.5789,2159520.7500
71.0901,0.9779,0.2254,0.4839,0.0000,0,0,0.3550,-1.4300,0.5789,2159520.7500
71.0998,1.0286,0.0903,0.4839,0.0000,0,0,0.3553,-1.4306,0.5789,2159520.7500
71.1106,1.1339,-0.0637,0.4839,0.0000,0,0,0.3562,-1.4325,0.5789,2159520.7500
71.1197,1.0806,-0.0828,0.4839,0.0000,0,0,0.3566,-1.4334,0.5789,2159520.7500
71.1298,1.0641,-0.2344,0.4839,0.0000,0,0,0.3568,-1.4339,0.5789,2159520.7500
71.1401,0.9057,0.0685,0.4839,0.0000,0,0,0.3561,-1.4317,0.5789,2159520.7500
71.1498,0.7679,0.3914,0.4839,0.0000,0,0,0.3548,-1.4274,0.5789,2159520.7500
71.1601,1.0300,0.0068,0.4839,0.0000,0,0,0.3547,-1.4270,0.5789,2159520.7500
71.1698,0.9322,0.2847,0.4839,0.0000,0,0,0.3542,-1.4250,0.5789,2159520.7500
71.1798,0.9986,0.6770,0.4839,0.0000,0,0,0.3540,-1.4239,0.5789,2159520.7500
71.1902,1.3312,0.2301,0.4839,0.0000,0,0,0.3546,-1.4282,0.5789,2159520.7500
71.1998,1.1866,0.3297,0.4839,0.0000,0,0,0.3548,-1.4300,0.5789,2159520.7500
71.2101,0.9738,0.7532,0.4839,0.0000,0,0,0.3547,-1.4282,0.5789,2159520.7500
71.2198,1.1093,0.1817,0.4839,0.0000,0,0,0.3547,-1.4287,0.5789,2159520.7500
71.2298,1.0920,-0.0210,0.4839,0.0000,0,0,0.3547,-1.4289,0.5789,2159520.7500
71.2400,1.0327,0.2080,0.4839,0.0000,0,0,0.3547,-1.4281,0.5789,2159520.7500
71.2498,1.1520,-0.0283,0.4839,0.0000,0,0,0.3546,-1.4294,0.5789,2159520.7500
71.2606,1.5653,0.0541,0.4839,0.0000,0,0,0.3535,-1.4379,0.5789,2159520.7500
71.2698,1.9040,0.2293,0.4839,0.0000,0,0,0.3513,-1.4522,0.5789,2159520.7500
71.2798,1.8718,0.2305,0.4839,0.0000,0,0,0.3487,-1.4657,0.5789,2159520.7500
71.2901,1.6140,0.6379,0.4839,0.0000,0,0,0.3466,-1.4746,0.5789,2159520.7500
71.2998,1.7813,0.4440,0.4839,0.0000,0,0,0.3435,-1.4864,0.5789,2159520.7500
71.3106,1.8511,0.1555,0.4839,0.0000,0,0,0.3397,-1.4993,0.5789,2159520.7500
71.3198,1.7031,0.6598,0.4839,0.0000,0,0,0.3363,-1.5095,0.5789,2159520.7500
71.3297,2.0628,0.4072,0.4839,0.0000,0,0,0.3304,-1.5257,0.5789,2159520.7500
71.3401,1.8332,-0.0924,0.4839,0.0000,0,0,0.3254,-1.5380,0.5789,2159520.7500
71.3498,0.9724,0.3227,0.4839,0.0000,0,0,0.3265,-1.5356,0.5789,2159520.7500
71.3600,0.7161,0.3552,0.4839,0.0000,0,0,0.3294,-1.5294,0.5789,2159520.7500
71.3698,0.8100,0.0685,0.4839,0.0000,0,0,0.3315,-1.5253,0.5789,2159520.7500
71.3798,1.1606,0.2761,0.4839,0.0000,0,0,0.3304,-1.5273,0.5789,2159520.7500
71.3902,1.4522,0.1005,0.4839,0.0000,0,0,0.3263,-1.5342,0.5789,2159520.7500
71.3997,1.4667,0.1251,0.4839,0.0000,0,0,0.3218,-1.5415,0.5789,2159520.7500
71.4100,1.3973,0.3570,0.4839,0.0000,0,0,0.3176,-1.5478,0.5789,2159520.7500
71.4197,1.2096,0.1989,0.4839,0.0000,0,0,0.3150,-1.5513,0.5789,2159520.7500
71.4298,0.8459,0.5129,0.4839,0.0000,0,0,0.3163,-1.5497,0.5789,2159520.7500
71.4401,0.9849,0.8298,0.4839,0.0000,0,0,0.3155,-1.5506,0.5789,2159520.7500
71.4498,1.2021,0.2238,0.4839,0.0000,0,0,0.3118,-1.5549,0.5789,2159520.7500
71.4606,1.1929,0.2416,0.4839,0.0000,0,0,0.3078,-1.5594,0.5789,2159520.7500
71.4698,1.2524,0.6134,0.4839,0.0000,0,0,0.3026,-1.5648,0.5789,2159520.7500
71.4798,1.1457,0.0625,0.4839,0.0000,0,0,0.2984,-1.5689,0.5789,2159520.7500
71.4901,1.0535,-0.0500,0.4839,0.0000,0,0,0.2949,-1.5721,0.5789,2159520.7500
71.4997,0.8020,0.2041,0.4839,0.0000,0,0,0.2945,-1.5724,0.5789,2159520.7500
71.5105,0.7420,-0.0588,0.4839,0.0000,0,0,0.2944,-1.5725,0.5789,2159520.7500
71.5198,1.0817,-0.0727,0.4839,0.0000,0,0,0.2889,-1.5768,0.5789,2159520.7500
71.5298,1.1786,0.3654,0.4839,0.0000,0,0,0.2813,-1.5821,0.5789,2159520.7500
71.5401,0.9987,0.5720,0.4839,0.0000,0,0,0.2759,-1.5857,0.5789,2159520.7500
71.5498,1.1959,0.5801,0.4839,0.0000,0,0,0.2669,-1.5913,0.5789,2159520.7500
71.5601,1.1716,0.6989,0.4839,0.0000,0,0,0.2576,-1.5966,0.5789,2159520.7500
71.5698,0.8822,0.6301,0.4839,0.0000,0,0,0.2525,-1.5993,0.5789,2159520.7500
71.5798,1.1040,0.3627,0.4839,0.0000,0,0,0.2432,-1.6039,0.5789,2159520.7500
71.5902,1.1461,0.2946,0.4839,0.0000,0,0,0.2325,-1.6086,0.5789,2159520.7500
71.5997,1.0427,0.2563,0.4839,0.0000,0,0,0.2230,-1.6124,0.5789,2159520.7500
71.6101,1.0403,0.2885,0.4839,0.0000,0,0,0.2129,-1.6160,0.5789,2159520.7500
71.6197,0.9266,0.4184,0.4839,0.0000,0,0,0.2042,-1.6188,0.5789,2159520.7500
71.6298,0.9961,0.0973,0.4839,0.0000,0,0,0.1937,-1.6218,0.5789,2159520.7500
71.6400,0.9835,0.1248,0.4839,0.0000,0,0,0.1828,-1.6243,0.5789,2159520.7500
71.6498,0.7055,0.6933,0.4839,0.0000,0,0,0.1761,-1.6256,0.5789,2159520.7500
71.6606,0.8871,0.3234,0.4839,0.0000,0,0,0.1655,-1.6272,0.5789,2159520.7500
71.6698,1.0485,0.2552,0.4839,0.0000,0,0,0.1517,-1.6288,0.5789,2159520.7500
71.6797,0.5729,0.7874,0.4839,0.0000,0,0,0.1456,-1.6293,0.5789,2159520.7500
71.6901,0.6242,0.5843,0.4839,0.0000,0,0,0.1378,-1.6295,0.5789,2159520.7500
71.6998,0.9111,0.4084,0.4839,0.0000,0,0,0.1246,-1.6293,0.5789,2159520.7500
71.7106,0.5585,0.7644,0.4839,0.0000,0,0,0.1168,-1.6288,0.5789,2159520.7500
71.7198,0.5740,0.5643,0.4839,0.0000,0,0,0.1082,-1.6279,0.5789,2159520.7500
71.7297,0.7695,0.2635,0.4839,0.0000,0,0,0.0958,-1.6261,0.5789,2159520.7500
71.7401,0.5178,0.2198,0.4839,0.0000,0,0,0.0871,-1.6243,0.5789,2159520.7500
71.7498,0.5045,0.0270,0.4839,0.0000,0,0,0.0781,-1.6221,0.5789,2159520.7500
71.7601,0.3234,0.1370,0.4839,0.0000,0,0,0.0716,-1.6202,0.5789,2159520.7500
71.7698,0.2470,0.2225,0.4839,0.0000,0,0,0.0658,-1.6182,0.5789,2159520.7500
71.7797,0.1399,-0.0489,0.4839,0.0000,0,0,0.0611,-1.6163,0.5789,2159520.7500
71.7902,-0.2767,0.4056,0.4839,0.0000,0,0,0.0624,-1.6169,0.5789,2159520.7500
71.7998,-0.3914,0.7290,0.4839,0.0000,0,0,0.0647,-1.6181,0.5789,2159520.7500
71.8101,-0.1085,0.2003,0.4839,0.0000,0,0,0.0618,-1.6164,0.5789,2159520.7500
71.8197,-0.2977,0.3847,0.4839,0.0000,0,0,0.0611,-1.6159,0.5789,2159520.7500
71.8298,-0.3656,0.7004,0.4839,0.0000,0,0,0.0608,-1.6157,0.5789,2159520.7500
71.8400,-0.1311,0.1142,0.4839,0.0000,0,0,0.0564,-1.6122,0.5789,2159520.7500
71.8498,-0.1725,-0.0670,0.4839,0.0000,0,0,0.0522,-1.6086,0.5789,2159520.7500
71.8606,-0.3733,-0.1040,0.4839,0.0000,0,0,0.0502,-1.6067,0.5789,2159520.7500
71.8698,-0.5035,-0.2012,0.4839,0.0000,0,0,0.0494,-1.6059,0.5789,2159520.7500
71.8798,-0.6294,0.0148,0.4839,0.0000,0,0,0.0497,-1.6062,0.5789,2159520.7500
71.8900,-0.6215,-0.0409,0.4839,0.0000,0,0,0.0492,-1.6056,0.5789,2159520.7500
71.8997,-0.8601,0.0856,0.4839,0.0000,0,0,0.0510,-1.6080,0.5789,2159520.7500
71.9106,-1.0510,0.7596,0.4839,0.0000,0,0,0.0542,-1.6128,0.5789,2159520.7500
71.9198,-0.8099,0.3831,0.4839,0.0000,0,0,0.0542,-1.6128,0.5789,2159520.7500
71.9298,-0.7691,0.0487,0.4839,0.0000,0,0,0.0534,-1.6113,0.5789,2159520.7500
71.9400,-1.1737,0.5625,0.4839,0.0000,0,0,0.0559,-1.6163,0.5789,2159520.7500
71.9498,-1.0158,0.2749,0.4839,0.0000,0,0,0.0564,-1.6176,0.5789,2159520.7500
71.9601,-0.9227,-0.3471,0.4839,0.0000,0,0,0.0558,-1.6160,0.5789,2159520.7500
71.9698,-1.2159,-0.0096,0.4839,0.0000,0,0,0.0571,-1.6196,0.5789,2159520.7500
71.9797,-1.4025,-0.0062,0.4839,0.0000,0,0,0.0593,-1.6261,0.5789,2159520.7500
71.9902,-1.3982,-0.2756,0.4839,0.0000,0,0,0.0608,-1.6316,0.5789,2159520.7500
71.9998,-1.3217,0.1154,0.4839,0.0000,0,0,0.0616,-1.6345,0.5789,2159520.7500
72.0102,-1.5646,0.3386,0.4839,0.0000,0,0,0.0631,-1.6418,0.5789,2159520.7500
72.0197,-1.4862,0.4135,0.4839,0.0000,0,0,0.0639,-1.6464,0.5789,2159520.7500
72.0298,-1.3012,0.4582,0.4839,0.0000,0,0,0.0638,-1.6458,0.5789,2159520.7500
72.0400,-1.6809,0.2424,0.4839,0.0000,0,0,0.0646,-1.6531,0.5789,2159520.7500
72.0498,-1.6595,0.0215,0.4839,0.0000,0,0,0.0651,-1.6590,0.5789,2159520.7500
72.0606,-1.4423,-0.0639,0.4839,0.0000,0,0,0.0651,-1.6586,0.5789,2159520.7500
72.0698,-1.5620,0.0290,0.4839,0.0000,0,0,0.0651,-1.6603,0.5789,2159520.7500
72.0797,-1.5945,0.1105,0.4839,0.0000,0,0,0.0651,-1.6620,0.5789,2159520.7500
72.0900,-1.6738,0.1650,0.4839,0.0000,0,0,0.0649,-1.6647,0.5789,2159520.7500
72.0997,-1.7771,-0.0891,0.4839,0.0000,0,0,0.0646,-1.6691,0.5789,2159520.7500
72.1106,-1.8265,-0.5261,0.4839,0.0000,0,0,0.0641,-1.6738,0.5789,2159520.7500
72.1198,-1.9464,-0.2226,0.4839,0.0000,0,0,0.0632,-1.6807,0.5789,2159520.7500
72.1298,-1.8060,0.1989,0.4839,0.0000,0,0,0.0628,-1.6832,0.5789,2159520.7500
72.1401,-1.6693,0.0728,0.4839,0.0000,0,0,0.0632,-1.6813,0.5789,2159520.7500
72.1498,-1.8035,0.3665,0.4839,0.0000,0,0,0.0630,-1.6823,0.5789,2159520.7500
72.1601,-1.7040,0.4329,0.4839,0.0000,0,0,0.0635,-1.6801,0.5789,2159520.7500
72.1698,-1.7554,-0.2975,0.4839,0.0000,0,0,0.0639,-1.6787,0.5789,2159520.7500
72.1797,-1.8308,-0.1534,0.4839,0.0000,0,0,0.0639,-1.6787,0.5789,2159520.7500
72.1902,-1.7866,0.2492,0.4839,0.0000,0,0,0.0645,-1.6770,0.5789,2159538.7500
72.1998,-1.6509,-0.2961,0.4839,0.0000,0,0,0.0664,-1.6715,0.5789,2159538.7500
72.2101,-1.5797,-0.3302,0.4839,0.0000,0,0,0.0693,-1.6640,0.5789,2159538.7500
72.2198,-1.8740,0.0272,0.4839,0.0000,0,0,0.0694,-1.6638,0.5789,2159538.7500
72.2298,-2.0180,-0.1467,0.4839,0.0000,0,0,0.0681,-1.6667,0.5789,2159538.7500
72.2401,-1.8378,-0.2424,0.4839,0.0000,0,0,0.0690,-1.6648,0.5789,2159538.7500
72.2497,-1.8797,0.1480,0.4839,0.0000,0,0,0.0695,-1.6638,0.5789,2159538.7500
72.2606,-1.8885,0.3551,0.4839,0.0000,0,0,0.0701,-1.6627,0.5789,2159538.7500
72.2698,-1.5041,0.2553,0.4839,0.0000,0,0,0.0758,-1.6525,0.5789,2159538.7500
72.2798,-1.6321,0.2911,0.4839,0.0000,0,0,0.0799,-1.6456,0.5789,2159538.7500
72.2900,-1.9425,0.1462,0.4839,0.0000,0,0,0.0796,-1.6460,0.5789,2159538.7500
72.2997,-1.7065,-0.1587,0.4839,0.0000,0,0,0.0829,-1.6410,0.5789,2159538.7500
72.3106,-1.7699,-0.1891,0.4839,0.0000,0,0,0.0853,-1.6376,0.5789,2159538.7500
72.3198,-1.6654,-0.1291,0.4839,0.0000,0,0,0.0893,-1.6321,0.5789,2159538.7500
72.3298,-1.5841,-0.0058,0.4839,0.0000,0,0,0.0945,-1.6252,0.5789,2159538.7500
72.3401,-1.6595,0.0924,0.4839,0.0000,0,0,0.0984,-1.6204,0.5789,2159538.7500
72.3498,-1.5209,0.0067,0.4839,0.0000,0,0,0.1046,-1.6130,0.5789,2159538.7500
72.3601,-1.8910,0.0094,0.4839,0.0000,0,0,0.1040,-1.6137,0.5789,2159538.7500
72.3698,-1.9056,0.2057,0.4839,0.0000,0,0,0.1031,-1.6147,0.5789,2159538.7500
72.3798,-1.9166,0.2624,0.4839,0.0000,0,0,0.1018,-1.6162,0.5789,2159538.7500
72.3902,-2.2900,0.2938,0.4839,0.0000,0,0,0.0932,-1.6251,0.5789,2159538.7500
72.3997,-2.2777,0.4083,0.4839,0.0000,0,0,0.0850,-1.6335,0.5789,2159538.7500
72.4101,-2.2970,0.1984,0.4839,0.0000,0,0,0.0762,-1.6421,0.5789,2159538.7500
72.4198,-2.3665,-0.0061,0.4839,0.0000,0,0,0.0661,-1.6517,0.5789,2159538.7500
72.4297,-2.1923,0.1239,0.4839,0.0000,0,0,0.0594,-1.6579,0.5789,2159538.7500
72.4400,-2.2021,0.0372,0.4839,0.0000,0,0,0.0523,-1.6642,0.5789,2159538.7500
72.4498,-2.3331,-0.2257,0.4839,0.0000,0,0,0.0424,-1.6728,0.5789,2159538.7500
72.4606,-2.4842,-0.1337,0.4839,0.0000,0,0,0.0292,-1.6838,0.5789,2159538.7500
72.4698,-2.5192,-0.0907,0.4839,0.0000,0,0,0.0152,-1.6950,0.5789,2159538.7500
72.4797,-1.9714,-0.2438,0.4839,0.0000,0,0,0.0127,-1.6969,0.5789,2159538.7500
72.4901,-1.6583,0.1719,0.4839,0.0000,0,0,0.0167,-1.6940,0.5789,2159538.7500
72.4997,-1.5680,0.5548,0.4839,0.0000,0,0,0.0220,-1.6902,0.5789,2159538.7500
72.5106,-1.3574,0.0608,0.4839,0.0000,0,0,0.0313,-1.6837,0.5789,2159538.7500
72.5198,-1.5557,0.0041,0.4839,0.0000,0,0,0.0353,-1.6811,0.5789,2159538.7500
72.5298,-1.9860,0.2939,0.4839,0.0000,0,0,0.0284,-1.6855,0.5789,2159538.7500
72.5401,-1.6774,-0.0025,0.4839,0.0000,0,0,0.0283,-1.6856,0.5789,2159538.7500
72.5498,-1.5053,-0.0752,0.4839,0.0000,0,0,0.0315,-1.6837,0.5789,2159538.7500
72.5601,-1.4943,0.1161,0.4839,0.0000,0,0,0.0340,-1.6822,0.5789,2159538.7500
72.5698,-1.4237,-0.0168,0.4839,0.0000,0,0,0.0374,-1.6802,0.5789,2159538.7500
72.5798,-1.4468,-0.0454,0.4839,0.0000,0,0,0.0393,-1.6791,0.5789,2159538.7500
72.5902,-1.5141,-0.3252,0.4839,0.0000,0,0,0.0385,-1.6796,0.5789,2159538.7500
72.5998,-1.5147,-0.4579,0.4839,0.0000,0,0,0.0369,-1.6804,0.5789,2159538.7500
72.6101,-1.7129,0.0509,0.4839,0.0000,0,0,0.0297,-1.6842,0.5789,2159538.7500
72.6198,-1.5870,0.0713,0.4839,0.0000,0,0,0.0250,-1.6866,0.5789,2159538.7500
72.6298,-1.3352,-0.0881,0.4839,0.0000,0,0,0.0254,-1.6864,0.5789,2159538.7500
72.6401,-1.5999,0.4371,0.4839,0.0000,0,0,0.0186,-1.6897,0.5789,2159538.7500
72.6498,-1.5577,0.4032,0.4839,0.0000,0,0,0.0121,-1.6927,0.5789,2159538.7500
72.6606,-1.2238,-0.1418,0.4839,0.0000,0,0,0.0126,-1.6925,0.5789,2159538.7500
72.6698,-1.3119,0.0103,0.4839,0.0000,0,0,0.0102,-1.6936,0.5789,2159538.7500
72.6797,-1.2683,0.0899,0.4839,0.0000,0,0,0.0078,-1.6946,0.5789,2159538.7500
72.6901,-1.0910,-0.1637,0.4839,0.0000,0,0,0.0085,-1.6943,0.5789,2159538.7500
72.6997,-1.1396,-0.0548,0.4839,0.0000,0,0,0.0071,-1.6949,0.5789,2159538.7500
72.7106,-1.2242,-0.1572,0.4839,0.0000,0,0,0.0027,-1.6966,0.5789,2159538.7500
72.7197,-1.3654,-0.1627,0.4839,0.0000,0,0,-0.0056,-1.6997,0.5789,2159538.7500
72.7298,-1.3935,0.0926,0.4839,0.0000,0,0,-0.0151,-1.7032,0.5789,2159538.7500
72.7400,-1.1217,-0.1319,0.4839,0.0000,0,0,-0.0194,-1.7047,0.5789,2159538.7500
72.7498,-1.2559,0.1552,0.4839,0.0000,0,0,-0.0274,-1.7074,0.5789,2159538.7500
72.7600,-1.4733,0.7686,0.4839,0.0000,0,0,-0.0409,-1.7116,0.5789,2159538.7500
72.7698,-1.3655,0.2697,0.4839,0.0000,0,0,-0.0526,-1.7149,0.5789,2159538.7500
72.7798,-1.4695,-0.0122,0.4839,0.0000,0,0,-0.0671,-1.7188,0.5789,2159538.7500
72.7902,-1.7160,0.3478,0.4839,0.0000,0,0,-0.0874,-1.7238,0.5789,2159538.7500
72.7998,-1.6286,0.0696,0.4839,0.0000,0,0,-0.1060,-1.7280,0.5789,2159538.7500
72.8100,-1.4354,-0.1986,0.4839,0.0000,0,0,-0.1210,-1.7310,0.5789,2159538.7500
72.8198,-1.3152,0.0500,0.4839,0.0000,0,0,-0.1339,-1.7333,0.5789,2159538.7500
72.8297,-1.3635,-0.0206,0.4839,0.0000,0,0,-0.1484,-1.7356,0.5789,2159538.7500
72.8400,-1.4833,0.1089,0.4839,0.0000,0,0,-0.1658,-1.7378,0.5789,2159538.7500
72.8498,-1.4734,0.0723,0.4839,0.0000,0,0,-0.1832,-1.7395,0.5789,2159538.7500
72.8605,-1.5697,-0.0803,0.4839,0.0000,0,0,-0.2030,-1.7409,0.5789,2159538.7500
72.8698,-1.5837,0.3858,0.4839,0.0000,0,0,-0.2231,-1.7418,0.5789,2159538.7500
72.8798,-1.2179,0.5294,0.4839,0.0000,0,0,-0.2364,-1.7420,0.5789,2159538.7500
72.8901,-0.7489,0.1376,0.4839,0.0000,0,0,-0.2414,-1.7419,0.5789,2159538.7500
72.8998,-0.5581,0.5114,0.4839,0.0000,0,0,-0.2435,-1.7418,0.5789,2159538.7500
72.9106,-0.2626,0.3988,0.4839,0.0000,0,0,-0.2413,-1.7420,0.5789,2159538.7500
72.9197,-0.2545,-0.3293,0.4839,0.0000,0,0,-0.2398,-1.7422,0.5789,2159538.7500
72.9298,-0.4045,-0.0193,0.4839,0.0000,0,0,-0.2420,-1.7418,0.5789,2159538.7500
72.9401,-0.6314,0.1657,0.4839,0.0000,0,0,-0.2491,-1.7405,0.5789,2159538.7500
72.9498,-0.4990,-0.3918,0.4839,0.0000,0,0,-0.2544,-1.7393,0.5789,2159538.7500
72.9601,-0.2829,-0.1720,0.4839,0.0000,0,0,-0.2568,-1.7387,0.5789,2159538.7500
72.9698,-0.3699,0.3696,0.4839,0.0000,0,0,-0.2612,-1.7373,0.5789,2159538.7500
72.9797,-0.3695,0.2453,0.4839,0.0000,0,0,-0.2663,-1.7356,0.5789,2159538.7500
72.9902,-0.0071,0.1951,0.4839,0.0000,0,0,-0.2664,-1.7356,0.5789,2159538.7500
72.9998,-0.0987,0.2125,0.4839,0.0000,0,0,-0.2686,-1.7347,0.5789,2159538.7500
73.0101,-0.1023,0.1941,0.4839,0.0000,0,0,-0.2715,-1.7333,0.5789,2159538.7500
73.0198,0.3049,0.2506,0.4839,0.0000,0,0,-0.2691,-1.7345,0.5789,2159538.7500
73.0298,0.3437,0.2068,0.4839,0.0000,0,0,-0.2669,-1.7358,0.5789,2159538.7500
73.0400,0.3878,0.0776,0.4839,0.0000,0,0,-0.2650,-1.7370,0.5789,2159538.7500
73.0498,0.5226,0.0335,0.4839,0.0000,0,0,-0.2620,-1.7390,0.5789,2159538.7500
73.0606,0.4702,-0.2086,0.4839,0.0000,0,0,-0.2605,-1.7401,0.5789,2159538.7500
73.0698,0.5565,-0.6113,0.4839,0.0000,0,0,-0.2585,-1.7417,0.5789,2159538.7500
73.0798,0.3960,-0.1744,0.4839,0.0000,0,0,-0.2591,-1.7412,0.5789,2159538.7500
73.0901,0.3584,0.4201,0.4839,0.0000,0,0,-0.2607,-1.7397,0.5789,2159538.7500
73.0998,0.7213,0.2165,0.4839,0.0000,0,0,-0.2586,-1.7418,0.5789,2159538.7500
73.1106,0.8280,0.4404,0.4839,0.0000,0,0,-0.2561,-1.7446,0.5789,2159538.7500
73.1197,0.8164,0.8550,0.4839,0.0000,0,0,-0.2543,-1.7469,0.5789,2159538.7500
73.1298,1.0680,0.0430,0.4839,0.0000,0,0,-0.2506,-1.7518,0.5789,2159538.7500
73.1401,1.0915,-0.4124,0.4839,0.0000,0,0,-0.2474,-1.7565,0.5789,2159538.7500
73.1498,0.9033,0.0260,0.4839,0.0000,0,0,-0.2463,-1.7582,0.5789,2159538.7500
73.1601,0.8998,-0.0927,0.4839,0.0000,0,0,-0.2456,-1.7593,0.5789,2159538.7500
73.1699,1.0606,-0.2784,0.4839,0.0000,0,0,-0.2441,-1.7622,0.5789,2159538.7500
73.1798,1.0765,0.1624,0.4839,0.0000,0,0,-0.2429,-1.7649,0.5789,2159538.7500
73.1902,0.8479,0.0879,0.4839,0.0000,0,0,-0.2434,-1.7636,0.5789,2159538.7500
73.1997,1.0868,-0.1535,0.4839,0.0000,0,0,-0.2427,-1.7654,0.5789,2159538.7500
73.2100,1.0844,0.1334,0.4839,0.0000,0,0,-0.2423,-1.7667,0.5789,2159538.7500
73.2197,0.8209,0.4349,0.4839,0.0000,0,0,-0.2432,-1.7635,0.5789,2159538.7500
73.2298,1.1813,0.5577,0.4839,0.0000,0,0,-0.2428,-1.7654,0.5789,2159538.7500
73.2401,1.4604,0.4798,0.4839,0.0000,0,0,-0.2416,-1.7714,0.5789,2159538.7500
73.2498,1.4413,0.2887,0.4839,0.0000,0,0,-0.2408,-1.7766,0.5789,2159538.7500
73.2606,1.3217,0.2938,0.4839,0.0000,0,0,-0.2405,-1.7793,0.5789,2159538.7500
73.2698,1.1608,0.2625,0.4839,0.0000,0,0,-0.2405,-1.7790,0.5789,2159538.7500
73.2798,1.3337,-0.2317,0.4839,0.0000,0,0,-0.2404,-1.7812,0.5789,2159538.7500
73.2901,1.4153,-0.0784,0.4839,0.0000,0,0,-0.2404,-1.7844,0.5789,2159538.7500
73.2998,1.2426,0.6388,0.4839,0.0000,0,0,-0.2404,-1.7843,0.5789,2159538.7500
73.3106,1.4188,0.4477,0.4839,0.0000,0,0,-0.2406,-1.7869,0.5789,2159538.7500
73.3197,1.6103,0.4218,0.4839,0.0000,0,0,-0.2411,-1.7924,0.5789,2159538.7500
73.3298,1.1964,0.9100,0.4839,0.0000,0,0,-0.2409,-1.7906,0.5789,2159538.7500
73.3401,1.2858,0.5768,0.4839,0.0000,0,0,-0.2408,-1.7900,0.5789,2159538.7500
73.3498,1.4651,0.3152,0.4839,0.0000,0,0,-0.2413,-1.7924,0.5789,2159538.7500
73.3601,1.2715,0.6279,0.4839,0.0000,0,0,-0.2410,-1.7912,0.5789,2159538.7500
73.3698,1.4997,0.4437,0.4839,0.0000,0,0,-0.2417,-1.7939,0.5789,2159538.7500
73.3798,1.6209,0.1720,0.4839,0.0000,0,0,-0.2431,-1.7984,0.5789,2159538.7500
73.3902,1.3345,0.4480,0.4839,0.0000,0,0,-0.2429,-1.7979,0.5789,2159538.7500
73.3998,1.2364,0.3497,0.4839,0.0000,0,0,-0.2421,-1.7957,0.5789,2159538.7500
73.4101,1.2446,0.2242,0.4839,0.0000,0,0,-0.2413,-1.7937,0.5789,2159538.7500
73.4197,1.2614,0.3711,0.4839,0.0000,0,0,-0.2405,-1.7920,0.5789,2159538.7500
73.4298,1.3969,0.2179,0.4839,0.0000,0,0,-0.2408,-1.7926,0.5789,2159538.7500
73.4401,1.2787,0.4612,0.4839,0.0000,0,0,-0.2402,-1.7914,0.5789,2159538.7500
73.4498,1.4726,0.7452,0.4839,0.0000,0,0,-0.2413,-1.7934,0.5789,2159538.7500
73.4606,1.4558,0.4183,0.4839,0.0000,0,0,-0.2424,-1.7952,0.5789,2159538.7500
73.4698,1.0769,0.5628,0.4839,0.0000,0,0,-0.2398,-1.7912,0.5789,2159538.7500
73.4798,1.2130,0.7420,0.4839,0.0000,0,0,-0.2387,-1.7895,0.5789,2159538.7500
73.4901,1.5102,0.1366,0.4839,0.0000,0,0,-0.2409,-1.7926,0.5789,2159538.7500
73.4998,1.8362,0.1853,0.4839,0.0000,0,0,-0.2471,-1.8006,0.5789,2159538.7500
73.5107,2.0067,0.4444,0.4839,0.0000,0,0,-0.2556,-1.8109,0.5789,2159538.7500
73.5198,2.1015,0.1010,0.4839,0.0000,0,0,-0.2655,-1.8223,0.5789,2159538.7500
73.5298,2.2600,0.0165,0.4839,0.0000,0,0,-0.2778,-1.8356,0.5789,2159538.7500
73.5401,2.2008,0.1802,0.4839,0.0000,0,0,-0.2897,-1.8477,0.5789,2159538.7500
73.5498,1.8297,0.4121,0.4839,0.0000,0,0,-0.2969,-1.8547,0.5789,2159538.7500
73.5600,1.8002,0.7637,0.4839,0.0000,0,0,-0.3042,-1.8611,0.5789,2159538.7500
73.5698,1.6762,0.4840,0.4839,0.0000,0,0,-0.3099,-1.8660,0.5789,2159538.7500
73.5797,1.1142,0.2471,0.4839,0.0000,0,0,-0.3079,-1.8645,0.5789,2159538.7500
73.5902,0.7147,0.6085,0.4839,0.0000,0,0,-0.3005,-1.8589,0.5789,2159538.7500
73.5997,0.9173,0.2924,0.4839,0.0000,0,0,-0.2965,-1.8561,0.5789,2159538.7500
73.6101,1.1311,-0.3111,0.4839,0.0000,0,0,-0.2963,-1.8560,0.5789,2159538.7500
73.6198,1.3702,-0.0614,0.4839,0.0000,0,0,-0.3003,-1.8585,0.5789,2159538.7500
73.6298,1.2458,-0.0635,0.4839,0.0000,0,0,-0.3029,-1.8599,0.5789,2159538.7500
73.6400,1.3621,-0.2391,0.4839,0.0000,0,0,-0.3079,-1.8625,0.5789,2159538.7500
73.6498,1.2561,0.2332,0.4839,0.0000,0,0,-0.3117,-1.8643,0.5789,2159538.7500
73.6606,0.8151,0.7802,0.4839,0.0000,0,0,-0.3088,-1.8630,0.5789,2159538.7500
73.6698,0.9930,0.6287,0.4839,0.0000,0,0,-0.3095,-1.8633,0.5789,2159538.7500
73.6798,1.1418,0.4549,0.4839,0.0000,0,0,-0.3134,-1.8647,0.5789,2159538.7500
73.6900,0.8433,0.3857,0.4839,0.0000,0,0,-0.3130,-1.8645,0.5789,2159538.7500
73.6997,1.0156,0.0499,0.4839,0.0000,0,0,-0.3161,-1.8653,0.5789,2159538.7500
73.7106,1.0029,0.0061,0.4839,0.0000,0,0,-0.3198,-1.8662,0.5789,2159538.7500
73.7197,0.8880,0.2445,0.4839,0.0000,0,0,-0.3221,-1.8666,0.5789,2159538.7500
73.7298,0.8632,0.1753,0.4839,0.0000,0,0,-0.3247,-1.8670,0.5789,2159538.7500
73.7401,0.8417,0.2652,0.4839,0.0000,0,0,-0.3278,-1.8673,0.5789,2159538.7500
73.7498,0.8973,0.1971,0.4839,0.0000,0,0,-0.3325,-1.8675,0.5789,2159566.5000
73.7601,0.8877,0.1333,0.4839,0.0000,0,0,-0.3379,-1.8676,0.5789,2159566.5000
73.7698,0.6081,0.5105,0.4839,0.0000,0,0,-0.3391,-1.8675,0.5789,2159566.5000
73.7797,0.8016,0.3923,0.4839,0.0000,0,0,-0.3444,-1.8672,0.5789,2159566.5000
73.7902,0.9858,0.2053,0.4839,0.0000,0,0,-0.3537,-1.8660,0.5789,2159566.5000
73.7998,0.9277,0.8426,0.4839,0.0000,0,0,-0.3625,-1.8646,0.5789,2159566.5000
73.8101,1.0569,0.8321,0.4839,0.0000,0,0,-0.3742,-1.8621,0.5789,2159566.5000
73.8197,1.1993,0.3504,0.4839,0.0000,0,0,-0.3886,-1.8583,0.5789,2159566.5000
73.8298,0.9359,0.5091,0.4839,0.0000,0,0,-0.3991,-1.8550,0.5789,2159566.5000
73.8401,0.8831,0.2928,0.4839,0.0000,0,0,-0.4093,-1.8512,0.5789,2159566.5000
73.8498,1.0797,-0.1582,0.4839,0.0000,0,0,-0.4231,-1.8455,0.5789,2159566.5000
73.8606,1.1814,0.1002,0.4839,0.0000,0,0,-0.4388,-1.8379,0.5789,2159566.5000
73.8698,1.2347,0.3251,0.4839,0.0000,0,0,-0.4555,-1.8290,0.5789,2159566.5000
73.8798,1.0784,0.2600,0.4839,0.0000,0,0,-0.4699,-1.8203,0.5789,2159566.5000
73.8901,1.0310,0.4432,0.4839,0.0000,0,0,-0.4839,-1.8110,0.5789,2159566.5000
73.8997,1.0472,0.1348,0.4839,0.0000,0,0,-0.4981,-1.8005,0.5789,2159566.5000
73.9107,0.9240,0.2175,0.4839,0.0000,0,0,-0.5108,-1.7902,0.5789,2159566.5000
73.9198,1.0074,0.6410,0.4839,0.0000,0,0,-0.5246,-1.7779,0.5789,2159566.5000
73.9298,1.1902,0.3201,0.4839,0.0000,0,0,-0.5408,-1.7621,0.5789,2159566.5000
73.9401,1.1111,0.2635,0.4839,0.0000,0,0,-0.5558,-1.7460,0.5789,2159566.5000
73.9498,0.9232,0.8148,0.4839,0.0000,0,0,-0.5682,-1.7315,0.5789,2159566.5000
73.9601,0.9392,0.4389,0.4839,0.0000,0,0,-0.5806,-1.7155,0.5789,2159566.5000
73.9698,1.0031,-0.0991,0.4839,0.0000,0,0,-0.5935,-1.6975,0.5789,2159566.5000
73.9797,0.7738,0.1533,0.4839,0.0000,0,0,-0.6036,-1.6820,0.5789,2159566.5000
73.9901,0.2825,0.1618,0.4839,0.0000,0,0,-0.6085,-1.6737,0.5789,2159566.5000
73.9998,0.1272,-0.2534,0.4839,0.0000,0,0,-0.6120,-1.6673,0.5789,2159566.5000
74.0102,0.0971,0.1405,0.4839,0.0000,0,0,-0.6154,-1.6602,0.5789,2159566.5000
74.0198,-0.1440,0.4971,0.4839,0.0000,0,0,-0.6169,-1.6569,0.5789,2159566.5000
74.0298,0.1549,0.2256,0.4839,0.0000,0,0,-0.6210,-1.6466,0.5789,2159566.5000
74.0401,0.5009,0.2966,0.4839,0.0000,0,0,-0.6275,-1.6280,0.5789,2159566.5000
74.0498,0.0591,0.5553,0.4839,0.0000,0,0,-0.6307,-1.6178,0.5789,2159566.5000
74.0605,0.1848,0.2214,0.4839,0.0000,0,0,-0.6346,-1.6037,0.5789,2159566.5000
74.0698,0.1263,-0.0013,0.4839,0.0000,0,0,-0.6378,-1.5900,0.5789,2159566.5000
74.0797,-0.4208,0.3073,0.4839,0.0000,0,0,-0.6383,-1.5874,0.5789,2159566.5000
74.0901,-0.3149,0.2251,0.4839,0.0000,0,0,-0.6393,-1.5812,0.5789,2159566.5000
74.0998,-0.1582,-0.0259,0.4839,0.0000,0,0,-0.6408,-1.5704,0.5789,2159566.5000
74.1106,-0.2413,0.1447,0.4839,0.0000,0,0,-0.6417,-1.5605,0.5789,2159566.5000
74.1198,-0.3577,0.0183,0.4839,0.0000,0,0,-0.6423,-1.5524,0.5789,2159566.5000
74.1298,-0.5736,-0.2003,0.4839,0.0000,0,0,-0.6424,-1.5486,0.5789,2159566.5000
74.1401,-0.7767,-0.1890,0.4839,0.0000,0,0,-0.6424,-1.5485,0.5789,2159566.5000
74.1498,-0.9227,-0.1359,0.4839,0.0000,0,0,-0.6425,-1.5509,0.5789,2159566.5000
74.1601,-1.1572,0.2075,0.4839,0.0000,0,0,-0.6429,-1.5579,0.5789,2159566.5000
74.1698,-1.1521,0.4434,0.4839,0.0000,0,0,-0.6433,-1.5635,0.5789,2159566.5000
74.1797,-1.0996,0.0638,0.4839,0.0000,0,0,-0.6437,-1.5665,0.5789,2159566.5000
74.1902,-1.2471,0.2194,0.4839,0.0000,0,0,-0.6444,-1.5719,0.5789,2159566.5000
74.1998,-1.0726,0.3024,0.4839,0.0000,0,0,-0.6444,-1.5717,0.5789,2159566.5000
74.2101,-1.0658,-0.1754,0.4839,0.0000,0,0,-0.6441,-1.5701,0.5789,2159566.5000
74.2197,-1.3867,-0.0992,0.4839,0.0000,0,0,-0.6453,-1.5758,0.5789,2159566.5000
74.2298,-1.4970,0.3215,0.4839,0.0000,0,0,-0.6472,-1.5830,0.5789,2159566.5000
74.2400,-1.5371,-0.1253,0.4839,0.0000,0,0,-0.6491,-1.5899,0.5789,2159566.5000
74.2498,-1.4866,-0.3241,0.4839,0.0000,0,0,-0.6504,-1.5943,0.5789,2159566.5000
74.2606,-1.5313,0.0207,0.4839,0.0000,0,0,-0.6519,-1.5986,0.5789,2159566.5000
74.2698,-1.6960,-0.0917,0.4839,0.0000,0,0,-0.6546,-1.6060,0.5789,2159566.5000
74.2797,-1.6406,-0.2656,0.4839,0.0000,0,0,-0.6565,-1.6109,0.5789,2159566.5000
74.2901,-1.8154,-0.0432,0.4839,0.0000,0,0,-0.6598,-1.6188,0.5789,2159566.5000
74.2997,-2.1121,0.1095,0.4839,0.0000,0,0,-0.6662,-1.6329,0.5789,2159566.5000
74.3106,-1.9841,0.2120,0.4839,0.0000,0,0,-0.6707,-1.6424,0.5789,2159566.5000
74.3197,-1.7729,0.2582,0.4839,0.0000,0,0,-0.6724,-1.6457,0.5789,2159566.5000
74.3298,-2.0481,0.2982,0.4839,0.0000,0,0,-0.6772,-1.6546,0.5789,2159566.5000
74.3401,-1.8969,0.5934,0.4839,0.0000,0,0,-0.6796,-1.6587,0.5789,2159566.5000
74.3498,-1.7936,0.2642,0.4839,0.0000,0,0,-0.6802,-1.6597,0.5789,2159566.5000
74.3601,-1.9162,-0.1196,0.4839,0.0000,0,0,-0.6821,-1.6627,0.5789,2159566.5000
74.3698,-1.9744,0.0717,0.4839,0.0000,0,0,-0.6845,-1.6664,0.5789,2159566.5000
74.3797,-2.0139,0.0980,0.4839,0.0000,0,0,-0.6872,-1.6701,0.5789,2159566.5000
74.3902,-2.0620,-0.3288,0.4839,0.0000,0,0,-0.6902,-1.6742,0.5789,2159566.5000
74.3998,-2.0866,-0.1470,0.4839,0.0000,0,0,-0.6932,-1.6781,0.5789,2159566.5000
74.4101,-2.2675,0.0924,0.4839,0.0000,0,0,-0.6990,-1.6851,0.5789,2159566.5000
74.4198,-2.1540,-0.3985,0.4839,0.0000,0,0,-0.7023,-1.6891,0.5789,2159566.5000
74.4298,-1.9071,-0.3128,0.4839,0.0000,0,0,-0.7010,-1.6875,0.5789,2159566.5000
74.4401,-2.2863,0.2638,0.4839,0.0000,0,0,-0.7062,-1.6933,0.5789,2159566.5000
74.4499,-2.2039,0.1642,0.4839,0.0000,0,0,-0.7096,-1.6969,0.5789,2159566.5000
74.4605,-1.9534,0.1362,0.4839,0.0000,0,0,-0.7079,-1.6951,0.5789,2159566.5000
74.4698,-2.2187,0.4399,0.4839,0.0000,0,0,-0.7111,-1.6983,0.5789,2159566.5000
74.4797,-2.1080,0.2826,0.4839,0.0000,0,0,-0.7119,-1.6991,0.5789,2159566.5000
74.4901,-1.8956,0.1001,0.4839,0.0000,0,0,-0.7083,-1.6958,0.5789,2159566.5000
74.4997,-1.8894,-0.1998,0.4839,0.0000,0,0,-0.7046,-1.6924,0.5789,2159566.5000
74.5105,-1.7622,-0.4614,0.4839,0.0000,0,0,-0.6983,-1.6869,0.5789,2159566.5000
74.5198,-1.8547,-0.0690,0.4839,0.0000,0,0,-0.6941,-1.6832,0.5789,2159566.5000
74.5298,-1.9371,-0.1335,0.4839,0.0000,0,0,-0.6917,-1.6812,0.5789,2159566.5000
74.5400,-1.8049,-0.3874,0.4839,0.0000,0,0,-0.6865,-1.6771,0.5789,2159566.5000
74.5498,-1.9094,0.1194,0.4839,0.0000,0,0,-0.6838,-1.6750,0.5789,2159566.5000
74.5600,-2.3628,0.1683,0.4839,0.0000,0,0,-0.6912,-1.6805,0.5789,2159566.5000
74.5698,-2.3362,-0.0336,0.4839,0.0000,0,0,-0.6980,-1.6853,0.5789,2159566.5000
74.5797,-2.4707,0.1508,0.4839,0.0000,0,0,-0.7078,-1.6920,0.5789,2159566.5000
74.5902,-2.7460,0.1614,0.4839,0.0000,0,0,-0.7239,-1.7027,0.5789,2159566.5000
74.5998,-2.5105,0.4546,0.4839,0.0000,0,0,-0.7342,-1.7094,0.5789,2159566.5000
74.6100,-2.1282,0.4591,0.4839,0.0000,0,0,-0.7355,-1.7102,0.5789,2159566.5000
74.6198,-2.0135,-0.1771,0.4839,0.0000,0,0,-0.7344,-1.7095,0.5789,2159566.5000
74.6298,-2.0510,-0.0934,0.4839,0.0000,0,0,-0.7346,-1.7096,0.5789,2159566.5000
74.6401,-2.3257,0.0560,0.4839,0.0000,0,0,-0.7417,-1.7137,0.5789,2159566.5000
74.6498,-2.3529,-0.4270,0.4839,0.0000,0,0,-0.7496,-1.7182,0.5789,2159566.5000
74.6605,-2.2710,-0.2304,0.4839,0.0000,0,0,-0.7558,-1.7215,0.5789,2159566.5000
74.6698,-2.3603,0.0885,0.4839,0.0000,0,0,-0.7643,-1.7261,0.5789,2159566.5000
74.6797,-2.1232,-0.0745,0.4839,0.0000,0,0,-0.7674,-1.7277,0.5789,2159566.5000
74.6901,-1.5258,-0.0604,0.4839,0.0000,0,0,-0.7568,-1.7223,0.5789,2159566.5000
74.6997,-1.4898,-0.1105,0.4839,0.0000,0,0,-0.7463,-1.7172,0.5789,2159566.5000
74.7106,-1.6920,-0.0376,0.4839,0.0000,0,0,-0.7418,-1.7150,0.5789,2159566.5000
74.7197,-1.6246,0.2647,0.4839,0.0000,0,0,-0.7366,-1.7125,0.5789,2159566.5000
74.7298,-1.7026,0.2754,0.4839,0.0000,0,0,-0.7341,-1.7114,0.5789,2159566.5000
74.7401,-1.8017,0.1710,0.4839,0.0000,0,0,-0.7349,-1.7118,0.5789,2159566.5000
74.7498,-1.5500,0.3026,0.4839,0.0000,0,0,-0.7305,-1.7099,0.5789,2159566.5000
74.7601,-1.4973,-0.0295,0.4839,0.0000,0,0,-0.7260,-1.7080,0.5789,2159566.5000
74.7698,-1.3959,-0.3185,0.4839,0.0000,0,0,-0.7202,-1.7057,0.5789,2159566.5000
74.7798,-1.5332,-0.0483,0.4839,0.0000,0,0,-0.7186,-1.7051,0.5789,2159566.5000
74.7902,-1.7732,0.1111,0.4839,0.0000,0,0,-0.7233,-1.7068,0.5789,2159566.5000
74.7997,-1.5772,-0.2642,0.4839,0.0000,0,0,-0.7243,-1.7072,0.5789,2159566.5000
74.8101,-1.4388,0.0347,0.4839,0.0000,0,0,-0.7232,-1.7068,0.5789,2159566.5000
74.8197,-1.6610,0.4995,0.4839,0.0000,0,0,-0.7278,-1.7083,0.5789,2159566.5000
74.8298,-1.3246,0.3486,0.4839,0.0000,0,0,-0.7259,-1.7077,0.5789,2159566.5000
74.8401,-1.2375,0.2871,0.4839,0.0000,0,0,-0.7234,-1.7070,0.5789,2159566.5000
74.8499,-1.4943,0.4634,0.4839,0.0000,0,0,-0.7272,-1.7080,0.5789,2159566.5000
74.8606,-1.4761,0.1913,0.4839,0.0000,0,0,-0.7315,-1.7090,0.5789,2159566.5000
74.8697,-1.3634,0.0996,0.4839,0.0000,0,0,-0.7342,-1.7096,0.5789,2159566.5000
74.8797,-1.3558,-0.0517,0.4839,0.0000,0,0,-0.7377,-1.7103,0.5789,2159566.5000
74.8900,-1.2950,-0.1746,0.4839,0.0000,0,0,-0.7409,-1.7108,0.5789,2159566.5000
74.8998,-1.3865,0.1050,0.4839,0.0000,0,0,-0.7468,-1.7117,0.5789,2159566.5000
74.9106,-1.4828,-0.0819,0.4839,0.0000,0,0,-0.7554,-1.7127,0.5789,2159566.5000
74.9198,-1.3939,-0.3169,0.4839,0.0000,0,0,-0.7628,-1.7134,0.5789,2159566.5000
74.9298,-1.6537,0.2240,0.4839,0.0000,0,0,-0.7761,-1.7142,0.5789,2159566.5000
74.9401,-1.9279,0.1791,0.4839,0.0000,0,0,-0.7951,-1.7148,0.5789,2159566.5000
74.9498,-1.6592,-0.0344,0.4839,0.0000,0,0,-0.8092,-1.7149,0.5789,2159566.5000
74.9600,-1.8888,0.3485,0.4839,0.0000,0,0,-0.8281,-1.7143,0.5789,2159566.5000
74.9698,-1.8885,0.4977,0.4839,0.0000,0,0,-0.8471,-1.7131,0.5789,2159566.5000
74.9797,-1.5582,0.2148,0.4839,0.0000,0,0,-0.8603,-1.7119,0.5789,2159566.5000
74.9902,-1.5375,0.1010,0.4839,0.0000,0,0,-0.8737,-1.7101,0.5789,2159566.5000
74.9997,-1.7460,-0.1082,0.4839,0.0000,0,0,-0.8910,-1.7073,0.5789,2159566.5000
75.0102,-1.7606,-0.0414,0.4839,0.0000,0,0,-0.9088,-1.7037,0.5789,2159566.5000
75.0198,-2.0245,0.1370,0.4839,0.0000,0,0,-0.9312,-1.6984,0.5789,2159566.5000
75.0298,-1.9405,-0.3624,0.4839,0.0000,0,0,-0.9522,-1.6927,0.5789,2159566.5000
75.0400,-1.9382,-0.3623,0.4839,0.0000,0,0,-0.9731,-1.6861,0.5789,2159566.5000
75.0498,-2.1783,0.1132,0.4839,0.0000,0,0,-0.9977,-1.6774,0.5789,2159566.5000
75.0607,-1.8911,-0.0458,0.4839,0.0000,0,0,-1.0176,-1.6695,0.5789,2159566.5000
75.0698,-1.5729,0.2095,0.4839,0.0000,0,0,-1.0325,-1.6629,0.5789,2159566.5000
75.0798,-1.7908,0.7260,0.4839,0.0000,0,0,-1.0507,-1.6540,0.5789,2159566.5000
75.0901,-1.0953,0.3333,0.4839,0.0000,0,0,-1.0590,-1.6496,0.5789,2159566.5000
75.0997,-0.7330,-0.0026,0.4839,0.0000,0,0,-1.0625,-1.6475,0.5789,2159566.5000
75.1106,-0.9633,0.2654,0.4839,0.0000,0,0,-1.0698,-1.6428,0.5789,2159566.5000
75.1198,-0.8883,0.0834,0.4839,0.0000,0,0,-1.0764,-1.6382,0.5789,2159566.5000
75.1298,-0.8387,-0.0135,0.4839,0.0000,0,0,-1.0828,-1.6333,0.5789,2159566.5000
75.1401,-0.8662,0.0822,0.4839,0.0000,0,0,-1.0899,-1.6274,0.5789,2159624.5000
75.1498,-0.6511,-0.0633,0.4839,0.0000,0,0,-1.0947,-1.6231,0.5789,2159624.5000
75.1600,-0.5521,0.1014,0.4839,0.0000,0,0,-1.0988,-1.6191,0.5789,2159624.5000
75.1698,-0.5248,0.0639,0.4839,0.0000,0,0,-1.1029,-1.6148,0.5789,2159624.5000
75.1797,-0.3237,-0.2112,0.4839,0.0000,0,0,-1.1052,-1.6121,0.5789,2159624.5000
75.1902,-0.5948,0.3290,0.4839,0.0000,0,0,-1.1106,-1.6052,0.5789,2159624.5000
75.1998,-0.5517,0.4899,0.4839,0.0000,0,0,-1.1157,-1.5983,0.5789,2159624.5000
75.2101,-0.0765,-0.0759,0.4839,0.0000,0,0,-1.1169,-1.5966,0.5789,2159624.5000
75.2198,-0.2157,0.3518,0.4839,0.0000,0,0,-1.1194,-1.5924,0.5789,2159624.5000
75.2297,-0.1597,0.7569,0.4839,0.0000,0,0,-1.1218,-1.5881,0.5789,2159624.5000
75.2400,0.3144,0.1893,0.4839,0.0000,0,0,-1.1210,-1.5897,0.5789,2159624.5000
75.2498,0.4508,0.0466,0.4839,0.0000,0,0,-1.1197,-1.5925,0.5789,2159624.5000
75.2605,0.4313,0.1274,0.4839,0.0000,0,0,-1.1191,-1.5941,0.5789,2159624.5000
75.2698,0.5690,0.0582,0.4839,0.0000,0,0,-1.1180,-1.5971,0.5789,2159624.5000
75.2797,0.4500,0.1341,0.4839,0.0000,0,0,-1.1179,-1.5975,0.5789,2159624.5000
75.2901,0.4895,-0.1178,0.4839,0.0000,0,0,-1.1179,-1.5975,0.5789,2159624.5000
75.2998,0.5100,-0.0520,0.4839,0.0000,0,0,-1.1180,-1.5972,0.5789,2159624.5000
75.3106,0.5211,0.4348,0.4839,0.0000,0,0,-1.1182,-1.5962,0.5789,2159624.5000
75.3198,0.7653,0.1698,0.4839,0.0000,0,0,-1.1178,-1.5984,0.5789,2159624.5000
75.3298,0.9335,-0.0038,0.4839,0.0000,0,0,-1.1174,-1.6026,0.5789,2159624.5000
75.3400,0.6100,0.4473,0.4839,0.0000,0,0,-1.1175,-1.6005,0.5789,2159624.5000
75.3498,0.8953,0.2945,0.4839,0.0000,0,0,-1.1175,-1.6025,0.5789,2159624.5000
75.3601,1.1605,-0.1273,0.4839,0.0000,0,0,-1.1175,-1.6082,0.5789,2159624.5000
75.3698,1.0802,0.3673,0.4839,0.0000,0,0,-1.1177,-1.6117,0.5789,2159624.5000
75.3797,1.2032,0.5344,0.4839,0.0000,0,0,-1.1180,-1.6165,0.5789,2159624.5000
75.3902,1.4095,-0.1011,0.4839,0.0000,0,0,-1.1189,-1.6241,0.5789,2159624.5000
75.3998,1.2807,-0.0095,0.4839,0.0000,0,0,-1.1196,-1.6286,0.5789,2159624.5000
75.4101,1.1636,0.1372,0.4839,0.0000,0,0,-1.1199,-1.6303,0.5789,2159624.5000
75.4198,1.2595,-0.2301,0.4839,0.0000,0,0,-1.1205,-1.6331,0.5789,2159624.5000
75.4297,1.4251,-0.1238,0.4839,0.0000,0,0,-1.1217,-1.6380,0.5789,2159624.5000
75.4400,1.3901,0.1689,0.4839,0.0000,0,0,-1.1228,-1.6416,0.5789,2159624.5000
75.4498,1.2986,0.1297,0.4839,0.0000,0,0,-1.1232,-1.6431,0.5789,2159624.5000
75.4606,1.4350,0.2261,0.4839,0.0000,0,0,-1.1243,-1.6462,0.5789,2159624.5000
75.4698,1.4087,0.2957,0.4839,0.0000,0,0,-1.1252,-1.6483,0.5789,2159624.5000
75.4797,1.2517,0.3460,0.4839,0.0000,0,0,-1.1248,-1.6473,0.5789,2159624.5000
75.4901,1.5352,0.5906,0.4839,0.0000,0,0,-1.1263,-1.6506,0.5789,2159624.5000
75.4998,1.6270,0.4148,0.4839,0.0000,0,0,-1.1284,-1.6549,0.5789,2159624.5000
75.5105,1.6634,0.2618,0.4839,0.0000,0,0,-1.1307,-1.6593,0.5789,2159624.5000
75.5198,1.6746,0.5581,0.4839,0.0000,0,0,-1.1331,-1.6633,0.5789,2159624.5000
75.5298,1.5479,0.3678,0.4839,0.0000,0,0,-1.1341,-1.6650,0.5789,2159624.5000
75.5401,1.5156,-0.0060,0.4839,0.0000,0,0,-1.1346,-1.6657,0.5789,2159624.5000
75.5498,1.3116,0.1927,0.4839,0.0000,0,0,-1.1327,-1.6631,0.5789,2159624.5000
75.5601,1.1869,0.1740,0.4839,0.0000,0,0,-1.1293,-1.6585,0.5789,2159624.5000
75.5698,1.4990,-0.1941,0.4839,0.0000,0,0,-1.1293,-1.6585,0.5789,2159624.5000
75.5797,1.5507,0.1697,0.4839,0.0000,0,0,-1.1298,-1.6591,0.5789,2159624.5000
75.5902,1.1519,0.7126,0.4839,0.0000,0,0,-1.1252,-1.6540,0.5789,2159624.5000
75.5998,1.3770,0.5647,0.4839,0.0000,0,0,-1.1235,-1.6521,0.5789,2159624.5000
75.6101,1.5431,0.5401,0.4839,0.0000,0,0,-1.1238,-1.6524,0.5789,2159624.5000
75.6198,1.3306,0.7658,0.4839,0.0000,0,0,-1.1212,-1.6500,0.5789,2159624.5000
75.6298,1.5167,0.6767,0.4839,0.0000,0,0,-1.1212,-1.6499,0.5789,2159624.5000
75.6400,1.6035,0.5005,0.4839,0.0000,0,0,-1.1224,-1.6510,0.5789,2159624.5000
75.6498,1.4188,0.0413,0.4839,0.0000,0,0,-1.1210,-1.6498,0.5789,2159624.5000
75.6606,1.2710,-0.1604,0.4839,0.0000,0,0,-1.1174,-1.6473,0.5789,2159624.5000
75.6698,1.1182,0.2929,0.4839,0.0000,0,0,-1.1116,-1.6433,0.5789,2159624.5000
75.6797,1.2253,0.1258,0.4839,0.0000,0,0,-1.1077,-1.6408,0.5789,2159624.5000
75.6901,1.5064,0.1385,0.4839,0.0000,0,0,-1.1083,-1.6412,0.5789,2159624.5000
75.6997,1.2468,0.7458,0.4839,0.0000,0,0,-1.1050,-1.6394,0.5789,2159624.5000
75.7106,1.1145,0.4469,0.4839,0.0000,0,0,-1.0998,-1.6368,0.5789,2159624.5000
75.7197,1.3716,0.0654,0.4839,0.0000,0,0,-1.0991,-1.6365,0.5789,2159624.5000
75.7298,1.0219,0.5213,0.4839,0.0000,0,0,-1.0929,-1.6339,0.5789,2159624.5000
75.7401,1.0869,0.5513,0.4839,0.0000,0,0,-1.0882,-1.6321,0.5789,2159624.5000
75.7498,1.6185,0.3233,0.4839,0.0000,0,0,-1.0929,-1.6337,0.5789,2159624.5000
75.7600,2.0634,0.7050,0.4839,0.0000,0,0,-1.1055,-1.6373,0.5789,2159624.5000
75.7698,2.6394,0.5679,0.4839,0.0000,0,0,-1.1280,-1.6430,0.5789,2159624.5000
75.7797,2.8669,0.0282,0.4839,0.0000,0,0,-1.1545,-1.6486,0.5789,2159624.5000
75.7902,2.2806,-0.0057,0.4839,0.0000,0,0,-1.1709,-1.6513,0.5789,2159624.5000
75.7997,1.5795,-0.0911,0.4839,0.0000,0,0,-1.1753,-1.6518,0.5789,2159624.5000
75.8100,1.1069,-0.1729,0.4839,0.0000,0,0,-1.1721,-1.6516,0.5789,2159624.5000
75.8197,1.2267,0.1274,0.4839,0.0000,0,0,-1.1714,-1.6516,0.5789,2159624.5000
75.8298,1.2289,0.1140,0.4839,0.0000,0,0,-1.1714,-1.6516,0.5789,2159624.5000
75.8401,1.1273,0.3638,0.4839,0.0000,0,0,-1.1704,-1.6516,0.5789,2159624.5000
75.8499,1.1597,0.6766,0.4839,0.0000,0,0,-1.1704,-1.6516,0.5789,2159624.5000
75.8606,1.3079,0.2196,0.4839,0.0000,0,0,-1.1737,-1.6511,0.5789,2159624.5000
75.8698,1.0816,-0.0203,0.4839,0.0000,0,0,-1.1737,-1.6512,0.5789,2159624.5000
75.8797,1.0933,0.2747,0.4839,0.0000,0,0,-1.1745,-1.6510,0.5789,2159624.5000
75.8901,1.0812,-0.0538,0.4839,0.0000,0,0,-1.1759,-1.6506,0.5789,2159624.5000
75.8997,1.2175,-0.2202,0.4839,0.0000,0,0,-1.1801,-1.6492,0.5789,2159624.5000
75.9106,1.0798,0.0326,0.4839,0.0000,0,0,-1.1828,-1.6482,0.5789,2159624.5000
75.9198,0.9663,-0.1015,0.4839,0.0000,0,0,-1.1841,-1.6476,0.5789,2159624.5000
75.9298,1.0528,-0.3914,0.4839,0.0000,0,0,-1.1875,-1.6459,0.5789,2159624.5000
75.9401,0.9352,-0.0023,0.4839,0.0000,0,0,-1.1898,-1.6446,0.5789,2159624.5000
75.9498,0.7040,0.3284,0.4839,0.0000,0,0,-1.1892,-1.6450,0.5789,2159624.5000
75.9601,0.9035,0.0854,0.4839,0.0000,0,0,-1.1923,-1.6428,0.5789,2159624.5000
75.9698,1.1085,0.1760,0.4839,0.0000,0,0,-1.1989,-1.6378,0.5789,2159624.5000
75.9798,1.0097,0.5568,0.4839,0.0000,0,0,-1.2045,-1.6331,0.5789,2159624.5000
75.9902,1.3338,0.1369,0.4839,0.0000,0,0,-1.2150,-1.6235,0.5789,2159624.5000
75.9997,1.4780,-0.0960,0.4839,0.0000,0,0,-1.2273,-1.6110,0.5789,2159624.5000
76.0102,1.1114,0.1183,0.4839,0.0000,0,0,-1.2351,-1.6024,0.5789,2159624.5000
76.0198,1.0383,-0.1415,0.4839,0.0000,0,0,-1.2421,-1.5940,0.5789,2159624.5000
76.0298,1.0726,-0.3435,0.4839,0.0000,0,0,-1.2497,-1.5840,0.5789,2159624.5000
76.0401,1.0922,-0.0077,0.4839,0.0000,0,0,-1.2577,-1.5725,0.5789,2159624.5000
76.0498,1.0253,-0.1048,0.4839,0.0000,0,0,-1.2649,-1.5611,0.5789,2159624.5000
76.0605,1.1150,-0.0887,0.4839,0.0000,0,0,-1.2730,-1.5468,0.5789,2159624.5000
76.0698,1.2400,0.1023,0.4839,0.0000,0,0,-1.2822,-1.5294,0.5789,2159624.5000
76.0798,1.0164,0.2164,0.4839,0.0000,0,0,-1.2890,-1.5149,0.5789,2159624.5000
76.0901,0.9691,0.3244,0.4839,0.0000,0,0,-1.2953,-1.5000,0.5789,2159624.5000
76.0997,1.1930,0.3225,0.4839,0.0000,0,0,-1.3031,-1.4797,0.5789,2159624.5000
76.1107,1.0098,0.0873,0.4839,0.0000,0,0,-1.3092,-1.4617,0.5789,2159624.5000
76.1197,1.1299,0.1490,0.4839,0.0000,0,0,-1.3156,-1.4403,0.5789,2159624.5000
76.1298,1.0939,0.0458,0.4839,0.0000,0,0,-1.3213,-1.4186,0.5789,2159624.5000
76.1400,0.9798,-0.1229,0.4839,0.0000,0,0,-1.3259,-1.3980,0.5789,2159624.5000
76.1498,0.9984,-0.0891,0.4839,0.0000,0,0,-1.3300,-1.3762,0.5789,2159624.5000
76.1601,0.7710,0.2569,0.4839,0.0000,0,0,-1.3327,-1.3583,0.5789,2159624.5000
76.1698,0.8017,0.2183,0.4839,0.0000,0,0,-1.3351,-1.3388,0.5789,2159624.5000
76.1797,0.8956,0.0222,0.4839,0.0000,0,0,-1.3371,-1.3161,0.5789,2159624.5000
76.1902,0.6425,0.3352,0.4839,0.0000,0,0,-1.3381,-1.2982,0.5789,2159624.5000
76.1998,0.7541,0.4549,0.4839,0.0000,0,0,-1.3387,-1.2769,0.5789,2159624.5000
76.2100,0.5086,-0.0545,0.4839,0.0000,0,0,-1.3385,-1.2604,0.5789,2159624.5000
76.2197,0.1417,0.2216,0.4839,0.0000,0,0,-1.3383,-1.2521,0.5789,2159624.5000
76.2298,0.2712,0.4224,0.4839,0.0000,0,0,-1.3375,-1.2395,0.5789,2159624.5000
76.2401,0.3006,-0.2050,0.4839,0.0000,0,0,-1.3361,-1.2249,0.5789,2159624.5000
76.2498,0.4296,-0.0077,0.4839,0.0000,0,0,-1.3339,-1.2062,0.5789,2159624.5000
76.2606,0.1631,0.2153,0.4839,0.0000,0,0,-1.3319,-1.1933,0.5789,2159624.5000
76.2698,0.0074,-0.1746,0.4839,0.0000,0,0,-1.3302,-1.1835,0.5789,2159624.5000
76.2798,0.0285,-0.0816,0.4839,0.0000,0,0,-1.3279,-1.1722,0.5789,2159624.5000
76.2901,-0.5191,0.2501,0.4839,0.0000,0,0,-1.3282,-1.1736,0.5789,2159624.5000
76.2998,-0.5347,0.2682,0.4839,0.0000,0,0,-1.3284,-1.1742,0.5789,2159624.5000
76.3106,-0.2851,0.1973,0.4839,0.0000,0,0,-1.3263,-1.1670,0.5789,2159624.5000
76.3198,-0.4459,0.3439,0.4839,0.0000,0,0,-1.3250,-1.1629,0.5789,2159624.5000
76.3298,-0.5793,0.2952,0.4839,0.0000,0,0,-1.3243,-1.1610,0.5789,2159624.5000
76.3401,-0.4988,0.2207,0.4839,0.0000,0,0,-1.3224,-1.1559,0.5789,2159624.5000
76.3498,-0.7435,0.0465,0.4839,0.0000,0,0,-1.3224,-1.1558,0.5789,2159624.5000
76.3600,-0.8136,-0.3801,0.4839,0.0000,0,0,-1.3225,-1.1562,0.5789,2159624.5000
76.3698,-1.0188,-0.1652,0.4839,0.0000,0,0,-1.3245,-1.1605,0.5789,2159624.5000
76.3798,-1.3000,0.1873,0.4839,0.0000,0,0,-1.3293,-1.1702,0.5789,2159624.5000
76.3902,-1.0243,-0.2140,0.4839,0.0000,0,0,-1.3300,-1.1716,0.5789,2159624.5000
76.3997,-1.1007,0.0456,0.4839,0.0000,0,0,-1.3312,-1.1738,0.5789,2159624.5000
76.4101,-1.5047,0.5730,0.4839,0.0000,0,0,-1.3372,-1.1840,0.5789,2159624.5000
76.4197,-1.2685,0.1856,0.4839,0.0000,0,0,-1.3392,-1.1874,0.5789,2159624.5000
76.4298,-1.3153,0.1061,0.4839,0.0000,0,0,-1.3413,-1.1906,0.5789,2159624.5000
76.4401,-1.5607,0.3177,0.4839,0.0000,0,0,-1.3464,-1.1981,0.5789,2159624.5000
76.4498,-1.3783,-0.1220,0.4839,0.0000,0,0,-1.3480,-1.2003,0.5789,2159624.5000
76.4606,-1.2977,-0.2520,0.4839,0.0000,0,0,-1.3476,-1.1997,0.5789,2159730.7500
76.4698,-1.7106,-0.0298,0.4839,0.0000,0,0,-1.3533,-1.2070,0.5789,2159730.7500
76.4797,-1.8394,-0.1327,0.4839,0.0000,0,0,-1.3605,-1.2157,0.5789,2159730.7500
76.4901,-1.9905,-0.0672,0.4839,0.0000,0,0,-1.3696,-1.2262,0.5789,2159730.7500
76.4997,-1.8650,-0.1606,0.4839,0.0000,0,0,-1.3756,-1.2330,0.5789,2159730.7500
76.5106,-1.8945,-0.2244,0.4839,0.0000,0,0,-1.3814,-1.2393,0.5789,2159730.7500
76.5198,-2.0275,0.0935,0.4839,0.0000,0,0,-1.3888,-1.2472,0.5789,2159730.7500
76.5298,-1.8278,0.2438,0.4839,0.0000,0,0,-1.3917,-1.2501,0.5789,2159730.7500
76.5401,-1.8349,0.0574,0.4839,0.0000,0,0,-1.3939,-1.2523,0.5789,2159730.7500
76.5498,-2.0565,0.3731,0.4839,0.0000,0,0,-1.3998,-1.2580,0.5789,2159730.7500
76.5601,-1.8248,0.3037,0.4839,0.0000,0,0,-1.4004,-1.2585,0.5789,2159730.7500
76.5698,-1.8553,-0.4859,0.4839,0.0000,0,0,-1.4009,-1.2590,0.5789,2159730.7500
76.5798,-2.0235,-0.3299,0.4839,0.0000,0,0,-1.4043,-1.2620,0.5789,2159730.7500
76.5902,-2.3580,-0.0349,0.4839,0.0000,0,0,-1.4139,-1.2700,0.5789,2159730.7500
76.5998,-2.3382,-0.4286,0.4839,0.0000,0,0,-1.4223,-1.2769,0.5789,2159730.7500
76.6101,-2.0564,-0.4592,0.4839,0.0000,0,0,-1.4241,-1.2783,0.5789,2159730.7500
76.6198,-2.1863,-0.1231,0.4839,0.0000,0,0,-1.4281,-1.2814,0.5789,2159730.7500
76.6298,-2.3895,0.0219,0.4839,0.0000,0,0,-1.4362,-1.2872,0.5789,2159730.7500
76.6400,-2.1618,0.2445,0.4839,0.0000,0,0,-1.4384,-1.2888,0.5789,2159730.7500
76.6498,-2.1943,0.1005,0.4839,0.0000,0,0,-1.4410,-1.2905,0.5789,2159730.7500
76.6605,-2.2021,-0.1267,0.4839,0.0000,0,0,-1.4433,-1.2920,0.5789,2159730.7500
76.6698,-2.0835,-0.0820,0.4839,0.0000,0,0,-1.4424,-1.2914,0.5789,2159730.7500
76.6798,-2.1694,-0.4275,0.4839,0.0000,0,0,-1.4433,-1.2920,0.5789,2159730.7500
76.6898,-2.1761,-0.5838,0.4839,0.0000,0,0,-1.4440,-1.2925,0.5789,2159730.7500
76.7001,-2.2829,-0.1153,0.4839,0.0000,0,0,-1.4471,-1.2942,0.5789,2159730.7500
76.7106,-2.4137,-0.1851,0.4839,0.0000,0,0,-1.4530,-1.2976,0.5789,2159730.7500
76.7198,-2.2442,-0.4027,0.4839,0.0000,0,0,-1.4544,-1.2984,0.5789,2159730.7500
76.7298,-2.3711,-0.0003,0.4839,0.0000,0,0,-1.4588,-1.3008,0.5789,2159730.7500
76.7397,-2.2721,-0.0310,0.4839,0.0000,0,0,-1.4606,-1.3017,0.5789,2159730.7500
76.7501,-2.0187,-0.4978,0.4839,0.0000,0,0,-1.4563,-1.2995,0.5789,2159730.7500
76.7601,-2.1257,0.1082,0.4839,0.0000,0,0,-1.4547,-1.2987,0.5789,2159730.7500
76.7698,-2.0425,0.3372,0.4839,0.0000,0,0,-1.4514,-1.2971,0.5789,2159730.7500
76.7798,-1.6914,-0.0748,0.4839,0.0000,0,0,-1.4400,-1.2917,0.5789,2159730.7500
76.7898,-1.8622,0.2160,0.4839,0.0000,0,0,-1.4334,-1.2886,0.5789,2159730.7500
76.8001,-2.0119,0.3908,0.4839,0.0000,0,0,-1.4307,-1.2874,0.5789,2159730.7500
76.8101,-1.8147,-0.1705,0.4839,0.0000,0,0,-1.4239,-1.2844,0.5789,2159730.7500
76.8197,-1.8733,-0.0948,0.4839,0.0000,0,0,-1.4190,-1.2823,0.5789,2159730.7500
76.8298,-1.8696,0.0931,0.4839,0.0000,0,0,-1.4145,-1.2805,0.5789,2159730.7500
76.8398,-1.7593,-0.1973,0.4839,0.0000,0,0,-1.4082,-1.2780,0.5789,2159730.7500
76.8508,-1.8101,-0.1212,0.4839,0.0000,0,0,-1.4037,-1.2762,0.5789,2159730.7500
76.8605,-1.9607,-0.1247,0.4839,0.0000,0,0,-1.4031,-1.2760,0.5789,2159730.7500
76.8698,-2.4007,-0.1162,0.4839,0.0000,0,0,-1.4125,-1.2794,0.5789,2159730.7500
76.8798,-2.4683,0.2344,0.4839,0.0000,0,0,-1.4234,-1.2831,0.5789,2159730.7500
76.8898,-2.5058,0.0000,0.4839,0.0000,0,0,-1.4353,-1.2868,0.5789,2159730.7500
76.9001,-2.6414,0.2146,0.4839,0.0000,0,0,-1.4502,-1.2912,0.5789,2159730.7500
76.9106,-2.4773,0.6171,0.4839,0.0000,0,0,-1.4617,-1.2944,0.5789,2159730.7500
76.9198,-2.2291,0.0468,0.4839,0.0000,0,0,-1.4680,-1.2960,0.5789,2159730.7500
76.9298,-2.2150,-0.0404,0.4839,0.0000,0,0,-1.4745,-1.2975,0.5789,2159730.7500
76.9398,-2.1192,0.2669,0.4839,0.0000,0,0,-1.4793,-1.2985,0.5789,2159730.7500
76.9501,-2.0432,-0.1663,0.4839,0.0000,0,0,-1.4832,-1.2992,0.5789,2159730.7500
76.9601,-1.9495,-0.2910,0.4839,0.0000,0,0,-1.4858,-1.2996,0.5789,2159730.7500
76.9699,-1.8386,-0.0626,0.4839,0.0000,0,0,-1.4867,-1.2998,0.5789,2159730.7500
76.9798,-1.8476,-0.0642,0.4839,0.0000,0,0,-1.4885,-1.3000,0.5789,2159730.7500
76.9898,-1.6120,0.1201,0.4839,0.0000,0,0,-1.4863,-1.2998,0.5789,2159730.7500
77.0000,-1.5124,0.1843,0.4839,0.0000,0,0,-1.4832,-1.2996,0.5789,2159730.7500
77.0102,-1.7498,0.1886,0.4839,0.0000,0,0,-1.4856,-1.2997,0.5789,2159730.7500
77.0198,-1.9223,0.5536,0.4839,0.0000,0,0,-1.4919,-1.2996,0.5789,2159730.7500
77.0298,-1.7810,0.3345,0.4839,0.0000,0,0,-1.4961,-1.2995,0.5789,2159730.7500
77.0397,-1.6499,-0.0255,0.4839,0.0000,0,0,-1.4986,-1.2993,0.5789,2159730.7500
77.0507,-1.6848,0.2290,0.4839,0.0000,0,0,-1.5025,-1.2989,0.5789,2159730.7500
77.0605,-1.5922,0.0573,0.4839,0.0000,0,0,-1.5055,-1.2984,0.5789,2159730.7500
77.0698,-1.5948,-0.5165,0.4839,0.0000,0,0,-1.5091,-1.2978,0.5789,2159730.7500
77.0797,-1.7010,-0.2443,0.4839,0.0000,0,0,-1.5153,-1.2965,0.5789,2159730.7500
77.0898,-1.9215,-0.0502,0.4839,0.0000,0,0,-1.5258,-1.2939,0.5789,2159730.7500
77.1001,-1.7571,-0.1922,0.4839,0.0000,0,0,-1.5340,-1.2915,0.5789,2159730.7500
77.1106,-1.6421,0.1401,0.4839,0.0000,0,0,-1.5408,-1.2893,0.5789,2159730.7500
77.1197,-1.8547,0.3429,0.4839,0.0000,0,0,-1.5515,-1.2854,0.5789,2159730.7500
77.1298,-1.6251,0.1867,0.4839,0.0000,0,0,-1.5589,-1.2823,0.5789,2159730.7500
77.1398,-1.4252,0.2026,0.4839,0.0000,0,0,-1.5638,-1.2801,0.5789,2159730.7500
77.1501,-1.6753,0.1635,0.4839,0.0000,0,0,-1.5730,-1.2754,0.5789,2159730.7500
77.1601,-1.6850,0.1746,0.4839,0.0000,0,0,-1.5826,-1.2701,0.5789,2159730.7500
77.1698,-1.7526,0.1610,0.4839,0.0000,0,0,-1.5934,-1.2635,0.5789,2159730.7500
77.1797,-1.8257,-0.3298,0.4839,0.0000,0,0,-1.6054,-1.2557,0.5789,2159730.7500
77.1898,-1.7743,-0.3621,0.4839,0.0000,0,0,-1.6168,-1.2475,0.5789,2159730.7500
77.2000,-2.0574,0.0721,0.4839,0.0000,0,0,-1.6318,-1.2356,0.5789,2159730.7500
77.2101,-1.9626,-0.0960,0.4839,0.0000,0,0,-1.6455,-1.2239,0.5789,2159730.7500
77.2197,-1.8716,0.0018,0.4839,0.0000,0,0,-1.6580,-1.2124,0.5789,2159730.7500
77.2298,-2.0027,0.4774,0.4839,0.0000,0,0,-1.6718,-1.1986,0.5789,2159730.7500
77.2397,-1.9423,0.1436,0.4839,0.0000,0,0,-1.6846,-1.1846,0.5789,2159730.7500
77.2507,-1.6652,0.1196,0.4839,0.0000,0,0,-1.6944,-1.1729,0.5789,2159730.7500
77.2606,-1.9738,0.1594,0.4839,0.0000,0,0,-1.7070,-1.1565,0.5789,2159730.7500
77.2698,-1.8516,0.0202,0.4839,0.0000,0,0,-1.7182,-1.1409,0.5789,2159730.7500
77.2798,-1.7901,0.0422,0.4839,0.0000,0,0,-1.7284,-1.1252,0.5789,2159730.7500
77.2898,-1.7354,-0.0726,0.4839,0.0000,0,0,-1.7378,-1.1093,0.5789,2159730.7500
77.3001,-1.5550,-0.3341,0.4839,0.0000,0,0,-1.7455,-1.0949,0.5789,2159730.7500
77.3106,-1.5624,0.0049,0.4839,0.0000,0,0,-1.7529,-1.0795,0.5789,2159730.7500
77.3197,-1.6260,-0.1939,0.4839,0.0000,0,0,-1.7603,-1.0624,0.5789,2159730.7500
77.3298,-1.1307,-0.2767,0.4839,0.0000,0,0,-1.7644,-1.0517,0.5789,2159730.7500
77.3398,-1.0575,0.1708,0.4839,0.0000,0,0,-1.7680,-1.0413,0.5789,2159730.7500
77.3500,-0.8534,0.1619,0.4839,0.0000,0,0,-1.7705,-1.0329,0.5789,2159730.7500
77.3600,-0.6112,-0.1585,0.4839,0.0000,0,0,-1.7718,-1.0274,0.5789,2159730.7500
77.3698,-0.8332,0.2138,0.4839,0.0000,0,0,-1.7739,-1.0176,0.5789,2159730.7500
77.3798,-0.9755,0.2252,0.4839,0.0000,0,0,-1.7762,-1.0046,0.5789,2159730.7500
77.3898,-0.5437,0.1606,0.4839,0.0000,0,0,-1.7771,-0.9977,0.5789,2159730.7500
77.3998,-0.5467,0.2357,0.4839,0.0000,0,0,-1.7778,-0.9898,0.5789,2159730.7500
77.4103,-0.2880,0.0492,0.4839,0.0000,0,0,-1.7780,-0.9853,0.5789,2159730.7500
77.4198,-0.1197,0.0566,0.4839,0.0000,0,0,-1.7781,-0.9827,0.5789,2159730.7500
77.4298,-0.1576,-0.0386,0.4839,0.0000,0,0,-1.7780,-0.9785,0.5789,2159730.7500
77.4398,0.0124,-0.4104,0.4839,0.0000,0,0,-1.7779,-0.9762,0.5789,2159730.7500
77.4498,-0.1032,0.0647,0.4839,0.0000,0,0,-1.7774,-0.9711,0.5789,2159730.7500
77.4606,-0.2142,0.4054,0.4839,0.0000,0,0,-1.7764,-0.9630,0.5789,2159730.7500
77.4698,0.2553,-0.0999,0.4839,0.0000,0,0,-1.7763,-0.9623,0.5789,2159730.7500
77.4797,0.2985,0.3190,0.4839,0.0000,0,0,-1.7761,-0.9614,0.5789,2159730.7500
77.4898,0.1547,0.6382,0.4839,0.0000,0,0,-1.7751,-0.9570,0.5789,2159730.7500
77.5001,0.5494,0.1435,0.4839,0.0000,0,0,-1.7755,-0.9585,0.5789,2159730.7500
77.5106,0.5829,0.3180,0.4839,0.0000,0,0,-1.7759,-0.9597,0.5789,2159730.7500
77.5198,0.4569,0.7304,0.4839,0.0000,0,0,-1.7752,-0.9578,0.5789,2159730.7500
77.5298,0.9720,0.1669,0.4839,0.0000,0,0,-1.7775,-0.9639,0.5789,2159730.7500
77.5397,0.9835,0.1434,0.4839,0.0000,0,0,-1.7796,-0.9692,0.5789,2159730.7500
77.5501,0.8798,0.2956,0.4839,0.0000,0,0,-1.7806,-0.9716,0.5789,2159730.7500
77.5600,0.8783,0.0987,0.4839,0.0000,0,0,-1.7814,-0.9732,0.5789,2159730.7500
77.5698,0.9278,0.1966,0.4839,0.0000,0,0,-1.7822,-0.9748,0.5789,2159730.7500
77.5798,1.1927,0.1136,0.4839,0.0000,0,0,-1.7850,-0.9799,0.5789,2159730.7500
77.5898,1.1340,0.1174,0.4839,0.0000,0,0,-1.7869,-0.9831,0.5789,2159730.7500
77.6000,1.0002,0.6643,0.4839,0.0000,0,0,-1.7870,-0.9834,0.5789,2159730.7500
77.6100,1.3119,0.3039,0.4839,0.0000,0,0,-1.7900,-0.9878,0.5789,2159730.7500
77.6198,1.3100,0.2787,0.4839,0.0000,0,0,-1.7926,-0.9915,0.5789,2159946.0000
77.6298,1.0639,0.9226,0.4839,0.0000,0,0,-1.7921,-0.9907,0.5789,2159946.0000
77.6398,1.5205,0.5974,0.4839,0.0000,0,0,-1.7964,-0.9961,0.5789,2159946.0000
77.6507,1.7132,0.5273,0.4839,0.0000,0,0,-1.8026,-1.0034,0.5789,2159946.0000
77.6606,1.4841,0.9508,0.4839,0.0000,0,0,-1.8056,-1.0067,0.5789,2159946.0000
77.6697,1.6992,0.4200,0.4839,0.0000,0,0,-1.8110,-1.0123,0.5789,2159946.0000
77.6798,1.6623,0.0604,0.4839,0.0000,0,0,-1.8156,-1.0168,0.5789,2159946.0000
77.6898,1.4591,0.2996,0.4839,0.0000,0,0,-1.8169,-1.0180,0.5789,2159946.0000
77.7001,1.4426,0.2304,0.4839,0.0000,0,0,-1.8176,-1.0186,0.5789,2159946.0000
77.7106,1.5333,0.3358,0.4839,0.0000,0,0,-1.8192,-1.0199,0.5789,2159946.0000
77.7198,1.7294,0.3429,0.4839,0.0000,0,0,-1.8234,-1.0231,0.5789,2159946.0000
77.7298,1.7531,0.2425,0.4839,0.0000,0,0,-1.8275,-1.0260,0.5789,2159946.0000
77.7397,1.4519,0.7120,0.4839,0.0000,0,0,-1.8267,-1.0255,0.5789,2159946.0000
77.7501,1.5339,0.8406,0.4839,0.0000,0,0,-1.8268,-1.0256,0.5789,2159946.0000
77.7600,1.7316,0.5251,0.4839,0.0000,0,0,-1.8298,-1.0273,0.5789,2159946.0000
77.7698,1.4849,0.8203,0.4839,0.0000,0,0,-1.8286,-1.0266,0.5789,2159946.0000
77.7797,1.7000,0.7696,0.4839,0.0000,0,0,-1.8306,-1.0276,0.5789,2159946.0000
77.7898,1.8677,0.2966,0.4839,0.0000,0,0,-1.8352,-1.0296,0.5789,2159946.0000
77.8000,1.5957,0.5816,0.4839,0.0000,0,0,-1.8350,-1.0296,0.5789,2159946.0000
77.8101,1.4987,0.7194,0.4839,0.0000,0,0,-1.8330,-1.0289,0.5789,2159946.0000
77.8198,1.6136,0.1491,0.4839,0.0000,0,0,-1.8329,-1.0288,0.5789,2159946.0000
77.8298,1.7498,0.3544,0.4839,0.0000,0,0,-1.8351,-1.0294,0.5789,2159946.0000
77.8398,1.4779,0.6925,0.4839,0.0000,0,0,-1.8325,-1.0288,0.5789,2159946.0000
77.8507,1.4171,0.6189,0.4839,0.0000,0,0,-1.8289,-1.0281,0.5789,2159946.0000
77.8606,1.5384,0.6119,0.4839,0.0000,0,0,-1.8275,-1.0279,0.5789,2159946.0000
77.8698,1.2332,0.8347,0.4839,0.0000,0,0,-1.8209,-1.0271,0.5789,2159946.0000
77.8797,1.2679,0.8090,0.4839,0.0000,0,0,-1.8151,-1.0267,0.5789,2159946.0000
77.8897,1.4571,0.8433,0.4839,0.0000,0,0,-1.8129,-1.0267,0.5789,2159946.0000
77.9001,1.4247,0.4856,0.4839,0.0000,0,0,-1.8103,-1.0267,0.5789,2159946.0000
77.9106,1.3238,0.3804,0.4839,0.0000,0,0,-1.8062,-1.0270,0.5789,2159946.0000
77.9198,1.1524,0.6693,0.4839,0.0000,0,0,-1.7996,-1.0276,0.5789,2159946.0000
77.9298,1.0701,0.2771,0.4839,0.0000,0,0,-1.7920,-1.0288,0.5789,2159946.0000
77.9398,1.2617,0.0814,0.4839,0.0000,0,0,-1.7881,-1.0295,0.5789,2159946.0000
77.9501,0.9888,0.6384,0.4839,0.0000,0,0,-1.7801,-1.0315,0.5789,2159946.0000
77.9601,0.9293,0.6641,0.4839,0.0000,0,0,-1.7718,-1.0340,0.5789,2159946.0000
77.9698,1.2743,0.6316,0.4839,0.0000,0,0,-1.7697,-1.0347,0.5789,2159946.0000
77.9797,1.3110,0.7503,0.4839,0.0000,0,0,-1.7687,-1.0351,0.5789,2159946.0000
77.9898,1.6784,0.5647,0.4839,0.0000,0,0,-1.7739,-1.0328,0.5789,2159946.0000
78.0001,2.5955,0.4857,0.4839,0.0000,0,0,-1.7936,-1.0225,0.5789,2159946.0000
78.0102,2.8429,0.3875,0.4839,0.0000,0,0,-1.8167,-1.0090,0.5789,2159946.0000
78.0198,2.7359,0.1850,0.4839,0.0000,0,0,-1.8375,-0.9957,0.5789,2159946.0000
78.0298,2.0620,0.4612,0.4839,0.0000,0,0,-1.8481,-0.9882,0.5789,2159946.0000
78.0398,1.4644,0.4003,0.4839,0.0000,0,0,-1.8501,-0.9866,0.5789,2159946.0000
78.0507,1.2569,-0.0939,0.4839,0.0000,0,0,-1.8496,-0.9870,0.5789,2159946.0000
78.0606,0.7827,0.3127,0.4839,0.0000,0,0,-1.8433,-0.9930,0.5789,2159946.0000
78.0698,0.5796,0.7335,0.4839,0.0000,0,0,-1.8353,-1.0014,0.5789,2159946.0000
78.0797,1.0850,0.2945,0.4839,0.0000,0,0,-1.8344,-1.0023,0.5789,2159946.0000
78.0898,1.2024,0.5481,0.4839,0.0000,0,0,-1.8356,-1.0009,0.5789,2159946.0000
78.1001,1.1527,0.7341,0.4839,0.0000,0,0,-1.8366,-0.9995,0.5789,2159946.0000
78.1107,1.4081,0.2908,0.4839,0.0000,0,0,-1.8408,-0.9932,0.5789,2159946.0000
78.1198,1.4773,0.4056,0.4839,0.0000,0,0,-1.8459,-0.9849,0.5789,2159946.0000
78.1298,1.2616,0.2311,0.4839,0.0000,0,0,-1.8489,-0.9796,0.5789,2159946.0000
78.1397,1.1669,0.1395,0.4839,0.0000,0,0,-1.8512,-0.9751,0.5789,2159946.0000
78.1501,0.9121,0.4517,0.4839,0.0000,0,0,-1.8515,-0.9743,0.5789,2159946.0000
78.1601,0.9344,0.1265,0.4839,0.0000,0,0,-1.8524,-0.9721,0.5789,2159946.0000
78.1697,0.8828,0.1023,0.4839,0.0000,0,0,-1.8532,-0.9701,0.5789,2159946.0000
78.1798,0.8470,0.6647,0.4839,0.0000,0,0,-1.8539,-0.9677,0.5789,2159946.0000
78.1898,1.1790,0.2517,0.4839,0.0000,0,0,-1.8570,-0.9572,0.5789,2159946.0000
78.2000,1.3117,0.1898,0.4839,0.0000,0,0,-1.8606,-0.9426,0.5789,2159946.0000
78.2101,0.9135,0.7170,0.4839,0.0000,0,0,-1.8620,-0.9357,0.5789,2159946.0000
78.2198,1.0240,0.3840,0.4839,0.0000,0,0,-1.8639,-0.9253,0.5789,2159946.0000
78.2298,1.1631,0.1498,0.4839,0.0000,0,0,-1.8660,-0.9105,0.5789,2159946.0000
78.2398,0.9063,0.5253,0.4839,0.0000,0,0,-1.8671,-0.9007,0.5789,2159946.0000
78.2507,1.0771,0.4247,0.4839,0.0000,0,0,-1.8682,-0.8854,0.5789,2159946.0000
78.2605,1.3280,0.3570,0.4839,0.0000,0,0,-1.8692,-0.8630,0.5789,2159946.0000
78.2698,1.2521,0.3128,0.4839,0.0000,0,0,-1.8696,-0.8417,0.5789,2159946.0000
78.2798,1.3611,0.0543,0.4839,0.0000,0,0,-1.8692,-0.8168,0.5789,2159946.0000
78.2898,1.1344,0.3374,0.4839,0.0000,0,0,-1.8683,-0.7966,0.5789,2159946.0000
78.3001,1.0414,0.4201,0.4839,0.0000,0,0,-1.8669,-0.7776,0.5789,2159946.0000
78.3106,1.1877,0.1165,0.4839,0.0000,0,0,-1.8645,-0.7539,0.5789,2159946.0000
78.3197,0.8926,0.6396,0.4839,0.0000,0,0,-1.8623,-0.7371,0.5789,2159946.0000
78.3298,0.8706,0.7707,0.4839,0.0000,0,0,-1.8596,-0.7199,0.5789,2159946.0000
78.3398,1.2119,0.3269,0.4839,0.0000,0,0,-1.8546,-0.6931,0.5789,2159946.0000
78.3501,1.0842,0.5019,0.4839,0.0000,0,0,-1.8493,-0.6686,0.5789,2159946.0000
78.3601,1.0717,0.5065,0.4839,0.0000,0,0,-1.8433,-0.6439,0.5789,2159946.0000
78.3698,1.2869,0.2271,0.4839,0.0000,0,0,-1.8350,-0.6133,0.5789,2159946.0000
78.3797,1.1600,0.4334,0.4839,0.0000,0,0,-1.8268,-0.5856,0.5789,2159946.0000
78.3898,1.0120,0.2871,0.4839,0.0000,0,0,-1.8189,-0.5612,0.5789,2159946.0000
78.4001,1.0122,0.1368,0.4839,0.0000,0,0,-1.8100,-0.5361,0.5789,2159946.0000
78.4101,0.7804,0.2551,0.4839,0.0000,0,0,-1.8024,-0.5165,0.5789,2159946.0000
78.4198,0.7984,0.0722,0.4839,0.0000,0,0,-1.7940,-0.4960,0.5789,2159946.0000
78.4299,0.4319,0.3706,0.4839,0.0000,0,0,-1.7887,-0.4839,0.5789,2159946.0000
78.4398,0.1210,0.6815,0.4839,0.0000,0,0,-1.7862,-0.4787,0.5789,2159946.0000
78.4508,0.2751,0.1297,0.4839,0.0000,0,0,-1.7811,-0.4684,0.5789,2159946.0000
78.4606,0.1908,0.3014,0.4839,0.0000,0,0,-1.7762,-0.4593,0.5789,2159946.0000
78.4698,0.0306,0.8863,0.4839,0.0000,0,0,-1.7728,-0.4532,0.5789,2159946.0000
78.4798,0.2875,0.4332,0.4839,0.0000,0,0,-1.7651,-0.4402,0.5789,2159946.0000
78.4898,0.0850,0.3495,0.4839,0.0000,0,0,-1.7595,-0.4312,0.5789,2159946.0000
78.5000,-0.2232,0.6861,0.4839,0.0000,0,0,-1.7576,-0.4283,0.5789,2159946.0000
78.5106,-0.2504,0.0907,0.4839,0.0000,0,0,-1.7552,-0.4249,0.5789,2159946.0000
78.5198,-0.3171,-0.1843,0.4839,0.0000,0,0,-1.7532,-0.4221,0.5789,2159946.0000
78.5298,-0.4024,-0.0399,0.4839,0.0000,0,0,-1.7517,-0.4201,0.5789,2159946.0000
78.5398,-0.6465,-0.0867,0.4839,0.0000,0,0,-1.7534,-0.4222,0.5789,2159946.0000
78.5500,-0.7460,0.3030,0.4839,0.0000,0,0,-1.7558,-0.4251,0.5789,2159946.0000
78.5601,-0.6528,0.1980,0.4839,0.0000,0,0,-1.7556,-0.4249,0.5789,2159946.0000
78.5698,-0.8574,-0.0098,0.4839,0.0000,0,0,-1.7582,-0.4278,0.5789,2159946.0000
78.5797,-1.1511,0.5578,0.4839,0.0000,0,0,-1.7653,-0.4354,0.5789,2159946.0000
78.5898,-0.9950,0.3630,0.4839,0.0000,0,0,-1.7683,-0.4386,0.5789,2159946.0000
78.6001,-1.0020,-0.0977,0.4839,0.0000,0,0,-1.7703,-0.4407,0.5789,2159946.0000
78.6101,-1.3081,0.2561,0.4839,0.0000,0,0,-1.7773,-0.4475,0.5789,2159946.0000
78.6198,-1.2443,-0.1255,0.4839,0.0000,0,0,-1.7820,-0.4520,0.5789,2160365.5000
78.6298,-1.1008,-0.5909,0.4839,0.0000,0,0,-1.7827,-0.4526,0.5789,2160365.5000
78.6398,-1.4950,-0.2489,0.4839,0.0000,0,0,-1.7904,-0.4595,0.5789,2160365.5000
78.6507,-1.6047,-0.1805,0.4839,0.0000,0,0,-1.7990,-0.4669,0.5789,2160365.5000
78.6606,-1.8008,-0.2636,0.4839,0.0000,0,0,-1.8105,-0.4765,0.5789,2160365.5000
78.6698,-1.7668,-0.0798,0.4839,0.0000,0,0,-1.8202,-0.4843,0.5789,2160365.5000
78.6798,-1.8858,-0.2549,0.4839,0.0000,0,0,-1.8313,-0.4929,0.5789,2160365.5000
78.6898,-2.1479,-0.1868,0.4839,0.0000,0,0,-1.8470,-0.5046,0.5789,2160365.5000
78.7001,-1.9062,-0.0748,0.4839,0.0000,0,0,-1.8559,-0.5109,0.5789,2160365.5000
78.7106,-1.9002,-0.0875,0.4839,0.0000,0,0,-1.8634,-0.5162,0.5789,2160365.5000
78.7198,-2.1772,0.4828,0.4839,0.0000,0,0,-1.8763,-0.5248,0.5789,2160365.5000
78.7298,-1.9088,0.5278,0.4839,0.0000,0,0,-1.8816,-0.5283,0.5789,2160365.5000
78.7398,-2.0905,-0.2646,0.4839,0.0000,0,0,-1.8901,-0.5337,0.5789,2160365.5000
78.7501,-2.0346,-0.1038,0.4839,0.0000,0,0,-1.8961,-0.5373,0.5789,2160365.5000
78.7601,-2.2162,-0.1111,0.4839,0.0000,0,0,-1.9053,-0.5428,0.5789,2160365.5000
78.7698,-2.2383,-0.5330,0.4839,0.0000,0,0,-1.9140,-0.5479,0.5789,2160365.5000
78.7798,-2.2073,-0.2622,0.4839,0.0000,0,0,-1.9209,-0.5518,0.5789,2160365.5000
78.7898,-2.4779,0.2780,0.4839,0.0000,0,0,-1.9332,-0.5586,0.5789,2160365.5000
78.8000,-2.5615,0.1134,0.4839,0.0000,0,0,-1.9462,-0.5656,0.5789,2160365.5000
78.8102,-2.3191,0.0276,0.4839,0.0000,0,0,-1.9523,-0.5687,0.5789,2160365.5000
78.8197,-2.5193,0.1871,0.4839,0.0000,0,0,-1.9623,-0.5738,0.5789,2160365.5000
78.8298,-2.5132,0.2536,0.4839,0.0000,0,0,-1.9712,-0.5783,0.5789,2160365.5000
78.8398,-2.2348,0.2788,0.4839,0.0000,0,0,-1.9725,-0.5789,0.5789,2160365.5000
78.8507,-2.2123,0.3835,0.4839,0.0000,0,0,-1.9728,-0.5790,0.5789,2160365.5000
78.8605,-2.2894,0.2046,0.4839,0.0000,0,0,-1.9743,-0.5797,0.5789,2160365.5000
78.8698,-2.3174,0.2744,0.4839,0.0000,0,0,-1.9761,-0.5806,0.5789,2160365.5000
78.8797,-2.3593,-0.1411,0.4839,0.0000,0,0,-1.9785,-0.5816,0.5789,2160365.5000
78.8897,-2.1518,-0.5417,0.4839,0.0000,0,0,-1.9756,-0.5804,0.5789,2160365.5000
78.9001,-2.3165,-0.1971,0.4839,0.0000,0,0,-1.9764,-0.5807,0.5789,2160365.5000
78.9106,-2.4663,-0.0165,0.4839,0.0000,0,0,-1.9802,-0.5822,0.5789,2160365.5000
78.9198,-2.2723,-0.2896,0.4839,0.0000,0,0,-1.9794,-0.5819,0.5789,2160365.5000
78.9298,-2.1725,0.2518,0.4839,0.0000,0,0,-1.9764,-0.5808,0.5789,2160365.5000
78.9398,-2.3307,0.5105,0.4839,0.0000,0,0,-1.9768,-0.5809,0.5789,2160365.5000
78.9501,-2.0781,0.4895,0.4839,0.0000,0,0,-1.9717,-0.5792,0.5789,2160365.5000
78.9601,-1.8818,0.2739,0.4839,0.0000,0,0,-1.9626,-0.5764,0.5789,2160365.5000
78.9698,-2.5082,-0.1813,0.4839,0.0000,0,0,-1.9672,-0.5778,0.5789,2160365.5000
78.9798,-3.0201,0.0891,0.4839,0.0000,0,0,-1.9825,-0.5819,0.5789,2160365.5000
78.9898,-3.5260,0.1631,0.4839,0.0000,0,0,-2.0079,-0.5882,0.5789,2160365.5000
79.0000,-3.6622,-0.3853,0.4839,0.0000,0,0,-2.0353,-0.5943,0.5789,2160365.5000
79.0102,-3.7873,-0.1056,0.4839,0.0000,0,0,-2.0645,-0.6001,0.5789,2160365.5000
79.0197,-3.2357,0.3695,0.4839,0.0000,0,0,-2.0813,-0.6032,0.5789,2160365.5000
79.0298,-1.8898,-0.0937,0.4839,0.0000,0,0,-2.0705,-0.6015,0.5789,2160365.5000
79.0397,-1.0744,-0.1519,0.4839,0.0000,0,0,-2.0441,-0.5981,0.5789,2160365.5000
79.0508,-1.4065,0.2308,0.4839,0.0000,0,0,-2.0258,-0.5963,0.5789,2160365.5000
79.0606,-1.7264,0.3543,0.4839,0.0000,0,0,-2.0148,-0.5955,0.5789,2160365.5000
79.0698,-2.0155,0.4742,0.4839,0.0000,0,0,-2.0103,-0.5953,0.5789,2160365.5000
79.0798,-2.3023,0.4058,0.4839,0.0000,0,0,-2.0118,-0.5953,0.5789,2160365.5000
79.0898,-2.2408,0.2653,0.4839,0.0000,0,0,-2.0126,-0.5953,0.5789,2160365.5000
79.1001,-1.8195,0.3254,0.4839,0.0000,0,0,-2.0061,-0.5957,0.5789,2160365.5000
79.1105,-1.4973,-0.2801,0.4839,0.0000,0,0,-1.9945,-0.5967,0.5789,2160365.5000
79.1197,-1.3141,-0.3765,0.4839,0.0000,0,0,-1.9806,-0.5983,0.5789,2160365.5000
79.1298,-1.6570,0.0944,0.4839,0.0000,0,0,-1.9739,-0.5993,0.5789,2160365.5000
79.1398,-1.8081,-0.1160,0.4839,0.0000,0,0,-1.9707,-0.5999,0.5789,2160365.5000
79.1501,-1.5485,-0.1582,0.4839,0.0000,0,0,-1.9639,-0.6014,0.5789,2160365.5000
79.1600,-1.5885,0.1793,0.4839,0.0000,0,0,-1.9586,-0.6028,0.5789,2160365.5000
79.1698,-1.6319,0.0108,0.4839,0.0000,0,0,-1.9549,-0.6039,0.5789,2160365.5000
79.1798,-1.1875,0.0119,0.4839,0.0000,0,0,-1.9448,-0.6074,0.5789,2160365.5000
79.1898,-1.2732,0.2023,0.4839,0.0000,0,0,-1.9372,-0.6102,0.5789,2160365.5000
79.2000,-1.2793,0.2205,0.4839,0.0000,0,0,-1.9308,-0.6130,0.5789,2160365.5000
79.2100,-1.1437,0.2385,0.4839,0.0000,0,0,-1.9234,-0.6165,0.5789,2160365.5000
79.2198,-1.2917,0.0891,0.4839,0.0000,0,0,-1.9190,-0.6188,0.5789,2160365.5000
79.2298,-1.3413,-0.0363,0.4839,0.0000,0,0,-1.9163,-0.6204,0.5789,2160365.5000
79.2397,-1.2922,0.1406,0.4839,0.0000,0,0,-1.9136,-0.6220,0.5789,2160365.5000
79.2507,-1.2652,-0.0520,0.4839,0.0000,0,0,-1.9114,-0.6235,0.5789,2160365.5000
79.2607,-1.2423,-0.2868,0.4839,0.0000,0,0,-1.9097,-0.6248,0.5789,2160365.5000
79.2698,-1.5497,0.0773,0.4839,0.0000,0,0,-1.9125,-0.6226,0.5789,2160365.5000
79.2798,-1.7880,0.2175,0.4839,0.0000,0,0,-1.9185,-0.6173,0.5789,2160365.5000
79.2898,-1.4466,-0.0374,0.4839,0.0000,0,0,-1.9208,-0.6151,0.5789,2160365.5000
79.3001,-1.4206,0.3801,0.4839,0.0000,0,0,-1.9234,-0.6125,0.5789,2160365.5000
79.3107,-1.6080,0.5901,0.4839,0.0000,0,0,-1.9282,-0.6070,0.5789,2160365.5000
79.3198,-1.4925,0.2264,0.4839,0.0000,0,0,-1.9321,-0.6023,0.5789,2160365.5000
79.3298,-1.7585,0.2339,0.4839,0.0000,0,0,-1.9387,-0.5935,0.5789,2160365.5000
79.3398,-2.0464,0.2698,0.4839,0.0000,0,0,-1.9479,-0.5802,0.5789,2160365.5000
79.3501,-1.8816,0.1077,0.4839,0.0000,0,0,-1.9554,-0.5682,0.5789,2160365.5000
79.3601,-1.8207,0.1548,0.4839,0.0000,0,0,-1.9622,-0.5562,0.5789,2160365.5000
79.3698,-1.7097,0.0242,0.4839,0.0000,0,0,-1.9680,-0.5450,0.5789,2160365.5000
79.3797,-1.7333,-0.0370,0.4839,0.0000,0,0,-1.9738,-0.5327,0.5789,2160365.5000
79.3898,-1.9669,0.1204,0.4839,0.0000,0,0,-1.9808,-0.5161,0.5789,2160365.5000
79.4000,-1.9155,-0.0295,0.4839,0.0000,0,0,-1.9870,-0.4992,0.5789,2160365.5000
79.4101,-2.0847,0.0223,0.4839,0.0000,0,0,-1.9935,-0.4790,0.5789,2160365.5000
79.4197,-2.1645,0.4906,0.4839,0.0000,0,0,-1.9998,-0.4568,0.5789,2160365.5000
79.4298,-1.6254,0.1381,0.4839,0.0000,0,0,-2.0032,-0.4423,0.5789,2160365.5000
79.4399,-1.3909,0.0230,0.4839,0.0000,0,0,-2.0056,-0.4306,0.5794,0.0000
79.4508,-1.6111,0.5923,0.4839,0.0000,0,0,-2.0081,-0.4144,0.5794,0.0000
79.4606,-1.4953,0.2772,0.4839,0.0000,0,0,-2.0098,-0.3992,0.5794,0.0000
79.4698,-1.3636,-0.1208,0.4839,0.0000,0,0,-2.0109,-0.3855,0.5794,0.0000
79.4798,-1.4577,-0.0308,0.4839,0.0000,0,0,-2.0116,-0.3693,0.5794,0.0000
79.4898,-1.3178,-0.1173,0.4839,0.0000,0,0,-2.0117,-0.3547,0.5794,0.0000
79.5001,-1.3340,0.0648,0.4839,0.0000,0,0,-2.0112,-0.3388,0.5794,0.0000
79.5107,-1.2316,-0.0122,0.4839,0.0000,0,0,-2.0101,-0.3239,0.5794,0.0000
79.5197,-1.0684,-0.3157,0.4839,0.0000,0,0,-2.0088,-0.3110,0.5794,0.0000
79.5298,-1.2234,0.2713,0.4839,0.0000,0,0,-2.0066,-0.2948,0.5794,0.0000
79.5398,-1.0279,0.3029,0.4839,0.0000,0,0,-2.0043,-0.2811,0.5794,0.0000
79.5501,-0.6636,-0.0487,0.4839,0.0000,0,0,-2.0026,-0.2728,0.5794,0.0000
79.5601,-0.8442,0.4498,0.4839,0.0000,0,0,-1.9996,-0.2605,0.5794,0.0000
79.5698,-0.7679,0.5015,0.4839,0.0000,0,0,-1.9964,-0.2490,0.5794,0.0000
79.5797,-0.3717,0.0896,0.4839,0.0000,0,0,-1.9947,-0.2434,0.5794,0.0000
79.5898,-0.4020,0.1527,0.4839,0.0000,0,0,-1.9924,-0.2365,0.5794,0.0000
79.6001,-0.3844,-0.0391,0.4839,0.0000,0,0,-1.9895,-0.2289,0.5794,0.0000
79.6101,-0.2640,-0.0103,0.4839,0.0000,0,0,-1.9869,-0.2225,0.5794,0.0000
79.6198,-0.2774,-0.0206,0.4839,0.0000,0,0,-1.9836,-0.2153,0.5794,0.0000
79.6298,0.0252,-0.2861,0.4839,0.0000,0,0,-1.9822,-0.2123,0.5794,0.0000
79.6398,-0.1696,0.1415,0.4839,0.0000,0,0,-1.9785,-0.2053,0.5794,0.0000
79.6508,-0.1787,0.4367,0.4839,0.0000,0,0,-1.9741,-0.1974,0.5794,0.0000
79.6606,0.1619,-0.0555,0.4839,0.0000,0,0,-1.9722,-0.1943,0.5794,0.0000
79.6698,0.1459,0.3604,0.4839,0.0000,0,0,-1.9696,-0.1902,0.5794,0.0000
79.6798,0.2226,0.6943,0.4839,0.0000,0,0,-1.9672,-0.1867,0.5794,0.0000
79.6898,0.7094,0.0675,0.4839,0.0000,0,0,-1.9695,-0.1898,0.5794,0.0000
79.7000,0.6924,0.0026,0.4839,0.0000,0,0,-1.9709,-0.1917,0.5794,0.0000
79.7106,0.5399,0.1701,0.4839,0.0000,0,0,-1.9700,-0.1906,0.5794,0.0000
79.7197,0.5981,-0.0078,0.4839,0.0000,0,0,-1.9692,-0.1897,0.5794,0.0000
79.7298,0.6095,0.0919,0.4839,0.0000,0,0,-1.9679,-0.1882,0.5794,0.0000
79.7398,0.7491,0.0684,0.4839,0.0000,0,0,-1.9677,-0.1881,0.5794,0.0000
79.7501,0.8205,0.0639,0.4839,0.0000,0,0,-1.9678,-0.1882,0.5794,0.0000
79.7603,0.7861,0.4142,0.4839,0.0000,0,0,-1.9668,-0.1872,0.5794,0.0000
79.7698,1.1127,0.0893,0.4839,0.0000,0,0,-1.9698,-0.1898,0.5794,0.0000
79.7798,1.0482,0.1092,0.4839,0.0000,0,0,-1.9712,-0.1909,0.5794,0.0000
79.7898,0.7279,0.8413,0.4839,0.0000,0,0,-1.9672,-0.1880,0.5794,0.0000
79.8001,0.9829,0.7033,0.4839,0.0000,0,0,-1.9664,-0.1874,0.5794,0.0000
79.8101,1.3180,0.2831,0.4839,0.0000,0,0,-1.9701,-0.1898,0.5794,0.0000
79.8197,1.1778,0.4531,0.4839,0.0000,0,0,-1.9711,-0.1904,0.5794,0.0000
79.8298,1.2832,0.3779,0.4839,0.0000,0,0,-1.9731,-0.1915,0.5794,0.0000
79.8398,1.4086,0.2403,0.4839,0.0000,0,0,-1.9765,-0.1933,0.5794,0.0000
79.8507,1.1071,0.3252,0.4839,0.0000,0,0,-1.9743,-0.1922,0.5794,0.0000
79.8605,1.1216,0.2031,0.4839,0.0000,0,0,-1.9718,-0.1912,0.5794,0.0000
79.8698,1.1709,0.0745,0.4839,0.0000,0,0,-1.9697,-0.1903,0.5794,0.0000
79.8798,1.3680,0.0759,0.4839,0.0000,0,0,-1.9704,-0.1906,0.5794,0.0000
79.8898,1.5483,-0.0242,0.4839,0.0000,0,0,-1.9737,-0.1916,0.5794,0.0000
79.9000,1.3604,0.3451,0.4839,0.0000,0,0,-1.9731,-0.1915,0.5794,0.0000
79.9106,1.4384,0.5759,0.4839,0.0000,0,0,-1.9735,-0.1915,0.5794,0.0000
79.9198,1.7343,0.1358,0.4839,0.0000,0,0,-1.9786,-0.1925,0.5794,0.0000
79.9297,1.5752,0.4025,0.4839,0.0000,0,0,-1.9804,-0.1927,0.5794,0.0000
79.9398,1.5847,0.8159,0.4839,0.0000,0,0,-1.9821,-0.1929,0.5794,0.0000
79.9501,1.9597,0.3048,0.4839,0.0000,0,0,-1.9897,-0.1933,0.5794,0.0000
79.9601,1.9081,0.2163,0.4839,0.0000,0,0,-1.9960,-0.1934,0.5794,0.0000
79.9698,1.7709,0.4567,0.4839,0.0000,0,0,-1.9995,-0.1933,0.5794,0.0000
79.9798,1.8042,0.0498,0.4839,0.0000,0,0,-2.0033,-0.1930,0.5794,0.0000
79.9898,1.8256,-0.1407,0.4839,0.0000,0,0,-2.0071,-0.1925,0.5794,0.0000
80.0001,1.8747,0.0475,0.4839,0.0000,0,0,-2.0114,-0.1918,0.5794,0.0000
80.0102,1.7192,0.0994,0.4839,0.0000,0,0,-2.0129,-0.1915,0.5794,0.0000
80.0197,1.8161,0.2706,0.4839,0.0000,0,0,-2.0158,-0.1907,0.5794,0.0000
80.0298,2.0170,0.1623,0.4839,0.0000,0,0,-2.0218,-0.1889,0.5794,0.0000
80.0397,1.8630,0.1817,0.4839,0.0000,0,0,-2.0250,-0.1877,0.5794,0.0000
80.0507,1.6320,0.7803,0.4839,0.0000,0,0,-2.0244,-0.1880,0.5794,0.0000
80.0605,1.9593,0.6412,0.4839,0.0000,0,0,-2.0290,-0.1858,0.5794,0.0000
80.0699,2.0780,0.1176,0.4839,0.0000,0,0,-2.0352,-0.1824,0.5794,0.0000
80.0798,1.9283,0.4486,0.4839,0.0000,0,0,-2.0390,-0.1802,0.5794,0.0000
80.0898,1.9885,0.4695,0.4839,0.0000,0,0,-2.0436,-0.1771,0.5794,0.0000
80.1001,1.9939,-0.1945,0.4839,0.0000,0,0,-2.0481,-0.1738,0.5794,0.0000
80.1106,1.9947,-0.0603,0.4839,0.0000,0,0,-2.0525,-0.1701,0.5794,0.0000
80.1198,1.8310,0.1855,0.4839,0.0000,0,0,-2.0547,-0.1682,0.5794,0.0000
80.1298,1.7563,-0.0292,0.4839,0.0000,0,0,-2.0558,-0.1671,0.5794,0.0000
80.1397,1.8675,0.1895,0.4839,0.0000,0,0,-2.0586,-0.1642,0.5794,0.0000
80.1501,1.4541,0.4868,0.4839,0.0000,0,0,-2.0563,-0.1669,0.5794,0.0000
80.1601,1.3078,0.6313,0.4839,0.0000,0,0,-2.0526,-0.1716,0.5794,0.0000
80.1698,1.6176,0.6639,0.4839,0.0000,0,0,-2.0529,-0.1712,0.5794,0.0000
80.1798,1.6182,0.4062,0.4839,0.0000,0,0,-2.0534,-0.1704,0.5794,0.0000
80.1898,1.5369,0.2659,0.4839,0.0000,0,0,-2.0533,-0.1706,0.5794,0.0000
80.2001,1.5530,0.3805,0.4839,0.0000,0,0,-2.0536,-0.1700,0.5794,0.0000
80.2101,1.3317,0.2457,0.4839,0.0000,0,0,-2.0522,-0.1730,0.5794,0.0000
80.2198,1.1498,0.0588,0.4839,0.0000,0,0,-2.0495,-0.1790,0.5794,0.0000
80.2298,0.9875,0.3820,0.4839,0.0000,0,0,-2.0461,-0.1875,0.5794,0.0000
80.2398,0.8510,0.3069,0.4839,0.0000,0,0,-2.0424,-0.1981,0.5794,0.0000
80.2508,1.0909,-0.0518,0.4839,0.0000,0,0,-2.0408,-0.2030,0.5794,0.0000
80.2607,0.9513,0.3515,0.4839,0.0000,0,0,-2.0389,-0.2100,0.5794,0.0000
80.2698,0.7343,0.7805,0.4839,0.0000,0,0,-2.0363,-0.2210,0.5794,0.0000
80.2798,1.0380,0.3491,0.4839,0.0000,0,0,-2.0357,-0.2242,0.5794,0.0000
80.2898,1.0112,0.4149,0.4839,0.0000,0,0,-2.0352,-0.2271,0.5794,0.0000
80.3001,0.7964,0.7493,0.4839,0.0000,0,0,-2.0343,-0.2338,0.5794,0.0000
80.3107,0.9367,0.3971,0.4839,0.0000,0,0,-2.0341,-0.2361,0.5794,0.0000
80.3197,0.9859,0.2650,0.4839,0.0000,0,0,-2.0341,-0.2361,0.5794,0.0000
80.3298,0.8200,0.2911,0.4839,0.0000,0,0,-2.0340,-0.2391,0.5794,0.0000
80.3398,0.7263,0.1592,0.4839,0.0000,0,0,-2.0340,-0.2431,0.5794,0.0000
80.3501,0.6578,0.3612,0.4839,0.0000,0,0,-2.0341,-0.2474,0.5794,0.0000
80.3600,0.7261,0.2140,0.4839,0.0000,0,0,-2.0342,-0.2486,0.5794,0.0000
80.3698,0.8165,0.1115,0.4839,0.0000,0,0,-2.0340,-0.2464,0.5794,0.0000
80.3797,0.5180,0.6145,0.4839,0.0000,0,0,-2.0344,-0.2504,0.5794,0.0000
80.3898,0.6622,0.3394,0.4839,0.0000,0,0,-2.0343,-0.2493,0.5794,0.0000
80.4000,0.8296,0.1179,0.4839,0.0000,0,0,-2.0331,-0.2425,0.5794,0.0000
80.4101,0.5736,0.6757,0.4839,0.0000,0,0,-2.0328,-0.2410,0.5794,0.0000
80.4201,0.7023,0.4962,0.4839,0.0000,0,0,-2.0314,-0.2348,0.5794,0.0000
80.4298,0.9853,0.1398,0.4839,0.0000,0,0,-2.0278,-0.2204,0.5794,0.0000
80.4397,0.7625,0.5285,0.4839,0.0000,0,0,-2.0251,-0.2107,0.5794,0.0000
80.4508,0.7795,0.3820,0.4839,0.0000,0,0,-2.0216,-0.1994,0.5794,0.0000
80.4597,0.8645,0.0112,0.4839,0.0000,0,0,-2.0168,-0.1850,0.5794,0.0000
80.4701,0.7673,-0.0342,0.4839,0.0000,0,0,-2.0121,-0.1720,0.5794,0.0000
80.4798,0.6692,-0.1568,0.4839,0.0000,0,0,-2.0076,-0.1607,0.5794,0.0000
80.4898,0.5458,0.1438,0.4839,0.0000,0,0,-2.0038,-0.1514,0.5794,0.0000
80.5001,0.5728,0.4753,0.4839,0.0000,0,0,-1.9987,-0.1403,0.5794,0.0000
80.5098,0.7781,0.1861,0.4839,0.0000,0,0,-1.9907,-0.1235,0.5794,0.0000
80.5208,0.5621,0.4893,0.4839,0.0000,0,0,-1.9843,-0.1110,0.5794,0.0000
80.5298,0.4987,0.7312,0.4839,0.0000,0,0,-1.9780,-0.0993,0.5794,0.0000
80.5397,0.6461,0.1695,0.4839,0.0000,0,0,-1.9689,-0.0834,0.5794,0.0000
80.5501,0.4885,0.3744,0.4839,0.0000,0,0,-1.9610,-0.0704,0.5794,0.0000
80.5598,0.3376,0.7868,0.4839,0.0000,0,0,-1.9546,-0.0602,0.5794,0.0000
80.5706,0.6021,0.2737,0.4839,0.0000,0,0,-1.9431,-0.0432,0.5794,0.0000
80.5798,0.5980,0.2378,0.4839,0.0000,0,0,-1.9310,-0.0260,0.5794,0.0000
80.5898,0.3989,0.3719,0.4839,0.0000,0,0,-1.9213,-0.0128,0.5794,0.0000
80.6001,0.3172,0.0070,0.4839,0.0000,0,0,-1.9118,-0.0007,0.5794,0.0000
80.6098,0.1785,0.0668,0.4839,0.0000,0,0,-1.9040,0.0090,0.5794,0.0000
80.6200,0.1653,0.1288,0.4839,0.0000,0,0,-1.8953,0.0191,0.5794,0.0000
80.6298,0.0535,0.1921,0.4839,0.0000,0,0,-1.8878,0.0276,0.5794,0.0000
80.6398,-0.1115,0.6820,0.4839,0.0000,0,0,-1.8825,0.0335,0.5794,0.0000
80.6507,0.1221,0.4085,0.4839,0.0000,0,0,-1.8717,0.0450,0.5794,0.0000
80.6597,0.2304,0.0681,0.4839,0.0000,0,0,-1.8581,0.0590,0.5794,0.0000
80.6701,-0.0821,0.5674,0.4839,0.0000,0,0,-1.8497,0.0675,0.5794,0.0000
80.6798,-0.0345,0.3794,0.4839,0.0000,0,0,-1.8396,0.0773,0.5794,0.0000
80.6898,0.0524,-0.0132,0.4839,0.0000,0,0,-1.8270,0.0892,0.5794,0.0000
80.7001,-0.1586,0.3185,0.4839,0.0000,0,0,-1.8177,0.0977,0.5794,0.0000
80.7098,-0.2367,0.2200,0.4839,0.0000,0,0,-1.8094,0.1051,0.5794,0.0000
80.7206,-0.2903,0.0710,0.4839,0.0000,0,0,-1.8011,0.1121,0.5794,0.0000
80.7298,-0.4035,0.2310,0.4839,0.0000,0,0,-1.7945,0.1176,0.5794,0.0000
80.7397,-0.4825,0.0213,0.4839,0.0000,0,0,-1.7886,0.1223,0.5794,0.0000
80.7500,-0.7780,0.2735,0.4839,0.0000,0,0,-1.7879,0.1228,0.5794,0.0000
80.7597,-0.7260,0.5833,0.4839,0.0000,0,0,-1.7852,0.1248,0.5794,0.0000
80.7706,-0.6078,0.2720,0.4839,0.0000,0,0,-1.7786,0.1294,0.5794,0.0000
80.7798,-0.7811,0.3723,0.4839,0.0000,0,0,-1.7752,0.1318,0.5794,0.0000
80.7898,-0.8382,0.7806,0.4839,0.0000,0,0,-1.7721,0.1338,0.5794,0.0000
80.8001,-0.7062,0.2824,0.4839,0.0000,0,0,-1.7648,0.1385,0.5794,0.0000
80.8098,-0.8449,0.0744,0.4839,0.0000,0,0,-1.7601,0.1415,0.5794,0.0000
80.8201,-1.0347,0.3815,0.4839,0.0000,0,0,-1.7588,0.1423,0.5794,0.0000
80.8298,-1.0566,0.0804,0.4839,0.0000,0,0,-1.7571,0.1433,0.5794,0.0000
80.8398,-1.0965,-0.2904,0.4839,0.0000,0,0,-1.7554,0.1442,0.5794,0.0000
80.8507,-1.1454,-0.1215,0.4839,0.0000,0,0,-1.7539,0.1451,0.5794,0.0000
80.8597,-1.3103,-0.0265,0.4839,0.0000,0,0,-1.7554,0.1443,0.5794,0.0000
80.8700,-1.4181,0.2502,0.4839,0.0000,0,0,-1.7584,0.1427,0.5794,0.0000
80.8798,-1.1782,0.3327,0.4839,0.0000,0,0,-1.7548,0.1446,0.5794,0.0000
80.8898,-1.2608,0.1442,0.4839,0.0000,0,0,-1.7523,0.1458,0.5794,0.0000
80.9001,-1.4784,0.6025,0.4839,0.0000,0,0,-1.7542,0.1449,0.5794,0.0000
80.9098,-1.2505,0.7205,0.4839,0.0000,0,0,-1.7498,0.1470,0.5794,0.0000
80.9206,-1.1477,0.2234,0.4839,0.0000,0,0,-1.7423,0.1505,0.5794,0.0000
80.9298,-1.3819,0.6075,0.4839,0.0000,0,0,-1.7400,0.1516,0.5794,0.0000
80.9398,-1.3582,0.5364,0.4839,0.0000,0,0,-1.7364,0.1531,0.5794,0.0000
80.9501,-1.2878,-0.1263,0.4839,0.0000,0,0,-1.7307,0.1556,0.5794,0.0000
80.9597,-1.4717,0.1914,0.4839,0.0000,0,0,-1.7288,0.1564,0.5794,0.0000
80.9706,-1.6033,0.2038,0.4839,0.0000,0,0,-1.7292,0.1562,0.5794,0.0000
80.9798,-1.6535,-0.1761,0.4839,0.0000,0,0,-1.7302,0.1558,0.5794,0.0000
80.9898,-1.5593,-0.0228,0.4839,0.0000,0,0,-1.7286,0.1564,0.5794,0.0000
81.0000,-1.6232,0.0173,0.4839,0.0000,0,0,-1.7278,0.1567,0.5794,0.0000
81.0099,-1.7808,0.0963,0.4839,0.0000,0,0,-1.7301,0.1559,0.5794,0.0000
81.0201,-1.7028,0.4621,0.4839,0.0000,0,0,-1.7301,0.1559,0.5794,0.0000
81.0298,-1.5105,0.2104,0.4839,0.0000,0,0,-1.7256,0.1573,0.5794,0.0000
81.0398,-1.8551,0.4770,0.4839,0.0000,0,0,-1.7283,0.1565,0.5794,0.0000
81.0508,-1.8560,0.7420,0.4839,0.0000,0,0,-1.7305,0.1560,0.5789,5069580.5000
81.0598,-1.6278,0.0815,0.4839,0.0000,0,0,-1.7275,0.1567,0.5789,5069580.5000
81.0701,-1.4741,0.0686,0.4839,0.0000,0,0,-1.7212,0.1580,0.5789,5069580.5000
81.0798,-1.5577,0.3003,0.4839,0.0000,0,0,-1.7166,0.1589,0.5789,5069580.5000
81.0897,-1.6939,-0.2311,0.4839,0.0000,0,0,-1.7148,0.1592,0.5789,5069580.5000
81.1000,-1.8043,-0.2578,0.4839,0.0000,0,0,-1.7151,0.1592,0.5789,5069580.5000
81.1098,-1.8715,-0.0538,0.4839,0.0000,0,0,-1.7167,0.1590,0.5789,5069580.5000
81.1206,-2.0331,0.0392,0.4839,0.0000,0,0,-1.7212,0.1586,0.5789,5069580.5000
81.1298,-1.8534,0.5094,0.4839,0.0000,0,0,-1.7220,0.1585,0.5789,5069580.5000
81.1397,-1.5349,0.3718,0.4839,0.0000,0,0,-1.7166,0.1587,0.5789,5069580.5000
81.1501,-1.7112,0.2352,0.4839,0.0000,0,0,-1.7147,0.1587,0.5789,5069580.5000
81.1597,-2.1211,0.7556,0.4839,0.0000,0,0,-1.7206,0.1589,0.5789,5069580.5000
81.1706,-1.9336,0.4865,0.4839,0.0000,0,0,-1.7229,0.1590,0.5789,5069580.5000
81.1797,-1.6766,-0.0319,0.4839,0.0000,0,0,-1.7205,0.1588,0.5789,5069580.5000
81.1898,-1.8140,0.2171,0.4839,0.0000,0,0,-1.7207,0.1588,0.5789,5069580.5000
81.2000,-1.7230,0.0793,0.4839,0.0000,0,0,-1.7195,0.1586,0.5789,5069580.5000
81.2097,-1.6935,-0.1714,0.4839,0.0000,0,0,-1.7179,0.1583,0.5789,5069580.5000
81.2201,-1.6588,0.1375,0.4839,0.0000,0,0,-1.7161,0.1579,0.5789,5069580.5000
81.2298,-1.7328,-0.0088,0.4839,0.0000,0,0,-1.7157,0.1578,0.5789,5069580.5000
81.2398,-1.8979,0.2374,0.4839,0.0000,0,0,-1.7183,0.1586,0.5789,5069580.5000
81.2507,-1.7459,0.4964,0.4839,0.0000,0,0,-1.7186,0.1587,0.5789,5069580.5000
81.2598,-1.4940,0.1699,0.4839,0.0000,0,0,-1.7152,0.1574,0.5789,5069580.5000
81.2701,-1.7075,0.4540,0.4839,0.0000,0,0,-1.7155,0.1575,0.5789,5069580.5000
81.2798,-1.5659,0.6321,0.4839,0.0000,0,0,-1.7140,0.1568,0.5789,5069580.5000
81.2898,-1.3990,-0.0884,0.4839,0.0000,0,0,-1.7105,0.1549,0.5789,5069580.5000
81.3001,-1.5022,0.0744,0.4839,0.0000,0,0,-1.7089,0.1540,0.5789,5069580.5000
81.3098,-1.6202,0.3133,0.4839,0.0000,0,0,-1.7093,0.1542,0.5789,5069580.5000
81.3207,-1.5414,-0.0622,0.4839,0.0000,0,0,-1.7090,0.1540,0.5789,5069580.5000
81.3298,-1.5759,0.0305,0.4839,0.0000,0,0,-1.7095,0.1544,0.5789,5069580.5000
81.3398,-1.5571,-0.0030,0.4839,0.0000,0,0,-1.7101,0.1549,0.5789,5069580.5000
81.3501,-1.5476,-0.1739,0.4839,0.0000,0,0,-1.7109,0.1556,0.5789,5069580.5000
81.3598,-1.5150,0.0741,0.4839,0.0000,0,0,-1.7116,0.1563,0.5789,5069580.5000
81.3706,-1.4486,0.0713,0.4839,0.0000,0,0,-1.7119,0.1566,0.5789,5069580.5000
81.3798,-1.6236,0.1609,0.4839,0.0000,0,0,-1.7143,0.1594,0.5789,5069580.5000
81.3898,-1.6304,0.5246,0.4839,0.0000,0,0,-1.7169,0.1626,0.5789,5069580.5000
81.4001,-1.4384,0.2223,0.4839,0.0000,0,0,-1.7179,0.1640,0.5789,5069580.5000
81.4098,-1.4892,0.1557,0.4839,0.0000,0,0,-1.7196,0.1665,0.5789,5069580.5000
81.4201,-1.3344,0.5877,0.4839,0.0000,0,0,-1.7202,0.1675,0.5789,5069580.5000
81.4298,-1.1975,0.1551,0.4839,0.0000,0,0,-1.7200,0.1671,0.5789,5069580.5000
81.4398,-1.1884,-0.2854,0.4839,0.0000,0,0,-1.7200,0.1672,0.5789,5069580.5000
81.4508,-1.3073,0.1049,0.4839,0.0000,0,0,-1.7211,0.1696,0.5789,5069580.5000
81.4598,-1.3708,0.0738,0.4839,0.0000,0,0,-1.7227,0.1735,0.5789,5069580.5000
81.4701,-1.2514,-0.3287,0.4839,0.0000,0,0,-1.7236,0.1762,0.5789,5069580.5000
81.4798,-1.1660,-0.1806,0.4839,0.0000,0,0,-1.7243,0.1783,0.5789,5069580.5000
81.4898,-1.4168,0.0308,0.4839,0.0000,0,0,-1.7261,0.1850,0.5789,5069580.5000
81.5001,-1.5689,0.1539,0.4839,0.0000,0,0,-1.7282,0.1948,0.5789,5069580.5000
81.5098,-1.2720,0.2433,0.4839,0.0000,0,0,-1.7293,0.2004,0.5789,5069580.5000
81.5207,-1.1067,0.0917,0.4839,0.0000,0,0,-1.7298,0.2042,0.5789,5069580.5000
81.5298,-1.2689,0.4445,0.4839,0.0000,0,0,-1.7306,0.2112,0.5789,5069580.5000
81.5398,-1.0800,0.5737,0.4839,0.0000,0,0,-1.7309,0.2159,0.5789,5069580.5000
81.5501,-0.9481,-0.0749,0.4839,0.0000,0,0,-1.7310,0.2192,0.5789,5069580.5000
81.5598,-1.0597,-0.1184,0.4839,0.0000,0,0,-1.7309,0.2250,0.5789,5069580.5000
81.5707,-1.1437,0.2070,0.4839,0.0000,0,0,-1.7306,0.2332,0.5789,5069580.5000
81.5798,-1.1060,-0.0873,0.4839,0.0000,0,0,-1.7299,0.2413,0.5789,5069580.5000
81.5898,-0.9650,-0.1417,0.4839,0.0000,0,0,-1.7292,0.2478,0.5789,5069580.5000
81.6001,-0.9760,0.0772,0.4839,0.0000,0,0,-1.7281,0.2553,0.5789,5069580.5000
81.6098,-1.0827,-0.0028,0.4839,0.0000,0,0,-1.7263,0.2652,0.5789,5069580.5000
81.6201,-0.9399,0.0537,0.4839,0.0000,0,0,-1.7244,0.2735,0.5789,5069580.5000
81.6298,-0.8050,0.1386,0.4839,0.0000,0,0,-1.7228,0.2801,0.5789,5069580.5000
81.6397,-1.0349,0.1812,0.4839,0.0000,0,0,-1.7196,0.2914,0.5789,5069580.5000
81.6507,-0.9476,0.4693,0.4839,0.0000,0,0,-1.7162,0.3019,0.5789,5069580.5000
81.6597,-0.6930,0.3852,0.4839,0.0000,0,0,-1.7139,0.3085,0.5789,5069580.5000
81.6701,-0.6239,0.1057,0.4839,0.0000,0,0,-1.7114,0.3149,0.5789,5069580.5000
81.6798,-0.6829,0.5651,0.4839,0.0000,0,0,-1.7080,0.3228,0.5789,5069580.5000
81.6898,-0.5704,0.3201,0.4839,0.0000,0,0,-1.7050,0.3294,0.5789,5069580.5000
81.7000,-0.4361,-0.4002,0.4839,0.0000,0,0,-1.7024,0.3346,0.5789,5069580.5000
81.7098,-0.5313,-0.1366,0.4839,0.0000,0,0,-1.6984,0.3420,0.5789,5069580.5000
81.7206,-0.5915,0.1272,0.4839,0.0000,0,0,-1.6933,0.3510,0.5789,5069580.5000
81.7298,-0.5551,-0.2248,0.4839,0.0000,0,0,-1.6878,0.3598,0.5789,5069580.5000
81.7397,-0.3844,0.0750,0.4839,0.0000,0,0,-1.6835,0.3665,0.5789,5069580.5000
81.7501,-0.4288,0.1957,0.4839,0.0000,0,0,-1.6779,0.3744,0.5789,5069580.5000
81.7598,-0.6191,0.3570,0.4839,0.0000,0,0,-1.6697,0.3856,0.5789,5069580.5000
81.7706,-0.3133,0.5398,0.4839,0.0000,0,0,-1.6641,0.3926,0.5789,5069580.5000
81.7798,-0.2128,0.1882,0.4839,0.0000,0,0,-1.6591,0.3986,0.5789,5069580.5000
81.7898,-0.4011,0.2788,0.4839,0.0000,0,0,-1.6512,0.4076,0.5789,5069580.5000
81.8001,-0.2178,0.5665,0.4839,0.0000,0,0,-1.6447,0.4144,0.5789,5069580.5000
81.8097,-0.0119,-0.0114,0.4839,0.0000,0,0,-1.6404,0.4187,0.5789,5069580.5000
81.8200,-0.0033,0.0778,0.4839,0.0000,0,0,-1.6354,0.4234,0.5789,5069580.5000
81.8298,-0.0982,0.2747,0.4839,0.0000,0,0,-1.6285,0.4295,0.5789,5069580.5000
81.8398,-0.0828,-0.0834,0.4839,0.0000,0,0,-1.6211,0.4357,0.5789,5069580.5000
81.8507,-0.0715,-0.0700,0.4839,0.0000,0,0,-1.6130,0.4419,0.5789,5069580.5000
81.8598,0.0790,-0.0258,0.4839,0.0000,0,0,-1.6067,0.4465,0.5789,5069580.5000
81.8701,-0.0107,0.0142,0.4839,0.0000,0,0,-1.5982,0.4523,0.5789,5069580.5000
81.8797,-0.0321,0.5297,0.4839,0.0000,0,0,-1.5888,0.4583,0.5789,5069580.5000
81.8898,0.3134,0.2310,0.4839,0.0000,0,0,-1.5842,0.4610,0.5789,5069580.5000
81.9001,0.2436,0.1687,0.4839,0.0000,0,0,-1.5777,0.4645,0.5789,5069580.5000
81.9098,0.1285,0.8385,0.4839,0.0000,0,0,-1.5688,0.4690,0.5789,5069580.5000
81.9207,0.5436,0.3610,0.4839,0.0000,0,0,-1.5660,0.4702,0.5789,5069580.5000
81.9298,0.6628,-0.0038,0.4839,0.0000,0,0,-1.5647,0.4708,0.5789,5069580.5000
81.9397,0.4943,0.3355,0.4839,0.0000,0,0,-1.5598,0.4726,0.5789,5069580.5000
81.9501,0.4528,-0.0013,0.4839,0.0000,0,0,-1.5536,0.4747,0.5789,5069580.5000
81.9598,0.4588,-0.1088,0.4839,0.0000,0,0,-1.5470,0.4766,0.5789,5069580.5000
81.9706,0.5790,0.0936,0.4839,0.0000,0,0,-1.5419,0.4779,0.5789,5069580.5000
81.9798,0.7066,0.1217,0.4839,0.0000,0,0,-1.5385,0.4786,0.5789,5069580.5000
81.9898,0.3959,0.7215,0.4839,0.0000,0,0,-1.5292,0.4802,0.5789,5069580.5000
82.0001,0.5065,0.4926,0.4839,0.0000,0,0,-1.5213,0.4811,0.5789,5069580.5000
82.0100,0.7463,-0.0040,0.4839,0.0000,0,0,-1.5173,0.4815,0.5789,5069580.5000
82.0201,0.2803,0.6312,0.4839,0.0000,0,0,-1.5046,0.4820,0.5789,5069580.5000
82.0298,0.5582,0.6401,0.4839,0.0000,0,0,-1.4967,0.4820,0.5789,5069580.5000
82.0398,1.0674,0.2243,0.4839,0.0000,0,0,-1.4971,0.4820,0.5789,5069580.5000
82.0508,1.0253,0.5253,0.4839,0.0000,0,0,-1.4963,0.4819,0.5789,5069580.5000
82.0598,1.0272,0.2365,0.4839,0.0000,0,0,-1.4951,0.4818,0.5789,5069580.5000
82.0701,1.0344,0.0559,0.4839,0.0000,0,0,-1.4936,0.4815,0.5789,5069580.5000
82.0797,0.8755,0.1366,0.4839,0.0000,0,0,-1.4892,0.4805,0.5789,5069580.5000
82.0898,0.9956,-0.2149,0.4839,0.0000,0,0,-1.4864,0.4797,0.5789,5069580.5000
82.1001,0.9513,0.2645,0.4839,0.0000,0,0,-1.4827,0.4785,0.5789,5069580.5000
82.1098,0.8941,0.5754,0.4839,0.0000,0,0,-1.4779,0.4766,0.5789,5069580.5000
82.1207,1.2575,0.1299,0.4839,0.0000,0,0,-1.4786,0.4770,0.5789,5069580.5000
82.1298,1.0106,0.3857,0.4839,0.0000,0,0,-1.4753,0.4753,0.5789,5069580.5000
82.1398,0.7670,0.7601,0.4839,0.0000,0,0,-1.4681,0.4713,0.5789,5069580.5000
82.1500,1.1311,0.3691,0.4839,0.0000,0,0,-1.4664,0.4703,0.5789,5069580.5000
82.1597,1.2470,0.3590,0.4839,0.0000,0,0,-1.4664,0.4702,0.5789,5069580.5000
82.1706,1.2553,0.2391,0.4839,0.0000,0,0,-1.4662,0.4701,0.5789,5069580.5000
82.1798,1.1482,0.1008,0.4839,0.0000,0,0,-1.4645,0.4687,0.5789,5069580.5000
82.1898,0.9434,0.3071,0.4839,0.0000,0,0,-1.4599,0.4645,0.5789,5069580.5000
82.2001,0.9706,-0.1454,0.4839,0.0000,0,0,-1.4559,0.4604,0.5789,5069580.5000
82.2097,0.9565,0.0690,0.4839,0.0000,0,0,-1.4518,0.4559,0.5789,5069580.5000
82.2201,0.7106,0.7761,0.4839,0.0000,0,0,-1.4450,0.4476,0.5789,5069580.5000
82.2298,1.0345,0.2576,0.4839,0.0000,0,0,-1.4423,0.4441,0.5789,5069580.5000
82.2397,1.2814,0.2688,0.4839,0.0000,0,0,-1.4425,0.4444,0.5789,5069580.5000
82.2507,0.9148,0.8102,0.4839,0.0000,0,0,-1.4389,0.4386,0.5789,5069580.5000
82.2598,1.1104,0.5074,0.4839,0.0000,0,0,-1.4374,0.4362,0.5789,5069580.5000
82.2701,1.2177,0.4599,0.4839,0.0000,0,0,-1.4372,0.4357,0.5789,5069580.5000
82.2798,0.9295,0.3593,0.4839,0.0000,0,0,-1.4344,0.4299,0.5789,5069580.5000
82.2897,1.0225,0.0453,0.4839,0.0000,0,0,-1.4328,0.4260,0.5789,5069580.5000
82.3001,1.0146,0.2557,0.4839,0.0000,0,0,-1.4313,0.4220,0.5789,5069580.5000
82.3098,1.0372,0.1640,0.4839,0.0000,0,0,-1.4301,0.4187,0.5789,5069580.5000
82.3208,1.0527,-0.0009,0.4839,0.0000,0,0,-1.4293,0.4159,0.5789,5069580.5000
82.3298,0.6568,0.6382,0.4839,0.0000,0,0,-1.4264,0.4049,0.5789,5069580.5000
82.3397,0.6431,0.5651,0.4839,0.0000,0,0,-1.4240,0.3940,0.5789,5069580.5000
82.3501,0.9594,0.2203,0.4839,0.0000,0,0,-1.4233,0.3905,0.5789,5069580.5000
82.3598,0.7865,0.5893,0.4839,0.0000,0,0,-1.4222,0.3836,0.5789,5069580.5000
82.3706,0.8104,0.4923,0.4839,0.0000,0,0,-1.4215,0.3776,0.5789,5069580.5000
82.3798,1.0771,0.2455,0.4839,0.0000,0,0,-1.4216,0.3785,0.5789,5069580.5000
82.3898,0.8297,0.4969,0.4839,0.0000,0,0,-1.4214,0.3739,0.5789,5069580.5000
82.4001,0.6937,0.3497,0.4839,0.0000,0,0,-1.4212,0.3666,0.5789,5069580.5000
82.4098,0.6383,0.2152,0.4839,0.0000,0,0,-1.4212,0.3587,0.5789,5069580.5000
82.4201,0.5723,0.2039,0.4839,0.0000,0,0,-1.4215,0.3499,0.5789,5069580.5000
82.4298,0.7522,-0.2238,0.4839,0.0000,0,0,-1.4217,0.3464,0.5789,5069580.5000
82.4397,0.6098,0.1278,0.4839,0.0000,0,0,-1.4223,0.3400,0.5789,5069580.5000
82.4507,0.3322,0.5309,0.4839,0.0000,0,0,-1.4238,0.3276,0.5789,5069580.5000
82.4598,0.6639,0.0975,0.4839,0.0000,0,0,-1.4243,0.3246,0.5789,5069580.5000
82.4701,0.6149,0.4255,0.4839,0.0000,0,0,-1.4249,0.3213,0.5789,5069580.5000
82.4798,0.3379,0.7698,0.4839,0.0000,0,0,-1.4268,0.3118,0.5789,5069580.5000
82.4898,0.7554,0.3180,0.4839,0.0000,0,0,-1.4263,0.3140,0.5789,5069580.5000
82.5001,0.9582,0.4236,0.4839,0.0000,0,0,-1.4242,0.3222,0.5789,5069580.5000
82.5098,0.7158,0.4716,0.4839,0.0000,0,0,-1.4235,0.3247,0.5789,5069580.5000
82.5207,0.7829,0.2682,0.4839,0.0000,0,0,-1.4218,0.3297,0.5789,5069580.5000
82.5298,0.6729,0.2815,0.4839,0.0000,0,0,-1.4209,0.3326,0.5789,5069580.5000
82.5398,0.5644,-0.0720,0.4839,0.0000,0,0,-1.4205,0.3336,0.5789,5069580.5000
82.5501,0.5551,-0.1201,0.4839,0.0000,0,0,-1.4198,0.3352,0.5789,5069580.5000
82.5597,0.3282,0.3920,0.4839,0.0000,0,0,-1.4212,0.3321,0.5789,5069580.5000
82.5707,0.5104,0.1561,0.4839,0.0000,0,0,-1.4200,0.3345,0.5789,5069580.5000
82.5798,0.8072,0.1521,0.4839,0.0000,0,0,-1.4150,0.3449,0.5789,5069580.5000
82.5898,0.4470,0.8120,0.4839,0.0000,0,0,-1.4138,0.3471,0.5789,5069580.5000
82.6000,0.4443,0.7206,0.4839,0.0000,0,0,-1.4122,0.3501,0.5789,5069580.5000
82.6098,0.6444,0.3162,0.4839,0.0000,0,0,-1.4073,0.3586,0.5789,5069580.5000
82.6201,0.3791,0.4858,0.4839,0.0000,0,0,-1.4055,0.3615,0.5789,5069580.5000
82.6298,0.4158,0.2691,0.4839,0.0000,0,0,-1.4026,0.3659,0.5789,5069580.5000
82.6397,0.5756,-0.0230,0.4839,0.0000,0,0,-1.3967,0.3746,0.5789,5069580.5000
82.6508,0.4606,0.2632,0.4839,0.0000,0,0,-1.3918,0.3813,0.5789,5069580.5000
82.6597,0.3972,0.2164,0.4839,0.0000,0,0,-1.3875,0.3871,0.5789,5069580.5000
82.6701,0.3579,0.2274,0.4839,0.0000,0,0,-1.3830,0.3927,0.5789,5069580.5000
82.6798,0.3613,0.2999,0.4839,0.0000,0,0,-1.3779,0.3989,0.5789,5069580.5000
82.6898,0.3806,-0.0209,0.4839,0.0000,0,0,-1.3718,0.4060,0.5789,5069580.5000
82.7001,0.1845,0.2726,0.4839,0.0000,0,0,-1.3685,0.4098,0.5789,5069580.5000
82.7098,0.3010,0.6539,0.4839,0.0000,0,0,-1.3623,0.4165,0.5789,5069580.5000
82.7207,0.4795,0.2340,0.4839,0.0000,0,0,-1.3521,0.4273,0.5789,5069580.5000
82.7298,0.3194,0.4013,0.4839,0.0000,0,0,-1.3444,0.4352,0.5789,5069580.5000
82.7398,0.1820,0.6844,0.4839,0.0000,0,0,-1.3387,0.4408,0.5789,5069580.5000
82.7501,0.2983,0.0451,0.4839,0.0000,0,0,-1.3300,0.4492,0.5789,5069580.5000
82.7597,0.3183,-0.0485,0.4839,0.0000,0,0,-1.3203,0.4582,0.5789,5069580.5000
82.7706,0.2048,0.1787,0.4839,0.0000,0,0,-1.3122,0.4655,0.5789,5069580.5000
82.7798,0.1659,-0.1255,0.4839,0.0000,0,0,-1.3045,0.4723,0.5789,5069580.5000
82.7898,0.2142,-0.0982,0.4839,0.0000,0,0,-1.2951,0.4803,0.5789,5069580.5000
82.8000,0.1102,0.0255,0.4839,0.0000,0,0,-1.2872,0.4867,0.5789,5069580.5000
82.8098,-0.1211,0.2045,0.4839,0.0000,0,0,-1.2834,0.4897,0.5789,5069580.5000
82.8200,-0.1771,0.8309,0.4839,0.0000,0,0,-1.2800,0.4922,0.5789,5069580.5000
82.8298,0.1191,0.3865,0.4839,0.0000,0,0,-1.2693,0.5000,0.5789,5069580.5000
82.8397,0.2609,0.0324,0.4839,0.0000,0,0,-1.2547,0.5103,0.5789,5069580.5000
82.8507,-0.0794,0.4086,0.4839,0.0000,0,0,-1.2473,0.5153,0.5789,5069580.5000
82.8598,-0.1264,0.2204,0.4839,0.0000,0,0,-1.2403,0.5199,0.5789,5069580.5000
82.8701,-0.0541,-0.1919,0.4839,0.0000,0,0,-1.2309,0.5259,0.5789,5069580.5000
82.8797,-0.1857,0.1531,0.4839,0.0000,0,0,-1.2240,0.5301,0.5789,5069580.5000
82.8898,-0.3092,0.1546,0.4839,0.0000,0,0,-1.2194,0.5329,0.5789,5069580.5000
82.9000,-0.3210,-0.0158,0.4839,0.0000,0,0,-1.2142,0.5360,0.5789,5069580.5000
82.9098,-0.2962,0.1464,0.4839,0.0000,0,0,-1.2078,0.5396,0.5789,5069580.5000
82.9207,-0.5972,0.1201,0.4839,0.0000,0,0,-1.2078,0.5396,0.5789,5069580.5000
82.9298,-0.7424,0.3353,0.4839,0.0000,0,0,-1.2105,0.5382,0.5789,5069580.5000
82.9398,-0.3905,0.5970,0.4839,0.0000,0,0,-1.2038,0.5417,0.5789,5069580.5000
82.9501,-0.3042,0.2294,0.4839,0.0000,0,0,-1.1944,0.5465,0.5789,5069580.5000
82.9598,-0.4440,0.3018,0.4839,0.0000,0,0,-1.1879,0.5498,0.5789,5069580.5000
82.9706,-0.6236,0.5615,0.4839,0.0000,0,0,-1.1850,0.5512,0.5789,5069580.5000
82.9798,-0.7456,-0.0145,0.4839,0.0000,0,0,-1.1844,0.5515,0.5789,5069580.5000
82.9898,-0.7045,-0.2428,0.4839,0.0000,0,0,-1.1821,0.5526,0.5789,5069580.5000
83.0000,-0.8366,0.1141,0.4839,0.0000,0,0,-1.1820,0.5526,0.5789,5069580.5000
83.0099,-1.1282,0.1249,0.4839,0.0000,0,0,-1.1880,0.5500,0.5789,5069580.5000
83.0201,-1.0150,-0.0391,0.4839,0.0000,0,0,-1.1904,0.5490,0.5789,5069580.5000
83.0298,-0.9388,0.1509,0.4839,0.0000,0,0,-1.1902,0.5490,0.5789,5069580.5000
83.0398,-1.1348,0.3438,0.4839,0.0000,0,0,-1.1938,0.5476,0.5789,5069580.5000
83.0507,-1.1385,0.6524,0.4839,0.0000,0,0,-1.1966,0.5466,0.5789,5069580.5000
83.0597,-0.9150,0.4994,0.4839,0.0000,0,0,-1.1937,0.5476,0.5789,5069580.5000
83.0701,-1.0050,0.0559,0.4839,0.0000,0,0,-1.1923,0.5481,0.5789,5069580.5000
83.0798,-1.0865,0.3645,0.4839,0.0000,0,0,-1.1921,0.5482,0.5789,5069580.5000
83.0898,-1.1410,0.3328,0.4839,0.0000,0,0,-1.1925,0.5480,0.5789,5069580.5000
83.1000,-1.0438,-0.2386,0.4839,0.0000,0,0,-1.1903,0.5487,0.5789,5069580.5000
83.1098,-1.0946,0.0343,0.4839,0.0000,0,0,-1.1887,0.5491,0.5789,5069580.5000
83.1207,-1.2834,0.2457,0.4839,0.0000,0,0,-1.1906,0.5487,0.5789,5069580.5000
83.1298,-1.3449,-0.0703,0.4839,0.0000,0,0,-1.1933,0.5480,0.5789,5069580.5000
83.1398,-1.2281,0.0803,0.4839,0.0000,0,0,-1.1930,0.5481,0.5789,5069580.5000
83.1501,-1.4389,0.1154,0.4839,0.0000,0,0,-1.1966,0.5474,0.5789,5069580.5000
83.1598,-1.5527,0.3702,0.4839,0.0000,0,0,-1.2020,0.5466,0.5789,5069580.5000
83.1706,-1.3069,0.4837,0.4839,0.0000,0,0,-1.2018,0.5466,0.5789,5069580.5000
83.1798,-1.2208,0.1318,0.4839,0.0000,0,0,-1.1996,0.5468,0.5789,5069580.5000
83.1898,-1.3022,0.2533,0.4839,0.0000,0,0,-1.1987,0.5469,0.5789,5069580.5000
83.2000,-1.1095,0.4425,0.4839,0.0000,0,0,-1.1938,0.5471,0.5789,5069580.5000
83.2098,-1.2343,-0.1443,0.4839,0.0000,0,0,-1.1913,0.5472,0.5789,5069580.5000
83.2201,-1.2717,0.1500,0.4839,0.0000,0,0,-1.1893,0.5472,0.5789,5069580.5000
83.2298,-1.4097,0.4631,0.4839,0.0000,0,0,-1.1898,0.5472,0.5789,5069580.5000
83.2398,-1.3540,-0.0769,0.4839,0.0000,0,0,-1.1890,0.5471,0.5789,5069580.5000
83.2508,-1.3178,-0.2161,0.4839,0.0000,0,0,-1.1874,0.5470,0.5789,5069580.5000
83.2598,-1.5504,0.2638,0.4839,0.0000,0,0,-1.1899,0.5473,0.5789,5069580.5000
83.2701,-1.5190,0.0075,0.4839,0.0000,0,0,-1.1916,0.5476,0.5789,5069580.5000
83.2798,-1.3511,-0.0601,0.4839,0.0000,0,0,-1.1902,0.5473,0.5789,5069580.5000
83.2898,-1.5639,0.5360,0.4839,0.0000,0,0,-1.1924,0.5479,0.5789,5069580.5000
83.3001,-1.4811,0.4139,0.4839,0.0000,0,0,-1.1931,0.5481,0.5789,5069580.5000
83.3098,-1.2239,0.1689,0.4839,0.0000,0,0,-1.1895,0.5469,0.5789,5069580.5000
83.3207,-1.4800,0.5792,0.4839,0.0000,0,0,-1.1902,0.5471,0.5789,5069580.5000
83.3298,-1.4778,0.4596,0.4839,0.0000,0,0,-1.1907,0.5474,0.5789,5069580.5000
83.3397,-1.1585,0.1075,0.4839,0.0000,0,0,-1.1865,0.5454,0.5789,5069580.5000
83.3500,-1.3271,0.0879,0.4839,0.0000,0,0,-1.1850,0.5447,0.5789,5069580.5000
83.3597,-1.3615,0.0052,0.4839,0.0000,0,0,-1.1841,0.5442,0.5789,5069580.5000
83.3706,-1.3636,0.1041,0.4839,0.0000,0,0,-1.1833,0.5437,0.5789,5069580.5000
83.3797,-1.3164,0.0373,0.4839,0.0000,0,0,-1.1820,0.5429,0.5789,5069580.5000
83.3898,-1.1296,-0.1851,0.4839,0.0000,0,0,-1.1785,0.5403,0.5789,5069580.5000
83.4001,-1.3579,0.2465,0.4839,0.0000,0,0,-1.1782,0.5401,0.5789,5069580.5000
83.4098,-1.4373,0.5199,0.4839,0.0000,0,0,-1.1789,0.5407,0.5789,5069580.5000
83.4201,-1.2425,0.0665,0.4839,0.0000,0,0,-1.1775,0.5393,0.5789,5069580.5000
83.4297,-1.4041,0.3267,0.4839,0.0000,0,0,-1.1780,0.5399,0.5789,5069580.5000
83.4397,-1.4355,0.5699,0.4839,0.0000,0,0,-1.1790,0.5410,0.5789,5069580.5000
83.4507,-1.0014,0.1055,0.4839,0.0000,0,0,-1.1757,0.5371,0.5789,5069580.5000
83.4598,-1.1149,0.4255,0.4839,0.0000,0,0,-1.1739,0.5347,0.5789,5069580.5000
83.4701,-1.3263,0.6559,0.4839,0.0000,0,0,-1.1743,0.5352,0.5789,5069580.5000
83.4798,-1.1932,0.2051,0.4839,0.0000,0,0,-1.1736,0.5342,0.5789,5069580.5000
83.4898,-1.2230,0.1084,0.4839,0.0000,0,0,-1.1734,0.5339,0.5789,5069580.5000
83.5001,-1.3108,0.0086,0.4839,0.0000,0,0,-1.1740,0.5350,0.5789,5069580.5000
83.5098,-1.2440,-0.1281,0.4839,0.0000,0,0,-1.1742,0.5355,0.5789,5069580.5000
83.5207,-1.2894,0.0494,0.4839,0.0000,0,0,-1.1749,0.5369,0.5789,5069580.5000
83.5298,-1.2432,-0.1395,0.4839,0.0000,0,0,-1.1753,0.5380,0.5789,5069580.5000
83.5398,-1.3325,0.0347,0.4839,0.0000,0,0,-1.1762,0.5408,0.5789,5069580.5000
83.5501,-1.4570,0.5177,0.4839,0.0000,0,0,-1.1777,0.5459,0.5789,5069580.5000
83.5598,-1.1135,0.1472,0.4839,0.0000,0,0,-1.1777,0.5459,0.5789,5069580.5000
83.5706,-1.1318,0.0673,0.4839,0.0000,0,0,-1.1779,0.5467,0.5789,5069580.5000
83.5798,-1.4547,0.5735,0.4839,0.0000,0,0,-1.1790,0.5530,0.5789,5069580.5000
83.5898,-1.1391,0.1346,0.4839,0.0000,0,0,-1.1792,0.5547,0.5789,5069580.5000
83.6001,-1.0676,-0.1556,0.4839,0.0000,0,0,-1.1793,0.5556,0.5789,5069580.5000
83.6097,-1.2873,0.3569,0.4839,0.0000,0,0,-1.1795,0.5606,0.5789,5069580.5000
83.6200,-1.1366,0.1631,0.4839,0.0000,0,0,-1.1796,0.5636,0.5789,5069580.5000
83.6298,-1.0900,-0.1082,0.4839,0.0000,0,0,-1.1795,0.5662,0.5789,5069580.5000
83.6397,-1.1916,0.1104,0.4839,0.0000,0,0,-1.1793,0.5711,0.5789,5069580.5000
83.6508,-1.3600,-0.0717,0.4839,0.0000,0,0,-1.1785,0.5793,0.5789,5069580.5000
83.6597,-1.3966,0.0930,0.4839,0.0000,0,0,-1.1774,0.5886,0.5789,5069580.5000
83.6701,-1.1470,0.0147,0.4839,0.0000,0,0,-1.1765,0.5940,0.5789,5069580.5000
83.6798,-1.0694,-0.1155,0.4839,0.0000,0,0,-1.1756,0.5985,0.5789,5069580.5000
83.6898,-1.2874,0.6432,0.4839,0.0000,0,0,-1.1736,0.6072,0.5789,5069580.5000
83.7000,-1.1204,0.6825,0.4839,0.0000,0,0,-1.1720,0.6136,0.5789,5069580.5000
83.7098,-0.8391,0.0624,0.4839,0.0000,0,0,-1.1714,0.6155,0.5789,5069580.5000
83.7207,-1.1161,0.4219,0.4839,0.0000,0,0,-1.1690,0.6228,0.5789,5069580.5000
83.7297,-1.0898,0.4028,0.4839,0.0000,0,0,-1.1663,0.6300,0.5789,5069580.5000
83.7397,-0.8634,-0.0761,0.4839,0.0000,0,0,-1.1648,0.6338,0.5789,5069580.5000
83.7500,-0.9360,0.1120,0.4839,0.0000,0,0,-1.1623,0.6394,0.5789,5069580.5000
83.7597,-0.9441,0.1523,0.4839,0.0000,0,0,-1.1595,0.6455,0.5789,5069580.5000
83.7706,-1.0745,-0.0387,0.4839,0.0000,0,0,-1.1550,0.6543,0.5789,5069580.5000
83.7797,-1.0355,0.1621,0.4839,0.0000,0,0,-1.1504,0.6627,0.5789,5069580.5000
83.7898,-0.9645,0.1464,0.4839,0.0000,0,0,-1.1459,0.6703,0.5789,5069580.5000
83.8001,-1.0596,0.1770,0.4839,0.0000,0,0,-1.1399,0.6798,0.5789,5069580.5000
83.8098,-0.8672,0.4762,0.4839,0.0000,0,0,-1.1355,0.6865,0.5789,5069580.5000
83.8201,-0.6088,0.1569,0.4839,0.0000,0,0,-1.1332,0.6897,0.5789,5069580.5000
83.8298,-0.8363,0.1118,0.4839,0.0000,0,0,-1.1280,0.6966,0.5789,5069580.5000
83.8397,-0.9271,0.4463,0.4839,0.0000,0,0,-1.1211,0.7052,0.5789,5069580.5000
83.8508,-0.4975,-0.0839,0.4839,0.0000,0,0,-1.1188,0.7078,0.5789,5069580.5000
83.8598,-0.5248,-0.0939,0.4839,0.0000,0,0,-1.1157,0.7113,0.5789,5069580.5000
83.8701,-0.6165,0.4015,0.4839,0.0000,0,0,-1.1108,0.7163,0.5789,5069580.5000
83.8798,-0.5425,0.0958,0.4839,0.0000,0,0,-1.1064,0.7207,0.5789,5069580.5000
83.8898,-0.4986,-0.0998,0.4839,0.0000,0,0,-1.1020,0.7247,0.5789,5069580.5000
83.9001,-0.4352,-0.0753,0.4839,0.0000,0,0,-1.0979,0.7283,0.5789,5069580.5000
83.9098,-0.4872,-0.1553,0.4839,0.0000,0,0,-1.0925,0.7327,0.5789,5069580.5000
83.9207,-0.6617,0.2725,0.4839,0.0000,0,0,-1.0838,0.7392,0.5789,5069580.5000
83.9298,-0.3891,0.0190,0.4839,0.0000,0,0,-1.0788,0.7428,0.5789,5069580.5000
83.9397,-0.3636,-0.1206,0.4839,0.0000,0,0,-1.0736,0.7463,0.5789,5069580.5000
83.9500,-0.7079,0.7329,0.4839,0.0000,0,0,-1.0623,0.7532,0.5789,5069580.5000
83.9597,-0.3800,0.3657,0.4839,0.0000,0,0,-1.0558,0.7570,0.5789,5069580.5000
83.9706,0.0070,-0.1769,0.4839,0.0000,0,0,-1.0548,0.7575,0.5789,5069580.5000
83.9797,-0.1858,0.3285,0.4839,0.0000,0,0,-1.0502,0.7597,0.5789,5069580.5000
83.9898,0.1419,0.0824,0.4839,0.0000,0,0,-1.0504,0.7597,0.5789,5069580.5000
84.0000,0.1732,-0.2523,0.4839,0.0000,0,0,-1.0503,0.7597,0.5789,5069580.5000
84.0099,-0.0990,0.3018,0.4839,0.0000,0,0,-1.0452,0.7615,0.5789,5069580.5000
84.0201,-0.2999,0.1744,0.4839,0.0000,0,0,-1.0360,0.7644,0.5789,5069580.5000
84.0298,-0.1731,-0.0180,0.4839,0.0000,0,0,-1.0286,0.7665,0.5789,5069580.5000
84.0397,-0.0853,0.1226,0.4839,0.0000,0,0,-1.0222,0.7680,0.5789,5069580.5000
84.0507,-0.0021,0.0307,0.4839,0.0000,0,0,-1.0167,0.7691,0.5789,5069580.5000
84.0597,-0.1064,0.3013,0.4839,0.0000,0,0,-1.0089,0.7703,0.5789,5069580.5000
84.0701,-0.0456,0.5650,0.4839,0.0000,0,0,-1.0017,0.7711,0.5789,5069580.5000
84.0798,0.0333,0.2820,0.4839,0.0000,0,0,-0.9954,0.7716,0.5789,5069580.5000
84.0898,-0.0116,0.5858,0.4839,0.0000,0,0,-0.9880,0.7718,0.5789,5069580.5000
84.1000,0.2021,0.6602,0.4839,0.0000,0,0,-0.9838,0.7717,0.5789,5069580.5000
84.1098,0.4832,-0.1019,0.4839,0.0000,0,0,-0.9841,0.7717,0.5789,5069580.5000
84.1207,0.3270,-0.1165,0.4839,0.0000,0,0,-0.9810,0.7714,0.5789,5069580.5000
84.1298,0.1908,0.2725,0.4839,0.0000,0,0,-0.9753,0.7705,0.5789,5069580.5000
84.1398,0.1700,-0.1786,0.4839,0.0000,0,0,-0.9690,0.7693,0.5789,5069580.5000
84.1501,0.3839,-0.1899,0.4839,0.0000,0,0,-0.9658,0.7685,0.5789,5069580.5000
84.1597,0.4221,0.1097,0.4839,0.0000,0,0,-0.9630,0.7677,0.5789,5069580.5000
84.1706,0.2351,0.2715,0.4839,0.0000,0,0,-0.9567,0.7655,0.5789,5069580.5000
84.1797,0.2522,0.6142,0.4839,0.0000,0,0,-0.9505,0.7630,0.5789,5069580.5000
84.1898,0.3706,0.4909,0.4839,0.0000,0,0,-0.9461,0.7610,0.5789,5069580.5000
84.2001,0.2804,0.3848,0.4839,0.0000,0,0,-0.9400,0.7578,0.5789,5069580.5000
84.2098,0.2764,0.8682,0.4839,0.0000,0,0,-0.9337,0.7542,0.5789,5069580.5000
84.2200,0.7455,0.4679,0.4839,0.0000,0,0,-0.9344,0.7546,0.5789,5069580.5000
84.2298,0.9329,-0.0908,0.4839,0.0000,0,0,-0.9374,0.7568,0.5789,5069580.5000
84.2397,0.6599,0.2801,0.4839,0.0000,0,0,-0.9362,0.7558,0.5789,5069580.5000
84.2507,0.3989,0.0329,0.4839,0.0000,0,0,-0.9311,0.7514,0.5789,5069580.5000
84.2598,0.3799,-0.2839,0.4839,0.0000,0,0,-0.9258,0.7463,0.5789,5069580.5000
84.2701,0.3282,0.1246,0.4839,0.0000,0,0,-0.9198,0.7402,0.5789,5069580.5000
84.2797,0.1518,0.2937,0.4839,0.0000,0,0,-0.9119,0.7311,0.5789,5069580.5000
84.2898,0.2334,0.3995,0.4839,0.0000,0,0,-0.9052,0.7229,0.5789,5069580.5000
84.3001,0.4379,0.4756,0.4839,0.0000,0,0,-0.9011,0.7173,0.5789,5069580.5000
84.3098,0.3442,0.3650,0.4839,0.0000,0,0,-0.8962,0.7100,0.5789,5069580.5000
84.3206,0.2217,0.7215,0.4839,0.0000,0,0,-0.8902,0.7002,0.5789,5069580.5000
84.3298,0.5596,0.6336,0.4839,0.0000,0,0,-0.8879,0.6961,0.5789,5069580.5000
84.3398,0.7517,0.0659,0.4839,0.0000,0,0,-0.8875,0.6953,0.5789,5069580.5000
84.3501,0.6986,0.4063,0.4839,0.0000,0,0,-0.8866,0.6933,0.5789,5069580.5000
84.3597,0.7059,0.5767,0.4839,0.0000,0,0,-0.8858,0.6912,0.5789,5069580.5000
84.3707,0.6858,-0.0545,0.4839,0.0000,0,0,-0.8848,0.6887,0.5789,5069580.5000
84.3798,0.6810,0.1862,0.4839,0.0000,0,0,-0.8839,0.6859,0.5789,5069580.5000
84.3898,0.4658,0.4028,0.4839,0.0000,0,0,-0.8818,0.6785,0.5789,5069580.5000
84.4001,0.3768,0.2728,0.4839,0.0000,0,0,-0.8795,0.6690,0.5789,5069580.5000
84.4097,0.6007,0.5321,0.4839,0.0000,0,0,-0.8785,0.6646,0.5789,5069580.5000
84.4200,0.3885,0.6062,0.4839,0.0000,0,0,-0.8769,0.6554,0.5789,5069580.5000
84.4298,0.4823,0.5901,0.4839,0.0000,0,0,-0.8759,0.6485,0.5789,5069580.5000
84.4398,0.7871,0.6602,0.4839,0.0000,0,0,-0.8760,0.6488,0.5789,5069580.5000
84.4508,0.7769,0.3333,0.4839,0.0000,0,0,-0.8760,0.6489,0.5789,5069580.5000
84.4598,0.6771,0.2073,0.4839,0.0000,0,0,-0.8759,0.6467,0.5789,5069580.5000
84.4701,0.5186,0.3627,0.4839,0.0000,0,0,-0.8758,0.6407,0.5789,5069580.5000
84.4798,0.4077,-0.0199,0.4839,0.0000,0,0,-0.8759,0.6323,0.5789,5069580.5000
84.4898,0.6833,-0.1512,0.4839,0.0000,0,0,-0.8760,0.6311,0.5789,5069580.5000
84.5001,0.5779,0.2715,0.4839,0.0000,0,0,-0.8762,0.6274,0.5789,5069580.5000
84.5098,0.4312,0.1969,0.4839,0.0000,0,0,-0.8769,0.6204,0.5789,5069580.5000
84.5207,0.6806,0.1392,0.4839,0.0000,0,0,-0.8770,0.6201,0.5789,5069580.5000
84.5298,0.3785,0.4560,0.4839,0.0000,0,0,-0.8782,0.6124,0.5789,5069580.5000
84.5397,0.3174,0.6048,0.4839,0.0000,0,0,-0.8798,0.6037,0.5789,5069580.5000
84.5501,0.7048,0.6802,0.4839,0.0000,0,0,-0.8794,0.6055,0.5789,5069580.5000
84.5597,0.7142,0.3727,0.4839,0.0000,0,0,-0.8789,0.6077,0.5789,5069580.5000
84.5706,0.7404,0.0950,0.4839,0.0000,0,0,-0.8780,0.6110,0.5789,5069580.5000
84.5797,0.7359,0.1940,0.4839,0.0000,0,0,-0.8770,0.6143,0.5789,5069580.5000
84.5897,0.6612,0.1123,0.4839,0.0000,0,0,-0.8765,0.6160,0.5789,5069580.5000
84.6000,0.7691,-0.2364,0.4839,0.0000,0,0,-0.8747,0.6208,0.5789,5069580.5000
84.6098,0.5166,0.1687,0.4839,0.0000,0,0,-0.8752,0.6195,0.5789,5069580.5000
84.6201,0.2527,0.4380,0.4839,0.0000,0,0,-0.8782,0.6122,0.5789,5069580.5000
84.6297,0.4757,-0.0399,0.4839,0.0000,0,0,-0.8787,0.6112,0.5789,5069580.5000
84.6397,0.4717,0.2560,0.4839,0.0000,0,0,-0.8790,0.6106,0.5789,5069580.5000
84.6507,0.2758,0.7669,0.4839,0.0000,0,0,-0.8814,0.6058,0.5789,5069580.5000
84.6597,0.6849,0.3744,0.4839,0.0000,0,0,-0.8784,0.6115,0.5789,5069580.5000
84.6701,0.5742,0.3478,0.4839,0.0000,0,0,-0.8765,0.6149,0.5789,5069580.5000
84.6798,0.3751,0.4690,0.4839,0.0000,0,0,-0.8770,0.6139,0.5789,5069580.5000
84.6898,0.4116,0.0069,0.4839,0.0000,0,0,-0.8767,0.6144,0.5789,5069580.5000
84.7001,0.3670,0.0655,0.4839,0.0000,0,0,-0.8767,0.6145,0.5789,5069580.5000
84.7098,0.3479,0.1277,0.4839,0.0000,0,0,-0.8766,0.6146,0.5789,5069580.5000
84.7208,0.3303,0.0585,0.4839,0.0000,0,0,-0.8764,0.6149,0.5789,5069580.5000
84.7298,0.3475,0.4345,0.4839,0.0000,0,0,-0.8754,0.6161,0.5789,5069580.5000
84.7397,0.4287,0.3919,0.4839,0.0000,0,0,-0.8727,0.6195,0.5789,5069580.5000
84.7501,0.1689,0.4380,0.4839,0.0000,0,0,-0.8740,0.6180,0.5789,5069580.5000
84.7597,0.2838,0.9474,0.4839,0.0000,0,0,-0.8728,0.6194,0.5789,5069580.5000
84.7706,0.4043,0.5993,0.4839,0.0000,0,0,-0.8689,0.6238,0.5789,5069580.5000
84.7797,0.3201,0.3159,0.4839,0.0000,0,0,-0.8661,0.6268,0.5789,5069580.5000
84.7898,0.3230,0.6215,0.4839,0.0000,0,0,-0.8628,0.6303,0.5789,5069580.5000
84.8001,0.3516,0.4115,0.4839,0.0000,0,0,-0.8583,0.6347,0.5789,5069580.5000
84.8098,0.3755,-0.0460,0.4839,0.0000,0,0,-0.8531,0.6399,0.5789,5069580.5000
84.8200,0.2667,0.2739,0.4839,0.0000,0,0,-0.8494,0.6434,0.5789,5069580.5000
84.8298,-0.0498,0.4704,0.4839,0.0000,0,0,-0.8516,0.6414,0.5789,5069580.5000
84.8398,0.2152,0.0874,0.4839,0.0000,0,0,-0.8478,0.6448,0.5789,5069580.5000
84.8508,0.3674,0.3181,0.4839,0.0000,0,0,-0.8403,0.6512,0.5789,5069580.5000
84.8598,0.0544,0.9377,0.4839,0.0000,0,0,-0.8389,0.6524,0.5789,5069580.5000
84.8701,0.2928,0.6824,0.4839,0.0000,0,0,-0.8318,0.6581,0.5789,5069580.5000
84.8797,0.3932,0.3554,0.4839,0.0000,0,0,-0.8220,0.6657,0.5789,5069580.5000
84.8897,0.0923,0.5792,0.4839,0.0000,0,0,-0.8184,0.6684,0.5789,5069580.5000
84.9000,0.2135,0.1605,0.4839,0.0000,0,0,-0.8114,0.6734,0.5789,5069580.5000
84.9098,0.2210,-0.0002,0.4839,0.0000,0,0,-0.8038,0.6787,0.5789,5069580.5000
84.9206,0.1350,-0.0356,0.4839,0.0000,0,0,-0.7975,0.6829,0.5789,5069580.5000
84.9298,0.1523,-0.1290,0.4839,0.0000,0,0,-0.7904,0.6875,0.5789,5069580.5000
84.9397,-0.1542,0.4696,0.4839,0.0000,0,0,-0.7900,0.6878,0.5789,5069580.5000
84.9501,-0.1931,0.5248,0.4839,0.0000,0,0,-0.7896,0.6880,0.5789,5069580.5000
84.9597,0.1123,0.0462,0.4839,0.0000,0,0,-0.7814,0.6929,0.5789,5069580.5000
84.9706,-0.1936,0.6641,0.4839,0.0000,0,0,-0.7799,0.6937,0.5789,5069580.5000
84.9798,-0.1824,0.7643,0.4839,0.0000,0,0,-0.7776,0.6951,0.5789,5069580.5000
84.9897,0.1612,0.1127,0.4839,0.0000,0,0,-0.7663,0.7013,0.5789,5069580.5000
85.0001,0.0835,0.2883,0.4839,0.0000,0,0,-0.7566,0.7065,0.5789,5069580.5000
85.0099,-0.1757,0.1900,0.4839,0.0000,0,0,-0.7527,0.7085,0.5789,5069580.5000
85.0201,-0.2982,-0.1210,0.4839,0.0000,0,0,-0.7512,0.7093,0.5789,5069580.5000
85.0298,-0.4033,-0.0142,0.4839,0.0000,0,0,-0.7515,0.7092,0.5789,5069580.5000
85.0397,-0.2784,-0.1545,0.4839,0.0000,0,0,-0.7481,0.7108,0.5789,5069580.5000
85.0507,-0.4301,0.0750,0.4839,0.0000,0,0,-0.7476,0.7110,0.5789,5069580.5000
85.0598,-0.5416,0.7055,0.4839,0.0000,0,0,-0.7492,0.7103,0.5789,5069580.5000
85.0701,-0.2667,0.2604,0.4839,0.0000,0,0,-0.7435,0.7129,0.5789,5069580.5000
85.0798,-0.3115,0.2031,0.4839,0.0000,0,0,-0.7384,0.7150,0.5789,5069580.5000
85.0898,-0.5769,0.5240,0.4839,0.0000,0,0,-0.7390,0.7148,0.5789,5069580.5000
85.1001,-0.4784,-0.1290,0.4839,0.0000,0,0,-0.7366,0.7158,0.5789,5069580.5000
85.1098,-0.2479,-0.5215,0.4839,0.0000,0,0,-0.7285,0.7190,0.5789,5069580.5000
85.1207,-0.2726,-0.2811,0.4839,0.0000,0,0,-0.7207,0.7219,0.5789,5069580.5000
85.1298,-0.4987,-0.1875,0.4839,0.0000,0,0,-0.7176,0.7230,0.5789,5069580.5000
85.1398,-0.6721,0.2914,0.4839,0.0000,0,0,-0.7178,0.7230,0.5789,5069580.5000
85.1501,-0.5451,0.2632,0.4839,0.0000,0,0,-0.7146,0.7240,0.5789,5069580.5000
85.1597,-0.5282,0.0244,0.4839,0.0000,0,0,-0.7106,0.7253,0.5789,5069580.5000
85.1706,-0.7204,0.4960,0.4839,0.0000,0,0,-0.7103,0.7254,0.5789,5069580.5000
85.1797,-0.4865,0.3457,0.4839,0.0000,0,0,-0.7045,0.7269,0.5789,5069580.5000
85.1898,-0.1865,-0.3211,0.4839,0.0000,0,0,-0.6921,0.7300,0.5789,5069580.5000
85.2001,-0.3878,-0.1381,0.4839,0.0000,0,0,-0.6838,0.7318,0.5789,5069580.5000
85.2098,-0.6331,-0.1018,0.4839,0.0000,0,0,-0.6804,0.7325,0.5789,5069580.5000
85.2200,-0.7597,-0.4005,0.4839,0.0000,0,0,-0.6793,0.7327,0.5789,5069580.5000
85.2298,-0.7166,-0.0999,0.4839,0.0000,0,0,-0.6768,0.7331,0.5789,5069580.5000
85.2398,-0.8489,0.0936,0.4839,0.0000,0,0,-0.6767,0.7331,0.5789,5069580.5000
85.2507,-0.8197,0.1276,0.4839,0.0000,0,0,-0.6754,0.7333,0.5789,5069580.5000
85.2598,-0.6617,0.2714,0.4839,0.0000,0,0,-0.6708,0.7336,0.5789,5069580.5000
85.2701,-0.8483,0.1936,0.4839,0.0000,0,0,-0.6695,0.7337,0.5789,5069580.5000
85.2798,-0.8447,0.1631,0.4839,0.0000,0,0,-0.6678,0.7337,0.5789,5069580.5000
85.2898,-0.7142,0.2630,0.4839,0.0000,0,0,-0.6633,0.7336,0.5789,5069580.5000
85.3000,-0.8131,-0.1077,0.4839,0.0000,0,0,-0.6605,0.7334,0.5789,5069580.5000
85.3098,-0.8372,-0.3284,0.4839,0.0000,0,0,-0.6580,0.7332,0.5789,5069580.5000
85.3206,-0.9691,-0.0705,0.4839,0.0000,0,0,-0.6575,0.7332,0.5789,5069580.5000
85.3298,-1.0806,-0.2508,0.4839,0.0000,0,0,-0.6588,0.7334,0.5789,5069580.5000
85.3398,-0.8518,-0.4259,0.4839,0.0000,0,0,-0.6558,0.7328,0.5789,5069580.5000
85.3501,-1.0845,0.2361,0.4839,0.0000,0,0,-0.6566,0.7330,0.5789,5069580.5000
85.3598,-1.2409,0.4194,0.4839,0.0000,0,0,-0.6597,0.7338,0.5789,5069580.5000
85.3707,-0.8442,-0.0355,0.4839,0.0000,0,0,-0.6559,0.7327,0.5789,5069580.5000
85.3798,-0.9295,0.0584,0.4839,0.0000,0,0,-0.6535,0.7318,0.5789,5069580.5000
85.3898,-1.0163,0.1052,0.4839,0.0000,0,0,-0.6524,0.7314,0.5789,5069580.5000
85.4000,-0.8035,-0.1235,0.4839,0.0000,0,0,-0.6479,0.7295,0.5789,5069580.5000
85.4098,-0.8712,-0.1922,0.4839,0.0000,0,0,-0.6444,0.7279,0.5789,5069580.5000
85.4201,-0.9148,-0.4744,0.4839,0.0000,0,0,-0.6417,0.7264,0.5789,5069580.5000
85.4298,-1.1515,-0.2804,0.4839,0.0000,0,0,-0.6423,0.7267,0.5789,5069580.5000
85.4397,-1.3666,0.2226,0.4839,0.0000,0,0,-0.6456,0.7288,0.5789,5069580.5000
85.4508,-1.0855,-0.1692,0.4839,0.0000,0,0,-0.6450,0.7284,0.5789,5069580.5000
85.4598,-1.0390,0.0594,0.4839,0.0000,0,0,-0.6437,0.7275,0.5789,5069580.5000
85.4701,-1.3253,0.5492,0.4839,0.0000,0,0,-0.6460,0.7293,0.5789,5069580.5000
85.4797,-0.9879,0.2028,0.4839,0.0000,0,0,-0.6440,0.7276,0.5789,5069580.5000
85.4898,-0.8831,0.0404,0.4839,0.0000,0,0,-0.6410,0.7247,0.5789,5069580.5000
85.5000,-1.0961,-0.1293,0.4839,0.0000,0,0,-0.6404,0.7241,0.5789,5069580.5000
85.5098,-1.0648,-0.2392,0.4839,0.0000,0,0,-0.6395,0.7231,0.5789,5069580.5000
85.5207,-1.2575,0.0799,0.4839,0.0000,0,0,-0.6406,0.7245,0.5789,5069580.5000
85.5298,-1.1047,-0.4453,0.4839,0.0000,0,0,-0.6402,0.7239,0.5789,5069580.5000
85.5398,-0.8898,-0.4522,0.4839,0.0000,0,0,-0.6379,0.7205,0.5789,5069580.5000
85.5501,-1.2843,0.3577,0.4839,0.0000,0,0,-0.6390,0.7224,0.5789,5069580.5000
85.5598,-1.1908,0.2642,0.4839,0.0000,0,0,-0.6394,0.7231,0.5789,5069580.5000
85.5706,-0.9520,0.1010,0.4839,0.0000,0,0,-0.6381,0.7204,0.5789,5069580.5000
85.5797,-1.1422,0.3705,0.4839,0.0000,0,0,-0.6381,0.7206,0.5789,5069580.5000
85.5898,-1.0047,0.0616,0.4839,0.0000,0,0,-0.6374,0.7188,0.5789,5069580.5000
85.6000,-0.8596,-0.0485,0.4839,0.0000,0,0,-0.6359,0.7149,0.5789,5069580.5000
85.6098,-0.9239,-0.2718,0.4839,0.0000,0,0,-0.6350,0.7122,0.5789,5069580.5000
85.6201,-0.8339,-0.5362,0.4839,0.0000,0,0,-0.6339,0.7081,0.5789,5069580.5000
85.6298,-1.1574,0.0160,0.4839,0.0000,0,0,-0.6342,0.7093,0.5789,5069580.5000
85.6398,-1.2407,-0.0133,0.4839,0.0000,0,0,-0.6347,0.7120,0.5789,5069580.5000
85.6508,-0.8931,-0.2904,0.4839,0.0000,0,0,-0.6343,0.7092,0.5789,5069580.5000
85.6597,-1.1113,0.3612,0.4839,0.0000,0,0,-0.6344,0.7102,0.5789,5069580.5000
85.6701,-1.1215,0.3785,0.4839,0.0000,0,0,-0.6345,0.7115,0.5789,5069580.5000
85.6797,-0.6734,-0.0947,0.4839,0.0000,0,0,-0.6343,0.7056,0.5789,5069580.5000
85.6898,-0.6610,-0.0784,0.4839,0.0000,0,0,-0.6342,0.6997,0.5789,5069580.5000
85.7001,-0.8068,-0.3036,0.4839,0.0000,0,0,-0.6343,0.6967,0.5789,5069580.5000
85.7098,-0.8824,-0.2367,0.4839,0.0000,0,0,-0.6344,0.6952,0.5789,5069580.5000
85.7207,-1.0807,-0.0955,0.4839,0.0000,0,0,-0.6342,0.6974,0.5789,5069580.5000
85.7297,-0.8753,-0.5314,0.4839,0.0000,0,0,-0.6343,0.6963,0.5789,5069580.5000
85.7398,-0.9229,-0.1884,0.4839,0.0000,0,0,-0.6343,0.6964,0.5789,5069580.5000
85.7501,-1.1372,0.3560,0.4839,0.0000,0,0,-0.6335,0.7005,0.5789,5069580.5000
85.7598,-0.6820,0.0941,0.4839,0.0000,0,0,-0.6343,0.6969,0.5789,5069580.5000
85.7707,-0.5190,0.0847,0.4839,0.0000,0,0,-0.6360,0.6910,0.5789,5069580.5000
85.7797,-0.7714,0.1155,0.4839,0.0000,0,0,-0.6363,0.6899,0.5789,5069580.5000
85.7897,-0.6978,-0.1282,0.4839,0.0000,0,0,-0.6370,0.6879,0.5789,5069580.5000
85.8001,-0.7274,-0.0732,0.4839,0.0000,0,0,-0.6374,0.6868,0.5789,5069580.5000
85.8098,-0.7129,-0.4923,0.4839,0.0000,0,0,-0.6378,0.6859,0.5789,5069580.5000
85.8200,-0.6603,-0.5265,0.4839,0.0000,0,0,-0.6384,0.6845,0.5789,5069580.5000
85.8299,-0.8905,0.1045,0.4839,0.0000,0,0,-0.6371,0.6873,0.5789,5069580.5000
85.8397,-0.7493,-0.0793,0.4839,0.0000,0,0,-0.6367,0.6880,0.5789,5069580.5000
85.8507,-0.4307,-0.1620,0.4839,0.0000,0,0,-0.6389,0.6841,0.5789,5069580.5000
85.8597,-0.7042,0.5036,0.4839,0.0000,0,0,-0.6384,0.6849,0.5789,5069580.5000
85.8700,-0.5839,0.3337,0.4839,0.0000,0,0,-0.6388,0.6843,0.5789,5069580.5000
85.8798,-0.4036,0.0242,0.4839,0.0000,0,0,-0.6408,0.6813,0.5789,5069580.5000
85.8898,-0.5421,0.0552,0.4839,0.0000,0,0,-0.6411,0.6809,0.5789,5069580.5000
85.9000,-0.5571,-0.3090,0.4839,0.0000,0,0,-0.6410,0.6811,0.5789,5069580.5000
85.9098,-0.7457,-0.3460,0.4839,0.0000,0,0,-0.6383,0.6844,0.5789,5069580.5000
85.9207,-0.6572,-0.1668,0.4839,0.0000,0,0,-0.6363,0.6867,0.5789,5069580.5000
85.9298,-0.6968,-0.4114,0.4839,0.0000,0,0,-0.6334,0.6897,0.5789,5069580.5000
85.9397,-0.8966,0.2459,0.4839,0.0000,0,0,-0.6276,0.6957,0.5789,5069580.5000
85.9500,-0.7023,0.6568,0.4839,0.0000,0,0,-0.6240,0.6992,0.5789,5069580.5000
85.9597,-0.3822,-0.0398,0.4839,0.0000,0,0,-0.6244,0.6988,0.5789,5069580.5000
85.9706,-0.4694,0.1628,0.4839,0.0000,0,0,-0.6231,0.6998,0.5789,5069580.5000
85.9798,-0.5224,0.3597,0.4839,0.0000,0,0,-0.6207,0.7017,0.5789,5069580.5000
85.9898,-0.3511,-0.2929,0.4839,0.0000,0,0,-0.6205,0.7019,0.5789,5069580.5000
86.0000,-0.3650,-0.3197,0.4839,0.0000,0,0,-0.6196,0.7026,0.5789,5069580.5000
86.0099,-0.4655,-0.2307,0.4839,0.0000,0,0,-0.6167,0.7045,0.5789,5069580.5000
86.0201,-0.7224,-0.1776,0.4839,0.0000,0,0,-0.6093,0.7089,0.5789,5069580.5000
86.0298,-0.7441,0.2805,0.4839,0.0000,0,0,-0.6013,0.7134,0.5789,5069580.5000
86.0397,-0.2517,0.0463,0.4839,0.0000,0,0,-0.6008,0.7137,0.5789,5069580.5000
86.0508,-0.2785,0.1273,0.4839,0.0000,0,0,-0.5993,0.7143,0.5789,5069580.5000
86.0597,-0.3016,0.6486,0.4839,0.0000,0,0,-0.5971,0.7153,0.5789,5069580.5000
86.0701,-0.1276,0.1070,0.4839,0.0000,0,0,-0.5973,0.7152,0.5789,5069580.5000
86.0798,0.0225,-0.1902,0.4839,0.0000,0,0,-0.5995,0.7144,0.5789,5069580.5000
86.0898,-0.2023,0.1010,0.4839,0.0000,0,0,-0.5975,0.7151,0.5789,5069580.5000
86.1001,-0.2936,-0.2254,0.4839,0.0000,0,0,-0.5934,0.7162,0.5789,5069580.5000
86.1098,-0.1772,-0.3659,0.4839,0.0000,0,0,-0.5909,0.7167,0.5789,5069580.5000
86.1207,-0.2090,-0.1646,0.4839,0.0000,0,0,-0.5874,0.7173,0.5789,5069580.5000
86.1298,-0.4756,0.0511,0.4839,0.0000,0,0,-0.5790,0.7185,0.5789,5069580.5000
86.1397,-0.2997,0.5075,0.4839,0.0000,0,0,-0.5733,0.7191,0.5789,5069580.5000
86.1501,0.0425,0.4328,0.4839,0.0000,0,0,-0.5731,0.7191,0.5789,5069580.5000
86.1597,0.0498,0.1950,0.4839,0.0000,0,0,-0.5726,0.7191,0.5789,5069580.5000
86.1706,0.0252,0.3770,0.4839,0.0000,0,0,-0.5712,0.7191,0.5789,5069580.5000
86.1797,0.1312,0.1878,0.4839,0.0000,0,0,-0.5713,0.7191,0.5789,5069580.5000
86.1898,0.0265,-0.2456,0.4839,0.0000,0,0,-0.5691,0.7188,0.5789,5069580.5000
86.2001,-0.0284,0.0703,0.4839,0.0000,0,0,-0.5656,0.7182,0.5789,5069580.5000
86.2098,-0.4324,0.3614,0.4839,0.0000,0,0,-0.5551,0.7160,0.5789,5069580.5000
86.2201,-0.2153,0.0317,0.4839,0.0000,0,0,-0.5480,0.7141,0.5789,5069580.5000
86.2298,0.0245,0.0367,0.4839,0.0000,0,0,-0.5448,0.7131,0.5789,5069580.5000
86.2398,-0.2534,0.6013,0.4839,0.0000,0,0,-0.5368,0.7102,0.5789,5069580.5000
86.2507,-0.0175,0.4822,0.4839,0.0000,0,0,-0.5324,0.7083,0.5789,5069580.5000
86.2598,0.2670,0.3081,0.4839,0.0000,0,0,-0.5324,0.7083,0.5789,5069580.5000
86.2701,0.0852,0.3745,0.4839,0.0000,0,0,-0.5292,0.7066,0.5789,5069580.5000
86.2798,-0.0062,0.0110,0.4839,0.0000,0,0,-0.5244,0.7037,0.5789,5069580.5000
86.2898,0.0165,-0.1228,0.4839,0.0000,0,0,-0.5199,0.7007,0.5789,5069580.5000
86.3001,-0.0125,-0.0811,0.4839,0.0000,0,0,-0.5149,0.6970,0.5789,5069580.5000
86.3098,0.0031,-0.0701,0.4839,0.0000,0,0,-0.5100,0.6931,0.5789,5069580.5000
86.3207,-0.1638,0.4178,0.4839,0.0000,0,0,-0.5029,0.6867,0.5789,5069580.5000
86.3297,0.0304,0.4558,0.4839,0.0000,0,0,-0.4985,0.6824,0.5789,5069580.5000
86.3398,0.1644,0.1114,0.4839,0.0000,0,0,-0.4958,0.6796,0.5789,5069580.5000
86.3501,-0.0197,0.6695,0.4839,0.0000,0,0,-0.4908,0.6737,0.5789,5069580.5000
86.3598,0.0826,0.6568,0.4839,0.0000,0,0,-0.4872,0.6690,0.5789,5069580.5000
86.3707,0.3345,-0.1051,0.4839,0.0000,0,0,-0.4864,0.6680,0.5789,5069580.5000
86.3798,0.2120,0.2162,0.4839,0.0000,0,0,-0.4843,0.6647,0.5789,5069580.5000
86.3898,0.1974,0.3011,0.4839,0.0000,0,0,-0.4820,0.6608,0.5789,5069580.5000
86.4001,0.2066,-0.2767,0.4839,0.0000,0,0,-0.4798,0.6568,0.5789,5069580.5000
86.4098,0.3399,-0.0231,0.4839,0.0000,0,0,-0.4789,0.6550,0.5789,5069580.5000
86.4200,0.1376,0.2168,0.4839,0.0000,0,0,-0.4763,0.6490,0.5789,5069580.5000
86.4297,0.0813,0.4230,0.4839,0.0000,0,0,-0.4734,0.6418,0.5789,5069580.5000
86.4398,0.3177,0.7635,0.4839,0.0000,0,0,-0.4725,0.6391,0.5789,5069580.5000
86.4507,0.4416,0.4024,0.4839,0.0000,0,0,-0.4724,0.6387,0.5789,5069580.5000
86.4598,0.3573,0.3861,0.4839,0.0000,0,0,-0.4717,0.6364,0.5789,5069580.5000
86.4701,0.3683,0.5966,0.4839,0.0000,0,0,-0.4712,0.6341,0.5789,5069580.5000
86.4797,0.3820,-0.1349,0.4839,0.0000,0,0,-0.4708,0.6319,0.5789,5069580.5000
86.4898,0.4667,-0.0945,0.4839,0.0000,0,0,-0.4707,0.6316,0.5789,5069580.5000
86.5000,0.2502,0.2996,0.4839,0.0000,0,0,-0.4700,0.6260,0.5789,5069580.5000
86.5098,0.2356,0.0908,0.4839,0.0000,0,0,-0.4694,0.6201,0.5789,5069580.5000
86.5207,0.4764,0.1920,0.4839,0.0000,0,0,-0.4694,0.6199,0.5789,5069580.5000
86.5298,0.3820,0.3784,0.4839,0.0000,0,0,-0.4693,0.6173,0.5789,5069580.5000
86.5397,0.1810,0.3699,0.4839,0.0000,0,0,-0.4692,0.6098,0.5789,5069580.5000
86.5501,0.4512,0.7832,0.4839,0.0000,0,0,-0.4693,0.6090,0.5789,5069580.5000
86.5597,0.6217,0.4023,0.4839,0.0000,0,0,-0.4691,0.6125,0.5789,5069580.5000
86.5706,0.6393,0.0680,0.4839,0.0000,0,0,-0.4688,0.6162,0.5789,5069580.5000
86.5797,0.3856,0.3732,0.4839,0.0000,0,0,-0.4691,0.6134,0.5789,5069580.5000
86.5898,0.2215,0.0822,0.4839,0.0000,0,0,-0.4700,0.6066,0.5789,5069580.5000
86.6000,0.3472,-0.2869,0.4839,0.0000,0,0,-0.4706,0.6032,0.5789,5069580.5000
86.6098,0.4042,0.1796,0.4839,0.0000,0,0,-0.4709,0.6014,0.5789,5069580.5000
86.6200,0.2456,0.3468,0.4839,0.0000,0,0,-0.4722,0.5957,0.5789,5069580.5000
86.6298,0.4250,0.4710,0.4839,0.0000,0,0,-0.4724,0.5948,0.5789,5069580.5000
86.6398,0.6117,0.4840,0.4839,0.0000,0,0,-0.4713,0.5987,0.5789,5069580.5000
86.6507,0.5292,0.2390,0.4839,0.0000,0,0,-0.4708,0.6006,0.5789,5069580.5000
86.6597,0.4294,0.4158,0.4839,0.0000,0,0,-0.4710,0.6000,0.5789,5069580.5000
86.6701,0.4334,0.2444,0.4839,0.0000,0,0,-0.4711,0.5996,0.5789,5069580.5000
86.6797,0.5398,-0.3594,0.4839,0.0000,0,0,-0.4701,0.6021,0.5789,5069580.5000
86.6898,0.5170,-0.0817,0.4839,0.0000,0,0,-0.4693,0.6041,0.5789,5069580.5000
86.7000,0.1054,0.3874,0.4839,0.0000,0,0,-0.4729,0.5961,0.5789,5069580.5000
86.7098,0.2694,0.1562,0.4839,0.0000,0,0,-0.4745,0.5927,0.5789,5069580.5000
86.7207,0.3860,0.3473,0.4839,0.0000,0,0,-0.4747,0.5924,0.5789,5069580.5000
86.7298,0.1112,0.6605,0.4839,0.0000,0,0,-0.4782,0.5859,0.5789,5069580.5000
86.7397,0.3224,0.3976,0.4839,0.0000,0,0,-0.4788,0.5848,0.5789,5069580.5000
86.7501,0.6336,0.2119,0.4839,0.0000,0,0,-0.4748,0.5914,0.5789,5069580.5000
86.7597,0.5318,0.1243,0.4839,0.0000,0,0,-0.4722,0.5955,0.5789,5069580.5000
86.7705,0.4303,-0.1012,0.4839,0.0000,0,0,-0.4710,0.5974,0.5789,5069580.5000
86.7797,0.2176,0.0375,0.4839,0.0000,0,0,-0.4728,0.5948,0.5789,5069580.5000
86.7897,0.2235,0.0520,0.4839,0.0000,0,0,-0.4743,0.5927,0.5789,5069580.5000
86.8001,0.1820,0.0917,0.4839,0.0000,0,0,-0.4763,0.5902,0.5789,5069580.5000
86.8098,0.0739,0.7359,0.4839,0.0000,0,0,-0.4798,0.5859,0.5789,5069580.5000
86.8201,0.3400,0.5551,0.4839,0.0000,0,0,-0.4783,0.5876,0.5789,5069580.5000
86.8298,0.4535,0.2131,0.4839,0.0000,0,0,-0.4746,0.5918,0.5789,5069580.5000
86.8397,0.1322,0.6656,0.4839,0.0000,0,0,-0.4766,0.5897,0.5789,5069580.5000
86.8508,0.2902,0.3928,0.4839,0.0000,0,0,-0.4752,0.5911,0.5789,5069580.5000
86.8598,0.3639,-0.0893,0.4839,0.0000,0,0,-0.4721,0.5943,0.5789,5069580.5000
86.8701,0.2606,0.2331,0.4839,0.0000,0,0,-0.4708,0.5957,0.5789,5069580.5000
86.8798,0.1522,0.0613,0.4839,0.0000,0,0,-0.4712,0.5952,0.5789,5069580.5000
86.8898,0.2278,-0.0621,0.4839,0.0000,0,0,-0.4698,0.5965,0.5789,5069580.5000
86.9000,0.2598,0.4314,0.4839,0.0000,0,0,-0.4674,0.5987,0.5789,5069580.5000
86.9098,-0.1230,0.5402,0.4839,0.0000,0,0,-0.4724,0.5943,0.5789,5069580.5000
86.9206,0.0027,0.5685,0.4839,0.0000,0,0,-0.4743,0.5927,0.5789,5069580.5000
86.9298,0.2063,0.5970,0.4839,0.0000,0,0,-0.4716,0.5949,0.5789,5069580.5000
86.9397,-0.0164,0.4731,0.4839,0.0000,0,0,-0.4731,0.5937,0.5789,5069580.5000
86.9501,0.1530,0.4951,0.4839,0.0000,0,0,-0.4705,0.5957,0.5789,5069580.5000
86.9598,0.1622,0.2753,0.4839,0.0000,0,0,-0.4674,0.5980,0.5789,5069580.5000
86.9706,0.0712,0.0026,0.4839,0.0000,0,0,-0.4658,0.5991,0.5789,5069580.5000
86.9797,0.1297,0.1557,0.4839,0.0000,0,0,-0.4625,0.6014,0.5789,5069580.5000
86.9898,-0.0110,0.3307,0.4839,0.0000,0,0,-0.4620,0.6017,0.5789,5069580.5000
87.0001,0.1146,-0.0215,0.4839,0.0000,0,0,-0.4581,0.6042,0.5789,5069580.5000
87.0099,0.1253,0.0061,0.4839,0.0000,0,0,-0.4536,0.6071,0.5789,5069580.5000
87.0201,-0.2359,0.6214,0.4839,0.0000,0,0,-0.4572,0.6049,0.5789,5069580.5000
87.0298,0.0305,0.5448,0.4839,0.0000,0,0,-0.4539,0.6069,0.5789,5069580.5000
87.0397,0.2794,0.2620,0.4839,0.0000,0,0,-0.4442,0.6124,0.5789,5069580.5000
87.0508,0.1066,0.4821,0.4839,0.0000,0,0,-0.4384,0.6156,0.5789,5069580.5000
87.0597,0.1233,0.1894,0.4839,0.0000,0,0,-0.4320,0.6192,0.5789,5069580.5000
87.0701,0.0214,-0.1076,0.4839,0.0000,0,0,-0.4277,0.6214,0.5789,5069580.5000
87.0798,-0.1107,-0.0277,0.4839,0.0000,0,0,-0.4262,0.6222,0.5789,5069580.5000
87.0898,-0.1485,0.0065,0.4839,0.0000,0,0,-0.4252,0.6227,0.5789,5069580.5000
87.1000,-0.2798,0.6106,0.4839,0.0000,0,0,-0.4268,0.6220,0.5789,5069580.5000
87.1098,-0.1057,0.7043,0.4839,0.0000,0,0,-0.4236,0.6235,0.5789,5069580.5000
87.1207,0.1248,0.1922,0.4839,0.0000,0,0,-0.4146,0.6277,0.5789,5069580.5000
87.1298,-0.0992,0.5685,0.4839,0.0000,0,0,-0.4107,0.6294,0.5789,5069580.5000
87.1397,-0.1274,0.5834,0.4839,0.0000,0,0,-0.4072,0.6310,0.5789,5069580.5000
87.1501,0.0644,-0.1523,0.4839,0.0000,0,0,-0.3988,0.6346,0.5789,5069580.5000
87.1597,-0.0513,0.0193,0.4839,0.0000,0,0,-0.3930,0.6370,0.5789,5069580.5000
87.1706,-0.2037,0.0600,0.4839,0.0000,0,0,-0.3903,0.6381,0.5789,5069580.5000
87.1798,-0.3822,0.0923,0.4839,0.0000,0,0,-0.3912,0.6377,0.5789,5069580.5000
87.1898,-0.2978,0.3774,0.4839,0.0000,0,0,-0.3898,0.6383,0.5789,5069580.5000
87.2001,-0.1760,0.0220,0.4839,0.0000,0,0,-0.3852,0.6399,0.5789,5069580.5000
87.2098,-0.4303,0.2323,0.4839,0.0000,0,0,-0.3859,0.6397,0.5789,5069580.5000
87.2200,-0.3579,0.7819,0.4839,0.0000,0,0,-0.3845,0.6401,0.5789,5069580.5000
87.2298,-0.0722,0.2344,0.4839,0.0000,0,0,-0.3767,0.6425,0.5789,5069580.5000
87.2398,-0.0935,0.1273,0.4839,0.0000,0,0,-0.3691,0.6447,0.5789,5069580.5000
87.2508,-0.3798,0.4643,0.4839,0.0000,0,0,-0.3673,0.6451,0.5789,5069580.5000
87.2597,-0.4749,-0.0585,0.4839,0.0000,0,0,-0.3672,0.6451,0.5789,5069580.5000
87.2701,-0.4936,-0.1691,0.4839,0.0000,0,0,-0.3670,0.6452,0.5789,5069580.5000
87.2797,-0.5191,-0.0121,0.4839,0.0000,0,0,-0.3670,0.6452,0.5789,5069580.5000
87.2898,-0.7060,-0.0061,0.4839,0.0000,0,0,-0.3703,0.6446,0.5789,5069580.5000
87.3001,-0.7150,0.2150,0.4839,0.0000,0,0,-0.3733,0.6442,0.5789,5069580.5000
87.3098,-0.5622,0.1814,0.4839,0.0000,0,0,-0.3727,0.6443,0.5789,5069580.5000
87.3206,-0.5942,0.3136,0.4839,0.0000,0,0,-0.3723,0.6443,0.5789,5069580.5000
87.3298,-0.6442,0.7611,0.4839,0.0000,0,0,-0.3726,0.6443,0.5789,5069580.5000
87.3397,-0.4483,0.3564,0.4839,0.0000,0,0,-0.3688,0.6444,0.5789,5069580.5000
87.3501,-0.3964,-0.1605,0.4839,0.0000,0,0,-0.3637,0.6444,0.5789,5069580.5000
87.3597,-0.6394,0.1593,0.4839,0.0000,0,0,-0.3631,0.6444,0.5789,5069580.5000
87.3706,-0.8099,0.1291,0.4839,0.0000,0,0,-0.3653,0.6445,0.5789,5069580.5000
87.3798,-0.7437,-0.2455,0.4839,0.0000,0,0,-0.3659,0.6446,0.5789,5069580.5000
87.3898,-0.6950,0.1074,0.4839,0.0000,0,0,-0.3653,0.6445,0.5789,5069580.5000
87.4000,-0.9482,0.3047,0.4839,0.0000,0,0,-0.3689,0.6451,0.5789,5069580.5000
87.4098,-0.9268,0.2942,0.4839,0.0000,0,0,-0.3717,0.6457,0.5789,5069580.5000
87.4201,-0.6660,0.3526,0.4839,0.0000,0,0,-0.3697,0.6452,0.5789,5069580.5000
87.4298,-0.7519,0.3168,0.4839,0.0000,0,0,-0.3689,0.6450,0.5789,5069580.5000
87.4397,-0.7758,0.3146,0.4839,0.0000,0,0,-0.3684,0.6448,0.5789,5069580.5000
87.4508,-0.5620,0.3757,0.4839,0.0000,0,0,-0.3642,0.6433,0.5789,5069580.5000
87.4597,-0.7202,-0.0575,0.4839,0.0000,0,0,-0.3626,0.6427,0.5789,5069580.5000
87.4701,-0.6917,-0.1276,0.4839,0.0000,0,0,-0.3603,0.6417,0.5789,5069580.5000
87.4798,-0.9275,0.1899,0.4839,0.0000,0,0,-0.3615,0.6422,0.5789,5069580.5000
87.4898,-0.9680,-0.0392,0.4839,0.0000,0,0,-0.3630,0.6431,0.5789,5069580.5000
87.5001,-0.7206,-0.2071,0.4839,0.0000,0,0,-0.3609,0.6418,0.5789,5069580.5000
87.5098,-0.9681,0.2817,0.4839,0.0000,0,0,-0.3620,0.6425,0.5789,5069580.5000
87.5207,-1.0543,0.3629,0.4839,0.0000,0,0,-0.3641,0.6440,0.5789,5069580.5000
87.5298,-0.6785,0.0873,0.4839,0.0000,0,0,-0.3612,0.6418,0.5789,5069580.5000
87.5397,-0.9281,0.3864,0.4839,0.0000,0,0,-0.3614,0.6420,0.5789,5069580.5000
87.5501,-0.9725,0.5562,0.4839,0.0000,0,0,-0.3621,0.6425,0.5789,5069580.5000
87.5597,-0.7840,0.2380,0.4839,0.0000,0,0,-0.3605,0.6410,0.5789,5069580.5000
87.5706,-0.7507,0.1078,0.4839,0.0000,0,0,-0.3585,0.6389,0.5789,5069580.5000
87.5797,-0.8845,-0.1209,0.4839,0.0000,0,0,-0.3580,0.6384,0.5789,5069580.5000
87.5898,-0.9480,-0.1186,0.4839,0.0000,0,0,-0.3582,0.6385,0.5789,5069580.5000
87.6001,-1.1571,0.0806,0.4839,0.0000,0,0,-0.3601,0.6412,0.5789,5069580.5000
87.6097,-0.9125,-0.2218,0.4839,0.0000,0,0,-0.3598,0.6407,0.5789,5069580.5000
87.6200,-0.9935,0.0493,0.4839,0.0000,0,0,-0.3601,0.6413,0.5789,5069580.5000
87.6298,-1.1442,0.5300,0.4839,0.0000,0,0,-0.3615,0.6438,0.5789,5069580.5000
87.6398,-0.8591,0.1703,0.4839,0.0000,0,0,-0.3608,0.6424,0.5789,5069580.5000
87.6507,-0.7928,0.1781,0.4839,0.0000,0,0,-0.3597,0.6399,0.5789,5069580.5000
87.6597,-1.1423,0.6394,0.4839,0.0000,0,0,-0.3608,0.6426,0.5789,5069580.5000
87.6701,-0.9626,0.2183,0.4839,0.0000,0,0,-0.3608,0.6426,0.5789,5069580.5000
87.6797,-0.8009,-0.1095,0.4839,0.0000,0,0,-0.3600,0.6401,0.5789,5069580.5000
87.6898,-0.8620,0.2165,0.4839,0.0000,0,0,-0.3596,0.6386,0.5789,5069580.5000
87.7001,-0.8208,-0.0296,0.4839,0.0000,0,0,-0.3592,0.6365,0.5789,5069580.5000
87.7097,-0.6744,-0.2902,0.4839,0.0000,0,0,-0.3584,0.6322,0.5789,5069580.5000
87.7208,-0.8236,0.0193,0.4839,0.0000,0,0,-0.3581,0.6303,0.5789,5069580.5000
87.7298,-1.1009,0.1380,0.4839,0.0000,0,0,-0.3584,0.6331,0.5789,5069580.5000
87.7397,-1.0125,0.1170,0.4839,0.0000,0,0,-0.3585,0.6344,0.5789,5069580.5000
87.7501,-0.7632,0.3131,0.4839,0.0000,0,0,-0.3584,0.6317,0.5789,5069580.5000
87.7597,-0.9058,0.4507,0.4839,0.0000,0,0,-0.3584,0.6315,0.5789,5069580.5000
87.7706,-0.7300,0.6132,0.4839,0.0000,0,0,-0.3585,0.6284,0.5789,5069580.5000
87.7798,-0.6640,0.5252,0.4839,0.0000,0,0,-0.3589,0.6244,0.5789,5069580.5000
87.7898,-0.8325,0.1440,0.4839,0.0000,0,0,-0.3590,0.6234,0.5789,5069580.5000
87.8001,-0.9155,0.0816,0.4839,0.0000,0,0,-0.3589,0.6241,0.5789,5069580.5000
87.8098,-0.8934,0.1065,0.4839,0.0000,0,0,-0.3588,0.6245,0.5789,5069580.5000
87.8201,-0.7183,-0.2051,0.4839,0.0000,0,0,-0.3593,0.6221,0.5789,5069580.5000
87.8298,-0.6154,-0.0234,0.4839,0.0000,0,0,-0.3603,0.6182,0.5789,5069580.5000
87.8397,-0.8548,0.4886,0.4839,0.0000,0,0,-0.3602,0.6186,0.5789,5069580.5000
87.8508,-0.8117,0.2456,0.4839,0.0000,0,0,-0.3602,0.6185,0.5789,5069580.5000
87.8597,-0.6922,0.1461,0.4839,0.0000,0,0,-0.3609,0.6165,0.5789,5069580.5000
87.8701,-1.1427,0.6389,0.4839,0.0000,0,0,-0.3586,0.6225,0.5789,5069580.5000
87.8797,-0.9226,0.4263,0.4839,0.0000,0,0,-0.3576,0.6248,0.5789,5069580.5000
87.8898,-0.6219,0.0107,0.4839,0.0000,0,0,-0.3588,0.6222,0.5789,5069580.5000
87.9001,-0.7583,0.2728,0.4839,0.0000,0,0,-0.3588,0.6223,0.5789,5069580.5000
87.9098,-0.6556,0.2317,0.4839,0.0000,0,0,-0.3595,0.6208,0.5789,5069580.5000
87.9207,-0.5591,0.0371,0.4839,0.0000,0,0,-0.3611,0.6182,0.5789,5069580.5000
87.9298,-0.7303,0.1101,0.4839,0.0000,0,0,-0.3608,0.6185,0.5789,5069580.5000
87.9397,-0.7764,-0.0677,0.4839,0.0000,0,0,-0.3600,0.6199,0.5789,5069580.5000
87.9501,-0.9873,0.0226,0.4839,0.0000,0,0,-0.3566,0.6247,0.5789,5069580.5000
87.9598,-0.8429,0.2989,0.4839,0.0000,0,0,-0.3547,0.6273,0.5789,5069580.5000
87.9706,-0.5488,0.0084,0.4839,0.0000,0,0,-0.3558,0.6258,0.5789,5069580.5000
87.9797,-0.6865,0.3800,0.4839,0.0000,0,0,-0.3552,0.6266,0.5789,5069580.5000
87.9898,-0.7275,0.8402,0.4839,0.0000,0,0,-0.3538,0.6281,0.5789,5069580.5000
88.0001,-0.5170,0.2035,0.4839,0.0000,0,0,-0.3549,0.6270,0.5789,5069580.5000
88.0099,-0.6754,0.2559,0.4839,0.0000,0,0,-0.3536,0.6283,0.5789,5069580.5000
88.0201,-0.5962,0.5493,0.4839,0.0000,0,0,-0.3531,0.6287,0.5789,5069580.5000
88.0298,-0.5020,-0.0889,0.4839,0.0000,0,0,-0.3537,0.6282,0.5789,5069580.5000
88.0397,-0.3851,-0.0783,0.4839,0.0000,0,0,-0.3557,0.6266,0.5789,5069580.5000
88.0508,-0.6018,0.2745,0.4839,0.0000,0,0,-0.3542,0.6278,0.5789,5069580.5000
88.0597,-0.7292,0.0794,0.4839,0.0000,0,0,-0.3505,0.6304,0.5789,5069580.5000
88.0701,-0.5591,0.1875,0.4839,0.0000,0,0,-0.3490,0.6314,0.5789,5069580.5000
88.0798,-0.6322,0.3550,0.4839,0.0000,0,0,-0.3462,0.6332,0.5789,5069580.5000
88.0898,-0.6826,0.2337,0.4839,0.0000,0,0,-0.3423,0.6355,0.5789,5069580.5000
88.1000,-0.3874,0.3162,0.4839,0.0000,0,0,-0.3427,0.6353,0.5789,5069580.5000
88.1098,-0.4389,0.3180,0.4839,0.0000,0,0,-0.3420,0.6357,0.5789,5069580.5000
88.1207,-0.5024,0.2974,0.4839,0.0000,0,0,-0.3398,0.6367,0.5789,5069580.5000
88.1298,-0.4033,0.3098,0.4839,0.0000,0,0,-0.3390,0.6370,0.5789,5069580.5000
88.1398,-0.3906,0.1511,0.4839,0.0000,0,0,-0.3381,0.6373,0.5789,5069580.5000
88.1501,-0.4186,-0.0913,0.4839,0.0000,0,0,-0.3363,0.6379,0.5789,5069580.5000
88.1597,-0.4708,0.0953,0.4839,0.0000,0,0,-0.3333,0.6388,0.5789,5069580.5000
88.1706,-0.5637,0.1717,0.4839,0.0000,0,0,-0.3284,0.6400,0.5789,5069580.5000
88.1797,-0.2941,-0.1879,0.4839,0.0000,0,0,-0.3278,0.6401,0.5789,5069580.5000
88.1898,-0.3378,0.0983,0.4839,0.0000,0,0,-0.3261,0.6404,0.5789,5069580.5000
88.2000,-0.6232,0.6493,0.4839,0.0000,0,0,-0.3192,0.6413,0.5789,5069580.5000
88.2097,-0.3751,0.2779,0.4839,0.0000,0,0,-0.3163,0.6415,0.5789,5069580.5000
88.2201,-0.3060,0.3089,0.4839,0.0000,0,0,-0.3143,0.6416,0.5789,5069580.5000
88.2298,-0.4668,0.5901,0.4839,0.0000,0,0,-0.3092,0.6416,0.5789,5069580.5000
88.2397,-0.0979,0.2231,0.4839,0.0000,0,0,-0.3102,0.6417,0.5789,5069580.5000
88.2508,0.0108,0.1094,0.4839,0.0000,0,0,-0.3126,0.6419,0.5789,5069580.5000
88.2597,-0.2548,0.1238,0.4839,0.0000,0,0,-0.3101,0.6416,0.5789,5069580.5000
88.2701,-0.3482,-0.0137,0.4839,0.0000,0,0,-0.3058,0.6407,0.5789,5069580.5000
88.2797,-0.3379,0.1490,0.4839,0.0000,0,0,-0.3014,0.6398,0.5789,5069580.5000
88.2898,-0.2151,0.0764,0.4839,0.0000,0,0,-0.2988,0.6390,0.5789,5069580.5000
88.3001,-0.1476,0.0760,0.4839,0.0000,0,0,-0.2971,0.6385,0.5789,5069580.5000
88.3098,-0.3369,0.5473,0.4839,0.0000,0,0,-0.2921,0.6366,0.5789,5069580.5000
88.3206,-0.1709,0.2582,0.4839,0.0000,0,0,-0.2896,0.6354,0.5789,5069580.5000
88.3298,-0.1426,0.0218,0.4839,0.0000,0,0,-0.2873,0.6343,0.5789,5069580.5000
88.3397,-0.2936,0.7652,0.4839,0.0000,0,0,-0.2825,0.6316,0.5789,5069580.5000
88.3501,-0.0795,0.4944,0.4839,0.0000,0,0,-0.2808,0.6306,0.5789,5069580.5000
88.3597,0.1819,-0.0617,0.4839,0.0000,0,0,-0.2828,0.6319,0.5789,5069580.5000
88.3706,-0.0340,0.2896,0.4839,0.0000,0,0,-0.2813,0.6308,0.5789,5069580.5000
88.3797,-0.1234,0.1581,0.4839,0.0000,0,0,-0.2784,0.6284,0.5789,5069580.5000
88.3898,-0.0799,-0.2135,0.4839,0.0000,0,0,-0.2760,0.6262,0.5789,5069580.5000
88.4001,-0.0710,0.0331,0.4839,0.0000,0,0,-0.2736,0.6237,0.5789,5069580.5000
88.4098,-0.0705,-0.0555,0.4839,0.0000,0,0,-0.2711,0.6210,0.5789,5069580.5000
88.4201,-0.1076,-0.0826,0.4839,0.0000,0,0,-0.2681,0.6174,0.5789,5069580.5000
88.4298,0.0623,0.1977,0.4839,0.0000,0,0,-0.2672,0.6161,0.5789,5069580.5000
88.4397,0.0731,0.0799,0.4839,0.0000,0,0,-0.2662,0.6147,0.5789,5069580.5000
88.4508,-0.0613,0.4997,0.4839,0.0000,0,0,-0.2637,0.6108,0.5789,5069580.5000
88.4597,0.0881,0.7393,0.4839,0.0000,0,0,-0.2628,0.6092,0.5789,5069580.5000
88.4701,0.4030,-0.0185,0.4839,0.0000,0,0,-0.2647,0.6129,0.5789,5069580.5000
88.4798,0.2276,0.0572,0.4839,0.0000,0,0,-0.2648,0.6132,0.5789,5069580.5000
88.4898,0.0645,0.2341,0.4839,0.0000,0,0,-0.2635,0.6100,0.5789,5069580.5000
88.5001,0.0913,-0.1824,0.4839,0.0000,0,0,-0.2624,0.6071,0.5789,5069580.5000
88.5098,0.1094,-0.0146,0.4839,0.0000,0,0,-0.2614,0.6043,0.5789,5069580.5000
88.5206,0.2274,-0.0006,0.4839,0.0000,0,0,-0.2613,0.6037,0.5789,5069580.5000
88.5298,0.0280,0.0631,0.4839,0.0000,0,0,-0.2599,0.5986,0.5789,5069580.5000
88.5398,-0.0146,0.5549,0.4839,0.0000,0,0,-0.2585,0.5924,0.5789,5069580.5000
88.5501,0.2564,0.1993,0.4839,0.0000,0,0,-0.2585,0.5920,0.5789,5069580.5000
88.5598,0.1942,0.3152,0.4839,0.0000,0,0,-0.2581,0.5901,0.5789,5069580.5000
88.5706,0.0193,0.8806,0.4839,0.0000,0,0,-0.2574,0.5838,0.5789,5069580.5000
88.5797,0.2961,0.2513,0.4839,0.0000,0,0,-0.2574,0.5840,0.5789,5069580.5000
88.5898,0.5047,0.0115,0.4839,0.0000,0,0,-0.2577,0.5889,0.5789,5069580.5000
88.6000,0.2932,0.1807,0.4839,0.0000,0,0,-0.2577,0.5885,0.5789,5069580.5000
88.6098,0.1799,-0.0406,0.4839,0.0000,0,0,-0.2577,0.5851,0.5789,5069580.5000
88.6201,0.1178,-0.0010,0.4839,0.0000,0,0,-0.2579,0.5801,0.5789,5069580.5000
88.6298,0.1395,-0.2047,0.4839,0.0000,0,0,-0.2582,0.5756,0.5789,5069580.5000
88.6397,0.1817,-0.1856,0.4839,0.0000,0,0,-0.2585,0.5721,0.5789,5069580.5000
88.6507,-0.1472,0.5371,0.4839,0.0000,0,0,-0.2599,0.5604,0.5789,5069580.5000
88.6597,0.1892,0.2463,0.4839,0.0000,0,0,-0.2604,0.5574,0.5789,5069580.5000
88.6700,0.4275,0.0501,0.4839,0.0000,0,0,-0.2598,0.5604,0.5789,5069580.5000
88.6797,0.1257,0.5451,0.4839,0.0000,0,0,-0.2608,0.5556,0.5789,5069580.5000
88.6898,0.2279,0.3596,0.4839,0.0000,0,0,-0.2613,0.5535,0.5789,5069580.5000
88.7001,0.3806,0.0481,0.4839,0.0000,0,0,-0.2608,0.5554,0.5789,5069580.5000
88.7098,0.2456,0.1137,0.4839,0.0000,0,0,-0.2613,0.5537,0.5789,5069580.5000
88.7207,0.2986,-0.1150,0.4839,0.0000,0,0,-0.2614,0.5534,0.5789,5069580.5000
88.7298,0.0266,0.2783,0.4839,0.0000,0,0,-0.2638,0.5463,0.5789,5069580.5000
88.7397,-0.0028,0.2525,0.4839,0.0000,0,0,-0.2666,0.5387,0.5789,5069580.5000
88.7501,0.2367,-0.3498,0.4839,0.0000,0,0,-0.2671,0.5375,0.5789,5069580.5000
88.7597,0.0197,0.1156,0.4839,0.0000,0,0,-0.2699,0.5310,0.5789,5069580.5000
88.7706,0.0140,0.4463,0.4839,0.0000,0,0,-0.2728,0.5248,0.5789,5069580.5000
88.7797,0.4424,0.2315,0.4839,0.0000,0,0,-0.2706,0.5292,0.5789,5069580.5000
88.7898,0.4106,0.4807,0.4839,0.0000,0,0,-0.2688,0.5328,0.5789,5069580.5000
88.8001,0.3346,0.2779,0.4839,0.0000,0,0,-0.2678,0.5346,0.5789,5069580.5000
88.8098,0.3180,-0.0770,0.4839,0.0000,0,0,-0.2670,0.5359,0.5789,5069580.5000
88.8200,0.2464,-0.2094,0.4839,0.0000,0,0,-0.2671,0.5357,0.5789,5069580.5000
88.8298,0.3525,-0.5827,0.4839,0.0000,0,0,-0.2656,0.5381,0.5789,5069580.5000
88.8398,0.0093,-0.0042,0.4839,0.0000,0,0,-0.2692,0.5328,0.5789,5069580.5000
88.8507,-0.3382,0.6549,0.4839,0.0000,0,0,-0.2782,0.5203,0.5789,5069580.5000
88.8597,-0.0498,0.2568,0.4839,0.0000,0,0,-0.2823,0.5149,0.5789,5069580.5000
88.8701,0.4349,0.2211,0.4839,0.0000,0,0,-0.2781,0.5202,0.5789,5069580.5000
88.8797,0.3508,0.1401,0.4839,0.0000,0,0,-0.2752,0.5236,0.5789,5069580.5000
88.8898,0.4764,0.1896,0.4839,0.0000,0,0,-0.2701,0.5296,0.5789,5069580.5000
88.9000,0.4194,0.3889,0.4839,0.0000,0,0,-0.2658,0.5344,0.5789,5069580.5000
88.9098,0.2721,-0.2390,0.4839,0.0000,0,0,-0.2642,0.5362,0.5789,5069580.5000
88.9208,0.2359,-0.2034,0.4839,0.0000,0,0,-0.2630,0.5374,0.5789,5069580.5000
88.9297,0.0437,0.3079,0.4839,0.0000,0,0,-0.2654,0.5350,0.5789,5069580.5000
88.9397,0.1187,-0.1683,0.4839,0.0000,0,0,-0.2660,0.5343,0.5789,5069580.5000
88.9501,0.3802,-0.1624,0.4839,0.0000,0,0,-0.2612,0.5389,0.5789,5069580.5000
88.9597,0.2484,0.1463,0.4839,0.0000,0,0,-0.2590,0.5410,0.5789,5069580.5000
88.9706,0.0468,0.3817,0.4839,0.0000,0,0,-0.2606,0.5395,0.5789,5069580.5000
88.9798,0.2707,0.6954,0.4839,0.0000,0,0,-0.2574,0.5423,0.5789,5069580.5000
88.9898,0.3483,0.0887,0.4839,0.0000,0,0,-0.2525,0.5466,0.5789,5069580.5000
89.0001,0.2459,-0.1050,0.4839,0.0000,0,0,-0.2494,0.5490,0.5789,5069580.5000
89.0099,0.1303,0.2940,0.4839,0.0000,0,0,-0.2486,0.5496,0.5789,5069580.5000
89.0200,-0.0230,-0.2252,0.4839,0.0000,0,0,-0.2509,0.5479,0.5789,5069580.5000
89.0298,0.1102,-0.2336,0.4839,0.0000,0,0,-0.2498,0.5487,0.5789,5069580.5000
89.0397,0.0588,0.0188,0.4839,0.0000,0,0,-0.2496,0.5488,0.5789,5069580.5000
89.0507,-0.2019,0.0811,0.4839,0.0000,0,0,-0.2550,0.5452,0.5789,5069580.5000
89.0597,-0.0468,0.4182,0.4839,0.0000,0,0,-0.2563,0.5443,0.5789,5069580.5000
89.0701,0.1944,0.0907,0.4839,0.0000,0,0,-0.2516,0.5474,0.5789,5069580.5000
89.0798,0.0722,0.0593,0.4839,0.0000,0,0,-0.2495,0.5486,0.5789,5069580.5000
89.0898,0.0005,0.5711,0.4839,0.0000,0,0,-0.2488,0.5491,0.5789,5069580.5000
89.1000,0.2410,0.0244,0.4839,0.0000,0,0,-0.2420,0.5530,0.5789,5069580.5000
89.1098,0.2234,-0.2095,0.4839,0.0000,0,0,-0.2355,0.5567,0.5789,5069580.5000
89.1207,0.0506,-0.0010,0.4839,0.0000,0,0,-0.2330,0.5581,0.5789,5069580.5000
89.1298,-0.1335,-0.1900,0.4839,0.0000,0,0,-0.2346,0.5573,0.5789,5069580.5000
89.1397,-0.2087,0.0290,0.4839,0.0000,0,0,-0.2375,0.5557,0.5789,5069580.5000
89.1501,0.0080,-0.0740,0.4839,0.0000,0,0,-0.2347,0.5572,0.5789,5069580.5000
89.1598,-0.0842,0.0102,0.4839,0.0000,0,0,-0.2338,0.5576,0.5789,5069580.5000
89.1706,-0.1843,0.7921,0.4839,0.0000,0,0,-0.2348,0.5571,0.5789,5069580.5000
89.1797,0.0950,0.5114,0.4839,0.0000,0,0,-0.2289,0.5600,0.5789,5069580.5000
89.1898,0.1825,0.1878,0.4839,0.0000,0,0,-0.2208,0.5637,0.5789,5069580.5000
89.2001,-0.1519,0.4742,0.4839,0.0000,0,0,-0.2203,0.5639,0.5789,5069580.5000
89.2097,-0.0708,0.0677,0.4839,0.0000,0,0,-0.2176,0.5651,0.5789,5069580.5000
89.2201,-0.0336,-0.2076,0.4839,0.0000,0,0,-0.2137,0.5668,0.5789,5069580.5000
89.2298,-0.1487,0.1242,0.4839,0.0000,0,0,-0.2123,0.5674,0.5789,5069580.5000
89.2397,-0.1789,0.0611,0.4839,0.0000,0,0,-0.2111,0.5678,0.5789,5069580.5000
89.2507,-0.2944,0.3620,0.4839,0.0000,0,0,-0.2121,0.5674,0.5789,5069580.5000
89.2597,-0.2231,0.2160,0.4839,0.0000,0,0,-0.2112,0.5678,0.5789,5069580.5000
89.2700,-0.1513,-0.0823,0.4839,0.0000,0,0,-0.2083,0.5688,0.5789,5069580.5000
89.2798,-0.4121,0.5667,0.4839,0.0000,0,0,-0.2108,0.5680,0.5789,5069580.5000
89.2898,-0.0856,0.5852,0.4839,0.0000,0,0,-0.2058,0.5695,0.5789,5069580.5000
89.3001,0.2137,0.0104,0.4839,0.0000,0,0,-0.1942,0.5730,0.5789,5069580.5000
89.3098,0.0184,0.4767,0.4839,0.0000,0,0,-0.1868,0.5750,0.5789,5069580.5000
89.3207,-0.2782,0.3504,0.4839,0.0000,0,0,-0.1855,0.5753,0.5789,5069580.5000
89.3298,-0.2981,-0.1600,0.4839,0.0000,0,0,-0.1844,0.5756,0.5789,5069580.5000
89.3398,-0.3025,-0.1222,0.4839,0.0000,0,0,-0.1830,0.5759,0.5789,5069580.5000
89.3501,-0.2604,-0.2673,0.4839,0.0000,0,0,-0.1804,0.5764,0.5789,5069580.5000
89.3597,-0.4958,0.0327,0.4839,0.0000,0,0,-0.1823,0.5761,0.5789,5069580.5000
89.3706,-0.4360,0.6614,0.4839,0.0000,0,0,-0.1826,0.5760,0.5789,5069580.5000
89.3798,-0.2654,0.3913,0.4839,0.0000,0,0,-0.1792,0.5764,0.5789,5069580.5000
89.3898,-0.3093,0.5378,0.4839,0.0000,0,0,-0.1764,0.5766,0.5789,5069580.5000
89.4000,-0.2912,0.6438,0.4839,0.0000,0,0,-0.1730,0.5768,0.5789,5069580.5000
89.4098,0.0124,-0.1657,0.4839,0.0000,0,0,-0.1636,0.5770,0.5789,5069580.5000
89.4200,-0.1146,-0.1212,0.4839,0.0000,0,0,-0.1567,0.5770,0.5789,5069580.5000
89.4298,-0.3507,0.2301,0.4839,0.0000,0,0,-0.1542,0.5769,0.5789,5069580.5000
89.4397,-0.5384,0.0466,0.4839,0.0000,0,0,-0.1550,0.5769,0.5789,5069580.5000
89.4507,-0.5487,0.2747,0.4839,0.0000,0,0,-0.1555,0.5770,0.5789,5069580.5000
89.4598,-0.4748,0.0116,0.4839,0.0000,0,0,-0.1545,0.5768,0.5789,5069580.5000
89.4701,-0.4887,-0.1559,0.4839,0.0000,0,0,-0.1535,0.5766,0.5789,5069580.5000
89.4798,-0.5887,0.4012,0.4839,0.0000,0,0,-0.1540,0.5767,0.5789,5069580.5000
89.4898,-0.2749,-0.0058,0.4839,0.0000,0,0,-0.1489,0.5755,0.5789,5069580.5000
89.5001,-0.2215,0.0033,0.4839,0.0000,0,0,-0.1429,0.5738,0.5789,5069580.5000
89.5098,-0.5461,0.7201,0.4839,0.0000,0,0,-0.1422,0.5735,0.5789,5069580.5000
89.5207,-0.4373,0.2834,0.4839,0.0000,0,0,-0.1396,0.5726,0.5789,5069580.5000
89.5298,-0.3999,-0.2073,0.4839,0.0000,0,0,-0.1364,0.5712,0.5789,5069580.5000
89.5398,-0.5720,-0.0161,0.4839,0.0000,0,0,-0.1357,0.5709,0.5789,5069580.5000
89.5502,-0.5394,-0.0672,0.4839,0.0000,0,0,-0.1343,0.5702,0.5789,5069580.5000
89.5597,-0.5090,0.0910,0.4839,0.0000,0,0,-0.1324,0.5692,0.5789,5069580.5000
89.5706,-0.4455,0.1285,0.4839,0.0000,0,0,-0.1295,0.5674,0.5789,5069580.5000
89.5797,-0.4665,-0.2446,0.4839,0.0000,0,0,-0.1270,0.5657,0.5789,5069580.5000
89.5898,-0.7849,0.1446,0.4839,0.0000,0,0,-0.1285,0.5668,0.5789,5069580.5000
89.6001,-0.7165,0.3743,0.4839,0.0000,0,0,-0.1290,0.5672,0.5789,5069580.5000
89.6098,-0.5729,0.1171,0.4839,0.0000,0,0,-0.1275,0.5660,0.5789,5069580.5000
89.6201,-0.6696,0.4538,0.4839,0.0000,0,0,-0.1272,0.5656,0.5789,5069580.5000
89.6298,-0.4661,0.4953,0.4839,0.0000,0,0,-0.1245,0.5629,0.5789,5069580.5000
89.6397,-0.2720,-0.1490,0.4839,0.0000,0,0,-0.1198,0.5579,0.5789,5069580.5000
89.6508,-0.4015,-0.0903,0.4839,0.0000,0,0,-0.1167,0.5541,0.5789,5069580.5000
89.6597,-0.6881,0.0630,0.4839,0.0000,0,0,-0.1164,0.5538,0.5789,5069580.5000
89.6700,-0.9382,-0.1414,0.4839,0.0000,0,0,-0.1184,0.5566,0.5789,5069580.5000
89.6797,-0.7368,-0.0320,0.4839,0.0000,0,0,-0.1184,0.5566,0.5789,5069580.5000
89.6898,-0.7575,-0.0303,0.4839,0.0000,0,0,-0.1185,0.5568,0.5789,5069580.5000
89.7001,-0.8126,0.0921,0.4839,0.0000,0,0,-0.1190,0.5577,0.5789,5069580.5000
89.7098,-0.5799,0.4955,0.4839,0.0000,0,0,-0.1178,0.5552,0.5789,5069580.5000
89.7206,-0.4954,0.1839,0.4839,0.0000,0,0,-0.1161,0.5514,0.5789,5069580.5000
89.7298,-0.5992,0.0841,0.4839,0.0000,0,0,-0.1152,0.5490,0.5789,5069580.5000
89.7397,-0.7219,0.3194,0.4839,0.0000,0,0,-0.1150,0.5484,0.5789,5069580.5000
89.7501,-0.7488,-0.1079,0.4839,0.0000,0,0,-0.1149,0.5482,0.5789,5069580.5000
89.7598,-0.5162,-0.4852,0.4839,0.0000,0,0,-0.1139,0.5443,0.5789,5069580.5000
89.7706,-0.6801,-0.0958,0.4839,0.0000,0,0,-0.1137,0.5429,0.5789,5069580.5000
89.7797,-1.0269,0.1528,0.4839,0.0000,0,0,-0.1144,0.5471,0.5789,5069580.5000
89.7898,-0.9377,0.2122,0.4839,0.0000,0,0,-0.1147,0.5498,0.5789,5069580.5000
89.8001,-0.7368,0.4209,0.4839,0.0000,0,0,-0.1147,0.5491,0.5789,5069580.5000
89.8098,-0.7664,0.4339,0.4839,0.0000,0,0,-0.1147,0.5488,0.5789,5069580.5000
89.8200,-0.6034,0.4441,0.4839,0.0000,0,0,-0.1146,0.5458,0.5789,5069580.5000
89.8298,-0.4601,0.1819,0.4839,0.0000,0,0,-0.1147,0.5405,0.5789,5069580.5000
89.8397,-0.5835,-0.3018,0.4839,0.0000,0,0,-0.1149,0.5373,0.5789,5069580.5000
89.8507,-0.7426,-0.1573,0.4839,0.0000,0,0,-0.1149,0.5369,0.5789,5069580.5000
89.8597,-1.0196,0.2401,0.4839,0.0000,0,0,-0.1144,0.5413,0.5789,5069580.5000
89.8701,-0.8918,-0.0913,0.4839,0.0000,0,0,-0.1140,0.5434,0.5789,5069580.5000
89.8798,-0.8095,0.0306,0.4839,0.0000,0,0,-0.1139,0.5441,0.5789,5069580.5000
89.8897,-1.0347,0.5910,0.4839,0.0000,0,0,-0.1128,0.5487,0.5789,5069580.5000
89.9000,-0.6538,0.2646,0.4839,0.0000,0,0,-0.1134,0.5467,0.5789,5069580.5000
89.9098,-0.3177,-0.0755,0.4839,0.0000,0,0,-0.1156,0.5391,0.5789,5069580.5000
89.9208,-0.5022,0.2257,0.4839,0.0000,0,0,-0.1170,0.5349,0.5789,5069580.5000
89.9297,-0.4584,-0.0109,0.4839,0.0000,0,0,-0.1188,0.5301,0.5789,5069580.5000
89.9397,-0.4786,-0.3225,0.4839,0.0000,0,0,-0.1205,0.5259,0.5789,5069580.5000
89.9500,-0.5385,0.0227,0.4839,0.0000,0,0,-0.1218,0.5229,0.5789,5069580.5000
89.9597,-0.9208,0.0138,0.4839,0.0000,0,0,-0.1201,0.5265,0.5789,5069580.5000
89.9707,-0.7127,0.0447,0.4839,0.0000,0,0,-0.1200,0.5266,0.5789,5069580.5000
89.9798,-0.5552,0.2538,0.4839,0.0000,0,0,-0.1213,0.5243,0.5789,5069580.5000
89.9898,-0.6195,0.4544,0.4839,0.0000,0,0,-0.1219,0.5232,0.5789,5069580.5000
90.0001,-0.5876,0.6802,0.4839,0.0000,0,0,-0.1228,0.5218,0.5789,5069580.5000
90.0099,-0.3526,0.5857,0.4839,0.0000,0,0,-0.1260,0.5169,0.5789,5069580.5000
90.0200,-0.2796,0.0069,0.4839,0.0000,0,0,-0.1301,0.5113,0.5789,5069580.5000
90.0298,-0.3357,-0.0240,0.4839,0.0000,0,0,-0.1334,0.5069,0.5789,5069580.5000
90.0398,-0.5919,0.0554,0.4839,0.0000,0,0,-0.1337,0.5065,0.5789,5069580.5000
90.0507,-0.5591,-0.4709,0.4839,0.0000,0,0,-0.1343,0.5059,0.5789,5069580.5000
90.0597,-0.4263,-0.3807,0.4839,0.0000,0,0,-0.1364,0.5035,0.5789,5069580.5000
90.0701,-0.7813,0.3031,0.4839,0.0000,0,0,-0.1338,0.5062,0.5789,5069580.5000
90.0797,-0.6960,0.2622,0.4839,0.0000,0,0,-0.1321,0.5078,0.5789,5069580.5000
90.0898,-0.2921,0.2115,0.4839,0.0000,0,0,-0.1359,0.5044,0.5789,5069580.5000
90.1000,-0.4522,0.3059,0.4839,0.0000,0,0,-0.1372,0.5033,0.5789,5069580.5000
90.1098,-0.3584,0.2286,0.4839,0.0000,0,0,-0.1397,0.5013,0.5789,5069580.5000
90.1207,-0.1902,0.0694,0.4839,0.0000,0,0,-0.1444,0.4976,0.5789,5069580.5000
90.1298,-0.3108,-0.1754,0.4839,0.0000,0,0,-0.1472,0.4957,0.5789,5069580.5000
90.1397,-0.3337,-0.4682,0.4839,0.0000,0,0,-0.1494,0.4942,0.5789,5069580.5000
90.1501,-0.6115,0.0242,0.4839,0.0000,0,0,-0.1470,0.4956,0.5789,5069580.5000
90.1598,-0.7981,0.1696,0.4839,0.0000,0,0,-0.1416,0.4988,0.5789,5069580.5000
90.1705,-0.4584,-0.0451,0.4839,0.0000,0,0,-0.1413,0.4989,0.5789,5069580.5000
90.1797,-0.5591,0.4131,0.4839,0.0000,0,0,-0.1392,0.4999,0.5789,5069580.5000
90.1898,-0.4577,0.5682,0.4839,0.0000,0,0,-0.1386,0.5002,0.5789,5069580.5000
90.2001,0.0304,-0.0566,0.4839,0.0000,0,0,-0.1458,0.4973,0.5789,5069580.5000
90.2098,0.0175,-0.0308,0.4839,0.0000,0,0,-0.1525,0.4949,0.5789,5069580.5000
90.2200,-0.1458,-0.0527,0.4839,0.0000,0,0,-0.1561,0.4938,0.5789,5069580.5000
90.2298,-0.2920,-0.3509,0.4839,0.0000,0,0,-0.1569,0.4936,0.5789,5069580.5000
90.2398,-0.4030,-0.1406,0.4839,0.0000,0,0,-0.1555,0.4939,0.5789,5069580.5000
90.2507,-0.3918,-0.2659,0.4839,0.0000,0,0,-0.1540,0.4942,0.5789,5069580.5000
90.2597,-0.5562,-0.0737,0.4839,0.0000,0,0,-0.1495,0.4949,0.5789,5069580.5000
90.2701,-0.5144,0.4868,0.4839,0.0000,0,0,-0.1455,0.4953,0.5789,5069580.5000
90.2797,-0.1810,0.0312,0.4839,0.0000,0,0,-0.1471,0.4952,0.5789,5069580.5000
90.2898,-0.0798,-0.0772,0.4839,0.0000,0,0,-0.1502,0.4951,0.5789,5069580.5000
90.3001,-0.1358,0.4249,0.4839,0.0000,0,0,-0.1519,0.4951,0.5789,5069580.5000
90.3098,-0.1754,-0.0161,0.4839,0.0000,0,0,-0.1526,0.4952,0.5789,5069580.5000
90.3207,-0.0881,-0.2451,0.4839,0.0000,0,0,-0.1545,0.4954,0.5789,5069580.5000
90.3298,-0.2613,0.2095,0.4839,0.0000,0,0,-0.1532,0.4952,0.5789,5069580.5000
90.3398,-0.4112,0.1212,0.4839,0.0000,0,0,-0.1492,0.4944,0.5789,5069580.5000
90.3498,-0.1828,-0.3718,0.4839,0.0000,0,0,-0.1488,0.4943,0.5789,5069580.5000
90.3601,-0.2530,-0.0398,0.4839,0.0000,0,0,-0.1470,0.4938,0.5789,5069580.5000
90.3707,-0.3904,0.5421,0.4839,0.0000,0,0,-0.1428,0.4923,0.5789,5069580.5000
90.3798,0.1105,0.2989,0.4839,0.0000,0,0,-0.1465,0.4938,0.5789,5069580.5000
90.3898,0.0636,0.3011,0.4839,0.0000,0,0,-0.1491,0.4950,0.5789,5069580.5000
90.3998,-0.1092,0.5201,0.4839,0.0000,0,0,-0.1487,0.4948,0.5789,5069580.5000
90.4101,-0.0479,-0.0442,0.4839,0.0000,0,0,-0.1490,0.4949,0.5789,5069580.5000
90.4201,-0.0760,-0.3008,0.4839,0.0000,0,0,-0.1486,0.4947,0.5789,5069580.5000
90.4298,-0.1884,0.0317,0.4839,0.0000,0,0,-0.1464,0.4931,0.5789,5069580.5000
90.4398,-0.2633,0.0258,0.4839,0.0000,0,0,-0.1431,0.4905,0.5789,5069580.5000
90.4498,-0.0861,0.2217,0.4839,0.0000,0,0,-0.1421,0.4897,0.5789,5069580.5000
90.4606,0.0297,0.2272,0.4839,0.0000,0,0,-0.1426,0.4901,0.5789,5069580.5000
90.4701,-0.2593,0.2529,0.4839,0.0000,0,0,-0.1391,0.4865,0.5789,5069580.5000
90.4797,-0.1612,0.6534,0.4839,0.0000,0,0,-0.1369,0.4840,0.5789,5069580.5000
90.4898,0.0589,0.3338,0.4839,0.0000,0,0,-0.1373,0.4845,0.5789,5069580.5000
90.4997,0.1287,0.0994,0.4839,0.0000,0,0,-0.1383,0.4859,0.5789,5069580.5000
90.5106,-0.0094,0.5518,0.4839,0.0000,0,0,-0.1376,0.4848,0.5789,5069580.5000
90.5207,-0.1209,0.3244,0.4839,0.0000,0,0,-0.1357,0.4816,0.5789,5069580.5000
90.5298,0.0580,-0.4007,0.4839,0.0000,0,0,-0.1355,0.4814,0.5789,5069580.5000
90.5398,-0.0621,-0.0909,0.4839,0.0000,0,0,-0.1342,0.4787,0.5789,5069580.5000
90.5498,-0.3932,0.2244,0.4839,0.0000,0,0,-0.1300,0.4695,0.5789,5069580.5000
90.5601,-0.2164,0.1118,0.4839,0.0000,0,0,-0.1275,0.4635,0.5789,5069580.5000
90.5707,-0.0104,0.2890,0.4839,0.0000,0,0,-0.1268,0.4614,0.5789,5069580.5000
90.5797,-0.1866,0.7341,0.4839,0.0000,0,0,-0.1248,0.4555,0.5789,5069580.5000
90.5898,0.1292,0.4824,0.4839,0.0000,0,0,-0.1250,0.4561,0.5789,5069580.5000
90.5998,0.3743,0.1316,0.4839,0.0000,0,0,-0.1264,0.4617,0.5789,5069580.5000
90.6101,0.0697,0.2402,0.4839,0.0000,0,0,-0.1261,0.4603,0.5789,5069580.5000
90.6200,0.0259,0.1264,0.4839,0.0000,0,0,-0.1256,0.4577,0.5789,5069580.5000
90.6298,-0.0216,-0.1475,0.4839,0.0000,0,0,-0.1251,0.4540,0.5789,5069580.5000
90.6397,0.0093,-0.0248,0.4839,0.0000,0,0,-0.1247,0.4507,0.5789,5069580.5000
90.6498,-0.0204,0.0105,0.4839,0.0000,0,0,-0.1244,0.4467,0.5789,5069580.5000
90.6606,-0.1023,0.3378,0.4839,0.0000,0,0,-0.1242,0.4405,0.5789,5069580.5000
90.6701,0.0795,0.5828,0.4839,0.0000,0,0,-0.1241,0.4387,0.5789,5069580.5000
90.6797,0.1925,0.1927,0.4839,0.0000,0,0,-0.1241,0.4396,0.5789,5069580.5000
90.6898,0.0939,0.4775,0.4839,0.0000,0,0,-0.1242,0.4379,0.5789,5069580.5000
90.6997,0.2026,0.6810,0.4839,0.0000,0,0,-0.1241,0.4387,0.5789,5069580.5000
90.7106,0.2419,0.0879,0.4839,0.0000,0,0,-0.1240,0.4404,0.5789,5069580.5000
90.7207,0.3180,0.0427,0.4839,0.0000,0,0,-0.1235,0.4438,0.5789,5069580.5000
90.7298,-0.0435,0.2891,0.4839,0.0000,0,0,-0.1245,0.4378,0.5789,5069580.5000
90.7397,-0.1686,-0.0347,0.4839,0.0000,0,0,-0.1261,0.4288,0.5789,5069580.5000
90.7497,0.2094,-0.1651,0.4839,0.0000,0,0,-0.1260,0.4295,0.5789,5069580.5000
90.7600,0.0363,0.1712,0.4839,0.0000,0,0,-0.1269,0.4257,0.5789,5069580.5000
90.7706,-0.1030,0.6725,0.4839,0.0000,0,0,-0.1289,0.4185,0.5789,5069580.5000
90.7797,0.2408,0.5020,0.4839,0.0000,0,0,-0.1284,0.4201,0.5789,5069580.5000
90.7898,0.1449,0.3867,0.4839,0.0000,0,0,-0.1287,0.4192,0.5789,5069580.5000
90.7997,0.0714,0.3582,0.4839,0.0000,0,0,-0.1296,0.4165,0.5789,5069580.5000
90.8101,0.1602,0.0119,0.4839,0.0000,0,0,-0.1298,0.4161,0.5789,5069580.5000
90.8200,0.2289,-0.0663,0.4839,0.0000,0,0,-0.1293,0.4174,0.5789,5069580.5000
90.8298,0.2201,-0.0870,0.4839,0.0000,0,0,-0.1288,0.4183,0.5789,5069580.5000
90.8397,0.0213,-0.0078,0.4839,0.0000,0,0,-0.1307,0.4145,0.5789,5069580.5000
90.8498,-0.0833,0.4338,0.4839,0.0000,0,0,-0.1338,0.4082,0.5789,5069580.5000
90.8605,0.0755,0.3153,0.4839,0.0000,0,0,-0.1349,0.4061,0.5789,5069580.5000
90.8701,-0.0123,0.3802,0.4839,0.0000,0,0,-0.1372,0.4020,0.5789,5069580.5000
90.8798,0.0838,0.9117,0.4839,0.0000,0,0,-0.1381,0.4005,0.5789,5069580.5000
90.8898,0.4344,0.2470,0.4839,0.0000,0,0,-0.1340,0.4070,0.5789,5069580.5000
90.8998,0.3502,-0.0211,0.4839,0.0000,0,0,-0.1311,0.4114,0.5789,5069580.5000
90.9106,0.1880,0.5175,0.4839,0.0000,0,0,-0.1307,0.4121,0.5789,5069580.5000
90.9207,0.1186,0.1418,0.4839,0.0000,0,0,-0.1313,0.4112,0.5789,5069580.5000
90.9298,0.1511,-0.2373,0.4839,0.0000,0,0,-0.1313,0.4112,0.5789,5069580.5000
90.9397,-0.0277,0.3011,0.4839,0.0000,0,0,-0.1343,0.4075,0.5789,5069580.5000
90.9498,-0.1981,0.4179,0.4839,0.0000,0,0,-0.1400,0.4007,0.5789,5069580.5000
90.9601,0.1471,0.2225,0.4839,0.0000,0,0,-0.1395,0.4012,0.5789,5069580.5000
90.9706,0.1461,0.3780,0.4839,0.0000,0,0,-0.1390,0.4018,0.5789,5069580.5000
90.9797,-0.1149,0.4988,0.4839,0.0000,0,0,-0.1431,0.3973,0.5789,5069580.5000
90.9897,0.1949,0.4356,0.4839,0.0000,0,0,-0.1413,0.3993,0.5789,5069580.5000
90.9997,0.2875,0.4701,0.4839,0.0000,0,0,-0.1376,0.4030,0.5789,5069580.5000
91.0101,0.0350,0.6073,0.4839,0.0000,0,0,-0.1387,0.4019,0.5789,5069580.5000
91.0201,0.1457,0.5821,0.4839,0.0000,0,0,-0.1375,0.4031,0.5789,5069580.5000
91.0298,0.2253,0.3971,0.4839,0.0000,0,0,-0.1347,0.4057,0.5789,5069580.5000
91.0397,0.2133,0.0818,0.4839,0.0000,0,0,-0.1319,0.4082,0.5789,5069580.5000
91.0498,0.1822,0.0667,0.4839,0.0000,0,0,-0.1298,0.4100,0.5789,5069580.5000
91.0605,-0.1564,0.4557,0.4839,0.0000,0,0,-0.1345,0.4061,0.5789,5069580.5000
91.0700,0.0356,0.3269,0.4839,0.0000,0,0,-0.1349,0.4058,0.5789,5069580.5000
91.0797,-0.0245,0.4183,0.4839,0.0000,0,0,-0.1363,0.4047,0.5789,5069580.5000
91.0898,-0.2346,0.9970,0.4839,0.0000,0,0,-0.1422,0.4003,0.5789,5069580.5000
91.0997,0.1120,0.4791,0.4839,0.0000,0,0,-0.1400,0.4019,0.5789,5069580.5000
91.1106,0.1726,0.3138,0.4839,0.0000,0,0,-0.1362,0.4045,0.5789,5069580.5000
91.1207,-0.0535,0.9598,0.4839,0.0000,0,0,-0.1375,0.4037,0.5789,5069580.5000
91.1298,0.2664,0.5537,0.4839,0.0000,0,0,-0.1311,0.4078,0.5789,5069580.5000
91.1398,0.2192,0.2285,0.4839,0.0000,0,0,-0.1258,0.4112,0.5789,5069580.5000
91.1498,-0.0670,0.4801,0.4839,0.0000,0,0,-0.1272,0.4103,0.5789,5069580.5000
91.1601,-0.1499,0.1737,0.4839,0.0000,0,0,-0.1302,0.4085,0.5789,5069580.5000
91.1706,-0.0844,0.0529,0.4839,0.0000,0,0,-0.1312,0.4079,0.5789,5069580.5000
91.1797,-0.0991,0.2566,0.4839,0.0000,0,0,-0.1324,0.4073,0.5789,5069580.5000
91.1898,-0.2696,0.3793,0.4839,0.0000,0,0,-0.1372,0.4046,0.5789,5069580.5000
91.1998,-0.0910,0.5025,0.4839,0.0000,0,0,-0.1374,0.4045,0.5789,5069580.5000
91.2101,0.0266,0.6105,0.4839,0.0000,0,0,-0.1344,0.4061,0.5789,5069580.5000
91.2200,-0.1967,0.6825,0.4839,0.0000,0,0,-0.1366,0.4049,0.5789,5069580.5000
91.2299,-0.1514,0.7986,0.4839,0.0000,0,0,-0.1373,0.4046,0.5789,5069580.5000
91.2398,-0.0243,0.6295,0.4839,0.0000,0,0,-0.1348,0.4058,0.5789,5069580.5000
91.2498,-0.1219,0.3007,0.4839,0.0000,0,0,-0.1343,0.4060,0.5789,5069580.5000
91.2604,-0.1176,0.3331,0.4839,0.0000,0,0,-0.1334,0.4064,0.5789,5069580.5000
91.2701,-0.1228,0.3398,0.4839,0.0000,0,0,-0.1324,0.4069,0.5789,5069580.5000
91.2798,-0.0643,-0.0982,0.4839,0.0000,0,0,-0.1299,0.4080,0.5789,5069580.5000
91.2898,-0.0964,0.1818,0.4839,0.0000,0,0,-0.1279,0.4088,0.5789,5069580.5000
91.2998,-0.2859,0.5178,0.4839,0.0000,0,0,-0.1300,0.4080,0.5789,5069580.5000
91.3106,-0.1278,0.1828,0.4839,0.0000,0,0,-0.1281,0.4087,0.5789,5069580.5000
91.3207,-0.1989,0.3945,0.4839,0.0000,0,0,-0.1276,0.4089,0.5789,5069580.5000
91.3298,-0.3941,1.0136,0.4839,0.0000,0,0,-0.1311,0.4076,0.5789,5069580.5000
91.3398,-0.0337,0.5208,0.4839,0.0000,0,0,-0.1264,0.4093,0.5789,5069580.5000
91.3498,0.1293,0.1426,0.4839,0.0000,0,0,-0.1182,0.4120,0.5789,5069580.5000
91.3601,-0.0698,0.3618,0.4839,0.0000,0,0,-0.1142,0.4132,0.5789,5069580.5000
91.3706,-0.0848,-0.0111,0.4839,0.0000,0,0,-0.1103,0.4143,0.5789,5069580.5000
91.3797,-0.1911,-0.2124,0.4839,0.0000,0,0,-0.1087,0.4148,0.5789,5069580.5000
91.3898,-0.3528,0.2317,0.4839,0.0000,0,0,-0.1102,0.4144,0.5789,5069580.5000
91.3997,-0.4462,0.1271,0.4839,0.0000,0,0,-0.1133,0.4137,0.5789,5069580.5000
91.4101,-0.1359,-0.1569,0.4839,0.0000,0,0,-0.1096,0.4145,0.5789,5069580.5000
91.4200,-0.1227,0.2104,0.4839,0.0000,0,0,-0.1055,0.4152,0.5789,5069580.5000
91.4298,-0.3732,0.4704,0.4839,0.0000,0,0,-0.1064,0.4150,0.5789,5069580.5000
91.4398,-0.1682,0.4258,0.4839,0.0000,0,0,-0.1029,0.4155,0.5789,5069580.5000
91.4498,-0.0913,0.3209,0.4839,0.0000,0,0,-0.0978,0.4160,0.5789,5069580.5000
91.4605,-0.2698,0.2752,0.4839,0.0000,0,0,-0.0961,0.4161,0.5789,5069580.5000
91.4700,-0.1097,0.4388,0.4839,0.0000,0,0,-0.0912,0.4163,0.5789,5069580.5000
91.4797,-0.1035,0.2610,0.4839,0.0000,0,0,-0.0861,0.4164,0.5789,5069580.5000
91.4898,-0.0784,-0.3078,0.4839,0.0000,0,0,-0.0806,0.4163,0.5789,5069580.5000
91.4997,-0.2286,-0.1006,0.4839,0.0000,0,0,-0.0778,0.4162,0.5789,5069580.5000
91.5106,-0.4322,0.1928,0.4839,0.0000,0,0,-0.0786,0.4162,0.5789,5069580.5000
91.5206,-0.2760,-0.2168,0.4839,0.0000,0,0,-0.0764,0.4160,0.5789,5069580.5000
91.5298,-0.2130,0.0126,0.4839,0.0000,0,0,-0.0730,0.4154,0.5789,5069580.5000
91.5397,-0.5755,0.5892,0.4839,0.0000,0,0,-0.0758,0.4160,0.5789,5069580.5000
91.5498,-0.2415,0.2511,0.4839,0.0000,0,0,-0.0726,0.4153,0.5789,5069580.5000
91.5601,-0.2001,0.1985,0.4839,0.0000,0,0,-0.0687,0.4142,0.5789,5069580.5000
91.5706,-0.4201,0.5743,0.4839,0.0000,0,0,-0.0683,0.4141,0.5789,5069580.5000
91.5797,-0.2244,0.2802,0.4839,0.0000,0,0,-0.0647,0.4129,0.5789,5069580.5000
91.5898,-0.1540,0.1067,0.4839,0.0000,0,0,-0.0600,0.4111,0.5789,5069580.5000
91.5997,-0.3458,0.0531,0.4839,0.0000,0,0,-0.0583,0.4104,0.5789,5069580.5000
91.6100,-0.4659,-0.2257,0.4839,0.0000,0,0,-0.0583,0.4104,0.5789,5069580.5000
91.6201,-0.6345,0.0289,0.4839,0.0000,0,0,-0.0606,0.4116,0.5789,5069580.5000
91.6298,-0.4648,0.0871,0.4839,0.0000,0,0,-0.0602,0.4114,0.5789,5069580.5000
91.6397,-0.5229,0.2470,0.4839,0.0000,0,0,-0.0606,0.4116,0.5789,5069580.5000
91.6498,-0.5323,0.8737,0.4839,0.0000,0,0,-0.0609,0.4118,0.5789,5069580.5000
91.6605,-0.2083,0.4350,0.4839,0.0000,0,0,-0.0569,0.4088,0.5789,5069580.5000
91.6701,-0.1029,0.0233,0.4839,0.0000,0,0,-0.0518,0.4047,0.5789,5069580.5000
91.6798,-0.3197,0.4993,0.4839,0.0000,0,0,-0.0494,0.4026,0.5789,5069580.5000
91.6898,-0.2664,0.2367,0.4839,0.0000,0,0,-0.0465,0.3999,0.5789,5069580.5000
91.6997,-0.1282,-0.1321,0.4839,0.0000,0,0,-0.0422,0.3955,0.5789,5069580.5000
91.7106,-0.2679,0.2923,0.4839,0.0000,0,0,-0.0396,0.3925,0.5789,5069580.5000
91.7207,-0.4640,0.3036,0.4839,0.0000,0,0,-0.0390,0.3918,0.5789,5069580.5000
91.7298,-0.4706,0.0525,0.4839,0.0000,0,0,-0.0385,0.3911,0.5789,5069580.5000
91.7398,-0.4675,0.2714,0.4839,0.0000,0,0,-0.0379,0.3902,0.5789,5069580.5000
91.7498,-0.5521,0.3234,0.4839,0.0000,0,0,-0.0380,0.3904,0.5789,5069580.5000
91.7600,-0.5211,0.5546,0.4839,0.0000,0,0,-0.0378,0.3900,0.5789,5069580.5000
91.7706,-0.2678,0.6904,0.4839,0.0000,0,0,-0.0358,0.3861,0.5789,5069580.5000
91.7797,-0.2957,0.2551,0.4839,0.0000,0,0,-0.0341,0.3825,0.5789,5069580.5000
91.7898,-0.3823,0.4341,0.4839,0.0000,0,0,-0.0331,0.3801,0.5789,5069580.5000
91.7997,-0.4122,0.3916,0.4839,0.0000,0,0,-0.0323,0.3780,0.5789,5069580.5000
91.8101,-0.3879,-0.4101,0.4839,0.0000,0,0,-0.0315,0.3755,0.5789,5069580.5000
91.8201,-0.3617,-0.2081,0.4839,0.0000,0,0,-0.0307,0.3726,0.5789,5069580.5000
91.8298,-0.6487,0.2344,0.4839,0.0000,0,0,-0.0311,0.3741,0.5789,5069580.5000
91.8398,-0.6979,-0.0024,0.4839,0.0000,0,0,-0.0315,0.3763,0.5789,5069580.5000
91.8498,-0.4419,0.1828,0.4839,0.0000,0,0,-0.0312,0.3743,0.5789,5069580.5000
91.8606,-0.7477,0.5971,0.4839,0.0000,0,0,-0.0315,0.3773,0.5789,5069580.5000
91.8701,-0.7602,0.5858,0.4839,0.0000,0,0,-0.0318,0.3805,0.5789,5069580.5000
91.8797,-0.4446,0.5827,0.4839,0.0000,0,0,-0.0317,0.3783,0.5789,5069580.5000
91.8898,-0.4784,0.2332,0.4839,0.0000,0,0,-0.0317,0.3766,0.5789,5069580.5000
91.8997,-0.5467,-0.0325,0.4839,0.0000,0,0,-0.0317,0.3761,0.5789,5069580.5000
91.9106,-0.5258,0.1227,0.4839,0.0000,0,0,-0.0317,0.3753,0.5789,5069580.5000
91.9207,-0.6165,-0.0316,0.4839,0.0000,0,0,-0.0317,0.3760,0.5789,5069580.5000
91.9298,-0.3476,-0.3243,0.4839,0.0000,0,0,-0.0322,0.3720,0.5789,5069580.5000
91.9397,-0.7055,0.1989,0.4839,0.0000,0,0,-0.0318,0.3743,0.5789,5069580.5000
91.9498,-0.8256,0.7124,0.4839,0.0000,0,0,-0.0309,0.3786,0.5789,5069580.5000
91.9600,-0.5383,0.2958,0.4839,0.0000,0,0,-0.0311,0.3779,0.5789,5069580.5000
91.9706,-0.5398,0.3020,0.4839,0.0000,0,0,-0.0313,0.3772,0.5789,5069580.5000
91.9797,-0.5571,0.4119,0.4839,0.0000,0,0,-0.0314,0.3769,0.5789,5069580.5000
91.9898,-0.3581,-0.0608,0.4839,0.0000,0,0,-0.0327,0.3732,0.5789,5069580.5000
91.9997,-0.4120,-0.0851,0.4839,0.0000,0,0,-0.0336,0.3706,0.5789,5069580.5000
92.0101,-0.6708,0.2072,0.4839,0.0000,0,0,-0.0329,0.3724,0.5789,5069580.5000
92.0201,-0.8760,0.1012,0.4839,0.0000,0,0,-0.0305,0.3776,0.5789,5069580.5000
92.0298,-0.7558,0.2753,0.4839,0.0000,0,0,-0.0290,0.3808,0.5789,5069580.5000
92.0398,-0.5589,0.2604,0.4839,0.0000,0,0,-0.0291,0.3807,0.5789,5069580.5000
92.0498,-0.6253,0.3704,0.4839,0.0000,0,0,-0.0285,0.3817,0.5789,5069580.5000
92.0606,-0.5376,0.7509,0.4839,0.0000,0,0,-0.0287,0.3813,0.5789,5069580.5000
92.0702,-0.2825,0.4612,0.4839,0.0000,0,0,-0.0315,0.3770,0.5789,5069580.5000
92.0797,-0.4281,0.0908,0.4839,0.0000,0,0,-0.0327,0.3752,0.5789,5069580.5000
92.0898,-0.5209,0.3069,0.4839,0.0000,0,0,-0.0329,0.3750,0.5789,5069580.5000
92.0997,-0.7943,0.0173,0.4839,0.0000,0,0,-0.0299,0.3788,0.5789,5069580.5000
92.1106,-0.7301,-0.4086,0.4839,0.0000,0,0,-0.0275,0.3817,0.5789,5069580.5000
92.1207,-0.7740,0.0131,0.4839,0.0000,0,0,-0.0245,0.3851,0.5789,5069580.5000
92.1298,-0.8598,0.5129,0.4839,0.0000,0,0,-0.0204,0.3897,0.5789,5069580.5000
92.1397,-0.5144,0.2076,0.4839,0.0000,0,0,-0.0206,0.3894,0.5789,5069580.5000
92.1498,-0.4623,0.2739,0.4839,0.0000,0,0,-0.0214,0.3886,0.5789,5069580.5000
92.1601,-0.5826,0.7926,0.4839,0.0000,0,0,-0.0205,0.3895,0.5789,5069580.5000
92.1706,-0.3455,0.2551,0.4839,0.0000,0,0,-0.0228,0.3875,0.5789,5069580.5000
92.1797,-0.2836,-0.2098,0.4839,0.0000,0,0,-0.0259,0.3850,0.5789,5069580.5000
92.1898,-0.4248,0.1462,0.4839,0.0000,0,0,-0.0269,0.3843,0.5789,5069580.5000
92.1997,-0.4817,-0.0787,0.4839,0.0000,0,0,-0.0268,0.3844,0.5789,5069580.5000
92.2101,-0.3032,-0.3902,0.4839,0.0000,0,0,-0.0293,0.3827,0.5789,5069580.5000
92.2201,-0.3639,0.0403,0.4839,0.0000,0,0,-0.0308,0.3819,0.5789,5069580.5000
92.2298,-0.5491,0.1552,0.4839,0.0000,0,0,-0.0291,0.3828,0.5789,5069580.5000
92.2398,-0.3729,-0.0662,0.4839,0.0000,0,0,-0.0302,0.3822,0.5789,5069580.5000
92.2498,-0.2633,0.1306,0.4839,0.0000,0,0,-0.0329,0.3810,0.5789,5069580.5000
92.2605,-0.5880,0.4897,0.4839,0.0000,0,0,-0.0300,0.3822,0.5789,5069580.5000
92.2701,-0.2951,0.3951,0.4839,0.0000,0,0,-0.0319,0.3814,0.5789,5069580.5000
92.2797,-0.0680,0.1415,0.4839,0.0000,0,0,-0.0374,0.3795,0.5789,5069580.5000
92.2898,-0.2680,0.0818,0.4839,0.0000,0,0,-0.0393,0.3789,0.5789,5069580.5000
92.2997,-0.3543,-0.1177,0.4839,0.0000,0,0,-0.0395,0.3789,0.5789,5069580.5000
92.3106,-0.3979,-0.2109,0.4839,0.0000,0,0,-0.0388,0.3791,0.5789,5069580.5000
92.3206,-0.4895,-0.2063,0.4839,0.0000,0,0,-0.0363,0.3795,0.5789,5069580.5000
92.3298,-0.3944,-0.0703,0.4839,0.0000,0,0,-0.0353,0.3796,0.5789,5069580.5000
92.3398,-0.5453,0.4930,0.4839,0.0000,0,0,-0.0316,0.3800,0.5789,5069580.5000
92.3498,-0.3031,0.5415,0.4839,0.0000,0,0,-0.0320,0.3800,0.5789,5069580.5000
92.3600,-0.2634,0.0218,0.4839,0.0000,0,0,-0.0328,0.3800,0.5789,5069580.5000
92.3706,-0.4277,0.3704,0.4839,0.0000,0,0,-0.0306,0.3799,0.5789,5069580.5000
92.3797,-0.2954,0.3463,0.4839,0.0000,0,0,-0.0305,0.3799,0.5789,5069580.5000
92.3898,-0.0475,-0.3156,0.4839,0.0000,0,0,-0.0344,0.3804,0.5789,5069580.5000
92.3998,-0.0879,-0.1828,0.4839,0.0000,0,0,-0.0374,0.3809,0.5789,5069580.5000
92.4101,-0.2462,0.1392,0.4839,0.0000,0,0,-0.0374,0.3809,0.5789,5069580.5000
92.4201,-0.4824,-0.0927,0.4839,0.0000,0,0,-0.0333,0.3798,0.5789,5069580.5000
92.4298,-0.3556,-0.1058,0.4839,0.0000,0,0,-0.0312,0.3791,0.5789,5069580.5000
92.4398,-0.5035,0.1656,0.4839,0.0000,0,0,-0.0267,0.3775,0.5789,5069580.5000
92.4498,-0.4913,0.3679,0.4839,0.0000,0,0,-0.0223,0.3756,0.5789,5069580.5000
92.4604,-0.0720,0.3669,0.4839,0.0000,0,0,-0.0245,0.3767,0.5789,5069580.5000
92.4701,-0.0273,0.3380,0.4839,0.0000,0,0,-0.0271,0.3781,0.5789,5069580.5000
92.4798,-0.1375,0.3294,0.4839,0.0000,0,0,-0.0277,0.3785,0.5789,5069580.5000
92.4898,-0.0599,0.1566,0.4839,0.0000,0,0,-0.0293,0.3795,0.5789,5069580.5000
92.4997,-0.1930,-0.0433,0.4839,0.0000,0,0,-0.0288,0.3791,0.5789,5069580.5000
92.5106,-0.1916,-0.3433,0.4839,0.0000,0,0,-0.0281,0.3786,0.5789,5069580.5000
92.5207,-0.4253,-0.1515,0.4839,0.0000,0,0,-0.0241,0.3750,0.5789,5069580.5000
92.5298,-0.4415,0.4420,0.4839,0.0000,0,0,-0.0200,0.3710,0.5789,5069580.5000
92.5398,-0.1115,0.1759,0.4839,0.0000,0,0,-0.0202,0.3712,0.5789,5069580.5000
92.5498,-0.0461,0.3122,0.4839,0.0000,0,0,-0.0211,0.3722,0.5789,5069580.5000
92.5601,-0.3388,0.8804,0.4839,0.0000,0,0,-0.0183,0.3686,0.5789,5069580.5000
92.5706,-0.1386,0.3926,0.4839,0.0000,0,0,-0.0178,0.3680,0.5789,5069580.5000
92.5798,0.0268,-0.0265,0.4839,0.0000,0,0,-0.0191,0.3699,0.5789,5069580.5000
92.5898,-0.1382,0.2866,0.4839,0.0000,0,0,-0.0184,0.3688,0.5789,5069580.5000
92.5998,-0.1615,0.1527,0.4839,0.0000,0,0,-0.0175,0.3671,0.5789,5069580.5000
92.6101,-0.1105,-0.1637,0.4839,0.0000,0,0,-0.0170,0.3661,0.5789,5069580.5000
92.6200,-0.0116,-0.0490,0.4839,0.0000,0,0,-0.0173,0.3669,0.5789,5069580.5000
92.6298,-0.0804,0.0802,0.4839,0.0000,0,0,-0.0170,0.3661,0.5789,5069580.5000
92.6397,-0.3448,0.3591,0.4839,0.0000,0,0,-0.0148,0.3597,0.5789,5069580.5000
92.6498,0.0633,0.7830,0.4839,0.0000,0,0,-0.0154,0.3617,0.5789,5069580.5000
92.6606,0.0861,0.3083,0.4839,0.0000,0,0,-0.0160,0.3639,0.5789,5069580.5000
92.6701,0.1130,0.0773,0.4839,0.0000,0,0,-0.0166,0.3665,0.5789,5069580.5000
92.6797,-0.0602,0.2125,0.4839,0.0000,0,0,-0.0163,0.3650,0.5789,5069580.5000
92.6898,-0.2084,0.0663,0.4839,0.0000,0,0,-0.0155,0.3600,0.5789,5069580.5000
92.6998,-0.0166,-0.2326,0.4839,0.0000,0,0,-0.0154,0.3592,0.5789,5069580.5000
92.7106,-0.1740,0.0106,0.4839,0.0000,0,0,-0.0149,0.3546,0.5789,5069580.5000
92.7206,-0.4324,0.5495,0.4839,0.0000,0,0,-0.0142,0.3437,0.5789,5069580.5000
92.7298,-0.1426,0.5077,0.4839,0.0000,0,0,-0.0141,0.3399,0.5789,5069580.5000
92.7398,0.0168,0.3152,0.4839,0.0000,0,0,-0.0141,0.3398,0.5789,5069580.5000
92.7498,-0.0221,0.3990,0.4839,0.0000,0,0,-0.0141,0.3387,0.5789,5069580.5000
92.7601,0.1998,0.0028,0.4839,0.0000,0,0,-0.0139,0.3428,0.5789,5069580.5000
92.7706,0.3271,-0.2841,0.4839,0.0000,0,0,-0.0133,0.3499,0.5789,5069580.5000
92.7797,0.0554,-0.1570,0.4839,0.0000,0,0,-0.0133,0.3498,0.5789,5069580.5000
92.7898,-0.3143,0.1329,0.4839,0.0000,0,0,-0.0146,0.3403,0.5789,5069580.5000
92.7998,-0.5302,0.3934,0.4839,0.0000,0,0,-0.0171,0.3254,0.5789,5069580.5000
92.8101,-0.1787,0.3314,0.4839,0.0000,0,0,-0.0182,0.3197,0.5789,5069580.5000
92.8201,-0.0664,0.1384,0.4839,0.0000,0,0,-0.0188,0.3170,0.5789,5069580.5000
92.8298,-0.0534,0.4814,0.4839,0.0000,0,0,-0.0194,0.3146,0.5789,5069580.5000
92.8397,0.1744,0.4446,0.4839,0.0000,0,0,-0.0185,0.3180,0.5789,5069580.5000
92.8498,0.1340,-0.1473,0.4839,0.0000,0,0,-0.0178,0.3201,0.5789,5069580.5000
92.8605,-0.0905,-0.0572,0.4839,0.0000,0,0,-0.0191,0.3164,0.5789,5069580.5000
92.8701,-0.2704,-0.0538,0.4839,0.0000,0,0,-0.0221,0.3082,0.5789,5069580.5000
92.8797,-0.2235,-0.4693,0.4839,0.0000,0,0,-0.0247,0.3015,0.5789,5069580.5000
92.8898,0.0276,-0.2738,0.4839,0.0000,0,0,-0.0248,0.3012,0.5789,5069580.5000
92.8997,-0.2887,0.3801,0.4839,0.0000,0,0,-0.0284,0.2931,0.5789,5069580.5000
92.9107,-0.0737,0.4863,0.4839,0.0000,0,0,-0.0297,0.2906,0.5789,5069580.5000
92.9207,0.1683,0.1645,0.4839,0.0000,0,0,-0.0280,0.2939,0.5789,5069580.5000
92.9298,0.0998,0.0952,0.4839,0.0000,0,0,-0.0271,0.2955,0.5789,5069580.5000
92.9398,0.0652,-0.1556,0.4839,0.0000,0,0,-0.0268,0.2961,0.5789,5069580.5000
92.9498,0.1050,-0.7559,0.4839,0.0000,0,0,-0.0259,0.2976,0.5789,5069580.5000
92.9601,0.0946,-0.4798,0.4839,0.0000,0,0,-0.0251,0.2988,0.5789,5069580.5000
92.9706,-0.0619,-0.0568,0.4839,0.0000,0,0,-0.0267,0.2964,0.5789,5069580.5000
92.9798,-0.0843,-0.1575,0.4839,0.0000,0,0,-0.0287,0.2936,0.5789,5069580.5000
92.9897,0.1833,0.0242,0.4839,0.0000,0,0,-0.0263,0.2968,0.5789,5069580.5000
92.9997,-0.0275,0.3833,0.4839,0.0000,0,0,-0.0274,0.2954,0.5789,5069580.5000
93.0102,0.0901,0.2769,0.4839,0.0000,0,0,-0.0265,0.2965,0.5789,5069580.5000
93.0200,0.3810,0.1820,0.4839,0.0000,0,0,-0.0206,0.3035,0.5789,5069580.5000
93.0298,0.2568,-0.0323,0.4839,0.0000,0,0,-0.0169,0.3077,0.5789,5069580.5000
93.0397,0.2070,-0.1553,0.4839,0.0000,0,0,-0.0141,0.3107,0.5789,5069580.5000
93.0498,-0.0084,-0.0704,0.4839,0.0000,0,0,-0.0154,0.3093,0.5789,5069580.5000
93.0605,-0.1424,0.0521,0.4839,0.0000,0,0,-0.0191,0.3055,0.5789,5069580.5000
93.0700,0.0436,-0.1663,0.4839,0.0000,0,0,-0.0192,0.3055,0.5789,5069580.5000
93.0798,-0.0671,0.3720,0.4839,0.0000,0,0,-0.0213,0.3034,0.5789,5069580.5000
93.0898,0.0928,0.7728,0.4839,0.0000,0,0,-0.0201,0.3045,0.5789,5069580.5000
93.0998,0.3613,0.1375,0.4839,0.0000,0,0,-0.0136,0.3104,0.5789,5069580.5000
93.1106,0.2014,0.0732,0.4839,0.0000,0,0,-0.0104,0.3133,0.5789,5069580.5000
93.1208,0.1607,0.3385,0.4839,0.0000,0,0,-0.0081,0.3153,0.5789,5069580.5000
93.1298,0.1402,-0.2519,0.4839,0.0000,0,0,-0.0062,0.3168,0.5789,5069580.5000
93.1398,0.2249,-0.2598,0.4839,0.0000,0,0,-0.0024,0.3198,0.5789,5069580.5000
93.1498,0.0367,0.0856,0.4839,0.0000,0,0,-0.0027,0.3196,0.5789,5069580.5000
93.1601,-0.1790,0.1222,0.4839,0.0000,0,0,-0.0076,0.3160,0.5789,5069580.5000
93.1706,0.2390,0.4994,0.4839,0.0000,0,0,-0.0029,0.3193,0.5789,5069580.5000
93.1797,0.2054,0.5608,0.4839,0.0000,0,0,0.0009,0.3220,0.5789,5069580.5000
93.1898,0.1914,0.3801,0.4839,0.0000,0,0,0.0045,0.3243,0.5789,5069580.5000
93.1998,0.4179,0.2700,0.4839,0.0000,0,0,0.0133,0.3300,0.5789,5069580.5000
93.2102,0.2612,0.0861,0.4839,0.0000,0,0,0.0183,0.3332,0.5789,5069580.5000
93.2200,0.2247,-0.1532,0.4839,0.0000,0,0,0.0224,0.3357,0.5789,5069580.5000
93.2298,-0.0822,-0.0072,0.4839,0.0000,0,0,0.0192,0.3338,0.5789,5069580.5000
93.2397,-0.1410,0.3128,0.4839,0.0000,0,0,0.0149,0.3313,0.5789,5069580.5000
93.2498,-0.0398,0.2765,0.4839,0.0000,0,0,0.0133,0.3304,0.5789,5069580.5000
93.2605,-0.2073,0.5828,0.4839,0.0000,0,0,0.0080,0.3275,0.5789,5069580.5000
93.2701,-0.0402,1.0241,0.4839,0.0000,0,0,0.0070,0.3270,0.5789,5069580.5000
93.2798,0.2188,0.2217,0.4839,0.0000,0,0,0.0124,0.3298,0.5789,5069580.5000
93.2898,0.1905,-0.1923,0.4839,0.0000,0,0,0.0171,0.3321,0.5789,5069580.5000
93.2998,0.1390,0.0478,0.4839,0.0000,0,0,0.0205,0.3338,0.5789,5069580.5000
93.3105,-0.1030,-0.2070,0.4839,0.0000,0,0,0.0183,0.3327,0.5789,5069580.5000
93.3207,0.0319,-0.2112,0.4839,0.0000,0,0,0.0195,0.3333,0.5789,5069580.5000
93.3298,-0.1577,0.4169,0.4839,0.0000,0,0,0.0164,0.3319,0.5789,5069580.5000
93.3397,-0.2417,0.5984,0.4839,0.0000,0,0,0.0117,0.3298,0.5789,5069580.5000
93.3498,0.1470,0.2040,0.4839,0.0000,0,0,0.0163,0.3318,0.5789,5069580.5000
93.3600,-0.0394,0.3793,0.4839,0.0000,0,0,0.0167,0.3320,0.5789,5069580.5000
93.3706,-0.1387,0.5637,0.4839,0.0000,0,0,0.0151,0.3313,0.5789,5069580.5000
93.3798,0.1586,0.0338,0.4839,0.0000,0,0,0.0203,0.3334,0.5789,5069580.5000
93.3898,0.0134,-0.0308,0.4839,0.0000,0,0,0.0223,0.3341,0.5789,5069580.5000
93.3998,-0.0130,0.0663,0.4839,0.0000,0,0,0.0238,0.3346,0.5789,5069580.5000
93.4101,-0.1371,-0.3805,0.4839,0.0000,0,0,0.0228,0.3343,0.5789,5069580.5000
93.4201,-0.0846,-0.1004,0.4839,0.0000,0,0,0.0232,0.3344,0.5789,5069580.5000
93.4298,-0.2117,0.2468,0.4839,0.0000,0,0,0.0210,0.3338,0.5789,5069580.5000
93.4397,-0.3918,0.3544,0.4839,0.0000,0,0,0.0153,0.3321,0.5789,5069580.5000
93.4498,-0.0763,0.6035,0.4839,0.0000,0,0,0.0166,0.3325,0.5789,5069580.5000
93.4606,-0.1250,0.5613,0.4839,0.0000,0,0,0.0172,0.3326,0.5789,5069580.5000
93.4701,-0.2494,0.3932,0.4839,0.0000,0,0,0.0153,0.3322,0.5789,5069580.5000
93.4798,0.0425,0.3201,0.4839,0.0000,0,0,0.0197,0.3331,0.5789,5069580.5000
93.4898,-0.1369,0.0678,0.4839,0.0000,0,0,0.0204,0.3332,0.5789,5069580.5000
93.4997,-0.1131,0.1669,0.4839,0.0000,0,0,0.0219,0.3334,0.5789,5069580.5000
93.5106,-0.3465,0.3784,0.4839,0.0000,0,0,0.0188,0.3331,0.5789,5069580.5000
93.5207,-0.3223,0.3629,0.4839,0.0000,0,0,0.0165,0.3329,0.5789,5069580.5000
93.5298,-0.1171,0.0350,0.4839,0.0000,0,0,0.0185,0.3330,0.5789,5069580.5000
93.5398,-0.3981,0.1529,0.4839,0.0000,0,0,0.0152,0.3329,0.5789,5069580.5000
93.5498,-0.4043,0.6296,0.4839,0.0000,0,0,0.0121,0.3329,0.5789,5069580.5000
93.5600,-0.2082,0.2140,0.4839,0.0000,0,0,0.0130,0.3328,0.5789,5069580.5000
93.5707,-0.2047,0.1882,0.4839,0.0000,0,0,0.0142,0.3328,0.5789,5069580.5000
93.5798,-0.2158,0.5918,0.4839,0.0000,0,0,0.0152,0.3327,0.5789,5069580.5000
93.5898,-0.2208,0.0703,0.4839,0.0000,0,0,0.0163,0.3325,0.5789,5069580.5000
93.5997,-0.0883,-0.3432,0.4839,0.0000,0,0,0.0198,0.3319,0.5789,5069580.5000
93.6101,-0.3755,0.0839,0.4839,0.0000,0,0,0.0185,0.3322,0.5789,5069580.5000
93.6200,-0.5888,0.2172,0.4839,0.0000,0,0,0.0137,0.3334,0.5789,5069580.5000
93.6298,-0.2684,0.0706,0.4839,0.0000,0,0,0.0146,0.3331,0.5789,5069580.5000
93.6397,-0.3305,0.4725,0.4839,0.0000,0,0,0.0147,0.3331,0.5789,5069580.5000
93.6498,-0.5493,0.8514,0.4839,0.0000,0,0,0.0114,0.3343,0.5789,5069580.5000
93.6606,-0.1567,0.5371,0.4839,0.0000,0,0,0.0145,0.3330,0.5789,5069580.5000
93.6700,-0.0782,0.1639,0.4839,0.0000,0,0,0.0187,0.3311,0.5789,5069580.5000
93.6798,-0.2527,0.1439,0.4839,0.0000,0,0,0.0204,0.3303,0.5789,5069580.5000
93.6898,-0.3953,-0.0724,0.4839,0.0000,0,0,0.0200,0.3305,0.5789,5069580.5000
93.6997,-0.4044,-0.0906,0.4839,0.0000,0,0,0.0196,0.3308,0.5789,5069580.5000
93.7106,-0.4278,0.0415,0.4839,0.0000,0,0,0.0191,0.3311,0.5789,5069580.5000
93.7206,-0.5621,0.2562,0.4839,0.0000,0,0,0.0169,0.3326,0.5789,5069580.5000
93.7298,-0.6608,0.7086,0.4839,0.0000,0,0,0.0138,0.3350,0.5789,5069580.5000
93.7398,-0.3419,0.5226,0.4839,0.0000,0,0,0.0148,0.3342,0.5789,5069580.5000
93.7498,-0.2562,-0.0443,0.4839,0.0000,0,0,0.0168,0.3324,0.5789,5069580.5000
93.7601,-0.3474,0.2352,0.4839,0.0000,0,0,0.0178,0.3314,0.5789,5069580.5000
93.7706,-0.4303,0.0577,0.4839,0.0000,0,0,0.0179,0.3313,0.5789,5069580.5000
93.7797,-0.2943,-0.4813,0.4839,0.0000,0,0,0.0195,0.3295,0.5789,5069580.5000
93.7898,-0.3870,-0.1046,0.4839,0.0000,0,0,0.0201,0.3287,0.5789,5069580.5000
93.7998,-0.7689,0.2758,0.4839,0.0000,0,0,0.0172,0.3326,0.5789,5069580.5000
93.8101,-0.6505,0.1620,0.4839,0.0000,0,0,0.0157,0.3350,0.5789,5069580.5000
93.8201,-0.3138,0.3696,0.4839,0.0000,0,0,0.0170,0.3327,0.5789,5069580.5000
93.8298,-0.4436,0.3245,0.4839,0.0000,0,0,0.0173,0.3322,0.5789,5069580.5000
93.8398,-0.2472,0.2890,0.4839,0.0000,0,0,0.0190,0.3288,0.5789,5069580.5000
93.8498,-0.2379,0.1930,0.4839,0.0000,0,0,0.0207,0.3252,0.5789,5069580.5000
93.8605,-0.3161,-0.2618,0.4839,0.0000,0,0,0.0217,0.3226,0.5789,5069580.5000
93.8701,-0.4854,-0.3086,0.4839,0.0000,0,0,0.0217,0.3225,0.5789,5069580.5000
93.8798,-0.8011,0.1622,0.4839,0.0000,0,0,0.0203,0.3272,0.5789,5069580.5000
93.8898,-0.6017,-0.0133,0.4839,0.0000,0,0,0.0199,0.3286,0.5789,5069580.5000
93.8997,-0.2312,-0.0228,0.4839,0.0000,0,0,0.0209,0.3242,0.5789,5069580.5000
93.9106,-0.4066,0.6233,0.4839,0.0000,0,0,0.0212,0.3225,0.5789,5069580.5000
93.9207,-0.2529,0.6576,0.4839,0.0000,0,0,0.0218,0.3182,0.5789,5069580.5000
93.9298,-0.1672,0.0742,0.4839,0.0000,0,0,0.0224,0.3126,0.5789,5069580.5000
93.9398,-0.3883,0.0726,0.4839,0.0000,0,0,0.0225,0.3106,0.5789,5069580.5000
93.9498,-0.7075,-0.0728,0.4839,0.0000,0,0,0.0224,0.3139,0.5789,5069580.5000
93.9601,-0.8743,-0.2682,0.4839,0.0000,0,0,0.0225,0.3199,0.5789,5069580.5000
93.9706,-0.7536,0.1246,0.4839,0.0000,0,0,0.0227,0.3238,0.5789,5069580.5000
93.9798,-0.6374,0.2320,0.4839,0.0000,0,0,0.0228,0.3256,0.5789,5069580.5000
93.9898,-0.6872,0.4914,0.4839,0.0000,0,0,0.0231,0.3281,0.5789,5069580.5000
93.9998,-0.3663,0.7139,0.4839,0.0000,0,0,0.0226,0.3251,0.5789,5069580.5000
94.0101,-0.2967,0.1352,0.4839,0.0000,0,0,0.0219,0.3209,0.5789,5069580.5000
94.0201,-0.3696,0.0071,0.4839,0.0000,0,0,0.0212,0.3180,0.5789,5069580.5000
94.0298,-0.5833,0.3896,0.4839,0.0000,0,0,0.0214,0.3188,0.5789,5069580.5000
94.0397,-0.5506,0.0282,0.4839,0.0000,0,0,0.0215,0.3191,0.5789,5069580.5000
94.0498,-0.4639,-0.2114,0.4839,0.0000,0,0,0.0211,0.3178,0.5789,5069580.5000
94.0605,-0.6923,0.3059,0.4839,0.0000,0,0,0.0221,0.3205,0.5789,5069580.5000
94.0701,-0.8963,0.4837,0.4839,0.0000,0,0,0.0244,0.3266,0.5789,5069580.5000
94.0797,-0.4932,0.2333,0.4839,0.0000,0,0,0.0241,0.3257,0.5789,5069580.5000
94.0898,-0.5059,0.4996,0.4839,0.0000,0,0,0.0238,0.3250,0.5789,5069580.5000
94.0998,-0.5630,0.7289,0.4839,0.0000,0,0,0.0239,0.3254,0.5789,5069580.5000
94.1106,-0.4365,0.2576,0.4839,0.0000,0,0,0.0230,0.3237,0.5789,5069580.5000
94.1207,-0.3705,0.0540,0.4839,0.0000,0,0,0.0215,0.3210,0.5789,5069580.5000
94.1298,-0.6445,0.2192,0.4839,0.0000,0,0,0.0226,0.3228,0.5789,5069580.5000
94.1397,-0.7265,-0.1476,0.4839,0.0000,0,0,0.0246,0.3259,0.5789,5069580.5000
94.1498,-0.5200,-0.2320,0.4839,0.0000,0,0,0.0244,0.3257,0.5789,5069580.5000
94.1600,-0.5832,0.2848,0.4839,0.0000,0,0,0.0250,0.3265,0.5789,5069580.5000
94.1707,-0.7837,0.5252,0.4839,0.0000,0,0,0.0280,0.3302,0.5789,5069580.5000
94.1798,-0.5078,0.3878,0.4839,0.0000,0,0,0.0277,0.3299,0.5789,5069580.5000
94.1898,-0.4334,0.5066,0.4839,0.0000,0,0,0.0266,0.3286,0.5789,5069580.5000
94.1998,-0.5655,0.6564,0.4839,0.0000,0,0,0.0272,0.3292,0.5789,5069580.5000
94.2100,-0.3110,0.0491,0.4839,0.0000,0,0,0.0244,0.3265,0.5789,5069580.5000
94.2200,-0.2885,-0.2153,0.4839,0.0000,0,0,0.0215,0.3237,0.5789,5069580.5000
94.2298,-0.5094,0.0892,0.4839,0.0000,0,0,0.0216,0.3239,0.5789,5069580.5000
94.2397,-0.6623,0.0114,0.4839,0.0000,0,0,0.0240,0.3259,0.5789,5069580.5000
94.2498,-0.5903,-0.1252,0.4839,0.0000,0,0,0.0255,0.3270,0.5789,5069580.5000
94.2606,-0.5583,0.0056,0.4839,0.0000,0,0,0.0265,0.3278,0.5789,5069580.5000
94.2701,-0.7803,0.1050,0.4839,0.0000,0,0,0.0311,0.3308,0.5789,5069580.5000
94.2797,-0.6452,0.4492,0.4839,0.0000,0,0,0.0335,0.3324,0.5789,5069580.5000
94.2898,-0.4879,0.4965,0.4839,0.0000,0,0,0.0336,0.3325,0.5789,5069580.5000
94.2998,-0.6101,0.1600,0.4839,0.0000,0,0,0.0358,0.3336,0.5789,5069580.5000
94.3106,-0.5741,-0.0363,0.4839,0.0000,0,0,0.0374,0.3345,0.5789,5069580.5000
94.3207,-0.6205,-0.1543,0.4839,0.0000,0,0,0.0400,0.3356,0.5789,5069580.5000
94.3298,-0.6860,-0.4161,0.4839,0.0000,0,0,0.0436,0.3371,0.5789,5069580.5000
94.3397,-0.7565,-0.0791,0.4839,0.0000,0,0,0.0486,0.3390,0.5789,5069580.5000
94.3498,-0.9009,0.3443,0.4839,0.0000,0,0,0.0560,0.3415,0.5789,5069580.5000
94.3601,-0.5428,0.2031,0.4839,0.0000,0,0,0.0574,0.3419,0.5789,5069580.5000
94.3706,-0.5082,0.0938,0.4839,0.0000,0,0,0.0583,0.3421,0.5789,5069580.5000
94.3798,-0.7905,0.5924,0.4839,0.0000,0,0,0.0641,0.3433,0.5789,5069580.5000
94.3898,-0.6105,0.3485,0.4839,0.0000,0,0,0.0669,0.3438,0.5789,5069580.5000
94.3998,-0.4522,-0.1152,0.4839,0.0000,0,0,0.0670,0.3438,0.5789,5069580.5000
94.4100,-0.5955,0.2154,0.4839,0.0000,0,0,0.0698,0.3440,0.5789,5069580.5000
94.4201,-0.5653,0.2302,0.4839,0.0000,0,0,0.0721,0.3441,0.5789,5069580.5000
94.4298,-0.5341,-0.4364,0.4839,0.0000,0,0,0.0740,0.3441,0.5789,5069580.5000
94.4397,-0.3008,-0.2522,0.4839,0.0000,0,0,0.0720,0.3442,0.5789,5069580.5000
94.4498,-0.6452,0.2303,0.4839,0.0000,0,0,0.0761,0.3439,0.5789,5069580.5000
94.4606,-0.6063,0.1509,0.4839,0.0000,0,0,0.0795,0.3434,0.5789,5069580.5000
94.4701,-0.4220,0.2882,0.4839,0.0000,0,0,0.0800,0.3433,0.5789,5069580.5000
94.4797,-0.6058,0.6540,0.4839,0.0000,0,0,0.0836,0.3425,0.5789,5069580.5000
94.4898,-0.4725,0.4852,0.4839,0.0000,0,0,0.0850,0.3421,0.5789,5069580.5000
94.4998,-0.1952,0.1160,0.4839,0.0000,0,0,0.0821,0.3431,0.5789,5069580.5000
94.5106,-0.3305,0.0933,0.4839,0.0000,0,0,0.0816,0.3432,0.5789,5069580.5000
94.5207,-0.3787,-0.1985,0.4839,0.0000,0,0,0.0820,0.3430,0.5789,5069580.5000
94.5298,-0.5069,-0.2049,0.4839,0.0000,0,0,0.0846,0.3418,0.5789,5069580.5000
94.5397,-0.4809,0.0406,0.4839,0.0000,0,0,0.0868,0.3405,0.5789,5069580.5000
94.5498,-0.4524,-0.0820,0.4839,0.0000,0,0,0.0887,0.3394,0.5789,5069580.5000
94.5601,-0.6311,0.2635,0.4839,0.0000,0,0,0.0932,0.3362,0.5789,5069580.5000
94.5706,-0.6556,0.6581,0.4839,0.0000,0,0,0.0981,0.3325,0.5789,5069580.5000
94.5797,-0.4107,0.2876,0.4839,0.0000,0,0,0.0994,0.3314,0.5789,5069580.5000
94.5898,-0.5549,0.3654,0.4839,0.0000,0,0,0.1027,0.3284,0.5789,5069580.5000
94.5998,-0.4447,0.6494,0.4839,0.0000,0,0,0.1045,0.3266,0.5789,5069580.5000
94.6100,-0.3779,-0.0337,0.4839,0.0000,0,0,0.1055,0.3254,0.5789,5069580.5000
94.6201,-0.2957,-0.2608,0.4839,0.0000,0,0,0.1056,0.3253,0.5789,5069580.5000
94.6298,-0.4719,0.0727,0.4839,0.0000,0,0,0.1079,0.3224,0.5789,5069580.5000
94.6398,-0.6011,-0.0409,0.4839,0.0000,0,0,0.1115,0.3172,0.5789,5069580.5000
94.6498,-0.3306,-0.1193,0.4839,0.0000,0,0,0.1121,0.3162,0.5789,5069580.5000
94.6604,-0.5631,0.4449,0.4839,0.0000,0,0,0.1151,0.3110,0.5789,5069580.5000
94.6701,-0.7363,0.7619,0.4839,0.0000,0,0,0.1196,0.3024,0.5789,5069580.5000
94.6797,-0.3626,0.4073,0.4839,0.0000,0,0,0.1204,0.3006,0.5789,5069580.5000
94.6898,-0.3448,0.2846,0.4839,0.0000,0,0,0.1211,0.2989,0.5789,5069580.5000
94.6997,-0.3749,0.2739,0.4839,0.0000,0,0,0.1221,0.2965,0.5789,5069580.5000
94.7106,-0.2927,-0.2285,0.4839,0.0000,0,0,0.1224,0.2955,0.5789,5069580.5000
94.7207,-0.2581,-0.1522,0.4839,0.0000,0,0,0.1225,0.2950,0.5789,5069580.5000
94.7298,-0.4960,0.0298,0.4839,0.0000,0,0,0.1240,0.2893,0.5789,5069580.5000
94.7398,-0.6491,0.0132,0.4839,0.0000,0,0,0.1261,0.2800,0.5789,5069580.5000
94.7498,-0.4207,0.1660,0.4839,0.0000,0,0,0.1269,0.2757,0.5789,5069580.5000
94.7600,-0.3672,0.3570,0.4839,0.0000,0,0,0.1274,0.2725,0.5789,5069580.5000
94.7706,-0.4330,0.4186,0.4839,0.0000,0,0,0.1280,0.2676,0.5789,5069580.5000
94.7798,-0.2180,0.5062,0.4839,0.0000,0,0,0.1280,0.2676,0.5789,5069580.5000
94.7898,-0.1003,0.2974,0.4839,0.0000,0,0,0.1279,0.2703,0.5789,5069580.5000
94.7998,-0.2031,0.0412,0.4839,0.0000,0,0,0.1279,0.2702,0.5789,5069580.5000
94.8101,-0.2686,0.1080,0.4839,0.0000,0,0,0.1278,0.2682,0.5789,5069580.5000
94.8201,-0.3977,-0.0189,0.4839,0.0000,0,0,0.1276,0.2629,0.5789,5069580.5000
94.8298,-0.2259,-0.3120,0.4839,0.0000,0,0,0.1276,0.2619,0.5789,5069580.5000
94.8397,-0.3394,-0.0001,0.4839,0.0000,0,0,0.1272,0.2578,0.5789,5069580.5000
94.8498,-0.5001,0.5806,0.4839,0.0000,0,0,0.1262,0.2496,0.5789,5069580.5000
94.8606,-0.2720,0.2552,0.4839,0.0000,0,0,0.1259,0.2472,0.5789,5069580.5000
94.8700,-0.2885,0.3050,0.4839,0.0000,0,0,0.1253,0.2442,0.5789,5069580.5000
94.8798,-0.3380,0.8445,0.4839,0.0000,0,0,0.1245,0.2400,0.5789,5069580.5000
94.8898,-0.0176,0.4180,0.4839,0.0000,0,0,0.1253,0.2438,0.5789,5069580.5000
94.8998,0.0287,-0.0749,0.4839,0.0000,0,0,0.1266,0.2485,0.5789,5069580.5000
94.9106,-0.1055,0.2217,0.4839,0.0000,0,0,0.1268,0.2494,0.5789,5069580.5000
94.9207,-0.2921,0.0311,0.4839,0.0000,0,0,0.1256,0.2454,0.5789,5069580.5000
94.9298,-0.2373,-0.2354,0.4839,0.0000,0,0,0.1247,0.2428,0.5789,5069580.5000
94.9397,-0.3255,0.2690,0.4839,0.0000,0,0,0.1229,0.2379,0.5789,5069580.5000
94.9498,-0.5384,0.6954,0.4839,0.0000,0,0,0.1188,0.2278,0.5789,5069580.5000
94.9601,-0.2576,0.4493,0.4839,0.0000,0,0,0.1176,0.2249,0.5789,5069580.5000
94.9706,-0.0452,0.5241,0.4839,0.0000,0,0,0.1186,0.2272,0.5789,5069580.5000
94.9798,-0.3026,0.8820,0.4839,0.0000,0,0,0.1166,0.2231,0.5789,5069580.5000
94.9898,-0.0539,0.5520,0.4839,0.0000,0,0,0.1175,0.2249,0.5789,5069580.5000
94.9998,0.0221,0.0747,0.4839,0.0000,0,0,0.1194,0.2284,0.5789,5069580.5000
95.0102,-0.0929,0.1097,0.4839,0.0000,0,0,0.1197,0.2288,0.5789,5069580.5000
95.0201,-0.2211,0.0341,0.4839,0.0000,0,0,0.1181,0.2262,0.5789,5069580.5000
95.0298,-0.3557,0.1992,0.4839,0.0000,0,0,0.1145,0.2206,0.5789,5069580.5000
95.0398,-0.2274,0.4082,0.4839,0.0000,0,0,0.1127,0.2180,0.5789,5069580.5000
95.0498,-0.1560,0.2225,0.4839,0.0000,0,0,0.1121,0.2171,0.5789,5069580.5000
95.0606,-0.3695,0.7047,0.4839,0.0000,0,0,0.1078,0.2115,0.5789,5069580.5000
95.0701,-0.1305,0.9602,0.4839,0.0000,0,0,0.1076,0.2112,0.5789,5069580.5000
95.0798,0.1213,0.1987,0.4839,0.0000,0,0,0.1116,0.2161,0.5789,5069580.5000
95.0898,0.0280,0.3146,0.4839,0.0000,0,0,0.1139,0.2188,0.5789,5069580.5000
95.0998,-0.1026,0.4600,0.4839,0.0000,0,0,0.1138,0.2186,0.5789,5069580.5000
95.1106,-0.1793,-0.1040,0.4839,0.0000,0,0,0.1122,0.2169,0.5789,5069580.5000
95.1207,-0.1290,-0.0722,0.4839,0.0000,0,0,0.1115,0.2162,0.5789,5069580.5000
95.1297,-0.2096,0.1671,0.4839,0.0000,0,0,0.1093,0.2139,0.5789,5069580.5000
95.1398,-0.4059,0.2468,0.4839,0.0000,0,0,0.1033,0.2080,0.5789,5069580.5000
95.1498,-0.1702,0.5802,0.4839,0.0000,0,0,0.1021,0.2067,0.5789,5069580.5000
95.1601,-0.0839,0.4001,0.4839,0.0000,0,0,0.1025,0.2072,0.5789,5069580.5000
95.1706,-0.1893,0.3405,0.4839,0.0000,0,0,0.1008,0.2056,0.5789,5069580.5000
95.1798,0.0220,0.6405,0.4839,0.0000,0,0,0.1035,0.2079,0.5789,5069580.5000
95.1898,0.0225,0.1703,0.4839,0.0000,0,0,0.1060,0.2101,0.5789,5069580.5000
95.1998,0.0867,-0.2913,0.4839,0.0000,0,0,0.1098,0.2132,0.5789,5069580.5000
95.2100,-0.0899,0.0590,0.4839,0.0000,0,0,0.1098,0.2132,0.5789,5069580.5000
95.2201,-0.3302,0.2539,0.4839,0.0000,0,0,0.1045,0.2092,0.5789,5069580.5000
95.2298,-0.1133,0.0440,0.4839,0.0000,0,0,0.1041,0.2089,0.5789,5069580.5000
95.2397,-0.2011,0.3843,0.4839,0.0000,0,0,0.1018,0.2073,0.5789,5069580.5000
95.2498,-0.3721,0.8143,0.4839,0.0000,0,0,0.0957,0.2032,0.5789,5069580.5000
95.2605,0.0221,0.4130,0.4839,0.0000,0,0,0.0989,0.2053,0.5789,5069580.5000
95.2701,0.0640,0.2898,0.4839,0.0000,0,0,0.1030,0.2079,0.5789,5069580.5000
95.2797,0.0149,0.4745,0.4839,0.0000,0,0,0.1058,0.2096,0.5789,5069580.5000
95.2897,0.0787,-0.0750,0.4839,0.0000,0,0,0.1101,0.2122,0.5789,5069580.5000
95.2998,0.1639,-0.2340,0.4839,0.0000,0,0,0.1162,0.2158,0.5789,5069580.5000
95.3106,-0.0062,0.0905,0.4839,0.0000,0,0,0.1182,0.2169,0.5789,5069580.5000
95.3207,-0.3039,0.2343,0.4839,0.0000,0,0,0.1129,0.2140,0.5789,5069580.5000
95.3298,-0.1314,0.5208,0.4839,0.0000,0,0,0.1121,0.2135,0.5789,5069580.5000
95.3397,-0.0000,0.6586,0.4839,0.0000,0,0,0.1145,0.2148,0.5789,5069580.5000
95.3498,-0.0700,0.5486,0.4839,0.0000,0,0,0.1152,0.2151,0.5789,5069580.5000
95.3601,0.1107,0.4742,0.4839,0.0000,0,0,0.1202,0.2177,0.5789,5069580.5000
95.3707,0.0590,0.0360,0.4839,0.0000,0,0,0.1238,0.2194,0.5789,5069580.5000
95.3797,0.0634,-0.3721,0.4839,0.0000,0,0,0.1275,0.2212,0.5789,5069580.5000
95.3898,-0.1732,-0.0472,0.4839,0.0000,0,0,0.1255,0.2203,0.5789,5069580.5000
95.3998,-0.4691,0.4975,0.4839,0.0000,0,0,0.1168,0.2163,0.5789,5069580.5000
95.4101,-0.3084,0.3711,0.4839,0.0000,0,0,0.1124,0.2144,0.5789,5069580.5000
95.4201,-0.1200,0.2702,0.4839,0.0000,0,0,0.1125,0.2144,0.5789,5069580.5000
95.4298,-0.1426,0.7413,0.4839,0.0000,0,0,0.1122,0.2143,0.5789,5069580.5000
95.4397,0.1604,0.4664,0.4839,0.0000,0,0,0.1188,0.2169,0.5789,5069580.5000
95.4498,0.1845,-0.1202,0.4839,0.0000,0,0,0.1257,0.2196,0.5789,5069580.5000
95.4606,-0.0654,0.1336,0.4839,0.0000,0,0,0.1269,0.2201,0.5789,5069580.5000
95.4701,-0.2694,0.2135,0.4839,0.0000,0,0,0.1238,0.2190,0.5789,5069580.5000
95.4797,-0.2368,-0.1339,0.4839,0.0000,0,0,0.1216,0.2182,0.5789,5069580.5000
95.4898,-0.1261,0.1801,0.4839,0.0000,0,0,0.1220,0.2183,0.5789,5069580.5000
95.4998,-0.4286,0.5789,0.4839,0.0000,0,0,0.1160,0.2166,0.5789,5069580.5000
95.5105,-0.3003,0.5749,0.4839,0.0000,0,0,0.1131,0.2158,0.5789,5069580.5000
95.5206,0.0755,0.4846,0.4839,0.0000,0,0,0.1183,0.2171,0.5789,5069580.5000
95.5298,-0.1342,0.3820,0.4839,0.0000,0,0,0.1191,0.2173,0.5789,5069580.5000
95.5397,-0.1851,0.2925,0.4839,0.0000,0,0,0.1189,0.2172,0.5789,5069580.5000
95.5498,-0.2230,0.2357,0.4839,0.0000,0,0,0.1181,0.2171,0.5789,5069580.5000
95.5601,-0.3179,0.0630,0.4839,0.0000,0,0,0.1155,0.2167,0.5789,5069580.5000
95.5706,-0.2376,-0.1012,0.4839,0.0000,0,0,0.1147,0.2166,0.5789,5069580.5000
95.5798,-0.5305,0.3607,0.4839,0.0000,0,0,0.1083,0.2158,0.5789,5069580.5000
95.5898,-0.3435,0.7790,0.4839,0.0000,0,0,0.1059,0.2156,0.5789,5069580.5000
95.5998,-0.1543,0.3905,0.4839,0.0000,0,0,0.1075,0.2157,0.5789,5069580.5000
95.6101,-0.2696,0.5302,0.4839,0.0000,0,0,0.1069,0.2157,0.5789,5069580.5000
95.6200,-0.3134,0.6441,0.4839,0.0000,0,0,0.1056,0.2157,0.5789,5069580.5000
95.6298,-0.2718,-0.0894,0.4839,0.0000,0,0,0.1053,0.2157,0.5789,5069580.5000
95.6398,-0.2723,-0.0624,0.4839,0.0000,0,0,0.1051,0.2158,0.5789,5069580.5000
95.6498,-0.4308,0.2366,0.4839,0.0000,0,0,0.1022,0.2161,0.5789,5069580.5000
95.6606,-0.6575,0.1057,0.4839,0.0000,0,0,0.0956,0.2170,0.5789,5069580.5000
95.6701,-0.3325,0.3610,0.4839,0.0000,0,0,0.0950,0.2171,0.5789,5069580.5000
95.6798,-0.3628,0.4521,0.4839,0.0000,0,0,0.0940,0.2173,0.5789,5069580.5000
95.6898,-0.5034,0.4157,0.4839,0.0000,0,0,0.0909,0.2181,0.5789,5069580.5000
95.6997,-0.3988,0.5315,0.4839,0.0000,0,0,0.0897,0.2184,0.5789,5069580.5000
95.7106,-0.4019,0.2659,0.4839,0.0000,0,0,0.0887,0.2188,0.5789,5069580.5000
95.7207,-0.4703,-0.0296,0.4839,0.0000,0,0,0.0867,0.2195,0.5789,5069580.5000
95.7298,-0.4270,0.0373,0.4839,0.0000,0,0,0.0856,0.2199,0.5789,5069580.5000
95.7398,-0.4747,0.0046,0.4839,0.0000,0,0,0.0840,0.2207,0.5789,5069580.5000
95.7498,-0.2794,-0.1694,0.4839,0.0000,0,0,0.0854,0.2200,0.5789,5069580.5000
95.7600,-0.4484,0.2669,0.4839,0.0000,0,0,0.0844,0.2205,0.5789,5069580.5000
95.7706,-0.6455,0.8456,0.4839,0.0000,0,0,0.0809,0.2227,0.5789,5069580.5000
95.7797,-0.3266,0.4619,0.4839,0.0000,0,0,0.0819,0.2220,0.5789,5069580.5000
95.7898,-0.2704,0.2099,0.4839,0.0000,0,0,0.0837,0.2207,0.5789,5069580.5000
95.7998,-0.4359,0.5355,0.4839,0.0000,0,0,0.0834,0.2210,0.5789,5069580.5000
95.8101,-0.3366,0.1743,0.4839,0.0000,0,0,0.0844,0.2201,0.5789,5069580.5000
95.8201,-0.3431,-0.1971,0.4839,0.0000,0,0,0.0853,0.2193,0.5789,5069580.5000
95.8298,-0.4311,0.0941,0.4839,0.0000,0,0,0.0852,0.2193,0.5789,5069580.5000
95.8397,-0.7084,0.1274,0.4839,0.0000,0,0,0.0823,0.2225,0.5789,5069580.5000
95.8499,-0.6436,0.2463,0.4839,0.0000,0,0,0.0804,0.2248,0.5789,5069580.5000
95.8605,-0.3997,0.4203,0.4839,0.0000,0,0,0.0809,0.2241,0.5789,5069580.5000
95.8701,-0.4469,0.3823,0.4839,0.0000,0,0,0.0811,0.2239,0.5789,5069580.5000
95.8797,-0.4711,0.6034,0.4839,0.0000,0,0,0.0811,0.2239,0.5789,5069580.5000
95.8898,-0.2632,0.4934,0.4839,0.0000,0,0,0.0828,0.2210,0.5789,5069580.5000
95.8998,-0.2967,-0.0566,0.4839,0.0000,0,0,0.0841,0.2185,0.5789,5069580.5000
95.9106,-0.4067,0.0442,0.4839,0.0000,0,0,0.0846,0.2175,0.5789,5069580.5000
95.9207,-0.6206,0.1157,0.4839,0.0000,0,0,0.0837,0.2195,0.5789,5069580.5000
95.9298,-0.4847,-0.2572,0.4839,0.0000,0,0,0.0838,0.2194,0.5789,5069580.5000
95.9397,-0.3734,-0.1584,0.4839,0.0000,0,0,0.0844,0.2176,0.5789,5069580.5000
95.9498,-0.5901,0.3000,0.4839,0.0000,0,0,0.0840,0.2190,0.5789,5069580.5000
95.9600,-0.6340,0.2826,0.4839,0.0000,0,0,0.0835,0.2210,0.5789,5069580.5000
95.9706,-0.4193,0.2359,0.4839,0.0000,0,0,0.0838,0.2195,0.5789,5069580.5000
95.9797,-0.6548,0.4274,0.4839,0.0000,0,0,0.0834,0.2217,0.5789,5069580.5000
95.9898,-0.5760,0.3744,0.4839,0.0000,0,0,0.0833,0.2225,0.5789,5069580.5000
95.9998,-0.3834,0.2070,0.4839,0.0000,0,0,0.0835,0.2201,0.5789,5069580.5000
96.0102,-0.4518,0.0752,0.4839,0.0000,0,0,0.0836,0.2188,0.5789,5069580.5000
96.0201,-0.5025,-0.2730,0.4839,0.0000,0,0,0.0836,0.2182,0.5789,5069580.5000
96.0298,-0.7007,-0.0574,0.4839,0.0000,0,0,0.0837,0.2210,0.5789,5069580.5000
96.0397,-0.7585,0.2813,0.4839,0.0000,0,0,0.0839,0.2246,0.5789,5069580.5000
96.0498,-0.5221,0.0032,0.4839,0.0000,0,0,0.0838,0.2241,0.5789,5069580.5000
96.0606,-0.6300,0.3363,0.4839,0.0000,0,0,0.0840,0.2254,0.5789,5069580.5000
96.0700,-0.5969,0.6807,0.4839,0.0000,0,0,0.0841,0.2260,0.5789,5069580.5000
96.0797,-0.3319,0.0598,0.4839,0.0000,0,0,0.0833,0.2220,0.5789,5069580.5000
96.0898,-0.2559,-0.1249,0.4839,0.0000,0,0,0.0821,0.2168,0.5789,5069580.5000
96.0998,-0.4804,0.1599,0.4839,0.0000,0,0,0.0818,0.2154,0.5789,5069580.5000
96.1106,-0.6548,-0.1785,0.4839,0.0000,0,0,0.0822,0.2171,0.5789,5069580.5000
96.1207,-0.5191,-0.4094,0.4839,0.0000,0,0,0.0820,0.2163,0.5789,5069580.5000
96.1298,-0.5129,-0.1156,0.4839,0.0000,0,0,0.0817,0.2154,0.5789,5069580.5000
96.1398,-0.8998,0.2483,0.4839,0.0000,0,0,0.0839,0.2211,0.5789,5069580.5000
96.1498,-0.7288,0.4312,0.4839,0.0000,0,0,0.0851,0.2237,0.5789,5069580.5000
96.1601,-0.6256,0.3589,0.4839,0.0000,0,0,0.0854,0.2245,0.5789,5069580.5000
96.1706,-0.8259,0.3374,0.4839,0.0000,0,0,0.0875,0.2285,0.5789,5069580.5000
96.1798,-0.6388,0.1361,0.4839,0.0000,0,0,0.0880,0.2293,0.5789,5069580.5000
96.1897,-0.4491,-0.1258,0.4839,0.0000,0,0,0.0866,0.2271,0.5789,5069580.5000
96.1998,-0.5097,-0.3458,0.4839,0.0000,0,0,0.0859,0.2259,0.5789,5069580.5000
96.2101,-0.6691,-0.3874,0.4839,0.0000,0,0,0.0868,0.2272,0.5789,5069580.5000
96.2200,-0.8918,-0.0818,0.4839,0.0000,0,0,0.0901,0.2318,0.5789,5069580.5000
96.2298,-0.7722,-0.0197,0.4839,0.0000,0,0,0.0921,0.2345,0.5789,5069580.5000
96.2397,-0.7046,-0.1152,0.4839,0.0000,0,0,0.0933,0.2360,0.5789,5069580.5000
96.2498,-0.7904,0.4762,0.4839,0.0000,0,0,0.0956,0.2387,0.5789,5069580.5000
96.2606,-0.4590,0.6028,0.4839,0.0000,0,0,0.0938,0.2367,0.5789,5069580.5000
96.2701,-0.2475,-0.1662,0.4839,0.0000,0,0,0.0893,0.2320,0.5789,5069580.5000
96.2797,-0.5371,0.0127,0.4839,0.0000,0,0,0.0885,0.2313,0.5789,5069580.5000
96.2898,-0.8775,0.1232,0.4839,0.0000,0,0,0.0925,0.2350,0.5789,5069580.5000
96.2998,-0.7945,-0.4233,0.4839,0.0000,0,0,0.0954,0.2374,0.5789,5069580.5000
96.3106,-0.6453,-0.1476,0.4839,0.0000,0,0,0.0961,0.2380,0.5789,5069580.5000
96.3207,-0.8205,0.3785,0.4839,0.0000,0,0,0.0994,0.2406,0.5789,5069580.5000
96.3298,-0.6017,0.3585,0.4839,0.0000,0,0,0.0995,0.2406,0.5789,5069580.5000
96.3397,-0.3836,0.2541,0.4839,0.0000,0,0,0.0963,0.2385,0.5789,5069580.5000
96.3498,-0.6446,0.2894,0.4839,0.0000,0,0,0.0972,0.2390,0.5789,5069580.5000
96.3600,-0.5852,0.0186,0.4839,0.0000,0,0,0.0972,0.2390,0.5789,5069580.5000
96.3706,-0.4727,-0.4795,0.4839,0.0000,0,0,0.0954,0.2381,0.5789,5069580.5000
96.3797,-0.4058,-0.3035,0.4839,0.0000,0,0,0.0927,0.2368,0.5789,5069580.5000
96.3898,-0.6581,0.0053,0.4839,0.0000,0,0,0.0941,0.2374,0.5789,5069580.5000
96.3998,-0.6592,0.2320,0.4839,0.0000,0,0,0.0957,0.2380,0.5789,5069580.5000
96.4101,-0.5073,0.4000,0.4839,0.0000,0,0,0.0947,0.2377,0.5789,5069580.5000
96.4200,-0.6134,0.2579,0.4839,0.0000,0,0,0.0956,0.2380,0.5789,5069580.5000
96.4299,-0.5549,0.2147,0.4839,0.0000,0,0,0.0956,0.2380,0.5789,5069580.5000
96.4398,-0.3838,0.1215,0.4839,0.0000,0,0,0.0927,0.2373,0.5789,5069580.5000
96.4499,-0.4732,-0.3547,0.4839,0.0000,0,0,0.0915,0.2371,0.5789,5069580.5000
96.4606,-0.4354,-0.3431,0.4839,0.0000,0,0,0.0898,0.2368,0.5789,5069580.5000
96.4698,-0.7478,0.0519,0.4839,0.0000,0,0,0.0936,0.2372,0.5789,5069580.5000
96.4801,-0.7700,-0.0284,0.4839,0.0000,0,0,0.0978,0.2375,0.5789,5069580.5000
96.4898,-0.5564,-0.1307,0.4839,0.0000,0,0,0.0982,0.2375,0.5789,5069580.5000
96.4998,-0.8029,0.4680,0.4839,0.0000,0,0,0.1030,0.2375,0.5789,5069580.5000
96.5106,-0.5159,0.5011,0.4839,0.0000,0,0,0.1029,0.2375,0.5789,5069580.5000
96.5197,-0.1638,-0.1064,0.4839,0.0000,0,0,0.0969,0.2381,0.5789,5069580.5000
96.5301,-0.3562,0.0890,0.4839,0.0000,0,0,0.0944,0.2385,0.5789,5069580.5000
96.5397,-0.5162,0.0332,0.4839,0.0000,0,0,0.0948,0.2384,0.5789,5069580.5000
96.5498,-0.6471,-0.4683,0.4839,0.0000,0,0,0.0974,0.2377,0.5789,5069580.5000
96.5601,-0.5769,-0.0744,0.4839,0.0000,0,0,0.0989,0.2373,0.5789,5069580.5000
96.5698,-0.7422,0.1348,0.4839,0.0000,0,0,0.1032,0.2358,0.5789,5069580.5000
96.5807,-0.6927,0.2568,0.4839,0.0000,0,0,0.1066,0.2344,0.5789,5069580.5000
96.5898,-0.3798,0.4588,0.4839,0.0000,0,0,0.1050,0.2351,0.5789,5069580.5000
96.5997,-0.4705,0.2380,0.4839,0.0000,0,0,0.1050,0.2351,0.5789,5069580.5000
96.6101,-0.5012,0.3117,0.4839,0.0000,0,0,0.1056,0.2348,0.5789,5069580.5000
96.6198,-0.4480,0.4725,0.4839,0.0000,0,0,0.1055,0.2349,0.5789,5069580.5000
96.6302,-0.4750,-0.2054,0.4839,0.0000,0,0,0.1059,0.2346,0.5789,5069580.5000
96.6397,-0.3275,-0.5396,0.4839,0.0000,0,0,0.1043,0.2359,0.5789,5069580.5000
96.6498,-0.5640,-0.1503,0.4839,0.0000,0,0,0.1061,0.2343,0.5789,5069580.5000
96.6606,-0.7061,0.1458,0.4839,0.0000,0,0,0.1098,0.2307,0.5789,5069580.5000
96.6698,-0.3975,0.2671,0.4839,0.0000,0,0,0.1094,0.2311,0.5789,5069580.5000
96.6801,-0.5657,0.5320,0.4839,0.0000,0,0,0.1113,0.2290,0.5789,5069580.5000
96.6898,-0.5834,0.4595,0.4839,0.0000,0,0,0.1133,0.2266,0.5789,5069580.5000
96.6997,-0.3135,-0.0099,0.4839,0.0000,0,0,0.1122,0.2281,0.5789,5069580.5000
96.7106,-0.1960,-0.3067,0.4839,0.0000,0,0,0.1099,0.2314,0.5789,5069580.5000
96.7198,-0.2076,-0.3327,0.4839,0.0000,0,0,0.1080,0.2345,0.5789,5069580.5000
96.7301,-0.3744,-0.1461,0.4839,0.0000,0,0,0.1080,0.2345,0.5789,5069580.5000
96.7397,-0.5941,0.3090,0.4839,0.0000,0,0,0.1101,0.2304,0.5789,5069580.5000
96.7498,-0.5226,-0.1009,0.4839,0.0000,0,0,0.1114,0.2275,0.5789,5069580.5000
96.7600,-0.4882,-0.1558,0.4839,0.0000,0,0,0.1124,0.2250,0.5789,5069580.5000
96.7698,-0.5926,0.5165,0.4839,0.0000,0,0,0.1142,0.2204,0.5789,5069580.5000
96.7806,-0.3163,0.2861,0.4839,0.0000,0,0,0.1139,0.2212,0.5789,5069580.5000
96.7898,-0.0566,-0.1339,0.4839,0.0000,0,0,0.1121,0.2274,0.5789,5069580.5000
96.7998,-0.2801,0.1928,0.4839,0.0000,0,0,0.1118,0.2286,0.5789,5069580.5000
96.8101,-0.3590,-0.1568,0.4839,0.0000,0,0,0.1120,0.2278,0.5789,5069580.5000
96.8198,-0.3267,-0.6246,0.4839,0.0000,0,0,0.1120,0.2276,0.5789,5069580.5000
96.8301,-0.3448,-0.1928,0.4839,0.0000,0,0,0.1121,0.2268,0.5789,5069580.5000
96.8398,-0.6235,0.3138,0.4839,0.0000,0,0,0.1130,0.2193,0.5789,5069580.5000
96.8498,-0.3617,0.3632,0.4839,0.0000,0,0,0.1131,0.2180,0.5789,5069580.5000
96.8606,-0.2071,0.3937,0.4839,0.0000,0,0,0.1130,0.2203,0.5789,5069580.5000
96.8697,-0.3713,0.4510,0.4839,0.0000,0,0,0.1130,0.2183,0.5789,5069580.5000
96.8801,-0.0770,0.1614,0.4839,0.0000,0,0,0.1131,0.2235,0.5789,5069580.5000
96.8898,0.0070,-0.3730,0.4839,0.0000,0,0,0.1134,0.2304,0.5789,5069580.5000
96.8998,-0.2387,-0.2420,0.4839,0.0000,0,0,0.1134,0.2308,0.5789,5069580.5000
96.9106,-0.3714,-0.1767,0.4839,0.0000,0,0,0.1131,0.2277,0.5789,5069580.5000
96.9198,-0.3784,-0.0175,0.4839,0.0000,0,0,0.1127,0.2243,0.5789,5069580.5000
96.9300,-0.0880,0.3900,0.4839,0.0000,0,0,0.1133,0.2282,0.5789,5069580.5000
96.9397,-0.1824,0.3476,0.4839,0.0000,0,0,0.1135,0.2295,0.5789,5069580.5000
96.9498,-0.3627,0.6220,0.4839,0.0000,0,0,0.1127,0.2259,0.5789,5069580.5000
96.9601,-0.1692,0.6171,0.4839,0.0000,0,0,0.1131,0.2272,0.5789,5069580.5000
96.9698,-0.1136,-0.0641,0.4839,0.0000,0,0,0.1137,0.2297,0.5789,5069580.5000
96.9807,-0.1297,0.1372,0.4839,0.0000,0,0,0.1143,0.2316,0.5789,5069580.5000
96.9898,-0.2036,0.3690,0.4839,0.0000,0,0,0.1142,0.2313,0.5789,5069580.5000
96.9998,-0.1397,-0.1132,0.4839,0.0000,0,0,0.1147,0.2326,0.5789,5069580.5000
97.0101,-0.1128,0.0916,0.4839,0.0000,0,0,0.1153,0.2343,0.5789,5069580.5000
97.0198,-0.4887,0.3990,0.4839,0.0000,0,0,0.1121,0.2264,0.5789,5069580.5000
97.0301,-0.3737,0.2689,0.4839,0.0000,0,0,0.1100,0.2216,0.5789,5069580.5000
97.0398,0.0470,0.1922,0.4839,0.0000,0,0,0.1126,0.2272,0.5789,5069580.5000
97.0498,-0.0664,0.4991,0.4839,0.0000,0,0,0.1138,0.2296,0.5789,5069580.5000
97.0606,-0.0314,0.4244,0.4839,0.0000,0,0,0.1154,0.2326,0.5789,5069580.5000
97.0698,0.0389,0.0731,0.4839,0.0000,0,0,0.1178,0.2370,0.5789,5069580.5000
97.0801,-0.0310,-0.0870,0.4839,0.0000,0,0,0.1193,0.2395,0.5789,5069580.5000
97.0898,-0.0887,-0.1546,0.4839,0.0000,0,0,0.1199,0.2404,0.5789,5069580.5000
97.0998,-0.2175,0.0317,0.4839,0.0000,0,0,0.1185,0.2383,0.5789,5069580.5000
97.1107,-0.1812,0.3130,0.4839,0.0000,0,0,0.1176,0.2369,0.5789,5069580.5000
97.1197,-0.0412,0.2371,0.4839,0.0000,0,0,0.1188,0.2387,0.5789,5069580.5000
97.1301,-0.1113,0.5691,0.4839,0.0000,0,0,0.1188,0.2387,0.5789,5069580.5000
97.1398,0.1475,0.8261,0.4839,0.0000,0,0,0.1232,0.2441,0.5789,5069580.5000
97.1498,0.1304,0.2313,0.4839,0.0000,0,0,0.1271,0.2487,0.5789,5069580.5000
97.1601,0.0506,0.0139,0.4839,0.0000,0,0,0.1295,0.2515,0.5789,5069580.5000
97.1698,-0.0574,0.1072,0.4839,0.0000,0,0,0.1298,0.2519,0.5789,5069580.5000
97.1807,-0.0540,-0.1848,0.4839,0.0000,0,0,0.1302,0.2523,0.5789,5069580.5000
97.1897,0.0784,-0.2177,0.4839,0.0000,0,0,0.1330,0.2552,0.5789,5069580.5000
97.1998,-0.2245,0.4073,0.4839,0.0000,0,0,0.1298,0.2520,0.5789,5069580.5000
97.2101,-0.1114,0.6970,0.4839,0.0000,0,0,0.1290,0.2511,0.5789,5069580.5000
97.2198,0.1310,0.4794,0.4839,0.0000,0,0,0.1328,0.2548,0.5789,5069580.5000
97.2301,-0.0212,0.6613,0.4839,0.0000,0,0,0.1335,0.2555,0.5789,5069580.5000
97.2397,0.0595,0.5156,0.4839,0.0000,0,0,0.1358,0.2575,0.5789,5069580.5000
97.2498,0.0270,-0.3293,0.4839,0.0000,0,0,0.1373,0.2588,0.5789,5069580.5000
97.2606,0.0632,-0.1424,0.4839,0.0000,0,0,0.1395,0.2606,0.5789,5069580.5000
97.2698,-0.1693,0.2566,0.4839,0.0000,0,0,0.1367,0.2584,0.5789,5069580.5000
97.2800,-0.2082,0.2060,0.4839,0.0000,0,0,0.1331,0.2557,0.5789,5069580.5000
97.2898,0.0365,0.4183,0.4839,0.0000,0,0,0.1350,0.2571,0.5789,5069580.5000
97.2998,-0.2138,0.9237,0.4839,0.0000,0,0,0.1313,0.2544,0.5789,5069580.5000
97.3106,0.0730,0.8430,0.4839,0.0000,0,0,0.1342,0.2564,0.5789,5069580.5000
97.3198,0.3661,0.3130,0.4839,0.0000,0,0,0.1436,0.2627,0.5789,5069580.5000
97.3301,0.0576,0.2997,0.4839,0.0000,0,0,0.1457,0.2641,0.5789,5069580.5000
97.3397,-0.0644,0.2519,0.4839,0.0000,0,0,0.1449,0.2636,0.5789,5069580.5000
97.3498,-0.1984,0.0455,0.4839,0.0000,0,0,0.1410,0.2612,0.5789,5069580.5000
97.3600,-0.0892,0.3279,0.4839,0.0000,0,0,0.1399,0.2605,0.5789,5069580.5000
97.3698,0.0100,0.2327,0.4839,0.0000,0,0,0.1412,0.2613,0.5789,5069580.5000
97.3807,-0.2257,0.7106,0.4839,0.0000,0,0,0.1368,0.2588,0.5789,5069580.5000
97.3898,-0.1658,1.1991,0.4839,0.0000,0,0,0.1342,0.2573,0.5789,5069580.5000
97.3998,-0.0706,0.5248,0.4839,0.0000,0,0,0.1339,0.2572,0.5789,5069580.5000
97.4101,-0.1523,0.5659,0.4839,0.0000,0,0,0.1319,0.2561,0.5789,5069580.5000
97.4198,-0.0742,0.9006,0.4839,0.0000,0,0,0.1318,0.2561,0.5789,5069580.5000
97.4301,-0.0893,0.1839,0.4839,0.0000,0,0,0.1315,0.2559,0.5789,5069580.5000
97.4398,0.1258,0.1292,0.4839,0.0000,0,0,0.1363,0.2583,0.5789,5069580.5000
97.4498,-0.0952,0.3786,0.4839,0.0000,0,0,0.1358,0.2581,0.5789,5069580.5000
97.4606,-0.2552,0.1968,0.4839,0.0000,0,0,0.1318,0.2562,0.5789,5069580.5000
97.4697,-0.0135,0.1488,0.4839,0.0000,0,0,0.1336,0.2570,0.5789,5069580.5000
97.4801,-0.3084,0.5609,0.4839,0.0000,0,0,0.1286,0.2549,0.5789,5069580.5000
97.4898,-0.3111,0.8157,0.4839,0.0000,0,0,0.1240,0.2529,0.5789,5069580.5000
97.4998,0.1271,0.5837,0.4839,0.0000,0,0,0.1295,0.2552,0.5789,5069580.5000
97.5106,0.0061,0.4757,0.4839,0.0000,0,0,0.1322,0.2562,0.5789,5069580.5000
97.5197,-0.0970,0.3883,0.4839,0.0000,0,0,0.1326,0.2564,0.5789,5069580.5000
97.5302,-0.1406,0.2904,0.4839,0.0000,0,0,0.1322,0.2562,0.5789,5069580.5000
97.5397,-0.1393,0.1923,0.4839,0.0000,0,0,0.1320,0.2562,0.5789,5069580.5000
97.5498,-0.0518,-0.1562,0.4839,0.0000,0,0,0.1338,0.2567,0.5789,5069580.5000
97.5601,-0.1858,0.1671,0.4839,0.0000,0,0,0.1327,0.2564,0.5789,5069580.5000
97.5698,-0.2966,0.8460,0.4839,0.0000,0,0,0.1295,0.2555,0.5789,5069580.5000
97.5806,-0.0294,0.6166,0.4839,0.0000,0,0,0.1323,0.2562,0.5789,5069580.5000
97.5898,-0.1635,0.5832,0.4839,0.0000,0,0,0.1322,0.2562,0.5789,5069580.5000
97.5998,-0.2874,0.9568,0.4839,0.0000,0,0,0.1297,0.2557,0.5789,5069580.5000
97.6101,-0.0005,0.3180,0.4839,0.0000,0,0,0.1334,0.2564,0.5789,5069580.5000
97.6198,0.1688,-0.0706,0.4839,0.0000,0,0,0.1405,0.2577,0.5789,5069580.5000
97.6301,0.0257,0.2748,0.4839,0.0000,0,0,0.1446,0.2583,0.5789,5069580.5000
97.6398,-0.2738,0.2564,0.4839,0.0000,0,0,0.1427,0.2580,0.5789,5069580.5000
97.6498,-0.2909,0.2171,0.4839,0.0000,0,0,0.1407,0.2578,0.5789,5069580.5000
97.6606,-0.2375,0.4403,0.4839,0.0000,0,0,0.1400,0.2578,0.5789,5069580.5000
97.6698,-0.4103,0.4747,0.4839,0.0000,0,0,0.1361,0.2576,0.5789,5069580.5000
97.6801,-0.2480,0.8229,0.4839,0.0000,0,0,0.1356,0.2576,0.5789,5069580.5000
97.6898,0.0197,0.8170,0.4839,0.0000,0,0,0.1403,0.2575,0.5789,5069580.5000
97.6997,0.0152,0.4069,0.4839,0.0000,0,0,0.1449,0.2573,0.5789,5069580.5000
97.7106,-0.0416,0.3878,0.4839,0.0000,0,0,0.1485,0.2570,0.5789,5069580.5000
97.7197,-0.2386,0.3839,0.4839,0.0000,0,0,0.1484,0.2570,0.5789,5069580.5000
97.7301,-0.3372,0.0225,0.4839,0.0000,0,0,0.1468,0.2572,0.5789,5069580.5000
97.7398,-0.2843,0.2572,0.4839,0.0000,0,0,0.1464,0.2573,0.5789,5069580.5000
97.7498,-0.5541,0.8044,0.4839,0.0000,0,0,0.1415,0.2584,0.5789,5069580.5000
97.7601,-0.3151,0.5850,0.4839,0.0000,0,0,0.1409,0.2586,0.5789,5069580.5000
97.7698,-0.1179,0.2933,0.4839,0.0000,0,0,0.1438,0.2577,0.5789,5069580.5000
97.7807,-0.4339,0.5903,0.4839,0.0000,0,0,0.1416,0.2584,0.5789,5069580.5000
97.7898,-0.2889,0.5152,0.4839,0.0000,0,0,0.1420,0.2583,0.5789,5069580.5000
97.7998,-0.0959,0.2791,0.4839,0.0000,0,0,0.1453,0.2569,0.5789,5069580.5000
97.8101,-0.2424,0.2260,0.4839,0.0000,0,0,0.1465,0.2563,0.5789,5069580.5000
97.8198,-0.3324,0.1064,0.4839,0.0000,0,0,0.1465,0.2563,0.5789,5069580.5000
97.8301,-0.5105,0.2156,0.4839,0.0000,0,0,0.1441,0.2577,0.5789,5069580.5000
97.8397,-0.4047,0.3724,0.4839,0.0000,0,0,0.1433,0.2582,0.5789,5069580.5000
97.8498,-0.3377,0.1675,0.4839,0.0000,0,0,0.1436,0.2580,0.5789,5069580.5000
97.8604,-0.4161,0.7012,0.4839,0.0000,0,0,0.1430,0.2584,0.5789,5069580.5000
97.8698,-0.2355,0.8785,0.4839,0.0000,0,0,0.1448,0.2570,0.5789,5069580.5000
97.8800,-0.1716,0.1345,0.4839,0.0000,0,0,0.1473,0.2548,0.5789,5069580.5000
97.8898,-0.3194,0.0745,0.4839,0.0000,0,0,0.1481,0.2540,0.5789,5069580.5000
97.8998,-0.4377,0.3113,0.4839,0.0000,0,0,0.1476,0.2545,0.5789,5069580.5000
97.9107,-0.5270,-0.1282,0.4839,0.0000,0,0,0.1464,0.2559,0.5789,5069580.5000
97.9198,-0.2624,-0.1224,0.4839,0.0000,0,0,0.1479,0.2541,0.5789,5069580.5000
97.9301,-0.4774,0.2947,0.4839,0.0000,0,0,0.1474,0.2548,0.5789,5069580.5000
97.9398,-0.6204,0.4549,0.4839,0.0000,0,0,0.1457,0.2572,0.5789,5069580.5000
97.9498,-0.3538,0.3781,0.4839,0.0000,0,0,0.1465,0.2560,0.5789,5069580.5000
97.9601,-0.5583,0.6066,0.4839,0.0000,0,0,0.1456,0.2575,0.5789,5069580.5000
97.9698,-0.5636,0.6171,0.4839,0.0000,0,0,0.1449,0.2589,0.5789,5069580.5000
97.9808,-0.2414,0.1788,0.4839,0.0000,0,0,0.1464,0.2556,0.5789,5069580.5000
97.9898,-0.2448,-0.0010,0.4839,0.0000,0,0,0.1478,0.2523,0.5789,5069580.5000
97.9998,-0.3083,-0.1479,0.4839,0.0000,0,0,0.1487,0.2498,0.5789,5069580.5000
98.0101,-0.5425,0.0266,0.4839,0.0000,0,0,0.1484,0.2507,0.5789,5069580.5000
98.0198,-0.8059,0.4531,0.4839,0.0000,0,0,0.1471,0.2556,0.5789,5069580.5000
98.0301,-0.6613,-0.0021,0.4839,0.0000,0,0,0.1465,0.2581,0.5789,5069580.5000
98.0397,-0.6528,0.1291,0.4839,0.0000,0,0,0.1460,0.2603,0.5789,5069580.5000
98.0498,-0.6639,0.8088,0.4839,0.0000,0,0,0.1457,0.2626,0.5789,5069580.5000
98.0606,-0.3153,0.3231,0.4839,0.0000,0,0,0.1461,0.2590,0.5789,5069580.5000
98.0698,-0.3024,0.0403,0.4839,0.0000,0,0,0.1464,0.2551,0.5789,5069580.5000
98.0801,-0.6203,0.3019,0.4839,0.0000,0,0,0.1463,0.2565,0.5789,5069580.5000
98.0898,-0.7110,-0.0702,0.4839,0.0000,0,0,0.1463,0.2593,0.5789,5069580.5000
98.0998,-0.6584,-0.1593,0.4839,0.0000,0,0,0.1464,0.2610,0.5789,5069580.5000
98.1106,-0.6352,0.1261,0.4839,0.0000,0,0,0.1465,0.2623,0.5789,5069580.5000
98.1197,-0.7638,0.2145,0.4839,0.0000,0,0,0.1468,0.2656,0.5789,5069580.5000
98.1301,-0.6501,0.3796,0.4839,0.0000,0,0,0.1470,0.2668,0.5789,5069580.5000
98.1398,-0.4475,0.3263,0.4839,0.0000,0,0,0.1466,0.2644,0.5789,5069580.5000
98.1498,-0.6180,0.1613,0.4839,0.0000,0,0,0.1467,0.2649,0.5789,5069580.5000
98.1600,-0.6994,0.5559,0.4839,0.0000,0,0,0.1471,0.2667,0.5789,5069580.5000
98.1698,-0.4800,0.5592,0.4839,0.0000,0,0,0.1465,0.2646,0.5789,5069580.5000
98.1807,-0.3601,0.1035,0.4839,0.0000,0,0,0.1452,0.2605,0.5789,5069580.5000
98.1898,-0.5067,0.2476,0.4839,0.0000,0,0,0.1447,0.2589,0.5789,5069580.5000
98.1997,-0.7282,0.2363,0.4839,0.0000,0,0,0.1455,0.2610,0.5789,5069580.5000
98.2100,-0.7042,-0.3414,0.4839,0.0000,0,0,0.1462,0.2626,0.5789,5069580.5000
98.2197,-0.6292,-0.1125,0.4839,0.0000,0,0,0.1463,0.2628,0.5789,5069580.5000
98.2301,-0.8646,0.3474,0.4839,0.0000,0,0,0.1483,0.2669,0.5789,5069580.5000
98.2397,-0.7945,0.3057,0.4839,0.0000,0,0,0.1497,0.2697,0.5789,5069580.5000
98.2498,-0.4259,0.3769,0.4839,0.0000,0,0,0.1478,0.2663,0.5789,5069580.5000
98.2606,-0.5782,0.3364,0.4839,0.0000,0,0,0.1473,0.2655,0.5789,5069580.5000
98.2698,-0.6223,0.1633,0.4839,0.0000,0,0,0.1473,0.2654,0.5789,5069580.5000
98.2800,-0.4360,0.2435,0.4839,0.0000,0,0,0.1452,0.2624,0.5789,5069580.5000
98.2898,-0.4920,-0.0425,0.4839,0.0000,0,0,0.1437,0.2603,0.5789,5069580.5000
98.2998,-0.3842,-0.2077,0.4839,0.0000,0,0,0.1409,0.2567,0.5789,5069580.5000
98.3106,-0.5332,0.1823,0.4839,0.0000,0,0,0.1398,0.2554,0.5789,5069580.5000
98.3198,-0.6828,-0.0276,0.4839,0.0000,0,0,0.1406,0.2563,0.5789,5069580.5000
98.3301,-0.4470,-0.5042,0.4839,0.0000,0,0,0.1384,0.2539,0.5789,5069580.5000
98.3398,-0.6378,-0.0584,0.4839,0.0000,0,0,0.1386,0.2541,0.5789,5069580.5000
98.3498,-0.7555,0.3070,0.4839,0.0000,0,0,0.1405,0.2559,0.5789,5069580.5000
98.3601,-0.3246,0.0505,0.4839,0.0000,0,0,0.1364,0.2522,0.5789,5069580.5000
98.3698,-0.3122,0.3297,0.4839,0.0000,0,0,0.1321,0.2486,0.5789,5069580.5000
98.3807,-0.4116,0.4746,0.4839,0.0000,0,0,0.1293,0.2464,0.5789,5069580.5000
98.3898,-0.2752,-0.0435,0.4839,0.0000,0,0,0.1245,0.2428,0.5789,5069580.5000
98.3997,-0.2812,-0.2762,0.4839,0.0000,0,0,0.1198,0.2395,0.5789,5069580.5000
98.4101,-0.5839,-0.2720,0.4839,0.0000,0,0,0.1198,0.2395,0.5789,5069580.5000
98.4198,-0.7632,-0.4685,0.4839,0.0000,0,0,0.1227,0.2413,0.5789,5069580.5000
98.4301,-0.5861,-0.3606,0.4839,0.0000,0,0,0.1228,0.2413,0.5789,5069580.5000
98.4397,-0.5482,-0.0950,0.4839,0.0000,0,0,0.1223,0.2411,0.5789,5069580.5000
98.4498,-0.7249,0.1824,0.4839,0.0000,0,0,0.1247,0.2422,0.5789,5069580.5000
98.4606,-0.4928,0.3471,0.4839,0.0000,0,0,0.1234,0.2416,0.5789,5069580.5000
98.4698,-0.2572,0.1043,0.4839,0.0000,0,0,0.1182,0.2396,0.5789,5069580.5000
98.4801,-0.3487,-0.1485,0.4839,0.0000,0,0,0.1147,0.2384,0.5789,5069580.5000
98.4898,-0.3752,-0.0003,0.4839,0.0000,0,0,0.1117,0.2375,0.5789,5069580.5000
98.4998,-0.3832,0.0332,0.4839,0.0000,0,0,0.1090,0.2368,0.5789,5069580.5000
98.5107,-0.3814,-0.4391,0.4839,0.0000,0,0,0.1064,0.2362,0.5789,5069580.5000
98.5198,-0.4670,-0.3073,0.4839,0.0000,0,0,0.1054,0.2360,0.5789,5069580.5000
98.5301,-0.6388,0.1912,0.4839,0.0000,0,0,0.1074,0.2363,0.5789,5069580.5000
98.5397,-0.5156,-0.1111,0.4839,0.0000,0,0,0.1074,0.2363,0.5789,5069580.5000
98.5497,-0.4178,-0.1570,0.4839,0.0000,0,0,0.1057,0.2362,0.5789,5069580.5000
98.5600,-0.7124,0.4774,0.4839,0.0000,0,0,0.1093,0.2362,0.5789,5069580.5000
98.5698,-0.3410,0.1799,0.4839,0.0000,0,0,0.1065,0.2363,0.5789,5069580.5000
98.5807,-0.0388,-0.1284,0.4839,0.0000,0,0,0.0987,0.2369,0.5789,5069580.5000
98.5898,-0.2900,0.3599,0.4839,0.0000,0,0,0.0955,0.2373,0.5789,5069580.5000
98.5998,-0.3043,0.2078,0.4839,0.0000,0,0,0.0928,0.2377,0.5789,5069580.5000
98.6101,-0.2739,-0.3798,0.4839,0.0000,0,0,0.0897,0.2384,0.5789,5069580.5000
98.6198,-0.3570,-0.2740,0.4839,0.0000,0,0,0.0882,0.2388,0.5789,5069580.5000
98.6301,-0.4726,-0.1509,0.4839,0.0000,0,0,0.0888,0.2386,0.5789,5069580.5000
98.6398,-0.5684,0.0804,0.4839,0.0000,0,0,0.0910,0.2378,0.5789,5069580.5000
98.6499,-0.3827,0.2807,0.4839,0.0000,0,0,0.0903,0.2381,0.5789,5069580.5000
98.6606,-0.3110,0.1009,0.4839,0.0000,0,0,0.0886,0.2389,0.5789,5069580.5000
98.6698,-0.4801,0.3744,0.4839,0.0000,0,0,0.0896,0.2384,0.5789,5069580.5000
98.6801,-0.4487,0.6016,0.4839,0.0000,0,0,0.0903,0.2380,0.5789,5069580.5000
98.6897,-0.2284,0.0122,0.4839,0.0000,0,0,0.0878,0.2396,0.5789,5069580.5000
98.6998,-0.2107,-0.2567,0.4839,0.0000,0,0,0.0852,0.2415,0.5789,5069580.5000
98.7106,-0.3583,0.1281,0.4839,0.0000,0,0,0.0850,0.2417,0.5789,5069580.5000
98.7197,-0.4071,-0.0279,0.4839,0.0000,0,0,0.0855,0.2412,0.5789,5069580.5000
98.7301,-0.2906,-0.2631,0.4839,0.0000,0,0,0.0846,0.2421,0.5789,5069580.5000
98.7398,-0.4762,0.2134,0.4839,0.0000,0,0,0.0862,0.2404,0.5789,5069580.5000
98.7498,-0.6866,0.2606,0.4839,0.0000,0,0,0.0904,0.2356,0.5789,5069580.5000
98.7601,-0.3606,-0.2411,0.4839,0.0000,0,0,0.0905,0.2354,0.5789,5069580.5000
98.7698,-0.2841,-0.0110,0.4839,0.0000,0,0,0.0899,0.2363,0.5789,5069580.5000
98.7807,-0.4666,0.2344,0.4839,0.0000,0,0,0.0913,0.2340,0.5789,5069580.5000
98.7898,-0.1518,0.0570,0.4839,0.0000,0,0,0.0895,0.2370,0.5789,5069580.5000
98.7998,-0.0285,0.0920,0.4839,0.0000,0,0,0.0868,0.2421,0.5789,5069580.5000
98.8100,-0.1855,0.1141,0.4839,0.0000,0,0,0.0858,0.2443,0.5789,5069580.5000
98.8198,-0.2060,0.0193,0.4839,0.0000,0,0,0.0851,0.2458,0.5789,5069580.5000
98.8300,-0.2917,0.0052,0.4839,0.0000,0,0,0.0852,0.2456,0.5789,5069580.5000
98.8398,-0.2760,-0.4097,0.4839,0.0000,0,0,0.0852,0.2455,0.5789,5069580.5000
98.8499,-0.3211,-0.4457,0.4839,0.0000,0,0,0.0856,0.2443,0.5789,5069580.5000
98.8605,-0.5349,0.1771,0.4839,0.0000,0,0,0.0872,0.2383,0.5789,5069580.5000
98.8698,-0.3026,-0.0283,0.4839,0.0000,0,0,0.0874,0.2374,0.5789,5069580.5000
98.8801,-0.0574,-0.2189,0.4839,0.0000,0,0,0.0866,0.2417,0.5789,5069580.5000
98.8898,-0.3223,0.5035,0.4839,0.0000,0,0,0.0869,0.2398,0.5789,5069580.5000
98.8998,-0.2833,0.4212,0.4839,0.0000,0,0,0.0870,0.2386,0.5789,5069580.5000
98.9106,0.0290,-0.1759,0.4839,0.0000,0,0,0.0864,0.2446,0.5789,5069580.5000
98.9198,-0.0982,-0.0809,0.4839,0.0000,0,0,0.0863,0.2474,0.5789,5069580.5000
98.9301,-0.2486,-0.2657,0.4839,0.0000,0,0,0.0863,0.2462,0.5789,5069580.5000
98.9397,-0.3248,-0.3613,0.4839,0.0000,0,0,0.0863,0.2431,0.5789,5069580.5000
98.9498,-0.2414,-0.0238,0.4839,0.0000,0,0,0.0863,0.2419,0.5789,5069580.5000
98.9601,-0.1400,-0.2355,0.4839,0.0000,0,0,0.0864,0.2430,0.5789,5069580.5000
98.9698,-0.3652,0.0644,0.4839,0.0000,0,0,0.0860,0.2384,0.5789,5069580.5000
98.9807,-0.2928,0.5541,0.4839,0.0000,0,0,0.0856,0.2355,0.5789,5069580.5000
98.9898,0.0601,-0.0598,0.4839,0.0000,0,0,0.0865,0.2415,0.5789,5069580.5000
98.9998,0.1028,-0.0957,0.4839,0.0000,0,0,0.0876,0.2482,0.5789,5069580.5000
99.0102,-0.1041,0.4065,0.4839,0.0000,0,0,0.0878,0.2492,0.5789,5069580.5000
99.0198,-0.0286,-0.0016,0.4839,0.0000,0,0,0.0884,0.2520,0.5789,5069580.5000
99.0301,0.0910,-0.4420,0.4839,0.0000,0,0,0.0898,0.2576,0.5789,5069580.5000
99.0397,-0.1645,-0.2124,0.4839,0.0000,0,0,0.0895,0.2563,0.5789,5069580.5000
99.0498,-0.3487,-0.1142,0.4839,0.0000,0,0,0.0876,0.2503,0.5789,5069580.5000
99.0606,-0.1526,-0.1755,0.4839,0.0000,0,0,0.0873,0.2493,0.5789,5069580.5000
99.0698,0.0475,0.0725,0.4839,0.0000,0,0,0.0887,0.2532,0.5789,5069580.5000
99.0800,-0.2151,0.3152,0.4839,0.0000,0,0,0.0876,0.2503,0.5789,5069580.5000
99.0898,-0.1361,0.3136,0.4839,0.0000,0,0,0.0872,0.2494,0.5789,5069580.5000
99.0998,0.1414,0.1837,0.4839,0.0000,0,0,0.0898,0.2551,0.5789,5069580.5000
99.1106,-0.0505,0.0237,0.4839,0.0000,0,0,0.0901,0.2558,0.5789,5069580.5000
99.1198,0.0186,0.0666,0.4839,0.0000,0,0,0.0913,0.2581,0.5789,5069580.5000
99.1301,0.0829,0.0135,0.4839,0.0000,0,0,0.0932,0.2616,0.5789,5069580.5000
99.1398,-0.0058,-0.1049,0.4839,0.0000,0,0,0.0939,0.2628,0.5789,5069580.5000
99.1498,0.0929,-0.1774,0.4839,0.0000,0,0,0.0959,0.2662,0.5789,5069580.5000
99.1600,-0.1578,0.2626,0.4839,0.0000,0,0,0.0942,0.2635,0.5789,5069580.5000
99.1698,-0.0487,0.2901,0.4839,0.0000,0,0,0.0941,0.2634,0.5789,5069580.5000
99.1807,0.1253,-0.0531,0.4839,0.0000,0,0,0.0966,0.2670,0.5789,5069580.5000
99.1897,-0.0631,0.5115,0.4839,0.0000,0,0,0.0961,0.2663,0.5789,5069580.5000
99.1998,0.0750,0.7865,0.4839,0.0000,0,0,0.0978,0.2684,0.5789,5069580.5000
99.2101,0.3562,0.1563,0.4839,0.0000,0,0,0.1042,0.2763,0.5789,5069580.5000
99.2198,0.2856,0.3094,0.4839,0.0000,0,0,0.1093,0.2822,0.5789,5069580.5000
99.2301,0.1692,0.1970,0.4839,0.0000,0,0,0.1121,0.2855,0.5789,5069580.5000
99.2398,0.0142,-0.2545,0.4839,0.0000,0,0,0.1121,0.2854,0.5789,5069580.5000
99.2498,0.1584,-0.0399,0.4839,0.0000,0,0,0.1146,0.2881,0.5789,5069580.5000
99.2606,0.1317,0.0680,0.4839,0.0000,0,0,0.1166,0.2902,0.5789,5069580.5000
99.2698,-0.0904,0.2996,0.4839,0.0000,0,0,0.1143,0.2878,0.5789,5069580.5000
99.2801,0.0676,0.6724,0.4839,0.0000,0,0,0.1150,0.2886,0.5789,5069580.5000
99.2898,0.2011,0.4902,0.4839,0.0000,0,0,0.1184,0.2917,0.5789,5069580.5000
99.2998,0.1452,0.3023,0.4839,0.0000,0,0,0.1205,0.2936,0.5789,5069580.5000
99.3106,0.1874,0.3492,0.4839,0.0000,0,0,0.1234,0.2962,0.5789,5069580.5000
99.3198,0.2333,0.2349,0.4839,0.0000,0,0,0.1271,0.2994,0.5789,5069580.5000
99.3301,0.2233,0.0634,0.4839,0.0000,0,0,0.1305,0.3022,0.5789,5069580.5000
99.3397,0.1370,0.2693,0.4839,0.0000,0,0,0.1321,0.3034,0.5789,5069580.5000
99.3498,-0.0726,0.4103,0.4839,0.0000,0,0,0.1290,0.3011,0.5789,5069580.5000
99.3600,-0.0107,-0.0311,0.4839,0.0000,0,0,0.1275,0.3000,0.5789,5069580.5000
99.3698,0.0254,0.0213,0.4839,0.0000,0,0,0.1267,0.2994,0.5789,5069580.5000
99.3806,-0.2424,0.7556,0.4839,0.0000,0,0,0.1200,0.2948,0.5789,5069580.5000
99.3898,0.0036,0.7307,0.4839,0.0000,0,0,0.1191,0.2943,0.5789,5069580.5000
99.3998,0.4222,0.3664,0.4839,0.0000,0,0,0.1281,0.3000,0.5789,5069580.5000
99.4101,0.1761,0.6085,0.4839,0.0000,0,0,0.1310,0.3019,0.5789,5069580.5000
99.4198,0.0797,0.4241,0.4839,0.0000,0,0,0.1316,0.3022,0.5789,5069580.5000
99.4300,0.1546,-0.0073,0.4839,0.0000,0,0,0.1341,0.3037,0.5789,5069580.5000
99.4398,0.0327,-0.0867,0.4839,0.0000,0,0,0.1336,0.3034,0.5789,5069580.5000
99.4498,-0.1426,0.0064,0.4839,0.0000,0,0,0.1290,0.3008,0.5789,5069580.5000
99.4606,-0.2384,0.3522,0.4839,0.0000,0,0,0.1224,0.2972,0.5789,5069580.5000
99.4698,-0.0192,0.6673,0.4839,0.0000,0,0,0.1214,0.2967,0.5789,5069580.5000
99.4801,0.1165,0.3917,0.4839,0.0000,0,0,0.1238,0.2979,0.5789,5069580.5000
99.4898,0.0606,0.5011,0.4839,0.0000,0,0,0.1248,0.2985,0.5789,5069580.5000
99.4998,0.1894,0.7818,0.4839,0.0000,0,0,0.1290,0.3005,0.5789,5069580.5000
99.5106,0.1385,0.2006,0.4839,0.0000,0,0,0.1319,0.3019,0.5789,5069580.5000
99.5198,0.1527,-0.1087,0.4839,0.0000,0,0,0.1351,0.3034,0.5789,5069580.5000
99.5301,-0.0831,0.2110,0.4839,0.0000,0,0,0.1329,0.3024,0.5789,5069580.5000
99.5397,-0.2065,0.1804,0.4839,0.0000,0,0,0.1280,0.3002,0.5789,5069580.5000
99.5497,0.0617,-0.0698,0.4839,0.0000,0,0,0.1296,0.3009,0.5789,5069580.5000
99.5600,-0.0879,0.3939,0.4839,0.0000,0,0,0.1279,0.3002,0.5789,5069580.5000
99.5698,-0.3275,0.7722,0.4839,0.0000,0,0,0.1210,0.2974,0.5789,5069580.5000
99.5807,0.0414,0.5344,0.4839,0.0000,0,0,0.1228,0.2981,0.5789,5069580.5000
99.5898,0.1910,0.3868,0.4839,0.0000,0,0,0.1279,0.3000,0.5789,5069580.5000
99.5998,0.0552,0.3050,0.4839,0.0000,0,0,0.1300,0.3008,0.5789,5069580.5000
99.6100,0.0437,0.2022,0.4839,0.0000,0,0,0.1319,0.3015,0.5789,5069580.5000
99.6198,-0.0023,0.3193,0.4839,0.0000,0,0,0.1330,0.3018,0.5789,5069580.5000
99.6302,-0.0227,0.2839,0.4839,0.0000,0,0,0.1337,0.3020,0.5789,5069580.5000
99.6397,-0.1395,0.2753,0.4839,0.0000,0,0,0.1321,0.3016,0.5789,5069580.5000
99.6498,-0.2188,0.4648,0.4839,0.0000,0,0,0.1290,0.3007,0.5789,5069580.5000
99.6606,-0.0128,0.3069,0.4839,0.0000,0,0,0.1306,0.3011,0.5789,5069580.5000
99.6698,0.0029,0.2205,0.4839,0.0000,0,0,0.1326,0.3016,0.5789,5069580.5000
99.6801,-0.1484,0.6654,0.4839,0.0000,0,0,0.1315,0.3014,0.5789,5069580.5000
99.6898,0.1238,0.7513,0.4839,0.0000,0,0,0.1363,0.3022,0.5789,5069580.5000
99.6998,0.0928,0.3216,0.4839,0.0000,0,0,0.1404,0.3028,0.5789,5069580.5000
99.7106,-0.0972,0.5425,0.4839,0.0000,0,0,0.1407,0.3028,0.5789,5069580.5000
99.7197,-0.0792,0.5790,0.4839,0.0000,0,0,0.1415,0.3029,0.5789,5069580.5000
99.7301,-0.1167,0.0387,0.4839,0.0000,0,0,0.1418,0.3029,0.5789,5069580.5000
99.7398,-0.0876,0.1198,0.4839,0.0000,0,0,0.1428,0.3029,0.5789,5069580.5000
99.7498,-0.2300,0.4504,0.4839,0.0000,0,0,0.1412,0.3029,0.5789,5069580.5000
99.7600,-0.1991,0.2012,0.4839,0.0000,0,0,0.1404,0.3029,0.5789,5069580.5000
99.7698,0.1505,0.2666,0.4839,0.0000,0,0,0.1464,0.3026,0.5789,5069580.5000
99.7807,-0.0555,0.9008,0.4839,0.0000,0,0,0.1485,0.3024,0.5789,5069580.5000
99.7898,-0.0837,0.9464,0.4839,0.0000,0,0,0.1501,0.3022,0.5789,5069580.5000
99.7998,0.1479,0.4243,0.4839,0.0000,0,0,0.1559,0.3012,0.5789,5069580.5000
99.8101,-0.0170,0.4401,0.4839,0.0000,0,0,0.1589,0.3006,0.5789,5069580.5000
99.8197,-0.2223,0.4849,0.4839,0.0000,0,0,0.1583,0.3008,0.5789,5069580.5000
99.8301,-0.2634,0.2194,0.4839,0.0000,0,0,0.1573,0.3010,0.5789,5069580.5000
99.8399,-0.1021,0.2438,0.4839,0.0000,0,0,0.1591,0.3005,0.5789,5069580.5000
99.8498,0.0192,0.2564,0.4839,0.0000,0,0,0.1629,0.2991,0.5789,5069580.5000
99.8606,-0.1512,0.4711,0.4839,0.0000,0,0,0.1641,0.2987,0.5789,5069580.5000
99.8698,0.0202,0.8321,0.4839,0.0000,0,0,0.1679,0.2970,0.5789,5069580.5000
99.8800,0.0055,0.6901,0.4839,0.0000,0,0,0.1715,0.2952,0.5789,5069580.5000
99.8898,-0.1379,0.4746,0.4839,0.0000,0,0,0.1730,0.2944,0.5789,5069580.5000
99.8998,-0.2547,0.5073,0.4839,0.0000,0,0,0.1729,0.2945,0.5789,5069580.5000
99.9107,-0.1987,0.3174,0.4839,0.0000,0,0,0.1738,0.2939,0.5789,5069580.5000
99.9198,-0.1086,-0.0268,0.4839,0.0000,0,0,0.1758,0.2925,0.5789,5069580.5000
99.9301,-0.2027,0.2878,0.4839,0.0000,0,0,0.1768,0.2918,0.5789,5069580.5000
99.9401,-0.5408,0.8166,0.4839,0.0000,0,0,0.1737,0.2944,0.5789,5069580.5000
99.9498,-0.4683,0.5501,0.4839,0.0000,0,0,0.1717,0.2961,0.5789,5069580.5000
99.9601,-0.3043,0.5488,0.4839,0.0000,0,0,0.1718,0.2960,0.5789,5069580.5000
99.9697,-0.5335,1.0430,0.4839,0.0000,0,0,0.1695,0.2984,0.5789,5069580.5000
99.9797,-0.2752,0.6733,0.4839,0.0000,0,0,0.1702,0.2977,0.5789,5069580.5000
99.9902,0.0309,0.1834,0.4839,0.0000,0,0,0.1739,0.2930,0.5789,5069580.5000
99.9998,-0.2348,0.4719,0.4839,0.0000,0,0,0.1749,0.2916,0.5789,5069580.5000
100.0101,-0.4407,0.4906,0.4839,0.0000,0,0,0.1742,0.2927,0.5789,5069580.5000
100.0198,-0.5158,-0.0156,0.4839,0.0000,0,0,0.1730,0.2947,0.5789,5069580.5000
100.0299,-0.4056,0.1858,0.4839,0.0000,0,0,0.1728,0.2950,0.5789,5069580.5000
100.0400,-0.6069,0.3613,0.4839,0.0000,0,0,0.1713,0.2980,0.5789,5069580.5000
100.0498,-0.5474,0.5862,0.4839,0.0000,0,0,0.1703,0.3001,0.5789,5069580.5000
100.0606,-0.1016,0.7104,0.4839,0.0000,0,0,0.1722,0.2955,0.5789,5069580.5000
100.0698,-0.0148,0.2261,0.4839,0.0000,0,0,0.1744,0.2894,0.5789,5069580.5000
100.0798,-0.0623,0.1393,0.4839,0.0000,0,0,0.1760,0.2840,0.5789,5069580.5000
100.0901,-0.2414,0.3373,0.4839,0.0000,0,0,0.1768,0.2812,0.5789,5069580.5000
100.0998,-0.4425,-0.1449,0.4839,0.0000,0,0,0.1767,0.2815,0.5789,5069580.5000
100.1106,-0.3377,-0.2463,0.4839,0.0000,0,0,0.1770,0.2800,0.5789,5069580.5000
100.1197,-0.8280,0.1678,0.4839,0.0000,0,0,0.1761,0.2863,0.5789,5069580.5000
100.1298,-0.9180,0.1658,0.4839,0.0000,0,0,0.1753,0.2939,0.5789,5069580.5000
100.1401,-0.4976,0.1378,0.4839,0.0000,0,0,0.1752,0.2943,0.5789,5069580.5000
100.1498,-0.4463,0.4247,0.4839,0.0000,0,0,0.1753,0.2937,0.5789,5069580.5000
100.1601,-0.5298,0.5255,0.4839,0.0000,0,0,0.1753,0.2945,0.5789,5069580.5000
100.1698,-0.2836,0.2724,0.4839,0.0000,0,0,0.1751,0.2909,0.5789,5069580.5000
100.1797,-0.3086,0.1586,0.4839,0.0000,0,0,0.1749,0.2877,0.5789,5069580.5000
100.1902,-0.2860,-0.1091,0.4839,0.0000,0,0,0.1744,0.2840,0.5789,5069580.5000
100.1998,-0.5449,-0.0725,0.4839,0.0000,0,0,0.1745,0.2847,0.5789,5069580.5000
100.2101,-0.7193,0.2460,0.4839,0.0000,0,0,0.1752,0.2884,0.5789,5069580.5000
100.2197,-0.5852,-0.0490,0.4839,0.0000,0,0,0.1755,0.2895,0.5789,5069580.5000
100.2299,-0.5248,-0.0658,0.4839,0.0000,0,0,0.1755,0.2895,0.5789,5069580.5000
100.2401,-0.7620,0.6037,0.4839,0.0000,0,0,0.1766,0.2934,0.5789,5069580.5000
100.2498,-0.5171,0.4819,0.4839,0.0000,0,0,0.1765,0.2930,0.5789,5069580.5000
100.2606,-0.2541,0.0159,0.4839,0.0000,0,0,0.1747,0.2881,0.5789,5069580.5000
100.2698,-0.4544,0.3586,0.4839,0.0000,0,0,0.1741,0.2866,0.5789,5069580.5000
100.2798,-0.4666,0.1921,0.4839,0.0000,0,0,0.1735,0.2852,0.5789,5069580.5000
100.2900,-0.3365,-0.3602,0.4839,0.0000,0,0,0.1719,0.2817,0.5789,5069580.5000
100.2998,-0.5731,-0.1369,0.4839,0.0000,0,0,0.1721,0.2821,0.5789,5069580.5000
100.3106,-0.8213,0.0639,0.4839,0.0000,0,0,0.1745,0.2865,0.5789,5069580.5000
100.3198,-0.8733,0.0481,0.4839,0.0000,0,0,0.1774,0.2916,0.5789,5069580.5000
100.3297,-0.3956,0.2418,0.4839,0.0000,0,0,0.1757,0.2888,0.5789,5069580.5000
100.3400,-0.5631,0.3909,0.4839,0.0000,0,0,0.1756,0.2887,0.5789,5069580.5000
100.3498,-0.5003,0.3708,0.4839,0.0000,0,0,0.1749,0.2877,0.5789,5069580.5000
100.3600,-0.2205,0.1558,0.4839,0.0000,0,0,0.1710,0.2824,0.5789,5069580.5000
100.3697,-0.3846,0.1178,0.4839,0.0000,0,0,0.1689,0.2798,0.5789,5069580.5000
100.3797,-0.4727,0.1301,0.4839,0.0000,0,0,0.1679,0.2785,0.5789,5069580.5000
100.3902,-0.4885,-0.1324,0.4839,0.0000,0,0,0.1670,0.2775,0.5789,5069580.5000
100.3997,-0.5092,-0.1925,0.4839,0.0000,0,0,0.1663,0.2769,0.5789,5069580.5000
100.4101,-0.5227,-0.3458,0.4839,0.0000,0,0,0.1659,0.2764,0.5789,5069580.5000
100.4197,-0.9047,-0.1352,0.4839,0.0000,0,0,0.1706,0.2808,0.5789,5069580.5000
100.4298,-0.8433,0.3992,0.4839,0.0000,0,0,0.1745,0.2843,0.5789,5069580.5000
100.4401,-0.5413,0.0075,0.4839,0.0000,0,0,0.1740,0.2839,0.5789,5069580.5000
100.4498,-0.4458,0.1413,0.4839,0.0000,0,0,0.1723,0.2825,0.5789,5069580.5000
100.4606,-0.4808,0.6791,0.4839,0.0000,0,0,0.1710,0.2816,0.5789,5069580.5000
100.4698,-0.3642,0.1012,0.4839,0.0000,0,0,0.1680,0.2796,0.5789,5069580.5000
100.4798,-0.2780,-0.2951,0.4839,0.0000,0,0,0.1637,0.2769,0.5789,5069580.5000
100.4901,-0.6397,0.0790,0.4839,0.0000,0,0,0.1652,0.2777,0.5789,5069580.5000
100.4998,-0.8789,0.0686,0.4839,0.0000,0,0,0.1705,0.2806,0.5789,5069580.5000
100.5106,-0.7274,-0.1591,0.4839,0.0000,0,0,0.1734,0.2820,0.5789,5069580.5000
100.5198,-0.6642,0.0390,0.4839,0.0000,0,0,0.1752,0.2829,0.5789,5069580.5000
100.5298,-0.8835,0.2473,0.4839,0.0000,0,0,0.1807,0.2852,0.5789,5069580.5000
100.5401,-0.5907,0.1551,0.4839,0.0000,0,0,0.1813,0.2854,0.5789,5069580.5000
100.5498,-0.3394,0.2590,0.4839,0.0000,0,0,0.1777,0.2842,0.5789,5069580.5000
100.5601,-0.5559,0.4311,0.4839,0.0000,0,0,0.1780,0.2843,0.5789,5069580.5000
100.5698,-0.5324,0.3744,0.4839,0.0000,0,0,0.1778,0.2842,0.5789,5069580.5000
100.5798,-0.3865,-0.1309,0.4839,0.0000,0,0,0.1753,0.2837,0.5789,5069580.5000
100.5902,-0.5282,-0.4682,0.4839,0.0000,0,0,0.1754,0.2837,0.5789,5069580.5000
100.5997,-0.5354,-0.4165,0.4839,0.0000,0,0,0.1756,0.2838,0.5789,5069580.5000
100.6101,-0.8638,-0.1350,0.4839,0.0000,0,0,0.1816,0.2842,0.5789,5069580.5000
100.6198,-0.6574,0.0381,0.4839,0.0000,0,0,0.1840,0.2843,0.5789,5069580.5000
100.6298,-0.4800,-0.0655,0.4839,0.0000,0,0,0.1834,0.2843,0.5789,5069580.5000
100.6401,-0.4976,0.2059,0.4839,0.0000,0,0,0.1833,0.2844,0.5789,5069580.5000
100.6498,-0.2448,0.3956,0.4839,0.0000,0,0,0.1789,0.2847,0.5789,5069580.5000
100.6606,-0.2128,-0.1348,0.4839,0.0000,0,0,0.1742,0.2854,0.5789,5069580.5000
100.6698,-0.4878,-0.2404,0.4839,0.0000,0,0,0.1744,0.2853,0.5789,5069580.5000
100.6798,-0.5229,-0.0411,0.4839,0.0000,0,0,0.1753,0.2851,0.5789,5069580.5000
100.6901,-0.6083,-0.4871,0.4839,0.0000,0,0,0.1778,0.2845,0.5789,5069580.5000
100.6998,-0.3733,-0.4865,0.4839,0.0000,0,0,0.1764,0.2849,0.5789,5069580.5000
100.7106,-0.6399,-0.0013,0.4839,0.0000,0,0,0.1795,0.2837,0.5789,5069580.5000
100.7198,-0.5755,0.2675,0.4839,0.0000,0,0,0.1816,0.2828,0.5789,5069580.5000
100.7298,-0.4181,0.0052,0.4839,0.0000,0,0,0.1812,0.2830,0.5789,5069580.5000
100.7401,-0.5270,0.1850,0.4839,0.0000,0,0,0.1827,0.2821,0.5789,5069580.5000
100.7498,-0.4437,0.3491,0.4839,0.0000,0,0,0.1830,0.2820,0.5789,5069580.5000
100.7601,-0.3169,-0.2748,0.4839,0.0000,0,0,0.1815,0.2830,0.5789,5069580.5000
100.7698,-0.3986,-0.2240,0.4839,0.0000,0,0,0.1814,0.2830,0.5789,5069580.5000
100.7798,-0.5021,0.2512,0.4839,0.0000,0,0,0.1829,0.2818,0.5789,5069580.5000
100.7902,-0.4574,-0.3006,0.4839,0.0000,0,0,0.1838,0.2810,0.5789,5069580.5000
100.7997,-0.2732,-0.5602,0.4839,0.0000,0,0,0.1824,0.2824,0.5789,5069580.5000
100.8101,-0.4157,-0.3956,0.4839,0.0000,0,0,0.1830,0.2817,0.5789,5069580.5000
100.8198,-0.5675,-0.2165,0.4839,0.0000,0,0,0.1855,0.2787,0.5789,5069580.5000
100.8297,-0.4492,-0.2169,0.4839,0.0000,0,0,0.1866,0.2773,0.5789,5069580.5000
100.8401,-0.2472,0.0438,0.4839,0.0000,0,0,0.1854,0.2790,0.5789,5069580.5000
100.8498,-0.4210,0.1951,0.4839,0.0000,0,0,0.1863,0.2776,0.5789,5069580.5000
100.8606,-0.2350,0.0823,0.4839,0.0000,0,0,0.1854,0.2793,0.5789,5069580.5000
100.8698,-0.0125,-0.1284,0.4839,0.0000,0,0,0.1825,0.2848,0.5789,5069580.5000
100.8798,-0.3044,-0.2207,0.4839,0.0000,0,0,0.1825,0.2847,0.5789,5069580.5000
100.8901,-0.4402,-0.2685,0.4839,0.0000,0,0,0.1838,0.2817,0.5789,5069580.5000
100.8997,-0.4547,-0.2953,0.4839,0.0000,0,0,0.1851,0.2783,0.5789,5069580.5000
100.9106,-0.4201,-0.4912,0.4839,0.0000,0,0,0.1860,0.2754,0.5789,5069580.5000
100.9197,-0.3465,-0.4433,0.4839,0.0000,0,0,0.1865,0.2739,0.5789,5069580.5000
100.9298,-0.5637,0.0347,0.4839,0.0000,0,0,0.1882,0.2675,0.5789,5069580.5000
100.9401,-0.3207,0.3472,0.4839,0.0000,0,0,0.1885,0.2662,0.5789,5069580.5000
100.9499,-0.1573,-0.0487,0.4839,0.0000,0,0,0.1881,0.2684,0.5789,5069580.5000
100.9601,-0.3037,0.1645,0.4839,0.0000,0,0,0.1883,0.2670,0.5789,5069580.5000
100.9697,-0.3009,0.3481,0.4839,0.0000,0,0,0.1885,0.2654,0.5789,5069580.5000
100.9797,-0.1146,-0.3683,0.4839,0.0000,0,0,0.1882,0.2681,0.5789,5069580.5000
100.9902,-0.0464,-0.4366,0.4839,0.0000,0,0,0.1880,0.2720,0.5789,5069580.5000
100.9998,-0.2768,-0.0540,0.4839,0.0000,0,0,0.1881,0.2701,0.5789,5069580.5000
101.0101,-0.3490,-0.3426,0.4839,0.0000,0,0,0.1880,0.2662,0.5789,5069580.5000
101.0198,-0.1913,-0.3763,0.4839,0.0000,0,0,0.1880,0.2661,0.5789,5069580.5000
101.0298,-0.4219,-0.0375,0.4839,0.0000,0,0,0.1876,0.2600,0.5789,5069580.5000
101.0401,-0.6187,0.1380,0.4839,0.0000,0,0,0.1866,0.2489,0.5789,5069580.5000
101.0498,-0.2960,-0.0124,0.4839,0.0000,0,0,0.1862,0.2460,0.5789,5069580.5000
101.0606,-0.1946,0.0645,0.4839,0.0000,0,0,0.1862,0.2455,0.5789,5069580.5000
101.0698,-0.3168,0.2581,0.4839,0.0000,0,0,0.1855,0.2417,0.5789,5069580.5000
101.0798,-0.2126,0.0683,0.4839,0.0000,0,0,0.1853,0.2405,0.5789,5069580.5000
101.0900,-0.2241,-0.1088,0.4839,0.0000,0,0,0.1848,0.2387,0.5789,5069580.5000
101.0998,-0.3301,-0.0961,0.4839,0.0000,0,0,0.1837,0.2342,0.5789,5069580.5000
101.1106,-0.3696,-0.3311,0.4839,0.0000,0,0,0.1820,0.2286,0.5789,5069580.5000
101.1198,-0.2581,-0.5542,0.4839,0.0000,0,0,0.1812,0.2258,0.5789,5069580.5000
101.1298,-0.2098,-0.4413,0.4839,0.0000,0,0,0.1806,0.2241,0.5789,5069580.5000
101.1400,-0.4234,-0.3107,0.4839,0.0000,0,0,0.1779,0.2170,0.5789,5069580.5000
101.1498,-0.4941,-0.0397,0.4839,0.0000,0,0,0.1744,0.2083,0.5789,5069580.5000
101.1600,-0.1461,0.1315,0.4839,0.0000,0,0,0.1744,0.2083,0.5789,5069580.5000
101.1698,-0.0926,0.1214,0.4839,0.0000,0,0,0.1749,0.2094,0.5789,5069580.5000
101.1797,-0.1172,0.2362,0.4839,0.0000,0,0,0.1751,0.2098,0.5789,5069580.5000
101.1902,0.0831,0.2825,0.4839,0.0000,0,0,0.1777,0.2147,0.5789,5069580.5000
101.1997,0.0748,-0.2230,0.4839,0.0000,0,0,0.1801,0.2191,0.5789,5069580.5000
101.2101,0.1127,-0.3199,0.4839,0.0000,0,0,0.1829,0.2239,0.5789,5069580.5000
101.2197,-0.1354,-0.0467,0.4839,0.0000,0,0,0.1822,0.2227,0.5789,5069580.5000
101.2298,-0.2854,-0.0985,0.4839,0.0000,0,0,0.1791,0.2180,0.5789,5069580.5000
101.2401,0.0078,-0.4759,0.4839,0.0000,0,0,0.1805,0.2199,0.5789,5069580.5000
101.2498,-0.1387,-0.2186,0.4839,0.0000,0,0,0.1794,0.2184,0.5789,5069580.5000
101.2606,-0.1090,0.1597,0.4839,0.0000,0,0,0.1787,0.2175,0.5789,5069580.5000
101.2698,0.2513,-0.1724,0.4839,0.0000,0,0,0.1839,0.2242,0.5789,5069580.5000
101.2798,0.2820,0.0332,0.4839,0.0000,0,0,0.1895,0.2309,0.5789,5069580.5000
101.2901,0.0580,0.2460,0.4839,0.0000,0,0,0.1911,0.2327,0.5789,5069580.5000
101.2998,-0.0157,-0.2630,0.4839,0.0000,0,0,0.1911,0.2328,0.5789,5069580.5000
101.3107,0.1495,-0.4838,0.4839,0.0000,0,0,0.1942,0.2361,0.5789,5069580.5000
101.3197,-0.0123,-0.2159,0.4839,0.0000,0,0,0.1940,0.2359,0.5789,5069580.5000
101.3297,-0.2166,-0.2363,0.4839,0.0000,0,0,0.1899,0.2317,0.5789,5069580.5000
101.3401,-0.0426,-0.2027,0.4839,0.0000,0,0,0.1892,0.2310,0.5789,5069580.5000
101.3498,0.0917,0.1947,0.4839,0.0000,0,0,0.1910,0.2327,0.5789,5069580.5000
101.3600,-0.0889,0.3580,0.4839,0.0000,0,0,0.1891,0.2310,0.5789,5069580.5000
101.3698,0.1715,0.1528,0.4839,0.0000,0,0,0.1924,0.2340,0.5789,5069580.5000
101.3797,0.2894,-0.0207,0.4839,0.0000,0,0,0.1980,0.2388,0.5789,5069580.5000
101.3902,0.0262,0.1654,0.4839,0.0000,0,0,0.1979,0.2388,0.5789,5069580.5000
101.3997,-0.0366,0.0580,0.4839,0.0000,0,0,0.1965,0.2376,0.5789,5069580.5000
101.4101,0.1622,-0.3815,0.4839,0.0000,0,0,0.1993,0.2398,0.5789,5069580.5000
101.4198,0.0760,-0.3150,0.4839,0.0000,0,0,0.2001,0.2404,0.5789,5069580.5000
101.4298,-0.0032,-0.1814,0.4839,0.0000,0,0,0.1990,0.2396,0.5789,5069580.5000
101.4401,0.0575,-0.2433,0.4839,0.0000,0,0,0.1994,0.2399,0.5789,5069580.5000
101.4498,0.2443,-0.0119,0.4839,0.0000,0,0,0.2039,0.2430,0.5789,5069580.5000
101.4606,0.0207,0.1862,0.4839,0.0000,0,0,0.2031,0.2425,0.5789,5069580.5000
101.4698,0.1497,0.1723,0.4839,0.0000,0,0,0.2054,0.2439,0.5789,5069580.5000
101.4798,0.3258,0.1548,0.4839,0.0000,0,0,0.2116,0.2478,0.5789,5069580.5000
101.4901,0.0716,0.1906,0.4839,0.0000,0,0,0.2117,0.2478,0.5789,5069580.5000
101.4998,0.0106,0.0526,0.4839,0.0000,0,0,0.2103,0.2470,0.5789,5069580.5000
101.5106,0.1679,-0.3150,0.4839,0.0000,0,0,0.2127,0.2483,0.5789,5069580.5000
101.5198,0.0687,-0.0967,0.4839,0.0000,0,0,0.2126,0.2483,0.5789,5069580.5000
101.5298,0.0468,0.1503,0.4839,0.0000,0,0,0.2120,0.2480,0.5789,5069580.5000
101.5400,0.0082,0.0975,0.4839,0.0000,0,0,0.2106,0.2472,0.5789,5069580.5000
101.5498,0.1726,0.1920,0.4839,0.0000,0,0,0.2132,0.2486,0.5789,5069580.5000
101.5601,0.0107,0.3140,0.4839,0.0000,0,0,0.2118,0.2479,0.5789,5069580.5000
101.5697,-0.1457,0.3773,0.4839,0.0000,0,0,0.2069,0.2455,0.5789,5069580.5000
101.5797,0.1707,0.5638,0.4839,0.0000,0,0,0.2097,0.2468,0.5789,5069580.5000
101.5902,0.1051,0.3047,0.4839,0.0000,0,0,0.2108,0.2473,0.5789,5069580.5000
101.5998,0.0908,0.1655,0.4839,0.0000,0,0,0.2117,0.2477,0.5789,5069580.5000
101.6101,0.1516,0.0357,0.4839,0.0000,0,0,0.2140,0.2487,0.5789,5069580.5000
101.6197,0.0395,0.0227,0.4839,0.0000,0,0,0.2137,0.2486,0.5789,5069580.5000
101.6298,0.0121,-0.0324,0.4839,0.0000,0,0,0.2129,0.2483,0.5789,5069580.5000
101.6401,-0.2381,0.0807,0.4839,0.0000,0,0,0.2066,0.2458,0.5789,5069580.5000
101.6498,-0.0190,0.4036,0.4839,0.0000,0,0,0.2055,0.2454,0.5789,5069580.5000
101.6606,0.0122,0.2959,0.4839,0.0000,0,0,0.2053,0.2453,0.5789,5069580.5000
101.6698,-0.0228,0.4132,0.4839,0.0000,0,0,0.2044,0.2450,0.5789,5069580.5000
101.6797,-0.0163,0.8207,0.4839,0.0000,0,0,0.2038,0.2448,0.5789,5069580.5000
101.6901,0.0775,0.3099,0.4839,0.0000,0,0,0.2054,0.2453,0.5789,5069580.5000
101.6998,0.2083,-0.2702,0.4839,0.0000,0,0,0.2098,0.2466,0.5789,5069580.5000
101.7106,0.0604,-0.0128,0.4839,0.0000,0,0,0.2110,0.2469,0.5789,5069580.5000
101.7198,-0.1654,0.1777,0.4839,0.0000,0,0,0.2076,0.2460,0.5789,5069580.5000
101.7298,-0.1257,-0.0786,0.4839,0.0000,0,0,0.2052,0.2455,0.5789,5069580.5000
101.7401,-0.1006,0.1695,0.4839,0.0000,0,0,0.2036,0.2451,0.5789,5069580.5000
101.7498,-0.2774,0.6313,0.4839,0.0000,0,0,0.1986,0.2442,0.5789,5069580.5000
101.7601,-0.0087,0.5759,0.4839,0.0000,0,0,0.1994,0.2443,0.5789,5069580.5000
101.7698,0.2878,0.3594,0.4839,0.0000,0,0,0.2062,0.2453,0.5789,5069580.5000
101.7797,0.0288,0.5247,0.4839,0.0000,0,0,0.2078,0.2454,0.5789,5069580.5000
101.7902,0.1562,0.4825,0.4839,0.0000,0,0,0.2119,0.2458,0.5789,5069580.5000
101.7998,0.1340,-0.2449,0.4839,0.0000,0,0,0.2156,0.2460,0.5789,5069580.5000
101.8101,0.0023,0.0169,0.4839,0.0000,0,0,0.2168,0.2460,0.5789,5069580.5000
101.8198,-0.3143,0.5397,0.4839,0.0000,0,0,0.2120,0.2460,0.5789,5069580.5000
101.8297,-0.3961,0.3419,0.4839,0.0000,0,0,0.2061,0.2463,0.5789,5069580.5000
101.8400,-0.0634,0.3261,0.4839,0.0000,0,0,0.2068,0.2462,0.5789,5069580.5000
101.8498,-0.2889,0.7486,0.4839,0.0000,0,0,0.2034,0.2466,0.5789,5069580.5000
101.8605,-0.1488,0.8387,0.4839,0.0000,0,0,0.2029,0.2466,0.5789,5069580.5000
101.8698,0.0598,0.2998,0.4839,0.0000,0,0,0.2062,0.2461,0.5789,5069580.5000
101.8798,0.0231,0.2767,0.4839,0.0000,0,0,0.2088,0.2455,0.5789,5069580.5000
101.8901,0.0659,0.4329,0.4839,0.0000,0,0,0.2123,0.2447,0.5789,5069580.5000
101.8997,-0.0639,0.0411,0.4839,0.0000,0,0,0.2135,0.2443,0.5789,5069580.5000
101.9106,0.1147,-0.1515,0.4839,0.0000,0,0,0.2177,0.2429,0.5789,5069580.5000
101.9197,-0.0700,-0.0214,0.4839,0.0000,0,0,0.2190,0.2424,0.5789,5069580.5000
101.9298,-0.3213,0.2018,0.4839,0.0000,0,0,0.2165,0.2435,0.5789,5069580.5000
101.9401,-0.0760,0.5929,0.4839,0.0000,0,0,0.2179,0.2428,0.5789,5069580.5000
101.9498,0.1151,0.6298,0.4839,0.0000,0,0,0.2222,0.2407,0.5789,5069580.5000
101.9600,0.1488,0.5581,0.4839,0.0000,0,0,0.2269,0.2381,0.5789,5069580.5000
101.9698,0.1255,0.4901,0.4839,0.0000,0,0,0.2311,0.2355,0.5789,5069580.5000
101.9798,0.2299,0.2890,0.4839,0.0000,0,0,0.2366,0.2319,0.5789,5069580.5000
101.9902,0.1763,-0.0925,0.4839,0.0000,0,0,0.2413,0.2285,0.5789,5069580.5000
101.9998,0.0497,-0.0549,0.4839,0.0000,0,0,0.2442,0.2262,0.5789,5069580.5000
102.0102,-0.2520,0.4111,0.4839,0.0000,0,0,0.2435,0.2268,0.5789,5069580.5000
102.0198,-0.3682,0.3445,0.4839,0.0000,0,0,0.2415,0.2286,0.5789,5069580.5000
102.0298,-0.1207,0.2416,0.4839,0.0000,0,0,0.2426,0.2276,0.5789,5069580.5000
102.0401,-0.2413,0.6517,0.4839,0.0000,0,0,0.2424,0.2278,0.5789,5069580.5000
102.0498,0.0130,0.6158,0.4839,0.0000,0,0,0.2448,0.2249,0.5789,5069580.5000
102.0606,0.1715,0.0878,0.4839,0.0000,0,0,0.2487,0.2198,0.5789,5069580.5000
102.0698,-0.0447,0.3450,0.4839,0.0000,0,0,0.2505,0.2174,0.5789,5069580.5000
102.0798,-0.0590,0.4188,0.4839,0.0000,0,0,0.2520,0.2150,0.5789,5069580.5000
102.0901,-0.0792,-0.1712,0.4839,0.0000,0,0,0.2534,0.2127,0.5789,5069580.5000
102.0998,0.0659,-0.1073,0.4839,0.0000,0,0,0.2558,0.2082,0.5789,5069580.5000
102.1106,-0.1709,0.3041,0.4839,0.0000,0,0,0.2564,0.2070,0.5789,5069580.5000
102.1198,-0.2555,0.4565,0.4839,0.0000,0,0,0.2564,0.2069,0.5789,5069580.5000
102.1298,-0.0923,0.3598,0.4839,0.0000,0,0,0.2575,0.2042,0.5789,5069580.5000
102.1401,-0.2907,0.5897,0.4839,0.0000,0,0,0.2574,0.2043,0.5789,5069580.5000
102.1498,-0.1394,0.9536,0.4839,0.0000,0,0,0.2581,0.2020,0.5789,5069580.5000
102.1601,-0.0240,0.2993,0.4839,0.0000,0,0,0.2592,0.1977,0.5789,5069580.5000
102.1698,-0.0697,0.1494,0.4839,0.0000,0,0,0.2600,0.1940,0.5789,5069580.5000
102.1797,-0.2380,0.5230,0.4839,0.0000,0,0,0.2601,0.1930,0.5789,5069580.5000
102.1902,-0.4816,0.2230,0.4839,0.0000,0,0,0.2598,0.1957,0.5789,5069580.5000
102.1998,-0.3794,-0.0984,0.4839,0.0000,0,0,0.2597,0.1966,0.5789,5069580.5000
102.2101,-0.4751,0.3015,0.4839,0.0000,0,0,0.2596,0.1989,0.5789,5069580.5000
102.2198,-0.5665,0.6149,0.4839,0.0000,0,0,0.2595,0.2025,0.5789,5069580.5000
102.2298,-0.3469,0.3210,0.4839,0.0000,0,0,0.2595,0.2023,0.5789,5069580.5000
102.2401,-0.3154,0.4533,0.4839,0.0000,0,0,0.2595,0.2013,0.5789,5069580.5000
102.2498,-0.5612,1.0128,0.4839,0.0000,0,0,0.2598,0.2044,0.5789,5069580.5000
102.2606,-0.4939,0.7609,0.4839,0.0000,0,0,0.2600,0.2062,0.5789,5069580.5000
102.2698,-0.2786,0.2867,0.4839,0.0000,0,0,0.2596,0.2040,0.5789,5069580.5000
102.2798,-0.5040,0.5050,0.4839,0.0000,0,0,0.2600,0.2057,0.5789,5069580.5000
102.2901,-0.6393,0.5217,0.4839,0.0000,0,0,0.2608,0.2095,0.5789,5069580.5000
102.2998,-0.5972,0.0559,0.4839,0.0000,0,0,0.2616,0.2123,0.5789,5069580.5000
102.3106,-0.4300,0.1185,0.4839,0.0000,0,0,0.2615,0.2121,0.5789,5069580.5000
102.3197,-0.7391,0.5548,0.4839,0.0000,0,0,0.2631,0.2171,0.5789,5069580.5000
102.3297,-0.6313,0.6537,0.4839,0.0000,0,0,0.2642,0.2199,0.5789,5069580.5000
102.3400,-0.3009,0.5174,0.4839,0.0000,0,0,0.2630,0.2170,0.5789,5069580.5000
102.3498,-0.5176,0.7679,0.4839,0.0000,0,0,0.2633,0.2176,0.5789,5069580.5000
102.3601,-0.3426,0.6707,0.4839,0.0000,0,0,0.2621,0.2152,0.5789,5069580.5000
102.3698,-0.2736,-0.1915,0.4839,0.0000,0,0,0.2603,0.2117,0.5789,5069580.5000
102.3797,-0.3825,-0.0584,0.4839,0.0000,0,0,0.2594,0.2099,0.5789,5069580.5000
102.3902,-0.5750,0.3639,0.4839,0.0000,0,0,0.2601,0.2112,0.5789,5069580.5000
102.3997,-0.7291,0.1566,0.4839,0.0000,0,0,0.2624,0.2148,0.5789,5069580.5000
102.4101,-0.3607,0.1960,0.4839,0.0000,0,0,0.2608,0.2125,0.5789,5069580.5000
102.4198,-0.5739,0.6830,0.4839,0.0000,0,0,0.2615,0.2134,0.5789,5069580.5000
102.4298,-0.4264,0.8755,0.4839,0.0000,0,0,0.2604,0.2120,0.5789,5069580.5000
102.4400,-0.0864,0.4904,0.4839,0.0000,0,0,0.2553,0.2056,0.5789,5069580.5000
102.4498,-0.2499,0.3055,0.4839,0.0000,0,0,0.2520,0.2018,0.5789,5069580.5000
102.4606,-0.3408,0.5007,0.4839,0.0000,0,0,0.2498,0.1994,0.5789,5069580.5000
102.4698,-0.4363,0.0094,0.4839,0.0000,0,0,0.2488,0.1983,0.5789,5069580.5000
102.4798,-0.3527,-0.1480,0.4839,0.0000,0,0,0.2466,0.1961,0.5789,5069580.5000
102.4901,-0.4668,0.0619,0.4839,0.0000,0,0,0.2459,0.1955,0.5789,5069580.5000
102.4998,-0.5557,-0.0578,0.4839,0.0000,0,0,0.2464,0.1959,0.5789,5069580.5000
102.5107,-0.2778,-0.0849,0.4839,0.0000,0,0,0.2429,0.1931,0.5789,5069580.5000
102.5198,-0.4625,0.3046,0.4839,0.0000,0,0,0.2420,0.1925,0.5789,5069580.5000
102.5298,-0.6697,0.6216,0.4839,0.0000,0,0,0.2443,0.1941,0.5789,5069580.5000
102.5401,-0.4462,0.4021,0.4839,0.0000,0,0,0.2431,0.1933,0.5789,5069580.5000
102.5498,-0.2178,0.1992,0.4839,0.0000,0,0,0.2383,0.1903,0.5789,5069580.5000
102.5601,-0.3488,0.1326,0.4839,0.0000,0,0,0.2356,0.1888,0.5789,5069580.5000
102.5698,-0.3874,-0.3059,0.4839,0.0000,0,0,0.2335,0.1877,0.5789,5069580.5000
102.5797,-0.3568,-0.4434,0.4839,0.0000,0,0,0.2310,0.1864,0.5789,5069580.5000
102.5901,-0.4025,-0.1155,0.4839,0.0000,0,0,0.2292,0.1856,0.5789,5069580.5000
102.5998,-0.6409,0.0937,0.4839,0.0000,0,0,0.2314,0.1865,0.5789,5069580.5000
102.6100,-0.6428,0.3640,0.4839,0.0000,0,0,0.2336,0.1873,0.5789,5069580.5000
102.6198,-0.3270,0.3895,0.4839,0.0000,0,0,0.2305,0.1863,0.5789,5069580.5000
102.6298,-0.2580,0.0456,0.4839,0.0000,0,0,0.2262,0.1851,0.5789,5069580.5000
102.6400,-0.2059,0.0879,0.4839,0.0000,0,0,0.2212,0.1839,0.5789,5069580.5000
102.6498,-0.0876,0.1620,0.4839,0.0000,0,0,0.2142,0.1826,0.5789,5069580.5000
102.6606,-0.3563,-0.3044,0.4839,0.0000,0,0,0.2120,0.1822,0.5789,5069580.5000
102.6698,-0.5117,-0.3821,0.4839,0.0000,0,0,0.2126,0.1823,0.5789,5069580.5000
102.6798,-0.8173,-0.1012,0.4839,0.0000,0,0,0.2185,0.1827,0.5789,5069580.5000
102.6901,-0.5202,0.3732,0.4839,0.0000,0,0,0.2192,0.1827,0.5789,5069580.5000
102.6998,-0.4321,0.5450,0.4839,0.0000,0,0,0.2184,0.1827,0.5789,5069580.5000
102.7106,-0.3778,0.6061,0.4839,0.0000,0,0,0.2167,0.1828,0.5789,5069580.5000
102.7198,-0.0284,0.3395,0.4839,0.0000,0,0,0.2092,0.1836,0.5789,5069580.5000
102.7298,-0.2250,-0.0974,0.4839,0.0000,0,0,0.2053,0.1842,0.5789,5069580.5000
102.7401,-0.2917,-0.1503,0.4839,0.0000,0,0,0.2027,0.1847,0.5789,5069580.5000
102.7497,-0.4576,-0.1566,0.4839,0.0000,0,0,0.2030,0.1847,0.5789,5069580.5000
102.7601,-0.6141,0.0661,0.4839,0.0000,0,0,0.2059,0.1838,0.5789,5069580.5000
102.7698,-0.4206,0.1060,0.4839,0.0000,0,0,0.2057,0.1838,0.5789,5069580.5000
102.7798,-0.5958,0.2501,0.4839,0.0000,0,0,0.2083,0.1828,0.5789,5069580.5000
102.7902,-0.1967,0.5443,0.4839,0.0000,0,0,0.2047,0.1845,0.5789,5069580.5000
102.7998,-0.1391,-0.0124,0.4839,0.0000,0,0,0.2004,0.1867,0.5789,5069580.5000
102.8101,-0.1858,-0.3738,0.4839,0.0000,0,0,0.1970,0.1887,0.5789,5069580.5000
102.8197,-0.3330,-0.1383,0.4839,0.0000,0,0,0.1961,0.1892,0.5789,5069580.5000
102.8297,-0.5195,-0.2750,0.4839,0.0000,0,0,0.1980,0.1879,0.5789,5069580.5000
102.8401,-0.4525,-0.3519,0.4839,0.0000,0,0,0.1990,0.1871,0.5789,5069580.5000
102.8498,-0.7323,0.0282,0.4839,0.0000,0,0,0.2038,0.1829,0.5789,5069580.5000
102.8606,-0.6960,0.6103,0.4839,0.0000,0,0,0.2080,0.1790,0.5789,5069580.5000
102.8698,-0.4018,0.2364,0.4839,0.0000,0,0,0.2082,0.1787,0.5789,5069580.5000
102.8798,-0.3750,-0.0648,0.4839,0.0000,0,0,0.2082,0.1788,0.5789,5069580.5000
102.8901,-0.3370,0.1209,0.4839,0.0000,0,0,0.2078,0.1793,0.5789,5069580.5000
102.8997,-0.4928,-0.2981,0.4839,0.0000,0,0,0.2092,0.1773,0.5789,5069580.5000
102.9106,-0.3526,-0.5934,0.4839,0.0000,0,0,0.2092,0.1774,0.5789,5069580.5000
102.9198,-0.5393,-0.1407,0.4839,0.0000,0,0,0.2111,0.1743,0.5789,5069580.5000
102.9298,-0.7462,0.1466,0.4839,0.0000,0,0,0.2150,0.1673,0.5789,5069580.5000
102.9401,-0.5184,-0.0976,0.4839,0.0000,0,0,0.2165,0.1643,0.5789,5069580.5000
102.9498,-0.4328,0.1805,0.4839,0.0000,0,0,0.2172,0.1628,0.5789,5069580.5000
102.9601,-0.4564,0.5871,0.4839,0.0000,0,0,0.2180,0.1607,0.5789,5069580.5000
102.9698,-0.2371,0.0831,0.4839,0.0000,0,0,0.2172,0.1628,0.5789,5069580.5000
102.9797,0.0583,-0.3826,0.4839,0.0000,0,0,0.2146,0.1709,0.5789,5069580.5000
102.9902,-0.2346,-0.3255,0.4839,0.0000,0,0,0.2141,0.1725,0.5789,5069580.5000
102.9997,-0.4302,-0.2874,0.4839,0.0000,0,0,0.2148,0.1698,0.5789,5069580.5000
103.0102,-0.5311,-0.1842,0.4839,0.0000,0,0,0.2159,0.1647,0.5789,5069580.5000
103.0198,-0.4087,0.0333,0.4839,0.0000,0,0,0.2163,0.1622,0.5789,5069580.5000
103.0298,-0.3903,0.0578,0.4839,0.0000,0,0,0.2166,0.1600,0.5789,5069580.5000
103.0401,-0.4108,0.2136,0.4839,0.0000,0,0,0.2170,0.1572,0.5789,5069580.5000
103.0498,0.1035,0.3681,0.4839,0.0000,0,0,0.2162,0.1664,0.5789,5069580.5000
103.0605,0.0017,0.1140,0.4839,0.0000,0,0,0.2159,0.1728,0.5789,5069580.5000
103.0698,-0.0462,-0.0138,0.4839,0.0000,0,0,0.2159,0.1776,0.5789,5069580.5000
103.0798,-0.1064,-0.1804,0.4839,0.0000,0,0,0.2159,0.1808,0.5789,5069580.5000
103.0901,-0.3283,-0.4521,0.4839,0.0000,0,0,0.2158,0.1781,0.5789,5069580.5000
103.0998,-0.2191,-0.6134,0.4839,0.0000,0,0,0.2158,0.1780,0.5789,5069580.5000
103.1107,-0.4696,-0.2862,0.4839,0.0000,0,0,0.2151,0.1714,0.5789,5069580.5000
103.1198,-0.3439,0.4068,0.4839,0.0000,0,0,0.2147,0.1680,0.5789,5069580.5000
103.1298,-0.1056,0.2259,0.4839,0.0000,0,0,0.2150,0.1704,0.5789,5069580.5000
103.1401,-0.2337,0.2329,0.4839,0.0000,0,0,0.2148,0.1694,0.5789,5069580.5000
103.1498,-0.1203,0.4553,0.4839,0.0000,0,0,0.2152,0.1710,0.5789,5069580.5000
103.1600,-0.1549,0.0023,0.4839,0.0000,0,0,0.2153,0.1715,0.5789,5069580.5000
103.1698,-0.0819,-0.3242,0.4839,0.0000,0,0,0.2159,0.1737,0.5789,5069580.5000
103.1798,-0.2671,-0.1936,0.4839,0.0000,0,0,0.2150,0.1708,0.5789,5069580.5000
103.1902,-0.2754,-0.2050,0.4839,0.0000,0,0,0.2140,0.1676,0.5789,5069580.5000
103.1998,-0.1576,-0.3890,0.4839,0.0000,0,0,0.2139,0.1674,0.5789,5069580.5000
103.2101,-0.2297,0.0074,0.4839,0.0000,0,0,0.2130,0.1651,0.5789,5069580.5000
103.2198,-0.2882,0.9157,0.4839,0.0000,0,0,0.2115,0.1613,0.5789,5069580.5000
103.2298,-0.1624,0.5309,0.4839,0.0000,0,0,0.2112,0.1606,0.5789,5069580.5000
103.2401,0.0256,-0.2509,0.4839,0.0000,0,0,0.2129,0.1643,0.5789,5069580.5000
103.2498,-0.0957,-0.2075,0.4839,0.0000,0,0,0.2131,0.1647,0.5789,5069580.5000
103.2605,-0.1327,-0.3329,0.4839,0.0000,0,0,0.2127,0.1640,0.5789,5069580.5000
103.2698,-0.0809,-0.7673,0.4839,0.0000,0,0,0.2130,0.1644,0.5789,5069580.5000
103.2798,-0.0082,-0.2505,0.4839,0.0000,0,0,0.2141,0.1663,0.5789,5069580.5000
103.2901,-0.2026,0.3491,0.4839,0.0000,0,0,0.2124,0.1635,0.5789,5069580.5000
103.2998,-0.2283,0.2679,0.4839,0.0000,0,0,0.2101,0.1602,0.5789,5069580.5000
103.3106,0.1656,0.0244,0.4839,0.0000,0,0,0.2139,0.1655,0.5789,5069580.5000
103.3198,-0.1310,-0.0560,0.4839,0.0000,0,0,0.2127,0.1640,0.5789,5069580.5000
103.3297,-0.0418,-0.0813,0.4839,0.0000,0,0,0.2130,0.1643,0.5789,5069580.5000
103.3400,0.0963,-0.4202,0.4839,0.0000,0,0,0.2155,0.1674,0.5789,5069580.5000
103.3497,0.0163,-0.3838,0.4839,0.0000,0,0,0.2164,0.1685,0.5789,5069580.5000
103.3600,0.1266,-0.2003,0.4839,0.0000,0,0,0.2192,0.1717,0.5789,5069580.5000
103.3698,-0.1701,-0.0238,0.4839,0.0000,0,0,0.2164,0.1686,0.5789,5069580.5000
103.3798,0.0232,0.5117,0.4839,0.0000,0,0,0.2172,0.1694,0.5789,5069580.5000
103.3901,0.1073,0.3226,0.4839,0.0000,0,0,0.2194,0.1717,0.5789,5069580.5000
103.3997,0.0550,0.0427,0.4839,0.0000,0,0,0.2204,0.1728,0.5789,5069580.5000
103.4101,0.0278,0.1088,0.4839,0.0000,0,0,0.2208,0.1732,0.5789,5069580.5000
103.4198,-0.1816,-0.5162,0.4839,0.0000,0,0,0.2170,0.1695,0.5789,5069580.5000
103.4298,0.1135,-0.8680,0.4839,0.0000,0,0,0.2191,0.1714,0.5789,5069580.5000
103.4401,-0.0011,-0.2635,0.4839,0.0000,0,0,0.2187,0.1711,0.5789,5069580.5000
103.4498,-0.1511,0.3007,0.4839,0.0000,0,0,0.2151,0.1680,0.5789,5069580.5000
103.4606,-0.0134,0.1613,0.4839,0.0000,0,0,0.2144,0.1674,0.5789,5069580.5000
103.4698,0.1397,0.2315,0.4839,0.0000,0,0,0.2169,0.1694,0.5789,5069580.5000
103.4797,-0.1117,0.2582,0.4839,0.0000,0,0,0.2138,0.1670,0.5789,5069580.5000
103.4901,-0.0392,-0.0232,0.4839,0.0000,0,0,0.2123,0.1659,0.5789,5069580.5000
103.4998,0.1749,-0.0688,0.4839,0.0000,0,0,0.2155,0.1682,0.5789,5069580.5000
103.5105,0.0729,-0.3842,0.4839,0.0000,0,0,0.2163,0.1687,0.5789,5069580.5000
103.5198,0.1263,-0.4324,0.4839,0.0000,0,0,0.2182,0.1700,0.5789,5069580.5000
103.5298,-0.2225,0.2632,0.4839,0.0000,0,0,0.2119,0.1659,0.5789,5069580.5000
103.5401,-0.1637,0.2674,0.4839,0.0000,0,0,0.2071,0.1629,0.5789,5069580.5000
103.5498,0.1046,-0.0772,0.4839,0.0000,0,0,0.2088,0.1639,0.5789,5069580.5000
103.5601,-0.1473,0.3484,0.4839,0.0000,0,0,0.2043,0.1613,0.5789,5069580.5000
103.5697,0.0425,0.2624,0.4839,0.0000,0,0,0.2046,0.1614,0.5789,5069580.5000
103.5797,0.1599,-0.4037,0.4839,0.0000,0,0,0.2076,0.1631,0.5789,5069580.5000
103.5902,0.1609,-0.2654,0.4839,0.0000,0,0,0.2104,0.1647,0.5789,5069580.5000
103.5998,-0.0509,-0.2093,0.4839,0.0000,0,0,0.2081,0.1634,0.5789,5069580.5000
103.6101,-0.2653,-0.0412,0.4839,0.0000,0,0,0.2007,0.1596,0.5789,5069580.5000
103.6198,-0.0381,0.4185,0.4839,0.0000,0,0,0.1991,0.1587,0.5789,5069580.5000
103.6297,0.0549,0.2600,0.4839,0.0000,0,0,0.1997,0.1591,0.5789,5069580.5000
103.6400,-0.0366,0.2599,0.4839,0.0000,0,0,0.1981,0.1583,0.5789,5069580.5000
103.6498,0.0890,0.3915,0.4839,0.0000,0,0,0.1996,0.1590,0.5789,5069580.5000
103.6606,0.0885,-0.0027,0.4839,0.0000,0,0,0.2010,0.1596,0.5789,5069580.5000
103.6698,0.1994,-0.4391,0.4839,0.0000,0,0,0.2049,0.1614,0.5789,5069580.5000
103.6798,-0.0640,-0.1854,0.4839,0.0000,0,0,0.2027,0.1604,0.5789,5069580.5000
103.6900,-0.2957,0.2044,0.4839,0.0000,0,0,0.1952,0.1573,0.5789,5069580.5000
103.6998,-0.1987,-0.0051,0.4839,0.0000,0,0,0.1904,0.1553,0.5789,5069580.5000
103.7106,-0.0314,0.1188,0.4839,0.0000,0,0,0.1895,0.1550,0.5789,5069580.5000
103.7198,-0.2493,0.6881,0.4839,0.0000,0,0,0.1839,0.1529,0.5789,5069580.5000
103.7298,0.0454,0.3855,0.4839,0.0000,0,0,0.1851,0.1533,0.5789,5069580.5000
103.7401,0.3178,-0.0917,0.4839,0.0000,0,0,0.1921,0.1557,0.5789,5069580.5000
103.7498,0.0844,0.0885,0.4839,0.0000,0,0,0.1939,0.1563,0.5789,5069580.5000
103.7601,-0.0435,-0.0213,0.4839,0.0000,0,0,0.1930,0.1560,0.5789,5069580.5000
103.7698,-0.1159,-0.2678,0.4839,0.0000,0,0,0.1906,0.1553,0.5789,5069580.5000
103.7798,-0.0638,0.0422,0.4839,0.0000,0,0,0.1895,0.1550,0.5789,5069580.5000
103.7902,0.0274,0.0926,0.4839,0.0000,0,0,0.1904,0.1553,0.5789,5069580.5000
103.7998,-0.2501,0.4798,0.4839,0.0000,0,0,0.1856,0.1542,0.5789,5069580.5000
103.8101,0.0531,0.9841,0.4839,0.0000,0,0,0.1873,0.1545,0.5789,5069580.5000
103.8197,0.0151,0.4321,0.4839,0.0000,0,0,0.1883,0.1547,0.5789,5069580.5000
103.8298,0.0755,0.1702,0.4839,0.0000,0,0,0.1905,0.1550,0.5789,5069580.5000
103.8401,0.0181,0.3009,0.4839,0.0000,0,0,0.1915,0.1552,0.5789,5069580.5000
103.8498,-0.1512,-0.1062,0.4839,0.0000,0,0,0.1893,0.1549,0.5789,5069580.5000
103.8605,-0.0117,-0.3294,0.4839,0.0000,0,0,0.1900,0.1550,0.5789,5069580.5000
103.8697,-0.2364,0.1563,0.4839,0.0000,0,0,0.1864,0.1548,0.5789,5069580.5000
103.8798,-0.4781,0.7290,0.4839,0.0000,0,0,0.1784,0.1547,0.5789,5069580.5000
103.8901,-0.1712,0.6198,0.4839,0.0000,0,0,0.1767,0.1548,0.5789,5069580.5000
103.8998,0.1153,0.4357,0.4839,0.0000,0,0,0.1804,0.1546,0.5789,5069580.5000
103.9106,0.1439,0.4020,0.4839,0.0000,0,0,0.1846,0.1542,0.5789,5069580.5000
103.9198,0.0082,0.1522,0.4839,0.0000,0,0,0.1863,0.1540,0.5789,5069580.5000
103.9298,-0.1065,0.1341,0.4839,0.0000,0,0,0.1860,0.1541,0.5789,5069580.5000
103.9401,-0.2548,0.0152,0.4839,0.0000,0,0,0.1832,0.1546,0.5789,5069580.5000
103.9498,-0.3279,0.0045,0.4839,0.0000,0,0,0.1794,0.1554,0.5789,5069580.5000
103.9601,-0.6123,0.6657,0.4839,0.0000,0,0,0.1712,0.1576,0.5789,5069580.5000
103.9697,-0.3269,0.8606,0.4839,0.0000,0,0,0.1681,0.1585,0.5789,5069580.5000
103.9798,0.0467,0.2519,0.4839,0.0000,0,0,0.1712,0.1575,0.5789,5069580.5000
103.9902,-0.0781,0.5357,0.4839,0.0000,0,0,0.1723,0.1570,0.5789,5069580.5000
103.9998,-0.1318,0.4788,0.4839,0.0000,0,0,0.1727,0.1569,0.5789,5069580.5000
104.0102,-0.0899,-0.2865,0.4839,0.0000,0,0,0.1737,0.1564,0.5789,5069580.5000
104.0198,-0.0081,-0.1408,0.4839,0.0000,0,0,0.1760,0.1552,0.5789,5069580.5000
104.0297,-0.1712,-0.0096,0.4839,0.0000,0,0,0.1760,0.1552,0.5789,5069580.5000
104.0402,-0.4257,0.1436,0.4839,0.0000,0,0,0.1726,0.1574,0.5789,5069580.5000
104.0498,-0.2714,0.6661,0.4839,0.0000,0,0,0.1715,0.1581,0.5789,5069580.5000
104.0606,-0.2002,0.3118,0.4839,0.0000,0,0,0.1714,0.1581,0.5789,5069580.5000
104.0698,-0.2193,0.1815,0.4839,0.0000,0,0,0.1712,0.1583,0.5789,5069580.5000
104.0798,-0.2463,0.5020,0.4839,0.0000,0,0,0.1708,0.1586,0.5789,5069580.5000
104.0901,-0.1986,0.1892,0.4839,0.0000,0,0,0.1711,0.1584,0.5789,5069580.5000
104.0998,-0.0832,-0.4237,0.4839,0.0000,0,0,0.1726,0.1568,0.5789,5069580.5000
104.1106,-0.1815,-0.1455,0.4839,0.0000,0,0,0.1731,0.1562,0.5789,5069580.5000
104.1198,-0.4482,0.2058,0.4839,0.0000,0,0,0.1710,0.1588,0.5789,5069580.5000
104.1297,-0.3618,0.0750,0.4839,0.0000,0,0,0.1700,0.1602,0.5789,5069580.5000
104.1401,-0.0384,0.3496,0.4839,0.0000,0,0,0.1719,0.1574,0.5789,5069580.5000
104.1498,-0.2390,0.6567,0.4839,0.0000,0,0,0.1721,0.1571,0.5789,5069580.5000
104.1600,-0.2388,0.5541,0.4839,0.0000,0,0,0.1723,0.1567,0.5789,5069580.5000
104.1698,-0.1654,0.4845,0.4839,0.0000,0,0,0.1731,0.1552,0.5789,5069580.5000
104.1797,-0.2783,0.1299,0.4839,0.0000,0,0,0.1731,0.1553,0.5789,5069580.5000
104.1902,-0.2545,-0.1967,0.4839,0.0000,0,0,0.1732,0.1548,0.5789,5069580.5000
104.1998,-0.5898,0.1772,0.4839,0.0000,0,0,0.1716,0.1593,0.5789,5069580.5000
104.2100,-0.6311,0.5842,0.4839,0.0000,0,0,0.1700,0.1642,0.5789,5069580.5000
104.2198,-0.1257,0.4349,0.4839,0.0000,0,0,0.1708,0.1613,0.5789,5069580.5000
104.2298,-0.2196,0.8400,0.4839,0.0000,0,0,0.1712,0.1597,0.5789,5069580.5000
104.2401,-0.3849,1.0346,0.4839,0.0000,0,0,0.1710,0.1606,0.5789,5069580.5000
104.2497,-0.3304,0.4270,0.4839,0.0000,0,0,0.1710,0.1606,0.5789,5069580.5000
104.2606,-0.2357,0.1040,0.4839,0.0000,0,0,0.1712,0.1589,0.5789,5069580.5000
104.2698,-0.3237,-0.0400,0.4839,0.0000,0,0,0.1712,0.1586,0.5789,5069580.5000
104.2798,-0.5313,-0.0321,0.4839,0.0000,0,0,0.1711,0.1616,0.5789,5069580.5000
104.2900,-0.6610,0.3886,0.4839,0.0000,0,0,0.1711,0.1666,0.5789,5069580.5000
104.2998,-0.4475,0.3586,0.4839,0.0000,0,0,0.1711,0.1679,0.5789,5069580.5000
104.3105,-0.3748,0.4230,0.4839,0.0000,0,0,0.1711,0.1678,0.5789,5069580.5000
104.3198,-0.4882,0.8740,0.4839,0.0000,0,0,0.1713,0.1696,0.5789,5069580.5000
104.3298,-0.3496,0.6431,0.4839,0.0000,0,0,0.1712,0.1688,0.5789,5069580.5000
104.3401,-0.2370,0.0574,0.4839,0.0000,0,0,0.1707,0.1660,0.5789,5069580.5000
104.3498,-0.3950,0.1413,0.4839,0.0000,0,0,0.1707,0.1659,0.5789,5069580.5000
104.3600,-0.5722,0.3077,0.4839,0.0000,0,0,0.1714,0.1688,0.5789,5069580.5000
104.3698,-0.7312,0.0400,0.4839,0.0000,0,0,0.1729,0.1742,0.5789,5069580.5000
104.3797,-0.3793,0.1846,0.4839,0.0000,0,0,0.1726,0.1734,0.5789,5069580.5000
104.3902,-0.5905,0.7394,0.4839,0.0000,0,0,0.1736,0.1761,0.5789,5069580.5000
104.3998,-0.5487,1.0197,0.4839,0.0000,0,0,0.1743,0.1780,0.5789,5069580.5000
104.4101,-0.1897,0.8394,0.4839,0.0000,0,0,0.1725,0.1736,0.5789,5069580.5000
104.4198,-0.3186,0.6631,0.4839,0.0000,0,0,0.1715,0.1715,0.5789,5069580.5000
104.4298,-0.3650,0.4210,0.4839,0.0000,0,0,0.1709,0.1702,0.5789,5069580.5000
104.4401,-0.5094,-0.0095,0.4839,0.0000,0,0,0.1714,0.1712,0.5789,5069580.5000
104.4498,-0.5080,0.0644,0.4839,0.0000,0,0,0.1719,0.1720,0.5789,5069580.5000
104.4607,-0.5827,0.1693,0.4839,0.0000,0,0,0.1731,0.1740,0.5789,5069580.5000
104.4697,-0.8231,0.4608,0.4839,0.0000,0,0,0.1767,0.1796,0.5789,5069580.5000
104.4798,-0.6279,0.8803,0.4839,0.0000,0,0,0.1782,0.1819,0.5789,5069580.5000
104.4901,-0.3138,0.5723,0.4839,0.0000,0,0,0.1764,0.1794,0.5789,5069580.5000
104.4998,-0.2962,0.5056,0.4839,0.0000,0,0,0.1743,0.1766,0.5789,5069580.5000
104.5106,-0.3441,0.7900,0.4839,0.0000,0,0,0.1726,0.1747,0.5789,5069580.5000
104.5198,-0.2939,0.3859,0.4839,0.0000,0,0,0.1704,0.1720,0.5789,5069580.5000
104.5297,-0.2373,-0.1420,0.4839,0.0000,0,0,0.1673,0.1687,0.5789,5069580.5000
104.5401,-0.3773,0.0677,0.4839,0.0000,0,0,0.1660,0.1675,0.5789,5069580.5000
104.5498,-0.5884,0.2308,0.4839,0.0000,0,0,0.1676,0.1689,0.5789,5069580.5000
104.5601,-0.3879,0.0091,0.4839,0.0000,0,0,0.1663,0.1678,0.5789,5069580.5000
104.5697,-0.2219,0.3113,0.4839,0.0000,0,0,0.1627,0.1647,0.5789,5069580.5000
104.5797,-0.6041,0.8822,0.4839,0.0000,0,0,0.1646,0.1662,0.5789,5069580.5000
104.5901,-0.4778,0.7164,0.4839,0.0000,0,0,0.1646,0.1663,0.5789,5069580.5000
104.5998,-0.1831,0.2466,0.4839,0.0000,0,0,0.1602,0.1632,0.5789,5069580.5000
104.6101,-0.3691,0.2727,0.4839,0.0000,0,0,0.1586,0.1621,0.5789,5069580.5000
104.6198,-0.3364,0.1689,0.4839,0.0000,0,0,0.1565,0.1609,0.5789,5069580.5000
104.6298,-0.3169,-0.1678,0.4839,0.0000,0,0,0.1542,0.1596,0.5789,5069580.5000
104.6401,-0.3375,0.1675,0.4839,0.0000,0,0,0.1522,0.1585,0.5789,5069580.5000
104.6498,-0.5796,0.4173,0.4839,0.0000,0,0,0.1541,0.1595,0.5789,5069580.5000
104.6606,-0.7228,0.6481,0.4839,0.0000,0,0,0.1584,0.1613,0.5789,5069580.5000
104.6697,-0.3474,0.8066,0.4839,0.0000,0,0,0.1565,0.1605,0.5789,5069580.5000
104.6797,-0.2672,0.3737,0.4839,0.0000,0,0,0.1532,0.1594,0.5789,5069580.5000
104.6901,-0.2241,0.0913,0.4839,0.0000,0,0,0.1493,0.1582,0.5789,5069580.5000
104.6998,-0.2696,0.0047,0.4839,0.0000,0,0,0.1462,0.1574,0.5789,5069580.5000
104.7106,-0.5323,0.0237,0.4839,0.0000,0,0,0.1477,0.1577,0.5789,5069580.5000
104.7198,-0.3991,0.2169,0.4839,0.0000,0,0,0.1469,0.1576,0.5789,5069580.5000
104.7298,-0.6666,0.5132,0.4839,0.0000,0,0,0.1508,0.1581,0.5789,5069580.5000
104.7401,-0.4178,0.8990,0.4839,0.0000,0,0,0.1504,0.1581,0.5789,5069580.5000
104.7498,-0.3571,0.5163,0.4839,0.0000,0,0,0.1490,0.1580,0.5789,5069580.5000
104.7601,-0.4099,0.2303,0.4839,0.0000,0,0,0.1485,0.1580,0.5789,5069580.5000
104.7698,-0.3379,0.4495,0.4839,0.0000,0,0,0.1469,0.1581,0.5789,5069580.5000
104.7797,-0.3972,-0.0583,0.4839,0.0000,0,0,0.1464,0.1581,0.5789,5069580.5000
104.7902,-0.3393,-0.4063,0.4839,0.0000,0,0,0.1449,0.1583,0.5789,5069580.5000
104.7998,-0.5255,0.0410,0.4839,0.0000,0,0,0.1468,0.1580,0.5789,5069580.5000
104.8100,-0.7986,0.4127,0.4839,0.0000,0,0,0.1532,0.1566,0.5789,5069580.5000
104.8198,-0.4806,0.2083,0.4839,0.0000,0,0,0.1541,0.1563,0.5789,5069580.5000
104.8298,-0.6654,0.4359,0.4839,0.0000,0,0,0.1582,0.1551,0.5789,5069580.5000
104.8400,-0.6354,0.8003,0.4839,0.0000,0,0,0.1617,0.1538,0.5789,5069580.5000
104.8498,-0.3503,0.2880,0.4839,0.0000,0,0,0.1605,0.1543,0.5789,5069580.5000
104.8605,-0.1638,0.0066,0.4839,0.0000,0,0,0.1565,0.1562,0.5789,5069580.5000
104.8697,-0.3638,0.2395,0.4839,0.0000,0,0,0.1559,0.1565,0.5789,5069580.5000
104.8798,-0.4606,0.0884,0.4839,0.0000,0,0,0.1568,0.1560,0.5789,5069580.5000
104.8901,-0.5231,-0.0889,0.4839,0.0000,0,0,0.1587,0.1547,0.5789,5069580.5000
104.8998,-0.4860,0.2454,0.4839,0.0000,0,0,0.1600,0.1538,0.5789,5069580.5000
104.9106,-0.7050,0.5714,0.4839,0.0000,0,0,0.1644,0.1502,0.5789,5069580.5000
104.9198,-0.5156,0.7521,0.4839,0.0000,0,0,0.1660,0.1487,0.5789,5069580.5000
104.9298,-0.3142,0.7476,0.4839,0.0000,0,0,0.1650,0.1497,0.5789,5069580.5000
104.9401,-0.4032,0.4628,0.4839,0.0000,0,0,0.1652,0.1495,0.5789,5069580.5000
104.9498,-0.3200,0.4473,0.4839,0.0000,0,0,0.1645,0.1504,0.5789,5069580.5000
104.9601,-0.2999,0.3458,0.4839,0.0000,0,0,0.1636,0.1515,0.5789,5069580.5000
104.9697,-0.4644,-0.1177,0.4839,0.0000,0,0,0.1647,0.1499,0.5789,5069580.5000
104.9797,-0.3680,0.0032,0.4839,0.0000,0,0,0.1647,0.1499,0.5789,5069580.5000
104.9902,-0.6514,0.4619,0.4839,0.0000,0,0,0.1677,0.1448,0.5789,5069580.5000
104.9998,-0.4557,0.6501,0.4839,0.0000,0,0,0.1687,0.1431,0.5789,5069580.5000
105.0102,-0.3288,0.5132,0.4839,0.0000,0,0,0.1684,0.1436,0.5789,5069580.5000
105.0198,-0.4590,0.8094,0.4839,0.0000,0,0,0.1693,0.1415,0.5789,5069580.5000
105.0298,-0.2063,0.7496,0.4839,0.0000,0,0,0.1683,0.1442,0.5789,5069580.5000
105.0400,-0.2940,0.0737,0.4839,0.0000,0,0,0.1680,0.1451,0.5789,5069580.5000
105.0498,-0.3878,0.1491,0.4839,0.0000,0,0,0.1683,0.1439,0.5789,5069580.5000
105.0606,-0.5074,0.4453,0.4839,0.0000,0,0,0.1694,0.1399,0.5789,5069580.5000
105.0698,-0.5144,0.0256,0.4839,0.0000,0,0,0.1704,0.1358,0.5789,5069580.5000
105.0798,-0.2170,0.1586,0.4839,0.0000,0,0,0.1699,0.1381,0.5789,5069580.5000
105.0901,-0.5718,0.6749,0.4839,0.0000,0,0,0.1709,0.1323,0.5789,5069580.5000
105.0997,-0.5228,0.9942,0.4839,0.0000,0,0,0.1715,0.1275,0.5789,5069580.5000
105.1106,-0.1972,0.5870,0.4839,0.0000,0,0,0.1712,0.1302,0.5789,5069580.5000
105.1198,-0.3802,0.6158,0.4839,0.0000,0,0,0.1714,0.1284,0.5789,5069580.5000
105.1297,-0.4157,0.6340,0.4839,0.0000,0,0,0.1715,0.1257,0.5789,5069580.5000
105.1400,-0.3977,0.0925,0.4839,0.0000,0,0,0.1715,0.1232,0.5789,5069580.5000
105.1498,-0.3093,0.0024,0.4839,0.0000,0,0,0.1715,0.1229,0.5789,5069580.5000
105.1600,-0.2740,0.1258,0.4839,0.0000,0,0,0.1715,0.1233,0.5789,5069580.5000
105.1698,-0.5012,0.3919,0.4839,0.0000,0,0,0.1710,0.1178,0.5789,5069580.5000
105.1797,-0.3580,0.8324,0.4839,0.0000,0,0,0.1708,0.1159,0.5789,5069580.5000
105.1902,-0.2590,0.6709,0.4839,0.0000,0,0,0.1709,0.1164,0.5789,5069580.5000
105.1998,-0.1790,0.4078,0.4839,0.0000,0,0,0.1713,0.1188,0.5789,5069580.5000
105.2101,-0.1658,0.4795,0.4839,0.0000,0,0,0.1718,0.1213,0.5789,5069580.5000
105.2198,-0.0870,0.2394,0.4839,0.0000,0,0,0.1727,0.1255,0.5789,5069580.5000
105.2298,-0.0918,-0.3365,0.4839,0.0000,0,0,0.1737,0.1293,0.5789,5069580.5000
105.2401,-0.3000,-0.3172,0.4839,0.0000,0,0,0.1732,0.1274,0.5789,5069580.5000
105.2498,-0.5558,0.2248,0.4839,0.0000,0,0,0.1706,0.1191,0.5789,5069580.5000
105.2606,-0.2418,0.2512,0.4839,0.0000,0,0,0.1705,0.1188,0.5789,5069580.5000
105.2697,-0.0781,0.3328,0.4839,0.0000,0,0,0.1718,0.1225,0.5789,5069580.5000
105.2798,-0.1779,0.8835,0.4839,0.0000,0,0,0.1722,0.1234,0.5789,5069580.5000
105.2901,0.0283,0.6931,0.4839,0.0000,0,0,0.1746,0.1292,0.5789,5069580.5000
105.2998,0.1979,-0.1834,0.4839,0.0000,0,0,0.1789,0.1387,0.5789,5069580.5000
105.3106,0.0512,-0.1733,0.4839,0.0000,0,0,0.1815,0.1441,0.5789,5069580.5000
105.3198,-0.1173,-0.0241,0.4839,0.0000,0,0,0.1820,0.1450,0.5789,5069580.5000
105.3298,-0.3046,-0.2824,0.4839,0.0000,0,0,0.1800,0.1413,0.5789,5069580.5000
105.3401,0.0533,-0.0020,0.4839,0.0000,0,0,0.1827,0.1460,0.5789,5069580.5000
105.3498,-0.2736,0.4527,0.4839,0.0000,0,0,0.1808,0.1428,0.5789,5069580.5000
105.3601,-0.2380,0.6657,0.4839,0.0000,0,0,0.1792,0.1404,0.5789,5069580.5000
105.3697,0.0877,0.3298,0.4839,0.0000,0,0,0.1825,0.1454,0.5789,5069580.5000
105.3797,-0.0855,0.2396,0.4839,0.0000,0,0,0.1830,0.1461,0.5789,5069580.5000
105.3901,-0.1066,0.5219,0.4839,0.0000,0,0,0.1831,0.1462,0.5789,5069580.5000
105.3998,-0.0497,-0.0130,0.4839,0.0000,0,0,0.1840,0.1473,0.5789,5069580.5000
105.4101,0.0276,-0.0464,0.4839,0.0000,0,0,0.1861,0.1499,0.5789,5069580.5000
105.4198,-0.1702,0.2105,0.4839,0.0000,0,0,0.1847,0.1482,0.5789,5069580.5000
105.4298,-0.4378,0.2364,0.4839,0.0000,0,0,0.1784,0.1411,0.5789,5069580.5000
105.4401,-0.1178,0.3483,0.4839,0.0000,0,0,0.1780,0.1406,0.5789,5069580.5000
105.4498,-0.2343,0.5557,0.4839,0.0000,0,0,0.1753,0.1377,0.5789,5069580.5000
105.4606,-0.3051,0.5144,0.4839,0.0000,0,0,0.1712,0.1335,0.5789,5069580.5000
105.4698,0.0516,0.1156,0.4839,0.0000,0,0,0.1740,0.1363,0.5789,5069580.5000
105.4798,0.1522,-0.0745,0.4839,0.0000,0,0,0.1786,0.1408,0.5789,5069580.5000
105.4900,-0.0910,0.1712,0.4839,0.0000,0,0,0.1782,0.1404,0.5789,5069580.5000
105.4998,-0.2439,0.3039,0.4839,0.0000,0,0,0.1747,0.1372,0.5789,5069580.5000
105.5107,-0.2087,0.3205,0.4839,0.0000,0,0,0.1719,0.1348,0.5789,5069580.5000
105.5198,-0.1495,0.1243,0.4839,0.0000,0,0,0.1704,0.1334,0.5789,5069580.5000
105.5298,-0.0852,-0.0004,0.4839,0.0000,0,0,0.1701,0.1332,0.5789,5069580.5000
105.5400,-0.2378,0.3117,0.4839,0.0000,0,0,0.1665,0.1304,0.5789,5069580.5000
105.5497,-0.0083,0.4491,0.4839,0.0000,0,0,0.1680,0.1315,0.5789,5069580.5000
105.5601,0.0231,0.0865,0.4839,0.0000,0,0,0.1700,0.1330,0.5789,5069580.5000
105.5698,-0.0842,0.3155,0.4839,0.0000,0,0,0.1695,0.1326,0.5789,5069580.5000
105.5798,-0.0842,0.4481,0.4839,0.0000,0,0,0.1690,0.1323,0.5789,5069580.5000
105.5902,-0.1397,-0.2682,0.4839,0.0000,0,0,0.1671,0.1310,0.5789,5069580.5000
105.5997,-0.0119,-0.1745,0.4839,0.0000,0,0,0.1682,0.1318,0.5789,5069580.5000
105.6101,-0.3786,0.0651,0.4839,0.0000,0,0,0.1607,0.1271,0.5789,5069580.5000
105.6198,-0.2856,-0.2071,0.4839,0.0000,0,0,0.1556,0.1240,0.5789,5069580.5000
105.6298,0.1221,-0.2391,0.4839,0.0000,0,0,0.1603,0.1267,0.5789,5069580.5000
105.6401,-0.1415,0.3200,0.4839,0.0000,0,0,0.1585,0.1257,0.5789,5069580.5000
105.6498,-0.0400,0.5831,0.4839,0.0000,0,0,0.1592,0.1261,0.5789,5069580.5000
105.6606,0.0782,0.1188,0.4839,0.0000,0,0,0.1627,0.1280,0.5789,5069580.5000
105.6697,-0.0757,0.0505,0.4839,0.0000,0,0,0.1623,0.1278,0.5789,5069580.5000
105.6798,-0.1091,0.0012,0.4839,0.0000,0,0,0.1612,0.1272,0.5789,5069580.5000
105.6900,-0.1416,-0.4770,0.4839,0.0000,0,0,0.1593,0.1263,0.5789,5069580.5000
105.6998,0.0055,-0.2767,0.4839,0.0000,0,0,0.1610,0.1271,0.5789,5069580.5000
105.7106,-0.2720,0.2061,0.4839,0.0000,0,0,0.1561,0.1247,0.5789,5069580.5000
105.7198,-0.4572,0.4980,0.4839,0.0000,0,0,0.1470,0.1205,0.5789,5069580.5000
105.7298,-0.1817,0.4582,0.4839,0.0000,0,0,0.1448,0.1195,0.5789,5069580.5000
105.7401,-0.2077,0.3070,0.4839,0.0000,0,0,0.1421,0.1183,0.5789,5069580.5000
105.7498,-0.1604,0.2201,0.4839,0.0000,0,0,0.1407,0.1177,0.5789,5069580.5000
105.7600,0.2009,0.0621,0.4839,0.0000,0,0,0.1475,0.1205,0.5789,5069580.5000
105.7698,0.1660,-0.0392,0.4839,0.0000,0,0,0.1533,0.1229,0.5789,5069580.5000
105.7797,-0.1438,0.1206,0.4839,0.0000,0,0,0.1519,0.1223,0.5789,5069580.5000
105.7901,-0.4634,0.1963,0.4839,0.0000,0,0,0.1436,0.1192,0.5789,5069580.5000
105.7998,-0.4538,0.2410,0.4839,0.0000,0,0,0.1360,0.1165,0.5789,5069580.5000
105.8101,-0.1454,0.0253,0.4839,0.0000,0,0,0.1353,0.1163,0.5789,5069580.5000
105.8198,-0.1688,0.0266,0.4839,0.0000,0,0,0.1342,0.1159,0.5789,5069580.5000
105.8298,-0.1481,0.6245,0.4839,0.0000,0,0,0.1337,0.1157,0.5789,5069580.5000
105.8401,0.2138,0.5805,0.4839,0.0000,0,0,0.1409,0.1178,0.5789,5069580.5000
105.8498,0.1581,0.0599,0.4839,0.0000,0,0,0.1467,0.1193,0.5789,5069580.5000
105.8606,-0.1325,0.2927,0.4839,0.0000,0,0,0.1462,0.1192,0.5789,5069580.5000
105.8697,-0.2598,0.3103,0.4839,0.0000,0,0,0.1432,0.1185,0.5789,5069580.5000
105.8798,-0.1281,-0.2694,0.4839,0.0000,0,0,0.1431,0.1185,0.5789,5069580.5000
105.8900,-0.0184,-0.1355,0.4839,0.0000,0,0,0.1453,0.1189,0.5789,5069580.5000
105.8997,-0.2994,0.4387,0.4839,0.0000,0,0,0.1418,0.1183,0.5789,5069580.5000
105.9106,-0.3241,0.4750,0.4839,0.0000,0,0,0.1380,0.1179,0.5789,5069580.5000
105.9198,0.0857,0.3218,0.4839,0.0000,0,0,0.1425,0.1183,0.5789,5069580.5000
105.9298,-0.0961,0.3335,0.4839,0.0000,0,0,0.1433,0.1184,0.5789,5069580.5000
105.9401,-0.0375,0.2040,0.4839,0.0000,0,0,0.1454,0.1184,0.5789,5069580.5000
105.9498,0.1630,-0.0912,0.4839,0.0000,0,0,0.1512,0.1185,0.5789,5069580.5000
105.9601,0.0887,-0.0108,0.4839,0.0000,0,0,0.1555,0.1183,0.5789,5069580.5000
105.9698,-0.0664,0.0963,0.4839,0.0000,0,0,0.1568,0.1182,0.5789,5069580.5000
105.9798,-0.4163,0.0334,0.4839,0.0000,0,0,0.1517,0.1187,0.5789,5069580.5000
105.9902,-0.2134,0.1348,0.4839,0.0000,0,0,0.1506,0.1189,0.5789,5069580.5000
105.9998,-0.1504,0.3460,0.4839,0.0000,0,0,0.1507,0.1188,0.5789,5069580.5000
106.0102,-0.1588,0.5605,0.4839,0.0000,0,0,0.1508,0.1188,0.5789,5069580.5000
106.0198,0.1790,0.5398,0.4839,0.0000,0,0,0.1566,0.1175,0.5789,5069580.5000
106.0298,0.1466,0.3378,0.4839,0.0000,0,0,0.1618,0.1161,0.5789,5069580.5000
106.0400,0.1413,0.0014,0.4839,0.0000,0,0,0.1666,0.1145,0.5789,5069580.5000
106.0498,-0.1081,-0.0457,0.4839,0.0000,0,0,0.1674,0.1142,0.5789,5069580.5000
106.0606,-0.3700,0.1985,0.4839,0.0000,0,0,0.1642,0.1155,0.5789,5069580.5000
106.0697,-0.2262,-0.0334,0.4839,0.0000,0,0,0.1633,0.1159,0.5789,5069580.5000
106.0798,-0.1631,-0.0991,0.4839,0.0000,0,0,0.1635,0.1158,0.5789,5069580.5000
106.0900,-0.3498,0.6743,0.4839,0.0000,0,0,0.1611,0.1171,0.5789,5069580.5000
106.0998,-0.1303,0.5568,0.4839,0.0000,0,0,0.1620,0.1166,0.5789,5069580.5000
106.1106,0.0647,0.0581,0.4839,0.0000,0,0,0.1655,0.1143,0.5789,5069580.5000
106.1198,-0.1117,0.3475,0.4839,0.0000,0,0,0.1666,0.1135,0.5789,5069580.5000
106.1298,-0.2809,0.2546,0.4839,0.0000,0,0,0.1656,0.1143,0.5789,5069580.5000
106.1401,-0.2187,-0.3949,0.4839,0.0000,0,0,0.1655,0.1144,0.5789,5069580.5000
106.1498,-0.1472,-0.2370,0.4839,0.0000,0,0,0.1663,0.1137,0.5789,5069580.5000
106.1601,-0.2609,0.1983,0.4839,0.0000,0,0,0.1658,0.1142,0.5789,5069580.5000
106.1698,-0.5186,0.4892,0.4839,0.0000,0,0,0.1626,0.1175,0.5789,5069580.5000
106.1798,-0.0909,0.7239,0.4839,0.0000,0,0,0.1641,0.1158,0.5789,5069580.5000
106.1902,-0.2520,0.6481,0.4839,0.0000,0,0,0.1640,0.1159,0.5789,5069580.5000
106.1998,-0.1426,0.4630,0.4839,0.0000,0,0,0.1650,0.1146,0.5789,5069580.5000
106.2101,-0.0205,0.0530,0.4839,0.0000,0,0,0.1670,0.1116,0.5789,5069580.5000
106.2198,-0.0959,-0.1535,0.4839,0.0000,0,0,0.1682,0.1096,0.5789,5069580.5000
106.2298,-0.2983,0.0343,0.4839,0.0000,0,0,0.1679,0.1102,0.5789,5069580.5000
106.2401,-0.5450,0.0964,0.4839,0.0000,0,0,0.1659,0.1142,0.5789,5069580.5000
106.2498,-0.3863,0.3030,0.4839,0.0000,0,0,0.1652,0.1158,0.5789,5069580.5000
106.2606,-0.3064,0.3037,0.4839,0.0000,0,0,0.1650,0.1161,0.5789,5069580.5000
106.2697,-0.4680,0.4801,0.4839,0.0000,0,0,0.1641,0.1188,0.5789,5069580.5000
106.2798,-0.2648,0.9032,0.4839,0.0000,0,0,0.1642,0.1183,0.5789,5069580.5000
106.2900,-0.2841,0.4679,0.4839,0.0000,0,0,0.1643,0.1180,0.5789,5069580.5000
106.2998,-0.1403,-0.0903,0.4839,0.0000,0,0,0.1649,0.1153,0.5789,5069580.5000
106.3106,-0.2928,-0.0324,0.4839,0.0000,0,0,0.1650,0.1150,0.5789,5069580.5000
106.3198,-0.5159,0.0825,0.4839,0.0000,0,0,0.1645,0.1182,0.5789,5069580.5000
106.3298,-0.4289,-0.1265,0.4839,0.0000,0,0,0.1644,0.1199,0.5789,5069580.5000
106.3401,-0.5279,0.1630,0.4839,0.0000,0,0,0.1641,0.1231,0.5789,5069580.5000
106.3498,-0.6156,0.7901,0.4839,0.0000,0,0,0.1640,0.1276,0.5789,5069580.5000
106.3601,-0.2641,0.5473,0.4839,0.0000,0,0,0.1640,0.1260,0.5789,5069580.5000
106.3697,-0.0251,0.1399,0.4839,0.0000,0,0,0.1638,0.1203,0.5789,5069580.5000
106.3798,-0.3012,0.2553,0.4839,0.0000,0,0,0.1637,0.1193,0.5789,5069580.5000
106.3901,-0.3293,-0.0079,0.4839,0.0000,0,0,0.1636,0.1187,0.5789,5069580.5000
106.3998,-0.2549,-0.4192,0.4839,0.0000,0,0,0.1633,0.1168,0.5789,5069580.5000
106.4101,-0.3412,-0.0191,0.4839,0.0000,0,0,0.1632,0.1162,0.5789,5069580.5000
106.4198,-0.6217,0.2674,0.4839,0.0000,0,0,0.1641,0.1205,0.5789,5069580.5000
106.4298,-0.5976,0.2176,0.4839,0.0000,0,0,0.1651,0.1241,0.5789,5069580.5000
106.4401,-0.2104,0.3450,0.4839,0.0000,0,0,0.1641,0.1209,0.5789,5069580.5000
106.4498,-0.4499,0.5816,0.4839,0.0000,0,0,0.1644,0.1218,0.5789,5069580.5000
106.4606,-0.3496,0.4599,0.4839,0.0000,0,0,0.1641,0.1209,0.5789,5069580.5000
106.4697,-0.0748,0.0568,0.4839,0.0000,0,0,0.1619,0.1153,0.5789,5069580.5000
106.4798,-0.3457,0.0418,0.4839,0.0000,0,0,0.1615,0.1144,0.5789,5069580.5000
106.4901,-0.4159,0.0635,0.4839,0.0000,0,0,0.1616,0.1145,0.5789,5069580.5000
106.5001,-0.5631,-0.0529,0.4839,0.0000,0,0,0.1629,0.1171,0.5789,5069580.5000
106.5106,-0.3248,0.3319,0.4839,0.0000,0,0,0.1620,0.1155,0.5789,5069580.5000
106.5198,-0.4420,0.4556,0.4839,0.0000,0,0,0.1622,0.1159,0.5789,5069580.5000
106.5297,-0.5517,0.5074,0.4839,0.0000,0,0,0.1635,0.1179,0.5789,5069580.5000
106.5398,-0.3146,0.6121,0.4839,0.0000,0,0,0.1623,0.1161,0.5789,5069580.5000
106.5501,-0.4203,0.3815,0.4839,0.0000,0,0,0.1622,0.1159,0.5789,5069580.5000
106.5601,-0.4346,0.1703,0.4839,0.0000,0,0,0.1622,0.1159,0.5789,5069580.5000
106.5698,-0.3930,0.0482,0.4839,0.0000,0,0,0.1617,0.1153,0.5789,5069580.5000
106.5798,-0.4534,-0.0368,0.4839,0.0000,0,0,0.1618,0.1155,0.5789,5069580.5000
106.5897,-0.2821,-0.1946,0.4839,0.0000,0,0,0.1598,0.1132,0.5789,5069580.5000
106.6001,-0.5412,0.0549,0.4839,0.0000,0,0,0.1611,0.1146,0.5789,5069580.5000
106.6101,-0.7107,0.7230,0.4839,0.0000,0,0,0.1646,0.1180,0.5789,5069580.5000
106.6198,-0.5491,0.6612,0.4839,0.0000,0,0,0.1659,0.1193,0.5789,5069580.5000
106.6298,-0.3352,0.4065,0.4839,0.0000,0,0,0.1642,0.1177,0.5789,5069580.5000
106.6398,-0.4910,0.6538,0.4839,0.0000,0,0,0.1646,0.1181,0.5789,5069580.5000
106.6507,-0.4468,0.3439,0.4839,0.0000,0,0,0.1644,0.1179,0.5789,5069580.5000
106.6606,-0.4165,-0.3398,0.4839,0.0000,0,0,0.1637,0.1174,0.5789,5069580.5000
106.6698,-0.4636,-0.1646,0.4839,0.0000,0,0,0.1637,0.1175,0.5789,5069580.5000
106.6798,-0.6970,0.2879,0.4839,0.0000,0,0,0.1673,0.1197,0.5789,5069580.5000
106.6898,-0.6895,0.1850,0.4839,0.0000,0,0,0.1708,0.1218,0.5789,5069580.5000
106.7001,-0.4357,0.3384,0.4839,0.0000,0,0,0.1701,0.1214,0.5789,5069580.5000
106.7107,-0.7768,0.8571,0.4839,0.0000,0,0,0.1750,0.1238,0.5789,5069580.5000
106.7198,-0.8334,0.7657,0.4839,0.0000,0,0,0.1807,0.1265,0.5789,5069580.5000
106.7298,-0.3448,0.2659,0.4839,0.0000,0,0,0.1783,0.1255,0.5789,5069580.5000
106.7398,-0.5390,0.1920,0.4839,0.0000,0,0,0.1791,0.1258,0.5789,5069580.5000
106.7501,-0.5097,0.2643,0.4839,0.0000,0,0,0.1794,0.1259,0.5789,5069580.5000
106.7601,-0.6407,-0.1855,0.4839,0.0000,0,0,0.1820,0.1266,0.5789,5069580.5000
106.7699,-0.4620,-0.0228,0.4839,0.0000,0,0,0.1814,0.1265,0.5789,5069580.5000
106.7798,-0.6499,0.2289,0.4839,0.0000,0,0,0.1841,0.1270,0.5789,5069580.5000
106.7897,-0.7849,0.2922,0.4839,0.0000,0,0,0.1891,0.1279,0.5789,5069580.5000
106.8001,-0.4821,0.3855,0.4839,0.0000,0,0,0.1888,0.1278,0.5789,5069580.5000
106.8100,-0.5104,0.3421,0.4839,0.0000,0,0,0.1890,0.1279,0.5789,5069580.5000
106.8198,-0.5218,0.3202,0.4839,0.0000,0,0,0.1894,0.1279,0.5789,5069580.5000
106.8298,-0.4481,0.1697,0.4839,0.0000,0,0,0.1885,0.1279,0.5789,5069580.5000
106.8398,-0.4509,-0.0601,0.4839,0.0000,0,0,0.1878,0.1279,0.5789,5069580.5000
106.8508,-0.3762,-0.3520,0.4839,0.0000,0,0,0.1858,0.1281,0.5789,5069580.5000
106.8605,-0.4995,-0.2170,0.4839,0.0000,0,0,0.1860,0.1281,0.5789,5069580.5000
106.8698,-0.6221,0.3352,0.4839,0.0000,0,0,0.1883,0.1277,0.5789,5069580.5000
106.8797,-0.5611,0.2779,0.4839,0.0000,0,0,0.1896,0.1274,0.5789,5069580.5000
106.8897,-0.4258,0.1065,0.4839,0.0000,0,0,0.1886,0.1276,0.5789,5069580.5000
106.9001,-0.5549,0.5713,0.4839,0.0000,0,0,0.1898,0.1272,0.5789,5069580.5000
106.9106,-0.2886,0.4273,0.4839,0.0000,0,0,0.1868,0.1284,0.5789,5069580.5000
106.9197,-0.0864,-0.2571,0.4839,0.0000,0,0,0.1806,0.1311,0.5789,5069580.5000
106.9297,-0.1589,-0.2615,0.4839,0.0000,0,0,0.1760,0.1334,0.5789,5069580.5000
106.9398,-0.4152,-0.0448,0.4839,0.0000,0,0,0.1755,0.1337,0.5789,5069580.5000
106.9501,-0.6721,-0.2013,0.4839,0.0000,0,0,0.1789,0.1315,0.5789,5069580.5000
106.9601,-0.4265,-0.0478,0.4839,0.0000,0,0,0.1786,0.1317,0.5789,5069580.5000
106.9698,-0.6572,0.4142,0.4839,0.0000,0,0,0.1817,0.1294,0.5789,5069580.5000
106.9798,-0.5429,0.6436,0.4839,0.0000,0,0,0.1832,0.1282,0.5789,5069580.5000
106.9898,-0.0939,0.2029,0.4839,0.0000,0,0,0.1785,0.1325,0.5789,5069580.5000
107.0001,-0.2567,0.0745,0.4839,0.0000,0,0,0.1763,0.1347,0.5789,5069580.5000
107.0101,-0.2303,0.1915,0.4839,0.0000,0,0,0.1740,0.1373,0.5789,5069580.5000
107.0198,-0.3809,-0.4856,0.4839,0.0000,0,0,0.1736,0.1377,0.5789,5069580.5000
107.0297,-0.3449,-0.5311,0.4839,0.0000,0,0,0.1730,0.1385,0.5789,5069580.5000
107.0398,-0.5389,0.0739,0.4839,0.0000,0,0,0.1746,0.1362,0.5789,5069580.5000
107.0508,-0.5885,0.3058,0.4839,0.0000,0,0,0.1767,0.1329,0.5789,5069580.5000
107.0606,-0.1025,0.2350,0.4839,0.0000,0,0,0.1738,0.1379,0.5789,5069580.5000
107.0698,-0.2993,0.3297,0.4839,0.0000,0,0,0.1731,0.1393,0.5789,5069580.5000
107.0798,-0.3961,0.4862,0.4839,0.0000,0,0,0.1733,0.1389,0.5789,5069580.5000
107.0897,-0.3234,-0.0801,0.4839,0.0000,0,0,0.1729,0.1397,0.5789,5069580.5000
107.1001,-0.2777,-0.4163,0.4839,0.0000,0,0,0.1723,0.1412,0.5789,5069580.5000
107.1106,-0.3373,-0.1373,0.4839,0.0000,0,0,0.1723,0.1415,0.5789,5069580.5000
107.1198,-0.4680,-0.0389,0.4839,0.0000,0,0,0.1730,0.1389,0.5789,5069580.5000
107.1297,-0.3151,0.1711,0.4839,0.0000,0,0,0.1729,0.1394,0.5789,5069580.5000
107.1398,-0.2173,0.2487,0.4839,0.0000,0,0,0.1723,0.1419,0.5789,5069580.5000
107.1501,-0.2642,0.1482,0.4839,0.0000,0,0,0.1721,0.1432,0.5789,5069580.5000
107.1601,-0.3857,0.3794,0.4839,0.0000,0,0,0.1723,0.1416,0.5789,5069580.5000
107.1697,-0.2096,0.3516,0.4839,0.0000,0,0,0.1721,0.1439,0.5789,5069580.5000
107.1798,-0.1530,-0.2803,0.4839,0.0000,0,0,0.1717,0.1474,0.5789,5069580.5000
107.1898,-0.1566,-0.3103,0.4839,0.0000,0,0,0.1716,0.1505,0.5789,5069580.5000
107.2001,-0.3310,0.0867,0.4839,0.0000,0,0,0.1716,0.1492,0.5789,5069580.5000
107.2103,-0.3838,-0.0267,0.4839,0.0000,0,0,0.1716,0.1465,0.5789,5069580.5000
107.2198,-0.1431,0.0169,0.4839,0.0000,0,0,0.1717,0.1496,0.5789,5069580.5000
107.2297,-0.5249,0.5314,0.4839,0.0000,0,0,0.1713,0.1430,0.5789,5069580.5000
107.2398,-0.3257,0.7333,0.4839,0.0000,0,0,0.1711,0.1414,0.5789,5069580.5000
107.2498,-0.0582,0.1600,0.4839,0.0000,0,0,0.1717,0.1463,0.5789,5069580.5000
107.2606,-0.2150,0.1275,0.4839,0.0000,0,0,0.1718,0.1470,0.5789,5069580.5000
107.2698,-0.2528,0.1509,0.4839,0.0000,0,0,0.1717,0.1466,0.5789,5069580.5000
107.2798,-0.5416,-0.4579,0.4839,0.0000,0,0,0.1701,0.1386,0.5789,5069580.5000
107.2897,-0.2606,-0.3445,0.4839,0.0000,0,0,0.1700,0.1379,0.5789,5069580.5000
107.3001,-0.3196,0.2040,0.4839,0.0000,0,0,0.1693,0.1355,0.5789,5069580.5000
107.3106,-0.4499,0.5000,0.4839,0.0000,0,0,0.1677,0.1298,0.5789,5069580.5000
107.3197,-0.0590,0.4297,0.4839,0.0000,0,0,0.1690,0.1340,0.5789,5069580.5000
107.3297,-0.2379,0.3213,0.4839,0.0000,0,0,0.1688,0.1334,0.5789,5069580.5000
107.3398,-0.3003,0.2228,0.4839,0.0000,0,0,0.1679,0.1311,0.5789,5069580.5000
107.3500,-0.2871,-0.0645,0.4839,0.0000,0,0,0.1671,0.1290,0.5789,5069580.5000
107.3601,-0.2558,-0.1545,0.4839,0.0000,0,0,0.1665,0.1276,0.5789,5069580.5000
107.3698,-0.3122,-0.2054,0.4839,0.0000,0,0,0.1652,0.1248,0.5789,5069580.5000
107.3797,-0.3999,-0.1271,0.4839,0.0000,0,0,0.1628,0.1199,0.5789,5069580.5000
107.3897,-0.2213,0.1803,0.4839,0.0000,0,0,0.1625,0.1193,0.5789,5069580.5000
107.4001,-0.1022,0.2258,0.4839,0.0000,0,0,0.1637,0.1215,0.5789,5069580.5000
107.4101,-0.2279,0.3524,0.4839,0.0000,0,0,0.1631,0.1204,0.5789,5069580.5000
107.4198,-0.2377,0.5259,0.4839,0.0000,0,0,0.1623,0.1191,0.5789,5069580.5000
107.4298,-0.0838,0.3278,0.4839,0.0000,0,0,0.1636,0.1212,0.5789,5069580.5000
107.4398,-0.0189,-0.2451,0.4839,0.0000,0,0,0.1659,0.1245,0.5789,5069580.5000
107.4507,-0.0309,-0.3421,0.4839,0.0000,0,0,0.1679,0.1273,0.5789,5069580.5000
107.4606,-0.1983,-0.0844,0.4839,0.0000,0,0,0.1670,0.1262,0.5789,5069580.5000
107.4698,-0.2756,-0.2682,0.4839,0.0000,0,0,0.1648,0.1234,0.5789,5069580.5000
107.4798,-0.0593,-0.2669,0.4839,0.0000,0,0,0.1663,0.1252,0.5789,5069580.5000
107.4897,-0.3922,0.3515,0.4839,0.0000,0,0,0.1618,0.1199,0.5789,5069580.5000
107.5001,-0.3443,0.6337,0.4839,0.0000,0,0,0.1581,0.1158,0.5789,5069580.5000
107.5106,0.0906,0.1936,0.4839,0.0000,0,0,0.1625,0.1205,0.5789,5069580.5000
107.5198,-0.0072,0.1186,0.4839,0.0000,0,0,0.1648,0.1230,0.5789,5069580.5000
107.5297,-0.0104,0.1008,0.4839,0.0000,0,0,0.1669,0.1251,0.5789,5069580.5000
107.5398,-0.0175,-0.4675,0.4839,0.0000,0,0,0.1687,0.1270,0.5789,5069580.5000
107.5500,-0.0247,-0.2716,0.4839,0.0000,0,0,0.1703,0.1285,0.5789,5069580.5000
107.5601,-0.1572,0.0036,0.4839,0.0000,0,0,0.1691,0.1274,0.5789,5069580.5000
107.5698,-0.4077,-0.0925,0.4839,0.0000,0,0,0.1629,0.1218,0.5789,5069580.5000
107.5798,-0.1117,0.0206,0.4839,0.0000,0,0,0.1628,0.1217,0.5789,5069580.5000
107.5897,-0.0055,0.0777,0.4839,0.0000,0,0,0.1648,0.1233,0.5789,5069580.5000
107.6001,-0.0654,0.1897,0.4839,0.0000,0,0,0.1654,0.1238,0.5789,5069580.5000
107.6102,0.0783,0.3604,0.4839,0.0000,0,0,0.1690,0.1267,0.5789,5069580.5000
107.6198,0.2485,0.2670,0.4839,0.0000,0,0,0.1762,0.1321,0.5789,5069580.5000
107.6297,0.0343,-0.0184,0.4839,0.0000,0,0,0.1784,0.1337,0.5789,5069580.5000
107.6398,-0.1417,-0.1628,0.4839,0.0000,0,0,0.1765,0.1324,0.5789,5069580.5000
107.6508,-0.1589,-0.1239,0.4839,0.0000,0,0,0.1743,0.1308,0.5789,5069580.5000
107.6606,-0.0931,-0.2291,0.4839,0.0000,0,0,0.1735,0.1303,0.5789,5069580.5000
107.6698,-0.0107,-0.0513,0.4839,0.0000,0,0,0.1747,0.1311,0.5789,5069580.5000
107.6798,-0.1725,0.6845,0.4839,0.0000,0,0,0.1719,0.1294,0.5789,5069580.5000
107.6897,-0.0100,0.6778,0.4839,0.0000,0,0,0.1731,0.1301,0.5789,5069580.5000
107.7001,0.2174,0.0413,0.4839,0.0000,0,0,0.1796,0.1339,0.5789,5069580.5000
107.7106,-0.0203,0.1980,0.4839,0.0000,0,0,0.1801,0.1342,0.5789,5069580.5000
107.7198,0.0356,0.3091,0.4839,0.0000,0,0,0.1820,0.1352,0.5789,5069580.5000
107.7298,-0.0400,-0.3752,0.4839,0.0000,0,0,0.1819,0.1352,0.5789,5069580.5000
107.7398,0.1570,-0.1996,0.4839,0.0000,0,0,0.1865,0.1376,0.5789,5069580.5000
107.7500,-0.1994,0.2486,0.4839,0.0000,0,0,0.1824,0.1355,0.5789,5069580.5000
107.7601,-0.4028,0.2836,0.4839,0.0000,0,0,0.1736,0.1311,0.5789,5069580.5000
107.7698,0.0974,0.3047,0.4839,0.0000,0,0,0.1771,0.1328,0.5789,5069580.5000
107.7798,0.0656,0.2899,0.4839,0.0000,0,0,0.1796,0.1340,0.5789,5069580.5000
107.7898,-0.0026,0.4171,0.4839,0.0000,0,0,0.1805,0.1344,0.5789,5069580.5000
107.8001,0.1291,0.1669,0.4839,0.0000,0,0,0.1844,0.1362,0.5789,5069580.5000
107.8101,0.1502,-0.1118,0.4839,0.0000,0,0,0.1886,0.1380,0.5789,5069580.5000
107.8198,0.0574,-0.2003,0.4839,0.0000,0,0,0.1905,0.1388,0.5789,5069580.5000
107.8298,-0.2044,-0.1721,0.4839,0.0000,0,0,0.1864,0.1371,0.5789,5069580.5000
107.8397,-0.1577,0.1829,0.4839,0.0000,0,0,0.1836,0.1360,0.5789,5069580.5000
107.8508,-0.1184,0.2397,0.4839,0.0000,0,0,0.1818,0.1353,0.5789,5069580.5000
107.8606,-0.2259,0.2677,0.4839,0.0000,0,0,0.1778,0.1339,0.5789,5069580.5000
107.8698,-0.2466,0.5959,0.4839,0.0000,0,0,0.1736,0.1324,0.5789,5069580.5000
107.8798,0.0496,0.3057,0.4839,0.0000,0,0,0.1759,0.1331,0.5789,5069580.5000
107.8897,0.2199,-0.3103,0.4839,0.0000,0,0,0.1818,0.1350,0.5789,5069580.5000
107.9001,0.0408,-0.2005,0.4839,0.0000,0,0,0.1838,0.1356,0.5789,5069580.5000
107.9106,-0.1545,0.1198,0.4839,0.0000,0,0,0.1816,0.1350,0.5789,5069580.5000
107.9198,-0.2548,-0.1382,0.4839,0.0000,0,0,0.1775,0.1340,0.5789,5069580.5000
107.9297,-0.0026,-0.0948,0.4839,0.0000,0,0,0.1788,0.1343,0.5789,5069580.5000
107.9398,-0.1888,0.3950,0.4839,0.0000,0,0,0.1763,0.1337,0.5789,5069580.5000
107.9501,-0.1692,0.5532,0.4839,0.0000,0,0,0.1744,0.1334,0.5789,5069580.5000
107.9601,0.3249,0.1738,0.4839,0.0000,0,0,0.1826,0.1347,0.5789,5069580.5000
107.9698,0.2231,0.0994,0.4839,0.0000,0,0,0.1886,0.1355,0.5789,5069580.5000
107.9798,0.2019,0.0639,0.4839,0.0000,0,0,0.1939,0.1361,0.5789,5069580.5000
107.9897,-0.0876,-0.0302,0.4839,0.0000,0,0,0.1935,0.1361,0.5789,5069580.5000
108.0001,-0.1139,0.1420,0.4839,0.0000,0,0,0.1926,0.1360,0.5789,5069580.5000
108.0102,-0.0315,-0.0716,0.4839,0.0000,0,0,0.1934,0.1360,0.5789,5069580.5000
108.0197,-0.1272,0.0948,0.4839,0.0000,0,0,0.1925,0.1361,0.5789,5069580.5000
108.0297,-0.1700,0.7793,0.4839,0.0000,0,0,0.1909,0.1361,0.5789,5069580.5000
108.0398,0.0745,0.6157,0.4839,0.0000,0,0,0.1939,0.1359,0.5789,5069580.5000
108.0508,0.3766,0.0153,0.4839,0.0000,0,0,0.2024,0.1350,0.5789,5069580.5000
108.0607,0.2435,0.1623,0.4839,0.0000,0,0,0.2082,0.1341,0.5789,5069580.5000
108.0698,0.0130,0.2436,0.4839,0.0000,0,0,0.2099,0.1339,0.5789,5069580.5000
108.0798,-0.0135,-0.1776,0.4839,0.0000,0,0,0.2111,0.1336,0.5789,5069580.5000
108.0898,-0.0474,-0.1815,0.4839,0.0000,0,0,0.2117,0.1334,0.5789,5069580.5000
108.1001,-0.1927,0.2686,0.4839,0.0000,0,0,0.2101,0.1339,0.5789,5069580.5000
108.1106,-0.4008,0.4069,0.4839,0.0000,0,0,0.2053,0.1355,0.5789,5069580.5000
108.1198,0.1819,0.3319,0.4839,0.0000,0,0,0.2100,0.1338,0.5789,5069580.5000
108.1298,0.0641,0.4389,0.4839,0.0000,0,0,0.2127,0.1327,0.5789,5069580.5000
108.1398,0.0361,0.4720,0.4839,0.0000,0,0,0.2150,0.1316,0.5789,5069580.5000
108.1501,0.1174,0.2530,0.4839,0.0000,0,0,0.2184,0.1299,0.5789,5069580.5000
108.1601,0.0581,0.0521,0.4839,0.0000,0,0,0.2210,0.1285,0.5789,5069580.5000
108.1698,0.0673,-0.2560,0.4839,0.0000,0,0,0.2236,0.1269,0.5789,5069580.5000
108.1798,-0.2072,-0.1542,0.4839,0.0000,0,0,0.2224,0.1276,0.5789,5069580.5000
108.1897,-0.3879,0.6717,0.4839,0.0000,0,0,0.2191,0.1300,0.5789,5069580.5000
108.2000,-0.2907,0.5789,0.4839,0.0000,0,0,0.2173,0.1314,0.5789,5069580.5000
108.2100,-0.0324,0.3254,0.4839,0.0000,0,0,0.2188,0.1301,0.5789,5069580.5000
108.2198,-0.1242,0.6437,0.4839,0.0000,0,0,0.2193,0.1297,0.5789,5069580.5000
108.2298,-0.1130,0.3558,0.4839,0.0000,0,0,0.2199,0.1291,0.5789,5069580.5000
108.2398,0.1991,-0.2215,0.4839,0.0000,0,0,0.2238,0.1249,0.5789,5069580.5000
108.2507,-0.0356,0.0723,0.4839,0.0000,0,0,0.2252,0.1232,0.5789,5069580.5000
108.2606,-0.2507,0.3969,0.4839,0.0000,0,0,0.2245,0.1241,0.5789,5069580.5000
108.2698,-0.5096,0.2578,0.4839,0.0000,0,0,0.2216,0.1282,0.5789,5069580.5000
108.2798,-0.3591,0.4543,0.4839,0.0000,0,0,0.2202,0.1303,0.5789,5069580.5000
108.2896,-0.4927,0.7769,0.4839,0.0000,0,0,0.2180,0.1341,0.5789,5069580.5000
108.3001,-0.4665,0.7590,0.4839,0.0000,0,0,0.2162,0.1374,0.5789,5069580.5000
108.3106,0.1249,0.4230,0.4839,0.0000,0,0,0.2187,0.1322,0.5789,5069580.5000
108.3198,0.0158,0.1191,0.4839,0.0000,0,0,0.2203,0.1285,0.5789,5069580.5000
108.3297,-0.0775,0.2607,0.4839,0.0000,0,0,0.2213,0.1261,0.5789,5069580.5000
108.3398,-0.3426,0.1865,0.4839,0.0000,0,0,0.2208,0.1275,0.5789,5069580.5000
108.3501,-0.3542,0.2287,0.4839,0.0000,0,0,0.2203,0.1290,0.5789,5069580.5000
108.3601,-0.4026,0.2190,0.4839,0.0000,0,0,0.2198,0.1312,0.5789,5069580.5000
108.3698,-0.7008,0.4290,0.4839,0.0000,0,0,0.2184,0.1379,0.5789,5069580.5000
108.3798,-0.3618,0.8942,0.4839,0.0000,0,0,0.2182,0.1390,0.5789,5069580.5000
108.3897,-0.0984,0.4980,0.4839,0.0000,0,0,0.2186,0.1357,0.5789,5069580.5000
108.4000,0.0227,0.2603,0.4839,0.0000,0,0,0.2191,0.1302,0.5789,5069580.5000
108.4101,-0.1398,0.5715,0.4839,0.0000,0,0,0.2193,0.1275,0.5789,5069580.5000
108.4198,-0.3737,0.3413,0.4839,0.0000,0,0,0.2192,0.1285,0.5789,5069580.5000
108.4297,-0.3405,-0.1195,0.4839,0.0000,0,0,0.2193,0.1289,0.5789,5069580.5000
108.4398,-0.5204,0.0719,0.4839,0.0000,0,0,0.2194,0.1322,0.5789,5069580.5000
108.4509,-0.5705,0.3732,0.4839,0.0000,0,0,0.2198,0.1362,0.5789,5069580.5000
108.4606,-0.4496,0.1166,0.4839,0.0000,0,0,0.2200,0.1379,0.5789,5069580.5000
108.4698,-0.1810,0.0684,0.4839,0.0000,0,0,0.2195,0.1348,0.5789,5069580.5000
108.4798,-0.3828,0.6023,0.4839,0.0000,0,0,0.2196,0.1352,0.5789,5069580.5000
108.4896,-0.2508,0.6378,0.4839,0.0000,0,0,0.2191,0.1331,0.5789,5069580.5000
108.5000,-0.0812,0.0760,0.4839,0.0000,0,0,0.2178,0.1281,0.5789,5069580.5000
108.5106,-0.2210,0.0065,0.4839,0.0000,0,0,0.2170,0.1254,0.5789,5069580.5000
108.5198,-0.2621,0.2548,0.4839,0.0000,0,0,0.2164,0.1235,0.5789,5069580.5000
108.5298,-0.4404,-0.1370,0.4839,0.0000,0,0,0.2167,0.1245,0.5789,5069580.5000
108.5398,-0.1772,-0.1762,0.4839,0.0000,0,0,0.2153,0.1209,0.5789,5069580.5000
108.5501,-0.4670,0.3040,0.4839,0.0000,0,0,0.2159,0.1222,0.5789,5069580.5000
108.5601,-0.5069,0.6788,0.4839,0.0000,0,0,0.2167,0.1240,0.5789,5069580.5000
108.5698,-0.2185,0.2925,0.4839,0.0000,0,0,0.2152,0.1209,0.5789,5069580.5000
108.5798,-0.3974,0.2154,0.4839,0.0000,0,0,0.2151,0.1208,0.5789,5069580.5000
108.5897,-0.2113,0.4866,0.4839,0.0000,0,0,0.2132,0.1176,0.5789,5069580.5000
108.6001,-0.3239,-0.0514,0.4839,0.0000,0,0,0.2123,0.1162,0.5789,5069580.5000
108.6101,-0.1690,-0.3137,0.4839,0.0000,0,0,0.2097,0.1123,0.5789,5069580.5000
108.6198,-0.4632,0.1733,0.4839,0.0000,0,0,0.2103,0.1131,0.5789,5069580.5000
108.6298,-0.6481,0.4538,0.4839,0.0000,0,0,0.2128,0.1164,0.5789,5069580.5000
108.6398,-0.3583,0.1841,0.4839,0.0000,0,0,0.2120,0.1154,0.5789,5069580.5000
108.6508,-0.3687,0.2628,0.4839,0.0000,0,0,0.2112,0.1145,0.5789,5069580.5000
108.6606,-0.3394,0.7249,0.4839,0.0000,0,0,0.2100,0.1131,0.5789,5069580.5000
108.6698,-0.1392,0.4400,0.4839,0.0000,0,0,0.2061,0.1091,0.5789,5069580.5000
108.6798,0.1650,-0.1668,0.4839,0.0000,0,0,0.1981,0.1013,0.5789,5069580.5000
108.6897,-0.0153,-0.0244,0.4839,0.0000,0,0,0.1925,0.0961,0.5789,5069580.5000
108.7001,-0.4466,0.1761,0.4839,0.0000,0,0,0.1929,0.0964,0.5789,5069580.5000
108.7106,-0.6243,-0.1291,0.4839,0.0000,0,0,0.1958,0.0988,0.5789,5069580.5000
108.7198,-0.4554,-0.0223,0.4839,0.0000,0,0,0.1962,0.0991,0.5789,5069580.5000
108.7297,-0.5314,0.6179,0.4839,0.0000,0,0,0.1976,0.1001,0.5789,5069580.5000
108.7398,-0.5199,0.8296,0.4839,0.0000,0,0,0.1989,0.1009,0.5789,5069580.5000
108.7501,0.0311,0.5806,0.4839,0.0000,0,0,0.1915,0.0964,0.5789,5069580.5000
108.7601,-0.0843,0.3078,0.4839,0.0000,0,0,0.1859,0.0932,0.5789,5069580.5000
108.7698,-0.1844,0.0780,0.4839,0.0000,0,0,0.1820,0.0912,0.5789,5069580.5000
108.7798,-0.3088,-0.3737,0.4839,0.0000,0,0,0.1802,0.0902,0.5789,5069580.5000
108.7897,-0.3877,-0.2951,0.4839,0.0000,0,0,0.1796,0.0900,0.5789,5069580.5000
108.8001,-0.5685,0.1774,0.4839,0.0000,0,0,0.1820,0.0909,0.5789,5069580.5000
108.8101,-0.8616,0.4444,0.4839,0.0000,0,0,0.1892,0.0935,0.5789,5069580.5000
108.8198,-0.2978,0.6364,0.4839,0.0000,0,0,0.1869,0.0928,0.5789,5069580.5000
108.8297,-0.1981,0.5056,0.4839,0.0000,0,0,0.1828,0.0916,0.5789,5069580.5000
108.8398,-0.1919,0.4196,0.4839,0.0000,0,0,0.1787,0.0907,0.5789,5069580.5000
108.8507,-0.1098,-0.0378,0.4839,0.0000,0,0,0.1733,0.0896,0.5789,5069580.5000
108.8606,-0.2578,-0.3930,0.4839,0.0000,0,0,0.1705,0.0892,0.5789,5069580.5000
108.8698,-0.4379,-0.0865,0.4839,0.0000,0,0,0.1709,0.0892,0.5789,5069580.5000
108.8798,-0.8045,0.0803,0.4839,0.0000,0,0,0.1776,0.0897,0.5789,5069580.5000
108.8897,-0.4825,0.3487,0.4839,0.0000,0,0,0.1786,0.0897,0.5789,5069580.5000
108.9001,-0.4557,0.6788,0.4839,0.0000,0,0,0.1791,0.0897,0.5789,5069580.5000
108.9105,-0.4023,0.6857,0.4839,0.0000,0,0,0.1787,0.0898,0.5789,5069580.5000
108.9198,-0.0694,0.2597,0.4839,0.0000,0,0,0.1727,0.0904,0.5789,5069580.5000
108.9297,-0.0325,-0.0579,0.4839,0.0000,0,0,0.1662,0.0913,0.5789,5069580.5000
108.9397,-0.1100,-0.1726,0.4839,0.0000,0,0,0.1612,0.0923,0.5789,5069580.5000
108.9501,-0.5334,-0.2347,0.4839,0.0000,0,0,0.1635,0.0917,0.5789,5069580.5000
108.9601,-0.5358,0.1708,0.4839,0.0000,0,0,0.1658,0.0911,0.5789,5069580.5000
108.9697,-0.4605,0.5041,0.4839,0.0000,0,0,0.1668,0.0907,0.5789,5069580.5000
108.9798,-0.4930,0.4279,0.4839,0.0000,0,0,0.1684,0.0901,0.5789,5069580.5000
108.9898,-0.4103,0.4172,0.4839,0.0000,0,0,0.1685,0.0900,0.5789,5069580.5000
109.0000,-0.1135,0.1799,0.4839,0.0000,0,0,0.1642,0.0923,0.5789,5069580.5000
109.0101,-0.1753,-0.2003,0.4839,0.0000,0,0,0.1610,0.0942,0.5789,5069580.5000
109.0198,-0.4082,-0.0906,0.4839,0.0000,0,0,0.1614,0.0939,0.5789,5069580.5000
109.0297,-0.3937,0.0675,0.4839,0.0000,0,0,0.1617,0.0937,0.5789,5069580.5000
109.0398,-0.6053,0.0252,0.4839,0.0000,0,0,0.1649,0.0911,0.5789,5069580.5000
109.0508,-0.6480,0.0207,0.4839,0.0000,0,0,0.1687,0.0879,0.5789,5069580.5000
109.0606,-0.8302,0.3337,0.4839,0.0000,0,0,0.1747,0.0821,0.5789,5069580.5000
109.0698,-0.5030,0.5932,0.4839,0.0000,0,0,0.1762,0.0806,0.5789,5069580.5000
109.0798,-0.2671,0.1285,0.4839,0.0000,0,0,0.1747,0.0823,0.5789,5069580.5000
109.0898,-0.3689,-0.2520,0.4839,0.0000,0,0,0.1745,0.0825,0.5789,5069580.5000
109.1001,-0.1587,-0.1982,0.4839,0.0000,0,0,0.1720,0.0859,0.5789,5069580.5000
109.1106,-0.4352,-0.4251,0.4839,0.0000,0,0,0.1728,0.0848,0.5789,5069580.5000
109.1197,-0.4040,-0.2032,0.4839,0.0000,0,0,0.1732,0.0841,0.5789,5069580.5000
109.1298,-0.5563,0.0718,0.4839,0.0000,0,0,0.1751,0.0807,0.5789,5069580.5000
109.1398,-0.4608,0.3046,0.4839,0.0000,0,0,0.1760,0.0789,0.5789,5069580.5000
109.1501,-0.2010,0.3084,0.4839,0.0000,0,0,0.1746,0.0820,0.5789,5069580.5000
109.1601,-0.3898,0.1678,0.4839,0.0000,0,0,0.1749,0.0812,0.5789,5069580.5000
109.1697,-0.1732,0.2181,0.4839,0.0000,0,0,0.1736,0.0847,0.5789,5069580.5000
109.1798,-0.3571,-0.1764,0.4839,0.0000,0,0,0.1737,0.0844,0.5789,5069580.5000
109.1897,-0.3589,-0.4529,0.4839,0.0000,0,0,0.1739,0.0839,0.5789,5069580.5000
109.2001,-0.4352,-0.2997,0.4839,0.0000,0,0,0.1744,0.0816,0.5789,5069580.5000
109.2101,-0.4058,-0.0134,0.4839,0.0000,0,0,0.1748,0.0799,0.5789,5069580.5000
109.2198,-0.2650,0.0585,0.4839,0.0000,0,0,0.1746,0.0813,0.5789,5069580.5000
109.2297,-0.4575,0.2738,0.4839,0.0000,0,0,0.1750,0.0781,0.5789,5069580.5000
109.2398,-0.2099,0.5302,0.4839,0.0000,0,0,0.1747,0.0807,0.5789,5069580.5000
109.2508,-0.1108,0.0475,0.4839,0.0000,0,0,0.1744,0.0854,0.5789,5069580.5000
109.2606,-0.2313,-0.3086,0.4839,0.0000,0,0,0.1743,0.0870,0.5789,5069580.5000
109.2698,-0.2665,-0.4083,0.4839,0.0000,0,0,0.1743,0.0876,0.5789,5069580.5000
109.2798,-0.4728,-0.5569,0.4839,0.0000,0,0,0.1742,0.0829,0.5789,5069580.5000
109.2898,-0.3051,-0.4661,0.4839,0.0000,0,0,0.1742,0.0824,0.5789,5069580.5000
109.3001,-0.5775,0.0606,0.4839,0.0000,0,0,0.1737,0.0750,0.5789,5069580.5000
109.3106,-0.4660,0.6609,0.4839,0.0000,0,0,0.1732,0.0704,0.5789,5069580.5000
109.3198,-0.2565,0.3124,0.4839,0.0000,0,0,0.1733,0.0711,0.5789,5069580.5000
109.3297,-0.1150,-0.0640,0.4839,0.0000,0,0,0.1739,0.0752,0.5789,5069580.5000
109.3398,-0.2331,0.1322,0.4839,0.0000,0,0,0.1741,0.0761,0.5789,5069580.5000
109.3501,-0.2453,-0.2243,0.4839,0.0000,0,0,0.1742,0.0765,0.5789,5069580.5000
109.3600,-0.2053,-0.8812,0.4839,0.0000,0,0,0.1745,0.0777,0.5789,5069580.5000
109.3698,-0.3577,-0.4994,0.4839,0.0000,0,0,0.1737,0.0749,0.5789,5069580.5000
109.3798,-0.5856,0.0498,0.4839,0.0000,0,0,0.1711,0.0663,0.5789,5069580.5000
109.3897,-0.3401,0.0906,0.4839,0.0000,0,0,0.1704,0.0640,0.5789,5069580.5000
109.4001,-0.0099,0.2604,0.4839,0.0000,0,0,0.1725,0.0700,0.5789,5069580.5000
109.4101,-0.2129,0.5280,0.4839,0.0000,0,0,0.1727,0.0705,0.5789,5069580.5000
109.4198,-0.3030,0.2990,0.4839,0.0000,0,0,0.1720,0.0687,0.5789,5069580.5000
109.4298,-0.0209,-0.0287,0.4839,0.0000,0,0,0.1742,0.0737,0.5789,5069580.5000
109.4398,-0.2891,-0.2841,0.4839,0.0000,0,0,0.1733,0.0718,0.5789,5069580.5000
109.4507,-0.3132,-0.2107,0.4839,0.0000,0,0,0.1720,0.0693,0.5789,5069580.5000
109.4606,-0.4194,-0.1757,0.4839,0.0000,0,0,0.1694,0.0642,0.5789,5069580.5000
109.4698,-0.2778,0.1663,0.4839,0.0000,0,0,0.1685,0.0626,0.5789,5069580.5000
109.4798,-0.2789,0.1635,0.4839,0.0000,0,0,0.1675,0.0610,0.5789,5069580.5000
109.4897,-0.4726,0.2983,0.4839,0.0000,0,0,0.1636,0.0548,0.5789,5069580.5000
109.5001,-0.1044,0.3872,0.4839,0.0000,0,0,0.1652,0.0572,0.5789,5069580.5000
109.5105,-0.1796,0.0706,0.4839,0.0000,0,0,0.1655,0.0576,0.5789,5069580.5000
109.5197,-0.1993,0.0799,0.4839,0.0000,0,0,0.1654,0.0575,0.5789,5069580.5000
109.5297,-0.1886,0.1223,0.4839,0.0000,0,0,0.1654,0.0575,0.5789,5069580.5000
109.5398,-0.2194,-0.1498,0.4839,0.0000,0,0,0.1648,0.0568,0.5789,5069580.5000
109.5501,-0.1784,-0.2313,0.4839,0.0000,0,0,0.1648,0.0568,0.5789,5069580.5000
109.5601,-0.4505,-0.3997,0.4839,0.0000,0,0,0.1600,0.0512,0.5789,5069580.5000
109.5698,-0.3256,-0.2311,0.4839,0.0000,0,0,0.1573,0.0483,0.5789,5069580.5000
109.5798,-0.2148,-0.1516,0.4839,0.0000,0,0,0.1567,0.0476,0.5789,5069580.5000
109.5897,-0.2771,0.0546,0.4839,0.0000,0,0,0.1549,0.0457,0.5789,5069580.5000
109.6001,-0.2774,0.5113,0.4839,0.0000,0,0,0.1530,0.0438,0.5789,5069580.5000
109.6101,-0.0145,0.3029,0.4839,0.0000,0,0,0.1561,0.0469,0.5789,5069580.5000
109.6198,-0.0173,-0.3185,0.4839,0.0000,0,0,0.1591,0.0497,0.5789,5069580.5000
109.6298,-0.2186,-0.2519,0.4839,0.0000,0,0,0.1579,0.0485,0.5789,5069580.5000
109.6398,-0.4090,-0.1108,0.4839,0.0000,0,0,0.1528,0.0440,0.5789,5069580.5000
109.6508,-0.4490,-0.4390,0.4839,0.0000,0,0,0.1469,0.0389,0.5789,5069580.5000
109.6606,-0.2445,-0.2541,0.4839,0.0000,0,0,0.1453,0.0376,0.5789,5069580.5000
109.6698,-0.5415,0.3165,0.4839,0.0000,0,0,0.1375,0.0313,0.5789,5069580.5000
109.6798,-0.1896,0.6276,0.4839,0.0000,0,0,0.1373,0.0311,0.5789,5069580.5000
109.6897,0.0290,0.2149,0.4839,0.0000,0,0,0.1418,0.0345,0.5789,5069580.5000
109.7000,-0.1745,0.2167,0.4839,0.0000,0,0,0.1416,0.0343,0.5789,5069580.5000
109.7106,-0.0794,0.1875,0.4839,0.0000,0,0,0.1435,0.0357,0.5789,5069580.5000
109.7198,-0.1760,-0.5952,0.4839,0.0000,0,0,0.1430,0.0353,0.5789,5069580.5000
109.7298,-0.1370,-0.4221,0.4839,0.0000,0,0,0.1434,0.0356,0.5789,5069580.5000
109.7398,-0.5068,0.1477,0.4839,0.0000,0,0,0.1351,0.0303,0.5789,5069580.5000
109.7501,-0.4617,0.2332,0.4839,0.0000,0,0,0.1280,0.0260,0.5789,5069580.5000
109.7601,0.0363,0.1970,0.4839,0.0000,0,0,0.1329,0.0289,0.5789,5069580.5000
109.7698,-0.2001,0.4014,0.4839,0.0000,0,0,0.1320,0.0284,0.5789,5069580.5000
109.7798,-0.2599,0.4794,0.4839,0.0000,0,0,0.1296,0.0271,0.5789,5069580.5000
109.7897,-0.1022,-0.0505,0.4839,0.0000,0,0,0.1311,0.0278,0.5789,5069580.5000
109.8001,-0.0596,-0.2500,0.4839,0.0000,0,0,0.1334,0.0291,0.5789,5069580.5000
109.8101,-0.2035,-0.2515,0.4839,0.0000,0,0,0.1321,0.0284,0.5789,5069580.5000
109.8198,-0.3670,-0.2234,0.4839,0.0000,0,0,0.1270,0.0258,0.5789,5069580.5000
109.8298,-0.2971,0.0546,0.4839,0.0000,0,0,0.1237,0.0242,0.5789,5069580.5000
109.8398,-0.2142,0.0877,0.4839,0.0000,0,0,0.1225,0.0236,0.5789,5069580.5000
109.8508,-0.2809,0.3068,0.4839,0.0000,0,0,0.1197,0.0223,0.5789,5069580.5000
109.8606,-0.1577,0.6393,0.4839,0.0000,0,0,0.1199,0.0223,0.5789,5069580.5000
109.8698,-0.0735,0.0276,0.4839,0.0000,0,0,0.1220,0.0233,0.5789,5069580.5000
109.8797,-0.0468,-0.5340,0.4839,0.0000,0,0,0.1246,0.0244,0.5789,5069580.5000
109.8897,-0.2940,-0.2591,0.4839,0.0000,0,0,0.1214,0.0231,0.5789,5069580.5000
109.9001,-0.4659,-0.0399,0.4839,0.0000,0,0,0.1144,0.0202,0.5789,5069580.5000
109.9106,-0.2764,-0.2640,0.4839,0.0000,0,0,0.1120,0.0193,0.5789,5069580.5000
109.9198,-0.3002,0.1668,0.4839,0.0000,0,0,0.1091,0.0182,0.5789,5069580.5000
109.9298,-0.3088,0.8550,0.4839,0.0000,0,0,0.1062,0.0171,0.5789,5069580.5000
109.9398,0.0240,0.4686,0.4839,0.0000,0,0,0.1106,0.0187,0.5789,5069580.5000
109.9501,0.2059,-0.1119,0.4839,0.0000,0,0,0.1187,0.0213,0.5789,5069580.5000
109.9601,-0.1070,-0.0676,0.4839,0.0000,0,0,0.1198,0.0217,0.5789,5069580.5000
109.9697,-0.2574,-0.1923,0.4839,0.0000,0,0,0.1176,0.0210,0.5789,5069580.5000
109.9798,-0.2471,-0.4717,0.4839,0.0000,0,0,0.1158,0.0206,0.5789,5069580.5000
109.9897,-0.1569,0.0387,0.4839,0.0000,0,0,0.1159,0.0206,0.5789,5069580.5000
110.0001,-0.3626,0.4420,0.4839,0.0000,0,0,0.1117,0.0196,0.5789,5069580.5000
110.0104,-0.2387,0.2479,0.4839,0.0000,0,0,0.1103,0.0194,0.5789,5069580.5000
110.0198,0.0257,0.1627,0.4839,0.0000,0,0,0.1143,0.0201,0.5789,5069580.5000
110.0298,-0.2019,0.1829,0.4839,0.0000,0,0,0.1136,0.0200,0.5789,5069580.5000
110.0398,-0.1830,0.0315,0.4839,0.0000,0,0,0.1133,0.0199,0.5789,5069580.5000
110.0498,-0.1652,-0.0242,0.4839,0.0000,0,0,0.1133,0.0199,0.5789,5069580.5000
110.0606,-0.3051,0.0028,0.4839,0.0000,0,0,0.1106,0.0197,0.5789,5069580.5000
110.0698,-0.2491,-0.1410,0.4839,0.0000,0,0,0.1092,0.0197,0.5789,5069580.5000
110.0798,-0.4863,0.1970,0.4839,0.0000,0,0,0.1033,0.0196,0.5789,5069580.5000
110.0898,-0.1867,0.6080,0.4839,0.0000,0,0,0.1033,0.0196,0.5789,5069580.5000
110.1000,0.0030,0.1494,0.4839,0.0000,0,0,0.1068,0.0194,0.5789,5069580.5000
110.1106,0.0096,0.1962,0.4839,0.0000,0,0,0.1103,0.0191,0.5789,5069580.5000
110.1198,-0.0533,0.3219,0.4839,0.0000,0,0,0.1126,0.0188,0.5789,5069580.5000
110.1298,-0.2081,-0.3164,0.4839,0.0000,0,0,0.1120,0.0189,0.5789,5069580.5000
110.1398,0.0360,-0.4838,0.4839,0.0000,0,0,0.1157,0.0182,0.5789,5069580.5000
110.1501,-0.3143,-0.0775,0.4839,0.0000,0,0,0.1133,0.0188,0.5789,5069580.5000
110.1601,-0.4352,0.1822,0.4839,0.0000,0,0,0.1091,0.0199,0.5789,5069580.5000
110.1697,-0.0394,-0.0119,0.4839,0.0000,0,0,0.1115,0.0192,0.5789,5069580.5000
110.1798,-0.0761,0.1441,0.4839,0.0000,0,0,0.1133,0.0186,0.5789,5069580.5000
110.1898,-0.0999,0.5736,0.4839,0.0000,0,0,0.1146,0.0181,0.5789,5069580.5000
110.2001,-0.0907,0.2478,0.4839,0.0000,0,0,0.1161,0.0174,0.5789,5069580.5000
110.2101,0.1175,-0.1141,0.4839,0.0000,0,0,0.1206,0.0153,0.5789,5069580.5000
110.2199,-0.1095,-0.1731,0.4839,0.0000,0,0,0.1216,0.0148,0.5789,5069580.5000
110.2298,-0.4830,-0.1972,0.4839,0.0000,0,0,0.1173,0.0172,0.5789,5069580.5000
110.2397,-0.4559,-0.1016,0.4839,0.0000,0,0,0.1137,0.0195,0.5789,5069580.5000
110.2508,-0.2944,0.2182,0.4839,0.0000,0,0,0.1124,0.0203,0.5789,5069580.5000
110.2607,-0.2089,0.3817,0.4839,0.0000,0,0,0.1123,0.0204,0.5789,5069580.5000
110.2698,-0.2037,0.6855,0.4839,0.0000,0,0,0.1124,0.0204,0.5789,5069580.5000
110.2798,-0.0569,0.5749,0.4839,0.0000,0,0,0.1142,0.0188,0.5789,5069580.5000
110.2897,-0.0438,-0.3833,0.4839,0.0000,0,0,0.1160,0.0170,0.5789,5069580.5000
110.3001,-0.0910,-0.6774,0.4839,0.0000,0,0,0.1173,0.0157,0.5789,5069580.5000
110.3106,-0.4559,-0.0532,0.4839,0.0000,0,0,0.1147,0.0186,0.5789,5069580.5000
110.3198,-0.6743,0.1214,0.4839,0.0000,0,0,0.1102,0.0242,0.5789,5069580.5000
110.3298,-0.2151,0.2634,0.4839,0.0000,0,0,0.1103,0.0240,0.5789,5069580.5000
110.3398,-0.3766,0.6061,0.4839,0.0000,0,0,0.1090,0.0258,0.5789,5069580.5000
110.3501,-0.1322,0.5117,0.4839,0.0000,0,0,0.1099,0.0244,0.5789,5069580.5000
110.3601,0.1438,-0.0838,0.4839,0.0000,0,0,0.1129,0.0192,0.5789,5069580.5000
110.3698,-0.0227,-0.0639,0.4839,0.0000,0,0,0.1144,0.0163,0.5789,5069580.5000
110.3798,-0.2862,0.1429,0.4839,0.0000,0,0,0.1140,0.0171,0.5789,5069580.5000
110.3896,-0.6287,-0.0838,0.4839,0.0000,0,0,0.1116,0.0228,0.5789,5069580.5000
110.4001,-0.4090,0.0694,0.4839,0.0000,0,0,0.1107,0.0252,0.5789,5069580.5000
110.4101,-0.4764,0.3376,0.4839,0.0000,0,0,0.1097,0.0285,0.5789,5069580.5000
110.4198,-0.5005,0.5819,0.4839,0.0000,0,0,0.1086,0.0322,0.5789,5069580.5000
110.4297,-0.1047,0.4207,0.4839,0.0000,0,0,0.1093,0.0295,0.5789,5069580.5000
110.4398,-0.1252,0.3609,0.4839,0.0000,0,0,0.1097,0.0272,0.5789,5069580.5000
110.4507,-0.1585,0.5222,0.4839,0.0000,0,0,0.1100,0.0254,0.5789,5069580.5000
110.4606,-0.2198,0.0010,0.4839,0.0000,0,0,0.1101,0.0245,0.5789,5069580.5000
110.4698,-0.0434,-0.2033,0.4839,0.0000,0,0,0.1104,0.0207,0.5789,5069580.5000
110.4798,-0.4077,0.1924,0.4839,0.0000,0,0,0.1103,0.0229,0.5789,5069580.5000
110.4897,-0.6205,0.2339,0.4839,0.0000,0,0,0.1103,0.0286,0.5789,5069580.5000
110.5001,-0.3076,0.3206,0.4839,0.0000,0,0,0.1103,0.0289,0.5789,5069580.5000
110.5106,-0.2848,0.7347,0.4839,0.0000,0,0,0.1103,0.0287,0.5789,5069580.5000
110.5198,-0.3546,0.9875,0.4839,0.0000,0,0,0.1104,0.0297,0.5789,5069580.5000
110.5297,-0.1135,0.3763,0.4839,0.0000,0,0,0.1099,0.0264,0.5789,5069580.5000
110.5398,0.0493,-0.0356,0.4839,0.0000,0,0,0.1089,0.0204,0.5789,5069580.5000
110.5501,-0.1673,-0.0562,0.4839,0.0000,0,0,0.1085,0.0182,0.5789,5069580.5000
110.5601,-0.3984,0.1244,0.4839,0.0000,0,0,0.1089,0.0199,0.5789,5069580.5000
110.5698,-0.4407,0.2954,0.4839,0.0000,0,0,0.1095,0.0222,0.5789,5069580.5000
110.5798,-0.3757,0.4977,0.4839,0.0000,0,0,0.1099,0.0234,0.5789,5069580.5000
110.5897,-0.4271,0.5493,0.4839,0.0000,0,0,0.1105,0.0253,0.5789,5069580.5000
110.6001,-0.4709,0.7073,0.4839,0.0000,0,0,0.1115,0.0278,0.5789,5069580.5000
110.6100,-0.1581,0.6780,0.4839,0.0000,0,0,0.1103,0.0250,0.5789,5069580.5000
110.6198,-0.1394,-0.0226,0.4839,0.0000,0,0,0.1089,0.0219,0.5789,5069580.5000
110.6297,-0.1919,-0.0316,0.4839,0.0000,0,0,0.1078,0.0196,0.5789,5069580.5000
110.6398,-0.3744,0.3887,0.4839,0.0000,0,0,0.1082,0.0204,0.5789,5069580.5000
110.6507,-0.5977,0.3403,0.4839,0.0000,0,0,0.1107,0.0248,0.5789,5069580.5000
110.6606,-0.2486,0.3521,0.4839,0.0000,0,0,0.1098,0.0233,0.5789,5069580.5000
110.6698,-0.5476,0.8324,0.4839,0.0000,0,0,0.1119,0.0266,0.5789,5069580.5000
110.6798,-0.3704,1.0956,0.4839,0.0000,0,0,0.1121,0.0270,0.5789,5069580.5000
110.6897,-0.1825,0.4838,0.4839,0.0000,0,0,0.1103,0.0244,0.5789,5069580.5000
110.7001,-0.1929,0.2574,0.4839,0.0000,0,0,0.1085,0.0221,0.5789,5069580.5000
110.7106,-0.3557,0.5071,0.4839,0.0000,0,0,0.1086,0.0222,0.5789,5069580.5000
110.7198,-0.5895,0.0231,0.4839,0.0000,0,0,0.1115,0.0255,0.5789,5069580.5000
110.7298,-0.3031,0.0103,0.4839,0.0000,0,0,0.1108,0.0248,0.5789,5069580.5000
110.7398,-0.4857,0.3187,0.4839,0.0000,0,0,0.1124,0.0264,0.5789,5069580.5000
110.7501,-0.6243,0.6139,0.4839,0.0000,0,0,0.1159,0.0297,0.5789,5069580.5000
110.7602,-0.2071,0.6755,0.4839,0.0000,0,0,0.1136,0.0277,0.5789,5069580.5000
110.7698,-0.2473,0.7062,0.4839,0.0000,0,0,0.1118,0.0261,0.5789,5069580.5000
110.7798,-0.2139,0.5820,0.4839,0.0000,0,0,0.1095,0.0243,0.5789,5069580.5000
110.7897,-0.2477,0.3433,0.4839,0.0000,0,0,0.1077,0.0229,0.5789,5069580.5000
110.8001,-0.2860,0.1712,0.4839,0.0000,0,0,0.1064,0.0221,0.5789,5069580.5000
110.8101,-0.4270,-0.0159,0.4839,0.0000,0,0,0.1072,0.0226,0.5789,5069580.5000
110.8198,-0.5612,0.0748,0.4839,0.0000,0,0,0.1102,0.0244,0.5789,5069580.5000
110.8298,-0.5980,0.4686,0.4839,0.0000,0,0,0.1136,0.0263,0.5789,5069580.5000
110.8398,-0.5087,0.4693,0.4839,0.0000,0,0,0.1156,0.0273,0.5789,5069580.5000
110.8508,-0.4868,0.4423,0.4839,0.0000,0,0,0.1171,0.0281,0.5789,5069580.5000
110.8606,-0.4382,0.8149,0.4839,0.0000,0,0,0.1179,0.0284,0.5789,5069580.5000
110.8698,-0.2800,0.5354,0.4839,0.0000,0,0,0.1159,0.0276,0.5789,5069580.5000
110.8797,-0.3467,-0.0718,0.4839,0.0000,0,0,0.1151,0.0273,0.5789,5069580.5000
110.8898,-0.5059,-0.0227,0.4839,0.0000,0,0,0.1169,0.0279,0.5789,5069580.5000
110.9000,-0.7315,0.2546,0.4839,0.0000,0,0,0.1226,0.0294,0.5789,5069580.5000
110.9106,-0.6619,0.0399,0.4839,0.0000,0,0,0.1269,0.0303,0.5789,5069580.5000
110.9198,-0.3021,0.2582,0.4839,0.0000,0,0,0.1250,0.0300,0.5789,5069580.5000
110.9298,-0.6197,0.8260,0.4839,0.0000,0,0,0.1285,0.0305,0.5789,5069580.5000
110.9398,-0.4156,0.9744,0.4839,0.0000,0,0,0.1285,0.0305,0.5789,5069580.5000
110.9501,-0.1295,0.1976,0.4839,0.0000,0,0,0.1235,0.0302,0.5789,5069580.5000
110.9601,-0.3192,0.0577,0.4839,0.0000,0,0,0.1218,0.0302,0.5789,5069580.5000
110.9698,-0.3373,-0.0735,0.4839,0.0000,0,0,0.1205,0.0302,0.5789,5069580.5000
110.9798,-0.5997,-0.2787,0.4839,0.0000,0,0,0.1238,0.0300,0.5789,5069580.5000
110.9897,-0.3568,0.2597,0.4839,0.0000,0,0,0.1228,0.0301,0.5789,5069580.5000
111.0001,-0.4892,0.5156,0.4839,0.0000,0,0,0.1240,0.0299,0.5789,5069580.5000
111.0102,-0.7337,0.6935,0.4839,0.0000,0,0,0.1294,0.0287,0.5789,5069580.5000
111.0197,-0.4176,1.0369,0.4839,0.0000,0,0,0.1293,0.0288,0.5789,5069580.5000
111.0298,-0.2943,0.4663,0.4839,0.0000,0,0,0.1271,0.0294,0.5789,5069580.5000
111.0398,-0.0782,-0.0452,0.4839,0.0000,0,0,0.1216,0.0314,0.5789,5069580.5000
111.0506,-0.3148,0.0186,0.4839,0.0000,0,0,0.1201,0.0321,0.5789,5069580.5000
111.0606,-0.5312,0.2697,0.4839,0.0000,0,0,0.1220,0.0312,0.5789,5069580.5000
111.0698,-0.5455,0.1798,0.4839,0.0000,0,0,0.1241,0.0300,0.5789,5069580.5000
111.0798,-0.5871,0.3667,0.4839,0.0000,0,0,0.1267,0.0285,0.5789,5069580.5000
111.0897,-0.6767,1.0416,0.4839,0.0000,0,0,0.1306,0.0259,0.5789,5069580.5000
111.1000,-0.4015,0.7174,0.4839,0.0000,0,0,0.1303,0.0261,0.5789,5069580.5000
111.1106,-0.0527,0.2218,0.4839,0.0000,0,0,0.1251,0.0303,0.5789,5069580.5000
111.1198,-0.3673,0.5431,0.4839,0.0000,0,0,0.1246,0.0308,0.5789,5069580.5000
111.1298,-0.5322,0.4535,0.4839,0.0000,0,0,0.1262,0.0292,0.5789,5069580.5000
111.1398,-0.5084,-0.2066,0.4839,0.0000,0,0,0.1275,0.0279,0.5789,5069580.5000
111.1501,-0.4984,-0.0788,0.4839,0.0000,0,0,0.1286,0.0266,0.5789,5069580.5000
111.1601,-0.7378,0.0815,0.4839,0.0000,0,0,0.1324,0.0216,0.5789,5069580.5000
111.1698,-0.8605,0.1350,0.4839,0.0000,0,0,0.1374,0.0146,0.5789,5069580.5000
111.1798,-0.4115,0.3890,0.4839,0.0000,0,0,0.1373,0.0149,0.5789,5069580.5000
111.1897,-0.4828,0.5300,0.4839,0.0000,0,0,0.1378,0.0139,0.5789,5069580.5000
111.2001,-0.3917,0.5595,0.4839,0.0000,0,0,0.1375,0.0145,0.5789,5069580.5000
111.2101,-0.1965,0.3572,0.4839,0.0000,0,0,0.1355,0.0187,0.5789,5069580.5000
111.2198,-0.3121,-0.0688,0.4839,0.0000,0,0,0.1346,0.0207,0.5789,5069580.5000
111.2298,-0.3054,-0.4274,0.4839,0.0000,0,0,0.1338,0.0227,0.5789,5069580.5000
111.2398,-0.7006,-0.1823,0.4839,0.0000,0,0,0.1359,0.0167,0.5789,5069580.5000
111.2507,-0.7697,0.4360,0.4839,0.0000,0,0,0.1383,0.0092,0.5789,5069580.5000
111.2606,-0.6022,0.2963,0.4839,0.0000,0,0,0.1393,0.0053,0.5789,5069580.5000
111.2699,-0.5091,0.3292,0.4839,0.0000,0,0,0.1398,0.0034,0.5789,5069580.5000
111.2798,-0.5259,0.8342,0.4839,0.0000,0,0,0.1402,0.0011,0.5789,5069580.5000
111.2897,-0.3138,0.3531,0.4839,0.0000,0,0,0.1398,0.0035,0.5789,5069580.5000
111.3001,-0.1247,-0.3242,0.4839,0.0000,0,0,0.1390,0.0102,0.5789,5069580.5000
111.3106,-0.4762,-0.0851,0.4839,0.0000,0,0,0.1391,0.0085,0.5789,5069580.5000
111.3198,-0.6292,0.0184,0.4839,0.0000,0,0,0.1395,0.0032,0.5789,5069580.5000
111.3298,-0.6347,-0.3318,0.4839,0.0000,0,0,0.1397,-0.0023,0.5789,5069580.5000
111.3398,-0.4325,-0.1190,0.4839,0.0000,0,0,0.1397,-0.0028,0.5789,5069580.5000
111.3501,-0.4379,0.3606,0.4839,0.0000,0,0,0.1397,-0.0035,0.5789,5069580.5000
111.3601,-0.4149,0.3527,0.4839,0.0000,0,0,0.1397,-0.0036,0.5789,5069580.5000
111.3697,-0.0314,0.2740,0.4839,0.0000,0,0,0.1404,0.0057,0.5789,5069580.5000
111.3798,-0.3404,0.1983,0.4839,0.0000,0,0,0.1406,0.0069,0.5789,5069580.5000
111.3897,-0.4226,0.1365,0.4839,0.0000,0,0,0.1404,0.0059,0.5789,5069580.5000
111.4000,-0.2390,-0.1854,0.4839,0.0000,0,0,0.1410,0.0095,0.5789,5069580.5000
111.4101,-0.1765,-0.2335,0.4839,0.0000,0,0,0.1420,0.0145,0.5789,5069580.5000
111.4198,-0.0962,-0.1613,0.4839,0.0000,0,0,0.1435,0.0213,0.5789,5069580.5000
111.4297,-0.5201,-0.0288,0.4839,0.0000,0,0,0.1424,0.0169,0.5789,5069580.5000
111.4398,-0.5093,0.3178,0.4839,0.0000,0,0,0.1413,0.0129,0.5789,5069580.5000
111.4507,-0.3968,0.2260,0.4839,0.0000,0,0,0.1410,0.0118,0.5789,5069580.5000
111.4606,-0.3185,0.0946,0.4839,0.0000,0,0,0.1413,0.0126,0.5789,5069580.5000
111.4697,-0.1739,0.3394,0.4839,0.0000,0,0,0.1428,0.0169,0.5789,5069580.5000
111.4798,0.0326,0.2476,0.4839,0.0000,0,0,0.1464,0.0260,0.5789,5069580.5000
111.4897,-0.0105,-0.1367,0.4839,0.0000,0,0,0.1496,0.0336,0.5789,5069580.5000
111.5000,-0.1952,-0.0050,0.4839,0.0000,0,0,0.1507,0.0362,0.5789,5069580.5000
111.5106,-0.3313,0.1110,0.4839,0.0000,0,0,0.1503,0.0352,0.5789,5069580.5000
111.5198,-0.3816,-0.2940,0.4839,0.0000,0,0,0.1492,0.0330,0.5789,5069580.5000
111.5297,-0.2315,-0.2275,0.4839,0.0000,0,0,0.1499,0.0344,0.5789,5069580.5000
111.5397,-0.4946,0.3898,0.4839,0.0000,0,0,0.1470,0.0294,0.5789,5069580.5000
111.5500,-0.2338,0.4776,0.4839,0.0000,0,0,0.1478,0.0306,0.5789,5069580.5000
111.5601,0.1799,0.0629,0.4839,0.0000,0,0,0.1544,0.0410,0.5789,5069580.5000
111.5698,-0.1182,0.1962,0.4839,0.0000,0,0,0.1565,0.0441,0.5789,5069580.5000
111.5798,-0.0120,0.4547,0.4839,0.0000,0,0,0.1601,0.0493,0.5789,5069580.5000
111.5897,-0.1203,-0.1855,0.4839,0.0000,0,0,0.1619,0.0518,0.5789,5069580.5000
111.6001,-0.0815,-0.2200,0.4839,0.0000,0,0,0.1643,0.0548,0.5789,5069580.5000
111.6101,-0.2123,-0.0218,0.4839,0.0000,0,0,0.1643,0.0548,0.5789,5069580.5000
111.6198,-0.4356,-0.1598,0.4839,0.0000,0,0,0.1604,0.0502,0.5789,5069580.5000
111.6297,-0.0823,-0.1339,0.4839,0.0000,0,0,0.1627,0.0528,0.5789,5069580.5000
111.6398,-0.0742,0.2508,0.4839,0.0000,0,0,0.1651,0.0554,0.5789,5069580.5000
111.6507,-0.2713,0.5202,0.4839,0.0000,0,0,0.1636,0.0539,0.5789,5069580.5000
111.6607,-0.0486,0.4967,0.4839,0.0000,0,0,0.1663,0.0567,0.5789,5069580.5000
111.6698,-0.1917,0.2768,0.4839,0.0000,0,0,0.1661,0.0565,0.5789,5069580.5000
111.6798,-0.1445,0.0258,0.4839,0.0000,0,0,0.1668,0.0571,0.5789,5069580.5000
111.6897,-0.2792,-0.2865,0.4839,0.0000,0,0,0.1647,0.0551,0.5789,5069580.5000
111.7000,-0.2405,-0.2101,0.4839,0.0000,0,0,0.1633,0.0538,0.5789,5069580.5000
111.7106,-0.1766,-0.4617,0.4839,0.0000,0,0,0.1631,0.0537,0.5789,5069580.5000
111.7197,-0.0282,-0.2730,0.4839,0.0000,0,0,0.1660,0.0561,0.5789,5069580.5000
111.7297,-0.3742,0.5787,0.4839,0.0000,0,0,0.1615,0.0524,0.5789,5069580.5000
111.7398,-0.2538,0.6542,0.4839,0.0000,0,0,0.1595,0.0509,0.5789,5069580.5000
111.7501,-0.1288,-0.0608,0.4839,0.0000,0,0,0.1602,0.0514,0.5789,5069580.5000
111.7601,-0.3144,0.0426,0.4839,0.0000,0,0,0.1567,0.0488,0.5789,5069580.5000
111.7698,-0.1998,-0.0427,0.4839,0.0000,0,0,0.1558,0.0482,0.5789,5069580.5000
111.7798,-0.0572,-0.6302,0.4839,0.0000,0,0,0.1581,0.0498,0.5789,5069580.5000
111.7897,-0.0157,-0.2931,0.4839,0.0000,0,0,0.1612,0.0519,0.5789,5069580.5000
111.8001,-0.1898,-0.0265,0.4839,0.0000,0,0,0.1601,0.0511,0.5789,5069580.5000
111.8101,-0.4557,-0.0607,0.4839,0.0000,0,0,0.1527,0.0465,0.5789,5069580.5000
111.8198,-0.1437,0.1508,0.4839,0.0000,0,0,0.1529,0.0466,0.5789,5069580.5000
111.8297,-0.4378,0.1830,0.4839,0.0000,0,0,0.1460,0.0426,0.5789,5069580.5000
111.8398,-0.3505,0.3051,0.4839,0.0000,0,0,0.1414,0.0399,0.5789,5069580.5000
111.8507,-0.1674,0.2901,0.4839,0.0000,0,0,0.1413,0.0398,0.5789,5069580.5000
111.8606,-0.0597,-0.0078,0.4839,0.0000,0,0,0.1437,0.0412,0.5789,5069580.5000
111.8697,-0.0427,-0.3296,0.4839,0.0000,0,0,0.1464,0.0426,0.5789,5069580.5000
111.8797,-0.2046,-0.2554,0.4839,0.0000,0,0,0.1450,0.0419,0.5789,5069580.5000
111.8897,-0.4192,0.1283,0.4839,0.0000,0,0,0.1386,0.0386,0.5789,5069580.5000
111.9001,-0.3187,-0.1381,0.4839,0.0000,0,0,0.1348,0.0367,0.5789,5069580.5000
111.9106,-0.2389,0.0101,0.4839,0.0000,0,0,0.1330,0.0359,0.5789,5069580.5000
111.9198,-0.4312,0.7339,0.4839,0.0000,0,0,0.1267,0.0330,0.5789,5069580.5000
111.9298,-0.2994,0.5412,0.4839,0.0000,0,0,0.1238,0.0316,0.5789,5069580.5000
111.9398,0.1238,-0.0632,0.4839,0.0000,0,0,0.1307,0.0347,0.5789,5069580.5000
111.9501,-0.0670,-0.0767,0.4839,0.0000,0,0,0.1329,0.0356,0.5789,5069580.5000
111.9601,-0.0902,-0.1088,0.4839,0.0000,0,0,0.1345,0.0363,0.5789,5069580.5000
111.9698,-0.3250,-0.2812,0.4839,0.0000,0,0,0.1307,0.0348,0.5789,5069580.5000
111.9798,-0.1741,-0.0024,0.4839,0.0000,0,0,0.1305,0.0347,0.5789,5069580.5000
111.9897,-0.2822,0.0728,0.4839,0.0000,0,0,0.1278,0.0337,0.5789,5069580.5000
112.0001,-0.4504,0.2615,0.4839,0.0000,0,0,0.1216,0.0314,0.5789,5069580.5000
112.0102,-0.0821,0.4542,0.4839,0.0000,0,0,0.1236,0.0321,0.5789,5069580.5000
112.0198,0.0141,0.1031,0.4839,0.0000,0,0,0.1276,0.0334,0.5789,5069580.5000
112.0297,0.1198,-0.1433,0.4839,0.0000,0,0,0.1336,0.0353,0.5789,5069580.5000
112.0398,-0.0148,-0.0938,0.4839,0.0000,0,0,0.1366,0.0361,0.5789,5069580.5000
112.0507,-0.1567,-0.0446,0.4839,0.0000,0,0,0.1365,0.0361,0.5789,5069580.5000
112.0606,0.0013,-0.3676,0.4839,0.0000,0,0,0.1397,0.0368,0.5789,5069580.5000
112.0697,-0.1126,-0.1299,0.4839,0.0000,0,0,0.1404,0.0370,0.5789,5069580.5000
112.0798,-0.3778,0.6992,0.4839,0.0000,0,0,0.1357,0.0361,0.5789,5069580.5000
112.0897,-0.2634,0.5658,0.4839,0.0000,0,0,0.1334,0.0357,0.5789,5069580.5000
112.1000,0.1688,0.2097,0.4839,0.0000,0,0,0.1401,0.0366,0.5789,5069580.5000
112.1106,0.0581,0.3796,0.4839,0.0000,0,0,0.1442,0.0371,0.5789,5069580.5000
112.1197,-0.0228,0.1731,0.4839,0.0000,0,0,0.1466,0.0373,0.5789,5069580.5000
112.1298,0.0100,-0.2405,0.4839,0.0000,0,0,0.1496,0.0375,0.5789,5069580.5000
112.1398,-0.0787,-0.1701,0.4839,0.0000,0,0,0.1507,0.0376,0.5789,5069580.5000
112.1501,-0.0808,-0.1233,0.4839,0.0000,0,0,0.1518,0.0376,0.5789,5069580.5000
112.1601,-0.3837,0.1897,0.4839,0.0000,0,0,0.1473,0.0377,0.5789,5069580.5000
112.1698,-0.1688,0.6392,0.4839,0.0000,0,0,0.1469,0.0377,0.5789,5069580.5000
112.1798,-0.0283,0.3152,0.4839,0.0000,0,0,0.1491,0.0375,0.5789,5069580.5000
112.1897,-0.0669,0.2486,0.4839,0.0000,0,0,0.1505,0.0373,0.5789,5069580.5000
112.2001,-0.0752,0.6283,0.4839,0.0000,0,0,0.1518,0.0371,0.5789,5069580.5000
112.2096,-0.1547,0.0774,0.4839,0.0000,0,0,0.1517,0.0371,0.5789,5069580.5000
112.2201,0.0486,-0.4614,0.4839,0.0000,0,0,0.1551,0.0363,0.5789,5069580.5000
112.2297,-0.0532,-0.1824,0.4839,0.0000,0,0,0.1567,0.0359,0.5789,5069580.5000
112.2397,-0.2842,0.2268,0.4839,0.0000,0,0,0.1545,0.0366,0.5789,5069580.5000
112.2507,-0.2803,0.2800,0.4839,0.0000,0,0,0.1525,0.0373,0.5789,5069580.5000
112.2598,-0.1186,0.4480,0.4839,0.0000,0,0,0.1532,0.0370,0.5789,5069580.5000
112.2700,-0.1500,0.3901,0.4839,0.0000,0,0,0.1534,0.0370,0.5789,5069580.5000
112.2798,-0.2211,0.3873,0.4839,0.0000,0,0,0.1526,0.0373,0.5789,5069580.5000
112.2898,0.0893,0.4850,0.4839,0.0000,0,0,0.1563,0.0354,0.5789,5069580.5000
112.3001,-0.0691,-0.0902,0.4839,0.0000,0,0,0.1577,0.0345,0.5789,5069580.5000
112.3098,-0.1370,-0.3714,0.4839,0.0000,0,0,0.1581,0.0343,0.5789,5069580.5000
112.3207,-0.4681,0.1793,0.4839,0.0000,0,0,0.1542,0.0370,0.5789,5069580.5000
112.3297,-0.6578,0.1695,0.4839,0.0000,0,0,0.1482,0.0416,0.5789,5069580.5000
112.3398,-0.0619,0.0212,0.4839,0.0000,0,0,0.1499,0.0402,0.5789,5069580.5000
112.3500,-0.2215,0.4197,0.4839,0.0000,0,0,0.1496,0.0404,0.5789,5069580.5000
112.3598,-0.2288,0.6756,0.4839,0.0000,0,0,0.1493,0.0407,0.5789,5069580.5000
112.3706,-0.0457,0.3144,0.4839,0.0000,0,0,0.1510,0.0389,0.5789,5069580.5000
112.3798,0.0265,0.1185,0.4839,0.0000,0,0,0.1534,0.0361,0.5789,5069580.5000
112.3897,-0.0674,-0.2134,0.4839,0.0000,0,0,0.1548,0.0344,0.5789,5069580.5000
112.4000,-0.3403,-0.3673,0.4839,0.0000,0,0,0.1536,0.0361,0.5789,5069580.5000
112.4097,-0.5363,0.0884,0.4839,0.0000,0,0,0.1508,0.0403,0.5789,5069580.5000
112.4201,-0.4104,-0.0453,0.4839,0.0000,0,0,0.1493,0.0427,0.5789,5069580.5000
112.4297,-0.1504,0.0284,0.4839,0.0000,0,0,0.1499,0.0416,0.5789,5069580.5000
112.4397,-0.3185,0.6162,0.4839,0.0000,0,0,0.1493,0.0427,0.5789,5069580.5000
112.4507,-0.1356,0.6353,0.4839,0.0000,0,0,0.1500,0.0411,0.5789,5069580.5000
112.4598,0.0584,-0.0924,0.4839,0.0000,0,0,0.1518,0.0367,0.5789,5069580.5000
112.4701,-0.3057,-0.1877,0.4839,0.0000,0,0,0.1515,0.0376,0.5789,5069580.5000
112.4798,-0.3710,-0.1510,0.4839,0.0000,0,0,0.1509,0.0395,0.5789,5069580.5000
112.4897,-0.6386,-0.2708,0.4839,0.0000,0,0,0.1494,0.0454,0.5789,5069580.5000
112.5001,-0.3561,0.0517,0.4839,0.0000,0,0,0.1491,0.0467,0.5789,5069580.5000
112.5098,-0.4836,0.3500,0.4839,0.0000,0,0,0.1484,0.0500,0.5789,5069580.5000
112.5208,-0.5955,0.5797,0.4839,0.0000,0,0,0.1477,0.0550,0.5789,5069580.5000
112.5297,-0.3033,0.7940,0.4839,0.0000,0,0,0.1477,0.0551,0.5789,5069580.5000
112.5398,-0.2430,0.4209,0.4839,0.0000,0,0,0.1478,0.0541,0.5789,5069580.5000
112.5501,-0.1942,-0.0409,0.4839,0.0000,0,0,0.1478,0.0523,0.5789,5069580.5000
112.5598,-0.4138,-0.0456,0.4839,0.0000,0,0,0.1479,0.0540,0.5789,5069580.5000
112.5706,-0.5156,-0.0424,0.4839,0.0000,0,0,0.1480,0.0574,0.5789,5069580.5000
112.5798,-0.3869,-0.3473,0.4839,0.0000,0,0,0.1481,0.0585,0.5789,5069580.5000
112.5897,-0.5032,0.0427,0.4839,0.0000,0,0,0.1484,0.0614,0.5789,5069580.5000
112.6001,-0.7172,0.7888,0.4839,0.0000,0,0,0.1494,0.0679,0.5789,5069580.5000
112.6097,-0.5004,0.5718,0.4839,0.0000,0,0,0.1499,0.0705,0.5789,5069580.5000
112.6201,-0.0240,0.5258,0.4839,0.0000,0,0,0.1486,0.0647,0.5789,5069580.5000
112.6297,-0.2652,0.6489,0.4839,0.0000,0,0,0.1482,0.0631,0.5789,5069580.5000
112.6398,-0.2633,0.3368,0.4839,0.0000,0,0,0.1477,0.0614,0.5789,5069580.5000
112.6508,-0.1531,-0.0954,0.4839,0.0000,0,0,0.1466,0.0579,0.5789,5069580.5000
112.6598,-0.2850,0.0075,0.4839,0.0000,0,0,0.1461,0.0565,0.5789,5069580.5000
112.6700,-0.3646,0.0668,0.4839,0.0000,0,0,0.1461,0.0565,0.5789,5069580.5000
112.6798,-0.6837,0.3192,0.4839,0.0000,0,0,0.1484,0.0618,0.5789,5069580.5000
112.6897,-0.4030,0.6189,0.4839,0.0000,0,0,0.1485,0.0622,0.5789,5069580.5000
112.7000,-0.2716,0.4207,0.4839,0.0000,0,0,0.1476,0.0604,0.5789,5069580.5000
112.7098,-0.4407,0.4952,0.4839,0.0000,0,0,0.1481,0.0613,0.5789,5069580.5000
112.7207,-0.4545,0.7726,0.4839,0.0000,0,0,0.1487,0.0623,0.5789,5069580.5000
112.7297,-0.4804,0.3095,0.4839,0.0000,0,0,0.1495,0.0636,0.5789,5069580.5000
112.7398,-0.2905,-0.2088,0.4839,0.0000,0,0,0.1483,0.0619,0.5789,5069580.5000
112.7500,-0.4371,-0.0128,0.4839,0.0000,0,0,0.1487,0.0624,0.5789,5069580.5000
112.7598,-0.6613,0.3610,0.4839,0.0000,0,0,0.1515,0.0662,0.5789,5069580.5000
112.7706,-0.6820,0.2380,0.4839,0.0000,0,0,0.1546,0.0701,0.5789,5069580.5000
112.7798,-0.4821,0.4515,0.4839,0.0000,0,0,0.1553,0.0709,0.5789,5069580.5000
112.7897,-0.5253,0.8403,0.4839,0.0000,0,0,0.1565,0.0722,0.5789,5069580.5000
112.8001,-0.4870,0.5842,0.4839,0.0000,0,0,0.1571,0.0729,0.5789,5069580.5000
112.8098,-0.0683,0.3747,0.4839,0.0000,0,0,0.1522,0.0680,0.5789,5069580.5000
112.8201,-0.3863,0.2207,0.4839,0.0000,0,0,0.1516,0.0674,0.5789,5069580.5000
112.8298,-0.4493,0.1151,0.4839,0.0000,0,0,0.1518,0.0676,0.5789,5069580.5000
112.8398,-0.4629,0.1034,0.4839,0.0000,0,0,0.1521,0.0679,0.5789,5069580.5000
112.8507,-0.4805,0.2601,0.4839,0.0000,0,0,0.1527,0.0683,0.5789,5069580.5000
112.8598,-0.3199,0.2016,0.4839,0.0000,0,0,0.1508,0.0669,0.5789,5069580.5000
112.8700,-0.5601,0.4652,0.4839,0.0000,0,0,0.1526,0.0681,0.5789,5069580.5000
112.8798,-0.4547,0.9844,0.4839,0.0000,0,0,0.1527,0.0682,0.5789,5069580.5000
112.8898,-0.2190,0.5960,0.4839,0.0000,0,0,0.1490,0.0660,0.5789,5069580.5000
112.9001,-0.1188,0.2778,0.4839,0.0000,0,0,0.1438,0.0632,0.5789,5069580.5000
112.9097,-0.1851,0.6090,0.4839,0.0000,0,0,0.1396,0.0611,0.5789,5069580.5000
112.9207,-0.3260,0.1768,0.4839,0.0000,0,0,0.1378,0.0603,0.5789,5069580.5000
112.9297,-0.3357,-0.2720,0.4839,0.0000,0,0,0.1361,0.0596,0.5789,5069580.5000
112.9397,-0.5439,0.1271,0.4839,0.0000,0,0,0.1379,0.0603,0.5789,5069580.5000
112.9500,-0.8272,0.5435,0.4839,0.0000,0,0,0.1445,0.0624,0.5789,5069580.5000
112.9598,-0.6811,0.3178,0.4839,0.0000,0,0,0.1484,0.0636,0.5789,5069580.5000
112.9707,-0.3570,0.4110,0.4839,0.0000,0,0,0.1468,0.0632,0.5789,5069580.5000
112.9798,-0.5508,0.7265,0.4839,0.0000,0,0,0.1484,0.0635,0.5789,5069580.5000
112.9897,-0.4644,0.6374,0.4839,0.0000,0,0,0.1486,0.0635,0.5789,5069580.5000
113.0001,-0.1909,0.4141,0.4839,0.0000,0,0,0.1440,0.0630,0.5789,5069580.5000
113.0099,-0.4335,0.4643,0.4839,0.0000,0,0,0.1437,0.0630,0.5789,5069580.5000
113.0201,-0.5147,0.2734,0.4839,0.0000,0,0,0.1449,0.0630,0.5789,5069580.5000
113.0297,-0.5218,-0.0733,0.4839,0.0000,0,0,0.1461,0.0630,0.5789,5069580.5000
113.0398,-0.4899,0.0589,0.4839,0.0000,0,0,0.1467,0.0630,0.5789,5069580.5000
113.0507,-0.5918,0.0719,0.4839,0.0000,0,0,0.1491,0.0628,0.5789,5069580.5000
113.0598,-0.7799,0.2003,0.4839,0.0000,0,0,0.1546,0.0620,0.5789,5069580.5000
113.0701,-0.2184,0.6121,0.4839,0.0000,0,0,0.1505,0.0628,0.5789,5069580.5000
113.0798,-0.2297,0.4524,0.4839,0.0000,0,0,0.1467,0.0636,0.5789,5069580.5000
113.0898,-0.2876,0.4407,0.4839,0.0000,0,0,0.1440,0.0644,0.5789,5069580.5000
113.1001,-0.2975,0.5070,0.4839,0.0000,0,0,0.1416,0.0652,0.5789,5069580.5000
113.1097,-0.4349,0.2035,0.4839,0.0000,0,0,0.1416,0.0652,0.5789,5069580.5000
113.1207,-0.5256,-0.0303,0.4839,0.0000,0,0,0.1430,0.0646,0.5789,5069580.5000
113.1298,-0.6043,0.0155,0.4839,0.0000,0,0,0.1455,0.0633,0.5789,5069580.5000
113.1398,-0.5100,0.2063,0.4839,0.0000,0,0,0.1466,0.0627,0.5789,5069580.5000
113.1501,-0.3727,0.1727,0.4839,0.0000,0,0,0.1456,0.0634,0.5789,5069580.5000
113.1597,-0.4289,0.2971,0.4839,0.0000,0,0,0.1455,0.0635,0.5789,5069580.5000
113.1705,-0.4094,0.7585,0.4839,0.0000,0,0,0.1451,0.0637,0.5789,5069580.5000
113.1798,-0.2830,0.6940,0.4839,0.0000,0,0,0.1430,0.0655,0.5789,5069580.5000
113.1897,-0.3082,0.3172,0.4839,0.0000,0,0,0.1414,0.0669,0.5789,5069580.5000
113.2001,-0.4249,0.1785,0.4839,0.0000,0,0,0.1415,0.0668,0.5789,5069580.5000
113.2097,-0.2724,0.0934,0.4839,0.0000,0,0,0.1397,0.0689,0.5789,5069580.5000
113.2201,-0.3794,0.0186,0.4839,0.0000,0,0,0.1393,0.0693,0.5789,5069580.5000
113.2297,-0.4306,0.2491,0.4839,0.0000,0,0,0.1396,0.0690,0.5789,5069580.5000
113.2398,-0.5485,0.3225,0.4839,0.0000,0,0,0.1412,0.0667,0.5789,5069580.5000
113.2507,-0.5262,0.4114,0.4839,0.0000,0,0,0.1424,0.0646,0.5789,5069580.5000
113.2598,-0.4884,0.5676,0.4839,0.0000,0,0,0.1433,0.0632,0.5789,5069580.5000
113.2701,-0.7123,0.7107,0.4839,0.0000,0,0,0.1462,0.0576,0.5789,5069580.5000
113.2798,-0.2473,0.7526,0.4839,0.0000,0,0,0.1447,0.0606,0.5789,5069580.5000
113.2897,-0.3176,0.3084,0.4839,0.0000,0,0,0.1440,0.0623,0.5789,5069580.5000
113.3001,-0.3243,0.0531,0.4839,0.0000,0,0,0.1435,0.0637,0.5789,5069580.5000
113.3098,-0.4638,0.0087,0.4839,0.0000,0,0,0.1440,0.0622,0.5789,5069580.5000
113.3207,-0.5908,-0.1298,0.4839,0.0000,0,0,0.1453,0.0579,0.5789,5069580.5000
113.3297,-0.4077,-0.0638,0.4839,0.0000,0,0,0.1454,0.0575,0.5789,5069580.5000
113.3398,-0.6113,0.3835,0.4839,0.0000,0,0,0.1465,0.0526,0.5789,5069580.5000
113.3501,-0.5029,0.9183,0.4839,0.0000,0,0,0.1469,0.0501,0.5789,5069580.5000
113.3598,-0.2422,0.7419,0.4839,0.0000,0,0,0.1464,0.0535,0.5789,5069580.5000
113.3706,-0.3002,0.3600,0.4839,0.0000,0,0,0.1462,0.0553,0.5789,5069580.5000
113.3798,-0.3369,0.4372,0.4839,0.0000,0,0,0.1461,0.0562,0.5789,5069580.5000
113.3898,-0.3776,0.1706,0.4839,0.0000,0,0,0.1461,0.0560,0.5789,5069580.5000
113.4001,-0.1672,-0.1498,0.4839,0.0000,0,0,0.1460,0.0608,0.5789,5069580.5000
113.4097,-0.3259,0.0935,0.4839,0.0000,0,0,0.1460,0.0615,0.5789,5069580.5000
113.4201,-0.5561,0.6459,0.4839,0.0000,0,0,0.1458,0.0564,0.5789,5069580.5000
113.4297,-0.6150,0.3873,0.4839,0.0000,0,0,0.1454,0.0498,0.5789,5069580.5000
113.4397,-0.2972,0.2616,0.4839,0.0000,0,0,0.1456,0.0513,0.5789,5069580.5000
113.4507,-0.4544,0.6165,0.4839,0.0000,0,0,0.1452,0.0487,0.5789,5069580.5000
113.4598,-0.3103,0.6675,0.4839,0.0000,0,0,0.1454,0.0496,0.5789,5069580.5000
113.4700,0.0703,0.2061,0.4839,0.0000,0,0,0.1473,0.0601,0.5789,5069580.5000
113.4798,-0.1985,0.4276,0.4839,0.0000,0,0,0.1479,0.0633,0.5789,5069580.5000
113.4898,-0.2550,0.5532,0.4839,0.0000,0,0,0.1483,0.0648,0.5789,5069580.5000
113.5001,-0.3713,-0.0100,0.4839,0.0000,0,0,0.1478,0.0632,0.5789,5069580.5000
113.5098,-0.2033,-0.0496,0.4839,0.0000,0,0,0.1486,0.0657,0.5789,5069580.5000
113.5207,-0.3519,0.3439,0.4839,0.0000,0,0,0.1481,0.0643,0.5789,5069580.5000
113.5298,-0.6780,0.4742,0.4839,0.0000,0,0,0.1448,0.0547,0.5789,5069580.5000
113.5398,-0.1060,0.6076,0.4839,0.0000,0,0,0.1466,0.0596,0.5789,5069580.5000
113.5500,-0.1550,0.3904,0.4839,0.0000,0,0,0.1480,0.0630,0.5789,5069580.5000
113.5598,-0.0531,0.3711,0.4839,0.0000,0,0,0.1504,0.0686,0.5789,5069580.5000
113.5706,-0.0830,0.3289,0.4839,0.0000,0,0,0.1525,0.0731,0.5789,5069580.5000
113.5798,-0.1339,0.2143,0.4839,0.0000,0,0,0.1539,0.0761,0.5789,5069580.5000
113.5897,-0.1566,-0.1276,0.4839,0.0000,0,0,0.1551,0.0782,0.5789,5069580.5000
113.6001,-0.3900,-0.1653,0.4839,0.0000,0,0,0.1531,0.0746,0.5789,5069580.5000
113.6098,-0.4818,0.3329,0.4839,0.0000,0,0,0.1498,0.0689,0.5789,5069580.5000
113.6201,-0.3884,0.2140,0.4839,0.0000,0,0,0.1477,0.0656,0.5789,5069580.5000
113.6298,-0.1049,0.0424,0.4839,0.0000,0,0,0.1497,0.0687,0.5789,5069580.5000
113.6398,-0.2721,0.5174,0.4839,0.0000,0,0,0.1492,0.0679,0.5789,5069580.5000
113.6507,-0.0948,0.6043,0.4839,0.0000,0,0,0.1513,0.0708,0.5789,5069580.5000
113.6598,0.1703,-0.1609,0.4839,0.0000,0,0,0.1576,0.0792,0.5789,5069580.5000
113.6701,-0.0449,-0.2408,0.4839,0.0000,0,0,0.1602,0.0825,0.5789,5069580.5000
113.6798,-0.1533,0.1028,0.4839,0.0000,0,0,0.1609,0.0833,0.5789,5069580.5000
113.6898,-0.4757,-0.2190,0.4839,0.0000,0,0,0.1558,0.0774,0.5789,5069580.5000
113.7001,-0.2089,-0.2181,0.4839,0.0000,0,0,0.1554,0.0770,0.5789,5069580.5000
113.7098,-0.5064,0.2921,0.4839,0.0000,0,0,0.1496,0.0707,0.5789,5069580.5000
113.7207,-0.4957,0.6082,0.4839,0.0000,0,0,0.1440,0.0647,0.5789,5069580.5000
113.7297,-0.1839,0.1372,0.4839,0.0000,0,0,0.1444,0.0651,0.5789,5069580.5000
113.7398,-0.2739,0.1225,0.4839,0.0000,0,0,0.1429,0.0637,0.5789,5069580.5000
113.7501,-0.2179,0.5608,0.4839,0.0000,0,0,0.1425,0.0633,0.5789,5069580.5000
113.7598,-0.1280,0.0478,0.4839,0.0000,0,0,0.1438,0.0645,0.5789,5069580.5000
113.7705,0.0327,-0.2988,0.4839,0.0000,0,0,0.1483,0.0685,0.5789,5069580.5000
113.7798,-0.1689,0.0138,0.4839,0.0000,0,0,0.1484,0.0686,0.5789,5069580.5000
113.7898,-0.5161,0.0899,0.4839,0.0000,0,0,0.1414,0.0627,0.5789,5069580.5000
113.8001,-0.3014,-0.0961,0.4839,0.0000,0,0,0.1389,0.0607,0.5789,5069580.5000
113.8098,-0.3573,0.0641,0.4839,0.0000,0,0,0.1352,0.0578,0.5789,5069580.5000
113.8201,-0.3948,0.5895,0.4839,0.0000,0,0,0.1307,0.0544,0.5789,5069580.5000
113.8298,-0.2575,0.4773,0.4839,0.0000,0,0,0.1293,0.0534,0.5789,5069580.5000
113.8398,0.1504,0.2737,0.4839,0.0000,0,0,0.1370,0.0588,0.5789,5069580.5000
113.8507,-0.1202,0.2123,0.4839,0.0000,0,0,0.1383,0.0597,0.5789,5069580.5000
113.8598,-0.2641,-0.0145,0.4839,0.0000,0,0,0.1362,0.0583,0.5789,5069580.5000
113.8701,-0.2956,-0.3708,0.4839,0.0000,0,0,0.1334,0.0565,0.5789,5069580.5000
113.8798,-0.2653,-0.2030,0.4839,0.0000,0,0,0.1313,0.0552,0.5789,5069580.5000
113.8898,-0.3049,0.1619,0.4839,0.0000,0,0,0.1283,0.0534,0.5789,5069580.5000
113.9001,-0.5051,0.5388,0.4839,0.0000,0,0,0.1206,0.0489,0.5789,5069580.5000
113.9098,-0.1319,0.8314,0.4839,0.0000,0,0,0.1220,0.0497,0.5789,5069580.5000
113.9207,-0.0985,0.4901,0.4839,0.0000,0,0,0.1242,0.0509,0.5789,5069580.5000
113.9298,-0.0799,0.1252,0.4839,0.0000,0,0,0.1267,0.0522,0.5789,5069580.5000
113.9398,0.1175,0.0244,0.4839,0.0000,0,0,0.1337,0.0560,0.5789,5069580.5000
113.9500,-0.0657,-0.2717,0.4839,0.0000,0,0,0.1361,0.0572,0.5789,5069580.5000
113.9598,0.0723,-0.3520,0.4839,0.0000,0,0,0.1415,0.0599,0.5789,5069580.5000
113.9705,-0.3440,-0.0982,0.4839,0.0000,0,0,0.1369,0.0577,0.5789,5069580.5000
113.9798,-0.2410,0.5097,0.4839,0.0000,0,0,0.1349,0.0567,0.5789,5069580.5000
113.9897,-0.0913,0.3933,0.4839,0.0000,0,0,0.1365,0.0574,0.5789,5069580.5000
114.0001,-0.2354,0.3335,0.4839,0.0000,0,0,0.1346,0.0566,0.5789,5069580.5000
114.0099,-0.0741,0.6368,0.4839,0.0000,0,0,0.1365,0.0574,0.5789,5069580.5000
114.0201,-0.0744,0.2087,0.4839,0.0000,0,0,0.1383,0.0582,0.5789,5069580.5000
114.0298,0.0019,-0.1359,0.4839,0.0000,0,0,0.1417,0.0596,0.5789,5069580.5000
114.0398,-0.1581,0.0094,0.4839,0.0000,0,0,0.1414,0.0595,0.5789,5069580.5000
114.0507,-0.2955,0.0775,0.4839,0.0000,0,0,0.1381,0.0582,0.5789,5069580.5000
114.0598,-0.1269,-0.1822,0.4839,0.0000,0,0,0.1386,0.0584,0.5789,5069580.5000
114.0700,-0.2147,0.1481,0.4839,0.0000,0,0,0.1371,0.0579,0.5789,5069580.5000
114.0798,-0.2563,0.8291,0.4839,0.0000,0,0,0.1349,0.0571,0.5789,5069580.5000
114.0898,-0.0973,0.6379,0.4839,0.0000,0,0,0.1362,0.0575,0.5789,5069580.5000
114.1001,0.0958,0.2261,0.4839,0.0000,0,0,0.1415,0.0591,0.5789,5069580.5000
114.1097,-0.0629,0.3769,0.4839,0.0000,0,0,0.1433,0.0596,0.5789,5069580.5000
114.1208,0.0025,0.0915,0.4839,0.0000,0,0,0.1464,0.0604,0.5789,5069580.5000
114.1297,-0.0102,-0.6854,0.4839,0.0000,0,0,0.1491,0.0610,0.5789,5069580.5000
114.1398,-0.1685,-0.2545,0.4839,0.0000,0,0,0.1485,0.0609,0.5789,5069580.5000
114.1500,-0.4171,0.4384,0.4839,0.0000,0,0,0.1428,0.0598,0.5789,5069580.5000
114.1598,-0.3353,0.3364,0.4839,0.0000,0,0,0.1390,0.0592,0.5789,5069580.5000
114.1706,0.0576,0.3313,0.4839,0.0000,0,0,0.1434,0.0598,0.5789,5069580.5000
114.1798,-0.2697,0.5308,0.4839,0.0000,0,0,0.1410,0.0596,0.5789,5069580.5000
114.1898,-0.0460,0.3257,0.4839,0.0000,0,0,0.1433,0.0597,0.5789,5069580.5000
114.2001,0.0842,-0.2459,0.4839,0.0000,0,0,0.1479,0.0600,0.5789,5069580.5000
114.2098,-0.0429,-0.2788,0.4839,0.0000,0,0,0.1500,0.0600,0.5789,5069580.5000
114.2201,-0.0533,-0.1510,0.4839,0.0000,0,0,0.1519,0.0600,0.5789,5069580.5000
114.2297,-0.4182,-0.1574,0.4839,0.0000,0,0,0.1469,0.0602,0.5789,5069580.5000
114.2397,-0.2151,0.2858,0.4839,0.0000,0,0,0.1459,0.0603,0.5789,5069580.5000
114.2507,-0.2266,0.2882,0.4839,0.0000,0,0,0.1448,0.0604,0.5789,5069580.5000
114.2598,-0.2847,0.3247,0.4839,0.0000,0,0,0.1427,0.0607,0.5789,5069580.5000
114.2701,0.0668,0.4788,0.4839,0.0000,0,0,0.1469,0.0599,0.5789,5069580.5000
114.2798,0.0327,0.0298,0.4839,0.0000,0,0,0.1504,0.0592,0.5789,5069580.5000
114.2898,0.0365,-0.1991,0.4839,0.0000,0,0,0.1539,0.0583,0.5789,5069580.5000
114.3001,-0.2879,-0.0745,0.4839,0.0000,0,0,0.1519,0.0589,0.5789,5069580.5000
114.3098,-0.4633,0.0089,0.4839,0.0000,0,0,0.1472,0.0604,0.5789,5069580.5000
114.3207,-0.1778,-0.3383,0.4839,0.0000,0,0,0.1473,0.0604,0.5789,5069580.5000
114.3298,-0.1956,-0.1830,0.4839,0.0000,0,0,0.1472,0.0604,0.5789,5069580.5000
114.3398,-0.3578,0.5223,0.4839,0.0000,0,0,0.1447,0.0616,0.5789,5069580.5000
114.3501,-0.2329,0.4906,0.4839,0.0000,0,0,0.1443,0.0618,0.5789,5069580.5000
114.3598,-0.0517,0.1631,0.4839,0.0000,0,0,0.1464,0.0606,0.5789,5069580.5000
114.3706,-0.2038,0.3320,0.4839,0.0000,0,0,0.1464,0.0606,0.5789,5069580.5000
114.3798,-0.1750,0.0011,0.4839,0.0000,0,0,0.1469,0.0603,0.5789,5069580.5000
114.3898,0.0385,-0.6165,0.4839,0.0000,0,0,0.1501,0.0580,0.5789,5069580.5000
114.4001,0.0714,-0.3250,0.4839,0.0000,0,0,0.1536,0.0552,0.5789,5069580.5000
114.4097,-0.2279,0.0137,0.4839,0.0000,0,0,0.1534,0.0555,0.5789,5069580.5000
114.4201,-0.3915,0.1852,0.4839,0.0000,0,0,0.1513,0.0574,0.5789,5069580.5000
114.4298,-0.0287,0.5300,0.4839,0.0000,0,0,0.1534,0.0553,0.5789,5069580.5000
114.4397,-0.1482,0.3094,0.4839,0.0000,0,0,0.1542,0.0544,0.5789,5069580.5000
114.4508,-0.0055,0.1210,0.4839,0.0000,0,0,0.1564,0.0518,0.5789,5069580.5000
114.4598,0.1813,0.0172,0.4839,0.0000,0,0,0.1602,0.0469,0.5789,5069580.5000
114.4701,0.0852,-0.3155,0.4839,0.0000,0,0,0.1629,0.0430,0.5789,5069580.5000
114.4798,0.0199,-0.2941,0.4839,0.0000,0,0,0.1649,0.0399,0.5789,5069580.5000
114.4897,-0.2887,-0.0940,0.4839,0.0000,0,0,0.1643,0.0409,0.5789,5069580.5000
114.5001,-0.1094,0.3151,0.4839,0.0000,0,0,0.1652,0.0394,0.5789,5069580.5000
114.5098,-0.0899,0.3585,0.4839,0.0000,0,0,0.1661,0.0375,0.5789,5069580.5000
114.5207,-0.2552,0.4403,0.4839,0.0000,0,0,0.1659,0.0379,0.5789,5069580.5000
114.5298,0.0240,0.5344,0.4839,0.0000,0,0,0.1674,0.0342,0.5789,5069580.5000
114.5399,-0.0516,0.1773,0.4839,0.0000,0,0,0.1683,0.0315,0.5789,5069580.5000
114.5501,-0.0537,-0.0255,0.4839,0.0000,0,0,0.1691,0.0288,0.5789,5069580.5000
114.5598,-0.1803,0.0012,0.4839,0.0000,0,0,0.1693,0.0280,0.5789,5069580.5000
114.5706,-0.2446,0.0332,0.4839,0.0000,0,0,0.1692,0.0281,0.5789,5069580.5000
114.5798,-0.1847,-0.0398,0.4839,0.0000,0,0,0.1694,0.0272,0.5789,5069580.5000
114.5897,-0.2178,0.0555,0.4839,0.0000,0,0,0.1694,0.0268,0.5789,5069580.5000
114.6001,-0.1683,0.6753,0.4839,0.0000,0,0,0.1696,0.0254,0.5789,5069580.5000
114.6097,-0.0435,0.6978,0.4839,0.0000,0,0,0.1698,0.0220,0.5789,5069580.5000
114.6201,0.0034,0.1652,0.4839,0.0000,0,0,0.1698,0.0176,0.5789,5069580.5000
114.6298,-0.1963,0.3637,0.4839,0.0000,0,0,0.1698,0.0167,0.5789,5069580.5000
114.6398,-0.2762,0.3014,0.4839,0.0000,0,0,0.1698,0.0170,0.5789,5069580.5000
114.6508,-0.2031,-0.4192,0.4839,0.0000,0,0,0.1697,0.0160,0.5789,5069580.5000
114.6598,0.0024,-0.2702,0.4839,0.0000,0,0,0.1692,0.0114,0.5789,5069580.5000
114.6700,-0.1790,0.3409,0.4839,0.0000,0,0,0.1689,0.0099,0.5789,5069580.5000
114.6798,-0.2406,0.5000,0.4839,0.0000,0,0,0.1688,0.0094,0.5789,5069580.5000
114.6897,0.1505,0.5105,0.4839,0.0000,0,0,0.1672,0.0021,0.5789,5069580.5000
114.7001,-0.1157,0.5879,0.4839,0.0000,0,0,0.1665,-0.0005,0.5789,5069580.5000
114.7097,-0.0385,0.4571,0.4839,0.0000,0,0,0.1653,-0.0045,0.5789,5069580.5000
114.7208,-0.0129,-0.2351,0.4839,0.0000,0,0,0.1638,-0.0089,0.5789,5069580.5000
114.7297,0.0434,-0.3982,0.4839,0.0000,0,0,0.1619,-0.0142,0.5789,5069580.5000
114.7398,-0.0606,0.0077,0.4839,0.0000,0,0,0.1605,-0.0177,0.5789,5069580.5000
114.7501,-0.4965,0.2344,0.4839,0.0000,0,0,0.1622,-0.0139,0.5789,5069580.5000
114.7598,-0.1818,0.5874,0.4839,0.0000,0,0,0.1614,-0.0155,0.5789,5069580.5000
114.7705,-0.2516,0.6409,0.4839,0.0000,0,0,0.1611,-0.0160,0.5789,5069580.5000
114.7798,-0.2562,0.5402,0.4839,0.0000,0,0,0.1609,-0.0165,0.5789,5069580.5000
114.7897,-0.0741,0.2134,0.4839,0.0000,0,0,0.1589,-0.0199,0.5789,5069580.5000
114.8001,-0.0737,-0.0225,0.4839,0.0000,0,0,0.1567,-0.0233,0.5789,5069580.5000
114.8098,-0.0296,0.0112,0.4839,0.0000,0,0,0.1540,-0.0273,0.5789,5069580.5000
114.8201,-0.4074,0.0058,0.4839,0.0000,0,0,0.1553,-0.0255,0.5789,5069580.5000
114.8298,-0.4424,0.3310,0.4839,0.0000,0,0,0.1570,-0.0234,0.5789,5069580.5000
114.8398,-0.3268,0.4141,0.4839,0.0000,0,0,0.1573,-0.0230,0.5789,5069580.5000
114.8508,-0.4084,0.4229,0.4839,0.0000,0,0,0.1585,-0.0216,0.5789,5069580.5000
114.8598,-0.2564,0.6242,0.4839,0.0000,0,0,0.1577,-0.0224,0.5789,5069580.5000
114.8701,-0.1027,0.3709,0.4839,0.0000,0,0,0.1549,-0.0253,0.5789,5069580.5000
114.8798,0.0087,-0.0498,0.4839,0.0000,0,0,0.1505,-0.0296,0.5789,5069580.5000
114.8897,-0.2373,-0.0317,0.4839,0.0000,0,0,0.1495,-0.0306,0.5789,5069580.5000
114.9001,-0.3811,0.2192,0.4839,0.0000,0,0,0.1504,-0.0298,0.5789,5069580.5000
114.9097,-0.3996,0.1137,0.4839,0.0000,0,0,0.1515,-0.0289,0.5789,5069580.5000
114.9207,-0.1216,0.0146,0.4839,0.0000,0,0,0.1484,-0.0313,0.5789,5069580.5000
114.9298,-0.4401,0.4763,0.4839,0.0000,0,0,0.1500,-0.0301,0.5789,5069580.5000
114.9397,-0.4058,0.8036,0.4839,0.0000,0,0,0.1511,-0.0294,0.5789,5069580.5000
114.9500,-0.1858,0.2764,0.4839,0.0000,0,0,0.1487,-0.0309,0.5789,5069580.5000
114.9598,-0.3426,0.1662,0.4839,0.0000,0,0,0.1487,-0.0309,0.5789,5069580.5000
114.9706,-0.5107,0.1990,0.4839,0.0000,0,0,0.1514,-0.0295,0.5789,5069580.5000
114.9798,-0.7132,-0.2695,0.4839,0.0000,0,0,0.1572,-0.0266,0.5789,5069580.5000
114.9898,-0.3787,-0.2901,0.4839,0.0000,0,0,0.1574,-0.0265,0.5789,5069580.5000
115.0000,-0.4919,0.2044,0.4839,0.0000,0,0,0.1595,-0.0257,0.5789,5069580.5000
115.0099,-0.6118,0.6634,0.4839,0.0000,0,0,0.1634,-0.0243,0.5789,5069580.5000
115.0200,-0.1055,0.4313,0.4839,0.0000,0,0,0.1587,-0.0257,0.5789,5069580.5000
115.0298,-0.1763,0.1563,0.4839,0.0000,0,0,0.1553,-0.0267,0.5789,5069580.5000
115.0397,-0.1820,0.1962,0.4839,0.0000,0,0,0.1519,-0.0275,0.5789,5069580.5000
115.0507,-0.3740,-0.1915,0.4839,0.0000,0,0,0.1518,-0.0275,0.5789,5069580.5000
115.0598,-0.3129,-0.2767,0.4839,0.0000,0,0,0.1507,-0.0277,0.5789,5069580.5000
115.0701,-0.3159,-0.1168,0.4839,0.0000,0,0,0.1495,-0.0278,0.5789,5069580.5000
115.0798,-0.6288,0.1047,0.4839,0.0000,0,0,0.1537,-0.0275,0.5789,5069580.5000
115.0898,-0.6456,0.7237,0.4839,0.0000,0,0,0.1581,-0.0274,0.5789,5069580.5000
115.1001,-0.3564,0.7081,0.4839,0.0000,0,0,0.1574,-0.0274,0.5789,5069580.5000
115.1098,-0.1439,0.0919,0.4839,0.0000,0,0,0.1530,-0.0271,0.5789,5069580.5000
115.1207,-0.1171,-0.0304,0.4839,0.0000,0,0,0.1482,-0.0266,0.5789,5069580.5000
115.1297,-0.1764,-0.0025,0.4839,0.0000,0,0,0.1445,-0.0261,0.5789,5069580.5000
115.1398,-0.3667,-0.2314,0.4839,0.0000,0,0,0.1441,-0.0260,0.5789,5069580.5000
115.1500,-0.4612,-0.0983,0.4839,0.0000,0,0,0.1453,-0.0263,0.5789,5069580.5000
115.1598,-0.7370,0.5594,0.4839,0.0000,0,0,0.1509,-0.0280,0.5789,5069580.5000
115.1706,-0.6556,0.8749,0.4839,0.0000,0,0,0.1550,-0.0294,0.5789,5069580.5000
115.1798,-0.2955,0.4213,0.4839,0.0000,0,0,0.1532,-0.0286,0.5789,5069580.5000
115.1897,-0.2979,0.2371,0.4839,0.0000,0,0,0.1514,-0.0278,0.5789,5069580.5000
115.2001,-0.2187,0.3856,0.4839,0.0000,0,0,0.1485,-0.0263,0.5789,5069580.5000
115.2097,-0.3642,-0.1659,0.4839,0.0000,0,0,0.1479,-0.0259,0.5789,5069580.5000
115.2201,-0.3657,-0.2431,0.4839,0.0000,0,0,0.1473,-0.0256,0.5789,5069580.5000
115.2298,-0.5151,0.3376,0.4839,0.0000,0,0,0.1489,-0.0267,0.5789,5069580.5000
115.2398,-0.8383,0.5425,0.4839,0.0000,0,0,0.1550,-0.0315,0.5789,5069580.5000
115.2507,-0.3245,0.5531,0.4839,0.0000,0,0,0.1537,-0.0304,0.5789,5069580.5000
115.2598,-0.2167,0.4347,0.4839,0.0000,0,0,0.1510,-0.0278,0.5789,5069580.5000
115.2701,-0.2365,0.3082,0.4839,0.0000,0,0,0.1487,-0.0255,0.5789,5069580.5000
115.2798,-0.3089,0.1156,0.4839,0.0000,0,0,0.1475,-0.0241,0.5789,5069580.5000
115.2897,-0.4756,0.0408,0.4839,0.0000,0,0,0.1484,-0.0251,0.5789,5069580.5000
115.3001,-0.3990,-0.1755,0.4839,0.0000,0,0,0.1483,-0.0250,0.5789,5069580.5000
115.3098,-0.3946,-0.0177,0.4839,0.0000,0,0,0.1482,-0.0248,0.5789,5069580.5000
115.3207,-0.6025,0.8421,0.4839,0.0000,0,0,0.1502,-0.0282,0.5789,5069580.5000
115.3298,-0.3352,0.8663,0.4839,0.0000,0,0,0.1495,-0.0269,0.5789,5069580.5000
115.3398,0.0142,0.2212,0.4839,0.0000,0,0,0.1456,-0.0192,0.5789,5069580.5000
115.3501,-0.1400,0.2648,0.4839,0.0000,0,0,0.1434,-0.0144,0.5789,5069580.5000
115.3597,-0.3600,0.1955,0.4839,0.0000,0,0,0.1432,-0.0139,0.5789,5069580.5000
115.3706,-0.4512,-0.2252,0.4839,0.0000,0,0,0.1437,-0.0153,0.5789,5069580.5000
115.3798,-0.4231,-0.1095,0.4839,0.0000,0,0,0.1440,-0.0161,0.5789,5069580.5000
115.3897,-0.5331,0.2014,0.4839,0.0000,0,0,0.1449,-0.0193,0.5789,5069580.5000
115.4001,-0.6562,0.5006,0.4839,0.0000,0,0,0.1463,-0.0252,0.5789,5069580.5000
115.4097,-0.3009,0.7654,0.4839,0.0000,0,0,0.1459,-0.0232,0.5789,5069580.5000
115.4201,-0.2929,0.4864,0.4839,0.0000,0,0,0.1455,-0.0210,0.5789,5069580.5000
115.4297,-0.2192,0.2468,0.4839,0.0000,0,0,0.1450,-0.0173,0.5789,5069580.5000
115.4398,-0.2931,0.2279,0.4839,0.0000,0,0,0.1448,-0.0154,0.5789,5069580.5000
115.4507,-0.4217,-0.0014,0.4839,0.0000,0,0,0.1449,-0.0166,0.5789,5069580.5000
115.4598,-0.1725,-0.2100,0.4839,0.0000,0,0,0.1447,-0.0119,0.5789,5069580.5000
115.4700,-0.5017,0.1463,0.4839,0.0000,0,0,0.1447,-0.0154,0.5789,5069580.5000
115.4798,-0.5330,0.6673,0.4839,0.0000,0,0,0.1446,-0.0196,0.5789,5069580.5000
115.4897,-0.2725,0.4660,0.4839,0.0000,0,0,0.1447,-0.0173,0.5789,5069580.5000
115.5000,-0.2007,0.3030,0.4839,0.0000,0,0,0.1450,-0.0133,0.5789,5069580.5000
115.5097,-0.2285,0.6044,0.4839,0.0000,0,0,0.1453,-0.0103,0.5789,5069580.5000
115.5207,-0.0711,0.2515,0.4839,0.0000,0,0,0.1462,-0.0034,0.5789,5069580.5000
115.5298,0.0851,-0.1787,0.4839,0.0000,0,0,0.1479,0.0070,0.5789,5069580.5000
115.5398,-0.1554,0.0132,0.4839,0.0000,0,0,0.1486,0.0110,0.5789,5069580.5000
115.5501,-0.4143,0.2779,0.4839,0.0000,0,0,0.1480,0.0082,0.5789,5069580.5000
115.5598,-0.3814,0.0687,0.4839,0.0000,0,0,0.1475,0.0062,0.5789,5069580.5000
115.5706,-0.2316,0.2719,0.4839,0.0000,0,0,0.1480,0.0080,0.5789,5069580.5000
115.5797,-0.4322,0.6747,0.4839,0.0000,0,0,0.1470,0.0045,0.5789,5069580.5000
115.5898,-0.3653,0.4605,0.4839,0.0000,0,0,0.1464,0.0028,0.5789,5069580.5000
115.6000,0.0657,0.1333,0.4839,0.0000,0,0,0.1497,0.0118,0.5789,5069580.5000
115.6097,-0.2279,0.1925,0.4839,0.0000,0,0,0.1501,0.0130,0.5789,5069580.5000
115.6201,-0.1923,0.1451,0.4839,0.0000,0,0,0.1509,0.0150,0.5789,5069580.5000
115.6298,-0.3174,0.0277,0.4839,0.0000,0,0,0.1503,0.0137,0.5789,5069580.5000
115.6398,-0.3128,0.0726,0.4839,0.0000,0,0,0.1498,0.0124,0.5789,5069580.5000
115.6507,-0.2051,-0.0460,0.4839,0.0000,0,0,0.1504,0.0137,0.5789,5069580.5000
115.6598,-0.4644,0.3938,0.4839,0.0000,0,0,0.1477,0.0086,0.5789,5069580.5000
115.6701,-0.2901,1.0069,0.4839,0.0000,0,0,0.1473,0.0078,0.5789,5069580.5000
115.6798,-0.1054,0.4652,0.4839,0.0000,0,0,0.1493,0.0112,0.5789,5069580.5000
115.6897,-0.0485,0.2500,0.4839,0.0000,0,0,0.1520,0.0156,0.5789,5069580.5000
115.7001,-0.2151,0.5592,0.4839,0.0000,0,0,0.1523,0.0160,0.5789,5069580.5000
115.7098,-0.4059,0.1047,0.4839,0.0000,0,0,0.1495,0.0120,0.5789,5069580.5000
115.7208,-0.2256,-0.3905,0.4839,0.0000,0,0,0.1495,0.0120,0.5789,5069580.5000
115.7298,-0.4314,-0.0167,0.4839,0.0000,0,0,0.1461,0.0076,0.5789,5069580.5000
115.7398,-0.6813,0.4622,0.4839,0.0000,0,0,0.1385,-0.0020,0.5789,5069580.5000
115.7500,-0.6615,0.5096,0.4839,0.0000,0,0,0.1312,-0.0106,0.5789,5069580.5000
115.7598,-0.2905,0.5927,0.4839,0.0000,0,0,0.1304,-0.0115,0.5789,5069580.5000
115.7705,-0.2593,0.4631,0.4839,0.0000,0,0,0.1302,-0.0117,0.5789,5069580.5000
115.7798,-0.2272,0.1899,0.4839,0.0000,0,0,0.1305,-0.0114,0.5789,5069580.5000
115.7897,-0.1499,0.1464,0.4839,0.0000,0,0,0.1322,-0.0096,0.5789,5069580.5000
115.8001,-0.4180,-0.0244,0.4839,0.0000,0,0,0.1286,-0.0132,0.5789,5069580.5000
115.8097,-0.3876,-0.1517,0.4839,0.0000,0,0,0.1257,-0.0161,0.5789,5069580.5000
115.8201,-0.8629,0.2791,0.4839,0.0000,0,0,0.1134,-0.0278,0.5789,5069580.5000
115.8298,-0.7333,0.7406,0.4839,0.0000,0,0,0.1039,-0.0366,0.5789,5069580.5000
115.8398,-0.2530,0.3740,0.4839,0.0000,0,0,0.1044,-0.0362,0.5789,5069580.5000
115.8507,-0.1654,0.4482,0.4839,0.0000,0,0,0.1065,-0.0343,0.5789,5069580.5000
115.8597,-0.1888,0.7923,0.4839,0.0000,0,0,0.1080,-0.0331,0.5789,5069580.5000
115.8701,-0.3459,0.1229,0.4839,0.0000,0,0,0.1061,-0.0346,0.5789,5069580.5000
115.8798,-0.1712,-0.2898,0.4839,0.0000,0,0,0.1079,-0.0332,0.5789,5069580.5000
115.8898,-0.5041,0.0605,0.4839,0.0000,0,0,0.1023,-0.0373,0.5789,5069580.5000
115.9001,-0.8565,0.3408,0.4839,0.0000,0,0,0.0889,-0.0470,0.5789,5069580.5000
115.9097,-0.5773,0.5268,0.4839,0.0000,0,0,0.0822,-0.0517,0.5789,5069580.5000
115.9207,-0.3117,0.6902,0.4839,0.0000,0,0,0.0816,-0.0520,0.5789,5069580.5000
115.9297,-0.2792,0.6267,0.4839,0.0000,0,0,0.0817,-0.0519,0.5789,5069580.5000
115.9397,-0.3597,0.4838,0.4839,0.0000,0,0,0.0799,-0.0531,0.5789,5069580.5000
115.9501,-0.1519,0.2751,0.4839,0.0000,0,0,0.0830,-0.0512,0.5789,5069580.5000
115.9598,-0.3627,-0.0991,0.4839,0.0000,0,0,0.0809,-0.0524,0.5789,5069580.5000
115.9706,-0.3997,-0.1296,0.4839,0.0000,0,0,0.0780,-0.0542,0.5789,5069580.5000
115.9798,-0.6954,0.1856,0.4839,0.0000,0,0,0.0680,-0.0598,0.5789,5069580.5000
115.9897,-0.5695,0.5170,0.4839,0.0000,0,0,0.0614,-0.0635,0.5789,5069580.5000
116.0001,-0.1249,0.3545,0.4839,0.0000,0,0,0.0656,-0.0612,0.5789,5069580.5000
116.0100,-0.2754,0.3806,0.4839,0.0000,0,0,0.0659,-0.0610,0.5789,5069580.5000
116.0201,-0.1644,0.5756,0.4839,0.0000,0,0,0.0688,-0.0595,0.5789,5069580.5000
116.0298,-0.1834,-0.1084,0.4839,0.0000,0,0,0.0711,-0.0584,0.5789,5069580.5000
116.0398,-0.0110,-0.3903,0.4839,0.0000,0,0,0.0773,-0.0554,0.5789,5069580.5000
116.0507,-0.2192,-0.0735,0.4839,0.0000,0,0,0.0783,-0.0549,0.5789,5069580.5000
116.0598,-0.6104,-0.0567,0.4839,0.0000,0,0,0.0700,-0.0588,0.5789,5069580.5000
116.0701,-0.2433,-0.0486,0.4839,0.0000,0,0,0.0705,-0.0585,0.5789,5069580.5000
116.0798,-0.2743,0.1699,0.4839,0.0000,0,0,0.0703,-0.0586,0.5789,5069580.5000
116.0897,-0.2928,0.4568,0.4839,0.0000,0,0,0.0696,-0.0589,0.5789,5069580.5000
116.0998,-0.1680,0.3095,0.4839,0.0000,0,0,0.0716,-0.0581,0.5789,5069580.5000
116.1105,-0.0824,0.1475,0.4839,0.0000,0,0,0.0755,-0.0566,0.5789,5069580.5000
116.1206,-0.1955,-0.1625,0.4839,0.0000,0,0,0.0765,-0.0562,0.5789,5069580.5000
116.1297,-0.4708,-0.3028,0.4839,0.0000,0,0,0.0715,-0.0580,0.5789,5069580.5000
116.1398,-0.5316,0.0441,0.4839,0.0000,0,0,0.0654,-0.0602,0.5789,5069580.5000
116.1497,-0.5192,0.0375,0.4839,0.0000,0,0,0.0597,-0.0620,0.5789,5069580.5000
116.1601,-0.2596,0.0655,0.4839,0.0000,0,0,0.0597,-0.0620,0.5789,5069580.5000
116.1706,-0.5512,0.6206,0.4839,0.0000,0,0,0.0535,-0.0638,0.5789,5069580.5000
116.1798,-0.2346,0.6754,0.4839,0.0000,0,0,0.0541,-0.0637,0.5789,5069580.5000
116.1897,0.0171,-0.0438,0.4839,0.0000,0,0,0.0600,-0.0622,0.5789,5069580.5000
116.1998,-0.1296,-0.1550,0.4839,0.0000,0,0,0.0625,-0.0616,0.5789,5069580.5000
116.2100,-0.2228,-0.0079,0.4839,0.0000,0,0,0.0630,-0.0615,0.5789,5069580.5000
116.2202,-0.6402,-0.2395,0.4839,0.0000,0,0,0.0548,-0.0630,0.5789,5069580.5000
116.2298,-0.3963,-0.0495,0.4839,0.0000,0,0,0.0519,-0.0634,0.5789,5069580.5000
116.2398,-0.3149,0.2310,0.4839,0.0000,0,0,0.0507,-0.0636,0.5789,5069580.5000
116.2498,-0.4548,0.4315,0.4839,0.0000,0,0,0.0467,-0.0640,0.5789,5069580.5000
116.2606,-0.0930,0.5729,0.4839,0.0000,0,0,0.0500,-0.0638,0.5789,5069580.5000
116.2700,0.0036,0.2397,0.4839,0.0000,0,0,0.0549,-0.0635,0.5789,5069580.5000
116.2798,0.1140,-0.0981,0.4839,0.0000,0,0,0.0617,-0.0635,0.5789,5069580.5000
116.2898,-0.1624,-0.2106,0.4839,0.0000,0,0,0.0630,-0.0635,0.5789,5069580.5000
116.2998,-0.4365,0.0223,0.4839,0.0000,0,0,0.0591,-0.0633,0.5789,5069580.5000
116.3106,-0.4705,-0.2357,0.4839,0.0000,0,0,0.0548,-0.0629,0.5789,5069580.5000
116.3207,-0.3469,-0.1130,0.4839,0.0000,0,0,0.0528,-0.0627,0.5789,5069580.5000
116.3297,-0.4961,0.6336,0.4839,0.0000,0,0,0.0482,-0.0620,0.5789,5069580.5000
116.3398,-0.3069,0.7685,0.4839,0.0000,0,0,0.0471,-0.0618,0.5789,5069580.5000
116.3498,0.0310,0.1027,0.4839,0.0000,0,0,0.0518,-0.0628,0.5789,5069580.5000
116.3600,-0.1940,-0.0058,0.4839,0.0000,0,0,0.0525,-0.0630,0.5789,5069580.5000
116.3704,-0.2161,-0.0263,0.4839,0.0000,0,0,0.0528,-0.0631,0.5789,5069580.5000
116.3798,-0.4255,-0.4519,0.4839,0.0000,0,0,0.0497,-0.0620,0.5789,5069580.5000
116.3897,-0.3308,-0.3860,0.4839,0.0000,0,0,0.0482,-0.0615,0.5789,5069580.5000
116.3998,-0.4825,0.2260,0.4839,0.0000,0,0,0.0444,-0.0599,0.5789,5069580.5000
116.4100,-0.6788,0.5760,0.4839,0.0000,0,0,0.0380,-0.0568,0.5789,5069580.5000
116.4201,-0.1000,0.3404,0.4839,0.0000,0,0,0.0402,-0.0579,0.5789,5069580.5000
116.4298,-0.1539,0.0028,0.4839,0.0000,0,0,0.0415,-0.0587,0.5789,5069580.5000
116.4398,-0.0765,0.1031,0.4839,0.0000,0,0,0.0438,-0.0601,0.5789,5069580.5000
116.4498,0.0064,-0.3170,0.4839,0.0000,0,0,0.0470,-0.0623,0.5789,5069580.5000
116.4606,-0.0259,-0.4230,0.4839,0.0000,0,0,0.0497,-0.0643,0.5789,5069580.5000
116.4700,-0.0666,-0.2642,0.4839,0.0000,0,0,0.0516,-0.0659,0.5789,5069580.5000
116.4798,-0.4038,-0.2728,0.4839,0.0000,0,0,0.0495,-0.0640,0.5789,5069580.5000
116.4897,-0.4079,0.1812,0.4839,0.0000,0,0,0.0474,-0.0621,0.5789,5069580.5000
116.4997,-0.3528,0.1810,0.4839,0.0000,0,0,0.0461,-0.0607,0.5789,5069580.5000
116.5106,-0.3021,0.0339,0.4839,0.0000,0,0,0.0454,-0.0599,0.5789,5069580.5000
116.5208,-0.2617,0.1824,0.4839,0.0000,0,0,0.0451,-0.0595,0.5789,5069580.5000
116.5297,0.0041,0.1008,0.4839,0.0000,0,0,0.0473,-0.0625,0.5789,5069580.5000
116.5398,-0.0688,-0.2801,0.4839,0.0000,0,0,0.0487,-0.0646,0.5789,5069580.5000
116.5498,-0.1878,-0.3754,0.4839,0.0000,0,0,0.0491,-0.0651,0.5789,5069580.5000
116.5601,-0.2595,-0.2645,0.4839,0.0000,0,0,0.0488,-0.0646,0.5789,5069580.5000
116.5706,-0.4138,-0.2121,0.4839,0.0000,0,0,0.0474,-0.0619,0.5789,5069580.5000
116.5798,-0.2459,-0.2013,0.4839,0.0000,0,0,0.0473,-0.0617,0.5789,5069580.5000
116.5898,-0.5308,0.2250,0.4839,0.0000,0,0,0.0455,-0.0573,0.5789,5069580.5000
116.5997,-0.2465,0.6469,0.4839,0.0000,0,0,0.0454,-0.0572,0.5789,5069580.5000
116.6101,-0.0098,0.1341,0.4839,0.0000,0,0,0.0466,-0.0607,0.5789,5069580.5000
116.6201,-0.0490,-0.3254,0.4839,0.0000,0,0,0.0473,-0.0635,0.5789,5069580.5000
116.6297,-0.0847,-0.1754,0.4839,0.0000,0,0,0.0479,-0.0658,0.5789,5069580.5000
116.6398,-0.4310,-0.3959,0.4839,0.0000,0,0,0.0472,-0.0625,0.5789,5069580.5000
116.6498,-0.1588,-0.5307,0.4839,0.0000,0,0,0.0474,-0.0637,0.5789,5069580.5000
116.6606,-0.2635,-0.0861,0.4839,0.0000,0,0,0.0474,-0.0632,0.5789,5069580.5000
116.6701,-0.4429,0.5798,0.4839,0.0000,0,0,0.0471,-0.0597,0.5789,5069580.5000
116.6798,-0.0565,0.3507,0.4839,0.0000,0,0,0.0472,-0.0628,0.5789,5069580.5000
116.6897,0.0084,-0.0019,0.4839,0.0000,0,0,0.0473,-0.0668,0.5789,5069580.5000
116.6998,-0.0310,0.0857,0.4839,0.0000,0,0,0.0472,-0.0702,0.5789,5069580.5000
116.7106,-0.3276,-0.3496,0.4839,0.0000,0,0,0.0473,-0.0685,0.5789,5069580.5000
116.7207,-0.2368,-0.6153,0.4839,0.0000,0,0,0.0473,-0.0684,0.5789,5069580.5000
116.7298,-0.2976,-0.0967,0.4839,0.0000,0,0,0.0474,-0.0673,0.5789,5069580.5000
116.7398,-0.4778,0.2684,0.4839,0.0000,0,0,0.0482,-0.0631,0.5789,5069580.5000
116.7497,-0.4131,0.5118,0.4839,0.0000,0,0,0.0488,-0.0602,0.5789,5069580.5000
116.7601,-0.0816,0.4177,0.4839,0.0000,0,0,0.0481,-0.0630,0.5789,5069580.5000
116.7705,-0.0787,0.0730,0.4839,0.0000,0,0,0.0473,-0.0658,0.5789,5069580.5000
116.7798,-0.1853,-0.2088,0.4839,0.0000,0,0,0.0470,-0.0668,0.5789,5069580.5000
116.7897,-0.2488,-0.1961,0.4839,0.0000,0,0,0.0470,-0.0667,0.5789,5069580.5000
116.7998,-0.6067,-0.1281,0.4839,0.0000,0,0,0.0493,-0.0606,0.5789,5069580.5000
116.8100,-0.3786,-0.2076,0.4839,0.0000,0,0,0.0502,-0.0585,0.5789,5069580.5000
116.8200,-0.5636,0.3361,0.4839,0.0000,0,0,0.0525,-0.0534,0.5789,5069580.5000
116.8297,-0.5115,0.9080,0.4839,0.0000,0,0,0.0545,-0.0493,0.5789,5069580.5000
116.8398,-0.1742,0.2883,0.4839,0.0000,0,0,0.0536,-0.0509,0.5789,5069580.5000
116.8498,-0.0975,-0.1509,0.4839,0.0000,0,0,0.0520,-0.0538,0.5789,5069580.5000
116.8606,-0.1687,-0.0397,0.4839,0.0000,0,0,0.0510,-0.0554,0.5789,5069580.5000
116.8701,-0.5623,-0.3124,0.4839,0.0000,0,0,0.0540,-0.0509,0.5789,5069580.5000
116.8798,-0.4588,-0.0614,0.4839,0.0000,0,0,0.0558,-0.0481,0.5789,5069580.5000
116.8897,-0.3890,0.2711,0.4839,0.0000,0,0,0.0570,-0.0466,0.5789,5069580.5000
116.8998,-0.4829,0.4504,0.4839,0.0000,0,0,0.0592,-0.0437,0.5789,5069580.5000
116.9105,-0.3212,0.6381,0.4839,0.0000,0,0,0.0594,-0.0434,0.5789,5069580.5000
116.9207,-0.1129,0.3974,0.4839,0.0000,0,0,0.0571,-0.0460,0.5789,5069580.5000
116.9297,-0.1484,-0.0323,0.4839,0.0000,0,0,0.0552,-0.0481,0.5789,5069580.5000
116.9398,-0.3230,-0.1889,0.4839,0.0000,0,0,0.0556,-0.0477,0.5789,5069580.5000
116.9498,-0.4880,-0.1650,0.4839,0.0000,0,0,0.0581,-0.0453,0.5789,5069580.5000
116.9601,-0.5197,-0.0786,0.4839,0.0000,0,0,0.0611,-0.0426,0.5789,5069580.5000
116.9706,-0.4398,0.0229,0.4839,0.0000,0,0,0.0629,-0.0411,0.5789,5069580.5000
116.9798,-0.6803,0.5585,0.4839,0.0000,0,0,0.0681,-0.0369,0.5789,5069580.5000
116.9898,-0.5281,0.8661,0.4839,0.0000,0,0,0.0711,-0.0347,0.5789,5069580.5000
116.9997,-0.1420,0.0690,0.4839,0.0000,0,0,0.0682,-0.0368,0.5789,5069580.5000
117.0102,-0.1563,-0.2789,0.4839,0.0000,0,0,0.0654,-0.0385,0.5789,5069580.5000
117.0200,-0.2668,-0.0404,0.4839,0.0000,0,0,0.0644,-0.0391,0.5789,5069580.5000
117.0297,-0.6392,-0.3018,0.4839,0.0000,0,0,0.0693,-0.0364,0.5789,5069580.5000
117.0398,-0.2760,-0.0786,0.4839,0.0000,0,0,0.0682,-0.0370,0.5789,5069580.5000
117.0498,-0.3403,0.3382,0.4839,0.0000,0,0,0.0682,-0.0370,0.5789,5069580.5000
117.0607,-0.5982,0.5881,0.4839,0.0000,0,0,0.0724,-0.0352,0.5789,5069580.5000
117.0701,-0.3240,0.5939,0.4839,0.0000,0,0,0.0719,-0.0354,0.5789,5069580.5000
117.0798,-0.1954,0.0933,0.4839,0.0000,0,0,0.0693,-0.0363,0.5789,5069580.5000
117.0897,-0.1553,-0.1348,0.4839,0.0000,0,0,0.0659,-0.0373,0.5789,5069580.5000
117.0998,-0.3412,-0.1998,0.4839,0.0000,0,0,0.0658,-0.0373,0.5789,5069580.5000
117.1105,-0.5341,-0.1329,0.4839,0.0000,0,0,0.0689,-0.0367,0.5789,5069580.5000
117.1207,-0.5103,-0.0115,0.4839,0.0000,0,0,0.0715,-0.0362,0.5789,5069580.5000
117.1298,-0.5637,0.0820,0.4839,0.0000,0,0,0.0750,-0.0357,0.5789,5069580.5000
117.1398,-0.6197,0.6322,0.4839,0.0000,0,0,0.0793,-0.0353,0.5789,5069580.5000
117.1497,-0.4319,0.6267,0.4839,0.0000,0,0,0.0802,-0.0352,0.5789,5069580.5000
117.1601,-0.1409,0.1307,0.4839,0.0000,0,0,0.0761,-0.0353,0.5789,5069580.5000
117.1706,-0.3207,0.1858,0.4839,0.0000,0,0,0.0751,-0.0352,0.5789,5069580.5000
117.1798,-0.3364,0.2521,0.4839,0.0000,0,0,0.0744,-0.0352,0.5789,5069580.5000
117.1897,-0.4557,-0.2220,0.4839,0.0000,0,0,0.0758,-0.0353,0.5789,5069580.5000
117.1998,-0.3216,-0.1927,0.4839,0.0000,0,0,0.0748,-0.0352,0.5789,5069580.5000
117.2101,-0.5179,0.1790,0.4839,0.0000,0,0,0.0770,-0.0357,0.5789,5069580.5000
117.2201,-0.5974,0.4918,0.4839,0.0000,0,0,0.0805,-0.0366,0.5789,5069580.5000
117.2298,-0.1744,0.4361,0.4839,0.0000,0,0,0.0769,-0.0355,0.5789,5069580.5000
117.2398,-0.4992,0.5112,0.4839,0.0000,0,0,0.0787,-0.0361,0.5789,5069580.5000
117.2498,-0.5545,0.5868,0.4839,0.0000,0,0,0.0813,-0.0372,0.5789,5069580.5000
117.2606,-0.4138,0.0154,0.4839,0.0000,0,0,0.0815,-0.0373,0.5789,5069580.5000
117.2701,-0.3425,-0.1516,0.4839,0.0000,0,0,0.0807,-0.0368,0.5789,5069580.5000
117.2798,-0.2714,-0.0021,0.4839,0.0000,0,0,0.0787,-0.0357,0.5789,5069580.5000
117.2897,-0.5985,-0.0805,0.4839,0.0000,0,0,0.0817,-0.0376,0.5789,5069580.5000
117.2998,-0.6165,0.3392,0.4839,0.0000,0,0,0.0848,-0.0399,0.5789,5069580.5000
117.3106,-0.5624,0.5093,0.4839,0.0000,0,0,0.0869,-0.0417,0.5789,5069580.5000
117.3207,-0.5429,0.4292,0.4839,0.0000,0,0,0.0886,-0.0432,0.5789,5069580.5000
117.3298,-0.6861,0.6751,0.4839,0.0000,0,0,0.0922,-0.0467,0.5789,5069580.5000
117.3398,-0.5831,0.5585,0.4839,0.0000,0,0,0.0942,-0.0488,0.5789,5069580.5000
117.3498,-0.4934,-0.2183,0.4839,0.0000,0,0,0.0949,-0.0497,0.5789,5069580.5000
117.3601,-0.4852,-0.3003,0.4839,0.0000,0,0,0.0955,-0.0504,0.5789,5069580.5000
117.3706,-0.6934,0.3307,0.4839,0.0000,0,0,0.0984,-0.0545,0.5789,5069580.5000
117.3798,-0.8165,0.4318,0.4839,0.0000,0,0,0.1024,-0.0607,0.5789,5069580.5000
117.3897,-0.4534,0.4066,0.4839,0.0000,0,0,0.1024,-0.0606,0.5789,5069580.5000
117.3998,-0.7675,0.7261,0.4839,0.0000,0,0,0.1054,-0.0662,0.5789,5069580.5000
117.4101,-0.8596,0.8015,0.4839,0.0000,0,0,0.1090,-0.0735,0.5789,5069580.5000
117.4201,-0.6286,0.2205,0.4839,0.0000,0,0,0.1102,-0.0764,0.5789,5069580.5000
117.4297,-0.6094,-0.1040,0.4839,0.0000,0,0,0.1112,-0.0789,0.5789,5069580.5000
117.4398,-0.4908,-0.0147,0.4839,0.0000,0,0,0.1113,-0.0790,0.5789,5069580.5000
117.4498,-0.8169,0.0974,0.4839,0.0000,0,0,0.1134,-0.0858,0.5789,5069580.5000
117.4606,-0.6703,0.5506,0.4839,0.0000,0,0,0.1144,-0.0895,0.5789,5069580.5000
117.4700,-0.6964,0.7569,0.4839,0.0000,0,0,0.1154,-0.0938,0.5789,5069580.5000
117.4798,-0.8841,0.7794,0.4839,0.0000,0,0,0.1171,-0.1021,0.5789,5069580.5000
117.4898,-0.7166,0.7934,0.4839,0.0000,0,0,0.1178,-0.1065,0.5789,5069580.5000
117.4998,-0.5539,0.4800,0.4839,0.0000,0,0,0.1179,-0.1072,0.5789,5069580.5000
117.5106,-0.4374,0.1156,0.4839,0.0000,0,0,0.1177,-0.1050,0.5789,5069580.5000
117.5207,-0.4764,0.0915,0.4839,0.0000,0,0,0.1176,-0.1039,0.5789,5069580.5000
117.5298,-0.5161,0.3367,0.4839,0.0000,0,0,0.1176,-0.1037,0.5789,5069580.5000
117.5398,-0.5037,0.1117,0.4839,0.0000,0,0,0.1176,-0.1032,0.5789,5069580.5000
117.5498,-0.4622,0.0125,0.4839,0.0000,0,0,0.1177,-0.1017,0.5789,5069580.5000
117.5601,-0.7508,0.6709,0.4839,0.0000,0,0,0.1173,-0.1075,0.5789,5069580.5000
117.5706,-0.7491,0.8557,0.4839,0.0000,0,0,0.1169,-0.1130,0.5789,5069580.5000
117.5798,-0.2990,0.3921,0.4839,0.0000,0,0,0.1175,-0.1071,0.5789,5069580.5000
117.5897,-0.5778,0.3867,0.4839,0.0000,0,0,0.1173,-0.1085,0.5789,5069580.5000
117.5998,-0.5886,0.3998,0.4839,0.0000,0,0,0.1171,-0.1100,0.5789,5069580.5000
117.6100,-0.6653,-0.1564,0.4839,0.0000,0,0,0.1164,-0.1136,0.5789,5069580.5000
117.6201,-0.4941,0.0077,0.4839,0.0000,0,0,0.1166,-0.1126,0.5789,5069580.5000
117.6298,-0.4200,0.3669,0.4839,0.0000,0,0,0.1173,-0.1099,0.5789,5069580.5000
117.6397,-0.7702,0.5154,0.4839,0.0000,0,0,0.1155,-0.1162,0.5789,5069580.5000
117.6497,-0.6073,0.8262,0.4839,0.0000,0,0,0.1149,-0.1181,0.5789,5069580.5000
117.6606,-0.6428,0.5618,0.4839,0.0000,0,0,0.1140,-0.1209,0.5789,5069580.5000
117.6701,-0.5349,0.3511,0.4839,0.0000,0,0,0.1140,-0.1210,0.5789,5069580.5000
117.6798,-0.3811,0.2777,0.4839,0.0000,0,0,0.1154,-0.1172,0.5789,5069580.5000
117.6898,-0.3392,0.0740,0.4839,0.0000,0,0,0.1173,-0.1127,0.5789,5069580.5000
117.6998,-0.2795,-0.1373,0.4839,0.0000,0,0,0.1199,-0.1069,0.5789,5069580.5000
117.7106,-0.5761,0.0447,0.4839,0.0000,0,0,0.1191,-0.1087,0.5789,5069580.5000
117.7208,-0.7788,0.5247,0.4839,0.0000,0,0,0.1157,-0.1153,0.5789,5069580.5000
117.7297,-0.6652,0.6113,0.4839,0.0000,0,0,0.1137,-0.1189,0.5789,5069580.5000
117.7398,-0.4124,0.3797,0.4839,0.0000,0,0,0.1151,-0.1165,0.5789,5069580.5000
117.7497,-0.4016,0.5295,0.4839,0.0000,0,0,0.1166,-0.1141,0.5789,5069580.5000
117.7601,-0.2114,0.4764,0.4839,0.0000,0,0,0.1208,-0.1075,0.5789,5069580.5000
117.7706,-0.2377,-0.1508,0.4839,0.0000,0,0,0.1245,-0.1019,0.5789,5069580.5000
117.7798,-0.4095,-0.2118,0.4839,0.0000,0,0,0.1255,-0.1005,0.5789,5069580.5000
117.7897,-0.6447,0.3069,0.4839,0.0000,0,0,0.1227,-0.1043,0.5789,5069580.5000
117.7998,-0.7472,0.3677,0.4839,0.0000,0,0,0.1182,-0.1101,0.5789,5069580.5000
117.8100,-0.2453,0.3595,0.4839,0.0000,0,0,0.1221,-0.1053,0.5789,5069580.5000
117.8200,-0.4342,0.7221,0.4839,0.0000,0,0,0.1227,-0.1047,0.5789,5069580.5000
117.8298,-0.3730,0.9098,0.4839,0.0000,0,0,0.1242,-0.1029,0.5789,5069580.5000
117.8398,-0.2115,0.3630,0.4839,0.0000,0,0,0.1286,-0.0981,0.5789,5069580.5000
117.8498,-0.4529,-0.0792,0.4839,0.0000,0,0,0.1283,-0.0984,0.5789,5069580.5000
117.8606,-0.4804,-0.0197,0.4839,0.0000,0,0,0.1275,-0.0993,0.5789,5069580.5000
117.8701,-0.8178,0.0990,0.4839,0.0000,0,0,0.1201,-0.1067,0.5789,5069580.5000
117.8798,-0.6020,0.5041,0.4839,0.0000,0,0,0.1170,-0.1097,0.5789,5069580.5000
117.8897,-0.3554,0.6242,0.4839,0.0000,0,0,0.1188,-0.1080,0.5789,5069580.5000
117.8998,-0.5604,0.5586,0.4839,0.0000,0,0,0.1163,-0.1102,0.5789,5069580.5000
117.9106,-0.6041,0.5393,0.4839,0.0000,0,0,0.1130,-0.1132,0.5789,5069580.5000
117.9207,-0.4921,0.3477,0.4839,0.0000,0,0,0.1119,-0.1141,0.5789,5069580.5000
117.9298,-0.4162,0.2543,0.4839,0.0000,0,0,0.1123,-0.1137,0.5789,5069580.5000
117.9398,-0.4654,0.1532,0.4839,0.0000,0,0,0.1117,-0.1143,0.5789,5069580.5000
117.9498,-0.4601,0.1407,0.4839,0.0000,0,0,0.1110,-0.1148,0.5789,5069580.5000
117.9601,-0.5301,0.1044,0.4839,0.0000,0,0,0.1087,-0.1165,0.5789,5069580.5000
117.9706,-0.4950,-0.0172,0.4839,0.0000,0,0,0.1071,-0.1176,0.5789,5069580.5000
117.9798,-0.7531,0.4710,0.4839,0.0000,0,0,0.0996,-0.1227,0.5789,5069580.5000
117.9897,-0.7447,0.9791,0.4839,0.0000,0,0,0.0925,-0.1275,0.5789,5069580.5000
117.9997,-0.3217,0.5439,0.4839,0.0000,0,0,0.0953,-0.1257,0.5789,5069580.5000
118.0101,-0.3901,0.1539,0.4839,0.0000,0,0,0.0962,-0.1251,0.5789,5069580.5000
118.0201,-0.3834,0.3801,0.4839,0.0000,0,0,0.0972,-0.1245,0.5789,5069580.5000
118.0297,-0.5195,0.0045,0.4839,0.0000,0,0,0.0949,-0.1259,0.5789,5069580.5000
118.0398,-0.3707,-0.4466,0.4839,0.0000,0,0,0.0960,-0.1252,0.5789,5069580.5000
118.0498,-0.5688,0.0192,0.4839,0.0000,0,0,0.0923,-0.1273,0.5789,5069580.5000
118.0606,-0.9253,0.6119,0.4839,0.0000,0,0,0.0800,-0.1340,0.5789,5069580.5000
118.0701,-0.6318,0.4602,0.4839,0.0000,0,0,0.0752,-0.1366,0.5789,5069580.5000
118.0798,-0.2200,0.3199,0.4839,0.0000,0,0,0.0803,-0.1339,0.5789,5069580.5000
118.0898,-0.3206,0.5609,0.4839,0.0000,0,0,0.0826,-0.1327,0.5789,5069580.5000
118.0998,-0.3049,0.4450,0.4839,0.0000,0,0,0.0851,-0.1315,0.5789,5069580.5000
118.1107,-0.1502,0.0840,0.4839,0.0000,0,0,0.0911,-0.1286,0.5789,5069580.5000
118.1207,-0.2819,0.0792,0.4839,0.0000,0,0,0.0936,-0.1275,0.5789,5069580.5000
118.1297,-0.3666,-0.1251,0.4839,0.0000,0,0,0.0939,-0.1273,0.5789,5069580.5000
118.1398,-0.5632,0.1181,0.4839,0.0000,0,0,0.0895,-0.1293,0.5789,5069580.5000
118.1497,-0.6452,0.6544,0.4839,0.0000,0,0,0.0833,-0.1319,0.5789,5069580.5000
118.1601,-0.2465,0.3711,0.4839,0.0000,0,0,0.0864,-0.1307,0.5789,5069580.5000
118.1706,-0.3588,0.3102,0.4839,0.0000,0,0,0.0867,-0.1306,0.5789,5069580.5000
118.1798,-0.2227,0.8077,0.4839,0.0000,0,0,0.0899,-0.1293,0.5789,5069580.5000
118.1897,-0.1648,0.3656,0.4839,0.0000,0,0,0.0941,-0.1277,0.5789,5069580.5000
118.1998,0.0057,-0.0620,0.4839,0.0000,0,0,0.1017,-0.1250,0.5789,5069580.5000
118.2100,-0.2634,0.2634,0.4839,0.0000,0,0,0.1031,-0.1245,0.5789,5069580.5000
118.2201,-0.4967,0.2897,0.4839,0.0000,0,0,0.0994,-0.1257,0.5789,5069580.5000
118.2298,-0.4142,-0.0881,0.4839,0.0000,0,0,0.0975,-0.1263,0.5789,5069580.5000
118.2398,-0.2075,-0.0288,0.4839,0.0000,0,0,0.0999,-0.1256,0.5789,5069580.5000
118.2498,-0.4082,0.4274,0.4839,0.0000,0,0,0.0979,-0.1261,0.5789,5069580.5000
118.2606,-0.4526,0.5876,0.4839,0.0000,0,0,0.0950,-0.1268,0.5789,5069580.5000
118.2701,-0.0449,0.3934,0.4839,0.0000,0,0,0.1005,-0.1256,0.5789,5069580.5000
118.2797,-0.1074,0.2329,0.4839,0.0000,0,0,0.1045,-0.1248,0.5789,5069580.5000
118.2897,-0.2816,0.1005,0.4839,0.0000,0,0,0.1047,-0.1248,0.5789,5069580.5000
118.2998,-0.2211,-0.0786,0.4839,0.0000,0,0,0.1060,-0.1246,0.5789,5069580.5000
118.3106,-0.3558,-0.1620,0.4839,0.0000,0,0,0.1044,-0.1248,0.5789,5069580.5000
118.3208,-0.1732,-0.3067,0.4839,0.0000,0,0,0.1065,-0.1246,0.5789,5069580.5000
118.3298,-0.4711,0.0104,0.4839,0.0000,0,0,0.1026,-0.1249,0.5789,5069580.5000
118.3398,-0.3758,0.6494,0.4839,0.0000,0,0,0.1007,-0.1249,0.5789,5069580.5000
118.3498,-0.2133,0.4311,0.4839,0.0000,0,0,0.1018,-0.1249,0.5789,5069580.5000
118.3601,-0.0727,0.1348,0.4839,0.0000,0,0,0.1054,-0.1251,0.5789,5069580.5000
118.3706,-0.0494,0.3375,0.4839,0.0000,0,0,0.1093,-0.1253,0.5789,5069580.5000
118.3798,-0.0754,0.0133,0.4839,0.0000,0,0,0.1125,-0.1256,0.5789,5069580.5000
118.3898,-0.0196,-0.3911,0.4839,0.0000,0,0,0.1165,-0.1261,0.5789,5069580.5000
118.3998,-0.2968,-0.3107,0.4839,0.0000,0,0,0.1153,-0.1259,0.5789,5069580.5000
118.4100,-0.5048,-0.0127,0.4839,0.0000,0,0,0.1106,-0.1250,0.5789,5069580.5000
118.4201,-0.3988,0.0311,0.4839,0.0000,0,0,0.1079,-0.1243,0.5789,5069580.5000
118.4297,-0.2273,0.0659,0.4839,0.0000,0,0,0.1081,-0.1244,0.5789,5069580.5000
118.4398,-0.2570,0.5498,0.4839,0.0000,0,0,0.1077,-0.1243,0.5789,5069580.5000
118.4498,-0.0882,0.5025,0.4839,0.0000,0,0,0.1101,-0.1251,0.5789,5069580.5000
118.4605,-0.0523,-0.1329,0.4839,0.0000,0,0,0.1128,-0.1262,0.5789,5069580.5000
118.4700,-0.1906,-0.4247,0.4839,0.0000,0,0,0.1132,-0.1264,0.5789,5069580.5000
118.4798,-0.3258,-0.1600,0.4839,0.0000,0,0,0.1117,-0.1256,0.5789,5069580.5000
118.4897,-0.5229,-0.2004,0.4839,0.0000,0,0,0.1073,-0.1233,0.5789,5069580.5000
118.4997,-0.0892,-0.3040,0.4839,0.0000,0,0,0.1092,-0.1244,0.5789,5069580.5000
118.5106,-0.1799,0.0966,0.4839,0.0000,0,0,0.1098,-0.1248,0.5789,5069580.5000
118.5207,-0.3389,0.6802,0.4839,0.0000,0,0,0.1082,-0.1237,0.5789,5069580.5000
118.5298,-0.0423,0.3173,0.4839,0.0000,0,0,0.1105,-0.1254,0.5789,5069580.5000
118.5398,-0.0106,-0.1693,0.4839,0.0000,0,0,0.1130,-0.1275,0.5789,5069580.5000
118.5497,-0.0617,-0.0639,0.4839,0.0000,0,0,0.1147,-0.1290,0.5789,5069580.5000
118.5601,-0.3521,-0.2803,0.4839,0.0000,0,0,0.1131,-0.1274,0.5789,5069580.5000
118.5706,-0.3841,-0.2795,0.4839,0.0000,0,0,0.1112,-0.1254,0.5789,5069580.5000
118.5798,-0.1476,-0.0492,0.4839,0.0000,0,0,0.1119,-0.1262,0.5789,5069580.5000
118.5898,-0.1552,0.0266,0.4839,0.0000,0,0,0.1124,-0.1268,0.5789,5069580.5000
118.5998,-0.3298,0.4829,0.4839,0.0000,0,0,0.1113,-0.1253,0.5789,5069580.5000
118.6101,-0.2716,0.6747,0.4839,0.0000,0,0,0.1108,-0.1246,0.5789,5069580.5000
118.6201,-0.0504,-0.0359,0.4839,0.0000,0,0,0.1121,-0.1267,0.5789,5069580.5000
118.6297,-0.0278,-0.2630,0.4839,0.0000,0,0,0.1135,-0.1293,0.5789,5069580.5000
118.6397,-0.0468,0.0553,0.4839,0.0000,0,0,0.1147,-0.1315,0.5789,5069580.5000
118.6498,-0.3736,-0.0809,0.4839,0.0000,0,0,0.1136,-0.1291,0.5789,5069580.5000
118.6606,-0.2035,-0.3129,0.4839,0.0000,0,0,0.1136,-0.1292,0.5789,5069580.5000
118.6701,-0.3204,0.0590,0.4839,0.0000,0,0,0.1130,-0.1275,0.5789,5069580.5000
118.6798,-0.4647,0.7708,0.4839,0.0000,0,0,0.1118,-0.1237,0.5789,5069580.5000
118.6898,-0.1273,0.4734,0.4839,0.0000,0,0,0.1122,-0.1251,0.5789,5069580.5000
118.6998,0.0446,-0.0195,0.4839,0.0000,0,0,0.1131,-0.1293,0.5789,5069580.5000
118.7106,-0.0927,0.0964,0.4839,0.0000,0,0,0.1135,-0.1313,0.5789,5069580.5000
118.7208,-0.2736,-0.0439,0.4839,0.0000,0,0,0.1134,-0.1303,0.5789,5069580.5000
118.7298,-0.3610,-0.2965,0.4839,0.0000,0,0,0.1131,-0.1280,0.5789,5069580.5000
118.7398,-0.2381,-0.1280,0.4839,0.0000,0,0,0.1131,-0.1278,0.5789,5069580.5000
118.7497,-0.3223,-0.0352,0.4839,0.0000,0,0,0.1131,-0.1261,0.5789,5069580.5000
118.7601,-0.4234,0.2631,0.4839,0.0000,0,0,0.1131,-0.1229,0.5789,5069580.5000
118.7706,-0.1702,0.4561,0.4839,0.0000,0,0,0.1130,-0.1240,0.5789,5069580.5000
118.7798,-0.1259,0.2130,0.4839,0.0000,0,0,0.1129,-0.1260,0.5789,5069580.5000
118.7898,-0.1638,0.0024,0.4839,0.0000,0,0,0.1127,-0.1273,0.5789,5069580.5000
118.7998,-0.1153,-0.0746,0.4839,0.0000,0,0,0.1124,-0.1294,0.5789,5069580.5000
118.8101,-0.3019,-0.2714,0.4839,0.0000,0,0,0.1126,-0.1284,0.5789,5069580.5000
118.8201,-0.0541,-0.4236,0.4839,0.0000,0,0,0.1119,-0.1317,0.5789,5069580.5000
118.8298,-0.3057,-0.0319,0.4839,0.0000,0,0,0.1122,-0.1306,0.5789,5069580.5000
118.8398,-0.4105,0.6808,0.4839,0.0000,0,0,0.1130,-0.1278,0.5789,5069580.5000
118.8498,-0.1765,0.4058,0.4839,0.0000,0,0,0.1125,-0.1292,0.5789,5069580.5000
118.8606,-0.1284,-0.0373,0.4839,0.0000,0,0,0.1117,-0.1314,0.5789,5069580.5000
118.8697,-0.1606,0.3144,0.4839,0.0000,0,0,0.1111,-0.1331,0.5789,5069580.5000
118.8801,-0.1779,0.0587,0.4839,0.0000,0,0,0.1105,-0.1345,0.5789,5069580.5000
118.8898,0.0193,-0.4561,0.4839,0.0000,0,0,0.1083,-0.1392,0.5789,5069580.5000
118.8998,-0.0942,-0.1682,0.4839,0.0000,0,0,0.1070,-0.1419,0.5789,5069580.5000
118.9105,-0.3784,0.1405,0.4839,0.0000,0,0,0.1080,-0.1400,0.5789,5069580.5000
118.9198,-0.4216,0.1436,0.4839,0.0000,0,0,0.1094,-0.1376,0.5789,5069580.5000
118.9301,-0.1535,0.2965,0.4839,0.0000,0,0,0.1082,-0.1395,0.5789,5069580.5000
118.9398,-0.3108,0.3472,0.4839,0.0000,0,0,0.1085,-0.1390,0.5789,5069580.5000
118.9498,-0.3767,0.2797,0.4839,0.0000,0,0,0.1095,-0.1375,0.5789,5069580.5000
118.9601,-0.0315,0.2498,0.4839,0.0000,0,0,0.1067,-0.1414,0.5789,5069580.5000
118.9698,-0.0923,-0.0265,0.4839,0.0000,0,0,0.1044,-0.1443,0.5789,5069580.5000
118.9807,0.0268,-0.4383,0.4839,0.0000,0,0,0.1006,-0.1488,0.5789,5069580.5000
118.9898,-0.2855,-0.1698,0.4839,0.0000,0,0,0.1006,-0.1488,0.5789,5069580.5000
118.9997,-0.6399,0.4946,0.4839,0.0000,0,0,0.1051,-0.1441,0.5789,5069580.5000
119.0102,-0.3874,0.4047,0.4839,0.0000,0,0,0.1062,-0.1430,0.5789,5069580.5000
119.0198,-0.2688,0.2292,0.4839,0.0000,0,0,0.1056,-0.1435,0.5789,5069580.5000
119.0300,-0.2719,0.6202,0.4839,0.0000,0,0,0.1050,-0.1440,0.5789,5069580.5000
119.0399,-0.2980,0.2207,0.4839,0.0000,0,0,0.1047,-0.1443,0.5789,5069580.5000
119.0498,-0.1636,-0.3729,0.4839,0.0000,0,0,0.1023,-0.1461,0.5789,5069580.5000
119.0606,-0.2054,-0.2952,0.4839,0.0000,0,0,0.1005,-0.1474,0.5789,5069580.5000
119.0697,-0.2873,-0.0909,0.4839,0.0000,0,0,0.0999,-0.1478,0.5789,5069580.5000
119.0800,-0.5675,0.1655,0.4839,0.0000,0,0,0.1036,-0.1455,0.5789,5069580.5000
119.0898,-0.5198,0.6716,0.4839,0.0000,0,0,0.1063,-0.1439,0.5789,5069580.5000
119.0998,-0.2118,0.4524,0.4839,0.0000,0,0,0.1041,-0.1451,0.5789,5069580.5000
119.1106,-0.1481,0.1968,0.4839,0.0000,0,0,0.1008,-0.1468,0.5789,5069580.5000
119.1198,-0.1395,0.5529,0.4839,0.0000,0,0,0.0972,-0.1484,0.5789,5069580.5000
119.1301,-0.3417,0.1995,0.4839,0.0000,0,0,0.0970,-0.1485,0.5789,5069580.5000
119.1398,-0.1353,-0.5136,0.4839,0.0000,0,0,0.0932,-0.1499,0.5789,5069580.5000
119.1497,-0.1865,-0.2208,0.4839,0.0000,0,0,0.0903,-0.1509,0.5789,5069580.5000
119.1601,-0.5075,0.4814,0.4839,0.0000,0,0,0.0927,-0.1502,0.5789,5069580.5000
119.1698,-0.3157,0.6143,0.4839,0.0000,0,0,0.0918,-0.1504,0.5789,5069580.5000
119.1807,-0.1307,0.4336,0.4839,0.0000,0,0,0.0876,-0.1513,0.5789,5069580.5000
119.1898,-0.1625,0.5102,0.4839,0.0000,0,0,0.0839,-0.1519,0.5789,5069580.5000
119.1998,-0.1434,0.0620,0.4839,0.0000,0,0,0.0799,-0.1524,0.5789,5069580.5000
119.2101,0.0255,-0.5728,0.4839,0.0000,0,0,0.0730,-0.1530,0.5789,5069580.5000
119.2199,-0.0893,-0.4360,0.4839,0.0000,0,0,0.0682,-0.1532,0.5789,5069580.5000
119.2300,-0.3260,0.0102,0.4839,0.0000,0,0,0.0674,-0.1532,0.5789,5069580.5000
119.2398,-0.5791,0.3661,0.4839,0.0000,0,0,0.0709,-0.1534,0.5789,5069580.5000
119.2498,-0.2985,0.7728,0.4839,0.0000,0,0,0.0694,-0.1532,0.5789,5069580.5000
119.2605,-0.1606,0.4710,0.4839,0.0000,0,0,0.0656,-0.1527,0.5789,5069580.5000
119.2697,-0.1600,0.1195,0.4839,0.0000,0,0,0.0617,-0.1520,0.5789,5069580.5000
119.2801,-0.1096,0.2015,0.4839,0.0000,0,0,0.0571,-0.1509,0.5789,5069580.5000
119.2897,-0.3202,-0.1144,0.4839,0.0000,0,0,0.0560,-0.1506,0.5789,5069580.5000
119.2998,-0.1198,-0.4469,0.4839,0.0000,0,0,0.0516,-0.1492,0.5789,5069580.5000
119.3106,-0.2989,-0.1139,0.4839,0.0000,0,0,0.0502,-0.1486,0.5789,5069580.5000
119.3198,-0.5916,0.4981,0.4839,0.0000,0,0,0.0534,-0.1500,0.5789,5069580.5000
119.3301,-0.2417,0.5717,0.4839,0.0000,0,0,0.0510,-0.1488,0.5789,5069580.5000
119.3398,0.0568,0.4239,0.4839,0.0000,0,0,0.0440,-0.1449,0.5789,5069580.5000
119.3497,-0.1228,0.4861,0.4839,0.0000,0,0,0.0399,-0.1424,0.5789,5069580.5000
119.3601,-0.1738,0.1900,0.4839,0.0000,0,0,0.0367,-0.1402,0.5789,5069580.5000
119.3698,-0.1156,-0.2625,0.4839,0.0000,0,0,0.0328,-0.1372,0.5789,5069580.5000
119.3807,-0.2532,-0.2300,0.4839,0.0000,0,0,0.0310,-0.1357,0.5789,5069580.5000
119.3898,-0.3034,-0.0696,0.4839,0.0000,0,0,0.0298,-0.1346,0.5789,5069580.5000
119.3998,-0.6118,0.4009,0.4839,0.0000,0,0,0.0327,-0.1375,0.5789,5069580.5000
119.4101,-0.5301,0.9375,0.4839,0.0000,0,0,0.0344,-0.1394,0.5789,5069580.5000
119.4198,-0.2125,0.5497,0.4839,0.0000,0,0,0.0320,-0.1365,0.5789,5069580.5000
119.4301,-0.1712,0.2058,0.4839,0.0000,0,0,0.0293,-0.1329,0.5789,5069580.5000
119.4398,-0.1444,0.4489,0.4839,0.0000,0,0,0.0264,-0.1288,0.5789,5069580.5000
119.4498,-0.2767,0.0897,0.4839,0.0000,0,0,0.0251,-0.1267,0.5789,5069580.5000
119.4605,-0.1692,-0.3475,0.4839,0.0000,0,0,0.0228,-0.1227,0.5789,5069580.5000
119.4697,-0.2844,-0.0669,0.4839,0.0000,0,0,0.0218,-0.1207,0.5789,5069580.5000
119.4801,-0.6235,0.3241,0.4839,0.0000,0,0,0.0238,-0.1250,0.5789,5069580.5000
119.4898,-0.7249,0.5249,0.4839,0.0000,0,0,0.0264,-0.1311,0.5789,5069580.5000
119.4998,-0.3985,0.7415,0.4839,0.0000,0,0,0.0263,-0.1307,0.5789,5069580.5000
119.5106,-0.2879,0.6179,0.4839,0.0000,0,0,0.0253,-0.1280,0.5789,5069580.5000
119.5198,-0.3220,0.4066,0.4839,0.0000,0,0,0.0247,-0.1259,0.5789,5069580.5000
119.5301,-0.1490,0.4054,0.4839,0.0000,0,0,0.0232,-0.1201,0.5789,5069580.5000
119.5398,-0.3126,-0.0004,0.4839,0.0000,0,0,0.0227,-0.1179,0.5789,5069580.5000
119.5497,-0.2935,-0.2318,0.4839,0.0000,0,0,0.0222,-0.1152,0.5789,5069580.5000
119.5601,-0.5152,0.1221,0.4839,0.0000,0,0,0.0226,-0.1175,0.5789,5069580.5000
119.5698,-0.7483,0.6457,0.4839,0.0000,0,0,0.0235,-0.1251,0.5789,5069580.5000
119.5808,-0.3777,0.4460,0.4839,0.0000,0,0,0.0234,-0.1238,0.5789,5069580.5000
119.5898,-0.4789,0.4659,0.4839,0.0000,0,0,0.0234,-0.1250,0.5789,5069580.5000
119.5998,-0.3544,0.7505,0.4839,0.0000,0,0,0.0234,-0.1230,0.5789,5069580.5000
119.6101,-0.2466,0.2160,0.4839,0.0000,0,0,0.0234,-0.1184,0.5789,5069580.5000
119.6198,-0.0281,-0.1438,0.4839,0.0000,0,0,0.0237,-0.1085,0.5789,5069580.5000
119.6301,-0.3320,0.2509,0.4839,0.0000,0,0,0.0239,-0.1063,0.5789,5069580.5000
119.6398,-0.7318,0.2587,0.4839,0.0000,0,0,0.0232,-0.1141,0.5789,5069580.5000
119.6498,-0.4357,0.0050,0.4839,0.0000,0,0,0.0232,-0.1142,0.5789,5069580.5000
119.6606,-0.3788,0.2521,0.4839,0.0000,0,0,0.0234,-0.1129,0.5789,5069580.5000
119.6698,-0.4650,0.8617,0.4839,0.0000,0,0,0.0232,-0.1137,0.5789,5069580.5000
119.6801,-0.3061,0.6297,0.4839,0.0000,0,0,0.0239,-0.1104,0.5789,5069580.5000
119.6898,-0.1074,0.1828,0.4839,0.0000,0,0,0.0258,-0.1022,0.5789,5069580.5000
119.6998,-0.2946,0.2296,0.4839,0.0000,0,0,0.0266,-0.0990,0.5789,5069580.5000
119.7106,-0.5522,0.1006,0.4839,0.0000,0,0,0.0256,-0.1025,0.5789,5069580.5000
119.7198,-0.5236,-0.1797,0.4839,0.0000,0,0,0.0248,-0.1050,0.5789,5069580.5000
119.7300,-0.5488,-0.0030,0.4839,0.0000,0,0,0.0238,-0.1081,0.5789,5069580.5000
119.7398,-0.6890,0.4039,0.4839,0.0000,0,0,0.0214,-0.1145,0.5789,5069580.5000
119.7497,-0.7227,0.6067,0.4839,0.0000,0,0,0.0186,-0.1215,0.5789,5069580.5000
119.7598,-0.2419,0.6353,0.4839,0.0000,0,0,0.0208,-0.1163,0.5789,5069580.5000
119.7706,-0.2477,0.2746,0.4839,0.0000,0,0,0.0230,-0.1115,0.5789,5069580.5000
119.7807,-0.3229,0.0597,0.4839,0.0000,0,0,0.0244,-0.1087,0.5789,5069580.5000
119.7897,-0.2121,-0.0858,0.4839,0.0000,0,0,0.0272,-0.1034,0.5789,5069580.5000
119.7998,-0.5048,-0.2165,0.4839,0.0000,0,0,0.0261,-0.1052,0.5789,5069580.5000
119.8097,-0.2939,-0.2938,0.4839,0.0000,0,0,0.0280,-0.1021,0.5789,5069580.5000
119.8201,-0.7075,0.2810,0.4839,0.0000,0,0,0.0239,-0.1086,0.5789,5069580.5000
119.8301,-0.5092,0.9330,0.4839,0.0000,0,0,0.0228,-0.1103,0.5789,5069580.5000
119.8398,-0.3095,0.5358,0.4839,0.0000,0,0,0.0247,-0.1075,0.5789,5069580.5000
119.8498,-0.3660,0.1609,0.4839,0.0000,0,0,0.0257,-0.1061,0.5789,5069580.5000
119.8598,-0.2613,0.5127,0.4839,0.0000,0,0,0.0284,-0.1025,0.5789,5069580.5000
119.8701,-0.2941,0.0615,0.4839,0.0000,0,0,0.0306,-0.0999,0.5789,5069580.5000
119.8801,-0.2532,-0.1748,0.4839,0.0000,0,0,0.0333,-0.0965,0.5789,5069580.5000
119.8898,-0.4799,0.0551,0.4839,0.0000,0,0,0.0321,-0.0980,0.5789,5069580.5000
119.8998,-0.7928,0.3029,0.4839,0.0000,0,0,0.0252,-0.1057,0.5789,5069580.5000
119.9097,-0.5281,0.1088,0.4839,0.0000,0,0,0.0233,-0.1078,0.5789,5069580.5000
119.9207,-0.5094,0.1846,0.4839,0.0000,0,0,0.0217,-0.1095,0.5789,5069580.5000
119.9301,-0.5144,0.7346,0.4839,0.0000,0,0,0.0201,-0.1111,0.5789,5069580.5000
119.9398,-0.4490,0.6771,0.4839,0.0000,0,0,0.0197,-0.1115,0.5789,5069580.5000
119.9497,-0.1390,0.0129,0.4839,0.0000,0,0,0.0254,-0.1061,0.5789,5069580.5000
119.9598,-0.3582,0.0339,0.4839,0.0000,0,0,0.0265,-0.1050,0.5789,5069580.5000
119.9706,-0.4633,0.1028,0.4839,0.0000,0,0,0.0255,-0.1059,0.5789,5069580.5000
119.9807,-0.5374,-0.3499,0.4839,0.0000,0,0,0.0229,-0.1081,0.5789,5069580.5000
119.9898,-0.3837,-0.1217,0.4839,0.0000,0,0,0.0236,-0.1076,0.5789,5069580.5000
119.9998,-0.6444,0.4949,0.4839,0.0000,0,0,0.0187,-0.1115,0.5789,5069580.5000
120.0099,-0.8505,0.8964,0.4839,0.0000,0,0,0.0095,-0.1187,0.5789,5069580.5000
120.0201,-0.4122,0.8571,0.4839,0.0000,0,0,0.0100,-0.1184,0.5789,5069580.5000
120.0301,-0.3821,0.4994,0.4839,0.0000,0,0,0.0112,-0.1175,0.5789,5069580.5000
120.0398,-0.2982,0.3057,0.4839,0.0000,0,0,0.0141,-0.1155,0.5789,5069580.5000
120.0498,-0.3418,0.0988,0.4839,0.0000,0,0,0.0159,-0.1143,0.5789,5069580.5000
120.0598,-0.6231,0.0184,0.4839,0.0000,0,0,0.0111,-0.1174,0.5789,5069580.5000
120.0700,-0.5054,0.0515,0.4839,0.0000,0,0,0.0092,-0.1187,0.5789,5069580.5000
120.0801,-0.8069,0.2455,0.4839,0.0000,0,0,0.0001,-0.1242,0.5789,5069580.5000
120.0897,-0.7744,0.9961,0.4839,0.0000,0,0,-0.0079,-0.1291,0.5789,5069580.5000
120.0998,-0.5942,0.9073,0.4839,0.0000,0,0,-0.0113,-0.1311,0.5789,5069580.5000
120.1098,-0.2414,0.2819,0.4839,0.0000,0,0,-0.0063,-0.1282,0.5789,5069580.5000
120.1207,-0.3785,0.3094,0.4839,0.0000,0,0,-0.0049,-0.1274,0.5789,5069580.5000
120.1301,-0.5334,0.2640,0.4839,0.0000,0,0,-0.0072,-0.1287,0.5789,5069580.5000
120.1398,-0.6200,-0.1435,0.4839,0.0000,0,0,-0.0116,-0.1310,0.5789,5069580.5000
120.1497,-0.4982,-0.0487,0.4839,0.0000,0,0,-0.0129,-0.1317,0.5789,5069580.5000
120.1598,-0.7152,0.4596,0.4839,0.0000,0,0,-0.0194,-0.1350,0.5789,5069580.5000
120.1706,-0.8754,0.7768,0.4839,0.0000,0,0,-0.0295,-0.1399,0.5789,5069580.5000
120.1807,-0.4525,0.6818,0.4839,0.0000,0,0,-0.0293,-0.1398,0.5789,5069580.5000
120.1898,-0.4610,0.4924,0.4839,0.0000,0,0,-0.0293,-0.1398,0.5789,5069580.5000
120.1998,-0.5758,0.4048,0.4839,0.0000,0,0,-0.0321,-0.1410,0.5789,5069580.5000
120.2098,-0.5653,0.0433,0.4839,0.0000,0,0,-0.0346,-0.1421,0.5789,5069580.5000
120.2201,-0.5733,0.0539,0.4839,0.0000,0,0,-0.0372,-0.1432,0.5789,5069580.5000
120.2301,-0.4437,0.3029,0.4839,0.0000,0,0,-0.0369,-0.1431,0.5789,5069580.5000
120.2398,-0.6154,0.3268,0.4839,0.0000,0,0,-0.0404,-0.1445,0.5789,5069580.5000
120.2498,-0.5078,0.6396,0.4839,0.0000,0,0,-0.0416,-0.1450,0.5789,5069580.5000
120.2598,-0.4693,0.6397,0.4839,0.0000,0,0,-0.0418,-0.1451,0.5789,5069580.5000
120.2700,-0.5578,0.3410,0.4839,0.0000,0,0,-0.0441,-0.1459,0.5789,5069580.5000
120.2801,-0.5320,0.5280,0.4839,0.0000,0,0,-0.0458,-0.1464,0.5789,5069580.5000
120.2897,-0.4430,0.4248,0.4839,0.0000,0,0,-0.0457,-0.1464,0.5789,5069580.5000
120.2998,-0.3645,-0.1105,0.4839,0.0000,0,0,-0.0439,-0.1459,0.5789,5069580.5000
120.3097,-0.3789,-0.0863,0.4839,0.0000,0,0,-0.0426,-0.1455,0.5789,5069580.5000
120.3207,-0.7256,0.2565,0.4839,0.0000,0,0,-0.0487,-0.1470,0.5789,5069580.5000
120.3300,-0.6390,0.3315,0.4839,0.0000,0,0,-0.0529,-0.1480,0.5789,5069580.5000
120.3398,-0.3723,0.3593,0.4839,0.0000,0,0,-0.0515,-0.1477,0.5789,5069580.5000
120.3497,-0.5763,0.7597,0.4839,0.0000,0,0,-0.0544,-0.1482,0.5789,5069580.5000
120.3598,-0.5288,0.8475,0.4839,0.0000,0,0,-0.0563,-0.1486,0.5789,5069580.5000
120.3706,-0.2259,0.2666,0.4839,0.0000,0,0,-0.0521,-0.1480,0.5789,5069580.5000
120.3807,-0.3035,0.0402,0.4839,0.0000,0,0,-0.0497,-0.1477,0.5789,5069580.5000
120.3898,-0.4308,0.0380,0.4839,0.0000,0,0,-0.0500,-0.1478,0.5789,5069580.5000
120.3998,-0.6572,-0.0512,0.4839,0.0000,0,0,-0.0548,-0.1480,0.5789,5069580.5000
120.4098,-0.3507,0.3735,0.4839,0.0000,0,0,-0.0536,-0.1480,0.5789,5069580.5000
120.4201,-0.4619,0.7267,0.4839,0.0000,0,0,-0.0546,-0.1480,0.5789,5069580.5000
120.4301,-0.5121,0.8008,0.4839,0.0000,0,0,-0.0567,-0.1479,0.5789,5069580.5000
120.4398,-0.3344,0.5758,0.4839,0.0000,0,0,-0.0554,-0.1480,0.5789,5069580.5000
120.4498,-0.3402,0.2543,0.4839,0.0000,0,0,-0.0544,-0.1481,0.5789,5069580.5000
120.4598,-0.2731,0.0570,0.4839,0.0000,0,0,-0.0523,-0.1484,0.5789,5069580.5000
120.4701,-0.4022,0.0776,0.4839,0.0000,0,0,-0.0527,-0.1483,0.5789,5069580.5000
120.4801,-0.4292,0.3603,0.4839,0.0000,0,0,-0.0536,-0.1481,0.5789,5069580.5000
120.4898,-0.3425,0.3426,0.4839,0.0000,0,0,-0.0531,-0.1483,0.5789,5069580.5000
120.4998,-0.4970,0.3320,0.4839,0.0000,0,0,-0.0552,-0.1476,0.5789,5069580.5000
120.5097,-0.4761,0.8389,0.4839,0.0000,0,0,-0.0570,-0.1471,0.5789,5069580.5000
120.5207,-0.3278,0.7071,0.4839,0.0000,0,0,-0.0564,-0.1473,0.5789,5069580.5000
120.5298,-0.1486,0.1539,0.4839,0.0000,0,0,-0.0531,-0.1486,0.5789,5069580.5000
120.5400,-0.3155,0.1827,0.4839,0.0000,0,0,-0.0526,-0.1488,0.5789,5069580.5000
120.5497,-0.4362,0.0966,0.4839,0.0000,0,0,-0.0540,-0.1482,0.5789,5069580.5000
120.5598,-0.5003,-0.2323,0.4839,0.0000,0,0,-0.0563,-0.1469,0.5789,5069580.5000
120.5706,-0.3368,-0.0712,0.4839,0.0000,0,0,-0.0562,-0.1469,0.5789,5069580.5000
120.5798,-0.5627,0.3747,0.4839,0.0000,0,0,-0.0592,-0.1449,0.5789,5069580.5000
120.5901,-0.5270,0.4166,0.4839,0.0000,0,0,-0.0617,-0.1432,0.5789,5069580.5000
120.5998,-0.2012,0.3926,0.4839,0.0000,0,0,-0.0600,-0.1445,0.5789,5069580.5000
120.6097,-0.4299,0.4793,0.4839,0.0000,0,0,-0.0612,-0.1435,0.5789,5069580.5000
120.6201,-0.3760,0.4266,0.4839,0.0000,0,0,-0.0618,-0.1429,0.5789,5069580.5000
120.6298,-0.2589,-0.0978,0.4839,0.0000,0,0,-0.0611,-0.1436,0.5789,5069580.5000
120.6401,-0.3438,-0.1512,0.4839,0.0000,0,0,-0.0614,-0.1433,0.5789,5069580.5000
120.6498,-0.3059,-0.1728,0.4839,0.0000,0,0,-0.0613,-0.1434,0.5789,5069580.5000
120.6598,-0.5192,-0.0687,0.4839,0.0000,0,0,-0.0633,-0.1408,0.5789,5069580.5000
120.6701,-0.2760,0.4471,0.4839,0.0000,0,0,-0.0630,-0.1413,0.5789,5069580.5000
120.6798,-0.2716,0.3055,0.4839,0.0000,0,0,-0.0627,-0.1417,0.5789,5069580.5000
120.6901,-0.3644,0.2648,0.4839,0.0000,0,0,-0.0632,-0.1408,0.5789,5069580.5000
120.6998,-0.3974,0.6480,0.4839,0.0000,0,0,-0.0640,-0.1395,0.5789,5069580.5000
120.7097,-0.3153,0.3090,0.4839,0.0000,0,0,-0.0641,-0.1392,0.5789,5069580.5000
120.7206,-0.1150,-0.2749,0.4839,0.0000,0,0,-0.0630,-0.1418,0.5789,5069580.5000
120.7297,-0.2055,-0.1815,0.4839,0.0000,0,0,-0.0625,-0.1429,0.5789,5069580.5000
120.7401,-0.2844,0.0281,0.4839,0.0000,0,0,-0.0626,-0.1428,0.5789,5069580.5000
120.7498,-0.4851,-0.1005,0.4839,0.0000,0,0,-0.0635,-0.1396,0.5789,5069580.5000
120.7598,-0.3227,0.0376,0.4839,0.0000,0,0,-0.0637,-0.1389,0.5789,5069580.5000
120.7706,-0.4599,0.5349,0.4839,0.0000,0,0,-0.0643,-0.1359,0.5789,5069580.5000
120.7798,-0.5942,0.6984,0.4839,0.0000,0,0,-0.0652,-0.1308,0.5789,5069580.5000
120.7901,-0.1320,0.4279,0.4839,0.0000,0,0,-0.0649,-0.1332,0.5789,5069580.5000
120.7998,-0.2410,0.2440,0.4839,0.0000,0,0,-0.0648,-0.1337,0.5789,5069580.5000
120.8098,-0.2429,0.2072,0.4839,0.0000,0,0,-0.0648,-0.1341,0.5789,5069580.5000
120.8201,-0.2365,-0.1610,0.4839,0.0000,0,0,-0.0648,-0.1346,0.5789,5069580.5000
120.8298,-0.1796,-0.0837,0.4839,0.0000,0,0,-0.0648,-0.1360,0.5789,5069580.5000
120.8401,-0.1579,0.1439,0.4839,0.0000,0,0,-0.0649,-0.1377,0.5789,5069580.5000
120.8498,-0.3819,0.2549,0.4839,0.0000,0,0,-0.0647,-0.1355,0.5789,5069580.5000
120.8598,-0.3708,0.7333,0.4839,0.0000,0,0,-0.0645,-0.1335,0.5789,5069580.5000
120.8700,-0.2602,0.7350,0.4839,0.0000,0,0,-0.0645,-0.1333,0.5789,5069580.5000
120.8798,-0.1356,0.3231,0.4839,0.0000,0,0,-0.0648,-0.1353,0.5789,5069580.5000
120.8900,-0.2372,0.4175,0.4839,0.0000,0,0,-0.0649,-0.1354,0.5789,5069580.5000
120.8998,-0.2561,0.3479,0.4839,0.0000,0,0,-0.0648,-0.1352,0.5789,5069580.5000
120.9098,-0.2724,-0.2302,0.4839,0.0000,0,0,-0.0647,-0.1347,0.5789,5069580.5000
120.9207,-0.2781,-0.2563,0.4839,0.0000,0,0,-0.0645,-0.1341,0.5789,5069580.5000
120.9297,-0.4152,0.2565,0.4839,0.0000,0,0,-0.0634,-0.1311,0.5789,5069580.5000
120.9401,-0.4791,0.4868,0.4839,0.0000,0,0,-0.0618,-0.1271,0.5789,5069580.5000
120.9497,-0.0379,0.3815,0.4839,0.0000,0,0,-0.0633,-0.1306,0.5789,5069580.5000
120.9598,-0.1533,0.5181,0.4839,0.0000,0,0,-0.0640,-0.1320,0.5789,5069580.5000
120.9706,-0.2423,0.6353,0.4839,0.0000,0,0,-0.0639,-0.1320,0.5789,5069580.5000
120.9799,-0.1221,0.1971,0.4839,0.0000,0,0,-0.0649,-0.1338,0.5789,5069580.5000
120.9901,-0.0966,-0.0223,0.4839,0.0000,0,0,-0.0662,-0.1360,0.5789,5069580.5000
120.9999,-0.1182,-0.0351,0.4839,0.0000,0,0,-0.0673,-0.1377,0.5789,5069580.5000
121.0099,-0.3997,-0.0037,0.4839,0.0000,0,0,-0.0655,-0.1351,0.5789,5069580.5000
121.0201,-0.4026,0.4330,0.4839,0.0000,0,0,-0.0636,-0.1324,0.5789,5069580.5000
121.0298,-0.1708,0.4939,0.4839,0.0000,0,0,-0.0643,-0.1334,0.5789,5069580.5000
121.0401,0.0007,0.2766,0.4839,0.0000,0,0,-0.0671,-0.1367,0.5789,5069580.5000
121.0498,-0.1464,0.6368,0.4839,0.0000,0,0,-0.0680,-0.1379,0.5789,5069580.5000
121.0598,-0.0426,0.8147,0.4839,0.0000,0,0,-0.0703,-0.1404,0.5789,5069580.5000
121.0701,0.0371,0.0348,0.4839,0.0000,0,0,-0.0737,-0.1439,0.5789,5069580.5000
121.0798,-0.0151,-0.2188,0.4839,0.0000,0,0,-0.0763,-0.1465,0.5789,5069580.5000
121.0901,-0.1692,0.0854,0.4839,0.0000,0,0,-0.0769,-0.1470,0.5789,5069580.5000
121.0998,-0.5438,0.1889,0.4839,0.0000,0,0,-0.0722,-0.1430,0.5789,5069580.5000
121.1098,-0.3211,0.4255,0.4839,0.0000,0,0,-0.0708,-0.1418,0.5789,5069580.5000
121.1208,-0.1424,0.4507,0.4839,0.0000,0,0,-0.0720,-0.1427,0.5789,5069580.5000
121.1297,-0.0839,0.3511,0.4839,0.0000,0,0,-0.0740,-0.1441,0.5789,5069580.5000
121.1401,0.0807,0.3801,0.4839,0.0000,0,0,-0.0786,-0.1472,0.5789,5069580.5000
121.1497,-0.0076,0.2148,0.4839,0.0000,0,0,-0.0818,-0.1492,0.5789,5069580.5000
121.1598,0.0592,0.0196,0.4839,0.0000,0,0,-0.0861,-0.1516,0.5789,5069580.5000
121.1706,-0.2704,0.1187,0.4839,0.0000,0,0,-0.0851,-0.1511,0.5789,5069580.5000
121.1798,-0.4804,0.4287,0.4839,0.0000,0,0,-0.0807,-0.1489,0.5789,5069580.5000
121.1901,-0.4523,0.3192,0.4839,0.0000,0,0,-0.0768,-0.1472,0.5789,5069580.5000
121.1998,0.0315,0.1198,0.4839,0.0000,0,0,-0.0810,-0.1489,0.5789,5069580.5000
121.2098,-0.0610,0.5151,0.4839,0.0000,0,0,-0.0837,-0.1499,0.5789,5069580.5000
121.2201,-0.0337,0.6008,0.4839,0.0000,0,0,-0.0869,-0.1509,0.5789,5069580.5000
121.2298,0.0504,0.2538,0.4839,0.0000,0,0,-0.0914,-0.1522,0.5789,5069580.5000
121.2401,-0.0110,0.2048,0.4839,0.0000,0,0,-0.0949,-0.1530,0.5789,5069580.5000
121.2498,-0.1093,0.1015,0.4839,0.0000,0,0,-0.0967,-0.1533,0.5789,5069580.5000
121.2598,-0.2377,0.0613,0.4839,0.0000,0,0,-0.0963,-0.1533,0.5789,5069580.5000
121.2700,-0.2248,0.4411,0.4839,0.0000,0,0,-0.0961,-0.1533,0.5789,5069580.5000
121.2797,0.0882,0.4330,0.4839,0.0000,0,0,-0.1014,-0.1536,0.5789,5069580.5000
121.2901,-0.0801,0.3896,0.4839,0.0000,0,0,-0.1038,-0.1537,0.5789,5069580.5000
121.2998,0.0004,0.5539,0.4839,0.0000,0,0,-0.1075,-0.1536,0.5789,5069580.5000
121.3098,-0.1048,0.3515,0.4839,0.0000,0,0,-0.1093,-0.1535,0.5789,5069580.5000
121.3207,0.1014,-0.0035,0.4839,0.0000,0,0,-0.1147,-0.1530,0.5789,5069580.5000
121.3298,-0.1260,-0.0162,0.4839,0.0000,0,0,-0.1162,-0.1527,0.5789,5069580.5000
121.3401,-0.2566,0.2907,0.4839,0.0000,0,0,-0.1154,-0.1529,0.5789,5069580.5000
121.3497,-0.4230,0.3848,0.4839,0.0000,0,0,-0.1120,-0.1537,0.5789,5069580.5000
121.3598,-0.2325,0.2447,0.4839,0.0000,0,0,-0.1119,-0.1538,0.5789,5069580.5000
121.3706,-0.4090,0.4313,0.4839,0.0000,0,0,-0.1090,-0.1548,0.5789,5069580.5000
121.3798,-0.2818,0.5996,0.4839,0.0000,0,0,-0.1083,-0.1550,0.5789,5069580.5000
121.3901,-0.0317,0.1325,0.4839,0.0000,0,0,-0.1117,-0.1535,0.5789,5069580.5000
121.3998,0.0795,-0.0817,0.4839,0.0000,0,0,-0.1167,-0.1509,0.5789,5069580.5000
121.4098,-0.0744,0.0309,0.4839,0.0000,0,0,-0.1193,-0.1495,0.5789,5069580.5000
121.4201,-0.4335,0.0379,0.4839,0.0000,0,0,-0.1164,-0.1513,0.5789,5069580.5000
121.4297,-0.4509,0.3648,0.4839,0.0000,0,0,-0.1135,-0.1534,0.5789,5069580.5000
121.4401,-0.2023,0.5387,0.4839,0.0000,0,0,-0.1143,-0.1527,0.5789,5069580.5000
121.4498,-0.1996,0.4311,0.4839,0.0000,0,0,-0.1152,-0.1520,0.5789,5069580.5000
121.4598,-0.0432,0.6165,0.4839,0.0000,0,0,-0.1182,-0.1491,0.5789,5069580.5000
121.4701,-0.0748,0.4117,0.4839,0.0000,0,0,-0.1206,-0.1466,0.5789,5069580.5000
121.4798,-0.0806,0.0373,0.4839,0.0000,0,0,-0.1230,-0.1439,0.5789,5069580.5000
121.4901,-0.0845,-0.1214,0.4839,0.0000,0,0,-0.1251,-0.1412,0.5789,5069580.5000
121.4998,-0.2738,0.2449,0.4839,0.0000,0,0,-0.1251,-0.1413,0.5789,5069580.5000
121.5098,-0.4241,0.4646,0.4839,0.0000,0,0,-0.1234,-0.1438,0.5789,5069580.5000
121.5207,-0.1213,0.3837,0.4839,0.0000,0,0,-0.1251,-0.1411,0.5789,5069580.5000
121.5298,-0.1636,0.5593,0.4839,0.0000,0,0,-0.1262,-0.1390,0.5789,5069580.5000
121.5401,-0.0911,0.7547,0.4839,0.0000,0,0,-0.1280,-0.1354,0.5789,5069580.5000
121.5497,0.0157,0.3194,0.4839,0.0000,0,0,-0.1306,-0.1298,0.5789,5069580.5000
121.5598,0.1811,0.0668,0.4839,0.0000,0,0,-0.1343,-0.1208,0.5789,5069580.5000
121.5705,0.0365,0.1019,0.4839,0.0000,0,0,-0.1366,-0.1146,0.5789,5069580.5000
121.5798,-0.1452,0.2305,0.4839,0.0000,0,0,-0.1374,-0.1120,0.5789,5069580.5000
121.5901,-0.1434,0.5844,0.4839,0.0000,0,0,-0.1382,-0.1093,0.5789,5069580.5000
121.5998,0.1547,0.8333,0.4839,0.0000,0,0,-0.1405,-0.1001,0.5789,5069580.5000
121.6098,0.1180,0.6428,0.4839,0.0000,0,0,-0.1423,-0.0917,0.5789,5069580.5000
121.6201,0.0217,0.5780,0.4839,0.0000,0,0,-0.1434,-0.0854,0.5789,5069580.5000
121.6297,0.0039,0.4495,0.4839,0.0000,0,0,-0.1442,-0.0795,0.5789,5069580.5000
121.6401,-0.0083,0.0357,0.4839,0.0000,0,0,-0.1448,-0.0739,0.5789,5069580.5000
121.6498,0.1640,-0.1297,0.4839,0.0000,0,0,-0.1456,-0.0642,0.5789,5069580.5000
121.6598,-0.0103,0.1754,0.4839,0.0000,0,0,-0.1458,-0.0587,0.5789,5069580.5000
121.6701,-0.1940,0.7711,0.4839,0.0000,0,0,-0.1458,-0.0577,0.5789,5069580.5000
121.6798,0.1891,0.7173,0.4839,0.0000,0,0,-0.1457,-0.0472,0.5789,5069580.5000
121.6901,0.1121,0.6440,0.4839,0.0000,0,0,-0.1453,-0.0388,0.5789,5069580.5000
121.6998,-0.0275,0.6882,0.4839,0.0000,0,0,-0.1450,-0.0339,0.5789,5069580.5000
121.7098,-0.0147,0.2754,0.4839,0.0000,0,0,-0.1445,-0.0288,0.5789,5069580.5000
121.7207,0.1021,-0.1262,0.4839,0.0000,0,0,-0.1434,-0.0207,0.5789,5069580.5000
121.7298,0.1877,-0.0388,0.4839,0.0000,0,0,-0.1418,-0.0107,0.5789,5069580.5000
121.7401,0.1699,-0.0047,0.4839,0.0000,0,0,-0.1400,-0.0013,0.5789,5069580.5000
121.7497,-0.1407,0.6126,0.4839,0.0000,0,0,-0.1398,-0.0000,0.5789,5069580.5000
121.7598,-0.1047,1.1790,0.4839,0.0000,0,0,-0.1392,0.0022,0.5789,5069580.5000
121.7706,0.0231,0.7978,0.4839,0.0000,0,0,-0.1377,0.0077,0.5789,5069580.5000
121.7798,0.0762,0.4077,0.4839,0.0000,0,0,-0.1357,0.0145,0.5789,5069580.5000
121.7900,0.0951,0.4552,0.4839,0.0000,0,0,-0.1334,0.0215,0.5789,5069580.5000
121.7998,-0.0129,0.1177,0.4839,0.0000,0,0,-0.1320,0.0256,0.5789,5069580.5000
121.8098,0.0642,-0.0478,0.4839,0.0000,0,0,-0.1297,0.0316,0.5789,5069580.5000
121.8201,0.0410,0.2109,0.4839,0.0000,0,0,-0.1275,0.0368,0.5789,5069580.5000
121.8298,-0.2724,0.5687,0.4839,0.0000,0,0,-0.1287,0.0342,0.5789,5069580.5000
121.8401,-0.1488,0.7391,0.4839,0.0000,0,0,-0.1284,0.0348,0.5789,5069580.5000
121.8498,0.1185,0.7686,0.4839,0.0000,0,0,-0.1249,0.0419,0.5789,5069580.5000
121.8598,0.0956,0.6179,0.4839,0.0000,0,0,-0.1215,0.0482,0.5789,5069580.5000
121.8701,0.0271,0.4144,0.4839,0.0000,0,0,-0.1190,0.0526,0.5789,5069580.5000
121.8798,0.1428,0.2868,0.4839,0.0000,0,0,-0.1149,0.0596,0.5789,5069580.5000
121.8901,-0.0001,0.1680,0.4839,0.0000,0,0,-0.1127,0.0631,0.5789,5069580.5000
121.8998,-0.0422,-0.0833,0.4839,0.0000,0,0,-0.1111,0.0655,0.5789,5069580.5000
121.9098,-0.3128,0.2014,0.4839,0.0000,0,0,-0.1137,0.0618,0.5789,5069580.5000
121.9208,-0.4703,0.6690,0.4839,0.0000,0,0,-0.1186,0.0550,0.5789,5069580.5000
121.9298,-0.1409,0.5422,0.4839,0.0000,0,0,-0.1181,0.0557,0.5789,5069580.5000
121.9401,-0.1229,0.5053,0.4839,0.0000,0,0,-0.1173,0.0568,0.5789,5069580.5000
121.9498,-0.0939,0.6775,0.4839,0.0000,0,0,-0.1158,0.0585,0.5789,5069580.5000
121.9597,0.0512,0.3405,0.4839,0.0000,0,0,-0.1118,0.0631,0.5789,5069580.5000
121.9706,0.2211,-0.0341,0.4839,0.0000,0,0,-0.1047,0.0710,0.5789,5069580.5000
121.9798,0.0896,0.0290,0.4839,0.0000,0,0,-0.1001,0.0760,0.5789,5069580.5000
121.9901,0.0157,0.0284,0.4839,0.0000,0,0,-0.0969,0.0793,0.5789,5069580.5000
121.9998,-0.2620,0.0665,0.4839,0.0000,0,0,-0.0990,0.0772,0.5789,5069580.5000
122.0099,-0.2289,0.2493,0.4839,0.0000,0,0,-0.1004,0.0758,0.5789,5069580.5000
122.0201,-0.2083,0.2559,0.4839,0.0000,0,0,-0.1012,0.0750,0.5789,5069580.5000
122.0298,-0.3226,0.2392,0.4839,0.0000,0,0,-0.1042,0.0722,0.5789,5069580.5000
122.0401,-0.1963,0.4354,0.4839,0.0000,0,0,-0.1045,0.0720,0.5789,5069580.5000
122.0498,-0.0666,0.1630,0.4839,0.0000,0,0,-0.1021,0.0740,0.5789,5069580.5000
122.0597,-0.0094,-0.1587,0.4839,0.0000,0,0,-0.0986,0.0770,0.5789,5069580.5000
122.0701,-0.0511,0.0193,0.4839,0.0000,0,0,-0.0958,0.0792,0.5789,5069580.5000
122.0798,-0.3179,0.2561,0.4839,0.0000,0,0,-0.0988,0.0769,0.5789,5069580.5000
122.0901,-0.2759,0.0530,0.4839,0.0000,0,0,-0.1007,0.0755,0.5789,5069580.5000
122.0998,-0.3138,0.0829,0.4839,0.0000,0,0,-0.1034,0.0736,0.5789,5069580.5000
122.1098,-0.4015,0.4551,0.4839,0.0000,0,0,-0.1078,0.0705,0.5789,5069580.5000
122.1208,-0.4495,0.4338,0.4839,0.0000,0,0,-0.1132,0.0669,0.5789,5069580.5000
122.1297,-0.1605,0.4030,0.4839,0.0000,0,0,-0.1116,0.0679,0.5789,5069580.5000
122.1401,-0.1714,0.3235,0.4839,0.0000,0,0,-0.1102,0.0688,0.5789,5069580.5000
122.1497,-0.0644,-0.0705,0.4839,0.0000,0,0,-0.1062,0.0713,0.5789,5069580.5000
122.1598,-0.1874,0.0617,0.4839,0.0000,0,0,-0.1052,0.0718,0.5789,5069580.5000
122.1705,-0.4505,0.1394,0.4839,0.0000,0,0,-0.1105,0.0688,0.5789,5069580.5000
122.1798,-0.3299,-0.2279,0.4839,0.0000,0,0,-0.1125,0.0677,0.5789,5069580.5000
122.1901,-0.2927,0.0702,0.4839,0.0000,0,0,-0.1135,0.0671,0.5789,5069580.5000
122.1998,-0.3650,0.6947,0.4839,0.0000,0,0,-0.1160,0.0658,0.5789,5069580.5000
122.2098,-0.1590,0.6001,0.4839,0.0000,0,0,-0.1135,0.0671,0.5789,5069580.5000
122.2201,-0.0843,0.3455,0.4839,0.0000,0,0,-0.1092,0.0693,0.5789,5069580.5000
122.2297,-0.1631,0.3086,0.4839,0.0000,0,0,-0.1069,0.0704,0.5789,5069580.5000
122.2401,-0.2265,0.0546,0.4839,0.0000,0,0,-0.1060,0.0708,0.5789,5069580.5000
122.2497,-0.1565,-0.1342,0.4839,0.0000,0,0,-0.1035,0.0720,0.5789,5069580.5000
122.2598,-0.1478,-0.0010,0.4839,0.0000,0,0,-0.1008,0.0733,0.5789,5069580.5000
122.2700,-0.2082,0.1498,0.4839,0.0000,0,0,-0.0996,0.0738,0.5789,5069580.5000
122.2798,-0.3900,0.3430,0.4839,0.0000,0,0,-0.1025,0.0726,0.5789,5069580.5000
122.2901,-0.1426,0.5310,0.4839,0.0000,0,0,-0.0995,0.0738,0.5789,5069580.5000
122.2998,-0.0073,0.4130,0.4839,0.0000,0,0,-0.0936,0.0762,0.5789,5069580.5000
122.3098,0.0069,0.1575,0.4839,0.0000,0,0,-0.0875,0.0786,0.5789,5069580.5000
122.3208,-0.0497,0.2445,0.4839,0.0000,0,0,-0.0829,0.0803,0.5789,5069580.5000
122.3297,-0.1187,0.0822,0.4839,0.0000,0,0,-0.0800,0.0814,0.5789,5069580.5000
122.3401,-0.0375,-0.2442,0.4839,0.0000,0,0,-0.0754,0.0830,0.5789,5069580.5000
122.3497,-0.1127,-0.1734,0.4839,0.0000,0,0,-0.0725,0.0840,0.5789,5069580.5000
122.3598,-0.3278,0.1863,0.4839,0.0000,0,0,-0.0742,0.0834,0.5789,5069580.5000
122.3706,-0.2298,0.1393,0.4839,0.0000,0,0,-0.0737,0.0836,0.5789,5069580.5000
122.3798,-0.0132,0.1324,0.4839,0.0000,0,0,-0.0686,0.0850,0.5789,5069580.5000
122.3901,-0.0198,0.1878,0.4839,0.0000,0,0,-0.0638,0.0861,0.5789,5069580.5000
122.3998,-0.0172,0.2004,0.4839,0.0000,0,0,-0.0590,0.0872,0.5789,5069580.5000
122.4098,0.1357,0.3075,0.4839,0.0000,0,0,-0.0513,0.0888,0.5789,5069580.5000
122.4201,-0.0367,0.1347,0.4839,0.0000,0,0,-0.0473,0.0895,0.5789,5069580.5000
122.4297,0.0890,-0.0738,0.4839,0.0000,0,0,-0.0408,0.0905,0.5789,5069580.5000
122.4401,-0.0740,0.1814,0.4839,0.0000,0,0,-0.0379,0.0909,0.5789,5069580.5000
122.4498,-0.3136,0.2984,0.4839,0.0000,0,0,-0.0397,0.0907,0.5789,5069580.5000
122.4598,-0.0933,0.1561,0.4839,0.0000,0,0,-0.0371,0.0909,0.5789,5069580.5000
122.4701,-0.1141,0.2226,0.4839,0.0000,0,0,-0.0350,0.0909,0.5789,5069580.5000
122.4798,-0.1165,0.4612,0.4839,0.0000,0,0,-0.0330,0.0910,0.5789,5069580.5000
122.4901,-0.0468,0.3620,0.4839,0.0000,0,0,-0.0296,0.0909,0.5789,5069580.5000
122.4998,0.0125,0.2529,0.4839,0.0000,0,0,-0.0253,0.0907,0.5789,5069580.5000
122.5098,-0.1275,0.2345,0.4839,0.0000,0,0,-0.0237,0.0906,0.5789,5069580.5000
122.5208,-0.1862,-0.0284,0.4839,0.0000,0,0,-0.0231,0.0905,0.5789,5069580.5000
122.5297,-0.3258,0.0841,0.4839,0.0000,0,0,-0.0250,0.0908,0.5789,5069580.5000
122.5401,-0.2898,0.2393,0.4839,0.0000,0,0,-0.0262,0.0910,0.5789,5069580.5000
122.5498,-0.1420,0.2114,0.4839,0.0000,0,0,-0.0247,0.0907,0.5789,5069580.5000
122.5597,-0.2705,0.3988,0.4839,0.0000,0,0,-0.0254,0.0908,0.5789,5069580.5000
122.5706,-0.2780,0.7138,0.4839,0.0000,0,0,-0.0262,0.0911,0.5789,5069580.5000
122.5798,-0.2483,0.3283,0.4839,0.0000,0,0,-0.0264,0.0911,0.5789,5069580.5000
122.5900,-0.1127,0.1402,0.4839,0.0000,0,0,-0.0244,0.0904,0.5789,5069580.5000
122.5998,-0.0963,0.1565,0.4839,0.0000,0,0,-0.0223,0.0895,0.5789,5069580.5000
122.6097,-0.2848,0.0633,0.4839,0.0000,0,0,-0.0230,0.0898,0.5789,5069580.5000
122.6200,-0.3361,0.0916,0.4839,0.0000,0,0,-0.0244,0.0906,0.5789,5069580.5000
122.6297,-0.3469,0.2360,0.4839,0.0000,0,0,-0.0259,0.0914,0.5789,5069580.5000
122.6401,-0.1701,0.2257,0.4839,0.0000,0,0,-0.0248,0.0907,0.5789,5069580.5000
122.6497,-0.2601,0.4984,0.4839,0.0000,0,0,-0.0250,0.0909,0.5789,5069580.5000
122.6598,-0.0731,0.7420,0.4839,0.0000,0,0,-0.0228,0.0892,0.5789,5069580.5000
122.6701,-0.0966,0.2483,0.4839,0.0000,0,0,-0.0209,0.0877,0.5789,5069580.5000
122.6798,-0.1699,0.0885,0.4839,0.0000,0,0,-0.0200,0.0869,0.5789,5069580.5000
122.6901,-0.2433,0.2783,0.4839,0.0000,0,0,-0.0200,0.0869,0.5789,5069580.5000
122.6998,-0.4513,-0.0433,0.4839,0.0000,0,0,-0.0222,0.0892,0.5789,5069580.5000
122.7097,-0.2222,-0.1925,0.4839,0.0000,0,0,-0.0219,0.0888,0.5789,5069580.5000
122.7204,-0.2099,-0.0098,0.4839,0.0000,0,0,-0.0215,0.0883,0.5789,5069580.5000
122.7298,-0.2962,0.1816,0.4839,0.0000,0,0,-0.0219,0.0889,0.5789,5069580.5000
122.7401,-0.1970,0.4391,0.4839,0.0000,0,0,-0.0214,0.0881,0.5789,5069580.5000
122.7497,-0.0616,0.4370,0.4839,0.0000,0,0,-0.0198,0.0855,0.5789,5069580.5000
122.7598,-0.0448,0.1185,0.4839,0.0000,0,0,-0.0182,0.0827,0.5789,5069580.5000
122.7704,-0.0030,0.0847,0.4839,0.0000,0,0,-0.0164,0.0793,0.5789,5069580.5000
122.7798,-0.0906,0.2945,0.4839,0.0000,0,0,-0.0154,0.0771,0.5789,5069580.5000
122.7901,-0.1892,-0.0713,0.4839,0.0000,0,0,-0.0151,0.0764,0.5789,5069580.5000
122.7998,0.0353,-0.2170,0.4839,0.0000,0,0,-0.0135,0.0723,0.5789,5069580.5000
122.8098,-0.0800,-0.0036,0.4839,0.0000,0,0,-0.0128,0.0699,0.5789,5069580.5000
122.8201,-0.3097,0.2300,0.4839,0.0000,0,0,-0.0131,0.0711,0.5789,5069580.5000
122.8298,-0.1919,0.4334,0.4839,0.0000,0,0,-0.0129,0.0704,0.5789,5069580.5000
122.8401,-0.0559,0.4573,0.4839,0.0000,0,0,-0.0124,0.0676,0.5789,5069580.5000
122.8497,0.0598,0.1634,0.4839,0.0000,0,0,-0.0116,0.0629,0.5789,5069580.5000
122.8598,-0.0391,0.0838,0.4839,0.0000,0,0,-0.0113,0.0599,0.5789,5069580.5000
122.8701,-0.2651,0.1637,0.4839,0.0000,0,0,-0.0113,0.0606,0.5789,5069580.5000
122.8798,-0.3363,-0.1441,0.4839,0.0000,0,0,-0.0114,0.0626,0.5789,5069580.5000
122.8901,0.0124,-0.2938,0.4839,0.0000,0,0,-0.0114,0.0586,0.5789,5069580.5000
122.8998,-0.0047,0.1588,0.4839,0.0000,0,0,-0.0115,0.0549,0.5789,5069580.5000
122.9098,-0.1770,0.4328,0.4839,0.0000,0,0,-0.0116,0.0543,0.5789,5069580.5000
122.9206,0.0500,0.3218,0.4839,0.0000,0,0,-0.0120,0.0498,0.5789,5069580.5000
122.9297,0.0632,0.3377,0.4839,0.0000,0,0,-0.0127,0.0452,0.5789,5069580.5000
122.9401,0.2021,0.2559,0.4839,0.0000,0,0,-0.0139,0.0382,0.5789,5069580.5000
122.9497,0.2505,0.1634,0.4839,0.0000,0,0,-0.0154,0.0306,0.5789,5069580.5000
122.9598,0.0878,0.3457,0.4839,0.0000,0,0,-0.0165,0.0259,0.5789,5069580.5000
122.9704,-0.2318,0.1687,0.4839,0.0000,0,0,-0.0163,0.0269,0.5789,5069580.5000
122.9798,-0.7975,-0.0329,0.4839,0.0000,0,0,-0.0130,0.0375,0.5789,5069580.5000
122.9901,-1.1569,0.2138,0.4839,0.0000,0,0,-0.0073,0.0541,0.5789,5069580.5000
122.9998,-1.0128,-0.1614,0.4839,0.0000,0,0,-0.0022,0.0677,0.5789,5069580.5000
123.0099,-0.2150,-0.3438,0.4839,0.0000,0,0,-0.0023,0.0675,0.5789,5069580.5000
123.0200,0.5839,0.0704,0.4839,0.0000,0,0,-0.0084,0.0539,0.5789,5069580.5000
123.0297,0.4798,0.3875,0.4839,0.0000,0,0,-0.0139,0.0425,0.5789,5069580.5000
123.0401,0.2379,0.5425,0.4839,0.0000,0,0,-0.0176,0.0355,0.5789,5069580.5000
123.0497,0.0125,0.1947,0.4839,0.0000,0,0,-0.0194,0.0323,0.5789,5069580.5000
123.0598,-0.3466,-0.3914,0.4839,0.0000,0,0,-0.0177,0.0350,0.5789,5069580.5000
123.0700,-0.4312,-0.2990,0.4839,0.0000,0,0,-0.0152,0.0389,0.5789,5069580.5000
123.0798,-0.3468,0.4154,0.4839,0.0000,0,0,-0.0135,0.0414,0.5789,5069580.5000
123.0901,0.1699,0.4528,0.4839,0.0000,0,0,-0.0175,0.0360,0.5789,5069580.5000
123.0998,0.2785,0.5438,0.4839,0.0000,0,0,-0.0227,0.0293,0.5789,5069580.5000
123.1098,-0.2049,0.8055,0.4839,0.0000,0,0,-0.0222,0.0298,0.5789,5069580.5000
123.1204,-0.5712,0.3145,0.4839,0.0000,0,0,-0.0173,0.0355,0.5789,5069580.5000
123.1297,-0.3397,-0.2814,0.4839,0.0000,0,0,-0.0152,0.0377,0.5789,5069580.5000
123.1401,-0.3476,-0.1854,0.4839,0.0000,0,0,-0.0130,0.0400,0.5789,5069580.5000
123.1498,-0.4421,-0.2945,0.4839,0.0000,0,0,-0.0095,0.0434,0.5789,5069580.5000
123.1597,-0.2347,0.2442,0.4839,0.0000,0,0,-0.0088,0.0440,0.5789,5069580.5000
123.1703,0.1054,0.9926,0.4839,0.0000,0,0,-0.0129,0.0405,0.5789,5069580.5000
123.1798,0.3244,0.9677,0.4839,0.0000,0,0,-0.0202,0.0347,0.5789,5069580.5000
123.1901,0.2170,0.5792,0.4839,0.0000,0,0,-0.0259,0.0304,0.5789,5069580.5000
123.1998,-0.0965,0.6123,0.4839,0.0000,0,0,-0.0268,0.0298,0.5789,5069580.5000
123.2098,-0.8579,-0.1268,0.4839,0.0000,0,0,-0.0160,0.0369,0.5789,5069580.5000
123.2201,-1.1984,-0.9755,0.4839,0.0000,0,0,0.0001,0.0466,0.5789,5069580.5000
123.2297,-0.7909,-0.7949,0.4839,0.0000,0,0,0.0097,0.0519,0.5789,5069580.5000
123.2401,-0.6099,-0.1620,0.4839,0.0000,0,0,0.0162,0.0553,0.5789,5069580.5000
123.2498,-0.5010,0.9801,0.4839,0.0000,0,0,0.0210,0.0575,0.5789,5069580.5000
123.2598,0.2923,1.6952,0.4839,0.0000,0,0,0.0126,0.0539,0.5789,5069580.5000
123.2701,-0.4316,0.8136,0.4839,0.0000,0,0,0.0164,0.0553,0.5789,5069580.5000
123.2798,-0.7184,0.1384,0.4839,0.0000,0,0,0.0249,0.0583,0.5789,5069580.5000
123.2901,-1.0976,-0.4743,0.4839,0.0000,0,0,0.0398,0.0628,0.5789,5069580.5000
123.2998,-1.6053,-1.1204,0.4839,0.0000,0,0,0.0631,0.0690,0.5789,5069580.5000
123.3098,-0.7759,-0.7874,0.4839,0.0000,0,0,0.0718,0.0710,0.5789,5069580.5000
123.3207,-0.2220,-0.0860,0.4839,0.0000,0,0,0.0709,0.0708,0.5789,5069580.5000
123.3298,0.0080,0.8991,0.4839,0.0000,0,0,0.0660,0.0701,0.5789,5069580.5000
123.3401,0.0486,1.4455,0.4839,0.0000,0,0,0.0605,0.0696,0.5789,5069580.5000
123.3497,-0.1073,0.5773,0.4839,0.0000,0,0,0.0579,0.0694,0.5789,5069580.5000
123.3598,-0.6794,0.3743,0.4839,0.0000,0,0,0.0652,0.0695,0.5789,5069580.5000
123.3705,-0.4925,-0.1577,0.4839,0.0000,0,0,0.0691,0.0694,0.5789,5069580.5000
123.3798,-0.6283,-0.3643,0.4839,0.0000,0,0,0.0753,0.0690,0.5789,5069580.5000
123.3900,-0.9872,-0.0491,0.4839,0.0000,0,0,0.0874,0.0675,0.5789,5069580.5000
123.3998,-1.1749,-0.3948,0.4839,0.0000,0,0,0.1024,0.0650,0.5789,5069580.5000
123.4098,-1.4082,-0.6799,0.4839,0.0000,0,0,0.1208,0.0611,0.5789,5069580.5000
123.4201,-0.8759,-0.1077,0.4839,0.0000,0,0,0.1298,0.0587,0.5789,5069580.5000
123.4297,-0.0793,0.1662,0.4839,0.0000,0,0,0.1255,0.0601,0.5789,5069580.5000
123.4401,0.5024,0.5119,0.4839,0.0000,0,0,0.1119,0.0651,0.5789,5069580.5000
123.4498,0.6725,0.6750,0.4839,0.0000,0,0,0.0961,0.0717,0.5789,5069580.5000
123.4598,0.3460,0.1839,0.4839,0.0000,0,0,0.0861,0.0765,0.5789,5069580.5000
123.4700,0.1430,-0.2482,0.4839,0.0000,0,0,0.0797,0.0799,0.5789,5069580.5000
123.4798,-0.2969,-0.4751,0.4839,0.0000,0,0,0.0803,0.0796,0.5789,5069580.5000
123.4901,-0.6001,0.0476,0.4839,0.0000,0,0,0.0853,0.0762,0.5789,5069580.5000
123.4998,-0.6153,0.2994,0.4839,0.0000,0,0,0.0903,0.0725,0.5789,5069580.5000
123.5098,-0.5591,0.2343,0.4839,0.0000,0,0,0.0944,0.0692,0.5789,5069580.5000
123.5208,-0.5076,0.1238,0.4839,0.0000,0,0,0.0975,0.0664,0.5789,5069580.5000
123.5298,-0.5825,0.1706,0.4839,0.0000,0,0,0.1015,0.0625,0.5789,5069580.5000
123.5402,-0.0363,0.2107,0.4839,0.0000,0,0,0.0984,0.0659,0.5789,5069580.5000
123.5497,0.2290,0.4857,0.4839,0.0000,0,0,0.0922,0.0732,0.5789,5069580.5000
123.5598,0.3927,0.2583,0.4839,0.0000,0,0,0.0845,0.0830,0.5789,5069580.5000
123.5707,0.6032,-0.0344,0.4839,0.0000,0,0,0.0750,0.0964,0.5789,5069580.5000
123.5798,0.3724,0.5107,0.4839,0.0000,0,0,0.0687,0.1060,0.5789,5069580.5000
123.5901,0.1613,0.4592,0.4839,0.0000,0,0,0.0650,0.1122,0.5789,5069580.5000
123.5998,0.0242,0.0276,0.4839,0.0000,0,0,0.0631,0.1158,0.5789,5069580.5000
123.6097,-0.5661,0.0531,0.4839,0.0000,0,0,0.0666,0.1085,0.5789,5069580.5000
123.6201,-0.4717,0.5503,0.4839,0.0000,0,0,0.0691,0.1029,0.5789,5069580.5000
123.6298,-0.2822,-0.0642,0.4839,0.0000,0,0,0.0699,0.1010,0.5789,5069580.5000
123.6401,0.4380,-0.0195,0.4839,0.0000,0,0,0.0655,0.1136,0.5789,5069580.5000
123.6497,0.0087,0.3150,0.4839,0.0000,0,0,0.0644,0.1171,0.5789,5069580.5000
123.6598,-0.0706,0.6752,0.4839,0.0000,0,0,0.0639,0.1188,0.5789,5069580.5000
123.6700,-0.4444,-0.1187,0.4839,0.0000,0,0,0.0654,0.1122,0.5789,5069580.5000
123.6798,-0.2127,-0.2791,0.4839,0.0000,0,0,0.0657,0.1108,0.5789,5069580.5000
123.6901,0.0249,0.0035,0.4839,0.0000,0,0,0.0651,0.1148,0.5789,5069580.5000
123.6998,-0.5953,0.0189,0.4839,0.0000,0,0,0.0665,0.1042,0.5789,5069580.5000
123.7098,-0.0138,0.3058,0.4839,0.0000,0,0,0.0661,0.1074,0.5789,5069580.5000
123.7208,-0.3230,-0.1229,0.4839,0.0000,0,0,0.0664,0.1031,0.5789,5069580.5000
123.7298,-0.1684,0.1130,0.4839,0.0000,0,0,0.0664,0.1025,0.5789,5069580.5000
123.7401,0.2576,-0.0346,0.4839,0.0000,0,0,0.0664,0.1121,0.5789,5069580.5000
123.7497,-0.5120,0.1958,0.4839,0.0000,0,0,0.0662,0.1026,0.5789,5069580.5000
123.7598,0.2574,0.2758,0.4839,0.0000,0,0,0.0667,0.1123,0.5789,5069580.5000
123.7706,-0.1139,-0.3695,0.4839,0.0000,0,0,0.0667,0.1123,0.5789,5069580.5000
123.7798,0.2929,0.2338,0.4839,0.0000,0,0,0.0678,0.1225,0.5789,5069580.5000
123.7901,0.2704,0.5938,0.4839,0.0000,0,0,0.0691,0.1317,0.5789,5069580.5000
123.7998,0.0889,0.1410,0.4839,0.0000,0,0,0.0698,0.1359,0.5789,5069580.5000
123.8098,0.4281,0.9741,0.4839,0.0000,0,0,0.0723,0.1485,0.5789,5069580.5000
123.8201,0.6500,-0.0110,0.4839,0.0000,0,0,0.0763,0.1662,0.5789,5069580.5000
123.8297,0.0146,-0.3373,0.4839,0.0000,0,0,0.0765,0.1671,0.5789,5069580.5000
123.8401,0.3135,0.2159,0.4839,0.0000,0,0,0.0788,0.1754,0.5789,5069580.5000
123.8497,0.4371,0.3343,0.4839,0.0000,0,0,0.0822,0.1863,0.5789,5069580.5000
123.8598,0.6591,0.8875,0.4839,0.0000,0,0,0.0875,0.2023,0.5789,5069580.5000
123.8701,0.3564,1.0610,0.4839,0.0000,0,0,0.0903,0.2100,0.5789,5069580.5000
123.8798,0.7725,1.7617,0.4839,0.0000,0,0,0.0972,0.2276,0.5789,5069580.5000
123.8901,3.1327,9.0475,0.4839,0.0000,0,0,0.1290,0.3027,0.5789,5069580.5000
123.8998,3.4848,19.0082,0.4839,0.0000,0,0,0.1649,0.3828,0.5789,5069580.5000
123.9097,2.7132,-1.2442,0.4839,0.0000,0,0,0.1925,0.4404,0.5789,5069580.5000
123.9207,3.1824,-17.2112,0.4839,0.0000,0,0,0.2264,0.5065,0.5789,5069580.5000
123.9298,0.2021,-3.7308,0.4839,0.0000,0,0,0.2220,0.4985,0.5789,5069580.5000
123.9401,-0.0118,-3.7372,0.4839,0.0000,0,0,0.2146,0.4855,0.5789,5069580.5000
123.9497,-0.5426,-0.1038,0.4839,0.0000,0,0,0.1997,0.4608,0.5789,5069580.5000
123.9598,-0.9012,5.1651,0.4839,0.0000,0,0,0.1795,0.4290,0.5789,5069580.5000
123.9706,0.2901,-1.1833,0.4839,0.0000,0,0,0.1770,0.4254,0.5789,5069580.5000
123.9798,1.4854,1.4519,0.4839,0.0000,0,0,0.1930,0.4481,0.5789,5069580.5000
123.9902,3.4952,2.3416,0.4839,0.0000,0,0,0.2412,0.5130,0.5789,5069580.5000
123.9998,11.0328,-0.2259,0.4839,0.0000,0,0,0.4127,0.7339,0.5789,5069580.5000
124.0099,10.6456,0.6353,0.4839,0.0000,0,0,0.5758,0.9341,0.5789,5069580.5000
124.0200,3.5323,-5.9094,0.4839,0.0000,0,0,0.6134,0.9781,0.5789,5069580.5000
124.0297,1.0494,-2.2629,0.4839,0.0000,0,0,0.6059,0.9696,0.5789,5069580.5000
124.0400,-0.1126,0.9904,0.4839,0.0000,0,0,0.5769,0.9378,0.5789,5069580.5000
124.0497,1.8176,-3.0550,0.4839,0.0000,0,0,0.5842,0.9456,0.5789,5069580.5000
124.0598,5.7743,-0.4602,0.4839,0.0000,0,0,0.6657,1.0300,0.5789,5069580.5000
124.0699,7.5422,-1.3758,0.4839,0.0000,0,0,0.7789,1.1438,0.5789,5069580.5000
124.0798,4.4979,0.6307,0.4839,0.0000,0,0,0.8298,1.1934,0.5789,5069580.5000
124.0900,0.4769,2.5642,0.4839,0.0000,0,0,0.7996,1.1651,0.5789,5069580.5000
124.0997,-2.5490,-0.1368,0.4839,0.0000,0,0,0.7099,1.0830,0.5789,5069580.5000
124.1096,-4.8250,2.0947,0.4839,0.0000,0,0,0.5766,0.9649,0.5789,5069580.5000
124.1207,-7.6317,1.2176,0.4839,0.0000,0,0,0.3893,0.8052,0.5789,5069580.5000
124.1296,-8.1570,-0.1519,0.4839,0.0000,0,0,0.1960,0.6456,0.5789,5069580.5000
124.1400,-6.6067,0.4766,0.4839,0.0000,0,0,0.0386,0.5214,0.5789,5069580.5000
124.1496,-5.2517,-1.1999,0.4839,0.0000,0,0,-0.0854,0.4268,0.5789,5069580.5000
124.1596,-4.4759,-0.5527,0.4839,0.0000,0,0,-0.1893,0.3503,0.5789,5069580.5000
124.1705,-3.6599,-0.0437,0.4839,0.0000,0,0,-0.2722,0.2916,0.5789,5069580.5000
124.1797,-1.7784,0.1626,0.4839,0.0000,0,0,-0.3096,0.2659,0.5789,5069580.5000
124.1900,0.5090,1.2885,0.4839,0.0000,0,0,-0.2929,0.2770,0.5789,5069580.5000
124.1998,2.2034,0.8779,0.4839,0.0000,0,0,-0.2372,0.3129,0.5789,5069580.5000
124.2097,3.4993,0.6698,0.4839,0.0000,0,0,-0.1528,0.3659,0.5789,5069580.5000
124.2201,4.0910,0.2817,0.4839,0.0000,0,0,-0.0568,0.4241,0.5789,5069580.5000
124.2296,4.5693,-0.5196,0.4839,0.0000,0,0,0.0470,0.4856,0.5789,5069580.5000
124.2400,4.5705,-0.6965,0.4839,0.0000,0,0,0.1473,0.5432,0.5789,5069580.5000
124.2496,4.1892,-0.5360,0.4839,0.0000,0,0,0.2346,0.5922,0.5789,5069580.5000
124.2598,3.4507,-0.0348,0.4839,0.0000,0,0,0.3010,0.6285,0.5789,5069580.5000
124.2700,2.2738,0.4365,0.4839,0.0000,0,0,0.3367,0.6475,0.5789,5069580.5000
124.2798,1.1309,0.4214,0.4839,0.0000,0,0,0.3439,0.6512,0.5789,5069580.5000
124.2900,-0.1835,0.4656,0.4839,0.0000,0,0,0.3197,0.6390,0.5789,5069580.5000
124.2998,-1.3337,0.2468,0.4839,0.0000,0,0,0.2695,0.6143,0.5789,5069580.5000
124.3097,-2.3032,0.0656,0.4839,0.0000,0,0,0.1990,0.5804,0.5789,5069580.5000
124.3206,-2.9345,0.2140,0.4839,0.0000,0,0,0.1169,0.5421,0.5789,5069580.5000
124.3296,-3.1082,0.1156,0.4839,0.0000,0,0,0.0349,0.5048,0.5789,5069580.5000
124.3400,-2.7092,0.2985,0.4839,0.0000,0,0,-0.0339,0.4744,0.5789,5069580.5000
124.3497,-1.7922,0.3049,0.4839,0.0000,0,0,-0.0783,0.4553,0.5789,5069580.5000
124.3597,-0.6023,0.2231,0.4839,0.0000,0,0,-0.0933,0.4491,0.5789,5069580.5000
124.3704,0.3370,0.2445,0.4839,0.0000,0,0,-0.0861,0.4520,0.5789,5069580.5000
124.3797,1.1994,0.1194,0.4839,0.0000,0,0,-0.0599,0.4622,0.5789,5069580.5000
124.3900,1.7600,0.1355,0.4839,0.0000,0,0,-0.0222,0.4762,0.5789,5069580.5000
124.3997,2.0582,0.1159,0.4839,0.0000,0,0,0.0206,0.4916,0.5789,5069580.5000
124.4097,2.1332,0.0458,0.4839,0.0000,0,0,0.0632,0.5063,0.5789,5069580.5000
124.4200,1.8028,0.1097,0.4839,0.0000,0,0,0.0976,0.5173,0.5789,5069580.5000
124.4296,1.1226,0.1300,0.4839,0.0000,0,0,0.1164,0.5231,0.5789,5069580.5000
124.4400,0.4085,0.1769,0.4839,0.0000,0,0,0.1198,0.5240,0.5789,5069580.5000
124.4496,-0.2418,0.2075,0.4839,0.0000,0,0,0.1096,0.5213,0.5789,5069580.5000
124.4598,-0.7271,0.1979,0.4839,0.0000,0,0,0.0900,0.5166,0.5789,5069580.5000
124.4700,-0.9866,0.2085,0.4839,0.0000,0,0,0.0660,0.5114,0.5789,5069580.5000
124.4797,-1.0107,0.1999,0.4839,0.0000,0,0,0.0429,0.5068,0.5789,5069580.5000
124.4900,-0.7019,0.1930,0.4839,0.0000,0,0,0.0273,0.5042,0.5789,5069580.5000
124.4997,-0.1341,0.1787,0.4839,0.0000,0,0,0.0240,0.5038,0.5789,5069580.5000
124.5096,0.3924,0.1645,0.4839,0.0000,0,0,0.0318,0.5047,0.5789,5069580.5000
124.5206,0.7706,0.1661,0.4839,0.0000,0,0,0.0470,0.5060,0.5789,5069580.5000
124.5297,0.9761,0.1423,0.4839,0.0000,0,0,0.0658,0.5072,0.5789,5069580.5000
124.5400,0.9654,0.1339,0.4839,0.0000,0,0,0.0840,0.5078,0.5789,5069580.5000
124.5496,0.7147,0.1395,0.4839,0.0000,0,0,0.0969,0.5079,0.5789,5069580.5000
124.5597,0.3252,0.1621,0.4839,0.0000,0,0,0.1023,0.5077,0.5789,5069580.5000
124.5704,-0.0344,0.1775,0.4839,0.0000,0,0,0.1011,0.5078,0.5789,5069580.5000
124.5797,-0.2839,0.1737,0.4839,0.0000,0,0,0.0957,0.5083,0.5789,5069580.5000
124.5900,-0.3370,0.1785,0.4839,0.0000,0,0,0.0899,0.5090,0.5789,5069580.5000
124.5998,-0.1897,0.1735,0.4839,0.0000,0,0,0.0872,0.5095,0.5789,5069580.5000
124.6097,0.0954,0.1732,0.4839,0.0000,0,0,0.0897,0.5090,0.5789,5069580.5000
124.6200,0.3799,0.1703,0.4839,0.0000,0,0,0.0973,0.5072,0.5789,5069580.5000
124.6296,0.5716,0.1702,0.4839,0.0000,0,0,0.1080,0.5043,0.5789,5069580.5000
124.6401,0.6238,0.1579,0.4839,0.0000,0,0,0.1192,0.5007,0.5789,5069580.5000
124.6497,0.4967,0.1504,0.4839,0.0000,0,0,0.1281,0.4976,0.5789,5069580.5000
124.6597,0.2559,0.1652,0.4839,0.0000,0,0,0.1331,0.4956,0.5789,5069580.5000
124.6700,0.0344,0.1749,0.4839,0.0000,0,0,0.1347,0.4949,0.5789,5069580.5000
124.6798,-0.0933,0.1780,0.4839,0.0000,0,0,0.1346,0.4949,0.5789,5069580.5000
124.6900,-0.0942,0.1733,0.4839,0.0000,0,0,0.1347,0.4949,0.5789,5069580.5000
124.6997,0.0411,0.1673,0.4839,0.0000,0,0,0.1369,0.4936,0.5789,5069580.5000
124.7098,0.2465,0.1659,0.4839,0.0000,0,0,0.1419,0.4904,0.5789,5069580.5000
124.7207,0.4018,0.1666,0.4839,0.0000,0,0,0.1489,0.4855,0.5789,5069580.5000
124.7296,0.4551,0.1581,0.4839,0.0000,0,0,0.1563,0.4798,0.5789,5069580.5000
124.7400,0.3968,0.1568,0.4839,0.0000,0,0,0.1628,0.4745,0.5789,5069580.5000
124.7496,0.2529,0.1609,0.4839,0.0000,0,0,0.1673,0.4704,0.5789,5069580.5000
124.7597,0.0999,0.1675,0.4839,0.0000,0,0,0.1700,0.4678,0.5789,5069580.5000
124.7704,0.0022,0.1717,0.4839,0.0000,0,0,0.1716,0.4661,0.5789,5069580.5000
124.7797,0.0120,0.1727,0.4839,0.0000,0,0,0.1733,0.4641,0.5789,5069580.5000
124.7900,0.1233,0.1670,0.4839,0.0000,0,0,0.1761,0.4605,0.5789,5069580.5000
124.7997,0.2626,0.1618,0.4839,0.0000,0,0,0.1801,0.4551,0.5789,5069580.5000
124.8097,0.3601,0.1656,0.4839,0.0000,0,0,0.1848,0.4481,0.5789,5069580.5000
124.8200,0.3864,0.1638,0.4839,0.0000,0,0,0.1894,0.4406,0.5789,5069580.5000
124.8296,0.3219,0.1592,0.4839,0.0000,0,0,0.1932,0.4338,0.5789,5069580.5000
124.8400,0.1936,0.1649,0.4839,0.0000,0,0,0.1958,0.4286,0.5789,5069580.5000
124.8497,0.0968,0.1682,0.4839,0.0000,0,0,0.1976,0.4246,0.5789,5069580.5000
124.8597,0.0525,0.1726,0.4839,0.0000,0,0,0.1990,0.4211,0.5789,5069580.5000
124.8700,0.0922,0.1714,0.4839,0.0000,0,0,0.2005,0.4169,0.5789,5069580.5000
124.8797,0.1857,0.1668,0.4839,0.0000,0,0,0.2023,0.4110,0.5789,5069580.5000
124.8901,0.2840,0.1652,0.4839,0.0000,0,0,0.2043,0.4035,0.5789,5069580.5000
124.8998,0.3403,0.1691,0.4839,0.0000,0,0,0.2062,0.3950,0.5789,5069580.5000
124.9097,0.3288,0.1686,0.4839,0.0000,0,0,0.2078,0.3866,0.5789,5069580.5000
124.9206,0.2458,0.1623,0.4839,0.0000,0,0,0.2088,0.3794,0.5789,5069580.5000
124.9297,0.1532,0.1703,0.4839,0.0000,0,0,0.2094,0.3737,0.5789,5069580.5000
124.9401,0.0932,0.1758,0.4839,0.0000,0,0,0.2097,0.3689,0.5789,5069580.5000
124.9496,0.0946,0.1690,0.4839,0.0000,0,0,0.2098,0.3640,0.5789,5069580.5000
124.9596,0.1529,0.1614,0.4839,0.0000,0,0,0.2098,0.3580,0.5789,5069580.5000
124.9704,0.2377,0.1643,0.4839,0.0000,0,0,0.2095,0.3505,0.5789,5069580.5000
124.9797,0.3062,0.1622,0.4839,0.0000,0,0,0.2088,0.3418,0.5789,5069580.5000
124.9901,0.3134,0.1605,0.4839,0.0000,0,0,0.2078,0.3330,0.5789,5069580.5000
124.9997,0.2611,0.1576,0.4839,0.0000,0,0,0.2066,0.3252,0.5789,5069580.5000
125.0099,0.1894,0.1594,0.4839,0.0000,0,0,0.2054,0.3186,0.5789,5069580.5000
125.0201,0.1271,0.1670,0.4839,0.0000,0,0,0.2042,0.3131,0.5789,5069580.5000
125.0297,0.1077,0.1721,0.4839,0.0000,0,0,0.2029,0.3080,0.5789,5069580.5000
125.0401,0.1463,0.1727,0.4839,0.0000,0,0,0.2013,0.3022,0.5789,5069580.5000
125.0496,0.2080,0.1643,0.4839,0.0000,0,0,0.1991,0.2955,0.5789,5069580.5000
125.0597,0.2649,0.1665,0.4839,0.0000,0,0,0.1964,0.2878,0.5789,5069580.5000
125.0700,0.2855,0.1765,0.4839,0.0000,0,0,0.1933,0.2799,0.5789,5069580.5000
125.0797,0.2644,0.1711,0.4839,0.0000,0,0,0.1902,0.2725,0.5789,5069580.5000
125.0900,0.2063,0.1645,0.4839,0.0000,0,0,0.1873,0.2663,0.5789,5069580.5000
125.0997,0.1494,0.1639,0.4839,0.0000,0,0,0.1848,0.2611,0.5789,5069580.5000
125.1096,0.1249,0.1649,0.4839,0.0000,0,0,0.1823,0.2564,0.5789,5069580.5000
125.1206,0.1427,0.1682,0.4839,0.0000,0,0,0.1795,0.2515,0.5789,5069580.5000
125.1297,0.1985,0.1668,0.4839,0.0000,0,0,0.1760,0.2459,0.5789,5069580.5000
125.1401,0.2572,0.1629,0.4839,0.0000,0,0,0.1718,0.2396,0.5789,5069580.5000
125.1496,0.2884,0.1644,0.4839,0.0000,0,0,0.1672,0.2329,0.5789,5069580.5000
125.1597,0.2691,0.1697,0.4839,0.0000,0,0,0.1627,0.2268,0.5789,5069580.5000
125.1704,0.2220,0.1690,0.4839,0.0000,0,0,0.1586,0.2217,0.5789,5069580.5000
125.1797,0.1697,0.1673,0.4839,0.0000,0,0,0.1551,0.2175,0.5789,5069580.5000
125.1900,0.1447,0.1624,0.4839,0.0000,0,0,0.1518,0.2138,0.5789,5069580.5000
125.1997,0.1498,0.1653,0.4839,0.0000,0,0,0.1485,0.2102,0.5789,5069580.5000
125.2097,0.1894,0.1694,0.4839,0.0000,0,0,0.1445,0.2063,0.5789,5069580.5000
125.2200,0.2398,0.1626,0.4839,0.0000,0,0,0.1399,0.2019,0.5789,5069580.5000
125.2296,0.2660,0.1624,0.4839,0.0000,0,0,0.1349,0.1975,0.5789,5069580.5000
125.2400,0.2595,0.1683,0.4839,0.0000,0,0,0.1299,0.1934,0.5789,5069580.5000
125.2496,0.2226,0.1701,0.4839,0.0000,0,0,0.1255,0.1899,0.5789,5069580.5000
125.2597,0.1750,0.1673,0.4839,0.0000,0,0,0.1219,0.1872,0.5789,5069580.5000
125.2700,0.1484,0.1654,0.4839,0.0000,0,0,0.1186,0.1850,0.5789,5069580.5000
125.2798,0.1594,0.1712,0.4839,0.0000,0,0,0.1152,0.1829,0.5789,5069580.5000
125.2900,0.1934,0.1757,0.4839,0.0000,0,0,0.1114,0.1806,0.5789,5069580.5000
125.2997,0.2318,0.1723,0.4839,0.0000,0,0,0.1069,0.1782,0.5789,5069580.5000
125.3097,0.2558,0.1667,0.4839,0.0000,0,0,0.1022,0.1758,0.5789,5069580.5000
125.3207,0.2512,0.1660,0.4839,0.0000,0,0,0.0976,0.1737,0.5789,5069580.5000
125.3296,0.2284,0.1703,0.4839,0.0000,0,0,0.0934,0.1720,0.5789,5069580.5000
125.3401,0.1939,0.1777,0.4839,0.0000,0,0,0.0900,0.1707,0.5789,5069580.5000
125.3496,0.1665,0.1704,0.4839,0.0000,0,0,0.0871,0.1697,0.5789,5069580.5000
125.3597,0.1650,0.1644,0.4839,0.0000,0,0,0.0843,0.1689,0.5789,5069580.5000
125.3705,0.1885,0.1642,0.4839,0.0000,0,0,0.0812,0.1681,0.5789,5069580.5000
125.3797,0.2286,0.1677,0.4839,0.0000,0,0,0.0775,0.1674,0.5789,5069580.5000
125.3900,0.2517,0.1645,0.4839,0.0000,0,0,0.0736,0.1667,0.5789,5069580.5000
125.3997,0.2532,0.1649,0.4839,0.0000,0,0,0.0697,0.1662,0.5789,5069580.5000
125.4097,0.2298,0.1686,0.4839,0.0000,0,0,0.0665,0.1659,0.5789,5069580.5000
125.4201,0.1991,0.1720,0.4839,0.0000,0,0,0.0639,0.1658,0.5789,5069580.5000
125.4296,0.1730,0.1735,0.4839,0.0000,0,0,0.0618,0.1658,0.5789,5069580.5000
125.4400,0.1673,0.1727,0.4839,0.0000,0,0,0.0600,0.1659,0.5789,5069580.5000
125.4496,0.1942,0.1686,0.4839,0.0000,0,0,0.0579,0.1661,0.5789,5069580.5000
125.4596,0.2238,0.1694,0.4839,0.0000,0,0,0.0554,0.1664,0.5789,5069580.5000
125.4700,0.2480,0.1679,0.4839,0.0000,0,0,0.0526,0.1669,0.5789,5069580.5000
125.4797,0.2554,0.1688,0.4839,0.0000,0,0,0.0499,0.1675,0.5789,5069580.5000
125.4900,0.2315,0.1667,0.4839,0.0000,0,0,0.0477,0.1681,0.5789,5069580.5000
125.4997,0.1939,0.1655,0.4839,0.0000,0,0,0.0463,0.1686,0.5789,5069580.5000
125.5097,0.1690,0.1630,0.4839,0.0000,0,0,0.0454,0.1689,0.5789,5069580.5000
125.5207,0.1686,0.1623,0.4839,0.0000,0,0,0.0447,0.1693,0.5789,5069580.5000
125.5297,0.1877,0.1668,0.4839,0.0000,0,0,0.0438,0.1697,0.5789,5069580.5000
125.5400,0.2188,0.1674,0.4839,0.0000,0,0,0.0425,0.1705,0.5789,5069580.5000
125.5497,0.2412,0.1676,0.4839,0.0000,0,0,0.0410,0.1714,0.5789,5069580.5000
125.5597,0.2489,0.1682,0.4839,0.0000,0,0,0.0395,0.1724,0.5789,5069580.5000
125.5704,0.2262,0.1726,0.4839,0.0000,0,0,0.0385,0.1731,0.5789,5069580.5000
125.5797,0.1974,0.1743,0.4839,0.0000,0,0,0.0380,0.1735,0.5789,5069580.5000
125.5900,0.1779,0.1671,0.4839,0.0000,0,0,0.0379,0.1736,0.5789,5069580.5000
125.5998,0.1784,0.1636,0.4839,0.0000,0,0,0.0379,0.1737,0.5789,5069580.5000
125.6097,0.1928,0.1638,0.4839,0.0000,0,0,0.0378,0.1738,0.5789,5069580.5000
125.6200,0.2137,0.1690,0.4839,0.0000,0,0,0.0374,0.1742,0.5789,5069580.5000
125.6296,0.2343,0.1672,0.4839,0.0000,0,0,0.0370,0.1749,0.5789,5069580.5000
125.6400,0.2393,0.1661,0.4839,0.0000,0,0,0.0365,0.1755,0.5789,5069580.5000
125.6497,0.2250,0.1631,0.4839,0.0000,0,0,0.0363,0.1758,0.5789,5069580.5000
125.6596,0.2008,0.1589,0.4839,0.0000,0,0,0.0364,0.1756,0.5789,5069580.5000
125.6700,0.1795,0.1652,0.4839,0.0000,0,0,0.0368,0.1749,0.5789,5069580.5000
125.6796,0.1736,0.1696,0.4839,0.0000,0,0,0.0372,0.1740,0.5789,5069580.5000
125.6900,0.1931,0.1658,0.4839,0.0000,0,0,0.0375,0.1734,0.5789,5069580.5000
125.6998,0.2156,0.1663,0.4839,0.0000,0,0,0.0376,0.1731,0.5789,5069580.5000
125.7097,0.2316,0.1631,0.4839,0.0000,0,0,0.0376,0.1731,0.5789,5069580.5000
125.7206,0.2350,0.1666,0.4839,0.0000,0,0,0.0376,0.1730,0.5789,5069580.5000
125.7296,0.2201,0.1699,0.4839,0.0000,0,0,0.0378,0.1725,0.5789,5069580.5000
125.7400,0.2045,0.1678,0.4839,0.0000,0,0,0.0380,0.1715,0.5789,5069580.5000
125.7496,0.1878,0.1657,0.4839,0.0000,0,0,0.0383,0.1700,0.5789,5069580.5000
125.7597,0.1786,0.1712,0.4839,0.0000,0,0,0.0385,0.1683,0.5789,5069580.5000
125.7704,0.1914,0.1735,0.4839,0.0000,0,0,0.0387,0.1668,0.5789,5069580.5000
125.7797,0.2122,0.1648,0.4839,0.0000,0,0,0.0388,0.1656,0.5789,5069580.5000
125.7901,0.2298,0.1665,0.4839,0.0000,0,0,0.0389,0.1648,0.5789,5069580.5000
125.7997,0.2342,0.1684,0.4839,0.0000,0,0,0.0389,0.1640,0.5789,5069580.5000
125.8097,0.2195,0.1728,0.4839,0.0000,0,0,0.0389,0.1628,0.5789,5069580.5000
125.8197,0.2021,0.1711,0.4839,0.0000,0,0,0.0388,0.1610,0.5789,5069580.5000
125.8299,0.1827,0.1698,0.4839,0.0000,0,0,0.0387,0.1588,0.5789,5069580.5000
125.8400,0.1792,0.1715,0.4839,0.0000,0,0,0.0384,0.1563,0.5789,5069580.5000
125.8496,0.1886,0.1758,0.4839,0.0000,0,0,0.0382,0.1541,0.5789,5069580.5000
125.8597,0.2096,0.1739,0.4839,0.0000,0,0,0.0379,0.1524,0.5789,5069580.5000
125.8697,0.2291,0.1726,0.4839,0.0000,0,0,0.0377,0.1512,0.5789,5069580.5000
125.8801,0.2385,0.1687,0.4839,0.0000,0,0,0.0375,0.1501,0.5789,5069580.5000
125.8900,0.2276,0.1663,0.4839,0.0000,0,0,0.0372,0.1487,0.5789,5069580.5000
125.8998,0.2078,0.1663,0.4839,0.0000,0,0,0.0367,0.1468,0.5789,5069580.5000
125.9097,0.1909,0.1623,0.4839,0.0000,0,0,0.0360,0.1444,0.5789,5069580.5000
125.9197,0.1847,0.1638,0.4839,0.0000,0,0,0.0352,0.1419,0.5789,5069580.5000
125.9300,0.1952,0.1642,0.4839,0.0000,0,0,0.0344,0.1397,0.5789,5069580.5000
125.9401,0.2134,0.1621,0.4839,0.0000,0,0,0.0338,0.1380,0.5789,5069580.5000
125.9496,0.2284,0.1674,0.4839,0.0000,0,0,0.0332,0.1366,0.5789,5069580.5000
125.9597,0.2310,0.1674,0.4839,0.0000,0,0,0.0327,0.1353,0.5789,5069580.5000
125.9697,0.2208,0.1628,0.4839,0.0000,0,0,0.0320,0.1338,0.5789,5069580.5000
125.9806,0.2042,0.1659,0.4839,0.0000,0,0,0.0310,0.1319,0.5789,5069580.5000
125.9900,0.1904,0.1658,0.4839,0.0000,0,0,0.0299,0.1297,0.5789,5069580.5000
126.2697,0.2269,0.1629,0.4839,0.0000,0,0,0.0280,0.1283,0.5789,5069580.5000
126.3301,0.1975,0.1646,0.4839,0.0000,0,0,0.0255,0.1268,0.5789,5069580.5000
126.3400,0.2106,0.1631,0.4839,0.0000,0,0,0.0238,0.1258,0.5789,5069580.5000
126.3496,0.2236,0.1607,0.4839,0.0000,0,0,0.0228,0.1251,0.5789,5069580.5000
126.3597,0.2249,0.1622,0.4839,0.0000,0,0,0.0220,0.1247,0.5789,5069580.5000
126.3697,0.2144,0.1644,0.4839,0.0000,0,0,0.0210,0.1241,0.5789,5069580.5000
126.3806,0.2001,0.1626,0.4839,0.0000,0,0,0.0197,0.1235,0.5789,5069580.5000
126.3900,0.1941,0.1664,0.4839,0.0000,0,0,0.0185,0.1228,0.5789,5069580.5000
126.3997,0.1990,0.1644,0.4839,0.0000,0,0,0.0175,0.1224,0.5789,5069580.5000
126.4097,0.2067,0.1664,0.4839,0.0000,0,0,0.0170,0.1221,0.5789,5069580.5000
126.4198,0.2139,0.1700,0.4839,0.0000,0,0,0.0167,0.1220,0.5789,5069580.5000
126.4299,0.2211,0.1671,0.4839,0.0000,0,0,0.0167,0.1220,0.5789,5069580.5000
126.4400,0.2223,0.1633,0.4839,0.0000,0,0,0.0168,0.1220,0.5789,5069580.5000
126.4496,0.2194,0.1680,0.4839,0.0000,0,0,0.0169,0.1221,0.5789,5069580.5000
126.4596,0.2047,0.1735,0.4839,0.0000,0,0,0.0167,0.1220,0.5789,5069580.5000
126.4696,0.1934,0.1769,0.4839,0.0000,0,0,0.0164,0.1219,0.5789,5069580.5000
126.4800,0.1913,0.1723,0.4839,0.0000,0,0,0.0161,0.1218,0.5789,5069580.5000
126.4900,0.1994,0.1694,0.4839,0.0000,0,0,0.0161,0.1218,0.5789,5069580.5000
126.4997,0.2117,0.1657,0.4839,0.0000,0,0,0.0164,0.1219,0.5789,5069580.5000
126.5098,0.2182,0.1682,0.4839,0.0000,0,0,0.0169,0.1220,0.5789,5069580.5000
126.5196,0.2149,0.1719,0.4839,0.0000,0,0,0.0174,0.1222,0.5789,5069580.5000
126.5300,0.2114,0.1673,0.4839,0.0000,0,0,0.0179,0.1223,0.5789,5069580.5000
126.5400,0.2006,0.1639,0.4839,0.0000,0,0,0.0182,0.1224,0.5789,5069580.5000
126.5497,0.1924,0.1662,0.4839,0.0000,0,0,0.0184,0.1224,0.5789,5069580.5000
126.5597,0.1933,0.1708,0.4839,0.0000,0,0,0.0187,0.1225,0.5789,5069580.5000
126.5696,0.2030,0.1697,0.4839,0.0000,0,0,0.0192,0.1225,0.5789,5069580.5000
126.5807,0.2115,0.1677,0.4839,0.0000,0,0,0.0199,0.1226,0.5789,5069580.5000
126.5900,0.2175,0.1616,0.4839,0.0000,0,0,0.0208,0.1227,0.5789,5069580.5000
126.5997,0.2202,0.1637,0.4839,0.0000,0,0,0.0217,0.1227,0.5789,5069580.5000
126.6096,0.2118,0.1681,0.4839,0.0000,0,0,0.0225,0.1227,0.5789,5069580.5000
126.6197,0.1995,0.1644,0.4839,0.0000,0,0,0.0231,0.1227,0.5789,5069580.5000
126.6299,0.1961,0.1630,0.4839,0.0000,0,0,0.0237,0.1227,0.5789,5069580.5000
126.6401,0.1989,0.1619,0.4839,0.0000,0,0,0.0244,0.1226,0.5789,5069580.5000
126.6496,0.2030,0.1680,0.4839,0.0000,0,0,0.0252,0.1225,0.5789,5069580.5000
126.6596,0.2144,0.1747,0.4839,0.0000,0,0,0.0262,0.1222,0.5789,5069580.5000
126.6696,0.2169,0.1706,0.4839,0.0000,0,0,0.0272,0.1220,0.5789,5069580.5000
126.6801,0.2124,0.1665,0.4839,0.0000,0,0,0.0282,0.1216,0.5789,5069580.5000
126.6900,0.2112,0.1661,0.4839,0.0000,0,0,0.0292,0.1213,0.5789,5069580.5000
126.6997,0.2050,0.1650,0.4839,0.0000,0,0,0.0301,0.1209,0.5789,5069580.5000
126.7096,0.1997,0.1608,0.4839,0.0000,0,0,0.0309,0.1205,0.5789,5069580.5000
126.7197,0.1962,0.1619,0.4839,0.0000,0,0,0.0317,0.1201,0.5789,5069580.5000
126.7300,0.2000,0.1717,0.4839,0.0000,0,0,0.0326,0.1196,0.5789,5069580.5000
126.7401,0.2027,0.1734,0.4839,0.0000,0,0,0.0335,0.1190,0.5789,5069580.5000
126.7497,0.2126,0.1680,0.4839,0.0000,0,0,0.0346,0.1182,0.5789,5069580.5000
126.7598,0.2142,0.1671,0.4839,0.0000,0,0,0.0356,0.1174,0.5789,5069580.5000
126.7697,0.2066,0.1673,0.4839,0.0000,0,0,0.0366,0.1166,0.5789,5069580.5000
126.7806,0.1995,0.1705,0.4839,0.0000,0,0,0.0374,0.1158,0.5789,5069580.5000
126.7900,0.1973,0.1698,0.4839,0.0000,0,0,0.0383,0.1150,0.5789,5069580.5000
126.7997,0.2000,0.1674,0.4839,0.0000,0,0,0.0391,0.1140,0.5789,5069580.5000
126.8096,0.2104,0.1639,0.4839,0.0000,0,0,0.0400,0.1129,0.5789,5069580.5000
126.8196,0.2150,0.1631,0.4839,0.0000,0,0,0.0410,0.1117,0.5789,5069580.5000
126.8299,0.2169,0.1640,0.4839,0.0000,0,0,0.0419,0.1104,0.5789,5069580.5000
126.8400,0.2169,0.1599,0.4839,0.0000,0,0,0.0428,0.1090,0.5789,5069580.5000
126.8497,0.2146,0.1651,0.4839,0.0000,0,0,0.0437,0.1076,0.5789,5069580.5000
126.8597,0.2110,0.1698,0.4839,0.0000,0,0,0.0444,0.1062,0.5789,5069580.5000
126.8697,0.2034,0.1686,0.4839,0.0000,0,0,0.0451,0.1048,0.5789,5069580.5000
126.8800,0.2015,0.1675,0.4839,0.0000,0,0,0.0457,0.1035,0.5789,5069580.5000
126.8900,0.2076,0.1699,0.4839,0.0000,0,0,0.0463,0.1020,0.5789,5069580.5000
126.8997,0.2142,0.1724,0.4839,0.0000,0,0,0.0470,0.1003,0.5789,5069580.5000
126.9097,0.2154,0.1660,0.4839,0.0000,0,0,0.0475,0.0986,0.5789,5069580.5000
126.9197,0.2171,0.1643,0.4839,0.0000,0,0,0.0481,0.0968,0.5789,5069580.5000
126.9300,0.2082,0.1668,0.4839,0.0000,0,0,0.0485,0.0951,0.5789,5069580.5000
126.9400,0.2010,0.1724,0.4839,0.0000,0,0,0.0489,0.0935,0.5789,5069580.5000
126.9497,0.1958,0.1701,0.4839,0.0000,0,0,0.0492,0.0920,0.5789,5069580.5000
126.9597,0.2032,0.1693,0.4839,0.0000,0,0,0.0494,0.0903,0.5789,5069580.5000
126.9696,0.2164,0.1642,0.4839,0.0000,0,0,0.0497,0.0883,0.5789,5069580.5000
126.9807,0.2134,0.1677,0.4839,0.0000,0,0,0.0499,0.0864,0.5789,5069580.5000
126.9900,0.2145,0.1695,0.4839,0.0000,0,0,0.0500,0.0844,0.5789,5069580.5000
126.9997,0.2124,0.1697,0.4839,0.0000,0,0,0.0500,0.0825,0.5789,5069580.5000
127.0098,0.2060,0.1667,0.4839,0.0000,0,0,0.0501,0.0807,0.5789,5069580.5000
127.0196,0.2016,0.1690,0.4839,0.0000,0,0,0.0500,0.0790,0.5789,5069580.5000
127.0300,0.2025,0.1731,0.4839,0.0000,0,0,0.0499,0.0772,0.5789,5069580.5000
127.0400,0.2049,0.1739,0.4839,0.0000,0,0,0.0498,0.0754,0.5789,5069580.5000
127.0497,0.2088,0.1683,0.4839,0.0000,0,0,0.0496,0.0735,0.5789,5069580.5000
127.0597,0.2140,0.1690,0.4839,0.0000,0,0,0.0493,0.0715,0.5789,5069580.5000
127.0696,0.2094,0.1671,0.4839,0.0000,0,0,0.0490,0.0696,0.5789,5069580.5000
127.0800,0.2131,0.1717,0.4839,0.0000,0,0,0.0486,0.0677,0.5789,5069580.5000
127.0900,0.2091,0.1738,0.4839,0.0000,0,0,0.0482,0.0659,0.5789,5069580.5000
127.0997,0.1977,0.1714,0.4839,0.0000,0,0,0.0479,0.0643,0.5789,5069580.5000
127.1097,0.2008,0.1679,0.4839,0.0000,0,0,0.0474,0.0627,0.5789,5069580.5000
127.1197,0.2082,0.1670,0.4839,0.0000,0,0,0.0469,0.0609,0.5789,5069580.5000
127.1300,0.2064,0.1694,0.4839,0.0000,0,0,0.0463,0.0592,0.5789,5069580.5000
127.1401,0.2079,0.1651,0.4839,0.0000,0,0,0.0457,0.0576,0.5789,5069580.5000
127.1497,0.2113,0.1615,0.4839,0.0000,0,0,0.0451,0.0558,0.5789,5069580.5000
127.1597,0.2131,0.1631,0.4839,0.0000,0,0,0.0444,0.0541,0.5789,5069580.5000
127.1697,0.2083,0.1695,0.4839,0.0000,0,0,0.0437,0.0526,0.5789,5069580.5000
127.1806,0.2073,0.1748,0.4839,0.0000,0,0,0.0429,0.0511,0.5789,5069580.5000
127.1900,0.2039,0.1674,0.4839,0.0000,0,0,0.0422,0.0496,0.5789,5069580.5000
127.1997,0.1997,0.1654,0.4839,0.0000,0,0,0.0415,0.0484,0.5789,5069580.5000
127.2096,0.2048,0.1711,0.4839,0.0000,0,0,0.0408,0.0470,0.5789,5069580.5000
127.2197,0.2088,0.1751,0.4839,0.0000,0,0,0.0399,0.0457,0.5789,5069580.5000
127.2300,0.2155,0.1762,0.4839,0.0000,0,0,0.0390,0.0442,0.5789,5069580.5000
127.2400,0.2131,0.1683,0.4839,0.0000,0,0,0.0381,0.0429,0.5789,5069580.5000
127.2496,0.2056,0.1636,0.4839,0.0000,0,0,0.0372,0.0418,0.5789,5069580.5000
127.2597,0.2061,0.1645,0.4839,0.0000,0,0,0.0364,0.0407,0.5789,5069580.5000
127.2696,0.2000,0.1662,0.4839,0.0000,0,0,0.0356,0.0397,0.5789,5069580.5000
127.2800,0.1971,0.1662,0.4839,0.0000,0,0,0.0348,0.0388,0.5789,5069580.5000
127.2900,0.2021,0.1638,0.4839,0.0000,0,0,0.0340,0.0379,0.5789,5069580.5000
127.2996,0.2101,0.1663,0.4839,0.0000,0,0,0.0330,0.0370,0.5789,5069580.5000
127.3097,0.2125,0.1686,0.4839,0.0000,0,0,0.0321,0.0360,0.5789,5069580.5000
127.3198,0.2099,0.1680,0.4839,0.0000,0,0,0.0311,0.0352,0.5789,5069580.5000
127.3300,0.2075,0.1639,0.4839,0.0000,0,0,0.0302,0.0344,0.5789,5069580.5000
127.3401,0.1976,0.1637,0.4839,0.0000,0,0,0.0294,0.0339,0.5789,5069580.5000
127.3496,0.2008,0.1662,0.4839,0.0000,0,0,0.0286,0.0333,0.5789,5069580.5000
127.3597,0.2069,0.1634,0.4839,0.0000,0,0,0.0278,0.0327,0.5789,5069580.5000
127.3697,0.2132,0.1571,0.4839,0.0000,0,0,0.0268,0.0321,0.5789,5069580.5000
127.3806,0.2138,0.1676,0.4839,0.0000,0,0,0.0258,0.0315,0.5789,5069580.5000
127.3900,0.2137,0.1668,0.4839,0.0000,0,0,0.0249,0.0311,0.5789,5069580.5000
127.3997,0.2102,0.1685,0.4839,0.0000,0,0,0.0240,0.0306,0.5789,5069580.5000
127.4097,0.2073,0.1652,0.4839,0.0000,0,0,0.0231,0.0303,0.5789,5069580.5000
127.4196,0.2032,0.1691,0.4839,0.0000,0,0,0.0224,0.0300,0.5789,5069580.5000
127.4300,0.2077,0.1733,0.4839,0.0000,0,0,0.0216,0.0298,0.5789,5069580.5000
127.4400,0.2082,0.1703,0.4839,0.0000,0,0,0.0208,0.0296,0.5789,5069580.5000
127.4497,0.2119,0.1641,0.4839,0.0000,0,0,0.0200,0.0294,0.5789,5069580.5000
127.4597,0.2118,0.1571,0.4839,0.0000,0,0,0.0192,0.0293,0.5789,5069580.5000
127.4696,0.2136,0.1593,0.4839,0.0000,0,0,0.0184,0.0292,0.5789,5069580.5000
127.4800,0.2141,0.1638,0.4839,0.0000,0,0,0.0176,0.0291,0.5789,5069580.5000
127.4900,0.2078,0.1692,0.4839,0.0000,0,0,0.0170,0.0291,0.5789,5069580.5000
127.4997,0.2025,0.1644,0.4839,0.0000,0,0,0.0164,0.0291,0.5789,5069580.5000
127.5097,0.1954,0.1632,0.4839,0.0000,0,0,0.0160,0.0292,0.5789,5069580.5000
127.5198,0.2027,0.1655,0.4839,0.0000,0,0,0.0155,0.0292,0.5789,5069580.5000
127.5300,0.2095,0.1674,0.4839,0.0000,0,0,0.0150,0.0293,0.5789,5069580.5000
127.5400,0.2116,0.1593,0.4839,0.0000,0,0,0.0144,0.0295,0.5789,5069580.5000
127.5497,0.2098,0.1596,0.4839,0.0000,0,0,0.0138,0.0297,0.5789,5069580.5000
127.5597,0.2117,0.1673,0.4839,0.0000,0,0,0.0133,0.0298,0.5789,5069580.5000
127.5696,0.2070,0.1654,0.4839,0.0000,0,0,0.0129,0.0300,0.5789,5069580.5000
127.5806,0.1981,0.1625,0.4839,0.0000,0,0,0.0126,0.0302,0.5789,5069580.5000
127.5900,0.1977,0.1596,0.4839,0.0000,0,0,0.0124,0.0303,0.5789,5069580.5000
127.5997,0.1998,0.1661,0.4839,0.0000,0,0,0.0122,0.0304,0.5789,5069580.5000
127.6096,0.2029,0.1684,0.4839,0.0000,0,0,0.0119,0.0306,0.5789,5069580.5000
127.6196,0.2125,0.1693,0.4839,0.0000,0,0,0.0116,0.0309,0.5789,5069580.5000
127.6299,0.2150,0.1676,0.4839,0.0000,0,0,0.0112,0.0312,0.5789,5069580.5000
127.6400,0.2078,0.1681,0.4839,0.0000,0,0,0.0109,0.0315,0.5789,5069580.5000
127.6497,0.2083,0.1680,0.4839,0.0000,0,0,0.0107,0.0317,0.5789,5069580.5000
127.6596,0.2048,0.1669,0.4839,0.0000,0,0,0.0106,0.0319,0.5789,5069580.5000
127.6696,0.2037,0.1688,0.4839,0.0000,0,0,0.0104,0.0320,0.5789,5069580.5000
127.6801,0.2061,0.1668,0.4839,0.0000,0,0,0.0103,0.0322,0.5789,5069580.5000
127.6900,0.2094,0.1692,0.4839,0.0000,0,0,0.0102,0.0324,0.5789,5069580.5000
127.6997,0.2136,0.1675,0.4839,0.0000,0,0,0.0100,0.0327,0.5789,5069580.5000
127.7096,0.2131,0.1637,0.4839,0.0000,0,0,0.0099,0.0330,0.5789,5069580.5000
127.7197,0.2104,0.1621,0.4839,0.0000,0,0,0.0098,0.0332,0.5789,5069580.5000
127.7300,0.2056,0.1632,0.4839,0.0000,0,0,0.0097,0.0332,0.5789,5069580.5000
127.7400,0.2012,0.1690,0.4839,0.0000,0,0,0.0097,0.0332,0.5789,5069580.5000
127.7497,0.1979,0.1716,0.4839,0.0000,0,0,0.0098,0.0331,0.5789,5069580.5000
127.7597,0.2042,0.1637,0.4839,0.0000,0,0,0.0098,0.0331,0.5789,5069580.5000
127.7697,0.2146,0.1604,0.4839,0.0000,0,0,0.0097,0.0333,0.5789,5069580.5000
127.7806,0.2228,0.1687,0.4839,0.0000,0,0,0.0097,0.0336,0.5789,5069580.5000
127.7900,0.2213,0.1714,0.4839,0.0000,0,0,0.0096,0.0339,0.5789,5069580.5000
127.7997,0.2125,0.1670,0.4839,0.0000,0,0,0.0096,0.0340,0.5789,5069580.5000
127.8097,0.2071,0.1665,0.4839,0.0000,0,0,0.0096,0.0339,0.5789,5069580.5000
127.8197,0.2012,0.1695,0.4839,0.0000,0,0,0.0096,0.0336,0.5789,5069580.5000
127.8300,0.1976,0.1690,0.4839,0.0000,0,0,0.0097,0.0332,0.5789,5069580.5000
127.8401,0.1999,0.1664,0.4839,0.0000,0,0,0.0097,0.0329,0.5789,5069580.5000
127.8496,0.2026,0.1600,0.4839,0.0000,0,0,0.0097,0.0326,0.5789,5069580.5000
127.8597,0.2069,0.1593,0.4839,0.0000,0,0,0.0097,0.0324,0.5789,5069580.5000
127.8697,0.2115,0.1664,0.4839,0.0000,0,0,0.0097,0.0323,0.5789,5069580.5000
127.8800,0.2123,0.1733,0.4839,0.0000,0,0,0.0097,0.0322,0.5789,5069580.5000
127.8900,0.2086,0.1666,0.4839,0.0000,0,0,0.0097,0.0320,0.5789,5069580.5000
127.8997,0.2096,0.1673,0.4839,0.0000,0,0,0.0097,0.0318,0.5789,5069580.5000
127.9097,0.2131,0.1703,0.4839,0.0000,0,0,0.0097,0.0317,0.5789,5069580.5000
127.9197,0.2042,0.1733,0.4839,0.0000,0,0,0.0096,0.0313,0.5789,5069580.5000
127.9300,0.2099,0.1737,0.4839,0.0000,0,0,0.0096,0.0310,0.5789,5069580.5000
127.9400,0.2134,0.1661,0.4839,0.0000,0,0,0.0095,0.0309,0.5789,5069580.5000
127.9496,0.2083,0.1715,0.4839,0.0000,0,0,0.0095,0.0306,0.5789,5069580.5000
127.9597,0.2100,0.1732,0.4839,0.0000,0,0,0.0094,0.0303,0.5789,5069580.5000
127.9697,0.2041,0.1711,0.4839,0.0000,0,0,0.0093,0.0299,0.5789,5069580.5000
127.9807,0.2052,0.1662,0.4839,0.0000,0,0,0.0092,0.0295,0.5789,5069580.5000
127.9899,0.2051,0.1681,0.4839,0.0000,0,0,0.0090,0.0290,0.5789,5069580.5000
127.9997,0.2032,0.1717,0.4839,0.0000,0,0,0.0089,0.0286,0.5789,5069580.5000
128.0098,0.2015,0.1727,0.4839,0.0000,0,0,0.0087,0.0281,0.5789,5069580.5000
128.0196,0.2098,0.1737,0.4839,0.0000,0,0,0.0086,0.0278,0.5789,5069580.5000
128.0299,0.2126,0.1731,0.4839,0.0000,0,0,0.0085,0.0276,0.5789,5069580.5000
128.0400,0.2088,0.1711,0.4839,0.0000,0,0,0.0084,0.0273,0.5789,5069580.5000
128.0496,0.2096,0.1699,0.4839,0.0000,0,0,0.0082,0.0270,0.5789,5069580.5000
128.0596,0.2044,0.1691,0.4839,0.0000,0,0,0.0080,0.0266,0.5789,5069580.5000
128.0696,0.1994,0.1589,0.4839,0.0000,0,0,0.0078,0.0261,0.5789,5069580.5000
128.0800,0.2042,0.1609,0.4839,0.0000,0,0,0.0075,0.0257,0.5789,5069580.5000
128.0899,0.2098,0.1746,0.4839,0.0000,0,0,0.0074,0.0255,0.5789,5069580.5000
128.0997,0.2078,0.1715,0.4839,0.0000,0,0,0.0072,0.0252,0.5789,5069580.5000
128.1096,0.2075,0.1648,0.4839,0.0000,0,0,0.0070,0.0249,0.5789,5069580.5000
128.1196,0.2051,0.1640,0.4839,0.0000,0,0,0.0068,0.0246,0.5789,5069580.5000
128.1300,0.2007,0.1704,0.4839,0.0000,0,0,0.0065,0.0242,0.5789,5069580.5000
128.1399,0.2082,0.1766,0.4839,0.0000,0,0,0.0064,0.0240,0.5789,5069580.5000
128.1496,0.2086,0.1671,0.4839,0.0000,0,0,0.0062,0.0237,0.5789,5069580.5000
128.1596,0.2100,0.1596,0.4839,0.0000,0,0,0.0061,0.0236,0.5789,5069580.5000
128.1697,0.2145,0.1631,0.4839,0.0000,0,0,0.0060,0.0235,0.5789,5069580.5000
128.1805,0.2159,0.1714,0.4839,0.0000,0,0,0.0060,0.0235,0.5789,5069580.5000
128.1900,0.2143,0.1724,0.4839,0.0000,0,0,0.0059,0.0234,0.5789,5069580.5000
128.1996,0.2080,0.1681,0.4839,0.0000,0,0,0.0057,0.0232,0.5789,5069580.5000
128.2097,0.2074,0.1657,0.4839,0.0000,0,0,0.0055,0.0230,0.5789,5069580.5000
128.2196,0.2033,0.1689,0.4839,0.0000,0,0,0.0053,0.0227,0.5789,5069580.5000
128.2299,0.2046,0.1680,0.4839,0.0000,0,0,0.0050,0.0225,0.5789,5069580.5000
128.2399,0.2055,0.1674,0.4839,0.0000,0,0,0.0048,0.0223,0.5789,5069580.5000
128.2496,0.2071,0.1612,0.4839,0.0000,0,0,0.0047,0.0222,0.5789,5069580.5000
128.2597,0.2075,0.1694,0.4839,0.0000,0,0,0.0045,0.0220,0.5789,5069580.5000
128.2697,0.2037,0.1764,0.4839,0.0000,0,0,0.0043,0.0218,0.5789,5069580.5000
128.2800,0.2025,0.1765,0.4839,0.0000,0,0,0.0041,0.0216,0.5789,5069580.5000
128.2899,0.1956,0.1648,0.4839,0.0000,0,0,0.0037,0.0213,0.5789,5069580.5000
128.2996,0.2006,0.1639,0.4839,0.0000,0,0,0.0034,0.0211,0.5789,5069580.5000
128.3096,0.2041,0.1683,0.4839,0.0000,0,0,0.0033,0.0210,0.5789,5069580.5000
128.3196,0.2064,0.1720,0.4839,0.0000,0,0,0.0032,0.0209,0.5789,5069580.5000
128.3300,0.2091,0.1715,0.4839,0.0000,0,0,0.0031,0.0209,0.5789,5069580.5000
128.3400,0.2128,0.1687,0.4839,0.0000,0,0,0.0032,0.0210,0.5789,5069580.5000
128.3496,0.2105,0.1666,0.4839,0.0000,0,0,0.0032,0.0210,0.5789,5069580.5000
128.3596,0.2090,0.1678,0.4839,0.0000,0,0,0.0032,0.0209,0.5789,5069580.5000
128.3697,0.2055,0.1680,0.4839,0.0000,0,0,0.0031,0.0209,0.5789,5069580.5000
128.3806,0.2108,0.1646,0.4839,0.0000,0,0,0.0031,0.0209,0.5789,5069580.5000
128.3900,0.2070,0.1641,0.4839,0.0000,0,0,0.0031,0.0209,0.5789,5069580.5000
128.3996,0.2029,0.1652,0.4839,0.0000,0,0,0.0030,0.0208,0.5789,5069580.5000
128.4096,0.2070,0.1699,0.4839,0.0000,0,0,0.0029,0.0208,0.5789,5069580.5000
128.4196,0.2088,0.1693,0.4839,0.0000,0,0,0.0030,0.0208,0.5789,5069580.5000
128.4300,0.2078,0.1672,0.4839,0.0000,0,0,0.0030,0.0209,0.5789,5069580.5000
128.4400,0.2057,0.1688,0.4839,0.0000,0,0,0.0030,0.0208,0.5789,5069580.5000
128.4497,0.2010,0.1719,0.4839,0.0000,0,0,0.0029,0.0208,0.5789,5069580.5000
128.4597,0.2035,0.1682,0.4839,0.0000,0,0,0.0028,0.0208,0.5789,5069580.5000
128.4696,0.2114,0.1627,0.4839,0.0000,0,0,0.0030,0.0208,0.5789,5069580.5000
128.4799,0.2155,0.1664,0.4839,0.0000,0,0,0.0032,0.0210,0.5789,5069580.5000
128.4900,0.2143,0.1693,0.4839,0.0000,0,0,0.0035,0.0211,0.5789,5069580.5000
128.4996,0.2109,0.1693,0.4839,0.0000,0,0,0.0036,0.0211,0.5789,5069580.5000
128.5096,0.2054,0.1614,0.4839,0.0000,0,0,0.0037,0.0211,0.5789,5069580.5000
128.5197,0.2042,0.1638,0.4839,0.0000,0,0,0.0037,0.0211,0.5789,5069580.5000
128.5300,0.2025,0.1688,0.4839,0.0000,0,0,0.0037,0.0211,0.5789,5069580.5000
128.5399,0.2086,0.1744,0.4839,0.0000,0,0,0.0038,0.0212,0.5789,5069580.5000
128.5496,0.2131,0.1718,0.4839,0.0000,0,0,0.0040,0.0213,0.5789,5069580.5000
128.5597,0.2154,0.1648,0.4839,0.0000,0,0,0.0043,0.0214,0.5789,5069580.5000
128.5697,0.2101,0.1633,0.4839,0.0000,0,0,0.0045,0.0214,0.5789,5069580.5000
128.5806,0.2018,0.1630,0.4839,0.0000,0,0,0.0045,0.0214,0.5789,5069580.5000
128.5899,0.2048,0.1683,0.4839,0.0000,0,0,0.0046,0.0214,0.5789,5069580.5000
128.5997,0.2136,0.1713,0.4839,0.0000,0,0,0.0049,0.0215,0.5789,5069580.5000
128.6097,0.2107,0.1662,0.4839,0.0000,0,0,0.0051,0.0215,0.5789,5069580.5000
128.6196,0.2132,0.1653,0.4839,0.0000,0,0,0.0054,0.0216,0.5789,5069580.5000
128.6299,0.2146,0.1634,0.4839,0.0000,0,0,0.0057,0.0216,0.5789,5069580.5000
128.6400,0.2136,0.1671,0.4839,0.0000,0,0,0.0060,0.0217,0.5789,5069580.5000
128.6496,0.2116,0.1636,0.4839,0.0000,0,0,0.0062,0.0217,0.5789,5069580.5000
128.6596,0.2075,0.1630,0.4839,0.0000,0,0,0.0064,0.0217,0.5789,5069580.5000
128.6696,0.2118,0.1636,0.4839,0.0000,0,0,0.0066,0.0217,0.5789,5069580.5000
128.6799,0.2125,0.1676,0.4839,0.0000,0,0,0.0069,0.0217,0.5789,5069580.5000
128.6900,0.2118,0.1672,0.4839,0.0000,0,0,0.0072,0.0217,0.5789,5069580.5000
128.6996,0.2120,0.1679,0.4839,0.0000,0,0,0.0074,0.0217,0.5789,5069580.5000
128.7096,0.2124,0.1709,0.4839,0.0000,0,0,0.0077,0.0217,0.5789,5069580.5000
128.7196,0.2102,0.1701,0.4839,0.0000,0,0,0.0079,0.0217,0.5789,5069580.5000
128.7299,0.2096,0.1739,0.4839,0.0000,0,0,0.0082,0.0216,0.5789,5069580.5000
128.7399,0.2074,0.1674,0.4839,0.0000,0,0,0.0083,0.0216,0.5789,5069580.5000
128.7496,0.2073,0.1669,0.4839,0.0000,0,0,0.0085,0.0215,0.5789,5069580.5000
128.7597,0.2078,0.1675,0.4839,0.0000,0,0,0.0087,0.0215,0.5789,5069580.5000
128.7696,0.2073,0.1674,0.4839,0.0000,0,0,0.0089,0.0214,0.5789,5069580.5000
128.7805,0.2102,0.1655,0.4839,0.0000,0,0,0.0092,0.0213,0.5789,5069580.5000
128.7899,0.2153,0.1642,0.4839,0.0000,0,0,0.0095,0.0212,0.5789,5069580.5000
128.7996,0.2157,0.1618,0.4839,0.0000,0,0,0.0098,0.0211,0.5789,5069580.5000
128.8096,0.2097,0.1648,0.4839,0.0000,0,0,0.0101,0.0210,0.5789,5069580.5000
128.8197,0.2088,0.1646,0.4839,0.0000,0,0,0.0103,0.0208,0.5789,5069580.5000
128.8299,0.2087,0.1682,0.4839,0.0000,0,0,0.0105,0.0207,0.5789,5069580.5000
128.8400,0.2112,0.1727,0.4839,0.0000,0,0,0.0107,0.0206,0.5789,5069580.5000
128.8497,0.2116,0.1688,0.4839,0.0000,0,0,0.0110,0.0204,0.5789,5069580.5000
128.8596,0.2123,0.1680,0.4839,0.0000,0,0,0.0112,0.0202,0.5789,5069580.5000
128.8696,0.2101,0.1670,0.4839,0.0000,0,0,0.0114,0.0200,0.5789,5069580.5000
128.8800,0.2091,0.1726,0.4839,0.0000,0,0,0.0116,0.0198,0.5789,5069580.5000
128.8900,0.2057,0.1666,0.4839,0.0000,0,0,0.0118,0.0197,0.5789,5069580.5000
128.8996,0.2019,0.1675,0.4839,0.0000,0,0,0.0119,0.0196,0.5789,5069580.5000
128.9097,0.2078,0.1650,0.4839,0.0000,0,0,0.0121,0.0194,0.5789,5069580.5000
128.9196,0.2064,0.1670,0.4839,0.0000,0,0,0.0122,0.0192,0.5789,5069580.5000
128.9299,0.2106,0.1719,0.4839,0.0000,0,0,0.0124,0.0189,0.5789,5069580.5000
128.9401,0.2100,0.1658,0.4839,0.0000,0,0,0.0126,0.0187,0.5789,5069580.5000
128.9496,0.2118,0.1661,0.4839,0.0000,0,0,0.0127,0.0184,0.5789,5069580.5000
128.9597,0.2094,0.1676,0.4839,0.0000,0,0,0.0129,0.0181,0.5789,5069580.5000
128.9696,0.2032,0.1677,0.4839,0.0000,0,0,0.0130,0.0179,0.5789,5069580.5000
128.9806,0.2024,0.1655,0.4839,0.0000,0,0,0.0131,0.0177,0.5789,5069580.5000
128.9899,0.2036,0.1686,0.4839,0.0000,0,0,0.0132,0.0175,0.5789,5069580.5000
128.9996,0.2077,0.1727,0.4839,0.0000,0,0,0.0133,0.0172,0.5789,5069580.5000
129.0098,0.2029,0.1722,0.4839,0.0000,0,0,0.0133,0.0170,0.5789,5069580.5000
129.0197,0.2062,0.1672,0.4839,0.0000,0,0,0.0134,0.0167,0.5789,5069580.5000
129.0300,0.2076,0.1662,0.4839,0.0000,0,0,0.0135,0.0164,0.5789,5069580.5000
129.0399,0.2054,0.1666,0.4839,0.0000,0,0,0.0135,0.0161,0.5789,5069580.5000
129.0497,0.2067,0.1677,0.4839,0.0000,0,0,0.0136,0.0158,0.5789,5069580.5000
129.0596,0.2144,0.1669,0.4839,0.0000,0,0,0.0136,0.0154,0.5789,5069580.5000
129.0696,0.2107,0.1624,0.4839,0.0000,0,0,0.0136,0.0150,0.5789,5069580.5000
129.0799,0.2097,0.1593,0.4839,0.0000,0,0,0.0137,0.0146,0.5789,5069580.5000
129.0899,0.2113,0.1706,0.4839,0.0000,0,0,0.0137,0.0142,0.5789,5069580.5000
129.0996,0.2085,0.1760,0.4839,0.0000,0,0,0.0136,0.0139,0.5789,5069580.5000
129.1097,0.2071,0.1677,0.4839,0.0000,0,0,0.0136,0.0135,0.5789,5069580.5000
129.1196,0.2063,0.1664,0.4839,0.0000,0,0,0.0136,0.0132,0.5789,5069580.5000
129.1299,0.2032,0.1704,0.4839,0.0000,0,0,0.0135,0.0129,0.5789,5069580.5000
129.1400,0.2032,0.1706,0.4839,0.0000,0,0,0.0135,0.0127,0.5789,5069580.5000
129.1496,0.2080,0.1683,0.4839,0.0000,0,0,0.0134,0.0123,0.5789,5069580.5000
129.1596,0.2072,0.1616,0.4839,0.0000,0,0,0.0133,0.0120,0.5789,5069580.5000
129.1696,0.2080,0.1629,0.4839,0.0000,0,0,0.0132,0.0116,0.5789,5069580.5000
129.1806,0.2095,0.1675,0.4839,0.0000,0,0,0.0131,0.0112,0.5789,5069580.5000
129.1899,0.2075,0.1665,0.4839,0.0000,0,0,0.0130,0.0109,0.5789,5069580.5000
129.1996,0.2068,0.1605,0.4839,0.0000,0,0,0.0129,0.0106,0.5789,5069580.5000
129.2096,0.2052,0.1627,0.4839,0.0000,0,0,0.0128,0.0103,0.5789,5069580.5000
129.2196,0.2080,0.1704,0.4839,0.0000,0,0,0.0126,0.0099,0.5789,5069580.5000
129.2299,0.2073,0.1698,0.4839,0.0000,0,0,0.0125,0.0096,0.5789,5069580.5000
129.2401,0.2111,0.1669,0.4839,0.0000,0,0,0.0123,0.0092,0.5789,5069580.5000
129.2496,0.2100,0.1637,0.4839,0.0000,0,0,0.0121,0.0089,0.5789,5069580.5000
129.2596,0.2135,0.1637,0.4839,0.0000,0,0,0.0118,0.0085,0.5789,5069580.5000
129.2696,0.2157,0.1687,0.4839,0.0000,0,0,0.0116,0.0080,0.5789,5069580.5000
129.2800,0.2153,0.1725,0.4839,0.0000,0,0,0.0113,0.0076,0.5789,5069580.5000
129.2899,0.2212,0.1658,0.4839,0.0000,0,0,0.0110,0.0072,0.5789,5069580.5000
129.2997,0.2159,0.1659,0.4839,0.0000,0,0,0.0107,0.0068,0.5789,5069580.5000
129.3097,0.2059,0.1685,0.4839,0.0000,0,0,0.0105,0.0065,0.5789,5069580.5000
129.3196,0.2081,0.1705,0.4839,0.0000,0,0,0.0103,0.0063,0.5789,5069580.5000
129.3299,0.2087,0.1654,0.4839,0.0000,0,0,0.0100,0.0060,0.5789,5069580.5000
129.3400,0.2105,0.1610,0.4839,0.0000,0,0,0.0098,0.0058,0.5789,5069580.5000
129.3496,0.2061,0.1680,0.4839,0.0000,0,0,0.0096,0.0056,0.5789,5069580.5000
129.3596,0.2114,0.1736,0.4839,0.0000,0,0,0.0093,0.0053,0.5789,5069580.5000
129.3696,0.2086,0.1732,0.4839,0.0000,0,0,0.0091,0.0051,0.5789,5069580.5000
129.3806,0.2064,0.1668,0.4839,0.0000,0,0,0.0089,0.0050,0.5789,5069580.5000
129.3899,0.2100,0.1647,0.4839,0.0000,0,0,0.0086,0.0048,0.5789,5069580.5000
129.3997,0.2095,0.1686,0.4839,0.0000,0,0,0.0084,0.0046,0.5789,5069580.5000
129.4096,0.2116,0.1637,0.4839,0.0000,0,0,0.0081,0.0044,0.5789,5069580.5000
129.4197,0.2108,0.1624,0.4839,0.0000,0,0,0.0078,0.0042,0.5789,5069580.5000
129.4299,0.2091,0.1685,0.4839,0.0000,0,0,0.0076,0.0041,0.5789,5069580.5000
129.4400,0.2050,0.1717,0.4839,0.0000,0,0,0.0074,0.0040,0.5789,5069580.5000
129.4496,0.2010,0.1786,0.4839,0.0000,0,0,0.0073,0.0039,0.5789,5069580.5000
129.4597,0.2061,0.1701,0.4839,0.0000,0,0,0.0071,0.0038,0.5789,5069580.5000
129.4697,0.2104,0.1682,0.4839,0.0000,0,0,0.0068,0.0037,0.5789,5069580.5000
129.4799,0.2136,0.1666,0.4839,0.0000,0,0,0.0065,0.0036,0.5789,5069580.5000
129.4900,0.2111,0.1704,0.4839,0.0000,0,0,0.0062,0.0035,0.5789,5069580.5000
129.4997,0.2092,0.1721,0.4839,0.0000,0,0,0.0060,0.0035,0.5789,5069580.5000
129.5097,0.2071,0.1694,0.4839,0.0000,0,0,0.0058,0.0034,0.5789,5069580.5000
129.5196,0.2097,0.1615,0.4839,0.0000,0,0,0.0055,0.0034,0.5789,5069580.5000
129.5300,0.2084,0.1605,0.4839,0.0000,0,0,0.0053,0.0034,0.5789,5069580.5000
129.5400,0.2056,0.1610,0.4839,0.0000,0,0,0.0052,0.0033,0.5789,5069580.5000
129.5496,0.2026,0.1661,0.4839,0.0000,0,0,0.0051,0.0033,0.5789,5069580.5000
129.5596,0.2078,0.1663,0.4839,0.0000,0,0,0.0049,0.0033,0.5789,5069580.5000
129.5697,0.2066,0.1669,0.4839,0.0000,0,0,0.0047,0.0033,0.5789,5069580.5000
129.5806,0.2069,0.1671,0.4839,0.0000,0,0,0.0046,0.0033,0.5789,5069580.5000
129.5900,0.2052,0.1630,0.4839,0.0000,0,0,0.0044,0.0034,0.5789,5069580.5000
129.5997,0.2041,0.1584,0.4839,0.0000,0,0,0.0043,0.0034,0.5789,5069580.5000
129.6096,0.2031,0.1655,0.4839,0.0000,0,0,0.0042,0.0034,0.5789,5069580.5000
129.6196,0.2071,0.1683,0.4839,0.0000,0,0,0.0041,0.0034,0.5789,5069580.5000
129.6299,0.2061,0.1708,0.4839,0.0000,0,0,0.0040,0.0035,0.5789,5069580.5000
129.6400,0.2060,0.1707,0.4839,0.0000,0,0,0.0039,0.0035,0.5789,5069580.5000
129.6497,0.2072,0.1679,0.4839,0.0000,0,0,0.0037,0.0036,0.5789,5069580.5000
129.6596,0.2062,0.1683,0.4839,0.0000,0,0,0.0036,0.0036,0.5789,5069580.5000
129.6697,0.2068,0.1699,0.4839,0.0000,0,0,0.0035,0.0037,0.5789,5069580.5000
129.6800,0.2079,0.1677,0.4839,0.0000,0,0,0.0034,0.0038,0.5789,5069580.5000
129.6899,0.2145,0.1622,0.4839,0.0000,0,0,0.0032,0.0039,0.5789,5069580.5000
129.6996,0.2124,0.1683,0.4839,0.0000,0,0,0.0030,0.0040,0.5789,5069580.5000
129.7097,0.2078,0.1745,0.4839,0.0000,0,0,0.0029,0.0041,0.5789,5069580.5000
129.7196,0.2063,0.1781,0.4839,0.0000,0,0,0.0029,0.0042,0.5789,5069580.5000
129.7300,0.2038,0.1713,0.4839,0.0000,0,0,0.0028,0.0042,0.5789,5069580.5000
129.7399,0.2082,0.1643,0.4839,0.0000,0,0,0.0028,0.0043,0.5789,5069580.5000
129.7496,0.2089,0.1694,0.4839,0.0000,0,0,0.0027,0.0044,0.5789,5069580.5000
129.7596,0.2104,0.1736,0.4839,0.0000,0,0,0.0026,0.0045,0.5789,5069580.5000
129.7696,0.2092,0.1665,0.4839,0.0000,0,0,0.0025,0.0046,0.5789,5069580.5000
129.7806,0.2116,0.1641,0.4839,0.0000,0,0,0.0024,0.0047,0.5789,5069580.5000
129.7899,0.2096,0.1697,0.4839,0.0000,0,0,0.0024,0.0048,0.5789,5069580.5000
129.7997,0.2085,0.1716,0.4839,0.0000,0,0,0.0023,0.0049,0.5789,5069580.5000
129.8097,0.2098,0.1656,0.4839,0.0000,0,0,0.0023,0.0050,0.5789,5069580.5000
129.8196,0.2091,0.1629,0.4839,0.0000,0,0,0.0022,0.0051,0.5789,5069580.5000
129.8300,0.2038,0.1681,0.4839,0.0000,0,0,0.0023,0.0051,0.5789,5069580.5000
129.8400,0.2040,0.1711,0.4839,0.0000,0,0,0.0023,0.0051,0.5789,5069580.5000
129.8496,0.2089,0.1735,0.4839,0.0000,0,0,0.0022,0.0052,0.5789,5069580.5000
129.8597,0.2080,0.1690,0.4839,0.0000,0,0,0.0022,0.0052,0.5789,5069580.5000
129.8697,0.2045,0.1593,0.4839,0.0000,0,0,0.0022,0.0052,0.5789,5069580.5000
129.8800,0.2074,0.1636,0.4839,0.0000,0,0,0.0022,0.0052,0.5789,5069580.5000
129.8900,0.2109,0.1679,0.4839,0.0000,0,0,0.0022,0.0053,0.5789,5069580.5000
129.8996,0.2057,0.1749,0.4839,0.0000,0,0,0.0022,0.0053,0.5789,5069580.5000
129.9097,0.2066,0.1727,0.4839,0.0000,0,0,0.0022,0.0053,0.5789,5069580.5000
129.9196,0.2053,0.1693,0.4839,0.0000,0,0,0.0022,0.0053,0.5789,5069580.5000
129.9300,0.2028,0.1724,0.4839,0.0000,0,0,0.0022,0.0052,0.5789,5069580.5000
129.9400,0.2015,0.1700,0.4839,0.0000,0,0,0.0022,0.0051,0.5789,5069580.5000
129.9496,0.2120,0.1665,0.4839,0.0000,0,0,0.0022,0.0052,0.5789,5069580.5000
129.9596,0.2097,0.1696,0.4839,0.0000,0,0,0.0022,0.0053,0.5789,5069580.5000
129.9696,0.2074,0.1728,0.4839,0.0000,0,0,0.0022,0.0053,0.5789,5069580.5000
129.9806,0.2065,0.1757,0.4839,0.0000,0,0,0.0022,0.0052,0.5789,5069580.5000
129.9899,0.2060,0.1733,0.4839,0.0000,0,0,0.0022,0.0052,0.5789,5069580.5000
129.9996,0.2096,0.1653,0.4839,0.0000,0,0,0.0022,0.0052,0.5789,5069580.5000
130.0098,0.2074,0.1643,0.4839,0.0000,0,0,0.0022,0.0052,0.5789,5069580.5000
130.0196,0.2082,0.1635,0.4839,0.0000,0,0,0.0022,0.0052,0.5789,5069580.5000
130.0299,0.2155,0.1671,0.4839,0.0000,0,0,0.0023,0.0054,0.5789,5069580.5000
130.0401,0.2155,0.1632,0.4839,0.0000,0,0,0.0023,0.0056,0.5789,5069580.5000
130.0496,0.2097,0.1628,0.4839,0.0000,0,0,0.0023,0.0056,0.5789,5069580.5000
130.0596,0.2072,0.1612,0.4839,0.0000,0,0,0.0023,0.0056,0.5789,5069580.5000
130.0696,0.2056,0.1690,0.4839,0.0000,0,0,0.0023,0.0055,0.5789,5069580.5000
130.0801,0.2078,0.1718,0.4839,0.0000,0,0,0.0023,0.0054,0.5789,5069580.5000
130.0900,0.2098,0.1667,0.4839,0.0000,0,0,0.0023,0.0054,0.5789,5069580.5000
130.0996,0.2095,0.1643,0.4839,0.0000,0,0,0.0023,0.0054,0.5789,5069580.5000
130.1096,0.2098,0.1627,0.4839,0.0000,0,0,0.0023,0.0054,0.5789,5069580.5000
130.1196,0.2111,0.1611,0.4839,0.0000,0,0,0.0023,0.0055,0.5789,5069580.5000
130.1299,0.2089,0.1649,0.4839,0.0000,0,0,0.0023,0.0055,0.5789,5069580.5000
130.1400,0.1999,0.1686,0.4839,0.0000,0,0,0.0021,0.0052,0.5789,5069580.5000
130.1496,0.2075,0.1697,0.4839,0.0000,0,0,0.0021,0.0052,0.5789,5069580.5000
130.1597,0.2087,0.1670,0.4839,0.0000,0,0,0.0021,0.0052,0.5789,5069580.5000
130.1696,0.2112,0.1657,0.4839,0.0000,0,0,0.0021,0.0052,0.5789,5069580.5000
130.1806,0.2091,0.1634,0.4839,0.0000,0,0,0.0021,0.0052,0.5789,5069580.5000
130.1899,0.2055,0.1648,0.4839,0.0000,0,0,0.0020,0.0051,0.5789,5069580.5000
130.1996,0.2021,0.1701,0.4839,0.0000,0,0,0.0019,0.0049,0.5789,5069580.5000
130.2096,0.2059,0.1722,0.4839,0.0000,0,0,0.0019,0.0048,0.5789,5069580.5000
130.2196,0.2080,0.1676,0.4839,0.0000,0,0,0.0018,0.0048,0.5789,5069580.5000
130.2300,0.2071,0.1669,0.4839,0.0000,0,0,0.0018,0.0048,0.5789,5069580.5000
130.2400,0.2068,0.1682,0.4839,0.0000,0,0,0.0017,0.0047,0.5789,5069580.5000
130.2497,0.2051,0.1693,0.4839,0.0000,0,0,0.0017,0.0046,0.5789,5069580.5000
130.2596,0.2013,0.1648,0.4839,0.0000,0,0,0.0015,0.0045,0.5789,5069580.5000
130.2696,0.2085,0.1585,0.4839,0.0000,0,0,0.0015,0.0045,0.5789,5069580.5000
130.2799,0.2125,0.1641,0.4839,0.0000,0,0,0.0016,0.0045,0.5789,5069580.5000
130.2900,0.2090,0.1698,0.4839,0.0000,0,0,0.0016,0.0045,0.5789,5069580.5000
130.2996,0.2073,0.1648,0.4839,0.0000,0,0,0.0015,0.0045,0.5789,5069580.5000
130.3097,0.2099,0.1617,0.4839,0.0000,0,0,0.0016,0.0045,0.5789,5069580.5000
130.3196,0.2064,0.1658,0.4839,0.0000,0,0,0.0015,0.0045,0.5789,5069580.5000
130.3299,0.2106,0.1683,0.4839,0.0000,0,0,0.0015,0.0045,0.5789,5069580.5000
130.3400,0.2103,0.1704,0.4839,0.0000,0,0,0.0016,0.0045,0.5789,5069580.5000
130.3496,0.1977,0.1713,0.4839,0.0000,0,0,0.0013,0.0043,0.5789,5069580.5000
130.3597,0.1998,0.1713,0.4839,0.0000,0,0,0.0011,0.0042,0.5789,5069580.5000
130.3696,0.2116,0.1723,0.4839,0.0000,0,0,0.0012,0.0043,0.5789,5069580.5000
130.3806,0.2152,0.1696,0.4839,0.0000,0,0,0.0014,0.0044,0.5789,5069580.5000
130.3900,0.2112,0.1611,0.4839,0.0000,0,0,0.0014,0.0044,0.5789,5069580.5000
130.3996,0.2061,0.1598,0.4839,0.0000,0,0,0.0014,0.0044,0.5789,5069580.5000
130.4097,0.2123,0.1628,0.4839,0.0000,0,0,0.0015,0.0044,0.5789,5069580.5000
130.4197,0.2112,0.1668,0.4839,0.0000,0,0,0.0015,0.0045,0.5789,5069580.5000
130.4299,0.2092,0.1682,0.4839,0.0000,0,0,0.0015,0.0045,0.5789,5069580.5000
130.4400,0.2108,0.1650,0.4839,0.0000,0,0,0.0016,0.0045,0.5789,5069580.5000
130.4496,0.2054,0.1660,0.4839,0.0000,0,0,0.0015,0.0045,0.5789,5069580.5000
130.4596,0.2049,0.1717,0.4839,0.0000,0,0,0.0014,0.0044,0.5789,5069580.5000
130.4697,0.2065,0.1684,0.4839,0.0000,0,0,0.0014,0.0044,0.5789,5069580.5000
130.4799,0.2114,0.1623,0.4839,0.0000,0,0,0.0015,0.0044,0.5789,5069580.5000
130.4899,0.2103,0.1639,0.4839,0.0000,0,0,0.0015,0.0045,0.5789,5069580.5000
130.4997,0.2100,0.1697,0.4839,0.0000,0,0,0.0016,0.0045,0.5789,5069580.5000
130.5096,0.2072,0.1766,0.4839,0.0000,0,0,0.0016,0.0045,0.5789,5069580.5000
130.5197,0.2070,0.1712,0.4839,0.0000,0,0,0.0015,0.0045,0.5789,5069580.5000
130.5299,0.2055,0.1658,0.4839,0.0000,0,0,0.0015,0.0044,0.5789,5069580.5000
130.5400,0.2101,0.1643,0.4839,0.0000,0,0,0.0015,0.0045,0.5789,5069580.5000
130.5497,0.2085,0.1708,0.4839,0.0000,0,0,0.0015,0.0045,0.5789,5069580.5000
130.5596,0.2098,0.1665,0.4839,0.0000,0,0,0.0016,0.0045,0.5789,5069580.5000
130.5697,0.2080,0.1639,0.4839,0.0000,0,0,0.0016,0.0045,0.5789,5069580.5000
130.5806,0.2064,0.1649,0.4839,0.0000,0,0,0.0016,0.0045,0.5789,5069580.5000
130.5899,0.2046,0.1672,0.4839,0.0000,0,0,0.0015,0.0045,0.5789,5069580.5000
130.5996,0.2021,0.1705,0.4839,0.0000,0,0,0.0014,0.0044,0.5789,5069580.5000
130.6096,0.2069,0.1664,0.4839,0.0000,0,0,0.0014,0.0044,0.5789,5069580.5000
130.6196,0.2111,0.1689,0.4839,0.0000,0,0,0.0015,0.0045,0.5789,5069580.5000
130.6299,0.2125,0.1724,0.4839,0.0000,0,0,0.0016,0.0045,0.5789,5069580.5000
130.6400,0.2102,0.1734,0.4839,0.0000,0,0,0.0017,0.0045,0.5789,5069580.5000
130.6496,0.2082,0.1673,0.4839,0.0000,0,0,0.0017,0.0045,0.5789,5069580.5000
130.6597,0.2031,0.1629,0.4839,0.0000,0,0,0.0016,0.0045,0.5789,5069580.5000
130.6697,0.2029,0.1598,0.4839,0.0000,0,0,0.0016,0.0045,0.5789,5069580.5000
130.6800,0.2046,0.1634,0.4839,0.0000,0,0,0.0015,0.0045,0.5789,5069580.5000
130.6899,0.2056,0.1703,0.4839,0.0000,0,0,0.0015,0.0045,0.5789,5069580.5000
130.6997,0.2031,0.1702,0.4839,0.0000,0,0,0.0015,0.0045,0.5789,5069580.5000
130.7096,0.2065,0.1651,0.4839,0.0000,0,0,0.0015,0.0045,0.5789,5069580.5000
130.7197,0.2092,0.1683,0.4839,0.0000,0,0,0.0016,0.0045,0.5789,5069580.5000
130.7299,0.2092,0.1693,0.4839,0.0000,0,0,0.0016,0.0045,0.5789,5069580.5000
130.7400,0.2087,0.1675,0.4839,0.0000,0,0,0.0017,0.0045,0.5789,5069580.5000
130.7497,0.2086,0.1657,0.4839,0.0000,0,0,0.0017,0.0045,0.5789,5069580.5000
130.7596,0.2068,0.1672,0.4839,0.0000,0,0,0.0018,0.0045,0.5789,5069580.5000
130.7697,0.2133,0.1690,0.4839,0.0000,0,0,0.0019,0.0045,0.5789,5069580.5000
130.7806,0.2159,0.1697,0.4839,0.0000,0,0,0.0021,0.0045,0.5789,5069580.5000
130.7899,0.2106,0.1648,0.4839,0.0000,0,0,0.0022,0.0044,0.5789,5069580.5000
130.7997,0.2075,0.1692,0.4839,0.0000,0,0,0.0022,0.0044,0.5789,5069580.5000
130.8097,0.2062,0.1688,0.4839,0.0000,0,0,0.0022,0.0044,0.5789,5069580.5000
130.8196,0.2062,0.1670,0.4839,0.0000,0,0,0.0023,0.0044,0.5789,5069580.5000
130.8300,0.2102,0.1619,0.4839,0.0000,0,0,0.0023,0.0044,0.5789,5069580.5000
130.8400,0.2074,0.1644,0.4839,0.0000,0,0,0.0024,0.0044,0.5789,5069580.5000
130.8497,0.2086,0.1650,0.4839,0.0000,0,0,0.0024,0.0044,0.5789,5069580.5000
130.8596,0.2095,0.1668,0.4839,0.0000,0,0,0.0025,0.0044,0.5789,5069580.5000
130.8697,0.2136,0.1617,0.4839,0.0000,0,0,0.0026,0.0043,0.5789,5069580.5000
130.8799,0.2075,0.1595,0.4839,0.0000,0,0,0.0027,0.0043,0.5789,5069580.5000
130.8899,0.2067,0.1679,0.4839,0.0000,0,0,0.0027,0.0043,0.5789,5069580.5000
130.8997,0.2083,0.1711,0.4839,0.0000,0,0,0.0027,0.0042,0.5789,5069580.5000
130.9096,0.2034,0.1731,0.4839,0.0000,0,0,0.0027,0.0043,0.5789,5069580.5000
130.9197,0.2082,0.1698,0.4839,0.0000,0,0,0.0028,0.0042,0.5789,5069580.5000
130.9299,0.2099,0.1712,0.4839,0.0000,0,0,0.0028,0.0042,0.5789,5069580.5000
130.9399,0.2052,0.1709,0.4839,0.0000,0,0,0.0028,0.0042,0.5789,5069580.5000
130.9496,0.2017,0.1682,0.4839,0.0000,0,0,0.0028,0.0042,0.5789,5069580.5000
130.9597,0.1975,0.1670,0.4839,0.0000,0,0,0.0027,0.0043,0.5789,5069580.5000
130.9696,0.1977,0.1701,0.4839,0.0000,0,0,0.0027,0.0043,0.5789,5069580.5000
130.9804,0.2015,0.1697,0.4839,0.0000,0,0,0.0026,0.0044,0.5789,5069580.5000
130.9899,0.2096,0.1665,0.4839,0.0000,0,0,0.0027,0.0043,0.5789,5069580.5000
130.9997,0.2128,0.1672,0.4839,0.0000,0,0,0.0028,0.0042,0.5789,5069580.5000
131.0098,0.2122,0.1700,0.4839,0.0000,0,0,0.0029,0.0040,0.5789,5069580.5000
131.0197,0.2090,0.1748,0.4839,0.0000,0,0,0.0029,0.0040,0.5789,5069580.5000
131.0300,0.2028,0.1711,0.4839,0.0000,0,0,0.0029,0.0040,0.5789,5069580.5000
131.0399,0.2048,0.1679,0.4839,0.0000,0,0,0.0029,0.0040,0.5789,5069580.5000
131.0496,0.2060,0.1625,0.4839,0.0000,0,0,0.0029,0.0039,0.5789,5069580.5000
131.0596,0.2062,0.1618,0.4839,0.0000,0,0,0.0030,0.0039,0.5789,5069580.5000
131.0696,0.2128,0.1616,0.4839,0.0000,0,0,0.0030,0.0037,0.5789,5069580.5000
131.0799,0.2051,0.1655,0.4839,0.0000,0,0,0.0030,0.0037,0.5789,5069580.5000
131.0900,0.2043,0.1637,0.4839,0.0000,0,0,0.0030,0.0037,0.5789,5069580.5000
131.0997,0.2087,0.1594,0.4839,0.0000,0,0,0.0030,0.0036,0.5789,5069580.5000
131.1097,0.2092,0.1698,0.4839,0.0000,0,0,0.0031,0.0035,0.5789,5069580.5000
131.1196,0.2106,0.1734,0.4839,0.0000,0,0,0.0031,0.0034,0.5789,5069580.5000
131.1300,0.2137,0.1695,0.4839,0.0000,0,0,0.0031,0.0032,0.5789,5069580.5000
131.1400,0.2142,0.1642,0.4839,0.0000,0,0,0.0031,0.0030,0.5789,5069580.5000
131.1497,0.2163,0.1643,0.4839,0.0000,0,0,0.0031,0.0028,0.5789,5069580.5000
131.1596,0.2145,0.1655,0.4839,0.0000,0,0,0.0031,0.0026,0.5789,5069580.5000
131.1697,0.2151,0.1661,0.4839,0.0000,0,0,0.0031,0.0024,0.5789,5069580.5000
131.1806,0.2147,0.1632,0.4839,0.0000,0,0,0.0031,0.0022,0.5789,5069580.5000
131.1899,0.2105,0.1674,0.4839,0.0000,0,0,0.0031,0.0021,0.5789,5069580.5000
131.1996,0.2067,0.1679,0.4839,0.0000,0,0,0.0031,0.0021,0.5789,5069580.5000
131.2096,0.2069,0.1630,0.4839,0.0000,0,0,0.0031,0.0020,0.5789,5069580.5000
131.2197,0.2158,0.1595,0.4839,0.0000,0,0,0.0030,0.0018,0.5789,5069580.5000
131.2299,0.2121,0.1666,0.4839,0.0000,0,0,0.0030,0.0017,0.5789,5069580.5000
131.2399,0.2094,0.1717,0.4839,0.0000,0,0,0.0030,0.0016,0.5789,5069580.5000
131.2497,0.2084,0.1739,0.4839,0.0000,0,0,0.0029,0.0015,0.5789,5069580.5000
131.2596,0.2048,0.1727,0.4839,0.0000,0,0,0.0029,0.0015,0.5789,5069580.5000
131.2697,0.2042,0.1649,0.4839,0.0000,0,0,0.0029,0.0015,0.5789,5069580.5000
131.2800,0.2054,0.1647,0.4839,0.0000,0,0,0.0029,0.0015,0.5789,5069580.5000
131.2900,0.2067,0.1645,0.4839,0.0000,0,0,0.0029,0.0014,0.5789,5069580.5000
131.2996,0.2061,0.1627,0.4839,0.0000,0,0,0.0029,0.0014,0.5789,5069580.5000
131.3097,0.2055,0.1612,0.4839,0.0000,0,0,0.0029,0.0014,0.5789,5069580.5000
131.3197,0.2090,0.1672,0.4839,0.0000,0,0,0.0028,0.0013,0.5789,5069580.5000
131.3299,0.2086,0.1750,0.4839,0.0000,0,0,0.0028,0.0012,0.5789,5069580.5000
131.3400,0.2142,0.1729,0.4839,0.0000,0,0,0.0027,0.0010,0.5789,5069580.5000
131.3497,0.2137,0.1713,0.4839,0.0000,0,0,0.0026,0.0009,0.5789,5069580.5000
131.3597,0.2042,0.1633,0.4839,0.0000,0,0,0.0026,0.0009,0.5789,5069580.5000
131.3696,0.2062,0.1649,0.4839,0.0000,0,0,0.0025,0.0009,0.5789,5069580.5000
131.3805,0.2131,0.1669,0.4839,0.0000,0,0,0.0024,0.0007,0.5789,5069580.5000
131.3900,0.2150,0.1732,0.4839,0.0000,0,0,0.0023,0.0006,0.5789,5069580.5000
131.3996,0.2159,0.1657,0.4839,0.0000,0,0,0.0022,0.0004,0.5789,5069580.5000
131.4097,0.2161,0.1661,0.4839,0.0000,0,0,0.0020,0.0003,0.5789,5069580.5000
131.4196,0.2076,0.1728,0.4839,0.0000,0,0,0.0020,0.0002,0.5789,5069580.5000
131.4299,0.2065,0.1741,0.4839,0.0000,0,0,0.0019,0.0002,0.5789,5069580.5000
131.4399,0.2097,0.1716,0.4839,0.0000,0,0,0.0019,0.0002,0.5789,5069580.5000
131.4497,0.2115,0.1673,0.4839,0.0000,0,0,0.0018,0.0001,0.5789,5069580.5000
131.4597,0.2125,0.1657,0.4839,0.0000,0,0,0.0017,0.0000,0.5789,5069580.5000
131.4697,0.2079,0.1718,0.4839,0.0000,0,0,0.0016,-0.0000,0.5789,5069580.5000
131.4799,0.2059,0.1688,0.4839,0.0000,0,0,0.0016,-0.0000,0.5789,5069580.5000
131.4899,0.2044,0.1637,0.4839,0.0000,0,0,0.0016,-0.0000,0.5789,5069580.5000
131.4996,0.2046,0.1635,0.4839,0.0000,0,0,0.0016,-0.0000,0.5789,5069580.5000
131.5096,0.2020,0.1698,0.4839,0.0000,0,0,0.0017,0.0000,0.5789,5069580.5000
131.5197,0.2110,0.1703,0.4839,0.0000,0,0,0.0016,-0.0000,0.5789,5069580.5000
131.5300,0.2123,0.1691,0.4839,0.0000,0,0,0.0015,-0.0001,0.5789,5069580.5000
131.5399,0.2088,0.1658,0.4839,0.0000,0,0,0.0014,-0.0001,0.5789,5069580.5000
131.5496,0.2085,0.1610,0.4839,0.0000,0,0,0.0014,-0.0001,0.5789,5069580.5000
131.5597,0.2111,0.1689,0.4839,0.0000,0,0,0.0013,-0.0001,0.5789,5069580.5000
131.5696,0.2108,0.1708,0.4839,0.0000,0,0,0.0012,-0.0002,0.5789,5069580.5000
131.5806,0.2052,0.1725,0.4839,0.0000,0,0,0.0012,-0.0002,0.5789,5069580.5000
131.5900,0.2032,0.1721,0.4839,0.0000,0,0,0.0012,-0.0002,0.5789,5069580.5000
131.5996,0.2007,0.1724,0.4839,0.0000,0,0,0.0013,-0.0002,0.5789,5069580.5000
131.6096,0.1996,0.1679,0.4839,0.0000,0,0,0.0014,-0.0001,0.5789,5069580.5000
131.6197,0.2048,0.1640,0.4839,0.0000,0,0,0.0014,-0.0001,0.5789,5069580.5000
131.6299,0.2087,0.1718,0.4839,0.0000,0,0,0.0013,-0.0001,0.5789,5069580.5000
131.6400,0.2089,0.1754,0.4839,0.0000,0,0,0.0013,-0.0001,0.5789,5069580.5000
131.6496,0.2057,0.1733,0.4839,0.0000,0,0,0.0013,-0.0001,0.5789,5069580.5000
131.6596,0.2030,0.1660,0.4839,0.0000,0,0,0.0013,-0.0001,0.5789,5069580.5000
131.6696,0.2069,0.1654,0.4839,0.0000,0,0,0.0013,-0.0001,0.5789,5069580.5000
131.6799,0.2071,0.1682,0.4839,0.0000,0,0,0.0012,-0.0001,0.5789,5069580.5000
131.6900,0.2081,0.1651,0.4839,0.0000,0,0,0.0012,-0.0001,0.5789,5069580.5000
131.6996,0.2043,0.1635,0.4839,0.0000,0,0,0.0012,-0.0001,0.5789,5069580.5000
131.7097,0.2082,0.1651,0.4839,0.0000,0,0,0.0012,-0.0001,0.5789,5069580.5000
131.7196,0.2151,0.1707,0.4839,0.0000,0,0,0.0010,-0.0000,0.5789,5069580.5000
131.7300,0.2134,0.1743,0.4839,0.0000,0,0,0.0009,0.0000,0.5789,5069580.5000
131.7400,0.2112,0.1738,0.4839,0.0000,0,0,0.0008,0.0001,0.5789,5069580.5000
131.7496,0.1996,0.1697,0.4839,0.0000,0,0,0.0009,0.0000,0.5789,5069580.5000
131.7597,0.1980,0.1664,0.4839,0.0000,0,0,0.0010,-0.0001,0.5789,5069580.5000
131.7697,0.2019,0.1702,0.4839,0.0000,0,0,0.0011,-0.0001,0.5789,5069580.5000
131.7806,0.2078,0.1673,0.4839,0.0000,0,0,0.0010,-0.0001,0.5789,5069580.5000
131.7900,0.2049,0.1685,0.4839,0.0000,0,0,0.0010,-0.0001,0.5789,5069580.5000
131.7996,0.2087,0.1650,0.4839,0.0000,0,0,0.0010,-0.0000,0.5789,5069580.5000
131.8096,0.2152,0.1668,0.4839,0.0000,0,0,0.0009,0.0001,0.5789,5069580.5000
131.8196,0.2154,0.1689,0.4839,0.0000,0,0,0.0008,0.0002,0.5789,5069580.5000
131.8299,0.2068,0.1647,0.4839,0.0000,0,0,0.0008,0.0002,0.5789,5069580.5000
131.8399,0.2087,0.1607,0.4839,0.0000,0,0,0.0007,0.0003,0.5789,5069580.5000
131.8497,0.2065,0.1640,0.4839,0.0000,0,0,0.0007,0.0003,0.5789,5069580.5000
131.8596,0.2043,0.1700,0.4839,0.0000,0,0,0.0007,0.0003,0.5789,5069580.5000
131.8697,0.2103,0.1679,0.4839,0.0000,0,0,0.0007,0.0003,0.5789,5069580.5000
131.8799,0.2070,0.1653,0.4839,0.0000,0,0,0.0007,0.0003,0.5789,5069580.5000
131.8900,0.2083,0.1640,0.4839,0.0000,0,0,0.0007,0.0004,0.5789,5069580.5000
131.8997,0.2093,0.1694,0.4839,0.0000,0,0,0.0007,0.0004,0.5789,5069580.5000
131.9096,0.2105,0.1724,0.4839,0.0000,0,0,0.0006,0.0005,0.5789,5069580.5000
131.9197,0.2071,0.1643,0.4839,0.0000,0,0,0.0006,0.0005,0.5789,5069580.5000
131.9299,0.2062,0.1648,0.4839,0.0000,0,0,0.0006,0.0005,0.5789,5069580.5000
131.9400,0.2048,0.1681,0.4839,0.0000,0,0,0.0006,0.0005,0.5789,5069580.5000
131.9497,0.2049,0.1727,0.4839,0.0000,0,0,0.0007,0.0004,0.5789,5069580.5000
131.9597,0.2028,0.1729,0.4839,0.0000,0,0,0.0007,0.0003,0.5789,5069580.5000
131.9696,0.2029,0.1655,0.4839,0.0000,0,0,0.0007,0.0003,0.5789,5069580.5000
131.9805,0.2102,0.1626,0.4839,0.0000,0,0,0.0007,0.0003,0.5789,5069580.5000
131.9899,0.2170,0.1696,0.4839,0.0000,0,0,0.0007,0.0006,0.5789,5069580.5000
131.9996,0.2158,0.1744,0.4839,0.0000,0,0,0.0006,0.0008,0.5789,5069580.5000
132.0098,0.2096,0.1721,0.4839,0.0000,0,0,0.0007,0.0009,0.5789,5069580.5000
132.0197,0.2081,0.1657,0.4839,0.0000,0,0,0.0007,0.0009,0.5789,5069580.5000
132.0299,0.2064,0.1666,0.4839,0.0000,0,0,0.0006,0.0009,0.5789,5069580.5000
132.0400,0.2103,0.1696,0.4839,0.0000,0,0,0.0007,0.0009,0.5789,5069580.5000
132.0496,0.2083,0.1692,0.4839,0.0000,0,0,0.0007,0.0009,0.5789,5069580.5000
132.0597,0.2068,0.1638,0.4839,0.0000,0,0,0.0007,0.0009,0.5789,5069580.5000
132.0696,0.2069,0.1657,0.4839,0.0000,0,0,0.0007,0.0009,0.5789,5069580.5000
132.0800,0.2043,0.1701,0.4839,0.0000,0,0,0.0006,0.0008,0.5789,5069580.5000
132.0900,0.2135,0.1730,0.4839,0.0000,0,0,0.0007,0.0010,0.5789,5069580.5000
132.0997,0.2156,0.1647,0.4839,0.0000,0,0,0.0007,0.0012,0.5789,5069580.5000
132.1096,0.2080,0.1629,0.4839,0.0000,0,0,0.0007,0.0012,0.5789,5069580.5000
132.1196,0.2061,0.1696,0.4839,0.0000,0,0,0.0007,0.0011,0.5789,5069580.5000
132.1299,0.2126,0.1743,0.4839,0.0000,0,0,0.0007,0.0012,0.5789,5069580.5000
132.1400,0.2134,0.1713,0.4839,0.0000,0,0,0.0008,0.0014,0.5789,5069580.5000
132.1496,0.2076,0.1653,0.4839,0.0000,0,0,0.0008,0.0013,0.5789,5069580.5000
132.1597,0.2047,0.1644,0.4839,0.0000,0,0,0.0007,0.0012,0.5789,5069580.5000
132.1696,0.2106,0.1738,0.4839,0.0000,0,0,0.0008,0.0013,0.5789,5069580.5000
132.1807,0.2101,0.1778,0.4839,0.0000,0,0,0.0008,0.0013,0.5789,5069580.5000
132.1899,0.2002,0.1709,0.4839,0.0000,0,0,0.0007,0.0011,0.5789,5069580.5000
132.1996,0.1951,0.1686,0.4839,0.0000,0,0,0.0005,0.0008,0.5789,5069580.5000
132.2096,0.2054,0.1742,0.4839,0.0000,0,0,0.0005,0.0008,0.5789,5069580.5000
132.2197,0.2095,0.1760,0.4839,0.0000,0,0,0.0005,0.0008,0.5789,5069580.5000
132.2299,0.2070,0.1691,0.4839,0.0000,0,0,0.0005,0.0008,0.5789,5069580.5000
132.2397,0.2074,0.1641,0.4839,0.0000,0,0,0.0005,0.0008,0.5789,5069580.5000
132.2506,0.2053,0.1672,0.4839,0.0000,0,0,0.0004,0.0007,0.5789,5069580.5000
132.2596,0.2054,0.1761,0.4839,0.0000,0,0,0.0004,0.0007,0.5789,5069580.5000
132.2697,0.2097,0.1768,0.4839,0.0000,0,0,0.0004,0.0007,0.5789,5069580.5000
132.2800,0.2082,0.1691,0.4839,0.0000,0,0,0.0004,0.0007,0.5789,5069580.5000
132.2897,0.2055,0.1641,0.4839,0.0000,0,0,0.0004,0.0007,0.5789,5069580.5000
132.2999,0.2063,0.1684,0.4839,0.0000,0,0,0.0004,0.0006,0.5789,5069580.5000
132.3096,0.2088,0.1710,0.4839,0.0000,0,0,0.0004,0.0007,0.5789,5069580.5000
132.3196,0.2093,0.1689,0.4839,0.0000,0,0,0.0004,0.0007,0.5789,5069580.5000
132.3299,0.2076,0.1633,0.4839,0.0000,0,0,0.0004,0.0007,0.5789,5069580.5000
132.3396,0.2064,0.1639,0.4839,0.0000,0,0,0.0004,0.0007,0.5789,5069580.5000
132.3499,0.2085,0.1685,0.4839,0.0000,0,0,0.0004,0.0007,0.5789,5069580.5000
132.3596,0.2109,0.1667,0.4839,0.0000,0,0,0.0005,0.0007,0.5789,5069580.5000
132.3696,0.2062,0.1630,0.4839,0.0000,0,0,0.0004,0.0007,0.5789,5069580.5000
132.3806,0.2057,0.1702,0.4839,0.0000,0,0,0.0004,0.0007,0.5789,5069580.5000
132.3896,0.2112,0.1698,0.4839,0.0000,0,0,0.0005,0.0007,0.5789,5069580.5000
132.4000,0.2109,0.1666,0.4839,0.0000,0,0,0.0005,0.0008,0.5789,5069580.5000
132.4096,0.2047,0.1641,0.4839,0.0000,0,0,0.0004,0.0007,0.5789,5069580.5000
132.4196,0.2055,0.1624,0.4839,0.0000,0,0,0.0004,0.0007,0.5789,5069580.5000
132.4299,0.2057,0.1638,0.4839,0.0000,0,0,0.0003,0.0006,0.5789,5069580.5000
132.4397,0.2086,0.1675,0.4839,0.0000,0,0,0.0004,0.0007,0.5789,5069580.5000
132.4506,0.2038,0.1682,0.4839,0.0000,0,0,0.0003,0.0006,0.5789,5069580.5000
132.4597,0.1966,0.1664,0.4839,0.0000,0,0,0.0000,0.0004,0.5789,5069580.5000
132.4696,0.2001,0.1700,0.4839,0.0000,0,0,-0.0001,0.0003,0.5789,5069580.5000
132.4800,0.2008,0.1739,0.4839,0.0000,0,0,-0.0003,0.0002,0.5789,5069580.5000
132.4896,0.2071,0.1741,0.4839,0.0000,0,0,-0.0003,0.0002,0.5789,5069580.5000
132.5000,0.2102,0.1684,0.4839,0.0000,0,0,-0.0002,0.0003,0.5789,5069580.5000
132.5096,0.2113,0.1660,0.4839,0.0000,0,0,-0.0001,0.0003,0.5789,5069580.5000
132.5196,0.2055,0.1696,0.4839,0.0000,0,0,-0.0001,0.0003,0.5789,5069580.5000
132.5300,0.2099,0.1688,0.4839,0.0000,0,0,-0.0000,0.0004,0.5789,5069580.5000
132.5396,0.2081,0.1680,0.4839,0.0000,0,0,-0.0000,0.0004,0.5789,5069580.5000
132.5500,0.2106,0.1646,0.4839,0.0000,0,0,0.0001,0.0004,0.5789,5069580.5000
132.5597,0.2117,0.1685,0.4839,0.0000,0,0,0.0002,0.0005,0.5789,5069580.5000
132.5696,0.2144,0.1718,0.4839,0.0000,0,0,0.0003,0.0006,0.5789,5069580.5000
132.5805,0.2086,0.1709,0.4839,0.0000,0,0,0.0004,0.0006,0.5789,5069580.5000
132.5897,0.2086,0.1645,0.4839,0.0000,0,0,0.0004,0.0006,0.5789,5069580.5000
132.6000,0.2076,0.1667,0.4839,0.0000,0,0,0.0004,0.0006,0.5789,5069580.5000
132.6096,0.2056,0.1763,0.4839,0.0000,0,0,0.0003,0.0006,0.5789,5069580.5000
132.6196,0.2024,0.1754,0.4839,0.0000,0,0,0.0002,0.0005,0.5789,5069580.5000
132.6300,0.2016,0.1671,0.4839,0.0000,0,0,0.0001,0.0005,0.5789,5069580.5000
132.6397,0.2058,0.1602,0.4839,0.0000,0,0,0.0001,0.0004,0.5789,5069580.5000
132.6506,0.2087,0.1642,0.4839,0.0000,0,0,0.0001,0.0005,0.5789,5069580.5000
132.6596,0.2142,0.1628,0.4839,0.0000,0,0,0.0003,0.0005,0.5789,5069580.5000
132.6697,0.2095,0.1664,0.4839,0.0000,0,0,0.0003,0.0005,0.5789,5069580.5000
132.6799,0.2077,0.1691,0.4839,0.0000,0,0,0.0003,0.0005,0.5789,5069580.5000
132.6896,0.2057,0.1672,0.4839,0.0000,0,0,0.0003,0.0005,0.5789,5069580.5000
132.7000,0.2077,0.1739,0.4839,0.0000,0,0,0.0003,0.0005,0.5789,5069580.5000
132.7097,0.2068,0.1712,0.4839,0.0000,0,0,0.0003,0.0005,0.5789,5069580.5000
132.7197,0.2041,0.1698,0.4839,0.0000,0,0,0.0002,0.0005,0.5789,5069580.5000
132.7299,0.2080,0.1694,0.4839,0.0000,0,0,0.0002,0.0005,0.5789,5069580.5000
132.7396,0.2082,0.1716,0.4839,0.0000,0,0,0.0003,0.0005,0.5789,5069580.5000
132.7500,0.2068,0.1669,0.4839,0.0000,0,0,0.0002,0.0005,0.5789,5069580.5000
132.7596,0.2072,0.1687,0.4839,0.0000,0,0,0.0002,0.0005,0.5789,5069580.5000
132.7696,0.2079,0.1675,0.4839,0.0000,0,0,0.0003,0.0005,0.5789,5069580.5000
132.7807,0.2122,0.1647,0.4839,0.0000,0,0,0.0004,0.0005,0.5789,5069580.5000
132.7896,0.2126,0.1672,0.4839,0.0000,0,0,0.0005,0.0005,0.5789,5069580.5000
132.8000,0.2105,0.1725,0.4839,0.0000,0,0,0.0005,0.0005,0.5789,5069580.5000
132.8096,0.2002,0.1672,0.4839,0.0000,0,0,0.0004,0.0005,0.5789,5069580.5000
132.8196,0.2042,0.1688,0.4839,0.0000,0,0,0.0003,0.0005,0.5789,5069580.5000
132.8299,0.2070,0.1742,0.4839,0.0000,0,0,0.0003,0.0005,0.5789,5069580.5000
132.8397,0.2085,0.1682,0.4839,0.0000,0,0,0.0003,0.0005,0.5789,5069580.5000
132.8506,0.2131,0.1627,0.4839,0.0000,0,0,0.0004,0.0005,0.5789,5069580.5000
132.8596,0.2122,0.1653,0.4839,0.0000,0,0,0.0005,0.0005,0.5789,5069580.5000
132.8696,0.2112,0.1682,0.4839,0.0000,0,0,0.0006,0.0005,0.5789,5069580.5000
132.8799,0.2061,0.1722,0.4839,0.0000,0,0,0.0006,0.0005,0.5789,5069580.5000
132.8897,0.2082,0.1750,0.4839,0.0000,0,0,0.0006,0.0005,0.5789,5069580.5000
132.9000,0.2067,0.1695,0.4839,0.0000,0,0,0.0006,0.0005,0.5789,5069580.5000
132.9096,0.2093,0.1701,0.4839,0.0000,0,0,0.0006,0.0005,0.5789,5069580.5000
132.9197,0.2099,0.1692,0.4839,0.0000,0,0,0.0006,0.0005,0.5789,5069580.5000
132.9299,0.2085,0.1690,0.4839,0.0000,0,0,0.0007,0.0005,0.5789,5069580.5000
132.9396,0.2095,0.1670,0.4839,0.0000,0,0,0.0007,0.0005,0.5789,5069580.5000
132.9499,0.2103,0.1663,0.4839,0.0000,0,0,0.0007,0.0004,0.5789,5069580.5000
132.9596,0.2094,0.1687,0.4839,0.0000,0,0,0.0008,0.0004,0.5789,5069580.5000
132.9696,0.2129,0.1728,0.4839,0.0000,0,0,0.0008,0.0004,0.5789,5069580.5000
132.9807,0.2069,0.1683,0.4839,0.0000,0,0,0.0008,0.0004,0.5789,5069580.5000
132.9897,0.2085,0.1655,0.4839,0.0000,0,0,0.0008,0.0004,0.5789,5069580.5000
133.0000,0.2105,0.1641,0.4839,0.0000,0,0,0.0009,0.0004,0.5789,5069580.5000
133.0098,0.2098,0.1674,0.4839,0.0000,0,0,0.0009,0.0003,0.5789,5069580.5000
133.0197,0.2103,0.1693,0.4839,0.0000,0,0,0.0009,0.0003,0.5789,5069580.5000
133.0299,0.2118,0.1645,0.4839,0.0000,0,0,0.0010,0.0003,0.5789,5069580.5000
133.0396,0.2081,0.1654,0.4839,0.0000,0,0,0.0010,0.0003,0.5789,5069580.5000
133.0506,0.2087,0.1644,0.4839,0.0000,0,0,0.0010,0.0003,0.5789,5069580.5000
133.0596,0.2074,0.1614,0.4839,0.0000,0,0,0.0010,0.0003,0.5789,5069580.5000
133.0696,0.2060,0.1650,0.4839,0.0000,0,0,0.0010,0.0003,0.5789,5069580.5000
133.0800,0.2063,0.1697,0.4839,0.0000,0,0,0.0009,0.0003,0.5789,5069580.5000
133.0896,0.2130,0.1631,0.4839,0.0000,0,0,0.0010,0.0002,0.5789,5069580.5000
133.0999,0.2167,0.1698,0.4839,0.0000,0,0,0.0011,0.0001,0.5789,5069580.5000
133.1096,0.2151,0.1705,0.4839,0.0000,0,0,0.0011,-0.0000,0.5789,5069580.5000
133.1196,0.2114,0.1699,0.4839,0.0000,0,0,0.0011,-0.0000,0.5789,5069580.5000
133.1300,0.2121,0.1688,0.4839,0.0000,0,0,0.0011,-0.0001,0.5789,5069580.5000
133.1396,0.2115,0.1724,0.4839,0.0000,0,0,0.0012,-0.0002,0.5789,5069580.5000
133.1499,0.2132,0.1696,0.4839,0.0000,0,0,0.0012,-0.0002,0.5789,5069580.5000
133.1597,0.2105,0.1703,0.4839,0.0000,0,0,0.0012,-0.0003,0.5789,5069580.5000
133.1696,0.2104,0.1684,0.4839,0.0000,0,0,0.0012,-0.0003,0.5789,5069580.5000
133.1806,0.2070,0.1658,0.4839,0.0000,0,0,0.0012,-0.0003,0.5789,5069580.5000
133.1897,0.2113,0.1670,0.4839,0.0000,0,0,0.0012,-0.0003,0.5789,5069580.5000
133.2000,0.2062,0.1667,0.4839,0.0000,0,0,0.0012,-0.0003,0.5789,5069580.5000
133.2096,0.2050,0.1679,0.4839,0.0000,0,0,0.0012,-0.0002,0.5789,5069580.5000
133.2196,0.2069,0.1674,0.4839,0.0000,0,0,0.0012,-0.0002,0.5789,5069580.5000
133.2299,0.2055,0.1677,0.4839,0.0000,0,0,0.0012,-0.0002,0.5789,5069580.5000
133.2396,0.2058,0.1692,0.4839,0.0000,0,0,0.0012,-0.0001,0.5789,5069580.5000
133.2506,0.2058,0.1630,0.4839,0.0000,0,0,0.0012,-0.0001,0.5789,5069580.5000
133.2596,0.2085,0.1665,0.4839,0.0000,0,0,0.0012,-0.0001,0.5789,5069580.5000
133.2697,0.2044,0.1698,0.4839,0.0000,0,0,0.0012,-0.0001,0.5789,5069580.5000
133.2799,0.2076,0.1648,0.4839,0.0000,0,0,0.0012,-0.0001,0.5789,5069580.5000
133.2896,0.2096,0.1692,0.4839,0.0000,0,0,0.0012,-0.0001,0.5789,5069580.5000
133.3000,0.2068,0.1679,0.4839,0.0000,0,0,0.0012,-0.0001,0.5789,5069580.5000
133.3097,0.1994,0.1667,0.4839,0.0000,0,0,0.0013,0.0001,0.5789,5069580.5000
133.3197,0.2010,0.1698,0.4839,0.0000,0,0,0.0013,0.0002,0.5789,5069580.5000
133.3299,0.2080,0.1640,0.4839,0.0000,0,0,0.0013,0.0002,0.5789,5069580.5000
133.3396,0.2073,0.1576,0.4839,0.0000,0,0,0.0013,0.0002,0.5789,5069580.5000
133.3500,0.2032,0.1628,0.4839,0.0000,0,0,0.0013,0.0002,0.5789,5069580.5000
133.3596,0.1991,0.1658,0.4839,0.0000,0,0,0.0014,0.0004,0.5789,5069580.5000
133.3696,0.2058,0.1658,0.4839,0.0000,0,0,0.0014,0.0004,0.5789,5069580.5000
133.3806,0.2053,0.1651,0.4839,0.0000,0,0,0.0014,0.0004,0.5789,5069580.5000
133.3896,0.2016,0.1676,0.4839,0.0000,0,0,0.0014,0.0005,0.5789,5069580.5000
133.4000,0.2049,0.1726,0.4839,0.0000,0,0,0.0015,0.0005,0.5789,5069580.5000
133.4096,0.2053,0.1717,0.4839,0.0000,0,0,0.0015,0.0005,0.5789,5069580.5000
133.4197,0.2081,0.1643,0.4839,0.0000,0,0,0.0015,0.0005,0.5789,5069580.5000
133.4299,0.2100,0.1660,0.4839,0.0000,0,0,0.0014,0.0004,0.5789,5069580.5000
133.4397,0.2086,0.1705,0.4839,0.0000,0,0,0.0014,0.0004,0.5789,5069580.5000
133.4506,0.2073,0.1740,0.4839,0.0000,0,0,0.0014,0.0004,0.5789,5069580.5000
133.4596,0.2098,0.1672,0.4839,0.0000,0,0,0.0013,0.0003,0.5789,5069580.5000
133.4696,0.2064,0.1644,0.4839,0.0000,0,0,0.0013,0.0004,0.5789,5069580.5000
133.4799,0.2064,0.1683,0.4839,0.0000,0,0,0.0013,0.0004,0.5789,5069580.5000
133.4897,0.2104,0.1715,0.4839,0.0000,0,0,0.0013,0.0003,0.5789,5069580.5000
133.4999,0.2119,0.1701,0.4839,0.0000,0,0,0.0012,0.0002,0.5789,5069580.5000
133.5096,0.2120,0.1637,0.4839,0.0000,0,0,0.0011,0.0002,0.5789,5069580.5000
133.5196,0.2098,0.1632,0.4839,0.0000,0,0,0.0011,0.0001,0.5789,5069580.5000
133.5300,0.2046,0.1674,0.4839,0.0000,0,0,0.0011,0.0002,0.5789,5069580.5000
133.5396,0.2076,0.1730,0.4839,0.0000,0,0,0.0011,0.0002,0.5789,5069580.5000
133.5499,0.2096,0.1687,0.4839,0.0000,0,0,0.0011,0.0001,0.5789,5069580.5000
133.5596,0.2116,0.1667,0.4839,0.0000,0,0,0.0010,0.0001,0.5789,5069580.5000
133.5697,0.2080,0.1670,0.4839,0.0000,0,0,0.0010,0.0001,0.5789,5069580.5000
133.5805,0.2059,0.1683,0.4839,0.0000,0,0,0.0010,0.0001,0.5789,5069580.5000
133.5896,0.2067,0.1660,0.4839,0.0000,0,0,0.0010,0.0001,0.5789,5069580.5000
133.5999,0.2044,0.1698,0.4839,0.0000,0,0,0.0010,0.0001,0.5789,5069580.5000
133.6096,0.2013,0.1686,0.4839,0.0000,0,0,0.0011,0.0001,0.5789,5069580.5000
133.6196,0.2059,0.1682,0.4839,0.0000,0,0,0.0011,0.0001,0.5789,5069580.5000
133.6299,0.2062,0.1689,0.4839,0.0000,0,0,0.0011,0.0001,0.5789,5069580.5000
133.6396,0.2032,0.1627,0.4839,0.0000,0,0,0.0012,0.0001,0.5789,5069580.5000
133.6506,0.2062,0.1651,0.4839,0.0000,0,0,0.0012,0.0001,0.5789,5069580.5000
133.6597,0.2033,0.1697,0.4839,0.0000,0,0,0.0012,0.0001,0.5789,5069580.5000
133.6696,0.2011,0.1769,0.4839,0.0000,0,0,0.0013,0.0002,0.5789,5069580.5000
133.6800,0.2094,0.1701,0.4839,0.0000,0,0,0.0013,0.0002,0.5789,5069580.5000
133.6896,0.2120,0.1648,0.4839,0.0000,0,0,0.0012,0.0002,0.5789,5069580.5000
133.6999,0.2109,0.1689,0.4839,0.0000,0,0,0.0011,0.0002,0.5789,5069580.5000
133.7097,0.2114,0.1706,0.4839,0.0000,0,0,0.0010,0.0002,0.5789,5069580.5000
133.7196,0.2102,0.1725,0.4839,0.0000,0,0,0.0009,0.0002,0.5789,5069580.5000
133.7299,0.2049,0.1724,0.4839,0.0000,0,0,0.0010,0.0002,0.5789,5069580.5000
133.7396,0.2031,0.1673,0.4839,0.0000,0,0,0.0010,0.0001,0.5789,5069580.5000
133.7500,0.2119,0.1672,0.4839,0.0000,0,0,0.0009,0.0002,0.5789,5069580.5000
133.7597,0.2151,0.1684,0.4839,0.0000,0,0,0.0008,0.0002,0.5789,5069580.5000
133.7697,0.2141,0.1687,0.4839,0.0000,0,0,0.0007,0.0003,0.5789,5069580.5000
133.7806,0.2117,0.1702,0.4839,0.0000,0,0,0.0006,0.0003,0.5789,5069580.5000
133.7897,0.2112,0.1678,0.4839,0.0000,0,0,0.0005,0.0003,0.5789,5069580.5000
133.8000,0.2115,0.1653,0.4839,0.0000,0,0,0.0005,0.0003,0.5789,5069580.5000
133.8096,0.2140,0.1659,0.4839,0.0000,0,0,0.0004,0.0004,0.5789,5069580.5000
133.8196,0.2074,0.1672,0.4839,0.0000,0,0,0.0004,0.0004,0.5789,5069580.5000
133.8299,0.2098,0.1676,0.4839,0.0000,0,0,0.0003,0.0004,0.5789,5069580.5000
133.8397,0.2107,0.1687,0.4839,0.0000,0,0,0.0003,0.0005,0.5789,5069580.5000
133.8506,0.2108,0.1651,0.4839,0.0000,0,0,0.0003,0.0005,0.5789,5069580.5000
133.8597,0.2157,0.1607,0.4839,0.0000,0,0,0.0001,0.0006,0.5789,5069580.5000
133.8697,0.2132,0.1635,0.4839,0.0000,0,0,0.0001,0.0007,0.5789,5069580.5000
133.8800,0.2044,0.1673,0.4839,0.0000,0,0,0.0001,0.0006,0.5789,5069580.5000
133.8897,0.2009,0.1681,0.4839,0.0000,0,0,0.0002,0.0005,0.5789,5069580.5000
133.8999,0.2047,0.1634,0.4839,0.0000,0,0,0.0002,0.0005,0.5789,5069580.5000
133.9097,0.2115,0.1622,0.4839,0.0000,0,0,0.0002,0.0005,0.5789,5069580.5000
133.9196,0.2110,0.1662,0.4839,0.0000,0,0,0.0002,0.0006,0.5789,5069580.5000
133.9300,0.2058,0.1712,0.4839,0.0000,0,0,0.0002,0.0005,0.5789,5069580.5000
133.9397,0.2120,0.1699,0.4839,0.0000,0,0,0.0002,0.0006,0.5789,5069580.5000
133.9500,0.2150,0.1660,0.4839,0.0000,0,0,0.0001,0.0007,0.5789,5069580.5000
133.9597,0.2147,0.1693,0.4839,0.0000,0,0,0.0001,0.0009,0.5789,5069580.5000
133.9697,0.2087,0.1677,0.4839,0.0000,0,0,0.0000,0.0009,0.5789,5069580.5000
133.9807,0.2054,0.1668,0.4839,0.0000,0,0,0.0001,0.0008,0.5789,5069580.5000
133.9898,0.2060,0.1694,0.4839,0.0000,0,0,0.0001,0.0007,0.5789,5069580.5000
134.0000,0.2108,0.1698,0.4839,0.0000,0,0,0.0001,0.0008,0.5789,5069580.5000
134.0098,0.2136,0.1700,0.4839,0.0000,0,0,0.0001,0.0009,0.5789,5069580.5000
134.0197,0.2103,0.1691,0.4839,0.0000,0,0,0.0000,0.0009,0.5789,5069580.5000
134.0300,0.2044,0.1668,0.4839,0.0000,0,0,0.0001,0.0008,0.5789,5069580.5000
134.0397,0.2005,0.1679,0.4839,0.0000,0,0,0.0001,0.0006,0.5789,5069580.5000
134.0506,0.2092,0.1645,0.4839,0.0000,0,0,0.0001,0.0007,0.5789,5069580.5000
134.0596,0.2069,0.1614,0.4839,0.0000,0,0,0.0001,0.0006,0.5789,5069580.5000
134.0697,0.2056,0.1625,0.4839,0.0000,0,0,0.0001,0.0006,0.5789,5069580.5000
134.0800,0.2104,0.1581,0.4839,0.0000,0,0,0.0001,0.0006,0.5789,5069580.5000
134.0897,0.2120,0.1632,0.4839,0.0000,0,0,0.0001,0.0007,0.5789,5069580.5000
134.1000,0.2124,0.1675,0.4839,0.0000,0,0,0.0001,0.0008,0.5789,5069580.5000
134.1097,0.2086,0.1678,0.4839,0.0000,0,0,0.0001,0.0008,0.5789,5069580.5000
134.1197,0.2061,0.1625,0.4839,0.0000,0,0,0.0001,0.0007,0.5789,5069580.5000
134.1300,0.2015,0.1649,0.4839,0.0000,0,0,0.0001,0.0005,0.5789,5069580.5000
134.1397,0.2092,0.1663,0.4839,0.0000,0,0,0.0001,0.0006,0.5789,5069580.5000
134.1500,0.2115,0.1709,0.4839,0.0000,0,0,0.0001,0.0006,0.5789,5069580.5000
134.1597,0.2104,0.1749,0.4839,0.0000,0,0,0.0001,0.0007,0.5789,5069580.5000
134.1697,0.2068,0.1710,0.4839,0.0000,0,0,0.0001,0.0006,0.5789,5069580.5000
134.1806,0.2017,0.1691,0.4839,0.0000,0,0,0.0000,0.0005,0.5789,5069580.5000
134.1897,0.2006,0.1690,0.4839,0.0000,0,0,-0.0000,0.0003,0.5789,5069580.5000
134.2000,0.2037,0.1709,0.4839,0.0000,0,0,-0.0001,0.0001,0.5789,5069580.5000
134.2097,0.2013,0.1673,0.4839,0.0000,0,0,-0.0001,-0.0000,0.5789,5069580.5000
134.2197,0.2048,0.1658,0.4839,0.0000,0,0,-0.0002,-0.0001,0.5789,5069580.5000
134.2300,0.2130,0.1634,0.4839,0.0000,0,0,-0.0001,0.0000,0.5789,5069580.5000
134.2397,0.2183,0.1646,0.4839,0.0000,0,0,0.0000,0.0003,0.5789,5069580.5000
134.2507,0.2159,0.1616,0.4839,0.0000,0,0,0.0001,0.0005,0.5789,5069580.5000
134.2597,0.2121,0.1643,0.4839,0.0000,0,0,0.0001,0.0006,0.5789,5069580.5000
134.2697,0.2143,0.1625,0.4839,0.0000,0,0,0.0002,0.0007,0.5789,5069580.5000
134.2801,0.2096,0.1699,0.4839,0.0000,0,0,0.0002,0.0007,0.5789,5069580.5000
134.2897,0.2054,0.1684,0.4839,0.0000,0,0,0.0002,0.0006,0.5789,5069580.5000
134.3000,0.2084,0.1660,0.4839,0.0000,0,0,0.0002,0.0006,0.5789,5069580.5000
134.3097,0.2161,0.1652,0.4839,0.0000,0,0,0.0003,0.0008,0.5789,5069580.5000
134.3197,0.2193,0.1719,0.4839,0.0000,0,0,0.0005,0.0010,0.5789,5069580.5000
134.3300,0.2148,0.1742,0.4839,0.0000,0,0,0.0005,0.0011,0.5789,5069580.5000
134.3397,0.2116,0.1699,0.4839,0.0000,0,0,0.0006,0.0012,0.5789,5069580.5000
