Time_s,PLX,PLY,EstFreq_Hz,PhaseCorr,SW,RealSW,RLS_A_X,RLS_B_X
0.0000,0.2038,0.1633,0.5794,0.0000,0,0,0.0000,0.1014
0.0104,0.2038,0.1685,0.5794,0.0000,0,0,0.0000,0.1019
0.0204,0.2095,0.1724,0.5794,0.0000,0,0,0.0009,0.1048
0.0311,0.2087,0.1691,0.5794,0.0000,0,0,0.0007,0.1047
0.0407,0.2043,0.1687,0.5794,0.0000,0,0,-0.0025,0.1030
0.0503,0.2017,0.1681,0.5794,0.0000,0,0,-0.0053,0.1022
0.0604,0.2061,0.1695,0.5794,0.0000,0,0,0.0025,0.1037
0.0704,0.2084,0.1671,0.5794,0.0000,0,0,0.0078,0.1047
0.0807,0.2030,0.1685,0.5794,0.0000,0,0,0.0023,0.1037
0.0907,0.2011,0.1681,0.5794,0.0000,0,0,0.0006,0.1033
0.1004,0.2063,0.1734,0.5794,0.0000,0,0,0.0066,0.1047
0.1103,0.2050,0.1718,0.5794,0.0000,0,0,0.0078,0.1050
0.1204,0.2016,0.1681,0.5794,0.0000,0,0,0.0066,0.1046
0.1307,0.2101,0.1661,0.5794,0.0000,0,0,0.0124,0.1063
0.1407,0.2174,0.1729,0.5794,0.0000,0,0,0.0191,0.1084
0.1504,0.2148,0.1781,0.5794,0.0000,0,0,0.0209,0.1090
0.1603,0.2073,0.1701,0.5794,0.0000,0,0,0.0192,0.1084
0.1703,0.2005,0.1636,0.5794,0.0000,0,0,0.0165,0.1074
0.1809,0.2008,0.1636,0.5794,0.0000,0,0,0.0159,0.1072
0.1912,0.2042,0.1685,0.5794,0.0000,0,0,0.0173,0.1077
0.2004,0.2045,0.1718,0.5794,0.0000,0,0,0.0185,0.1082
0.2104,0.2054,0.1679,0.5794,0.0000,0,0,0.0200,0.1089
0.2205,0.2095,0.1658,0.5794,0.0000,0,0,0.0223,0.1099
0.2306,0.2097,0.1655,0.5794,0.0000,0,0,0.0242,0.1108
0.2407,0.2078,0.1680,0.5794,0.0000,0,0,0.0255,0.1114
0.2504,0.2083,0.1671,0.5794,0.0000,0,0,0.0269,0.1121
0.2603,0.2061,0.1675,0.5794,0.0000,0,0,0.0279,0.1126
0.2704,0.2060,0.1680,0.5794,0.0000,0,0,0.0290,0.1131
0.2807,0.2019,0.1686,0.5794,0.0000,0,0,0.0296,0.1134
0.2907,0.2066,0.1694,0.5794,0.0000,0,0,0.0310,0.1141
0.3005,0.2085,0.1617,0.5794,0.0000,0,0,0.0326,0.1149
0.3103,0.2040,0.1588,0.5794,0.0000,0,0,0.0337,0.1154
0.3203,0.2013,0.1681,0.5794,0.0000,0,0,0.0346,0.1159
0.3307,0.2062,0.1672,0.5794,0.0000,0,0,0.0361,0.1166
0.3407,0.2096,0.1622,0.5794,0.0000,0,0,0.0379,0.1174
0.3503,0.2081,0.1631,0.5794,0.0000,0,0,0.0395,0.1181
0.3604,0.2057,0.1703,0.5794,0.0000,0,0,0.0409,0.1187
0.3703,0.2073,0.1685,0.5794,0.0000,0,0,0.0425,0.1193
0.3809,0.2160,0.1668,0.5794,0.0000,0,0,0.0447,0.1200
0.3912,0.2120,0.1702,0.5794,0.0000,0,0,0.0466,0.1206
0.4005,0.2147,0.1693,0.5794,0.0000,0,0,0.0486,0.1211
0.4104,0.2076,0.1673,0.5794,0.0000,0,0,0.0501,0.1214
0.4204,0.2050,0.1654,0.5794,0.0000,0,0,0.0515,0.1215
0.4307,0.2079,0.1616,0.5794,0.0000,0,0,0.0531,0.1216
0.4407,0.2114,0.1654,0.5794,0.0000,0,0,0.0549,0.1215
0.4503,0.2137,0.1715,0.5794,0.0000,0,0,0.0568,0.1213
0.4603,0.2106,0.1716,0.5794,0.0000,0,0,0.0585,0.1209
0.4703,0.2121,0.1656,0.5794,0.0000,0,0,0.0603,0.1203
0.4807,0.2098,0.1664,0.5794,0.0000,0,0,0.0620,0.1195
0.4907,0.2057,0.1712,0.5794,0.0000,0,0,0.0635,0.1187
0.5005,0.2026,0.1707,0.5794,0.0000,0,0,0.0649,0.1178
0.5103,0.2056,0.1669,0.5794,0.0000,0,0,0.0664,0.1167
0.5204,0.2093,0.1659,0.5794,0.0000,0,0,0.0681,0.1152
0.5307,0.2093,0.1676,0.5794,0.0000,0,0,0.0697,0.1136
0.5407,0.2070,0.1677,0.5794,0.0000,0,0,0.0711,0.1118
0.5504,0.2082,0.1692,0.5794,0.0000,0,0,0.0726,0.1099
0.5604,0.2076,0.1641,0.5794,0.0000,0,0,0.0740,0.1078
0.5704,0.2020,0.1630,0.5794,0.0000,0,0,0.0751,0.1057
0.5808,0.2012,0.1680,0.5794,0.0000,0,0,0.0762,0.1036
0.5911,0.2044,0.1673,0.5794,0.0000,0,0,0.0773,0.1011
0.6004,0.2060,0.1686,0.5794,0.0000,0,0,0.0784,0.0984
0.6103,0.2073,0.1699,0.5794,0.0000,0,0,0.0794,0.0954
0.6203,0.2101,0.1747,0.5794,0.0000,0,0,0.0803,0.0922
0.6307,0.2123,0.1715,0.5794,0.0000,0,0,0.0812,0.0888
0.6407,0.2073,0.1662,0.5794,0.0000,0,0,0.0819,0.0855
0.6503,0.2097,0.1634,0.5794,0.0000,0,0,0.0825,0.0820
0.6605,0.2092,0.1661,0.5794,0.0000,0,0,0.0830,0.0785
0.6704,0.2148,0.1734,0.5794,0.0000,0,0,0.0834,0.0745
0.6807,0.2177,0.1730,0.5794,0.0000,0,0,0.0836,0.0703
0.6908,0.2127,0.1686,0.5794,0.0000,0,0,0.0838,0.0664
0.7005,0.2086,0.1651,0.5794,0.0000,0,0,0.0838,0.0628
0.7104,0.2111,0.1668,0.5794,0.0000,0,0,0.0837,0.0589
0.7205,0.2120,0.1679,0.5794,0.0000,0,0,0.0835,0.0550
0.7307,0.2054,0.1704,0.5794,0.0000,0,0,0.0833,0.0515
0.7407,0.2058,0.1638,0.5794,0.0000,0,0,0.0829,0.0480
0.7503,0.2097,0.1691,0.5794,0.0000,0,0,0.0825,0.0443
0.7604,0.2083,0.1738,0.5794,0.0000,0,0,0.0819,0.0406
0.7703,0.2038,0.1669,0.5794,0.0000,0,0,0.0814,0.0373
0.7808,0.2050,0.1557,0.5794,0.0000,0,0,0.0807,0.0339
0.7912,0.2079,0.1613,0.5794,0.0000,0,0,0.0799,0.0304
0.8004,0.2051,0.1699,0.5794,0.0000,0,0,0.0791,0.0271
0.8103,0.2007,0.1740,0.5794,0.0000,0,0,0.0783,0.0242
0.8203,0.2028,0.1657,0.5794,0.0000,0,0,0.0775,0.0211
0.8307,0.2035,0.1568,0.5794,0.0000,0,0,0.0765,0.0181
0.8407,0.2075,0.1641,0.5794,0.0000,0,0,0.0755,0.0150
0.8504,0.2110,0.1647,0.5794,0.0000,0,0,0.0743,0.0117
0.8604,0.2139,0.1615,0.5794,0.0000,0,0,0.0730,0.0084
0.8704,0.2071,0.1551,0.5794,0.0000,0,0,0.0718,0.0056
0.8807,0.2036,0.1631,0.5794,0.0000,0,0,0.0707,0.0030
0.8907,0.2074,0.1686,0.5794,0.0000,0,0,0.0695,0.0003
0.9005,0.2085,0.1738,0.5794,0.0000,0,0,0.0682,-0.0023
0.9104,0.2125,0.1645,0.5794,0.0000,0,0,0.0667,-0.0050
0.9203,0.2130,0.1626,0.5794,0.0000,0,0,0.0653,-0.0076
0.9307,0.2101,0.1645,0.5794,0.0000,0,0,0.0638,-0.0100
0.9408,0.2061,0.1722,0.5794,0.0000,0,0,0.0625,-0.0121
0.9503,0.2087,0.1701,0.5794,0.0000,0,0,0.0611,-0.0142
0.9603,0.2112,0.1631,0.5794,0.0000,0,0,0.0596,-0.0163
0.9704,0.2125,0.1683,0.5794,0.0000,0,0,0.0580,-0.0183
0.9808,0.2092,0.1698,0.5794,0.0000,0,0,0.0565,-0.0201
0.9912,0.2059,0.1691,0.5794,6132915.5000,0,0,0.0551,-0.0217
1.0004,0.2111,0.1682,0.5794,6132915.5000,0,0,0.0510,-0.0191
1.0104,0.2118,0.1709,0.5794,6132915.5000,0,0,0.0475,-0.0169
1.0204,0.2088,0.1728,0.5794,6132915.5000,0,0,0.0444,-0.0150
1.0308,0.2100,0.1671,0.5794,6132915.5000,0,0,0.0416,-0.0132
1.0408,0.2094,0.1612,0.5794,6132915.5000,0,0,0.0400,-0.0089
1.0504,0.2025,0.1587,0.5794,6132915.5000,0,0,0.0387,-0.0055
1.0603,0.2033,0.1630,0.5794,6132915.5000,0,0,0.0376,-0.0026
1.0703,0.2073,0.1679,0.5794,6132915.5000,0,0,0.0366,0.0001
1.0807,0.2128,0.1711,0.5794,6132915.5000,0,0,0.0356,0.0027
1.0907,0.2118,0.1682,0.5794,6132915.5000,0,0,0.0348,0.0050
1.1005,0.2081,0.1677,0.5794,6132915.5000,0,0,0.0341,0.0068
1.1104,0.2076,0.1689,0.5794,6132915.5000,0,0,0.0334,0.0085
1.1204,0.2042,0.1725,0.5794,6132915.5000,0,0,0.0329,0.0098
1.1307,0.2058,0.1684,0.5794,6132915.5000,0,0,0.0324,0.0111
1.1407,0.2028,0.1689,0.5794,6132915.5000,0,0,0.0320,0.0122
1.1504,0.2066,0.1661,0.5794,6132915.5000,0,0,0.0316,0.0133
1.1604,0.2051,0.1693,0.5794,6132915.5000,0,0,0.0312,0.0143
1.1703,0.2026,0.1687,0.5794,6132915.5000,0,0,0.0314,0.0151
1.1808,0.2069,0.1660,0.5794,6132915.5000,0,0,0.0316,0.0160
1.1912,0.2049,0.1726,0.5794,6132915.5000,0,0,0.0317,0.0167
1.2005,0.2049,0.1753,0.5794,6132915.5000,0,0,0.0318,0.0174
1.2104,0.2007,0.1711,0.5794,6132915.5000,0,0,0.0319,0.0177
1.2204,0.2050,0.1698,0.5794,6132915.5000,0,0,0.0320,0.0182
1.2307,0.2082,0.1683,0.5794,6132915.5000,0,0,0.0321,0.0188
1.2407,0.2086,0.1690,0.5794,6132915.5000,0,0,0.0322,0.0194
1.2503,0.2075,0.1724,0.5794,6132915.5000,0,0,0.0323,0.0198
1.2604,0.2057,0.1733,0.5794,6132915.5000,0,0,0.0324,0.0202
1.2704,0.2027,0.1657,0.5794,6132915.5000,0,0,0.0324,0.0204
1.2807,0.2059,0.1658,0.5794,6132915.5000,0,0,0.0325,0.0207
1.2907,0.2033,0.1672,0.5794,6132915.5000,0,0,0.0325,0.0209
1.3005,0.2054,0.1689,0.5794,6132915.5000,0,0,0.0326,0.0212
1.3104,0.2071,0.1697,0.5794,6132915.5000,0,0,0.0323,0.0207
1.3204,0.2109,0.1685,0.5794,6132915.5000,0,0,0.0322,0.0205
1.3307,0.2121,0.1662,0.5794,6132915.5000,0,0,0.0321,0.0203
1.3407,0.2118,0.1665,0.5794,6132915.5000,0,0,0.0320,0.0202
1.3504,0.2028,0.1639,0.5794,6132915.5000,0,0,0.0317,0.0197
1.3604,0.2004,0.1670,0.5794,6132915.5000,0,0,0.0313,0.0192
1.3704,0.2020,0.1665,0.5794,6132915.5000,0,0,0.0311,0.0188
1.3808,0.2063,0.1708,0.5794,6132915.5000,0,0,0.0309,0.0186
1.3913,0.2102,0.1668,0.5794,6132915.5000,0,0,0.0309,0.0185
1.4004,0.2061,0.1689,0.5794,6132915.5000,0,0,0.0308,0.0183
1.4104,0.2091,0.1713,0.5794,6132915.5000,0,0,0.0307,0.0182
1.4203,0.2130,0.1759,0.5794,6132915.5000,0,0,0.0307,0.0182
1.4307,0.2108,0.1696,0.5794,6132915.5000,0,0,0.0307,0.0182
1.4407,0.2098,0.1682,0.5794,6132915.5000,0,0,0.0306,0.0181
1.4503,0.2106,0.1684,0.5794,6132915.5000,0,0,0.0301,0.0176
1.4604,0.2102,0.1708,0.5794,6132915.5000,0,0,0.0295,0.0171
1.4703,0.2100,0.1722,0.5794,6132915.5000,0,0,0.0291,0.0167
1.4808,0.2039,0.1693,0.5794,6132915.5000,0,0,0.0284,0.0162
1.4907,0.2023,0.1676,0.5794,6132915.5000,0,0,0.0278,0.0156
1.5005,0.2013,0.1691,0.5794,6132915.5000,0,0,0.0273,0.0151
1.5104,0.2078,0.1645,0.5794,6132915.5000,0,0,0.0269,0.0148
1.5204,0.2147,0.1618,0.5794,6132915.5000,0,0,0.0268,0.0146
1.5307,0.2067,0.1612,0.5794,6132915.5000,0,0,0.0265,0.0143
1.5406,0.2088,0.1617,0.5794,6132915.5000,0,0,0.0262,0.0141
1.5504,0.2085,0.1666,0.5794,6132915.5000,0,0,0.0260,0.0138
1.5604,0.2074,0.1636,0.5794,6132915.5000,0,0,0.0257,0.0136
1.5705,0.2083,0.1659,0.5794,6132915.5000,0,0,0.0255,0.0134
1.5808,0.2060,0.1729,0.5794,6132915.5000,0,0,0.0249,0.0131
1.5911,0.2058,0.1726,0.5794,6132915.5000,0,0,0.0244,0.0128
1.6004,0.2106,0.1696,0.5794,6132915.5000,0,0,0.0240,0.0126
1.6104,0.2123,0.1704,0.5794,6132915.5000,0,0,0.0238,0.0124
1.6204,0.2099,0.1732,0.5794,6132915.5000,0,0,0.0234,0.0122
1.6307,0.2061,0.1697,0.5794,6132915.5000,0,0,0.0230,0.0120
1.6407,0.2034,0.1719,0.5794,6132915.5000,0,0,0.0226,0.0118
1.6503,0.2047,0.1735,0.5794,6132915.5000,0,0,0.0222,0.0115
1.6606,0.2104,0.1685,0.5794,6132915.5000,0,0,0.0220,0.0114
1.6703,0.2118,0.1714,0.5794,6132915.5000,0,0,0.0218,0.0113
1.6807,0.2061,0.1719,0.5794,6132915.5000,0,0,0.0215,0.0112
1.6907,0.2055,0.1720,0.5794,6132915.5000,0,0,0.0212,0.0110
1.7005,0.2065,0.1642,0.5794,6132915.5000,0,0,0.0210,0.0108
1.7103,0.2053,0.1665,0.5794,6132915.5000,0,0,0.0207,0.0107
1.7203,0.2022,0.1731,0.5794,6132915.5000,0,0,0.0203,0.0106
1.7307,0.2038,0.1703,0.5794,6132915.5000,0,0,0.0200,0.0105
1.7407,0.2073,0.1632,0.5794,6132915.5000,0,0,0.0197,0.0105
1.7504,0.2078,0.1630,0.5794,6132915.5000,0,0,0.0196,0.0105
1.7603,0.2094,0.1630,0.5794,6132915.5000,0,0,0.0194,0.0104
1.7703,0.2094,0.1634,0.5794,6132915.5000,0,0,0.0193,0.0104
1.7808,0.2093,0.1652,0.5794,6132915.5000,0,0,0.0192,0.0104
1.7912,0.2116,0.1683,0.5794,6132915.5000,0,0,0.0192,0.0104
1.8004,0.2100,0.1745,0.5794,6132915.5000,0,0,0.0191,0.0103
1.8104,0.2067,0.1741,0.5794,6132915.5000,0,0,0.0189,0.0103
1.8203,0.2031,0.1727,0.5794,6132915.5000,0,0,0.0187,0.0102
1.8307,0.2022,0.1677,0.5794,6132915.5000,0,0,0.0184,0.0102
1.8407,0.2080,0.1663,0.5794,6132915.5000,0,0,0.0183,0.0101
1.8504,0.2095,0.1677,0.5794,6132915.5000,0,0,0.0182,0.0101
1.8604,0.2122,0.1700,0.5794,6132915.5000,0,0,0.0184,0.0101
1.8704,0.2075,0.1637,0.5794,6132915.5000,0,0,0.0184,0.0101
1.8807,0.2057,0.1675,0.5794,6132915.5000,0,0,0.0184,0.0101
1.8907,0.2052,0.1691,0.5794,6132915.5000,0,0,0.0183,0.0101
1.9004,0.2042,0.1724,0.5794,6132915.5000,0,0,0.0183,0.0101
1.9104,0.2079,0.1757,0.5794,6132915.5000,0,0,0.0183,0.0101
1.9203,0.2140,0.1681,0.5794,6132915.5000,0,0,0.0185,0.0101
1.9308,0.2069,0.1622,0.5794,6132915.5000,0,0,0.0185,0.0101
1.9407,0.2044,0.1702,0.5794,6132915.5000,0,0,0.0184,0.0101
1.9503,0.2011,0.1743,0.5794,6132915.5000,0,0,0.0183,0.0101
1.9603,0.2017,0.1742,0.5794,6132915.5000,0,0,0.0182,0.0101
1.9703,0.2059,0.1699,0.5794,6132915.5000,0,0,0.0182,0.0101
1.9809,0.2106,0.1702,0.5794,6132915.5000,0,0,0.0183,0.0101
1.9911,0.2120,0.1695,0.5794,6132915.5000,0,0,0.0184,0.0101
2.0004,0.2086,0.1694,0.5794,6132915.5000,0,0,0.0186,0.0099
2.0103,0.2009,0.1692,0.5794,6132915.5000,0,0,0.0186,0.0099
2.0204,0.2040,0.1663,0.5794,6132915.5000,0,0,0.0187,0.0098
2.0307,0.2057,0.1702,0.5794,6132915.5000,0,0,0.0188,0.0097
2.0407,0.2066,0.1717,0.5794,6132915.5000,0,0,0.0189,0.0096
2.0504,0.2061,0.1655,0.5794,6132915.5000,0,0,0.0190,0.0095
2.0604,0.2084,0.1637,0.5794,6132915.5000,0,0,0.0191,0.0093
2.0704,0.2057,0.1690,0.5794,6132915.5000,0,0,0.0192,0.0093
2.0807,0.2007,0.1726,0.5794,6132915.5000,0,0,0.0192,0.0092
2.0907,0.2008,0.1733,0.5794,6132915.5000,0,0,0.0192,0.0092
2.1005,0.2018,0.1712,0.5794,6132915.5000,0,0,0.0193,0.0092
2.1104,0.2059,0.1714,0.5794,6132915.5000,0,0,0.0193,0.0091
2.1204,0.2107,0.1749,0.5794,6132915.5000,0,0,0.0195,0.0090
2.1308,0.2086,0.1752,0.5794,6132915.5000,0,0,0.0195,0.0086
2.1407,0.2141,0.1749,0.5794,6132915.5000,0,0,0.0195,0.0081
2.1504,0.1885,0.1252,0.5794,6132915.5000,0,0,0.0195,0.0081
2.1604,0.2150,0.2359,0.5794,6132915.5000,0,0,0.0196,0.0076
2.1703,0.2237,0.2416,0.5794,6132915.5000,0,0,0.0196,0.0070
2.1809,0.2009,0.0187,0.5794,6132915.5000,0,0,0.0196,0.0068
2.1913,0.2012,0.2249,0.5794,6132915.5000,0,0,0.0197,0.0066
2.2005,0.1918,0.1491,0.5794,6132915.5000,0,0,0.0197,0.0067
2.2104,0.1949,0.0274,0.5794,6132915.5000,0,0,0.0197,0.0066
2.2203,0.2186,0.5756,0.5794,6132915.5000,0,0,0.0197,0.0061
2.2307,0.2027,-0.2532,0.5794,6132915.5000,0,0,0.0197,0.0060
2.2407,0.2502,0.4471,0.5794,6132915.5000,0,0,0.0198,0.0050
2.2503,0.2050,0.0475,0.5794,6132915.5000,0,0,0.0198,0.0048
2.2603,0.2318,0.1078,0.5794,6132915.5000,0,0,0.0199,0.0042
2.2703,0.1748,0.3450,0.5794,6132915.5000,0,0,0.0200,0.0044
2.2807,0.2008,-0.0025,0.5794,6132915.5000,0,0,0.0198,0.0041
2.2907,0.1774,0.2161,0.5794,6132915.5000,0,0,0.0199,0.0043
2.3004,0.2065,0.1668,0.5794,6132915.5000,0,0,0.0197,0.0039
2.3105,0.1938,0.1632,0.5794,6132915.5000,0,0,0.0196,0.0037
2.3204,0.2257,0.1567,0.5794,6132915.5000,0,0,0.0192,0.0030
2.3307,0.2470,0.2170,0.5794,6132915.5000,0,0,0.0187,0.0019
2.3407,0.2211,0.0743,0.5794,6132915.5000,0,0,0.0183,0.0013
2.3504,0.2292,0.3091,0.5794,6132915.5000,0,0,0.0180,0.0006
2.3604,0.1640,0.1273,0.5794,6132915.5000,0,0,0.0182,0.0011
2.3704,0.1745,0.1236,0.5794,6132915.5000,0,0,0.0184,0.0013
2.3809,0.1621,0.2450,0.5794,6132915.5000,0,0,0.0186,0.0018
2.3912,0.2044,0.0974,0.5794,6132915.5000,0,0,0.0185,0.0016
2.4005,0.2258,0.2486,0.5794,6132915.5000,0,0,0.0182,0.0010
2.4103,0.2566,0.1447,0.5794,6132915.5000,0,0,0.0167,-0.0000
2.4203,0.2318,0.1045,0.5794,6132915.5000,0,0,0.0158,-0.0006
2.4307,0.2205,0.2108,0.5794,6132915.5000,0,0,0.0152,-0.0010
2.4407,0.1908,0.1521,0.5794,6132915.5000,0,0,0.0151,-0.0011
2.4504,0.1742,0.1766,0.5794,6132915.5000,0,0,0.0154,-0.0009
2.4603,0.1811,0.1990,0.5794,6132915.5000,0,0,0.0155,-0.0009
2.4705,0.1901,0.1102,0.5794,6132915.5000,0,0,0.0154,-0.0009
2.4808,0.2162,0.2001,0.5794,6132915.5000,0,0,0.0149,-0.0012
2.4908,0.2259,0.1902,0.5794,6132915.5000,0,0,0.0142,-0.0017
2.5005,0.2342,0.1196,0.5794,6132915.5000,0,0,0.0135,-0.0022
2.5104,0.2176,0.2120,0.5794,6132915.5000,0,0,0.0130,-0.0025
2.5204,0.2008,0.1222,0.5794,6132915.5000,0,0,0.0129,-0.0026
2.5308,0.1753,0.2059,0.5794,6132915.5000,0,0,0.0131,-0.0024
2.5407,0.1773,0.1926,0.5794,6132915.5000,0,0,0.0133,-0.0023
2.5504,0.1867,0.1234,0.5794,6132915.5000,0,0,0.0133,-0.0023
2.5603,0.2182,0.1952,0.5794,6132915.5000,0,0,0.0126,-0.0023
2.5703,0.2239,0.1595,0.5794,6132915.5000,0,0,0.0118,-0.0023
2.5808,0.2313,0.1712,0.5794,6132915.5000,0,0,0.0109,-0.0023
2.5911,0.2324,0.1981,0.5794,6132915.5000,0,0,0.0100,-0.0023
2.6004,0.2058,0.1419,0.5794,6132915.5000,0,0,0.0096,-0.0023
2.6104,0.1888,0.1671,0.5794,6132915.5000,0,0,0.0097,-0.0023
2.6203,0.1871,0.1895,0.5794,6132915.5000,0,0,0.0097,-0.0023
2.6307,0.1941,0.1353,0.5794,6132915.5000,0,0,0.0096,-0.0023
2.6407,0.2164,0.2029,0.5794,6132915.5000,0,0,0.0091,-0.0023
2.6505,0.2322,0.1616,0.5794,6132915.5000,0,0,0.0084,-0.0023
2.6606,0.2308,0.1654,0.5794,6132915.5000,0,0,0.0077,-0.0023
2.6704,0.2211,0.1871,0.5794,6132915.5000,0,0,0.0072,-0.0023
2.6807,0.2015,0.1345,0.5794,6132915.5000,0,0,0.0070,-0.0022
2.6907,0.1906,0.1822,0.5794,6132915.5000,0,0,0.0070,-0.0022
2.7005,0.1845,0.1797,0.5794,6132915.5000,0,0,0.0071,-0.0023
2.7103,0.1901,0.1695,0.5794,6132915.5000,0,0,0.0072,-0.0023
2.7204,0.2140,0.1784,0.5794,6132915.5000,0,0,0.0068,-0.0020
2.7308,0.2310,0.1429,0.5794,6132915.5000,0,0,0.0062,-0.0015
2.7407,0.2399,0.1713,0.5794,6132915.5000,0,0,0.0055,-0.0009
2.7503,0.2201,0.1896,0.5794,6132915.5000,0,0,0.0051,-0.0006
2.7604,0.1982,0.1597,0.5794,6132915.5000,0,0,0.0051,-0.0005
2.7703,0.1790,0.1717,0.5794,6132915.5000,0,0,0.0053,-0.0007
2.7808,0.1780,0.1443,0.5794,6132915.5000,0,0,0.0056,-0.0010
2.7912,0.1902,0.1586,0.5794,6132915.5000,0,0,0.0056,-0.0010
2.8004,0.2148,0.1984,0.5794,6132915.5000,0,0,0.0054,-0.0008
2.8104,0.2247,0.1627,0.5794,6132915.5000,0,0,0.0049,-0.0004
2.8205,0.2232,0.1775,0.5794,6132915.5000,0,0,0.0048,0.0003
2.8308,0.2244,0.1571,0.5794,6132915.5000,0,0,0.0046,0.0010
2.8407,0.2094,0.1478,0.5794,6132915.5000,0,0,0.0046,0.0013
2.8503,0.2001,0.1901,0.5794,6132915.5000,0,0,0.0046,0.0013
2.8604,0.1794,0.1664,0.5794,6132915.5000,0,0,0.0047,0.0008
2.8703,0.1853,0.1738,0.5794,6132915.5000,0,0,0.0048,0.0005
2.8807,0.2037,0.1765,0.5794,6132915.5000,0,0,0.0047,0.0006
2.8907,0.2210,0.1523,0.5794,6132915.5000,0,0,0.0046,0.0012
2.9005,0.2325,0.1735,0.5794,6132915.5000,0,0,0.0045,0.0019
2.9104,0.2352,0.1692,0.5794,6132915.5000,0,0,0.0043,0.0027
2.9204,0.2020,0.1586,0.5794,6132915.5000,0,0,0.0043,0.0027
2.9307,0.1874,0.1881,0.5794,6132915.5000,0,0,0.0043,0.0024
2.9407,0.1807,0.1510,0.5794,6132915.5000,0,0,0.0044,0.0020
2.9503,0.1970,0.1602,0.5794,6132915.5000,0,0,0.0044,0.0020
2.9604,0.2133,0.1721,0.5794,6132915.5000,0,0,0.0045,0.0023
2.9704,0.2277,0.1657,0.5794,6132915.5000,0,0,0.0048,0.0031
2.9809,0.2229,0.1846,0.5794,6132915.5000,0,0,0.0049,0.0036
2.9912,0.2126,0.1675,0.5794,6132915.5000,0,0,0.0050,0.0039
3.0005,0.2073,0.1474,0.5794,6132915.5000,0,0,0.0050,0.0039
3.0104,0.2010,0.1769,0.5794,6132915.5000,0,0,0.0050,0.0038
3.0204,0.2022,0.1769,0.5794,6132915.5000,0,0,0.0050,0.0037
3.0308,0.2014,0.1789,0.5794,6132915.5000,0,0,0.0049,0.0036
3.0408,0.2016,0.1797,0.5794,6132915.5000,0,0,0.0049,0.0036
3.0504,0.2183,0.1593,0.5794,6132915.5000,0,0,0.0050,0.0039
3.0604,0.2336,0.1616,0.5794,6132915.5000,0,0,0.0052,0.0046
3.0703,0.2381,0.1696,0.5794,6132915.5000,0,0,0.0054,0.0053
3.0807,0.2094,0.1758,0.5794,6132915.5000,0,0,0.0054,0.0054
3.0907,0.1862,0.1766,0.5794,6132915.5000,0,0,0.0053,0.0049
3.1005,0.1918,0.1685,0.5794,6132915.5000,0,0,0.0049,0.0044
3.1103,0.1951,0.1592,0.5794,6132915.5000,0,0,0.0046,0.0041
3.1204,0.2142,0.1649,0.5794,6132915.5000,0,0,0.0048,0.0042
3.1307,0.2216,0.1718,0.5794,6132915.5000,0,0,0.0050,0.0046
3.1407,0.2191,0.1775,0.5794,6132915.5000,0,0,0.0052,0.0048
3.1504,0.2117,0.1680,0.5794,6132915.5000,0,0,0.0052,0.0048
3.1603,0.2030,0.1645,0.5794,6132915.5000,0,0,0.0051,0.0047
3.1703,0.1999,0.1521,0.5794,6132915.5000,0,0,0.0050,0.0045
3.1808,0.2067,0.1771,0.5794,6132915.5000,0,0,0.0049,0.0045
3.1913,0.2002,0.1752,0.5794,6132915.5000,0,0,0.0048,0.0043
3.2004,0.1974,0.1741,0.5794,6132915.5000,0,0,0.0046,0.0041
3.2103,0.2082,0.1695,0.5794,6132915.5000,0,0,0.0046,0.0041
3.2204,0.2192,0.1659,0.5794,6132915.5000,0,0,0.0048,0.0043
3.2307,0.2279,0.1666,0.5794,6132915.5000,0,0,0.0053,0.0046
3.2408,0.2164,0.1796,0.5794,6132915.5000,0,0,0.0055,0.0047
3.2503,0.2077,0.1693,0.5794,6132915.5000,0,0,0.0054,0.0046
3.2603,0.1892,0.1710,0.5794,6132915.5000,0,0,0.0048,0.0043
3.2704,0.2009,0.1625,0.5794,6132915.5000,0,0,0.0046,0.0041
3.2807,0.2128,0.1466,0.5794,6132915.5000,0,0,0.0047,0.0042
3.2907,0.2358,0.1731,0.5794,6132915.5000,0,0,0.0053,0.0046
3.3005,0.2240,0.1818,0.5794,6132915.5000,0,0,0.0056,0.0048
3.3104,0.2086,0.1764,0.5794,6132915.5000,0,0,0.0055,0.0048
3.3205,0.1945,0.1665,0.5794,6132915.5000,0,0,0.0052,0.0045
3.3307,0.1945,0.1557,0.5794,6132915.5000,0,0,0.0048,0.0043
3.3407,0.2071,0.1610,0.5794,6132915.5000,0,0,0.0047,0.0042
3.3504,0.2129,0.1826,0.5794,6132915.5000,0,0,0.0048,0.0043
3.3603,0.2183,0.1668,0.5794,6132915.5000,0,0,0.0050,0.0044
3.3704,0.2120,0.1673,0.5794,6132915.5000,0,0,0.0050,0.0044
3.3808,0.2024,0.1646,0.5794,6132915.5000,0,0,0.0048,0.0043
3.3912,0.2140,0.1586,0.5794,6132915.5000,0,0,0.0049,0.0044
3.4005,0.2253,0.1724,0.5794,6132915.5000,0,0,0.0053,0.0045
3.4104,0.2119,0.1749,0.5794,6132915.5000,0,0,0.0053,0.0045
3.4204,0.1984,0.1670,0.5794,6132915.5000,0,0,0.0050,0.0044
3.4307,0.1883,0.1754,0.5794,6132915.5000,0,0,0.0045,0.0042
3.4408,0.1984,0.1563,0.5794,6132915.5000,0,0,0.0042,0.0041
3.4503,0.2205,0.1575,0.5794,6132915.5000,0,0,0.0045,0.0042
3.4603,0.2224,0.1704,0.5794,6132915.5000,0,0,0.0048,0.0043
3.4703,0.2091,0.1705,0.5794,6132915.5000,0,0,0.0048,0.0043
3.4807,0.1899,0.1771,0.5794,6132915.5000,0,0,0.0043,0.0041
3.4907,0.1877,0.1614,0.5794,6132915.5000,0,0,0.0039,0.0039
3.5005,0.1995,0.1522,0.5794,6132915.5000,0,0,0.0037,0.0038
3.5104,0.2120,0.1665,0.5794,6132915.5000,0,0,0.0038,0.0038
3.5204,0.2147,0.1811,0.5794,6132915.5000,0,0,0.0040,0.0038
3.5307,0.2091,0.1677,0.5794,6132915.5000,0,0,0.0040,0.0038
3.5408,0.2003,0.1659,0.5794,6132915.5000,0,0,0.0039,0.0038
3.5504,0.2082,0.1507,0.5794,6132915.5000,0,0,0.0039,0.0038
3.5604,0.2226,0.1578,0.5794,6132915.5000,0,0,0.0042,0.0038
3.5703,0.2114,0.1768,0.5794,6132915.5000,0,0,0.0043,0.0038
3.5808,0.1893,0.1735,0.5794,6132915.5000,0,0,0.0039,0.0038
3.5912,0.1936,0.1751,0.5794,6132915.5000,0,0,0.0036,0.0038
3.6005,0.2001,0.1484,0.5794,6132915.5000,0,0,0.0035,0.0038
3.6104,0.2280,0.1570,0.5794,6132915.5000,0,0,0.0039,0.0038
3.6204,0.2260,0.1811,0.5794,6132915.5000,0,0,0.0043,0.0038
3.6307,0.2058,0.1815,0.5794,6132915.5000,0,0,0.0043,0.0038
3.6408,0.2022,0.1802,0.5794,6132915.5000,0,0,0.0042,0.0039
3.6503,0.2030,0.1341,0.5794,6132915.5000,0,0,0.0042,0.0039
3.6605,0.2063,0.1552,0.5794,6132915.5000,0,0,0.0042,0.0039
3.6703,0.2082,0.1851,0.5794,6132915.5000,0,0,0.0043,0.0038
3.6808,0.2138,0.2006,0.5794,6132915.5000,0,0,0.0044,0.0038
3.6907,0.2203,0.1473,0.5794,6132915.5000,0,0,0.0046,0.0037
3.7004,0.2133,0.1298,0.5794,6132915.5000,0,0,0.0047,0.0036
3.7103,0.2065,0.1677,0.5794,6132915.5000,0,0,0.0047,0.0036
3.7203,0.2085,0.2019,0.5794,6132915.5000,0,0,0.0048,0.0036
3.7308,0.2143,0.1806,0.5794,6132915.5000,0,0,0.0049,0.0035
3.7408,0.2074,0.1358,0.5794,6132915.5000,0,0,0.0049,0.0035
3.7504,0.1934,0.1581,0.5794,6132915.5000,0,0,0.0047,0.0036
3.7604,0.1973,0.2077,0.5794,6132915.5000,0,0,0.0046,0.0037
3.7704,0.2246,0.1975,0.5794,6132915.5000,0,0,0.0049,0.0035
3.7808,0.2440,0.1398,0.5794,6132915.5000,0,0,0.0052,0.0029
3.7911,0.2173,0.1326,0.5794,6132915.5000,0,0,0.0053,0.0027
3.8005,0.1907,0.1965,0.5794,6132915.5000,0,0,0.0052,0.0029
3.8103,0.1953,0.2271,0.5794,6132915.5000,0,0,0.0051,0.0031
3.8204,0.2092,0.1491,0.5794,6132915.5000,0,0,0.0052,0.0030
3.8307,0.2001,0.1324,0.5794,6132915.5000,0,0,0.0051,0.0030
3.8407,0.2069,0.1568,0.5794,6132915.5000,0,0,0.0051,0.0030
3.8504,0.2211,0.2167,0.5794,6132915.5000,0,0,0.0053,0.0028
3.8605,0.2175,0.1784,0.5794,6132915.5000,0,0,0.0054,0.0026
3.8703,0.2146,0.1380,0.5794,6132915.5000,0,0,0.0054,0.0024
3.8807,0.2006,0.1433,0.5794,6132915.5000,0,0,0.0054,0.0025
3.8907,0.2000,0.1896,0.5794,6132915.5000,0,0,0.0054,0.0026
3.9004,0.2054,0.1929,0.5794,6132915.5000,0,0,0.0054,0.0026
3.9104,0.1962,0.1575,0.5794,6132915.5000,0,0,0.0053,0.0027
3.9204,0.2070,0.1606,0.5794,6132915.5000,0,0,0.0053,0.0026
3.9308,0.2217,0.1837,0.5794,6132915.5000,0,0,0.0052,0.0022
3.9407,0.2192,0.1752,0.5794,6132915.5000,0,0,0.0052,0.0019
3.9504,0.2144,0.1590,0.5794,6132915.5000,0,0,0.0052,0.0017
3.9603,0.1947,0.1614,0.5794,6132915.5000,0,0,0.0052,0.0019
3.9704,0.1855,0.1843,0.5794,6132915.5000,0,0,0.0052,0.0022
3.9809,0.2028,0.1726,0.5794,6132915.5000,0,0,0.0052,0.0022
3.9912,0.2029,0.1442,0.5794,6132915.5000,0,0,0.0052,0.0022
4.0005,0.1989,0.1504,0.5794,6132915.5000,0,0,0.0052,0.0022
4.0103,0.2156,0.1999,0.5794,6132915.5000,0,0,0.0052,0.0020
4.0204,0.2187,0.1751,0.5794,6132915.5000,0,0,0.0052,0.0017
4.0308,0.2040,0.1520,0.5794,6132915.5000,0,0,0.0052,0.0017
4.0407,0.1965,0.1354,0.5794,6132915.5000,0,0,0.0052,0.0018
4.0504,0.2016,0.1865,0.5794,6132915.5000,0,0,0.0052,0.0019
4.0603,0.2005,0.1811,0.5794,6132915.5000,0,0,0.0052,0.0019
4.0703,0.2099,0.1619,0.5794,6132915.5000,0,0,0.0051,0.0017
4.0808,0.1980,0.1517,0.5794,6132915.5000,0,0,0.0051,0.0018
4.0908,0.2010,0.1723,0.5794,6132915.5000,0,0,0.0051,0.0018
4.1005,0.2226,0.1834,0.5794,6132915.5000,0,0,0.0048,0.0014
4.1104,0.2350,0.1575,0.5794,6132915.5000,0,0,0.0044,0.0009
4.1203,0.2119,0.1663,0.5794,6132915.5000,0,0,0.0043,0.0008
4.1307,0.1843,0.1751,0.5794,6132915.5000,0,0,0.0045,0.0010
4.1407,0.1920,0.1747,0.5794,6132915.5000,0,0,0.0046,0.0012
4.1504,0.1982,0.1533,0.5794,6132915.5000,0,0,0.0047,0.0012
4.1603,0.2124,0.1599,0.5794,6132915.5000,0,0,0.0046,0.0011
4.1703,0.2203,0.1820,0.5794,6132915.5000,0,0,0.0044,0.0008
4.1809,0.2208,0.1767,0.5794,6132915.5000,0,0,0.0042,0.0006
4.1913,0.2144,0.1562,0.5794,6132915.5000,0,0,0.0039,0.0005
4.2005,0.1994,0.1639,0.5794,6132915.5000,0,0,0.0040,0.0005
4.2105,0.2005,0.1780,0.5794,6132915.5000,0,0,0.0040,0.0005
4.2205,0.2073,0.1909,0.5794,6132915.5000,0,0,0.0039,0.0004
4.2308,0.1992,0.1382,0.5794,6132915.5000,0,0,0.0039,0.0005
4.2408,0.1901,0.1704,0.5794,6132915.5000,0,0,0.0041,0.0005
4.2505,0.2027,0.1949,0.5794,6132915.5000,0,0,0.0041,0.0005
4.2605,0.2277,0.1879,0.5794,6132915.5000,0,0,0.0036,0.0003
4.2705,0.2312,0.1504,0.5794,6132915.5000,0,0,0.0032,0.0001
4.2808,0.2049,0.1323,0.5794,6132915.5000,0,0,0.0031,0.0001
4.2908,0.1980,0.2036,0.5794,6132915.5000,0,0,0.0032,0.0002
4.3005,0.2112,0.1980,0.5794,6132915.5000,0,0,0.0031,0.0001
4.3105,0.2045,0.1377,0.5794,6132915.5000,0,0,0.0030,0.0001
4.3205,0.1980,0.1283,0.5794,6132915.5000,0,0,0.0031,0.0001
4.3308,0.2305,0.1792,0.5794,6132915.5000,0,0,0.0026,0.0003
4.3408,0.2149,0.2041,0.5794,6132915.5000,0,0,0.0024,0.0003
4.3505,0.2242,0.2175,0.5794,6132915.5000,0,0,0.0020,0.0004
4.3605,0.2031,0.0995,0.5794,6132915.5000,0,0,0.0020,0.0004
4.3704,0.2035,0.1614,0.5794,6132915.5000,0,0,0.0020,0.0004
4.3809,0.1892,0.2380,0.5794,6132915.5000,0,0,0.0023,0.0003
4.3913,0.1977,0.1370,0.5794,6132915.5000,0,0,0.0024,0.0003
4.4005,0.2122,0.1918,0.5794,6132915.5000,0,0,0.0022,0.0004
4.4105,0.2136,0.1268,0.5794,6132915.5000,0,0,0.0020,0.0004
4.4205,0.2294,0.1234,0.5794,6132915.5000,0,0,0.0016,0.0005
4.4308,0.2075,0.2553,0.5794,6132915.5000,0,0,0.0016,0.0005
4.4408,0.2165,0.1419,0.5794,6132915.5000,0,0,0.0014,0.0006
4.4505,0.1746,0.1711,0.5794,6132915.5000,0,0,0.0018,0.0004
4.4605,0.1915,0.1542,0.5794,6132915.5000,0,0,0.0020,0.0004
4.4704,0.2658,0.1567,0.5794,6132915.5000,0,0,0.0013,0.0015
4.4808,0.2180,0.2290,0.5794,6132915.5000,0,0,0.0011,0.0017
4.4908,0.1999,0.1817,0.5794,6132915.5000,0,0,0.0012,0.0016
4.5006,0.2059,0.1401,0.5794,6132915.5000,0,0,0.0012,0.0016
4.5105,0.2318,0.1647,0.5794,6132915.5000,0,0,0.0009,0.0021
4.5205,0.2334,0.1158,0.5794,6132915.5000,0,0,0.0006,0.0025
4.5308,0.2325,0.1446,0.5794,6132915.5000,0,0,0.0004,0.0029
4.5408,0.2093,0.1943,0.5794,6132915.5000,0,0,0.0004,0.0029
4.5505,0.1990,0.1709,0.5794,6132915.5000,0,0,0.0005,0.0028
4.5605,0.2063,0.2019,0.5794,6132915.5000,0,0,0.0005,0.0027
4.5704,0.1919,0.1532,0.5794,6132915.5000,0,0,0.0006,0.0025
4.5809,0.2227,0.1797,0.5794,6132915.5000,0,0,0.0005,0.0027
4.5913,0.2708,0.2186,0.5794,6132915.5000,0,0,-0.0001,0.0036
4.6005,0.2997,0.1271,0.5794,6132915.5000,0,0,-0.0010,0.0050
4.6105,0.3030,0.1080,0.5794,6132915.5000,0,0,-0.0010,0.0074
4.6205,0.2547,0.2411,0.5794,6132915.5000,0,0,-0.0010,0.0084
4.6308,0.1861,0.3207,0.5794,6132915.5000,0,0,-0.0010,0.0076
4.6408,0.0801,0.1765,0.5794,6132915.5000,0,0,-0.0010,0.0041
4.6504,0.0009,-0.1397,0.5794,6132915.5000,0,0,-0.0009,-0.0011
4.6605,0.0925,0.1774,0.5794,6132915.5000,0,0,-0.0009,-0.0039
4.6704,0.1600,0.2373,0.5794,6132915.5000,0,0,-0.0009,-0.0048
4.6808,0.2745,0.0756,0.5794,6132915.5000,0,0,-0.0009,-0.0031
4.6908,0.3417,0.2220,0.5794,6132915.5000,0,0,-0.0010,0.0000
4.7005,0.2995,0.1849,0.5794,6132915.5000,0,0,-0.0010,0.0021
4.7105,0.1124,0.3682,0.5794,6132915.5000,0,0,-0.0010,-0.0000
4.7205,0.1524,0.2619,0.5794,6132915.5000,0,0,-0.0009,-0.0012
4.7308,0.1566,-0.0383,0.5794,6132915.5000,0,0,-0.0009,-0.0022
4.7408,0.3315,0.0754,0.5794,6132915.5000,0,0,0.0007,0.0015
4.7504,0.1156,0.2374,0.5794,6132915.5000,0,0,-0.0004,-0.0011
4.7605,0.1440,0.1145,0.5794,6132915.5000,0,0,-0.0012,-0.0027
4.7705,0.1447,-0.0496,0.5794,6132915.5000,0,0,-0.0018,-0.0042
4.7809,0.0097,0.0678,0.5794,6132915.5000,0,0,-0.0040,-0.0090
4.7913,0.0002,0.5888,0.5794,6132915.5000,0,0,-0.0061,-0.0138
4.8005,0.2493,0.3537,0.5794,6132915.5000,0,0,-0.0054,-0.0122
4.8105,0.3506,-0.0501,0.5794,6132915.5000,0,0,-0.0037,-0.0084
4.8205,0.0751,-0.0788,0.5794,6132915.5000,0,0,-0.0049,-0.0111
4.8308,0.0920,0.0508,0.5794,6132915.5000,0,0,-0.0059,-0.0133
4.8408,0.5544,0.1468,0.5794,6132915.5000,0,0,-0.0023,-0.0052
4.8505,0.4673,0.2271,0.5794,6132915.5000,0,0,0.0003,0.0005
4.8605,0.0055,0.2379,0.5794,6132915.5000,0,0,-0.0016,-0.0037
4.8704,-0.3109,-0.0247,0.5794,6132915.5000,0,0,-0.0063,-0.0141
4.8808,-0.3211,0.4441,0.5794,6132915.5000,0,0,-0.0176,-0.0249
4.8908,-0.3093,0.1530,0.5794,6132915.5000,0,0,-0.0278,-0.0346
4.9006,-0.0368,0.0350,0.5794,6132915.5000,0,0,-0.0315,-0.0382
4.9105,0.2758,0.4016,0.5794,6132915.5000,0,0,-0.0285,-0.0353
4.9205,0.2595,0.4579,0.5794,6132915.5000,0,0,-0.0261,-0.0329
4.9308,0.4862,0.3010,0.5794,6132915.5000,0,0,-0.0196,-0.0263
4.9408,0.3639,0.0764,0.5794,6132915.5000,0,0,-0.0157,-0.0224
4.9505,0.3289,-0.0198,0.5794,6132912.5000,0,0,-0.0127,-0.0193
4.9605,-0.2529,0.2126,0.5794,6132912.5000,0,0,-0.0138,-0.0113
4.9704,-0.3316,0.6528,0.5794,6132912.5000,0,0,-0.0149,-0.0023
4.9808,-0.0416,0.5765,0.5794,6132912.5000,0,0,-0.0154,0.0015
4.9913,0.0825,0.0614,0.5794,6132912.5000,0,0,-0.0156,0.0032
5.0005,0.1792,-0.2929,0.5794,6132912.5000,0,0,-0.0156,0.0032
5.0105,-0.3001,0.2362,0.5794,6132912.5000,0,0,-0.0166,0.0108
5.0205,-0.6058,0.9211,0.5794,6132912.5000,0,0,-0.0081,0.0211
5.0308,-0.4101,0.0333,0.5794,6132912.5000,0,0,-0.0020,0.0284
5.0408,-0.3923,-0.0970,0.5794,6132912.5000,0,0,0.0037,0.0354
5.0505,-0.0243,0.3066,0.5794,6132912.5000,0,0,0.0053,0.0374
5.0605,0.0136,-0.4818,0.5794,6132912.5000,0,0,0.0066,0.0389
5.0705,-0.2038,-0.4177,0.5794,6132912.5000,0,0,0.0100,0.0430
5.0808,-0.6097,1.0458,0.5794,6132912.5000,0,0,0.0173,0.0519
5.0908,-0.0975,0.1223,0.5794,6132912.5000,0,0,0.0194,0.0544
5.1006,-0.2272,-0.0765,0.5794,6132912.5000,0,0,0.0226,0.0583
5.1105,-0.3162,0.2589,0.5794,6132912.5000,0,0,0.0266,0.0632
5.1205,0.0737,-0.0173,0.5794,6132912.5000,0,0,0.0268,0.0634
5.1308,-0.1373,0.1717,0.5794,6132912.5000,0,0,0.0290,0.0660
5.1408,-0.2345,0.1167,0.5794,6132912.5000,0,0,0.0320,0.0697
5.1505,-0.1663,-0.2324,0.5794,6132912.5000,0,0,0.0344,0.0725
5.1605,-0.3892,0.1772,0.5794,6132912.5000,0,0,0.0435,0.0748
5.1705,-0.3288,0.0467,0.5794,6132912.5000,0,0,0.0512,0.0768
5.1809,-0.7484,-0.4785,0.5794,6132912.5000,0,0,0.0664,0.0808
5.1913,-0.6792,-0.3285,0.5794,6132912.5000,0,0,0.0799,0.0844
5.2005,-0.3593,-0.0077,0.5794,6132912.5000,0,0,0.0871,0.0864
5.2105,-0.0482,0.0815,0.5794,6132912.5000,0,0,0.0885,0.0867
5.2205,0.3240,0.5905,0.5794,6132912.5000,0,0,0.0832,0.0852
5.2308,0.1302,0.3089,0.5794,6132912.5000,0,0,0.0814,0.0848
5.2408,-0.1425,-0.1081,0.5794,6132912.5000,0,0,0.0845,0.0856
5.2505,-0.2538,-0.0533,0.5794,6132912.5000,0,0,0.0895,0.0871
5.2605,-0.2314,-0.2123,0.5794,6132912.5000,0,0,0.0939,0.0884
5.2704,-0.3374,-0.1416,0.5794,6132912.5000,0,0,0.1000,0.0902
5.2808,-0.3226,-0.0024,0.5794,6132912.5000,0,0,0.1057,0.0919
5.2908,-0.2215,0.1067,0.5794,6132912.5000,0,0,0.1107,0.0906
5.3005,-0.2429,0.3468,0.5794,6132912.5000,0,0,0.1159,0.0893
5.3105,-0.2546,0.5892,0.5794,6132912.5000,0,0,0.1212,0.0880
5.3205,0.4167,0.1818,0.5794,6132912.5000,0,0,0.1140,0.0898
5.3308,0.7973,-0.2117,0.5794,6132912.5000,0,0,0.1002,0.0932
5.3408,0.3825,0.1244,0.5794,6132912.5000,0,0,0.0942,0.0947
5.3505,0.2658,0.7216,0.5794,6132912.5000,0,0,0.0905,0.0956
5.3605,0.3900,0.5045,0.5794,6132912.5000,0,0,0.0848,0.0970
5.3705,0.0186,-0.3158,0.5794,6132912.5000,0,0,0.0856,0.0968
5.3809,0.1729,-0.1233,0.5794,6132912.5000,0,0,0.0838,0.0973
5.3913,0.3067,-0.1714,0.5794,6132912.5000,0,0,0.0797,0.0983
5.4005,0.2141,-0.2072,0.5794,6132912.5000,0,0,0.0774,0.0989
5.4105,0.8074,0.4652,0.5794,6132912.5000,0,0,0.0652,0.1018
5.4205,0.3276,0.1342,0.5794,6132912.5000,0,0,0.0613,0.1028
5.4308,0.2956,0.1538,0.5794,6132912.5000,0,0,0.0599,0.1050
5.4408,-0.1097,0.0454,0.5794,6132912.5000,0,0,0.0625,0.1010
5.4505,-0.0251,0.0322,0.5794,6132912.5000,0,0,0.0642,0.0985
5.4605,0.6868,0.5394,0.5794,6132912.5000,0,0,0.0591,0.1063
5.4705,0.3858,0.4534,0.5794,6132912.5000,0,0,0.0569,0.1095
5.4808,0.1403,0.6658,0.5794,6132912.5000,0,0,0.0571,0.1092
5.4908,0.0007,0.3100,0.5794,6132912.5000,0,0,0.0586,0.1069
5.5005,-0.5372,-0.2987,0.5794,6132912.5000,0,0,0.0649,0.0974
5.5105,-0.8041,-0.4865,0.5794,6132912.5000,0,0,0.0734,0.0845
5.5205,-0.8396,-0.2520,0.5794,6132912.5000,0,0,0.0819,0.0716
5.5309,-0.7098,0.3244,0.5794,6132912.5000,0,0,0.0890,0.0608
5.5408,-0.0790,0.5220,0.5794,6132912.5000,0,0,0.0904,0.0586
5.5505,0.4030,0.4762,0.5794,6132912.5000,0,0,0.0877,0.0628
5.5605,0.4394,0.7167,0.5794,6132912.5000,0,0,0.0847,0.0673
5.5705,0.4150,0.8104,0.5794,6132912.5000,0,0,0.0864,0.0731
5.5809,-0.0499,0.3710,0.5794,6132912.5000,0,0,0.0851,0.0686
5.5913,-0.0634,-0.0088,0.5794,6132912.5000,0,0,0.0838,0.0641
5.6005,-0.3217,-0.2625,0.5794,6132912.5000,0,0,0.0811,0.0544
5.6105,-0.8263,-0.1257,0.5794,6132912.5000,0,0,0.0757,0.0350
5.6206,-0.9320,0.0962,0.5794,6132912.5000,0,0,0.0699,0.0143
5.6308,-0.8266,-0.1775,0.5794,6132912.5000,0,0,0.0649,-0.0033
5.6408,-0.3113,-0.0373,0.5794,6132912.5000,0,0,0.0630,-0.0103
5.6505,0.1054,0.2502,0.5794,6132912.5000,0,0,0.0633,-0.0091
5.6606,0.0651,0.2928,0.5794,6132912.5000,0,0,0.0634,-0.0087
5.6705,-0.0238,0.4322,0.5794,6132912.5000,0,0,0.0631,-0.0099
5.6808,-0.4403,0.4178,0.5794,6132912.5000,0,0,0.0606,-0.0186
5.6908,-0.4217,0.3015,0.5794,6132912.5000,0,0,0.0584,-0.0268
5.7006,-0.2079,0.5747,0.5794,6132912.5000,0,0,0.0523,-0.0322
5.7105,-0.2847,0.5286,0.5794,6132912.5000,0,0,0.0449,-0.0390
5.7205,-0.1428,0.7350,0.5794,6132912.5000,0,0,0.0413,-0.0425
5.7308,-0.3005,0.9419,0.5794,6132912.5000,0,0,0.0345,-0.0490
5.7408,-0.3734,0.0769,0.5794,6132912.5000,0,0,0.0266,-0.0567
5.7505,-0.1469,0.1473,0.5794,6132912.5000,0,0,0.0240,-0.0594
5.7605,0.0877,0.8268,0.5794,6132912.5000,0,0,0.0261,-0.0572
5.7704,-0.3803,0.0937,0.5794,6132912.5000,0,0,0.0190,-0.0645
5.7809,-0.7126,-0.2110,0.5794,6132912.5000,0,0,0.0057,-0.0780
5.7913,-0.9511,-0.1960,0.5794,6132912.5000,0,0,-0.0116,-0.0956
5.8005,-0.8373,-0.1070,0.5794,6132912.5000,0,0,-0.0258,-0.1100
5.8105,-0.6557,0.2237,0.5794,6132912.5000,0,0,-0.0359,-0.1203
5.8205,-0.5799,0.4215,0.5794,6132912.5000,0,0,-0.0441,-0.1287
5.8308,-0.0548,0.8110,0.5794,6132912.5000,0,0,-0.0421,-0.1267
5.8408,0.2360,0.9228,0.5794,6132912.5000,0,0,-0.0278,-0.1201
5.8504,0.1400,0.8312,0.5794,6132912.5000,0,0,-0.0182,-0.1156
5.8605,-0.1775,0.3428,0.5794,6132912.5000,0,0,-0.0201,-0.1165
5.8705,-0.5454,0.0211,0.5794,6132912.5000,0,0,-0.0339,-0.1234
5.8808,-0.4451,-0.1029,0.5794,6132912.5000,0,0,-0.0434,-0.1282
5.8908,-0.2761,-0.4726,0.5794,6132912.5000,0,0,-0.0469,-0.1301
5.9005,-0.2960,-0.3183,0.5794,6132912.5000,0,0,-0.0508,-0.1321
5.9105,-0.4448,0.1650,0.5794,6132908.5000,0,0,-0.0587,-0.1365
5.9205,-0.4534,0.1886,0.5794,6132908.5000,0,0,-0.0482,-0.1348
5.9308,-0.2341,0.0091,0.5794,6132908.5000,0,0,-0.0427,-0.1339
5.9408,-0.4442,0.1811,0.5794,6132908.5000,0,0,-0.0330,-0.1323
5.9505,-0.3164,0.4584,0.5794,6132908.5000,0,0,-0.0262,-0.1312
5.9605,-0.3046,0.4963,0.5794,6132908.5000,0,0,-0.0199,-0.1301
5.9705,-0.3117,0.0289,0.5794,6132908.5000,0,0,-0.0137,-0.1290
5.9809,-0.1163,-0.0570,0.5794,6132908.5000,0,0,-0.0129,-0.1293
5.9912,0.0714,0.2767,0.5794,6132908.5000,0,0,-0.0155,-0.1285
6.0005,0.2819,0.4651,0.5794,6132908.5000,0,0,-0.0217,-0.1266
6.0105,0.3809,0.5487,0.5794,6132908.5000,0,0,-0.0295,-0.1242
6.0205,-0.2063,0.6327,0.5794,6132908.5000,0,0,-0.0268,-0.1250
6.0308,-0.2525,0.1575,0.5794,6132908.5000,0,0,-0.0234,-0.1261
6.0408,-0.4919,-0.1922,0.5794,6132908.5000,0,0,-0.0160,-0.1283
6.0505,-0.5684,0.0617,0.5794,6132908.5000,0,0,-0.0075,-0.1309
6.0605,-0.3356,0.3160,0.5794,6132908.5000,0,0,-0.0032,-0.1322
6.0705,-0.1287,0.1600,0.5794,6132908.5000,0,0,-0.0025,-0.1325
6.0808,-0.0253,-0.0155,0.5794,6132908.5000,0,0,-0.0034,-0.1322
6.0908,0.2354,-0.0981,0.5794,6132908.5000,0,0,-0.0086,-0.1306
6.1005,0.3474,0.3587,0.5794,6132908.5000,0,0,-0.0154,-0.1285
6.1105,0.3277,0.6937,0.5794,6132908.5000,0,0,-0.0218,-0.1266
6.1205,-0.0137,0.2557,0.5794,6132908.5000,0,0,-0.0224,-0.1251
6.1308,-0.5422,-0.0827,0.5794,6132908.5000,0,0,-0.0199,-0.1310
6.1408,-0.6477,-0.5072,0.5794,6132908.5000,0,0,-0.0169,-0.1383
6.1504,-0.6893,-0.5192,0.5794,6132908.5000,0,0,-0.0137,-0.1460
6.1605,-0.0887,-0.2751,0.5794,6132908.5000,0,0,-0.0140,-0.1451
6.1704,0.0338,0.2938,0.5794,6132908.5000,0,0,-0.0150,-0.1426
6.1810,-0.0891,0.3904,0.5794,6132908.5000,0,0,-0.0153,-0.1419
6.1913,-0.3444,0.0402,0.5794,6132908.5000,0,0,-0.0142,-0.1446
6.2005,-0.0588,-0.0585,0.5794,6132908.5000,0,0,-0.0147,-0.1434
6.2105,-0.2332,-0.0067,0.5794,6132908.5000,0,0,-0.0142,-0.1446
6.2205,-0.8095,-0.2921,0.5794,6132908.5000,0,0,-0.0107,-0.1536
6.2307,-0.9447,0.0412,0.5794,6132908.5000,0,0,-0.0066,-0.1641
6.2408,-0.1772,0.3123,0.5794,6132908.5000,0,0,-0.0066,-0.1641
6.2504,0.0493,0.1711,0.5794,6132908.5000,0,0,-0.0033,-0.1587
6.2605,0.3986,-0.2943,0.5794,6132908.5000,0,0,0.0038,-0.1467
6.2705,-0.2130,-0.6338,0.5794,6132908.5000,0,0,0.0036,-0.1471
6.2808,-0.4311,-0.0781,0.5794,6132908.5000,0,0,0.0009,-0.1517
6.2908,-0.3560,0.2369,0.5794,6132908.5000,0,0,-0.0008,-0.1548
6.3005,-0.0753,0.0402,0.5794,6132908.5000,0,0,0.0006,-0.1523
6.3105,-0.0039,0.4508,0.5794,6132908.5000,0,0,0.0027,-0.1485
6.3205,0.0291,0.8685,0.5794,6132908.5000,0,0,0.0050,-0.1442
6.3307,-0.1775,0.7261,0.5794,6132908.5000,0,0,0.0051,-0.1440
6.3408,0.3302,-0.1748,0.5794,6132908.5000,0,0,0.0103,-0.1343
6.3505,0.4083,-0.3403,0.5794,6132908.5000,0,0,0.0160,-0.1234
6.3605,0.4270,0.0468,0.5794,6132908.5000,0,0,0.0215,-0.1126
6.3705,0.1800,0.3906,0.5794,6132908.5000,0,0,0.0245,-0.1068
6.3809,0.1842,0.3705,0.5794,6132908.5000,0,0,0.0274,-0.1010
6.3914,0.1915,0.0891,0.5794,6132908.5000,0,0,0.0361,-0.0955
6.4005,-0.2689,-0.2723,0.5794,6132908.5000,0,0,0.0311,-0.0987
6.4105,-1.1358,-0.3904,0.5794,6132908.5000,0,0,0.0025,-0.1177
6.4205,-1.0572,-0.3253,0.5794,6132908.5000,0,0,-0.0221,-0.1343
6.4308,-0.0014,0.4922,0.5794,6132908.5000,0,0,-0.0171,-0.1309
6.4408,0.7800,0.9787,0.5794,6132908.5000,0,0,0.0080,-0.1136
6.4505,0.9633,0.9478,0.5794,6132908.5000,0,0,0.0364,-0.0940
6.4605,0.5172,0.8311,0.5794,6132908.5000,0,0,0.0517,-0.0833
6.4704,-0.1737,0.0090,0.5794,6132908.5000,0,0,0.0490,-0.0852
6.4808,-0.6325,-0.0968,0.5794,6132908.5000,0,0,0.0352,-0.0950
6.4908,-0.3611,-0.2875,0.5794,6132908.5000,0,0,0.0287,-0.0997
6.5005,0.4361,-0.1795,0.5794,6132908.5000,0,0,0.0415,-0.0904
6.5105,0.6586,0.7398,0.5794,6132908.5000,0,0,0.0588,-0.0778
6.5205,0.1845,1.0108,0.5794,6132908.5000,0,0,0.0643,-0.0738
6.5308,-0.2746,0.3497,0.5794,6132908.5000,0,0,0.0536,-0.0775
6.5408,-0.8092,0.2768,0.5794,6132908.5000,0,0,0.0244,-0.0881
6.5505,-0.6829,0.3594,0.5794,6132908.5000,0,0,0.0023,-0.0964
6.5605,-0.3415,0.6282,0.5794,6132908.5000,0,0,-0.0062,-0.0997
6.5705,0.0211,0.3198,0.5794,6132908.5000,0,0,-0.0020,-0.0980
6.5809,-0.0162,0.3987,0.5794,6132908.5000,0,0,0.0007,-0.0969
6.5913,-0.0287,0.8050,0.5794,6132908.5000,0,0,0.0027,-0.0960
6.6005,-0.2047,0.3611,0.5794,6132908.5000,0,0,-0.0007,-0.0975
6.6105,-0.4405,0.0999,0.5794,6132908.5000,0,0,-0.0107,-0.1021
6.6205,-0.4586,0.0445,0.5794,6132908.5000,0,0,-0.0205,-0.1067
6.6308,-0.6592,-0.0220,0.5794,6132908.5000,0,0,-0.0352,-0.1137
6.6408,-0.5404,0.1011,0.5794,6132908.5000,0,0,-0.0457,-0.1189
6.6505,-0.2634,-0.0115,0.5794,6132908.5000,0,0,-0.0481,-0.1201
6.6606,0.0427,-0.0149,0.5794,6132908.5000,0,0,-0.0425,-0.1172
6.6705,-0.0123,0.5583,0.5794,6132908.5000,0,0,-0.0387,-0.1164
6.6808,-0.3083,0.6379,0.5794,6132908.5000,0,0,-0.0445,-0.1177
6.6908,-0.4336,0.1004,0.5794,6132908.5000,0,0,-0.0535,-0.1199
6.7006,-0.8815,-0.4612,0.5794,6132908.5000,0,0,-0.0749,-0.1252
6.7104,-1.0027,0.0527,0.5794,6132908.5000,0,0,-0.0980,-0.1311
6.7205,-0.8177,0.2316,0.5794,6132908.5000,0,0,-0.1145,-0.1355
6.7308,-0.4247,0.2700,0.5794,6132908.5000,0,0,-0.1194,-0.1369
6.7408,0.2563,-0.3673,0.5794,6132908.5000,0,0,-0.1064,-0.1332
6.7504,0.3171,-0.4909,0.5794,6132908.5000,0,0,-0.0927,-0.1291
6.7605,-0.0355,0.1225,0.5794,6132908.5000,0,0,-0.0886,-0.1278
6.7704,-0.5661,-0.0591,0.5794,6132908.5000,0,0,-0.0973,-0.1306
6.7809,-0.3205,-0.2511,0.5794,6132908.5000,0,0,-0.0998,-0.1314
6.7913,-0.3332,0.3141,0.5794,6132908.5000,0,0,-0.1024,-0.1323
6.8005,-0.2445,0.4542,0.5794,6132908.5000,0,0,-0.1043,-0.1322
6.8105,0.1593,0.1802,0.5794,6132908.5000,0,0,-0.0971,-0.1325
6.8205,0.4626,-0.0525,0.5794,6132908.5000,0,0,-0.0838,-0.1330
6.8308,0.0895,-0.1365,0.5794,6132908.5000,0,0,-0.0790,-0.1331
6.8408,-0.1135,0.0668,0.5794,6132908.5000,0,0,-0.0788,-0.1332
6.8505,-0.1934,-0.0311,0.5794,6132908.5000,0,0,-0.0802,-0.1331
6.8605,-0.1384,-0.4432,0.5794,6132908.5000,0,0,-0.0804,-0.1331
6.8704,-0.1283,-0.1083,0.5794,6132908.5000,0,0,-0.0804,-0.1331
6.8808,-0.2553,0.1172,0.5794,6132908.5000,0,0,-0.0830,-0.1330
6.8908,-0.3773,0.0933,0.5794,6132908.5000,0,0,-0.0879,-0.1328
6.9006,0.0773,0.1237,0.5794,6132908.5000,0,0,-0.0836,-0.1330
6.9105,-0.0502,0.1227,0.5794,6132912.0000,0,0,-0.0820,-0.1330
6.9205,-0.0815,0.2806,0.5794,6132912.0000,0,0,-0.0799,-0.1326
6.9307,-0.2823,0.2702,0.5794,6132912.0000,0,0,-0.0743,-0.1314
6.9408,0.0469,0.2539,0.5794,6132912.0000,0,0,-0.0758,-0.1308
6.9505,-0.0618,0.2580,0.5794,6132912.0000,0,0,-0.0755,-0.1309
6.9605,-0.1017,0.1532,0.5794,6132912.0000,0,0,-0.0745,-0.1313
6.9704,-0.0341,0.0705,0.5794,6132912.0000,0,0,-0.0746,-0.1313
6.9809,-0.0101,0.0649,0.5794,6132912.0000,0,0,-0.0751,-0.1311
6.9910,-0.0807,0.0131,0.5794,6132912.0000,0,0,-0.0745,-0.1313
7.0005,-0.1600,-0.1180,0.5794,6132912.0000,0,0,-0.0728,-0.1319
7.0104,-0.3357,-0.0447,0.5794,6132912.0000,0,0,-0.0685,-0.1336
7.0205,-0.0986,0.1349,0.5794,6132912.0000,0,0,-0.0679,-0.1338
7.0308,-0.1860,0.1972,0.5794,6132912.0000,0,0,-0.0660,-0.1345
7.0408,-0.0770,0.2185,0.5794,6132912.0000,0,0,-0.0657,-0.1346
7.0505,-0.2721,0.2362,0.5794,6132912.0000,0,0,-0.0627,-0.1358
7.0605,0.0899,0.3531,0.5794,6132912.0000,0,0,-0.0648,-0.1350
7.0704,0.0149,0.2173,0.5794,6132912.0000,0,0,-0.0658,-0.1346
7.0808,0.0093,0.2126,0.5794,6132912.0000,0,0,-0.0668,-0.1324
7.0908,-0.0630,0.2019,0.5794,6132912.0000,0,0,-0.0673,-0.1315
7.1005,0.0110,0.2265,0.5794,6132912.0000,0,0,-0.0683,-0.1294
7.1104,-0.0486,0.1357,0.5794,6132912.0000,0,0,-0.0688,-0.1283
7.1205,0.0999,-0.0867,0.5794,6132912.0000,0,0,-0.0703,-0.1250
7.1308,0.0285,0.1414,0.5794,6132912.0000,0,0,-0.0713,-0.1228
7.1408,0.0131,0.4484,0.5794,6132912.0000,0,0,-0.0722,-0.1210
7.1505,0.0947,0.2383,0.5794,6132912.0000,0,0,-0.0736,-0.1180
7.1605,0.5741,0.1696,0.5794,6132912.0000,0,0,-0.0781,-0.1081
7.1705,0.2725,0.4503,0.5794,6132912.0000,0,0,-0.0805,-0.1028
7.1809,0.5423,0.7189,0.5794,6132912.0000,0,0,-0.0845,-0.0938
7.1910,0.6777,0.4540,0.5794,6132912.0000,0,0,-0.0893,-0.0831
7.2005,0.8700,0.2660,0.5794,6132912.0000,0,0,-0.0951,-0.0700
7.2104,0.6394,0.1782,0.5794,6132912.0000,0,0,-0.0992,-0.0605
7.2204,0.3336,0.1863,0.5794,6132912.0000,0,0,-0.0978,-0.0518
7.2308,-0.0460,0.0662,0.5794,6132912.0000,0,0,-0.0977,-0.0516
7.2408,0.1511,-0.0590,0.5794,6132912.0000,0,0,-0.0970,-0.0472
7.2505,0.4353,0.1834,0.5794,6132912.0000,0,0,-0.0953,-0.0370
7.2605,0.4698,0.3648,0.5794,6132912.0000,0,0,-0.0936,-0.0265
7.2705,0.1957,0.2664,0.5794,6132912.0000,0,0,-0.0929,-0.0220
7.2808,0.4112,0.3960,0.5794,6132912.0000,0,0,-0.0915,-0.0134
7.2908,0.3627,0.4235,0.5794,6132912.0000,0,0,-0.0903,-0.0060
7.3005,0.6036,0.4353,0.5794,6132912.0000,0,0,-0.0885,0.0059
7.3104,0.6691,0.4115,0.5794,6132912.0000,0,0,-0.0865,0.0186
7.3205,0.9202,0.4072,0.5794,6132912.0000,0,0,-0.0838,0.0358
7.3308,0.6805,0.2400,0.5794,6132912.0000,0,0,-0.0820,0.0477
7.3408,0.6118,0.0031,0.5794,6132912.0000,0,0,-0.0805,0.0579
7.3505,0.4428,0.0590,0.5794,6132912.0000,0,0,-0.0751,0.0660
7.3605,0.2596,0.2136,0.5794,6132912.0000,0,0,-0.0726,0.0699
7.3704,0.1865,0.1048,0.5794,6132912.0000,0,0,-0.0712,0.0720
7.3809,0.4164,-0.0233,0.5794,6132912.0000,0,0,-0.0668,0.0788
7.3910,0.2237,0.3721,0.5794,6132912.0000,0,0,-0.0652,0.0813
7.4005,0.2768,0.6485,0.5794,6132912.0000,0,0,-0.0631,0.0848
7.4105,0.5394,0.4854,0.5794,6132912.0000,0,0,-0.0578,0.0933
7.4205,0.7872,0.3630,0.5794,6132912.0000,0,0,-0.0500,0.1061
7.4307,0.5044,0.4072,0.5794,6132912.0000,0,0,-0.0458,0.1130
7.4408,0.5065,0.4462,0.5794,6132912.0000,0,0,-0.0419,0.1197
7.4505,0.6057,0.2052,0.5794,6132912.0000,0,0,-0.0371,0.1278
7.4605,0.6865,0.0517,0.5794,6132912.0000,0,0,-0.0316,0.1372
7.4704,0.5509,0.2611,0.5794,6132912.0000,0,0,-0.0279,0.1436
7.4808,0.4547,0.1769,0.5794,6132912.0000,0,0,-0.0254,0.1481
7.4908,0.2149,0.0571,0.5794,6132912.0000,0,0,-0.0245,0.1487
7.5006,0.3012,0.0408,0.5794,6132912.0000,0,0,-0.0220,0.1505
7.5105,0.3413,-0.0190,0.5794,6132912.0000,0,0,-0.0189,0.1528
7.5205,0.2411,0.1385,0.5794,6132912.0000,0,0,-0.0178,0.1536
7.5308,0.1876,0.3879,0.5794,6132912.0000,0,0,-0.0178,0.1536
7.5408,0.3463,0.4328,0.5794,6132912.0000,0,0,-0.0148,0.1559
7.5505,0.4481,0.3055,0.5794,6132912.0000,0,0,-0.0102,0.1595
7.5605,0.3037,0.1504,0.5794,6132912.0000,0,0,-0.0083,0.1610
7.5705,0.3808,0.3908,0.5794,6132912.0000,0,0,-0.0052,0.1635
7.5809,0.2684,0.3612,0.5794,6132912.0000,0,0,-0.0042,0.1643
7.5913,0.3435,0.0384,0.5794,6132912.0000,0,0,-0.0019,0.1661
7.6005,0.2922,-0.0690,0.5794,6132912.0000,0,0,-0.0006,0.1672
7.6104,0.2684,0.2371,0.5794,6132912.0000,0,0,0.0002,0.1679
7.6205,0.2070,0.1708,0.5794,6132912.0000,0,0,-0.0000,0.1677
7.6308,0.2989,-0.0606,0.5794,6132912.0000,0,0,0.0033,0.1688
7.6408,0.2679,-0.0787,0.5794,6132912.0000,0,0,0.0058,0.1696
7.6505,0.1673,0.3383,0.5794,6132912.0000,0,0,0.0059,0.1697
7.6606,-0.0069,0.2545,0.5794,6132912.0000,0,0,0.0023,0.1684
7.6704,0.3552,0.0084,0.5794,6132912.0000,0,0,0.0066,0.1699
7.6808,0.1277,0.2136,0.5794,6132912.0000,0,0,0.0059,0.1697
7.6908,0.0547,0.6605,0.5794,6132912.0000,0,0,0.0037,0.1689
7.7006,-0.0233,0.4621,0.5794,6132912.0000,0,0,-0.0001,0.1675
7.7105,0.3070,0.2530,0.5794,6132912.0000,0,0,0.0031,0.1687
7.7205,0.0631,0.2169,0.5794,6132912.0000,0,0,0.0012,0.1680
7.7308,0.1807,0.3076,0.5794,6132912.0000,0,0,0.0018,0.1682
7.7408,0.0852,0.1600,0.5794,6132912.0000,0,0,0.0004,0.1676
7.7505,0.1883,-0.0007,0.5794,6132912.0000,0,0,0.0011,0.1679
7.7605,0.0268,0.0004,0.5794,6132912.0000,0,0,0.0003,0.1680
7.7705,0.1189,0.0600,0.5794,6132912.0000,0,0,0.0013,0.1679
7.7809,-0.1745,0.1886,0.5794,6132912.0000,0,0,-0.0036,0.1681
7.7913,0.1472,0.4558,0.5794,6132912.0000,0,0,-0.0019,0.1681
7.8005,0.1507,0.4228,0.5794,6132912.0000,0,0,-0.0003,0.1680
7.8105,0.2336,0.4361,0.5794,6132912.0000,0,0,0.0029,0.1678
7.8205,-0.0533,0.5374,0.5794,6132912.0000,0,0,0.0005,0.1679
7.8308,0.2797,0.6160,0.5794,6132912.0000,0,0,0.0044,0.1678
7.8408,0.0414,0.3721,0.5794,6132912.0000,0,0,0.0038,0.1678
7.8505,0.0754,0.1569,0.5794,6132912.0000,0,0,0.0038,0.1678
7.8606,0.0879,0.2021,0.5794,6132912.0000,0,0,0.0041,0.1678
7.8704,0.2207,0.3121,0.5794,6132917.5000,0,0,0.0067,0.1677
7.8808,0.0491,0.2168,0.5794,6132917.5000,0,0,0.0075,0.1665
7.8908,0.3000,-0.0650,0.5794,6132917.5000,0,0,0.0109,0.1617
7.9006,-0.0328,0.1055,0.5794,6132917.5000,0,0,0.0109,0.1613
7.9105,0.1062,0.3947,0.5794,6132917.5000,0,0,0.0112,0.1583
7.9205,0.1528,0.1785,0.5794,6132917.5000,0,0,0.0115,0.1546
7.9308,0.2622,0.1967,0.5794,6132917.5000,0,0,0.0119,0.1491
7.9408,-0.0767,0.4895,0.5794,6132917.5000,0,0,0.0119,0.1498
7.9505,0.1463,0.6546,0.5794,6132917.5000,0,0,0.0122,0.1465
7.9605,0.1008,0.4313,0.5794,6132917.5000,0,0,0.0123,0.1442
7.9704,0.1001,0.2972,0.5794,6132917.5000,0,0,0.0125,0.1420
7.9809,0.1002,0.5568,0.5794,6132917.5000,0,0,0.0127,0.1399
7.9912,0.1587,0.4234,0.5794,6132917.5000,0,0,0.0130,0.1369
8.0005,0.2651,-0.0159,0.5794,6132917.5000,0,0,0.0134,0.1322
8.0104,0.3349,0.0658,0.5794,6132917.5000,0,0,0.0138,0.1267
8.0205,0.1349,0.4159,0.5794,6132917.5000,0,0,0.0140,0.1244
8.0308,0.2010,0.2085,0.5794,6132917.5000,0,0,0.0143,0.1213
8.0408,0.3115,-0.2920,0.5794,6132917.5000,0,0,0.0117,0.1165
8.0505,0.4267,-0.0042,0.5794,6132917.5000,0,0,0.0081,0.1102
8.0605,0.0165,0.3802,0.5794,6132917.5000,0,0,0.0082,0.1102
8.0704,0.0495,0.3313,0.5794,6132917.5000,0,0,0.0079,0.1098
8.0808,0.5830,-0.0529,0.5794,6132917.5000,0,0,0.0033,0.1016
8.0908,0.3987,0.2189,0.5794,6132917.5000,0,0,0.0004,0.0963
8.1006,0.1794,0.7346,0.5794,6132917.5000,0,0,-0.0007,0.0944
8.1105,0.2188,0.4709,0.5794,6132917.5000,0,0,-0.0021,0.0919
8.1205,0.6444,-0.0003,0.5794,6132917.5000,0,0,-0.0067,0.0836
8.1307,0.5198,0.0718,0.5794,6132917.5000,0,0,-0.0102,0.0773
8.1408,0.4870,0.2242,0.5794,6132917.5000,0,0,-0.0133,0.0716
8.1505,0.3766,0.0171,0.5794,6132917.5000,0,0,-0.0156,0.0676
8.1605,0.4739,-0.2259,0.5794,6132917.5000,0,0,-0.0185,0.0625
8.1705,0.4834,-0.0323,0.5794,6132917.5000,0,0,-0.0213,0.0573
8.1809,0.2334,0.0641,0.5794,6132917.5000,0,0,-0.0231,0.0565
8.1913,-0.0300,0.0652,0.5794,6132917.5000,0,0,-0.0206,0.0577
8.2005,0.5101,-0.0681,0.5794,6132917.5000,0,0,-0.0267,0.0547
8.2105,0.4241,0.1425,0.5794,6132917.5000,0,0,-0.0312,0.0524
8.2205,0.2421,0.4918,0.5794,6132917.5000,0,0,-0.0328,0.0516
8.2308,0.2418,0.2549,0.5794,6132917.5000,0,0,-0.0343,0.0508
8.2408,0.5789,0.0460,0.5794,6132917.5000,0,0,-0.0410,0.0475
8.2505,0.4008,0.0961,0.5794,6132917.5000,0,0,-0.0447,0.0456
8.2605,0.4273,0.0385,0.5794,6132917.5000,0,0,-0.0487,0.0435
8.2704,0.2346,-0.2206,0.5794,6132917.5000,0,0,-0.0498,0.0429
8.2808,0.3759,-0.3699,0.5794,6132917.5000,0,0,-0.0529,0.0413
8.2907,0.2947,-0.0892,0.5794,6132917.5000,0,0,-0.0547,0.0404
8.3005,0.2286,0.1613,0.5794,6132917.5000,0,0,-0.0555,0.0399
8.3105,0.1061,-0.0969,0.5794,6132917.5000,0,0,-0.0537,0.0398
8.3205,0.5819,-0.1733,0.5794,6132917.5000,0,0,-0.0607,0.0404
8.3308,0.2561,-0.0130,0.5794,6132917.5000,0,0,-0.0615,0.0404
8.3408,-0.0029,0.2366,0.5794,6132917.5000,0,0,-0.0577,0.0401
8.3505,0.0446,0.3037,0.5794,6132917.5000,0,0,-0.0548,0.0399
8.3605,0.3800,0.2951,0.5794,6132917.5000,0,0,-0.0579,0.0401
8.3705,0.3745,0.0084,0.5794,6132917.5000,0,0,-0.0608,0.0404
8.3809,0.4506,-0.1590,0.5794,6132917.5000,0,0,-0.0648,0.0407
8.3913,0.4737,-0.0358,0.5794,6132917.5000,0,0,-0.0691,0.0411
8.4005,0.4539,-0.0878,0.5794,6132917.5000,0,0,-0.0730,0.0414
8.4105,0.4096,-0.3005,0.5794,6132917.5000,0,0,-0.0759,0.0416
8.4205,0.6019,-0.2376,0.5794,6132917.5000,0,0,-0.0819,0.0421
8.4308,0.4495,0.0207,0.5794,6132917.5000,0,0,-0.0852,0.0424
8.4408,0.8017,0.1073,0.5794,6132917.5000,0,0,-0.0940,0.0431
8.4505,1.2827,-0.2594,0.5794,6132917.5000,0,0,-0.1083,0.0564
8.4605,1.3412,0.2093,0.5794,6132917.5000,0,0,-0.1228,0.0699
8.4705,1.0595,0.9841,0.5794,6132917.5000,0,0,-0.1328,0.0793
8.4808,0.7083,0.6534,0.5794,6132917.5000,0,0,-0.1377,0.0838
8.4908,0.4075,-0.0457,0.5794,6132917.5000,0,0,-0.1383,0.0844
8.5005,0.0055,-0.0397,0.5794,6132917.5000,0,0,-0.1337,0.0801
8.5105,0.1867,0.3943,0.5794,6132917.5000,0,0,-0.1315,0.0781
8.5205,0.5778,0.2101,0.5794,6132917.5000,0,0,-0.1345,0.0808
8.5308,0.9607,-0.1761,0.5794,6132917.5000,0,0,-0.1421,0.0879
8.5408,0.8911,0.1360,0.5794,6132917.5000,0,0,-0.1485,0.0939
8.5505,0.5568,0.2773,0.5794,6132917.5000,0,0,-0.1507,0.0959
8.5605,0.3631,0.0326,0.5794,6132917.5000,0,0,-0.1504,0.0957
8.5705,0.6687,-0.1906,0.5794,6132917.5000,0,0,-0.1538,0.0988
8.5809,0.9144,-0.2222,0.5794,6132917.5000,0,0,-0.1599,0.1045
8.5913,0.7866,-0.0316,0.5794,6132917.5000,0,0,-0.1615,0.1131
8.6006,0.4709,0.1257,0.5794,6132917.5000,0,0,-0.1617,0.1143
8.6105,0.6631,0.3073,0.5794,6132917.5000,0,0,-0.1627,0.1196
8.6205,0.4089,0.3109,0.5794,6132917.5000,0,0,-0.1626,0.1192
8.6308,0.2871,0.2813,0.5794,6132917.5000,0,0,-0.1621,0.1163
8.6408,0.6338,0.3433,0.5794,6132917.5000,0,0,-0.1629,0.1206
8.6505,0.9643,0.3272,0.5794,6132917.5000,0,0,-0.1648,0.1313
8.6606,0.9797,0.0190,0.5794,6132917.5000,0,0,-0.1668,0.1418
8.6704,0.9561,-0.1121,0.5794,6132917.5000,0,0,-0.1685,0.1514
8.6808,0.5824,0.0646,0.5794,6132917.5000,0,0,-0.1689,0.1535
8.6908,0.3677,0.1845,0.5794,6132917.5000,0,0,-0.1685,0.1515
8.7006,0.3345,-0.0293,0.5794,6132917.5000,0,0,-0.1681,0.1490
8.7105,0.2879,0.1638,0.5794,6132917.5000,0,0,-0.1675,0.1457
8.7205,0.2867,0.4341,0.5794,6132917.5000,0,0,-0.1669,0.1426
8.7308,0.6072,0.2917,0.5794,6132917.5000,0,0,-0.1653,0.1473
8.7408,0.6089,0.1003,0.5794,6132917.5000,0,0,-0.1637,0.1517
8.7504,0.1886,0.4053,0.5794,6132917.5000,0,0,-0.1658,0.1458
8.7605,0.3575,0.7705,0.5794,6132917.5000,0,0,-0.1664,0.1442
8.7705,0.4041,0.3634,0.5794,6132917.5000,0,0,-0.1665,0.1437
8.7809,0.4313,0.0697,0.5794,6132917.5000,0,0,-0.1665,0.1439
8.7914,0.3883,0.2717,0.5794,6132917.5000,0,0,-0.1667,0.1431
8.8005,0.3239,0.3285,0.5794,6132917.5000,0,0,-0.1675,0.1410
8.8104,0.2038,-0.0973,0.5794,6132917.5000,0,0,-0.1691,0.1365
8.8205,0.2817,-0.4011,0.5794,6132917.5000,0,0,-0.1700,0.1338
8.8308,0.0989,0.0198,0.5794,6132917.5000,0,0,-0.1722,0.1275
8.8408,-0.0930,0.5042,0.5794,6132917.5000,0,0,-0.1755,0.1178
8.8505,0.0987,0.1161,0.5794,6132917.5000,0,0,-0.1775,0.1123
8.8605,0.3944,-0.0232,0.5794,6132917.5000,0,0,-0.1754,0.1144
8.8705,-0.0463,0.4216,0.5794,6132916.0000,0,0,-0.1820,0.1074
8.8809,-0.1904,0.5712,0.5794,6132916.0000,0,0,-0.1893,0.1071
8.8908,0.1189,0.2106,0.5794,6132916.0000,0,0,-0.1857,0.1073
8.9005,0.0976,0.1879,0.5794,6132916.0000,0,0,-0.1831,0.1074
8.9105,-0.1408,0.5014,0.5794,6132916.0000,0,0,-0.1880,0.1072
8.9205,-0.1625,0.4202,0.5794,6132916.0000,0,0,-0.1931,0.1070
8.9308,-0.0813,0.0934,0.5794,6132916.0000,0,0,-0.1956,0.1069
8.9408,-0.0833,0.0646,0.5794,6132916.0000,0,0,-0.1978,0.1068
8.9505,-0.1135,-0.0309,0.5794,6132916.0000,0,0,-0.2007,0.1067
8.9605,-0.3979,0.0930,0.5794,6132916.0000,0,0,-0.2108,0.1063
8.9705,-0.4505,0.4102,0.5794,6132916.0000,0,0,-0.2214,0.1059
8.9809,-0.3416,0.2853,0.5794,6132916.0000,0,0,-0.2286,0.1056
8.9912,-0.2684,0.1035,0.5794,6132916.0000,0,0,-0.2337,0.1054
9.0005,-0.5721,0.4850,0.5794,6132916.0000,0,0,-0.2426,0.1103
9.0105,-0.3504,0.8088,0.5794,6132916.0000,0,0,-0.2473,0.1128
9.0205,-0.1247,0.3003,0.5794,6132916.0000,0,0,-0.2479,0.1132
9.0308,-0.1988,-0.0862,0.5794,6132916.0000,0,0,-0.2497,0.1142
9.0408,-0.4391,0.2722,0.5794,6132916.0000,0,0,-0.2553,0.1172
9.0505,-0.5791,0.4550,0.5794,6132916.0000,0,0,-0.2628,0.1213
9.0605,-0.4925,0.0485,0.5794,6132916.0000,0,0,-0.2686,0.1245
9.0704,-0.2594,-0.2277,0.5794,6132916.0000,0,0,-0.2706,0.1256
9.0808,-0.3958,0.0698,0.5794,6132916.0000,0,0,-0.2745,0.1278
9.0908,-0.6438,0.2459,0.5794,6132916.0000,0,0,-0.2819,0.1318
9.1006,-0.8835,-0.0056,0.5794,6132916.0000,0,0,-0.2925,0.1376
9.1105,-0.6423,0.0985,0.5794,6132916.0000,0,0,-0.2991,0.1412
9.1205,-0.9498,0.3253,0.5794,6132916.0000,0,0,-0.3098,0.1471
9.1308,-0.9931,0.3956,0.5794,6132916.0000,0,0,-0.3206,0.1530
9.1408,-0.5371,0.3995,0.5794,6132916.0000,0,0,-0.3222,0.1597
9.1505,-0.3842,0.3054,0.5794,6132916.0000,0,0,-0.3232,0.1635
9.1605,-0.4630,0.2831,0.5794,6132916.0000,0,0,-0.3244,0.1685
9.1704,-0.6340,0.2612,0.5794,6132916.0000,0,0,-0.3262,0.1761
9.1809,-0.6818,0.3300,0.5794,6132916.0000,0,0,-0.3281,0.1841
9.1913,-0.8584,-0.0116,0.5794,6132916.0000,0,0,-0.3307,0.1946
9.2005,-0.7453,-0.3357,0.5794,6132916.0000,0,0,-0.3327,0.2030
9.2104,-0.8212,0.1033,0.5794,6132916.0000,0,0,-0.3350,0.2123
9.2205,-1.0116,0.4859,0.5794,6132916.0000,0,0,-0.3378,0.2241
9.2308,-0.7745,-0.0384,0.5794,6132916.0000,0,0,-0.3397,0.2319
9.2409,-0.4911,-0.2333,0.5794,6132916.0000,0,0,-0.3405,0.2352
9.2505,-0.9021,0.3391,0.5794,6132916.0000,0,0,-0.3428,0.2445
9.2605,-0.9295,0.6126,0.5794,6132916.0000,0,0,-0.3450,0.2538
9.2704,-0.8415,0.1251,0.5794,6132916.0000,0,0,-0.3469,0.2616
9.2808,-0.9717,0.1709,0.5794,6132916.0000,0,0,-0.3404,0.2776
9.2908,-1.0809,0.5404,0.5794,6132916.0000,0,0,-0.3334,0.2951
9.3005,-0.7626,0.3014,0.5794,6132916.0000,0,0,-0.3291,0.3058
9.3105,-0.3821,-0.0766,0.5794,6132916.0000,0,0,-0.3278,0.3089
9.3205,-0.4213,-0.0425,0.5794,6132916.0000,0,0,-0.3263,0.3126
9.3308,-0.9121,0.0146,0.5794,6132916.0000,0,0,-0.3213,0.3251
9.3408,-1.1867,0.0013,0.5794,6132916.0000,0,0,-0.3144,0.3421
9.3505,-1.3253,-0.0510,0.5794,6132916.0000,0,0,-0.3068,0.3610
9.3605,-1.1133,0.1035,0.5794,6132916.0000,0,0,-0.3010,0.3754
9.3704,-0.8729,0.0875,0.5794,6132916.0000,0,0,-0.2970,0.3852
9.3809,-0.8953,0.1810,0.5794,6132916.0000,0,0,-0.2931,0.3950
9.3913,-0.8083,0.3547,0.5794,6132916.0000,0,0,-0.2898,0.4030
9.4005,-0.6301,0.1140,0.5794,6132916.0000,0,0,-0.2879,0.4077
9.4104,-0.8831,0.1203,0.5794,6132916.0000,0,0,-0.2756,0.4194
9.4205,-1.1713,0.5840,0.5794,6132916.0000,0,0,-0.2591,0.4350
9.4308,-1.0360,0.6325,0.5794,6132916.0000,0,0,-0.2455,0.4480
9.4408,-0.8292,0.0637,0.5794,6132916.0000,0,0,-0.2357,0.4572
9.4504,-0.7372,-0.0167,0.5794,6132916.0000,0,0,-0.2279,0.4647
9.4605,-0.5887,0.3180,0.5794,6132916.0000,0,0,-0.2226,0.4697
9.4704,-0.6872,0.1734,0.5794,6132916.0000,0,0,-0.2160,0.4759
9.4808,-0.8042,-0.2477,0.5794,6132916.0000,0,0,-0.2079,0.4835
9.4907,-0.9418,-0.1467,0.5794,6132916.0000,0,0,-0.1981,0.4928
9.5005,-1.2713,0.2208,0.5794,6132916.0000,0,0,-0.1839,0.5064
9.5105,-1.3125,0.2100,0.5794,6132916.0000,0,0,-0.1696,0.5199
9.5205,-0.7836,-0.0177,0.5794,6132916.0000,0,0,-0.1633,0.5259
9.5308,-0.6025,0.1192,0.5794,6132916.0000,0,0,-0.1598,0.5292
9.5408,-0.8049,0.2461,0.5794,6132916.0000,0,0,-0.1536,0.5351
9.5505,-1.0488,0.1974,0.5794,6132916.0000,0,0,-0.1351,0.5407
9.5605,-0.9062,0.3627,0.5794,6132916.0000,0,0,-0.1201,0.5452
9.5704,-1.1454,0.3493,0.5794,6132916.0000,0,0,-0.1011,0.5510
9.5809,-1.0502,0.3214,0.5794,6132916.0000,0,0,-0.0847,0.5559
9.5913,-0.6846,0.2797,0.5794,6132916.0000,0,0,-0.0758,0.5586
9.6005,-0.5641,0.1108,0.5794,6132916.0000,0,0,-0.0695,0.5605
9.6104,-0.6263,-0.2576,0.5794,6132916.0000,0,0,-0.0623,0.5627
9.6205,-0.7540,-0.2893,0.5794,6132916.0000,0,0,-0.0531,0.5655
9.6308,-1.1306,0.1880,0.5794,6132916.0000,0,0,-0.0375,0.5702
9.6408,-1.3054,0.3695,0.5794,6132916.0000,0,0,-0.0194,0.5757
9.6505,-0.9251,-0.1851,0.5794,6132916.0000,0,0,-0.0085,0.5790
9.6606,-0.6465,0.0046,0.5794,6132916.0000,0,0,-0.0028,0.5807
9.6704,-0.8000,0.4208,0.5794,6132916.0000,0,0,0.0053,0.5832
9.6808,-0.7602,0.3308,0.5794,6132916.0000,0,0,0.0125,0.5854
9.6908,-0.5061,0.2072,0.5794,6132916.0000,0,0,0.0202,0.5822
9.7005,-0.7407,0.2414,0.5794,6132916.0000,0,0,0.0315,0.5775
9.7105,-0.9902,0.2716,0.5794,6132916.0000,0,0,0.0464,0.5713
9.7205,-0.8372,0.1441,0.5794,6132916.0000,0,0,0.0583,0.5664
9.7308,-0.5947,0.0070,0.5794,6132916.0000,0,0,0.0658,0.5633
9.7408,-0.6214,-0.0298,0.5794,6132916.0000,0,0,0.0734,0.5602
9.7505,-0.6087,-0.1393,0.5794,6132916.0000,0,0,0.0806,0.5572
9.7605,-0.8397,-0.0967,0.5794,6132916.0000,0,0,0.0910,0.5529
9.7705,-0.9270,0.0954,0.5794,6132916.0000,0,0,0.1024,0.5482
9.7809,-0.8245,-0.1323,0.5794,6132916.0000,0,0,0.1118,0.5443
9.7913,-0.6858,-0.1286,0.5794,6132916.0000,0,0,0.1188,0.5414
9.8005,-0.9268,0.2570,0.5794,6132916.0000,0,0,0.1291,0.5372
9.8104,-0.6941,0.3131,0.5794,6132916.0000,0,0,0.1357,0.5344
9.8205,-0.5434,-0.0685,0.5794,6132916.0000,0,0,0.1400,0.5327
9.8307,-0.7755,0.1186,0.5794,6132916.0000,0,0,0.1464,0.5165
9.8407,-0.7690,0.5643,0.5794,6132916.0000,0,0,0.1524,0.5012
9.8504,-0.5808,0.1651,0.5794,6132916.0000,0,0,0.1567,0.4904
9.8605,-0.4981,-0.1971,0.5794,6132916.0000,0,0,0.1601,0.4817
9.8704,-0.5992,0.1633,0.5794,6132914.0000,0,0,0.1642,0.4715
9.8808,-0.6246,0.2760,0.5794,6132914.0000,0,0,0.1367,0.4442
9.8908,-0.4685,-0.1262,0.5794,6132914.0000,0,0,0.1174,0.4251
9.9006,-0.3603,-0.3428,0.5794,6132914.0000,0,0,0.1034,0.4112
9.9105,-0.4403,0.0221,0.5794,6132914.0000,0,0,0.0889,0.3968
9.9205,-0.7729,0.1465,0.5794,6132914.0000,0,0,0.0675,0.3755
9.9307,-0.6422,-0.1735,0.5794,6132914.0000,0,0,0.0514,0.3596
9.9408,-0.4824,-0.0936,0.5794,6132914.0000,0,0,0.0406,0.3488
9.9504,-0.7093,0.2177,0.5794,6132914.0000,0,0,0.0258,0.3341
9.9605,-0.8432,0.1667,0.5794,6132914.0000,0,0,0.0108,0.3277
9.9704,-0.2690,0.1138,0.5794,6132914.0000,0,0,0.0103,0.3275
9.9809,-0.2145,0.1551,0.5794,6132914.0000,0,0,0.0112,0.3279
9.9913,-0.4051,0.2838,0.5794,6132914.0000,0,0,0.0078,0.3264
10.0005,-0.4475,0.1901,0.5794,6132914.0000,0,0,0.0037,0.3246
10.0104,-0.2315,0.0873,0.5794,6132914.0000,0,0,0.0044,0.3249
10.0205,-0.3482,-0.0430,0.5794,6132914.0000,0,0,0.0026,0.3241
10.0308,-0.2806,-0.1770,0.5794,6132914.0000,0,0,0.0023,0.3240
10.0408,-0.3362,-0.0051,0.5794,6132914.0000,0,0,0.0010,0.3234
10.0505,-0.3316,0.1241,0.5794,6132914.0000,0,0,-0.0002,0.3228
10.0605,-0.2969,-0.3586,0.5794,6132914.0000,0,0,-0.0007,0.3226
10.0703,-0.0385,-0.4129,0.5794,6132914.0000,0,0,0.0035,0.3247
10.0808,-0.4941,0.2363,0.5794,6132914.0000,0,0,-0.0006,0.3226
10.0908,-0.5418,0.4358,0.5794,6132914.0000,0,0,-0.0053,0.3202
10.1005,-0.1776,-0.0792,0.5794,6132914.0000,0,0,-0.0012,0.3190
10.1105,-0.0680,0.0981,0.5794,6132914.0000,0,0,0.0044,0.3173
10.1205,-0.2873,0.5198,0.5794,6132914.0000,0,0,0.0064,0.3168
10.1308,-0.1820,0.2434,0.5794,6132914.0000,0,0,0.0100,0.3157
10.1408,0.1713,-0.1448,0.5794,6132914.0000,0,0,0.0188,0.3132
10.1504,-0.0210,-0.1172,0.5794,6132914.0000,0,0,0.0245,0.3116
10.1605,-0.1115,0.1333,0.5794,6132914.0000,0,0,0.0286,0.3104
10.1704,-0.1302,0.0037,0.5794,6132914.0000,0,0,0.0323,0.3094
10.1809,0.0516,-0.3544,0.5794,6132914.0000,0,0,0.0386,0.3077
10.1912,0.1827,-0.2023,0.5794,6132914.0000,0,0,0.0467,0.3055
10.2005,0.0275,-0.0143,0.5794,6132914.0000,0,0,0.0522,0.3040
10.2104,-0.2461,0.1128,0.5794,6132914.0000,0,0,0.0535,0.3037
10.2205,-0.1307,0.2330,0.5794,6132914.0000,0,0,0.0565,0.3029
10.2308,0.0751,-0.0308,0.5794,6132914.0000,0,0,0.0624,0.3013
10.2408,0.1826,-0.0935,0.5794,6132914.0000,0,0,0.0682,0.2904
10.2504,-0.1104,0.4760,0.5794,6132914.0000,0,0,0.0712,0.2849
10.2605,0.1002,0.6046,0.5794,6132914.0000,0,0,0.0760,0.2761
10.2704,0.3934,-0.0827,0.5794,6132914.0000,0,0,0.0832,0.2629
10.2808,0.3605,-0.1956,0.5794,6132914.0000,0,0,0.0899,0.2508
10.2908,0.2043,0.0724,0.5794,6132914.0000,0,0,0.0950,0.2416
10.3005,0.1316,-0.1021,0.5794,6132914.0000,0,0,0.0993,0.2338
10.3105,0.1746,-0.2883,0.5794,6132914.0000,0,0,0.1038,0.2257
10.3205,0.3177,-0.1865,0.5794,6132914.0000,0,0,0.1094,0.2158
10.3308,0.3792,-0.0931,0.5794,6132914.0000,0,0,0.1153,0.2053
10.3408,0.2033,0.2934,0.5794,6132914.0000,0,0,0.1196,0.1977
10.3505,0.2008,0.4078,0.5794,6132914.0000,0,0,0.1238,0.1904
10.3605,0.4200,0.0398,0.5794,6132914.0000,0,0,0.1296,0.1803
10.3704,0.3443,-0.0304,0.5794,6132914.0000,0,0,0.1295,0.1640
10.3810,0.0748,0.3377,0.5794,6132914.0000,0,0,0.1295,0.1544
10.3913,0.2280,0.5921,0.5794,6132914.0000,0,0,0.1295,0.1419
10.4005,0.6534,0.1163,0.5794,6132914.0000,0,0,0.1294,0.1206
10.4105,0.5940,-0.2429,0.5794,6132914.0000,0,0,0.1294,0.1014
10.4205,0.4233,0.0543,0.5794,6132914.0000,0,0,0.1293,0.0866
10.4307,0.2988,0.0491,0.5794,6132914.0000,0,0,0.1293,0.0749
10.4408,0.4327,-0.3532,0.5794,6132914.0000,0,0,0.1293,0.0609
10.4505,0.5130,-0.2275,0.5794,6132914.0000,0,0,0.1292,0.0458
10.4605,0.4254,0.0036,0.5794,6132914.0000,0,0,0.1292,0.0330
10.4704,0.0981,0.0517,0.5794,6132914.0000,0,0,0.1292,0.0271
10.4808,0.3713,0.2590,0.5794,6132914.0000,0,0,0.1292,0.0161
10.4908,0.5644,0.2325,0.5794,6132914.0000,0,0,0.1291,0.0018
10.5006,0.4569,0.1575,0.5794,6132914.0000,0,0,0.1291,-0.0100
10.5105,0.3713,0.4170,0.5794,6132914.0000,0,0,0.1237,-0.0219
10.5205,0.5466,0.4335,0.5794,6132914.0000,0,0,0.1170,-0.0368
10.5308,0.7017,-0.0355,0.5794,6132914.0000,0,0,0.1092,-0.0542
10.5408,0.5545,-0.1986,0.5794,6132914.0000,0,0,0.1029,-0.0680
10.5504,0.4318,0.2166,0.5794,6132914.0000,0,0,0.0980,-0.0790
10.5605,0.3677,0.1330,0.5794,6132914.0000,0,0,0.0937,-0.0884
10.5703,0.5041,-0.3957,0.5794,6132914.0000,0,0,0.0885,-0.1000
10.5809,0.6246,-0.2633,0.5794,6132914.0000,0,0,0.0825,-0.1134
10.5913,0.2793,0.2032,0.5794,6132914.0000,0,0,0.0795,-0.1200
10.6005,0.2115,0.0615,0.5794,6132914.0000,0,0,0.0771,-0.1252
10.6104,0.6121,-0.1575,0.5794,6132914.0000,0,0,0.0716,-0.1373
10.6205,0.4085,0.2753,0.5794,6132914.0000,0,0,0.0680,-0.1455
10.6308,0.0550,0.6060,0.5794,6132914.0000,0,0,0.0672,-0.1473
10.6408,0.3990,0.3730,0.5794,6132914.0000,0,0,0.0637,-0.1549
10.6505,0.7323,0.2885,0.5794,6132914.0000,0,0,0.0509,-0.1635
10.6606,0.4786,0.1328,0.5794,6132914.0000,0,0,0.0424,-0.1692
10.6704,0.4237,-0.0845,0.5794,6132914.0000,0,0,0.0350,-0.1742
10.6808,0.5871,0.0084,0.5794,6132914.0000,0,0,0.0254,-0.1806
10.6908,0.5456,0.1114,0.5794,6132914.0000,0,0,0.0168,-0.1864
10.7005,0.4684,-0.0349,0.5794,6132914.0000,0,0,0.0096,-0.1913
10.7105,0.3417,-0.0427,0.5794,6132914.0000,0,0,0.0044,-0.1947
10.7205,0.1947,0.0981,0.5794,6132914.0000,0,0,0.0015,-0.1967
10.7308,0.2879,-0.0074,0.5794,6132914.0000,0,0,-0.0026,-0.1995
10.7408,0.6135,-0.2152,0.5794,6132914.0000,0,0,-0.0111,-0.2052
10.7504,0.3861,0.2808,0.5794,6132914.0000,0,0,-0.0162,-0.2086
10.7605,0.2125,0.6018,0.5794,6132914.0000,0,0,-0.0188,-0.2104
10.7704,0.3947,0.0151,0.5794,6132914.0000,0,0,-0.0238,-0.2137
10.7808,0.3898,0.0206,0.5794,6132914.0000,0,0,-0.0286,-0.2169
10.7913,0.1419,0.5002,0.5794,6132914.0000,0,0,-0.0319,-0.2159
10.8005,0.2267,0.3104,0.5794,6132914.0000,0,0,-0.0365,-0.2145
10.8104,0.5828,0.0466,0.5794,6132914.0000,0,0,-0.0468,-0.2114
10.8205,0.3751,0.0927,0.5794,6132914.0000,0,0,-0.0534,-0.2094
10.8308,0.2650,0.0127,0.5794,6132912.5000,0,0,-0.0579,-0.2080
10.8408,0.0950,-0.0891,0.5794,6132912.5000,0,0,-0.0581,-0.1902
10.8505,0.0945,-0.2165,0.5794,6132912.5000,0,0,-0.0583,-0.1747
10.8605,0.3100,-0.1550,0.5794,6132912.5000,0,0,-0.0586,-0.1523
10.8704,0.3585,0.0839,0.5794,6132912.5000,0,0,-0.0588,-0.1305
10.8808,0.0981,0.4212,0.5794,6132912.5000,0,0,-0.0589,-0.1207
10.8908,0.0877,0.5164,0.5794,6132912.5000,0,0,-0.0590,-0.1123
10.9006,0.2049,0.1887,0.5794,6132912.5000,0,0,-0.0592,-0.1007
10.9105,0.1196,0.1568,0.5794,6132912.5000,0,0,-0.0593,-0.0930
10.9205,0.0764,0.4890,0.5794,6132912.5000,0,0,-0.0571,-0.0858
10.9308,0.2144,0.3714,0.5794,6132912.5000,0,0,-0.0537,-0.0750
10.9408,0.3117,-0.0283,0.5794,6132912.5000,0,0,-0.0498,-0.0623
10.9505,0.2420,-0.0674,0.5794,6132912.5000,0,0,-0.0469,-0.0527
10.9605,0.0255,0.2740,0.5794,6132912.5000,0,0,-0.0460,-0.0500
10.9704,-0.1055,0.0826,0.5794,6132912.5000,0,0,-0.0463,-0.0510
10.9809,0.1454,-0.2804,0.5794,6132912.5000,0,0,-0.0446,-0.0454
10.9913,0.1957,-0.0167,0.5794,6132912.5000,0,0,-0.0426,-0.0390
11.0005,0.0155,0.1556,0.5794,6132912.5000,0,0,-0.0421,-0.0375
11.0105,-0.2056,0.1590,0.5794,6132912.5000,0,0,-0.0433,-0.0412
11.0205,0.0307,0.3378,0.5794,6132912.5000,0,0,-0.0427,-0.0393
11.0308,0.0651,0.2464,0.5794,6132912.5000,0,0,-0.0418,-0.0367
11.0408,-0.1002,0.2913,0.5794,6132912.5000,0,0,-0.0422,-0.0379
11.0504,-0.0256,0.5534,0.5794,6132912.5000,0,0,-0.0420,-0.0374
11.0604,0.1075,0.2513,0.5794,6132912.5000,0,0,-0.0390,-0.0345
11.0704,0.0787,-0.1112,0.5794,6132912.5000,0,0,-0.0367,-0.0323
11.0808,-0.0035,-0.0198,0.5794,6132912.5000,0,0,-0.0360,-0.0316
11.0908,-0.1861,0.1959,0.5794,6132912.5000,0,0,-0.0384,-0.0339
11.1005,-0.2404,0.1063,0.5794,6132912.5000,0,0,-0.0416,-0.0370
11.1105,-0.0048,-0.2499,0.5794,6132912.5000,0,0,-0.0407,-0.0362
11.1205,0.0140,-0.0154,0.5794,6132912.5000,0,0,-0.0396,-0.0351
11.1308,-0.3516,0.4198,0.5794,6132912.5000,0,0,-0.0445,-0.0397
11.1408,-0.2714,0.2156,0.5794,6132912.5000,0,0,-0.0478,-0.0429
11.1505,-0.1317,0.3163,0.5794,6132912.5000,0,0,-0.0488,-0.0438
11.1605,-0.2902,0.4511,0.5794,6132912.5000,0,0,-0.0523,-0.0471
11.1704,-0.3938,0.3509,0.5794,6132912.5000,0,0,-0.0574,-0.0517
11.1809,-0.1631,0.5088,0.5794,6132912.5000,0,0,-0.0586,-0.0528
11.1912,-0.0544,0.3104,0.5794,6132912.5000,0,0,-0.0579,-0.0522
11.2005,0.0060,-0.3402,0.5794,6132912.5000,0,0,-0.0558,-0.0515
11.2104,-0.1189,-0.1711,0.5794,6132912.5000,0,0,-0.0566,-0.0517
11.2205,-0.4277,0.2374,0.5794,6132912.5000,0,0,-0.0641,-0.0546
11.2308,-0.7004,0.1122,0.5794,6132912.5000,0,0,-0.0773,-0.0598
11.2408,-0.2524,-0.0699,0.5794,6132912.5000,0,0,-0.0802,-0.0609
11.2505,-0.3429,0.2117,0.5794,6132912.5000,0,0,-0.0849,-0.0628
11.2605,-0.5295,0.3865,0.5794,6132912.5000,0,0,-0.0933,-0.0663
11.2704,-0.4146,0.3935,0.5794,6132912.5000,0,0,-0.0990,-0.0686
11.2808,-0.2242,0.4914,0.5794,6132912.5000,0,0,-0.1005,-0.0693
11.2908,-0.3451,0.2343,0.5794,6132912.5000,0,0,-0.1044,-0.0709
11.3005,-0.4952,0.1293,0.5794,6132912.5000,0,0,-0.1111,-0.0739
11.3105,-0.3878,0.3429,0.5794,6132912.5000,0,0,-0.1155,-0.0758
11.3205,-0.2833,0.1850,0.5794,6132912.5000,0,0,-0.1175,-0.0767
11.3308,-0.3562,-0.1109,0.5794,6132912.5000,0,0,-0.1210,-0.0782
11.3408,-0.4916,0.0536,0.5794,6132912.5000,0,0,-0.1278,-0.0783
11.3505,-0.6709,0.2603,0.5794,6132912.5000,0,0,-0.1381,-0.0784
11.3605,-0.5734,-0.1779,0.5794,6132912.5000,0,0,-0.1459,-0.0785
11.3704,-0.3913,-0.2672,0.5794,6132912.5000,0,0,-0.1498,-0.0786
11.3809,-0.5319,0.2151,0.5794,6132912.5000,0,0,-0.1563,-0.0787
11.3913,-0.7136,0.2641,0.5794,6132912.5000,0,0,-0.1662,-0.0788
11.4005,-0.5313,0.1276,0.5794,6132912.5000,0,0,-0.1721,-0.0788
11.4104,-0.4407,0.2484,0.5794,6132912.5000,0,0,-0.1760,-0.0789
11.4205,-0.6715,0.3426,0.5794,6132912.5000,0,0,-0.1842,-0.0790
11.4308,-0.6993,0.4217,0.5794,6132912.5000,0,0,-0.1925,-0.0791
11.4408,-0.4789,0.4477,0.5794,6132912.5000,0,0,-0.1965,-0.0791
11.4505,-0.4162,0.1063,0.5794,6132912.5000,0,0,-0.1991,-0.0792
11.4605,-0.5058,-0.1365,0.5794,6132912.5000,0,0,-0.2033,-0.0792
11.4705,-0.6014,0.2829,0.5794,6132912.5000,0,0,-0.2090,-0.0755
11.4808,-0.8338,0.3058,0.5794,6132912.5000,0,0,-0.2180,-0.0698
11.4908,-0.6730,-0.3542,0.5794,6132912.5000,0,0,-0.2243,-0.0658
11.5005,-0.4670,-0.3383,0.5794,6132912.5000,0,0,-0.2274,-0.0638
11.5105,-0.7004,0.2115,0.5794,6132912.5000,0,0,-0.2337,-0.0599
11.5205,-0.9508,0.3314,0.5794,6132912.5000,0,0,-0.2435,-0.0539
11.5308,-0.6575,0.3853,0.5794,6132912.5000,0,0,-0.2487,-0.0507
11.5408,-0.5964,0.3592,0.5794,6132912.5000,0,0,-0.2529,-0.0481
11.5505,-0.7811,0.2271,0.5794,6132912.5000,0,0,-0.2595,-0.0441
11.5605,-0.7080,0.2478,0.5794,6132912.5000,0,0,-0.2650,-0.0409
11.5704,-0.4328,0.2728,0.5794,6132912.5000,0,0,-0.2664,-0.0400
11.5810,-0.5063,0.0385,0.5794,6132912.5000,0,0,-0.2688,-0.0386
11.5913,-0.5788,-0.0409,0.5794,6132912.5000,0,0,-0.2722,-0.0367
11.6005,-0.7905,0.2584,0.5794,6132912.5000,0,0,-0.2783,-0.0332
11.6104,-0.9260,0.0908,0.5794,6132912.5000,0,0,-0.2825,-0.0220
11.6205,-0.6525,-0.4036,0.5794,6132912.5000,0,0,-0.2849,-0.0156
11.6308,-0.5087,-0.0502,0.5794,6132912.5000,0,0,-0.2863,-0.0118
11.6409,-0.8028,0.3338,0.5794,6132912.5000,0,0,-0.2895,-0.0035
11.6505,-0.7274,0.1051,0.5794,6132912.5000,0,0,-0.2921,0.0033
11.6607,-0.4993,0.1915,0.5794,6132912.5000,0,0,-0.2933,0.0064
11.6704,-0.7452,0.3218,0.5794,6132912.5000,0,0,-0.2959,0.0131
11.6808,-0.9359,0.2951,0.5794,6132912.5000,0,0,-0.2995,0.0224
11.6908,-0.5974,0.3352,0.5794,6132912.5000,0,0,-0.3011,0.0263
11.7005,-0.4760,0.1959,0.5794,6132912.5000,0,0,-0.3019,0.0284
11.7105,-0.4456,-0.1237,0.5794,6132912.5000,0,0,-0.3025,0.0301
11.7205,-0.5572,-0.0840,0.5794,6132912.5000,0,0,-0.3038,0.0332
11.7308,-0.7740,0.1738,0.5794,6132912.5000,0,0,-0.3062,0.0392
11.7408,-0.8116,0.0033,0.5794,6132912.5000,0,0,-0.3087,0.0455
11.7504,-0.5620,-0.2839,0.5794,6132912.5000,0,0,-0.3072,0.0519
11.7605,-0.7329,0.2466,0.5794,6132912.5000,0,0,-0.3051,0.0611
11.7704,-0.9072,0.5012,0.5794,6132912.5000,0,0,-0.3023,0.0731
11.7809,-0.5260,0.0893,0.5794,6132912.5000,0,0,-0.3011,0.0779
11.7913,-0.4434,0.1525,0.5794,6132912.5000,0,0,-0.3004,0.0811
11.8005,-0.7302,0.4490,0.5794,6132912.5000,0,0,-0.2985,0.0892
11.8104,-0.5964,0.2258,0.5794,6132912.5000,0,0,-0.2972,0.0947
11.8205,-0.4566,0.0884,0.5794,6132912.5000,0,0,-0.2965,0.0976
11.8307,-0.5243,0.1852,0.5794,6132915.0000,0,0,-0.2956,0.1016
11.8408,-0.6077,0.0567,0.5794,6132915.0000,0,0,-0.3010,0.0937
11.8505,-0.6116,-0.0956,0.5794,6132915.0000,0,0,-0.3060,0.0864
11.8605,-0.6923,-0.0828,0.5794,6132915.0000,0,0,-0.3120,0.0777
11.8704,-0.5344,-0.2173,0.5794,6132915.0000,0,0,-0.3152,0.0733
11.8808,-0.6956,-0.0709,0.5794,6132915.0000,0,0,-0.3206,0.0656
11.8908,-0.7667,0.4300,0.5794,6132915.0000,0,0,-0.3264,0.0615
11.9005,-0.5695,0.3350,0.5794,6132915.0000,0,0,-0.3279,0.0605
11.9104,-0.3713,0.0199,0.5794,6132915.0000,0,0,-0.3254,0.0622
11.9205,-0.6317,0.2783,0.5794,6132915.0000,0,0,-0.3281,0.0604
11.9308,-0.4663,0.5152,0.5794,6132915.0000,0,0,-0.3274,0.0608
11.9408,-0.4604,0.0737,0.5794,6132915.0000,0,0,-0.3267,0.0613
11.9505,-0.3999,-0.1688,0.5794,6132915.0000,0,0,-0.3249,0.0625
11.9605,-0.4986,0.0081,0.5794,6132915.0000,0,0,-0.3250,0.0624
11.9704,-0.6223,0.0258,0.5794,6132915.0000,0,0,-0.3274,0.0609
11.9808,-0.5095,-0.3237,0.5794,6132915.0000,0,0,-0.3276,0.0608
11.9913,-0.3532,-0.2064,0.5794,6132915.0000,0,0,-0.3249,0.0625
12.0005,-0.6335,0.3035,0.5794,6132915.0000,0,0,-0.3274,0.0608
12.0104,-0.7265,0.2346,0.5794,6132915.0000,0,0,-0.3316,0.0582
12.0204,-0.2983,0.0728,0.5794,6132915.0000,0,0,-0.3266,0.0586
12.0308,-0.3207,0.2355,0.5794,6132915.0000,0,0,-0.3223,0.0590
12.0408,-0.5982,0.2142,0.5794,6132915.0000,0,0,-0.3233,0.0589
12.0505,-0.3783,0.2224,0.5794,6132915.0000,0,0,-0.3202,0.0592
12.0605,-0.3110,0.1503,0.5794,6132915.0000,0,0,-0.3160,0.0595
12.0704,-0.2686,-0.1841,0.5794,6132915.0000,0,0,-0.3112,0.0600
12.0808,-0.2804,-0.3232,0.5794,6132915.0000,0,0,-0.3068,0.0604
12.0908,-0.5453,0.0159,0.5794,6132915.0000,0,0,-0.3072,0.0603
12.1005,-0.6396,0.1330,0.5794,6132915.0000,0,0,-0.3093,0.0601
12.1105,-0.1918,-0.3474,0.5794,6132915.0000,0,0,-0.3034,0.0607
12.1205,-0.3301,-0.0135,0.5794,6132915.0000,0,0,-0.3002,0.0610
12.1308,-0.5219,0.6514,0.5794,6132915.0000,0,0,-0.3004,0.0609
12.1408,-0.3362,0.3413,0.5794,6132915.0000,0,0,-0.2974,0.0612
12.1504,-0.0066,-0.0184,0.5794,6132915.0000,0,0,-0.2890,0.0620
12.1605,-0.2504,0.1357,0.5794,6132915.0000,0,0,-0.2859,0.0598
12.1704,-0.3150,0.1113,0.5794,6132915.0000,0,0,-0.2838,0.0583
12.1809,-0.1562,-0.0146,0.5794,6132915.0000,0,0,-0.2797,0.0555
12.1913,-0.1484,-0.1412,0.5794,6132915.0000,0,0,-0.2755,0.0526
12.2005,-0.1023,-0.3192,0.5794,6132915.0000,0,0,-0.2709,0.0494
12.2105,-0.2586,-0.3058,0.5794,6132915.0000,0,0,-0.2685,0.0478
12.2205,-0.4985,0.1883,0.5794,6132915.0000,0,0,-0.2694,0.0484
12.2308,-0.3397,0.1818,0.5794,6132915.0000,0,0,-0.2681,0.0475
12.2408,0.0660,-0.2592,0.5794,6132915.0000,0,0,-0.2616,0.0432
12.2505,-0.1106,0.1163,0.5794,6132915.0000,0,0,-0.2576,0.0406
12.2605,-0.4311,0.4729,0.5794,6132915.0000,0,0,-0.2578,0.0407
12.2705,-0.2146,0.0386,0.5794,6132915.0000,0,0,-0.2552,0.0390
12.2807,0.0259,-0.1557,0.5794,6132915.0000,0,0,-0.2497,0.0355
12.2908,-0.0527,0.2091,0.5794,6132915.0000,0,0,-0.2453,0.0327
12.3005,-0.0071,0.2519,0.5794,6132915.0000,0,0,-0.2436,0.0273
12.3104,0.1673,-0.0274,0.5794,6132915.0000,0,0,-0.2409,0.0191
12.3204,-0.0298,-0.2930,0.5794,6132915.0000,0,0,-0.2394,0.0146
12.3308,-0.1725,-0.3965,0.5794,6132915.0000,0,0,-0.2388,0.0127
12.3408,-0.1726,-0.2155,0.5794,6132915.0000,0,0,-0.2382,0.0108
12.3504,-0.0760,0.1421,0.5794,6132915.0000,0,0,-0.2371,0.0074
12.3605,0.1908,-0.0891,0.5794,6132915.0000,0,0,-0.2346,-0.0002
12.3705,0.1177,-0.1749,0.5794,6132915.0000,0,0,-0.2325,-0.0063
12.3809,-0.1527,0.2635,0.5794,6132915.0000,0,0,-0.2320,-0.0080
12.3913,-0.1641,0.3022,0.5794,6132915.0000,0,0,-0.2315,-0.0094
12.4005,0.1924,-0.1147,0.5794,6132915.0000,0,0,-0.2292,-0.0163
12.4104,-0.0447,0.2160,0.5794,6132915.0000,0,0,-0.2281,-0.0193
12.4205,-0.0014,0.5663,0.5794,6132915.0000,0,0,-0.2269,-0.0229
12.4308,0.2803,0.0212,0.5794,6132915.0000,0,0,-0.2285,-0.0309
12.4408,0.3730,-0.2984,0.5794,6132915.0000,0,0,-0.2304,-0.0404
12.4504,0.1780,0.0541,0.5794,6132915.0000,0,0,-0.2315,-0.0458
12.4605,-0.0511,0.0031,0.5794,6132915.0000,0,0,-0.2316,-0.0467
12.4704,-0.0853,-0.3045,0.5794,6132915.0000,0,0,-0.2316,-0.0468
12.4808,0.1976,-0.3440,0.5794,6132915.0000,0,0,-0.2327,-0.0522
12.4908,0.2791,-0.1079,0.5794,6132915.0000,0,0,-0.2341,-0.0589
12.5005,0.0248,0.2266,0.5794,6132915.0000,0,0,-0.2344,-0.0608
12.5105,0.1375,0.2241,0.5794,6132915.0000,0,0,-0.2352,-0.0646
12.5205,0.3066,0.1979,0.5794,6132915.0000,0,0,-0.2365,-0.0713
12.5307,0.1192,0.2188,0.5794,6132915.0000,0,0,-0.2371,-0.0745
12.5408,0.3040,0.3274,0.5794,6132915.0000,0,0,-0.2384,-0.0808
12.5504,0.4328,0.2333,0.5794,6132915.0000,0,0,-0.2400,-0.0891
12.5605,0.3601,-0.0305,0.5794,6132915.0000,0,0,-0.2414,-0.0959
12.5705,0.2783,-0.2988,0.5794,6132915.0000,0,0,-0.2440,-0.0991
12.5809,0.1983,-0.0852,0.5794,6132915.0000,0,0,-0.2455,-0.1010
12.5913,0.0172,0.0783,0.5794,6132915.0000,0,0,-0.2448,-0.1001
12.6005,0.1803,-0.2055,0.5794,6132915.0000,0,0,-0.2460,-0.1017
12.6104,0.2508,-0.0932,0.5794,6132915.0000,0,0,-0.2480,-0.1042
12.6205,-0.0370,0.4221,0.5794,6132915.0000,0,0,-0.2467,-0.1025
12.6308,0.1060,0.2605,0.5794,6132915.0000,0,0,-0.2470,-0.1029
12.6408,0.5046,-0.1486,0.5794,6132915.0000,0,0,-0.2518,-0.1088
12.6504,0.2010,0.1351,0.5794,6132915.0000,0,0,-0.2530,-0.1104
12.6606,0.1183,0.4414,0.5794,6132915.0000,0,0,-0.2533,-0.1108
12.6704,0.3357,0.1020,0.5794,6132915.0000,0,0,-0.2560,-0.1141
12.6808,0.3458,0.1231,0.5794,6132915.0000,0,0,-0.2587,-0.1174
12.6908,0.2106,0.1020,0.5794,6132915.0000,0,0,-0.2598,-0.1189
12.7006,0.1868,-0.0986,0.5794,6132915.0000,0,0,-0.2607,-0.1200
12.7105,0.3118,-0.2146,0.5794,6132915.0000,0,0,-0.2634,-0.1207
12.7205,0.2720,-0.1709,0.5794,6132915.0000,0,0,-0.2652,-0.1213
12.7308,0.2992,-0.1598,0.5794,6132915.0000,0,0,-0.2675,-0.1219
12.7408,0.0390,0.0125,0.5794,6132915.0000,0,0,-0.2654,-0.1213
12.7504,0.1744,0.1273,0.5794,6132915.0000,0,0,-0.2656,-0.1214
12.7605,0.2918,-0.0345,0.5794,6132915.0000,0,0,-0.2677,-0.1220
12.7704,0.0664,0.0680,0.5794,6132915.0000,0,0,-0.2661,-0.1215
12.7809,0.1040,0.4640,0.5794,6132915.0000,0,0,-0.2651,-0.1212
12.7913,0.3167,0.3040,0.5794,6132921.5000,0,0,-0.2675,-0.1219
12.8005,0.3466,-0.0507,0.5794,6132921.5000,0,0,-0.2700,-0.1237
12.8104,0.2355,0.0399,0.5794,6132921.5000,0,0,-0.2711,-0.1244
12.8205,0.1953,0.2808,0.5794,6132921.5000,0,0,-0.2715,-0.1247
12.8307,0.2126,-0.0592,0.5794,6132921.5000,0,0,-0.2722,-0.1252
12.8409,0.1741,-0.3543,0.5794,6132921.5000,0,0,-0.2724,-0.1253
12.8504,0.2339,-0.0407,0.5794,6132921.5000,0,0,-0.2735,-0.1251
12.8605,-0.0659,0.1231,0.5794,6132921.5000,0,0,-0.2695,-0.1260
12.8705,0.2485,-0.2185,0.5794,6132921.5000,0,0,-0.2708,-0.1257
12.8808,0.2507,-0.0218,0.5794,6132921.5000,0,0,-0.2722,-0.1254
12.8907,-0.0953,0.4164,0.5794,6132921.5000,0,0,-0.2679,-0.1263
12.9006,-0.0608,0.1490,0.5794,6132921.5000,0,0,-0.2644,-0.1271
12.9105,0.3650,0.0188,0.5794,6132921.5000,0,0,-0.2675,-0.1264
12.9205,0.1173,0.2949,0.5794,6132921.5000,0,0,-0.2668,-0.1265
12.9308,0.0534,0.3014,0.5794,6132921.5000,0,0,-0.2651,-0.1269
12.9408,0.2859,0.1300,0.5794,6132921.5000,0,0,-0.2670,-0.1265
12.9505,0.2702,0.0928,0.5794,6132921.5000,0,0,-0.2686,-0.1262
12.9605,0.1667,-0.1118,0.5794,6132921.5000,0,0,-0.2686,-0.1262
12.9704,0.1614,-0.1080,0.5794,6132921.5000,0,0,-0.2685,-0.1262
12.9809,-0.0435,0.1754,0.5794,6132921.5000,0,0,-0.2666,-0.1290
12.9913,-0.0053,-0.0429,0.5794,6132921.5000,0,0,-0.2652,-0.1310
13.0005,0.2849,-0.3289,0.5794,6132921.5000,0,0,-0.2676,-0.1276
13.0104,0.0280,0.2385,0.5794,6132921.5000,0,0,-0.2666,-0.1289
13.0205,-0.2383,0.5797,0.5794,6132921.5000,0,0,-0.2625,-0.1349
13.0308,0.2182,0.2099,0.5794,6132921.5000,0,0,-0.2640,-0.1327
13.0408,0.2879,0.1500,0.5794,6132921.5000,0,0,-0.2663,-0.1294
13.0504,0.0003,0.4640,0.5794,6132921.5000,0,0,-0.2651,-0.1311
13.0605,-0.0522,0.2765,0.5794,6132921.5000,0,0,-0.2634,-0.1336
13.0704,0.1991,0.2524,0.5794,6132921.5000,0,0,-0.2646,-0.1319
13.0808,0.0005,0.1203,0.5794,6132921.5000,0,0,-0.2636,-0.1334
13.0908,-0.0686,-0.1016,0.5794,6132921.5000,0,0,-0.2618,-0.1359
13.1005,-0.1042,0.0900,0.5794,6132921.5000,0,0,-0.2597,-0.1389
13.1105,-0.2589,0.3056,0.5794,6132921.5000,0,0,-0.2561,-0.1441
13.1205,-0.0290,-0.1032,0.5794,6132921.5000,0,0,-0.2562,-0.1436
13.1308,0.1000,-0.0077,0.5794,6132921.5000,0,0,-0.2566,-0.1393
13.1408,-0.2160,0.5162,0.5794,6132921.5000,0,0,-0.2561,-0.1444
13.1504,-0.3241,0.3237,0.5794,6132921.5000,0,0,-0.2554,-0.1521
13.1605,0.0694,0.1248,0.5794,6132921.5000,0,0,-0.2557,-0.1487
13.1704,-0.1603,0.4151,0.5794,6132921.5000,0,0,-0.2554,-0.1515
13.1809,-0.2495,0.4815,0.5794,6132921.5000,0,0,-0.2550,-0.1565
13.1911,-0.0301,0.3929,0.5794,6132921.5000,0,0,-0.2550,-0.1557
13.2005,-0.0822,0.3740,0.5794,6132921.5000,0,0,-0.2550,-0.1562
13.2104,-0.0371,0.1052,0.5794,6132921.5000,0,0,-0.2550,-0.1556
13.2205,-0.1260,0.2298,0.5794,6132921.5000,0,0,-0.2549,-0.1571
13.2308,-0.2169,0.4470,0.5794,6132921.5000,0,0,-0.2546,-0.1607
13.2408,-0.1920,0.0716,0.5794,6132921.5000,0,0,-0.2543,-0.1634
13.2505,-0.0652,-0.1426,0.5794,6132921.5000,0,0,-0.2543,-0.1633
13.2605,-0.2750,0.4229,0.5794,6132921.5000,0,0,-0.2549,-0.1650
13.2704,-0.4961,0.5188,0.5794,6132921.5000,0,0,-0.2575,-0.1734
13.2808,-0.1565,0.2564,0.5794,6132921.5000,0,0,-0.2567,-0.1710
13.2908,-0.1672,0.3264,0.5794,6132921.5000,0,0,-0.2561,-0.1691
13.3005,-0.3177,0.6222,0.5794,6132921.5000,0,0,-0.2569,-0.1716
13.3105,-0.2680,0.4382,0.5794,6132921.5000,0,0,-0.2572,-0.1725
13.3205,-0.0925,0.3985,0.5794,6132921.5000,0,0,-0.2560,-0.1688
13.3307,-0.2356,0.3115,0.5794,6132921.5000,0,0,-0.2561,-0.1690
13.3408,-0.3845,0.1695,0.5794,6132921.5000,0,0,-0.2573,-0.1728
13.3504,-0.2954,0.4200,0.5794,6132921.5000,0,0,-0.2577,-0.1743
13.3605,-0.3474,0.2936,0.5794,6132921.5000,0,0,-0.2586,-0.1769
13.3704,-0.1739,-0.1166,0.5794,6132921.5000,0,0,-0.2581,-0.1753
13.3809,-0.3379,0.1259,0.5794,6132921.5000,0,0,-0.2588,-0.1776
13.3912,-0.6216,0.4158,0.5794,6132921.5000,0,0,-0.2614,-0.1859
13.4006,-0.3353,-0.0087,0.5794,6132921.5000,0,0,-0.2603,-0.1845
13.4104,-0.2380,0.0980,0.5794,6132921.5000,0,0,-0.2574,-0.1810
13.4205,-0.4594,0.6006,0.5794,6132921.5000,0,0,-0.2588,-0.1828
13.4308,-0.5316,0.4506,0.5794,6132921.5000,0,0,-0.2615,-0.1860
13.4408,-0.0819,0.3509,0.5794,6132921.5000,0,0,-0.2561,-0.1793
13.4505,-0.3767,0.5534,0.5794,6132921.5000,0,0,-0.2560,-0.1793
13.4605,-0.5342,0.5285,0.5794,6132921.5000,0,0,-0.2586,-0.1825
13.4704,-0.3954,0.5094,0.5794,6132921.5000,0,0,-0.2588,-0.1827
13.4807,-0.4300,0.3237,0.5794,6132921.5000,0,0,-0.2595,-0.1836
13.4908,-0.3317,-0.0346,0.5794,6132921.5000,0,0,-0.2586,-0.1825
13.5005,-0.3386,0.0572,0.5794,6132921.5000,0,0,-0.2580,-0.1816
13.5105,-0.6358,0.3660,0.5794,6132921.5000,0,0,-0.2616,-0.1865
13.5205,-0.6658,0.1492,0.5794,6132921.5000,0,0,-0.2654,-0.1917
13.5308,-0.5198,-0.0278,0.5794,6132921.5000,0,0,-0.2664,-0.1923
13.5408,-0.7116,0.6095,0.5794,6132921.5000,0,0,-0.2719,-0.1958
13.5504,-0.8362,0.7418,0.5794,6132921.5000,0,0,-0.2802,-0.2010
13.5605,-0.2579,0.2890,0.5794,6132921.5000,0,0,-0.2742,-0.1971
13.5703,-0.3843,0.3135,0.5794,6132921.5000,0,0,-0.2715,-0.1954
13.5809,-0.5909,0.4756,0.5794,6132921.5000,0,0,-0.2737,-0.1968
13.5912,-0.5820,0.1959,0.5794,6132921.5000,0,0,-0.2756,-0.1981
13.6005,-0.4231,0.2364,0.5794,6132921.5000,0,0,-0.2739,-0.1969
13.6104,-0.5043,0.2463,0.5794,6132921.5000,0,0,-0.2740,-0.1970
13.6204,-0.5909,0.1103,0.5794,6132921.5000,0,0,-0.2759,-0.1984
13.6307,-0.6146,0.1079,0.5794,6132921.5000,0,0,-0.2782,-0.2001
13.6408,-0.6342,0.1034,0.5794,6132921.5000,0,0,-0.2808,-0.2020
13.6505,-0.4985,0.0547,0.5794,6132921.5000,0,0,-0.2805,-0.2018
13.6606,-0.7609,0.3733,0.5794,6132921.5000,0,0,-0.2854,-0.2055
13.6704,-0.6693,0.7883,0.5794,6132921.5000,0,0,-0.2891,-0.2067
13.6808,-0.3509,0.4460,0.5794,6132921.5000,0,0,-0.2845,-0.2052
13.6908,-0.4851,0.2401,0.5794,6132921.5000,0,0,-0.2836,-0.2048
13.7005,-0.5269,0.8266,0.5794,6132921.5000,0,0,-0.2837,-0.2049
13.7105,-0.5253,0.5970,0.5794,6132921.5000,0,0,-0.2837,-0.2049
13.7205,-0.2921,0.1708,0.5794,6132921.5000,0,0,-0.2785,-0.2029
13.7308,-0.4491,0.3741,0.5794,6132921.5000,0,0,-0.2770,-0.2023
13.7408,-0.5338,0.4424,0.5794,6132921.5000,0,0,-0.2775,-0.2025
13.7504,-0.6091,-0.0006,0.5794,6132921.5000,0,0,-0.2795,-0.2033
13.7605,-0.5847,0.0235,0.5794,6132921.5000,0,0,-0.2809,-0.2039
13.7704,-0.5931,0.1982,0.5794,6132921.5000,0,0,-0.2824,-0.2046
13.7809,-0.8256,0.2283,0.5794,6132921.5000,0,0,-0.2884,-0.2073
13.7912,-0.4351,0.3042,0.5794,6132925.0000,0,0,-0.2866,-0.2065
13.8005,-0.4662,0.3468,0.5794,6132925.0000,0,0,-0.2778,-0.1985
13.8104,-0.7669,0.4705,0.5794,6132925.0000,0,0,-0.2617,-0.1943
13.8205,-0.5914,0.6278,0.5794,6132925.0000,0,0,-0.2493,-0.1911
13.8308,-0.4699,0.5795,0.5794,6132925.0000,0,0,-0.2396,-0.1884
13.8408,-0.4834,0.5479,0.5794,6132925.0000,0,0,-0.2300,-0.1858
13.8504,-0.6392,0.3699,0.5794,6132925.0000,0,0,-0.2181,-0.1826
13.8605,-0.2860,0.3480,0.5794,6132925.0000,0,0,-0.2126,-0.1810
13.8703,-0.4441,-0.0143,0.5794,6132925.0000,0,0,-0.2048,-0.1788
13.8807,-0.5576,-0.0325,0.5794,6132925.0000,0,0,-0.1953,-0.1761
13.8907,-0.7195,0.3899,0.5794,6132925.0000,0,0,-0.1836,-0.1727
13.9005,-0.8710,0.3037,0.5794,6132925.0000,0,0,-0.1700,-0.1686
13.9105,-0.5383,-0.3018,0.5794,6132925.0000,0,0,-0.1620,-0.1663
13.9205,-0.5587,-0.0194,0.5794,6132925.0000,0,0,-0.1540,-0.1639
13.9308,-0.7236,0.5094,0.5794,6132925.0000,0,0,-0.1438,-0.1607
13.9408,-0.6341,0.2149,0.5794,6132925.0000,0,0,-0.1352,-0.1581
13.9504,-0.3930,0.1647,0.5794,6132925.0000,0,0,-0.1318,-0.1594
13.9605,-0.5381,0.3974,0.5794,6132925.0000,0,0,-0.1264,-0.1616
13.9704,-0.8366,0.2574,0.5794,6132925.0000,0,0,-0.1170,-0.1653
13.9809,-0.4275,0.6301,0.5794,6132925.0000,0,0,-0.1136,-0.1666
13.9913,-0.3001,0.3463,0.5794,6132925.0000,0,0,-0.1122,-0.1672
14.0005,-0.3282,0.1205,0.5794,6132925.0000,0,0,-0.1103,-0.1679
14.0104,-0.4733,0.5954,0.5794,6132925.0000,0,0,-0.1066,-0.1694
14.0204,-0.5693,0.3754,0.5794,6132925.0000,0,0,-0.1017,-0.1713
14.0308,-0.3580,-0.2024,0.5794,6132925.0000,0,0,-0.0998,-0.1721
14.0408,-0.4989,0.0232,0.5794,6132925.0000,0,0,-0.0961,-0.1736
14.0505,-0.5075,0.2325,0.5794,6132925.0000,0,0,-0.0923,-0.1751
14.0605,-0.6755,-0.0940,0.5794,6132925.0000,0,0,-0.0866,-0.1773
14.0704,-0.4183,0.0279,0.5794,6132925.0000,0,0,-0.0843,-0.1782
14.0808,-0.3851,0.0525,0.5794,6132925.0000,0,0,-0.0839,-0.1790
14.0907,-0.6325,0.2607,0.5794,6132925.0000,0,0,-0.0818,-0.1836
14.1006,-0.5332,0.7494,0.5794,6132925.0000,0,0,-0.0804,-0.1865
14.1105,-0.4498,0.3465,0.5794,6132925.0000,0,0,-0.0797,-0.1880
14.1204,-0.2404,0.1964,0.5794,6132925.0000,0,0,-0.0805,-0.1864
14.1307,-0.3498,0.4592,0.5794,6132925.0000,0,0,-0.0805,-0.1864
14.1408,-0.2745,0.4264,0.5794,6132925.0000,0,0,-0.0810,-0.1853
14.1504,-0.2348,0.0241,0.5794,6132925.0000,0,0,-0.0817,-0.1836
14.1605,-0.3705,0.0129,0.5794,6132925.0000,0,0,-0.0816,-0.1840
14.1704,-0.3601,0.2896,0.5794,6132925.0000,0,0,-0.0815,-0.1842
14.1809,-0.5863,0.0329,0.5794,6132925.0000,0,0,-0.0799,-0.1877
14.1913,-0.1251,-0.2413,0.5794,6132925.0000,0,0,-0.0814,-0.1845
14.2005,-0.2703,-0.0663,0.5794,6132925.0000,0,0,-0.0818,-0.1834
14.2104,-0.5437,0.2219,0.5794,6132925.0000,0,0,-0.0806,-0.1862
14.2205,-0.2650,0.0254,0.5794,6132925.0000,0,0,-0.0800,-0.1825
14.2308,-0.1139,0.1098,0.5794,6132925.0000,0,0,-0.0790,-0.1756
14.2408,-0.3044,0.3081,0.5794,6132925.0000,0,0,-0.0786,-0.1732
14.2504,-0.4346,0.1660,0.5794,6132925.0000,0,0,-0.0787,-0.1736
14.2605,-0.0922,0.2247,0.5794,6132925.0000,0,0,-0.0777,-0.1667
14.2704,-0.2055,-0.0001,0.5794,6132925.0000,0,0,-0.0770,-0.1625
14.2808,-0.2014,-0.0932,0.5794,6132925.0000,0,0,-0.0764,-0.1584
14.2907,-0.1714,0.3046,0.5794,6132925.0000,0,0,-0.0758,-0.1538
14.3005,-0.4643,0.1254,0.5794,6132925.0000,0,0,-0.0760,-0.1553
14.3104,-0.1453,-0.4444,0.5794,6132925.0000,0,0,-0.0753,-0.1504
14.3205,-0.2786,-0.2697,0.5794,6132925.0000,0,0,-0.0750,-0.1483
14.3308,-0.5496,0.2544,0.5794,6132925.0000,0,0,-0.0755,-0.1516
14.3408,-0.5119,0.0584,0.5794,6132925.0000,0,0,-0.0758,-0.1541
14.3505,-0.1770,0.1288,0.5794,6132925.0000,0,0,-0.0752,-0.1500
14.3605,-0.3016,0.1767,0.5794,6132925.0000,0,0,-0.0735,-0.1473
14.3704,-0.4631,0.0483,0.5794,6132925.0000,0,0,-0.0741,-0.1482
14.3808,-0.1515,0.1969,0.5794,6132925.0000,0,0,-0.0704,-0.1424
14.3912,-0.2104,-0.0810,0.5794,6132925.0000,0,0,-0.0678,-0.1381
14.4005,-0.1684,-0.3289,0.5794,6132925.0000,0,0,-0.0648,-0.1332
14.4104,-0.1635,-0.1444,0.5794,6132925.0000,0,0,-0.0619,-0.1285
14.4205,-0.3539,-0.1260,0.5794,6132925.0000,0,0,-0.0615,-0.1277
14.4307,-0.1945,-0.4912,0.5794,6132925.0000,0,0,-0.0592,-0.1239
14.4408,-0.2697,-0.2538,0.5794,6132925.0000,0,0,-0.0579,-0.1217
14.4504,-0.4160,0.2601,0.5794,6132925.0000,0,0,-0.0584,-0.1225
14.4605,-0.3959,-0.1727,0.5794,6132925.0000,0,0,-0.0586,-0.1228
14.4704,0.0095,-0.3132,0.5794,6132925.0000,0,0,-0.0544,-0.1154
14.4808,-0.2740,0.1797,0.5794,6132925.0000,0,0,-0.0534,-0.1137
14.4908,-0.3531,0.3519,0.5794,6132925.0000,0,0,-0.0532,-0.1135
14.5005,0.1062,0.2299,0.5794,6132925.0000,0,0,-0.0434,-0.1062
14.5104,-0.0197,0.1767,0.5794,6132925.0000,0,0,-0.0367,-0.1012
14.5205,-0.0384,0.0099,0.5794,6132925.0000,0,0,-0.0308,-0.0967
14.5308,-0.0839,-0.0595,0.5794,6132925.0000,0,0,-0.0261,-0.0930
14.5408,-0.0668,0.1027,0.5794,6132925.0000,0,0,-0.0213,-0.0893
14.5505,-0.1233,-0.2577,0.5794,6132925.0000,0,0,-0.0179,-0.0866
14.5605,-0.0478,-0.1903,0.5794,6132925.0000,0,0,-0.0132,-0.0828
14.5704,-0.2042,0.2236,0.5794,6132925.0000,0,0,-0.0117,-0.0815
14.5810,-0.2875,-0.1173,0.5794,6132925.0000,0,0,-0.0117,-0.0816
14.5913,0.0302,-0.4042,0.5794,6132925.0000,0,0,-0.0060,-0.0768
14.6005,-0.3422,0.0049,0.5794,6132925.0000,0,0,-0.0073,-0.0779
14.6104,-0.3571,0.4502,0.5794,6132925.0000,0,0,-0.0087,-0.0791
14.6205,0.0961,0.1810,0.5794,6132925.0000,0,0,-0.0022,-0.0735
14.6308,0.1701,0.0395,0.5794,6132925.0000,0,0,0.0073,-0.0700
14.6408,0.0114,-0.0316,0.5794,6132925.0000,0,0,0.0127,-0.0680
14.6504,-0.1332,-0.1283,0.5794,6132925.0000,0,0,0.0145,-0.0673
14.6606,-0.1380,-0.0495,0.5794,6132925.0000,0,0,0.0161,-0.0667
14.6704,-0.2734,-0.3150,0.5794,6132925.0000,0,0,0.0147,-0.0673
14.6808,-0.0435,-0.4288,0.5794,6132925.0000,0,0,0.0182,-0.0658
14.6908,-0.3144,0.1240,0.5794,6132925.0000,0,0,0.0159,-0.0668
14.7005,-0.4850,0.2224,0.5794,6132925.0000,0,0,0.0103,-0.0692
14.7105,0.0464,-0.1781,0.5794,6132925.0000,0,0,0.0156,-0.0669
14.7205,-0.1116,0.0459,0.5794,6132925.0000,0,0,0.0175,-0.0660
14.7308,-0.2268,0.4794,0.5794,6132925.0000,0,0,0.0171,-0.0662
14.7408,0.0204,0.2383,0.5794,6132925.0000,0,0,0.0216,-0.0641
14.7505,0.2092,0.1974,0.5794,6132925.0000,0,0,0.0295,-0.0604
14.7605,0.0991,-0.0696,0.5794,6132925.0000,0,0,0.0350,-0.0579
14.7704,-0.0730,-0.3680,0.5794,6132925.0000,0,0,0.0364,-0.0578
14.7809,-0.1969,-0.0109,0.5794,6132925.0000,0,0,0.0354,-0.0578
14.7913,-0.3547,-0.2366,0.5794,6132919.5000,0,0,0.0313,-0.0579
14.8005,0.0489,-0.4914,0.5794,6132919.5000,0,0,0.0353,-0.0544
14.8104,-0.1191,0.0971,0.5794,6132919.5000,0,0,0.0364,-0.0534
14.8205,-0.2699,0.3440,0.5794,6132919.5000,0,0,0.0352,-0.0545
14.8307,0.0894,-0.1405,0.5794,6132919.5000,0,0,0.0396,-0.0506
14.8407,0.0648,0.0070,0.5794,6132919.5000,0,0,0.0436,-0.0472
14.8505,-0.1345,0.1581,0.5794,6132919.5000,0,0,0.0442,-0.0466
14.8605,-0.1694,0.0544,0.5794,6132919.5000,0,0,0.0443,-0.0465
14.8704,0.2087,0.1584,0.5794,6132919.5000,0,0,0.0503,-0.0412
14.8808,0.1846,-0.2051,0.5794,6132919.5000,0,0,0.0557,-0.0365
14.8908,0.1638,-0.3157,0.5794,6132919.5000,0,0,0.0607,-0.0321
14.9005,-0.0217,0.1501,0.5794,6132919.5000,0,0,0.0625,-0.0304
14.9104,-0.2630,-0.1359,0.5794,6132919.5000,0,0,0.0597,-0.0313
14.9204,0.0634,-0.6281,0.5794,6132919.5000,0,0,0.0630,-0.0303
14.9308,-0.0024,-0.3085,0.5794,6132919.5000,0,0,0.0650,-0.0297
14.9408,-0.1999,0.2036,0.5794,6132919.5000,0,0,0.0633,-0.0302
14.9504,-0.1860,0.0213,0.5794,6132919.5000,0,0,0.0620,-0.0306
14.9605,0.1103,0.0820,0.5794,6132919.5000,0,0,0.0660,-0.0294
14.9704,-0.0392,0.2200,0.5794,6132919.5000,0,0,0.0672,-0.0290
14.9809,-0.2200,0.1515,0.5794,6132919.5000,0,0,0.0651,-0.0296
14.9911,0.0960,0.1333,0.5794,6132919.5000,0,0,0.0687,-0.0285
15.0005,-0.0682,-0.0840,0.5794,6132919.5000,0,0,0.0693,-0.0283
15.0104,-0.0597,-0.1674,0.5794,6132919.5000,0,0,0.0700,-0.0280
15.0205,-0.0980,0.1516,0.5794,6132919.5000,0,0,0.0700,-0.0280
15.0308,-0.1506,0.1040,0.5794,6132919.5000,0,0,0.0691,-0.0283
15.0408,0.0109,-0.3384,0.5794,6132919.5000,0,0,0.0707,-0.0288
15.0504,-0.0530,-0.2866,0.5794,6132919.5000,0,0,0.0713,-0.0289
15.0605,-0.1234,-0.0170,0.5794,6132919.5000,0,0,0.0707,-0.0288
15.0705,-0.1009,-0.4084,0.5794,6132919.5000,0,0,0.0704,-0.0287
15.0808,0.1623,-0.4460,0.5794,6132919.5000,0,0,0.0743,-0.0298
15.0908,-0.1523,0.1538,0.5794,6132919.5000,0,0,0.0732,-0.0295
15.1005,-0.1865,0.3496,0.5794,6132919.5000,0,0,0.0716,-0.0290
15.1104,0.1672,0.0369,0.5794,6132919.5000,0,0,0.0754,-0.0301
15.1205,-0.1411,0.2458,0.5794,6132919.5000,0,0,0.0745,-0.0298
15.1307,-0.0361,0.5662,0.5794,6132919.5000,0,0,0.0752,-0.0300
15.1408,0.1364,0.0433,0.5794,6132919.5000,0,0,0.0784,-0.0308
15.1505,0.1897,-0.0993,0.5794,6132919.5000,0,0,0.0823,-0.0319
15.1605,0.0143,0.0586,0.5794,6132919.5000,0,0,0.0835,-0.0322
15.1704,-0.1339,-0.0571,0.5794,6132919.5000,0,0,0.0825,-0.0319
15.1809,-0.0933,-0.0556,0.5794,6132919.5000,0,0,0.0823,-0.0317
15.1912,-0.0851,-0.0462,0.5794,6132919.5000,0,0,0.0822,-0.0315
15.2005,0.0360,-0.0390,0.5794,6132919.5000,0,0,0.0833,-0.0331
15.2104,-0.2733,0.2611,0.5794,6132919.5000,0,0,0.0814,-0.0303
15.2205,-0.2241,0.5675,0.5794,6132919.5000,0,0,0.0800,-0.0284
15.2308,0.1047,0.2124,0.5794,6132919.5000,0,0,0.0818,-0.0308
15.2408,0.0362,0.1547,0.5794,6132919.5000,0,0,0.0828,-0.0323
15.2504,-0.0812,0.6789,0.5794,6132919.5000,0,0,0.0828,-0.0322
15.2605,-0.1139,0.4227,0.5794,6132919.5000,0,0,0.0824,-0.0317
15.2705,0.1947,-0.0245,0.5794,6132919.5000,0,0,0.0849,-0.0352
15.2808,-0.0240,0.1178,0.5794,6132919.5000,0,0,0.0853,-0.0357
15.2907,-0.1108,0.1447,0.5794,6132919.5000,0,0,0.0849,-0.0352
15.3005,-0.1544,0.0746,0.5794,6132919.5000,0,0,0.0841,-0.0342
15.3105,-0.1812,0.1288,0.5794,6132919.5000,0,0,0.0831,-0.0328
15.3205,0.0226,-0.1388,0.5794,6132919.5000,0,0,0.0833,-0.0353
15.3307,-0.1852,-0.0306,0.5794,6132919.5000,0,0,0.0832,-0.0336
15.3408,-0.3037,0.5172,0.5794,6132919.5000,0,0,0.0830,-0.0297
15.3504,-0.0449,0.3389,0.5794,6132919.5000,0,0,0.0830,-0.0309
15.3605,0.0999,0.2198,0.5794,6132919.5000,0,0,0.0832,-0.0347
15.3704,-0.1846,0.6954,0.5794,6132919.5000,0,0,0.0832,-0.0331
15.3808,-0.2050,0.5932,0.5794,6132919.5000,0,0,0.0831,-0.0312
15.3913,0.2433,0.0548,0.5794,6132919.5000,0,0,0.0834,-0.0374
15.4005,0.1153,0.0690,0.5794,6132919.5000,0,0,0.0835,-0.0411
15.4104,0.0206,0.3246,0.5794,6132919.5000,0,0,0.0836,-0.0431
15.4205,-0.1040,0.1573,0.5794,6132919.5000,0,0,0.0836,-0.0428
15.4308,-0.1071,0.1010,0.5794,6132919.5000,0,0,0.0836,-0.0425
15.4408,-0.0762,0.0287,0.5794,6132919.5000,0,0,0.0836,-0.0427
15.4504,-0.1111,-0.0353,0.5794,6132919.5000,0,0,0.0836,-0.0423
15.4605,-0.1829,0.2895,0.5794,6132919.5000,0,0,0.0840,-0.0414
15.4704,-0.1189,0.2126,0.5794,6132919.5000,0,0,0.0839,-0.0416
15.4808,-0.0191,0.1103,0.5794,6132919.5000,0,0,0.0830,-0.0437
15.4908,-0.3398,0.4106,0.5794,6132919.5000,0,0,0.0847,-0.0398
15.5005,-0.1812,0.5973,0.5794,6132919.5000,0,0,0.0851,-0.0390
15.5104,0.0120,0.2059,0.5794,6132919.5000,0,0,0.0839,-0.0416
15.5205,-0.1996,0.2121,0.5794,6132919.5000,0,0,0.0845,-0.0404
15.5308,-0.1515,0.5189,0.5794,6132919.5000,0,0,0.0846,-0.0401
15.5408,-0.1169,0.1374,0.5794,6132919.5000,0,0,0.0845,-0.0403
15.5504,-0.0144,-0.1640,0.5794,6132919.5000,0,0,0.0836,-0.0423
15.5605,-0.1834,0.1732,0.5794,6132919.5000,0,0,0.0840,-0.0415
15.5704,-0.2466,0.1520,0.5794,6132919.5000,0,0,0.0848,-0.0396
15.5809,-0.2692,-0.0307,0.5794,6132919.5000,0,0,0.0858,-0.0374
15.5912,-0.2056,0.0796,0.5794,6132919.5000,0,0,0.0861,-0.0371
15.6005,-0.0735,-0.0129,0.5794,6132919.5000,0,0,0.0845,-0.0384
15.6104,-0.4202,0.2521,0.5794,6132919.5000,0,0,0.0879,-0.0356
15.6205,-0.2632,0.6893,0.5794,6132919.5000,0,0,0.0890,-0.0347
15.6308,-0.0371,0.2336,0.5794,6132919.5000,0,0,0.0869,-0.0364
15.6408,-0.1220,0.2579,0.5794,6132919.5000,0,0,0.0860,-0.0372
15.6505,-0.2213,0.6082,0.5794,6132919.5000,0,0,0.0865,-0.0367
15.6606,-0.1415,0.3132,0.5794,6132919.5000,0,0,0.0860,-0.0372
15.6704,0.0958,0.1396,0.5794,6132919.5000,0,0,0.0822,-0.0403
15.6808,-0.0555,0.3147,0.5794,6132919.5000,0,0,0.0806,-0.0417
15.6907,-0.1468,0.2737,0.5794,6132919.5000,0,0,0.0803,-0.0420
15.7005,-0.2324,0.0790,0.5794,6132919.5000,0,0,0.0810,-0.0413
15.7105,-0.2549,0.1060,0.5794,6132919.5000,0,0,0.0820,-0.0405
15.7205,-0.0735,0.0153,0.5794,6132919.5000,0,0,0.0807,-0.0416
15.7308,-0.1941,0.1992,0.5794,6132919.5000,0,0,0.0804,-0.0416
15.7408,-0.2073,0.6825,0.5794,6132919.5000,0,0,0.0803,-0.0416
15.7504,-0.1159,0.4105,0.5794,6132914.0000,0,0,0.0786,-0.0417
15.7605,-0.0033,0.2095,0.5794,6132914.0000,0,0,0.0775,-0.0437
15.7704,-0.2877,0.6132,0.5794,6132914.0000,0,0,0.0786,-0.0417
15.7809,-0.2824,0.5098,0.5794,6132914.0000,0,0,0.0796,-0.0398
15.7913,0.1177,0.1118,0.5794,6132914.0000,0,0,0.0776,-0.0436
15.8005,-0.0431,0.2701,0.5794,6132914.0000,0,0,0.0769,-0.0450
15.8105,-0.0469,0.3913,0.5794,6132914.0000,0,0,0.0762,-0.0463
15.8205,0.0453,0.1519,0.5794,6132914.0000,0,0,0.0748,-0.0488
15.8308,0.0218,0.2206,0.5794,6132914.0000,0,0,0.0737,-0.0510
15.8408,-0.1210,0.1022,0.5794,6132914.0000,0,0,0.0736,-0.0512
15.8504,-0.1593,0.0466,0.5794,6132914.0000,0,0,0.0738,-0.0508
15.8605,-0.2553,0.2387,0.5794,6132914.0000,0,0,0.0746,-0.0493
15.8704,-0.2423,0.0315,0.5794,6132914.0000,0,0,0.0755,-0.0490
15.8808,-0.0725,-0.0724,0.5794,6132914.0000,0,0,0.0739,-0.0495
15.8908,-0.2861,0.3143,0.5794,6132914.0000,0,0,0.0754,-0.0490
15.9005,-0.2029,0.4156,0.5794,6132914.0000,0,0,0.0757,-0.0489
15.9105,-0.0416,0.1889,0.5794,6132914.0000,0,0,0.0737,-0.0496
15.9205,-0.3704,0.3638,0.5794,6132914.0000,0,0,0.0764,-0.0487
15.9308,-0.2155,0.7416,0.5794,6132914.0000,0,0,0.0768,-0.0485
15.9408,-0.1346,0.3431,0.5794,6132914.0000,0,0,0.0761,-0.0487
15.9504,-0.1023,0.0833,0.5794,6132914.0000,0,0,0.0750,-0.0491
15.9605,-0.1481,0.3769,0.5794,6132914.0000,0,0,0.0746,-0.0493
15.9703,-0.1112,0.2583,0.5794,6132914.0000,0,0,0.0736,-0.0496
15.9809,-0.0205,-0.1725,0.5794,6132914.0000,0,0,0.0715,-0.0504
15.9913,-0.1392,-0.0107,0.5794,6132914.0000,0,0,0.0710,-0.0506
16.0005,-0.1882,0.2411,0.5794,6132914.0000,0,0,0.0711,-0.0505
16.0104,-0.3031,-0.0290,0.5794,6132914.0000,0,0,0.0726,-0.0513
16.0205,-0.0911,-0.0593,0.5794,6132914.0000,0,0,0.0706,-0.0502
16.0307,-0.2069,0.4332,0.5794,6132914.0000,0,0,0.0705,-0.0502
16.0408,-0.3442,0.3649,0.5794,6132914.0000,0,0,0.0726,-0.0513
16.0504,0.0270,0.0339,0.5794,6132914.0000,0,0,0.0688,-0.0493
16.0605,-0.2529,0.2952,0.5794,6132914.0000,0,0,0.0695,-0.0496
16.0704,-0.2971,0.6858,0.5794,6132914.0000,0,0,0.0708,-0.0503
16.0808,-0.0563,0.1781,0.5794,6132914.0000,0,0,0.0685,-0.0491
16.0908,-0.0196,0.1860,0.5794,6132914.0000,0,0,0.0657,-0.0476
16.1006,-0.1572,0.5122,0.5794,6132914.0000,0,0,0.0650,-0.0472
16.1105,-0.1582,0.2100,0.5794,6132914.0000,0,0,0.0643,-0.0469
16.1204,-0.0816,-0.1428,0.5794,6132914.0000,0,0,0.0626,-0.0459
16.1307,-0.1766,0.0382,0.5794,6132914.0000,0,0,0.0623,-0.0457
16.1408,-0.1906,0.1214,0.5794,6132914.0000,0,0,0.0620,-0.0451
16.1504,-0.3599,-0.0692,0.5794,6132914.0000,0,0,0.0635,-0.0484
16.1605,-0.0882,0.1361,0.5794,6132914.0000,0,0,0.0621,-0.0454
16.1704,-0.1589,0.4090,0.5794,6132914.0000,0,0,0.0615,-0.0441
16.1809,-0.4046,0.4917,0.5794,6132914.0000,0,0,0.0634,-0.0482
16.1913,0.0490,0.4990,0.5794,6132914.0000,0,0,0.0608,-0.0425
16.2005,-0.1246,0.3532,0.5794,6132914.0000,0,0,0.0599,-0.0407
16.2104,-0.1863,0.3835,0.5794,6132914.0000,0,0,0.0597,-0.0402
16.2205,-0.1063,0.2137,0.5794,6132914.0000,0,0,0.0588,-0.0381
16.2308,-0.0091,0.1032,0.5794,6132914.0000,0,0,0.0570,-0.0343
16.2408,-0.1153,0.0714,0.5794,6132914.0000,0,0,0.0562,-0.0326
16.2504,-0.2195,-0.0087,0.5794,6132914.0000,0,0,0.0564,-0.0330
16.2605,-0.1961,0.0846,0.5794,6132914.0000,0,0,0.0564,-0.0330
16.2703,-0.2075,0.1228,0.5794,6132914.0000,0,0,0.0565,-0.0331
16.2808,0.0566,0.0221,0.5794,6132914.0000,0,0,0.0568,-0.0251
16.2908,-0.1967,0.3745,0.5794,6132914.0000,0,0,0.0568,-0.0255
16.3006,-0.2560,0.6536,0.5794,6132914.0000,0,0,0.0567,-0.0276
16.3105,0.0373,0.1486,0.5794,6132914.0000,0,0,0.0569,-0.0210
16.3205,-0.2587,0.1637,0.5794,6132914.0000,0,0,0.0568,-0.0233
16.3307,-0.2430,0.6063,0.5794,6132914.0000,0,0,0.0568,-0.0249
16.3408,-0.0688,0.2019,0.5794,6132914.0000,0,0,0.0569,-0.0219
16.3505,0.0929,0.1923,0.5794,6132914.0000,0,0,0.0572,-0.0148
16.3605,-0.2298,0.5528,0.5794,6132914.0000,0,0,0.0571,-0.0163
16.3704,-0.2148,0.4203,0.5794,6132914.0000,0,0,0.0571,-0.0173
16.3809,0.0161,-0.0108,0.5794,6132914.0000,0,0,0.0572,-0.0127
16.3913,-0.0466,0.0674,0.5794,6132914.0000,0,0,0.0573,-0.0098
16.4005,-0.0513,0.3033,0.5794,6132914.0000,0,0,0.0574,-0.0072
16.4104,-0.2926,0.2473,0.5794,6132914.0000,0,0,0.0573,-0.0102
16.4205,-0.1981,0.1938,0.5794,6132914.0000,0,0,0.0565,-0.0119
16.4307,-0.2080,0.1559,0.5794,6132914.0000,0,0,0.0556,-0.0138
16.4408,-0.3104,0.1803,0.5794,6132914.0000,0,0,0.0535,-0.0183
16.4505,-0.2772,0.3632,0.5794,6132914.0000,0,0,0.0519,-0.0217
16.4605,-0.1085,0.2960,0.5794,6132914.0000,0,0,0.0525,-0.0204
16.4704,-0.1375,0.2007,0.5794,6132914.0000,0,0,0.0527,-0.0199
16.4808,-0.2850,0.5431,0.5794,6132914.0000,0,0,0.0512,-0.0230
16.4908,-0.1470,0.5616,0.5794,6132914.0000,0,0,0.0514,-0.0227
16.5005,-0.0752,0.0210,0.5794,6132914.0000,0,0,0.0523,-0.0207
16.5104,-0.1632,0.1157,0.5794,6132914.0000,0,0,0.0523,-0.0208
16.5205,0.0286,0.4605,0.5794,6132914.0000,0,0,0.0542,-0.0167
16.5307,-0.1718,0.1593,0.5794,6132914.0000,0,0,0.0540,-0.0172
16.5408,-0.0029,-0.0061,0.5794,6132914.0000,0,0,0.0555,-0.0140
16.5504,-0.2221,0.1145,0.5794,6132914.0000,0,0,0.0548,-0.0156
16.5605,-0.3329,0.1695,0.5794,6132914.0000,0,0,0.0498,-0.0200
16.5703,-0.0855,-0.1645,0.5794,6132914.0000,0,0,0.0509,-0.0190
16.5809,-0.1452,0.0644,0.5794,6132914.0000,0,0,0.0505,-0.0193
16.5913,-0.3369,0.7593,0.5794,6132914.0000,0,0,0.0462,-0.0233
16.6006,-0.1241,0.4666,0.5794,6132914.0000,0,0,0.0465,-0.0230
16.6104,0.0669,0.2991,0.5794,6132914.0000,0,0,0.0505,-0.0192
16.6205,-0.2712,0.6536,0.5794,6132914.0000,0,0,0.0478,-0.0218
16.6307,-0.2225,0.3356,0.5794,6132914.0000,0,0,0.0462,-0.0234
16.6408,0.0428,-0.0486,0.5794,6132914.0000,0,0,0.0496,-0.0201
16.6504,-0.0271,0.1087,0.5794,6132914.0000,0,0,0.0515,-0.0182
16.6606,-0.0212,0.1684,0.5794,6132914.0000,0,0,0.0535,-0.0163
16.6704,-0.1869,-0.0419,0.5794,6132914.0000,0,0,0.0523,-0.0174
16.6808,-0.0490,-0.0368,0.5794,6132914.0000,0,0,0.0537,-0.0161
16.6907,-0.1883,0.0376,0.5794,6132914.0000,0,0,0.0511,-0.0173
16.7005,-0.4527,0.2946,0.5794,6132914.0000,0,0,0.0413,-0.0219
16.7104,-0.1695,0.2627,0.5794,6132914.0000,0,0,0.0399,-0.0226
16.7205,0.0003,0.2113,0.5794,6132914.0000,0,0,0.0431,-0.0210
16.7308,-0.1113,0.2774,0.5794,6132914.0000,0,0,0.0432,-0.0210
16.7408,-0.1625,0.2544,0.5794,6132914.0000,0,0,0.0420,-0.0216
16.7504,0.0062,0.4215,0.5794,6132914.0000,0,0,0.0450,-0.0200
16.7605,-0.1717,0.2851,0.5794,6132914.0000,0,0,0.0435,-0.0208
16.7704,-0.1898,0.2211,0.5794,6132914.0000,0,0,0.0418,-0.0218
16.7809,-0.1412,0.4288,0.5794,6132914.0000,0,0,0.0412,-0.0221
16.7913,-0.2971,0.0586,0.5794,6132914.0000,0,0,0.0372,-0.0245
16.8006,-0.0205,-0.2048,0.5794,6132914.0000,0,0,0.0395,-0.0231
16.8104,-0.1778,0.2746,0.5794,6132914.0000,0,0,0.0383,-0.0239
16.8205,-0.2395,0.5153,0.5794,6132914.0000,0,0,0.0358,-0.0254
16.8308,0.0038,0.1723,0.5794,6132914.0000,0,0,0.0387,-0.0247
16.8408,-0.0774,0.2497,0.5794,6132914.0000,0,0,0.0393,-0.0246
16.8504,-0.3278,0.5292,0.5794,6132914.0000,0,0,0.0339,-0.0260
16.8605,-0.3445,0.4492,0.5794,6132914.0000,0,0,0.0284,-0.0275
16.8704,0.0282,0.6410,0.5794,6132914.0000,0,0,0.0318,-0.0265
16.8808,0.0360,0.3651,0.5794,6132914.0000,0,0,0.0352,-0.0256
16.8908,0.0008,0.2281,0.5794,6132914.0000,0,0,0.0375,-0.0249
16.9005,-0.1168,0.5169,0.5794,6132914.0000,0,0,0.0373,-0.0249
16.9104,-0.3285,0.2074,0.5794,6132914.0000,0,0,0.0326,-0.0264
16.9205,-0.0376,-0.2235,0.5794,6132914.0000,0,0,0.0342,-0.0259
16.9308,-0.1742,0.1132,0.5794,6132914.0000,0,0,0.0329,-0.0263
16.9408,-0.3924,0.4232,0.5794,6132914.0000,0,0,0.0274,-0.0282
16.9504,-0.2073,0.0219,0.5794,6132914.0000,0,0,0.0257,-0.0287
16.9605,-0.0976,0.0568,0.5794,6132914.0000,0,0,0.0262,-0.0286
16.9703,-0.3223,0.5155,0.5794,6132914.0000,0,0,0.0222,-0.0280
16.9810,-0.3369,0.4390,0.5794,6132914.0000,0,0,0.0181,-0.0274
16.9913,0.1210,0.2642,0.5794,6132914.0000,0,0,0.0226,-0.0280
17.0005,-0.0564,0.3196,0.5794,6132914.0000,0,0,0.0236,-0.0282
17.0104,-0.1505,0.2428,0.5794,6132914.0000,0,0,0.0230,-0.0281
17.0205,-0.1167,0.3046,0.5794,6132914.0000,0,0,0.0229,-0.0281
17.0308,-0.2050,0.1523,0.5794,6132914.0000,0,0,0.0213,-0.0279
17.0408,-0.0824,-0.2658,0.5794,6132914.0000,0,0,0.0219,-0.0279
17.0504,-0.1916,-0.1801,0.5794,6132914.0000,0,0,0.0206,-0.0278
17.0605,-0.3826,0.4019,0.5794,6132914.0000,0,0,0.0160,-0.0272
17.0705,-0.3176,0.1309,0.5794,6132914.0000,0,0,0.0127,-0.0267
17.0808,-0.0194,0.0569,0.5794,6132914.0000,0,0,0.0146,-0.0270
17.0908,-0.3192,0.5408,0.5794,6132914.0000,0,0,0.0113,-0.0266
17.1005,-0.3263,0.6554,0.5794,6132914.0000,0,0,0.0088,-0.0241
17.1104,0.1634,0.2922,0.5794,6132914.0000,0,0,0.0124,-0.0276
17.1205,-0.0262,0.2918,0.5794,6132914.0000,0,0,0.0135,-0.0287
17.1307,-0.1553,0.3371,0.5794,6132914.0000,0,0,0.0131,-0.0283
17.1408,-0.1771,0.2857,0.5794,6132914.0000,0,0,0.0124,-0.0276
17.1505,-0.2698,0.2629,0.5794,6132914.0000,0,0,0.0107,-0.0260
17.1605,-0.1399,-0.0147,0.5794,6132914.0000,0,0,0.0105,-0.0258
17.1704,-0.1899,0.0514,0.5794,6132914.0000,0,0,0.0097,-0.0251
17.1809,-0.3538,0.5688,0.5794,6132914.0000,0,0,0.0071,-0.0227
17.1912,-0.2631,0.2648,0.5794,6132914.0000,0,0,0.0056,-0.0213
17.2005,-0.0081,0.0877,0.5794,6132914.0000,0,0,0.0071,-0.0226
17.2104,-0.3597,0.7581,0.5794,6132914.0000,0,0,0.0045,-0.0203
17.2205,-0.3830,0.8585,0.5794,6132914.0000,0,0,0.0018,-0.0179
17.2308,0.0923,0.4507,0.5794,6132914.0000,0,0,0.0044,-0.0202
17.2408,-0.0334,0.4027,0.5794,6132914.0000,0,0,0.0047,-0.0220
17.2505,-0.0314,0.3564,0.5794,6132914.0000,0,0,0.0050,-0.0237
17.2605,0.0327,0.1555,0.5794,6132914.0000,0,0,0.0054,-0.0265
17.2705,-0.0356,0.2674,0.5794,6132914.0000,0,0,0.0057,-0.0280
17.2807,-0.0866,0.0044,0.5794,6132914.0000,0,0,0.0058,-0.0286
17.2908,-0.1252,0.0780,0.5794,6132914.0000,0,0,0.0057,-0.0286
17.3005,-0.3626,0.5574,0.5794,6132914.0000,0,0,0.0051,-0.0247
17.3105,-0.1713,0.2712,0.5794,6132914.0000,0,0,0.0050,-0.0240
17.3205,0.1353,0.0583,0.5794,6132914.0000,0,0,0.0057,-0.0282
17.3308,-0.2480,0.6774,0.5794,6132914.0000,0,0,0.0054,-0.0262
17.3408,-0.0191,0.8518,0.5794,6132914.0000,0,0,0.0056,-0.0279
17.3504,0.2838,0.2166,0.5794,6132914.0000,0,0,0.0067,-0.0341
17.3605,0.0108,0.3600,0.5794,6132914.0000,0,0,0.0070,-0.0360
17.3704,-0.0344,0.4999,0.5794,6132914.0000,0,0,0.0072,-0.0372
17.3809,-0.0783,-0.0275,0.5794,6132914.0000,0,0,0.0069,-0.0378
17.3913,0.0649,-0.1373,0.5794,6132914.0000,0,0,0.0056,-0.0410
17.4005,-0.0320,0.0186,0.5794,6132914.0000,0,0,0.0051,-0.0423
17.4104,-0.1761,0.0887,0.5794,6132914.0000,0,0,0.0056,-0.0411
17.4205,-0.0954,0.2709,0.5794,6132914.0000,0,0,0.0055,-0.0413
17.4308,0.0334,0.1293,0.5794,6132914.0000,0,0,0.0045,-0.0437
17.4408,0.0354,0.1504,0.5794,6132914.0000,0,0,0.0035,-0.0460
17.4504,-0.2656,0.6552,0.5794,6132914.0000,0,0,0.0047,-0.0433
17.4604,-0.0793,0.6048,0.5794,6132914.0000,0,0,0.0045,-0.0437
17.4704,0.1913,0.0745,0.5794,6132914.0000,0,0,0.0025,-0.0485
17.4808,-0.0695,0.3304,0.5794,6132914.0000,0,0,0.0023,-0.0489
17.4908,0.0356,0.5189,0.5794,6132914.0000,0,0,0.0015,-0.0510
17.5006,0.1003,0.0518,0.5794,6132914.0000,0,0,0.0002,-0.0540
17.5105,0.0204,0.1118,0.5794,6132914.0000,0,0,-0.0005,-0.0557
17.5205,-0.2002,0.2136,0.5794,6132914.0000,0,0,0.0011,-0.0545
17.5307,-0.2683,0.0375,0.5794,6132914.0000,0,0,0.0036,-0.0524
17.5408,-0.1415,0.0801,0.5794,6132914.0000,0,0,0.0041,-0.0519
17.5504,-0.0783,0.0470,0.5794,6132914.0000,0,0,0.0037,-0.0523
17.5605,-0.1449,0.1901,0.5794,6132914.0000,0,0,0.0043,-0.0518
17.5704,-0.3288,0.5578,0.5794,6132914.0000,0,0,0.0075,-0.0492
17.5809,-0.1022,0.3860,0.5794,6132914.0000,0,0,0.0073,-0.0493
17.5912,-0.1296,0.1547,0.5794,6132914.0000,0,0,0.0076,-0.0491
17.6005,-0.2859,0.5002,0.5794,6132914.0000,0,0,0.0100,-0.0471
17.6105,-0.0341,0.5141,0.5794,6132914.0000,0,0,0.0089,-0.0480
17.6205,-0.0070,0.0263,0.5794,6132914.0000,0,0,0.0074,-0.0492
17.6308,-0.2186,0.3863,0.5794,6132914.0000,0,0,0.0089,-0.0481
17.6409,-0.1209,0.6707,0.5794,6132914.0000,0,0,0.0090,-0.0480
17.6504,-0.0062,0.1055,0.5794,6132914.0000,0,0,0.0065,-0.0483
17.6606,0.0251,-0.0470,0.5794,6132914.0000,0,0,0.0036,-0.0486
17.6704,-0.1967,0.3434,0.5794,6132914.0000,0,0,0.0049,-0.0485
17.6808,-0.2360,0.1392,0.5794,6132914.0000,0,0,0.0068,-0.0482
17.6908,-0.0998,-0.2038,0.5794,6132914.0000,0,0,0.0062,-0.0483
17.7006,-0.0590,0.0409,0.5794,6132914.0000,0,0,0.0049,-0.0485
17.7104,-0.2825,0.2927,0.5794,6132914.0000,0,0,0.0075,-0.0482
17.7205,-0.3442,0.1843,0.5794,6132914.0000,0,0,0.0111,-0.0477
17.7308,-0.0424,0.1832,0.5794,6132914.0000,0,0,0.0095,-0.0479
17.7408,-0.0921,0.2123,0.5794,6132914.0000,0,0,0.0088,-0.0480
17.7504,-0.3296,0.3908,0.5794,6132916.0000,0,0,0.0119,-0.0476
17.7605,-0.0492,0.6360,0.5794,6132916.0000,0,0,0.0130,-0.0479
17.7704,-0.0126,0.1804,0.5794,6132916.0000,0,0,0.0147,-0.0485
17.7809,-0.0073,0.0269,0.5794,6132916.0000,0,0,0.0163,-0.0490
17.7913,-0.0659,0.4530,0.5794,6132916.0000,0,0,0.0166,-0.0493
17.8005,-0.1055,0.3136,0.5794,6132916.0000,0,0,0.0165,-0.0492
17.8104,-0.0034,-0.2882,0.5794,6132916.0000,0,0,0.0172,-0.0504
17.8205,-0.1118,-0.0347,0.5794,6132916.0000,0,0,0.0170,-0.0501
17.8307,-0.1807,0.2482,0.5794,6132916.0000,0,0,0.0163,-0.0489
17.8408,-0.1246,-0.1804,0.5794,6132916.0000,0,0,0.0161,-0.0485
17.8505,0.0323,-0.0368,0.5794,6132916.0000,0,0,0.0170,-0.0501
17.8605,-0.1565,0.2558,0.5794,6132916.0000,0,0,0.0165,-0.0493
17.8704,-0.3800,0.2427,0.5794,6132916.0000,0,0,0.0144,-0.0457
17.8808,0.0499,0.2914,0.5794,6132916.0000,0,0,0.0155,-0.0475
17.8907,0.0493,0.2437,0.5794,6132916.0000,0,0,0.0165,-0.0493
17.9005,-0.0467,0.3554,0.5794,6132916.0000,0,0,0.0169,-0.0499
17.9105,0.0262,0.5981,0.5794,6132916.0000,0,0,0.0177,-0.0513
17.9205,0.0466,0.3270,0.5794,6132916.0000,0,0,0.0187,-0.0529
17.9307,-0.0117,0.0440,0.5794,6132916.0000,0,0,0.0184,-0.0542
17.9409,-0.1085,0.2030,0.5794,6132916.0000,0,0,0.0184,-0.0539
17.9505,-0.0404,0.1966,0.5794,6132916.0000,0,0,0.0182,-0.0547
17.9605,-0.0299,-0.2336,0.5794,6132916.0000,0,0,0.0179,-0.0557
17.9704,-0.0130,-0.1200,0.5794,6132916.0000,0,0,0.0176,-0.0568
17.9809,-0.1639,0.2884,0.5794,6132916.0000,0,0,0.0179,-0.0557
17.9913,-0.3714,0.1870,0.5794,6132916.0000,0,0,0.0191,-0.0516
18.0005,-0.0484,0.0714,0.5794,6132916.0000,0,0,0.0189,-0.0523
18.0104,-0.2163,0.1701,0.5794,6132916.0000,0,0,0.0194,-0.0506
18.0205,-0.3951,0.2570,0.5794,6132916.0000,0,0,0.0207,-0.0463
18.0307,-0.1668,0.0697,0.5794,6132916.0000,0,0,0.0210,-0.0454
18.0408,-0.1138,0.2961,0.5794,6132916.0000,0,0,0.0210,-0.0452
18.0505,-0.2314,0.4626,0.5794,6132916.0000,0,0,0.0215,-0.0435
18.0605,-0.2150,0.5300,0.5794,6132916.0000,0,0,0.0220,-0.0419
18.0704,0.0031,0.4818,0.5794,6132916.0000,0,0,0.0200,-0.0432
18.0808,-0.1051,0.1850,0.5794,6132916.0000,0,0,0.0198,-0.0434
18.0908,-0.2848,0.3349,0.5794,6132916.0000,0,0,0.0222,-0.0418
18.1005,-0.2131,0.6553,0.5794,6132916.0000,0,0,0.0234,-0.0410
18.1105,-0.1338,0.1129,0.5794,6132916.0000,0,0,0.0235,-0.0409
18.1205,-0.0700,0.0302,0.5794,6132916.0000,0,0,0.0227,-0.0415
18.1307,-0.3212,0.3638,0.5794,6132916.0000,0,0,0.0255,-0.0397
18.1408,-0.3617,0.1329,0.5794,6132916.0000,0,0,0.0288,-0.0375
18.1504,-0.2049,-0.2242,0.5794,6132916.0000,0,0,0.0298,-0.0369
18.1605,-0.2186,0.0678,0.5794,6132916.0000,0,0,0.0309,-0.0362
18.1704,-0.2827,0.2053,0.5794,6132916.0000,0,0,0.0329,-0.0349
18.1809,-0.1112,-0.0839,0.5794,6132916.0000,0,0,0.0325,-0.0351
18.1911,-0.0844,0.1801,0.5794,6132916.0000,0,0,0.0318,-0.0356
18.2005,-0.5083,0.4539,0.5794,6132916.0000,0,0,0.0388,-0.0367
18.2104,-0.4841,0.3997,0.5794,6132916.0000,0,0,0.0451,-0.0376
18.2205,-0.1859,0.3524,0.5794,6132916.0000,0,0,0.0452,-0.0376
18.2307,-0.2137,0.3521,0.5794,6132916.0000,0,0,0.0459,-0.0377
18.2408,-0.3279,0.4540,0.5794,6132916.0000,0,0,0.0487,-0.0381
18.2504,-0.2303,0.7579,0.5794,6132916.0000,0,0,0.0496,-0.0383
18.2605,-0.1121,0.3807,0.5794,6132916.0000,0,0,0.0482,-0.0381
18.2704,-0.0604,0.1012,0.5794,6132916.0000,0,0,0.0460,-0.0377
18.2808,-0.1935,0.4284,0.5794,6132916.0000,0,0,0.0462,-0.0378
18.2908,-0.2583,0.2804,0.5794,6132916.0000,0,0,0.0476,-0.0380
18.3005,-0.0984,-0.1384,0.5794,6132916.0000,0,0,0.0462,-0.0378
18.3104,-0.1079,0.0322,0.5794,6132916.0000,0,0,0.0449,-0.0376
18.3205,-0.1472,0.1834,0.5794,6132916.0000,0,0,0.0443,-0.0375
18.3308,-0.3012,0.1445,0.5794,6132916.0000,0,0,0.0464,-0.0378
18.3408,-0.1643,0.3223,0.5794,6132916.0000,0,0,0.0458,-0.0370
18.3504,-0.2130,0.0895,0.5794,6132916.0000,0,0,0.0460,-0.0373
18.3604,-0.4506,0.2291,0.5794,6132916.0000,0,0,0.0499,-0.0420
18.3704,-0.3962,0.7520,0.5794,6132916.0000,0,0,0.0528,-0.0455
18.3809,-0.1171,0.2634,0.5794,6132916.0000,0,0,0.0513,-0.0437
18.3911,-0.0868,0.1016,0.5794,6132916.0000,0,0,0.0494,-0.0414
18.4005,-0.2900,0.5887,0.5794,6132916.0000,0,0,0.0506,-0.0428
18.4104,-0.2050,0.3967,0.5794,6132916.0000,0,0,0.0505,-0.0427
18.4205,0.0412,-0.0172,0.5794,6132916.0000,0,0,0.0470,-0.0385
18.4308,-0.1246,0.0660,0.5794,6132916.0000,0,0,0.0460,-0.0372
18.4408,-0.3514,0.0469,0.5794,6132916.0000,0,0,0.0480,-0.0396
18.4504,-0.4832,-0.0243,0.5794,6132916.0000,0,0,0.0516,-0.0440
18.4605,-0.4065,0.0496,0.5794,6132916.0000,0,0,0.0541,-0.0470
18.4704,-0.2016,-0.1748,0.5794,6132916.0000,0,0,0.0539,-0.0468
18.4808,-0.2237,-0.0319,0.5794,6132916.0000,0,0,0.0538,-0.0466
18.4908,-0.4567,0.4177,0.5794,6132916.0000,0,0,0.0547,-0.0538
18.5005,-0.3337,-0.0540,0.5794,6132916.0000,0,0,0.0550,-0.0567
18.5105,-0.1671,-0.1748,0.5794,6132916.0000,0,0,0.0547,-0.0544
18.5205,-0.5228,0.3905,0.5794,6132916.0000,0,0,0.0556,-0.0627
18.5307,-0.3456,0.3235,0.5794,6132916.0000,0,0,0.0559,-0.0653
18.5407,-0.1343,-0.0081,0.5794,6132916.0000,0,0,0.0556,-0.0620
18.5505,-0.3035,0.3410,0.5794,6132916.0000,0,0,0.0557,-0.0634
18.5605,-0.3470,0.4592,0.5794,6132916.0000,0,0,0.0560,-0.0659
18.5705,-0.2331,0.0172,0.5794,6132916.0000,0,0,0.0559,-0.0653
18.5809,-0.1632,-0.0817,0.5794,6132916.0000,0,0,0.0557,-0.0630
18.5912,-0.2214,0.0044,0.5794,6132916.0000,0,0,0.0556,-0.0622
18.6005,-0.4911,0.1127,0.5794,6132916.0000,0,0,0.0562,-0.0679
18.6104,-0.4778,0.3153,0.5794,6132916.0000,0,0,0.0568,-0.0730
18.6205,-0.4394,0.0985,0.5794,6132916.0000,0,0,0.0547,-0.0792
18.6307,-0.4212,0.0697,0.5794,6132916.0000,0,0,0.0530,-0.0842
18.6408,-0.4677,0.3643,0.5794,6132916.0000,0,0,0.0509,-0.0903
18.6504,-0.2851,0.4292,0.5794,6132916.0000,0,0,0.0510,-0.0900
18.6606,-0.2484,0.3131,0.5794,6132916.0000,0,0,0.0515,-0.0886
18.6704,-0.4521,0.4821,0.5794,6132916.0000,0,0,0.0498,-0.0934
18.6808,-0.3222,0.5466,0.5794,6132916.0000,0,0,0.0496,-0.0941
18.6908,-0.3352,0.0622,0.5794,6132916.0000,0,0,0.0493,-0.0951
18.7005,-0.4079,-0.0185,0.5794,6132916.0000,0,0,0.0483,-0.0980
18.7105,-0.4562,0.3952,0.5794,6132919.5000,0,0,0.0469,-0.1020
18.7205,-0.5278,0.0998,0.5794,6132919.5000,0,0,0.0327,-0.1017
18.7307,-0.2715,-0.4079,0.5794,6132919.5000,0,0,0.0278,-0.1015
18.7407,-0.4589,-0.0365,0.5794,6132919.5000,0,0,0.0175,-0.1013
18.7504,-0.7490,0.3435,0.5794,6132919.5000,0,0,0.0082,-0.0942
18.7605,-0.6260,0.0955,0.5794,6132919.5000,0,0,0.0012,-0.0887
18.7704,-0.4120,0.2253,0.5794,6132919.5000,0,0,-0.0026,-0.0859
18.7809,-0.5934,0.5735,0.5794,6132919.5000,0,0,-0.0087,-0.0812
18.7912,-0.5858,0.5770,0.5794,6132919.5000,0,0,-0.0144,-0.0768
18.8005,-0.1564,0.5403,0.5794,6132919.5000,0,0,-0.0141,-0.0770
18.8104,-0.3707,0.2530,0.5794,6132919.5000,0,0,-0.0166,-0.0750
18.8204,-0.5011,0.3014,0.5794,6132919.5000,0,0,-0.0208,-0.0719
18.8308,-0.4327,0.5668,0.5794,6132919.5000,0,0,-0.0239,-0.0695
18.8408,-0.4342,0.3576,0.5794,6132919.5000,0,0,-0.0269,-0.0671
18.8504,-0.2882,-0.1128,0.5794,6132919.5000,0,0,-0.0280,-0.0663
18.8605,-0.4110,0.0023,0.5794,6132919.5000,0,0,-0.0305,-0.0644
18.8704,-0.5599,0.2130,0.5794,6132919.5000,0,0,-0.0348,-0.0611
18.8808,-0.6398,-0.0843,0.5794,6132919.5000,0,0,-0.0399,-0.0572
18.8908,-0.5548,0.0258,0.5794,6132919.5000,0,0,-0.0382,-0.0514
18.9005,-0.7049,0.5716,0.5794,6132919.5000,0,0,-0.0358,-0.0434
18.9104,-0.5086,0.2282,0.5794,6132919.5000,0,0,-0.0345,-0.0387
18.9205,-0.2455,-0.0282,0.5794,6132919.5000,0,0,-0.0344,-0.0384
18.9308,-0.6111,0.4031,0.5794,6132919.5000,0,0,-0.0326,-0.0324
18.9408,-0.5853,0.5886,0.5794,6132919.5000,0,0,-0.0310,-0.0269
18.9504,-0.4026,0.0994,0.5794,6132919.5000,0,0,-0.0303,-0.0244
18.9605,-0.5320,0.3065,0.5794,6132919.5000,0,0,-0.0290,-0.0199
18.9704,-0.5218,0.5694,0.5794,6132919.5000,0,0,-0.0278,-0.0158
18.9809,-0.4607,0.1342,0.5794,6132919.5000,0,0,-0.0269,-0.0127
18.9913,-0.2810,-0.1647,0.5794,6132919.5000,0,0,-0.0268,-0.0124
19.0005,-0.5433,-0.0160,0.5794,6132919.5000,0,0,-0.0255,-0.0081
19.0104,-0.8484,0.0149,0.5794,6132919.5000,0,0,-0.0230,0.0005
19.0205,-0.8124,-0.2744,0.5794,6132919.5000,0,0,-0.0207,0.0084
19.0307,-0.6605,0.0246,0.5794,6132919.5000,0,0,-0.0136,0.0142
19.0408,-0.7467,0.5298,0.5794,6132919.5000,0,0,-0.0052,0.0212
19.0504,-0.6206,0.3590,0.5794,6132919.5000,0,0,0.0006,0.0261
19.0604,-0.2602,0.2116,0.5794,6132919.5000,0,0,-0.0001,0.0255
19.0704,-0.6046,0.4040,0.5794,6132919.5000,0,0,0.0052,0.0299
19.0808,-0.7260,0.3555,0.5794,6132919.5000,0,0,0.0125,0.0359
19.0908,-0.4554,0.0201,0.5794,6132919.5000,0,0,0.0149,0.0379
19.1005,-0.6282,0.2174,0.5794,6132919.5000,0,0,0.0202,0.0423
19.1105,-0.5333,0.3235,0.5794,6132919.5000,0,0,0.0237,0.0452
19.1205,-0.4835,0.1693,0.5794,6132919.5000,0,0,0.0263,0.0474
19.1308,-0.4737,0.1632,0.5794,6132919.5000,0,0,0.0286,0.0493
19.1408,-0.4633,-0.3240,0.5794,6132919.5000,0,0,0.0307,0.0511
19.1504,-0.5607,-0.2158,0.5794,6132919.5000,0,0,0.0343,0.0541
19.1605,-0.8308,0.5188,0.5794,6132919.5000,0,0,0.0456,0.0570
19.1704,-0.6800,0.1262,0.5794,6132919.5000,0,0,0.0532,0.0589
19.1809,-0.3072,-0.0542,0.5794,6132919.5000,0,0,0.0522,0.0586
19.1913,-0.6381,0.5096,0.5794,6132919.5000,0,0,0.0585,0.0603
19.2005,-0.5495,0.4586,0.5794,6132919.5000,0,0,0.0627,0.0613
19.2104,-0.1725,-0.0765,0.5794,6132919.5000,0,0,0.0588,0.0603
19.2205,-0.4371,0.1573,0.5794,6132919.5000,0,0,0.0605,0.0607
19.2308,-0.6121,0.4788,0.5794,6132919.5000,0,0,0.0658,0.0621
19.2408,-0.5031,0.2159,0.5794,6132919.5000,0,0,0.0687,0.0628
19.2504,-0.3897,0.1069,0.5794,6132919.5000,0,0,0.0692,0.0630
19.2605,-0.5348,0.4157,0.5794,6132919.5000,0,0,0.0726,0.0638
19.2704,-0.5620,0.2705,0.5794,6132919.5000,0,0,0.0764,0.0648
19.2808,-0.5056,-0.1385,0.5794,6132919.5000,0,0,0.0790,0.0655
19.2908,-0.5753,-0.1550,0.5794,6132919.5000,0,0,0.0829,0.0665
19.3005,-0.5689,0.1321,0.5794,6132919.5000,0,0,0.0863,0.0643
19.3104,-0.6410,-0.0760,0.5794,6132919.5000,0,0,0.0907,0.0616
19.3205,-0.3212,0.0149,0.5794,6132919.5000,0,0,0.0900,0.0620
19.3307,-0.5850,0.2884,0.5794,6132919.5000,0,0,0.0933,0.0599
19.3408,-0.6910,0.3912,0.5794,6132919.5000,0,0,0.0981,0.0569
19.3504,-0.3155,0.2138,0.5794,6132919.5000,0,0,0.0972,0.0574
19.3605,-0.3614,0.2438,0.5794,6132919.5000,0,0,0.0970,0.0576
19.3704,-0.5508,0.3745,0.5794,6132919.5000,0,0,0.0995,0.0560
19.3809,-0.3355,0.1640,0.5794,6132919.5000,0,0,0.0989,0.0564
19.3912,-0.2809,0.2327,0.5794,6132919.5000,0,0,0.0976,0.0572
19.4005,-0.4034,0.4049,0.5794,6132919.5000,0,0,0.0979,0.0570
19.4104,-0.4805,0.1424,0.5794,6132919.5000,0,0,0.0994,0.0561
19.4205,-0.3170,-0.1884,0.5794,6132919.5000,0,0,0.0985,0.0566
19.4308,-0.4445,-0.2767,0.5794,6132919.5000,0,0,0.0994,0.0561
19.4408,-0.2226,-0.2851,0.5794,6132919.5000,0,0,0.0996,0.0592
19.4504,-0.5519,0.0696,0.5794,6132919.5000,0,0,0.0993,0.0533
19.4605,-0.4769,0.2925,0.5794,6132919.5000,0,0,0.0991,0.0497
19.4704,-0.2958,-0.0840,0.5794,6132919.5000,0,0,0.0992,0.0509
19.4808,-0.5331,0.0593,0.5794,6132919.5000,0,0,0.0990,0.0462
19.4908,-0.4780,0.6809,0.5794,6132919.5000,0,0,0.0988,0.0430
19.5006,-0.2242,0.2198,0.5794,6132919.5000,0,0,0.0989,0.0461
19.5104,-0.1666,-0.0572,0.5794,6132919.5000,0,0,0.0992,0.0503
19.5205,-0.2318,0.2714,0.5794,6132919.5000,0,0,0.0993,0.0529
19.5307,-0.2872,0.1009,0.5794,6132919.5000,0,0,0.0993,0.0541
19.5408,-0.2041,-0.3860,0.5794,6132919.5000,0,0,0.0995,0.0570
19.5504,-0.3266,-0.1304,0.5794,6132919.5000,0,0,0.0995,0.0572
19.5605,-0.3119,0.2069,0.5794,6132919.5000,0,0,0.0995,0.0577
19.5704,-0.3831,0.0820,0.5794,6132919.5000,0,0,0.0995,0.0567
19.5809,0.0344,0.0258,0.5794,6132919.5000,0,0,0.1068,0.0683
19.5913,-0.3075,0.2679,0.5794,6132919.5000,0,0,0.1058,0.0667
19.6005,-0.4891,0.5414,0.5794,6132919.5000,0,0,0.1010,0.0591
19.6104,-0.0663,0.3132,0.5794,6132919.5000,0,0,0.1054,0.0659
19.6205,-0.0239,0.1356,0.5794,6132919.5000,0,0,0.1102,0.0736
19.6308,-0.1063,0.3213,0.5794,6132919.5000,0,0,0.1131,0.0781
19.6408,-0.1249,0.0989,0.5794,6132919.5000,0,0,0.1155,0.0818
19.6504,0.0958,-0.0159,0.5794,6132919.5000,0,0,0.1216,0.0914
19.6606,-0.0018,0.0541,0.5794,6132919.5000,0,0,0.1256,0.0978
19.6703,-0.1312,-0.0281,0.5794,6132919.5000,0,0,0.1272,0.1002
19.6808,-0.2440,-0.0508,0.5794,6132919.5000,0,0,0.1267,0.0994
19.6908,-0.2328,0.0316,0.5794,6132919.5000,0,0,0.1265,0.0991
19.7005,-0.1067,0.0838,0.5794,6132919.5000,0,0,0.1282,0.1018
19.7104,-0.4405,0.1410,0.5794,6132923.5000,0,0,0.1168,0.0924
19.7205,-0.1659,0.2995,0.5794,6132923.5000,0,0,0.1201,0.0924
19.7307,-0.0060,0.3005,0.5794,6132923.5000,0,0,0.1304,0.0926
19.7408,-0.2261,0.5443,0.5794,6132923.5000,0,0,0.1299,0.0926
19.7503,-0.1718,0.5967,0.5794,6132923.5000,0,0,0.1317,0.0927
19.7605,-0.0028,0.4240,0.5794,6132923.5000,0,0,0.1399,0.0928
19.7704,0.0311,0.1871,0.5794,6132923.5000,0,0,0.1487,0.0930
19.7809,-0.2781,0.1455,0.5794,6132923.5000,0,0,0.1455,0.0930
19.7913,-0.3119,0.4785,0.5794,6132923.5000,0,0,0.1413,0.0929
19.8005,-0.5076,0.2377,0.5794,6132923.5000,0,0,0.1311,0.0927
19.8104,-0.4167,-0.1751,0.5794,6132923.5000,0,0,0.1245,0.0925
19.8205,-0.2873,0.1120,0.5794,6132923.5000,0,0,0.1225,0.0925
19.8308,-0.3573,0.2526,0.5794,6132923.5000,0,0,0.1186,0.0924
19.8408,-0.0516,-0.1384,0.5794,6132923.5000,0,0,0.1238,0.0925
19.8504,0.0397,-0.0572,0.5794,6132923.5000,0,0,0.1278,0.0885
19.8605,-0.3502,0.5594,0.5794,6132923.5000,0,0,0.1271,0.0892
19.8704,-0.4818,0.4956,0.5794,6132923.5000,0,0,0.1250,0.0914
19.8807,-0.1653,0.2101,0.5794,6132923.5000,0,0,0.1265,0.0899
19.8907,-0.2633,0.5092,0.5794,6132923.5000,0,0,0.1268,0.0895
19.9005,-0.3237,0.5293,0.5794,6132923.5000,0,0,0.1265,0.0899
19.9105,0.0245,0.3189,0.5794,6132923.5000,0,0,0.1299,0.0865
19.9205,-0.1887,0.2339,0.5794,6132923.5000,0,0,0.1310,0.0855
19.9308,-0.1691,0.0780,0.5794,6132923.5000,0,0,0.1322,0.0843
19.9408,-0.1504,0.1016,0.5794,6132923.5000,0,0,0.1335,0.0830
19.9505,-0.1422,0.2330,0.5794,6132923.5000,0,0,0.1349,0.0816
19.9605,-0.1189,-0.1290,0.5794,6132923.5000,0,0,0.1365,0.0800
19.9704,0.0375,-0.0963,0.5794,6132923.5000,0,0,0.1395,0.0770
19.9809,-0.3344,0.4602,0.5794,6132923.5000,0,0,0.1388,0.0777
19.9913,-0.4340,0.4293,0.5794,6132923.5000,0,0,0.1396,0.0795
20.0005,0.0479,-0.0276,0.5794,6132923.5000,0,0,0.1364,0.0723
20.0104,-0.0390,0.1123,0.5794,6132923.5000,0,0,0.1340,0.0670
20.0204,-0.1764,0.7039,0.5794,6132923.5000,0,0,0.1328,0.0643
20.0308,0.0557,0.4632,0.5794,6132923.5000,0,0,0.1298,0.0576
20.0408,0.0850,0.2292,0.5794,6132923.5000,0,0,0.1266,0.0506
20.0504,0.0129,0.5383,0.5794,6132923.5000,0,0,0.1242,0.0451
20.0605,-0.1144,0.3763,0.5794,6132923.5000,0,0,0.1227,0.0419
20.0704,0.0363,0.0499,0.5794,6132923.5000,0,0,0.1202,0.0362
20.0808,-0.1219,0.0865,0.5794,6132923.5000,0,0,0.1189,0.0334
20.0907,-0.1362,0.0745,0.5794,6132923.5000,0,0,0.1178,0.0310
20.1005,-0.2971,0.1553,0.5794,6132923.5000,0,0,0.1179,0.0312
20.1104,-0.2771,0.4212,0.5794,6132923.5000,0,0,0.1179,0.0311
20.1205,-0.0046,0.2893,0.5794,6132923.5000,0,0,0.1159,0.0266
20.1308,-0.1972,0.3340,0.5794,6132923.5000,0,0,0.1131,0.0244
20.1408,-0.1546,0.7596,0.5794,6132923.5000,0,0,0.1096,0.0215
20.1504,0.0343,0.5136,0.5794,6132923.5000,0,0,0.1022,0.0154
20.1605,0.0638,0.3519,0.5794,6132923.5000,0,0,0.0945,0.0091
20.1704,-0.1291,0.6663,0.5794,6132923.5000,0,0,0.0911,0.0062
20.1809,-0.1246,0.5505,0.5794,6132923.5000,0,0,0.0877,0.0034
20.1912,0.1426,0.1134,0.5794,6132923.5000,0,0,0.0790,-0.0037
20.2005,0.0400,0.0296,0.5794,6132923.5000,0,0,0.0728,-0.0089
20.2104,-0.0300,0.1590,0.5794,6132923.5000,0,0,0.0680,-0.0127
20.2205,-0.2225,0.2426,0.5794,6132923.5000,0,0,0.0672,-0.0134
20.2307,-0.2252,0.4442,0.5794,6132923.5000,0,0,0.0664,-0.0141
20.2408,-0.0307,0.2344,0.5794,6132923.5000,0,0,0.0620,-0.0177
20.2505,-0.2606,0.1902,0.5794,6132923.5000,0,0,0.0620,-0.0177
20.2605,-0.2267,0.7610,0.5794,6132923.5000,0,0,0.0606,-0.0182
20.2704,-0.1279,0.5029,0.5794,6132923.5000,0,0,0.0568,-0.0195
20.2808,0.0720,0.2355,0.5794,6132923.5000,0,0,0.0485,-0.0223
20.2907,-0.1217,0.6220,0.5794,6132923.5000,0,0,0.0450,-0.0235
20.3005,-0.1240,0.6087,0.5794,6132923.5000,0,0,0.0417,-0.0246
20.3105,-0.0884,-0.0063,0.5794,6132923.5000,0,0,0.0377,-0.0260
20.3205,-0.1177,-0.0137,0.5794,6132923.5000,0,0,0.0345,-0.0271
20.3307,-0.1754,0.2402,0.5794,6132923.5000,0,0,0.0326,-0.0277
20.3408,-0.4901,0.3267,0.5794,6132923.5000,0,0,0.0378,-0.0259
20.3505,-0.2102,0.5159,0.5794,6132923.5000,0,0,0.0367,-0.0263
20.3605,-0.0935,0.5325,0.5794,6132923.5000,0,0,0.0331,-0.0275
20.3704,-0.3288,0.5670,0.5794,6132923.5000,0,0,0.0346,-0.0270
20.3809,-0.1748,0.9196,0.5794,6132923.5000,0,0,0.0329,-0.0276
20.3912,-0.1192,0.7538,0.5794,6132923.5000,0,0,0.0301,-0.0285
20.4005,-0.0176,0.3015,0.5794,6132923.5000,0,0,0.0260,-0.0267
20.4104,-0.2066,0.2130,0.5794,6132923.5000,0,0,0.0251,-0.0263
20.4205,-0.1943,0.5266,0.5794,6132923.5000,0,0,0.0240,-0.0258
20.4308,-0.2480,0.1526,0.5794,6132923.5000,0,0,0.0238,-0.0257
20.4408,0.0340,-0.0388,0.5794,6132923.5000,0,0,0.0193,-0.0236
20.4504,-0.1799,0.4416,0.5794,6132923.5000,0,0,0.0182,-0.0231
20.4605,-0.5043,0.5914,0.5794,6132923.5000,0,0,0.0220,-0.0248
20.4703,-0.1373,0.4062,0.5794,6132923.5000,0,0,0.0202,-0.0240
20.4808,-0.1542,0.5158,0.5794,6132923.5000,0,0,0.0187,-0.0233
20.4908,-0.2937,0.6548,0.5794,6132923.5000,0,0,0.0193,-0.0236
20.5005,-0.1389,0.5342,0.5794,6132923.5000,0,0,0.0177,-0.0228
20.5105,-0.1045,0.5037,0.5794,6132923.5000,0,0,0.0156,-0.0219
20.5205,-0.1420,0.1077,0.5794,6132923.5000,0,0,0.0141,-0.0212
20.5307,-0.2205,-0.0409,0.5794,6132923.5000,0,0,0.0137,-0.0210
20.5408,-0.4306,0.4672,0.5794,6132923.5000,0,0,0.0135,-0.0256
20.5504,-0.6540,0.4806,0.5794,6132923.5000,0,0,0.0129,-0.0354
20.5605,-0.2764,0.0870,0.5794,6132923.5000,0,0,0.0129,-0.0356
20.5704,-0.4564,0.5070,0.5794,6132923.5000,0,0,0.0126,-0.0400
20.5809,-0.4517,0.8947,0.5794,6132923.5000,0,0,0.0123,-0.0441
20.5912,-0.0687,0.4420,0.5794,6132923.5000,0,0,0.0126,-0.0392
20.6005,-0.0304,0.3019,0.5794,6132923.5000,0,0,0.0130,-0.0336
20.6104,-0.1980,0.6046,0.5794,6132923.5000,0,0,0.0131,-0.0320
20.6205,-0.4071,0.2894,0.5794,6132923.5000,0,0,0.0129,-0.0351
20.6308,-0.3503,0.0960,0.5794,6132923.5000,0,0,0.0128,-0.0368
20.6408,-0.3000,0.0893,0.5794,6132923.5000,0,0,0.0128,-0.0373
20.6504,-0.3999,0.2598,0.5794,6132923.5000,0,0,0.0126,-0.0400
20.6606,-0.4514,0.4797,0.5794,6132923.5000,0,0,0.0124,-0.0435
20.6704,-0.3085,0.5837,0.5794,6132924.5000,0,0,0.0123,-0.0440
20.6808,-0.2613,0.4300,0.5794,6132924.5000,0,0,0.0123,-0.0440
20.6908,-0.5194,0.4759,0.5794,6132924.5000,0,0,0.0164,-0.0443
20.7005,-0.2184,0.6294,0.5794,6132924.5000,0,0,0.0156,-0.0442
20.7104,-0.2073,0.4463,0.5794,6132924.5000,0,0,0.0147,-0.0442
20.7205,-0.2507,0.1452,0.5794,6132924.5000,0,0,0.0144,-0.0442
20.7308,-0.3860,0.4673,0.5794,6132924.5000,0,0,0.0163,-0.0443
20.7407,-0.7020,0.4373,0.5794,6132924.5000,0,0,0.0230,-0.0447
20.7504,-0.4778,-0.0194,0.5794,6132924.5000,0,0,0.0261,-0.0449
20.7605,-0.4807,0.1449,0.5794,6132924.5000,0,0,0.0291,-0.0451
20.7703,-0.6501,0.8362,0.5794,6132924.5000,0,0,0.0347,-0.0455
20.7809,-0.4054,0.6917,0.5794,6132924.5000,0,0,0.0364,-0.0456
20.7912,-0.0357,0.4336,0.5794,6132924.5000,0,0,0.0326,-0.0453
20.8005,-0.3487,0.6701,0.5794,6132924.5000,0,0,0.0335,-0.0454
20.8104,-0.5529,0.4097,0.5794,6132924.5000,0,0,0.0324,-0.0510
20.8205,-0.4068,-0.0334,0.5794,6132924.5000,0,0,0.0320,-0.0531
20.8307,-0.5931,0.0987,0.5794,6132924.5000,0,0,0.0307,-0.0592
20.8408,-0.4280,0.1520,0.5794,6132924.5000,0,0,0.0302,-0.0615
20.8505,-0.6026,0.1266,0.5794,6132924.5000,0,0,0.0290,-0.0674
20.8605,-0.5098,0.4336,0.5794,6132924.5000,0,0,0.0282,-0.0712
20.8704,-0.3750,0.1662,0.5794,6132924.5000,0,0,0.0280,-0.0720
20.8808,-0.6178,0.1559,0.5794,6132924.5000,0,0,0.0269,-0.0778
20.8907,-0.6616,0.7510,0.5794,6132924.5000,0,0,0.0255,-0.0842
20.9005,-0.5180,0.4197,0.5794,6132924.5000,0,0,0.0248,-0.0875
20.9104,-0.4444,0.1709,0.5794,6132924.5000,0,0,0.0245,-0.0894
20.9205,-0.5219,0.5126,0.5794,6132924.5000,0,0,0.0238,-0.0926
20.9308,-0.5291,0.3325,0.5794,6132924.5000,0,0,0.0231,-0.0959
20.9408,-0.4328,-0.1978,0.5794,6132924.5000,0,0,0.0228,-0.0972
20.9504,-0.5788,-0.0989,0.5794,6132924.5000,0,0,0.0166,-0.1047
20.9605,-0.7032,0.4139,0.5794,6132924.5000,0,0,0.0070,-0.1161
20.9704,-0.8585,0.2472,0.5794,6132924.5000,0,0,-0.0063,-0.1321
20.9809,-0.3367,0.0965,0.5794,6132924.5000,0,0,-0.0036,-0.1288
20.9913,-0.3987,0.3703,0.5794,6132924.5000,0,0,-0.0028,-0.1279
21.0005,-0.5525,0.5789,0.5794,6132924.5000,0,0,-0.0061,-0.1319
21.0104,-0.2583,0.3601,0.5794,6132924.5000,0,0,-0.0016,-0.1265
21.0205,-0.4351,0.3341,0.5794,6132924.5000,0,0,-0.0019,-0.1268
21.0308,-0.6365,0.2781,0.5794,6132924.5000,0,0,-0.0070,-0.1330
21.0408,-0.6297,0.1742,0.5794,6132924.5000,0,0,-0.0117,-0.1386
21.0505,-0.5543,0.2224,0.5794,6132924.5000,0,0,-0.0143,-0.1417
21.0605,-0.4896,-0.0660,0.5794,6132924.5000,0,0,-0.0153,-0.1429
21.0704,-0.4506,-0.1164,0.5794,6132924.5000,0,0,-0.0153,-0.1430
21.0807,-0.5052,0.5120,0.5794,6132924.5000,0,0,-0.0166,-0.1445
21.0908,-0.5875,0.1988,0.5794,6132924.5000,0,0,-0.0220,-0.1484
21.1005,-0.2743,-0.0223,0.5794,6132924.5000,0,0,-0.0129,-0.1417
21.1105,-0.6453,0.5511,0.5794,6132924.5000,0,0,-0.0203,-0.1472
21.1205,-0.6147,0.7587,0.5794,6132924.5000,0,0,-0.0257,-0.1511
21.1307,-0.1711,0.2027,0.5794,6132924.5000,0,0,-0.0138,-0.1424
21.1408,-0.3462,0.2005,0.5794,6132924.5000,0,0,-0.0094,-0.1392
21.1504,-0.4497,0.4016,0.5794,6132924.5000,0,0,-0.0090,-0.1389
21.1605,-0.4852,0.0685,0.5794,6132924.5000,0,0,-0.0098,-0.1395
21.1704,-0.3013,-0.0976,0.5794,6132924.5000,0,0,-0.0047,-0.1358
21.1809,-0.3397,-0.1161,0.5794,6132924.5000,0,0,-0.0011,-0.1332
21.1912,-0.3682,-0.0918,0.5794,6132924.5000,0,0,0.0013,-0.1314
21.2005,-0.5084,0.0896,0.5794,6132924.5000,0,0,-0.0005,-0.1328
21.2104,-0.6371,0.1692,0.5794,6132924.5000,0,0,-0.0057,-0.1369
21.2204,-0.5673,0.0292,0.5794,6132924.5000,0,0,-0.0114,-0.1394
21.2307,-1.0455,0.2471,0.5794,6132924.5000,0,0,-0.0367,-0.1510
21.2408,-0.8206,0.5508,0.5794,6132924.5000,0,0,-0.0499,-0.1573
21.2504,-0.4836,0.2142,0.5794,6132924.5000,0,0,-0.0489,-0.1568
21.2605,-0.6283,0.1992,0.5794,6132924.5000,0,0,-0.0531,-0.1589
21.2703,-0.6344,0.5764,0.5794,6132924.5000,0,0,-0.0572,-0.1610
21.2808,-0.6697,0.1748,0.5794,6132924.5000,0,0,-0.0621,-0.1636
21.2908,-0.6267,-0.1800,0.5794,6132924.5000,0,0,-0.0651,-0.1653
21.3005,-0.7596,-0.0586,0.5794,6132924.5000,0,0,-0.0721,-0.1692
21.3104,-0.8542,-0.1154,0.5794,6132924.5000,0,0,-0.0814,-0.1745
21.3205,-0.7940,-0.2210,0.5794,6132924.5000,0,0,-0.0882,-0.1785
21.3307,-0.6669,0.0616,0.5794,6132924.5000,0,0,-0.0908,-0.1800
21.3408,-0.9437,0.2809,0.5794,6132924.5000,0,0,-0.1010,-0.1863
21.3505,-1.1533,0.4838,0.5794,6132924.5000,0,0,-0.1162,-0.1958
21.3606,-0.6053,0.6352,0.5794,6132924.5000,0,0,-0.1164,-0.1958
21.3704,-0.6454,0.1850,0.5794,6132924.5000,0,0,-0.1180,-0.1963
21.3808,-0.5867,0.0438,0.5794,6132924.5000,0,0,-0.1175,-0.1962
21.3912,-0.6387,0.2059,0.5794,6132924.5000,0,0,-0.1187,-0.1966
21.4005,-0.8289,-0.0580,0.5794,6132924.5000,0,0,-0.1257,-0.1991
21.4104,-0.6088,-0.3974,0.5794,6132924.5000,0,0,-0.1255,-0.1990
21.4205,-0.8709,-0.1775,0.5794,6132924.5000,0,0,-0.1329,-0.2019
21.4308,-1.1423,0.1714,0.5794,6132924.5000,0,0,-0.1474,-0.2077
21.4408,-0.9925,-0.0516,0.5794,6132924.5000,0,0,-0.1567,-0.2116
21.4504,-0.6623,0.1776,0.5794,6132924.5000,0,0,-0.1566,-0.2115
21.4605,-0.7315,0.5232,0.5794,6132924.5000,0,0,-0.1582,-0.2123
21.4705,-0.7819,0.3725,0.5794,6132924.5000,0,0,-0.1610,-0.2135
21.4808,-0.4483,0.2545,0.5794,6132924.5000,0,0,-0.1555,-0.2109
21.4907,-0.6974,-0.1110,0.5794,6132924.5000,0,0,-0.1563,-0.2113
21.5005,-0.6128,-0.1762,0.5794,6132924.5000,0,0,-0.1569,-0.2114
21.5104,-0.6326,0.0242,0.5794,6132924.5000,0,0,-0.1580,-0.2115
21.5205,-0.6696,-0.0275,0.5794,6132924.5000,0,0,-0.1599,-0.2117
21.5307,-0.4046,-0.2990,0.5794,6132924.5000,0,0,-0.1554,-0.2112
21.5408,-0.7600,0.1358,0.5794,6132924.5000,0,0,-0.1593,-0.2116
21.5505,-0.9830,0.4530,0.5794,6132924.5000,0,0,-0.1681,-0.2127
21.5605,-0.6531,-0.0452,0.5794,6132924.5000,0,0,-0.1691,-0.2128
21.5704,-0.4141,-0.0079,0.5794,6132924.5000,0,0,-0.1649,-0.2123
21.5809,-0.4860,0.4363,0.5794,6132924.5000,0,0,-0.1625,-0.2120
21.5912,-0.2794,0.0396,0.5794,6132924.5000,0,0,-0.1560,-0.2111
21.6005,-0.0897,-0.2058,0.5794,6132924.5000,0,0,-0.1460,-0.2097
21.6104,-0.4872,-0.1153,0.5794,6132924.5000,0,0,-0.1443,-0.2095
21.6205,-0.5246,-0.1227,0.5794,6132924.5000,0,0,-0.1435,-0.2093
21.6308,-0.5798,-0.3462,0.5794,6132924.5000,0,0,-0.1437,-0.2094
21.6408,-0.5861,-0.1497,0.5794,6132924.5000,0,0,-0.1459,-0.2083
21.6504,-0.8432,-0.0246,0.5794,6132924.5000,0,0,-0.1523,-0.2053
21.6607,-1.1442,-0.0884,0.5794,6132924.5000,0,0,-0.1634,-0.2001
21.6704,-1.0056,0.1677,0.5794,6132928.5000,0,0,-0.1719,-0.1961
21.6808,-1.1451,0.2908,0.5794,6132928.5000,0,0,-0.1568,-0.1877
21.6908,-1.3081,0.4163,0.5794,6132928.5000,0,0,-0.1398,-0.1782
21.7005,-0.9258,0.3956,0.5794,6132928.5000,0,0,-0.1294,-0.1724
21.7104,-0.9128,0.1502,0.5794,6132928.5000,0,0,-0.1197,-0.1670
21.7205,-0.9169,0.0044,0.5794,6132928.5000,0,0,-0.1103,-0.1617
21.7307,-1.0433,0.2467,0.5794,6132928.5000,0,0,-0.0993,-0.1556
21.7408,-1.1412,0.3505,0.5794,6132928.5000,0,0,-0.0874,-0.1488
21.7505,-1.1458,-0.2100,0.5794,6132928.5000,0,0,-0.0758,-0.1422
21.7605,-1.0117,-0.2306,0.5794,6132928.5000,0,0,-0.0665,-0.1368
21.7705,-1.1893,0.2905,0.5794,6132928.5000,0,0,-0.0553,-0.1396
21.7809,-0.8366,0.0703,0.5794,6132928.5000,0,0,-0.0498,-0.1410
21.7912,-0.3574,-0.0194,0.5794,6132928.5000,0,0,-0.0513,-0.1406
21.8005,-0.7131,0.5147,0.5794,6132928.5000,0,0,-0.0477,-0.1415
21.8104,-0.8752,0.5480,0.5794,6132928.5000,0,0,-0.0420,-0.1429
21.8205,-0.6165,0.2711,0.5794,6132928.5000,0,0,-0.0401,-0.1433
21.8308,-0.6999,0.2749,0.5794,6132928.5000,0,0,-0.0370,-0.1441
21.8409,-0.7019,0.0649,0.5794,6132928.5000,0,0,-0.0341,-0.1448
21.8504,-0.6828,0.0109,0.5794,6132928.5000,0,0,-0.0315,-0.1455
21.8605,-0.8051,0.0483,0.5794,6132928.5000,0,0,-0.0274,-0.1465
21.8704,-0.6769,-0.1997,0.5794,6132928.5000,0,0,-0.0250,-0.1471
21.8808,-0.6960,-0.0073,0.5794,6132928.5000,0,0,-0.0225,-0.1477
21.8908,-0.8391,0.5130,0.5794,6132928.5000,0,0,-0.0183,-0.1487
21.9005,-0.6431,0.2761,0.5794,6132928.5000,0,0,-0.0166,-0.1491
21.9104,-0.3067,0.1163,0.5794,6132928.5000,0,0,-0.0191,-0.1445
21.9205,-0.7642,0.5566,0.5794,6132928.5000,0,0,-0.0176,-0.1474
21.9308,-0.6503,0.6595,0.5794,6132928.5000,0,0,-0.0170,-0.1484
21.9408,-0.4482,0.1208,0.5794,6132928.5000,0,0,-0.0182,-0.1462
21.9504,-0.6335,0.1269,0.5794,6132928.5000,0,0,-0.0178,-0.1469
21.9605,-0.6291,0.3385,0.5794,6132928.5000,0,0,-0.0175,-0.1476
21.9705,-0.6411,0.0364,0.5794,6132928.5000,0,0,-0.0170,-0.1484
21.9809,-0.5938,-0.0212,0.5794,6132928.5000,0,0,-0.0170,-0.1485
21.9912,-0.6821,0.1935,0.5794,6132928.5000,0,0,-0.0163,-0.1498
22.0005,-0.9384,0.2406,0.5794,6132928.5000,0,0,-0.0136,-0.1549
22.0104,-0.7533,0.3317,0.5794,6132928.5000,0,0,-0.0124,-0.1571
22.0206,-0.5748,0.3932,0.5794,6132928.5000,0,0,-0.0126,-0.1567
22.0307,-0.5942,0.3699,0.5794,6132928.5000,0,0,-0.0126,-0.1566
22.0408,-0.8987,0.5522,0.5794,6132928.5000,0,0,-0.0104,-0.1608
22.0504,-0.7291,0.7160,0.5794,6132928.5000,0,0,-0.0105,-0.1624
22.0605,-0.7130,0.2533,0.5794,6132928.5000,0,0,-0.0105,-0.1635
22.0704,-0.7981,0.1960,0.5794,6132928.5000,0,0,-0.0106,-0.1667
22.0807,-0.7568,0.5732,0.5794,6132928.5000,0,0,-0.0107,-0.1687
22.0907,-0.7678,0.1491,0.5794,6132928.5000,0,0,-0.0108,-0.1709
22.1005,-0.5935,-0.2867,0.5794,6132928.5000,0,0,-0.0107,-0.1689
22.1105,-0.7125,-0.0514,0.5794,6132928.5000,0,0,-0.0108,-0.1698
22.1205,-0.9061,0.2801,0.5794,6132928.5000,0,0,-0.0109,-0.1751
22.1307,-0.7861,0.2705,0.5794,6132928.5000,0,0,-0.0110,-0.1774
22.1408,-0.6575,0.5079,0.5794,6132928.5000,0,0,-0.0110,-0.1768
22.1504,-0.7781,0.7087,0.5794,6132928.5000,0,0,-0.0111,-0.1788
22.1605,-0.7863,0.5670,0.5794,6132928.5000,0,0,-0.0111,-0.1810
22.1704,-0.1868,0.5397,0.5794,6132928.5000,0,0,-0.0108,-0.1701
22.1809,-0.2823,0.5185,0.5794,6132928.5000,0,0,-0.0105,-0.1616
22.1913,-0.3736,0.4912,0.5794,6132928.5000,0,0,-0.0070,-0.1536
22.2006,-0.4144,0.6203,0.5794,6132928.5000,0,0,-0.0041,-0.1470
22.2105,-0.5746,0.3498,0.5794,6132928.5000,0,0,-0.0031,-0.1447
22.2205,-0.4462,0.0439,0.5794,6132928.5000,0,0,-0.0009,-0.1395
22.2307,-0.4998,0.2746,0.5794,6132928.5000,0,0,0.0007,-0.1358
22.2408,-0.5281,0.4734,0.5794,6132928.5000,0,0,0.0018,-0.1329
22.2504,-0.1628,0.0963,0.5794,6132928.5000,0,0,0.0064,-0.1216
22.2605,-0.1125,0.3678,0.5794,6132928.5000,0,0,0.0112,-0.1098
22.2704,-0.3098,0.8621,0.5794,6132928.5000,0,0,0.0139,-0.1030
22.2808,-0.3019,0.4553,0.5794,6132928.5000,0,0,0.0165,-0.0964
22.2908,0.0663,0.4278,0.5794,6132928.5000,0,0,0.0221,-0.0819
22.3005,-0.3158,0.8250,0.5794,6132928.5000,0,0,0.0242,-0.0764
22.3105,-0.1455,0.8653,0.5794,6132928.5000,0,0,0.0276,-0.0676
22.3205,0.1553,0.5782,0.5794,6132928.5000,0,0,0.0400,-0.0546
22.3307,-0.0154,0.3859,0.5794,6132928.5000,0,0,0.0486,-0.0456
22.3408,-0.1020,0.2271,0.5794,6132928.5000,0,0,0.0550,-0.0387
22.3505,-0.2371,0.3304,0.5794,6132928.5000,0,0,0.0588,-0.0347
22.3604,-0.2598,0.6625,0.5794,6132928.5000,0,0,0.0620,-0.0312
22.3705,-0.0195,0.4496,0.5794,6132928.5000,0,0,0.0691,-0.0235
22.3809,0.2112,0.3027,0.5794,6132928.5000,0,0,0.0796,-0.0119
22.3912,0.0217,0.7495,0.5794,6132928.5000,0,0,0.0865,-0.0043
22.4005,0.0324,0.7386,0.5794,6132928.5000,0,0,0.0933,0.0032
22.4104,0.3812,0.3888,0.5794,6132928.5000,0,0,0.1052,0.0166
22.4205,0.0223,0.6385,0.5794,6132928.5000,0,0,0.1110,0.0231
22.4307,-0.0847,0.9466,0.5794,6132928.5000,0,0,0.1148,0.0274
22.4408,0.1195,0.4562,0.5794,6132928.5000,0,0,0.1216,0.0351
22.4504,0.2278,0.2938,0.5794,6132928.5000,0,0,0.1297,0.0444
22.4605,0.2569,0.4009,0.5794,6132928.5000,0,0,0.1412,0.0502
22.4705,0.1184,0.2722,0.5794,6132928.5000,0,0,0.1490,0.0542
22.4808,0.1780,0.3962,0.5794,6132928.5000,0,0,0.1576,0.0587
22.4908,0.2322,0.3276,0.5794,6132928.5000,0,0,0.1669,0.0637
22.5005,0.3574,0.1023,0.5794,6132928.5000,0,0,0.1782,0.0699
22.5104,0.0394,0.5777,0.5794,6132928.5000,0,0,0.1825,0.0724
22.5205,-0.0407,0.9831,0.5794,6132928.5000,0,0,0.1849,0.0738
22.5308,0.3398,0.5960,0.5794,6132928.5000,0,0,0.1947,0.0795
22.5408,0.2396,0.4890,0.5794,6132928.5000,0,0,0.2020,0.0840
22.5504,0.1970,0.9197,0.5794,6132928.5000,0,0,0.2081,0.0877
22.5605,0.2621,0.5798,0.5794,6132928.5000,0,0,0.2153,0.0922
22.5704,0.5021,0.1327,0.5794,6132928.5000,0,0,0.2266,0.0993
22.5808,0.3653,0.2155,0.5794,6132928.5000,0,0,0.2349,0.1045
22.5913,0.2238,0.2440,0.5794,6132928.5000,0,0,0.2403,0.1080
22.6005,0.2016,0.1884,0.5794,6132928.5000,0,0,0.2461,0.1088
22.6105,0.2870,0.3801,0.5794,6132928.5000,0,0,0.2534,0.1097
22.6205,0.4710,0.4017,0.5794,6132928.5000,0,0,0.2640,0.1112
22.6307,0.1976,0.5160,0.5794,6132928.5000,0,0,0.2688,0.1118
22.6408,0.1996,0.7953,0.5794,6132928.5000,0,0,0.2734,0.1125
22.6505,0.2475,0.5899,0.5794,6132928.5000,0,0,0.2788,0.1132
22.6606,0.3243,0.3753,0.5794,6132928.5000,0,0,0.2855,0.1142
22.6704,0.2463,0.8075,0.5794,6132927.5000,0,0,0.2904,0.1149
22.6808,0.4239,0.9357,0.5794,6132927.5000,0,0,0.2972,0.1047
22.6907,0.5783,0.4868,0.5794,6132927.5000,0,0,0.3053,0.0927
22.7005,0.3877,0.4225,0.5794,6132927.5000,0,0,0.3111,0.0840
22.7105,0.2233,0.6311,0.5794,6132927.5000,0,0,0.3151,0.0782
22.7205,0.0632,0.3052,0.5794,6132927.5000,0,0,0.3174,0.0749
22.7307,0.1846,0.2076,0.5794,6132927.5000,0,0,0.3207,0.0701
22.7408,0.3197,0.6224,0.5794,6132927.5000,0,0,0.3214,0.0584
22.7504,0.1709,0.8840,0.5794,6132927.5000,0,0,0.3218,0.0500
22.7605,0.5703,0.8956,0.5794,6132927.5000,0,0,0.3227,0.0346
22.7705,0.8919,0.9033,0.5794,6132927.5000,0,0,0.3238,0.0142
22.7809,1.0016,1.0474,0.5794,6132927.5000,0,0,0.3249,-0.0073
22.7913,0.9644,0.9442,0.5794,6132927.5000,0,0,0.3260,-0.0273
22.8006,1.2455,0.7538,0.5794,6132927.5000,0,0,0.3273,-0.0514
22.8104,1.2951,0.4276,0.5794,6132927.5000,0,0,0.3286,-0.0753
22.8205,0.9940,0.2100,0.5794,6132927.5000,0,0,0.3296,-0.0934
22.8308,0.8348,0.5702,0.5794,6132927.5000,0,0,0.3304,-0.1083
22.8408,0.5307,0.5542,0.5794,6132927.5000,0,0,0.3309,-0.1177
22.8504,0.8023,0.0812,0.5794,6132927.5000,0,0,0.3316,-0.1311
22.8605,0.8148,0.3788,0.5794,6132927.5000,0,0,0.3323,-0.1442
22.8704,0.6294,0.8571,0.5794,6132927.5000,0,0,0.3249,-0.1565
22.8808,0.8466,0.5648,0.5794,6132927.5000,0,0,0.3157,-0.1717
22.8907,1.0542,0.4909,0.5794,6132927.5000,0,0,0.3050,-0.1894
22.9005,0.8433,0.9047,0.5794,6132927.5000,0,0,0.2966,-0.2034
22.9104,0.7770,0.7944,0.5794,6132927.5000,0,0,0.2890,-0.2159
22.9205,1.0741,0.4760,0.5794,6132927.5000,0,0,0.2791,-0.2322
22.9308,0.7228,0.3861,0.5794,6132927.5000,0,0,0.2726,-0.2430
22.9408,0.3690,0.0828,0.5794,6132927.5000,0,0,0.2693,-0.2485
22.9504,0.2097,0.0655,0.5794,6132927.5000,0,0,0.2675,-0.2515
22.9605,0.1887,0.2667,0.5794,6132927.5000,0,0,0.2658,-0.2542
22.9705,0.6271,0.2305,0.5794,6132927.5000,0,0,0.2607,-0.2628
22.9810,0.5346,0.3529,0.5794,6132927.5000,0,0,0.2564,-0.2698
22.9913,0.4823,0.8881,0.5794,6132927.5000,0,0,0.2527,-0.2759
23.0005,0.5282,0.7750,0.5794,6132927.5000,0,0,0.2488,-0.2824
23.0105,0.3430,0.4009,0.5794,6132927.5000,0,0,0.2407,-0.2861
23.0205,0.0362,0.4950,0.5794,6132927.5000,0,0,0.2380,-0.2873
23.0308,0.1038,0.6438,0.5794,6132927.5000,0,0,0.2343,-0.2890
23.0408,0.3334,0.1940,0.5794,6132927.5000,0,0,0.2269,-0.2924
23.0505,0.6071,0.0813,0.5794,6132927.5000,0,0,0.2154,-0.2977
23.0605,0.5248,0.3782,0.5794,6132927.5000,0,0,0.2056,-0.3023
23.0704,0.2526,0.3525,0.5794,6132927.5000,0,0,0.2004,-0.3047
23.0808,0.2479,0.0279,0.5794,6132927.5000,0,0,0.1954,-0.3071
23.0908,0.1269,0.3212,0.5794,6132927.5000,0,0,0.1924,-0.3085
23.1005,-0.1721,0.5958,0.5794,6132927.5000,0,0,0.1941,-0.3077
23.1104,0.2199,0.4752,0.5794,6132927.5000,0,0,0.1898,-0.3098
23.1205,0.5419,0.4270,0.5794,6132927.5000,0,0,0.1807,-0.3142
23.1307,0.5465,0.4028,0.5794,6132927.5000,0,0,0.1719,-0.3185
23.1407,0.4387,0.2097,0.5794,6132927.5000,0,0,0.1649,-0.3220
23.1504,0.5814,0.1165,0.5794,6132927.5000,0,0,0.1500,-0.3202
23.1605,0.2619,-0.0874,0.5794,6132927.5000,0,0,0.1418,-0.3192
23.1704,0.2241,-0.0940,0.5794,6132927.5000,0,0,0.1346,-0.3183
23.1809,0.1503,0.2932,0.5794,6132927.5000,0,0,0.1290,-0.3176
23.1913,0.2438,0.5519,0.5794,6132927.5000,0,0,0.1219,-0.3168
23.2005,0.4935,0.1540,0.5794,6132927.5000,0,0,0.1107,-0.3155
23.2104,0.2679,0.1056,0.5794,6132927.5000,0,0,0.1039,-0.3146
23.2205,0.0626,0.5007,0.5794,6132927.5000,0,0,0.1008,-0.3143
23.2307,0.3509,0.1607,0.5794,6132927.5000,0,0,0.0930,-0.3133
23.2408,0.3870,0.0567,0.5794,6132927.5000,0,0,0.0848,-0.3123
23.2505,0.1515,0.6159,0.5794,6132927.5000,0,0,0.0809,-0.3118
23.2605,-0.2022,0.5061,0.5794,6132927.5000,0,0,0.0828,-0.3121
23.2705,-0.1929,-0.1304,0.5794,6132927.5000,0,0,0.0844,-0.3123
23.2808,-0.3153,-0.2251,0.5794,6132927.5000,0,0,0.0855,-0.3133
23.2908,-0.1681,-0.0500,0.5794,6132927.5000,0,0,0.0844,-0.3123
23.3006,-0.2308,-0.1247,0.5794,6132927.5000,0,0,0.0843,-0.3121
23.3104,0.0717,-0.1512,0.5794,6132927.5000,0,0,0.0801,-0.3079
23.3205,-0.2367,0.3194,0.5794,6132927.5000,0,0,0.0801,-0.3080
23.3307,-0.6374,0.5349,0.5794,6132927.5000,0,0,0.0854,-0.3132
23.3408,-0.4845,-0.0270,0.5794,6132927.5000,0,0,0.0885,-0.3163
23.3504,-0.3342,-0.0147,0.5794,6132927.5000,0,0,0.0896,-0.3174
23.3605,-0.4675,0.5562,0.5794,6132927.5000,0,0,0.0923,-0.3201
23.3705,-0.3233,0.3577,0.5794,6132927.5000,0,0,0.0931,-0.3209
23.3809,-0.0738,0.2343,0.5794,6132927.5000,0,0,0.0908,-0.3186
23.3912,-0.3497,0.2053,0.5794,6132927.5000,0,0,0.0920,-0.3198
23.4005,-0.5817,0.0632,0.5794,6132927.5000,0,0,0.0958,-0.3236
23.4104,-0.6944,0.2042,0.5794,6132927.5000,0,0,0.1008,-0.3286
23.4205,-0.9584,0.1810,0.5794,6132927.5000,0,0,0.1029,-0.3419
23.4308,-0.6752,-0.1878,0.5794,6132927.5000,0,0,0.1038,-0.3481
23.4407,-0.8013,-0.0731,0.5794,6132927.5000,0,0,0.1052,-0.3567
23.4504,-1.0000,0.2466,0.5794,6132927.5000,0,0,0.1071,-0.3692
23.4605,-0.8652,0.0384,0.5794,6132927.5000,0,0,0.1085,-0.3782
23.4704,-0.7241,-0.0475,0.5794,6132927.5000,0,0,0.1094,-0.3838
23.4808,-1.1004,0.5555,0.5794,6132927.5000,0,0,0.1114,-0.3969
23.4908,-1.0788,0.7802,0.5794,6132927.5000,0,0,0.1132,-0.4089
23.5006,-0.6865,0.1410,0.5794,6132927.5000,0,0,0.1138,-0.4126
23.5104,-0.7566,-0.1471,0.5794,6132927.5000,0,0,0.1145,-0.4175
23.5205,-0.8258,0.0893,0.5794,6132927.5000,0,0,0.1155,-0.4235
23.5307,-1.0851,-0.2341,0.5794,6132927.5000,0,0,0.1171,-0.4340
23.5408,-0.9353,-0.4064,0.5794,6132927.5000,0,0,0.1182,-0.4414
23.5505,-0.9934,0.1244,0.5794,6132927.5000,0,0,0.1195,-0.4495
23.5605,-1.1688,0.2675,0.5794,6132927.5000,0,0,0.1141,-0.4639
23.5704,-0.8458,-0.0771,0.5794,6132927.5000,0,0,0.1121,-0.4692
23.5809,-1.0077,-0.0514,0.5794,6132927.5000,0,0,0.1087,-0.4781
23.5911,-1.2413,0.3792,0.5794,6132927.5000,0,0,0.1035,-0.4920
23.6005,-0.9775,0.0851,0.5794,6132927.5000,0,0,0.1008,-0.4990
23.6105,-0.7993,-0.0576,0.5794,6132927.5000,0,0,0.0999,-0.5016
23.6205,-1.0685,0.4255,0.5794,6132927.5000,0,0,0.0967,-0.5100
23.6307,-1.0401,0.2534,0.5794,6132922.0000,0,0,0.0939,-0.5173
23.6408,-0.8407,-0.2939,0.5794,6132922.0000,0,0,0.0973,-0.5200
23.6504,-1.1075,-0.2556,0.5794,6132922.0000,0,0,0.1034,-0.5250
23.6606,-1.2559,0.0202,0.5794,6132922.0000,0,0,0.1109,-0.5311
23.6704,-1.5041,-0.0132,0.5794,6132922.0000,0,0,0.1208,-0.5391
23.6808,-1.0903,0.0799,0.5794,6132922.0000,0,0,0.1261,-0.5434
23.6907,-1.2505,0.2866,0.5794,6132922.0000,0,0,0.1329,-0.5490
23.7005,-1.3115,0.4594,0.5794,6132922.0000,0,0,0.1320,-0.5590
23.7104,-0.9647,0.0493,0.5794,6132922.0000,0,0,0.1316,-0.5625
23.7205,-1.2063,0.1019,0.5794,6132922.0000,0,0,0.1309,-0.5701
23.7308,-1.4454,0.3768,0.5794,6132922.0000,0,0,0.1299,-0.5815
23.7408,-1.2085,-0.1344,0.5794,6132922.0000,0,0,0.1292,-0.5885
23.7504,-1.0422,-0.1040,0.5794,6132922.0000,0,0,0.1289,-0.5925
23.7605,-0.9993,0.3412,0.5794,6132922.0000,0,0,0.1286,-0.5956
23.7704,-1.2846,0.2342,0.5794,6132922.0000,0,0,0.1279,-0.6032
23.7809,-1.4316,-0.0789,0.5794,6132922.0000,0,0,0.1270,-0.6131
23.7912,-1.9465,-0.0018,0.5794,6132922.0000,0,0,0.1254,-0.6310
23.8005,-2.2185,0.2516,0.5794,6132922.0000,0,0,0.1234,-0.6528
23.8104,-2.1949,0.0810,0.5794,6132922.0000,0,0,0.1216,-0.6736
23.8205,-1.5631,-0.0251,0.5794,6132922.0000,0,0,0.1207,-0.6839
23.8308,-1.6236,0.3938,0.5794,6132922.0000,0,0,0.1094,-0.6978
23.8408,-1.7453,0.5776,0.5794,6132922.0000,0,0,0.0969,-0.7136
23.8504,-1.5793,0.5765,0.5794,6132922.0000,0,0,0.0878,-0.7252
23.8605,-1.7436,0.3871,0.5794,6132922.0000,0,0,0.0766,-0.7397
23.8704,-1.9266,0.0927,0.5794,6132922.0000,0,0,0.0633,-0.7572
23.8808,-1.7153,0.1194,0.5794,6132922.0000,0,0,0.0539,-0.7697
23.8907,-1.7655,0.1593,0.5794,6132922.0000,0,0,0.0444,-0.7827
23.9005,-1.7185,-0.1935,0.5794,6132922.0000,0,0,0.0361,-0.7941
23.9105,-1.6082,-0.1980,0.5794,6132922.0000,0,0,0.0298,-0.8029
23.9205,-1.3667,0.2685,0.5794,6132922.0000,0,0,0.0271,-0.8066
23.9307,-1.2619,0.0507,0.5794,6132922.0000,0,0,0.0261,-0.8081
23.9408,-0.9013,-0.1187,0.5794,6132922.0000,0,0,0.0298,-0.8027
23.9504,-1.3268,0.4413,0.5794,6132922.0000,0,0,0.0279,-0.8055
23.9605,-1.4599,0.6714,0.5794,6132922.0000,0,0,0.0244,-0.8108
23.9703,-1.1662,0.0767,0.5794,6132922.0000,0,0,0.0224,-0.8121
23.9809,-1.3007,0.1452,0.5794,6132922.0000,0,0,0.0169,-0.8156
23.9913,-1.1450,0.4726,0.5794,6132922.0000,0,0,0.0159,-0.8163
24.0006,-1.0923,0.0188,0.5794,6132922.0000,0,0,0.0163,-0.8160
24.0104,-0.8887,-0.2040,0.5794,6132922.0000,0,0,0.0216,-0.8124
24.0205,-0.9134,0.0590,0.5794,6132922.0000,0,0,0.0260,-0.8094
24.0308,-1.3139,0.0696,0.5794,6132922.0000,0,0,0.0207,-0.8131
24.0408,-1.2938,-0.0680,0.5794,6132922.0000,0,0,0.0162,-0.8162
24.0504,-1.4463,-0.0443,0.5794,6132922.0000,0,0,0.0086,-0.8218
24.0605,-1.7738,0.3552,0.5794,6132922.0000,0,0,-0.0059,-0.8324
24.0704,-1.8645,0.4018,0.5794,6132922.0000,0,0,-0.0216,-0.8439
24.0807,-1.2724,0.2805,0.5794,6132922.0000,0,0,-0.0237,-0.8455
24.0908,-1.3425,0.4162,0.5794,6132922.0000,0,0,-0.0271,-0.8481
24.1005,-1.4268,0.4123,0.5794,6132922.0000,0,0,-0.0321,-0.8519
24.1104,-1.3066,0.1268,0.5794,6132922.0000,0,0,-0.0438,-0.8560
24.1205,-1.4892,0.0565,0.5794,6132922.0000,0,0,-0.0600,-0.8618
24.1307,-1.4018,-0.1190,0.5794,6132922.0000,0,0,-0.0724,-0.8665
24.1408,-1.4629,-0.1399,0.5794,6132922.0000,0,0,-0.0856,-0.8716
24.1505,-1.5054,0.3070,0.5794,6132922.0000,0,0,-0.0990,-0.8770
24.1605,-1.3176,0.1751,0.5794,6132922.0000,0,0,-0.1065,-0.8801
24.1704,-1.1186,0.1343,0.5794,6132922.0000,0,0,-0.1084,-0.8809
24.1809,-1.1965,0.6721,0.5794,6132922.0000,0,0,-0.1120,-0.8825
24.1913,-1.0358,0.6837,0.5794,6132922.0000,0,0,-0.1115,-0.8822
24.2005,-0.6037,0.1877,0.5794,6132922.0000,0,0,-0.1005,-0.8772
24.2104,-0.8102,0.2486,0.5794,6132922.0000,0,0,-0.0951,-0.8746
24.2205,-1.0276,0.4883,0.5794,6132922.0000,0,0,-0.0951,-0.8746
24.2307,-1.0190,0.1799,0.5794,6132922.0000,0,0,-0.0948,-0.8745
24.2408,-0.9563,-0.0508,0.5794,6132922.0000,0,0,-0.0932,-0.8736
24.2504,-0.8949,0.1067,0.5794,6132922.0000,0,0,-0.0997,-0.8746
24.2605,-1.0473,0.1837,0.5794,6132922.0000,0,0,-0.1096,-0.8761
24.2704,-0.9339,0.2738,0.5794,6132922.0000,0,0,-0.1161,-0.8771
24.2808,-0.7930,0.3117,0.5794,6132922.0000,0,0,-0.1190,-0.8775
24.2908,-0.8914,0.3171,0.5794,6132922.0000,0,0,-0.1240,-0.8784
24.3005,-1.1874,0.5692,0.5794,6132922.0000,0,0,-0.1355,-0.8803
24.3104,-0.9571,0.7144,0.5794,6132922.0000,0,0,-0.1413,-0.8812
24.3205,-0.6773,0.2570,0.5794,6132922.0000,0,0,-0.1406,-0.8811
24.3308,-0.7263,0.1803,0.5794,6132922.0000,0,0,-0.1410,-0.8812
24.3408,-0.6065,0.6380,0.5794,6132922.0000,0,0,-0.1388,-0.8808
24.3504,-0.6533,0.2933,0.5794,6132922.0000,0,0,-0.1377,-0.8806
24.3606,-0.5247,-0.0479,0.5794,6132922.0000,0,0,-0.1339,-0.8799
24.3704,-0.5363,0.1149,0.5794,6132922.0000,0,0,-0.1305,-0.8793
24.3809,-0.6623,0.2060,0.5794,6132922.0000,0,0,-0.1383,-0.8771
24.3911,-0.4087,0.0059,0.5794,6132922.0000,0,0,-0.1410,-0.8763
24.4005,-0.2943,0.2519,0.5794,6132922.0000,0,0,-0.1414,-0.8761
24.4104,-0.4734,0.6499,0.5794,6132922.0000,0,0,-0.1452,-0.8751
24.4205,-0.5141,0.5664,0.5794,6132922.0000,0,0,-0.1495,-0.8739
24.4307,-0.0899,0.4161,0.5794,6132922.0000,0,0,-0.1460,-0.8749
24.4408,-0.1850,0.4958,0.5794,6132922.0000,0,0,-0.1444,-0.8753
24.4505,-0.1120,0.4165,0.5794,6132922.0000,0,0,-0.1415,-0.8761
24.4605,0.1839,0.3596,0.5794,6132922.0000,0,0,-0.1336,-0.8782
24.4705,0.0446,0.3652,0.5794,6132922.0000,0,0,-0.1283,-0.8796
24.4808,0.0906,0.1789,0.5794,6132922.0000,0,0,-0.1225,-0.8811
24.4907,-0.0238,0.0667,0.5794,6132922.0000,0,0,-0.1188,-0.8821
24.5005,-0.0446,0.2973,0.5794,6132922.0000,0,0,-0.1156,-0.8829
24.5104,0.2423,0.0484,0.5794,6132922.0000,0,0,-0.1077,-0.8849
24.5205,0.3932,0.1982,0.5794,6132922.0000,0,0,-0.1053,-0.8880
24.5308,0.2078,0.8500,0.5794,6132922.0000,0,0,-0.1050,-0.8884
24.5409,0.1964,0.5872,0.5794,6132922.0000,0,0,-0.1047,-0.8887
24.5504,0.6127,0.2009,0.5794,6132922.0000,0,0,-0.1003,-0.8944
24.5605,0.3392,0.4671,0.5794,6132922.0000,0,0,-0.0987,-0.8964
24.5704,0.4504,0.6708,0.5794,6132922.0000,0,0,-0.0961,-0.8996
24.5809,0.7632,0.2112,0.5794,6132922.0000,0,0,-0.0905,-0.9066
24.5912,0.7817,0.2237,0.5794,6132922.0000,0,0,-0.0848,-0.9136
24.6005,0.6689,0.2477,0.5794,6132922.0000,0,0,-0.0804,-0.9190
24.6104,0.4764,0.0339,0.5794,6132922.0000,0,0,-0.0781,-0.9218
24.6205,0.5912,0.1788,0.5794,6132922.0000,0,0,-0.0746,-0.9260
24.6308,0.6810,0.2318,0.5794,6132922.5000,0,0,-0.0705,-0.9310
24.6408,0.6823,0.1977,0.5794,6132922.5000,0,0,-0.0567,-0.9319
24.6504,0.5026,0.6645,0.5794,6132922.5000,0,0,-0.0463,-0.9326
24.6607,0.7403,0.6424,0.5794,6132922.5000,0,0,-0.0421,-0.9379
24.6704,1.0392,0.3012,0.5794,6132922.5000,0,0,-0.0352,-0.9463
24.6807,0.7312,0.4528,0.5794,6132922.5000,0,0,-0.0313,-0.9510
24.6908,0.8176,0.7953,0.5794,6132922.5000,0,0,-0.0268,-0.9565
24.7005,0.8864,0.2386,0.5794,6132922.5000,0,0,-0.0217,-0.9626
24.7104,1.0315,0.1559,0.5794,6132922.5000,0,0,-0.0155,-0.9701
24.7205,0.9429,0.4376,0.5794,6132922.5000,0,0,-0.0102,-0.9763
24.7307,0.7768,0.2795,0.5794,6132922.5000,0,0,-0.0066,-0.9806
24.7408,0.9138,-0.1589,0.5794,6132922.5000,0,0,-0.0018,-0.9862
24.7505,0.9211,-0.0761,0.5794,6132922.5000,0,0,0.0029,-0.9917
24.7605,0.8667,0.2273,0.5794,6132922.5000,0,0,0.0070,-0.9964
24.7704,0.7613,0.2167,0.5794,6132922.5000,0,0,0.0100,-0.9999
24.7809,1.1050,0.3224,0.5794,6132922.5000,0,0,0.0161,-1.0068
24.7913,1.0796,0.4161,0.5794,6132922.5000,0,0,0.0152,-1.0147
24.8005,0.8193,0.4620,0.5794,6132922.5000,0,0,0.0149,-1.0178
24.8104,1.1395,0.6895,0.5794,6132922.5000,0,0,0.0141,-1.0264
24.8205,1.0792,0.4378,0.5794,6132922.5000,0,0,0.0133,-1.0336
24.8308,1.0490,0.1322,0.5794,6132922.5000,0,0,0.0127,-1.0401
24.8408,0.9054,0.4005,0.5794,6132922.5000,0,0,0.0123,-1.0439
24.8504,0.9438,0.4662,0.5794,6132922.5000,0,0,0.0118,-1.0483
24.8605,1.0694,-0.1439,0.5794,6132922.5000,0,0,0.0112,-1.0545
24.8704,1.0784,-0.0927,0.5794,6132922.5000,0,0,0.0105,-1.0608
24.8808,1.0364,0.3807,0.5794,6132922.5000,0,0,0.0100,-1.0661
24.8907,0.8228,0.1300,0.5794,6132922.5000,0,0,0.0098,-1.0679
24.9005,1.2030,0.2016,0.5794,6132922.5000,0,0,0.0090,-1.0756
24.9104,1.0237,0.4182,0.5794,6132922.5000,0,0,0.0086,-1.0803
24.9205,0.7599,0.5596,0.5794,6132922.5000,0,0,0.0085,-1.0808
24.9307,1.0829,0.7095,0.5794,6132922.5000,0,0,0.0034,-1.0879
24.9408,1.0735,0.4290,0.5794,6132922.5000,0,0,-0.0014,-1.0945
24.9504,1.2692,0.0501,0.5794,6132922.5000,0,0,-0.0085,-1.1042
24.9605,1.5953,0.1579,0.5794,6132922.5000,0,0,-0.0193,-1.1191
24.9703,1.9518,0.2592,0.5794,6132922.5000,0,0,-0.0340,-1.1394
24.9809,2.0885,-0.1847,0.5794,6132922.5000,0,0,-0.0497,-1.1612
24.9913,2.1107,-0.1574,0.5794,6132922.5000,0,0,-0.0652,-1.1825
25.0005,1.6923,0.2606,0.5794,6132922.5000,0,0,-0.0753,-1.1964
25.0104,1.3159,0.1980,0.5794,6132922.5000,0,0,-0.0806,-1.2037
25.0205,1.6578,0.1848,0.5794,6132922.5000,0,0,-0.0897,-1.2162
25.0308,1.5088,0.2902,0.5794,6132922.5000,0,0,-0.0967,-1.2260
25.0408,0.9867,0.3186,0.5794,6132922.5000,0,0,-0.0978,-1.2274
25.0505,0.7620,0.5688,0.5794,6132922.5000,0,0,-0.0963,-1.2254
25.0605,0.8194,0.4674,0.5794,6132922.5000,0,0,-0.0955,-1.2244
25.0704,1.0460,-0.0781,0.5794,6132922.5000,0,0,-0.1043,-1.2290
25.0808,1.1347,-0.0136,0.5794,6132922.5000,0,0,-0.1143,-1.2344
25.0908,0.9661,0.1348,0.5794,6132922.5000,0,0,-0.1208,-1.2379
25.1005,0.8344,-0.2750,0.5794,6132922.5000,0,0,-0.1245,-1.2398
25.1104,0.9010,-0.1667,0.5794,6132922.5000,0,0,-0.1293,-1.2424
25.1205,0.4743,0.3598,0.5794,6132922.5000,0,0,-0.1262,-1.2407
25.1308,0.4140,0.3097,0.5794,6132922.5000,0,0,-0.1221,-1.2386
25.1408,0.8190,-0.0285,0.5794,6132922.5000,0,0,-0.1253,-1.2403
25.1505,0.6804,0.2783,0.5794,6132922.5000,0,0,-0.1260,-1.2406
25.1605,0.8196,0.5739,0.5794,6132922.5000,0,0,-0.1290,-1.2423
25.1705,1.2041,0.0881,0.5794,6132922.5000,0,0,-0.1384,-1.2473
25.1809,1.2302,0.0373,0.5794,6132922.5000,0,0,-0.1479,-1.2524
25.1913,0.9019,0.3300,0.5794,6132922.5000,0,0,-0.1517,-1.2544
25.2005,0.6270,0.0958,0.5794,6132922.5000,0,0,-0.1509,-1.2540
25.2105,0.7013,-0.2128,0.5794,6132922.5000,0,0,-0.1616,-1.2530
25.2205,0.7288,-0.1052,0.5794,6132922.5000,0,0,-0.1724,-1.2520
25.2308,0.8545,-0.0138,0.5794,6132922.5000,0,0,-0.1852,-1.2508
25.2408,0.8055,0.2156,0.5794,6132922.5000,0,0,-0.1966,-1.2497
25.2504,1.0243,0.3710,0.5794,6132922.5000,0,0,-0.2115,-1.2484
25.2605,1.0648,0.3910,0.5794,6132922.5000,0,0,-0.2266,-1.2469
25.2703,0.8724,0.4450,0.5794,6132922.5000,0,0,-0.2376,-1.2459
25.2808,0.9303,0.5319,0.5794,6132922.5000,0,0,-0.2492,-1.2449
25.2908,1.0811,-0.0364,0.5794,6132922.5000,0,0,-0.2631,-1.2436
25.3005,1.1286,-0.2724,0.5794,6132922.5000,0,0,-0.2772,-1.2423
25.3104,0.9731,0.0249,0.5794,6132922.5000,0,0,-0.2881,-1.2412
25.3205,0.6978,0.0198,0.5794,6132922.5000,0,0,-0.2940,-1.2407
25.3308,0.8261,-0.2562,0.5794,6132922.5000,0,0,-0.3018,-1.2400
25.3408,0.7756,0.0038,0.5794,6132922.5000,0,0,-0.3084,-1.2394
25.3505,0.3384,0.2128,0.5794,6132922.5000,0,0,-0.3165,-1.2302
25.3605,-0.0340,0.2346,0.5794,6132922.5000,0,0,-0.3189,-1.2273
25.3704,0.2330,0.3790,0.5794,6132922.5000,0,0,-0.3249,-1.2204
25.3809,0.2860,0.1614,0.5794,6132922.5000,0,0,-0.3313,-1.2131
25.3913,0.3678,0.0784,0.5794,6132922.5000,0,0,-0.3384,-1.2049
25.4005,0.5812,0.1793,0.5794,6132922.5000,0,0,-0.3479,-1.1940
25.4104,0.2686,-0.1276,0.5794,6132922.5000,0,0,-0.3531,-1.1880
25.4205,0.2781,-0.3472,0.5794,6132922.5000,0,0,-0.3582,-1.1822
25.4308,0.0170,-0.0176,0.5794,6132922.5000,0,0,-0.3599,-1.1803
25.4408,-0.2728,0.2326,0.5794,6132922.5000,0,0,-0.3581,-1.1824
25.4504,-0.0523,-0.1993,0.5794,6132922.5000,0,0,-0.3589,-1.1814
25.4605,-0.1915,-0.1369,0.5794,6132922.5000,0,0,-0.3581,-1.1823
25.4704,-0.2860,0.5751,0.5794,6132922.5000,0,0,-0.3563,-1.1844
25.4808,-0.1837,0.4200,0.5794,6132922.5000,0,0,-0.3575,-1.1695
25.4908,-0.0613,0.0892,0.5794,6132922.5000,0,0,-0.3590,-1.1522
25.5005,-0.3074,0.2825,0.5794,6132922.5000,0,0,-0.3598,-1.1424
25.5104,-0.3470,0.3372,0.5794,6132922.5000,0,0,-0.3605,-1.1342
25.5205,-0.5006,-0.1999,0.5794,6132922.5000,0,0,-0.3608,-1.1304
25.5308,-0.5428,-0.2670,0.5794,6132922.5000,0,0,-0.3610,-1.1277
25.5408,-0.7814,0.1242,0.5794,6132922.5000,0,0,-0.3607,-1.1309
25.5504,-0.9733,0.0425,0.5794,6132922.5000,0,0,-0.3601,-1.1384
25.5605,-0.6300,-0.2856,0.5794,6132922.5000,0,0,-0.3602,-1.1376
25.5704,-0.7849,0.0097,0.5794,6132922.5000,0,0,-0.3599,-1.1404
25.5809,-1.0586,0.4274,0.5794,6132922.5000,0,0,-0.3592,-1.1489
25.5911,-0.7889,0.2629,0.5794,6132925.0000,0,0,-0.3590,-1.1513
25.6005,-0.6777,0.1991,0.5794,6132925.0000,0,0,-0.3697,-1.1256
25.6104,-0.9056,0.3523,0.5794,6132925.0000,0,0,-0.3815,-1.0973
25.6205,-0.9207,0.2836,0.5794,6132925.0000,0,0,-0.3695,-1.0605
25.6308,-0.6939,0.1839,0.5794,6132925.0000,0,0,-0.3593,-1.0294
25.6408,-0.9598,0.0157,0.5794,6132925.0000,0,0,-0.3479,-0.9943
25.6504,-0.9956,-0.2519,0.5794,6132925.0000,0,0,-0.3367,-0.9599
25.6606,-1.2533,0.0150,0.5794,6132925.0000,0,0,-0.3242,-0.9219
25.6704,-1.5065,0.2980,0.5794,6132925.0000,0,0,-0.3108,-0.8805
25.6808,-1.1168,-0.0683,0.5794,6132925.0000,0,0,-0.3000,-0.8476
25.6908,-1.1849,0.0655,0.5794,6132925.0000,0,0,-0.2892,-0.8146
25.7005,-1.3950,0.7482,0.5794,6132925.0000,0,0,-0.2776,-0.7789
25.7104,-1.3477,0.4134,0.5794,6132925.0000,0,0,-0.2666,-0.7452
25.7205,-1.1209,0.0609,0.5794,6132925.0000,0,0,-0.2572,-0.7165
25.7307,-1.3520,0.3045,0.5794,6132925.0000,0,0,-0.2469,-0.6847
25.7408,-1.4824,0.1922,0.5794,6132925.0000,0,0,-0.2361,-0.6518
25.7505,-1.4025,-0.2193,0.5794,6132925.0000,0,0,-0.2261,-0.6211
25.7605,-1.3354,-0.2334,0.5794,6132925.0000,0,0,-0.2004,-0.5991
25.7704,-1.4090,-0.0576,0.5794,6132925.0000,0,0,-0.1744,-0.5768
25.7809,-1.7791,0.2090,0.5794,6132925.0000,0,0,-0.1436,-0.5504
25.7913,-1.5945,0.4314,0.5794,6132925.0000,0,0,-0.1164,-0.5271
25.8005,-1.5131,0.4738,0.5794,6132925.0000,0,0,-0.0913,-0.5056
25.8104,-1.7986,0.4347,0.5794,6132925.0000,0,0,-0.0627,-0.4811
25.8205,-1.7092,0.6131,0.5794,6132925.0000,0,0,-0.0363,-0.4584
25.8308,-1.5727,0.3425,0.5794,6132925.0000,0,0,-0.0125,-0.4380
25.8408,-1.4759,-0.0646,0.5794,6132925.0000,0,0,0.0092,-0.4194
25.8505,-1.6911,-0.1252,0.5794,6132925.0000,0,0,0.0333,-0.3988
25.8604,-1.8539,0.1348,0.5794,6132925.0000,0,0,0.0590,-0.3767
25.8704,-1.9296,0.0454,0.5794,6132925.0000,0,0,0.0851,-0.3543
25.8808,-1.7910,0.0743,0.5794,6132925.0000,0,0,0.1086,-0.3342
25.8908,-1.9116,0.4999,0.5794,6132925.0000,0,0,0.1370,-0.3319
25.9005,-1.8781,0.6811,0.5794,6132925.0000,0,0,0.1641,-0.3298
25.9104,-1.4843,0.2825,0.5794,6132925.0000,0,0,0.1835,-0.3282
25.9205,-1.7635,0.3338,0.5794,6132925.0000,0,0,0.2072,-0.3264
25.9307,-1.9156,0.5654,0.5794,6132925.0000,0,0,0.2327,-0.3243
25.9407,-2.0107,-0.0082,0.5794,6132925.0000,0,0,0.2592,-0.3222
25.9504,-2.0818,-0.1567,0.5794,6132925.0000,0,0,0.2860,-0.3201
25.9605,-2.2878,0.2014,0.5794,6132925.0000,0,0,0.3156,-0.3178
25.9704,-2.6605,0.3105,0.5794,6132925.0000,0,0,0.3503,-0.3150
25.9809,-2.4212,0.1657,0.5794,6132925.0000,0,0,0.3804,-0.3126
25.9913,-2.3706,0.1034,0.5794,6132925.0000,0,0,0.4088,-0.3104
26.0005,-2.5425,0.3042,0.5794,6132925.0000,0,0,0.4391,-0.3080
26.0105,-2.3665,0.3644,0.5794,6132925.0000,0,0,0.4660,-0.3058
26.0205,-1.8892,0.2898,0.5794,6132925.0000,0,0,0.4847,-0.3043
26.0307,-2.0628,0.2890,0.5794,6132925.0000,0,0,0.4977,-0.3220
26.0408,-2.2850,0.1559,0.5794,6132925.0000,0,0,0.5125,-0.3422
26.0504,-2.3008,0.0285,0.5794,6132925.0000,0,0,0.5271,-0.3619
26.0605,-2.4379,-0.0059,0.5794,6132925.0000,0,0,0.5425,-0.3829
26.0705,-1.9098,-0.1592,0.5794,6132925.0000,0,0,0.5519,-0.3957
26.0808,-1.8285,-0.0103,0.5794,6132925.0000,0,0,0.5601,-0.4069
26.0907,-1.5604,0.4925,0.5794,6132925.0000,0,0,0.5654,-0.4141
26.1005,-1.3350,0.2755,0.5794,6132925.0000,0,0,0.5683,-0.4180
26.1104,-1.6828,0.0657,0.5794,6132925.0000,0,0,0.5745,-0.4264
26.1205,-1.7384,0.4944,0.5794,6132925.0000,0,0,0.5810,-0.4353
26.1308,-1.7711,0.4112,0.5794,6132925.0000,0,0,0.5876,-0.4443
26.1408,-1.6782,0.0945,0.5794,6132925.0000,0,0,0.5932,-0.4518
26.1504,-1.5666,0.2053,0.5794,6132925.0000,0,0,0.5975,-0.4576
26.1605,-1.6582,0.1247,0.5794,6132925.0000,0,0,0.6025,-0.4644
26.1703,-1.3574,-0.3867,0.5794,6132925.0000,0,0,0.6017,-0.4696
26.1809,-1.4178,-0.2789,0.5794,6132925.0000,0,0,0.6006,-0.4762
26.1912,-1.7779,0.4313,0.5794,6132925.0000,0,0,0.5980,-0.4926
26.2005,-1.7717,0.5297,0.5794,6132925.0000,0,0,0.5956,-0.5079
26.2104,-1.4163,0.2953,0.5794,6132925.0000,0,0,0.5949,-0.5127
26.2205,-1.5685,0.4415,0.5794,6132925.0000,0,0,0.5935,-0.5213
26.2307,-1.5984,0.3079,0.5794,6132925.0000,0,0,0.5921,-0.5301
26.2408,-1.6061,-0.0755,0.5794,6132925.0000,0,0,0.5907,-0.5387
26.2504,-1.7611,-0.0610,0.5794,6132925.0000,0,0,0.5889,-0.5506
26.2605,-1.9193,-0.0209,0.5794,6132925.0000,0,0,0.5864,-0.5658
26.2705,-2.1301,-0.0113,0.5794,6132925.0000,0,0,0.5834,-0.5852
26.2808,-1.9494,0.2141,0.5794,6132925.0000,0,0,0.5811,-0.5995
26.2907,-1.7719,0.1087,0.5794,6132925.0000,0,0,0.5796,-0.6091
26.3005,-1.8111,0.2547,0.5794,6132925.0000,0,0,0.5780,-0.6191
26.3104,-1.6581,0.4795,0.5794,6132925.0000,0,0,0.5697,-0.6313
26.3205,-1.6675,0.3516,0.5794,6132925.0000,0,0,0.5620,-0.6428
26.3308,-1.7431,0.2436,0.5794,6132925.0000,0,0,0.5533,-0.6556
26.3408,-1.7714,0.2341,0.5794,6132925.0000,0,0,0.5448,-0.6682
26.3505,-1.8031,0.0736,0.5794,6132925.0000,0,0,0.5363,-0.6807
26.3605,-1.5713,-0.1086,0.5794,6132925.0000,0,0,0.5329,-0.6857
26.3704,-1.2251,-0.1628,0.5794,6132925.0000,0,0,0.5362,-0.6808
26.3809,-1.3933,0.2476,0.5794,6132925.0000,0,0,0.5362,-0.6808
26.3912,-1.4021,0.3052,0.5794,6132925.0000,0,0,0.5361,-0.6810
26.4006,-1.1228,-0.1027,0.5794,6132925.0000,0,0,0.5407,-0.6742
26.4104,-1.3881,0.1199,0.5794,6132925.0000,0,0,0.5406,-0.6743
26.4204,-1.3336,0.5787,0.5794,6132925.0000,0,0,0.5415,-0.6731
26.4308,-1.1026,0.1056,0.5794,6132925.0000,0,0,0.5458,-0.6666
26.4408,-1.0537,-0.1391,0.5794,6132925.0000,0,0,0.5483,-0.6648
26.4505,-1.0183,0.0907,0.5794,6132925.0000,0,0,0.5517,-0.6622
26.4605,-1.2530,-0.1032,0.5794,6132925.0000,0,0,0.5474,-0.6655
26.4704,-0.9692,-0.2155,0.5794,6132925.0000,0,0,0.5520,-0.6620
26.4808,-0.8589,0.0883,0.5794,6132925.0000,0,0,0.5594,-0.6564
26.4908,-1.1086,0.4435,0.5794,6132925.0000,0,0,0.5592,-0.6566
26.5005,-1.0449,0.6628,0.5794,6132925.0000,0,0,0.5608,-0.6554
26.5104,-0.6671,0.4198,0.5794,6132925.0000,0,0,0.5719,-0.6466
26.5205,-0.4903,-0.0624,0.5794,6132925.0000,0,0,0.5866,-0.6349
26.5307,-0.4454,-0.2516,0.5794,6132925.0000,0,0,0.6012,-0.6229
26.5408,-0.3508,0.0577,0.5794,6132925.0000,0,0,0.6170,-0.6098
26.5505,-0.5091,-0.0756,0.5794,6132925.0000,0,0,0.6282,-0.6004
26.5605,-0.3622,-0.2434,0.5794,6132925.0000,0,0,0.6421,-0.5887
26.5704,-0.4743,0.1525,0.5794,6132925.0000,0,0,0.6528,-0.5797
26.5809,-0.5981,0.5234,0.5794,6132925.0000,0,0,0.6497,-0.5809
26.5913,-0.1623,0.0940,0.5794,6132928.0000,0,0,0.6624,-0.5755
26.6005,-0.1023,0.2718,0.5794,6132928.0000,0,0,0.6569,-0.5811
26.6105,-0.2906,0.6611,0.5794,6132928.0000,0,0,0.6538,-0.5843
26.6205,-0.2407,0.4403,0.5794,6132928.0000,0,0,0.6502,-0.5880
26.6308,0.1239,0.4666,0.5794,6132928.0000,0,0,0.6424,-0.5960
26.6408,-0.0026,0.1963,0.5794,6132928.0000,0,0,0.6363,-0.6023
26.6505,0.1773,-0.2384,0.5794,6132928.0000,0,0,0.6282,-0.6106
26.6606,0.2539,0.1225,0.5794,6132928.0000,0,0,0.6195,-0.6196
26.6704,0.1211,0.0938,0.5794,6132928.0000,0,0,0.6125,-0.6268
26.6808,0.6053,-0.2695,0.5794,6132928.0000,0,0,0.6001,-0.6395
26.6907,0.3297,0.2399,0.5794,6132928.0000,0,0,0.5911,-0.6487
26.7006,0.1197,0.7826,0.5794,6132928.0000,0,0,0.5848,-0.6553
26.7104,0.5980,0.3637,0.5794,6132928.0000,0,0,0.5732,-0.6672
26.7205,0.8146,0.2458,0.5794,6132928.0000,0,0,0.5412,-0.6734
26.7307,0.7041,0.3170,0.5794,6132928.0000,0,0,0.5124,-0.6790
26.7408,0.8342,0.0435,0.5794,6132928.0000,0,0,0.4819,-0.6851
26.7504,1.0697,-0.0790,0.5794,6132928.0000,0,0,0.4480,-0.6920
26.7605,0.9480,-0.0404,0.5794,6132928.0000,0,0,0.4173,-0.6982
26.7704,0.9823,0.0104,0.5794,6132928.0000,0,0,0.3868,-0.7046
26.7809,0.9444,0.0947,0.5794,6132928.0000,0,0,0.3580,-0.7107
26.7913,1.1010,0.0730,0.5794,6132928.0000,0,0,0.3271,-0.7173
26.8005,1.3632,-0.2016,0.5794,6132928.0000,0,0,0.2923,-0.7249
26.8104,0.9830,0.1503,0.5794,6132928.0000,0,0,0.2653,-0.7308
26.8205,1.2698,0.7826,0.5794,6132928.0000,0,0,0.2340,-0.7378
26.8308,1.3150,0.2686,0.5794,6132928.0000,0,0,0.2027,-0.7449
26.8408,1.3280,0.0676,0.5794,6132928.0000,0,0,0.1721,-0.7520
26.8504,1.3175,0.2698,0.5794,6132928.0000,0,0,0.1424,-0.7589
26.8605,1.2371,-0.2028,0.5794,6132928.0000,0,0,0.1097,-0.7460
26.8704,1.3829,-0.4705,0.5794,6132928.0000,0,0,0.0754,-0.7326
26.8808,1.2920,-0.0848,0.5794,6132928.0000,0,0,0.0437,-0.7201
26.8907,1.0986,0.4240,0.5794,6132928.0000,0,0,0.0159,-0.7092
26.9005,1.2826,0.1437,0.5794,6132928.0000,0,0,-0.0140,-0.6974
26.9104,1.5678,-0.0470,0.5794,6132928.0000,0,0,-0.0476,-0.6842
26.9205,1.2560,0.4704,0.5794,6132928.0000,0,0,-0.0754,-0.6733
26.9307,1.4250,0.3933,0.5794,6132928.0000,0,0,-0.1050,-0.6617
26.9408,1.6922,0.0577,0.5794,6132928.0000,0,0,-0.1380,-0.6487
26.9504,1.3254,0.4751,0.5794,6132928.0000,0,0,-0.1645,-0.6383
26.9605,1.3703,0.5488,0.5794,6132928.0000,0,0,-0.1910,-0.6279
26.9705,1.5023,0.0234,0.5794,6132928.0000,0,0,-0.2188,-0.6170
26.9809,1.4470,0.0735,0.5794,6132928.0000,0,0,-0.2450,-0.6066
26.9911,1.4048,-0.1073,0.5794,6132928.0000,0,0,-0.2542,-0.5732
27.0005,1.2064,0.0340,0.5794,6132928.0000,0,0,-0.2621,-0.5442
27.0104,1.3227,0.5641,0.5794,6132928.0000,0,0,-0.2702,-0.5143
27.0205,1.3340,0.4218,0.5794,6132928.0000,0,0,-0.2782,-0.4852
27.0308,1.1975,0.4238,0.5794,6132928.0000,0,0,-0.2853,-0.4593
27.0408,1.2529,0.6296,0.5794,6132928.0000,0,0,-0.2923,-0.4333
27.0505,1.3863,0.3493,0.5794,6132928.0000,0,0,-0.2998,-0.4061
27.0605,1.2815,0.3370,0.5794,6132928.0000,0,0,-0.3065,-0.3814
27.0704,1.1728,0.5862,0.5794,6132928.0000,0,0,-0.3126,-0.3591
27.0808,1.2582,0.5579,0.5794,6132928.0000,0,0,-0.3188,-0.3362
27.0908,1.3784,0.0488,0.5794,6132928.0000,0,0,-0.3254,-0.3122
27.1005,2.0535,-0.1098,0.5794,6132928.0000,0,0,-0.3344,-0.2790
27.1104,2.4589,0.1565,0.5794,6132928.0000,0,0,-0.3448,-0.2409
27.1205,2.3823,0.0115,0.5794,6132928.0000,0,0,-0.3546,-0.2049
27.1308,2.3795,-0.1336,0.5794,6132928.0000,0,0,-0.3146,-0.1468
27.1408,1.5240,0.2682,0.5794,6132928.0000,0,0,-0.2895,-0.1097
27.1504,1.1181,0.5335,0.5794,6132928.0000,0,0,-0.2717,-0.0830
27.1605,1.3439,0.3337,0.5794,6132928.0000,0,0,-0.2517,-0.0524
27.1704,1.2364,0.3893,0.5794,6132928.0000,0,0,-0.2343,-0.0254
27.1810,1.0485,0.2360,0.5794,6132928.0000,0,0,-0.2205,-0.0034
27.1913,1.1998,-0.0156,0.5794,6132928.0000,0,0,-0.2054,0.0209
27.2005,1.2892,-0.0652,0.5794,6132928.0000,0,0,-0.1900,0.0461
27.2104,1.2764,-0.3882,0.5794,6132928.0000,0,0,-0.1756,0.0701
27.2205,1.3653,-0.3260,0.5794,6132928.0000,0,0,-0.1609,0.0949
27.2307,0.9695,0.2231,0.5794,6132928.0000,0,0,-0.1518,0.1107
27.2408,0.8499,0.2976,0.5794,6132928.0000,0,0,-0.1445,0.1233
27.2504,1.2163,0.0072,0.5794,6132928.0000,0,0,-0.1332,0.1428
27.2605,1.1081,0.2153,0.5794,6132928.0000,0,0,-0.1235,0.1594
27.2704,0.9824,0.4862,0.5794,6132928.0000,0,0,-0.0987,0.1743
27.2808,1.2632,0.1651,0.5794,6132928.0000,0,0,-0.0664,0.1941
27.2907,1.3155,0.1184,0.5794,6132928.0000,0,0,-0.0349,0.2136
27.3005,1.3339,0.0231,0.5794,6132928.0000,0,0,-0.0051,0.2323
27.3104,1.3581,-0.1539,0.5794,6132928.0000,0,0,0.0232,0.2503
27.3205,1.2712,0.0037,0.5794,6132928.0000,0,0,0.0469,0.2655
27.3308,1.2019,-0.0356,0.5794,6132928.0000,0,0,0.0668,0.2785
27.3408,1.2952,-0.0854,0.5794,6132928.0000,0,0,0.0881,0.2926
27.3504,1.1275,0.2463,0.5794,6132928.0000,0,0,0.1032,0.3026
27.3605,1.2676,0.4091,0.5794,6132928.0000,0,0,0.1212,0.3147
27.3704,1.7372,0.1023,0.5794,6132928.0000,0,0,0.1510,0.3350
27.3809,1.5805,0.2167,0.5794,6132928.0000,0,0,0.1747,0.3512
27.3914,1.5889,0.5820,0.5794,6132928.0000,0,0,0.1971,0.3667
27.4005,1.6536,0.2777,0.5794,6132928.0000,0,0,0.2198,0.3826
27.4104,1.7637,-0.0858,0.5794,6132928.0000,0,0,0.2588,0.3961
27.4205,1.4595,0.0209,0.5794,6132928.0000,0,0,0.2814,0.4042
27.4307,1.2641,0.2306,0.5794,6132928.0000,0,0,0.2940,0.4089
27.4408,1.1725,0.0602,0.5794,6132928.0000,0,0,0.3019,0.4120
27.4504,1.3497,0.0432,0.5794,6132928.0000,0,0,0.3155,0.4175
27.4605,1.3017,0.2412,0.5794,6132928.0000,0,0,0.3261,0.4220
27.4704,0.9268,0.3436,0.5794,6132928.0000,0,0,0.3232,0.4208
27.4808,1.1959,0.5221,0.5794,6132928.0000,0,0,0.3293,0.4235
27.4907,1.0887,0.4879,0.5794,6132928.0000,0,0,0.3316,0.4245
27.5005,0.6972,0.4381,0.5794,6132928.0000,0,0,0.3217,0.4198
27.5105,0.5713,0.5190,0.5794,6132928.0000,0,0,0.3089,0.4135
27.5205,0.5608,0.2899,0.5794,6132928.0000,0,0,0.2967,0.4074
27.5308,0.7384,-0.1412,0.5794,6132928.0000,0,0,0.2904,0.4041
27.5408,0.8244,-0.0897,0.5794,6132928.0000,0,0,0.2886,0.4037
27.5505,0.5789,0.3712,0.5794,6132928.0000,0,0,0.2787,0.4013
27.5605,0.4508,0.2171,0.5794,6132928.0000,0,0,0.2656,0.3980
27.5704,0.5510,0.0556,0.5794,6132928.0000,0,0,0.2567,0.3956
27.5809,0.1773,0.4669,0.5794,6132928.0000,0,0,0.2374,0.3902
27.5912,-0.1844,0.5051,0.5794,6132937.5000,0,0,0.2092,0.3821
27.6005,0.2429,0.2515,0.5794,6132937.5000,0,0,0.2060,0.3806
27.6104,-0.0112,0.3630,0.5794,6132937.5000,0,0,0.2071,0.3811
27.6205,0.0097,0.5241,0.5794,6132937.5000,0,0,0.2078,0.3815
27.6307,0.0897,0.1410,0.5794,6132937.5000,0,0,0.2072,0.3812
27.6408,-0.0184,-0.0670,0.5794,6132937.5000,0,0,0.2083,0.3817
27.6505,-0.1662,-0.2217,0.5794,6132937.5000,0,0,0.2118,0.3834
27.6606,-0.3949,-0.2874,0.5794,6132937.5000,0,0,0.2188,0.3869
27.6704,-0.5693,0.0544,0.5794,6132937.5000,0,0,0.2282,0.3916
27.6808,-0.4820,0.0820,0.5794,6132937.5000,0,0,0.2400,0.3908
27.6908,-0.2489,0.0045,0.5794,6132937.5000,0,0,0.2473,0.3904
27.7005,-0.7338,0.3656,0.5794,6132937.5000,0,0,0.2627,0.3894
27.7104,-0.6502,0.5699,0.5794,6132937.5000,0,0,0.2761,0.3885
27.7205,-0.4366,-0.0880,0.5794,6132937.5000,0,0,0.2856,0.3879
27.7307,-0.6879,-0.2118,0.5794,6132937.5000,0,0,0.2988,0.3871
27.7408,-0.7639,0.0313,0.5794,6132937.5000,0,0,0.3129,0.3862
27.7504,-0.8917,-0.2358,0.5794,6132937.5000,0,0,0.3286,0.3852
27.7605,-0.7070,-0.4593,0.5794,6132937.5000,0,0,0.3409,0.3844
27.7704,-0.7738,-0.2386,0.5794,6132937.5000,0,0,0.3538,0.3836
27.7809,-1.0796,-0.0642,0.5794,6132937.5000,0,0,0.3711,0.3825
27.7913,-1.3152,0.0469,0.5794,6132937.5000,0,0,0.3916,0.3812
27.8005,-1.3167,0.0470,0.5794,6132937.5000,0,0,0.4115,0.3799
27.8104,-1.1991,0.1180,0.5794,6132937.5000,0,0,0.4290,0.3788
27.8205,-1.4956,0.1841,0.5794,6132937.5000,0,0,0.4473,0.3599
27.8308,-1.2923,0.4395,0.5794,6132937.5000,0,0,0.4628,0.3439
27.8408,-1.4293,-0.0158,0.5794,6132937.5000,0,0,0.4793,0.3269
27.8504,-1.4273,-0.5811,0.5794,6132937.5000,0,0,0.4952,0.3104
27.8605,-1.5464,-0.3384,0.5794,6132937.5000,0,0,0.5119,0.2932
27.8705,-2.0209,-0.0745,0.5794,6132937.5000,0,0,0.5330,0.2714
27.8808,-1.8585,-0.2742,0.5794,6132937.5000,0,0,0.5518,0.2520
27.8907,-1.5964,-0.1108,0.5794,6132937.5000,0,0,0.5674,0.2360
27.9005,-1.7966,0.3494,0.5794,6132937.5000,0,0,0.5845,0.2183
27.9104,-2.0467,0.4827,0.5794,6132937.5000,0,0,0.6036,0.1986
27.9205,-1.7419,0.2151,0.5794,6132937.5000,0,0,0.6192,0.1825
27.9307,-1.6669,-0.0351,0.5794,6132937.5000,0,0,0.6336,0.1677
27.9408,-1.8187,-0.3634,0.5794,6132937.5000,0,0,0.6490,0.1517
27.9504,-1.8364,-0.1303,0.5794,6132937.5000,0,0,0.6480,0.1164
27.9605,-2.1777,0.1146,0.5794,6132937.5000,0,0,0.6468,0.0758
27.9704,-1.9516,-0.1381,0.5794,6132937.5000,0,0,0.6458,0.0407
27.9809,-1.9365,-0.3579,0.5794,6132937.5000,0,0,0.6449,0.0071
27.9912,-2.2207,0.3553,0.5794,6132937.5000,0,0,0.6438,-0.0308
28.0006,-2.0982,0.4644,0.5794,6132937.5000,0,0,0.6429,-0.0652
28.0104,-1.7015,0.0313,0.5794,6132937.5000,0,0,0.6422,-0.0913
28.0205,-1.8443,0.1955,0.5794,6132937.5000,0,0,0.6414,-0.1192
28.0307,-2.0529,0.1475,0.5794,6132937.5000,0,0,0.6406,-0.1500
28.0408,-2.0517,-0.2842,0.5794,6132937.5000,0,0,0.6398,-0.1798
28.0505,-2.0215,-0.3267,0.5794,6132937.5000,0,0,0.6391,-0.2082
28.0605,-1.8239,-0.1728,0.5794,6132937.5000,0,0,0.6384,-0.2321
28.0705,-1.9578,0.0324,0.5794,6132937.5000,0,0,0.6378,-0.2578
28.0808,-2.0107,0.3138,0.5794,6132937.5000,0,0,0.6371,-0.2836
28.0907,-1.8011,0.3335,0.5794,6132937.5000,0,0,0.6151,-0.3159
28.1005,-1.9239,0.1592,0.5794,6132937.5000,0,0,0.5927,-0.3494
28.1104,-2.1181,0.3223,0.5794,6132937.5000,0,0,0.5689,-0.3854
28.1205,-1.9547,0.5477,0.5794,6132937.5000,0,0,0.5489,-0.4162
28.1308,-1.7947,0.1805,0.5794,6132937.5000,0,0,0.5321,-0.4423
28.1408,-1.6727,-0.1476,0.5794,6132937.5000,0,0,0.5180,-0.4647
28.1504,-1.7658,0.0946,0.5794,6132937.5000,0,0,0.5036,-0.4880
28.1605,-2.0315,0.2245,0.5794,6132937.5000,0,0,0.4867,-0.5156
28.1705,-1.8308,-0.0713,0.5794,6132937.5000,0,0,0.4732,-0.5379
28.1809,-1.8197,0.0683,0.5794,6132937.5000,0,0,0.4607,-0.5591
28.1913,-2.0310,0.5248,0.5794,6132937.5000,0,0,0.4463,-0.5834
28.2005,-2.0038,0.5463,0.5794,6132937.5000,0,0,0.4328,-0.6062
28.2104,-1.7112,0.3995,0.5794,6132937.5000,0,0,0.4231,-0.6223
28.2205,-2.2277,0.4182,0.5794,6132937.5000,0,0,0.4080,-0.6476
28.2308,-2.5365,0.1915,0.5794,6132937.5000,0,0,0.3595,-0.6796
28.2408,-2.5379,0.1216,0.5794,6132937.5000,0,0,0.3143,-0.7099
28.2504,-2.7573,0.0161,0.5794,6132937.5000,0,0,0.2665,-0.7424
28.2605,-2.6603,-0.3947,0.5794,6132937.5000,0,0,0.2242,-0.7716
28.2704,-2.6918,-0.3311,0.5794,6132937.5000,0,0,0.1838,-0.7999
28.2808,-3.1070,0.1279,0.5794,6132937.5000,0,0,0.1361,-0.8338
28.2908,-2.4986,0.0244,0.5794,6132937.5000,0,0,0.1054,-0.8559
28.3005,-1.6394,-0.0474,0.5794,6132937.5000,0,0,0.0960,-0.8627
28.3104,-1.4142,0.4664,0.5794,6132937.5000,0,0,0.0922,-0.8655
28.3205,-1.3819,0.6729,0.5794,6132937.5000,0,0,0.0893,-0.8677
28.3307,-1.4961,0.1853,0.5794,6132937.5000,0,0,0.0841,-0.8716
28.3408,-1.8101,0.0720,0.5794,6132937.5000,0,0,0.0726,-0.8804
28.3504,-2.0105,0.2182,0.5794,6132937.5000,0,0,0.0575,-0.8920
28.3605,-1.9070,-0.0669,0.5794,6132937.5000,0,0,0.0453,-0.9015
28.3704,-1.6374,-0.3232,0.5794,6132937.5000,0,0,0.0271,-0.9082
28.3808,-1.4775,0.0135,0.5794,6132937.5000,0,0,0.0149,-0.9128
28.3913,-1.7278,0.2846,0.5794,6132937.5000,0,0,-0.0034,-0.9199
28.4005,-1.5982,0.1827,0.5794,6132937.5000,0,0,-0.0168,-0.9253
28.4105,-1.3039,0.2548,0.5794,6132937.5000,0,0,-0.0214,-0.9272
28.4204,-1.5538,0.4108,0.5794,6132937.5000,0,0,-0.0322,-0.9319
28.4307,-1.4399,0.3075,0.5794,6132937.5000,0,0,-0.0393,-0.9350
28.4408,-1.1716,0.0386,0.5794,6132937.5000,0,0,-0.0394,-0.9351
28.4504,-1.1942,0.0489,0.5794,6132937.5000,0,0,-0.0401,-0.9354
28.4605,-1.2821,-0.0598,0.5794,6132937.5000,0,0,-0.0427,-0.9366
28.4704,-1.2913,-0.0397,0.5794,6132937.5000,0,0,-0.0454,-0.9380
28.4808,-1.2857,0.1341,0.5794,6132937.5000,0,0,-0.0479,-0.9392
28.4908,-1.2623,0.0208,0.5794,6132937.5000,0,0,-0.0496,-0.9401
28.5006,-1.8117,0.2256,0.5794,6132937.5000,0,0,-0.0759,-0.9440
28.5104,-2.0831,0.5279,0.5794,6132937.5000,0,0,-0.1070,-0.9488
28.5205,-1.8977,0.1496,0.5794,6132937.5000,0,0,-0.1319,-0.9527
28.5307,-1.6749,0.0637,0.5794,6132937.5000,0,0,-0.1502,-0.9557
28.5408,-1.7217,0.4912,0.5794,6132937.5000,0,0,-0.1684,-0.9588
28.5504,-1.5128,0.5553,0.5794,6132954.0000,0,0,-0.1811,-0.9610
28.5605,-1.4687,0.0669,0.5794,6132954.0000,0,0,-0.1602,-0.9383
28.5704,-1.7136,0.0442,0.5794,6132954.0000,0,0,-0.1369,-0.9130
28.5809,-2.0783,0.2337,0.5794,6132954.0000,0,0,-0.1098,-0.8837
28.5913,-2.3081,-0.0073,0.5794,6132954.0000,0,0,-0.0807,-0.8524
28.6005,-2.0156,-0.1235,0.5794,6132954.0000,0,0,-0.0562,-0.8261
28.6105,-1.7988,0.0888,0.5794,6132954.0000,0,0,-0.0351,-0.8034
28.6205,-1.7179,0.2761,0.5794,6132954.0000,0,0,-0.0156,-0.7826
28.6307,-1.2492,0.4618,0.5794,6132954.0000,0,0,-0.0024,-0.7685
28.6408,-1.0462,0.5597,0.5794,6132954.0000,0,0,0.0076,-0.7652
28.6504,-1.1534,0.6565,0.5794,6132954.0000,0,0,0.0190,-0.7613
28.6606,-1.3982,0.8000,0.5794,6132954.0000,0,0,0.0343,-0.7561
28.6704,-1.1750,0.6649,0.5794,6132954.0000,0,0,0.0452,-0.7524
28.6808,-1.1182,0.1275,0.5794,6132954.0000,0,0,0.0547,-0.7490
28.6907,-0.9506,0.0107,0.5794,6132954.0000,0,0,0.0610,-0.7468
28.7005,-0.8726,0.2128,0.5794,6132954.0000,0,0,0.0658,-0.7451
28.7104,-0.9066,0.1280,0.5794,6132954.0000,0,0,0.0710,-0.7432
28.7205,-0.7315,0.0630,0.5794,6132954.0000,0,0,0.0732,-0.7424
28.7307,-0.9107,0.3321,0.5794,6132954.0000,0,0,0.0781,-0.7406
28.7408,-0.8627,0.4755,0.5794,6132954.0000,0,0,0.0822,-0.7391
28.7504,-0.5844,0.0839,0.5794,6132954.0000,0,0,0.0817,-0.7392
28.7605,-0.5503,0.1447,0.5794,6132954.0000,0,0,0.0808,-0.7396
28.7705,-0.5503,0.7836,0.5794,6132954.0000,0,0,0.0798,-0.7400
28.7809,-0.3255,0.6185,0.5794,6132954.0000,0,0,0.0693,-0.7374
28.7913,0.0069,0.1231,0.5794,6132954.0000,0,0,0.0540,-0.7336
28.8005,-0.1403,0.2260,0.5794,6132954.0000,0,0,0.0415,-0.7305
28.8104,-0.0409,0.2770,0.5794,6132954.0000,0,0,0.0279,-0.7272
28.8205,-0.0325,-0.3193,0.5794,6132954.0000,0,0,0.0146,-0.7239
28.8308,0.1647,-0.0990,0.5794,6132954.0000,0,0,-0.0011,-0.7200
28.8408,0.1625,0.3216,0.5794,6132954.0000,0,0,-0.0163,-0.7163
28.8504,-0.0635,0.3302,0.5794,6132954.0000,0,0,-0.0277,-0.7135
28.8605,0.2467,0.3030,0.5794,6132954.0000,0,0,-0.0432,-0.7097
28.8704,0.4846,0.2115,0.5794,6132954.0000,0,0,-0.0616,-0.7051
28.8808,0.4854,0.1768,0.5794,6132954.0000,0,0,-0.0795,-0.7007
28.8908,0.7226,0.4838,0.5794,6132954.0000,0,0,-0.1001,-0.6956
28.9005,0.9513,0.4010,0.5794,6132954.0000,0,0,-0.1233,-0.6899
28.9104,1.0022,-0.0307,0.5794,6132954.0000,0,0,-0.1464,-0.6842
28.9204,0.7200,0.0185,0.5794,6132954.0000,0,0,-0.1623,-0.6596
28.9307,0.7372,0.2606,0.5794,6132954.0000,0,0,-0.1777,-0.6356
28.9408,0.7497,-0.2228,0.5794,6132954.0000,0,0,-0.1926,-0.6124
28.9505,1.2008,-0.2823,0.5794,6132954.0000,0,0,-0.2110,-0.5837
28.9605,1.1579,0.1665,0.5794,6132954.0000,0,0,-0.2283,-0.5567
28.9704,0.9398,0.2760,0.5794,6132954.0000,0,0,-0.2432,-0.5336
28.9808,1.1758,0.0365,0.5794,6132954.0000,0,0,-0.2595,-0.5082
28.9912,1.1275,0.2297,0.5794,6132954.0000,0,0,-0.2749,-0.4842
29.0006,0.9648,0.6067,0.5794,6132954.0000,0,0,-0.2884,-0.4632
29.0104,1.4092,0.5100,0.5794,6132954.0000,0,0,-0.3051,-0.4372
29.0205,1.8101,0.3953,0.5794,6132954.0000,0,0,-0.3245,-0.4069
29.0307,1.6616,0.2171,0.5794,6132954.0000,0,0,-0.3421,-0.3795
29.0408,1.4175,-0.0503,0.5794,6132954.0000,0,0,-0.3572,-0.3560
29.0504,1.3998,-0.0191,0.5794,6132954.0000,0,0,-0.3542,-0.3115
29.0606,1.2815,-0.1021,0.5794,6132954.0000,0,0,-0.3515,-0.2716
29.0705,1.5520,-0.0817,0.5794,6132954.0000,0,0,-0.3486,-0.2280
29.0808,1.2549,0.2103,0.5794,6132954.0000,0,0,-0.3462,-0.1923
29.0907,1.3118,0.3125,0.5794,6132954.0000,0,0,-0.3438,-0.1571
29.1005,1.5786,-0.1292,0.5794,6132954.0000,0,0,-0.3412,-0.1179
29.1104,1.3910,0.1256,0.5794,6132954.0000,0,0,-0.3390,-0.0837
29.1205,1.3844,0.7127,0.5794,6132954.0000,0,0,-0.3368,-0.0508
29.1308,1.6976,0.4007,0.5794,6132954.0000,0,0,-0.3344,-0.0130
29.1408,1.8062,0.1285,0.5794,6132954.0000,0,0,-0.3319,0.0257
29.1504,1.5660,0.5373,0.5794,6132954.0000,0,0,-0.3298,0.0585
29.1605,1.3907,0.3723,0.5794,6132954.0000,0,0,-0.3280,0.0869
29.1704,1.5338,-0.1041,0.5794,6132954.0000,0,0,-0.3261,0.1171
29.1809,1.6281,-0.2089,0.5794,6132954.0000,0,0,-0.3242,0.1480
29.1912,1.6526,-0.0627,0.5794,6132954.0000,0,0,-0.3003,0.1881
29.2005,1.2590,0.0798,0.5794,6132954.0000,0,0,-0.2830,0.2176
29.2104,1.5436,0.4425,0.5794,6132954.0000,0,0,-0.2632,0.2518
29.2205,1.5597,0.3880,0.5794,6132954.0000,0,0,-0.2444,0.2847
29.2308,1.4971,0.2421,0.5794,6132954.0000,0,0,-0.2274,0.3147
29.2407,1.6105,0.3770,0.5794,6132954.0000,0,0,-0.2102,0.3457
29.2504,1.5573,0.2044,0.5794,6132954.0000,0,0,-0.1946,0.3742
29.2605,1.6353,-0.2396,0.5794,6132954.0000,0,0,-0.1790,0.4029
29.2704,1.4510,-0.2212,0.5794,6132954.0000,0,0,-0.1663,0.4266
29.2808,1.2128,0.1960,0.5794,6132954.0000,0,0,-0.1569,0.4445
29.2907,1.0975,-0.0137,0.5794,6132954.0000,0,0,-0.1493,0.4592
29.3005,1.3387,-0.1706,0.5794,6132954.0000,0,0,-0.1396,0.4781
29.3105,1.2760,0.2911,0.5794,6132954.0000,0,0,-0.1311,0.4949
29.3205,1.0850,0.5963,0.5794,6132954.0000,0,0,-0.1249,0.5073
29.3308,1.5713,0.2161,0.5794,6132954.0000,0,0,-0.0982,0.5282
29.3408,1.8053,0.0589,0.5794,6132954.0000,0,0,-0.0680,0.5521
29.3504,2.2170,0.3105,0.5794,6132954.0000,0,0,-0.0311,0.5818
29.3605,2.4522,0.1443,0.5794,6132954.0000,0,0,0.0086,0.6141
29.3705,2.5481,0.0006,0.5794,6132954.0000,0,0,0.0480,0.6465
29.3809,2.2396,0.1724,0.5794,6132954.0000,0,0,0.0792,0.6723
29.3913,1.7519,0.0947,0.5794,6132954.0000,0,0,0.0990,0.6890
29.4006,1.3460,0.3639,0.5794,6132954.0000,0,0,0.1100,0.6984
29.4104,1.1219,0.3947,0.5794,6132954.0000,0,0,0.1162,0.7037
29.4205,1.1732,0.1569,0.5794,6132954.0000,0,0,0.1230,0.7096
29.4308,0.7980,0.4544,0.5794,6132954.0000,0,0,0.1226,0.7092
29.4408,0.9775,0.9309,0.5794,6132954.0000,0,0,0.1254,0.7116
29.4504,1.4654,0.3857,0.5794,6132954.0000,0,0,0.1368,0.7218
29.4605,1.6864,0.0485,0.5794,6132954.0000,0,0,0.1516,0.7351
29.4704,1.5120,0.2544,0.5794,6132954.0000,0,0,0.1730,0.7437
29.4808,1.0541,0.2211,0.5794,6132954.0000,0,0,0.1814,0.7473
29.4908,0.9277,-0.0018,0.5794,6132954.0000,0,0,0.1863,0.7493
29.5005,0.9612,0.1037,0.5794,6132954.0000,0,0,0.1917,0.7517
29.5104,1.0680,0.1023,0.5794,6132954.0000,0,0,0.1992,0.7551
29.5205,0.9644,0.2821,0.5794,6132954.0000,0,0,0.2039,0.7573
29.5308,1.1386,0.5228,0.5794,6132954.0000,0,0,0.2122,0.7612
29.5408,1.2239,0.3145,0.5794,6132954.0000,0,0,0.2218,0.7660
29.5504,0.9032,0.1572,0.5794,6132981.5000,0,0,0.2242,0.7671
29.5605,0.9151,0.5020,0.5794,6132981.5000,0,0,0.2100,0.7702
29.5705,0.8677,0.1801,0.5794,6132981.5000,0,0,0.1974,0.7729
29.5809,1.1343,-0.2534,0.5794,6132981.5000,0,0,0.1804,0.7766
29.5911,1.2343,-0.0672,0.5794,6132981.5000,0,0,0.1623,0.7805
29.6005,1.0911,0.3132,0.5794,6132981.5000,0,0,0.1568,0.7859
29.6104,1.1183,0.0479,0.5794,6132981.5000,0,0,0.1511,0.7915
29.6205,1.2837,-0.1456,0.5794,6132981.5000,0,0,0.1437,0.7989
29.6307,0.9193,0.4371,0.5794,6132981.5000,0,0,0.1409,0.8017
29.6408,0.8463,0.6629,0.5794,6132981.5000,0,0,0.1391,0.8036
29.6504,1.3222,0.3029,0.5794,6132981.5000,0,0,0.1319,0.8110
29.6606,1.3720,0.3013,0.5794,6132981.5000,0,0,0.1244,0.8187
29.6705,1.2771,0.3288,0.5794,6132981.5000,0,0,0.1182,0.8250
29.6808,1.1945,0.0161,0.5794,6132981.5000,0,0,0.1132,0.8303
29.6908,1.1516,-0.0808,0.5794,6132981.5000,0,0,0.1088,0.8349
29.7006,1.1934,-0.1766,0.5794,6132981.5000,0,0,0.1042,0.8398
29.7104,1.0627,-0.1275,0.5794,6132981.5000,0,0,0.1011,0.8431
29.7205,0.9395,0.3742,0.5794,6132981.5000,0,0,0.0994,0.8449
29.7307,0.9823,0.4944,0.5794,6132981.5000,0,0,0.0973,0.8472
29.7408,1.4092,0.0864,0.5794,6132981.5000,0,0,0.0974,0.8534
29.7504,1.1161,0.2748,0.5794,6132981.5000,0,0,0.0974,0.8543
29.7605,0.9861,0.6728,0.5794,6132981.5000,0,0,0.0974,0.8530
29.7704,1.0185,0.2328,0.5794,6132981.5000,0,0,0.0974,0.8522
29.7809,1.0164,-0.0762,0.5794,6132981.5000,0,0,0.0973,0.8514
29.7913,0.7435,-0.0086,0.5794,6132981.5000,0,0,0.0973,0.8460
29.8005,0.4546,0.0313,0.5794,6132981.5000,0,0,0.0972,0.8360
29.8104,0.2933,0.1983,0.5794,6132981.5000,0,0,0.0971,0.8235
29.8205,0.4035,0.2517,0.5794,6132981.5000,0,0,0.0970,0.8133
29.8308,0.4743,0.0802,0.5794,6132981.5000,0,0,0.0969,0.8045
29.8408,0.2091,0.3877,0.5794,6132981.5000,0,0,0.0968,0.7917
29.8504,0.2925,0.6676,0.5794,6132981.5000,0,0,0.0967,0.7807
29.8605,0.4468,0.2683,0.5794,6132981.5000,0,0,0.0966,0.7724
29.8704,0.2730,0.0195,0.5794,6132981.5000,0,0,0.0965,0.7617
29.8808,0.1054,0.4200,0.5794,6132981.5000,0,0,0.0848,0.7450
29.8907,-0.1109,0.1939,0.5794,6132981.5000,0,0,0.0711,0.7251
29.9005,-0.0504,-0.3619,0.5794,6132981.5000,0,0,0.0588,0.7071
29.9104,-0.2169,-0.3075,0.5794,6132981.5000,0,0,0.0451,0.6868
29.9205,-0.5728,0.1056,0.5794,6132981.5000,0,0,0.0279,0.6611
29.9307,-0.7332,0.0763,0.5794,6132981.5000,0,0,0.0098,0.6335
29.9408,-0.5087,0.1088,0.5794,6132981.5000,0,0,-0.0048,0.6111
29.9504,-0.4783,0.2388,0.5794,6132981.5000,0,0,-0.0184,0.5900
29.9605,-0.8574,0.1890,0.5794,6132981.5000,0,0,-0.0354,0.5633
29.9704,-0.8531,0.2737,0.5794,6132981.5000,0,0,-0.0515,0.5377
29.9809,-1.0930,0.2009,0.5794,6132981.5000,0,0,-0.0693,0.5091
29.9912,-1.1065,-0.0714,0.5794,6132981.5000,0,0,-0.0864,0.4813
30.0005,-1.2276,0.1621,0.5794,6132981.5000,0,0,-0.1039,0.4526
30.0104,-1.4418,0.2688,0.5794,6132981.5000,0,0,-0.1423,0.4279
30.0205,-1.2951,-0.3055,0.5794,6132981.5000,0,0,-0.1752,0.4066
30.0308,-1.2792,-0.2894,0.5794,6132981.5000,0,0,-0.2058,0.3865
30.0408,-1.6585,0.3163,0.5794,6132981.5000,0,0,-0.2423,0.3622
30.0504,-1.9035,0.4760,0.5794,6132981.5000,0,0,-0.2819,0.3355
30.0605,-1.5296,0.3395,0.5794,6132981.5000,0,0,-0.3122,0.3147
30.0705,-1.6319,0.3443,0.5794,6132981.5000,0,0,-0.3430,0.2934
30.0808,-1.7820,0.2397,0.5794,6132981.5000,0,0,-0.3752,0.2708
30.0907,-1.6100,0.0153,0.5794,6132981.5000,0,0,-0.4027,0.2513
30.1005,-1.8409,-0.1195,0.5794,6132981.5000,0,0,-0.4332,0.2294
30.1105,-1.9572,-0.0152,0.5794,6132981.5000,0,0,-0.4644,0.2067
30.1205,-2.2661,-0.0319,0.5794,6132981.5000,0,0,-0.4998,0.1806
30.1308,-2.2732,0.0448,0.5794,6132981.5000,0,0,-0.5338,0.1553
30.1408,-2.1489,0.2526,0.5794,6132981.5000,0,0,-0.5642,0.1326
30.1504,-2.3212,0.3433,0.5794,6132981.5000,0,0,-0.6044,0.1202
30.1605,-2.1931,0.4919,0.5794,6132981.5000,0,0,-0.6394,0.1092
30.1704,-2.1188,0.4120,0.5794,6132981.5000,0,0,-0.6709,0.0991
30.1809,-2.1403,0.0659,0.5794,6132981.5000,0,0,-0.7014,0.0892
30.1912,-2.2394,0.0903,0.5794,6132981.5000,0,0,-0.7328,0.0788
30.2005,-2.0578,0.3065,0.5794,6132981.5000,0,0,-0.7585,0.0702
30.2105,-2.0863,0.0119,0.5794,6132981.5000,0,0,-0.7836,0.0616
30.2205,-2.1717,-0.0420,0.5794,6132981.5000,0,0,-0.8095,0.0526
30.2307,-2.2358,0.0819,0.5794,6132981.5000,0,0,-0.8357,0.0433
30.2408,-2.3634,-0.1096,0.5794,6132981.5000,0,0,-0.8636,0.0333
30.2504,-2.0465,-0.2592,0.5794,6132981.5000,0,0,-0.8832,0.0261
30.2604,-2.2235,0.1357,0.5794,6132981.5000,0,0,-0.9058,0.0178
30.2704,-2.3478,0.7544,0.5794,6132981.5000,0,0,-0.9301,0.0086
30.2807,-2.0011,0.2689,0.5794,6132981.5000,0,0,-0.9459,0.0026
30.2907,-1.9483,0.0040,0.5794,6132981.5000,0,0,-0.9590,0.0023
30.3006,-1.9681,0.4948,0.5794,6132981.5000,0,0,-0.9720,0.0021
30.3104,-1.9187,0.2423,0.5794,6132981.5000,0,0,-0.9833,0.0018
30.3205,-1.6656,-0.1817,0.5794,6132981.5000,0,0,-0.9887,0.0017
30.3308,-1.8606,0.0028,0.5794,6132981.5000,0,0,-0.9980,0.0016
30.3408,-1.9428,0.0885,0.5794,6132981.5000,0,0,-1.0087,0.0014
30.3505,-2.0243,-0.1645,0.5794,6132981.5000,0,0,-1.0206,0.0012
30.3605,-1.8688,-0.0720,0.5794,6132981.5000,0,0,-1.0288,0.0010
30.3704,-2.0795,0.1822,0.5794,6132981.5000,0,0,-1.0410,0.0008
30.3809,-2.3088,0.5431,0.5794,6132981.5000,0,0,-1.0573,0.0005
30.3913,-1.9034,0.5103,0.5794,6132981.5000,0,0,-1.0648,0.0004
30.4006,-1.7880,0.1561,0.5794,6132981.5000,0,0,-1.0698,0.0003
30.4104,-1.9431,-0.0505,0.5794,6132981.5000,0,0,-1.0776,0.0002
30.4205,-2.2404,0.1295,0.5794,6132981.5000,0,0,-1.0909,-0.0001
30.4307,-2.5943,0.1581,0.5794,6132981.5000,0,0,-1.1097,0.0102
30.4408,-2.4642,-0.2934,0.5794,6132981.5000,0,0,-1.1259,0.0190
30.4504,-2.4541,-0.2669,0.5794,6132981.5000,0,0,-1.1413,0.0272
30.4605,-2.4959,0.3486,0.5794,6132981.5000,0,0,-1.1569,0.0355
30.4704,-2.5037,0.3271,0.5794,6132981.5000,0,0,-1.1720,0.0435
30.4809,-2.1662,0.3053,0.5794,6132981.5000,0,0,-1.1816,0.0485
30.4907,-2.1567,0.3720,0.5794,6132981.5000,0,0,-1.1907,0.0532
30.5005,-2.3628,0.2857,0.5794,6132981.5000,0,0,-1.2025,0.0592
30.5105,-2.2426,0.6116,0.5794,6132981.5000,0,0,-1.2122,0.0642
30.5205,-2.2923,0.3428,0.5794,6132981.5000,0,0,-1.2223,0.0693
30.5307,-2.1584,-0.4033,0.5794,6132981.5000,0,0,-1.2302,0.0732
30.5408,-2.1141,-0.2540,0.5794,6132981.5000,0,0,-1.2371,0.0767
30.5504,-2.1926,0.0975,0.5794,6133028.0000,0,0,-1.2450,0.0805
30.5605,-1.7621,-0.0027,0.5794,6133028.0000,0,0,-1.2518,0.0561
30.5705,-1.5242,0.1369,0.5794,6133028.0000,0,0,-1.2568,0.0384
30.5809,-1.7834,0.5726,0.5794,6133028.0000,0,0,-1.2631,0.0160
30.5913,-1.8630,0.6550,0.5794,6133028.0000,0,0,-1.2697,-0.0068
30.6005,-1.6061,0.3691,0.5794,6133028.0000,0,0,-1.2744,-0.0230
30.6104,-1.6934,0.2794,0.5794,6133028.0000,0,0,-1.2794,-0.0402
30.6205,-1.7096,0.2755,0.5794,6133028.0000,0,0,-1.2843,-0.0569
30.6308,-1.7025,-0.0960,0.5794,6133028.0000,0,0,-1.2889,-0.0728
30.6408,-1.6376,-0.1627,0.5794,6133028.0000,0,0,-1.2930,-0.0867
30.6504,-1.6636,0.0832,0.5794,6133028.0000,0,0,-1.2971,-0.1006
30.6607,-1.9043,0.1674,0.5794,6133028.0000,0,0,-1.3023,-0.1186
30.6705,-1.8367,0.2971,0.5794,6133028.0000,0,0,-1.3070,-0.1345
30.6808,-1.5534,0.3230,0.5794,6133028.0000,0,0,-1.3099,-0.1446
30.6908,-1.5620,0.2189,0.5794,6133028.0000,0,0,-1.3127,-0.1544
30.7005,-1.4394,0.3507,0.5794,6133028.0000,0,0,-1.3102,-0.1516
30.7104,-1.3660,0.1723,0.5794,6133028.0000,0,0,-1.3068,-0.1478
30.7205,-1.7504,-0.1047,0.5794,6133028.0000,0,0,-1.3088,-0.1501
30.7307,-2.1070,-0.0570,0.5794,6133028.0000,0,0,-1.3157,-0.1577
30.7408,-2.1642,0.0266,0.5794,6133028.0000,0,0,-1.3232,-0.1658
30.7505,-2.1078,-0.1297,0.5794,6133028.0000,0,0,-1.3297,-0.1729
30.7605,-1.8699,-0.2642,0.5794,6133028.0000,0,0,-1.3327,-0.1762
30.7703,-2.0264,0.0663,0.5794,6133028.0000,0,0,-1.3377,-0.1817
30.7809,-2.1387,0.4030,0.5794,6133028.0000,0,0,-1.3442,-0.1887
30.7911,-1.9143,0.1036,0.5794,6133028.0000,0,0,-1.3474,-0.1921
30.8005,-2.2494,0.1922,0.5794,6133028.0000,0,0,-1.3551,-0.2003
30.8104,-2.2156,0.5677,0.5794,6133028.0000,0,0,-1.3621,-0.2078
30.8205,-2.0431,0.0732,0.5794,6133028.0000,0,0,-1.3665,-0.2126
30.8308,-1.6601,-0.3326,0.5794,6133028.0000,0,0,-1.3655,-0.2115
30.8408,-1.6218,-0.0648,0.5794,6133028.0000,0,0,-1.3566,-0.2076
30.8504,-1.7058,0.0902,0.5794,6133028.0000,0,0,-1.3498,-0.2045
30.8605,-1.3760,-0.1810,0.5794,6133028.0000,0,0,-1.3368,-0.1987
30.8704,-1.1409,-0.0949,0.5794,6133028.0000,0,0,-1.3198,-0.1909
30.8807,-1.3164,0.3524,0.5794,6133028.0000,0,0,-1.3068,-0.1849
30.8907,-1.4235,0.4369,0.5794,6133028.0000,0,0,-1.2964,-0.1801
30.9005,-1.0556,0.3150,0.5794,6133028.0000,0,0,-1.2794,-0.1720
30.9104,-0.9007,0.0653,0.5794,6133028.0000,0,0,-1.2602,-0.1629
30.9205,-0.7797,-0.3120,0.5794,6133028.0000,0,0,-1.2396,-0.1528
30.9308,-0.8283,-0.0543,0.5794,6133028.0000,0,0,-1.2205,-0.1435
30.9408,-1.0388,0.0613,0.5794,6133028.0000,0,0,-1.2061,-0.1363
30.9505,-0.6408,-0.2931,0.5794,6133028.0000,0,0,-1.1849,-0.1257
30.9605,-0.5482,-0.2013,0.5794,6133028.0000,0,0,-1.1629,-0.1145
30.9704,-0.7878,0.5327,0.5794,6133028.0000,0,0,-1.1460,-0.1058
30.9809,-0.6326,0.4772,0.5794,6133028.0000,0,0,-1.1249,-0.1051
30.9912,-0.0648,0.2093,0.5794,6133028.0000,0,0,-1.0941,-0.1042
31.0005,-0.1781,0.1920,0.5794,6133028.0000,0,0,-1.0664,-0.1033
31.0104,-0.1606,0.1651,0.5794,6133028.0000,0,0,-1.0395,-0.1024
31.0205,0.1817,0.0416,0.5794,6133028.0000,0,0,-1.0073,-0.1014
31.0308,0.1448,0.0650,0.5794,6133028.0000,0,0,-0.9769,-0.1005
31.0408,0.1776,-0.1030,0.5794,6133028.0000,0,0,-0.9470,-0.0996
31.0504,0.1281,-0.0325,0.5794,6133028.0000,0,0,-0.9191,-0.0987
31.0605,0.1351,0.3171,0.5794,6133028.0000,0,0,-0.8920,-0.0979
31.0704,0.4874,-0.1154,0.5794,6133028.0000,0,0,-0.8597,-0.0970
31.0808,0.6900,-0.2145,0.5794,6133028.0000,0,0,-0.8250,-0.0960
31.0908,0.4540,0.5107,0.5794,6133028.0000,0,0,-0.7955,-0.0951
31.1005,0.5439,0.6496,0.5794,6133028.0000,0,0,-0.7655,-0.0942
31.1104,1.0800,0.2046,0.5794,6133028.0000,0,0,-0.7366,-0.1135
31.1205,0.9573,0.2520,0.5794,6133028.0000,0,0,-0.7102,-0.1309
31.1307,1.0772,0.3168,0.5794,6133028.0000,0,0,-0.6831,-0.1487
31.1408,1.1265,0.0792,0.5794,6133028.0000,0,0,-0.6561,-0.1662
31.1505,1.1419,0.0177,0.5794,6133028.0000,0,0,-0.6298,-0.1831
31.1605,1.3173,0.0659,0.5794,6133028.0000,0,0,-0.6020,-0.2009
31.1705,1.1001,0.1880,0.5794,6133028.0000,0,0,-0.5779,-0.2162
31.1809,1.0121,0.5865,0.5794,6133028.0000,0,0,-0.5556,-0.2301
31.1912,1.1302,0.3073,0.5794,6133028.0000,0,0,-0.5326,-0.2445
31.2006,1.3123,0.0727,0.5794,6133028.0000,0,0,-0.5078,-0.2599
31.2105,1.1310,0.5354,0.5794,6133028.0000,0,0,-0.4861,-0.2732
31.2205,1.3549,0.7109,0.5794,6133028.0000,0,0,-0.4622,-0.2878
31.2307,1.6486,0.1822,0.5794,6133028.0000,0,0,-0.4352,-0.3041
31.2408,1.5213,-0.0093,0.5794,6133028.0000,0,0,-0.4106,-0.3189
31.2504,1.4885,0.0634,0.5794,6133028.0000,0,0,-0.4010,-0.3445
31.2605,1.3430,0.0126,0.5794,6133028.0000,0,0,-0.3927,-0.3669
31.2704,1.4771,0.1809,0.5794,6133028.0000,0,0,-0.3838,-0.3906
31.2808,1.7059,0.2583,0.5794,6133028.0000,0,0,-0.3738,-0.4169
31.2908,1.4965,0.2861,0.5794,6133028.0000,0,0,-0.3654,-0.4391
31.3005,1.4192,0.6566,0.5794,6133028.0000,0,0,-0.3577,-0.4594
31.3104,1.6695,0.5443,0.5794,6133028.0000,0,0,-0.3487,-0.4826
31.3205,1.9947,0.0661,0.5794,6133028.0000,0,0,-0.3383,-0.5098
31.3308,1.8027,0.1400,0.5794,6133028.0000,0,0,-0.3291,-0.5334
31.3408,1.6793,0.2022,0.5794,6133028.0000,0,0,-0.3210,-0.5543
31.3504,1.5270,-0.2812,0.5794,6133028.0000,0,0,-0.3139,-0.5724
31.3605,1.7245,-0.2298,0.5794,6133028.0000,0,0,-0.3059,-0.5927
31.3704,1.7419,0.2083,0.5794,6133028.0000,0,0,-0.2981,-0.6126
31.3809,1.4098,0.3384,0.5794,6133028.0000,0,0,-0.2922,-0.6273
31.3912,1.5884,0.5002,0.5794,6133028.0000,0,0,-0.2960,-0.6459
31.4005,1.7174,0.4122,0.5794,6133028.0000,0,0,-0.3000,-0.6662
31.4104,1.6025,0.0978,0.5794,6133028.0000,0,0,-0.3035,-0.6838
31.4205,1.5939,0.2992,0.5794,6133028.0000,0,0,-0.3068,-0.7005
31.4307,1.6502,0.3767,0.5794,6133028.0000,0,0,-0.3102,-0.7176
31.4408,1.7038,-0.1169,0.5794,6133028.0000,0,0,-0.3137,-0.7351
31.4504,1.6433,-0.1536,0.5794,6133028.0000,0,0,-0.3168,-0.7510
31.4605,1.4809,0.1646,0.5794,6133028.0000,0,0,-0.3194,-0.7636
31.4704,1.2591,-0.0360,0.5794,6133028.0000,0,0,-0.3210,-0.7721
31.4808,1.6297,0.0049,0.5794,6133028.0000,0,0,-0.3239,-0.7864
31.4907,1.3637,0.4248,0.5794,6133028.0000,0,0,-0.3258,-0.7959
31.5006,1.3501,0.6649,0.5794,6133028.0000,0,0,-0.3276,-0.8050
31.5104,1.5661,0.4691,0.5794,6133108.5000,0,0,-0.3300,-0.8171
31.5205,1.3005,0.3358,0.5794,6133108.5000,0,0,-0.3430,-0.8214
31.5308,1.2346,0.3088,0.5794,6133108.5000,0,0,-0.3604,-0.8173
31.5408,1.3163,-0.1713,0.5794,6133108.5000,0,0,-0.3784,-0.8130
31.5504,1.3373,-0.2097,0.5794,6133108.5000,0,0,-0.3960,-0.8088
31.5605,1.4636,-0.1342,0.5794,6133108.5000,0,0,-0.4150,-0.8042
31.5704,1.3121,0.1225,0.5794,6133108.5000,0,0,-0.4307,-0.8005
31.5809,1.1158,0.6723,0.5794,6133108.5000,0,0,-0.4426,-0.7977
31.5913,1.2243,0.3114,0.5794,6133108.5000,0,0,-0.4557,-0.7945
31.6005,1.3672,0.0172,0.5794,6133108.5000,0,0,-0.4706,-0.7910
31.6104,1.0617,0.5626,0.5794,6133108.5000,0,0,-0.4802,-0.7887
31.6205,1.2853,0.5201,0.5794,6133108.5000,0,0,-0.4928,-0.7857
31.6308,1.7162,0.0309,0.5794,6133108.5000,0,0,-0.5114,-0.7812
31.6408,2.4376,0.1269,0.5794,6133108.5000,0,0,-0.5401,-0.7744
31.6505,2.8531,0.0203,0.5794,6133108.5000,0,0,-0.5739,-0.7663
31.6606,2.6083,-0.2193,0.5794,6133108.5000,0,0,-0.5946,-0.7276
31.6704,2.2875,0.0262,0.5794,6133108.5000,0,0,-0.6118,-0.6956
31.6808,1.9767,0.0824,0.5794,6133108.5000,0,0,-0.6257,-0.6697
31.6908,1.5240,0.2917,0.5794,6133108.5000,0,0,-0.6354,-0.6517
31.7005,1.3009,0.8058,0.5794,6133108.5000,0,0,-0.6429,-0.6377
31.7104,1.2745,0.5040,0.5794,6133108.5000,0,0,-0.6499,-0.6246
31.7205,1.3473,0.1600,0.5794,6133108.5000,0,0,-0.6572,-0.6110
31.7307,1.2654,0.3159,0.5794,6133108.5000,0,0,-0.6635,-0.5992
31.7408,1.4760,0.2870,0.5794,6133108.5000,0,0,-0.6712,-0.5848
31.7504,1.5656,-0.2797,0.5794,6133108.5000,0,0,-0.6793,-0.5698
31.7605,1.6022,-0.1403,0.5794,6133108.5000,0,0,-0.6873,-0.5548
31.7704,1.2862,0.1992,0.5794,6133108.5000,0,0,-0.6928,-0.5446
31.7809,0.9508,0.1615,0.5794,6133108.5000,0,0,-0.6957,-0.5391
31.7913,1.2393,0.2652,0.5794,6133108.5000,0,0,-0.7006,-0.5301
31.8006,1.0696,0.3112,0.5794,6133108.5000,0,0,-0.6971,-0.5077
31.8104,1.0607,0.2313,0.5794,6133108.5000,0,0,-0.6939,-0.4868
31.8205,1.4544,0.1929,0.5794,6133108.5000,0,0,-0.6895,-0.4580
31.8308,1.4033,0.1648,0.5794,6133108.5000,0,0,-0.6855,-0.4318
31.8408,1.3647,0.2244,0.5794,6133108.5000,0,0,-0.6818,-0.4077
31.8504,1.3964,0.0469,0.5794,6133108.5000,0,0,-0.6782,-0.3842
31.8605,1.2329,0.0743,0.5794,6133108.5000,0,0,-0.6753,-0.3652
31.8704,1.1036,-0.1207,0.5794,6133108.5000,0,0,-0.6729,-0.3497
31.8808,1.0846,-0.1832,0.5794,6133108.5000,0,0,-0.6707,-0.3353
31.8908,0.9463,0.2076,0.5794,6133108.5000,0,0,-0.6691,-0.3244
31.9005,1.1579,0.1801,0.5794,6133108.5000,0,0,-0.6668,-0.3097
31.9104,1.2848,-0.0288,0.5794,6133108.5000,0,0,-0.6643,-0.2933
31.9205,1.0155,0.4708,0.5794,6133108.5000,0,0,-0.6627,-0.2826
31.9307,1.2469,0.5158,0.5794,6133108.5000,0,0,-0.6604,-0.2681
31.9408,1.2862,-0.1194,0.5794,6133108.5000,0,0,-0.6432,-0.2402
31.9504,1.0470,0.1090,0.5794,6133108.5000,0,0,-0.6306,-0.2197
31.9605,1.0744,0.2434,0.5794,6133108.5000,0,0,-0.6183,-0.1999
31.9704,0.9770,-0.3358,0.5794,6133108.5000,0,0,-0.6081,-0.1834
31.9809,1.0674,-0.3548,0.5794,6133108.5000,0,0,-0.5973,-0.1659
31.9911,0.8205,-0.0167,0.5794,6133108.5000,0,0,-0.5904,-0.1546
32.0005,0.7180,-0.0780,0.5794,6133108.5000,0,0,-0.5852,-0.1460
32.0105,1.0073,-0.1519,0.5794,6133108.5000,0,0,-0.5766,-0.1317
32.0205,0.7372,0.1926,0.5794,6133108.5000,0,0,-0.5719,-0.1237
32.0308,0.3947,0.5730,0.5794,6133108.5000,0,0,-0.5715,-0.1231
32.0408,0.3957,0.0790,0.5794,6133108.5000,0,0,-0.5711,-0.1224
32.0504,0.1732,0.0181,0.5794,6133108.5000,0,0,-0.5733,-0.1263
32.0605,0.0445,0.2558,0.5794,6133108.5000,0,0,-0.5769,-0.1325
32.0704,0.0908,-0.2444,0.5794,6133108.5000,0,0,-0.5770,-0.1326
32.0808,0.1834,-0.5371,0.5794,6133108.5000,0,0,-0.5751,-0.1309
32.0907,0.0934,-0.2253,0.5794,6133108.5000,0,0,-0.5752,-0.1310
32.1006,-0.1411,-0.0514,0.5794,6133108.5000,0,0,-0.5800,-0.1355
32.1104,-0.2571,-0.0337,0.5794,6133108.5000,0,0,-0.5867,-0.1418
32.1205,-0.1261,0.0753,0.5794,6133108.5000,0,0,-0.5904,-0.1454
32.1308,-0.5022,-0.0564,0.5794,6133108.5000,0,0,-0.6009,-0.1555
32.1408,-0.6075,0.0907,0.5794,6133108.5000,0,0,-0.6125,-0.1669
32.1504,-0.4612,0.1740,0.5794,6133108.5000,0,0,-0.6209,-0.1752
32.1605,-0.5381,-0.2552,0.5794,6133108.5000,0,0,-0.6301,-0.1844
32.1704,-0.6572,-0.3207,0.5794,6133108.5000,0,0,-0.6407,-0.1952
32.1809,-0.9002,-0.0028,0.5794,6133108.5000,0,0,-0.6547,-0.2094
32.1913,-1.1162,-0.3564,0.5794,6133108.5000,0,0,-0.6712,-0.2265
32.2005,-0.8049,-0.5121,0.5794,6133108.5000,0,0,-0.6820,-0.2379
32.2104,-1.0138,-0.0997,0.5794,6133108.5000,0,0,-0.6986,-0.2457
32.2205,-1.3344,0.1627,0.5794,6133108.5000,0,0,-0.7212,-0.2564
32.2307,-1.2218,-0.1091,0.5794,6133108.5000,0,0,-0.7401,-0.2655
32.2408,-1.2731,-0.0397,0.5794,6133108.5000,0,0,-0.7590,-0.2747
32.2504,-1.5666,0.1309,0.5794,6133108.5000,0,0,-0.7832,-0.2866
32.2605,-1.6159,0.1204,0.5794,6133108.5000,0,0,-0.8074,-0.2987
32.2704,-1.3504,-0.0153,0.5794,6133108.5000,0,0,-0.8252,-0.3076
32.2808,-1.3802,-0.1967,0.5794,6133108.5000,0,0,-0.8429,-0.3167
32.2907,-1.4654,-0.3810,0.5794,6133108.5000,0,0,-0.8616,-0.3263
32.3006,-1.7565,-0.2243,0.5794,6133108.5000,0,0,-0.8852,-0.3386
32.3104,-1.9735,-0.3605,0.5794,6133108.5000,0,0,-0.9122,-0.3529
32.3205,-1.8041,-0.5252,0.5794,6133108.5000,0,0,-0.9348,-0.3649
32.3307,-2.0409,-0.0500,0.5794,6133108.5000,0,0,-0.9611,-0.3791
32.3408,-2.1294,0.3167,0.5794,6133108.5000,0,0,-0.9880,-0.3938
32.3504,-1.8891,-0.2000,0.5794,6133108.5000,0,0,-1.0131,-0.3966
32.3605,-2.0713,-0.0470,0.5794,6133108.5000,0,0,-1.0409,-0.3998
32.3705,-2.3486,0.3526,0.5794,6133108.5000,0,0,-1.0733,-0.4035
32.3809,-2.0878,-0.0626,0.5794,6133108.5000,0,0,-1.0990,-0.4065
32.3913,-1.9573,-0.2770,0.5794,6133108.5000,0,0,-1.1209,-0.4091
32.4005,-2.2179,-0.1001,0.5794,6133108.5000,0,0,-1.1472,-0.4122
32.4104,-2.3139,-0.2076,0.5794,6133108.5000,0,0,-1.1744,-0.4155
32.4205,-2.3149,-0.3585,0.5794,6133108.5000,0,0,-1.2005,-0.4187
32.4308,-2.1909,-0.3556,0.5794,6133108.5000,0,0,-1.2231,-0.4215
32.4408,-2.0863,-0.4011,0.5794,6133108.5000,0,0,-1.2429,-0.4240
32.4504,-2.3898,-0.0656,0.5794,6133108.5000,0,0,-1.2676,-0.4272
32.4605,-2.3174,0.2895,0.5794,6133108.5000,0,0,-1.2901,-0.4301
32.4704,-2.1707,0.0404,0.5794,6133108.5000,0,0,-1.3089,-0.4325
32.4808,-2.1703,-0.1387,0.5794,6133108.5000,0,0,-1.3270,-0.4349
32.4908,-2.2080,0.0920,0.5794,6133108.5000,0,0,-1.3486,-0.4252
32.5006,-2.1065,-0.1374,0.5794,6133108.5000,0,0,-1.3677,-0.4166
32.5104,-1.9566,-0.5447,0.5794,6133257.5000,0,0,-1.3839,-0.4094
32.5205,-2.0148,-0.3594,0.5794,6133257.5000,0,0,-1.3469,-0.3590
32.5308,-2.0599,-0.0595,0.5794,6133257.5000,0,0,-1.3111,-0.3100
32.5408,-2.1951,-0.2672,0.5794,6133257.5000,0,0,-1.2752,-0.2609
32.5504,-1.9315,-0.1756,0.5794,6133257.5000,0,0,-1.2434,-0.2176
32.5605,-1.7098,-0.1837,0.5794,6133257.5000,0,0,-1.2149,-0.1789
32.5703,-2.0220,0.0038,0.5794,6133257.5000,0,0,-1.1839,-0.1370
32.5809,-1.8272,0.5257,0.5794,6133257.5000,0,0,-1.1558,-0.0992
32.5911,-1.8248,0.1948,0.5794,6133257.5000,0,0,-1.1286,-0.0627
32.6005,-1.7653,-0.2478,0.5794,6133257.5000,0,0,-1.1028,-0.0282
32.6104,-1.8461,-0.0255,0.5794,6133257.5000,0,0,-1.0768,0.0063
32.6205,-1.8387,0.0264,0.5794,6133257.5000,0,0,-1.0354,0.0224
32.6307,-1.7180,-0.3111,0.5794,6133257.5000,0,0,-0.9972,0.0374
32.6408,-1.7266,-0.1909,0.5794,6133257.5000,0,0,-0.9602,0.0522
32.6504,-1.8344,0.1226,0.5794,6133257.5000,0,0,-0.9228,0.0672
32.6606,-1.8583,-0.0585,0.5794,6133257.5000,0,0,-0.8862,0.0820
32.6704,-1.4827,-0.1363,0.5794,6133257.5000,0,0,-0.8563,0.0943
32.6808,-1.6217,0.3037,0.5794,6133257.5000,0,0,-0.8253,0.1071
32.6907,-1.7705,0.5142,0.5794,6133257.5000,0,0,-0.7932,0.1205
32.7005,-1.6213,0.1286,0.5794,6133257.5000,0,0,-0.7641,0.1328
32.7104,-2.1528,0.1850,0.5794,6133257.5000,0,0,-0.7286,0.1479
32.7205,-2.5248,0.3571,0.5794,6133257.5000,0,0,-0.6890,0.1650
32.7308,-2.5368,-0.0803,0.5794,6133257.5000,0,0,-0.6504,0.1817
32.7408,-2.4463,-0.0832,0.5794,6133257.5000,0,0,-0.6142,0.1976
32.7504,-2.2369,-0.1073,0.5794,6133257.5000,0,0,-0.5819,0.2120
32.7605,-2.4436,-0.3391,0.5794,6133257.5000,0,0,-0.5444,0.1975
32.7704,-2.2127,0.0735,0.5794,6133257.5000,0,0,-0.5113,0.1847
32.7809,-1.6296,0.0035,0.5794,6133257.5000,0,0,-0.4871,0.1754
32.7912,-1.2025,-0.1428,0.5794,6133257.5000,0,0,-0.4694,0.1686
32.8005,-1.5230,0.3891,0.5794,6133257.5000,0,0,-0.4481,0.1603
32.8104,-1.5500,0.6031,0.5794,6133257.5000,0,0,-0.4270,0.1522
32.8205,-1.5069,0.0237,0.5794,6133257.5000,0,0,-0.4072,0.1445
32.8308,-1.6777,-0.1297,0.5794,6133257.5000,0,0,-0.3857,0.1362
32.8408,-1.5751,0.0800,0.5794,6133257.5000,0,0,-0.3662,0.1287
32.8505,-1.6045,-0.1754,0.5794,6133257.5000,0,0,-0.3469,0.1213
32.8605,-1.5060,-0.4735,0.5794,6133257.5000,0,0,-0.3294,0.1145
32.8704,-1.5084,-0.1384,0.5794,6133257.5000,0,0,-0.3123,0.1079
32.8808,-1.8653,0.1494,0.5794,6133257.5000,0,0,-0.2914,0.0998
32.8907,-1.6041,0.0784,0.5794,6133257.5000,0,0,-0.2742,0.0932
32.9005,-1.4459,0.0314,0.5794,6133257.5000,0,0,-0.2647,0.0724
32.9105,-1.4969,0.4399,0.5794,6133257.5000,0,0,-0.2552,0.0515
32.9205,-1.4926,0.2372,0.5794,6133257.5000,0,0,-0.2462,0.0315
32.9307,-1.3075,-0.0570,0.5794,6133257.5000,0,0,-0.2388,0.0153
32.9408,-1.5332,0.0372,0.5794,6133257.5000,0,0,-0.2301,-0.0039
32.9504,-1.5439,0.1107,0.5794,6133257.5000,0,0,-0.2215,-0.0226
32.9605,-1.4854,-0.0803,0.5794,6133257.5000,0,0,-0.2138,-0.0397
32.9704,-1.6381,-0.0509,0.5794,6133257.5000,0,0,-0.2052,-0.0586
32.9809,-1.6237,-0.2915,0.5794,6133257.5000,0,0,-0.1970,-0.0765
32.9911,-1.9224,-0.1772,0.5794,6133257.5000,0,0,-0.1871,-0.0984
33.0005,-1.8961,0.3279,0.5794,6133257.5000,0,0,-0.1777,-0.1191
33.0104,-1.4924,0.1473,0.5794,6133257.5000,0,0,-0.1712,-0.1332
33.0205,-1.5240,0.1305,0.5794,6133257.5000,0,0,-0.1648,-0.1473
33.0308,-1.4277,0.5940,0.5794,6133257.5000,0,0,-0.1592,-0.1596
33.0408,-1.3512,0.2259,0.5794,6133257.5000,0,0,-0.1608,-0.1751
33.0504,-1.1863,-0.1733,0.5794,6133257.5000,0,0,-0.1618,-0.1860
33.0605,-1.3165,0.0832,0.5794,6133257.5000,0,0,-0.1631,-0.1993
33.0704,-1.4645,0.2116,0.5794,6133257.5000,0,0,-0.1647,-0.2152
33.0808,-1.4540,-0.2601,0.5794,6133257.5000,0,0,-0.1661,-0.2302
33.0908,-1.2904,-0.2014,0.5794,6133257.5000,0,0,-0.1672,-0.2410
33.1005,-1.3682,0.3052,0.5794,6133257.5000,0,0,-0.1683,-0.2531
33.1104,-1.3869,0.1217,0.5794,6133257.5000,0,0,-0.1695,-0.2651
33.1205,-0.9389,-0.0245,0.5794,6133257.5000,0,0,-0.1697,-0.2672
33.1307,-1.2081,0.5074,0.5794,6133257.5000,0,0,-0.1704,-0.2749
33.1408,-1.1649,0.7626,0.5794,6133257.5000,0,0,-0.1710,-0.2814
33.1504,-0.6983,0.2182,0.5794,6133257.5000,0,0,-0.1707,-0.2781
33.1605,-0.8179,0.1104,0.5794,6133257.5000,0,0,-0.1706,-0.2773
33.1703,-0.7190,0.3756,0.5794,6133257.5000,0,0,-0.1675,-0.2714
33.1809,-0.6067,0.0015,0.5794,6133257.5000,0,0,-0.1631,-0.2631
33.1912,-0.3772,-0.1552,0.5794,6133257.5000,0,0,-0.1563,-0.2499
33.2005,-0.3659,0.0216,0.5794,6133257.5000,0,0,-0.1497,-0.2370
33.2104,-0.6753,0.0972,0.5794,6133257.5000,0,0,-0.1471,-0.2319
33.2205,-0.4894,0.2929,0.5794,6133257.5000,0,0,-0.1426,-0.2229
33.2307,-0.1821,0.2935,0.5794,6133257.5000,0,0,-0.1350,-0.2074
33.2408,-0.1779,0.2685,0.5794,6133257.5000,0,0,-0.1279,-0.1927
33.2504,-0.0672,0.4883,0.5794,6133257.5000,0,0,-0.1200,-0.1762
33.2605,0.2868,0.5042,0.5794,6133257.5000,0,0,-0.1090,-0.1530
33.2705,0.2486,0.1562,0.5794,6133257.5000,0,0,-0.0990,-0.1316
33.2808,0.2461,0.0648,0.5794,6133257.5000,0,0,-0.0896,-0.1113
33.2907,0.2997,0.1470,0.5794,6133257.5000,0,0,-0.0803,-0.0908
33.3005,0.3062,-0.0747,0.5794,6133257.5000,0,0,-0.0714,-0.0711
33.3104,0.7537,-0.3583,0.5794,6133257.5000,0,0,-0.0436,-0.0463
33.3205,0.6777,0.0565,0.5794,6133257.5000,0,0,-0.0187,-0.0241
33.3308,0.5402,0.4793,0.5794,6133257.5000,0,0,0.0021,-0.0052
33.3408,0.8724,0.0743,0.5794,6133257.5000,0,0,0.0280,0.0186
33.3505,1.0529,0.0851,0.5794,6133257.5000,0,0,0.0560,0.0444
33.3605,0.8783,0.2783,0.5794,6133257.5000,0,0,0.0792,0.0661
33.3705,0.9910,0.0482,0.5794,6133257.5000,0,0,0.1033,0.0888
33.3809,1.2725,0.0664,0.5794,6133257.5000,0,0,0.1311,0.1152
33.3913,1.2102,-0.0980,0.5794,6133257.5000,0,0,0.1565,0.1395
33.4005,1.2140,-0.2330,0.5794,6133257.5000,0,0,0.1806,0.1629
33.4104,1.0600,0.1168,0.5794,6133257.5000,0,0,0.2009,0.1827
33.4205,0.9674,0.0477,0.5794,0.0000,1,1,0.2272,0.1699
33.4308,1.3580,-0.2704,0.5794,0.0000,1,1,0.2590,0.1531
33.4408,1.1198,0.0656,0.5794,0.0000,1,1,0.2839,0.1389
33.4505,1.1721,0.2952,0.5794,0.0000,1,1,0.3078,0.1240
33.4605,1.5128,-0.0815,0.5794,0.0000,1,1,0.3354,0.1054
33.4705,1.3576,0.0957,0.5794,0.0000,1,1,0.3584,0.0885
33.4808,1.2737,0.4242,0.5794,0.0000,1,1,0.3782,0.0725
33.4907,1.4235,-0.0323,0.5794,0.0000,1,1,0.3985,0.0547
33.5005,1.6866,-0.1772,0.5794,0.0000,1,1,0.4203,0.0337
33.5104,1.5744,-0.1945,0.5794,0.0000,1,1,0.4387,0.0141
33.5205,1.4305,-0.3037,0.5794,0.0000,1,1,0.4539,-0.0037
33.5307,1.3534,-0.1484,0.5794,0.0000,1,1,0.4667,-0.0206
33.5408,1.3615,-0.1222,0.5794,0.0000,1,1,0.4783,-0.0377
33.5504,1.4802,-0.2040,0.5794,0.0000,1,1,0.4895,-0.0563
33.5605,1.0550,0.1980,0.5794,0.0000,1,1,0.4962,-0.0693
33.5704,1.2545,0.4788,0.5794,0.0000,1,1,0.5033,-0.0851
33.5808,1.5229,0.1117,0.5794,0.0000,1,1,0.5106,-0.1047
33.5913,1.3719,0.2597,0.5794,0.0000,1,1,0.5158,-0.1222
33.6005,1.3935,0.5092,0.5794,0.0000,1,1,0.5200,-0.1400
33.6104,1.4253,-0.1542,0.5794,0.0000,1,1,0.5231,-0.1582
33.6204,1.3702,-0.3539,0.5794,0.0000,1,1,0.5249,-0.1756
33.6308,1.2931,-0.0429,0.5794,0.0000,1,1,0.5256,-0.1919
33.6408,1.2119,0.0709,0.5794,0.0000,1,1,0.5253,-0.2070
33.6504,1.2357,0.0438,0.5794,0.0000,1,1,0.5239,-0.2224
33.6606,1.3181,0.0328,0.5794,0.0000,1,1,0.5215,-0.2390
33.6704,1.2755,0.0955,0.5794,0.0000,1,1,0.5182,-0.2549
33.6808,1.0690,0.4361,0.5794,0.0000,1,1,0.5147,-0.2677
33.6908,1.3826,0.6692,0.5794,0.0000,1,1,0.5090,-0.2850
33.7005,1.4226,0.3845,0.5794,0.0000,1,1,0.5020,-0.3026
33.7104,1.4151,0.3304,0.5794,0.0000,1,1,0.4940,-0.3200
33.7205,1.5501,0.4666,0.5794,0.0000,1,1,0.4841,-0.3389
33.7307,1.3772,-0.0029,0.5794,0.0000,1,1,0.4745,-0.3552
33.7408,1.3894,-0.2536,0.5794,0.0000,1,1,0.4639,-0.3713
33.7504,1.2217,0.1020,0.5794,0.0000,1,1,0.4540,-0.3849
33.7605,1.1206,0.0732,0.5794,0.0000,1,1,0.4444,-0.3968
33.7704,1.3904,-0.1819,0.5794,0.0000,1,1,0.4311,-0.4120
33.7809,1.3530,0.0676,0.5794,0.0000,1,1,0.4175,-0.4264
33.7911,1.0605,0.3289,0.5794,0.0000,1,1,0.4067,-0.4367
33.8005,1.0615,0.2513,0.5794,0.0000,1,1,0.3953,-0.4467
33.8104,1.1775,0.3785,0.5794,0.0000,1,1,0.3818,-0.4578
33.8205,1.0027,0.3575,0.5794,0.0000,1,1,0.3703,-0.4666
33.8307,1.0261,0.3519,0.5794,0.0000,1,1,0.3578,-0.4753
33.8408,1.2705,0.3975,0.5794,0.0000,1,1,0.3410,-0.4861
33.8504,1.1836,0.0007,0.5794,0.0000,1,1,0.3252,-0.4955
33.8605,1.2916,-0.1991,0.5794,0.0000,1,1,0.3070,-0.5055
33.8704,1.0224,0.2334,0.5794,0.0000,1,1,0.2930,-0.5125
33.8808,0.8928,0.1680,0.5794,0.0000,1,1,0.2810,-0.5180
33.8908,1.2353,-0.0965,0.5794,0.0000,1,1,0.2624,-0.5257
33.9006,1.1416,0.2203,0.5794,0.0000,1,1,0.2452,-0.5322
33.9104,0.8822,0.5664,0.5794,0.0000,1,1,0.2326,-0.5365
33.9205,1.0869,0.4685,0.5794,0.0000,1,1,0.2158,-0.5415
33.9307,1.2514,0.5250,0.5794,0.0000,1,1,0.1957,-0.5468
33.9408,0.9018,0.4569,0.5794,0.0000,1,1,0.1822,-0.5498
33.9504,0.8560,0.2481,0.5794,0.0000,1,1,0.1694,-0.5523
33.9605,0.9535,0.1351,0.5794,0.0000,1,1,0.1544,-0.5545
33.9704,0.9576,-0.1617,0.5794,0.0000,1,1,0.1393,-0.5563
33.9809,1.1599,-0.2379,0.5794,0.0000,1,1,0.1201,-0.5579
33.9913,0.8352,0.3334,0.5794,0.0000,1,1,0.1073,-0.5584
34.0005,0.8435,0.5706,0.5794,0.0000,1,1,0.0943,-0.5585
34.0104,1.0406,0.2659,0.5794,0.0000,1,1,0.0774,-0.5580
34.0205,0.6060,0.4945,0.5794,0.0000,1,1,0.0691,-0.5575
34.0308,0.6186,0.6718,0.5794,0.0000,1,1,0.0605,-0.5566
34.0408,0.9071,-0.0166,0.5794,0.0000,1,1,0.0461,-0.5545
34.0504,0.9179,-0.0070,0.5794,0.0000,1,1,0.0316,-0.5518
34.0605,0.9440,0.2384,0.5794,0.0000,1,1,0.0169,-0.5484
34.0704,0.7822,0.0451,0.5794,0.0000,1,1,0.0053,-0.5452
34.0808,0.6119,-0.0303,0.5794,0.0000,1,1,-0.0030,-0.5425
34.0907,0.5020,-0.1494,0.5794,0.0000,1,1,-0.0094,-0.5402
34.1005,0.3651,-0.0643,0.5794,0.0000,1,1,-0.0134,-0.5385
34.1104,0.4285,0.4435,0.5794,0.0000,1,1,-0.0186,-0.5360
34.1205,0.7811,0.5052,0.5794,0.0000,1,1,-0.0297,-0.5301
34.1307,0.7098,0.3459,0.5794,0.0000,1,1,-0.0394,-0.5243
34.1408,0.4053,0.5666,0.5794,0.0000,1,1,-0.0441,-0.5212
34.1504,0.4966,0.2862,0.5794,0.0000,1,1,-0.0502,-0.5168
34.1605,0.5359,-0.2887,0.5794,0.0000,1,1,-0.0567,-0.5114
34.1705,0.4141,-0.0267,0.5794,0.0000,1,1,-0.0613,-0.5073
34.1809,0.2539,0.1480,0.5794,0.0000,1,1,-0.0638,-0.5048
34.1913,0.1036,-0.0968,0.5794,0.0000,1,1,-0.0644,-0.5041
34.2005,0.2387,-0.0099,0.5794,0.0000,1,1,-0.0667,-0.5012
34.2104,0.1817,0.0129,0.5794,0.0000,1,1,-0.0684,-0.4989
34.2205,-0.1446,0.2543,0.5794,0.0000,1,1,-0.0668,-0.5014
34.2308,-0.2446,0.6731,0.5794,0.0000,1,1,-0.0646,-0.5053
34.2408,-0.1415,0.4494,0.5794,0.0000,1,1,-0.0636,-0.5072
34.2504,-0.1865,0.3009,0.5794,0.0000,1,1,-0.0626,-0.5095
34.2605,-0.1693,0.5826,0.5794,0.0000,1,1,-0.0619,-0.5113
34.2704,-0.0709,0.1845,0.5794,0.0000,1,1,-0.0620,-0.5110
34.2808,0.0202,-0.4014,0.5794,0.0000,1,1,-0.0626,-0.5086
34.2908,-0.2922,-0.0939,0.5794,0.0000,1,1,-0.0619,-0.5120
34.3005,-0.6039,0.1300,0.5794,0.0000,1,1,-0.0604,-0.5213
34.3104,-0.5430,-0.1592,0.5794,0.0000,1,1,-0.0596,-0.5290
34.3205,-0.3363,0.0971,0.5794,0.0000,1,1,-0.0594,-0.5321
34.3308,-0.6140,0.5040,0.5794,0.0000,1,1,-0.0593,-0.5406
34.3408,-0.8920,0.4247,0.5794,0.0000,1,1,-0.0598,-0.5546
34.3504,-0.6410,0.3839,0.5794,0.0000,1,1,-0.0604,-0.5626
34.3605,-0.7968,0.2568,0.5794,0.0000,1,1,-0.0618,-0.5736
34.3704,-0.8568,0.1904,0.5794,0.0000,1,1,-0.0638,-0.5854
34.3809,-0.7055,0.3137,0.5794,0.0000,1,1,-0.0655,-0.5932
34.3913,-0.8945,0.2930,0.5794,0.0000,1,1,-0.0685,-0.6048
34.4005,-0.7773,-0.1912,0.5794,0.0000,1,1,-0.0710,-0.6131
34.4104,-0.9731,-0.1049,0.5744,2192423.7500,1,1,-0.0752,-0.6253
34.4205,-1.3240,0.4350,0.5744,2192423.7500,1,1,-0.0438,-0.6111
34.4307,-1.2487,0.1564,0.5744,2192423.7500,1,1,-0.0148,-0.5980
34.4408,-1.0878,0.1364,0.5744,2192423.7500,1,1,0.0104,-0.5866
34.4504,-1.3905,0.7450,0.5744,2192423.7500,1,1,0.0401,-0.5732
34.4605,-1.4168,0.5551,0.5744,2192423.7500,1,1,0.0694,-0.5599
34.4704,-1.1449,0.4150,0.5744,2192423.7500,1,1,0.0907,-0.5565
34.4808,-1.4193,0.1491,0.5744,2192423.7500,1,1,0.1162,-0.5525
34.4907,-1.4763,-0.2299,0.5744,2192423.7500,1,1,0.1419,-0.5484
34.5005,-1.5332,0.0403,0.5744,2192423.7500,1,1,0.1679,-0.5442
34.5104,-1.5551,0.1758,0.5744,2192423.7500,1,1,0.1935,-0.5402
34.5205,-1.3264,-0.1914,0.5744,2192423.7500,1,1,0.2146,-0.5368
34.5308,-1.6656,0.2523,0.5744,2192423.7500,1,1,0.2407,-0.5326
34.5408,-1.8965,0.8090,0.5744,2192423.7500,1,1,0.2646,-0.5382
34.5504,-1.5709,0.3427,0.5744,2192423.7500,1,1,0.2832,-0.5425
34.5605,-1.4963,0.3197,0.5744,2192423.7500,1,1,0.3003,-0.5465
34.5704,-1.6450,0.7043,0.5744,2192423.7500,1,1,0.3190,-0.5509
34.5809,-1.5233,0.2007,0.5744,2192423.7500,1,1,0.3355,-0.5547
34.5913,-1.4892,-0.1249,0.5744,2192423.7500,1,1,0.3512,-0.5583
34.6006,-1.6885,-0.0522,0.5744,2192423.7500,1,1,0.3692,-0.5625
34.6105,-1.6980,-0.0034,0.5744,2192423.7500,1,1,0.3806,-0.5741
34.6205,-1.9853,0.3940,0.5744,2192423.7500,1,1,0.3944,-0.5881
34.6308,-1.8869,0.4525,0.5744,2192423.7500,1,1,0.4070,-0.6009
34.6405,-1.7122,0.1346,0.5744,2192423.7500,1,1,0.4175,-0.6116
34.6514,-2.0300,0.5495,0.5744,2192423.7500,1,1,0.4308,-0.6250
34.6606,-1.8579,0.7549,0.5744,2192423.7500,1,1,0.4421,-0.6365
34.6704,-1.5743,0.1671,0.5744,2192423.7500,1,1,0.4446,-0.6499
34.6808,-1.6721,0.4174,0.5744,2192423.7500,1,1,0.4473,-0.6644
34.6904,-1.9373,0.4383,0.5744,2192423.7500,1,1,0.4507,-0.6825
34.7008,-1.9565,0.1761,0.5744,2192423.7500,1,1,0.4541,-0.7004
34.7104,-1.8764,0.1693,0.5744,2192423.7500,1,1,0.4572,-0.7166
34.7205,-1.8218,-0.0460,0.5744,2192423.7500,1,1,0.4599,-0.7313
34.7308,-1.7804,0.1549,0.5744,2192423.7500,1,1,0.4625,-0.7451
34.7405,-2.2585,0.7249,0.5744,2192423.7500,1,1,0.4555,-0.7729
34.7508,-2.2605,0.4135,0.5744,2192423.7500,1,1,0.4488,-0.7996
34.7606,-1.8883,0.1825,0.5744,2192423.7500,1,1,0.4443,-0.8177
34.7704,-2.1590,0.5359,0.5744,2192423.7500,1,1,0.4385,-0.8404
34.7808,-1.9788,0.6683,0.5744,2192423.7500,1,1,0.4339,-0.8587
34.7903,-1.6241,0.3567,0.5744,2192423.7500,1,1,0.4312,-0.8694
34.8009,-1.6271,0.4172,0.5744,2192423.7500,1,1,0.4286,-0.8797
34.8104,-1.7588,0.2655,0.5744,2192423.7500,1,1,0.4196,-0.8950
34.8205,-1.9343,0.1104,0.5744,2192423.7500,1,1,0.4086,-0.9135
34.8308,-2.0500,0.1262,0.5744,2192423.7500,1,1,0.3966,-0.9336
34.8405,-1.8047,-0.3590,0.5744,2192423.7500,1,1,0.3885,-0.9473
34.8514,-1.5017,-0.1034,0.5744,2192423.7500,1,1,0.3847,-0.9536
34.8605,-1.7723,0.7023,0.5744,2192423.7500,1,1,0.3777,-0.9654
34.8705,-1.6405,0.5029,0.5744,2192423.7500,1,1,0.3727,-0.9739
34.8808,-1.3631,0.4494,0.5744,2192423.7500,1,1,0.3696,-0.9772
34.8905,-1.7354,0.5594,0.5744,2192423.7500,1,1,0.3587,-0.9889
34.9008,-1.6453,0.2903,0.5744,2192423.7500,1,1,0.3504,-0.9978
34.9104,-1.3194,0.3487,0.5744,2192423.7500,1,1,0.3492,-0.9991
34.9205,-1.3581,0.2384,0.5744,2192423.7500,1,1,0.3474,-1.0011
34.9307,-1.2523,-0.0296,0.5744,2192423.7500,1,1,0.3477,-1.0008
34.9405,-1.3888,0.3407,0.5744,2192423.7500,1,1,0.3455,-1.0034
34.9508,-1.6403,0.4079,0.5744,2192423.7500,1,1,0.3330,-1.0135
34.9605,-1.4622,-0.2455,0.5744,2192423.7500,1,1,0.3263,-1.0190
34.9704,-1.3991,0.0608,0.5744,2192423.7500,1,1,0.3218,-1.0228
34.9809,-1.5571,0.4552,0.5744,2192423.7500,1,1,0.3138,-1.0298
34.9904,-1.2707,0.4236,0.5744,2192423.7500,1,1,0.3132,-1.0303
35.0008,-0.8631,0.5658,0.5744,2192423.7500,1,1,0.3222,-1.0222
35.0105,-0.9326,0.3840,0.5744,2192423.7500,1,1,0.3289,-1.0160
35.0205,-1.1197,0.2680,0.5744,2192423.7500,1,1,0.3278,-1.0167
35.0307,-1.2242,0.5857,0.5744,2192423.7500,1,1,0.3236,-1.0194
35.0405,-1.1902,0.0463,0.5744,2192423.7500,1,1,0.3207,-1.0213
35.0513,-1.0118,-0.2298,0.5744,2192423.7500,1,1,0.3231,-1.0197
35.0605,-1.1729,0.1894,0.5744,2192423.7500,1,1,0.3209,-1.0212
35.0705,-1.3641,0.1857,0.5744,2192423.7500,1,1,0.3136,-1.0262
35.0808,-1.0958,0.1371,0.5744,2192423.7500,1,1,0.3139,-1.0259
35.0904,-1.0419,0.4200,0.5744,2192423.7500,1,1,0.3099,-1.0279
35.1008,-1.2438,0.4933,0.5744,2192423.7500,1,1,0.2998,-1.0330
35.1104,-1.1709,0.6795,0.5744,2192423.7500,1,1,0.2927,-1.0367
35.1205,-0.9926,0.5184,0.5744,2192423.7500,1,1,0.2916,-1.0373
35.1307,-0.9286,0.0259,0.5744,2192423.7500,1,1,0.2925,-1.0368
35.1405,-1.0228,0.1477,0.5744,2192423.7500,1,1,0.2907,-1.0378
35.1507,-1.0590,0.3236,0.5744,2192423.7500,1,1,0.2879,-1.0394
35.1605,-1.0461,-0.1484,0.5744,2192423.7500,1,1,0.2779,-1.0434
35.1705,-0.9107,-0.0272,0.5744,2192423.7500,1,1,0.2731,-1.0455
35.1809,-1.1207,0.5075,0.5744,2192423.7500,1,1,0.2623,-1.0502
35.1904,-1.1745,0.2494,0.5744,2192423.7500,1,1,0.2507,-1.0554
35.2008,-0.8077,0.1252,0.5744,2192423.7500,1,1,0.2505,-1.0554
35.2104,-0.9988,0.5034,0.5744,2192423.7500,1,1,0.2451,-1.0580
35.2205,-1.1507,0.6730,0.5744,2192423.7500,1,1,0.2359,-1.0625
35.2308,-0.8041,0.5815,0.5744,2192423.7500,1,1,0.2292,-1.0648
35.2405,-0.8921,0.4378,0.5744,2192423.7500,1,1,0.2204,-1.0678
35.2514,-0.7784,0.1864,0.5744,2192423.7500,1,1,0.2154,-1.0695
35.2605,-0.8306,0.0129,0.5744,2192423.7500,1,1,0.2095,-1.0718
35.2704,-0.8129,0.1629,0.5744,2192423.7500,1,1,0.2044,-1.0737
35.2807,-0.6680,-0.0391,0.5744,2192423.7500,1,1,0.2033,-1.0741
35.2904,-0.6960,0.1274,0.5744,2192423.7500,1,1,0.2016,-1.0748
35.3008,-0.9926,0.9267,0.5744,2192423.7500,1,1,0.1854,-1.0785
35.3104,-0.8506,0.8215,0.5744,2192423.7500,1,1,0.1738,-1.0813
35.3205,-0.4206,0.3286,0.5744,2192423.7500,1,1,0.1735,-1.0814
35.3307,-0.5523,0.4223,0.5744,2192423.7500,1,1,0.1700,-1.0822
35.3405,-0.6457,0.3318,0.5744,2192423.7500,1,1,0.1646,-1.0837
35.3508,-0.5931,-0.0008,0.5744,2192423.7500,1,1,0.1607,-1.0847
35.3605,-0.5608,0.0104,0.5744,2192423.7500,1,1,0.1577,-1.0855
35.3705,-0.3286,0.0303,0.5744,2192423.7500,1,1,0.1540,-1.0858
35.3809,-0.6243,0.3411,0.5744,2192423.7500,1,1,0.1442,-1.0864
35.3904,-0.4553,0.7710,0.5744,2192423.7500,1,1,0.1385,-1.0868
35.4008,-0.1666,0.3892,0.5744,2192423.7500,1,1,0.1389,-1.0867
35.4104,-0.0934,0.2331,0.5744,2192423.7500,1,1,0.1408,-1.0866
35.4205,-0.1945,0.5777,0.5744,2192423.7500,1,1,0.1405,-1.0866
35.4308,-0.1937,0.2629,0.5744,2192423.7500,1,1,0.1403,-1.0866
35.4405,0.0807,-0.2496,0.5744,2192423.7500,1,1,0.1404,-1.0867
35.4514,0.0478,-0.1100,0.5744,2192423.7500,1,1,0.1398,-1.0865
35.4605,-0.0934,0.2796,0.5744,2192423.7500,1,1,0.1367,-1.0859
35.4704,-0.2087,0.3801,0.5744,2192423.7500,1,1,0.1316,-1.0849
35.4808,0.0959,0.5690,0.5744,2192423.7500,1,1,0.1322,-1.0850
35.4903,0.2579,0.4431,0.5744,2192423.7500,1,1,0.1356,-1.0857
35.5008,0.1979,0.3887,0.5744,2192423.7500,1,1,0.1379,-1.0861
35.5104,0.4509,0.6094,0.5744,2192423.7500,1,1,0.1400,-1.0873
35.5205,0.3876,0.0352,0.5744,2192423.7500,1,1,0.1412,-1.0880
35.5308,0.5133,-0.0718,0.5744,2192423.7500,1,1,0.1441,-1.0896
35.5405,0.3107,0.3254,0.5744,2192423.7500,1,1,0.1440,-1.0895
35.5508,0.1733,0.1180,0.5744,2192423.7500,1,1,0.1418,-1.0883
35.5605,0.5596,-0.1107,0.5744,2192423.7500,1,1,0.1454,-1.0903
35.5704,0.5154,0.2336,0.5744,2192423.7500,1,1,0.1482,-1.0918
35.5810,0.3637,0.5216,0.5744,2192423.7500,1,1,0.1464,-1.0898
35.5904,0.5495,0.4597,0.5744,2192423.7500,1,1,0.1468,-1.0902
35.6009,0.9227,0.3850,0.5744,2192423.7500,1,1,0.1513,-1.0952
35.6105,0.7885,0.1997,0.5744,2192423.7500,1,1,0.1542,-1.0983
35.6205,0.8622,0.2251,0.5744,2192423.7500,1,1,0.1579,-1.1023
35.6307,0.9903,0.2321,0.5744,2192423.7500,1,1,0.1628,-1.1075
35.6405,0.9113,-0.1609,0.5744,2192423.7500,1,1,0.1643,-1.1110
35.6513,1.0730,-0.0913,0.5744,2192423.7500,1,1,0.1669,-1.1170
35.6606,0.7837,0.3336,0.5744,2192423.7500,1,1,0.1674,-1.1181
35.6705,0.7324,0.1683,0.5744,2192423.7500,1,1,0.1676,-1.1185
35.6808,1.1381,-0.0536,0.5744,2192423.7500,1,1,0.1704,-1.1250
35.6905,0.9480,0.4725,0.5744,2192423.7500,1,1,0.1720,-1.1284
35.7008,0.9053,0.6936,0.5744,2192423.7500,1,1,0.1731,-1.1310
35.7104,1.2309,0.2218,0.5744,2192423.7500,1,1,0.1739,-1.1387
35.7205,1.3177,0.1519,0.5744,2192423.7500,1,1,0.1749,-1.1476
35.7307,1.2321,0.1016,0.5744,2192423.7500,1,1,0.1756,-1.1547
35.7405,1.2196,-0.0553,0.5744,2192423.7500,1,1,0.1763,-1.1613
35.7507,1.1319,-0.0375,0.5744,2192423.7500,1,1,0.1768,-1.1661
35.7605,1.2608,-0.4373,0.5744,2192423.7500,1,1,0.1775,-1.1730
35.7704,1.3306,-0.2965,0.5744,2192423.7500,1,1,0.1784,-1.1808
35.7809,1.0704,0.4382,0.5744,2192423.7500,1,1,0.1777,-1.1844
35.7904,1.1970,0.3523,0.5744,2192423.7500,1,1,0.1766,-1.1901
35.8008,1.4377,0.1131,0.5744,2192423.7500,1,1,0.1748,-1.2001
35.8104,1.1502,0.3675,0.5744,2192423.7500,1,1,0.1740,-1.2045
35.8205,1.2959,0.2575,0.5744,2192423.7500,1,1,0.1728,-1.2113
35.8307,1.5972,0.1000,0.5744,2192423.7500,1,1,0.1706,-1.2232
35.8405,1.4735,0.2133,0.5744,2192423.7500,1,1,0.1689,-1.2325
35.8514,1.3356,-0.0785,0.5744,2192423.7500,1,1,0.1652,-1.2406
35.8605,1.1261,-0.0276,0.5744,2192423.7500,1,1,0.1632,-1.2448
35.8704,1.0817,0.2690,0.5744,2192423.7500,1,1,0.1617,-1.2480
35.8808,1.2771,-0.1160,0.5744,2192423.7500,1,1,0.1587,-1.2545
35.8904,1.2149,0.1864,0.5744,2192423.7500,1,1,0.1563,-1.2597
35.9008,0.9787,0.7989,0.5744,2192423.7500,1,1,0.1558,-1.2608
35.9104,1.3268,0.4039,0.5744,2192423.7500,1,1,0.1526,-1.2675
35.9205,1.5524,0.1794,0.5744,2192423.7500,1,1,0.1431,-1.2793
35.9307,1.1174,0.2276,0.5744,2192423.7500,1,1,0.1392,-1.2840
35.9405,0.9695,0.0232,0.5744,2192423.7500,1,1,0.1373,-1.2864
35.9507,1.0275,0.0530,0.5744,2192423.7500,1,1,0.1348,-1.2896
35.9605,0.9021,-0.0948,0.5744,2192423.7500,1,1,0.1338,-1.2908
35.9704,1.0208,-0.1618,0.5744,2192423.7500,1,1,0.1314,-1.2937
35.9809,0.7559,0.3554,0.5744,2192423.7500,1,1,0.1322,-1.2927
35.9904,0.7297,0.5250,0.5744,2192423.7500,1,1,0.1305,-1.2940
36.0008,0.9702,0.0933,0.5744,2192423.7500,1,1,0.1251,-1.2980
36.0104,0.7608,0.3852,0.5744,2192423.7500,1,1,0.1231,-1.2995
36.0205,0.7849,0.6440,0.5744,2192423.7500,1,1,0.1208,-1.3012
36.0308,1.0294,0.0592,0.5744,2192423.7500,1,1,0.1150,-1.3055
36.0405,1.0566,0.1266,0.5744,2192423.7500,1,1,0.1090,-1.3099
36.0513,0.8046,0.4866,0.5744,2192423.7500,1,1,0.1068,-1.3115
36.0605,0.7921,0.1154,0.5744,2192423.7500,1,1,0.0999,-1.3141
36.0704,0.7476,-0.1358,0.5744,2192423.7500,1,1,0.0940,-1.3164
36.0808,0.6701,-0.2273,0.5744,2192423.7500,1,1,0.0896,-1.3180
36.0904,0.3562,-0.0892,0.5744,2192423.7500,1,1,0.0907,-1.3176
36.1008,0.2669,0.3189,0.5744,2192423.7500,1,1,0.0932,-1.3166
36.1104,0.5822,0.2764,0.5744,2192423.7500,1,1,0.0905,-1.3177
36.1205,0.8241,0.0521,0.5744,2192423.7500,1,1,0.0839,-1.3201
36.1308,0.5758,0.4556,0.5744,2192423.7500,1,1,0.0757,-1.3205
36.1405,0.6497,0.5363,0.5744,2192423.7500,1,1,0.0666,-1.3208
36.1508,0.7263,-0.2322,0.5744,2192423.7500,1,1,0.0564,-1.3212
36.1605,0.7026,-0.2072,0.5744,2192423.7500,1,1,0.0470,-1.3216
36.1705,0.5019,-0.0502,0.5744,2192423.7500,1,1,0.0414,-1.3218
36.1809,0.4092,-0.0836,0.5744,2192423.7500,1,1,0.0376,-1.3219
36.1904,0.5469,0.0375,0.5744,2192423.7500,1,1,0.0316,-1.3222
36.2008,0.6286,-0.0501,0.5744,2192423.7500,1,1,0.0186,-1.3178
36.2104,0.3635,0.1292,0.5744,2192423.7500,1,1,0.0106,-1.3152
36.2205,0.3393,0.7224,0.5744,2192423.7500,1,1,0.0033,-1.3127
36.2307,0.5656,0.5245,0.5744,2192423.7500,1,1,-0.0074,-1.3092
36.2405,0.7923,0.2032,0.5744,2192423.7500,1,1,-0.0214,-1.3045
36.2513,0.5993,0.3086,0.5744,2192423.7500,1,1,-0.0318,-1.3010
36.2605,0.5753,0.1162,0.5744,2192423.7500,1,1,-0.0414,-1.2978
36.2704,0.4386,-0.4080,0.5744,2192423.7500,1,1,-0.0530,-1.2882
36.2808,0.4932,-0.2331,0.5744,2192423.7500,1,1,-0.0648,-1.2783
36.2905,0.3469,0.0458,0.5744,2192423.7500,1,1,-0.0740,-1.2706
36.3008,0.1823,0.3597,0.5744,2192423.7500,1,1,-0.0806,-1.2652
36.3104,0.4664,0.5403,0.5744,2192423.7500,1,1,-0.0908,-1.2567
36.3205,0.5060,0.3084,0.5744,2192423.7500,1,1,-0.1011,-1.2481
36.3308,0.3946,0.2097,0.5744,2192423.7500,1,1,-0.1095,-1.2410
36.3405,0.2983,0.4278,0.5744,2192423.7500,1,1,-0.1183,-1.2259
36.3507,0.2660,0.2264,0.5744,2192423.7500,1,1,-0.1264,-1.2121
36.3605,0.3940,-0.1873,0.5744,2192423.7500,1,1,-0.1354,-1.1967
36.3705,0.0877,-0.1576,0.5744,2192423.7500,1,1,-0.1408,-1.1874
36.3809,-0.1498,0.2278,0.5744,2192423.7500,1,1,-0.1437,-1.1825
36.3904,-0.1240,0.0519,0.5744,2192423.7500,1,1,-0.1467,-1.1774
36.4008,0.1518,0.1558,0.5744,2192423.7500,1,1,-0.1522,-1.1680
36.4104,-0.1324,0.4645,0.5744,2192423.7500,1,1,-0.1551,-1.1553
36.4205,-0.0693,0.4896,0.5744,2192423.7500,1,1,-0.1582,-1.1419
36.4308,0.2738,0.4793,0.5744,2192423.7500,1,1,-0.1629,-1.1216
36.4405,0.1607,0.2440,0.5744,2192423.7500,1,1,-0.1668,-1.1048
36.4514,0.0739,-0.0300,0.5744,2192423.7500,1,1,-0.1701,-1.0907
36.4605,-0.2117,0.1780,0.5744,2192423.7500,1,1,-0.1718,-1.0832
36.4704,-0.4729,0.1327,0.5744,2192423.7500,1,1,-0.1722,-1.0815
36.4808,-0.2821,-0.2068,0.5744,2192423.7500,1,1,-0.1719,-1.0684
36.4904,-0.3354,0.1736,0.5744,2192423.7500,1,1,-0.1716,-1.0575
36.5008,-0.5820,0.5425,0.5744,2192423.7500,1,1,-0.1715,-1.0534
36.5104,-0.5605,0.3389,0.5744,2192423.7500,1,1,-0.1713,-1.0490
36.5205,-0.2313,0.4459,0.5744,2192423.7500,1,1,-0.1710,-1.0370
36.5308,-0.3894,0.2672,0.5744,2192423.7500,1,1,-0.1708,-1.0293
36.5405,-0.3222,0.3069,0.5744,2192423.7500,1,1,-0.1669,-1.0139
36.5507,-0.1986,0.5934,0.5744,2192423.7500,1,1,-0.1625,-0.9962
36.5605,-0.5172,-0.0101,0.5744,2192423.7500,1,1,-0.1604,-0.9880
36.5705,-0.5280,-0.3483,0.5744,2192423.7500,1,1,-0.1586,-0.9805
36.5809,-0.8814,-0.0674,0.5744,2192423.7500,1,1,-0.1590,-0.9823
36.5905,-1.0732,0.1029,0.5744,2192423.7500,1,1,-0.1606,-0.9885
36.6009,-0.5810,-0.0393,0.5744,2192423.7500,1,1,-0.1591,-0.9828
36.6104,-0.6659,0.3178,0.5744,2192423.7500,1,1,-0.1559,-0.9760
36.6205,-0.9358,0.7180,0.5744,2192423.7500,1,1,-0.1561,-0.9765
36.6308,-0.7348,0.4122,0.5744,2192423.7500,1,1,-0.1540,-0.9720
36.6405,-0.5563,0.1983,0.5744,2192423.7500,1,1,-0.1499,-0.9635
36.6514,-0.6106,0.2953,0.5744,2192423.7500,1,1,-0.1467,-0.9568
36.6606,-0.6416,0.0901,0.5744,2192423.7500,1,1,-0.1440,-0.9512
36.6703,-0.7371,0.1669,0.5744,2192423.7500,1,1,-0.1425,-0.9481
36.6808,-0.8335,0.0901,0.5744,2192423.7500,1,1,-0.1410,-0.9461
36.6905,-0.9345,0.0819,0.5744,2192423.7500,1,1,-0.1413,-0.9464
36.7008,-1.1824,0.6121,0.5744,2192423.7500,1,1,-0.1455,-0.9522
36.7104,-0.9529,0.5816,0.5744,2192423.7500,1,1,-0.1459,-0.9527
36.7205,-0.5306,0.1209,0.5744,2192423.7500,1,1,-0.1398,-0.9445
36.7308,-0.7910,0.4006,0.5744,2192423.7500,1,1,-0.1379,-0.9419
36.7405,-0.8384,0.6222,0.5744,2192423.7500,1,1,-0.1369,-0.9405
36.7507,-0.8701,0.0956,0.5744,2192423.7500,1,1,-0.1363,-0.9400
36.7605,-0.9931,0.1142,0.5744,2192423.7500,1,1,-0.1383,-0.9418
36.7705,-1.1695,0.1007,0.5744,2192423.7500,1,1,-0.1435,-0.9470
36.7809,-1.3182,-0.0297,0.5744,2192423.7500,1,1,-0.1512,-0.9546
36.7904,-1.1552,0.1678,0.5744,2192423.7500,1,1,-0.1554,-0.9588
36.8008,-0.9163,0.2105,0.5744,2192423.7500,1,1,-0.1551,-0.9585
36.8104,-1.1413,0.2723,0.5744,2192423.7500,1,1,-0.1587,-0.9622
36.8204,-1.4692,0.7212,0.5744,2192423.7500,1,1,-0.1723,-0.9717
36.8307,-1.4904,0.4701,0.5744,2192423.7500,1,1,-0.1856,-0.9812
36.8405,-1.2598,-0.0827,0.5744,2192423.7500,1,1,-0.1930,-0.9865
36.8513,-1.3206,-0.0302,0.5744,2192423.7500,1,1,-0.2013,-0.9926
36.8605,-1.1857,0.2851,0.5744,2192423.7500,1,1,-0.2062,-0.9962
36.8705,-1.3288,-0.0583,0.5744,2192423.7500,1,1,-0.2138,-1.0020
36.8808,-1.2631,0.1339,0.5744,2192423.7500,1,1,-0.2197,-1.0065
36.8904,-1.5763,0.2690,0.5744,2192423.7500,1,1,-0.2373,-1.0157
36.9008,-1.9190,0.3465,0.5744,2192423.7500,1,1,-0.2621,-1.0291
36.9104,-1.6722,0.5857,0.5744,2192423.7500,1,1,-0.2794,-1.0386
36.9205,-1.4047,0.4100,0.5744,2192423.7500,1,1,-0.2895,-1.0443
36.9307,-1.2523,0.2219,0.5744,2192423.7500,1,1,-0.2954,-1.0477
36.9404,-1.2592,0.5597,0.5744,2192423.7500,1,1,-0.3011,-1.0511
36.9507,-1.3567,0.3145,0.5744,2192423.7500,1,1,-0.3087,-1.0556
36.9605,-1.3416,-0.2328,0.5744,2192423.7500,1,1,-0.3206,-1.0604
36.9704,-1.5934,-0.0282,0.5744,2192423.7500,1,1,-0.3378,-1.0675
36.9809,-1.8715,0.3233,0.5744,2192423.7500,1,1,-0.3605,-1.0772
36.9904,-1.8515,0.0796,0.5744,2192423.7500,1,1,-0.3813,-1.0863
37.0008,-1.3537,0.1843,0.5744,2192423.7500,1,1,-0.3898,-1.0901
37.0104,-1.4617,0.4794,0.5744,2192423.7500,1,1,-0.4001,-1.0948
37.0205,-1.4385,0.4558,0.5744,2192423.7500,1,1,-0.4093,-1.0992
37.0308,-1.1068,0.3634,0.5744,2192423.7500,1,1,-0.4162,-1.1011
37.0405,-1.4018,0.4417,0.5744,2192423.7500,1,1,-0.4292,-1.1048
37.0514,-1.5058,0.4523,0.5744,2192423.7500,1,1,-0.4437,-1.1090
37.0605,-1.2790,0.2996,0.5744,2192423.7500,1,1,-0.4527,-1.1117
37.0704,-1.3482,0.1322,0.5744,2192423.7500,1,1,-0.4626,-1.1147
37.0808,-1.2438,-0.2140,0.5744,2192423.7500,1,1,-0.4700,-1.1170
37.0904,-1.3410,0.0139,0.5744,2192423.7500,1,1,-0.4791,-1.1199
37.1008,-1.4826,0.5295,0.5744,2192423.7500,1,1,-0.4963,-1.1215
37.1105,-1.4694,0.2726,0.5744,2192423.7500,1,1,-0.5125,-1.1231
37.1205,-1.1743,0.1543,0.5744,2192423.7500,1,1,-0.5220,-1.1241
37.1307,-1.4540,0.7015,0.5744,2192423.7500,1,1,-0.5368,-1.1255
37.1405,-1.2496,0.5356,0.5744,2192423.7500,1,1,-0.5469,-1.1266
37.1507,-0.9223,0.1604,0.5744,2192423.7500,1,1,-0.5502,-1.1269
37.1605,-1.2437,0.3948,0.5744,2192423.7500,1,1,-0.5596,-1.1279
37.1704,-1.2307,0.4123,0.5744,2192423.7500,1,1,-0.5735,-1.1257
37.1809,-1.0849,0.0031,0.5744,2192423.7500,1,1,-0.5842,-1.1240
37.1904,-1.2628,0.2296,0.5744,2192423.7500,1,1,-0.5977,-1.1219
37.2008,-1.1739,0.1496,0.5744,2192423.7500,1,1,-0.6091,-1.1202
37.2104,-1.1849,0.0124,0.5744,2192423.7500,1,1,-0.6204,-1.1185
37.2205,-1.0492,0.0825,0.5744,2192423.7500,1,1,-0.6288,-1.1172
37.2308,-1.0429,-0.1120,0.5744,2192423.7500,1,1,-0.6368,-1.1160
37.2405,-1.2012,0.1047,0.5744,2192423.7500,1,1,-0.6510,-1.1091
37.2514,-1.1255,0.4690,0.5744,2192423.7500,1,1,-0.6636,-1.1029
37.2605,-0.9499,0.3339,0.5744,2192423.7500,1,1,-0.6731,-1.0984
37.2704,-1.1142,0.4320,0.5744,2192423.7500,1,1,-0.6847,-1.0928
37.2808,-1.0971,0.6042,0.5744,2192423.7500,1,1,-0.6957,-1.0876
37.2905,-0.7945,0.2603,0.5744,2192423.7500,1,1,-0.7018,-1.0847
37.3008,-0.7753,-0.0283,0.5744,2192423.7500,1,1,-0.7075,-1.0821
37.3104,-0.7953,0.2191,0.5744,2192423.7500,1,1,-0.7159,-1.0738
37.3205,-0.8860,0.2990,0.5744,2192423.7500,1,1,-0.7251,-1.0648
37.3308,-0.9229,-0.1548,0.5744,2192423.7500,1,1,-0.7344,-1.0558
37.3405,-0.9027,-0.1946,0.5744,2192423.7500,1,1,-0.7432,-1.0473
37.3508,-1.2128,0.1484,0.5744,2192423.7500,1,1,-0.7553,-1.0357
37.3605,-1.1775,0.1158,0.5744,2192423.7500,1,1,-0.7666,-1.0250
37.3704,-0.8430,0.0245,0.5717,2192424.0000,1,1,-0.7738,-1.0183
37.3809,-0.9461,0.4302,0.5717,2192424.0000,1,1,-0.7705,-1.0172
37.3904,-0.9910,0.6519,0.5717,2192424.0000,1,1,-0.7682,-1.0164
37.4008,-0.5412,0.2740,0.5717,2192424.0000,1,1,-0.7580,-1.0130
37.4105,-0.5577,0.2015,0.5717,2192424.0000,1,1,-0.7536,-1.0130
37.4205,-0.7445,0.0981,0.5717,2192424.0000,1,1,-0.7523,-1.0130
37.4307,-0.7526,-0.0362,0.5717,2192424.0000,1,1,-0.7513,-1.0130
37.4405,-0.6939,0.0237,0.5717,2192424.0000,1,1,-0.7493,-1.0130
37.4513,-0.6546,-0.1939,0.5717,2192424.0000,1,1,-0.7468,-1.0131
37.4604,-0.5906,-0.0746,0.5717,2192424.0000,1,1,-0.7433,-1.0131
37.4705,-0.7347,0.3463,0.5717,2192424.0000,1,1,-0.7422,-1.0131
37.4808,-0.4883,0.0183,0.5717,2192424.0000,1,1,-0.7421,-1.0132
37.4904,-0.4929,-0.0090,0.5717,2192424.0000,1,1,-0.7420,-1.0132
37.5008,-0.7550,0.7174,0.5717,2192424.0000,1,1,-0.7454,-1.0116
37.5104,-0.5041,0.5047,0.5717,2192424.0000,1,1,-0.7454,-1.0116
37.5205,-0.3695,-0.0473,0.5717,2192424.0000,1,1,-0.7436,-1.0124
37.5308,-0.5285,0.3021,0.5717,2192424.0000,1,1,-0.7440,-1.0123
37.5404,-0.3782,0.4400,0.5717,2192424.0000,1,1,-0.7424,-1.0130
37.5507,-0.3531,-0.0160,0.5717,2192424.0000,1,1,-0.7440,-1.0110
37.5605,-0.3621,0.0603,0.5717,2192424.0000,1,1,-0.7457,-1.0090
37.5705,-0.4089,0.1909,0.5717,2192424.0000,1,1,-0.7477,-1.0065
37.5809,-0.4923,0.0552,0.5717,2192424.0000,1,1,-0.7505,-1.0032
37.5904,-0.2022,0.2041,0.5717,2192424.0000,1,1,-0.7505,-1.0032
37.6009,-0.2639,0.2147,0.5717,2192424.0000,1,1,-0.7511,-1.0026
37.6104,-0.4202,0.4152,0.5717,2192424.0000,1,1,-0.7531,-1.0002
37.6205,-0.2392,0.6084,0.5717,2192424.0000,1,1,-0.7549,-0.9948
37.6307,-0.1322,0.4288,0.5717,2192424.0000,1,1,-0.7560,-0.9913
37.6405,-0.1996,0.2966,0.5717,2192424.0000,1,1,-0.7575,-0.9869
37.6513,-0.1073,0.4112,0.5717,2192424.0000,1,1,-0.7584,-0.9840
37.6607,-0.0057,0.2444,0.5717,2192424.0000,1,1,-0.7588,-0.9828
37.6704,0.0411,-0.1173,0.5717,2192424.0000,1,1,-0.7590,-0.9824
37.6808,-0.0619,0.0793,0.5717,2192424.0000,1,1,-0.7596,-0.9805
37.6904,-0.2083,0.4214,0.5717,2192424.0000,1,1,-0.7599,-0.9698
37.7008,-0.0524,0.1306,0.5717,2192424.0000,1,1,-0.7600,-0.9625
37.7104,0.0917,0.2852,0.5717,2192424.0000,1,1,-0.7601,-0.9582
37.7205,-0.2126,0.7991,0.5717,2192424.0000,1,1,-0.7604,-0.9484
37.7307,0.0812,0.6230,0.5717,2192424.0000,1,1,-0.7605,-0.9444
37.7405,0.3444,0.3465,0.5717,2192424.0000,1,1,-0.7605,-0.9453
37.7508,0.2579,0.5424,0.5717,2192424.0000,1,1,-0.7605,-0.9446
37.7605,0.3546,0.3237,0.5717,2192424.0000,1,1,-0.7597,-0.9409
37.7705,0.4560,0.0761,0.5717,2192424.0000,1,1,-0.7594,-0.9395
37.7809,0.2540,0.0929,0.5717,2192424.0000,1,1,-0.7582,-0.9341
37.7903,0.1399,0.0026,0.5717,2192424.0000,1,1,-0.7566,-0.9267
37.8008,0.0298,0.2198,0.5717,2192424.0000,1,1,-0.7546,-0.9173
37.8104,0.1615,0.4448,0.5717,2192424.0000,1,1,-0.7532,-0.9108
37.8204,0.4358,0.2844,0.5717,2192424.0000,1,1,-0.7530,-0.9098
37.8307,0.3719,0.5807,0.5717,2192424.0000,1,1,-0.7504,-0.9040
37.8405,0.5082,0.8471,0.5717,2192424.0000,1,1,-0.7491,-0.9010
37.8513,0.6692,0.3394,0.5717,2192424.0000,1,1,-0.7492,-0.9014
37.8606,0.5295,0.2131,0.5717,2192424.0000,1,1,-0.7482,-0.8990
37.8703,0.3975,0.4724,0.5717,2192424.0000,1,1,-0.7460,-0.8942
37.8808,0.2640,0.2023,0.5717,2192424.0000,1,1,-0.7429,-0.8871
37.8904,0.4718,-0.1803,0.5717,2192424.0000,1,1,-0.7415,-0.8841
37.9008,0.4309,0.0313,0.5717,2192424.0000,1,1,-0.7376,-0.8786
37.9104,0.3254,0.3246,0.5717,2192424.0000,1,1,-0.7326,-0.8715
37.9205,0.5288,0.1652,0.5717,2192424.0000,1,1,-0.7302,-0.8681
37.9308,0.5085,0.3159,0.5717,2192424.0000,1,1,-0.7276,-0.8645
37.9405,0.3993,0.8046,0.5717,2192424.0000,1,1,-0.7239,-0.8593
37.9508,0.6009,0.3249,0.5717,2192424.0000,1,1,-0.7227,-0.8575
37.9605,0.8088,-0.0716,0.5717,2192424.0000,1,1,-0.7239,-0.8592
37.9704,0.6651,0.2464,0.5717,2192424.0000,1,1,-0.7226,-0.8581
37.9809,0.5801,0.0860,0.5717,2192424.0000,1,1,-0.7201,-0.8558
37.9904,0.5717,-0.2784,0.5717,2192424.0000,1,1,-0.7176,-0.8536
38.0008,0.4641,0.0067,0.5717,2192424.0000,1,1,-0.7136,-0.8500
38.0104,0.2246,0.2031,0.5717,2192424.0000,1,1,-0.7063,-0.8434
38.0205,0.2865,0.2787,0.5717,2192424.0000,1,1,-0.7001,-0.8378
38.0308,0.7834,0.3415,0.5717,2192424.0000,1,1,-0.7011,-0.8387
38.0405,0.7121,0.2622,0.5717,2192424.0000,1,1,-0.7016,-0.8390
38.0513,0.5752,0.2977,0.5717,2192424.0000,1,1,-0.6998,-0.8381
38.0605,0.6531,0.4397,0.5717,2192424.0000,1,1,-0.6994,-0.8379
38.0704,0.5006,0.0980,0.5717,2192424.0000,1,1,-0.6965,-0.8364
38.0808,0.6449,-0.1013,0.5717,2192424.0000,1,1,-0.6959,-0.8362
38.0904,0.5519,0.0487,0.5717,2192424.0000,1,1,-0.6940,-0.8352
38.1009,0.5544,0.1327,0.5717,2192424.0000,1,1,-0.6922,-0.8343
38.1104,0.6423,-0.1574,0.5717,2192424.0000,1,1,-0.6933,-0.8344
38.1205,0.3813,0.1725,0.5717,2192424.0000,1,1,-0.6900,-0.8340
38.1308,0.2238,0.6526,0.5717,2192424.0000,1,1,-0.6841,-0.8333
38.1405,0.5357,0.3615,0.5717,2192424.0000,1,1,-0.6837,-0.8333
38.1507,0.5679,0.2269,0.5717,2192424.0000,1,1,-0.6837,-0.8333
38.1605,0.5221,0.5606,0.5717,2192424.0000,1,1,-0.6831,-0.8332
38.1705,0.6826,0.1495,0.5717,2192424.0000,1,1,-0.6850,-0.8334
38.1809,0.8223,-0.3041,0.5717,2192424.0000,1,1,-0.6917,-0.8313
38.1904,0.5274,0.0866,0.5717,2192424.0000,1,1,-0.6934,-0.8308
38.2008,0.2314,0.2112,0.5717,2192424.0000,1,1,-0.6904,-0.8317
38.2104,0.2788,-0.0524,0.5717,2192424.0000,1,1,-0.6882,-0.8324
38.2205,0.5418,0.1554,0.5717,2192424.0000,1,1,-0.6901,-0.8318
38.2308,0.3303,0.4952,0.5717,2192424.0000,1,1,-0.6888,-0.8322
38.2405,0.3582,0.5332,0.5717,2192424.0000,1,1,-0.6879,-0.8325
38.2514,0.6727,0.3853,0.5717,2192424.0000,1,1,-0.6943,-0.8266
38.2605,0.3639,0.2630,0.5717,2192424.0000,1,1,-0.6962,-0.8249
38.2704,0.3016,0.2366,0.5717,2192424.0000,1,1,-0.6972,-0.8240
38.2808,0.4732,0.1217,0.5717,2192424.0000,1,1,-0.7004,-0.8210
38.2904,0.3884,0.0001,0.5717,2192424.0000,1,1,-0.7024,-0.8192
38.3009,0.5152,-0.2002,0.5717,2192424.0000,1,1,-0.7060,-0.8160
38.3104,0.2198,0.0320,0.5717,2192424.0000,1,1,-0.7056,-0.8163
38.3205,0.0747,0.2569,0.5717,2192424.0000,1,1,-0.7063,-0.8149
38.3307,0.3683,-0.0766,0.5717,2192424.0000,1,1,-0.7098,-0.8080
38.3405,0.2829,0.2673,0.5717,2192424.0000,1,1,-0.7123,-0.8030
38.3507,0.1590,0.8284,0.5717,2192424.0000,1,1,-0.7135,-0.8005
38.3605,0.4761,0.2992,0.5717,2192424.0000,1,1,-0.7175,-0.7924
38.3704,0.6138,0.1192,0.5667,2192425.2500,1,1,-0.7227,-0.7822
38.3809,0.3703,0.0861,0.5667,2192425.2500,1,1,-0.7209,-0.7856
38.3904,0.2047,-0.0705,0.5667,2192425.2500,1,1,-0.7206,-0.7861
38.4008,0.0024,0.0999,0.5667,2192425.2500,1,1,-0.7220,-0.7834
38.4104,0.0696,-0.0789,0.5667,2192425.2500,1,1,-0.7228,-0.7818
38.4205,0.2057,-0.2042,0.5667,2192425.2500,1,1,-0.7225,-0.7825
38.4307,-0.0876,0.5552,0.5667,2192425.2500,1,1,-0.7245,-0.7786
38.4405,0.0130,0.5987,0.5667,2192425.2500,1,1,-0.7256,-0.7763
38.4514,0.3886,0.1076,0.5667,2192425.2500,1,1,-0.7256,-0.7766
38.4605,0.1933,0.3070,0.5667,2192425.2500,1,1,-0.7259,-0.7733
38.4705,0.0605,0.4592,0.5667,2192425.2500,1,1,-0.7265,-0.7676
38.4808,-0.0408,-0.0382,0.5667,2192425.2500,1,1,-0.7272,-0.7603
38.4904,0.0231,-0.0539,0.5667,2192425.2500,1,1,-0.7278,-0.7544
38.5008,0.0317,-0.1568,0.5667,2192425.2500,1,1,-0.7283,-0.7488
38.5104,-0.1965,-0.1393,0.5667,2192425.2500,1,1,-0.7292,-0.7394
38.5205,-0.1863,0.3139,0.5667,2192425.2500,1,1,-0.7264,-0.7262
38.5308,-0.1178,0.2446,0.5667,2192425.2500,1,1,-0.7239,-0.7147
38.5405,-0.1868,0.3153,0.5667,2192425.2500,1,1,-0.7213,-0.7022
38.5507,-0.1455,0.5638,0.5667,2192425.2500,1,1,-0.7188,-0.6909
38.5605,0.1278,0.1045,0.5667,2192425.2500,1,1,-0.7176,-0.6849
38.5704,0.0839,-0.4050,0.5667,2192425.2500,1,1,-0.7162,-0.6783
38.5809,-0.1206,-0.1683,0.5667,2192425.2500,1,1,-0.7140,-0.6683
38.5903,-0.3261,-0.1624,0.5667,2192425.2500,1,1,-0.7060,-0.6528
38.6008,-0.3970,-0.4094,0.5667,2192425.2500,1,1,-0.6976,-0.6366
38.6104,-0.3353,-0.3056,0.5667,2192425.2500,1,1,-0.6900,-0.6219
38.6205,-0.5627,0.1694,0.5667,2192425.2500,1,1,-0.6805,-0.6037
38.6308,-0.3588,0.1839,0.5667,2192425.2500,1,1,-0.6732,-0.5895
38.6405,-0.2077,0.0609,0.5667,2192425.2500,1,1,-0.6673,-0.5782
38.6513,-0.5088,0.3747,0.5667,2192425.2500,1,1,-0.6590,-0.5622
38.6606,-0.3526,0.4641,0.5667,2192425.2500,1,1,-0.6479,-0.5503
38.6705,-0.2119,-0.1031,0.5667,2192425.2500,1,1,-0.6390,-0.5407
38.6805,-0.2790,-0.0081,0.5667,2192425.2500,1,1,-0.6294,-0.5304
38.6908,-0.4434,0.0306,0.5667,2192425.2500,1,1,-0.6180,-0.5181
38.7008,-0.6628,-0.1953,0.5667,2192425.2500,1,1,-0.6041,-0.5032
38.7104,-0.4824,-0.1464,0.5667,2192425.2500,1,1,-0.5929,-0.4912
38.7205,-0.5021,-0.0555,0.5667,2192425.2500,1,1,-0.5817,-0.4791
38.7304,-0.6874,0.1294,0.5667,2192425.2500,1,1,-0.5648,-0.4700
38.7408,-0.8287,0.3499,0.5667,2192425.2500,1,1,-0.5462,-0.4601
38.7508,-0.5780,0.3349,0.5667,2192425.2500,1,1,-0.5319,-0.4524
38.7605,-0.5980,0.1128,0.5667,2192425.2500,1,1,-0.5178,-0.4448
38.7704,-0.7627,0.3705,0.5667,2192425.2500,1,1,-0.5015,-0.4360
38.7805,-0.5977,0.3569,0.5667,2192425.2500,1,1,-0.4881,-0.4288
38.7911,-0.6254,-0.4573,0.5667,2192425.2500,1,1,-0.4747,-0.4216
38.8008,-0.6380,-0.5370,0.5667,2192425.2500,1,1,-0.4604,-0.4209
38.8104,-0.9004,-0.0881,0.5667,2192425.2500,1,1,-0.4424,-0.4201
38.8204,-1.0694,0.0647,0.5667,2192425.2500,1,1,-0.4222,-0.4191
38.8303,-0.5968,0.2794,0.5667,2192425.2500,1,1,-0.4100,-0.4185
38.8409,-0.7786,0.4732,0.5667,2192425.2500,1,1,-0.3953,-0.4178
38.8514,-0.9161,0.5700,0.5667,2192425.2500,1,1,-0.3789,-0.4171
38.8605,-0.7595,0.3923,0.5667,2192425.2500,1,1,-0.3654,-0.4164
38.8704,-0.7492,0.1192,0.5667,2192425.2500,1,1,-0.3537,-0.4229
38.8805,-0.7299,-0.1690,0.5667,2192425.2500,1,1,-0.3428,-0.4290
38.8908,-0.8779,-0.1948,0.5667,2192425.2500,1,1,-0.3301,-0.4361
38.9008,-0.9425,0.2151,0.5667,2192425.2500,1,1,-0.3168,-0.4435
38.9104,-0.8457,0.1624,0.5667,2192425.2500,1,1,-0.3054,-0.4498
38.9205,-0.7470,0.0874,0.5667,2192425.2500,1,1,-0.2957,-0.4552
38.9305,-0.9226,0.5752,0.5667,2192425.2500,1,1,-0.2839,-0.4618
38.9408,-0.7568,0.4551,0.5667,2192425.2500,1,1,-0.2777,-0.4718
38.9507,-0.7548,-0.1126,0.5667,2192425.2500,1,1,-0.2718,-0.4813
38.9605,-0.9612,0.0803,0.5667,2192425.2500,1,1,-0.2638,-0.4940
38.9704,-0.9763,0.2325,0.5667,2192425.2500,1,1,-0.2560,-0.5065
38.9805,-0.9791,-0.3514,0.5667,2192425.2500,1,1,-0.2486,-0.5185
38.9911,-0.7501,-0.2535,0.5667,2192425.2500,1,1,-0.2438,-0.5262
39.0008,-1.0029,0.1625,0.5667,2192425.2500,1,1,-0.2366,-0.5377
39.0104,-1.1924,0.3103,0.5667,2192425.2500,1,1,-0.2326,-0.5576
39.0205,-0.8259,0.4335,0.5667,2192425.2500,1,1,-0.2308,-0.5665
39.0304,-1.0017,0.4004,0.5667,2192425.2500,1,1,-0.2282,-0.5796
39.0409,-0.9419,0.2686,0.5667,2192425.2500,1,1,-0.2261,-0.5904
39.0513,-0.8077,0.1880,0.5667,2192425.2500,1,1,-0.2247,-0.5973
39.0605,-1.0200,0.0130,0.5667,2192425.2500,1,1,-0.2223,-0.6091
39.0704,-0.9599,-0.3538,0.5667,2192425.2500,1,1,-0.2204,-0.6189
39.0805,-1.1531,-0.1976,0.5667,2192425.2500,1,1,-0.2213,-0.6333
39.0908,-1.3372,0.3284,0.5667,2192425.2500,1,1,-0.2224,-0.6528
39.1008,-1.1818,0.0333,0.5667,2192425.2500,1,1,-0.2232,-0.6660
39.1104,-0.9329,0.0070,0.5667,2192425.2500,1,1,-0.2235,-0.6706
39.1205,-1.1250,0.6459,0.5667,2192425.2500,1,1,-0.2241,-0.6807
39.1304,-0.9320,0.3789,0.5667,2192425.2500,1,1,-0.2243,-0.6846
39.1408,-0.6696,-0.1449,0.5667,2192425.2500,1,1,-0.2241,-0.6806
39.1508,-0.9728,-0.0248,0.5667,2192425.2500,1,1,-0.2242,-0.6809
39.1605,-1.1930,-0.0057,0.5667,2192425.2500,1,1,-0.2263,-0.6889
39.1704,-1.3075,-0.2242,0.5667,2192425.2500,1,1,-0.2294,-0.7003
39.1805,-1.1837,-0.1918,0.5667,2192425.2500,1,1,-0.2311,-0.7067
39.1913,-1.1039,-0.0771,0.5667,2192425.2500,1,1,-0.2320,-0.7101
39.2008,-1.2297,0.1270,0.5667,2192425.2500,1,1,-0.2338,-0.7171
39.2105,-0.9112,0.4191,0.5667,2192425.2500,1,1,-0.2330,-0.7141
39.2204,-0.8088,0.2531,0.5667,2192425.2500,1,1,-0.2272,-0.7015
39.2304,-0.9918,0.1712,0.5667,2192425.2500,1,1,-0.2249,-0.6965
39.2409,-0.9476,0.4452,0.5667,2192425.2500,1,1,-0.2220,-0.6904
39.2514,-0.9252,0.0804,0.5667,2192425.2500,1,1,-0.2191,-0.6840
39.2605,-0.7537,-0.4974,0.5667,2192425.2500,1,1,-0.2139,-0.6729
39.2704,-0.9514,-0.1216,0.5667,2192425.2500,1,1,-0.2119,-0.6685
39.2805,-1.2846,0.2514,0.5667,2192425.2500,1,1,-0.2145,-0.6741
39.2907,-1.1996,0.1102,0.5667,2192425.2500,1,1,-0.2143,-0.6739
39.3009,-1.0143,0.3220,0.5667,2192425.2500,1,1,-0.2103,-0.6680
39.3104,-1.0243,0.6957,0.5667,2192425.2500,1,1,-0.2068,-0.6629
39.3205,-0.7995,0.4423,0.5667,2192425.2500,1,1,-0.1992,-0.6517
39.3305,-0.5178,-0.0831,0.5617,2192429.0000,1,1,-0.1868,-0.6336
39.3408,-0.7481,-0.2403,0.5617,2192429.0000,1,1,-0.1726,-0.6271
39.3507,-1.0165,-0.1840,0.5617,2192429.0000,1,1,-0.1795,-0.6296
39.3605,-1.3263,-0.0669,0.5617,2192429.0000,1,1,-0.1991,-0.6366
39.3704,-1.2384,0.2544,0.5617,2192429.0000,1,1,-0.2124,-0.6413
39.3805,-0.8395,0.1213,0.5617,2192429.0000,1,1,-0.2083,-0.6399
39.3913,-0.8713,0.2760,0.5617,2192429.0000,1,1,-0.2059,-0.6390
39.4008,-0.6302,0.7174,0.5617,2192429.0000,1,1,-0.1952,-0.6352
39.4104,-0.6822,0.1408,0.5617,2192429.0000,1,1,-0.1875,-0.6324
39.4205,-0.7901,-0.0098,0.5617,2192429.0000,1,1,-0.1840,-0.6312
39.4304,-0.9931,0.4532,0.5617,2192429.0000,1,1,-0.1916,-0.6325
39.4409,-1.0447,0.0620,0.5617,2192429.0000,1,1,-0.2001,-0.6341
39.4514,-0.7049,-0.3887,0.5617,2192429.0000,1,1,-0.1982,-0.6337
39.4605,-0.8301,-0.0881,0.5617,2192429.0000,1,1,-0.1999,-0.6340
39.4704,-1.0614,0.3170,0.5617,2192429.0000,1,1,-0.2076,-0.6354
39.4805,-0.9574,0.2601,0.5617,2192429.0000,1,1,-0.2120,-0.6362
39.4908,-0.6468,0.3875,0.5617,2192429.0000,1,1,-0.2084,-0.6356
39.5009,-0.7297,0.4525,0.5617,2192429.0000,1,1,-0.2109,-0.6354
39.5105,-0.7540,0.3088,0.5617,2192429.0000,1,1,-0.2138,-0.6352
39.5205,-0.4747,0.0932,0.5617,2192429.0000,1,1,-0.2104,-0.6354
39.5304,-0.6249,-0.2507,0.5617,2192429.0000,1,1,-0.2104,-0.6354
39.5407,-0.5950,-0.3591,0.5617,2192429.0000,1,1,-0.2098,-0.6355
39.5507,-0.8593,-0.0314,0.5617,2192429.0000,1,1,-0.2145,-0.6351
39.5605,-0.9276,0.2592,0.5617,2192429.0000,1,1,-0.2204,-0.6347
39.5704,-0.5012,-0.0148,0.5617,2192429.0000,1,1,-0.2208,-0.6345
39.5805,-0.6088,0.1263,0.5617,2192429.0000,1,1,-0.2231,-0.6335
39.5911,-0.4550,0.6333,0.5617,2192429.0000,1,1,-0.2227,-0.6336
39.6008,-0.3922,0.0264,0.5617,2192429.0000,1,1,-0.2213,-0.6343
39.6104,-0.4048,-0.0647,0.5617,2192429.0000,1,1,-0.2202,-0.6348
39.6205,-0.5714,0.4973,0.5617,2192429.0000,1,1,-0.2217,-0.6341
39.6305,-0.5314,0.0901,0.5617,2192429.0000,1,1,-0.2225,-0.6337
39.6409,-0.2817,-0.3833,0.5617,2192429.0000,1,1,-0.2221,-0.6341
39.6514,-0.3605,-0.1498,0.5617,2192429.0000,1,1,-0.2226,-0.6336
39.6606,-0.5513,0.0105,0.5617,2192429.0000,1,1,-0.2253,-0.6307
39.6705,-0.6273,0.0787,0.5617,2192429.0000,1,1,-0.2288,-0.6270
39.6805,-0.2402,0.3296,0.5617,2192429.0000,1,1,-0.2278,-0.6281
39.6908,-0.2923,0.2387,0.5617,2192429.0000,1,1,-0.2274,-0.6285
39.7008,-0.2725,0.1970,0.5617,2192429.0000,1,1,-0.2268,-0.6292
39.7104,0.0548,0.0376,0.5617,2192429.0000,1,1,-0.2252,-0.6332
39.7205,-0.1287,-0.1869,0.5617,2192429.0000,1,1,-0.2249,-0.6340
39.7303,-0.1598,-0.0256,0.5617,2192429.0000,1,1,-0.2248,-0.6342
39.7408,-0.3930,0.1784,0.5617,2192429.0000,1,1,-0.2262,-0.6307
39.7508,-0.4193,0.1864,0.5617,2192429.0000,1,1,-0.2277,-0.6269
39.7605,-0.0379,-0.1007,0.5617,2192429.0000,1,1,-0.2268,-0.6292
39.7704,-0.0840,-0.0017,0.5617,2192429.0000,1,1,-0.2261,-0.6307
39.7805,-0.1237,0.5477,0.5617,2192429.0000,1,1,-0.2262,-0.6295
39.7912,0.0712,0.4173,0.5617,2192429.0000,1,1,-0.2260,-0.6321
39.8008,0.1958,0.2883,0.5617,2192429.0000,1,1,-0.2257,-0.6370
39.8104,0.0609,0.6541,0.5617,2192429.0000,1,1,-0.2255,-0.6391
39.8205,0.1277,0.3549,0.5617,2192429.0000,1,1,-0.2253,-0.6424
39.8304,0.2314,-0.2419,0.5617,2192429.0000,1,1,-0.2249,-0.6475
39.8409,0.0949,0.0070,0.5617,2192429.0000,1,1,-0.2247,-0.6500
39.8513,-0.0180,0.3206,0.5617,2192429.0000,1,1,-0.2244,-0.6485
39.8605,-0.2417,0.2721,0.5617,2192429.0000,1,1,-0.2234,-0.6426
39.8704,0.0886,0.4175,0.5617,2192429.0000,1,1,-0.2236,-0.6436
39.8805,-0.0097,0.5232,0.5617,2192429.0000,1,1,-0.2234,-0.6425
39.8908,-0.0454,0.6537,0.5617,2192429.0000,1,1,-0.2231,-0.6408
39.9008,0.3799,0.5879,0.5617,2192429.0000,1,1,-0.2242,-0.6474
39.9104,0.2902,0.3455,0.5617,2192429.0000,1,1,-0.2250,-0.6520
39.9205,0.3200,0.1476,0.5617,2192429.0000,1,1,-0.2268,-0.6564
39.9305,0.1406,-0.0444,0.5617,2192429.0000,1,1,-0.2271,-0.6571
39.9408,0.0195,0.0917,0.5617,2192429.0000,1,1,-0.2264,-0.6554
39.9508,0.2312,0.1990,0.5617,2192429.0000,1,1,-0.2274,-0.6579
39.9605,-0.0265,0.3541,0.5617,2192429.0000,1,1,-0.2264,-0.6553
39.9704,0.0417,0.9882,0.5617,2192429.0000,1,1,-0.2259,-0.6541
39.9805,0.2777,0.6689,0.5617,2192429.0000,1,1,-0.2272,-0.6574
39.9913,0.6231,0.0845,0.5617,2192429.0000,1,1,-0.2334,-0.6663
40.0008,0.3439,0.3495,0.5617,2192429.0000,1,1,-0.2359,-0.6701
40.0104,0.1314,0.4675,0.5617,2192429.0000,1,1,-0.2360,-0.6701
40.0206,0.1129,-0.1851,0.5617,2192429.0000,1,1,-0.2358,-0.6698
40.0304,0.1456,-0.1386,0.5617,2192429.0000,1,1,-0.2359,-0.6701
40.0409,0.0896,0.2333,0.5617,2192429.0000,1,1,-0.2355,-0.6694
40.0514,-0.0145,0.2763,0.5617,2192429.0000,1,1,-0.2339,-0.6671
40.0605,0.3490,0.4876,0.5617,2192429.0000,1,1,-0.2378,-0.6706
40.0704,0.5216,0.3364,0.5617,2192429.0000,1,1,-0.2440,-0.6762
40.0805,0.3991,0.1736,0.5617,2192429.0000,1,1,-0.2483,-0.6801
40.0908,0.3105,0.5694,0.5617,2192429.0000,1,1,-0.2512,-0.6826
40.1009,0.1541,0.2784,0.5617,2192429.0000,1,1,-0.2517,-0.6831
40.1104,0.4792,-0.4218,0.5617,2192429.0000,1,1,-0.2567,-0.6876
40.1205,0.4593,-0.4207,0.5617,2192429.0000,1,1,-0.2613,-0.6918
40.1304,0.2312,0.2153,0.5617,2192429.0000,1,1,-0.2643,-0.6932
40.1408,0.1187,0.2827,0.5617,2192429.0000,1,1,-0.2653,-0.6937
40.1507,0.5552,0.4455,0.5617,2192429.0000,1,1,-0.2734,-0.6975
40.1605,0.4731,0.5846,0.5617,2192429.0000,1,1,-0.2798,-0.7006
40.1704,0.3271,0.3599,0.5617,2192429.0000,1,1,-0.2837,-0.7025
40.1805,0.4935,0.3117,0.5617,2192429.0000,1,1,-0.2901,-0.7055
40.1911,0.4024,0.1088,0.5617,2192429.0000,1,1,-0.2949,-0.7078
40.2008,0.5573,-0.1888,0.5617,2192429.0000,1,1,-0.3048,-0.7086
40.2104,0.3687,0.0192,0.5617,2192429.0000,1,1,-0.3111,-0.7091
40.2205,0.0453,0.4588,0.5617,2192429.0000,1,1,-0.3117,-0.7092
40.2305,0.3212,0.1149,0.5617,2192429.0000,1,1,-0.3169,-0.7096
40.2409,0.3297,0.1708,0.5617,2192429.0000,1,1,-0.3221,-0.7100
40.2514,0.2120,0.7489,0.5617,2192429.0000,1,1,-0.3252,-0.7103
40.2605,0.3387,0.5796,0.5617,2192429.0000,1,1,-0.3302,-0.7107
40.2704,0.7672,0.2171,0.5617,2192429.0000,1,1,-0.3418,-0.7117
40.2805,0.5454,0.3658,0.5617,2192429.0000,1,1,-0.3522,-0.7078
40.2908,0.3765,0.1948,0.5617,2192429.0000,1,1,-0.3596,-0.7050
40.3009,0.1409,0.1557,0.5617,2192429.0000,1,1,-0.3629,-0.7038
40.3104,0.1378,0.2263,0.5617,2192429.0000,1,1,-0.3661,-0.7026
40.3205,0.3029,-0.0161,0.5617,2192429.0000,1,1,-0.3717,-0.7005
40.3304,0.1736,0.2112,0.5585,2192429.5000,1,1,-0.3752,-0.6992
40.3408,0.3453,0.8166,0.5585,2192429.5000,1,1,-0.3753,-0.7013
40.3507,0.5191,0.4481,0.5585,2192429.5000,1,1,-0.3756,-0.7067
40.3605,0.3818,0.4737,0.5585,2192429.5000,1,1,-0.3758,-0.7093
40.3704,0.2494,0.7496,0.5585,2192429.5000,1,1,-0.3756,-0.7087
40.3805,0.1431,0.2916,0.5585,2192429.5000,1,1,-0.3748,-0.7064
40.3913,0.4212,-0.1875,0.5585,2192429.5000,1,1,-0.3756,-0.7088
40.4008,0.3625,-0.0660,0.5585,2192429.5000,1,1,-0.3761,-0.7101
40.4104,0.1081,0.1732,0.5585,2192429.5000,1,1,-0.3751,-0.7073
40.4205,0.0607,0.3140,0.5585,2192429.5000,1,1,-0.3738,-0.7037
40.4304,0.3231,0.4335,0.5585,2192429.5000,1,1,-0.3741,-0.7045
40.4409,0.2188,0.4540,0.5585,2192429.5000,1,1,-0.3736,-0.7039
40.4514,0.0554,0.4822,0.5585,2192429.5000,1,1,-0.3716,-0.7014
40.4605,0.3929,0.6263,0.5585,2192429.5000,1,1,-0.3729,-0.7030
40.4705,0.3067,0.1100,0.5585,2192429.5000,1,1,-0.3733,-0.7036
40.4805,0.4106,-0.1133,0.5585,2192429.5000,1,1,-0.3748,-0.7053
40.4908,0.2083,0.1265,0.5585,2192429.5000,1,1,-0.3742,-0.7047
40.5008,-0.0177,0.2978,0.5585,2192429.5000,1,1,-0.3715,-0.7013
40.5104,0.3124,-0.0665,0.5585,2192429.5000,1,1,-0.3730,-0.7020
40.5205,0.1693,0.2752,0.5585,2192429.5000,1,1,-0.3726,-0.7018
40.5304,-0.0211,0.9089,0.5585,2192429.5000,1,1,-0.3698,-0.7005
40.5408,0.2753,0.4699,0.5585,2192429.5000,1,1,-0.3708,-0.7010
40.5507,0.4618,0.2963,0.5585,2192429.5000,1,1,-0.3742,-0.7025
40.5605,0.1829,0.7190,0.5585,2192429.5000,1,1,-0.3739,-0.7024
40.5704,0.0814,0.5097,0.5585,2192429.5000,1,1,-0.3724,-0.7017
40.5805,0.2304,0.0733,0.5585,2192429.5000,1,1,-0.3745,-0.7015
40.5912,0.0936,-0.1764,0.5585,2192429.5000,1,1,-0.3744,-0.7015
40.6008,0.1590,-0.2878,0.5585,2192429.5000,1,1,-0.3754,-0.7013
40.6104,-0.1431,0.0749,0.5585,2192429.5000,1,1,-0.3719,-0.7018
40.6205,0.0211,0.5463,0.5585,2192429.5000,1,1,-0.3708,-0.7020
40.6304,0.1621,0.5396,0.5585,2192429.5000,1,1,-0.3719,-0.7018
40.6409,-0.0644,0.6163,0.5585,2192429.5000,1,1,-0.3696,-0.7021
40.6515,0.0111,0.8395,0.5585,2192429.5000,1,1,-0.3706,-0.7014
40.6607,-0.0383,0.2904,0.5585,2192429.5000,1,1,-0.3708,-0.7012
40.6705,0.0606,-0.2219,0.5585,2192429.5000,1,1,-0.3725,-0.7000
40.6805,-0.1135,-0.0519,0.5585,2192429.5000,1,1,-0.3716,-0.7007
40.6908,-0.4316,0.3701,0.5585,2192429.5000,1,1,-0.3662,-0.7047
40.7008,-0.2145,0.2526,0.5585,2192429.5000,1,1,-0.3640,-0.7064
40.7104,0.1084,0.4326,0.5585,2192429.5000,1,1,-0.3664,-0.7046
40.7205,-0.1234,0.9504,0.5585,2192429.5000,1,1,-0.3678,-0.7023
40.7304,-0.3251,0.9219,0.5585,2192429.5000,1,1,-0.3666,-0.7042
40.7408,0.0430,0.5543,0.5585,2192429.5000,1,1,-0.3700,-0.6987
40.7507,-0.1245,0.4163,0.5585,2192429.5000,1,1,-0.3712,-0.6968
40.7605,-0.3478,0.2849,0.5585,2192429.5000,1,1,-0.3697,-0.6992
40.7704,-0.3873,0.1918,0.5585,2192429.5000,1,1,-0.3678,-0.7022
40.7805,-0.2841,0.3461,0.5585,2192429.5000,1,1,-0.3672,-0.7032
40.7911,-0.2241,0.6407,0.5585,2192429.5000,1,1,-0.3688,-0.6975
40.8008,-0.6432,0.8632,0.5585,2192429.5000,1,1,-0.3670,-0.7039
40.8104,-0.3402,1.0764,0.5585,2192429.5000,1,1,-0.3677,-0.7016
40.8205,-0.2927,0.7744,0.5585,2192429.5000,1,1,-0.3686,-0.6982
40.8305,-0.3276,0.5112,0.5585,2192429.5000,1,1,-0.3693,-0.6959
40.8409,-0.3254,0.5431,0.5585,2192429.5000,1,1,-0.3699,-0.6936
40.8514,-0.4315,0.3775,0.5585,2192429.5000,1,1,-0.3698,-0.6941
40.8605,-0.3254,0.0628,0.5585,2192429.5000,1,1,-0.3703,-0.6846
40.8704,-0.4837,0.1639,0.5585,2192429.5000,1,1,-0.3705,-0.6810
40.8805,-0.7341,0.7188,0.5585,2192429.5000,1,1,-0.3703,-0.6855
40.8908,-0.5572,0.4115,0.5585,2192429.5000,1,1,-0.3703,-0.6842
40.9008,-0.3525,0.2764,0.5585,2192429.5000,1,1,-0.3707,-0.6770
40.9104,-0.5467,0.7339,0.5585,2192429.5000,1,1,-0.3708,-0.6758
40.9205,-0.5368,0.6332,0.5585,2192429.5000,1,1,-0.3709,-0.6744
40.9304,-0.1257,0.2145,0.5585,2192429.5000,1,1,-0.3716,-0.6618
40.9408,-0.4136,0.3000,0.5585,2192429.5000,1,1,-0.3699,-0.6500
40.9508,-0.5615,0.2572,0.5585,2192429.5000,1,1,-0.3690,-0.6442
40.9605,-0.7712,0.0199,0.5585,2192429.5000,1,1,-0.3692,-0.6455
40.9704,-0.6235,0.1067,0.5585,2192429.5000,1,1,-0.3687,-0.6421
40.9805,-0.5143,0.1801,0.5585,2192429.5000,1,1,-0.3678,-0.6356
40.9911,-0.6908,0.3838,0.5585,2192429.5000,1,1,-0.3677,-0.6348
41.0008,-0.5833,0.8813,0.5585,2192429.5000,1,1,-0.3671,-0.6310
41.0104,-0.5157,0.6171,0.5585,2192429.5000,1,1,-0.3629,-0.6189
41.0205,-0.5436,0.2205,0.5585,2192429.5000,1,1,-0.3594,-0.6086
41.0304,-0.5646,0.2900,0.5585,2192429.5000,1,1,-0.3564,-0.5999
41.0409,-0.6674,0.1574,0.5585,2192429.5000,1,1,-0.3547,-0.5949
41.0513,-0.5916,-0.2510,0.5585,2192429.5000,1,1,-0.3523,-0.5881
41.0605,-0.6717,-0.2247,0.5585,2192429.5000,1,1,-0.3509,-0.5840
41.0704,-0.8807,0.2336,0.5585,2192429.5000,1,1,-0.3516,-0.5860
41.0805,-0.9824,0.3250,0.5585,2192429.5000,1,1,-0.3523,-0.5872
41.0908,-0.5769,0.2359,0.5585,2192429.5000,1,1,-0.3462,-0.5764
41.1009,-0.7241,0.5525,0.5585,2192429.5000,1,1,-0.3429,-0.5707
41.1104,-0.5634,0.6184,0.5585,2192429.5000,1,1,-0.3374,-0.5610
41.1205,-0.4766,-0.1635,0.5585,2192429.5000,1,1,-0.3310,-0.5498
41.1305,-0.7106,-0.2216,0.5585,2192429.5000,1,1,-0.3285,-0.5454
41.1408,-0.9151,0.0862,0.5585,2192429.5000,1,1,-0.3290,-0.5463
41.1507,-0.9858,-0.1178,0.5585,2192429.5000,1,1,-0.3293,-0.5466
41.1605,-0.6179,0.0333,0.5585,2192429.5000,1,1,-0.3218,-0.5378
41.1704,-0.8099,0.4506,0.5585,2192429.5000,1,1,-0.3188,-0.5344
41.1805,-0.9770,0.6528,0.5585,2192429.5000,1,1,-0.3193,-0.5349
41.1913,-0.6167,0.4633,0.5585,2192429.5000,1,1,-0.3130,-0.5275
41.2008,-0.7661,0.3583,0.5585,2192429.5000,1,1,-0.3098,-0.5238
41.2104,-0.7139,0.4219,0.5585,2192429.5000,1,1,-0.3059,-0.5193
41.2205,-0.6796,-0.0140,0.5585,2192429.5000,1,1,-0.2985,-0.5134
41.2304,-0.6635,-0.2358,0.5585,2192429.5000,1,1,-0.2913,-0.5075
41.2409,-0.8535,0.0227,0.5585,2192429.5000,1,1,-0.2890,-0.5056
41.2514,-1.0784,0.2101,0.5585,2192429.5000,1,1,-0.2921,-0.5082
41.2605,-0.9407,0.4707,0.5585,2192429.5000,1,1,-0.2918,-0.5080
41.2704,-0.6261,0.4203,0.5585,2192429.5000,1,1,-0.2846,-0.5018
41.2805,-0.6669,0.2901,0.5585,2192429.5000,1,1,-0.2787,-0.4968
41.2908,-0.7819,0.4138,0.5588,2192429.5000,1,1,-0.2743,-0.4941
41.3008,-0.7364,0.4533,0.5588,2192429.5000,1,1,-0.2689,-0.4909
41.3105,-0.8451,0.0130,0.5588,2192429.5000,1,1,-0.2668,-0.4896
41.3205,-0.9808,-0.1354,0.5588,2192429.5000,1,1,-0.2684,-0.4906
41.3304,-0.9340,0.0734,0.5588,2192429.5000,1,1,-0.2688,-0.4908
41.3408,-0.9687,0.0098,0.5588,2192429.5000,1,1,-0.2709,-0.4918
41.3507,-0.5889,-0.0365,0.5588,2192429.5000,1,1,-0.2616,-0.4874
41.3605,-0.9229,0.3550,0.5588,2192429.5000,1,1,-0.2626,-0.4879
41.3705,-0.8639,0.6946,0.5588,2192429.5000,1,1,-0.2619,-0.4875
41.3805,-0.6184,0.1901,0.5588,2192429.5000,1,1,-0.2546,-0.4838
41.3911,-0.7677,0.1326,0.5588,2192429.5000,1,1,-0.2518,-0.4823
41.4008,-0.8023,0.2140,0.5588,2192429.5000,1,1,-0.2501,-0.4813
41.4104,-0.9828,-0.2190,0.5588,2192429.5000,1,1,-0.2550,-0.4832
41.4205,-0.7833,-0.1352,0.5588,2192429.5000,1,1,-0.2540,-0.4828
41.4304,-0.6990,-0.0102,0.5588,2192429.5000,1,1,-0.2508,-0.4815
41.4409,-0.8819,0.1261,0.5588,2192429.5000,1,1,-0.2526,-0.4823
41.4514,-0.8936,0.7898,0.5588,2192429.5000,1,1,-0.2546,-0.4831
41.4606,-0.8579,0.8294,0.5588,2192429.5000,1,1,-0.2556,-0.4835
41.4704,-0.5615,0.3676,0.5588,2192429.5000,1,1,-0.2494,-0.4807
41.4805,-0.8359,0.3184,0.5588,2192429.5000,1,1,-0.2522,-0.4815
41.4908,-0.8352,0.2758,0.5588,2192429.5000,1,1,-0.2548,-0.4822
41.5008,-0.9096,-0.2671,0.5588,2192429.5000,1,1,-0.2590,-0.4835
41.5104,-0.7851,-0.2525,0.5588,2192429.5000,1,1,-0.2601,-0.4838
41.5205,-0.8186,0.1834,0.5588,2192429.5000,1,1,-0.2618,-0.4843
41.5304,-1.0113,0.3672,0.5588,2192429.5000,1,1,-0.2677,-0.4863
41.5408,-0.7355,0.2542,0.5588,2192429.5000,1,1,-0.2673,-0.4861
41.5508,-0.7205,0.2816,0.5588,2192429.5000,1,1,-0.2690,-0.4863
41.5605,-0.8827,0.3843,0.5588,2192429.5000,1,1,-0.2740,-0.4869
41.5705,-0.7713,0.3278,0.5588,2192429.5000,1,1,-0.2764,-0.4872
41.5805,-0.6834,0.2179,0.5588,2192429.5000,1,1,-0.2769,-0.4873
41.5913,-0.5627,-0.0493,0.5588,2192429.5000,1,1,-0.2750,-0.4871
41.6008,-0.6380,-0.2644,0.5588,2192429.5000,1,1,-0.2746,-0.4870
41.6104,-0.7048,0.2240,0.5588,2192429.5000,1,1,-0.2755,-0.4871
41.6205,-0.8427,0.1270,0.5588,2192429.5000,1,1,-0.2813,-0.4864
41.6304,-0.6455,-0.0278,0.5588,2192429.5000,1,1,-0.2832,-0.4861
41.6409,-0.8981,0.5861,0.5588,2192429.5000,1,1,-0.2896,-0.4853
41.6514,-0.7115,0.7659,0.5588,2192429.5000,1,1,-0.2925,-0.4850
41.6606,-0.3600,0.1202,0.5588,2192429.5000,1,1,-0.2890,-0.4854
41.6705,-0.4365,0.1129,0.5588,2192429.5000,1,1,-0.2870,-0.4857
41.6805,-0.4244,0.3627,0.5588,2192429.5000,1,1,-0.2848,-0.4859
41.6907,-0.4057,-0.1536,0.5588,2192429.5000,1,1,-0.2848,-0.4859
41.7008,-0.4180,-0.3494,0.5588,2192429.5000,1,1,-0.2850,-0.4858
41.7104,-0.4079,0.1343,0.5588,2192429.5000,1,1,-0.2850,-0.4858
41.7205,-0.5972,0.2412,0.5588,2192429.5000,1,1,-0.2879,-0.4845
41.7305,-0.1839,0.1020,0.5588,2192429.5000,1,1,-0.2844,-0.4861
41.7408,-0.3142,0.2750,0.5588,2192429.5000,1,1,-0.2830,-0.4867
41.7507,-0.4553,0.5764,0.5588,2192429.5000,1,1,-0.2838,-0.4864
41.7605,-0.2427,0.3891,0.5588,2192429.5000,1,1,-0.2814,-0.4874
41.7704,-0.0921,0.2811,0.5588,2192429.5000,1,1,-0.2794,-0.4894
41.7805,-0.2240,0.2989,0.5588,2192429.5000,1,1,-0.2790,-0.4897
41.7912,-0.2503,0.0710,0.5588,2192429.5000,1,1,-0.2789,-0.4898
41.8008,-0.1586,-0.0084,0.5588,2192429.5000,1,1,-0.2778,-0.4909
41.8104,-0.0831,-0.1401,0.5588,2192429.5000,1,1,-0.2758,-0.4927
41.8205,-0.0562,-0.2153,0.5588,2192429.5000,1,1,-0.2736,-0.4948
41.8304,-0.4027,0.3209,0.5588,2192429.5000,1,1,-0.2754,-0.4931
41.8409,-0.3997,0.6096,0.5588,2192429.5000,1,1,-0.2776,-0.4888
41.8514,-0.0290,0.1079,0.5588,2192429.5000,1,1,-0.2769,-0.4902
41.8605,-0.0984,0.2178,0.5588,2192429.5000,1,1,-0.2767,-0.4905
41.8704,0.0514,0.5392,0.5588,2192429.5000,1,1,-0.2755,-0.4930
41.8805,-0.0957,0.0499,0.5588,2192429.5000,1,1,-0.2753,-0.4932
41.8908,-0.1100,-0.0086,0.5588,2192429.5000,1,1,-0.2753,-0.4933
41.9008,-0.3217,0.0386,0.5588,2192429.5000,1,1,-0.2768,-0.4904
41.9105,-0.5816,-0.0434,0.5588,2192429.5000,1,1,-0.2785,-0.4803
41.9205,-0.4540,0.2262,0.5588,2192429.5000,1,1,-0.2797,-0.4727
41.9304,-0.2037,0.2071,0.5588,2192429.5000,1,1,-0.2802,-0.4697
41.9408,0.0335,0.1895,0.5588,2192429.5000,1,1,-0.2801,-0.4708
41.9508,-0.0663,0.6062,0.5588,2192429.5000,1,1,-0.2802,-0.4702
41.9605,-0.0265,0.5939,0.5588,2192429.5000,1,1,-0.2802,-0.4702
41.9704,-0.0248,-0.0854,0.5588,2192429.5000,1,1,-0.2802,-0.4703
41.9805,-0.1801,-0.1877,0.5588,2192429.5000,1,1,-0.2796,-0.4657
41.9911,-0.2932,0.1982,0.5588,2192429.5000,1,1,-0.2789,-0.4593
42.0008,-0.5195,0.1544,0.5588,2192429.5000,1,1,-0.2777,-0.4490
42.0105,-0.0555,0.2748,0.5588,2192429.5000,1,1,-0.2775,-0.4473
42.0205,-0.0205,0.3741,0.5588,2192429.5000,1,1,-0.2773,-0.4463
42.0304,-0.1951,0.5144,0.5588,2192429.5000,1,1,-0.2769,-0.4423
42.0408,0.0769,0.6544,0.5588,2192429.5000,1,1,-0.2770,-0.4431
42.0514,0.1151,0.3427,0.5588,2192429.5000,1,1,-0.2771,-0.4435
42.0605,0.2280,-0.1701,0.5588,2192429.5000,1,1,-0.2780,-0.4458
42.0705,-0.0533,-0.0064,0.5588,2192429.5000,1,1,-0.2769,-0.4431
42.0805,-0.3258,0.3214,0.5588,2192429.5000,1,1,-0.2741,-0.4357
42.0908,-0.2090,-0.0094,0.5588,2192429.5000,1,1,-0.2721,-0.4306
42.1009,0.0696,0.0229,0.5588,2192429.5000,1,1,-0.2721,-0.4304
42.1104,-0.1024,0.6383,0.5588,2192429.5000,1,1,-0.2709,-0.4273
42.1205,-0.1945,0.7462,0.5588,2192429.5000,1,1,-0.2674,-0.4223
42.1304,0.1522,0.7205,0.5588,2192429.5000,1,1,-0.2680,-0.4231
42.1408,0.1319,0.3878,0.5588,2192429.5000,1,1,-0.2682,-0.4235
42.1508,0.2377,-0.2691,0.5588,2192429.5000,1,1,-0.2696,-0.4255
42.1605,0.0582,-0.1087,0.5588,2192429.5000,1,1,-0.2690,-0.4247
42.1704,-0.2523,0.3777,0.5588,2192429.5000,1,1,-0.2653,-0.4192
42.1805,0.0947,0.2412,0.5588,2192429.5000,1,1,-0.2652,-0.4191
42.1912,0.1141,0.4363,0.5588,2192429.5000,1,1,-0.2653,-0.4192
42.2008,0.0411,1.1005,0.5588,2192429.5000,1,1,-0.2643,-0.4183
42.2104,0.1467,0.6978,0.5588,2192429.5000,1,1,-0.2649,-0.4188
42.2205,0.3700,0.2350,0.5588,2192429.5000,1,1,-0.2686,-0.4221
42.2304,0.1882,0.1440,0.5588,2192429.5000,1,1,-0.2696,-0.4230
42.2409,0.0712,-0.1756,0.5588,2192429.5000,1,1,-0.2690,-0.4225
42.2514,-0.0295,-0.1353,0.5588,2192429.5000,1,1,-0.2671,-0.4208
42.2605,-0.0116,0.1924,0.5588,2192429.5000,1,1,-0.2655,-0.4200
42.2705,0.1429,0.1128,0.5588,2192429.5000,1,1,-0.2665,-0.4205
42.2805,-0.1083,0.5831,0.5588,2192429.5000,1,1,-0.2634,-0.4190
42.2907,0.0609,0.9829,0.5538,2192430.2500,1,1,-0.2631,-0.4188
42.3009,0.3669,0.4875,0.5538,2192430.2500,1,1,-0.2459,-0.4180
42.3104,0.2769,0.2151,0.5538,2192430.2500,1,1,-0.2316,-0.4174
42.3205,0.1303,0.5352,0.5538,2192430.2500,1,1,-0.2209,-0.4169
42.3305,-0.0300,0.3891,0.5538,2192430.2500,1,1,-0.2139,-0.4166
42.3408,0.1341,-0.1033,0.5538,2192430.2500,1,1,-0.2041,-0.4161
42.3507,0.0888,0.0118,0.5538,2192430.2500,1,1,-0.1955,-0.4158
42.3605,-0.1268,0.4648,0.5538,2192430.2500,1,1,-0.1940,-0.4162
42.3705,-0.0381,0.3296,0.5538,2192430.2500,1,1,-0.1911,-0.4171
42.3805,0.2999,0.2917,0.5538,2192430.2500,1,1,-0.1831,-0.4196
42.3911,0.1371,0.7118,0.5538,2192430.2500,1,1,-0.1779,-0.4212
42.4008,0.0375,0.7257,0.5538,2192430.2500,1,1,-0.1744,-0.4223
42.4104,0.3351,0.3581,0.5538,2192430.2500,1,1,-0.1666,-0.4247
42.4205,0.1621,0.1377,0.5538,2192430.2500,1,1,-0.1615,-0.4262
42.4304,0.1509,0.0888,0.5538,2192430.2500,1,1,-0.1593,-0.4284
42.4409,-0.0770,-0.0148,0.5538,2192430.2500,1,1,-0.1593,-0.4283
42.4514,-0.0569,0.2255,0.5538,2192430.2500,1,1,-0.1592,-0.4285
42.4605,0.0640,0.3243,0.5538,2192430.2500,1,1,-0.1579,-0.4297
42.4704,-0.1952,0.6278,0.5538,2192430.2500,1,1,-0.1591,-0.4285
42.4805,0.0655,0.9811,0.5538,2192430.2500,1,1,-0.1578,-0.4298
42.4908,0.2691,0.5792,0.5538,2192430.2500,1,1,-0.1545,-0.4329
42.5009,0.2797,0.3205,0.5538,2192430.2500,1,1,-0.1534,-0.4363
42.5105,0.1800,0.4689,0.5538,2192430.2500,1,1,-0.1527,-0.4383
42.5205,-0.0118,0.4260,0.5538,2192430.2500,1,1,-0.1529,-0.4378
42.5305,-0.0471,0.1105,0.5538,2192430.2500,1,1,-0.1532,-0.4368
42.5408,0.0109,-0.0936,0.5538,2192430.2500,1,1,-0.1533,-0.4366
42.5508,-0.2236,0.3781,0.5538,2192430.2500,1,1,-0.1544,-0.4333
42.5605,-0.1878,0.9558,0.5538,2192430.2500,1,1,-0.1553,-0.4306
42.5704,0.2491,0.4737,0.5538,2192430.2500,1,1,-0.1555,-0.4332
42.5805,0.3087,0.3829,0.5538,2192430.2500,1,1,-0.1559,-0.4367
42.5913,0.1976,0.7525,0.5538,2192430.2500,1,1,-0.1561,-0.4384
42.6008,0.0647,0.4064,0.5538,2192430.2500,1,1,-0.1560,-0.4380
42.6105,0.0813,-0.0859,0.5538,2192430.2500,1,1,-0.1560,-0.4378
42.6205,0.0181,0.0836,0.5538,2192430.2500,1,1,-0.1559,-0.4367
42.6305,-0.3973,0.4117,0.5538,2192430.2500,1,1,-0.1552,-0.4295
42.6409,-0.0713,0.3176,0.5538,2192430.2500,1,1,-0.1549,-0.4272
42.6513,0.1246,0.1121,0.5538,2192430.2500,1,1,-0.1550,-0.4274
42.6606,-0.0406,0.6168,0.5538,2192430.2500,1,1,-0.1538,-0.4249
42.6704,-0.0047,0.6987,0.5538,2192430.2500,1,1,-0.1530,-0.4231
42.6805,0.2079,0.3160,0.5538,2192430.2500,1,1,-0.1537,-0.4246
42.6908,0.1516,0.4846,0.5538,2192430.2500,1,1,-0.1540,-0.4252
42.7008,-0.0461,0.1987,0.5538,2192430.2500,1,1,-0.1528,-0.4228
42.7105,-0.2086,-0.0482,0.5538,2192430.2500,1,1,-0.1505,-0.4180
42.7205,-0.1669,0.1207,0.5538,2192430.2500,1,1,-0.1468,-0.4141
42.7304,-0.1214,-0.0237,0.5538,2192430.2500,1,1,-0.1439,-0.4110
42.7408,-0.3156,0.1607,0.5538,2192430.2500,1,1,-0.1385,-0.4053
42.7508,-0.2059,0.6585,0.5538,2192430.2500,1,1,-0.1347,-0.4012
42.7605,0.1195,0.4340,0.5538,2192430.2500,1,1,-0.1351,-0.4016
42.7704,0.1400,0.2828,0.5538,2192430.2500,1,1,-0.1357,-0.4023
42.7805,0.1466,0.4648,0.5538,2192430.2500,1,1,-0.1364,-0.4031
42.7912,-0.0010,0.2710,0.5538,2192430.2500,1,1,-0.1352,-0.4024
42.8008,-0.1124,-0.1638,0.5538,2192430.2500,1,1,-0.1321,-0.4006
42.8104,-0.1534,-0.1621,0.5538,2192430.2500,1,1,-0.1283,-0.3985
42.8205,-0.5623,0.2728,0.5538,2192430.2500,1,1,-0.1178,-0.3925
42.8304,-0.4334,0.6644,0.5538,2192430.2500,1,1,-0.1098,-0.3880
42.8408,0.0420,0.3067,0.5538,2192430.2500,1,1,-0.1099,-0.3881
42.8514,-0.0473,0.4309,0.5538,2192430.2500,1,1,-0.1086,-0.3873
42.8605,-0.0634,0.8431,0.5538,2192430.2500,1,1,-0.1076,-0.3871
42.8704,-0.1396,0.3044,0.5538,2192430.2500,1,1,-0.1051,-0.3867
42.8804,-0.0037,-0.1466,0.5538,2192430.2500,1,1,-0.1054,-0.3867
42.8907,-0.1735,-0.0442,0.5538,2192430.2500,1,1,-0.1024,-0.3861
42.9008,-0.5503,0.2378,0.5538,2192430.2500,1,1,-0.0922,-0.3842
42.9104,-0.6078,0.4943,0.5538,2192430.2500,1,1,-0.0814,-0.3821
42.9205,-0.3904,0.6793,0.5538,2192430.2500,1,1,-0.0750,-0.3809
42.9305,-0.3665,0.4450,0.5538,2192430.2500,1,1,-0.0699,-0.3818
42.9408,-0.4635,0.4310,0.5538,2192430.2500,1,1,-0.0631,-0.3830
42.9508,-0.2692,0.7655,0.5538,2192430.2500,1,1,-0.0605,-0.3835
42.9605,-0.2513,0.4746,0.5538,2192430.2500,1,1,-0.0584,-0.3838
42.9705,-0.1465,-0.0110,0.5538,2192430.2500,1,1,-0.0584,-0.3838
42.9805,-0.3773,0.2423,0.5538,2192430.2500,1,1,-0.0540,-0.3846
42.9912,-0.6743,0.5882,0.5538,2192430.2500,1,1,-0.0441,-0.3863
43.0008,-0.5095,0.3590,0.5538,2192430.2500,1,1,-0.0391,-0.3893
43.0105,-0.3342,0.3124,0.5538,2192430.2500,1,1,-0.0377,-0.3902
43.0205,-0.4259,0.9204,0.5538,2192430.2500,1,1,-0.0347,-0.3920
43.0305,-0.2981,0.9351,0.5538,2192430.2500,1,1,-0.0342,-0.3923
43.0409,-0.1650,0.2685,0.5538,2192430.2500,1,1,-0.0361,-0.3911
43.0514,-0.2541,0.1662,0.5538,2192430.2500,1,1,-0.0364,-0.3909
43.0605,-0.6027,0.0514,0.5538,2192430.2500,1,1,-0.0305,-0.3945
43.0704,-0.7949,0.0104,0.5538,2192430.2500,1,1,-0.0216,-0.3999
43.0805,-0.7140,0.2998,0.5538,2192430.2500,1,1,-0.0165,-0.4064
43.0908,-0.4583,0.4648,0.5538,2192430.2500,1,1,-0.0156,-0.4075
43.1008,-0.6026,0.6425,0.5538,2192430.2500,1,1,-0.0127,-0.4113
43.1104,-0.4764,1.0743,0.5538,2192430.2500,1,1,-0.0117,-0.4125
43.1205,-0.3409,0.6260,0.5538,2192430.2500,1,1,-0.0127,-0.4112
43.1304,-0.2786,-0.0710,0.5538,2192430.2500,1,1,-0.0146,-0.4088
43.1408,-0.3776,0.1098,0.5538,2192430.2500,1,1,-0.0150,-0.4083
43.1508,-0.6138,0.3168,0.5538,2192430.2500,1,1,-0.0139,-0.4112
43.1605,-0.6373,-0.0214,0.5538,2192430.2500,1,1,-0.0126,-0.4145
43.1705,-0.4516,0.0634,0.5538,2192430.2500,1,1,-0.0132,-0.4129
43.1805,-0.6650,0.3919,0.5538,2192430.2500,1,1,-0.0118,-0.4167
43.1911,-0.8844,0.6087,0.5538,2192430.2500,1,1,-0.0084,-0.4256
43.2008,-0.5947,0.7282,0.5538,2192430.2500,1,1,-0.0078,-0.4271
43.2105,-0.3873,0.4515,0.5538,2192430.2500,1,1,-0.0091,-0.4237
43.2205,-0.3431,0.0274,0.5538,2192430.2500,1,1,-0.0101,-0.4147
43.2304,-0.4893,0.3092,0.5538,2192430.2500,1,1,-0.0106,-0.4109
43.2409,-0.7818,0.2635,0.5538,2192430.2500,1,1,-0.0100,-0.4161
43.2514,-0.5456,-0.2964,0.5538,2192430.2500,1,1,-0.0102,-0.4141
43.2605,-0.5407,-0.0212,0.5538,2192430.2500,1,1,-0.0104,-0.4121
43.2705,-0.8306,0.5905,0.5538,2192430.2500,1,1,-0.0097,-0.4182
43.2805,-0.6754,0.6325,0.5538,2192430.2500,1,1,-0.0095,-0.4198
43.2908,-0.2769,0.3494,0.5488,2192431.2500,1,1,-0.0081,-0.4052
43.3008,-0.2863,0.1192,0.5488,2192431.2500,1,1,-0.0095,-0.4003
43.3105,-0.2910,-0.2158,0.5488,2192431.2500,1,1,-0.0109,-0.3955
43.3205,-0.5244,-0.2551,0.5488,2192431.2500,1,1,-0.0097,-0.3856
43.3305,-0.6432,-0.0304,0.5488,2192431.2500,1,1,-0.0083,-0.3737
43.3408,-0.6065,0.0687,0.5488,2192431.2500,1,1,-0.0070,-0.3629
43.3508,-0.8677,0.4482,0.5488,2192431.2500,1,1,-0.0052,-0.3477
43.3605,-0.8170,1.0629,0.5488,2192431.2500,1,1,-0.0035,-0.3338
43.3704,-0.2892,0.4375,0.5488,2192431.2500,1,1,-0.0030,-0.3298
43.3804,-0.0215,-0.1222,0.5488,2192431.2500,1,1,-0.0031,-0.3308
43.3913,-0.2299,0.1276,0.5488,2192431.2500,1,1,-0.0028,-0.3280
43.4008,-0.6268,0.2947,0.5488,2192431.2500,1,1,0.0017,-0.3183
43.4105,-0.6813,-0.0593,0.5488,2192431.2500,1,1,0.0065,-0.3079
43.4205,-0.7439,0.0969,0.5488,2192431.2500,1,1,0.0118,-0.2967
43.4305,-0.7768,0.2432,0.5488,2192431.2500,1,1,0.0171,-0.2852
43.4409,-0.7810,0.2071,0.5488,2192431.2500,1,1,0.0223,-0.2740
43.4514,-0.3378,0.2037,0.5488,2192431.2500,1,1,0.0238,-0.2708
43.4605,-0.2415,0.2317,0.5488,2192431.2500,1,1,0.0245,-0.2693
43.4704,-0.4092,0.1726,0.5488,2192431.2500,1,1,0.0273,-0.2660
43.4804,-0.3551,0.3412,0.5488,2192431.2500,1,1,0.0294,-0.2637
43.4908,-0.5572,-0.1143,0.5488,2192431.2500,1,1,0.0340,-0.2583
43.5008,-0.4620,-0.6214,0.5488,2192431.2500,1,1,0.0373,-0.2545
43.5105,-0.6177,-0.1572,0.5488,2192431.2500,1,1,0.0425,-0.2485
43.5205,-0.8842,0.5422,0.5488,2192431.2500,1,1,0.0509,-0.2386
43.5305,-0.5973,0.2026,0.5488,2192431.2500,1,1,0.0555,-0.2333
43.5408,-0.2750,0.1630,0.5488,2192431.2500,1,1,0.0552,-0.2334
43.5508,-0.3500,0.5845,0.5488,2192431.2500,1,1,0.0562,-0.2328
43.5605,-0.4059,0.4864,0.5488,2192431.2500,1,1,0.0580,-0.2316
43.5704,-0.1633,0.1652,0.5488,2192431.2500,1,1,0.0559,-0.2330
43.5805,-0.3867,0.0277,0.5488,2192431.2500,1,1,0.0574,-0.2320
43.5912,-0.4782,-0.1642,0.5488,2192431.2500,1,1,0.0603,-0.2302
43.6008,-0.5361,-0.1012,0.5488,2192431.2500,1,1,0.0641,-0.2277
43.6105,-0.5251,0.2403,0.5488,2192431.2500,1,1,0.0669,-0.2272
43.6205,-0.3316,0.2059,0.5488,2192431.2500,1,1,0.0664,-0.2273
43.6305,-0.5289,0.2574,0.5488,2192431.2500,1,1,0.0693,-0.2267
43.6409,-0.4894,0.4855,0.5488,2192431.2500,1,1,0.0714,-0.2263
43.6514,-0.3690,0.1793,0.5488,2192431.2500,1,1,0.0715,-0.2262
43.6606,-0.2986,-0.1946,0.5488,2192431.2500,1,1,0.0704,-0.2265
43.6704,-0.4579,0.0820,0.5488,2192431.2500,1,1,0.0719,-0.2262
43.6805,-0.6069,0.2940,0.5488,2192431.2500,1,1,0.0758,-0.2254
43.6908,-0.4815,-0.1319,0.5488,2192431.2500,1,1,0.0766,-0.2257
43.7008,-0.3971,-0.4621,0.5488,2192431.2500,1,1,0.0761,-0.2255
43.7105,-0.6527,0.0620,0.5488,2192431.2500,1,1,0.0795,-0.2267
43.7205,-0.7620,0.3721,0.5488,2192431.2500,1,1,0.0845,-0.2284
43.7304,-0.3451,0.1949,0.5488,2192431.2500,1,1,0.0831,-0.2279
43.7408,-0.2079,0.2383,0.5488,2192431.2500,1,1,0.0796,-0.2267
43.7508,-0.2623,0.4017,0.5488,2192431.2500,1,1,0.0770,-0.2258
43.7605,-0.2322,-0.2473,0.5488,2192431.2500,1,1,0.0741,-0.2218
43.7704,-0.1797,-0.4628,0.5488,2192431.2500,1,1,0.0706,-0.2171
43.7805,-0.3455,-0.0226,0.5488,2192431.2500,1,1,0.0691,-0.2151
43.7912,-0.6090,0.2658,0.5488,2192431.2500,1,1,0.0706,-0.2171
43.8008,-0.5442,0.2287,0.5488,2192431.2500,1,1,0.0714,-0.2182
43.8104,-0.3534,0.1836,0.5488,2192431.2500,1,1,0.0701,-0.2164
43.8205,-0.3578,0.0222,0.5488,2192431.2500,1,1,0.0688,-0.2147
43.8304,-0.1380,0.0160,0.5488,2192431.2500,1,1,0.0670,-0.2048
43.8409,0.0001,-0.0838,0.5488,2192431.2500,1,1,0.0645,-0.1919
43.8513,-0.0929,-0.1856,0.5488,2192431.2500,1,1,0.0627,-0.1820
43.8605,-0.3058,-0.1630,0.5488,2192431.2500,1,1,0.0619,-0.1777
43.8705,-0.5631,0.0294,0.5488,2192431.2500,1,1,0.0623,-0.1798
43.8804,-0.4713,0.2300,0.5488,2192431.2500,1,1,0.0622,-0.1796
43.8908,-0.0944,-0.0486,0.5488,2192431.2500,1,1,0.0606,-0.1708
43.9008,-0.2392,0.0899,0.5488,2192431.2500,1,1,0.0616,-0.1620
43.9104,-0.1346,0.4244,0.5488,2192431.2500,1,1,0.0629,-0.1503
43.9205,-0.1134,-0.1172,0.5488,2192431.2500,1,1,0.0642,-0.1387
43.9305,-0.0457,-0.6072,0.5488,2192431.2500,1,1,0.0657,-0.1258
43.9407,-0.1721,-0.1855,0.5488,2192431.2500,1,1,0.0667,-0.1174
43.9508,-0.3904,-0.1131,0.5488,2192431.2500,1,1,0.0668,-0.1161
43.9605,-0.0789,-0.0577,0.5488,2192431.2500,1,1,0.0680,-0.1058
43.9705,0.1267,0.2185,0.5488,2192431.2500,1,1,0.0698,-0.0902
43.9805,0.0143,0.3032,0.5488,2192431.2500,1,1,0.0754,-0.0743
43.9912,0.0513,0.1911,0.5488,2192431.2500,1,1,0.0810,-0.0583
44.0008,-0.0884,-0.1122,0.5488,2192431.2500,1,1,0.0844,-0.0485
44.0104,-0.0926,-0.5235,0.5488,2192431.2500,1,1,0.0876,-0.0395
44.0205,-0.2050,-0.4057,0.5488,2192431.2500,1,1,0.0892,-0.0348
44.0305,-0.3422,0.0827,0.5488,2192431.2500,1,1,0.0892,-0.0348
44.0409,-0.1496,0.3144,0.5488,2192431.2500,1,1,0.0913,-0.0289
44.0514,0.0014,0.1212,0.5488,2192431.2500,1,1,0.0981,-0.0168
44.0605,-0.1566,0.2025,0.5488,2192431.2500,1,1,0.1011,-0.0115
44.0705,-0.1623,0.2801,0.5488,2192431.2500,1,1,0.1037,-0.0069
44.0804,-0.1427,-0.1874,0.5488,2192431.2500,1,1,0.1065,-0.0020
44.0908,-0.1049,-0.3965,0.5488,2192431.2500,1,1,0.1098,0.0037
44.1008,-0.2648,0.0393,0.5488,2192431.2500,1,1,0.1099,0.0040
44.1104,-0.3727,0.1127,0.5488,2192431.2500,1,1,0.1083,0.0010
44.1204,-0.1229,-0.1377,0.5488,2192431.2500,1,1,0.1118,0.0055
44.1304,-0.1614,0.2269,0.5488,2192431.2500,1,1,0.1140,0.0082
44.1408,-0.2578,0.6879,0.5488,2192431.2500,1,1,0.1136,0.0077
44.1508,0.0659,0.3416,0.5488,2192431.2500,1,1,0.1210,0.0169
44.1605,0.1425,-0.0142,0.5488,2192431.2500,1,1,0.1295,0.0275
44.1705,-0.0623,0.1943,0.5488,2192431.2500,1,1,0.1328,0.0316
44.1805,-0.3357,0.0048,0.5488,2192431.2500,1,1,0.1300,0.0280
44.1913,-0.2364,-0.2714,0.5488,2192431.2500,1,1,0.1281,0.0263
44.2008,-0.1178,-0.0716,0.5488,2192431.2500,1,1,0.1299,0.0280
44.2104,-0.2802,0.3255,0.5488,2192431.2500,1,1,0.1269,0.0253
44.2205,-0.0066,0.5623,0.5488,2192431.2500,1,1,0.1317,0.0296
44.2304,0.3460,0.4920,0.5488,2192431.2500,1,1,0.1453,0.0420
44.2409,0.1489,0.1943,0.5488,2192431.2500,1,1,0.1528,0.0488
44.2514,0.0362,-0.0299,0.5438,2192433.5000,1,1,0.1569,0.0526
44.2605,-0.1055,-0.1983,0.5438,2192433.5000,1,1,0.1589,0.0516
44.2704,-0.1469,-0.0281,0.5438,2192433.5000,1,1,0.1596,0.0513
44.2805,-0.0264,0.0284,0.5438,2192433.5000,1,1,0.1635,0.0494
44.2908,-0.2418,0.3635,0.5438,2192433.5000,1,1,0.1614,0.0504
44.3009,-0.0908,0.8379,0.5438,2192433.5000,1,1,0.1634,0.0495
44.3105,0.1874,0.5508,0.5438,2192433.5000,1,1,0.1694,0.0436
44.3205,0.3310,-0.1024,0.5438,2192433.5000,1,1,0.1772,0.0360
44.3305,0.1581,0.0143,0.5438,2192433.5000,1,1,0.1822,0.0313
44.3408,-0.1724,0.1377,0.5438,2192433.5000,1,1,0.1821,0.0313
44.3507,-0.2656,-0.2856,0.5438,2192433.5000,1,1,0.1807,0.0327
44.3605,-0.0050,-0.2232,0.5438,2192433.5000,1,1,0.1830,0.0305
44.3705,-0.2449,0.4919,0.5438,2192433.5000,1,1,0.1819,0.0315
44.3805,-0.2355,0.8232,0.5438,2192433.5000,1,1,0.1818,0.0319
44.3912,0.1232,0.3720,0.5438,2192433.5000,1,1,0.1829,0.0269
44.4008,0.0144,0.2961,0.5438,2192433.5000,1,1,0.1837,0.0238
44.4104,-0.1544,0.2861,0.5438,2192433.5000,1,1,0.1838,0.0231
44.4204,-0.2053,-0.1809,0.5438,2192433.5000,1,1,0.1838,0.0232
44.4304,-0.0827,-0.3456,0.5438,2192433.5000,1,1,0.1842,0.0216
44.4409,-0.0351,-0.0179,0.5438,2192433.5000,1,1,0.1847,0.0193
44.4514,-0.2543,0.1306,0.5438,2192433.5000,1,1,0.1848,0.0196
44.4605,0.0184,0.3956,0.5438,2192433.5000,1,1,0.1832,0.0159
44.4705,0.0821,0.4241,0.5438,2192433.5000,1,1,0.1812,0.0115
44.4806,-0.0357,0.3683,0.5438,2192433.5000,1,1,0.1800,0.0088
44.4908,-0.0632,0.1812,0.5438,2192433.5000,1,1,0.1790,0.0066
44.5008,0.0557,-0.2229,0.5438,2192433.5000,1,1,0.1774,0.0028
44.5105,-0.0542,-0.2967,0.5438,2192433.5000,1,1,0.1764,0.0006
44.5205,-0.2558,-0.1105,0.5438,2192433.5000,1,1,0.1767,0.0012
44.5304,-0.3447,0.1236,0.5438,2192433.5000,1,1,0.1781,0.0025
44.5408,-0.0569,0.6897,0.5438,2192433.5000,1,1,0.1753,-0.0000
44.5507,0.0233,0.6541,0.5438,2192433.5000,1,1,0.1713,-0.0034
44.5605,0.0379,0.3041,0.5438,2192433.5000,1,1,0.1673,-0.0070
44.5705,0.2074,0.1787,0.5438,2192433.5000,1,1,0.1610,-0.0125
44.5805,0.0352,-0.2392,0.5438,2192433.5000,1,1,0.1573,-0.0158
44.5912,0.0820,-0.5988,0.5438,2192433.5000,1,1,0.1531,-0.0195
44.6008,-0.0817,0.0021,0.5438,2192433.5000,1,1,0.1496,-0.0212
44.6105,-0.2831,0.5828,0.5438,2192433.5000,1,1,0.1504,-0.0208
44.6205,-0.0113,0.5417,0.5438,2192433.5000,1,1,0.1456,-0.0231
44.6305,0.0333,0.2743,0.5438,2192433.5000,1,1,0.1401,-0.0258
44.6409,-0.1210,0.4436,0.5438,2192433.5000,1,1,0.1379,-0.0269
44.6514,-0.0741,0.3067,0.5438,2192433.5000,1,1,0.1347,-0.0285
44.6606,-0.0511,-0.3323,0.5438,2192433.5000,1,1,0.1313,-0.0302
44.6704,0.0799,-0.3957,0.5438,2192433.5000,1,1,0.1234,-0.0322
44.6804,-0.1516,0.0458,0.5438,2192433.5000,1,1,0.1212,-0.0327
44.6908,-0.3549,0.3015,0.5438,2192433.5000,1,1,0.1240,-0.0320
44.7008,-0.0638,0.3217,0.5438,2192433.5000,1,1,0.1198,-0.0331
44.7104,-0.2712,0.4040,0.5438,2192433.5000,1,1,0.1206,-0.0329
44.7205,-0.2521,0.5873,0.5438,2192433.5000,1,1,0.1209,-0.0328
44.7305,-0.0159,0.1475,0.5438,2192433.5000,1,1,0.1159,-0.0341
44.7407,0.1292,-0.1996,0.5438,2192433.5000,1,1,0.1078,-0.0361
44.7508,-0.0053,-0.0223,0.5438,2192433.5000,1,1,0.1021,-0.0363
44.7605,-0.3309,0.0367,0.5438,2192433.5000,1,1,0.1043,-0.0363
44.7705,-0.3035,0.1836,0.5438,2192433.5000,1,1,0.1058,-0.0362
44.7805,-0.1464,0.2043,0.5438,2192433.5000,1,1,0.1036,-0.0363
44.7913,-0.1465,0.2365,0.5438,2192433.5000,1,1,0.1015,-0.0364
44.8009,-0.1759,0.4455,0.5438,2192433.5000,1,1,0.1001,-0.0364
44.8105,-0.0033,0.5465,0.5438,2192433.5000,1,1,0.0949,-0.0366
44.8205,-0.0621,0.2971,0.5438,2192433.5000,1,1,0.0912,-0.0357
44.8305,-0.2669,0.1024,0.5438,2192433.5000,1,1,0.0918,-0.0358
44.8409,-0.2597,0.1029,0.5438,2192433.5000,1,1,0.0922,-0.0359
44.8514,-0.3197,0.0870,0.5438,2192433.5000,1,1,0.0938,-0.0363
44.8605,-0.1403,-0.1118,0.5438,2192433.5000,1,1,0.0919,-0.0359
44.8705,-0.3059,0.1586,0.5438,2192433.5000,1,1,0.0932,-0.0362
44.8805,-0.3207,0.6852,0.5438,2192433.5000,1,1,0.0947,-0.0366
44.8908,-0.0984,0.5210,0.5438,2192433.5000,1,1,0.0926,-0.0349
44.9008,-0.1726,0.2755,0.5438,2192433.5000,1,1,0.0916,-0.0341
44.9104,-0.3320,0.5590,0.5438,2192433.5000,1,1,0.0929,-0.0351
44.9205,-0.2593,0.3476,0.5438,2192433.5000,1,1,0.0931,-0.0353
44.9304,-0.1767,-0.1845,0.5438,2192433.5000,1,1,0.0922,-0.0346
44.9408,-0.2423,0.0236,0.5438,2192433.5000,1,1,0.0922,-0.0346
44.9508,-0.4260,0.3747,0.5438,2192433.5000,1,1,0.0947,-0.0365
44.9605,-0.3972,0.1545,0.5438,2192433.5000,1,1,0.0967,-0.0381
44.9705,-0.2008,0.1445,0.5438,2192433.5000,1,1,0.0964,-0.0373
44.9805,-0.4177,0.6644,0.5438,2192433.5000,1,1,0.0973,-0.0402
44.9911,-0.4504,0.8676,0.5438,2192433.5000,1,1,0.0984,-0.0436
45.0008,-0.1249,0.4034,0.5438,2192433.5000,1,1,0.0977,-0.0414
45.0104,-0.2417,0.2037,0.5438,2192433.5000,1,1,0.0977,-0.0412
45.0205,-0.3130,0.2979,0.5438,2192433.5000,1,1,0.0980,-0.0422
45.0305,-0.3210,-0.0016,0.5438,2192433.5000,1,1,0.0983,-0.0433
45.0408,-0.2508,0.0147,0.5438,2192433.5000,1,1,0.0983,-0.0434
45.0514,-0.2224,0.3325,0.5438,2192433.5000,1,1,0.0984,-0.0428
45.0605,-0.6235,0.5200,0.5438,2192433.5000,1,1,0.0962,-0.0510
45.0704,-0.5742,0.8154,0.5438,2192433.5000,1,1,0.0944,-0.0578
45.0804,-0.4120,0.6768,0.5438,2192433.5000,1,1,0.0935,-0.0609
45.0908,-0.4104,0.2341,0.5438,2192433.5000,1,1,0.0927,-0.0637
45.1008,-0.4420,0.2945,0.5438,2192433.5000,1,1,0.0918,-0.0671
45.1105,-0.4407,0.2339,0.5438,2192433.5000,1,1,0.0886,-0.0715
45.1204,-0.4214,-0.0560,0.5438,2192433.5000,1,1,0.0860,-0.0752
45.1304,-0.3650,-0.1034,0.5438,2192433.5000,1,1,0.0845,-0.0772
45.1408,-0.7055,0.4710,0.5438,2192433.5000,1,1,0.0773,-0.0872
45.1508,-0.7091,0.9984,0.5438,2192433.5000,1,1,0.0704,-0.0968
45.1605,-0.3214,0.7263,0.5438,2192433.5000,1,1,0.0702,-0.0970
45.1705,-0.3489,0.4805,0.5438,2192433.5000,1,1,0.0697,-0.0977
45.1804,-0.4066,0.6082,0.5438,2192433.5000,1,1,0.0682,-0.0998
45.1913,-0.5992,0.1327,0.5438,2192433.5000,1,1,0.0596,-0.1070
45.2008,-0.5187,-0.1787,0.5438,2192433.5000,1,1,0.0540,-0.1118
45.2104,-0.5771,0.1910,0.5438,2192433.5000,1,1,0.0472,-0.1175
45.2205,-0.8211,0.5965,0.5438,2192433.5000,1,1,0.0344,-0.1284
45.2304,-0.6587,0.6197,0.5438,2192433.5000,1,1,0.0266,-0.1350
45.2409,-0.3651,0.5736,0.5438,2192433.5000,1,1,0.0268,-0.1348
45.2514,-0.4785,0.6447,0.5488,2192432.5000,1,1,0.0243,-0.1370
45.2605,-0.4674,0.4120,0.5488,2192432.5000,1,1,0.0013,-0.1355
45.2705,-0.3371,-0.0512,0.5488,2192432.5000,1,1,-0.0093,-0.1348
45.2804,-0.3954,-0.0995,0.5488,2192432.5000,1,1,-0.0209,-0.1328
45.2907,-0.5699,0.0960,0.5488,2192432.5000,1,1,-0.0391,-0.1296
45.3009,-0.8645,0.2798,0.5488,2192432.5000,1,1,-0.0680,-0.1247
45.3104,-0.7571,0.4568,0.5488,2192432.5000,1,1,-0.0893,-0.1210
45.3205,-0.6208,0.5373,0.5488,2192432.5000,1,1,-0.1029,-0.1187
45.3305,-0.6199,0.5111,0.5488,2192432.5000,1,1,-0.1151,-0.1166
45.3408,-0.3909,0.4691,0.5488,2192432.5000,1,1,-0.1178,-0.1161
45.3508,-0.4357,0.1552,0.5488,2192432.5000,1,1,-0.1218,-0.1144
45.3605,-0.5280,-0.1344,0.5488,2192432.5000,1,1,-0.1277,-0.1119
45.3705,-0.6138,-0.1206,0.5488,2192432.5000,1,1,-0.1353,-0.1087
45.3805,-0.8253,0.3235,0.5488,2192432.5000,1,1,-0.1473,-0.1036
45.3911,-0.7014,0.4453,0.5488,2192432.5000,1,1,-0.1557,-0.1000
45.4008,-0.5163,0.2651,0.5488,2192432.5000,1,1,-0.1596,-0.0984
45.4105,-0.6344,0.5857,0.5488,2192432.5000,1,1,-0.1658,-0.0957
45.4205,-0.4327,0.8040,0.5488,2192432.5000,1,1,-0.1674,-0.0950
45.4305,-0.2913,0.2257,0.5488,2192432.5000,1,1,-0.1672,-0.0953
45.4409,-0.2273,-0.1452,0.5488,2192432.5000,1,1,-0.1664,-0.0964
45.4514,-0.5219,0.2015,0.5488,2192432.5000,1,1,-0.1685,-0.0937
45.4605,-0.7588,0.3672,0.5488,2192432.5000,1,1,-0.1728,-0.0881
45.4705,-0.7374,0.0840,0.5488,2192432.5000,1,1,-0.1767,-0.0830
45.4805,-0.6262,0.3338,0.5488,2192432.5000,1,1,-0.1794,-0.0795
45.4908,-0.7467,0.7937,0.5488,2192432.5000,1,1,-0.1832,-0.0747
45.5009,-0.4697,0.5643,0.5488,2192432.5000,1,1,-0.1829,-0.0722
45.5104,-0.1602,0.0587,0.5488,2192432.5000,1,1,-0.1832,-0.0745
45.5204,-0.3659,0.1534,0.5488,2192432.5000,1,1,-0.1831,-0.0736
45.5304,-0.7538,0.1984,0.5488,2192432.5000,1,1,-0.1825,-0.0670
45.5408,-0.7652,-0.0669,0.5488,2192432.5000,1,1,-0.1819,-0.0604
45.5507,-0.6338,0.0606,0.5488,2192432.5000,1,1,-0.1815,-0.0559
45.5605,-0.6387,0.4608,0.5488,2192432.5000,1,1,-0.1811,-0.0516
45.5705,-0.7303,0.6337,0.5488,2192432.5000,1,1,-0.1763,-0.0444
45.5805,-0.2059,0.4891,0.5488,2192432.5000,1,1,-0.1774,-0.0461
45.5913,-0.2651,0.3729,0.5488,2192432.5000,1,1,-0.1779,-0.0468
45.6008,-0.5153,0.4599,0.5488,2192432.5000,1,1,-0.1756,-0.0434
45.6105,-0.4740,0.3425,0.5488,2192432.5000,1,1,-0.1738,-0.0408
45.6204,-0.3676,0.1248,0.5488,2192432.5000,1,1,-0.1732,-0.0400
45.6305,-0.2436,0.0753,0.5488,2192432.5000,1,1,-0.1740,-0.0411
45.6409,-0.3730,0.0571,0.5488,2192432.5000,1,1,-0.1722,-0.0396
45.6514,-0.5529,0.2952,0.5488,2192432.5000,1,1,-0.1670,-0.0353
45.6607,-0.4132,0.6567,0.5488,2192432.5000,1,1,-0.1647,-0.0334
45.6705,-0.3868,0.5242,0.5488,2192432.5000,1,1,-0.1629,-0.0319
45.6805,-0.4000,0.5948,0.5488,2192432.5000,1,1,-0.1610,-0.0303
45.6908,-0.1496,0.5653,0.5488,2192432.5000,1,1,-0.1636,-0.0325
45.7008,-0.0938,0.1888,0.5488,2192432.5000,1,1,-0.1671,-0.0354
45.7105,-0.1820,0.0445,0.5488,2192432.5000,1,1,-0.1690,-0.0369
45.7204,-0.4791,0.2199,0.5488,2192432.5000,1,1,-0.1637,-0.0340
45.7304,-0.6999,0.3549,0.5488,2192432.5000,1,1,-0.1534,-0.0284
45.7408,-0.4337,0.0404,0.5488,2192432.5000,1,1,-0.1497,-0.0264
45.7508,-0.2755,0.0492,0.5488,2192432.5000,1,1,-0.1498,-0.0264
45.7605,-0.4934,0.6093,0.5488,2192432.5000,1,1,-0.1450,-0.0238
45.7704,-0.3744,0.6740,0.5488,2192432.5000,1,1,-0.1429,-0.0226
45.7805,-0.1630,0.1759,0.5488,2192432.5000,1,1,-0.1457,-0.0241
45.7913,-0.3144,0.3854,0.5488,2192432.5000,1,1,-0.1445,-0.0237
45.8008,-0.3101,0.5931,0.5488,2192432.5000,1,1,-0.1434,-0.0234
45.8105,-0.2379,0.0788,0.5488,2192432.5000,1,1,-0.1443,-0.0237
45.8205,-0.1398,-0.0785,0.5488,2192432.5000,1,1,-0.1475,-0.0248
45.8304,-0.3837,0.3228,0.5488,2192432.5000,1,1,-0.1446,-0.0238
45.8409,-0.7743,0.5123,0.5488,2192432.5000,1,1,-0.1324,-0.0196
45.8514,-0.5558,0.4572,0.5488,2192432.5000,1,1,-0.1258,-0.0173
45.8605,-0.2371,0.4132,0.5488,2192432.5000,1,1,-0.1269,-0.0174
45.8705,-0.2427,0.6789,0.5488,2192432.5000,1,1,-0.1278,-0.0176
45.8805,-0.2157,0.5430,0.5488,2192432.5000,1,1,-0.1293,-0.0178
45.8907,-0.0872,0.1357,0.5488,2192432.5000,1,1,-0.1338,-0.0184
45.9008,-0.3354,-0.0051,0.5488,2192432.5000,1,1,-0.1323,-0.0182
45.9105,-0.4865,-0.0554,0.5488,2192432.5000,1,1,-0.1274,-0.0175
45.9204,-0.7450,0.0835,0.5488,2192432.5000,1,1,-0.1168,-0.0160
45.9304,-0.4527,0.4370,0.5488,2192432.5000,1,1,-0.1134,-0.0165
45.9408,-0.1922,0.5237,0.5488,2192432.5000,1,1,-0.1155,-0.0162
45.9508,-0.2978,0.6805,0.5488,2192432.5000,1,1,-0.1154,-0.0162
45.9605,-0.1645,0.8295,0.5488,2192432.5000,1,1,-0.1179,-0.0159
45.9705,-0.2453,0.4192,0.5488,2192432.5000,1,1,-0.1188,-0.0157
45.9805,-0.3757,0.0837,0.5488,2192432.5000,1,1,-0.1171,-0.0160
45.9912,-0.3243,0.1582,0.5488,2192432.5000,1,1,-0.1164,-0.0161
46.0008,-0.3320,0.3047,0.5488,2192432.5000,1,1,-0.1157,-0.0162
46.0105,-0.1234,0.2730,0.5488,2192432.5000,1,1,-0.1180,-0.0144
46.0204,-0.1270,0.2722,0.5488,2192432.5000,1,1,-0.1203,-0.0127
46.0304,-0.3391,0.6638,0.5488,2192432.5000,1,1,-0.1197,-0.0131
46.0409,-0.3301,0.8037,0.5488,2192432.5000,1,1,-0.1192,-0.0135
46.0514,-0.1363,0.3369,0.5488,2192432.5000,1,1,-0.1212,-0.0119
46.0605,-0.2146,0.4327,0.5488,2192432.5000,1,1,-0.1222,-0.0112
46.0704,-0.0112,0.6790,0.5488,2192432.5000,1,1,-0.1257,-0.0085
46.0805,-0.0255,0.1895,0.5488,2192432.5000,1,1,-0.1267,-0.0037
46.0908,0.1278,0.0063,0.5488,2192432.5000,1,1,-0.1283,0.0036
46.1008,-0.1019,0.3731,0.5488,2192432.5000,1,1,-0.1289,0.0067
46.1105,-0.4299,0.4909,0.5488,2192432.5000,1,1,-0.1284,0.0041
46.1204,-0.2853,0.1689,0.5488,2192432.5000,1,1,-0.1284,0.0040
46.1304,-0.2041,0.1634,0.5488,2192432.5000,1,1,-0.1286,0.0053
46.1408,-0.3946,0.6580,0.5488,2192432.5000,1,1,-0.1282,0.0034
46.1508,-0.1771,0.5914,0.5488,2192432.5000,1,1,-0.1273,0.0064
46.1605,-0.1032,0.1213,0.5488,2192432.5000,1,1,-0.1257,0.0110
46.1705,-0.1326,0.4238,0.5488,2192432.5000,1,1,-0.1245,0.0147
46.1804,-0.1751,0.4839,0.5488,2192432.5000,1,1,-0.1237,0.0173
46.1912,-0.0550,-0.0041,0.5488,2192432.5000,1,1,-0.1220,0.0224
46.2008,-0.0217,-0.0159,0.5488,2192432.5000,1,1,-0.1201,0.0280
46.2104,-0.0939,0.3665,0.5538,2192430.2500,1,1,-0.1189,0.0318
46.2205,-0.2173,0.2486,0.5538,2192430.2500,1,1,-0.1135,0.0297
46.2305,0.0052,0.0292,0.5538,2192430.2500,1,1,-0.1026,0.0256
46.2409,-0.2481,0.4343,0.5538,2192430.2500,1,1,-0.1012,0.0237
46.2513,-0.1446,0.8374,0.5538,2192430.2500,1,1,-0.0987,0.0205
46.2605,0.0300,0.4134,0.5538,2192430.2500,1,1,-0.0945,0.0149
46.2705,0.0233,0.2622,0.5538,2192430.2500,1,1,-0.0904,0.0097
46.2804,-0.0711,0.4745,0.5538,2192430.2500,1,1,-0.0876,0.0059
46.2908,-0.0793,0.2087,0.5538,2192430.2500,1,1,-0.0849,0.0024
46.3008,-0.0557,-0.1911,0.5538,2192430.2500,1,1,-0.0821,-0.0012
46.3105,-0.0625,0.1372,0.5538,2192430.2500,1,1,-0.0829,-0.0053
46.3205,-0.3588,0.5096,0.5538,2192430.2500,1,1,-0.0827,-0.0043
46.3304,-0.1417,0.4277,0.5538,2192430.2500,1,1,-0.0832,-0.0069
46.3408,0.1212,0.2071,0.5538,2192430.2500,1,1,-0.0846,-0.0136
46.3508,-0.0080,0.5689,0.5538,2192430.2500,1,1,-0.0855,-0.0181
46.3605,0.0081,0.7370,0.5538,2192430.2500,1,1,-0.0865,-0.0227
46.3705,0.1415,0.2297,0.5538,2192430.2500,1,1,-0.0878,-0.0293
46.3804,0.0057,0.2066,0.5538,2192430.2500,1,1,-0.0917,-0.0338
46.3913,-0.1382,0.4092,0.5538,2192430.2500,1,1,-0.0933,-0.0356
46.4009,-0.2802,0.1111,0.5538,2192430.2500,1,1,-0.0927,-0.0350
46.4105,0.0548,0.1157,0.5538,2192430.2500,1,1,-0.0971,-0.0400
46.4205,-0.0367,0.4987,0.5538,2192430.2500,1,1,-0.1000,-0.0434
46.4304,-0.2277,0.7794,0.5538,2192430.2500,1,1,-0.1002,-0.0435
46.4409,0.0975,0.4963,0.5538,2192430.2500,1,1,-0.1049,-0.0490
46.4514,-0.0133,0.2257,0.5538,2192430.2500,1,1,-0.1096,-0.0521
46.4605,-0.0270,0.4862,0.5538,2192430.2500,1,1,-0.1139,-0.0550
46.4704,0.0786,0.1686,0.5538,2192430.2500,1,1,-0.1204,-0.0594
46.4804,0.1574,-0.1069,0.5538,2192430.2500,1,1,-0.1285,-0.0648
46.4908,0.2268,0.2212,0.5538,2192430.2500,1,1,-0.1379,-0.0711
46.5009,0.0035,0.3903,0.5538,2192430.2500,1,1,-0.1421,-0.0739
46.5105,-0.0155,0.2978,0.5538,2192430.2500,1,1,-0.1457,-0.0764
46.5204,0.0924,0.4835,0.5538,2192430.2500,1,1,-0.1516,-0.0803
46.5304,-0.1617,0.7184,0.5538,2192430.2500,1,1,-0.1518,-0.0804
46.5408,-0.0498,0.7093,0.5538,2192430.2500,1,1,-0.1550,-0.0818
46.5508,0.2840,0.4602,0.5538,2192430.2500,1,1,-0.1669,-0.0867
46.5605,0.1125,0.2717,0.5538,2192430.2500,1,1,-0.1740,-0.0897
46.5705,-0.0988,-0.0456,0.5538,2192430.2500,1,1,-0.1753,-0.0903
46.5804,-0.1550,-0.1071,0.5538,2192430.2500,1,1,-0.1752,-0.0902
46.5913,-0.1929,0.0745,0.5538,2192430.2500,1,1,-0.1742,-0.0898
46.6008,0.1564,0.0011,0.5538,2192430.2500,1,1,-0.1825,-0.0914
46.6105,-0.1104,0.2242,0.5538,2192430.2500,1,1,-0.1835,-0.0916
46.6205,-0.0598,0.8793,0.5538,2192430.2500,1,1,-0.1858,-0.0921
46.6305,0.0965,0.5930,0.5538,2192430.2500,1,1,-0.1921,-0.0933
46.6409,0.0793,0.1254,0.5538,2192430.2500,1,1,-0.1978,-0.0944
46.6514,0.0254,0.3368,0.5538,2192430.2500,1,1,-0.2019,-0.0952
46.6606,-0.1367,0.1577,0.5538,2192430.2500,1,1,-0.2019,-0.0952
46.6705,0.0426,-0.3266,0.5538,2192430.2500,1,1,-0.2061,-0.0947
46.6805,0.0700,-0.1458,0.5538,2192430.2500,1,1,-0.2108,-0.0941
46.6908,-0.2167,0.5142,0.5538,2192430.2500,1,1,-0.2093,-0.0943
46.7008,-0.2560,0.8625,0.5538,2192430.2500,1,1,-0.2070,-0.0946
46.7105,0.0646,0.5187,0.5538,2192430.2500,1,1,-0.2114,-0.0940
46.7204,0.0770,0.4326,0.5538,2192430.2500,1,1,-0.2160,-0.0934
46.7304,-0.0000,0.4192,0.5538,2192430.2500,1,1,-0.2189,-0.0931
46.7408,0.1173,-0.0670,0.5538,2192430.2500,1,1,-0.2224,-0.0897
46.7508,0.1654,-0.2548,0.5538,2192430.2500,1,1,-0.2264,-0.0858
46.7605,-0.0204,0.1734,0.5538,2192430.2500,1,1,-0.2280,-0.0843
46.7705,-0.3890,0.4188,0.5538,2192430.2500,1,1,-0.2252,-0.0870
46.7804,-0.1920,0.2435,0.5538,2192430.2500,1,1,-0.2248,-0.0874
46.7912,-0.0052,0.3847,0.5538,2192430.2500,1,1,-0.2265,-0.0857
46.8009,-0.1931,0.7667,0.5538,2192430.2500,1,1,-0.2261,-0.0861
46.8105,0.0162,0.5524,0.5538,2192430.2500,1,1,-0.2259,-0.0815
46.8204,0.1856,-0.0090,0.5538,2192430.2500,1,1,-0.2254,-0.0734
46.8304,0.0079,0.1402,0.5538,2192430.2500,1,1,-0.2252,-0.0694
46.8409,-0.2727,0.2508,0.5538,2192430.2500,1,1,-0.2253,-0.0714
46.8514,-0.3707,0.0505,0.5538,2192430.2500,1,1,-0.2255,-0.0754
46.8605,-0.1777,0.1147,0.5538,2192430.2500,1,1,-0.2255,-0.0753
46.8704,-0.1726,0.3252,0.5538,2192430.2500,1,1,-0.2255,-0.0751
46.8805,-0.1646,0.5301,0.5538,2192430.2500,1,1,-0.2243,-0.0731
46.8907,0.2085,0.4573,0.5538,2192430.2500,1,1,-0.2168,-0.0601
46.9008,0.0401,0.3609,0.5538,2192430.2500,1,1,-0.2125,-0.0527
46.9104,-0.1234,0.3785,0.5538,2192430.2500,1,1,-0.2111,-0.0505
46.9205,-0.1444,-0.0374,0.5538,2192430.2500,1,1,-0.2102,-0.0489
46.9305,-0.1192,-0.2286,0.5538,2192430.2500,1,1,-0.2089,-0.0467
46.9408,-0.2827,0.3360,0.5538,2192430.2500,1,1,-0.2102,-0.0489
46.9508,-0.4202,0.5275,0.5538,2192430.2500,1,1,-0.2136,-0.0546
46.9605,-0.0959,0.3766,0.5538,2192430.2500,1,1,-0.2081,-0.0491
46.9704,-0.1681,0.5615,0.5538,2192430.2500,1,1,-0.2055,-0.0464
46.9805,-0.3867,0.8669,0.5538,2192430.2500,1,1,-0.2099,-0.0509
46.9913,-0.3008,0.4284,0.5538,2192430.2500,1,1,-0.2114,-0.0525
47.0009,-0.1769,-0.1217,0.5538,2192430.2500,1,1,-0.2092,-0.0502
47.0105,-0.1822,0.0938,0.5538,2192430.2500,1,1,-0.2072,-0.0482
47.0205,-0.3600,0.2459,0.5538,2192430.2500,1,1,-0.2104,-0.0514
47.0305,-0.2184,0.0488,0.5538,2192430.2500,1,1,-0.2064,-0.0484
47.0409,-0.1546,0.3428,0.5538,2192430.2500,1,1,-0.2000,-0.0438
47.0514,-0.4859,0.7498,0.5538,2192430.2500,1,1,-0.2081,-0.0498
47.0605,-0.3867,0.7112,0.5538,2192430.2500,1,1,-0.2116,-0.0523
47.0705,-0.1123,0.3401,0.5538,2192430.2500,1,1,-0.2041,-0.0468
47.0805,-0.2489,0.3051,0.5538,2192430.2500,1,1,-0.2023,-0.0455
47.0908,-0.3239,0.1664,0.5538,2192430.2500,1,1,-0.2033,-0.0462
47.1008,-0.2815,-0.2041,0.5538,2192430.2500,1,1,-0.1999,-0.0443
47.1105,-0.1733,-0.0792,0.5538,2192430.2500,1,1,-0.1915,-0.0398
47.1204,-0.3812,0.4634,0.5538,2192430.2500,1,1,-0.1938,-0.0410
47.1305,-0.6391,0.7404,0.5538,2192430.2500,1,1,-0.2073,-0.0484
47.1408,-0.2708,0.7069,0.5538,2192430.2500,1,1,-0.2038,-0.0465
47.1508,-0.2666,0.4737,0.5538,2192430.2500,1,1,-0.2005,-0.0447
47.1605,-0.2122,0.3192,0.5538,2192430.2500,1,1,-0.1954,-0.0419
47.1705,-0.1426,-0.2599,0.5538,2192430.2500,1,1,-0.1827,-0.0368
47.1804,-0.1696,-0.3574,0.5538,2192430.2500,1,1,-0.1729,-0.0328
47.1912,-0.3081,0.2905,0.5538,2192430.2500,1,1,-0.1707,-0.0319
47.2008,-0.7130,0.7461,0.5538,2192430.2500,1,1,-0.1866,-0.0389
47.2105,-0.3731,0.7439,0.5488,2192432.2500,1,1,-0.1865,-0.0388
47.2204,-0.2292,0.6799,0.5488,2192432.2500,1,1,-0.1839,-0.0400
47.2305,-0.3250,0.5509,0.5488,2192432.2500,1,1,-0.1852,-0.0394
47.2409,-0.2156,0.1039,0.5488,2192432.2500,1,1,-0.1844,-0.0400
47.2514,-0.1959,-0.2232,0.5488,2192432.2500,1,1,-0.1833,-0.0408
47.2605,-0.2091,0.1155,0.5488,2192432.2500,1,1,-0.1826,-0.0413
47.2705,-0.5291,0.3249,0.5488,2192432.2500,1,1,-0.1886,-0.0369
47.2805,-0.5577,0.5939,0.5488,2192432.2500,1,1,-0.1948,-0.0324
47.2908,-0.3667,0.7406,0.5488,2192432.2500,1,1,-0.1969,-0.0309
47.3008,-0.3860,0.5074,0.5488,2192432.2500,1,1,-0.1992,-0.0291
47.3105,-0.3756,0.4148,0.5488,2192432.2500,1,1,-0.2001,-0.0269
47.3204,-0.2252,0.3619,0.5488,2192432.2500,1,1,-0.2001,-0.0269
47.3304,-0.3499,0.1370,0.5488,2192432.2500,1,1,-0.2008,-0.0252
47.3408,-0.3896,-0.0625,0.5488,2192432.2500,1,1,-0.2017,-0.0230
47.3508,-0.5310,0.1719,0.5488,2192432.2500,1,1,-0.2034,-0.0189
47.3605,-0.4167,0.7034,0.5488,2192432.2500,1,1,-0.2044,-0.0165
47.3704,-0.2305,0.6631,0.5488,2192432.2500,1,1,-0.2043,-0.0166
47.3805,-0.4049,0.5090,0.5488,2192432.2500,1,1,-0.2028,-0.0140
47.3913,-0.2164,0.5884,0.5488,2192432.2500,1,1,-0.2027,-0.0139
47.4008,-0.2282,0.2373,0.5488,2192432.2500,1,1,-0.2025,-0.0136
47.4104,-0.2329,-0.0580,0.5488,2192432.2500,1,1,-0.2022,-0.0132
47.4204,-0.3419,0.0947,0.5488,2192432.2500,1,1,-0.2012,-0.0115
47.4304,-0.5716,0.4996,0.5488,2192432.2500,1,1,-0.1986,-0.0071
47.4409,-0.4162,0.5725,0.5488,2192432.2500,1,1,-0.1971,-0.0047
47.4513,-0.3627,0.4632,0.5488,2192432.2500,1,1,-0.1961,-0.0029
47.4605,-0.4819,0.8655,0.5488,2192432.2500,1,1,-0.1905,0.0000
47.4705,-0.3654,0.6840,0.5488,2192432.2500,1,1,-0.1873,0.0018
47.4804,-0.2272,-0.0686,0.5488,2192432.2500,1,1,-0.1866,0.0021
47.4908,-0.2787,-0.0049,0.5488,2192432.2500,1,1,-0.1851,0.0029
47.5008,-0.5341,0.2616,0.5488,2192432.2500,1,1,-0.1790,0.0062
47.5104,-0.7195,0.1304,0.5488,2192432.2500,1,1,-0.1698,0.0111
47.5205,-0.4301,0.2588,0.5488,2192432.2500,1,1,-0.1659,0.0131
47.5305,-0.5689,0.6302,0.5488,2192432.2500,1,1,-0.1559,0.0155
47.5408,-0.5730,0.9142,0.5488,2192432.2500,1,1,-0.1461,0.0177
47.5508,-0.2679,0.6367,0.5488,2192432.2500,1,1,-0.1444,0.0181
47.5605,-0.1508,0.4029,0.5488,2192432.2500,1,1,-0.1457,0.0178
47.5705,-0.3129,0.2309,0.5488,2192432.2500,1,1,-0.1430,0.0184
47.5804,-0.4955,-0.0524,0.5488,2192432.2500,1,1,-0.1358,0.0201
47.5913,-0.5315,-0.0365,0.5488,2192432.2500,1,1,-0.1279,0.0219
47.6008,-0.4114,0.2855,0.5488,2192432.2500,1,1,-0.1217,0.0222
47.6105,-0.5355,0.4944,0.5488,2192432.2500,1,1,-0.1121,0.0226
47.6205,-0.4918,0.9313,0.5488,2192432.2500,1,1,-0.1041,0.0229
47.6305,-0.3913,0.7705,0.5488,2192432.2500,1,1,-0.0992,0.0231
47.6409,-0.4012,0.1439,0.5488,2192432.2500,1,1,-0.0942,0.0234
47.6514,-0.4850,-0.1416,0.5488,2192432.2500,1,1,-0.0871,0.0237
47.6606,-0.5654,0.0813,0.5488,2192432.2500,1,1,-0.0780,0.0240
47.6705,-0.6570,0.0956,0.5488,2192432.2500,1,1,-0.0660,0.0223
47.6804,-0.4195,0.1682,0.5488,2192432.2500,1,1,-0.0611,0.0216
47.6908,-0.6871,0.7591,0.5488,2192432.2500,1,1,-0.0491,0.0198
47.7009,-0.6349,1.0176,0.5488,2192432.2500,1,1,-0.0388,0.0183
47.7105,-0.3833,0.3128,0.5488,2192432.2500,1,1,-0.0357,0.0178
47.7205,-0.3136,-0.0395,0.5488,2192432.2500,1,1,-0.0344,0.0177
47.7304,-0.3657,0.0106,0.5488,2192432.2500,1,1,-0.0319,0.0173
47.7407,-0.6048,-0.1309,0.5488,2192432.2500,1,1,-0.0233,0.0160
47.7507,-0.4745,-0.1548,0.5488,2192432.2500,1,1,-0.0189,0.0141
47.7605,-0.4450,0.1979,0.5488,2192432.2500,1,1,-0.0152,0.0125
47.7704,-0.6780,0.6759,0.5488,2192432.2500,1,1,-0.0068,0.0088
47.7804,-0.4559,0.6566,0.5488,2192432.2500,1,1,-0.0033,0.0072
47.7912,-0.2545,0.3801,0.5488,2192432.2500,1,1,-0.0041,0.0076
47.8008,-0.2589,0.2637,0.5488,2192432.2500,1,1,-0.0048,0.0079
47.8104,-0.3339,-0.0909,0.5488,2192432.2500,1,1,-0.0040,0.0075
47.8204,-0.5334,-0.1666,0.5488,2192432.2500,1,1,-0.0010,0.0039
47.8305,-0.4433,0.2935,0.5488,2192432.2500,1,1,0.0007,0.0017
47.8409,-0.4367,0.4161,0.5488,2192432.2500,1,1,0.0023,-0.0003
47.8515,-0.4906,0.6827,0.5488,2192432.2500,1,1,0.0045,-0.0030
47.8605,-0.3418,0.8123,0.5488,2192432.2500,1,1,0.0049,-0.0035
47.8704,-0.3110,0.3227,0.5488,2192432.2500,1,1,0.0049,-0.0035
47.8805,-0.2826,-0.2664,0.5488,2192432.2500,1,1,0.0046,-0.0032
47.8908,-0.3476,-0.1330,0.5488,2192432.2500,1,1,0.0046,-0.0040
47.9008,-0.6780,0.4113,0.5488,2192432.2500,1,1,0.0042,-0.0112
47.9104,-0.4269,0.5568,0.5488,2192432.2500,1,1,0.0041,-0.0133
47.9204,-0.2378,0.4126,0.5488,2192432.2500,1,1,0.0042,-0.0117
47.9304,-0.4146,0.7771,0.5488,2192432.2500,1,1,0.0041,-0.0135
47.9408,-0.2871,0.6085,0.5488,2192432.2500,1,1,0.0041,-0.0128
47.9508,-0.1260,-0.3261,0.5488,2192432.2500,1,1,0.0043,-0.0093
47.9605,0.0158,-0.3351,0.5488,2192432.2500,1,1,0.0100,-0.0015
47.9705,-0.2845,0.0282,0.5488,2192432.2500,1,1,0.0103,-0.0010
47.9804,-0.6299,0.4228,0.5488,2192432.2500,1,1,0.0050,-0.0082
47.9913,-0.3830,0.8402,0.5488,2192432.2500,1,1,0.0040,-0.0097
48.0008,-0.3451,0.5792,0.5488,2192432.2500,1,1,0.0036,-0.0103
48.0104,-0.1352,0.1817,0.5488,2192432.2500,1,1,0.0063,-0.0064
48.0204,-0.0358,0.0686,0.5488,2192432.2500,1,1,0.0105,-0.0008
48.0305,-0.2916,-0.0585,0.5488,2192432.2500,1,1,0.0107,-0.0005
48.0409,-0.2628,-0.2700,0.5488,2192432.2500,1,1,0.0120,0.0004
48.0513,-0.3091,-0.0265,0.5488,2192432.2500,1,1,0.0117,0.0002
48.0605,-0.6073,0.7555,0.5488,2192432.2500,1,1,0.0023,-0.0064
48.0705,-0.3683,0.8620,0.5488,2192432.2500,1,1,0.0006,-0.0076
48.0804,0.0565,0.2903,0.5488,2192432.2500,1,1,0.0114,0.0000
48.0907,0.1093,0.0829,0.5488,2192432.2500,1,1,0.0230,0.0083
48.1008,-0.1089,-0.1590,0.5488,2192432.2500,1,1,0.0279,0.0117
48.1104,-0.3689,-0.1659,0.5488,2192432.2500,1,1,0.0235,0.0097
48.1205,-0.4775,0.2555,0.5488,2192432.2500,1,1,0.0148,0.0057
48.1304,-0.2424,0.1986,0.5488,2192432.2500,1,1,0.0167,0.0066
48.1408,-0.2904,0.2630,0.5488,2192432.2500,1,1,0.0165,0.0066
48.1508,-0.2873,0.7719,0.5488,2192432.2500,1,1,0.0165,0.0065
48.1605,-0.1169,0.4433,0.5488,2192432.2500,1,1,0.0230,0.0098
48.1705,-0.0532,-0.2294,0.5488,2192432.2500,1,1,0.0316,0.0141
48.1805,-0.2110,-0.1797,0.5488,2192432.2500,1,1,0.0341,0.0150
48.1912,-0.5090,0.0647,0.5488,2192432.2500,1,1,0.0210,0.0103
48.2008,-0.6209,0.0758,0.5488,2192432.2500,1,1,0.0037,0.0040
48.2105,-0.1524,0.1033,0.5438,2192433.2500,1,1,0.0105,0.0065
48.2204,-0.1319,0.4486,0.5438,2192433.2500,1,1,0.0082,0.0045
48.2304,-0.1980,0.7304,0.5438,2192433.2500,1,1,0.0068,0.0032
48.2409,-0.0342,0.4056,0.5438,2192433.2500,1,1,0.0033,0.0000
48.2513,-0.0274,0.1084,0.5438,2192433.2500,1,1,-0.0002,-0.0031
48.2605,-0.1015,-0.0419,0.5438,2192433.2500,1,1,-0.0045,-0.0047
48.2705,-0.3008,-0.1923,0.5438,2192433.2500,1,1,-0.0042,-0.0046
48.2804,-0.3790,0.0898,0.5438,2192433.2500,1,1,-0.0021,-0.0038
48.2908,-0.2281,0.0633,0.5438,2192433.2500,1,1,-0.0035,-0.0043
48.3009,-0.2875,-0.0270,0.5438,2192433.2500,1,1,-0.0035,-0.0043
48.3105,-0.3275,0.6300,0.5438,2192433.2500,1,1,-0.0026,-0.0040
48.3204,-0.0905,0.6892,0.5438,2192433.2500,1,1,-0.0069,-0.0057
48.3304,0.1024,0.1516,0.5438,2192433.2500,1,1,-0.0176,-0.0075
48.3408,0.0204,0.0204,0.5438,2192433.2500,1,1,-0.0257,-0.0088
48.3507,-0.1175,0.1468,0.5438,2192433.2500,1,1,-0.0298,-0.0095
48.3605,-0.2946,-0.1482,0.5438,2192433.2500,1,1,-0.0290,-0.0094
48.3705,0.0008,-0.3900,0.5438,2192433.2500,1,1,-0.0361,-0.0106
48.3805,-0.0214,0.0905,0.5438,2192433.2500,1,1,-0.0424,-0.0118
48.3913,-0.3026,0.7354,0.5438,2192433.2500,1,1,-0.0412,-0.0116
48.4008,-0.1207,0.5185,0.5438,2192433.2500,1,1,-0.0447,-0.0122
48.4105,0.1166,0.1200,0.5438,2192433.2500,1,1,-0.0548,-0.0122
48.4204,0.0745,0.0427,0.5438,2192433.2500,1,1,-0.0635,-0.0121
48.4304,-0.0947,-0.1687,0.5438,2192433.2500,1,1,-0.0674,-0.0121
48.4409,-0.2726,-0.3031,0.5438,2192433.2500,1,1,-0.0665,-0.0121
48.4513,-0.1368,0.0355,0.5438,2192433.2500,1,1,-0.0692,-0.0121
48.4605,-0.0947,0.2480,0.5438,2192433.2500,1,1,-0.0729,-0.0121
48.4705,-0.1765,0.6408,0.5438,2192433.2500,1,1,-0.0744,-0.0121
48.4805,0.0067,0.8753,0.5438,2192433.2500,1,1,-0.0800,-0.0107
48.4908,0.0902,0.2736,0.5438,2192433.2500,1,1,-0.0873,-0.0089
48.5008,0.0540,-0.5106,0.5438,2192433.2500,1,1,-0.0937,-0.0074
48.5104,-0.0946,-0.4652,0.5438,2192433.2500,1,1,-0.0965,-0.0067
48.5204,-0.3041,-0.0011,0.5438,2192433.2500,1,1,-0.0947,-0.0071
48.5304,-0.1780,0.0933,0.5438,2192433.2500,1,1,-0.0957,-0.0069
48.5408,0.0262,0.3077,0.5438,2192433.2500,1,1,-0.1010,-0.0056
48.5508,-0.1533,0.6198,0.5438,2192433.2500,1,1,-0.1021,-0.0048
48.5605,-0.0593,0.3995,0.5438,2192433.2500,1,1,-0.1045,-0.0030
48.5705,0.1228,-0.3946,0.5438,2192433.2500,1,1,-0.1094,0.0007
48.5805,0.0613,-0.4171,0.5438,2192433.2500,1,1,-0.1133,0.0036
48.5913,-0.2302,-0.0793,0.5438,2192433.2500,1,1,-0.1131,0.0034
48.6009,-0.3451,0.1377,0.5438,2192433.2500,1,1,-0.1112,0.0020
48.6104,0.0544,0.2239,0.5438,2192433.2500,1,1,-0.1149,0.0048
48.6204,-0.0076,0.5110,0.5438,2192433.2500,1,1,-0.1154,0.0082
48.6304,-0.1827,0.4953,0.5438,2192433.2500,1,1,-0.1155,0.0088
48.6409,0.1347,0.1239,0.5438,2192433.2500,1,1,-0.1162,0.0142
48.6514,0.1799,-0.3760,0.5438,2192433.2500,1,1,-0.1171,0.0201
48.6607,0.1677,-0.3097,0.5438,2192433.2500,1,1,-0.1178,0.0257
48.6705,-0.1140,-0.2151,0.5438,2192433.2500,1,1,-0.1180,0.0270
48.6805,-0.1391,0.1539,0.5438,2192433.2500,1,1,-0.1181,0.0278
48.6907,-0.0054,0.3937,0.5438,2192433.2500,1,1,-0.1185,0.0307
48.7008,-0.2219,0.3791,0.5438,2192433.2500,1,1,-0.1187,0.0305
48.7105,-0.1762,0.2183,0.5438,2192433.2500,1,1,-0.1182,0.0311
48.7204,0.0780,0.0822,0.5438,2192433.2500,1,1,-0.1144,0.0367
48.7304,0.0345,0.0010,0.5438,2192433.2500,1,1,-0.1113,0.0412
48.7408,0.0637,-0.2124,0.5438,2192433.2500,1,1,-0.1079,0.0462
48.7508,-0.2906,-0.1498,0.5438,2192433.2500,1,1,-0.1092,0.0442
48.7605,-0.3388,0.2691,0.5438,2192433.2500,1,1,-0.1111,0.0414
48.7705,-0.0768,0.0363,0.5438,2192433.2500,1,1,-0.1068,0.0444
48.7805,-0.0826,0.1001,0.5438,2192433.2500,1,1,-0.1030,0.0472
48.7913,-0.0569,0.7517,0.5438,2192433.2500,1,1,-0.0987,0.0505
48.8008,0.0651,0.4616,0.5438,2192433.2500,1,1,-0.0911,0.0561
48.8105,0.1569,-0.3682,0.5438,2192433.2500,1,1,-0.0813,0.0635
48.8204,0.0492,-0.2416,0.5438,2192433.2500,1,1,-0.0750,0.0682
48.8304,-0.3716,0.2037,0.5438,2192433.2500,1,1,-0.0807,0.0639
48.8409,-0.3419,0.3865,0.5438,2192433.2500,1,1,-0.0878,0.0607
48.8514,-0.0034,0.4510,0.5438,2192433.2500,1,1,-0.0789,0.0648
48.8605,-0.2121,0.5427,0.5438,2192433.2500,1,1,-0.0800,0.0643
48.8705,-0.0764,0.3545,0.5438,2192433.2500,1,1,-0.0751,0.0667
48.8804,-0.0102,-0.0729,0.5438,2192433.2500,1,1,-0.0677,0.0702
48.8908,0.0055,-0.1888,0.5438,2192433.2500,1,1,-0.0603,0.0739
48.9008,0.0094,-0.0816,0.5438,2192433.2500,1,1,-0.0533,0.0774
48.9104,-0.2764,0.2060,0.5438,2192433.2500,1,1,-0.0581,0.0750
48.9204,-0.1635,0.6420,0.5438,2192433.2500,1,1,-0.0573,0.0752
48.9304,-0.0816,0.3759,0.5438,2192433.2500,1,1,-0.0523,0.0770
48.9408,-0.0915,-0.0072,0.5438,2192433.2500,1,1,-0.0483,0.0785
48.9507,-0.2246,-0.0443,0.5438,2192433.2500,1,1,-0.0513,0.0774
48.9605,-0.3788,-0.1024,0.5438,2192433.2500,1,1,-0.0613,0.0734
48.9705,-0.1613,-0.4299,0.5438,2192433.2500,1,1,-0.0603,0.0738
48.9805,-0.1321,-0.2481,0.5438,2192433.2500,1,1,-0.0582,0.0747
48.9913,-0.3861,0.5722,0.5438,2192433.2500,1,1,-0.0687,0.0715
49.0008,-0.1946,0.8283,0.5438,2192433.2500,1,1,-0.0678,0.0718
49.0105,0.0128,0.2162,0.5438,2192433.2500,1,1,-0.0566,0.0755
49.0205,-0.2031,0.0741,0.5438,2192433.2500,1,1,-0.0570,0.0754
49.0305,-0.2827,-0.1766,0.5438,2192433.2500,1,1,-0.0610,0.0739
49.0409,-0.2110,-0.5887,0.5438,2192433.2500,1,1,-0.0615,0.0738
49.0514,0.0024,-0.3505,0.5438,2192433.2500,1,1,-0.0528,0.0771
49.0605,-0.2052,0.2740,0.5438,2192433.2500,1,1,-0.0526,0.0772
49.0705,-0.5375,0.5724,0.5438,2192433.2500,1,1,-0.0680,0.0725
49.0804,-0.1851,0.5803,0.5438,2192433.2500,1,1,-0.0659,0.0732
49.0908,-0.1407,0.2737,0.5438,2192433.2500,1,1,-0.0620,0.0745
49.1008,-0.1921,0.0554,0.5438,2192433.2500,1,1,-0.0607,0.0750
49.1105,-0.2770,-0.2857,0.5438,2192433.2500,1,1,-0.0629,0.0742
49.1204,-0.4032,-0.2831,0.5438,2192433.2500,1,1,-0.0696,0.0716
49.1304,-0.2561,-0.1057,0.5438,2192433.2500,1,1,-0.0703,0.0713
49.1408,-0.3973,0.0692,0.5438,2192433.2500,1,1,-0.0758,0.0698
49.1508,-0.5496,0.4652,0.5438,2192433.2500,1,1,-0.0865,0.0666
49.1605,-0.3778,0.6307,0.5438,2192433.2500,1,1,-0.0898,0.0656
49.1704,-0.3750,0.1243,0.5388,2192441.0000,1,1,-0.0927,0.0646
49.1804,-0.2759,0.0597,0.5388,2192441.0000,1,1,-0.0915,0.0652
49.1913,-0.1933,0.1672,0.5388,2192441.0000,1,1,-0.0917,0.0650
49.2009,-0.2548,-0.1639,0.5388,2192441.0000,1,1,-0.0909,0.0654
49.2105,-0.2082,-0.5722,0.5388,2192441.0000,1,1,-0.0909,0.0654
49.2204,-0.5085,-0.1190,0.5388,2192441.0000,1,1,-0.0847,0.0665
49.2305,-0.7802,0.4077,0.5388,2192441.0000,1,1,-0.0734,0.0686
49.2409,-0.5090,0.2753,0.5388,2192441.0000,1,1,-0.0676,0.0696
49.2514,-0.3433,0.2846,0.5388,2192441.0000,1,1,-0.0652,0.0701
49.2605,-0.3929,0.5692,0.5388,2192441.0000,1,1,-0.0619,0.0707
49.2705,-0.2251,0.1570,0.5388,2192441.0000,1,1,-0.0619,0.0707
49.2804,-0.1137,-0.4566,0.5388,2192441.0000,1,1,-0.0638,0.0703
49.2908,-0.1144,-0.3810,0.5388,2192441.0000,1,1,-0.0657,0.0700
49.3008,-0.4465,-0.0317,0.5388,2192441.0000,1,1,-0.0611,0.0697
49.3105,-0.6624,0.3540,0.5388,2192441.0000,1,1,-0.0529,0.0692
49.3204,-0.4850,0.6723,0.5388,2192441.0000,1,1,-0.0480,0.0689
49.3304,-0.4356,0.4755,0.5388,2192441.0000,1,1,-0.0442,0.0687
49.3408,-0.4270,0.2435,0.5388,2192441.0000,1,1,-0.0406,0.0685
49.3507,-0.3091,0.0951,0.5388,2192441.0000,1,1,-0.0392,0.0684
49.3605,-0.3605,-0.1240,0.5388,2192441.0000,1,1,-0.0369,0.0683
49.3705,-0.2734,-0.2450,0.5388,2192441.0000,1,1,-0.0360,0.0679
49.3805,-0.5596,0.0303,0.5388,2192441.0000,1,1,-0.0308,0.0658
49.3913,-0.6797,0.5755,0.5388,2192441.0000,1,1,-0.0239,0.0631
49.4008,-0.4846,0.4295,0.5388,2192441.0000,1,1,-0.0201,0.0616
49.4105,-0.4645,0.0559,0.5388,2192441.0000,1,1,-0.0167,0.0603
49.4204,-0.4441,0.3515,0.5388,2192441.0000,1,1,-0.0138,0.0591
49.4304,-0.3962,0.1625,0.5388,2192441.0000,1,1,-0.0116,0.0582
49.4410,-0.3588,-0.3812,0.5388,2192441.0000,1,1,-0.0100,0.0576
49.4514,-0.3300,-0.0742,0.5388,2192441.0000,1,1,-0.0090,0.0566
49.4605,-0.6838,0.3980,0.5388,2192441.0000,1,1,-0.0043,0.0518
49.4705,-0.7183,0.4379,0.5388,2192441.0000,1,1,0.0007,0.0469
49.4805,-0.3894,0.4164,0.5388,2192441.0000,1,1,0.0020,0.0455
49.4908,-0.5503,0.5152,0.5388,2192441.0000,1,1,0.0050,0.0424
49.5009,-0.4318,0.5525,0.5388,2192441.0000,1,1,0.0067,0.0407
49.5105,-0.1135,0.0384,0.5388,2192441.0000,1,1,0.0052,0.0423
49.5205,-0.2512,-0.0613,0.5388,2192441.0000,1,1,0.0051,0.0424
49.5304,-0.4508,0.1761,0.5388,2192441.0000,1,1,0.0060,0.0395
49.5408,-0.7678,-0.1839,0.5388,2192441.0000,1,1,0.0082,0.0320
49.5507,-0.4769,-0.4355,0.5388,2192441.0000,1,1,0.0091,0.0290
49.5605,-0.5444,0.0213,0.5388,2192441.0000,1,1,0.0103,0.0250
49.5704,-0.7026,0.5807,0.5388,2192441.0000,1,1,0.0120,0.0189
49.5805,-0.3927,0.4325,0.5388,2192441.0000,1,1,0.0125,0.0174
49.5911,-0.2944,0.1859,0.5388,2192441.0000,1,1,0.0125,0.0172
49.6008,-0.4281,0.2037,0.5388,2192441.0000,1,1,0.0120,0.0146
49.6105,-0.4732,-0.1214,0.5388,2192441.0000,1,1,0.0114,0.0113
49.6204,-0.4363,-0.3492,0.5388,2192441.0000,1,1,0.0110,0.0087
49.6305,-0.3397,-0.1201,0.5388,2192441.0000,1,1,0.0109,0.0079
49.6409,-0.4535,-0.0374,0.5388,2192441.0000,1,1,0.0104,0.0052
49.6515,-0.5593,0.3542,0.5388,2192441.0000,1,1,0.0097,0.0005
49.6606,-0.4328,0.6173,0.5388,2192441.0000,1,1,0.0093,-0.0017
49.6705,-0.3550,0.1876,0.5388,2192441.0000,1,1,0.0088,-0.0026
49.6805,-0.3713,-0.0025,0.5388,2192441.0000,1,1,0.0082,-0.0038
49.6908,-0.3186,0.1095,0.5388,2192441.0000,1,1,0.0081,-0.0039
49.7008,-0.5123,-0.0655,0.5388,2192441.0000,1,1,0.0060,-0.0079
49.7105,-0.4779,-0.3209,0.5388,2192441.0000,1,1,0.0043,-0.0110
49.7204,-0.4971,-0.0777,0.5388,2192441.0000,1,1,0.0025,-0.0145
49.7305,-0.6936,0.7252,0.5388,2192441.0000,1,1,-0.0012,-0.0216
49.7408,-0.4650,0.8440,0.5388,2192441.0000,1,1,-0.0035,-0.0242
49.7508,-0.2823,0.1537,0.5388,2192441.0000,1,1,-0.0023,-0.0228
49.7605,-0.3742,0.1319,0.5388,2192441.0000,1,1,-0.0028,-0.0234
49.7705,-0.4805,0.0983,0.5388,2192441.0000,1,1,-0.0052,-0.0261
49.7805,-0.5696,-0.4152,0.5388,2192441.0000,1,1,-0.0090,-0.0305
49.7913,-0.3936,-0.2787,0.5388,2192441.0000,1,1,-0.0096,-0.0311
49.8008,-0.7961,0.3481,0.5388,2192441.0000,1,1,-0.0172,-0.0396
49.8105,-0.7160,0.6692,0.5388,2192441.0000,1,1,-0.0261,-0.0460
49.8204,-0.4042,0.3622,0.5388,2192441.0000,1,1,-0.0263,-0.0461
49.8305,-0.3542,0.2067,0.5388,2192441.0000,1,1,-0.0252,-0.0453
49.8409,-0.2887,0.3959,0.5388,2192441.0000,1,1,-0.0225,-0.0434
49.8514,-0.2964,-0.1452,0.5388,2192441.0000,1,1,-0.0201,-0.0416
49.8605,-0.2405,-0.5768,0.5388,2192441.0000,1,1,-0.0166,-0.0390
49.8705,-0.4018,-0.1467,0.5388,2192441.0000,1,1,-0.0171,-0.0394
49.8804,-0.8407,0.3103,0.5388,2192441.0000,1,1,-0.0280,-0.0476
49.8907,-0.5549,0.3807,0.5388,2192441.0000,1,1,-0.0328,-0.0501
49.9008,-0.3558,0.3795,0.5388,2192441.0000,1,1,-0.0311,-0.0492
49.9105,-0.4518,0.5139,0.5388,2192441.0000,1,1,-0.0324,-0.0499
49.9205,-0.3868,0.3445,0.5388,2192441.0000,1,1,-0.0317,-0.0496
49.9304,-0.2047,-0.1145,0.5388,2192441.0000,1,1,-0.0259,-0.0463
49.9408,-0.3908,-0.2380,0.5388,2192441.0000,1,1,-0.0257,-0.0461
49.9508,-0.4882,-0.1757,0.5388,2192441.0000,1,1,-0.0281,-0.0476
49.9605,-0.7590,-0.0158,0.5388,2192441.0000,1,1,-0.0399,-0.0525
49.9705,-0.5965,0.4733,0.5388,2192441.0000,1,1,-0.0455,-0.0549
49.9805,-0.3036,0.3742,0.5388,2192441.0000,1,1,-0.0416,-0.0531
49.9913,-0.3975,0.1672,0.5388,2192441.0000,1,1,-0.0408,-0.0528
50.0008,-0.2023,0.4329,0.5388,2192441.0000,1,1,-0.0344,-0.0498
50.0105,-0.3055,0.0485,0.5388,2192441.0000,1,1,-0.0313,-0.0483
50.0205,-0.2307,-0.4411,0.5388,2192441.0000,1,1,-0.0265,-0.0459
50.0305,-0.4777,-0.2268,0.5388,2192441.0000,1,1,-0.0286,-0.0470
50.0409,-0.7965,0.2693,0.5388,2192441.0000,1,1,-0.0408,-0.0513
50.0514,-0.4213,0.1498,0.5388,2192441.0000,1,1,-0.0409,-0.0513
50.0605,-0.2266,0.0597,0.5388,2192441.0000,1,1,-0.0354,-0.0492
50.0705,-0.4295,0.6089,0.5388,2192441.0000,1,1,-0.0360,-0.0495
50.0805,-0.3993,0.4649,0.5388,2192441.0000,1,1,-0.0357,-0.0493
50.0908,-0.3234,-0.3093,0.5388,2192441.0000,1,1,-0.0334,-0.0484
50.1009,-0.3569,-0.2421,0.5388,2192441.0000,1,1,-0.0321,-0.0478
50.1104,-0.5653,0.0218,0.5388,2192441.0000,1,1,-0.0368,-0.0491
50.1204,-0.6645,0.0735,0.5388,2192441.0000,1,1,-0.0438,-0.0511
50.1304,-0.3463,0.2112,0.5388,2192441.0000,1,1,-0.0420,-0.0506
50.1408,-0.4912,0.4834,0.5388,2192441.0000,1,1,-0.0440,-0.0512
50.1508,-0.5591,0.5132,0.5388,2192441.0000,1,1,-0.0475,-0.0523
50.1605,-0.2835,0.1407,0.5388,2192441.0000,1,1,-0.0442,-0.0512
50.1705,-0.3237,-0.0594,0.5338,2192459.0000,1,1,-0.0421,-0.0505
50.1805,-0.3233,-0.1406,0.5338,2192459.0000,1,1,-0.0406,-0.0489
50.1912,-0.5514,-0.1370,0.5338,2192459.0000,1,1,-0.0426,-0.0511
50.2008,-0.5836,0.1511,0.5338,2192459.0000,1,1,-0.0449,-0.0537
50.2104,-0.3289,0.1292,0.5338,2192459.0000,1,1,-0.0431,-0.0524
50.2204,-0.3941,0.2856,0.5338,2192459.0000,1,1,-0.0426,-0.0520
50.2305,-0.2647,0.7602,0.5338,2192459.0000,1,1,-0.0398,-0.0498
50.2409,-0.2423,0.3911,0.5338,2192459.0000,1,1,-0.0367,-0.0475
50.2514,-0.2035,-0.2107,0.5338,2192459.0000,1,1,-0.0331,-0.0447
50.2605,-0.4531,-0.2067,0.5338,2192459.0000,1,1,-0.0339,-0.0454
50.2705,-0.5264,-0.0406,0.5338,2192459.0000,1,1,-0.0360,-0.0470
50.2805,-0.3255,-0.1845,0.5338,2192459.0000,1,1,-0.0344,-0.0461
50.2908,-0.0939,0.1320,0.5338,2192459.0000,1,1,-0.0282,-0.0430
50.3008,-0.3741,0.8494,0.5338,2192459.0000,1,1,-0.0279,-0.0428
50.3105,-0.2181,0.6252,0.5338,2192459.0000,1,1,-0.0245,-0.0411
50.3205,-0.0431,-0.0061,0.5338,2192459.0000,1,1,-0.0178,-0.0376
50.3304,-0.2757,-0.1169,0.5338,2192459.0000,1,1,-0.0159,-0.0365
50.3408,-0.3379,-0.1656,0.5338,2192459.0000,1,1,-0.0152,-0.0362
50.3508,-0.2806,-0.3172,0.5338,2192459.0000,1,1,-0.0135,-0.0353
50.3605,-0.1274,0.1367,0.5338,2192459.0000,1,1,-0.0087,-0.0338
50.3705,-0.1081,0.4004,0.5338,2192459.0000,0,0,-0.0037,-0.0322
50.3805,-0.2959,0.3530,0.5338,2192459.0000,0,0,-0.0027,-0.0319
50.3913,0.1058,0.3774,0.5338,2192459.0000,0,0,0.0062,-0.0290
50.4008,-0.2454,0.1820,0.5338,2192459.0000,0,0,0.0078,-0.0284
50.4105,-0.2098,-0.0049,0.5338,2192459.0000,0,0,0.0101,-0.0277
50.4204,-0.1686,-0.1769,0.5338,2192459.0000,0,0,0.0131,-0.0266
50.4304,-0.1461,-0.1529,0.5338,2192459.0000,0,0,0.0164,-0.0263
50.4409,-0.0741,0.0392,0.5338,2192459.0000,0,0,0.0209,-0.0258
50.4513,-0.4839,0.2807,0.5338,2192459.0000,0,0,0.0174,-0.0262
50.4605,-0.2061,0.7909,0.5338,2192459.0000,0,0,0.0193,-0.0260
50.4705,-0.0100,0.5981,0.5338,2192459.0000,0,0,0.0247,-0.0254
50.4804,-0.0630,0.2600,0.5338,2192459.0000,0,0,0.0290,-0.0250
50.4908,0.0955,0.2067,0.5338,2192459.0000,0,0,0.0361,-0.0242
50.5008,-0.0826,-0.1628,0.5338,2192459.0000,0,0,0.0394,-0.0247
50.5104,-0.0310,-0.3609,0.5338,2192459.0000,0,0,0.0434,-0.0254
50.5204,-0.3893,-0.0623,0.5338,2192459.0000,0,0,0.0412,-0.0251
50.5305,-0.4854,0.5059,0.5338,2192459.0000,0,0,0.0375,-0.0244
50.5407,-0.1892,0.4218,0.5338,2192459.0000,0,0,0.0388,-0.0247
50.5508,-0.0735,0.3037,0.5338,2192459.0000,0,0,0.0421,-0.0252
50.5605,-0.0473,0.6059,0.5338,2192459.0000,0,0,0.0457,-0.0258
50.5704,0.0718,0.3342,0.5338,2192459.0000,0,0,0.0511,-0.0266
50.5804,0.0860,-0.4051,0.5338,2192459.0000,0,0,0.0560,-0.0292
50.5912,-0.1307,-0.3846,0.5338,2192459.0000,0,0,0.0575,-0.0300
50.6008,-0.4075,-0.0030,0.5338,2192459.0000,0,0,0.0550,-0.0287
50.6104,-0.3845,-0.0043,0.5338,2192459.0000,0,0,0.0530,-0.0277
50.6204,0.0359,0.1944,0.5338,2192459.0000,0,0,0.0569,-0.0297
50.6304,-0.1716,0.7328,0.5338,2192459.0000,0,0,0.0578,-0.0302
50.6409,-0.0628,0.6676,0.5338,2192459.0000,0,0,0.0602,-0.0314
50.6514,0.2158,0.0850,0.5338,2192459.0000,0,0,0.0652,-0.0367
50.6606,-0.0497,-0.0170,0.5338,2192459.0000,0,0,0.0671,-0.0388
50.6705,-0.1242,0.0763,0.5338,2192459.0000,0,0,0.0682,-0.0398
50.6805,-0.3026,-0.2584,0.5338,2192459.0000,0,0,0.0672,-0.0388
50.6908,-0.0689,-0.0267,0.5338,2192459.0000,0,0,0.0688,-0.0405
50.7009,-0.1012,0.4281,0.5338,2192459.0000,0,0,0.0700,-0.0418
50.7104,-0.3969,0.5572,0.5338,2192459.0000,0,0,0.0680,-0.0397
50.7204,0.1243,0.5579,0.5338,2192459.0000,0,0,0.0716,-0.0434
50.7305,-0.0448,0.3234,0.5338,2192459.0000,0,0,0.0728,-0.0460
50.7408,-0.0436,0.1814,0.5338,2192459.0000,0,0,0.0739,-0.0484
50.7507,-0.1098,-0.0349,0.5338,2192459.0000,0,0,0.0746,-0.0499
50.7605,-0.1694,-0.0752,0.5338,2192459.0000,0,0,0.0748,-0.0504
50.7705,0.0157,-0.0058,0.5338,2192459.0000,0,0,0.0763,-0.0535
50.7805,-0.2780,0.2126,0.5338,2192459.0000,0,0,0.0757,-0.0524
50.7912,-0.2653,0.8312,0.5338,2192459.0000,0,0,0.0753,-0.0515
50.8008,-0.0800,0.7025,0.5338,2192459.0000,0,0,0.0756,-0.0538
50.8104,-0.0363,0.0737,0.5338,2192459.0000,0,0,0.0760,-0.0567
50.8205,0.0154,0.0721,0.5338,2192459.0000,0,0,0.0764,-0.0605
50.8304,-0.0680,-0.0336,0.5338,2192459.0000,0,0,0.0767,-0.0627
50.8409,-0.0816,-0.1507,0.5338,2192459.0000,0,0,0.0769,-0.0646
50.8514,-0.1354,0.0351,0.5338,2192459.0000,0,0,0.0771,-0.0656
50.8605,-0.2231,0.3383,0.5338,2192459.0000,0,0,0.0770,-0.0651
50.8705,-0.1593,0.3481,0.5338,2192459.0000,0,0,0.0771,-0.0657
50.8805,-0.0776,0.2975,0.5338,2192459.0000,0,0,0.0767,-0.0681
50.8908,-0.2161,0.4819,0.5338,2192459.0000,0,0,0.0767,-0.0679
50.9008,0.0580,0.6018,0.5338,2192459.0000,0,0,0.0760,-0.0726
50.9105,0.2146,0.0998,0.5338,2192459.0000,0,0,0.0748,-0.0798
50.9205,0.1593,-0.0291,0.5338,2192459.0000,0,0,0.0739,-0.0859
50.9304,-0.0211,0.2221,0.5338,2192459.0000,0,0,0.0735,-0.0886
50.9408,-0.2589,0.0396,0.5338,2192459.0000,0,0,0.0737,-0.0873
50.9508,-0.0674,-0.0959,0.5338,2192459.0000,0,0,0.0727,-0.0896
50.9605,-0.1961,0.4822,0.5338,2192459.0000,0,0,0.0726,-0.0897
50.9705,-0.0735,0.9049,0.5338,2192459.0000,0,0,0.0717,-0.0918
50.9804,0.1634,0.4114,0.5338,2192459.0000,0,0,0.0691,-0.0979
50.9913,0.1009,0.1385,0.5338,2192459.0000,0,0,0.0671,-0.1027
51.0008,0.0676,0.2325,0.5338,2192459.0000,0,0,0.0653,-0.1068
51.0105,-0.2316,-0.1662,0.5338,2192459.0000,0,0,0.0657,-0.1059
51.0204,-0.0733,-0.2595,0.5338,2192459.0000,0,0,0.0650,-0.1076
51.0304,-0.2497,0.2296,0.5338,2192459.0000,0,0,0.0656,-0.1068
51.0409,-0.2936,0.8575,0.5338,2192459.0000,0,0,0.0667,-0.1053
51.0515,-0.0056,0.5785,0.5338,2192459.0000,0,0,0.0645,-0.1083
51.0605,0.0108,0.1914,0.5338,2192459.0000,0,0,0.0622,-0.1113
51.0705,-0.0011,0.4672,0.5338,2192459.0000,0,0,0.0601,-0.1141
51.0805,-0.1757,-0.0261,0.5338,2192459.0000,0,0,0.0600,-0.1143
51.0908,-0.1181,-0.5060,0.5338,2192459.0000,0,0,0.0593,-0.1153
51.1008,-0.2071,0.0770,0.5338,2192459.0000,0,0,0.0592,-0.1154
51.1104,-0.4195,0.6737,0.5338,2192459.0000,0,0,0.0621,-0.1130
51.1205,-0.1162,0.4945,0.5338,2192459.0000,0,0,0.0607,-0.1141
51.1305,-0.0648,0.3732,0.5338,2192459.0000,0,0,0.0585,-0.1159
51.1408,-0.2222,0.7008,0.5338,2192459.0000,0,0,0.0587,-0.1158
51.1508,-0.0985,0.4280,0.5338,2192459.0000,0,0,0.0571,-0.1171
51.1605,0.1066,-0.1788,0.5338,2192459.0000,0,0,0.0528,-0.1206
51.1705,0.0015,0.1840,0.5338,2192486.2500,0,0,0.0500,-0.1228
51.1805,-0.3090,0.3995,0.5338,2192486.2500,0,0,0.0470,-0.1232
51.1913,-0.3374,0.0746,0.5338,2192486.2500,0,0,0.0436,-0.1237
51.2008,-0.0929,0.2589,0.5338,2192486.2500,0,0,0.0454,-0.1235
51.2105,-0.3670,0.7365,0.5338,2192486.2500,0,0,0.0415,-0.1240
51.2204,-0.2746,0.8460,0.5338,2192486.2500,0,0,0.0397,-0.1243
51.2305,0.0368,0.4053,0.5338,2192486.2500,0,0,0.0441,-0.1237
51.2409,-0.1843,0.2213,0.5338,2192486.2500,0,0,0.0440,-0.1237
51.2513,-0.3461,0.2330,0.5338,2192486.2500,0,0,0.0410,-0.1231
51.2605,-0.4947,-0.0724,0.5338,2192486.2500,0,0,0.0357,-0.1221
51.2705,-0.3249,-0.0789,0.5338,2192486.2500,0,0,0.0332,-0.1216
51.2804,-0.3499,0.3558,0.5338,2192486.2500,0,0,0.0304,-0.1211
51.2908,-0.6363,0.6625,0.5338,2192486.2500,0,0,0.0233,-0.1197
51.3008,-0.2054,0.7293,0.5338,2192486.2500,0,0,0.0230,-0.1197
51.3105,-0.2471,0.5156,0.5338,2192486.2500,0,0,0.0221,-0.1195
51.3204,-0.2662,0.4975,0.5338,2192486.2500,0,0,0.0210,-0.1187
51.3305,-0.2628,0.0790,0.5338,2192486.2500,0,0,0.0200,-0.1180
51.3408,-0.1803,-0.1830,0.5338,2192486.2500,0,0,0.0199,-0.1180
51.3508,-0.2436,0.1019,0.5338,2192486.2500,0,0,0.0192,-0.1174
51.3606,-0.5057,0.2483,0.5338,2192486.2500,0,0,0.0154,-0.1148
51.3705,-0.6159,0.5575,0.5338,2192486.2500,0,0,0.0106,-0.1114
51.3805,-0.3083,0.7855,0.5338,2192486.2500,0,0,0.0093,-0.1105
51.3912,-0.2890,0.5965,0.5338,2192486.2500,0,0,0.0082,-0.1098
51.4008,-0.3196,0.3780,0.5338,2192486.2500,0,0,0.0074,-0.1081
51.4105,-0.3111,0.1851,0.5338,2192486.2500,0,0,0.0066,-0.1065
51.4205,-0.3456,-0.0539,0.5338,2192486.2500,0,0,0.0056,-0.1046
51.4304,-0.2714,-0.2199,0.5338,2192486.2500,0,0,0.0051,-0.1036
51.4409,-0.4319,0.0889,0.5338,2192486.2500,0,0,0.0037,-0.1007
51.4514,-0.6517,0.8101,0.5338,2192486.2500,0,0,0.0009,-0.0953
51.4604,-0.4054,0.9157,0.5338,2192486.2500,0,0,-0.0003,-0.0929
51.4705,-0.4346,0.5046,0.5338,2192486.2500,0,0,-0.0003,-0.0893
51.4804,-0.4653,0.5844,0.5338,2192486.2500,0,0,-0.0004,-0.0854
51.4908,-0.3576,0.3922,0.5338,2192486.2500,0,0,-0.0005,-0.0831
51.5008,-0.4433,-0.1775,0.5338,2192486.2500,0,0,-0.0006,-0.0797
51.5105,-0.3389,-0.0915,0.5338,2192486.2500,0,0,-0.0006,-0.0779
51.5204,-0.4916,0.3928,0.5338,2192486.2500,0,0,-0.0007,-0.0738
51.5304,-0.5128,0.5641,0.5338,2192486.2500,0,0,-0.0008,-0.0696
51.5408,-0.3062,0.3387,0.5338,2192486.2500,0,0,-0.0008,-0.0685
51.5508,-0.6473,0.5508,0.5338,2192486.2500,0,0,0.0016,-0.0617
51.5605,-0.5521,0.8855,0.5338,2192486.2500,0,0,0.0034,-0.0566
51.5705,-0.4333,0.2841,0.5338,2192486.2500,0,0,0.0045,-0.0535
51.5804,-0.4463,-0.0745,0.5338,2192486.2500,0,0,0.0057,-0.0503
51.5913,-0.4769,0.2324,0.5338,2192486.2500,0,0,0.0069,-0.0467
51.6008,-0.6862,0.1389,0.5338,2192486.2500,0,0,0.0093,-0.0400
51.6105,-0.4384,-0.0230,0.5338,2192486.2500,0,0,0.0103,-0.0372
51.6205,-0.5116,0.2642,0.5338,2192486.2500,0,0,0.0131,-0.0335
51.6305,-0.7492,0.7916,0.5338,2192486.2500,0,0,0.0185,-0.0264
51.6409,-0.6038,0.7217,0.5338,2192486.2500,0,0,0.0221,-0.0216
51.6514,-0.5415,0.4297,0.5338,2192486.2500,0,0,0.0249,-0.0179
51.6606,-0.5542,0.2050,0.5338,2192486.2500,0,0,0.0278,-0.0141
51.6705,-0.6743,-0.1240,0.5338,2192486.2500,0,0,0.0319,-0.0087
51.6804,-0.7266,-0.0117,0.5338,2192486.2500,0,0,0.0364,-0.0027
51.6908,-0.5998,0.3104,0.5338,2192486.2500,0,0,0.0395,0.0014
51.7008,-0.5243,0.3615,0.5338,2192486.2500,0,0,0.0426,0.0037
51.7104,-0.7476,0.7822,0.5338,2192486.2500,0,0,0.0493,0.0084
51.7205,-0.7000,0.9212,0.5338,2192486.2500,0,0,0.0549,0.0125
51.7305,-0.5515,0.2551,0.5338,2192486.2500,0,0,0.0581,0.0148
51.7407,-0.6621,-0.1457,0.5338,2192486.2500,0,0,0.0628,0.0182
51.7508,-0.6077,0.1123,0.5338,2192486.2500,0,0,0.0666,0.0209
51.7605,-0.7390,0.1145,0.5338,2192486.2500,0,0,0.0722,0.0250
51.7705,-0.4179,0.1470,0.5338,2192486.2500,0,0,0.0729,0.0252
51.7804,-0.7231,0.4624,0.5338,2192486.2500,0,0,0.0794,0.0273
51.7913,-0.6672,0.8937,0.5338,2192486.2500,0,0,0.0847,0.0289
51.8008,-0.4674,0.5350,0.5338,2192486.2500,0,0,0.0860,0.0293
51.8105,-0.5189,0.1892,0.5338,2192486.2500,0,0,0.0882,0.0300
51.8204,-0.5476,0.3573,0.5338,2192486.2500,0,0,0.0908,0.0308
51.8304,-0.6387,-0.0029,0.5338,2192486.2500,0,0,0.0950,0.0322
51.8409,-0.5770,-0.4068,0.5338,2192486.2500,0,0,0.0980,0.0331
51.8514,-0.6675,0.0801,0.5338,2192486.2500,0,0,0.1031,0.0328
51.8604,-0.8163,0.6776,0.5338,2192486.2500,0,0,0.1110,0.0324
51.8704,-0.3917,0.6300,0.5338,2192486.2500,0,0,0.1100,0.0324
51.8804,-0.4235,0.4411,0.5338,2192486.2500,0,0,0.1098,0.0324
51.8908,-0.4424,0.6818,0.5338,2192486.2500,0,0,0.1099,0.0324
51.9008,-0.5908,0.1748,0.5338,2192486.2500,0,0,0.1128,0.0323
51.9105,-0.4272,-0.3930,0.5338,2192486.2500,0,0,0.1125,0.0323
51.9205,-0.6039,0.0918,0.5338,2192486.2500,0,0,0.1158,0.0308
51.9304,-0.7369,0.4712,0.5338,2192486.2500,0,0,0.1215,0.0281
51.9407,-0.5379,0.2021,0.5338,2192486.2500,0,0,0.1231,0.0273
51.9508,-0.5309,0.3468,0.5338,2192486.2500,0,0,0.1244,0.0267
51.9605,-0.6697,0.7788,0.5338,2192486.2500,0,0,0.1283,0.0249
51.9704,-0.5163,0.4250,0.5338,2192486.2500,0,0,0.1292,0.0244
51.9804,-0.3282,-0.0963,0.5338,2192486.2500,0,0,0.1267,0.0256
51.9913,-0.4883,0.0546,0.5338,2192486.2500,0,0,0.1271,0.0252
52.0008,-0.6050,0.0819,0.5338,2192486.2500,0,0,0.1295,0.0227
52.0105,-0.5915,-0.2219,0.5338,2192486.2500,0,0,0.1316,0.0206
52.0204,-0.4804,0.0154,0.5338,2192486.2500,0,0,0.1317,0.0204
52.0305,-0.5951,0.3408,0.5338,2192486.2500,0,0,0.1337,0.0184
52.0409,-0.6897,0.4073,0.5338,2192486.2500,0,0,0.1370,0.0150
52.0514,-0.3296,0.5896,0.5338,2192486.2500,0,0,0.1347,0.0174
52.0605,-0.4418,0.5268,0.5338,2192486.2500,0,0,0.1341,0.0180
52.0704,-0.4901,0.1829,0.5338,2192486.2500,0,0,0.1344,0.0174
52.0805,-0.4407,-0.1216,0.5338,2192486.2500,0,0,0.1340,0.0181
52.0907,-0.6159,-0.3291,0.5338,2192486.2500,0,0,0.1357,0.0146
52.1008,-0.4516,-0.3086,0.5338,2192486.2500,0,0,0.1355,0.0151
52.1105,-0.6664,0.2347,0.5338,2192486.2500,0,0,0.1376,0.0107
52.1204,-0.5902,0.9506,0.5338,2192486.2500,0,0,0.1388,0.0083
52.1304,-0.3925,0.4924,0.5338,2192532.0000,0,0,0.1378,0.0102
52.1408,-0.4129,-0.1062,0.5338,2192532.0000,0,0,0.1379,0.0105
52.1508,-0.5186,0.0061,0.5338,2192532.0000,0,0,0.1385,0.0129
52.1605,-0.5998,-0.0832,0.5338,2192532.0000,0,0,0.1394,0.0168
52.1705,-0.3732,-0.4806,0.5338,2192532.0000,0,0,0.1393,0.0162
52.1805,-0.3484,-0.2041,0.5338,2192532.0000,0,0,0.1390,0.0151
52.1913,-0.6637,0.4503,0.5338,2192532.0000,0,0,0.1402,0.0201
52.2008,-0.7369,0.5180,0.5338,2192532.0000,0,0,0.1417,0.0262
52.2104,-0.4013,0.2322,0.5338,2192532.0000,0,0,0.1417,0.0260
52.2204,-0.4495,0.4724,0.5338,2192532.0000,0,0,0.1417,0.0261
52.2304,-0.4878,0.3387,0.5338,2192532.0000,0,0,0.1422,0.0268
52.2409,-0.3656,-0.2285,0.5338,2192532.0000,0,0,0.1414,0.0256
52.2514,-0.3834,-0.3209,0.5338,2192532.0000,0,0,0.1409,0.0246
52.2605,-0.5062,-0.1209,0.5338,2192532.0000,0,0,0.1415,0.0256
52.2705,-0.7976,-0.0048,0.5338,2192532.0000,0,0,0.1448,0.0313
52.2804,-0.5114,0.2903,0.5338,2192532.0000,0,0,0.1453,0.0323
52.2907,-0.3872,0.4121,0.5338,2192532.0000,0,0,0.1442,0.0313
52.3008,-0.4613,0.3152,0.5338,2192532.0000,0,0,0.1440,0.0312
52.3105,-0.3070,0.0549,0.5338,2192532.0000,0,0,0.1419,0.0294
52.3204,-0.4776,-0.3409,0.5338,2192532.0000,0,0,0.1420,0.0295
52.3304,-0.4155,-0.4256,0.5338,2192532.0000,0,0,0.1413,0.0289
52.3408,-0.5595,-0.2385,0.5338,2192532.0000,0,0,0.1425,0.0299
52.3508,-0.5762,0.3238,0.5338,2192532.0000,0,0,0.1438,0.0310
52.3605,-0.2796,0.6154,0.5338,2192532.0000,0,0,0.1414,0.0290
52.3705,-0.3154,0.2399,0.5338,2192532.0000,0,0,0.1388,0.0284
52.3805,-0.2522,0.2434,0.5338,2192532.0000,0,0,0.1354,0.0277
52.3912,-0.2648,0.1086,0.5338,2192532.0000,0,0,0.1322,0.0270
52.4008,-0.3231,-0.4847,0.5338,2192532.0000,0,0,0.1300,0.0266
52.4105,-0.3091,-0.4629,0.5338,2192532.0000,0,0,0.1276,0.0260
52.4205,-0.5492,0.0125,0.5338,2192532.0000,0,0,0.1288,0.0263
52.4304,-0.4028,0.3519,0.5338,2192532.0000,0,0,0.1278,0.0261
52.4409,-0.2143,0.2207,0.5338,2192532.0000,0,0,0.1238,0.0279
52.4514,-0.3414,0.3636,0.5338,2192532.0000,0,0,0.1219,0.0287
52.4605,-0.1401,0.3768,0.5338,2192532.0000,0,0,0.1171,0.0309
52.4705,-0.1415,-0.2147,0.5338,2192532.0000,0,0,0.1124,0.0331
52.4804,-0.1070,-0.4206,0.5338,2192532.0000,0,0,0.1073,0.0353
52.4908,-0.2801,-0.0901,0.5338,2192532.0000,0,0,0.1049,0.0364
52.5008,-0.5555,0.1250,0.5338,2192532.0000,0,0,0.1065,0.0357
52.5105,-0.2182,0.0643,0.5338,2192532.0000,0,0,0.1033,0.0372
52.5205,-0.3082,0.3258,0.5338,2192532.0000,0,0,0.1017,0.0395
52.5305,-0.3012,0.7768,0.5338,2192532.0000,0,0,0.1001,0.0419
52.5408,-0.0486,0.1705,0.5338,2192532.0000,0,0,0.0955,0.0487
52.5508,0.0631,-0.4746,0.5338,2192532.0000,0,0,0.0897,0.0571
52.5605,-0.0409,-0.3073,0.5338,2192532.0000,0,0,0.0854,0.0634
52.5705,-0.3613,-0.3135,0.5338,2192532.0000,0,0,0.0850,0.0641
52.5804,-0.2149,-0.2834,0.5338,2192532.0000,0,0,0.0829,0.0671
52.5913,-0.0698,0.1189,0.5338,2192532.0000,0,0,0.0807,0.0761
52.6008,-0.3094,0.4688,0.5338,2192532.0000,0,0,0.0803,0.0777
52.6105,-0.2646,0.3315,0.5338,2192532.0000,0,0,0.0796,0.0805
52.6205,0.0537,-0.2727,0.5338,2192532.0000,0,0,0.0768,0.0918
52.6305,0.0689,-0.4502,0.5338,2192532.0000,0,0,0.0741,0.1029
52.6409,-0.0114,-0.4318,0.5338,2192532.0000,0,0,0.0720,0.1114
52.6514,-0.1661,-0.3671,0.5338,2192532.0000,0,0,0.0710,0.1155
52.6605,-0.0193,-0.0184,0.5338,2192532.0000,0,0,0.0692,0.1230
52.6705,-0.0422,0.1263,0.5338,2192532.0000,0,0,0.0693,0.1317
52.6804,-0.2175,0.0748,0.5338,2192532.0000,0,0,0.0693,0.1335
52.6908,0.1342,0.0704,0.5338,2192532.0000,0,0,0.0694,0.1474
52.7008,0.1771,-0.1898,0.5338,2192532.0000,0,0,0.0696,0.1618
52.7105,0.1860,-0.6327,0.5338,2192532.0000,0,0,0.0697,0.1756
52.7204,0.0304,-0.4482,0.5338,2192532.0000,0,0,0.0698,0.1835
52.7305,-0.2914,-0.1022,0.5338,2192532.0000,0,0,0.0698,0.1809
52.7408,-0.0433,-0.1979,0.5338,2192532.0000,0,0,0.0708,0.1858
52.7508,-0.1587,-0.1316,0.5338,2192532.0000,0,0,0.0708,0.1858
52.7605,-0.1067,0.4783,0.5338,2192532.0000,0,0,0.0712,0.1877
52.7705,0.0552,0.3124,0.5338,2192532.0000,0,0,0.0728,0.1954
52.7804,0.2491,-0.3633,0.5338,2192532.0000,0,0,0.0757,0.2095
52.7913,0.1654,-0.3827,0.5338,2192532.0000,0,0,0.0778,0.2196
52.8008,-0.1788,0.0148,0.5338,2192532.0000,0,0,0.0773,0.2175
52.8104,-0.2701,0.0109,0.5338,2192532.0000,0,0,0.0763,0.2126
52.8204,-0.0280,0.0221,0.5338,2192532.0000,0,0,0.0770,0.2145
52.8304,-0.2646,0.5492,0.5338,2192532.0000,0,0,0.0741,0.2072
52.8409,-0.2860,0.8703,0.5338,2192532.0000,0,0,0.0712,0.1997
52.8514,-0.0337,0.3605,0.5338,2192532.0000,0,0,0.0720,0.2018
52.8604,0.0104,0.0692,0.5338,2192532.0000,0,0,0.0733,0.2052
52.8705,-0.0991,-0.2415,0.5338,2192532.0000,0,0,0.0732,0.2047
52.8804,-0.2913,-0.3172,0.5338,2192532.0000,0,0,0.0706,0.1982
52.8908,-0.1601,0.1787,0.5338,2192532.0000,0,0,0.0683,0.1944
52.9008,0.0159,0.3513,0.5338,2192532.0000,0,0,0.0699,0.1971
52.9104,-0.1148,0.2598,0.5338,2192532.0000,0,0,0.0688,0.1952
52.9204,-0.0693,0.6300,0.5338,2192532.0000,0,0,0.0686,0.1949
52.9304,0.0752,0.4337,0.5338,2192532.0000,0,0,0.0711,0.1991
52.9407,0.2191,-0.1865,0.5338,2192532.0000,0,0,0.0761,0.2073
52.9507,0.1631,-0.2715,0.5338,2192532.0000,0,0,0.0796,0.2132
52.9605,-0.0985,-0.0014,0.5338,2192532.0000,0,0,0.0771,0.2102
52.9705,-0.1663,0.0668,0.5338,2192532.0000,0,0,0.0731,0.2055
52.9805,0.0302,0.0230,0.5338,2192532.0000,0,0,0.0742,0.2068
52.9913,-0.0455,0.6178,0.5338,2192532.0000,0,0,0.0734,0.2059
53.0008,0.0171,0.9359,0.5338,2192532.0000,0,0,0.0742,0.2068
53.0105,0.4168,0.1814,0.5338,2192532.0000,0,0,0.0834,0.2176
53.0205,0.3052,-0.1960,0.5338,2192532.0000,0,0,0.0896,0.2249
53.0305,0.0715,-0.0297,0.5338,2192532.0000,0,0,0.0907,0.2262
53.0409,-0.2894,-0.2775,0.5338,2192532.0000,0,0,0.0812,0.2183
53.0514,-0.2174,-0.1745,0.5338,2192532.0000,0,0,0.0746,0.2129
53.0605,-0.1164,0.2492,0.5338,2192532.0000,0,0,0.0712,0.2101
53.0705,-0.2513,0.4315,0.5338,2192532.0000,0,0,0.0646,0.2047
53.0804,0.0997,0.5214,0.5338,2192532.0000,0,0,0.0672,0.2068
53.0908,0.2594,0.3860,0.5338,2192532.0000,0,0,0.0733,0.2119
53.1009,0.2537,0.0163,0.5338,2192532.0000,0,0,0.0789,0.2166
53.1105,0.0922,-0.0351,0.5338,2192532.0000,0,0,0.0809,0.2178
53.1204,-0.0296,0.0228,0.5338,2192532.0000,0,0,0.0792,0.2167
53.1305,-0.0408,-0.2219,0.5338,2192608.7500,0,0,0.0772,0.2156
53.1408,-0.0926,-0.1819,0.5338,2192608.7500,0,0,0.0766,0.2161
53.1508,-0.3820,0.3412,0.5338,2192608.7500,0,0,0.0797,0.2135
53.1605,-0.3037,0.3224,0.5338,2192608.7500,0,0,0.0817,0.2119
53.1705,0.1920,0.1284,0.5338,2192608.7500,0,0,0.0773,0.2155
53.1804,-0.0324,0.3865,0.5338,2192608.7500,0,0,0.0759,0.2167
53.1913,-0.0348,0.6903,0.5338,2192608.7500,0,0,0.0756,0.2174
53.2008,-0.0125,0.2612,0.5338,2192608.7500,0,0,0.0752,0.2185
53.2104,-0.0567,0.0176,0.5338,2192608.7500,0,0,0.0750,0.2189
53.2205,-0.1504,0.1063,0.5338,2192608.7500,0,0,0.0754,0.2180
53.2305,-0.3282,0.1321,0.5338,2192608.7500,0,0,0.0768,0.2147
53.2409,-0.2188,0.2618,0.5338,2192608.7500,0,0,0.0775,0.2129
53.2514,-0.0888,0.4216,0.5338,2192608.7500,0,0,0.0774,0.2130
53.2605,-0.2005,0.4952,0.5338,2192608.7500,0,0,0.0770,0.2105
53.2705,-0.2105,0.6034,0.5338,2192608.7500,0,0,0.0766,0.2079
53.2804,-0.0805,0.5673,0.5338,2192608.7500,0,0,0.0765,0.2075
53.2908,0.0164,0.1824,0.5338,2192608.7500,0,0,0.0767,0.2088
53.3008,-0.1512,0.0802,0.5338,2192608.7500,0,0,0.0765,0.2072
53.3105,-0.2086,0.3802,0.5338,2192608.7500,0,0,0.0761,0.2048
53.3205,-0.3964,0.1993,0.5338,2192608.7500,0,0,0.0753,0.1994
53.3304,-0.1522,0.0768,0.5338,2192608.7500,0,0,0.0751,0.1980
53.3408,-0.4950,0.5724,0.5338,2192608.7500,0,0,0.0695,0.1899
53.3508,-0.3171,0.9619,0.5338,2192608.7500,0,0,0.0663,0.1852
53.3604,0.0971,0.5529,0.5338,2192608.7500,0,0,0.0681,0.1880
53.3705,0.0477,0.2803,0.5338,2192608.7500,0,0,0.0693,0.1898
53.3804,-0.1319,0.5581,0.5338,2192608.7500,0,0,0.0684,0.1884
53.3912,-0.3916,0.0654,0.5338,2192608.7500,0,0,0.0647,0.1825
53.4008,-0.2343,-0.2341,0.5338,2192608.7500,0,0,0.0629,0.1796
53.4104,-0.3147,0.2216,0.5338,2192608.7500,0,0,0.0573,0.1749
53.4204,-0.5982,0.5766,0.5338,2192608.7500,0,0,0.0461,0.1656
53.4305,-0.3273,0.7218,0.5338,2192608.7500,0,0,0.0410,0.1613
53.4409,-0.1162,0.6752,0.5338,2192608.7500,0,0,0.0404,0.1608
53.4514,-0.0815,0.5219,0.5338,2192608.7500,0,0,0.0406,0.1610
53.4604,-0.2530,0.3348,0.5338,2192608.7500,0,0,0.0373,0.1582
53.4705,-0.2211,0.0796,0.5338,2192608.7500,0,0,0.0349,0.1561
53.4804,-0.3630,-0.0035,0.5338,2192608.7500,0,0,0.0297,0.1518
53.4908,-0.4847,0.1255,0.5338,2192608.7500,0,0,0.0186,0.1458
53.5008,-0.5683,0.3150,0.5338,2192608.7500,0,0,0.0057,0.1388
53.5104,-0.3416,0.4688,0.5338,2192608.7500,0,0,0.0002,0.1357
53.5204,-0.1916,0.5290,0.5338,2192608.7500,0,0,-0.0008,0.1351
53.5304,-0.4114,0.5027,0.5338,2192608.7500,0,0,-0.0078,0.1311
53.5408,-0.1652,0.5249,0.5338,2192608.7500,0,0,-0.0078,0.1311
53.5508,-0.3062,0.2051,0.5338,2192608.7500,0,0,-0.0115,0.1290
53.5605,-0.4155,-0.1084,0.5338,2192608.7500,0,0,-0.0193,0.1258
53.5704,-0.5239,0.1270,0.5338,2192608.7500,0,0,-0.0301,0.1213
53.5805,-0.6420,0.3816,0.5338,2192608.7500,0,0,-0.0440,0.1154
53.5912,-0.3794,0.3203,0.5338,2192608.7500,0,0,-0.0485,0.1134
53.6008,-0.5753,0.3608,0.5338,2192608.7500,0,0,-0.0587,0.1089
53.6105,-0.4353,0.8277,0.5338,2192608.7500,0,0,-0.0640,0.1064
53.6204,-0.2101,0.6978,0.5338,2192608.7500,0,0,-0.0623,0.1073
53.6304,-0.1165,0.2494,0.5338,2192608.7500,0,0,-0.0580,0.1093
53.6409,-0.2486,0.3527,0.5338,2192608.7500,0,0,-0.0567,0.1098
53.6514,-0.5639,0.3332,0.5338,2192608.7500,0,0,-0.0660,0.1065
53.6606,-0.5482,-0.0189,0.5338,2192608.7500,0,0,-0.0740,0.1036
53.6705,-0.4614,-0.0807,0.5338,2192608.7500,0,0,-0.0787,0.1019
53.6805,-0.5402,0.4450,0.5338,2192608.7500,0,0,-0.0854,0.0993
53.6908,-0.4474,0.7988,0.5338,2192608.7500,0,0,-0.0889,0.0979
53.7009,-0.2614,0.6429,0.5338,2192608.7500,0,0,-0.0868,0.0988
53.7104,-0.3947,0.7557,0.5338,2192608.7500,0,0,-0.0878,0.0985
53.7204,-0.4635,0.8097,0.5338,2192608.7500,0,0,-0.0908,0.0976
53.7304,-0.3865,0.2051,0.5338,2192608.7500,0,0,-0.0913,0.0975
53.7407,-0.3132,-0.1958,0.5338,2192608.7500,0,0,-0.0896,0.0980
53.7508,-0.3979,0.2399,0.5338,2192608.7500,0,0,-0.0905,0.0977
53.7604,-0.7953,0.6006,0.5338,2192608.7500,0,0,-0.1022,0.0938
53.7705,-0.5814,0.4289,0.5338,2192608.7500,0,0,-0.1074,0.0920
53.7805,-0.6775,0.5648,0.5338,2192608.7500,0,0,-0.1144,0.0905
53.7913,-0.8469,1.0864,0.5338,2192608.7500,0,0,-0.1257,0.0881
53.8008,-0.4414,0.7857,0.5338,2192608.7500,0,0,-0.1253,0.0882
53.8104,-0.2445,0.2480,0.5338,2192608.7500,0,0,-0.1199,0.0894
53.8204,-0.2414,0.5127,0.5338,2192608.7500,0,0,-0.1148,0.0907
53.8304,-0.3539,0.4774,0.5338,2192608.7500,0,0,-0.1127,0.0912
53.8408,-0.4338,0.2348,0.5338,2192608.7500,0,0,-0.1127,0.0912
53.8515,-0.3052,0.3741,0.5338,2192608.7500,0,0,-0.1096,0.0920
53.8604,-0.7148,0.5305,0.5338,2192608.7500,0,0,-0.1157,0.0914
53.8705,-0.8405,0.7499,0.5338,2192608.7500,0,0,-0.1244,0.0905
53.8805,-0.4287,0.6327,0.5338,2192608.7500,0,0,-0.1233,0.0906
53.8907,-0.4058,0.6088,0.5338,2192608.7500,0,0,-0.1217,0.0908
53.9008,-0.4680,0.6962,0.5338,2192608.7500,0,0,-0.1215,0.0908
53.9105,-0.2599,0.3931,0.5338,2192608.7500,0,0,-0.1168,0.0913
53.9204,-0.3495,0.1891,0.5338,2192608.7500,0,0,-0.1143,0.0916
53.9304,-0.4487,0.2036,0.5338,2192608.7500,0,0,-0.1135,0.0915
53.9407,-0.7570,0.0314,0.5338,2192608.7500,0,0,-0.1192,0.0920
53.9507,-0.7349,0.1755,0.5338,2192608.7500,0,0,-0.1241,0.0925
53.9605,-0.6722,0.5593,0.5338,2192608.7500,0,0,-0.1276,0.0928
53.9705,-0.7406,0.6942,0.5338,2192608.7500,0,0,-0.1324,0.0932
53.9804,-0.5539,0.7904,0.5338,2192608.7500,0,0,-0.1332,0.0933
53.9913,-0.2091,0.5745,0.5338,2192608.7500,0,0,-0.1273,0.0928
54.0008,-0.3376,0.3219,0.5338,2192608.7500,0,0,-0.1242,0.0925
54.0105,-0.4673,0.2273,0.5338,2192608.7500,0,0,-0.1234,0.0923
54.0204,-0.6446,0.1817,0.5338,2192608.7500,0,0,-0.1258,0.0931
54.0304,-0.6856,0.1912,0.5338,2192608.7500,0,0,-0.1287,0.0941
54.0409,-0.5400,0.2453,0.5338,2192608.7500,0,0,-0.1291,0.0943
54.0514,-0.7688,0.4312,0.5338,2192608.7500,0,0,-0.1333,0.0957
54.0605,-0.5621,0.8298,0.5338,2192608.7500,0,0,-0.1339,0.0959
54.0705,-0.3293,0.5121,0.5338,2192608.7500,0,0,-0.1307,0.0948
54.0805,-0.5016,0.2336,0.5338,2192608.7500,0,0,-0.1305,0.0947
54.0907,-0.5802,0.5571,0.5338,2192746.7500,0,0,-0.1313,0.0952
54.1008,-0.6676,0.4042,0.5338,2192746.7500,0,0,-0.1327,0.0972
54.1105,-0.4626,0.0820,0.5338,2192746.7500,0,0,-0.1322,0.0965
54.1204,-0.4383,0.1309,0.5338,2192746.7500,0,0,-0.1315,0.0956
54.1304,-0.6537,0.4077,0.5338,2192746.7500,0,0,-0.1328,0.0973
54.1408,-0.6573,0.4086,0.5338,2192746.7500,0,0,-0.1341,0.0990
54.1508,-0.4847,0.1893,0.5338,2192746.7500,0,0,-0.1338,0.0986
54.1604,-0.5850,0.6323,0.5338,2192746.7500,0,0,-0.1341,0.0998
54.1705,-0.3792,0.9882,0.5338,2192746.7500,0,0,-0.1336,0.0980
54.1805,-0.1490,0.3466,0.5338,2192746.7500,0,0,-0.1320,0.0928
54.1913,-0.2597,0.1268,0.5338,2192746.7500,0,0,-0.1310,0.0894
54.2008,-0.4270,0.4701,0.5338,2192746.7500,0,0,-0.1307,0.0885
54.2105,-0.5971,0.1300,0.5338,2192746.7500,0,0,-0.1312,0.0901
54.2204,-0.3639,-0.1128,0.5338,2192746.7500,0,0,-0.1306,0.0884
54.2304,-0.3976,0.2434,0.5338,2192746.7500,0,0,-0.1307,0.0874
54.2409,-0.7189,0.4777,0.5338,2192746.7500,0,0,-0.1305,0.0915
54.2513,-0.5023,0.2391,0.5338,2192746.7500,0,0,-0.1304,0.0921
54.2605,-0.4405,0.1866,0.5338,2192746.7500,0,0,-0.1305,0.0917
54.2705,-0.5326,0.6099,0.5338,2192746.7500,0,0,-0.1304,0.0928
54.2804,-0.4359,0.5377,0.5338,2192746.7500,0,0,-0.1304,0.0923
54.2907,-0.0815,0.0095,0.5338,2192746.7500,0,0,-0.1307,0.0866
54.3008,-0.3340,0.1012,0.5338,2192746.7500,0,0,-0.1308,0.0847
54.3105,-0.5035,0.2189,0.5338,2192746.7500,0,0,-0.1303,0.0860
54.3205,-0.6333,-0.0733,0.5338,2192746.7500,0,0,-0.1290,0.0893
54.3305,-0.4626,-0.1272,0.5338,2192746.7500,0,0,-0.1288,0.0898
54.3408,-0.5030,0.2031,0.5338,2192746.7500,0,0,-0.1284,0.0909
54.3508,-0.7122,0.4136,0.5338,2192746.7500,0,0,-0.1267,0.0951
54.3604,-0.2986,0.4171,0.5338,2192746.7500,0,0,-0.1275,0.0931
54.3704,-0.1670,0.2528,0.5338,2192746.7500,0,0,-0.1291,0.0892
54.3805,-0.3106,0.1747,0.5338,2192746.7500,0,0,-0.1299,0.0880
54.3911,-0.2924,0.0637,0.5338,2192746.7500,0,0,-0.1310,0.0867
54.4008,-0.4510,-0.1264,0.5338,2192746.7500,0,0,-0.1303,0.0876
54.4105,-0.4113,-0.0270,0.5338,2192746.7500,0,0,-0.1301,0.0879
54.4205,-0.5438,0.0114,0.5338,2192746.7500,0,0,-0.1284,0.0900
54.4305,-0.5181,0.2736,0.5338,2192746.7500,0,0,-0.1271,0.0916
54.4408,-0.2326,0.4170,0.5338,2192746.7500,0,0,-0.1288,0.0895
54.4514,-0.2787,0.2442,0.5338,2192746.7500,0,0,-0.1299,0.0886
54.4604,-0.3075,0.3389,0.5338,2192746.7500,0,0,-0.1306,0.0882
54.4705,-0.2534,0.2270,0.5338,2192746.7500,0,0,-0.1320,0.0871
54.4805,-0.3158,-0.0313,0.5338,2192746.7500,0,0,-0.1325,0.0868
54.4908,-0.2653,-0.1187,0.5338,2192746.7500,0,0,-0.1336,0.0859
54.5008,-0.3228,-0.1503,0.5338,2192746.7500,0,0,-0.1339,0.0856
54.5105,-0.2501,-0.0477,0.5338,2192746.7500,0,0,-0.1353,0.0846
54.5204,-0.2226,0.0420,0.5338,2192746.7500,0,0,-0.1369,0.0834
54.5305,-0.5082,0.1545,0.5338,2192746.7500,0,0,-0.1333,0.0849
54.5408,-0.3365,0.4340,0.5338,2192746.7500,0,0,-0.1327,0.0851
54.5508,-0.1670,0.3366,0.5338,2192746.7500,0,0,-0.1351,0.0841
54.5604,-0.3583,0.1206,0.5338,2192746.7500,0,0,-0.1342,0.0845
54.5704,-0.2042,0.1877,0.5338,2192746.7500,0,0,-0.1359,0.0838
54.5804,-0.1681,0.0184,0.5338,2192746.7500,0,0,-0.1381,0.0829
54.5913,-0.1398,-0.3178,0.5338,2192746.7500,0,0,-0.1407,0.0819
54.6008,-0.2458,-0.2999,0.5338,2192746.7500,0,0,-0.1410,0.0818
54.6105,-0.4020,-0.0368,0.5338,2192746.7500,0,0,-0.1384,0.0821
54.6205,-0.2489,-0.0975,0.5338,2192746.7500,0,0,-0.1386,0.0821
54.6304,-0.0872,-0.0905,0.5338,2192746.7500,0,0,-0.1418,0.0817
54.6409,-0.3750,0.4142,0.5338,2192746.7500,0,0,-0.1397,0.0820
54.6514,-0.1929,0.6572,0.5338,2192746.7500,0,0,-0.1409,0.0818
54.6606,-0.0361,0.0185,0.5338,2192746.7500,0,0,-0.1449,0.0814
54.6705,-0.1426,-0.2949,0.5338,2192746.7500,0,0,-0.1468,0.0812
54.6804,-0.2436,-0.1208,0.5338,2192746.7500,0,0,-0.1464,0.0811
54.6908,-0.3040,-0.3831,0.5338,2192746.7500,0,0,-0.1449,0.0808
54.7008,0.0011,-0.4920,0.5338,2192746.7500,0,0,-0.1490,0.0816
54.7104,-0.0669,-0.0268,0.5338,2192746.7500,0,0,-0.1516,0.0821
54.7205,-0.3624,0.2721,0.5338,2192746.7500,0,0,-0.1491,0.0816
54.7305,-0.1787,0.0468,0.5338,2192746.7500,0,0,-0.1498,0.0818
54.7407,-0.1495,0.1583,0.5338,2192746.7500,0,0,-0.1509,0.0820
54.7508,-0.2742,0.3020,0.5338,2192746.7500,0,0,-0.1496,0.0812
54.7605,-0.2143,-0.1043,0.5338,2192746.7500,0,0,-0.1493,0.0811
54.7705,-0.0865,-0.5194,0.5338,2192746.7500,0,0,-0.1511,0.0821
54.7804,-0.0448,-0.4014,0.5338,2192746.7500,0,0,-0.1534,0.0834
54.7912,-0.2226,-0.3005,0.5338,2192746.7500,0,0,-0.1529,0.0831
54.8008,-0.2108,-0.1990,0.5338,2192746.7500,0,0,-0.1526,0.0830
54.8104,-0.1581,-0.0279,0.5338,2192746.7500,0,0,-0.1531,0.0832
54.8204,-0.2426,0.2105,0.5338,2192746.7500,0,0,-0.1523,0.0828
54.8305,-0.3840,0.2186,0.5338,2192746.7500,0,0,-0.1497,0.0797
54.8409,-0.0637,0.0971,0.5338,2192746.7500,0,0,-0.1512,0.0815
54.8514,-0.0251,-0.1005,0.5338,2192746.7500,0,0,-0.1531,0.0837
54.8604,-0.0274,-0.3522,0.5338,2192746.7500,0,0,-0.1549,0.0859
54.8705,-0.1102,-0.4068,0.5338,2192746.7500,0,0,-0.1557,0.0867
54.8805,-0.2012,-0.0883,0.5338,2192746.7500,0,0,-0.1553,0.0863
54.8908,-0.0875,-0.0188,0.5338,2192746.7500,0,0,-0.1563,0.0875
54.9009,-0.3777,0.1352,0.5338,2192746.7500,0,0,-0.1547,0.0833
54.9105,-0.1996,0.3976,0.5338,2192746.7500,0,0,-0.1545,0.0828
54.9204,0.0278,0.1993,0.5338,2192746.7500,0,0,-0.1560,0.0866
54.9305,-0.1325,-0.0708,0.5338,2192746.7500,0,0,-0.1562,0.0873
54.9408,0.0041,0.1078,0.5338,2192746.7500,0,0,-0.1575,0.0904
54.9508,-0.1356,0.0154,0.5338,2192746.7500,0,0,-0.1577,0.0909
54.9605,-0.0152,-0.2647,0.5338,2192746.7500,0,0,-0.1587,0.0935
54.9704,0.0687,-0.2517,0.5338,2192746.7500,0,0,-0.1603,0.0975
54.9805,-0.1291,0.2710,0.5338,2192746.7500,0,0,-0.1603,0.0982
54.9912,-0.0760,0.2928,0.5338,2192746.7500,0,0,-0.1605,0.1000
55.0008,0.0446,0.0374,0.5338,2192746.7500,0,0,-0.1608,0.1044
55.0104,-0.1689,0.3469,0.5338,2192746.7500,0,0,-0.1607,0.1040
55.0204,-0.1941,0.4900,0.5338,2192746.7500,0,0,-0.1607,0.1030
55.0304,0.0750,-0.0730,0.5338,2192746.7500,0,0,-0.1610,0.1077
55.0408,0.0511,-0.2354,0.5338,2192746.7500,0,0,-0.1613,0.1117
55.0515,-0.0349,-0.0426,0.5338,2192746.7500,0,0,-0.1607,0.1147
55.0604,-0.2946,0.0228,0.5338,2192746.7500,0,0,-0.1614,0.1112
55.0705,-0.2330,-0.0559,0.5338,2192746.7500,0,0,-0.1618,0.1093
55.0805,-0.0918,0.0756,0.5338,2192746.7500,0,0,-0.1615,0.1109
55.0907,-0.2038,0.2566,0.5338,2193010.2500,0,0,-0.1617,0.1098
55.1008,-0.1914,0.3060,0.5338,2193010.2500,0,0,-0.1615,0.1102
55.1105,0.1463,0.1044,0.5338,2193010.2500,0,0,-0.1563,0.1193
55.1204,0.0705,0.1476,0.5338,2193010.2500,0,0,-0.1527,0.1259
55.1304,-0.1237,0.0439,0.5338,2193010.2500,0,0,-0.1508,0.1283
55.1408,-0.0631,-0.2418,0.5338,2193010.2500,0,0,-0.1478,0.1320
55.1508,-0.1501,-0.3082,0.5338,2193010.2500,0,0,-0.1468,0.1333
55.1605,-0.0670,-0.1668,0.5338,2193010.2500,0,0,-0.1443,0.1365
55.1705,-0.2024,0.0453,0.5338,2193010.2500,0,0,-0.1444,0.1364
55.1804,-0.1438,0.2681,0.5338,2193010.2500,0,0,-0.1434,0.1375
55.1913,0.0702,0.2184,0.5338,2193010.2500,0,0,-0.1390,0.1431
55.2008,-0.1920,0.0325,0.5338,2193010.2500,0,0,-0.1382,0.1438
55.2104,-0.0308,0.1359,0.5338,2193010.2500,0,0,-0.1340,0.1476
55.2204,0.0510,-0.0019,0.5338,2193010.2500,0,0,-0.1284,0.1526
55.2305,0.1062,-0.2811,0.5338,2193010.2500,0,0,-0.1220,0.1584
55.2409,0.0715,-0.3407,0.5338,2193010.2500,0,0,-0.1168,0.1633
55.2514,-0.2408,-0.0623,0.5338,2193010.2500,0,0,-0.1179,0.1622
55.2604,-0.2111,-0.0517,0.5338,2193010.2500,0,0,-0.1184,0.1618
55.2705,-0.0020,-0.1577,0.5338,2193010.2500,0,0,-0.1129,0.1654
55.2804,-0.2466,0.1609,0.5338,2193010.2500,0,0,-0.1135,0.1650
55.2908,-0.1344,0.6389,0.5338,2193010.2500,0,0,-0.1115,0.1663
55.3008,0.1792,0.1937,0.5338,2193010.2500,0,0,-0.1026,0.1725
55.3104,0.1727,-0.1995,0.5338,2193010.2500,0,0,-0.0944,0.1783
55.3205,0.0583,0.0691,0.5338,2193010.2500,0,0,-0.0891,0.1821
55.3305,-0.1150,-0.0803,0.5338,2193010.2500,0,0,-0.0878,0.1831
55.3407,0.0185,-0.5212,0.5338,2193010.2500,0,0,-0.0838,0.1860
55.3507,-0.0952,-0.1168,0.5338,2193010.2500,0,0,-0.0809,0.1875
55.3605,-0.3570,0.3468,0.5338,2193010.2500,0,0,-0.0844,0.1857
55.3705,-0.2555,0.1617,0.5338,2193010.2500,0,0,-0.0854,0.1852
55.3804,0.0249,-0.0359,0.5338,2193010.2500,0,0,-0.0799,0.1882
55.3913,-0.1636,0.3302,0.5338,2193010.2500,0,0,-0.0789,0.1887
55.4008,0.0252,0.2343,0.5338,2193010.2500,0,0,-0.0739,0.1916
55.4105,0.1334,-0.2872,0.5338,2193010.2500,0,0,-0.0668,0.1958
55.4204,-0.0187,-0.1200,0.5338,2193010.2500,0,0,-0.0617,0.1978
55.4305,-0.2448,0.1547,0.5338,2193010.2500,0,0,-0.0622,0.1976
55.4408,-0.2234,-0.1812,0.5338,2193010.2500,0,0,-0.0621,0.1976
55.4514,-0.0636,-0.2295,0.5338,2193010.2500,0,0,-0.0585,0.1991
55.4605,-0.1634,0.0779,0.5338,2193010.2500,0,0,-0.0573,0.1996
55.4705,-0.3524,0.2482,0.5338,2193010.2500,0,0,-0.0601,0.1984
55.4805,-0.0410,-0.2791,0.5338,2193010.2500,0,0,-0.0564,0.2001
55.4908,-0.1022,-0.2836,0.5338,2193010.2500,0,0,-0.0541,0.2012
55.5008,-0.0868,0.2313,0.5338,2193010.2500,0,0,-0.0503,0.2021
55.5104,-0.0566,0.0793,0.5338,2193010.2500,0,0,-0.0462,0.2032
55.5204,-0.0615,-0.1443,0.5338,2193010.2500,0,0,-0.0423,0.2042
55.5305,-0.2251,0.0929,0.5338,2193010.2500,0,0,-0.0419,0.2043
55.5408,-0.5259,-0.0185,0.5338,2193010.2500,0,0,-0.0474,0.2028
55.5508,-0.4322,-0.0984,0.5338,2193010.2500,0,0,-0.0509,0.2018
55.5604,-0.1159,0.0700,0.5338,2193010.2500,0,0,-0.0481,0.2026
55.5705,-0.3156,0.4453,0.5338,2193010.2500,0,0,-0.0482,0.2026
55.5805,-0.3165,0.5419,0.5338,2193010.2500,0,0,-0.0484,0.2026
55.5914,-0.1164,0.1174,0.5338,2193010.2500,0,0,-0.0448,0.2027
55.6008,-0.2624,-0.2018,0.5338,2193010.2500,0,0,-0.0441,0.2027
55.6104,-0.2814,-0.2703,0.5338,2193010.2500,0,0,-0.0437,0.2028
55.6204,-0.4013,-0.2641,0.5338,2193010.2500,0,0,-0.0456,0.2027
55.6304,-0.1534,0.2883,0.5338,2193010.2500,0,0,-0.0429,0.2028
55.6409,0.0717,0.4208,0.5338,2193010.2500,0,0,-0.0362,0.2030
55.6514,-0.1438,0.2590,0.5338,2193010.2500,0,0,-0.0330,0.2021
55.6606,-0.1306,0.5614,0.5338,2193010.2500,0,0,-0.0297,0.2012
55.6705,0.0507,0.1872,0.5338,2193010.2500,0,0,-0.0234,0.1995
55.6805,0.2368,-0.2547,0.5338,2193010.2500,0,0,-0.0144,0.1971
55.6908,0.2293,-0.0870,0.5338,2193010.2500,0,0,-0.0058,0.1948
55.7009,0.0517,0.0877,0.5338,2193010.2500,0,0,-0.0003,0.1934
55.7104,0.0617,-0.1008,0.5338,2193010.2500,0,0,0.0051,0.1920
55.7205,0.2208,-0.2147,0.5338,2193010.2500,0,0,0.0125,0.1870
55.7304,-0.0888,0.3092,0.5338,2193010.2500,0,0,0.0154,0.1851
55.7408,-0.0320,0.6750,0.5338,2193010.2500,0,0,0.0190,0.1828
55.7508,0.2914,0.1659,0.5338,2193010.2500,0,0,0.0268,0.1776
55.7605,0.2903,0.0045,0.5338,2193010.2500,0,0,0.0343,0.1727
55.7705,0.1654,0.1203,0.5338,2193010.2500,0,0,0.0400,0.1691
55.7805,-0.0365,-0.2602,0.5338,2193010.2500,0,0,0.0428,0.1673
55.7913,0.1440,-0.3061,0.5338,2193010.2500,0,0,0.0479,0.1641
55.8008,0.1159,-0.0056,0.5338,2193010.2500,0,0,0.0518,0.1590
55.8104,-0.3942,0.2045,0.5338,2193010.2500,0,0,0.0504,0.1607
55.8204,-0.5229,0.4019,0.5338,2193010.2500,0,0,0.0479,0.1640
55.8304,-0.2390,0.3651,0.5338,2193010.2500,0,0,0.0482,0.1636
55.8409,-0.3853,0.2076,0.5338,2193010.2500,0,0,0.0471,0.1650
55.8514,-0.2900,0.1328,0.5338,2193010.2500,0,0,0.0469,0.1652
55.8605,-0.1972,-0.0269,0.5338,2193010.2500,0,0,0.0477,0.1643
55.8705,-0.2212,-0.1329,0.5338,2193010.2500,0,0,0.0481,0.1629
55.8805,-0.2841,-0.3775,0.5338,2193010.2500,0,0,0.0483,0.1626
55.8908,-0.5564,-0.1666,0.5338,2193010.2500,0,0,0.0469,0.1666
55.9008,-0.6382,0.4040,0.5338,2193010.2500,0,0,0.0450,0.1718
55.9104,-0.4272,0.4329,0.5338,2193010.2500,0,0,0.0444,0.1735
55.9204,-0.4946,0.2376,0.5338,2193010.2500,0,0,0.0435,0.1761
55.9305,-0.5424,0.5538,0.5338,2193010.2500,0,0,0.0423,0.1794
55.9408,-0.5651,0.3333,0.5338,2193010.2500,0,0,0.0411,0.1829
55.9508,-0.5269,-0.3971,0.5338,2193010.2500,0,0,0.0409,0.1859
55.9605,-0.4643,-0.4001,0.5338,2193010.2500,0,0,0.0409,0.1877
55.9705,-0.7181,0.1734,0.5338,2193010.2500,0,0,0.0406,0.1938
55.9805,-0.7587,0.3921,0.5338,2193010.2500,0,0,0.0403,0.2005
55.9913,-0.3571,0.2570,0.5338,2193010.2500,0,0,0.0404,0.2000
56.0008,-0.4783,0.4768,0.5338,2193010.2500,0,0,0.0403,0.2016
56.0105,-0.6381,0.5720,0.5338,2193010.2500,0,0,0.0401,0.2059
56.0204,-0.4663,0.0901,0.5338,2193010.2500,0,0,0.0404,0.2070
56.0305,-0.4261,-0.0008,0.5338,2193010.2500,0,0,0.0405,0.2073
56.0409,-0.4886,0.1563,0.5338,2193010.2500,0,0,0.0408,0.2087
56.0514,-0.6349,0.1347,0.5338,2193010.2500,0,0,0.0417,0.2127
56.0604,-0.6192,0.2225,0.5338,2193010.2500,0,0,0.0425,0.2163
56.0705,-0.5814,0.2836,0.5338,2193010.2500,0,0,0.0431,0.2191
56.0804,-0.7126,0.2412,0.5338,2193010.2500,0,0,0.0443,0.2240
56.0908,-0.8218,0.5966,0.5338,2193522.0000,0,0,0.0477,0.2308
56.1008,-0.4547,0.6380,0.5338,2193522.0000,0,0,0.0401,0.2178
56.1105,-0.3956,0.2866,0.5338,2193522.0000,0,0,0.0341,0.2074
56.1204,-0.4855,0.1554,0.5338,2193522.0000,0,0,0.0271,0.1956
56.1305,-0.7624,0.2568,0.5338,2193522.0000,0,0,0.0164,0.1778
56.1408,-1.2074,0.1944,0.5338,2193522.0000,0,0,-0.0001,0.1506
56.1508,-1.3491,-0.0809,0.5338,2193522.0000,0,0,-0.0177,0.1221
56.1605,-1.4657,0.1769,0.5338,2193522.0000,0,0,-0.0359,0.0930
56.1705,-1.3867,0.7179,0.5338,2193522.0000,0,0,-0.0555,0.0711
56.1805,-0.9861,0.4456,0.5338,2193522.0000,0,0,-0.0672,0.0583
56.1913,-0.7724,0.0921,0.5338,2193522.0000,0,0,-0.0747,0.0502
56.2008,-0.8292,0.4199,0.5338,2193522.0000,0,0,-0.0827,0.0416
56.2104,-0.8994,0.2819,0.5338,2193522.0000,0,0,-0.0915,0.0323
56.2205,-1.1374,-0.1571,0.5338,2193522.0000,0,0,-0.1037,0.0196
56.2304,-1.1357,-0.1727,0.5338,2193522.0000,0,0,-0.1153,0.0076
56.2409,-1.3399,0.0762,0.5338,2193522.0000,0,0,-0.1318,-0.0035
56.2514,-1.4033,0.1999,0.5338,2193522.0000,0,0,-0.1488,-0.0150
56.2605,-0.9340,0.0317,0.5338,2193522.0000,0,0,-0.1565,-0.0202
56.2704,-0.6478,0.1129,0.5338,2193522.0000,0,0,-0.1587,-0.0217
56.2804,-0.3654,0.6290,0.5338,2193522.0000,0,0,-0.1557,-0.0197
56.2907,-0.2405,0.1716,0.5338,2193522.0000,0,0,-0.1506,-0.0162
56.3008,-0.4768,-0.2417,0.5338,2193522.0000,0,0,-0.1499,-0.0158
56.3105,-0.9631,0.1005,0.5338,2193522.0000,0,0,-0.1578,-0.0211
56.3204,-1.3667,0.0197,0.5338,2193522.0000,0,0,-0.1736,-0.0272
56.3304,-1.1741,-0.3173,0.5338,2193522.0000,0,0,-0.1851,-0.0317
56.3408,-0.8619,-0.1883,0.5338,2193522.0000,0,0,-0.1903,-0.0337
56.3508,-0.9234,0.2408,0.5338,2193522.0000,0,0,-0.1965,-0.0361
56.3605,-0.8732,0.4962,0.5338,2193522.0000,0,0,-0.2015,-0.0381
56.3705,-0.5704,0.1090,0.5338,2193522.0000,0,0,-0.2008,-0.0378
56.3805,-0.6685,0.0840,0.5338,2193522.0000,0,0,-0.2018,-0.0382
56.3912,-0.8217,0.3051,0.5338,2193522.0000,0,0,-0.2058,-0.0387
56.4009,-0.7719,-0.0644,0.5338,2193522.0000,0,0,-0.2086,-0.0391
56.4104,-0.8874,-0.3129,0.5338,2193522.0000,0,0,-0.2135,-0.0396
56.4204,-0.8397,0.0519,0.5338,2193522.0000,0,0,-0.2173,-0.0401
56.4304,-1.0805,0.0559,0.5338,2193522.0000,0,0,-0.2252,-0.0410
56.4409,-0.8982,-0.0527,0.5338,2193522.0000,0,0,-0.2296,-0.0416
56.4514,-0.7071,0.0926,0.5338,2193522.0000,0,0,-0.2306,-0.0417
56.4605,-1.0271,0.4166,0.5338,2193522.0000,0,0,-0.2371,-0.0425
56.4705,-0.8501,0.3929,0.5338,2193522.0000,0,0,-0.2404,-0.0418
56.4805,-0.6343,0.1411,0.5338,2193522.0000,0,0,-0.2402,-0.0418
56.4908,-0.6381,0.2591,0.5338,2193522.0000,0,0,-0.2400,-0.0418
56.5008,-0.4914,0.1882,0.5338,2193522.0000,0,0,-0.2375,-0.0424
56.5104,-0.2875,-0.0862,0.5338,2193522.0000,0,0,-0.2318,-0.0435
56.5204,-0.3252,-0.1037,0.5338,2193522.0000,0,0,-0.2269,-0.0445
56.5305,-0.4554,-0.0472,0.5338,2193522.0000,0,0,-0.2243,-0.0450
56.5407,-0.7645,0.0591,0.5338,2193522.0000,0,0,-0.2266,-0.0435
56.5508,-0.5973,0.2080,0.5338,2193522.0000,0,0,-0.2266,-0.0435
56.5605,-0.5051,0.3646,0.5338,2193522.0000,0,0,-0.2254,-0.0443
56.5705,-0.6335,0.6278,0.5338,2193522.0000,0,0,-0.2259,-0.0440
56.5805,-0.4137,0.5657,0.5338,2193522.0000,0,0,-0.2235,-0.0455
56.5913,-0.1272,0.2933,0.5338,2193522.0000,0,0,-0.2173,-0.0492
56.6008,-0.3147,0.2726,0.5338,2193522.0000,0,0,-0.2138,-0.0513
56.6105,-0.4532,0.1210,0.5338,2193522.0000,0,0,-0.2122,-0.0523
56.6205,-0.5319,-0.0800,0.5338,2193522.0000,0,0,-0.2123,-0.0522
56.6304,-0.4811,0.2088,0.5338,2193522.0000,0,0,-0.2118,-0.0528
56.6409,-0.5596,0.2997,0.5338,2193522.0000,0,0,-0.2121,-0.0524
56.6513,-0.7035,0.4201,0.5338,2193522.0000,0,0,-0.2139,-0.0502
56.6605,-0.4338,0.6253,0.5338,2193522.0000,0,0,-0.2129,-0.0514
56.6705,-0.4444,0.4211,0.5338,2193522.0000,0,0,-0.2121,-0.0524
56.6805,-0.5330,0.3679,0.5338,2193522.0000,0,0,-0.2121,-0.0524
56.6908,-0.3529,0.3843,0.5338,2193522.0000,0,0,-0.2113,-0.0545
56.7008,-0.3907,0.1733,0.5338,2193522.0000,0,0,-0.2108,-0.0559
56.7105,-0.4408,0.1527,0.5338,2193522.0000,0,0,-0.2106,-0.0564
56.7204,-0.7059,0.0717,0.5338,2193522.0000,0,0,-0.2120,-0.0527
56.7304,-0.7420,0.0784,0.5338,2193522.0000,0,0,-0.2136,-0.0485
56.7407,-0.5906,0.4205,0.5338,2193522.0000,0,0,-0.2143,-0.0468
56.7508,-0.7998,0.5891,0.5338,2193522.0000,0,0,-0.2161,-0.0420
56.7605,-0.7198,0.6285,0.5338,2193522.0000,0,0,-0.2175,-0.0386
56.7705,-0.3878,0.3487,0.5338,2193522.0000,0,0,-0.2174,-0.0397
56.7805,-0.4351,0.2692,0.5338,2193522.0000,0,0,-0.2174,-0.0399
56.7913,-0.5692,0.2333,0.5338,2193522.0000,0,0,-0.2176,-0.0376
56.8008,-0.6356,-0.0814,0.5338,2193522.0000,0,0,-0.2179,-0.0342
56.8105,-0.6194,-0.2194,0.5338,2193522.0000,0,0,-0.2181,-0.0312
56.8204,-0.6111,-0.2253,0.5338,2193522.0000,0,0,-0.2184,-0.0285
56.8305,-0.6733,-0.1137,0.5338,2193522.0000,0,0,-0.2187,-0.0247
56.8409,-0.6352,0.2970,0.5338,2193522.0000,0,0,-0.2180,-0.0203
56.8515,-0.3387,0.5873,0.5338,2193522.0000,0,0,-0.2182,-0.0218
56.8604,-0.4210,0.3798,0.5338,2193522.0000,0,0,-0.2182,-0.0216
56.8705,-0.4263,0.1892,0.5338,2193522.0000,0,0,-0.2181,-0.0214
56.8805,-0.2909,0.0333,0.5338,2193522.0000,0,0,-0.2185,-0.0236
56.8907,-0.2744,-0.2115,0.5338,2193522.0000,0,0,-0.2189,-0.0261
56.9008,-0.0848,-0.3588,0.5338,2193522.0000,0,0,-0.2198,-0.0320
56.9104,-0.1793,-0.1534,0.5338,2193522.0000,0,0,-0.2211,-0.0351
56.9204,-0.1938,0.2109,0.5338,2193522.0000,0,0,-0.2222,-0.0378
56.9305,-0.0947,0.2437,0.5338,2193522.0000,0,0,-0.2240,-0.0423
56.9408,-0.2930,0.4378,0.5338,2193522.0000,0,0,-0.2242,-0.0430
56.9507,-0.1522,0.7983,0.5338,2193522.0000,0,0,-0.2255,-0.0462
56.9605,0.0149,0.5134,0.5338,2193522.0000,0,0,-0.2279,-0.0522
56.9705,0.1666,-0.1836,0.5338,2193522.0000,0,0,-0.2313,-0.0607
56.9805,0.2363,-0.1686,0.5338,2193522.0000,0,0,-0.2350,-0.0700
56.9913,0.1518,0.0632,0.5338,2193522.0000,0,0,-0.2395,-0.0765
57.0008,0.0003,0.0123,0.5338,2193522.0000,0,0,-0.2421,-0.0803
57.0105,0.0543,-0.0362,0.5338,2193522.0000,0,0,-0.2452,-0.0848
57.0204,-0.1754,0.2904,0.5338,2193522.0000,0,0,-0.2458,-0.0855
57.0305,-0.1054,0.6674,0.5338,2193522.0000,0,0,-0.2470,-0.0874
57.0409,0.3479,0.2040,0.5338,2193522.0000,0,0,-0.2530,-0.0960
57.0514,0.4456,0.0391,0.5338,2194520.7500,0,0,-0.2598,-0.1058
57.0604,0.3598,0.4367,0.5338,2194520.7500,0,0,-0.2682,-0.1098
57.0705,0.3153,0.1993,0.5338,2194520.7500,0,0,-0.2755,-0.1133
57.0805,0.2268,-0.2327,0.5338,2194520.7500,0,0,-0.2811,-0.1159
57.0908,0.2080,0.0025,0.5338,2194520.7500,0,0,-0.2861,-0.1183
57.1008,0.1467,0.1298,0.5338,2194520.7500,0,0,-0.2900,-0.1201
57.1105,0.3431,-0.1638,0.5338,2194520.7500,0,0,-0.2968,-0.1234
57.1205,0.5894,-0.3446,0.5338,2194520.7500,0,0,-0.3074,-0.1284
57.1304,0.4173,0.2048,0.5338,2194520.7500,0,0,-0.3149,-0.1319
57.1407,0.4906,0.5918,0.5338,2194520.7500,0,0,-0.3240,-0.1330
57.1507,0.6320,0.2119,0.5338,2194520.7500,0,0,-0.3352,-0.1343
57.1604,0.6213,0.0878,0.5338,2194520.7500,0,0,-0.3458,-0.1355
57.1705,0.6717,0.3297,0.5338,2194520.7500,0,0,-0.3568,-0.1368
57.1805,0.6062,-0.1061,0.5338,2194520.7500,0,0,-0.3664,-0.1379
57.1913,0.7396,-0.4858,0.5338,2194520.7500,0,0,-0.3778,-0.1393
57.2008,0.5753,-0.1948,0.5338,2194520.7500,0,0,-0.3862,-0.1403
57.2105,0.2663,0.1268,0.5338,2194520.7500,0,0,-0.3897,-0.1392
57.2205,0.5110,-0.1014,0.5338,2194520.7500,0,0,-0.3970,-0.1371
57.2305,0.6708,0.0829,0.5338,2194520.7500,0,0,-0.4065,-0.1344
57.2408,0.6030,0.7262,0.5338,2194520.7500,0,0,-0.4146,-0.1320
57.2514,0.6988,0.5929,0.5338,2194520.7500,0,0,-0.4239,-0.1293
57.2605,0.9518,0.0224,0.5338,2194520.7500,0,0,-0.4367,-0.1256
57.2704,0.7349,0.1310,0.5338,2194520.7500,0,0,-0.4458,-0.1230
57.2804,0.8173,0.2963,0.5338,2194520.7500,0,0,-0.4558,-0.1201
57.2908,1.0497,-0.1191,0.5338,2194520.7500,0,0,-0.4682,-0.1094
57.3008,1.3465,-0.1332,0.5338,2194520.7500,0,0,-0.4841,-0.0956
57.3105,1.1957,0.2104,0.5338,2194520.7500,0,0,-0.4974,-0.0842
57.3205,0.9255,0.4515,0.5338,2194520.7500,0,0,-0.5068,-0.0761
57.3304,1.0046,0.5363,0.5338,2194520.7500,0,0,-0.5167,-0.0676
57.3408,1.1795,0.4823,0.5338,2194520.7500,0,0,-0.5285,-0.0574
57.3508,1.1194,0.4923,0.5338,2194520.7500,0,0,-0.5391,-0.0483
57.3604,1.2939,0.1713,0.5338,2194520.7500,0,0,-0.5492,-0.0290
57.3704,1.2647,-0.1887,0.5338,2194520.7500,0,0,-0.5587,-0.0111
57.3805,1.0504,0.0045,0.5338,2194520.7500,0,0,-0.5657,0.0022
57.3913,0.5177,0.1168,0.5338,2194520.7500,0,0,-0.5676,0.0057
57.4008,0.3301,0.1271,0.5338,2194520.7500,0,0,-0.5677,0.0060
57.4104,0.4269,0.2250,0.5338,2194520.7500,0,0,-0.5687,0.0078
57.4205,0.3778,0.1781,0.5338,2194520.7500,0,0,-0.5692,0.0088
57.4304,0.3270,0.2334,0.5338,2194520.7500,0,0,-0.5692,0.0089
57.4408,0.7878,0.1569,0.5338,2194520.7500,0,0,-0.5715,0.0213
57.4514,0.7140,0.1181,0.5338,2194520.7500,0,0,-0.5734,0.0314
57.4604,0.5555,0.2214,0.5338,2194520.7500,0,0,-0.5746,0.0375
57.4705,0.4400,-0.0045,0.5338,2194520.7500,0,0,-0.5752,0.0407
57.4805,0.3586,-0.3049,0.5338,2194520.7500,0,0,-0.5754,0.0421
57.4908,0.3459,-0.2603,0.5338,2194520.7500,0,0,-0.5756,0.0431
57.5008,0.2825,-0.2318,0.5338,2194520.7500,0,0,-0.5755,0.0427
57.5105,0.3784,0.0701,0.5338,2194520.7500,0,0,-0.5753,0.0473
57.5205,0.7843,0.3814,0.5338,2194520.7500,0,0,-0.5745,0.0622
57.5305,0.7876,0.2549,0.5338,2194520.7500,0,0,-0.5738,0.0764
57.5408,0.6886,0.3150,0.5338,2194520.7500,0,0,-0.5732,0.0872
57.5508,0.5670,0.4567,0.5338,2194520.7500,0,0,-0.5728,0.0946
57.5604,0.6022,-0.0306,0.5338,2194520.7500,0,0,-0.5724,0.1024
57.5705,0.6138,-0.5465,0.5338,2194520.7500,0,0,-0.5720,0.1100
57.5805,0.5673,-0.3199,0.5338,2194520.7500,0,0,-0.5716,0.1162
57.5912,0.3841,0.1300,0.5338,2194520.7500,0,0,-0.5703,0.1213
57.6008,0.5882,-0.1601,0.5338,2194520.7500,0,0,-0.5676,0.1315
57.6105,0.6068,-0.0761,0.5338,2194520.7500,0,0,-0.5649,0.1416
57.6204,0.4051,0.4117,0.5338,2194520.7500,0,0,-0.5638,0.1460
57.6305,0.4650,0.3157,0.5338,2194520.7500,0,0,-0.5623,0.1516
57.6409,0.7849,-0.1768,0.5338,2194520.7500,0,0,-0.5589,0.1646
57.6514,0.6029,0.0272,0.5338,2194520.7500,0,0,-0.5568,0.1725
57.6606,0.5603,0.1885,0.5338,2194520.7500,0,0,-0.5517,0.1833
57.6705,0.2564,-0.2046,0.5338,2194520.7500,0,0,-0.5507,0.1854
57.6804,0.4620,-0.2838,0.5338,2194520.7500,0,0,-0.5473,0.1926
57.6908,0.5025,-0.0509,0.5338,2194520.7500,0,0,-0.5437,0.2003
57.7008,0.4022,0.1342,0.5338,2194520.7500,0,0,-0.5414,0.2052
57.7105,0.6922,0.3571,0.5338,2194520.7500,0,0,-0.5361,0.2165
57.7204,0.7305,0.4295,0.5338,2194520.7500,0,0,-0.5306,0.2280
57.7304,0.3689,0.5570,0.5338,2194520.7500,0,0,-0.5263,0.2341
57.7407,0.2634,0.5206,0.5338,2194520.7500,0,0,-0.5239,0.2374
57.7508,0.3628,0.1549,0.5338,2194520.7500,0,0,-0.5202,0.2427
57.7605,0.3430,-0.0483,0.5338,2194520.7500,0,0,-0.5170,0.2473
57.7704,0.2627,-0.1574,0.5338,2194520.7500,0,0,-0.5151,0.2498
57.7805,0.0752,0.0449,0.5338,2194520.7500,0,0,-0.5162,0.2483
57.7912,0.1216,0.5146,0.5338,2194520.7500,0,0,-0.5165,0.2479
57.8008,0.1793,0.4960,0.5338,2194520.7500,0,0,-0.5160,0.2486
57.8105,-0.0552,0.4527,0.5338,2194520.7500,0,0,-0.5172,0.2474
57.8205,-0.0294,0.6290,0.5338,2194520.7500,0,0,-0.5178,0.2467
57.8305,0.2862,0.3172,0.5338,2194520.7500,0,0,-0.5126,0.2523
57.8409,0.1477,0.1577,0.5338,2194520.7500,0,0,-0.5102,0.2548
57.8513,-0.0236,0.4635,0.5338,2194520.7500,0,0,-0.5110,0.2540
57.8605,-0.3102,0.4811,0.5338,2194520.7500,0,0,-0.5165,0.2479
57.8705,-0.2352,-0.0794,0.5338,2194520.7500,0,0,-0.5204,0.2434
57.8804,-0.0999,-0.2123,0.5338,2194520.7500,0,0,-0.5194,0.2442
57.8908,-0.2419,0.2209,0.5338,2194520.7500,0,0,-0.5214,0.2426
57.9008,-0.4305,0.5080,0.5338,2194520.7500,0,0,-0.5271,0.2381
57.9105,-0.1732,0.4028,0.5338,2194520.7500,0,0,-0.5274,0.2379
57.9204,-0.5193,0.6649,0.5338,2194520.7500,0,0,-0.5345,0.2321
57.9305,-0.6459,0.8395,0.5338,2194520.7500,0,0,-0.5436,0.2246
57.9408,-0.4122,0.5937,0.5338,2194520.7500,0,0,-0.5478,0.2211
57.9508,-0.3188,0.2225,0.5338,2194520.7500,0,0,-0.5500,0.2192
57.9604,-0.3495,-0.0472,0.5338,2194520.7500,0,0,-0.5501,0.2192
57.9704,-0.4792,-0.0996,0.5338,2194520.7500,0,0,-0.5531,0.2174
57.9804,-0.8398,0.4462,0.5338,2194520.7500,0,0,-0.5638,0.2109
57.9913,-0.8098,0.6874,0.5338,2194520.7500,0,0,-0.5733,0.2051
58.0008,-0.7279,0.5049,0.5338,2194520.7500,0,0,-0.5805,0.2006
58.0105,-0.8703,0.8096,0.5338,2194520.7500,0,0,-0.5903,0.1943
58.0205,-0.7411,0.8446,0.5338,2194520.7500,0,0,-0.5969,0.1900
58.0305,-0.5308,0.0254,0.5338,2194520.7500,0,0,-0.5963,0.1903
58.0408,-0.4739,-0.2882,0.5338,2194520.7500,0,0,-0.5945,0.1911
58.0515,-0.7841,0.1172,0.5338,2196497.5000,0,0,-0.5997,0.1887
58.0604,-1.2475,0.2971,0.5338,2196497.5000,0,0,-0.5915,0.2069
58.0705,-1.0757,0.2376,0.5338,2196497.5000,0,0,-0.5847,0.2218
58.0805,-0.9551,0.4467,0.5338,2196497.5000,0,0,-0.5789,0.2343
58.0908,-1.1454,0.7322,0.5338,2196497.5000,0,0,-0.5720,0.2492
58.1008,-1.0902,0.5602,0.5338,2196497.5000,0,0,-0.5656,0.2628
58.1105,-0.7580,0.1208,0.5338,2196497.5000,0,0,-0.5572,0.2720
58.1204,-0.8887,-0.0632,0.5338,2196497.5000,0,0,-0.5474,0.2825
58.1304,-0.9115,-0.1650,0.5338,2196497.5000,0,0,-0.5377,0.2930
58.1408,-0.9488,-0.0831,0.5338,2196497.5000,0,0,-0.5277,0.3036
58.1508,-1.0511,0.0930,0.5338,2196497.5000,0,0,-0.5169,0.3152
58.1604,-1.1381,0.1040,0.5338,2196497.5000,0,0,-0.5054,0.3274
58.1705,-1.4130,0.1564,0.5338,2196497.5000,0,0,-0.4910,0.3427
58.1805,-1.3021,0.4271,0.5338,2196497.5000,0,0,-0.4715,0.3545
58.1913,-1.0601,0.2954,0.5338,2196497.5000,0,0,-0.4563,0.3636
58.2008,-0.9754,-0.0407,0.5338,2196497.5000,0,0,-0.4429,0.3718
58.2105,-0.8667,0.0265,0.5338,2196497.5000,0,0,-0.4316,0.3787
58.2204,-0.8743,0.1802,0.5338,2196497.5000,0,0,-0.4205,0.3855
58.2305,-1.0354,-0.1154,0.5338,2196497.5000,0,0,-0.4073,0.3937
58.2409,-1.0345,-0.4174,0.5338,2196497.5000,0,0,-0.3946,0.4016
58.2514,-1.4721,-0.1083,0.5338,2196497.5000,0,0,-0.3758,0.4133
58.2605,-1.5586,0.4246,0.5338,2196497.5000,0,0,-0.3501,0.4214
58.2704,-1.2528,0.0490,0.5338,2196497.5000,0,0,-0.3305,0.4276
58.2804,-1.1917,0.0113,0.5338,2196497.5000,0,0,-0.3126,0.4333
58.2908,-1.2679,0.4374,0.5338,2196497.5000,0,0,-0.2941,0.4394
58.3008,-1.0950,0.0003,0.5338,2196497.5000,0,0,-0.2791,0.4443
58.3105,-1.0458,-0.6078,0.5338,2196497.5000,0,0,-0.2654,0.4489
58.3205,-1.0441,-0.4224,0.5338,2196497.5000,0,0,-0.2522,0.4533
58.3304,-1.1449,-0.1605,0.5338,2196497.5000,0,0,-0.2341,0.4544
58.3408,-1.2734,-0.0222,0.5338,2196497.5000,0,0,-0.2145,0.4556
58.3508,-1.2639,0.1523,0.5338,2196497.5000,0,0,-0.1957,0.4567
58.3604,-1.5165,0.1086,0.5338,2196497.5000,0,0,-0.1732,0.4581
58.3704,-1.9507,0.0543,0.5338,2196497.5000,0,0,-0.1442,0.4599
58.3805,-1.8201,0.1047,0.5338,2196497.5000,0,0,-0.1183,0.4615
58.3913,-1.6660,-0.0032,0.5338,2196497.5000,0,0,-0.0959,0.4629
58.4008,-1.4888,-0.2057,0.5338,2196497.5000,0,0,-0.0770,0.4641
58.4105,-1.3188,-0.2406,0.5338,2196497.5000,0,0,-0.0595,0.4597
58.4205,-1.4187,-0.0022,0.5338,2196497.5000,0,0,-0.0411,0.4550
58.4305,-1.3700,-0.0006,0.5338,2196497.5000,0,0,-0.0240,0.4507
58.4409,-1.3448,-0.1678,0.5338,2196497.5000,0,0,-0.0078,0.4466
58.4514,-1.7908,0.3005,0.5338,2196497.5000,0,0,0.0146,0.4409
58.4605,-1.8388,0.6218,0.5338,2196497.5000,0,0,0.0372,0.4352
58.4705,-1.6187,0.0594,0.5338,2196497.5000,0,0,0.0556,0.4305
58.4804,-1.3840,-0.0979,0.5338,2196497.5000,0,0,0.0701,0.4206
58.4907,-1.1867,0.1540,0.5338,2196497.5000,0,0,0.0814,0.4129
58.5008,-0.9721,0.0856,0.5338,2196497.5000,0,0,0.0895,0.4073
58.5105,-0.7900,-0.2640,0.5338,2196497.5000,0,0,0.0949,0.4036
58.5205,-0.9139,-0.1158,0.5338,2196497.5000,0,0,0.1018,0.3989
58.5305,-1.3159,0.2474,0.5338,2196497.5000,0,0,0.1136,0.3908
58.5408,-1.2138,0.3122,0.5338,2196497.5000,0,0,0.1237,0.3839
58.5508,-0.9746,0.1734,0.5338,2196497.5000,0,0,0.1298,0.3748
58.5605,-1.0995,0.4359,0.5338,2196497.5000,0,0,0.1368,0.3644
58.5704,-0.9390,0.3784,0.5338,2196497.5000,0,0,0.1421,0.3565
58.5804,-0.8769,-0.2506,0.5338,2196497.5000,0,0,0.1467,0.3498
58.5913,-1.0246,-0.5713,0.5338,2196497.5000,0,0,0.1524,0.3413
58.6008,-1.1882,-0.3449,0.5338,2196497.5000,0,0,0.1594,0.3309
58.6105,-1.6057,-0.0435,0.5338,2196497.5000,0,0,0.1698,0.3155
58.6205,-1.2987,0.2918,0.5338,2196497.5000,0,0,0.1772,0.3045
58.6305,-1.1195,0.4299,0.5338,2196497.5000,0,0,0.1802,0.2913
58.6408,-1.2625,0.3547,0.5338,2196497.5000,0,0,0.1836,0.2761
58.6514,-1.2264,0.1252,0.5338,2196497.5000,0,0,0.1867,0.2621
58.6605,-1.1715,-0.0596,0.5338,2196497.5000,0,0,0.1895,0.2496
58.6704,-1.2307,-0.1425,0.5338,2196497.5000,0,0,0.1924,0.2366
58.6805,-1.3299,-0.2624,0.5338,2196497.5000,0,0,0.1956,0.2224
58.6908,-1.3158,-0.1244,0.5338,2196497.5000,0,0,0.1986,0.2089
58.7008,-1.4162,-0.0979,0.5338,2196497.5000,0,0,0.1964,0.1891
58.7105,-1.1566,-0.2501,0.5338,2196497.5000,0,0,0.1949,0.1753
58.7205,-1.3312,0.0334,0.5338,2196497.5000,0,0,0.1930,0.1587
58.7305,-1.3519,0.5671,0.5338,2196497.5000,0,0,0.1912,0.1424
58.7408,-1.1078,0.1901,0.5338,2196497.5000,0,0,0.1900,0.1314
58.7508,-1.0804,-0.1596,0.5338,2196497.5000,0,0,0.1889,0.1214
58.7605,-1.2281,0.0453,0.5338,2196497.5000,0,0,0.1875,0.1090
58.7704,-1.0730,-0.0525,0.5338,2196497.5000,0,0,0.1865,0.1000
58.7805,-0.6020,-0.4836,0.5338,2196497.5000,0,0,0.1859,0.0986
58.7912,-0.4410,-0.3020,0.5338,2196497.5000,0,0,0.1867,0.1006
58.8008,-0.7204,-0.0170,0.5338,2196497.5000,0,0,0.1852,0.0967
58.8105,-1.0517,0.0430,0.5338,2196497.5000,0,0,0.1809,0.0863
58.8205,-0.8268,0.0064,0.5338,2196497.5000,0,0,0.1787,0.0808
58.8305,-0.8088,0.0135,0.5338,2196497.5000,0,0,0.1767,0.0758
58.8409,-0.8597,0.0193,0.5338,2196497.5000,0,0,0.1745,0.0701
58.8514,-0.5535,0.0372,0.5338,2196497.5000,0,0,0.1742,0.0697
58.8604,-0.4626,-0.1257,0.5338,2196497.5000,0,0,0.1752,0.0711
58.8705,-0.3467,-0.4026,0.5338,2196497.5000,0,0,0.1778,0.0750
58.8804,-0.3973,-0.3578,0.5338,2196497.5000,0,0,0.1796,0.0776
58.8908,-0.7130,0.2291,0.5338,2196497.5000,0,0,0.1770,0.0737
58.9008,-0.5282,0.3742,0.5338,2196497.5000,0,0,0.1770,0.0737
58.9105,-0.3141,0.1444,0.5338,2196497.5000,0,0,0.1797,0.0779
58.9205,-0.5328,0.4844,0.5338,2196497.5000,0,0,0.1795,0.0776
58.9304,-0.3863,0.5941,0.5338,2196497.5000,0,0,0.1813,0.0794
58.9408,-0.0699,-0.2351,0.5338,2196497.5000,0,0,0.1890,0.0870
58.9507,0.0447,-0.4333,0.5338,2196497.5000,0,0,0.1983,0.0964
58.9604,0.0338,-0.1645,0.5338,2196497.5000,0,0,0.2070,0.1052
58.9705,-0.2569,-0.0703,0.5338,2196497.5000,0,0,0.2099,0.1082
58.9804,-0.1579,0.0801,0.5338,2196497.5000,0,0,0.2145,0.1128
58.9911,-0.1192,0.2494,0.5338,2196497.5000,0,0,0.2196,0.1180
59.0008,-0.2607,0.3837,0.5338,2196497.5000,0,0,0.2218,0.1195
59.0105,-0.0875,0.3895,0.5338,2196497.5000,0,0,0.2280,0.1238
59.0205,0.3112,0.1558,0.5338,2196497.5000,0,0,0.2431,0.1344
59.0305,0.3195,0.0107,0.5338,2196497.5000,0,0,0.2576,0.1446
59.0409,0.2438,-0.0275,0.5338,2196497.5000,0,0,0.2694,0.1532
59.0514,0.1165,0.1302,0.5338,2196497.5000,0,0,0.2778,0.1593
59.0604,0.0176,0.1022,0.5338,2196497.5000,0,0,0.2835,0.1635
59.0705,0.2085,-0.2484,0.5338,2196497.5000,0,0,0.2930,0.1706
59.0804,0.1091,0.0557,0.5338,2196497.5000,0,0,0.3007,0.1746
59.0907,0.0829,0.5751,0.5338,2196497.5000,0,0,0.3072,0.1780
59.1009,0.4083,0.2809,0.5338,2196497.5000,0,0,0.3214,0.1857
59.1105,0.4031,0.1236,0.5338,2196497.5000,0,0,0.3346,0.1931
59.1204,0.3584,0.6923,0.5338,2196497.5000,0,0,0.3459,0.1995
59.1304,0.4714,0.5629,0.5338,2196497.5000,0,0,0.3592,0.2071
59.1408,0.7107,0.0269,0.5338,2196497.5000,0,0,0.3772,0.2178
59.1508,0.4944,0.0719,0.5338,2196497.5000,0,0,0.3907,0.2232
59.1604,0.4545,0.2277,0.5338,2196497.5000,0,0,0.4023,0.2280
59.1705,0.5223,-0.0397,0.5338,2196497.5000,0,0,0.4148,0.2334
59.1805,0.8496,-0.1350,0.5338,2196497.5000,0,0,0.4345,0.2421
59.1913,0.6181,0.2659,0.5338,2196497.5000,0,0,0.4474,0.2479
59.2008,0.3394,0.5675,0.5338,2196497.5000,0,0,0.4531,0.2505
59.2105,0.7070,0.3744,0.5338,2196497.5000,0,0,0.4668,0.2571
59.2205,0.7601,0.3342,0.5338,2196497.5000,0,0,0.4808,0.2639
59.2305,0.5873,0.5033,0.5338,2196497.5000,0,0,0.4915,0.2672
59.2408,0.7761,0.1608,0.5338,2196497.5000,0,0,0.5059,0.2717
59.2514,0.9549,-0.1260,0.5338,2196497.5000,0,0,0.5235,0.2773
59.2604,0.8559,-0.0496,0.5338,2196497.5000,0,0,0.5379,0.2821
59.2704,0.7256,-0.0963,0.5338,2196497.5000,0,0,0.5487,0.2858
59.2805,0.7739,0.1283,0.5338,2196497.5000,0,0,0.5598,0.2897
59.2907,0.9013,0.5215,0.5338,2196497.5000,0,0,0.5731,0.2945
59.3008,0.9845,0.5864,0.5338,2196497.5000,0,0,0.5891,0.2970
59.3105,0.7039,0.5522,0.5338,2196497.5000,0,0,0.5983,0.2984
59.3205,0.9862,0.4626,0.5338,2196497.5000,0,0,0.6132,0.3008
59.3305,1.0092,0.0960,0.5338,2196497.5000,0,0,0.6278,0.3032
59.3408,0.8166,0.1133,0.5338,2196497.5000,0,0,0.6379,0.3048
59.3508,0.9409,0.4435,0.5338,2196497.5000,0,0,0.6501,0.3069
59.3605,0.8030,0.2965,0.5338,2196497.5000,0,0,0.6589,0.3084
59.3705,1.0649,-0.0596,0.5338,2196497.5000,0,0,0.6740,0.3074
59.3805,0.9109,-0.2698,0.5338,2196497.5000,0,0,0.6856,0.3067
59.3913,0.7610,0.0820,0.5338,2196497.5000,0,0,0.6938,0.3062
59.4008,0.8554,0.0629,0.5338,2196497.5000,0,0,0.7034,0.3056
59.4105,0.9069,0.0587,0.5338,2196497.5000,0,0,0.7137,0.3050
59.4204,0.7909,0.6380,0.5338,2196497.5000,0,0,0.7214,0.3045
59.4305,0.9189,0.6433,0.5338,2196497.5000,0,0,0.7312,0.3040
59.4409,1.0937,0.0825,0.5338,2196497.5000,0,0,0.7439,0.3032
59.4515,0.9908,0.0185,0.5338,2196497.5000,0,0,0.7554,0.2990
59.4605,1.1038,0.1408,0.5338,2196497.5000,0,0,0.7684,0.2944
59.4705,1.4033,-0.1698,0.5338,2196497.5000,0,0,0.7858,0.2882
59.4804,2.1744,-0.2780,0.5338,2196497.5000,0,0,0.8151,0.2778
59.4908,2.2019,0.2160,0.5338,2196497.5000,0,0,0.8439,0.2678
59.5008,1.5790,0.4751,0.5338,2196497.5000,0,0,0.8617,0.2616
59.5105,1.4929,0.2686,0.5338,2196497.5000,0,0,0.8775,0.2562
59.5205,1.3129,0.2455,0.5338,2196497.5000,0,0,0.8902,0.2463
59.5304,1.0847,0.3808,0.5338,2196497.5000,0,0,0.8994,0.2392
59.5408,1.2598,0.1949,0.5338,2196497.5000,0,0,0.9106,0.2306
59.5508,1.1735,-0.0788,0.5338,2196497.5000,0,0,0.9203,0.2231
59.5605,1.0369,-0.1729,0.5338,2196497.5000,0,0,0.9280,0.2174
59.5705,0.8250,-0.1967,0.5338,2196497.5000,0,0,0.9327,0.2138
59.5805,0.7600,0.0827,0.5338,2196497.5000,0,0,0.9365,0.2110
59.5911,0.9964,0.3313,0.5338,2196497.5000,0,0,0.9431,0.2061
59.6008,1.2398,0.3432,0.5338,2196497.5000,0,0,0.9516,0.1929
59.6105,0.9377,0.4416,0.5338,2196497.5000,0,0,0.9572,0.1844
59.6204,0.9678,0.6180,0.5338,2196497.5000,0,0,0.9629,0.1757
59.6305,0.7952,0.1463,0.5338,2196497.5000,0,0,0.9669,0.1696
59.6409,0.8107,-0.2008,0.5338,2196497.5000,0,0,0.9709,0.1636
59.6514,0.6173,-0.0045,0.5338,2196497.5000,0,0,0.9732,0.1602
59.6606,0.5044,0.1079,0.5338,2196497.5000,0,0,0.9744,0.1583
59.6705,0.8300,-0.1449,0.5338,2196497.5000,0,0,0.9772,0.1470
59.6805,0.8201,0.0780,0.5338,2196497.5000,0,0,0.9799,0.1362
59.6908,0.4865,0.6728,0.5338,2196497.5000,0,0,0.9812,0.1311
59.7008,0.7558,0.6062,0.5338,2196497.5000,0,0,0.9834,0.1220
59.7105,0.9575,0.2153,0.5338,2196497.5000,0,0,0.9864,0.1101
59.7204,0.9942,0.3599,0.5338,2196497.5000,0,0,0.9895,0.0980
59.7305,0.8262,0.1549,0.5338,2196497.5000,0,0,0.9918,0.0888
59.7408,0.8013,-0.0898,0.5338,2196497.5000,0,0,0.9940,0.0804
59.7508,0.6613,0.0530,0.5338,2196497.5000,0,0,0.9931,0.0688
59.7604,0.6525,0.0753,0.5338,2196497.5000,0,0,0.9924,0.0578
59.7704,0.4081,0.1938,0.5338,2196497.5000,0,0,0.9919,0.0514
59.7805,0.6272,0.5680,0.5338,2196497.5000,0,0,0.9912,0.0415
59.7912,0.9270,0.3675,0.5338,2196497.5000,0,0,0.9902,0.0269
59.8008,0.9055,0.2130,0.5338,2196497.5000,0,0,0.9892,0.0132
59.8105,0.9492,0.4305,0.5338,2196497.5000,0,0,0.9883,-0.0008
59.8205,0.8850,0.1395,0.5338,2196497.5000,0,0,0.9818,-0.0188
59.8305,0.7663,-0.2604,0.5338,2196497.5000,0,0,0.9763,-0.0341
59.8409,0.5772,-0.0109,0.5338,2196497.5000,0,0,0.9722,-0.0456
59.8513,0.4796,0.2357,0.5338,2196497.5000,0,0,0.9688,-0.0551
59.8604,0.6544,-0.0650,0.5338,2196497.5000,0,0,0.9644,-0.0671
59.8705,0.8674,-0.1556,0.5338,2196497.5000,0,0,0.9590,-0.0823
59.8804,0.6105,0.3600,0.5338,2196497.5000,0,0,0.9552,-0.0927
59.8908,0.5747,0.6875,0.5338,2196497.5000,0,0,0.9518,-0.1023
59.9008,0.8596,0.1896,0.5338,2196497.5000,0,0,0.9399,-0.1198
59.9105,0.8309,0.1021,0.5338,2196497.5000,0,0,0.9287,-0.1362
59.9205,0.7360,0.3269,0.5338,2196497.5000,0,0,0.9189,-0.1506
59.9305,0.5982,-0.0393,0.5338,2196497.5000,0,0,0.9109,-0.1624
59.9408,0.5439,-0.2445,0.5338,2196497.5000,0,0,0.9037,-0.1729
59.9507,0.2748,0.0181,0.5338,2196497.5000,0,0,0.8995,-0.1791
59.9605,-0.2081,0.2774,0.5338,2196497.5000,0,0,0.9003,-0.1780
59.9705,-0.0577,0.5875,0.5338,2196497.5000,0,0,0.8960,-0.1818
59.9804,0.2543,0.5714,0.5338,2196497.5000,0,0,0.8874,-0.1895
59.9913,0.3434,0.4551,0.5338,2196497.5000,0,0,0.8779,-0.1980
60.0008,0.2902,0.3065,0.5338,2196497.5000,0,0,0.8694,-0.2055
60.0105,0.2185,0.1086,0.5338,2199109.2500,0,0,0.8623,-0.2119
60.0205,-0.0560,-0.0763,0.5338,2199109.2500,0,0,0.8595,-0.1984
60.0305,-0.0640,-0.1641,0.5338,2199109.2500,0,0,0.8571,-0.1862
60.0409,-0.3604,0.2093,0.5338,2199109.2500,0,0,0.8562,-0.1821
60.0514,-0.3592,0.6286,0.5338,2199109.2500,0,0,0.8562,-0.1827
60.0604,-0.1146,0.2841,0.5338,2199109.2500,0,0,0.8564,-0.1769
60.0705,-0.3037,0.3757,0.5338,2199109.2500,0,0,0.8565,-0.1763
60.0804,-0.3442,0.7571,0.5338,2199109.2500,0,0,0.8564,-0.1767
60.0908,-0.1638,0.2809,0.5338,2199109.2500,0,0,0.8566,-0.1729
60.1008,-0.2054,-0.2737,0.5338,2199109.2500,0,0,0.8567,-0.1702
60.1105,-0.3686,0.0174,0.5338,2199109.2500,0,0,0.8566,-0.1714
60.1204,-0.7703,0.2151,0.5338,2199109.2500,0,0,0.8520,-0.1865
60.1304,-0.9141,0.0975,0.5338,2199109.2500,0,0,0.8466,-0.2038
60.1408,-0.7353,0.2252,0.5338,2199109.2500,0,0,0.8428,-0.2162
60.1508,-0.8268,0.5651,0.5338,2199109.2500,0,0,0.8386,-0.2298
60.1604,-0.8679,0.7513,0.5338,2199109.2500,0,0,0.8344,-0.2434
60.1705,-0.6227,0.7185,0.5338,2199109.2500,0,0,0.8320,-0.2512
60.1805,-0.8073,0.2607,0.5338,2199109.2500,0,0,0.8286,-0.2623
60.1912,-0.9819,-0.1383,0.5338,2199109.2500,0,0,0.8170,-0.2804
60.2008,-1.2529,-0.0048,0.5338,2199109.2500,0,0,0.8029,-0.3026
60.2104,-1.4365,0.2791,0.5338,2199109.2500,0,0,0.7875,-0.3269
60.2204,-1.1419,0.0743,0.5338,2199109.2500,0,0,0.7763,-0.3445
60.2305,-1.0803,0.2705,0.5338,2199109.2500,0,0,0.7664,-0.3601
60.2409,-1.2676,0.7440,0.5338,2199109.2500,0,0,0.7549,-0.3781
60.2514,-1.1122,0.5992,0.5338,2199109.2500,0,0,0.7458,-0.3925
60.2605,-1.0412,0.1107,0.5338,2199109.2500,0,0,0.7378,-0.4050
60.2705,-1.2402,0.4027,0.5338,2199109.2500,0,0,0.7190,-0.4223
60.2804,-1.3784,0.4681,0.5338,2199109.2500,0,0,0.6990,-0.4408
60.2907,-1.4083,-0.0252,0.5338,2199109.2500,0,0,0.6794,-0.4588
60.3008,-1.4393,0.0064,0.5338,2199109.2500,0,0,0.6601,-0.4764
60.3105,-1.6067,0.3481,0.5338,2199109.2500,0,0,0.6391,-0.4957
60.3205,-1.8705,0.5160,0.5338,2199109.2500,0,0,0.6147,-0.5180
60.3304,-1.5968,0.4553,0.5338,2199109.2500,0,0,0.5952,-0.5357
60.3408,-1.5524,0.2923,0.5338,2199109.2500,0,0,0.5665,-0.5522
60.3508,-1.6571,0.4205,0.5338,2199109.2500,0,0,0.5368,-0.5695
60.3605,-1.5361,0.2034,0.5338,2199109.2500,0,0,0.5107,-0.5847
60.3704,-1.5164,0.0622,0.5338,2199109.2500,0,0,0.4861,-0.5991
60.3805,-1.6148,0.2739,0.5338,2199109.2500,0,0,0.4603,-0.6142
60.3913,-1.8733,0.0730,0.5338,2199109.2500,0,0,0.4303,-0.6320
60.4009,-1.8767,-0.0556,0.5338,2199109.2500,0,0,0.4014,-0.6492
60.4105,-1.7993,0.2392,0.5338,2199109.2500,0,0,0.3751,-0.6649
60.4204,-1.8436,0.4823,0.5338,2199109.2500,0,0,0.3393,-0.6789
60.4305,-1.5537,0.6424,0.5338,2199109.2500,0,0,0.3120,-0.6897
60.4409,-1.2923,0.2770,0.5338,2199109.2500,0,0,0.2922,-0.6977
60.4515,-1.4639,0.1788,0.5338,2199109.2500,0,0,0.2693,-0.7070
60.4604,-1.7618,0.1959,0.5338,2199109.2500,0,0,0.2405,-0.7189
60.4704,-1.7885,-0.0125,0.5338,2199109.2500,0,0,0.2124,-0.7307
60.4804,-1.7361,-0.0499,0.5338,2199109.2500,0,0,0.1868,-0.7416
60.4908,-1.7012,0.1415,0.5338,2199109.2500,0,0,0.1560,-0.7496
60.5008,-1.8792,0.3974,0.5338,2199109.2500,0,0,0.1223,-0.7584
60.5105,-1.5703,0.7468,0.5338,2199109.2500,0,0,0.0977,-0.7650
60.5204,-1.4177,0.4577,0.5338,2199109.2500,0,0,0.0779,-0.7704
60.5305,-1.5530,0.2025,0.5338,2199109.2500,0,0,0.0559,-0.7766
60.5408,-1.6310,0.3650,0.5338,2199109.2500,0,0,0.0331,-0.7830
60.5508,-1.9367,0.0916,0.5338,2199109.2500,0,0,0.0044,-0.7913
60.5605,-2.1204,-0.3098,0.5338,2199109.2500,0,0,-0.0272,-0.8006
60.5705,-2.4394,0.1015,0.5338,2199109.2500,0,0,-0.0702,-0.8060
60.5805,-2.7916,0.5456,0.5338,2199109.2500,0,0,-0.1193,-0.8122
60.5913,-2.3308,0.2584,0.5338,2199109.2500,0,0,-0.1557,-0.8169
60.6008,-1.9632,-0.0192,0.5338,2199109.2500,0,0,-0.1824,-0.8204
60.6105,-1.8757,0.2893,0.5338,2199109.2500,0,0,-0.2060,-0.8235
60.6205,-1.7480,0.3862,0.5338,2199109.2500,0,0,-0.2258,-0.8262
60.6305,-1.5681,-0.0638,0.5338,2199109.2500,0,0,-0.2409,-0.8282
60.6409,-1.8548,-0.0462,0.5338,2199109.2500,0,0,-0.2652,-0.8267
60.6514,-2.1145,0.0419,0.5338,2199109.2500,0,0,-0.2937,-0.8250
60.6606,-2.4058,-0.1000,0.5338,2199109.2500,0,0,-0.3270,-0.8230
60.6705,-2.0965,-0.0394,0.5338,2199109.2500,0,0,-0.3528,-0.8214
60.6805,-1.9757,0.3336,0.5338,2199109.2500,0,0,-0.3753,-0.8201
60.6908,-1.9620,0.5312,0.5338,2199109.2500,0,0,-0.3965,-0.8188
60.7008,-1.3400,0.4265,0.5338,2199109.2500,0,0,-0.4049,-0.8183
60.7105,-1.0207,0.2166,0.5338,2199109.2500,0,0,-0.4069,-0.8182
60.7205,-1.2276,0.2999,0.5338,2199109.2500,0,0,-0.4161,-0.8153
60.7304,-1.3737,0.0837,0.5338,2199109.2500,0,0,-0.4275,-0.8117
60.7407,-1.5149,-0.1660,0.5338,2199109.2500,0,0,-0.4408,-0.8075
60.7508,-1.4787,-0.0612,0.5338,2199109.2500,0,0,-0.4531,-0.8037
60.7604,-1.5849,0.0244,0.5338,2199109.2500,0,0,-0.4668,-0.7994
60.7705,-1.5703,0.3422,0.5338,2199109.2500,0,0,-0.4797,-0.7955
60.7805,-1.3610,0.5595,0.5338,2199109.2500,0,0,-0.4888,-0.7927
60.7912,-1.2636,0.4185,0.5338,2199109.2500,0,0,-0.4978,-0.7865
60.8008,-1.3603,0.4653,0.5338,2199109.2500,0,0,-0.5079,-0.7796
60.8105,-1.2599,0.4610,0.5338,2199109.2500,0,0,-0.5163,-0.7740
60.8205,-1.2444,0.1225,0.5338,2199109.2500,0,0,-0.5243,-0.7686
60.8305,-1.1009,-0.1991,0.5338,2199109.2500,0,0,-0.5301,-0.7647
60.8409,-1.2391,-0.0928,0.5338,2199109.2500,0,0,-0.5376,-0.7598
60.8514,-1.3995,0.2764,0.5338,2199109.2500,0,0,-0.5469,-0.7537
60.8604,-1.0544,0.1697,0.5338,2199109.2500,0,0,-0.5515,-0.7508
60.8704,-1.0992,0.2162,0.5338,2199109.2500,0,0,-0.5571,-0.7431
60.8805,-1.2584,0.8482,0.5338,2199109.2500,0,0,-0.5639,-0.7338
60.8908,-1.1815,0.7031,0.5338,2199109.2500,0,0,-0.5699,-0.7257
60.9008,-1.1133,0.0123,0.5338,2199109.2500,0,0,-0.5751,-0.7188
60.9104,-1.2188,0.0748,0.5338,2199109.2500,0,0,-0.5811,-0.7108
60.9204,-1.5284,0.1315,0.5338,2199109.2500,0,0,-0.5896,-0.6995
60.9305,-1.5883,-0.1269,0.5338,2199109.2500,0,0,-0.5984,-0.6879
60.9408,-1.4838,-0.1051,0.5338,2199109.2500,0,0,-0.6029,-0.6717
60.9508,-1.5009,0.1702,0.5338,2199109.2500,0,0,-0.6073,-0.6558
60.9605,-1.7189,0.2822,0.5338,2199109.2500,0,0,-0.6125,-0.6373
60.9705,-1.3749,0.4144,0.5338,2199109.2500,0,0,-0.6161,-0.6242
60.9804,-1.1565,0.2313,0.5338,2199109.2500,0,0,-0.6188,-0.6147
60.9913,-1.1920,-0.0201,0.5338,2199109.2500,0,0,-0.6215,-0.6050
61.0008,-1.2471,0.0176,0.5338,2199109.2500,0,0,-0.6244,-0.5948
61.0104,-1.4366,0.0226,0.5338,2199109.2500,0,0,-0.6230,-0.5771
61.0205,-1.3289,-0.1654,0.5338,2199109.2500,0,0,-0.6218,-0.5616
61.0305,-1.2240,0.0020,0.5338,2199109.2500,0,0,-0.6208,-0.5483
61.0409,-1.2934,0.4010,0.5338,2199109.2500,0,0,-0.6197,-0.5344
61.0514,-1.2366,0.3064,0.5338,2199109.2500,0,0,-0.6187,-0.5218
61.0605,-0.9954,-0.1190,0.5338,2199109.2500,0,0,-0.6180,-0.5132
61.0705,-1.0514,0.1174,0.5338,2199109.2500,0,0,-0.6173,-0.5041
61.0805,-0.7841,0.2851,0.5338,2199109.2500,0,0,-0.6169,-0.4992
61.0907,-0.5542,-0.1729,0.5338,2199109.2500,0,0,-0.6153,-0.4953
61.1008,-0.4542,-0.3199,0.5338,2199109.2500,0,0,-0.6144,-0.4931
61.1104,-0.6172,-0.0959,0.5338,2199109.2500,0,0,-0.6125,-0.4884
61.1204,-0.9630,0.0093,0.5338,2199109.2500,0,0,-0.6084,-0.4784
61.1305,-0.7086,0.0143,0.5338,2199109.2500,0,0,-0.6061,-0.4728
61.1407,-0.3822,0.2522,0.5338,2199109.2500,0,0,-0.6058,-0.4722
61.1507,-0.2786,0.3854,0.5338,2199109.2500,0,0,-0.6063,-0.4732
61.1604,-0.1229,0.3171,0.5338,2199109.2500,0,0,-0.6074,-0.4748
61.1706,-0.0978,0.0838,0.5338,2199109.2500,0,0,-0.6089,-0.4766
61.1805,-0.1127,-0.2678,0.5338,2199109.2500,0,0,-0.6101,-0.4782
61.1913,-0.1830,-0.5318,0.5338,2199109.2500,0,0,-0.6105,-0.4787
61.2008,-0.2020,-0.0368,0.5338,2199109.2500,0,0,-0.6106,-0.4789
61.2105,-0.1564,0.1405,0.5338,2199109.2500,0,0,-0.6113,-0.4798
61.2205,0.3536,-0.1130,0.5338,2199109.2500,0,0,-0.6173,-0.4876
61.2305,0.3999,0.2011,0.5338,2199109.2500,0,0,-0.6237,-0.4959
61.2409,0.1814,0.4395,0.5338,2199109.2500,0,0,-0.6281,-0.4994
61.2514,0.5864,0.0038,0.5338,2199109.2500,0,0,-0.6385,-0.5075
61.2605,0.7019,-0.1070,0.5338,2199109.2500,0,0,-0.6501,-0.5166
61.2704,0.6197,0.2405,0.5338,2199109.2500,0,0,-0.6602,-0.5245
61.2804,0.5742,0.1182,0.5338,2199109.2500,0,0,-0.6693,-0.5316
61.2908,0.7005,-0.3405,0.5338,2199109.2500,0,0,-0.6799,-0.5399
61.3008,0.8965,-0.3006,0.5338,2199109.2500,0,0,-0.6928,-0.5501
61.3105,0.8398,-0.1442,0.5338,2199109.2500,0,0,-0.7073,-0.5564
61.3204,0.7175,-0.0421,0.5338,2199109.2500,0,0,-0.7190,-0.5616
61.3304,0.8810,0.0638,0.5338,2199109.2500,0,0,-0.7332,-0.5679
61.3407,0.8543,0.1939,0.5338,2199109.2500,0,0,-0.7464,-0.5737
61.3508,0.6530,0.2607,0.5338,2199109.2500,0,0,-0.7558,-0.5778
61.3605,1.0949,0.1568,0.5338,2199109.2500,0,0,-0.7721,-0.5850
61.3705,1.2822,0.0017,0.5338,2199109.2500,0,0,-0.7910,-0.5933
61.3805,1.2679,-0.0519,0.5338,2199109.2500,0,0,-0.8090,-0.6013
61.3913,1.2572,-0.0205,0.5338,2199109.2500,0,0,-0.8295,-0.6041
61.4008,1.1701,-0.0378,0.5338,2199109.2500,0,0,-0.8476,-0.6067
61.4105,1.2148,-0.1304,0.5338,2199109.2500,0,0,-0.8658,-0.6093
61.4205,1.3555,-0.1609,0.5338,2199109.2500,0,0,-0.8859,-0.6121
61.4305,1.1916,0.2382,0.5338,2199109.2500,0,0,-0.9024,-0.6144
61.4409,1.3715,0.4312,0.5338,2199109.2500,0,0,-0.9215,-0.6171
61.4514,1.5417,0.1873,0.5338,2199109.2500,0,0,-0.9428,-0.6201
61.4605,1.2902,0.4727,0.5338,2199109.2500,0,0,-0.9617,-0.6169
61.4705,1.2874,0.8289,0.5338,2199109.2500,0,0,-0.9798,-0.6139
61.4804,1.4953,0.2477,0.5338,2199109.2500,0,0,-1.0009,-0.6103
61.4907,1.4864,0.0441,0.5338,2199109.2500,0,0,-1.0211,-0.6070
61.5008,1.4405,0.2404,0.5338,2199109.2500,0,0,-1.0397,-0.6038
61.5105,1.2357,0.1285,0.5338,2199109.2500,0,0,-1.0541,-0.6014
61.5205,1.2896,-0.0277,0.5338,2199109.2500,0,0,-1.0689,-0.5989
61.5305,1.2731,0.1767,0.5338,2199109.2500,0,0,-1.0829,-0.5965
61.5408,1.0845,0.4767,0.5338,2199109.2500,0,0,-1.0952,-0.5896
61.5508,1.0607,0.4621,0.5338,2199109.2500,0,0,-1.1066,-0.5832
61.5605,1.4208,0.3783,0.5338,2199109.2500,0,0,-1.1233,-0.5738
61.5705,1.3997,0.4827,0.5338,2199109.2500,0,0,-1.1389,-0.5650
61.5805,1.0938,0.4217,0.5338,2199109.2500,0,0,-1.1493,-0.5591
61.5912,1.1209,0.5038,0.5338,2199109.2500,0,0,-1.1597,-0.5533
61.6008,0.9830,0.3880,0.5338,2199109.2500,0,0,-1.1676,-0.5488
61.6105,1.0358,-0.0098,0.5338,2199109.2500,0,0,-1.1773,-0.5373
61.6205,1.0071,0.1459,0.5338,2199109.2500,0,0,-1.1861,-0.5268
61.6304,0.8451,0.3880,0.5338,2199109.2500,0,0,-1.1926,-0.5191
61.6409,1.0226,-0.0028,0.5338,2199109.2500,0,0,-1.2010,-0.5092
61.6514,1.1968,0.0140,0.5338,2199109.2500,0,0,-1.2111,-0.4973
61.6606,0.8577,0.6650,0.5338,2199109.2500,0,0,-1.2168,-0.4906
61.6705,0.8688,0.6604,0.5338,2199109.2500,0,0,-1.2224,-0.4839
61.6805,1.2217,0.2176,0.5338,2199109.2500,0,0,-1.2318,-0.4728
61.6907,0.9840,0.2894,0.5338,2199109.2500,0,0,-1.2378,-0.4568
61.7008,0.9540,0.4535,0.5338,2199109.2500,0,0,-1.2433,-0.4421
61.7105,1.1434,0.0994,0.5338,2199109.2500,0,0,-1.2500,-0.4245
61.7205,1.2633,0.1819,0.5338,2199109.2500,0,0,-1.2572,-0.4054
61.7305,1.5763,0.4806,0.5338,2199109.2500,0,0,-1.2662,-0.3814
61.7408,1.7351,0.1948,0.5338,2199109.2500,0,0,-1.2760,-0.3556
61.7508,1.9582,-0.0584,0.5338,2199109.2500,0,0,-1.2868,-0.3269
61.7605,1.9399,0.1677,0.5338,2199109.2500,0,0,-1.2895,-0.2839
61.7705,1.4550,0.4495,0.5338,2199109.2500,0,0,-1.2914,-0.2545
61.7805,1.6837,0.6480,0.5338,2199109.2500,0,0,-1.2936,-0.2215
61.7912,1.9431,0.5467,0.5338,2199109.2500,0,0,-1.2960,-0.1845
61.8008,1.8100,0.3721,0.5338,2199109.2500,0,0,-1.2980,-0.1522
61.8105,1.2301,0.3764,0.5338,2199109.2500,0,0,-1.2992,-0.1339
61.8205,0.8398,0.5662,0.5338,2199109.2500,0,0,-1.2998,-0.1247
61.8305,0.6657,0.4369,0.5338,2199109.2500,0,0,-1.2972,-0.1111
61.8409,0.9745,0.0654,0.5338,2199109.2500,0,0,-1.2933,-0.0906
61.8514,1.1392,0.2154,0.5338,2199109.2500,0,0,-1.2889,-0.0672
61.8605,1.1935,0.4659,0.5338,2199109.2500,0,0,-1.2844,-0.0439
61.8705,1.3111,0.1320,0.5338,2199109.2500,0,0,-1.2797,-0.0191
61.8805,1.2687,0.2790,0.5338,2199109.2500,0,0,-1.2754,0.0034
61.8908,0.7041,1.0174,0.5338,2199109.2500,0,0,-1.2737,0.0120
61.9009,0.7902,0.9952,0.5338,2199109.2500,0,0,-1.2718,0.0221
61.9104,1.1225,0.4369,0.5338,2199109.2500,0,0,-1.2599,0.0490
61.9204,1.1789,0.4335,0.5338,2199109.2500,0,0,-1.2482,0.0756
61.9305,1.1736,0.2934,0.5338,2199109.2500,0,0,-1.2373,0.1004
61.9408,1.1934,0.1174,0.5338,2199109.2500,0,0,-1.2268,0.1242
61.9508,1.1517,0.2822,0.5338,2199109.2500,0,0,-1.2173,0.1456
61.9605,1.1355,0.2462,0.5338,2199109.2500,0,0,-1.2085,0.1655
61.9704,0.7880,0.4301,0.5338,2199109.2500,0,0,-1.2036,0.1768
61.9805,0.8072,0.7396,0.5338,2199109.2500,0,0,-1.1901,0.1957
61.9913,1.1878,0.5481,0.5338,2199109.2500,0,0,-1.1714,0.2219
62.0008,1.3410,0.3825,0.5338,2199109.2500,0,0,-1.1515,0.2497
62.0105,1.3460,0.6641,0.5338,2199109.2500,0,0,-1.1328,0.2759
62.0205,1.2855,0.7120,0.5338,2199109.2500,0,0,-1.1161,0.2993
62.0305,1.0573,0.2399,0.5338,2199109.2500,0,0,-1.1037,0.3167
62.0409,0.9715,0.1698,0.5338,2199109.2500,0,0,-1.0932,0.3313
62.0514,0.9779,0.4605,0.5338,2199109.2500,0,0,-1.0832,0.3453
62.0605,0.9584,0.2264,0.5338,2199109.2500,0,0,-1.0636,0.3640
62.0705,1.2192,0.0714,0.5338,2199109.2500,0,0,-1.0401,0.3867
62.0805,0.8899,0.4596,0.5338,2199109.2500,0,0,-1.0246,0.4020
62.0908,0.5955,0.7895,0.5338,2199109.2500,0,0,-1.0156,0.4109
62.1008,0.8689,0.5837,0.5338,2199109.2500,0,0,-1.0022,0.4245
62.1105,0.7628,0.4595,0.5338,2199109.2500,0,0,-0.9915,0.4355
62.1204,0.6060,0.7841,0.5338,2199109.2500,0,0,-0.9843,0.4431
62.1304,0.8377,0.4629,0.5338,2199109.2500,0,0,-0.9632,0.4581
62.1407,0.9496,0.0501,0.5338,2199109.2500,0,0,-0.9411,0.4742
62.1508,0.7381,0.2105,0.5338,2199109.2500,0,0,-0.9251,0.4860
62.1605,0.4672,0.2057,0.5338,2199109.2500,0,0,-0.9159,0.4928
62.1705,0.1909,0.1833,0.5338,2199109.2500,0,0,-0.9131,0.4950
62.1805,-0.0106,0.5177,0.5338,2199109.2500,0,0,-0.9147,0.4938
62.1913,-0.0877,0.5979,0.5338,2199109.2500,0,0,-0.9177,0.4914
62.2008,-0.2381,0.6660,0.5338,2199109.2500,0,0,-0.9237,0.4868
62.2105,0.1649,0.8063,0.5338,2199109.2500,0,0,-0.9140,0.4919
62.2205,0.1722,0.5936,0.5338,2199109.2500,0,0,-0.9049,0.4970
62.2304,-0.0354,0.5378,0.5338,2199109.2500,0,0,-0.9013,0.4990
62.2409,-0.0078,0.6968,0.5338,2199109.2500,0,0,-0.8973,0.5013
62.2516,-0.2005,0.5323,0.5338,2199109.2500,0,0,-0.8980,0.5009
62.2605,-0.4001,0.1725,0.5338,2199109.2500,0,0,-0.9032,0.4978
62.2705,-0.5835,0.0644,0.5338,2199109.2500,0,0,-0.9122,0.4923
62.2805,-0.7232,0.4341,0.5338,2199109.2500,0,0,-0.9195,0.4893
62.2907,-0.6878,0.5491,0.5338,2199109.2500,0,0,-0.9255,0.4867
62.3008,-0.6031,0.2701,0.5338,2199109.2500,0,0,-0.9290,0.4852
62.3105,-0.9239,0.6609,0.5338,2199109.2500,0,0,-0.9400,0.4802
62.3205,-0.9465,1.0132,0.5338,2199109.2500,0,0,-0.9508,0.4752
62.3304,-0.8121,0.5107,0.5338,2199109.2500,0,0,-0.9579,0.4719
62.3408,-0.8569,0.2952,0.5338,2199109.2500,0,0,-0.9656,0.4681
62.3508,-0.8746,0.5811,0.5338,2199109.2500,0,0,-0.9732,0.4643
62.3605,-0.9353,0.2625,0.5338,2199109.2500,0,0,-0.9776,0.4629
62.3705,-1.1080,-0.0696,0.5338,2199109.2500,0,0,-0.9857,0.4603
62.3805,-1.1706,0.1723,0.5338,2199109.2500,0,0,-0.9948,0.4574
62.3912,-1.4117,0.3654,0.5338,2199109.2500,0,0,-1.0087,0.4526
62.4008,-1.2785,0.2277,0.5338,2199109.2500,0,0,-1.0189,0.4491
62.4105,-1.2444,0.1399,0.5338,2199109.2500,0,0,-1.0279,0.4459
62.4205,-1.3792,0.4916,0.5338,2199109.2500,0,0,-1.0393,0.4417
62.4305,-1.2723,0.6553,0.5338,2199109.2500,0,0,-1.0448,0.4408
62.4409,-1.3419,0.3632,0.5338,2199109.2500,0,0,-1.0516,0.4397
62.4514,-1.6323,0.2818,0.5338,2199109.2500,0,0,-1.0642,0.4376
62.4605,-1.4172,0.3631,0.5338,2199109.2500,0,0,-1.0717,0.4363
62.4705,-1.6077,0.0539,0.5338,2199109.2500,0,0,-1.0829,0.4343
62.4804,-1.6720,-0.0750,0.5338,2199109.2500,0,0,-1.0950,0.4322
62.4907,-1.8043,-0.0024,0.5338,2199109.2500,0,0,-1.1092,0.4296
62.5008,-1.8444,0.1124,0.5338,2199109.2500,0,0,-1.1236,0.4270
62.5104,-1.7598,0.0913,0.5338,2199109.2500,0,0,-1.1336,0.4275
62.5204,-1.9136,0.1130,0.5338,2199109.2500,0,0,-1.1463,0.4282
62.5305,-1.7833,0.4764,0.5338,2199109.2500,0,0,-1.1559,0.4287
62.5408,-1.6740,0.4450,0.5338,2199109.2500,0,0,-1.1631,0.4290
62.5508,-1.8252,0.3240,0.5338,2199109.2500,0,0,-1.1729,0.4295
62.5605,-1.9512,0.3689,0.5338,2199109.2500,0,0,-1.1846,0.4301
62.5705,-1.9654,0.1342,0.5338,2199109.2500,0,0,-1.1962,0.4306
62.5805,-2.0490,-0.0353,0.5338,2199109.2500,0,0,-1.2075,0.4345
62.5913,-1.9985,-0.0451,0.5338,2199109.2500,0,0,-1.2176,0.4379
62.6008,-1.9459,0.0620,0.5338,2199109.2500,0,0,-1.2264,0.4409
62.6104,-1.8161,0.3884,0.5338,2199109.2500,0,0,-1.2328,0.4431
62.6204,-1.8903,0.5182,0.5338,2199109.2500,0,0,-1.2402,0.4456
62.6305,-2.2537,0.5193,0.5338,2199109.2500,0,0,-1.2532,0.4498
62.6408,-1.9967,0.4959,0.5338,2199109.2500,0,0,-1.2617,0.4526
62.6514,-1.8974,0.3994,0.5338,2199109.2500,0,0,-1.2681,0.4574
62.6605,-1.9056,0.3803,0.5338,2199109.2500,0,0,-1.2743,0.4620
62.6705,-1.7556,0.0301,0.5338,2199109.2500,0,0,-1.2784,0.4650
62.6805,-1.7586,-0.3122,0.5338,2199109.2500,0,0,-1.2825,0.4680
62.6908,-1.7176,-0.2074,0.5338,2199109.2500,0,0,-1.2858,0.4704
62.7008,-2.1026,-0.0188,0.5338,2199109.2500,0,0,-1.2940,0.4763
62.7105,-2.1499,0.4263,0.5338,2199109.2500,0,0,-1.3025,0.4824
62.7204,-1.7193,0.6881,0.5338,2199109.2500,0,0,-1.3054,0.4844
62.7305,-1.7905,0.4991,0.5338,2199109.2500,0,0,-1.3093,0.4902
62.7408,-2.0378,0.5976,0.5338,2199109.2500,0,0,-1.3153,0.4990
62.7508,-2.1139,0.3717,0.5338,2199109.2500,0,0,-1.3218,0.5084
62.7604,-2.2901,0.0453,0.5338,2199109.2500,0,0,-1.3296,0.5198
62.7704,-2.3205,-0.1365,0.5338,2199109.2500,0,0,-1.3375,0.5312
62.7805,-2.3353,-0.0560,0.5338,2199109.2500,0,0,-1.3453,0.5423
62.7913,-2.2146,0.1526,0.5338,2199109.2500,0,0,-1.3519,0.5515
62.8008,-2.0516,0.0887,0.5338,2199109.2500,0,0,-1.3552,0.5641
62.8105,-2.1620,0.2247,0.5338,2199109.2500,0,0,-1.3590,0.5780
62.8205,-2.0421,0.5384,0.5338,2199109.2500,0,0,-1.3621,0.5895
62.8305,-1.9099,0.2883,0.5338,2199109.2500,0,0,-1.3646,0.5986
62.8409,-2.0431,-0.0365,0.5338,2199109.2500,0,0,-1.3676,0.6095
62.8514,-1.9796,0.0430,0.5338,2199109.2500,0,0,-1.3702,0.6190
62.8604,-2.0469,0.0648,0.5338,2199109.2500,0,0,-1.3730,0.6291
62.8705,-2.0158,-0.1361,0.5338,2199109.2500,0,0,-1.3756,0.6385
62.8805,-1.6017,-0.3354,0.5338,2199109.2500,0,0,-1.3751,0.6471
62.8908,-1.6931,0.0255,0.5338,2199109.2500,0,0,-1.3746,0.6569
62.9008,-1.5722,0.4158,0.5338,2199109.2500,0,0,-1.3742,0.6644
62.9105,-1.3618,0.1036,0.5338,2199109.2500,0,0,-1.3740,0.6681
62.9204,-1.4462,0.2026,0.5338,2199109.2500,0,0,-1.3737,0.6731
62.9304,-1.5221,0.5668,0.5338,2199109.2500,0,0,-1.3734,0.6792
62.9408,-1.3341,0.0851,0.5338,2199109.2500,0,0,-1.3733,0.6820
62.9508,-1.1314,-0.3218,0.5338,2199109.2500,0,0,-1.3714,0.6874
62.9605,-1.2138,-0.1368,0.5338,2199109.2500,0,0,-1.3692,0.6939
62.9705,-1.4800,-0.0446,0.5338,2199112.5000,0,0,-1.3655,0.7047
62.9805,-1.4898,-0.3030,0.5338,2199112.5000,0,0,-1.3768,0.6512
62.9912,-1.4466,-0.0570,0.5338,2199112.5000,0,0,-1.3870,0.6028
63.0008,-1.5881,0.4599,0.5338,2199112.5000,0,0,-1.3973,0.5543
63.0105,-1.2972,0.4990,0.5338,2199112.5000,0,0,-1.4054,0.5164
63.0205,-0.9380,-0.0228,0.5338,2199112.5000,0,0,-1.4111,0.4897
63.0304,-1.0294,0.1037,0.5338,2199112.5000,0,0,-1.4192,0.4708
63.0409,-1.0760,0.3888,0.5338,2199112.5000,0,0,-1.4274,0.4520
63.0514,-1.1267,-0.1952,0.5338,2199112.5000,0,0,-1.4356,0.4333
63.0605,-1.1517,-0.4423,0.5338,2199112.5000,0,0,-1.4436,0.4153
63.0705,-1.2812,0.1081,0.5338,2199112.5000,0,0,-1.4525,0.3955
63.0805,-1.5951,0.1165,0.5338,2199112.5000,0,0,-1.4640,0.3704
63.0908,-1.2938,-0.2918,0.5338,2199112.5000,0,0,-1.4721,0.3529
63.1008,-1.4466,-0.1929,0.5338,2199112.5000,0,0,-1.4807,0.3414
63.1105,-1.4993,0.4296,0.5338,2199112.5000,0,0,-1.4896,0.3295
63.1205,-1.2958,0.5071,0.5338,2199112.5000,0,0,-1.4953,0.3220
63.1304,-1.1963,0.0389,0.5338,2199112.5000,0,0,-1.4993,0.3168
63.1408,-1.3428,0.0138,0.5338,2199112.5000,0,0,-1.5051,0.3093
63.1508,-1.4752,-0.0286,0.5338,2199112.5000,0,0,-1.5125,0.2999
63.1604,-1.5559,-0.4544,0.5338,2199112.5000,0,0,-1.5206,0.2897
63.1705,-1.3008,-0.5830,0.5338,2199112.5000,0,0,-1.5250,0.2842
63.1804,-1.5405,-0.0395,0.5338,2199112.5000,0,0,-1.5287,0.2812
63.1913,-1.5996,0.4299,0.5338,2199112.5000,0,0,-1.5333,0.2775
63.2008,-1.1988,0.1331,0.5338,2199112.5000,0,0,-1.5308,0.2795
63.2105,-1.0865,0.1434,0.5338,2199112.5000,0,0,-1.5266,0.2829
63.2205,-1.0785,0.2861,0.5338,2199112.5000,0,0,-1.5223,0.2864
63.2304,-1.0538,-0.0034,0.5338,2199112.5000,0,0,-1.5178,0.2901
63.2409,-0.9207,-0.2105,0.5338,2199112.5000,0,0,-1.5113,0.2954
63.2514,-0.8933,-0.3022,0.5338,2199112.5000,0,0,-1.4970,0.3031
63.2604,-1.0800,-0.2671,0.5338,2199112.5000,0,0,-1.4869,0.3085
63.2705,-1.1097,-0.0041,0.5338,2199112.5000,0,0,-1.4779,0.3134
63.2805,-0.7808,0.2097,0.5338,2199112.5000,0,0,-1.4628,0.3217
63.2907,-0.7735,0.3145,0.5338,2199112.5000,0,0,-1.4481,0.3299
63.3009,-0.9202,0.3186,0.5338,2199112.5000,0,0,-1.4368,0.3362
63.3105,-0.5716,0.1574,0.5338,2199112.5000,0,0,-1.4193,0.3462
63.3204,-0.6568,-0.0315,0.5338,2199112.5000,0,0,-1.4041,0.3549
63.3304,-0.7739,-0.2105,0.5338,2199112.5000,0,0,-1.3853,0.3614
63.3407,-0.5867,-0.2415,0.5338,2199112.5000,0,0,-1.3633,0.3692
63.3507,-0.4388,-0.2500,0.5338,2199112.5000,0,0,-1.3393,0.3779
63.3604,-0.1041,-0.3111,0.5338,2199112.5000,0,0,-1.3093,0.3889
63.3704,-0.0731,-0.4579,0.5338,2199112.5000,0,0,-1.2800,0.3998
63.3804,-0.3875,0.1076,0.5338,2199112.5000,0,0,-1.2583,0.4081
63.3913,-0.3146,0.5214,0.5338,2199112.5000,0,0,-1.2359,0.4166
63.4008,0.0104,0.1935,0.5338,2199112.5000,0,0,-1.2035,0.4222
63.4105,0.1262,0.1353,0.5338,2199112.5000,0,0,-1.1700,0.4281
63.4205,0.3610,0.2928,0.5338,2199112.5000,0,0,-1.1332,0.4346
63.4304,0.3918,0.0124,0.5338,2199112.5000,0,0,-1.0972,0.4411
63.4409,0.5224,-0.2489,0.5338,2199112.5000,0,0,-1.0601,0.4478
63.4514,0.4603,-0.0183,0.5338,2199112.5000,0,0,-1.0257,0.4542
63.4604,0.2900,0.3145,0.5338,2199112.5000,0,0,-0.9959,0.4598
63.4704,0.4531,-0.0278,0.5338,2199112.5000,0,0,-0.9628,0.4581
63.4804,0.7499,-0.2047,0.5338,2199112.5000,0,0,-0.9254,0.4562
63.4908,0.6302,0.4906,0.5338,2199112.5000,0,0,-0.8916,0.4545
63.5008,0.8297,0.6271,0.5338,2199112.5000,0,0,-0.8554,0.4526
63.5105,1.1186,0.1103,0.5338,2199112.5000,0,0,-0.8152,0.4506
63.5205,1.0624,0.2225,0.5338,2199112.5000,0,0,-0.7776,0.4488
63.5305,1.0111,0.2751,0.5338,2199112.5000,0,0,-0.7421,0.4471
63.5408,1.0406,-0.2690,0.5338,2199112.5000,0,0,-0.7074,0.4454
63.5508,1.1331,-0.3024,0.5338,2199112.5000,0,0,-0.6743,0.4336
63.5605,1.0928,0.1109,0.5338,2199112.5000,0,0,-0.6429,0.4225
63.5704,1.0756,0.3655,0.5338,2199112.5000,0,0,-0.6129,0.4119
63.5805,1.3599,0.2668,0.5338,2199112.5000,0,0,-0.5794,0.4003
63.5913,1.1234,0.3824,0.5338,2199112.5000,0,0,-0.5507,0.3904
63.6008,1.2083,0.8834,0.5338,2199112.5000,0,0,-0.5215,0.3804
63.6105,1.4738,0.6585,0.5338,2199112.5000,0,0,-0.4893,0.3695
63.6204,1.4442,0.2406,0.5338,2199112.5000,0,0,-0.4633,0.3492
63.6305,1.3987,0.4302,0.5338,2199112.5000,0,0,-0.4387,0.3302
63.6408,1.3895,0.2045,0.5338,2199112.5000,0,0,-0.4150,0.3120
63.6514,1.5336,-0.2391,0.5338,2199112.5000,0,0,-0.3902,0.2932
63.6606,1.7025,-0.1594,0.5338,2199112.5000,0,0,-0.3641,0.2735
63.6705,1.4060,0.3218,0.5338,2199112.5000,0,0,-0.3424,0.2572
63.6805,1.2872,0.4411,0.5338,2199112.5000,0,0,-0.3228,0.2427
63.6908,1.5388,0.1445,0.5338,2199112.5000,0,0,-0.3008,0.2264
63.7008,1.4724,0.4539,0.5338,2199112.5000,0,0,-0.2861,0.2039
63.7105,1.4624,0.6817,0.5338,2199112.5000,0,0,-0.2720,0.1823
63.7205,1.9804,0.1716,0.5338,2199112.5000,0,0,-0.2539,0.1547
63.7304,1.9490,0.1898,0.5338,2199112.5000,0,0,-0.2365,0.1286
63.7408,1.8276,0.5042,0.5338,2199112.5000,0,0,-0.2207,0.1049
63.7508,1.6790,0.2444,0.5338,2199112.5000,0,0,-0.2066,0.0839
63.7604,1.5639,0.0711,0.5338,2199112.5000,0,0,-0.1939,0.0650
63.7705,1.5386,0.0889,0.5338,2199112.5000,0,0,-0.1880,0.0421
63.7805,1.3775,0.0840,0.5338,2199112.5000,0,0,-0.1830,0.0226
63.7914,1.5414,0.2520,0.5338,2199112.5000,0,0,-0.1775,0.0012
63.8008,1.7548,0.3674,0.5338,2199112.5000,0,0,-0.1712,-0.0228
63.8105,1.5286,0.6649,0.5338,2199112.5000,0,0,-0.1661,-0.0425
63.8205,1.4357,0.8311,0.5338,2199112.5000,0,0,-0.1615,-0.0602
63.8304,2.1065,0.6365,0.5338,2199112.5000,0,0,-0.1544,-0.0873
63.8409,2.5283,0.3648,0.5338,2199112.5000,0,0,-0.1458,-0.1197
63.8514,2.4603,0.0099,0.5338,2199112.5000,0,0,-0.1477,-0.1551
63.8605,2.4282,0.0154,0.5338,2199112.5000,0,0,-0.1495,-0.1887
63.8705,2.0700,0.2275,0.5338,2199112.5000,0,0,-0.1509,-0.2152
63.8805,2.0269,0.1607,0.5338,2199112.5000,0,0,-0.1522,-0.2400
63.8908,1.7332,0.2649,0.5338,2199112.5000,0,0,-0.1533,-0.2592
63.9008,1.6658,0.9018,0.5338,2199112.5000,0,0,-0.1542,-0.2766
63.9105,1.8183,0.7125,0.5338,2199112.5000,0,0,-0.1552,-0.2959
63.9205,1.8372,0.2498,0.5338,2199112.5000,0,0,-0.1619,-0.3160
63.9305,1.3361,0.5770,0.5338,2199112.5000,0,0,-0.1655,-0.3267
63.9408,1.1407,0.7156,0.5338,2199112.5000,0,0,-0.1679,-0.3338
63.9508,1.0772,0.3442,0.5338,2199112.5000,0,0,-0.1698,-0.3395
63.9605,1.2073,0.3903,0.5338,2199112.5000,0,0,-0.1724,-0.3472
63.9704,1.3566,0.5541,0.5338,2199109.2500,0,0,-0.1757,-0.3571
63.9804,1.3472,0.3501,0.5338,2199109.2500,0,0,-0.1623,-0.3196
63.9913,1.3739,0.0401,0.5338,2199109.2500,0,0,-0.1438,-0.2848
64.0008,1.0829,0.3059,0.5338,2199109.2500,0,0,-0.1306,-0.2602
64.0105,0.7831,0.8428,0.5338,2199109.2500,0,0,-0.1223,-0.2448
64.0204,0.7326,0.6100,0.5338,2199109.2500,0,0,-0.1151,-0.2318
64.0304,0.7073,0.5705,0.5338,2199109.2500,0,0,-0.1087,-0.2203
64.0409,0.9173,0.9164,0.5338,2199109.2500,0,0,-0.1000,-0.2049
64.0514,1.0349,0.5586,0.5338,2199109.2500,0,0,-0.0903,-0.1880
64.0604,1.1639,0.0802,0.5338,2199109.2500,0,0,-0.0795,-0.1694
64.0705,0.9660,0.1167,0.5338,2199109.2500,0,0,-0.0691,-0.1574
64.0804,0.5983,0.4061,0.5338,2199109.2500,0,0,-0.0652,-0.1529
64.0908,0.5029,0.3848,0.5338,2199109.2500,0,0,-0.0629,-0.1504
64.1008,0.7765,0.1638,0.5338,2199109.2500,0,0,-0.0565,-0.1433
64.1105,0.5718,0.6988,0.5338,2199109.2500,0,0,-0.0536,-0.1401
64.1205,0.6533,0.9291,0.5338,2199109.2500,0,0,-0.0496,-0.1357
64.1305,0.9574,0.2952,0.5338,2199109.2500,0,0,-0.0411,-0.1266
64.1408,1.0222,0.2236,0.5338,2199109.2500,0,0,-0.0302,-0.1190
64.1507,0.8700,0.4584,0.5338,2199109.2500,0,0,-0.0226,-0.1136
64.1605,0.6617,0.1677,0.5338,2199109.2500,0,0,-0.0190,-0.1112
64.1705,0.7433,0.0390,0.5338,2199109.2500,0,0,-0.0141,-0.1077
64.1805,0.6747,0.0251,0.5338,2199109.2500,0,0,-0.0106,-0.1053
64.1913,0.4573,0.1055,0.5338,2199109.2500,0,0,-0.0111,-0.1057
64.2008,0.5572,0.4122,0.5338,2199109.2500,0,0,-0.0098,-0.1048
64.2105,0.9326,0.7247,0.5338,2199109.2500,0,0,-0.0019,-0.0994
64.2205,1.0364,0.7052,0.5338,2199109.2500,0,0,0.0082,-0.0951
64.2305,0.8761,0.6172,0.5338,2199109.2500,0,0,0.0148,-0.0923
64.2408,1.0034,0.4410,0.5338,2199109.2500,0,0,0.0236,-0.0885
64.2514,0.9358,0.0686,0.5338,2199109.2500,0,0,0.0308,-0.0854
64.2604,1.0397,-0.1351,0.5338,2199109.2500,0,0,0.0396,-0.0815
64.2705,0.9533,0.0891,0.5338,2199109.2500,0,0,0.0465,-0.0784
64.2805,0.8188,0.4728,0.5338,2199109.2500,0,0,0.0505,-0.0765
64.2908,1.0342,0.3519,0.5338,2199109.2500,0,0,0.0584,-0.0748
64.3008,0.8916,0.2871,0.5338,2199109.2500,0,0,0.0633,-0.0738
64.3105,0.8302,0.8576,0.5338,2199109.2500,0,0,0.0667,-0.0730
64.3205,0.9317,0.7750,0.5338,2199109.2500,0,0,0.0720,-0.0718
64.3304,0.9804,0.0739,0.5338,2199109.2500,0,0,0.0780,-0.0704
64.3408,0.8080,-0.0315,0.5338,2199109.2500,0,0,0.0805,-0.0698
64.3508,0.4958,0.1600,0.5338,2199109.2500,0,0,0.0772,-0.0706
64.3604,0.2624,0.0430,0.5338,2199109.2500,0,0,0.0697,-0.0724
64.3705,0.4765,-0.1242,0.5338,2199109.2500,0,0,0.0661,-0.0723
64.3805,0.4201,0.3672,0.5338,2199109.2500,0,0,0.0616,-0.0722
64.3912,0.2869,0.9194,0.5338,2199109.2500,0,0,0.0550,-0.0720
64.4008,0.4672,0.6434,0.5338,2199109.2500,0,0,0.0517,-0.0719
64.4105,0.3824,0.3691,0.5338,2199109.2500,0,0,0.0470,-0.0718
64.4204,0.1211,0.5757,0.5338,2199109.2500,0,0,0.0381,-0.0715
64.4305,0.0148,0.3033,0.5338,2199109.2500,0,0,0.0276,-0.0713
64.4408,0.0034,-0.2701,0.5338,2199109.2500,0,0,0.0178,-0.0677
64.4514,0.0428,-0.0708,0.5338,2199109.2500,0,0,0.0090,-0.0646
64.4605,-0.2835,0.3732,0.5338,2199109.2500,0,0,-0.0047,-0.0598
64.4705,-0.3844,0.2756,0.5338,2199109.2500,0,0,-0.0194,-0.0546
64.4805,-0.1036,0.1133,0.5338,2199109.2500,0,0,-0.0293,-0.0512
64.4907,-0.4008,0.4060,0.5338,2199109.2500,0,0,-0.0435,-0.0463
64.5008,-0.3886,0.7243,0.5338,2199109.2500,0,0,-0.0570,-0.0417
64.5105,-0.2519,0.1750,0.5338,2199109.2500,0,0,-0.0680,-0.0380
64.5205,-0.4517,-0.0658,0.5338,2199109.2500,0,0,-0.0798,-0.0284
64.5304,-0.7570,0.1234,0.5338,2199109.2500,0,0,-0.0950,-0.0162
64.5407,-1.1584,-0.0002,0.5338,2199109.2500,0,0,-0.1147,-0.0005
64.5508,-1.0385,-0.1675,0.5338,2199109.2500,0,0,-0.1324,0.0135
64.5605,-1.0719,0.0680,0.5338,2199109.2500,0,0,-0.1499,0.0272
64.5705,-1.3592,0.4833,0.5338,2199109.2500,0,0,-0.1704,0.0432
64.5805,-1.2998,0.7578,0.5338,2199109.2500,0,0,-0.1895,0.0580
64.5913,-0.9527,0.4221,0.5338,2199109.2500,0,0,-0.2002,0.0751
64.6008,-1.0874,0.2682,0.5338,2199109.2500,0,0,-0.2118,0.0934
64.6104,-1.3953,0.1129,0.5338,2199109.2500,0,0,-0.2257,0.1153
64.6204,-1.4480,-0.1399,0.5338,2199109.2500,0,0,-0.2397,0.1370
64.6304,-1.6234,-0.0734,0.5338,2199109.2500,0,0,-0.2547,0.1603
64.6409,-1.5828,0.0505,0.5338,2199109.2500,0,0,-0.2689,0.1823
64.6514,-1.7360,-0.0044,0.5338,2199109.2500,0,0,-0.2840,0.2054
64.6605,-1.5287,0.0043,0.5338,2199109.2500,0,0,-0.2970,0.2251
64.6705,-1.5220,0.1173,0.5338,2199109.2500,0,0,-0.3036,0.2507
64.6804,-1.8417,0.2008,0.5338,2199109.2500,0,0,-0.3114,0.2806
64.6908,-1.5025,0.1861,0.5338,2199109.2500,0,0,-0.3175,0.3039
64.7008,-1.3928,-0.0663,0.5338,2199109.2500,0,0,-0.3229,0.3247
64.7104,-1.4687,0.0424,0.5338,2199109.2500,0,0,-0.3285,0.3459
64.7205,-1.6493,-0.1032,0.5338,2199109.2500,0,0,-0.3347,0.3692
64.7305,-1.7916,-0.3661,0.5338,2199109.2500,0,0,-0.3413,0.3940
64.7407,-1.8868,-0.4242,0.5338,2199109.2500,0,0,-0.3405,0.4253
64.7508,-2.1116,-0.4637,0.5338,2199109.2500,0,0,-0.3397,0.4595
64.7604,-2.1683,-0.4611,0.5338,2199109.2500,0,0,-0.3388,0.4935
64.7705,-1.9857,-0.1428,0.5338,2199109.2500,0,0,-0.3381,0.5232
64.7805,-1.8530,0.0037,0.5338,2199109.2500,0,0,-0.3375,0.5494
64.7913,-2.1536,0.1111,0.5338,2199109.2500,0,0,-0.3367,0.5800
64.8008,-1.9669,0.1012,0.5338,2199109.2500,0,0,-0.3361,0.6063
64.8105,-1.9151,-0.0353,0.5338,2199109.2500,0,0,-0.3355,0.6309
64.8205,-2.1715,-0.1478,0.5338,2199109.2500,0,0,-0.3263,0.6632
64.8304,-2.1527,-0.0796,0.5338,2199109.2500,0,0,-0.3176,0.6940
64.8408,-2.1631,-0.2201,0.5338,2199109.2500,0,0,-0.3091,0.7238
64.8513,-2.1276,-0.1468,0.5338,2199109.2500,0,0,-0.3011,0.7520
64.8605,-2.1901,-0.3208,0.5338,2199109.2500,0,0,-0.2930,0.7803
64.8705,-2.1130,-0.4286,0.5794,0.0000,1,1,-0.2698,0.8089
64.8804,-2.0845,-0.2420,0.5794,0.0000,1,1,-0.2467,0.8357
64.8908,-2.4715,-0.1422,0.5794,0.0000,1,1,-0.2180,0.8671
64.9008,-2.4000,0.1840,0.5794,0.0000,1,1,-0.1901,0.8959
64.9105,-2.0696,0.2347,0.5794,0.0000,1,1,-0.1668,0.9185
64.9205,-1.9996,0.1511,0.5794,0.0000,1,1,-0.1443,0.9390
64.9305,-2.0971,0.1217,0.5794,0.0000,1,1,-0.1201,0.9596
64.9408,-1.9105,-0.2235,0.5794,0.0000,1,1,-0.0987,0.9768
64.9508,-2.0935,-0.3415,0.5794,0.0000,1,1,-0.0742,0.9949
64.9604,-2.2016,-0.1211,0.5794,0.0000,1,1,-0.0480,1.0130
64.9704,-2.1746,-0.3581,0.5794,0.0000,1,1,-0.0221,1.0295
64.9805,-1.9109,-0.4240,0.5794,0.0000,1,1,-0.0003,1.0422
64.9913,-1.8271,-0.1298,0.5794,0.0000,1,1,0.0204,1.0531
65.0008,-2.0417,0.0868,0.5794,0.0000,1,1,0.0446,1.0647
65.0105,-1.7692,0.1000,0.5794,0.0000,1,1,0.0645,1.0732
65.0204,-1.5885,0.0415,0.5794,0.0000,1,1,0.0816,1.0796
65.0304,-1.6948,0.0152,0.5794,0.0000,1,1,0.1006,1.0858
65.0409,-1.6189,-0.0716,0.5794,0.0000,1,1,0.1185,1.0906
65.0514,-1.5098,-0.3532,0.5794,0.0000,1,1,0.1349,1.0941
65.0604,-1.5679,-0.2144,0.5794,0.0000,1,1,0.1522,1.0969
65.0705,-1.7195,-0.2560,0.5794,0.0000,1,1,0.1721,1.0990
65.0805,-1.6835,-0.4884,0.5794,0.0000,1,1,0.1914,1.1000
65.0908,-1.4349,-0.2850,0.5794,0.0000,1,1,0.2069,1.0999
65.1008,-1.4679,0.0799,0.5794,0.0000,1,1,0.2229,1.0989
65.1105,-1.5775,0.2567,0.5794,0.0000,1,1,0.2407,1.0966
65.1204,-1.1532,0.3025,0.5794,0.0000,1,1,0.2520,1.0945
65.1305,-1.1874,0.2563,0.5794,0.0000,1,1,0.2640,1.0914
65.1408,-1.2155,0.2088,0.5794,0.0000,1,1,0.2765,1.0873
65.1507,-1.1625,-0.1763,0.5794,0.0000,1,1,0.2883,1.0826
65.1605,-1.1927,-0.5726,0.5794,0.0000,1,1,0.3006,1.0768
65.1705,-1.3713,-0.2922,0.5794,0.0000,1,1,0.3152,1.0687
65.1804,-1.6250,-0.0808,0.5794,0.0000,1,1,0.3331,1.0572
65.1913,-1.5295,-0.2234,0.5794,0.0000,1,1,0.3493,1.0452
65.2008,-1.2366,-0.0718,0.5794,0.0000,1,1,0.3614,1.0351
65.2104,-1.4884,0.2878,0.5794,0.0000,1,1,0.3763,1.0211
65.2205,-1.1595,0.1590,0.5794,0.0000,1,1,0.3870,1.0098
65.2305,-0.9288,-0.3407,0.5794,0.0000,1,1,0.3948,1.0005
65.2409,-1.0322,-0.2396,0.5794,0.0000,1,1,0.4036,0.9889
65.2514,-1.2843,-0.1538,0.5794,0.0000,1,1,0.4146,0.9723
65.2604,-1.2689,-0.5511,0.5794,0.0000,1,1,0.4249,0.9551
65.2704,-1.1960,-0.4844,0.5794,0.0000,1,1,0.4339,0.9380
65.2804,-1.2859,-0.0815,0.5794,0.0000,1,1,0.4432,0.9184
65.2908,-1.3944,-0.1196,0.5794,0.0000,1,1,0.4526,0.8958
65.3008,-0.9661,-0.4621,0.5794,0.0000,1,1,0.4583,0.8803
65.3105,-1.1165,-0.2091,0.5794,0.0000,1,1,0.4643,0.8610
65.3204,-1.1533,0.2293,0.5794,0.0000,1,1,0.4700,0.8401
65.3304,-0.9185,-0.1299,0.5794,0.0000,1,1,0.4738,0.8234
65.3407,-0.8019,-0.3790,0.5794,0.0000,1,1,0.4766,0.8085
65.3508,-0.8275,-0.2226,0.5794,0.0000,1,1,0.4790,0.7923
65.3604,-0.9962,-0.5161,0.5794,0.0000,1,1,0.4813,0.7717
65.3705,-0.9689,-0.8676,0.5794,0.0000,1,1,0.4829,0.7512
65.3805,-0.8961,-0.5845,0.5794,0.0000,1,1,0.4837,0.7319
65.3913,-1.1690,-0.2093,0.5794,0.0000,1,1,0.4839,0.7056
65.4009,-1.0789,0.0828,0.5794,0.0000,1,1,0.4833,0.6813
65.4105,-0.6364,0.0065,0.5794,0.0000,1,1,0.4826,0.6676
65.4205,-0.7466,0.0882,0.5794,0.0000,1,1,0.4811,0.6507
65.4305,-0.6519,0.0369,0.5794,0.0000,1,1,0.4794,0.6360
65.4408,-0.5546,-0.6685,0.5794,0.0000,1,1,0.4776,0.6234
65.4514,-0.5322,-0.8469,0.5794,0.0000,1,1,0.4753,0.6109
65.4604,-0.6546,-0.3411,0.5794,0.0000,1,1,0.4721,0.5953
65.4704,-0.8266,-0.2047,0.5794,0.0000,1,1,0.4674,0.5752
65.4804,-0.5121,-0.3367,0.5794,0.0000,1,1,0.4642,0.5631
65.4908,-0.3446,-0.1300,0.5794,0.0000,1,1,0.4619,0.5551
65.5008,-0.5472,0.1697,0.5794,0.0000,1,1,0.4576,0.5418
65.5105,-0.2184,0.1536,0.5794,0.0000,1,1,0.4558,0.5365
65.5205,-0.0033,-0.1300,0.5794,0.0000,1,1,0.4557,0.5363
65.5305,-0.0318,-0.0469,0.5794,0.0000,1,1,0.4551,0.5349
65.5408,-0.1630,-0.2289,0.5794,0.0000,1,1,0.4529,0.5299
65.5508,-0.1339,-0.5059,0.5794,0.0000,1,1,0.4507,0.5254
65.5605,-0.0476,-0.3257,0.5794,0.0000,1,1,0.4494,0.5227
65.5704,-0.0991,-0.1387,0.5794,0.0000,1,1,0.4471,0.5186
65.5805,-0.3167,0.1464,0.5794,0.0000,1,1,0.4418,0.5093
65.5913,0.1609,0.3224,0.5794,0.0000,1,1,0.4427,0.5108
65.6008,0.2165,0.1670,0.5794,0.0000,1,1,0.4442,0.5131
65.6105,0.1999,0.0646,0.5794,0.0000,1,1,0.4452,0.5146
65.6204,0.1794,-0.1441,0.5794,0.0000,1,1,0.4457,0.5153
65.6305,0.2899,-0.3519,0.5794,0.0000,1,1,0.4477,0.5180
65.6409,0.1914,0.0339,0.5794,0.0000,1,1,0.4479,0.5183
65.6514,-0.0098,0.2549,0.5794,0.0000,1,1,0.4446,0.5142
65.6605,0.2264,0.0886,0.5794,0.0000,1,1,0.4452,0.5148
65.6705,0.6651,0.1055,0.5794,0.0000,1,1,0.4530,0.5239
65.6804,0.5756,0.3228,0.5794,0.0000,1,1,0.4590,0.5306
65.6907,0.7239,0.4065,0.5794,0.0000,1,1,0.4673,0.5394
65.7008,0.8315,0.1931,0.5794,0.0000,1,1,0.4772,0.5496
65.7105,0.7660,0.1886,0.5794,0.0000,1,1,0.4855,0.5578
65.7205,0.4842,0.1455,0.5794,0.0000,1,1,0.4883,0.5604
65.7305,0.3890,-0.0166,0.5794,0.0000,1,1,0.4891,0.5612
65.7407,0.5849,0.2008,0.5794,0.0000,1,1,0.4936,0.5650
65.7508,0.4251,0.7950,0.5794,0.0000,1,1,0.4948,0.5660
65.7605,0.4908,0.9068,0.5794,0.0000,1,1,0.4972,0.5679
65.7705,1.0769,0.1741,0.5794,0.0000,1,1,0.5113,0.5786
65.7804,1.0738,0.1236,0.5794,0.0000,1,1,0.5250,0.5885
65.7912,0.7825,0.3891,0.5794,0.0000,1,1,0.5323,0.5936
65.8008,0.6644,0.1440,0.5794,0.0000,1,1,0.5370,0.5967
65.8105,0.6871,-0.1681,0.5794,0.0000,1,1,0.5420,0.5999
65.8205,0.8187,0.1587,0.5794,0.0000,1,1,0.5498,0.6046
65.8305,0.5814,0.5594,0.5794,0.0000,1,1,0.5523,0.6061
65.8409,0.8329,0.7489,0.5794,0.0000,1,1,0.5601,0.6106
65.8514,1.2788,0.4367,0.5794,0.0000,1,1,0.5774,0.6200
65.8604,1.2143,0.4626,0.5744,948558.5625,1,1,0.5927,0.6281
65.8705,1.1097,0.3342,0.5744,948558.5625,1,1,0.5994,0.6394
65.8804,0.9409,-0.1271,0.5744,948558.5625,1,1,0.6041,0.6473
65.8908,1.0172,0.1336,0.5744,948558.5625,1,1,0.6099,0.6557
65.9009,0.9777,0.3327,0.5744,948558.5625,1,1,0.6149,0.6631
65.9105,0.8081,0.3443,0.5744,948558.5625,1,1,0.6179,0.6670
65.9204,1.1842,0.4533,0.5744,948558.5625,1,1,0.6260,0.6764
65.9305,1.1674,0.4543,0.5744,948558.5625,1,1,0.6336,0.6853
65.9408,1.0125,0.5315,0.5744,948558.5625,1,1,0.6390,0.6909
65.9508,1.0619,0.4008,0.5744,948558.5625,1,1,0.6449,0.6972
65.9604,1.1302,0.0354,0.5744,948558.5625,1,1,0.6520,0.7039
65.9705,1.1929,0.0761,0.5744,948558.5625,1,1,0.6597,0.7113
65.9804,0.9447,0.0419,0.5744,948558.5625,1,1,0.6635,0.7146
65.9912,0.7578,0.1885,0.5744,948558.5625,1,1,0.6643,0.7152
66.0008,0.8999,0.5922,0.5744,948558.5625,1,1,0.6674,0.7176
66.0105,0.7753,0.7327,0.5744,948558.5625,1,1,0.6684,0.7183
66.0205,1.0029,0.6969,0.5744,948558.5625,1,1,0.6734,0.7219
66.0305,1.3343,0.3478,0.5744,948558.5625,1,1,0.6848,0.7291
66.0408,1.1992,0.2237,0.5744,948558.5625,1,1,0.6932,0.7346
66.0513,0.9535,0.3745,0.5744,948558.5625,1,1,0.6972,0.7369
66.0605,0.9592,0.0135,0.5744,948558.5625,1,1,0.7016,0.7392
66.0705,1.0863,-0.0723,0.5744,948558.5625,1,1,0.7083,0.7427
66.0805,1.0655,0.3996,0.5744,948558.5625,1,1,0.7148,0.7458
66.0908,0.7678,0.5921,0.5744,948558.5625,1,1,0.7153,0.7460
66.1008,1.0904,0.7154,0.5744,948558.5625,1,1,0.7226,0.7492
66.1105,1.0949,0.7865,0.5744,948558.5625,1,1,0.7305,0.7522
66.1205,0.9966,0.9235,0.5744,948558.5625,1,1,0.7360,0.7543
66.1305,1.0217,0.6572,0.5744,948558.5625,1,1,0.7425,0.7565
66.1408,1.1730,0.1439,0.5744,948558.5625,1,1,0.7518,0.7596
66.1508,1.1197,0.4063,0.5744,948558.5625,1,1,0.7604,0.7621
66.1604,0.8805,0.4789,0.5744,948558.5625,1,1,0.7639,0.7632
66.1705,0.8390,0.1273,0.5744,948558.5625,1,1,0.7673,0.7640
66.1804,0.9823,0.3615,0.5744,948558.5625,1,1,0.7741,0.7653
66.1912,0.6818,0.9678,0.5744,948558.5625,1,1,0.7748,0.7654
66.2008,0.6598,1.0622,0.5744,948558.5625,1,1,0.7759,0.7655
66.2105,0.9554,0.7056,0.5744,948558.5625,1,1,0.7827,0.7665
66.2205,1.0217,0.5152,0.5744,948558.5625,1,1,0.7913,0.7671
66.2304,0.8918,0.4688,0.5744,948558.5625,1,1,0.7971,0.7676
66.2409,0.8652,0.1309,0.5744,948558.5625,1,1,0.8032,0.7677
66.2514,0.8368,-0.0249,0.5744,948558.5625,1,1,0.8094,0.7674
66.2605,0.7148,0.3414,0.5744,948558.5625,1,1,0.8132,0.7672
66.2705,0.2696,0.5969,0.5744,948558.5625,1,1,0.8100,0.7676
66.2804,0.5859,0.6348,0.5744,948558.5625,1,1,0.8124,0.7673
66.2907,0.8483,0.5033,0.5744,948558.5625,1,1,0.8202,0.7658
66.3008,0.7387,0.6423,0.5744,948558.5625,1,1,0.8258,0.7648
66.3105,0.7784,0.5633,0.5744,948558.5625,1,1,0.8327,0.7629
66.3205,0.8919,-0.0916,0.5744,948558.5625,1,1,0.8420,0.7597
66.3305,0.7952,0.0220,0.5744,948558.5625,1,1,0.8495,0.7571
66.3407,0.5347,0.2537,0.5744,948558.5625,1,1,0.8536,0.7553
66.3508,0.2890,0.2192,0.5744,948558.5625,1,1,0.8539,0.7552
66.3605,0.5347,0.3764,0.5744,948558.5625,1,1,0.8586,0.7527
66.3705,0.4335,0.7812,0.5744,948558.5625,1,1,0.8625,0.7501
66.3804,0.3574,0.8922,0.5744,948558.5625,1,1,0.8653,0.7484
66.3908,0.5921,0.4248,0.5744,948558.5625,1,1,0.8717,0.7435
66.4008,0.5545,0.0889,0.5744,948558.5625,1,1,0.8774,0.7392
66.4104,0.3884,0.2720,0.5744,948558.5625,1,1,0.8815,0.7356
66.4205,0.2145,0.2666,0.5744,948558.5625,1,1,0.8834,0.7338
66.4305,0.2429,0.1319,0.5744,948558.5625,1,1,0.8862,0.7309
66.4409,0.2507,0.3948,0.5744,948558.5625,1,1,0.8895,0.7268
66.4515,-0.1142,0.6654,0.5744,948558.5625,1,1,0.8891,0.7272
66.4604,-0.0571,0.7405,0.5744,948558.5625,1,1,0.8899,0.7260
66.4705,0.3089,0.5568,0.5744,948558.5625,1,1,0.8939,0.7202
66.4804,0.3252,0.5800,0.5744,948558.5625,1,1,0.8980,0.7129
66.4908,0.2257,0.5525,0.5744,948558.5625,1,1,0.9012,0.7072
66.5008,0.0739,0.2515,0.5744,948558.5625,1,1,0.9034,0.7025
66.5105,0.0457,0.0684,0.5744,948558.5625,1,1,0.9053,0.6969
66.5205,-0.1319,0.1894,0.5744,948558.5625,1,1,0.9063,0.6943
66.5305,-0.4212,0.2745,0.5744,948558.5625,1,1,0.9061,0.6949
66.5407,-0.0675,0.3641,0.5744,948558.5625,1,1,0.9075,0.6902
66.5508,0.0758,0.5862,0.5744,948558.5625,1,1,0.9090,0.6819
66.5604,-0.0949,0.7924,0.5744,948558.5625,1,1,0.9098,0.6753
66.5705,-0.0329,0.4831,0.5744,948558.5625,1,1,0.9107,0.6679
66.5805,-0.0132,-0.0421,0.5744,948558.5625,1,1,0.9110,0.6591
66.5913,-0.1284,-0.0385,0.5744,948558.5625,1,1,0.9113,0.6524
66.6008,-0.5038,0.1108,0.5744,948558.5625,1,1,0.9112,0.6510
66.6104,-0.7209,0.0653,0.5744,948558.5625,1,1,0.9113,0.6533
66.6204,-0.3801,0.3597,0.5744,948558.5625,1,1,0.9108,0.6487
66.6305,-0.5629,0.6902,0.5744,948558.5625,1,1,0.9104,0.6463
66.6408,-0.6044,0.8126,0.5744,948558.5625,1,1,0.9102,0.6446
66.6514,-0.3243,0.2988,0.5744,948558.5625,1,1,0.9084,0.6372
66.6606,-0.3673,0.0239,0.5744,948558.5625,1,1,0.9068,0.6308
66.6705,-0.4883,0.0727,0.5744,948558.5625,1,1,0.9053,0.6257
66.6804,-0.6743,0.0217,0.5744,948558.5625,1,1,0.9047,0.6238
66.6908,-0.7143,0.0300,0.5744,948558.5625,1,1,0.9039,0.6218
66.7008,-0.6821,0.3038,0.5744,948558.5625,1,1,0.9024,0.6185
66.7105,-0.8924,0.2754,0.5744,948558.5625,1,1,0.9025,0.6187
66.7204,-0.8787,0.3460,0.5744,948558.5625,1,1,0.9021,0.6180
66.7304,-0.6016,0.3058,0.5744,948558.5625,1,1,0.8994,0.6129
66.7408,-0.7305,0.2536,0.5744,948558.5625,1,1,0.8973,0.6094
66.7508,-0.8961,0.1811,0.5744,948558.5625,1,1,0.8968,0.6085
66.7605,-0.9573,0.0274,0.5744,948558.5625,1,1,0.8964,0.6080
66.7705,-1.0519,-0.1430,0.5744,948558.5625,1,1,0.8967,0.6083
66.7805,-1.0282,-0.3707,0.5744,948558.5625,1,1,0.8967,0.6084
66.7912,-1.2171,-0.2803,0.5744,948558.5625,1,1,0.8986,0.6105
66.8008,-1.2920,0.2631,0.5744,948558.5625,1,1,0.9014,0.6136
66.8104,-1.1241,0.3141,0.5744,948558.5625,1,1,0.9018,0.6140
66.8204,-1.2623,0.1825,0.5744,948558.5625,1,1,0.9037,0.6157
66.8305,-1.3361,0.4085,0.5744,948558.5625,1,1,0.9066,0.6182
66.8409,-1.1600,0.0884,0.5744,948558.5625,1,1,0.9068,0.6184
66.8513,-1.1585,-0.4539,0.5744,948558.5625,1,1,0.9069,0.6185
66.8605,-1.1042,-0.6135,0.5744,948558.5625,1,1,0.9060,0.6179
66.8705,-1.3953,-0.3153,0.5744,948558.5625,1,1,0.9094,0.6201
66.8805,-1.5033,0.1639,0.5744,948558.5625,1,1,0.9144,0.6230
66.8908,-1.4548,0.1346,0.5744,948558.5625,1,1,0.9185,0.6250
66.9008,-1.6132,0.1613,0.5744,948558.5625,1,1,0.9250,0.6282
66.9105,-1.4979,0.5503,0.5744,948558.5625,1,1,0.9296,0.6300
66.9204,-1.3959,0.2113,0.5744,948558.5625,1,1,0.9324,0.6312
66.9305,-1.2104,-0.3971,0.5744,948558.5625,1,1,0.9322,0.6311
66.9408,-1.3065,-0.2507,0.5744,948558.5625,1,1,0.9336,0.6315
66.9508,-1.8169,0.2543,0.5744,948558.5625,1,1,0.9435,0.6339
66.9605,-1.9233,0.4313,0.5744,948558.5625,1,1,0.9553,0.6357
66.9705,-1.5350,0.2442,0.5744,948558.5625,1,1,0.9603,0.6364
66.9805,-1.5776,0.3963,0.5744,948558.5625,1,1,0.9661,0.6368
66.9913,-1.5242,0.5263,0.5744,948558.5625,1,1,0.9708,0.6371
67.0008,-1.3742,-0.0722,0.5744,948558.5625,1,1,0.9733,0.6371
67.0105,-1.3635,-0.3313,0.5744,948558.5625,1,1,0.9754,0.6370
67.0205,-1.6205,-0.1405,0.5744,948558.5625,1,1,0.9822,0.6363
67.0304,-1.8770,-0.1687,0.5744,948558.5625,1,1,0.9934,0.6341
67.0409,-1.7396,-0.1710,0.5744,948558.5625,1,1,1.0020,0.6324
67.0514,-1.5007,0.1719,0.5744,948558.5625,1,1,1.0070,0.6309
67.0604,-1.6055,0.4898,0.5744,948558.5625,1,1,1.0134,0.6290
67.0705,-1.4939,0.4429,0.5744,948558.5625,1,1,1.0184,0.6270
67.0805,-1.3376,0.0235,0.5744,948558.5625,1,1,1.0213,0.6255
67.0908,-1.4427,-0.1448,0.5744,948558.5625,1,1,1.0257,0.6233
67.1008,-1.5194,-0.3035,0.5744,948558.5625,1,1,1.0316,0.6195
67.1105,-1.7108,-0.3213,0.5744,948558.5625,1,1,1.0400,0.6141
67.1205,-1.5447,-0.0055,0.5744,948558.5625,1,1,1.0462,0.6093
67.1304,-1.4591,0.0667,0.5744,948558.5625,1,1,1.0511,0.6055
67.1407,-1.6190,0.3121,0.5744,948558.5625,1,1,1.0583,0.5988
67.1507,-1.5211,0.5480,0.5744,948558.5625,1,1,1.0643,0.5920
67.1604,-1.3212,0.2160,0.5744,948558.5625,1,1,1.0677,0.5882
67.1705,-1.3634,-0.1979,0.5744,948558.5625,1,1,1.0719,0.5827
67.1804,-1.4130,-0.3358,0.5744,948558.5625,1,1,1.0764,0.5767
67.1912,-1.5827,-0.2428,0.5744,948558.5625,1,1,1.0828,0.5665
67.2008,-1.5748,-0.2047,0.5744,948558.5625,1,1,1.0888,0.5568
67.2105,-1.4118,-0.2959,0.5744,948558.5625,1,1,1.0931,0.5484
67.2205,-1.5922,0.1196,0.5744,948558.5625,1,1,1.0988,0.5351
67.2305,-1.4832,0.5658,0.5744,948558.5625,1,1,1.1034,0.5243
67.2409,-1.2278,0.0691,0.5744,948558.5625,1,1,1.1058,0.5169
67.2514,-1.1590,-0.3284,0.5744,948558.5625,1,1,1.1078,0.5112
67.2605,-1.2298,-0.0811,0.5744,948558.5625,1,1,1.1100,0.5025
67.2705,-1.4540,-0.2275,0.5744,948558.5625,1,1,1.1129,0.4872
67.2805,-1.3726,-0.6069,0.5744,948558.5625,1,1,1.1153,0.4744
67.2908,-1.2247,-0.4426,0.5744,948558.5625,1,1,1.1167,0.4631
67.3008,-1.4670,-0.0098,0.5744,948558.5625,1,1,1.1186,0.4471
67.3105,-1.4020,0.2614,0.5744,948558.5625,1,1,1.1195,0.4308
67.3204,-0.9515,0.1532,0.5744,948558.5625,1,1,1.1198,0.4255
67.3304,-1.1957,0.2231,0.5744,948558.5625,1,1,1.1197,0.4127
67.3408,-1.1465,0.3985,0.5744,948558.5625,1,1,1.1189,0.3995
67.3508,-1.0320,-0.2275,0.5744,948558.5625,1,1,1.1182,0.3897
67.3605,-1.0496,-0.4715,0.5744,948558.5625,1,1,1.1168,0.3777
67.3705,-1.1205,-0.0922,0.5744,948558.5625,1,1,1.1152,0.3648
67.3804,-1.4145,-0.1327,0.5744,948558.5625,1,1,1.1113,0.3430
67.3908,-1.2773,-0.2679,0.5744,948558.5625,1,1,1.1082,0.3257
67.4008,-1.1549,-0.0921,0.5744,948558.5625,1,1,1.1045,0.3100
67.4105,-1.2470,0.3957,0.5744,948558.5625,1,1,1.0988,0.2905
67.4204,-1.0472,0.4862,0.5744,948558.5625,1,1,1.0948,0.2770
67.4304,-0.7459,0.0279,0.5744,948558.5625,1,1,1.0922,0.2694
67.4408,-0.9384,0.0798,0.5744,948558.5625,1,1,1.0881,0.2577
67.4514,-1.1061,0.0483,0.5744,948558.5625,1,1,1.0811,0.2407
67.4604,-1.2018,-0.5549,0.5744,948558.5625,1,1,1.0737,0.2224
67.4705,-0.9005,-0.5310,0.5744,948558.5625,1,1,1.0680,0.2102
67.4805,-1.1572,-0.0093,0.5744,948558.5625,1,1,1.0577,0.1909
67.4908,-1.1967,0.4259,0.5744,948558.5625,1,1,1.0477,0.1719
67.5009,-0.8972,0.3047,0.5744,948558.5625,1,1,1.0400,0.1590
67.5105,-0.7265,0.0085,0.5744,948558.5625,1,1,1.0350,0.1505
67.5204,-0.7500,0.2481,0.5744,948558.5625,1,1,1.0284,0.1406
67.5304,-0.7557,0.0153,0.5744,948558.5625,1,1,1.0204,0.1297
67.5407,-0.6666,-0.5976,0.5744,948558.5625,1,1,1.0142,0.1213
67.5508,-0.6085,-0.3329,0.5744,948558.5625,1,1,1.0078,0.1133
67.5605,-1.0744,0.0102,0.5744,948558.5625,1,1,0.9942,0.0964
67.5705,-1.0185,0.0456,0.5744,948558.5625,1,1,0.9802,0.0802
67.5804,-0.6161,-0.0406,0.5744,948558.5625,1,1,0.9737,0.0727
67.5908,-0.7396,0.1794,0.5744,948558.5625,1,1,0.9638,0.0620
67.6008,-0.5444,0.3765,0.5744,948558.5625,1,1,0.9564,0.0547
67.6104,-0.3734,-0.1341,0.5744,948558.5625,1,1,0.9526,0.0508
67.6204,-0.3389,-0.3645,0.5744,948558.5625,1,1,0.9483,0.0469
67.6304,-0.4326,0.0066,0.5744,948558.5625,1,1,0.9426,0.0415
67.6409,-0.6338,0.1108,0.5744,948558.5625,1,1,0.9318,0.0321
67.6515,-0.5973,-0.2743,0.5744,948558.5625,1,1,0.9207,0.0232
67.6606,-0.4510,-0.1362,0.5744,948558.5625,1,1,0.9131,0.0171
67.6704,-0.5349,0.4935,0.5744,948558.5625,1,1,0.9027,0.0094
67.6804,-0.1901,0.5332,0.5744,948558.5625,1,1,0.9000,0.0074
67.6908,0.0291,-0.0057,0.5744,948558.5625,1,1,0.9011,0.0082
67.7008,-0.0595,-0.0635,0.5744,948558.5625,1,1,0.9003,0.0076
67.7105,-0.1696,0.1320,0.5744,948558.5625,1,1,0.8960,0.0048
67.7204,-0.3558,0.0954,0.5744,948558.5625,1,1,0.8879,-0.0005
67.7304,-0.3419,0.0973,0.5744,948558.5625,1,1,0.8793,-0.0057
67.7408,-0.3595,0.1940,0.5744,948558.5625,1,1,0.8694,-0.0113
67.7508,-0.2148,0.3323,0.5744,948558.5625,1,1,0.8635,-0.0147
67.7605,-0.0012,0.3961,0.5744,948558.5625,1,1,0.8617,-0.0156
67.7705,-0.0399,0.4453,0.5744,948558.5625,1,1,0.8592,-0.0170
67.7804,0.1598,0.2736,0.5744,948558.5625,1,1,0.8605,-0.0164
67.7907,0.2370,0.0072,0.5744,948558.5625,1,1,0.8629,-0.0153
67.8008,-0.0069,0.0151,0.5744,948558.5625,1,1,0.8596,-0.0168
67.8104,-0.2656,0.0881,0.5744,948558.5625,1,1,0.8498,-0.0211
67.8204,-0.1873,-0.1967,0.5744,948558.5625,1,1,0.8423,-0.0244
67.8305,0.1203,0.2208,0.5744,948558.5625,1,1,0.8415,-0.0248
67.8409,0.0736,0.7897,0.5744,948558.5625,1,1,0.8396,-0.0255
67.8514,0.2675,0.8106,0.5744,948558.5625,1,1,0.8416,-0.0248
67.8605,0.4726,0.2693,0.5744,948558.5625,1,1,0.8475,-0.0228
67.8705,0.2110,0.4539,0.5744,948558.5625,1,1,0.8476,-0.0228
67.8805,0.1723,0.4720,0.5744,948558.5625,1,1,0.8464,-0.0231
67.8907,0.3231,-0.2187,0.5744,948558.5625,1,1,0.8485,-0.0225
67.9008,0.4225,-0.3027,0.5744,948558.5625,1,1,0.8523,-0.0215
67.9105,0.4576,0.3323,0.5744,948558.5625,1,1,0.8566,-0.0204
67.9204,0.2379,0.5771,0.5744,948558.5625,1,1,0.8561,-0.0205
67.9304,0.4699,0.4292,0.5744,948558.5625,1,1,0.8602,-0.0198
67.9408,0.3822,0.4113,0.5744,948558.5625,1,1,0.8623,-0.0195
67.9507,0.3119,0.9046,0.5744,948558.5625,1,1,0.8629,-0.0194
67.9605,0.6682,0.6780,0.5744,948558.5625,1,1,0.8705,-0.0186
67.9705,0.8128,0.1069,0.5744,948558.5625,1,1,0.8806,-0.0181
67.9805,0.6391,0.2604,0.5744,948558.5625,1,1,0.8870,-0.0182
67.9908,0.4692,0.2645,0.5744,948558.5625,1,1,0.8899,-0.0183
68.0008,0.2459,0.0895,0.5744,948558.5625,1,1,0.8886,-0.0182
68.0105,0.3301,0.1331,0.5744,948558.5625,1,1,0.8890,-0.0182
68.0204,0.3144,0.4451,0.5744,948558.5625,1,1,0.8892,-0.0182
68.0304,0.7605,0.9189,0.5744,948558.5625,1,1,0.8973,-0.0194
68.0408,0.8797,0.7185,0.5744,948558.5625,1,1,0.9073,-0.0216
68.0513,0.6790,0.4759,0.5744,948558.5625,1,1,0.9137,-0.0235
68.0604,0.8228,0.4969,0.5744,948558.5625,1,1,0.9222,-0.0260
68.0705,0.7502,0.2898,0.5744,948558.5625,1,1,0.9293,-0.0288
68.0804,0.7283,0.2773,0.5744,948558.5625,1,1,0.9358,-0.0312
68.0908,0.6801,0.3807,0.5744,948558.5625,1,1,0.9416,-0.0339
68.1008,0.7671,0.4158,0.5744,948558.5625,1,1,0.9484,-0.0371
68.1104,0.9639,0.5815,0.5744,948558.5625,1,1,0.9579,-0.0425
68.1204,0.7163,0.6956,0.5744,948558.5625,1,1,0.9638,-0.0465
68.1305,0.6920,0.7659,0.5744,948558.5625,1,1,0.9692,-0.0501
68.1407,1.1160,0.6313,0.5744,948558.5625,1,1,0.9798,-0.0587
68.1508,1.0869,0.6129,0.5744,948558.5625,1,1,0.9897,-0.0666
68.1605,0.9950,0.6306,0.5744,948558.5625,1,1,0.9981,-0.0746
68.1705,0.8567,0.2561,0.5744,948558.5625,1,1,1.0046,-0.0807
68.1804,0.8605,0.2043,0.5744,948558.5625,1,1,1.0109,-0.0877
68.1908,0.4838,0.6815,0.5744,948558.5625,1,1,1.0133,-0.0909
68.2008,0.3317,0.9577,0.5744,948558.5625,1,1,1.0142,-0.0921
68.2105,0.8037,0.6205,0.5744,948558.5625,1,1,1.0193,-0.1002
68.2204,0.9943,0.5147,0.5744,948558.5625,1,1,1.0259,-0.1106
68.2304,0.8174,0.7062,0.5744,948558.5625,1,1,1.0305,-0.1196
68.2409,0.7620,0.4200,0.5744,948558.5625,1,1,1.0344,-0.1287
68.2514,0.6277,-0.1017,0.5744,948558.5625,1,1,1.0373,-0.1356
68.2605,0.6497,0.2228,0.5744,948558.5625,1,1,1.0399,-0.1438
68.2704,0.3460,0.6179,0.5744,948558.5625,1,1,1.0410,-0.1471
68.2805,0.3411,0.6596,0.5744,948558.5625,1,1,1.0420,-0.1513
68.2908,0.7771,0.5960,0.5744,948558.5625,1,1,1.0446,-0.1621
68.3008,0.5145,0.8497,0.5744,948558.5625,1,1,1.0458,-0.1697
68.3105,0.5248,0.8606,0.5744,948558.5625,1,1,1.0465,-0.1786
68.3204,0.6456,0.2630,0.5744,948558.5625,1,1,1.0474,-0.1891
68.3304,0.6617,0.0563,0.5744,948558.5625,1,1,1.0474,-0.2010
68.3408,0.4824,0.3721,0.5744,948558.5625,1,1,1.0475,-0.2095
68.3508,0.2465,0.4937,0.5744,948558.5625,1,1,1.0471,-0.2150
68.3605,0.5033,0.5533,0.5744,948558.5625,1,1,1.0464,-0.2246
68.3705,0.5219,0.7415,0.5744,948558.5625,1,1,1.0449,-0.2356
68.3804,0.3362,0.9276,0.5744,948558.5625,1,1,1.0430,-0.2443
68.3908,0.6172,0.6362,0.5744,948558.5625,1,1,1.0403,-0.2575
68.4008,0.5736,0.3773,0.5744,948558.5625,1,1,1.0365,-0.2709
68.4105,0.4716,0.4658,0.5744,948558.5625,1,1,1.0334,-0.2821
68.4204,0.3174,0.3610,0.5744,948558.5625,1,1,1.0301,-0.2915
68.4305,0.3958,0.3119,0.5744,948558.5625,1,1,1.0264,-0.3019
68.4409,0.4908,0.5725,0.5744,948558.5625,1,1,1.0209,-0.3147
68.4514,0.2554,0.8941,0.5744,948558.5625,1,1,1.0161,-0.3243
68.4604,0.2177,1.1312,0.5744,948558.5625,1,1,1.0118,-0.3330
68.4705,0.6134,0.7554,0.5744,948558.5625,1,1,1.0027,-0.3486
68.4805,0.4735,0.5129,0.5744,948558.5625,1,1,0.9952,-0.3616
68.4908,0.4169,0.4900,0.5744,948558.5625,1,1,0.9869,-0.3740
68.5008,0.3914,0.1358,0.5744,948558.5625,1,1,0.9776,-0.3865
68.5105,0.4217,0.0983,0.5744,948558.5625,1,1,0.9682,-0.3989
68.5205,0.3512,0.4904,0.5744,948558.5625,1,1,0.9582,-0.4105
68.5304,0.0921,0.5591,0.5744,948558.5625,1,1,0.9517,-0.4181
68.5407,0.2841,0.5697,0.5744,948558.5625,1,1,0.9416,-0.4286
68.5508,0.3863,0.6636,0.5744,948558.5625,1,1,0.9305,-0.4401
68.5604,0.1507,0.7307,0.5744,948558.5625,1,1,0.9212,-0.4486
68.5704,0.4037,0.6044,0.5744,948558.5625,1,1,0.9070,-0.4600
68.5804,0.3993,0.1642,0.5744,948558.5625,1,1,0.8934,-0.4710
68.5908,0.2920,0.4308,0.5744,948558.5625,1,1,0.8801,-0.4803
68.6008,0.0231,0.3608,0.5744,948558.5625,1,1,0.8712,-0.4866
68.6105,-0.0826,-0.1099,0.5744,948558.5625,1,1,0.8628,-0.4917
68.6204,-0.0062,0.0985,0.5744,948558.5625,1,1,0.8535,-0.4974
68.6304,-0.2239,0.6867,0.5744,948558.5625,1,1,0.8466,-0.5009
68.6409,-0.0830,0.8900,0.5744,948558.5625,1,1,0.8363,-0.5054
68.6513,0.3038,0.6744,0.5744,948558.5625,1,1,0.8201,-0.5124
68.6605,0.0414,0.6649,0.5744,948558.5625,1,1,0.8072,-0.5169
68.6704,0.0440,0.8419,0.5744,948558.5625,1,1,0.7948,-0.5213
68.6805,-0.0840,0.2754,0.5744,948558.5625,1,1,0.7836,-0.5243
68.6908,-0.1622,0.0812,0.5744,948558.5625,1,1,0.7729,-0.5262
68.7008,-0.3521,0.4227,0.5744,948558.5625,1,1,0.7658,-0.5276
68.7105,-0.5063,0.7074,0.5744,948558.5625,1,1,0.7606,-0.5281
68.7204,-0.1816,0.5399,0.5744,948558.5625,1,1,0.7501,-0.5292
68.7305,0.0030,0.6624,0.5744,948558.5625,1,1,0.7357,-0.5295
68.7408,-0.1828,1.0612,0.5744,948558.5625,1,1,0.7249,-0.5297
68.7508,-0.0136,0.7826,0.5744,948558.5625,1,1,0.7107,-0.5288
68.7605,0.0129,0.0595,0.5744,948558.5625,1,1,0.6957,-0.5265
68.7704,-0.2604,0.3230,0.5744,948558.5625,1,1,0.6859,-0.5250
68.7804,-0.4413,0.4863,0.5744,948558.5625,1,1,0.6786,-0.5232
68.7907,-0.4493,0.1625,0.5744,948558.5625,1,1,0.6718,-0.5215
68.8008,-0.4242,0.3057,0.5744,948558.5625,1,1,0.6642,-0.5188
68.8104,-0.5849,0.7175,0.5744,948558.5625,1,1,0.6595,-0.5172
68.8205,-0.4078,0.8459,0.5703,948558.3125,1,1,0.6516,-0.5136
68.8304,-0.2334,0.4666,0.5703,948558.3125,1,1,0.6507,-0.5058
68.8409,-0.3959,0.4949,0.5703,948558.3125,1,1,0.6504,-0.4963
68.8514,-0.3022,0.6919,0.5703,948558.3125,1,1,0.6507,-0.4894
68.8605,-0.3918,0.2523,0.5703,948558.3125,1,1,0.6510,-0.4812
68.8705,-0.3479,-0.1071,0.5703,948558.3125,1,1,0.6518,-0.4747
68.8804,-0.5516,0.0997,0.5703,948558.3125,1,1,0.6529,-0.4652
68.8908,-0.7224,0.4935,0.5703,948558.3125,1,1,0.6552,-0.4542
68.9008,-0.5186,0.4266,0.5703,948558.3125,1,1,0.6568,-0.4466
68.9105,-0.6000,0.3456,0.5703,948558.3125,1,1,0.6592,-0.4389
68.9204,-0.3528,0.6138,0.5703,948558.3125,1,1,0.6604,-0.4359
68.9304,-0.2571,0.1591,0.5703,948558.3125,1,1,0.6610,-0.4343
68.9408,-0.3622,-0.3956,0.5703,948558.3125,1,1,0.6622,-0.4320
68.9508,-0.7290,-0.0475,0.5703,948558.3125,1,1,0.6658,-0.4249
68.9605,-1.0891,0.3486,0.5703,948558.3125,1,1,0.6725,-0.4145
68.9705,-0.9755,0.1948,0.5703,948558.3125,1,1,0.6781,-0.4057
68.9804,-0.7570,0.1995,0.5703,948558.3125,1,1,0.6820,-0.4008
68.9907,-0.8390,0.5379,0.5703,948558.3125,1,1,0.6865,-0.3960
69.0008,-0.4776,0.5406,0.5703,948558.3125,1,1,0.6874,-0.3952
69.0105,-0.5896,-0.0869,0.5703,948558.3125,1,1,0.6889,-0.3939
69.0205,-0.7538,-0.1614,0.5703,948558.3125,1,1,0.6923,-0.3910
69.0304,-1.1522,0.1935,0.5703,948558.3125,1,1,0.7001,-0.3858
69.0408,-1.3438,0.1884,0.5703,948558.3125,1,1,0.7100,-0.3792
69.0514,-0.8805,-0.1206,0.5703,948558.3125,1,1,0.7139,-0.3772
69.0605,-0.7996,0.0706,0.5703,948558.3125,1,1,0.7163,-0.3763
69.0705,-0.7508,0.7130,0.5703,948558.3125,1,1,0.7179,-0.3756
69.0804,-0.7655,0.6304,0.5703,948558.3125,1,1,0.7192,-0.3753
69.0908,-0.8030,0.0765,0.5703,948558.3125,1,1,0.7210,-0.3749
69.1009,-0.9093,0.0719,0.5703,948558.3125,1,1,0.7237,-0.3745
69.1105,-1.1310,0.0538,0.5703,948558.3125,1,1,0.7296,-0.3737
69.1204,-1.0445,-0.2856,0.5703,948558.3125,1,1,0.7337,-0.3736
69.1305,-1.0731,-0.1382,0.5703,948558.3125,1,1,0.7376,-0.3740
69.1408,-1.2684,0.4614,0.5703,948558.3125,1,1,0.7445,-0.3746
69.1508,-0.9865,0.6301,0.5703,948558.3125,1,1,0.7462,-0.3750
69.1604,-0.9024,0.2509,0.5703,948558.3125,1,1,0.7466,-0.3751
69.1704,-0.9108,0.0187,0.5703,948558.3125,1,1,0.7466,-0.3751
69.1804,-0.8809,-0.1319,0.5703,948558.3125,1,1,0.7461,-0.3749
69.1908,-1.0690,-0.2938,0.5703,948558.3125,1,1,0.7480,-0.3758
69.2008,-1.1378,-0.2434,0.5703,948558.3125,1,1,0.7505,-0.3772
69.2105,-1.2654,0.1144,0.5703,948558.3125,1,1,0.7549,-0.3797
69.2205,-1.0297,0.4723,0.5703,948558.3125,1,1,0.7550,-0.3798
69.2305,-0.8171,0.3204,0.5703,948558.3125,1,1,0.7519,-0.3776
69.2409,-0.8787,0.0077,0.5703,948558.3125,1,1,0.7495,-0.3755
69.2513,-0.7359,-0.0521,0.5703,948558.3125,1,1,0.7448,-0.3707
69.2604,-0.8956,-0.2058,0.5703,948558.3125,1,1,0.7426,-0.3685
69.2705,-1.0233,-0.3193,0.5703,948558.3125,1,1,0.7420,-0.3677
69.2804,-1.2608,-0.1661,0.5703,948558.3125,1,1,0.7446,-0.3709
69.2908,-1.1800,0.2286,0.5703,948558.3125,1,1,0.7457,-0.3725
69.3008,-0.8295,0.4254,0.5703,948558.3125,1,1,0.7425,-0.3678
69.3104,-0.8436,0.2484,0.5703,948558.3125,1,1,0.7395,-0.3628
69.3204,-0.8514,0.1393,0.5703,948558.3125,1,1,0.7368,-0.3582
69.3305,-0.8541,-0.0556,0.5703,948558.3125,1,1,0.7343,-0.3531
69.3407,-1.0624,-0.4795,0.5703,948558.3125,1,1,0.7340,-0.3524
69.3508,-0.9254,-0.5548,0.5703,948558.3125,1,1,0.7324,-0.3486
69.3605,-1.2332,-0.1217,0.5703,948558.3125,1,1,0.7336,-0.3521
69.3705,-1.0720,0.4276,0.5703,948558.3125,1,1,0.7334,-0.3515
69.3804,-0.9415,0.2731,0.5703,948558.3125,1,1,0.7324,-0.3477
69.3908,-1.0594,0.2529,0.5703,948558.3125,1,1,0.7322,-0.3470
69.4008,-0.9378,0.4488,0.5703,948558.3125,1,1,0.7315,-0.3431
69.4105,-0.9323,-0.1576,0.5703,948558.3125,1,1,0.7310,-0.3393
69.4205,-0.8292,-0.6279,0.5703,948558.3125,1,1,0.7301,-0.3329
69.4305,-0.9346,-0.3853,0.5703,948558.3125,1,1,0.7299,-0.3297
69.4409,-1.2525,0.0025,0.5703,948558.3125,1,1,0.7303,-0.3353
69.4514,-1.1335,-0.0054,0.5703,948558.3125,1,1,0.7303,-0.3379
69.4604,-1.1032,-0.0846,0.5703,948558.3125,1,1,0.7302,-0.3401
69.4705,-1.0245,0.4448,0.5703,948558.3125,1,1,0.7303,-0.3399
69.4804,-0.7563,0.4872,0.5703,948558.3125,1,1,0.7310,-0.3325
69.4908,-0.7100,-0.1951,0.5703,948558.3125,1,1,0.7318,-0.3242
69.5008,-0.9142,-0.0598,0.5703,948558.3125,1,1,0.7320,-0.3226
69.5104,-1.2760,0.1687,0.5703,948558.3125,1,1,0.7307,-0.3314
69.5204,-1.3103,-0.0295,0.5703,948558.3125,1,1,0.7285,-0.3416
69.5304,-0.9514,-0.0653,0.5703,948558.3125,1,1,0.7284,-0.3420
69.5408,-1.0198,0.4079,0.5703,948558.3125,1,1,0.7278,-0.3442
69.5508,-0.9564,0.7452,0.5703,948558.3125,1,1,0.7275,-0.3454
69.5605,-0.7694,0.2545,0.5703,948558.3125,1,1,0.7288,-0.3413
69.5704,-0.7788,-0.3394,0.5703,948558.3125,1,1,0.7298,-0.3386
69.5804,-1.0694,-0.0586,0.5703,948558.3125,1,1,0.7278,-0.3439
69.5907,-1.3421,0.1206,0.5703,948558.3125,1,1,0.7219,-0.3573
69.6008,-1.0916,-0.1180,0.5703,948558.3125,1,1,0.7183,-0.3644
69.6105,-0.7794,0.0381,0.5703,948558.3125,1,1,0.7191,-0.3627
69.6204,-0.8853,0.4764,0.5703,948558.3125,1,1,0.7179,-0.3649
69.6305,-0.6818,0.3544,0.5703,948558.3125,1,1,0.7197,-0.3617
69.6408,-0.5360,-0.2844,0.5703,948558.3125,1,1,0.7233,-0.3561
69.6514,-0.5361,-0.4079,0.5703,948558.3125,1,1,0.7266,-0.3509
69.6605,-0.7922,-0.1723,0.5703,948558.3125,1,1,0.7251,-0.3531
69.6704,-0.9520,-0.0916,0.5703,948558.3125,1,1,0.7196,-0.3599
69.6804,-0.5026,-0.2265,0.5703,948558.3125,1,1,0.7227,-0.3561
69.6907,-0.6187,0.0502,0.5703,948558.3125,1,1,0.7227,-0.3560
69.7008,-0.6333,0.4596,0.5703,948558.3125,1,1,0.7225,-0.3563
69.7104,-0.4811,0.0545,0.5703,948558.3125,1,1,0.7244,-0.3543
69.7204,-0.4662,-0.4399,0.5703,948558.3125,1,1,0.7265,-0.3522
69.7305,-0.4945,-0.2562,0.5703,948558.3125,1,1,0.7270,-0.3518
69.7407,-0.4077,-0.3742,0.5703,948558.3125,1,1,0.7284,-0.3506
69.7508,-0.3106,-0.8202,0.5703,948558.3125,1,1,0.7318,-0.3476
69.7605,-0.2729,-0.5146,0.5703,948558.3125,1,1,0.7350,-0.3451
69.7705,-0.4655,0.1972,0.5703,948558.3125,1,1,0.7336,-0.3462
69.7804,-0.1730,0.3119,0.5703,948558.3125,1,1,0.7381,-0.3429
69.7908,-0.1369,-0.1075,0.5703,948558.3125,1,1,0.7432,-0.3392
69.8008,-0.1205,-0.1169,0.5703,948558.3125,1,1,0.7474,-0.3363
69.8105,-0.0266,-0.2584,0.5703,948558.3125,1,1,0.7528,-0.3329
69.8205,-0.1708,-0.6496,0.5653,948559.2500,1,1,0.7541,-0.3321
69.8305,-0.3015,-0.4014,0.5653,948559.2500,1,1,0.7537,-0.3331
69.8409,-0.3574,-0.0012,0.5653,948559.2500,1,1,0.7537,-0.3332
69.8513,-0.2908,0.3294,0.5653,948559.2500,1,1,0.7527,-0.3349
69.8605,-0.2599,0.4264,0.5653,948559.2500,1,1,0.7516,-0.3370
69.8704,-0.3902,0.3501,0.5653,948559.2500,1,1,0.7510,-0.3379
69.8804,-0.0228,0.1615,0.5653,948559.2500,1,1,0.7471,-0.3435
69.8908,0.0185,0.0168,0.5653,948559.2500,1,1,0.7417,-0.3497
69.9008,-0.0276,-0.0231,0.5653,948559.2500,1,1,0.7357,-0.3554
69.9105,-0.2033,-0.1535,0.5653,948559.2500,1,1,0.7318,-0.3590
69.9205,-0.1591,-0.2022,0.5653,948559.2500,1,1,0.7265,-0.3633
69.9305,-0.1293,0.2482,0.5653,948559.2500,1,1,0.7209,-0.3677
69.9408,-0.4156,0.4890,0.5653,948559.2500,1,1,0.7183,-0.3695
69.9508,-0.1486,0.3243,0.5653,948559.2500,1,1,0.7120,-0.3737
69.9605,0.2419,0.1416,0.5653,948559.2500,1,1,0.6986,-0.3813
69.9705,0.0304,0.1344,0.5653,948559.2500,1,1,0.6875,-0.3866
69.9804,-0.0192,0.0885,0.5653,948559.2500,1,1,0.6774,-0.3915
69.9908,-0.1491,-0.2054,0.5653,948559.2500,1,1,0.6686,-0.3950
70.0008,0.0168,-0.0861,0.5653,948559.2500,1,1,0.6572,-0.3997
70.0105,-0.1661,0.0304,0.5653,948559.2500,1,1,0.6480,-0.4027
70.0205,-0.3451,0.2664,0.5653,948559.2500,1,1,0.6423,-0.4047
70.0304,0.0983,0.3320,0.5653,948559.2500,1,1,0.6278,-0.4086
70.0409,0.2211,0.3257,0.5653,948559.2500,1,1,0.6103,-0.4121
70.0514,0.1547,0.5146,0.5653,948559.2500,1,1,0.5946,-0.4154
70.0604,0.2709,0.2441,0.5653,948559.2500,1,1,0.5761,-0.4180
70.0705,0.3449,-0.1297,0.5653,948559.2500,1,1,0.5568,-0.4208
70.0805,0.2516,0.1259,0.5653,948559.2500,1,1,0.5389,-0.4223
70.0908,-0.0399,0.2580,0.5653,948559.2500,1,1,0.5268,-0.4232
70.1008,-0.0175,0.0669,0.5653,948559.2500,1,1,0.5141,-0.4234
70.1105,0.2165,0.2576,0.5653,948559.2500,1,1,0.4968,-0.4224
70.1204,0.0429,0.8139,0.5653,948559.2500,1,1,0.4832,-0.4217
70.1305,0.1643,0.9010,0.5653,948559.2500,1,1,0.4674,-0.4197
70.1407,0.3933,0.1324,0.5653,948559.2500,1,1,0.4481,-0.4172
70.1508,0.3515,0.0864,0.5653,948559.2500,1,1,0.4298,-0.4134
70.1605,0.1579,0.2339,0.5653,948559.2500,1,1,0.4153,-0.4105
70.1704,-0.0152,-0.0605,0.5653,948559.2500,1,1,0.4041,-0.4072
70.1804,0.2055,-0.1616,0.5653,948559.2500,1,1,0.3897,-0.4016
70.1907,0.1115,0.3745,0.5653,948559.2500,1,1,0.3772,-0.3968
70.2007,0.2138,0.8542,0.5653,948559.2500,1,1,0.3637,-0.3902
70.2105,0.5073,0.6381,0.5653,948559.2500,1,1,0.3463,-0.3816
70.2205,0.6191,0.2559,0.5653,948559.2500,1,1,0.3285,-0.3706
70.2305,0.3742,0.2363,0.5653,948559.2500,1,1,0.3145,-0.3620
70.2409,0.2642,0.0501,0.5653,948559.2500,1,1,0.3032,-0.3532
70.2514,0.2988,-0.3350,0.5653,948559.2500,1,1,0.2926,-0.3430
70.2605,0.4305,0.0133,0.5653,948559.2500,1,1,0.2808,-0.3317
70.2705,0.1965,0.5216,0.5653,948559.2500,1,1,0.2728,-0.3220
70.2804,0.4070,0.6127,0.5653,948559.2500,1,1,0.2630,-0.3101
70.2908,0.6678,0.2496,0.5653,948559.2500,1,1,0.2526,-0.2937
70.3008,0.5509,0.3033,0.5653,948559.2500,1,1,0.2435,-0.2794
70.3105,0.5047,0.3561,0.5653,948559.2500,1,1,0.2365,-0.2647
70.3205,0.5760,-0.2082,0.5653,948559.2500,1,1,0.2293,-0.2494
70.3305,0.6221,-0.3914,0.5653,948559.2500,1,1,0.2239,-0.2325
70.3407,0.4617,0.2956,0.5653,948559.2500,1,1,0.2211,-0.2175
70.3508,0.3165,0.5562,0.5653,948559.2500,1,1,0.2188,-0.2053
70.3605,0.6007,0.3273,0.5653,948559.2500,1,1,0.2178,-0.1879
70.3704,0.4643,0.2340,0.5653,948559.2500,1,1,0.2169,-0.1733
70.3804,0.4990,0.5839,0.5653,948559.2500,1,1,0.2179,-0.1578
70.3908,0.6347,0.3127,0.5653,948559.2500,1,1,0.2189,-0.1405
70.4008,0.6773,-0.1727,0.5653,948559.2500,1,1,0.2222,-0.1221
70.4104,0.5850,0.0608,0.5653,948559.2500,1,1,0.2270,-0.1055
70.4204,0.2929,0.3647,0.5653,948559.2500,1,1,0.2301,-0.0949
70.4304,0.3283,0.1618,0.5653,948559.2500,1,1,0.2345,-0.0837
70.4409,0.5315,0.1160,0.5653,948559.2500,1,1,0.2403,-0.0689
70.4514,0.2712,0.4958,0.5653,948559.2500,1,1,0.2450,-0.0594
70.4604,0.4729,0.7813,0.5653,948559.2500,1,1,0.2514,-0.0463
70.4705,0.5135,0.2405,0.5653,948559.2500,1,1,0.2595,-0.0326
70.4804,0.5005,-0.0261,0.5653,948559.2500,1,1,0.2684,-0.0197
70.4908,0.4494,0.1826,0.5653,948559.2500,1,1,0.2762,-0.0083
70.5008,0.3605,0.2065,0.5653,948559.2500,1,1,0.2831,0.0006
70.5105,0.5348,-0.2411,0.5653,948559.2500,1,1,0.2925,0.0128
70.5205,0.3961,-0.0044,0.5653,948559.2500,1,1,0.2999,0.0214
70.5305,0.1890,0.7276,0.5653,948559.2500,1,1,0.3032,0.0252
70.5407,0.3781,0.5948,0.5653,948559.2500,1,1,0.3101,0.0325
70.5507,0.4549,0.2976,0.5653,948559.2500,1,1,0.3189,0.0406
70.5605,0.4248,0.4263,0.5653,948559.2500,1,1,0.3265,0.0476
70.5704,0.5311,0.2663,0.5653,948559.2500,1,1,0.3367,0.0561
70.5805,0.3635,-0.1491,0.5653,948559.2500,1,1,0.3423,0.0607
70.5908,0.3460,-0.1821,0.5653,948559.2500,1,1,0.3471,0.0643
70.6008,0.1996,-0.0109,0.5653,948559.2500,1,1,0.3479,0.0649
70.6105,0.3193,0.3171,0.5653,948559.2500,1,1,0.3514,0.0673
70.6205,0.2710,0.3400,0.5653,948559.2500,1,1,0.3529,0.0682
70.6305,0.0108,0.4721,0.5653,948559.2500,1,1,0.3467,0.0643
70.6409,0.2525,0.5105,0.5653,948559.2500,1,1,0.3473,0.0646
70.6515,0.3575,0.2498,0.5653,948559.2500,1,1,0.3511,0.0669
70.6606,0.2784,0.1158,0.5653,948559.2500,1,1,0.3517,0.0672
70.6705,0.2368,-0.0362,0.5653,948559.2500,1,1,0.3509,0.0668
70.6804,0.2611,-0.2508,0.5653,948559.2500,1,1,0.3504,0.0665
70.6908,0.2378,-0.0670,0.5653,948559.2500,1,1,0.3484,0.0655
70.7008,-0.0017,0.1885,0.5653,948559.2500,1,1,0.3387,0.0607
70.7105,0.1063,0.4386,0.5653,948559.2500,1,1,0.3324,0.0577
70.7205,0.2889,0.5334,0.5653,948559.2500,1,1,0.3326,0.0578
70.7304,0.1662,0.5804,0.5653,948559.2500,1,1,0.3281,0.0558
70.7408,0.1958,0.2640,0.5653,948559.2500,1,1,0.3250,0.0543
70.7508,0.3134,-0.2417,0.5653,948559.2500,1,1,0.3254,0.0545
70.7605,0.0666,-0.0592,0.5653,948559.2500,1,1,0.3178,0.0511
70.7704,-0.2327,0.0639,0.5653,948559.2500,1,1,0.3003,0.0436
70.7804,-0.3879,-0.0629,0.5603,948563.1875,1,1,0.2781,0.0347
70.7907,-0.0578,0.0041,0.5603,948563.1875,1,1,0.2666,0.0309
70.8008,-0.1396,0.3502,0.5603,948563.1875,1,1,0.2534,0.0264
70.8104,-0.2127,0.6389,0.5603,948563.1875,1,1,0.2383,0.0216
70.8205,0.1511,0.3387,0.5603,948563.1875,1,1,0.2361,0.0208
70.8305,0.0442,0.1789,0.5603,948563.1875,1,1,0.2306,0.0191
70.8408,-0.1335,0.2734,0.5603,948563.1875,1,1,0.2200,0.0157
70.8514,-0.2229,-0.0720,0.5603,948563.1875,1,1,0.2073,0.0119
70.8605,-0.2320,-0.3649,0.5603,948563.1875,1,1,0.1949,0.0085
70.8705,-0.1335,-0.0225,0.5603,948563.1875,1,1,0.1864,0.0060
70.8804,-0.2414,0.2798,0.5603,948563.1875,1,1,0.1752,0.0031
70.8908,-0.1634,0.2914,0.5603,948563.1875,1,1,0.1670,0.0009
70.9008,-0.0047,0.1731,0.5603,948563.1875,1,1,0.1635,0.0001
70.9105,-0.2946,0.3021,0.5603,948563.1875,1,1,0.1527,-0.0025
70.9204,-0.2954,0.3252,0.5603,948563.1875,1,1,0.1424,-0.0047
70.9305,-0.1828,-0.2041,0.5603,948563.1875,1,1,0.1357,-0.0062
70.9408,-0.0098,-0.3887,0.5603,948563.1875,1,1,0.1335,-0.0066
70.9508,-0.3302,-0.0557,0.5603,948563.1875,1,1,0.1238,-0.0079
70.9605,-0.7628,0.1382,0.5603,948563.1875,1,1,0.1047,-0.0106
70.9705,-0.4242,0.0145,0.5603,948563.1875,1,1,0.0943,-0.0115
70.9805,-0.2487,0.0859,0.5603,948563.1875,1,1,0.0884,-0.0121
70.9908,-0.4120,0.5261,0.5603,948563.1875,1,1,0.0794,-0.0125
71.0008,-0.3304,0.4564,0.5603,948563.1875,1,1,0.0726,-0.0128
71.0105,-0.2713,0.0358,0.5603,948563.1875,1,1,0.0673,-0.0127
71.0205,-0.4481,0.1217,0.5603,948563.1875,1,1,0.0590,-0.0120
71.0304,-0.5180,0.1202,0.5603,948563.1875,1,1,0.0496,-0.0113
71.0409,-0.5385,-0.1893,0.5603,948563.1875,1,1,0.0404,-0.0100
71.0513,-0.2710,-0.3884,0.5603,948563.1875,1,1,0.0365,-0.0094
71.0605,-0.5228,-0.0949,0.5603,948563.1875,1,1,0.0283,-0.0077
71.0705,-0.6717,0.4026,0.5603,948563.1875,1,1,0.0178,-0.0054
71.0804,-0.3855,0.2724,0.5603,948563.1875,1,1,0.0128,-0.0040
71.0908,-0.2551,-0.0170,0.5603,948563.1875,1,1,0.0104,-0.0031
71.1008,-0.3810,-0.0699,0.5603,948563.1875,1,1,0.0059,-0.0015
71.1105,-0.3977,-0.4076,0.5603,948563.1875,1,1,0.0015,0.0005
71.1204,-0.4866,-0.5186,0.5603,948563.1875,1,1,-0.0042,0.0031
71.1305,-0.4121,0.0060,0.5603,948563.1875,1,1,-0.0083,0.0053
71.1407,-0.8502,0.4503,0.5603,948563.1875,1,1,-0.0187,0.0110
71.1508,-0.8967,0.6643,0.5603,948563.1875,1,1,-0.0290,0.0177
71.1605,-0.4965,0.1689,0.5603,948563.1875,1,1,-0.0334,0.0205
71.1705,-0.3962,-0.1456,0.5603,948563.1875,1,1,-0.0360,0.0226
71.1804,-0.4050,-0.1801,0.5603,948563.1875,1,1,-0.0386,0.0250
71.1908,-0.4642,-0.5775,0.5603,948563.1875,1,1,-0.0418,0.0278
71.2008,-0.4584,-0.5790,0.5603,948563.1875,1,1,-0.0445,0.0308
71.2105,-0.7234,0.0170,0.5603,948563.1875,1,1,-0.0501,0.0368
71.2205,-1.0446,0.3576,0.5603,948563.1875,1,1,-0.0582,0.0472
71.2305,-0.7352,0.2580,0.5603,948563.1875,1,1,-0.0630,0.0534
71.2409,-0.5184,0.0734,0.5603,948563.1875,1,1,-0.0653,0.0569
71.2515,-0.6544,0.3076,0.5603,948563.1875,1,1,-0.0683,0.0625
71.2605,-0.5805,0.0248,0.5603,948563.1875,1,1,-0.0707,0.0669
71.2705,-0.6132,-0.6011,0.5603,948563.1875,1,1,-0.0728,0.0719
71.2805,-0.6927,-0.3349,0.5603,948563.1875,1,1,-0.0754,0.0779
71.2908,-0.9007,0.1407,0.5603,948563.1875,1,1,-0.0786,0.0872
71.3008,-0.9328,0.1861,0.5603,948563.1875,1,1,-0.0818,0.0967
71.3104,-0.8458,0.1465,0.5603,948563.1875,1,1,-0.0838,0.1050
71.3204,-1.0050,0.2526,0.5603,948563.1875,1,1,-0.0864,0.1156
71.3304,-0.7112,0.3373,0.5603,948563.1875,1,1,-0.0873,0.1215
71.3408,-0.6543,-0.1970,0.5603,948563.1875,1,1,-0.0877,0.1267
71.3508,-0.8073,-0.2503,0.5603,948563.1875,1,1,-0.0883,0.1341
71.3605,-0.8427,0.0001,0.5603,948563.1875,1,1,-0.0883,0.1423
71.3705,-1.0294,-0.0504,0.5603,948563.1875,1,1,-0.0883,0.1532
71.3804,-0.8136,-0.1608,0.5603,948563.1875,1,1,-0.0877,0.1606
71.3907,-1.0003,0.0330,0.5603,948563.1875,1,1,-0.0870,0.1708
71.4008,-0.8549,0.3259,0.5603,948563.1875,1,1,-0.0858,0.1786
71.4104,-0.6861,0.2319,0.5603,948563.1875,1,1,-0.0847,0.1834
71.4204,-0.7375,-0.1586,0.5603,948563.1875,1,1,-0.0835,0.1889
71.4305,-0.8410,-0.2247,0.5603,948563.1875,1,1,-0.0813,0.1962
71.4409,-0.9050,-0.3483,0.5603,948563.1875,1,1,-0.0789,0.2044
71.4515,-0.9456,-0.6654,0.5603,948563.1875,1,1,-0.0757,0.2131
71.4605,-0.9770,-0.6419,0.5603,948563.1875,1,1,-0.0723,0.2221
71.4705,-1.2445,-0.0848,0.5603,948563.1875,1,1,-0.0664,0.2354
71.4804,-0.8418,0.2509,0.5603,948563.1875,1,1,-0.0636,0.2415
71.4908,-0.6345,-0.0587,0.5603,948563.1875,1,1,-0.0622,0.2443
71.5008,-0.6964,-0.1776,0.5603,948563.1875,1,1,-0.0599,0.2480
71.5105,-0.7352,-0.1641,0.5603,948563.1875,1,1,-0.0574,0.2522
71.5205,-0.9030,-0.6524,0.5603,948563.1875,1,1,-0.0527,0.2590
71.5304,-0.7646,-0.9931,0.5603,948563.1875,1,1,-0.0496,0.2634
71.5407,-0.9121,-0.5850,0.5603,948563.1875,1,1,-0.0445,0.2698
71.5508,-1.0412,-0.0045,0.5603,948563.1875,1,1,-0.0381,0.2779
71.5605,-0.8358,-0.1595,0.5603,948563.1875,1,1,-0.0337,0.2828
71.5705,-0.9028,-0.2767,0.5603,948563.1875,1,1,-0.0280,0.2884
71.5804,-0.9546,0.4769,0.5603,948563.1875,1,1,-0.0219,0.2945
71.5908,-0.8791,0.3505,0.5603,948563.1875,1,1,-0.0164,0.2993
71.6008,-0.8765,-0.2631,0.5603,948563.1875,1,1,-0.0111,0.3039
71.6105,-1.0137,-0.3015,0.5603,948563.1875,1,1,-0.0034,0.3098
71.6205,-1.1039,-0.5121,0.5603,948563.1875,1,1,0.0053,0.3165
71.6305,-0.9938,-0.5338,0.5603,948563.1875,1,1,0.0128,0.3215
71.6409,-1.0459,-0.3663,0.5603,948563.1875,1,1,0.0209,0.3269
71.6514,-1.2243,-0.1342,0.5603,948563.1875,1,1,0.0322,0.3334
71.6606,-0.8576,0.2046,0.5603,948563.1875,1,1,0.0377,0.3361
71.6704,-0.8655,0.0507,0.5603,948563.1875,1,1,0.0433,0.3388
71.6804,-0.8114,-0.0450,0.5603,948563.1875,1,1,0.0482,0.3408
71.6908,-0.8010,-0.3896,0.5603,948563.1875,1,1,0.0527,0.3427
71.7008,-0.7878,-0.7828,0.5603,948563.1875,1,1,0.0573,0.3442
71.7105,-1.0589,-0.4311,0.5603,948563.1875,1,1,0.0664,0.3471
71.7205,-1.2344,-0.0669,0.5603,948563.1875,1,1,0.0789,0.3501
71.7303,-1.1496,-0.0634,0.5603,948563.1875,1,1,0.0900,0.3520
71.7407,-0.6474,0.2259,0.5603,948563.1875,1,1,0.0920,0.3523
71.7507,-0.7192,0.4235,0.5603,948563.1875,1,1,0.0955,0.3526
71.7605,-0.7697,0.3169,0.5603,948563.1875,1,1,0.0997,0.3529
71.7705,-0.7957,-0.3065,0.5603,948563.1875,1,1,0.1047,0.3529
71.7805,-0.8562,-0.5831,0.5569,948562.8750,1,1,0.1106,0.3529
71.7908,-0.9720,-0.3104,0.5569,948562.8750,1,1,0.1101,0.3577
71.8008,-1.0718,-0.1568,0.5569,948562.8750,1,1,0.1101,0.3637
71.8104,-0.6335,-0.1465,0.5569,948562.8750,1,1,0.1101,0.3630
71.8204,-0.4255,0.2306,0.5569,948562.8750,1,1,0.1098,0.3591
71.8304,-0.6946,0.4840,0.5569,948562.8750,1,1,0.1098,0.3593
71.8409,-0.5593,0.1334,0.5569,948562.8750,1,1,0.1094,0.3575
71.8514,-0.5647,-0.6236,0.5569,948562.8750,1,1,0.1091,0.3558
71.8605,-0.7331,-0.4618,0.5569,948562.8750,1,1,0.1093,0.3565
71.8705,-0.9076,-0.1583,0.5569,948562.8750,1,1,0.1106,0.3596
71.8804,-0.8373,-0.2835,0.5569,948562.8750,1,1,0.1114,0.3616
71.8908,-0.2696,-0.3211,0.5569,948562.8750,1,1,0.1086,0.3563
71.9008,-0.5607,0.2670,0.5569,948562.8750,1,1,0.1078,0.3548
71.9105,-0.3409,0.6544,0.5569,948562.8750,1,1,0.1051,0.3508
71.9204,-0.3221,-0.1645,0.5569,948562.8750,1,1,0.1023,0.3467
71.9304,-0.2644,-0.6421,0.5569,948562.8750,1,1,0.0987,0.3424
71.9408,-0.4570,-0.4184,0.5569,948562.8750,1,1,0.0969,0.3403
71.9508,-0.5362,-0.1464,0.5569,948562.8750,1,1,0.0958,0.3392
71.9605,-0.4808,-0.0541,0.5569,948562.8750,1,1,0.0941,0.3379
71.9705,-0.4966,0.1312,0.5569,948562.8750,1,1,0.0926,0.3367
71.9804,-0.3975,0.4115,0.5569,948562.8750,1,1,0.0898,0.3350
71.9907,-0.1607,0.2319,0.5569,948562.8750,1,1,0.0841,0.3315
72.0008,-0.2287,-0.3221,0.5569,948562.8750,1,1,0.0792,0.3291
72.0104,-0.2580,-0.2407,0.5569,948562.8750,1,1,0.0747,0.3270
72.0204,-0.4757,-0.1582,0.5569,948562.8750,1,1,0.0734,0.3265
72.0304,-0.3554,-0.1519,0.5569,948562.8750,1,1,0.0703,0.3254
72.0409,-0.3981,0.0155,0.5569,948562.8750,1,1,0.0680,0.3248
72.0514,-0.4304,0.4424,0.5569,948562.8750,1,1,0.0663,0.3246
72.0605,-0.1935,0.5905,0.5569,948562.8750,1,1,0.0609,0.3238
72.0705,-0.0644,0.1171,0.5569,948562.8750,1,1,0.0535,0.3235
72.0804,-0.1420,-0.1933,0.5569,948562.8750,1,1,0.0476,0.3232
72.0908,-0.2447,-0.1354,0.5569,948562.8750,1,1,0.0437,0.3234
72.1008,-0.4657,-0.1255,0.5569,948562.8750,1,1,0.0436,0.3234
72.1105,-0.4429,-0.0820,0.5569,948562.8750,1,1,0.0433,0.3235
72.1204,-0.6541,0.1464,0.5569,948562.8750,1,1,0.0472,0.3225
72.1304,-0.2954,0.3535,0.5569,948562.8750,1,1,0.0446,0.3231
72.1408,-0.0723,0.3282,0.5569,948562.8750,1,1,0.0385,0.3253
72.1508,-0.0960,0.2211,0.5569,948562.8750,1,1,0.0330,0.3272
72.1605,-0.1235,-0.0223,0.5569,948562.8750,1,1,0.0285,0.3294
72.1704,0.0059,-0.3769,0.5569,948562.8750,1,1,0.0218,0.3324
72.1804,0.0617,-0.3875,0.5569,948562.8750,1,1,0.0148,0.3364
72.1908,-0.0665,-0.1713,0.5569,948562.8750,1,1,0.0101,0.3391
72.2008,-0.2525,0.2264,0.5569,948562.8750,1,1,0.0092,0.3398
72.2104,0.1242,0.4294,0.5569,948562.8750,1,1,0.0024,0.3454
72.2204,0.0565,0.5074,0.5569,948562.8750,1,1,-0.0030,0.3498
72.2304,-0.1161,0.3798,0.5569,948562.8750,1,1,-0.0051,0.3518
72.2409,-0.0904,-0.1502,0.5569,948562.8750,1,1,-0.0074,0.3541
72.2514,0.0977,-0.4475,0.5569,948562.8750,1,1,-0.0121,0.3594
72.2604,-0.1157,-0.0144,0.5569,948562.8750,1,1,-0.0134,0.3610
72.2705,-0.2689,0.3373,0.5569,948562.8750,1,1,-0.0123,0.3594
72.2804,-0.0266,0.3978,0.5569,948562.8750,1,1,-0.0144,0.3623
72.2908,0.1034,0.5825,0.5569,948562.8750,1,1,-0.0177,0.3675
72.3008,-0.1138,0.6444,0.5569,948562.8750,1,1,-0.0179,0.3679
72.3104,0.1995,0.0860,0.5569,948562.8750,1,1,-0.0217,0.3748
72.3205,0.2131,-0.5514,0.5569,948562.8750,1,1,-0.0248,0.3819
72.3305,0.0511,-0.1326,0.5569,948562.8750,1,1,-0.0262,0.3850
72.3407,-0.1077,0.4792,0.5569,948562.8750,1,1,-0.0258,0.3839
72.3507,-0.1996,0.3268,0.5569,948562.8750,1,1,-0.0247,0.3807
72.3605,0.0618,0.2699,0.5569,948562.8750,1,1,-0.0254,0.3834
72.3705,-0.1914,0.5060,0.5569,948562.8750,1,1,-0.0244,0.3798
72.3805,-0.0290,0.5697,0.5569,948562.8750,1,1,-0.0244,0.3798
72.3908,0.2450,-0.0900,0.5569,948562.8750,1,1,-0.0255,0.3866
72.4008,0.3310,-0.1828,0.5569,948562.8750,1,1,-0.0268,0.3953
72.4105,0.0917,0.1940,0.5569,948562.8750,1,1,-0.0270,0.3969
72.4205,-0.2602,0.1046,0.5569,948562.8750,1,1,-0.0262,0.3891
72.4304,-0.0414,-0.3682,0.5569,948562.8750,1,1,-0.0262,0.3868
72.4409,0.1101,-0.0093,0.5569,948562.8750,1,1,-0.0262,0.3888
72.4514,-0.0850,0.6606,0.5569,948562.8750,1,1,-0.0263,0.3849
72.4604,0.2756,0.7375,0.5569,948562.8750,1,1,-0.0258,0.3909
72.4705,0.5603,0.2347,0.5569,948562.8750,1,1,-0.0247,0.4044
72.4804,0.5422,0.1897,0.5569,948562.8750,1,1,-0.0229,0.4169
72.4908,0.3051,0.0138,0.5569,948562.8750,1,1,-0.0221,0.4219
72.5008,0.0864,-0.3156,0.5569,948562.8750,1,1,-0.0225,0.4202
72.5105,0.2404,-0.1925,0.5569,948562.8750,1,1,-0.0219,0.4229
72.5204,-0.0354,0.4216,0.5569,948562.8750,1,1,-0.0234,0.4174
72.5304,-0.1345,0.9551,0.5569,948562.8750,1,1,-0.0254,0.4095
72.5408,0.1778,0.6010,0.5569,948562.8750,1,1,-0.0252,0.4102
72.5508,0.4318,0.2353,0.5569,948562.8750,1,1,-0.0223,0.4177
72.5605,0.3230,0.4139,0.5569,948562.8750,1,1,-0.0208,0.4217
72.5704,0.2578,0.1484,0.5569,948562.8750,1,1,-0.0200,0.4236
72.5805,0.0912,-0.3129,0.5569,948562.8750,1,1,-0.0211,0.4210
72.5908,0.0905,0.0753,0.5569,948562.8750,1,1,-0.0225,0.4183
72.6008,-0.2498,0.7874,0.5569,948562.8750,1,1,-0.0283,0.4071
72.6105,0.1028,1.0602,0.5569,948562.8750,1,1,-0.0294,0.4052
72.6204,0.4581,0.6317,0.5569,948562.8750,1,1,-0.0253,0.4122
72.6305,0.4075,0.5231,0.5569,948562.8750,1,1,-0.0218,0.4175
72.6409,0.4075,0.5287,0.5569,948562.8750,1,1,-0.0181,0.4225
72.6514,0.2061,-0.1864,0.5569,948562.8750,1,1,-0.0182,0.4225
72.6606,0.3425,-0.3974,0.5569,948562.8750,1,1,-0.0157,0.4255
72.6704,0.0664,0.2770,0.5569,948562.8750,1,1,-0.0183,0.4222
72.6805,-0.2524,1.0322,0.5569,948562.8750,1,1,-0.0274,0.4123
72.6908,0.0837,0.9341,0.5569,948562.8750,1,1,-0.0294,0.4101
72.7008,0.3041,0.5066,0.5569,948562.8750,1,1,-0.0268,0.4126
72.7105,0.2095,0.5352,0.5569,948562.8750,1,1,-0.0262,0.4132
72.7205,0.2350,0.2355,0.5569,948562.8750,1,1,-0.0251,0.4142
72.7304,0.1014,-0.4418,0.5569,948562.8750,1,1,-0.0268,0.4127
72.7408,0.1509,-0.1392,0.5605,948563.1875,1,1,-0.0273,0.4123
72.7508,-0.2467,0.4883,0.5605,948563.1875,1,1,-0.0267,0.4123
72.7605,-0.2741,0.5556,0.5605,948563.1875,1,1,-0.0263,0.4123
72.7705,0.1608,0.3479,0.5605,948563.1875,1,1,-0.0086,0.4125
72.7805,0.1789,0.4970,0.5605,948563.1875,1,1,0.0086,0.4122
72.7908,0.1363,0.8610,0.5605,948563.1875,1,1,0.0226,0.4119
72.8008,0.1082,0.3472,0.5605,948563.1875,1,1,0.0349,0.4113
72.8104,0.1205,-0.1959,0.5605,948563.1875,1,1,0.0465,0.4107
72.8204,0.0169,0.0339,0.5605,948563.1875,1,1,0.0545,0.4100
72.8304,-0.3967,0.4043,0.5605,948563.1875,1,1,0.0504,0.4105
72.8409,-0.2151,0.4147,0.5605,948563.1875,1,1,0.0517,0.4103
72.8514,0.1462,0.4266,0.5605,948563.1875,1,1,0.0632,0.4083
72.8604,0.0083,0.4882,0.5605,948563.1875,1,1,0.0703,0.4070
72.8705,0.1178,0.3641,0.5605,948563.1875,1,1,0.0799,0.4048
72.8804,0.2095,-0.1195,0.5605,948563.1875,1,1,0.0911,0.4022
72.8907,0.1363,0.1880,0.5605,948563.1875,1,1,0.1002,0.3996
72.9008,-0.1743,0.5569,0.5605,948563.1875,1,1,0.1019,0.3990
72.9104,-0.6219,0.6115,0.5605,948563.1875,1,1,0.0950,0.4016
72.9204,-0.2739,0.6194,0.5605,948563.1875,1,1,0.0958,0.4012
72.9305,-0.1829,0.6469,0.5605,948563.1875,1,1,0.0982,0.4002
72.9408,-0.1955,0.8229,0.5605,948563.1875,1,1,0.1005,0.3989
72.9508,-0.0640,0.7652,0.5605,948563.1875,1,1,0.1049,0.3966
72.9605,0.0412,0.3108,0.5605,948563.1875,1,1,0.1109,0.3928
72.9705,-0.1674,0.4562,0.5605,948563.1875,1,1,0.1134,0.3912
72.9804,-0.3598,0.5237,0.5605,948563.1875,1,1,0.1132,0.3913
72.9908,-0.6100,0.4361,0.5605,948563.1875,1,1,0.1102,0.3941
73.0008,-0.2213,0.5791,0.5605,948563.1875,1,1,0.1121,0.3923
73.0104,-0.3447,0.6881,0.5605,948563.1875,1,1,0.1127,0.3917
73.0205,-0.3243,0.8347,0.5605,948563.1875,1,1,0.1134,0.3909
73.0304,-0.1906,0.5671,0.5605,948563.1875,1,1,0.1154,0.3881
73.0408,-0.1699,0.1918,0.5605,948563.1875,1,1,0.1176,0.3852
73.0514,-0.3693,0.3642,0.5605,948563.1875,1,1,0.1180,0.3845
73.0604,-0.5877,0.4198,0.5605,948563.1875,1,1,0.1167,0.3868
73.0705,-0.6294,0.3904,0.5605,948563.1875,1,1,0.1154,0.3895
73.0805,-0.1582,0.7512,0.5605,948563.1875,1,1,0.1169,0.3851
73.0908,-0.3088,0.9167,0.5605,948563.1875,1,1,0.1176,0.3831
73.1008,-0.1942,0.8782,0.5605,948563.1875,1,1,0.1185,0.3790
73.1105,0.0086,0.5149,0.5605,948563.1875,1,1,0.1200,0.3721
73.1204,-0.1178,0.2898,0.5605,948563.1875,1,1,0.1206,0.3669
73.1305,-0.3408,0.2689,0.5605,948563.1875,1,1,0.1208,0.3652
73.1408,-0.6156,0.2289,0.5605,948563.1875,1,1,0.1208,0.3676
73.1508,-0.4779,0.5177,0.5605,948563.1875,1,1,0.1208,0.3677
73.1604,-0.3300,0.9460,0.5605,948563.1875,1,1,0.1206,0.3654
73.1705,-0.5223,1.0401,0.5605,948563.1875,1,1,0.1207,0.3660
73.1805,-0.3831,0.8290,0.5605,948563.1875,1,1,0.1205,0.3644
73.1907,-0.0379,0.1544,0.5605,948563.1875,1,1,0.1187,0.3571
73.2008,-0.3286,0.1306,0.5605,948563.1875,1,1,0.1181,0.3547
73.2104,-0.4693,0.2735,0.5605,948563.1875,1,1,0.1180,0.3545
73.2204,-0.6081,-0.0898,0.5605,948563.1875,1,1,0.1187,0.3565
73.2305,-0.3345,-0.0913,0.5605,948563.1875,1,1,0.1176,0.3541
73.2408,-0.6700,0.4319,0.5605,948563.1875,1,1,0.1191,0.3570
73.2514,-0.6423,0.8742,0.5605,948563.1875,1,1,0.1203,0.3593
73.2604,-0.3494,0.4655,0.5605,948563.1875,1,1,0.1189,0.3570
73.2705,-0.0703,-0.1780,0.5605,948563.1875,1,1,0.1150,0.3504
73.2805,-0.3252,0.0186,0.5605,948563.1875,1,1,0.1133,0.3479
73.2908,-0.4034,0.0409,0.5605,948563.1875,1,1,0.1124,0.3467
73.3008,-0.5885,-0.5375,0.5605,948563.1875,1,1,0.1137,0.3483
73.3104,-0.2470,-0.3658,0.5605,948563.1875,1,1,0.1107,0.3450
73.3205,-0.6735,0.3183,0.5605,948563.1875,1,1,0.1132,0.3478
73.3304,-0.5545,0.7140,0.5605,948563.1875,1,1,0.1143,0.3489
73.3408,-0.2746,0.2342,0.5605,948563.1875,1,1,0.1116,0.3461
73.3508,-0.3114,-0.1403,0.5605,948563.1875,1,1,0.1093,0.3441
73.3605,-0.5185,0.0273,0.5605,948563.1875,1,1,0.1101,0.3448
73.3704,-0.6091,-0.1512,0.5605,948563.1875,1,1,0.1124,0.3466
73.3805,-0.3800,-0.5895,0.5605,948563.1875,1,1,0.1112,0.3458
73.3908,-0.1663,-0.2278,0.5605,948563.1875,1,1,0.1065,0.3426
73.4008,-0.5166,0.5603,0.5605,948563.1875,1,1,0.1079,0.3434
73.4105,-0.5132,0.6944,0.5605,948563.1875,1,1,0.1092,0.3442
73.4204,-0.3422,0.0204,0.5605,948563.1875,1,1,0.1076,0.3434
73.4304,-0.5990,-0.1247,0.5605,948563.1875,1,1,0.1106,0.3449
73.4409,-0.4864,-0.0439,0.5605,948563.1875,1,1,0.1118,0.3455
73.4514,-0.4939,-0.4205,0.5605,948563.1875,1,1,0.1134,0.3461
73.4604,-0.1546,-0.5244,0.5605,948563.1875,1,1,0.1087,0.3443
73.4705,-0.2350,0.0366,0.5605,948563.1875,1,1,0.1058,0.3435
73.4805,-0.5573,0.5150,0.5605,948563.1875,1,1,0.1090,0.3444
73.4907,-0.5092,0.3256,0.5605,948563.1875,1,1,0.1115,0.3450
73.5008,-0.3017,-0.2200,0.5605,948563.1875,1,1,0.1101,0.3447
73.5104,-0.4455,0.0575,0.5605,948563.1875,1,1,0.1117,0.3449
73.5204,-0.2319,0.1033,0.5605,948563.1875,1,1,0.1092,0.3445
73.5305,-0.1681,-0.5463,0.5605,948563.1875,1,1,0.1060,0.3443
73.5408,0.0297,-0.5622,0.5605,948563.1875,1,1,0.0994,0.3443
73.5508,-0.4679,-0.1649,0.5605,948563.1875,1,1,0.1023,0.3443
73.5605,-0.6940,0.0909,0.5605,948563.1875,1,1,0.1096,0.3437
73.5705,-0.5826,0.0622,0.5605,948563.1875,1,1,0.1147,0.3433
73.5804,-0.5171,0.0540,0.5605,948563.1875,1,1,0.1187,0.3426
73.5908,-0.5072,0.3185,0.5605,948563.1875,1,1,0.1224,0.3420
73.6008,-0.3022,-0.1033,0.5605,948563.1875,1,1,0.1228,0.3419
73.6105,-0.2169,-0.8446,0.5605,948563.1875,1,1,0.1216,0.3422
73.6204,-0.1876,-0.6702,0.5605,948563.1875,1,1,0.1203,0.3427
73.6305,-0.6024,-0.0949,0.5605,948563.1875,1,1,0.1263,0.3399
73.6409,-0.5847,0.0849,0.5605,948563.1875,1,1,0.1318,0.3373
73.6514,-0.4457,-0.0698,0.5605,948563.1875,1,1,0.1351,0.3354
73.6606,-0.5764,0.2081,0.5605,948563.1875,1,1,0.1403,0.3324
73.6705,-0.3509,0.3085,0.5605,948563.1875,1,1,0.1421,0.3310
73.6805,-0.2770,-0.3359,0.5605,948563.1875,1,1,0.1428,0.3305
73.6908,-0.1487,-0.6806,0.5605,948563.1875,1,1,0.1420,0.3313
73.7008,-0.3520,-0.3752,0.5605,948563.1875,1,1,0.1441,0.3290
73.7104,-0.6076,-0.0442,0.5605,948563.1875,1,1,0.1494,0.3233
73.7204,-0.3885,0.0209,0.5605,948563.1875,1,1,0.1518,0.3202
73.7304,-0.3201,0.0771,0.5605,948563.1875,1,1,0.1533,0.3182
73.7407,-0.5043,0.3778,0.5611,948563.2500,1,1,0.1568,0.3126
73.7508,-0.4864,0.1572,0.5611,948563.2500,1,1,0.1590,0.3034
73.7605,-0.3688,-0.6772,0.5611,948563.2500,1,1,0.1603,0.2964
73.7705,-0.0184,-0.7369,0.5611,948563.2500,1,1,0.1600,0.2981
73.7805,-0.2584,-0.2702,0.5611,948563.2500,1,1,0.1604,0.2934
73.7908,-0.4890,0.0295,0.5611,948563.2500,1,1,0.1615,0.2835
73.8009,-0.2439,0.0916,0.5611,948563.2500,1,1,0.1617,0.2791
73.8104,-0.3983,0.2780,0.5611,948563.2500,1,1,0.1615,0.2703
73.8205,-0.3772,0.4054,0.5611,948563.2500,1,1,0.1613,0.2626
73.8304,-0.3890,-0.1762,0.5611,948563.2500,1,1,0.1606,0.2541
73.8408,-0.2919,-0.8171,0.5611,948563.2500,1,1,0.1601,0.2486
73.8513,-0.2572,-0.5870,0.5611,948563.2500,1,1,0.1594,0.2436
73.8605,-0.5640,-0.1281,0.5611,948563.2500,1,1,0.1576,0.2313
73.8705,-0.5461,0.2643,0.5611,948563.2500,1,1,0.1551,0.2192
73.8805,-0.2772,0.3220,0.5611,948563.2500,1,1,0.1541,0.2145
73.8905,-0.4775,0.2598,0.5611,948563.2500,1,1,0.1514,0.2045
73.9010,-0.4162,0.1143,0.5611,948563.2500,1,1,0.1486,0.1960
73.9104,-0.4977,-0.5822,0.5611,948563.2500,1,1,0.1453,0.1859
73.9204,-0.3092,-0.8779,0.5611,948563.2500,1,1,0.1432,0.1806
73.9305,-0.4595,-0.6427,0.5611,948563.2500,1,1,0.1399,0.1720
73.9408,-0.6729,-0.2442,0.5611,948563.2500,1,1,0.1335,0.1582
73.9508,-0.3902,-0.0314,0.5611,948563.2500,1,1,0.1307,0.1519
73.9605,-0.2960,0.0969,0.5611,948563.2500,1,1,0.1286,0.1480
73.9705,-0.3910,0.1521,0.5611,948563.2500,1,1,0.1249,0.1417
73.9804,-0.3576,-0.2395,0.5611,948563.2500,1,1,0.1219,0.1365
73.9908,-0.2101,-0.9036,0.5611,948563.2500,1,1,0.1207,0.1348
74.0008,-0.0783,-0.7654,0.5611,948563.2500,1,1,0.1216,0.1362
74.0105,-0.3640,-0.0985,0.5611,948563.2500,1,1,0.1178,0.1310
74.0204,-0.5135,0.0758,0.5611,948563.2500,1,1,0.1119,0.1230
74.0304,-0.1150,-0.1870,0.5611,948563.2500,1,1,0.1124,0.1236
74.0409,-0.2277,-0.0762,0.5611,948563.2500,1,1,0.1110,0.1219
74.0514,-0.0712,-0.0205,0.5611,948563.2500,1,1,0.1123,0.1233
74.0605,-0.1678,-0.3460,0.5611,948563.2500,1,1,0.1116,0.1226
74.0705,0.0160,-0.6121,0.5611,948563.2500,1,1,0.1144,0.1255
74.0805,-0.0370,-0.2997,0.5611,948563.2500,1,1,0.1161,0.1270
74.0908,-0.1236,0.5251,0.5611,948563.2500,1,1,0.1160,0.1270
74.1008,-0.0699,0.5322,0.5611,948563.2500,1,1,0.1170,0.1278
74.1104,0.1280,-0.1713,0.5611,948563.2500,1,1,0.1218,0.1320
74.1204,-0.1563,-0.3861,0.5611,948563.2500,1,1,0.1206,0.1310
74.1305,-0.1309,-0.2236,0.5611,948563.2500,1,1,0.1199,0.1305
74.1407,-0.2847,-0.2183,0.5611,948563.2500,1,1,0.1158,0.1274
74.1508,0.2731,0.0850,0.5611,948563.2500,1,1,0.1245,0.1334
74.1605,0.0067,0.4713,0.5611,948563.2500,1,1,0.1266,0.1349
74.1705,0.0159,0.5351,0.5611,948563.2500,1,1,0.1289,0.1364
74.1805,-0.0885,-0.1928,0.5611,948563.2500,1,1,0.1287,0.1362
74.1907,0.0822,-0.7214,0.5611,948563.2500,1,1,0.1325,0.1386
74.2008,-0.0105,-0.3976,0.5611,948563.2500,1,1,0.1339,0.1394
74.2105,-0.1588,0.0814,0.5611,948563.2500,1,1,0.1316,0.1381
74.2205,-0.1360,0.3024,0.5611,948563.2500,1,1,0.1299,0.1372
74.2304,0.3576,0.4195,0.5611,948563.2500,1,1,0.1405,0.1429
74.2409,0.0802,0.3336,0.5611,948563.2500,1,1,0.1439,0.1446
74.2514,0.1120,0.0014,0.5611,948563.2500,1,1,0.1478,0.1467
74.2604,0.0843,-0.7036,0.5611,948563.2500,1,1,0.1510,0.1482
74.2705,0.2506,-0.6192,0.5611,948563.2500,1,1,0.1581,0.1516
74.2804,-0.0522,0.1009,0.5611,948563.2500,1,1,0.1574,0.1513
74.2908,-0.2129,0.5891,0.5611,948563.2500,1,1,0.1528,0.1494
74.3008,0.1929,0.5223,0.5611,948563.2500,1,1,0.1585,0.1518
74.3106,0.2432,0.3070,0.5611,948563.2500,1,1,0.1652,0.1545
74.3204,0.0926,0.1940,0.5611,948563.2500,1,1,0.1679,0.1556
74.3305,-0.0229,-0.2220,0.5611,948563.2500,1,1,0.1678,0.1556
74.3408,-0.0284,-0.5904,0.5611,948563.2500,1,1,0.1676,0.1555
74.3508,-0.0180,-0.2150,0.5611,948563.2500,1,1,0.1678,0.1555
74.3605,-0.1873,0.3339,0.5611,948563.2500,1,1,0.1641,0.1544
74.3705,-0.1389,0.6688,0.5611,948563.2500,1,1,0.1618,0.1537
74.3805,0.3646,0.5735,0.5611,948563.2500,1,1,0.1710,0.1562
74.3908,0.1850,0.3090,0.5611,948563.2500,1,1,0.1758,0.1576
74.4008,0.1324,0.0004,0.5611,948563.2500,1,1,0.1794,0.1585
74.4105,-0.1385,-0.1405,0.5611,948563.2500,1,1,0.1770,0.1579
74.4204,-0.0995,0.0984,0.5611,948563.2500,1,1,0.1756,0.1576
74.4305,-0.1419,0.1233,0.5611,948563.2500,1,1,0.1734,0.1571
74.4408,-0.0572,0.2911,0.5611,948563.2500,1,1,0.1733,0.1571
74.4513,-0.0066,0.5888,0.5611,948563.2500,1,1,0.1744,0.1572
74.4604,0.4357,0.4543,0.5611,948563.2500,1,1,0.1847,0.1583
74.4705,0.3740,0.0020,0.5611,948563.2500,1,1,0.1934,0.1588
74.4805,0.2358,-0.1956,0.5611,948563.2500,1,1,0.1990,0.1590
74.4908,-0.0861,-0.0808,0.5611,948563.2500,1,1,0.1982,0.1590
74.5008,-0.0469,0.0497,0.5611,948563.2500,1,1,0.1981,0.1590
74.5105,-0.0475,-0.0021,0.5611,948563.2500,1,1,0.1983,0.1590
74.5204,-0.1197,0.2897,0.5611,948563.2500,1,1,0.1973,0.1592
74.5305,0.2609,0.6891,0.5611,948563.2500,1,1,0.2034,0.1584
74.5407,0.3678,0.4913,0.5611,948563.2500,1,1,0.2114,0.1568
74.5508,0.3324,0.1250,0.5611,948563.2500,1,1,0.2184,0.1554
74.5605,0.2433,-0.1278,0.5611,948563.2500,1,1,0.2237,0.1539
74.5704,0.1625,-0.1846,0.5611,948563.2500,1,1,0.2274,0.1529
74.5805,0.1205,-0.0418,0.5611,948563.2500,1,1,0.2305,0.1519
74.5908,0.0246,0.0953,0.5611,948563.2500,1,1,0.2318,0.1514
74.6008,-0.1301,0.4200,0.5611,948563.2500,1,1,0.2309,0.1518
74.6105,0.2907,0.6813,0.5611,948563.2500,1,1,0.2365,0.1488
74.6204,0.2670,0.4088,0.5611,948563.2500,1,1,0.2416,0.1462
74.6304,0.3523,0.2073,0.5611,948563.2500,1,1,0.2477,0.1423
74.6410,0.3232,0.1100,0.5611,948563.2500,1,1,0.2532,0.1389
74.6515,0.2726,0.0355,0.5611,948563.2500,1,1,0.2578,0.1355
74.6605,0.2863,0.0875,0.5611,948563.2500,1,1,0.2624,0.1321
74.6705,0.1510,0.2412,0.5611,948563.2500,1,1,0.2652,0.1296
74.6805,-0.0333,0.6452,0.5611,948563.2500,1,1,0.2658,0.1290
74.6907,0.3333,0.8480,0.5611,948563.2500,1,1,0.2705,0.1242
74.7008,0.3740,0.2631,0.5611,948563.2500,1,1,0.2751,0.1184
74.7104,0.4205,0.0234,0.5611,948563.2500,1,1,0.2801,0.1123
74.7204,0.2071,0.0359,0.5611,948563.2500,1,1,0.2828,0.1084
74.7304,0.1271,0.0410,0.5611,948563.2500,1,1,0.2846,0.1057
74.7408,0.1756,-0.0533,0.5638,948563.5000,1,1,0.2867,0.1020
74.7508,0.0684,0.1825,0.5638,948563.5000,1,1,0.2818,0.0936
74.7605,-0.0273,0.6733,0.5638,948563.5000,1,1,0.2781,0.0873
74.7705,0.1689,0.7301,0.5638,948563.5000,1,1,0.2720,0.0778
74.7805,0.3714,0.0239,0.5638,948563.5000,1,1,0.2638,0.0652
74.7907,0.3751,-0.1282,0.5638,948563.5000,1,1,0.2552,0.0533
74.8008,0.1744,0.1235,0.5638,948563.5000,1,1,0.2493,0.0452
74.8105,-0.2028,0.1957,0.5638,948563.5000,1,1,0.2478,0.0432
74.8204,0.0397,-0.0176,0.5638,948563.5000,1,1,0.2429,0.0379
74.8305,0.0305,0.2390,0.5638,948563.5000,1,1,0.2384,0.0329
74.8408,-0.0365,0.7716,0.5638,948563.5000,1,1,0.2345,0.0291
74.8515,0.1456,0.4793,0.5638,948563.5000,1,1,0.2284,0.0231
74.8605,0.3953,0.1673,0.5638,948563.5000,1,1,0.2188,0.0148
74.8704,0.2682,0.2643,0.5638,948563.5000,1,1,0.2112,0.0083
74.8805,0.0899,0.1454,0.5638,948563.5000,1,1,0.2058,0.0043
74.8908,-0.0434,-0.0971,0.5638,948563.5000,1,1,0.2025,0.0018
74.9008,0.0804,0.1853,0.5638,948563.5000,1,1,0.1973,-0.0016
74.9104,-0.2097,0.6509,0.5638,948563.5000,1,1,0.1962,-0.0022
74.9204,-0.2146,0.8380,0.5638,948563.5000,1,1,0.1951,-0.0027
74.9305,0.2421,0.3680,0.5638,948563.5000,1,1,0.1874,-0.0061
74.9408,0.4332,0.1091,0.5638,948563.5000,1,1,0.1772,-0.0105
74.9508,0.1800,0.2084,0.5638,948563.5000,1,1,0.1707,-0.0127
74.9605,-0.0742,0.2466,0.5638,948563.5000,1,1,0.1680,-0.0136
74.9704,-0.1402,0.1849,0.5638,948563.5000,1,1,0.1662,-0.0140
74.9805,-0.0982,0.4132,0.5638,948563.5000,1,1,0.1638,-0.0143
74.9908,-0.3893,0.5517,0.5638,948563.5000,1,1,0.1657,-0.0140
75.0008,-0.2734,0.6091,0.5638,948563.5000,1,1,0.1658,-0.0140
75.0105,0.1257,0.4188,0.5638,948563.5000,1,1,0.1602,-0.0142
75.0204,-0.0147,0.2707,0.5638,948563.5000,1,1,0.1566,-0.0139
75.0305,-0.1094,0.1732,0.5638,948563.5000,1,1,0.1546,-0.0137
75.0408,-0.3120,0.1425,0.5638,948563.5000,1,1,0.1554,-0.0139
75.0513,-0.2850,0.2412,0.5638,948563.5000,1,1,0.1558,-0.0140
75.0605,-0.2430,0.3567,0.5638,948563.5000,1,1,0.1556,-0.0139
75.0705,-0.3716,0.4922,0.5638,948563.5000,1,1,0.1571,-0.0146
75.0805,-0.3034,0.6304,0.5638,948563.5000,1,1,0.1577,-0.0148
75.0908,-0.1575,0.3482,0.5638,948563.5000,1,1,0.1564,-0.0141
75.1008,-0.2333,-0.1699,0.5638,948563.5000,1,1,0.1560,-0.0139
75.1105,-0.2553,-0.0490,0.5638,948563.5000,1,1,0.1560,-0.0139
75.1204,-0.4134,0.1760,0.5638,948563.5000,1,1,0.1579,-0.0155
75.1305,-0.3426,0.1209,0.5638,948563.5000,1,1,0.1588,-0.0164
75.1408,-0.4428,0.0463,0.5638,948563.5000,1,1,0.1609,-0.0185
75.1507,-0.5223,0.3856,0.5638,948563.5000,1,1,0.1638,-0.0216
75.1605,-0.2807,0.5938,0.5638,948563.5000,1,1,0.1639,-0.0217
75.1705,-0.2509,0.2037,0.5638,948563.5000,1,1,0.1637,-0.0215
75.1805,-0.2123,-0.1238,0.5638,948563.5000,1,1,0.1632,-0.0207
75.1907,-0.3558,-0.2109,0.5638,948563.5000,1,1,0.1640,-0.0220
75.2008,-0.5302,0.0414,0.5638,948563.5000,1,1,0.1663,-0.0263
75.2105,-0.3725,0.3288,0.5638,948563.5000,1,1,0.1672,-0.0281
75.2204,-0.6050,0.5726,0.5638,948563.5000,1,1,0.1697,-0.0339
75.2304,-0.3517,0.9307,0.5638,948563.5000,1,1,0.1703,-0.0353
75.2409,-0.1618,0.5411,0.5638,948563.5000,1,1,0.1695,-0.0332
75.2514,-0.1648,-0.0495,0.5638,948563.5000,1,1,0.1689,-0.0312
75.2604,-0.3386,-0.1162,0.5638,948563.5000,1,1,0.1693,-0.0326
75.2705,-0.5008,-0.0630,0.5638,948563.5000,1,1,0.1704,-0.0374
75.2805,-0.5930,-0.0115,0.5638,948563.5000,1,1,0.1715,-0.0445
75.2908,-0.6108,0.1779,0.5638,948563.5000,1,1,0.1726,-0.0516
75.3008,-0.7234,0.5019,0.5638,948563.5000,1,1,0.1735,-0.0614
75.3104,-0.3295,0.8041,0.5638,948563.5000,1,1,0.1735,-0.0623
75.3204,-0.4095,0.3386,0.5638,948563.5000,1,1,0.1736,-0.0651
75.3304,-0.4586,-0.0336,0.5638,948563.5000,1,1,0.1738,-0.0688
75.3408,-0.5233,-0.0292,0.5638,948563.5000,1,1,0.1737,-0.0742
75.3508,-0.5712,0.0336,0.5638,948563.5000,1,1,0.1732,-0.0809
75.3605,-0.5241,0.0313,0.5638,948563.5000,1,1,0.1728,-0.0862
75.3704,-0.7433,0.2844,0.5638,948563.5000,1,1,0.1714,-0.0967
75.3805,-0.6557,0.7429,0.5638,948563.5000,1,1,0.1704,-0.1047
75.3908,-0.4501,0.6587,0.5638,948563.5000,1,1,0.1698,-0.1079
75.4008,-0.4146,0.0267,0.5638,948563.5000,1,1,0.1694,-0.1101
75.4105,-0.4430,-0.2898,0.5638,948563.5000,1,1,0.1687,-0.1131
75.4205,-0.5292,-0.2368,0.5638,948563.5000,1,1,0.1673,-0.1183
75.4304,-0.6288,-0.0821,0.5638,948563.5000,1,1,0.1652,-0.1255
75.4409,-0.6738,0.1600,0.5638,948563.5000,1,1,0.1624,-0.1337
75.4514,-0.9509,0.6023,0.5638,948563.5000,1,1,0.1576,-0.1478
75.4604,-0.5368,0.6995,0.5638,948563.5000,1,1,0.1558,-0.1522
75.4705,-0.4417,0.0455,0.5638,948563.5000,1,1,0.1550,-0.1543
75.4805,-0.3928,-0.5301,0.5638,948563.5000,1,1,0.1545,-0.1554
75.4908,-0.6936,-0.5654,0.5638,948563.5000,1,1,0.1511,-0.1633
75.5008,-0.8221,-0.1213,0.5638,948563.5000,1,1,0.1458,-0.1739
75.5105,-0.9209,0.2767,0.5638,948563.5000,1,1,0.1389,-0.1866
75.5205,-0.9297,0.5382,0.5638,948563.5000,1,1,0.1323,-0.1988
75.5304,-0.7293,0.3465,0.5638,948563.5000,1,1,0.1278,-0.2063
75.5407,-0.2958,-0.2216,0.5638,948563.5000,1,1,0.1291,-0.2041
75.5508,-0.4422,-0.5074,0.5638,948563.5000,1,1,0.1284,-0.2052
75.5605,-0.5345,-0.3344,0.5638,948563.5000,1,1,0.1264,-0.2083
75.5704,-0.8480,-0.1630,0.5638,948563.5000,1,1,0.1196,-0.2179
75.5804,-0.6408,0.3264,0.5638,948563.5000,1,1,0.1157,-0.2229
75.5908,-0.7741,0.6983,0.5638,948563.5000,1,1,0.1101,-0.2303
75.6008,-0.7473,0.5570,0.5638,948563.5000,1,1,0.1045,-0.2369
75.6105,-0.3816,-0.1377,0.5638,948563.5000,1,1,0.1051,-0.2362
75.6205,-0.3054,-0.5273,0.5638,948563.5000,1,1,0.1068,-0.2344
75.6305,-0.4474,-0.2372,0.5638,948563.5000,1,1,0.1060,-0.2352
75.6409,-0.7314,0.1439,0.5638,948563.5000,1,1,0.0998,-0.2413
75.6514,-0.6357,0.2773,0.5638,948563.5000,1,1,0.0952,-0.2455
75.6606,-0.6071,0.3561,0.5638,948563.5000,1,1,0.0913,-0.2491
75.6705,-0.7927,0.5721,0.5638,948563.5000,1,1,0.0834,-0.2556
75.6805,-0.7552,0.0664,0.5638,948563.5000,1,1,0.0767,-0.2612
75.6908,-0.4509,-0.7470,0.5638,948563.5000,1,1,0.0759,-0.2619
75.7008,-0.5481,-0.4997,0.5615,948563.2500,1,1,0.0732,-0.2640
75.7105,-0.7830,0.2013,0.5615,948563.2500,1,1,0.0727,-0.2687
75.7205,-1.0096,0.3731,0.5615,948563.2500,1,1,0.0709,-0.2776
75.7304,-0.5982,0.3540,0.5615,948563.2500,1,1,0.0706,-0.2787
75.7407,-0.6800,0.2475,0.5615,948563.2500,1,1,0.0699,-0.2812
75.7508,-0.5356,0.2687,0.5615,948563.2500,1,1,0.0700,-0.2811
75.7605,-0.5533,-0.3732,0.5615,948563.2500,1,1,0.0699,-0.2813
75.7705,-0.3847,-0.8200,0.5615,948563.2500,1,1,0.0711,-0.2785
75.7805,-0.5437,-0.3174,0.5615,948563.2500,1,1,0.0711,-0.2787
75.7908,-0.6158,0.2907,0.5615,948563.2500,1,1,0.0702,-0.2803
75.8008,-0.5401,0.1276,0.5615,948563.2500,1,1,0.0700,-0.2806
75.8105,-0.4569,-0.0682,0.5615,948563.2500,1,1,0.0707,-0.2795
75.8204,-0.6079,0.0375,0.5615,948563.2500,1,1,0.0695,-0.2811
75.8304,-0.4296,-0.1939,0.5615,948563.2500,1,1,0.0706,-0.2797
75.8409,-0.4736,-0.7907,0.5615,948563.2500,1,1,0.0710,-0.2792
75.8514,-0.3494,-0.7296,0.5615,948563.2500,1,1,0.0731,-0.2767
75.8604,-0.5969,-0.1309,0.5615,948563.2500,1,1,0.0714,-0.2785
75.8704,-0.4732,0.2331,0.5615,948563.2500,1,1,0.0717,-0.2782
75.8805,-0.3563,-0.1499,0.5615,948563.2500,1,1,0.0736,-0.2763
75.8908,-0.4387,-0.1113,0.5615,948563.2500,1,1,0.0740,-0.2760
75.9008,-0.4013,0.1131,0.5615,948563.2500,1,1,0.0751,-0.2751
75.9104,-0.3516,-0.3629,0.5615,948563.2500,1,1,0.0768,-0.2738
75.9204,-0.3902,-0.6929,0.5615,948563.2500,1,1,0.0777,-0.2730
75.9305,-0.5060,-0.4443,0.5615,948563.2500,1,1,0.0762,-0.2741
75.9408,-0.5591,-0.0707,0.5615,948563.2500,1,1,0.0738,-0.2759
75.9508,-0.3997,0.2272,0.5615,948563.2500,1,1,0.0742,-0.2756
75.9605,-0.4718,0.2564,0.5615,948563.2500,1,1,0.0728,-0.2764
75.9705,-0.3310,0.0367,0.5615,948563.2500,1,1,0.0743,-0.2755
75.9805,-0.0423,-0.2986,0.5615,948563.2500,1,1,0.0816,-0.2714
75.9908,-0.2547,-0.4638,0.5615,948563.2500,1,1,0.0841,-0.2700
76.0008,-0.3950,-0.2940,0.5615,948563.2500,1,1,0.0832,-0.2704
76.0104,-0.5633,-0.3922,0.5615,948563.2500,1,1,0.0789,-0.2727
76.0205,-0.3405,-0.2359,0.5615,948563.2500,1,1,0.0791,-0.2727
76.0305,-0.3918,0.2001,0.5615,948563.2500,1,1,0.0777,-0.2733
76.0409,-0.3639,0.2871,0.5615,948563.2500,1,1,0.0770,-0.2736
76.0514,0.0186,-0.3002,0.5615,948563.2500,1,1,0.0844,-0.2706
76.0604,0.0320,-0.5509,0.5615,948563.2500,1,1,0.0918,-0.2675
76.0705,-0.1956,-0.2847,0.5615,948563.2500,1,1,0.0936,-0.2669
76.0804,-0.4608,-0.3670,0.5615,948563.2500,1,1,0.0895,-0.2684
76.0908,-0.3562,-0.7089,0.5615,948563.2500,1,1,0.0874,-0.2691
76.1008,-0.2788,-0.2628,0.5615,948563.2500,1,1,0.0871,-0.2692
76.1105,-0.3890,0.3668,0.5615,948563.2500,1,1,0.0839,-0.2702
76.1204,-0.1050,0.2500,0.5615,948563.2500,1,1,0.0868,-0.2694
76.1305,0.1111,-0.3640,0.5615,948563.2500,1,1,0.0943,-0.2675
76.1408,-0.1050,-0.4893,0.5615,948563.2500,1,1,0.0964,-0.2670
76.1508,-0.1903,-0.3081,0.5615,948563.2500,1,1,0.0966,-0.2670
76.1605,-0.4314,-0.3376,0.5615,948563.2500,1,1,0.0912,-0.2679
76.1704,0.0028,-0.3389,0.5615,948563.2500,1,1,0.0953,-0.2672
76.1805,-0.1546,-0.0794,0.5615,948563.2500,1,1,0.0955,-0.2672
76.1907,-0.0978,0.4655,0.5615,948563.2500,1,1,0.0965,-0.2671
76.2008,-0.0764,-0.0711,0.5615,948563.2500,1,1,0.0980,-0.2670
76.2105,0.0061,-0.8261,0.5615,948563.2500,1,1,0.1007,-0.2669
76.2204,-0.2559,-0.6689,0.5615,948563.2500,1,1,0.0981,-0.2670
76.2304,-0.4633,-0.2398,0.5615,948563.2500,1,1,0.0912,-0.2668
76.2409,-0.3992,0.0167,0.5615,948563.2500,1,1,0.0859,-0.2666
76.2513,-0.0144,0.2107,0.5615,948563.2500,1,1,0.0878,-0.2668
76.2604,-0.0473,0.2977,0.5615,948563.2500,1,1,0.0890,-0.2669
76.2704,0.3493,0.2259,0.5615,948563.2500,1,1,0.0971,-0.2681
76.2804,0.0278,-0.3987,0.5615,948563.2500,1,1,0.0988,-0.2685
76.2908,-0.0467,-0.6868,0.5615,948563.2500,1,1,0.0992,-0.2686
76.3008,-0.3669,-0.3607,0.5615,948563.2500,1,1,0.0938,-0.2671
76.3105,-0.2382,0.1716,0.5615,948563.2500,1,1,0.0909,-0.2662
76.3205,0.0087,0.2056,0.5615,948563.2500,1,1,0.0918,-0.2666
76.3305,-0.0115,0.1818,0.5615,948563.2500,1,1,0.0925,-0.2668
76.3408,0.1059,0.2111,0.5615,948563.2500,1,1,0.0947,-0.2678
76.3508,0.2200,-0.1981,0.5615,948563.2500,1,1,0.0982,-0.2697
76.3605,0.0863,-0.6005,0.5615,948563.2500,1,1,0.0997,-0.2705
76.3704,0.1304,-0.3780,0.5615,948563.2500,1,1,0.1015,-0.2716
76.3805,-0.0221,-0.1503,0.5615,948563.2500,1,1,0.1012,-0.2714
76.3908,0.1729,0.2328,0.5615,948563.2500,1,1,0.1033,-0.2730
76.4008,0.0961,0.2811,0.5615,948563.2500,1,1,0.1044,-0.2738
76.4105,0.0546,0.2795,0.5615,948563.2500,1,1,0.1047,-0.2741
76.4205,0.3985,0.1110,0.5615,948563.2500,1,1,0.1086,-0.2783
76.4305,0.2502,-0.1650,0.5615,948563.2500,1,1,0.1109,-0.2806
76.4409,0.1332,-0.3589,0.5615,948563.2500,1,1,0.1117,-0.2816
76.4514,0.0113,-0.2976,0.5615,948563.2500,1,1,0.1113,-0.2811
76.4604,0.2172,-0.1607,0.5615,948563.2500,1,1,0.1126,-0.2831
76.4705,0.0966,0.2567,0.5615,948563.2500,1,1,0.1129,-0.2836
76.4805,-0.0235,0.5251,0.5615,948563.2500,1,1,0.1123,-0.2824
76.4908,0.2856,0.2049,0.5615,948563.2500,1,1,0.1139,-0.2853
76.5008,0.4883,-0.2027,0.5615,948563.2500,1,1,0.1164,-0.2911
76.5104,0.2319,-0.2457,0.5615,948563.2500,1,1,0.1171,-0.2933
76.5204,-0.0001,-0.2335,0.5615,948563.2500,1,1,0.1167,-0.2921
76.5305,-0.1685,-0.0403,0.5615,948563.2500,1,1,0.1158,-0.2883
76.5408,0.1353,0.4532,0.5615,948563.2500,1,1,0.1160,-0.2892
76.5508,0.1487,0.6624,0.5615,948563.2500,1,1,0.1162,-0.2902
76.5605,0.2276,0.7369,0.5615,948563.2500,1,1,0.1165,-0.2925
76.5704,0.4667,0.3815,0.5615,948563.2500,1,1,0.1169,-0.2985
76.5804,0.2521,-0.0974,0.5615,948563.2500,1,1,0.1169,-0.3011
76.5907,0.1334,-0.2856,0.5615,948563.2500,1,1,0.1169,-0.3018
76.6008,-0.1497,-0.0767,0.5615,948563.2500,1,1,0.1173,-0.2981
76.6105,0.0208,0.3724,0.5615,948563.2500,1,1,0.1173,-0.2971
76.6204,0.3129,0.5087,0.5615,948563.2500,1,1,0.1167,-0.3010
76.6304,0.1809,0.2403,0.5615,948563.2500,1,1,0.1164,-0.3026
76.6409,0.2861,0.2939,0.5615,948563.2500,1,1,0.1155,-0.3060
76.6514,0.3106,-0.0201,0.5615,948563.2500,1,1,0.1143,-0.3099
76.6606,0.1733,-0.3581,0.5615,948563.2500,1,1,0.1138,-0.3114
76.6705,0.1171,-0.3574,0.5615,948563.2500,1,1,0.1135,-0.3122
76.6805,-0.0529,-0.0033,0.5615,948563.2500,1,1,0.1142,-0.3103
76.6907,0.1712,0.4041,0.5615,948563.2500,1,1,0.1134,-0.3121
76.7008,0.0703,0.5308,0.5565,948563.4375,1,1,0.1133,-0.3123
76.7104,0.0776,0.4777,0.5565,948563.4375,1,1,0.1220,-0.3018
76.7204,0.2399,0.1979,0.5565,948563.4375,1,1,0.1332,-0.2893
76.7304,0.1439,-0.0037,0.5565,948563.4375,1,1,0.1418,-0.2798
76.7408,0.1444,0.1024,0.5565,948563.4375,1,1,0.1498,-0.2717
76.7508,-0.1238,0.0329,0.5565,948563.4375,1,1,0.1519,-0.2698
76.7605,0.0798,0.1551,0.5565,948563.4375,1,1,0.1578,-0.2644
76.7705,0.0656,0.5005,0.5565,948563.4375,1,1,0.1630,-0.2602
76.7805,-0.0697,0.8214,0.5565,948563.4375,1,1,0.1652,-0.2584
76.7908,0.0806,0.5644,0.5565,948563.4375,1,1,0.1699,-0.2549
76.8008,0.2843,-0.1293,0.5565,948563.4375,1,1,0.1784,-0.2488
76.8104,-0.0771,-0.0665,0.5565,948563.4375,1,1,0.1792,-0.2483
76.8204,-0.2257,0.3078,0.5565,948563.4375,1,1,0.1770,-0.2497
76.8305,-0.2765,0.3378,0.5565,948563.4375,1,1,0.1736,-0.2516
76.8409,0.0966,0.4364,0.5565,948563.4375,1,1,0.1772,-0.2498
76.8513,-0.0784,0.6918,0.5565,948563.4375,1,1,0.1773,-0.2498
76.8605,-0.0609,0.6741,0.5565,948563.4375,1,1,0.1774,-0.2497
76.8704,-0.0071,0.1049,0.5565,948563.4375,1,1,0.1785,-0.2492
76.8805,-0.0149,-0.1640,0.5565,948563.4375,1,1,0.1790,-0.2490
76.8908,-0.1182,0.0072,0.5565,948563.4375,1,1,0.1776,-0.2496
76.9008,-0.2673,0.2911,0.5565,948563.4375,1,1,0.1730,-0.2511
76.9105,-0.0446,0.5866,0.5565,948563.4375,1,1,0.1725,-0.2512
76.9205,0.0581,0.8154,0.5565,948563.4375,1,1,0.1740,-0.2508
76.9304,-0.1771,0.7614,0.5565,948563.4375,1,1,0.1707,-0.2514
76.9408,-0.0303,0.2161,0.5565,948563.4375,1,1,0.1703,-0.2515
76.9508,0.0633,-0.3057,0.5565,948563.4375,1,1,0.1713,-0.2514
76.9605,-0.1439,0.1016,0.5565,948563.4375,1,1,0.1686,-0.2518
76.9705,-0.2575,0.5046,0.5565,948563.4375,1,1,0.1636,-0.2520
76.9805,-0.2404,0.3340,0.5565,948563.4375,1,1,0.1592,-0.2523
76.9908,-0.0325,0.4894,0.5565,948563.4375,1,1,0.1583,-0.2523
77.0008,-0.2183,0.9172,0.5565,948563.4375,1,1,0.1541,-0.2518
77.0105,-0.1230,0.8382,0.5565,948563.4375,1,1,0.1517,-0.2516
77.0204,0.0620,0.1462,0.5565,948563.4375,1,1,0.1522,-0.2517
77.0304,-0.0617,-0.0049,0.5565,948563.4375,1,1,0.1507,-0.2514
77.0409,-0.1377,0.1895,0.5565,948563.4375,1,1,0.1479,-0.2506
77.0514,-0.3177,0.0905,0.5565,948563.4375,1,1,0.1424,-0.2491
77.0604,-0.1266,0.1344,0.5565,948563.4375,1,1,0.1399,-0.2482
77.0705,-0.3752,0.5954,0.5565,948563.4375,1,1,0.1338,-0.2460
77.0805,-0.3277,1.1077,0.5565,948563.4375,1,1,0.1287,-0.2435
77.0907,0.0614,0.6385,0.5565,948563.4375,1,1,0.1290,-0.2437
77.1008,0.1558,0.0055,0.5565,948563.4375,1,1,0.1307,-0.2447
77.1105,0.0649,-0.0367,0.5565,948563.4375,1,1,0.1309,-0.2449
77.1204,-0.2903,0.0287,0.5565,948563.4375,1,1,0.1267,-0.2419
77.1305,-0.2128,0.0047,0.5565,948563.4375,1,1,0.1237,-0.2392
77.1408,-0.2775,0.4702,0.5565,948563.4375,1,1,0.1200,-0.2361
77.1508,-0.4276,1.1433,0.5565,948563.4375,1,1,0.1149,-0.2309
77.1605,-0.2448,0.9364,0.5565,948563.4375,1,1,0.1122,-0.2275
77.1705,-0.1932,0.1048,0.5565,948563.4375,1,1,0.1100,-0.2249
77.1805,-0.1161,-0.2241,0.5565,948563.4375,1,1,0.1088,-0.2231
77.1908,-0.3182,-0.1837,0.5565,948563.4375,1,1,0.1058,-0.2187
77.2008,-0.3642,0.0612,0.5565,948563.4375,1,1,0.1028,-0.2134
77.2105,-0.2621,0.2255,0.5565,948563.4375,1,1,0.1007,-0.2097
77.2204,-0.3944,0.6603,0.5565,948563.4375,1,1,0.0980,-0.2039
77.2304,-0.2350,0.9358,0.5565,948563.4375,1,1,0.0964,-0.2006
77.2409,-0.2340,0.0758,0.5565,948563.4375,1,1,0.0952,-0.1971
77.2514,-0.2694,-0.3518,0.5565,948563.4375,1,1,0.0940,-0.1930
77.2605,-0.4185,-0.1052,0.5565,948563.4375,1,1,0.0922,-0.1867
77.2705,-0.5646,0.0911,0.5565,948563.4375,1,1,0.0904,-0.1779
77.2805,-0.4088,0.0796,0.5565,948563.4375,1,1,0.0892,-0.1718
77.2908,-0.4667,0.2599,0.5565,948563.4375,1,1,0.0883,-0.1648
77.3008,-0.4132,0.5927,0.5565,948563.4375,1,1,0.0875,-0.1589
77.3105,-0.3301,0.3620,0.5565,948563.4375,1,1,0.0873,-0.1544
77.3204,-0.4576,-0.2962,0.5565,948563.4375,1,1,0.0869,-0.1479
77.3304,-0.4963,-0.2778,0.5565,948563.4375,1,1,0.0870,-0.1407
77.3407,-0.5892,0.0002,0.5565,948563.4375,1,1,0.0878,-0.1320
77.3508,-0.4623,0.1975,0.5565,948563.4375,1,1,0.0883,-0.1258
77.3605,-0.5039,0.3855,0.5565,948563.4375,1,1,0.0893,-0.1190
77.3705,-0.7298,0.6626,0.5565,948563.4375,1,1,0.0908,-0.1085
77.3804,-0.5937,0.6109,0.5565,948563.4375,1,1,0.0925,-0.1006
77.3908,-0.4706,-0.0666,0.5565,948563.4375,1,1,0.0937,-0.0951
77.4008,-0.3170,-0.4404,0.5565,948563.4375,1,1,0.0944,-0.0925
77.4104,-0.4607,-0.0682,0.5565,948563.4375,1,1,0.0958,-0.0876
77.4204,-0.6820,0.2596,0.5565,948563.4375,1,1,0.0987,-0.0790
77.4305,-0.4806,0.1789,0.5565,948563.4375,1,1,0.1007,-0.0743
77.4408,-0.7735,0.2734,0.5565,948563.4375,1,1,0.1047,-0.0648
77.4515,-0.7338,0.5314,0.5565,948563.4375,1,1,0.1088,-0.0564
77.4605,-0.5993,0.0030,0.5565,948563.4375,1,1,0.1117,-0.0505
77.4704,-0.4258,-0.5867,0.5565,948563.4375,1,1,0.1133,-0.0478
77.4804,-0.4410,-0.3170,0.5565,948563.4375,1,1,0.1149,-0.0449
77.4907,-0.8035,0.2771,0.5565,948563.4375,1,1,0.1203,-0.0367
77.5008,-0.6691,0.4011,0.5565,948563.4375,1,1,0.1245,-0.0311
77.5104,-0.3112,0.1113,0.5565,948563.4375,1,1,0.1246,-0.0309
77.5204,-0.5682,0.0363,0.5565,948563.4375,1,1,0.1277,-0.0273
77.5305,-0.6101,-0.1203,0.5565,948563.4375,1,1,0.1313,-0.0232
77.5408,-0.7595,-0.4974,0.5565,948563.4375,1,1,0.1367,-0.0176
77.5508,-0.4010,-0.2680,0.5565,948563.4375,1,1,0.1376,-0.0167
77.5605,-0.5342,0.3899,0.5565,948563.4375,1,1,0.1401,-0.0145
77.5705,-0.6745,0.7813,0.5565,948563.4375,1,1,0.1444,-0.0106
77.5805,-0.4979,0.4578,0.5565,948563.4375,1,1,0.1463,-0.0092
77.5908,-0.5116,-0.0460,0.5565,948563.4375,1,1,0.1484,-0.0078
77.6008,-0.5673,-0.0988,0.5565,948563.4375,1,1,0.1512,-0.0060
77.6105,-0.7941,-0.2397,0.5565,948563.4375,1,1,0.1574,-0.0026
77.6206,-0.8325,-0.1133,0.5565,948563.4375,1,1,0.1640,0.0011
77.6305,-0.6618,0.3691,0.5565,948563.4375,1,1,0.1679,0.0028
77.6409,-0.7994,0.5291,0.5565,948563.4375,1,1,0.1738,0.0055
77.6515,-0.6678,0.5343,0.5565,948563.4375,1,1,0.1776,0.0068
77.6605,-0.1972,0.0731,0.5515,948565.8750,1,1,0.1738,0.0055
77.6704,-0.2849,-0.3944,0.5515,948565.8750,1,1,0.1727,0.0089
77.6805,-0.4523,-0.3394,0.5515,948565.8750,1,1,0.1733,0.0069
77.6908,-0.8655,-0.1636,0.5515,948565.8750,1,1,0.1770,-0.0070
77.7008,-0.7100,0.2967,0.5515,948565.8750,1,1,0.1789,-0.0160
77.7105,-0.6426,0.5079,0.5515,948565.8750,1,1,0.1803,-0.0224
77.7204,-0.6773,0.3327,0.5515,948565.8750,1,1,0.1815,-0.0296
77.7305,-0.4471,-0.0579,0.5515,948565.8750,1,1,0.1816,-0.0301
77.7407,-0.4609,-0.5280,0.5515,948565.8750,1,1,0.1817,-0.0311
77.7508,-0.6271,-0.5756,0.5515,948565.8750,1,1,0.1823,-0.0365
77.7605,-0.8823,-0.2540,0.5515,948565.8750,1,1,0.1830,-0.0484
77.7704,-0.9007,0.0578,0.5515,948565.8750,1,1,0.1829,-0.0606
77.7804,-0.5941,0.2257,0.5515,948565.8750,1,1,0.1829,-0.0642
77.7908,-0.7020,0.1452,0.5515,948565.8750,1,1,0.1825,-0.0705
77.8008,-0.5272,-0.0926,0.5515,948565.8750,1,1,0.1824,-0.0722
77.8105,-0.4497,-0.3576,0.5515,948565.8750,1,1,0.1824,-0.0722
77.8205,-0.4921,-0.5819,0.5515,948565.8750,1,1,0.1823,-0.0731
77.8304,-0.6511,-0.7147,0.5515,948565.8750,1,1,0.1814,-0.0780
77.8409,-0.7867,-0.3805,0.5515,948565.8750,1,1,0.1800,-0.0856
77.8514,-0.6326,0.1821,0.5515,948565.8750,1,1,0.1790,-0.0896
77.8604,-0.5297,0.1230,0.5515,948565.8750,1,1,0.1784,-0.0914
77.8705,-0.5350,-0.1040,0.5515,948565.8750,1,1,0.1778,-0.0932
77.8805,-0.1456,-0.4820,0.5515,948565.8750,1,1,0.1803,-0.0869
77.8907,-0.2727,-0.6547,0.5515,948565.8750,1,1,0.1816,-0.0836
77.9007,-0.4269,-0.4458,0.5515,948565.8750,1,1,0.1815,-0.0839
77.9105,-0.7976,-0.2421,0.5515,948565.8750,1,1,0.1779,-0.0914
77.9204,-0.5751,-0.0503,0.5515,948565.8750,1,1,0.1763,-0.0945
77.9305,-0.4839,0.1707,0.5515,948565.8750,1,1,0.1756,-0.0956
77.9408,-0.4644,0.1430,0.5515,948565.8750,1,1,0.1750,-0.0966
77.9508,-0.3778,-0.2037,0.5515,948565.8750,1,1,0.1753,-0.0962
77.9605,-0.2279,-0.6519,0.5515,948565.8750,1,1,0.1775,-0.0932
77.9705,-0.4815,-0.5107,0.5515,948565.8750,1,1,0.1761,-0.0948
77.9805,-0.6923,-0.0957,0.5515,948565.8750,1,1,0.1719,-0.0998
77.9908,-0.7852,-0.0444,0.5515,948565.8750,1,1,0.1659,-0.1062
78.0009,-0.4865,0.0215,0.5515,948565.8750,1,1,0.1646,-0.1076
78.0104,-0.4836,0.2412,0.5515,948565.8750,1,1,0.1631,-0.1090
78.0205,-0.3229,0.0454,0.5515,948565.8750,1,1,0.1642,-0.1080
78.0304,-0.2644,-0.6045,0.5515,948565.8750,1,1,0.1661,-0.1064
78.0408,-0.2277,-0.6208,0.5515,948565.8750,1,1,0.1685,-0.1045
78.0513,-0.5132,-0.1039,0.5515,948565.8750,1,1,0.1657,-0.1067
78.0604,-0.7777,0.1633,0.5515,948565.8750,1,1,0.1575,-0.1124
78.0705,-0.4703,-0.0177,0.5515,948565.8750,1,1,0.1554,-0.1138
78.0805,-0.2515,-0.1439,0.5515,948565.8750,1,1,0.1575,-0.1125
78.0908,-0.2383,-0.1086,0.5515,948565.8750,1,1,0.1597,-0.1111
78.1008,-0.1871,-0.3932,0.5515,948565.8750,1,1,0.1628,-0.1093
78.1105,-0.0734,-0.6263,0.5515,948565.8750,1,1,0.1680,-0.1062
78.1205,-0.1999,-0.1752,0.5515,948565.8750,1,1,0.1703,-0.1049
78.1304,-0.6165,0.4152,0.5515,948565.8750,1,1,0.1632,-0.1084
78.1408,-0.5543,0.5177,0.5515,948565.8750,1,1,0.1577,-0.1111
78.1508,-0.2338,0.2244,0.5515,948565.8750,1,1,0.1593,-0.1104
78.1605,-0.2343,0.1324,0.5515,948565.8750,1,1,0.1608,-0.1097
78.1705,-0.0986,-0.1489,0.5515,948565.8750,1,1,0.1651,-0.1079
78.1805,-0.1227,-0.7519,0.5515,948565.8750,1,1,0.1687,-0.1065
78.1908,-0.1545,-0.4621,0.5515,948565.8750,1,1,0.1712,-0.1055
78.2008,-0.6284,0.1489,0.5515,948565.8750,1,1,0.1627,-0.1087
78.2105,-0.6240,0.2854,0.5515,948565.8750,1,1,0.1543,-0.1116
78.2205,-0.1180,-0.1082,0.5515,948565.8750,1,1,0.1579,-0.1104
78.2305,0.1089,-0.2716,0.5515,948565.8750,1,1,0.1665,-0.1077
78.2409,0.1339,-0.4270,0.5515,948565.8750,1,1,0.1751,-0.1054
78.2514,0.0006,-0.6707,0.5515,948565.8750,1,1,0.1803,-0.1039
78.2604,-0.0375,-0.5334,0.5515,948565.8750,1,1,0.1843,-0.1030
78.2705,-0.1167,0.0077,0.5515,948565.8750,1,1,0.1862,-0.1025
78.2804,-0.4872,0.4009,0.5515,948565.8750,1,1,0.1794,-0.1039
78.2908,-0.3386,0.3739,0.5515,948565.8750,1,1,0.1763,-0.1045
78.3008,0.0539,-0.0363,0.5515,948565.8750,1,1,0.1819,-0.1036
78.3105,-0.0171,-0.3112,0.5515,948565.8750,1,1,0.1857,-0.1030
78.3204,-0.1413,-0.5068,0.5515,948565.8750,1,1,0.1864,-0.1029
78.3304,-0.1267,-0.6997,0.5515,948565.8750,1,1,0.1873,-0.1028
78.3408,-0.0075,-0.2913,0.5515,948565.8750,1,1,0.1906,-0.1026
78.3508,-0.3474,0.3830,0.5515,948565.8750,1,1,0.1866,-0.1027
78.3605,-0.3323,0.4870,0.5515,948565.8750,1,1,0.1831,-0.1028
78.3704,0.0979,-0.1603,0.5515,948565.8750,1,1,0.1884,-0.1029
78.3804,0.0980,-0.5000,0.5515,948565.8750,1,1,0.1934,-0.1030
78.3907,-0.0725,-0.4200,0.5515,948565.8750,1,1,0.1948,-0.1031
78.4008,-0.2805,-0.4683,0.5515,948565.8750,1,1,0.1920,-0.1029
78.4105,-0.1995,-0.4632,0.5515,948565.8750,1,1,0.1909,-0.1028
78.4204,-0.3931,0.0978,0.5515,948565.8750,1,1,0.1863,-0.1018
78.4304,-0.3995,0.6645,0.5515,948565.8750,1,1,0.1817,-0.1009
78.4409,-0.0225,0.1155,0.5515,948565.8750,1,1,0.1840,-0.1015
78.4515,0.2680,-0.7229,0.5515,948565.8750,1,1,0.1912,-0.1034
78.4604,0.0099,-0.6330,0.5515,948565.8750,1,1,0.1936,-0.1043
78.4705,-0.1619,-0.3148,0.5515,948565.8750,1,1,0.1931,-0.1041
78.4805,-0.4266,-0.2077,0.5515,948565.8750,1,1,0.1885,-0.1022
78.4908,-0.2295,0.2595,0.5515,948565.8750,1,1,0.1871,-0.1016
78.5008,-0.2782,0.6190,0.5515,948565.8750,1,1,0.1851,-0.1006
78.5104,0.0574,0.3704,0.5515,948565.8750,1,1,0.1880,-0.1023
78.5205,0.2436,-0.5159,0.5515,948565.8750,1,1,0.1934,-0.1055
78.5304,0.1885,-0.5471,0.5515,948565.8750,1,1,0.1976,-0.1085
78.5408,-0.1837,-0.0384,0.5515,948565.8750,1,1,0.1969,-0.1080
78.5508,-0.2714,0.2251,0.5515,948565.8750,1,1,0.1952,-0.1066
78.5605,-0.1945,0.2948,0.5515,948565.8750,1,1,0.1945,-0.1061
78.5705,-0.2233,0.6003,0.5515,948565.8750,1,1,0.1936,-0.1052
78.5804,-0.0487,0.5430,0.5515,948565.8750,1,1,0.1947,-0.1062
78.5908,0.1928,-0.1619,0.5515,948565.8750,1,1,0.1980,-0.1101
78.6008,0.1457,-0.5511,0.5515,948565.8750,1,1,0.2005,-0.1136
78.6105,-0.1362,-0.1190,0.5515,948565.8750,1,1,0.2005,-0.1137
78.6204,-0.4753,0.3956,0.5515,948565.8750,1,1,0.1980,-0.1094
78.6305,-0.3296,0.5673,0.5515,948565.8750,1,1,0.1967,-0.1071
78.6409,-0.1402,0.3666,0.5515,948565.8750,1,1,0.1968,-0.1074
78.6514,0.0867,0.2219,0.5515,948565.8750,1,1,0.1984,-0.1107
78.6606,0.3137,0.0644,0.5501,948565.6875,1,1,0.2008,-0.1174
78.6704,0.2307,-0.2869,0.5501,948565.6875,1,1,0.2052,-0.1198
78.6805,-0.0635,-0.1531,0.5501,948565.6875,1,1,0.2057,-0.1201
78.6907,-0.0722,0.2179,0.5501,948565.6875,1,1,0.2062,-0.1203
78.7008,-0.0352,0.4596,0.5501,948565.6875,1,1,0.2070,-0.1209
78.7104,0.0194,0.5123,0.5501,948565.6875,1,1,0.2084,-0.1221
78.7205,-0.0781,0.3237,0.5501,948565.6875,1,1,0.2087,-0.1223
78.7305,0.2453,-0.2697,0.5501,948565.6875,1,1,0.2120,-0.1258
78.7408,0.1981,-0.2010,0.5501,948565.6875,1,1,0.2145,-0.1292
78.7507,0.1107,0.1548,0.5501,948565.6875,1,1,0.2162,-0.1315
78.7605,-0.0687,0.4261,0.5501,948565.6875,1,1,0.2164,-0.1319
78.7705,0.1749,0.6022,0.5501,948565.6875,1,1,0.2183,-0.1352
78.7805,0.2831,0.7339,0.5501,948565.6875,1,1,0.2204,-0.1400
78.7908,0.1816,0.3330,0.5501,948565.6875,1,1,0.2219,-0.1435
79.0705,-0.0554,0.3545,0.5501,948565.6875,1,1,0.2183,-0.1480
79.1304,-0.2613,1.0172,0.5501,948565.6875,1,1,0.2168,-0.1494
79.1408,-0.0831,0.6577,0.5501,948565.6875,1,1,0.2120,-0.1536
79.1508,-0.0826,-0.1810,0.5501,948565.6875,1,1,0.2074,-0.1577
79.1605,-0.2267,-0.1855,0.5501,948565.6875,1,1,0.2051,-0.1596
79.1705,-0.5508,0.4440,0.5501,948565.6875,1,1,0.2082,-0.1570
79.1805,-0.5065,0.6653,0.5501,948565.6875,1,1,0.2103,-0.1555
79.1908,-0.3936,0.5949,0.5501,948565.6875,1,1,0.2104,-0.1554
79.2008,-0.4607,0.7798,0.5501,948565.6875,1,1,0.2114,-0.1548
79.2104,-0.2564,0.5959,0.5501,948565.6875,1,1,0.2086,-0.1564
79.2204,-0.3540,-0.0450,0.5501,948565.6875,1,1,0.2075,-0.1570
79.2304,-0.4688,-0.2507,0.5501,948565.6875,1,1,0.2082,-0.1567
79.2409,-0.6963,0.2453,0.5501,948565.6875,1,1,0.2127,-0.1545
79.2514,-0.7424,0.7485,0.5501,948565.6875,1,1,0.2176,-0.1524
79.2605,-0.4936,0.8064,0.5501,948565.6875,1,1,0.2182,-0.1522
79.2705,-0.2981,0.6158,0.5501,948565.6875,1,1,0.2153,-0.1532
79.2804,-0.1238,0.5496,0.5501,948565.6875,1,1,0.2096,-0.1550
79.2908,-0.0707,0.2617,0.5501,948565.6875,1,1,0.2030,-0.1567
79.3008,-0.4054,-0.1070,0.5501,948565.6875,1,1,0.2018,-0.1568
79.3104,-0.6525,0.0954,0.5501,948565.6875,1,1,0.2046,-0.1564
79.3204,-0.7224,0.5338,0.5501,948565.6875,1,1,0.2083,-0.1562
79.3305,-0.4660,0.9709,0.5501,948565.6875,1,1,0.2078,-0.1562
79.3408,-0.3737,1.0026,0.5501,948565.6875,1,1,0.2057,-0.1561
79.3508,-0.2309,0.6979,0.5501,948565.6875,1,1,0.2015,-0.1560
79.3605,0.0186,0.3011,0.5501,948565.6875,1,1,0.1936,-0.1549
79.3705,-0.2563,0.1040,0.5501,948565.6875,1,1,0.1901,-0.1543
79.3805,-0.5530,0.1755,0.5501,948565.6875,1,1,0.1908,-0.1545
79.3908,-0.7849,0.3672,0.5501,948565.6875,1,1,0.1947,-0.1556
79.4008,-0.4994,0.5812,0.5501,948565.6875,1,1,0.1945,-0.1554
79.4104,-0.4711,0.9095,0.5501,948565.6875,1,1,0.1937,-0.1550
79.4205,-0.5394,0.9388,0.5501,948565.6875,1,1,0.1939,-0.1551
79.4304,-0.3417,0.4262,0.5501,948565.6875,1,1,0.1915,-0.1535
79.4409,-0.2407,-0.0513,0.5501,948565.6875,1,1,0.1880,-0.1510
79.4515,-0.5542,0.2115,0.5501,948565.6875,1,1,0.1882,-0.1513
79.4605,-0.7361,0.4674,0.5501,948565.6875,1,1,0.1905,-0.1533
79.4705,-0.6838,0.3753,0.5501,948565.6875,1,1,0.1921,-0.1550
79.4805,-0.4772,0.6590,0.5501,948565.6875,1,1,0.1913,-0.1542
79.4908,-0.5973,0.9632,0.5501,948565.6875,1,1,0.1918,-0.1548
79.5008,-0.4954,0.5220,0.5501,948565.6875,1,1,0.1913,-0.1540
79.5105,-0.5661,-0.1639,0.5501,948565.6875,1,1,0.1914,-0.1542
79.5205,-0.7492,-0.2046,0.5501,948565.6875,1,1,0.1929,-0.1573
79.5305,-0.9619,0.4451,0.5501,948565.6875,1,1,0.1958,-0.1637
79.5408,-0.8533,0.7419,0.5501,948565.6875,1,1,0.1976,-0.1686
79.5508,-0.6201,0.7462,0.5501,948565.6875,1,1,0.1978,-0.1692
79.5605,-0.7877,1.0055,0.5501,948565.6875,1,1,0.1989,-0.1730
79.5705,-0.6761,0.9906,0.5501,948565.6875,1,1,0.1993,-0.1747
79.5805,-0.6827,0.1646,0.5501,948565.6875,1,1,0.1996,-0.1764
79.5907,-0.6559,-0.3068,0.5501,948565.6875,1,1,0.1998,-0.1777
79.6008,-0.8638,0.0275,0.5501,948565.6875,1,1,0.2005,-0.1833
79.6105,-1.1129,0.6127,0.5501,948565.6875,1,1,0.2010,-0.1944
79.6205,-0.8830,0.6737,0.5501,948565.6875,1,1,0.2014,-0.2001
79.6304,-0.7814,0.6709,0.5501,948565.6875,1,1,0.2013,-0.2036
79.6409,-0.7103,0.8022,0.5501,948565.6875,1,1,0.2013,-0.2055
79.6514,-0.5900,0.4188,0.5501,948565.6875,1,1,0.2014,-0.2046
79.6606,-0.5242,-0.3410,0.5501,948565.6875,1,1,0.2015,-0.2022
79.6704,-0.6159,-0.1583,0.5501,948565.6875,1,1,0.2015,-0.2021
79.6805,-1.0393,0.4747,0.5501,948565.6875,1,1,0.1997,-0.2124
79.6907,-1.0353,0.7840,0.5501,948565.6875,1,1,0.1980,-0.2220
79.7008,-0.6900,0.4784,0.5501,948565.6875,1,1,0.1977,-0.2233
79.7105,-0.6948,0.3739,0.5501,948565.6875,1,1,0.1975,-0.2246
79.7204,-0.6018,0.3972,0.5501,948565.6875,1,1,0.1977,-0.2238
79.7304,-0.7662,-0.0586,0.5501,948565.6875,1,1,0.1968,-0.2269
79.7408,-0.7395,-0.2440,0.5501,948565.6875,1,1,0.1959,-0.2295
79.7508,-0.9000,0.2597,0.5501,948565.6875,1,1,0.1939,-0.2358
79.7605,-0.7443,0.7886,0.5501,948565.6875,1,1,0.1929,-0.2384
79.7705,-0.5462,0.6124,0.5501,948565.6875,1,1,0.1938,-0.2363
79.7805,-0.5523,0.2481,0.5501,948565.6875,1,1,0.1946,-0.2345
79.7908,-0.5173,-0.0573,0.5501,948565.6875,1,1,0.1957,-0.2321
79.8009,-0.5423,-0.1785,0.5501,948565.6875,1,1,0.1965,-0.2305
79.8105,-0.7873,-0.0207,0.5501,948565.6875,1,1,0.1942,-0.2348
79.8205,-0.9343,0.3033,0.5501,948565.6875,1,1,0.1902,-0.2422
79.8304,-0.8711,0.6060,0.5501,948565.6875,1,1,0.1866,-0.2481
79.8409,-0.5053,0.6158,0.5501,948565.6875,1,1,0.1881,-0.2457
79.8514,-0.4646,0.3257,0.5501,948565.6875,1,1,0.1900,-0.2426
79.8605,-0.4377,0.1860,0.5501,948565.6875,1,1,0.1922,-0.2392
79.8704,-0.4930,-0.0998,0.5501,948565.6875,1,1,0.1935,-0.2374
79.8805,-0.5751,-0.2618,0.5501,948565.6875,1,1,0.1932,-0.2377
79.8908,-0.9257,-0.0315,0.5501,948565.6875,1,1,0.1875,-0.2455
79.9008,-0.9485,0.3714,0.5501,948565.6875,1,1,0.1810,-0.2537
79.9105,-0.6978,0.6236,0.5501,948565.6875,1,1,0.1790,-0.2563
79.9204,-0.5724,0.6199,0.5501,948565.6875,1,1,0.1788,-0.2565
79.9304,-0.4421,0.3697,0.5501,948565.6875,1,1,0.1808,-0.2541
79.9408,-0.2920,-0.1535,0.5501,948565.6875,1,1,0.1852,-0.2492
79.9508,-0.4996,-0.2758,0.5501,948565.6875,1,1,0.1858,-0.2485
79.9605,-0.7810,-0.0543,0.5501,948565.6875,1,1,0.1810,-0.2535
79.9705,-0.9637,0.3431,0.5501,948565.6875,1,1,0.1725,-0.2616
79.9805,-0.5398,0.5988,0.5527,948565.9375,1,1,0.1723,-0.2619
79.9908,-0.3845,0.4058,0.5527,948565.9375,1,1,0.1668,-0.2622
80.0008,-0.3615,0.1512,0.5527,948565.9375,1,1,0.1623,-0.2624
80.0104,-0.3863,-0.2470,0.5527,948565.9375,1,1,0.1571,-0.2624
80.0205,-0.4823,-0.3708,0.5527,948565.9375,1,1,0.1498,-0.2625
80.0304,-0.6786,0.0407,0.5527,948565.9375,1,1,0.1378,-0.2621
80.0409,-0.8825,0.3649,0.5527,948565.9375,1,1,0.1214,-0.2607
80.0514,-0.5399,0.5113,0.5527,948565.9375,1,1,0.1141,-0.2600
80.0604,-0.1377,0.4076,0.5527,948565.9375,1,1,0.1160,-0.2603
80.0705,-0.1527,-0.0027,0.5527,948565.9375,1,1,0.1175,-0.2605
80.0805,-0.3190,-0.3562,0.5527,948565.9375,1,1,0.1151,-0.2600
80.0908,-0.5208,-0.3723,0.5527,948565.9375,1,1,0.1088,-0.2588
80.1009,-0.5879,-0.0408,0.5527,948565.9375,1,1,0.1014,-0.2568
80.1105,-0.7090,0.3773,0.5527,948565.9375,1,1,0.0922,-0.2543
80.1205,-0.5904,0.6399,0.5527,948565.9375,1,1,0.0855,-0.2520
80.1304,-0.2926,0.4405,0.5527,948565.9375,1,1,0.0843,-0.2514
80.1408,-0.3474,-0.1138,0.5527,948565.9375,1,1,0.0823,-0.2505
80.1508,-0.3663,-0.4557,0.5527,948565.9375,1,1,0.0800,-0.2493
80.1605,-0.4756,-0.4373,0.5527,948565.9375,1,1,0.0760,-0.2472
80.1704,-0.3337,0.1068,0.5527,948565.9375,1,1,0.0744,-0.2462
80.1805,-0.2730,0.5833,0.5527,948565.9375,1,1,0.0736,-0.2457
80.1908,-0.4052,0.6623,0.5527,948565.9375,1,1,0.0711,-0.2438
80.2008,-0.1341,0.3697,0.5527,948565.9375,1,1,0.0722,-0.2446
80.2105,-0.1064,-0.2459,0.5527,948565.9375,1,1,0.0734,-0.2457
80.2204,-0.2259,-0.5112,0.5527,948565.9375,1,1,0.0731,-0.2454
80.2305,-0.3706,-0.2777,0.5527,948565.9375,1,1,0.0713,-0.2434
80.2409,-0.3217,0.2708,0.5527,948565.9375,1,1,0.0701,-0.2418
80.2514,-0.1286,0.7402,0.5527,948565.9375,1,1,0.0708,-0.2427
80.2605,-0.2575,0.6022,0.5527,948565.9375,1,1,0.0702,-0.2419
80.2705,-0.1936,0.1863,0.5527,948565.9375,1,1,0.0702,-0.2419
80.2805,-0.0696,-0.2622,0.5527,948565.9375,1,1,0.0711,-0.2436
80.2908,-0.2758,-0.4260,0.5527,948565.9375,1,1,0.0705,-0.2424
80.3008,-0.3998,-0.1070,0.5527,948565.9375,1,1,0.0693,-0.2393
80.3105,-0.4518,0.2098,0.5527,948565.9375,1,1,0.0681,-0.2353
80.3205,-0.1558,0.6587,0.5527,948565.9375,1,1,0.0683,-0.2359
80.3304,-0.1657,0.6068,0.5527,948565.9375,1,1,0.0684,-0.2363
80.3408,-0.1889,0.0813,0.5527,948565.9375,1,1,0.0684,-0.2364
80.3508,-0.0283,-0.2660,0.5527,948565.9375,1,1,0.0686,-0.2390
80.3605,-0.1592,-0.3529,0.5527,948565.9375,1,1,0.0687,-0.2394
80.3704,-0.2489,-0.2673,0.5527,948565.9375,1,1,0.0687,-0.2385
80.3805,-0.5272,0.2592,0.5527,948565.9375,1,1,0.0687,-0.2331
80.3907,-0.1728,0.7365,0.5527,948565.9375,1,1,0.0686,-0.2335
80.4008,0.0318,0.5331,0.5527,948565.9375,1,1,0.0680,-0.2374
80.4105,-0.0077,0.0630,0.5527,948565.9375,1,1,0.0674,-0.2405
80.4205,-0.0502,-0.2695,0.5527,948565.9375,1,1,0.0668,-0.2429
80.4304,-0.1799,-0.4409,0.5527,948565.9375,1,1,0.0668,-0.2431
80.4409,-0.2474,-0.3023,0.5527,948565.9375,1,1,0.0671,-0.2422
80.4514,-0.2789,0.0908,0.5527,948565.9375,1,1,0.0675,-0.2408
80.4605,-0.3271,0.4990,0.5527,948565.9375,1,1,0.0684,-0.2388
80.4705,0.0685,0.6190,0.5527,948565.9375,1,1,0.0665,-0.2433
80.4805,-0.0130,0.1633,0.5527,948565.9375,1,1,0.0649,-0.2464
80.4908,-0.0859,-0.1533,0.5527,948565.9375,1,1,0.0638,-0.2484
80.5008,-0.1299,-0.4308,0.5527,948565.9375,1,1,0.0631,-0.2497
80.5105,-0.1564,-0.3567,0.5527,948565.9375,1,1,0.0625,-0.2505
80.5205,-0.2065,0.0790,0.5527,948565.9375,1,1,0.0624,-0.2506
80.5305,-0.2414,0.6411,0.5527,948565.9375,1,1,0.0627,-0.2503
80.5408,0.1180,0.7341,0.5527,948565.9375,1,1,0.0588,-0.2553
80.5508,0.2545,0.1536,0.5527,948565.9375,1,1,0.0527,-0.2623
80.5605,0.1923,-0.5705,0.5527,948565.9375,1,1,0.0476,-0.2681
80.5704,0.1044,-0.6978,0.5527,948565.9375,1,1,0.0433,-0.2725
80.5805,-0.0121,-0.2982,0.5527,948565.9375,1,1,0.0403,-0.2752
80.5908,-0.0235,0.1812,0.5527,948565.9375,1,1,0.0376,-0.2776
80.6008,-0.1535,0.5744,0.5527,948565.9375,1,1,0.0366,-0.2784
80.6105,0.1358,0.7170,0.5527,948565.9375,1,1,0.0312,-0.2827
80.6205,0.3909,0.2064,0.5527,948565.9375,1,1,0.0213,-0.2896
80.6304,0.1887,-0.2524,0.5527,948565.9375,1,1,0.0150,-0.2941
80.6409,0.0396,-0.3923,0.5527,948565.9375,1,1,0.0108,-0.2967
80.6515,0.0810,-0.2875,0.5527,948565.9375,1,1,0.0056,-0.2995
80.6606,0.1200,0.1853,0.5527,948565.9375,1,1,-0.0001,-0.3025
80.6704,0.0851,0.4645,0.5527,948565.9375,1,1,-0.0055,-0.3050
80.6805,0.0580,0.4560,0.5527,948565.9375,1,1,-0.0102,-0.3072
80.6908,0.3407,0.3185,0.5527,948565.9375,1,1,-0.0205,-0.3111
80.7009,0.1630,-0.1165,0.5527,948565.9375,1,1,-0.0271,-0.3136
80.7105,0.0989,-0.2136,0.5527,948565.9375,1,1,-0.0328,-0.3154
80.7205,0.0558,-0.4183,0.5527,948565.9375,1,1,-0.0375,-0.3169
80.7305,0.1761,-0.1287,0.5527,948565.9375,1,1,-0.0448,-0.3186
80.7408,0.0617,0.5489,0.5527,948565.9375,1,1,-0.0497,-0.3198
80.7508,0.0050,0.6781,0.5527,948565.9375,1,1,-0.0537,-0.3204
80.7605,0.2425,0.2307,0.5527,948565.9375,1,1,-0.0626,-0.3212
80.7705,0.2465,0.1060,0.5527,948565.9375,1,1,-0.0712,-0.3220
80.7805,0.0886,-0.0258,0.5527,948565.9375,1,1,-0.0770,-0.3221
80.7908,0.1089,-0.3521,0.5527,948565.9375,1,1,-0.0830,-0.3222
80.8008,0.2358,-0.3540,0.5527,948565.9375,1,1,-0.0915,-0.3217
80.8104,-0.0022,0.4296,0.5527,948565.9375,1,1,-0.0953,-0.3215
80.8205,-0.0265,1.0323,0.5527,948565.9375,1,1,-0.0988,-0.3210
80.8304,0.0749,0.6579,0.5527,948565.9375,1,1,-0.1041,-0.3202
80.8409,0.1526,0.1991,0.5527,948565.9375,1,1,-0.1109,-0.3187
80.8514,0.0505,0.0497,0.5527,948565.9375,1,1,-0.1160,-0.3170
80.8605,0.0972,-0.1651,0.5527,948565.9375,1,1,-0.1217,-0.3152
80.8705,-0.0040,-0.4363,0.5527,948565.9375,1,1,-0.1257,-0.3135
80.8805,-0.0580,0.0856,0.5527,948565.9375,1,1,-0.1287,-0.3123
80.8907,-0.1596,0.9059,0.5527,948565.9375,1,1,-0.1301,-0.3115
80.9008,0.0127,0.9373,0.5527,948565.9375,1,1,-0.1343,-0.3093
80.9105,0.0811,0.2968,0.5527,948565.9375,1,1,-0.1396,-0.3059
80.9205,-0.0838,-0.0357,0.5527,948565.9375,1,1,-0.1421,-0.3042
80.9305,0.0351,-0.1496,0.5527,948565.9375,1,1,-0.1465,-0.3007
80.9408,0.0911,-0.0061,0.5509,948565.7500,1,1,-0.1517,-0.2959
80.9508,-0.0401,0.3590,0.5509,948565.7500,1,1,-0.1523,-0.2961
80.9605,-0.1551,0.9316,0.5509,948565.7500,1,1,-0.1512,-0.2957
80.9705,-0.0206,0.8917,0.5509,948565.7500,1,1,-0.1524,-0.2960
80.9804,-0.0612,0.3874,0.5509,948565.7500,1,1,-0.1529,-0.2961
80.9908,-0.2169,-0.0200,0.5509,948565.7500,1,1,-0.1513,-0.2959
81.0008,-0.1522,-0.1371,0.5509,948565.7500,1,1,-0.1506,-0.2958
81.0105,0.0404,0.2277,0.5509,948565.7500,1,1,-0.1531,-0.2959
81.0205,-0.0588,0.7251,0.5509,948565.7500,1,1,-0.1540,-0.2959
81.0305,-0.2199,0.8772,0.5509,948565.7500,1,1,-0.1528,-0.2960
81.0409,-0.0083,0.7449,0.5509,948565.7500,1,1,-0.1547,-0.2959
81.0514,-0.0061,0.3180,0.5509,948565.7500,1,1,-0.1568,-0.2954
81.0605,-0.1023,0.0485,0.5509,948565.7500,1,1,-0.1577,-0.2951
81.0704,-0.3078,-0.0907,0.5509,948565.7500,1,1,-0.1557,-0.2958
81.0805,-0.1962,0.0427,0.5509,948565.7500,1,1,-0.1556,-0.2959
81.0907,-0.2768,0.5892,0.5509,948565.7500,1,1,-0.1544,-0.2965
81.1008,-0.3018,1.0043,0.5509,948565.7500,1,1,-0.1531,-0.2973
81.1105,-0.0829,0.6499,0.5509,948565.7500,1,1,-0.1547,-0.2962
81.1206,0.1004,0.1803,0.5509,948565.7500,1,1,-0.1587,-0.2928
81.1305,-0.1138,0.0971,0.5509,948565.7500,1,1,-0.1600,-0.2917
81.1405,-0.3242,0.0673,0.5509,948565.7500,1,1,-0.1590,-0.2928
81.1510,-0.3662,-0.0197,0.5509,948565.7500,1,1,-0.1578,-0.2944
81.1605,-0.1811,0.5222,0.5509,948565.7500,1,1,-0.1586,-0.2933
81.1705,-0.3683,0.9174,0.5509,948565.7500,1,1,-0.1578,-0.2947
81.1805,-0.3601,0.8475,0.5509,948565.7500,1,1,-0.1570,-0.2960
81.1907,-0.1106,0.2692,0.5509,948565.7500,1,1,-0.1586,-0.2926
81.2008,-0.1775,-0.0210,0.5509,948565.7500,1,1,-0.1596,-0.2904
81.2105,-0.3006,-0.0063,0.5509,948565.7500,1,1,-0.1597,-0.2901
81.2205,-0.4156,0.0248,0.5509,948565.7500,1,1,-0.1590,-0.2921
81.2305,-0.2818,0.4874,0.5509,948565.7500,1,1,-0.1593,-0.2909
81.2409,-0.2497,0.7178,0.5509,948565.7500,1,1,-0.1598,-0.2884
81.2514,-0.3940,0.5075,0.5509,948565.7500,1,1,-0.1596,-0.2893
81.2605,-0.1477,0.3860,0.5509,948565.7500,1,1,-0.1603,-0.2839
81.2705,-0.2058,0.0892,0.5509,948565.7500,1,1,-0.1608,-0.2800
81.2805,-0.2607,-0.0648,0.5509,948565.7500,1,1,-0.1609,-0.2769
81.2908,-0.3995,0.0681,0.5509,948565.7500,1,1,-0.1609,-0.2774
81.3008,-0.5330,0.4197,0.5509,948565.7500,1,1,-0.1609,-0.2808
81.3105,-0.3875,0.6025,0.5509,948565.7500,1,1,-0.1609,-0.2804
81.3205,-0.5467,0.5829,0.5509,948565.7500,1,1,-0.1611,-0.2836
81.3305,-0.4616,0.6174,0.5509,948565.7500,1,1,-0.1612,-0.2840
81.3408,-0.2117,0.3785,0.5509,948565.7500,1,1,-0.1604,-0.2776
81.3508,-0.3478,0.0813,0.5509,948565.7500,1,1,-0.1599,-0.2745
81.3605,-0.3781,0.0053,0.5509,948565.7500,1,1,-0.1595,-0.2724
81.3705,-0.5965,0.0580,0.5509,948565.7500,1,1,-0.1603,-0.2759
81.3805,-0.3684,0.4626,0.5509,948565.7500,1,1,-0.1597,-0.2730
81.3907,-0.4943,0.7816,0.5509,948565.7500,1,1,-0.1597,-0.2732
81.4008,-0.6204,0.7475,0.5509,948565.7500,1,1,-0.1607,-0.2767
81.4104,-0.3790,0.5579,0.5509,948565.7500,1,1,-0.1595,-0.2731
81.4205,-0.5482,0.1184,0.5509,948565.7500,1,1,-0.1598,-0.2738
81.4304,-0.4826,-0.0705,0.5509,948565.7500,1,1,-0.1593,-0.2727
81.4409,-0.6955,0.0700,0.5509,948565.7500,1,1,-0.1613,-0.2770
81.4514,-0.4915,0.4701,0.5509,948565.7500,1,1,-0.1606,-0.2756
81.4604,-0.5400,0.8489,0.5509,948565.7500,1,1,-0.1604,-0.2752
81.4705,-0.7521,0.9453,0.5509,948565.7500,1,1,-0.1630,-0.2803
81.4805,-0.5795,0.7316,0.5509,948565.7500,1,1,-0.1630,-0.2804
81.4908,-0.5312,0.2941,0.5509,948565.7500,1,1,-0.1623,-0.2792
81.5008,-0.5055,-0.1084,0.5509,948565.7500,1,1,-0.1610,-0.2770
81.5105,-0.5590,-0.0479,0.5509,948565.7500,1,1,-0.1603,-0.2760
81.5205,-0.6818,0.3624,0.5509,948565.7500,1,1,-0.1617,-0.2781
81.5305,-0.6056,0.8109,0.5509,948565.7500,1,1,-0.1616,-0.2780
81.5407,-0.8272,0.8612,0.5509,948565.7500,1,1,-0.1654,-0.2830
81.5508,-0.7510,0.7596,0.5509,948565.7500,1,1,-0.1677,-0.2857
81.5605,-0.5100,0.3568,0.5509,948565.7500,1,1,-0.1654,-0.2829
81.5705,-0.5949,0.0454,0.5509,948565.7500,1,1,-0.1645,-0.2820
81.5805,-0.6787,0.0443,0.5509,948565.7500,1,1,-0.1653,-0.2828
81.5908,-0.8606,0.2877,0.5509,948565.7500,1,1,-0.1696,-0.2874
81.6008,-0.7358,0.7087,0.5509,948565.7500,1,1,-0.1712,-0.2889
81.6105,-0.5724,0.7622,0.5509,948565.7500,1,1,-0.1692,-0.2869
81.6205,-0.7295,0.7435,0.5509,948565.7500,1,1,-0.1705,-0.2881
81.6303,-0.4668,0.6740,0.5509,948565.7500,1,1,-0.1662,-0.2841
81.6409,-0.5619,0.1764,0.5509,948565.7500,1,1,-0.1638,-0.2821
81.6514,-0.5616,-0.0552,0.5509,948565.7500,1,1,-0.1616,-0.2801
81.6606,-0.8454,0.1725,0.5509,948565.7500,1,1,-0.1659,-0.2835
81.6704,-0.8555,0.7230,0.5509,948565.7500,1,1,-0.1701,-0.2869
81.6805,-0.6263,0.9770,0.5509,948565.7500,1,1,-0.1688,-0.2860
81.6908,-0.5897,0.7480,0.5509,948565.7500,1,1,-0.1667,-0.2844
81.7008,-0.5817,0.6788,0.5509,948565.7500,1,1,-0.1644,-0.2828
81.7104,-0.4902,0.4641,0.5509,948565.7500,1,1,-0.1599,-0.2799
81.7205,-0.6054,-0.1062,0.5509,948565.7500,1,1,-0.1584,-0.2790
81.7305,-0.5871,-0.0726,0.5509,948565.7500,1,1,-0.1566,-0.2779
81.7407,-0.8211,0.4894,0.5509,948565.7500,1,1,-0.1609,-0.2805
81.7508,-0.7906,0.8934,0.5509,948565.7500,1,1,-0.1643,-0.2825
81.7605,-0.6782,0.7987,0.5509,948565.7500,1,1,-0.1646,-0.2827
81.7705,-0.7760,0.7631,0.5509,948565.7500,1,1,-0.1676,-0.2843
81.7805,-0.4568,0.7733,0.5509,948565.7500,1,1,-0.1623,-0.2813
81.7908,-0.4650,0.1416,0.5509,948565.7500,1,1,-0.1576,-0.2788
81.8008,-0.3963,-0.2477,0.5509,948565.7500,1,1,-0.1514,-0.2758
81.8105,-0.6352,0.0803,0.5509,948565.7500,1,1,-0.1517,-0.2760
81.8205,-0.8502,0.5811,0.5509,948565.7500,1,1,-0.1576,-0.2787
81.8304,-0.6609,0.5600,0.5509,948565.7500,1,1,-0.1584,-0.2791
81.8409,-0.7491,0.5526,0.5509,948565.7500,1,1,-0.1616,-0.2805
81.8514,-0.5247,0.6692,0.5509,948565.7500,1,1,-0.1592,-0.2794
81.8605,-0.3269,0.2751,0.5509,948565.7500,1,1,-0.1523,-0.2765
81.8705,-0.4631,-0.0665,0.5509,948565.7500,1,1,-0.1491,-0.2751
81.8805,-0.6368,0.1084,0.5509,948565.7500,1,1,-0.1504,-0.2756
81.8908,-0.8716,0.1766,0.5509,948565.7500,1,1,-0.1574,-0.2781
81.9008,-0.7443,0.2704,0.5509,948565.7500,1,1,-0.1610,-0.2795
81.9105,-0.5821,0.1155,0.5509,948565.7500,1,1,-0.1612,-0.2795
81.9205,-0.7070,0.4237,0.5509,948565.7500,1,1,-0.1640,-0.2805
81.9304,-0.4332,0.7845,0.5509,948565.7500,1,1,-0.1611,-0.2796
81.9408,-0.4100,0.3568,0.5469,948565.3125,1,1,-0.1578,-0.2786
81.9508,-0.4771,0.1238,0.5469,948565.3125,1,1,-0.1580,-0.2768
81.9605,-0.6522,0.1227,0.5469,948565.3125,1,1,-0.1579,-0.2783
81.9705,-0.7393,0.0518,0.5469,948565.3125,1,1,-0.1578,-0.2812
81.9804,-0.5053,0.0651,0.5469,948565.3125,1,1,-0.1578,-0.2796
81.9908,-0.6317,0.2078,0.5469,948565.3125,1,1,-0.1579,-0.2802
82.0008,-0.6336,0.7510,0.5469,948565.3125,1,1,-0.1579,-0.2808
82.0105,-0.5521,0.6356,0.5469,948565.3125,1,1,-0.1578,-0.2796
82.0205,-0.6768,0.0937,0.5469,948565.3125,1,1,-0.1579,-0.2806
82.0304,-0.5927,-0.0097,0.5469,948565.3125,1,1,-0.1578,-0.2801
82.0409,-0.5479,-0.1399,0.5469,948565.3125,1,1,-0.1575,-0.2785
82.0514,-0.5027,-0.0923,0.5469,948565.3125,1,1,-0.1569,-0.2762
82.0605,-0.5628,0.1642,0.5469,948565.3125,1,1,-0.1565,-0.2749
82.0704,-0.8180,0.5127,0.5469,948565.3125,1,1,-0.1576,-0.2783
82.0804,-0.6487,0.7831,0.5469,948565.3125,1,1,-0.1576,-0.2784
82.0907,-0.6491,0.1894,0.5469,948565.3125,1,1,-0.1576,-0.2785
82.1008,-0.6243,-0.2389,0.5469,948565.3125,1,1,-0.1574,-0.2780
82.1105,-0.5159,-0.1964,0.5469,948565.3125,1,1,-0.1561,-0.2758
82.1205,-0.4716,-0.2613,0.5469,948565.3125,1,1,-0.1544,-0.2728
82.1305,-0.3458,-0.2229,0.5469,948565.3125,1,1,-0.1511,-0.2679
82.1408,-0.6446,0.1840,0.5469,948565.3125,1,1,-0.1512,-0.2681
82.1508,-0.7998,0.6397,0.5469,948565.3125,1,1,-0.1531,-0.2706
82.1605,-0.7219,0.5577,0.5469,948565.3125,1,1,-0.1541,-0.2718
82.1705,-0.7396,0.1891,0.5469,948565.3125,1,1,-0.1553,-0.2732
82.1805,-0.5422,0.2488,0.5469,948565.3125,1,1,-0.1539,-0.2716
82.1908,-0.3109,0.1319,0.5469,948565.3125,1,1,-0.1489,-0.2667
82.2009,-0.4820,-0.1934,0.5469,948565.3125,1,1,-0.1467,-0.2645
82.2105,-0.6250,-0.1303,0.5469,948565.3125,1,1,-0.1466,-0.2645
82.2205,-0.7396,0.0408,0.5469,948565.3125,1,1,-0.1486,-0.2660
82.2305,-0.6028,0.3040,0.5469,948565.3125,1,1,-0.1481,-0.2657
82.2409,-0.5828,0.4019,0.5469,948565.3125,1,1,-0.1474,-0.2651
82.2514,-0.5763,0.3884,0.5469,948565.3125,1,1,-0.1466,-0.2646
82.2605,-0.2248,0.3223,0.5469,948565.3125,1,1,-0.1392,-0.2599
82.2705,-0.3279,-0.0369,0.5469,948565.3125,1,1,-0.1341,-0.2566
82.2805,-0.3975,-0.2559,0.5469,948565.3125,1,1,-0.1304,-0.2544
82.2908,-0.4688,-0.1526,0.5469,948565.3125,1,1,-0.1282,-0.2532
82.3008,-0.4062,0.1102,0.5469,948565.3125,1,1,-0.1250,-0.2514
82.3105,-0.2910,0.3028,0.5469,948565.3125,1,1,-0.1195,-0.2488
82.3205,-0.6031,0.3658,0.5469,948565.3125,1,1,-0.1207,-0.2494
82.3305,-0.4112,0.4017,0.5469,948565.3125,1,1,-0.1180,-0.2482
82.3408,-0.2828,0.0773,0.5469,948565.3125,1,1,-0.1128,-0.2459
82.3508,-0.3907,-0.2557,0.5469,948565.3125,1,1,-0.1102,-0.2449
82.3605,-0.3335,-0.2533,0.5469,948565.3125,1,1,-0.1065,-0.2434
82.3705,-0.4835,-0.2534,0.5469,948565.3125,1,1,-0.1063,-0.2433
82.3805,-0.3319,0.1239,0.5469,948565.3125,1,1,-0.1029,-0.2421
82.3908,-0.3605,0.2007,0.5469,948565.3125,1,1,-0.1005,-0.2414
82.4008,-0.5189,0.2556,0.5469,948565.3125,1,1,-0.1014,-0.2417
82.4105,-0.1359,0.2700,0.5469,948565.3125,1,1,-0.0946,-0.2398
82.4205,-0.1881,-0.0230,0.5469,948565.3125,1,1,-0.0894,-0.2386
82.4304,-0.1589,-0.1459,0.5469,948565.3125,1,1,-0.0839,-0.2373
82.4409,-0.2286,-0.2932,0.5469,948565.3125,1,1,-0.0802,-0.2366
82.4514,-0.2713,-0.2399,0.5469,948565.3125,1,1,-0.0776,-0.2361
82.4605,-0.3430,-0.0407,0.5469,948565.3125,1,1,-0.0768,-0.2360
82.4705,-0.4698,0.1232,0.5469,948565.3125,1,1,-0.0785,-0.2363
82.4804,-0.3056,0.2776,0.5469,948565.3125,1,1,-0.0772,-0.2361
82.4908,0.0254,0.2593,0.5469,948565.3125,1,1,-0.0696,-0.2355
82.5009,-0.1227,0.1442,0.5469,948565.3125,1,1,-0.0654,-0.2353
82.5105,-0.1573,-0.0063,0.5469,948565.3125,1,1,-0.0623,-0.2354
82.5205,-0.1413,-0.4966,0.5469,948565.3125,1,1,-0.0591,-0.2355
82.5304,-0.2252,-0.3184,0.5469,948565.3125,1,1,-0.0578,-0.2356
82.5408,-0.4116,0.0120,0.5469,948565.3125,1,1,-0.0599,-0.2354
82.5508,-0.4504,-0.0102,0.5469,948565.3125,1,1,-0.0629,-0.2350
82.5605,-0.0904,0.1219,0.5469,948565.3125,1,1,-0.0595,-0.2355
82.5705,-0.0651,0.3338,0.5469,948565.3125,1,1,-0.0561,-0.2363
82.5805,-0.1232,0.2999,0.5469,948565.3125,1,1,-0.0538,-0.2368
82.5908,0.1010,-0.1713,0.5469,948565.3125,1,1,-0.0482,-0.2385
82.6008,0.0128,-0.5041,0.5469,948565.3125,1,1,-0.0442,-0.2396
82.6105,-0.1063,-0.3054,0.5469,948565.3125,1,1,-0.0426,-0.2402
82.6205,-0.4430,-0.1094,0.5469,948565.3125,1,1,-0.0463,-0.2385
82.6303,-0.3473,-0.0014,0.5469,948565.3125,1,1,-0.0484,-0.2375
82.6409,-0.0535,0.4268,0.5469,948565.3125,1,1,-0.0465,-0.2386
82.6514,-0.1424,0.3872,0.5469,948565.3125,1,1,-0.0459,-0.2389
82.6606,-0.0273,0.0939,0.5469,948565.3125,1,1,-0.0440,-0.2402
82.6705,0.2125,-0.4564,0.5469,948565.3125,1,1,-0.0391,-0.2435
82.6805,0.0648,-0.3810,0.5469,948565.3125,1,1,-0.0365,-0.2455
82.6908,-0.2160,-0.0968,0.5469,948565.3125,1,1,-0.0374,-0.2448
82.7009,-0.2673,-0.1441,0.5469,948565.3125,1,1,-0.0390,-0.2434
82.7104,0.0411,0.0351,0.5469,948565.3125,1,1,-0.0373,-0.2452
82.7205,-0.1212,0.4833,0.5469,948565.3125,1,1,-0.0374,-0.2452
82.7304,0.0328,0.5196,0.5469,948565.3125,1,1,-0.0361,-0.2468
82.7407,0.2542,-0.0975,0.5469,948565.3125,1,1,-0.0329,-0.2511
82.7508,0.1495,-0.2931,0.5469,948565.3125,1,1,-0.0310,-0.2541
82.7605,-0.0504,-0.0594,0.5469,948565.3125,1,1,-0.0308,-0.2544
82.7705,-0.2482,-0.2546,0.5469,948565.3125,1,1,-0.0321,-0.2520
82.7805,-0.0632,-0.3992,0.5469,948565.3125,1,1,-0.0320,-0.2521
82.7908,-0.0191,0.0908,0.5469,948565.3125,1,1,-0.0318,-0.2526
82.8008,-0.0999,0.7255,0.5469,948565.3125,1,1,-0.0320,-0.2521
82.8105,0.1773,0.4410,0.5469,948565.3125,1,1,-0.0310,-0.2554
82.8205,0.3180,-0.1341,0.5469,948565.3125,1,1,-0.0297,-0.2608
82.8304,0.1751,0.0760,0.5469,948565.3125,1,1,-0.0290,-0.2639
82.8409,0.0604,0.0393,0.5469,948565.3125,1,1,-0.0289,-0.2651
82.8515,0.0027,-0.4989,0.5469,948565.3125,1,1,-0.0288,-0.2655
82.8605,0.1688,-0.3349,0.5469,948565.3125,1,1,-0.0287,-0.2683
82.8705,-0.1167,0.2811,0.5469,948565.3125,1,1,-0.0288,-0.2666
82.8805,-0.0385,0.5855,0.5469,948565.3125,1,1,-0.0287,-0.2660
82.8908,0.2990,0.2397,0.5469,948565.3125,1,1,-0.0288,-0.2708
82.9008,0.2543,0.0209,0.5469,948565.3125,1,1,-0.0292,-0.2749
82.9104,0.2579,0.1958,0.5469,948565.3125,1,1,-0.0299,-0.2789
82.9205,0.0935,-0.1037,0.5469,948565.3125,1,1,-0.0301,-0.2801
82.9304,0.0677,-0.3929,0.5469,948565.3125,1,1,-0.0303,-0.2808
82.9407,-0.0464,-0.1079,0.5419,948566.3750,1,1,-0.0300,-0.2796
82.9508,-0.1062,0.5054,0.5419,948566.3750,1,1,-0.0315,-0.2713
82.9605,0.1045,0.5460,0.5419,948566.3750,1,1,-0.0329,-0.2582
82.9705,0.2544,0.1308,0.5419,948566.3750,1,1,-0.0346,-0.2427
82.9805,0.1751,0.1002,0.5419,948566.3750,1,1,-0.0352,-0.2291
82.9908,0.2655,0.1356,0.5419,948566.3750,1,1,-0.0359,-0.2144
83.0008,0.0821,-0.3809,0.5419,948566.3750,1,1,-0.0357,-0.2038
83.0105,0.1432,-0.3228,0.5419,948566.3750,1,1,-0.0355,-0.1926
83.0205,-0.2709,0.2304,0.5419,948566.3750,1,1,-0.0353,-0.1902
83.0304,-0.1672,0.7576,0.5419,948566.3750,1,1,-0.0349,-0.1859
83.0409,0.0891,0.4679,0.5419,948566.3750,1,1,-0.0334,-0.1763
83.0514,0.0080,0.2303,0.5419,948566.3750,1,1,-0.0318,-0.1685
83.0605,0.0190,0.3808,0.5419,948566.3750,1,1,-0.0301,-0.1610
83.0705,-0.0107,0.0638,0.5419,948566.3750,1,1,-0.0282,-0.1543
83.0805,0.0116,-0.4015,0.5419,948566.3750,1,1,-0.0263,-0.1474
83.0908,-0.0134,-0.2334,0.5419,948566.3750,1,1,-0.0241,-0.1413
83.1008,-0.1980,0.2857,0.5419,948566.3750,1,1,-0.0233,-0.1390
83.1105,-0.0611,0.6352,0.5419,948566.3750,1,1,-0.0213,-0.1342
83.1205,-0.0365,0.4558,0.5419,948566.3750,1,1,-0.0192,-0.1292
83.1305,-0.1536,0.4068,0.5419,948566.3750,1,1,-0.0178,-0.1266
83.1408,0.0301,0.2928,0.5419,948566.3750,1,1,-0.0149,-0.1207
83.1508,-0.0081,-0.1764,0.5419,948566.3750,1,1,-0.0120,-0.1157
83.1605,0.0265,-0.2563,0.5419,948566.3750,1,1,-0.0088,-0.1104
83.1705,-0.2693,-0.0282,0.5419,948566.3750,1,1,-0.0089,-0.1105
83.1805,-0.2134,0.4021,0.5419,948566.3750,1,1,-0.0083,-0.1096
83.1908,-0.1712,0.4843,0.5419,948566.3750,1,1,-0.0071,-0.1081
83.2008,-0.3095,0.4894,0.5419,948566.3750,1,1,-0.0079,-0.1090
83.2104,-0.1184,0.4249,0.5419,948566.3750,1,1,-0.0060,-0.1067
83.2205,0.1097,0.1971,0.5419,948566.3750,1,1,-0.0005,-0.1008
83.2304,-0.0301,0.0911,0.5419,948566.3750,1,1,0.0026,-0.0974
83.2409,-0.1069,0.0413,0.5419,948566.3750,1,1,0.0045,-0.0955
83.2514,-0.3681,0.0176,0.5419,948566.3750,1,1,0.0023,-0.0977
83.2605,-0.1974,0.2341,0.5419,948566.3750,1,1,0.0028,-0.0972
83.2704,-0.1299,0.2266,0.5419,948566.3750,1,1,0.0044,-0.0958
83.2805,-0.2162,0.4037,0.5419,948566.3750,1,1,0.0044,-0.0958
83.2907,0.2230,0.5047,0.5419,948566.3750,1,1,0.0125,-0.0899
83.3008,0.1609,0.2127,0.5419,948566.3750,1,1,0.0191,-0.0851
83.3105,-0.0870,0.0943,0.5419,948566.3750,1,1,0.0210,-0.0838
83.3205,-0.2324,0.0047,0.5419,948566.3750,1,1,0.0200,-0.0845
83.3303,-0.3320,-0.0820,0.5419,948566.3750,1,1,0.0170,-0.0862
83.3408,-0.2414,0.2447,0.5419,948566.3750,1,1,0.0159,-0.0869
83.3508,-0.2938,0.3106,0.5419,948566.3750,1,1,0.0136,-0.0882
83.3606,-0.2257,0.5047,0.5419,948566.3750,1,1,0.0128,-0.0886
83.3705,0.1112,0.5094,0.5419,948566.3750,1,1,0.0189,-0.0856
83.3805,-0.1158,0.2487,0.5419,948566.3750,1,1,0.0200,-0.0850
83.3908,-0.1266,0.0947,0.5419,948566.3750,1,1,0.0208,-0.0847
83.4009,-0.2882,-0.1512,0.5419,948566.3750,1,1,0.0180,-0.0858
83.4104,-0.2465,-0.1351,0.5419,948566.3750,1,1,0.0161,-0.0866
83.4205,-0.2712,0.0943,0.5419,948566.3750,1,1,0.0137,-0.0875
83.4304,-0.5402,0.3688,0.5419,948566.3750,1,1,0.0055,-0.0906
83.4409,-0.3580,0.6985,0.5419,948566.3750,1,1,0.0014,-0.0919
83.4514,-0.2104,0.5677,0.5419,948566.3750,1,1,0.0007,-0.0922
83.4605,-0.2775,0.3452,0.5419,948566.3750,1,1,-0.0016,-0.0929
83.4705,-0.2438,0.1583,0.5419,948566.3750,1,1,-0.0031,-0.0933
83.4805,-0.2466,-0.0618,0.5419,948566.3750,1,1,-0.0047,-0.0937
83.4909,-0.2301,0.0256,0.5419,948566.3750,1,1,-0.0059,-0.0940
83.5008,-0.3434,0.2504,0.5419,948566.3750,1,1,-0.0096,-0.0948
83.5105,-0.6240,0.7376,0.5419,948566.3750,1,1,-0.0192,-0.0966
83.5205,-0.3434,1.0652,0.5419,948566.3750,1,1,-0.0225,-0.0971
83.5304,-0.2824,0.6469,0.5419,948566.3750,1,1,-0.0246,-0.0974
83.5407,-0.2423,0.2133,0.5419,948566.3750,1,1,-0.0257,-0.0976
83.5508,-0.2928,0.0289,0.5419,948566.3750,1,1,-0.0280,-0.0978
83.5605,-0.5070,-0.0154,0.5419,948566.3750,1,1,-0.0344,-0.0983
83.5704,-0.4102,0.2606,0.5419,948566.3750,1,1,-0.0388,-0.0985
83.5805,-0.4920,0.4985,0.5419,948566.3750,1,1,-0.0446,-0.0987
83.5908,-0.5432,0.8316,0.5419,948566.3750,1,1,-0.0513,-0.0985
83.6008,-0.2838,0.9681,0.5419,948566.3750,1,1,-0.0527,-0.0985
83.6105,-0.4567,0.5997,0.5419,948566.3750,1,1,-0.0574,-0.0981
83.6205,-0.4978,0.2060,0.5419,948566.3750,1,1,-0.0628,-0.0973
83.6303,-0.4004,-0.2595,0.5419,948566.3750,1,1,-0.0662,-0.0968
83.6409,-0.3568,-0.1531,0.5419,948566.3750,1,1,-0.0687,-0.0963
83.6514,-0.4425,0.4305,0.5419,948566.3750,1,1,-0.0727,-0.0954
83.6606,-0.8036,0.6312,0.5419,948566.3750,1,1,-0.0825,-0.0927
83.6705,-0.5315,0.6661,0.5419,948566.3750,1,1,-0.0876,-0.0913
83.6805,-0.4796,0.5755,0.5419,948566.3750,1,1,-0.0916,-0.0898
83.6908,-0.5039,0.5413,0.5419,948566.3750,1,1,-0.0958,-0.0883
83.7008,-0.3572,0.3594,0.5419,948566.3750,1,1,-0.0977,-0.0875
83.7104,-0.2143,-0.0332,0.5419,948566.3750,1,1,-0.0973,-0.0877
83.7205,-0.3839,0.2337,0.5419,948566.3750,1,1,-0.0996,-0.0865
83.7305,-0.6653,0.4887,0.5419,948566.3750,1,1,-0.1055,-0.0827
83.7408,-0.9147,0.2966,0.5419,948566.3750,1,1,-0.1145,-0.0770
83.7508,-0.4421,0.2015,0.5419,948566.3750,1,1,-0.1170,-0.0751
83.7605,-0.6926,0.4595,0.5419,948566.3750,1,1,-0.1225,-0.0710
83.7704,-0.5891,0.8934,0.5419,948566.3750,1,1,-0.1264,-0.0676
83.7805,-0.2819,0.5847,0.5419,948566.3750,1,1,-0.1267,-0.0673
83.7907,-0.2142,0.3091,0.5419,948566.3750,1,1,-0.1263,-0.0677
83.8008,-0.4485,0.4349,0.5419,948566.3750,1,1,-0.1284,-0.0656
83.8104,-0.5566,0.1785,0.5419,948566.3750,1,1,-0.1313,-0.0619
83.8205,-0.6153,-0.0205,0.5419,948566.3750,1,1,-0.1347,-0.0577
83.8304,-0.3646,0.2848,0.5419,948566.3750,1,1,-0.1356,-0.0563
83.8409,-0.6602,0.7086,0.5419,948566.3750,1,1,-0.1390,-0.0513
83.8515,-0.5343,0.9059,0.5419,948566.3750,1,1,-0.1410,-0.0477
83.8605,-0.2499,0.3825,0.5419,948566.3750,1,1,-0.1410,-0.0477
83.8705,-0.2705,0.0549,0.5419,948566.3750,1,1,-0.1411,-0.0474
83.8805,-0.4218,-0.0632,0.5419,948566.3750,1,1,-0.1419,-0.0448
83.8907,-0.6183,-0.2215,0.5419,948566.3750,1,1,-0.1437,-0.0396
83.9008,-0.4826,-0.0843,0.5457,948567.0000,1,1,-0.1445,-0.0361
83.9105,-0.5187,0.5359,0.5457,948567.0000,1,1,-0.1372,-0.0312
83.9205,-0.8353,0.8702,0.5457,948567.0000,1,1,-0.1249,-0.0229
83.9305,-0.7160,0.6117,0.5457,948567.0000,1,1,-0.1149,-0.0169
83.9408,-0.4334,-0.1072,0.5457,948567.0000,1,1,-0.1098,-0.0142
83.9508,-0.4456,-0.1720,0.5457,948567.0000,1,1,-0.1047,-0.0116
83.9605,-0.4305,-0.2309,0.5457,948567.0000,1,1,-0.0999,-0.0094
83.9705,-0.6589,-0.3292,0.5457,948567.0000,1,1,-0.0916,-0.0057
83.9805,-0.3894,-0.0640,0.5457,948567.0000,1,1,-0.0879,-0.0044
83.9908,-0.6564,0.4027,0.5457,948567.0000,1,1,-0.0801,-0.0015
84.0008,-0.8711,0.7451,0.5457,948567.0000,1,1,-0.0690,0.0017
84.0104,-0.5253,0.2116,0.5457,948567.0000,1,1,-0.0638,0.0031
84.0205,-0.3626,-0.2183,0.5457,948567.0000,1,1,-0.0613,0.0036
84.0304,-0.4289,0.1481,0.5457,948567.0000,1,1,-0.0578,0.0043
84.0409,-0.4962,-0.0548,0.5457,948567.0000,1,1,-0.0534,0.0048
84.0514,-0.6132,-0.3517,0.5457,948567.0000,1,1,-0.0475,0.0048
84.0605,-0.5366,0.0587,0.5457,948567.0000,1,1,-0.0429,0.0049
84.0704,-0.8988,0.5120,0.5457,948567.0000,1,1,-0.0333,0.0039
84.0805,-0.7798,0.6658,0.5457,948567.0000,1,1,-0.0257,0.0032
84.0908,-0.3045,0.3161,0.5457,948567.0000,1,1,-0.0250,0.0030
84.1009,-0.4131,0.2355,0.5457,948567.0000,1,1,-0.0229,0.0026
84.1105,-0.4283,0.3946,0.5457,948567.0000,1,1,-0.0206,0.0018
84.1205,-0.6662,-0.0166,0.5457,948567.0000,1,1,-0.0154,0.0001
84.1305,-0.5184,-0.1541,0.5457,948567.0000,1,1,-0.0123,-0.0014
84.1408,-0.5164,0.1760,0.5457,948567.0000,1,1,-0.0095,-0.0032
84.1507,-0.7708,0.4508,0.5457,948567.0000,1,1,-0.0038,-0.0069
84.1605,-0.5935,0.6764,0.5457,948567.0000,1,1,-0.0005,-0.0096
84.1705,-0.2769,0.5528,0.5457,948567.0000,1,1,-0.0007,-0.0094
84.1805,-0.3423,0.2441,0.5457,948567.0000,1,1,-0.0003,-0.0098
84.1908,-0.3394,-0.0454,0.5457,948567.0000,1,1,0.0001,-0.0102
84.2008,-0.4558,-0.2466,0.5457,948567.0000,1,1,0.0016,-0.0121
84.2105,-0.4242,-0.0762,0.5457,948567.0000,1,1,0.0026,-0.0135
84.2205,-0.6025,0.1615,0.5457,948567.0000,1,1,0.0050,-0.0174
84.2303,-0.7033,0.3969,0.5457,948567.0000,1,1,0.0082,-0.0225
84.2409,-0.3946,0.6220,0.5457,948567.0000,1,1,0.0087,-0.0235
84.2514,-0.1975,0.4719,0.5457,948567.0000,1,1,0.0079,-0.0215
84.2605,-0.2748,0.2898,0.5457,948567.0000,1,1,0.0076,-0.0207
84.2705,-0.3073,0.1189,0.5457,948567.0000,1,1,0.0075,-0.0205
84.2805,-0.3109,-0.2049,0.5457,948567.0000,1,1,0.0075,-0.0203
84.2908,-0.3877,-0.2849,0.5457,948567.0000,1,1,0.0077,-0.0214
84.3009,-0.4330,-0.0470,0.5457,948567.0000,1,1,0.0081,-0.0234
84.3105,-0.4201,0.2116,0.5457,948567.0000,1,1,0.0083,-0.0252
84.3205,-0.0969,0.6057,0.5457,948567.0000,1,1,0.0078,-0.0208
84.3305,-0.2625,0.5485,0.5457,948567.0000,1,1,0.0077,-0.0195
84.3408,-0.4122,0.2543,0.5457,948567.0000,1,1,0.0078,-0.0213
84.3508,-0.2879,-0.3594,0.5457,948567.0000,1,1,0.0078,-0.0205
84.3605,-0.2844,-0.5168,0.5457,948567.0000,1,1,0.0079,-0.0196
84.3705,-0.2170,-0.2581,0.5457,948567.0000,1,1,0.0080,-0.0173
84.3805,-0.3915,0.0115,0.5457,948567.0000,1,1,0.0078,-0.0189
84.3908,-0.3875,0.3714,0.5457,948567.0000,1,1,0.0077,-0.0203
84.4008,-0.2685,0.4884,0.5457,948567.0000,1,1,0.0079,-0.0190
84.4104,-0.4154,0.1151,0.5457,948567.0000,1,1,0.0075,-0.0210
84.4204,-0.3623,0.1129,0.5457,948567.0000,1,1,0.0073,-0.0219
84.4303,-0.2113,0.0042,0.5457,948567.0000,1,1,0.0079,-0.0193
84.4409,-0.1797,-0.2607,0.5457,948567.0000,1,1,0.0088,-0.0160
84.4514,-0.0930,-0.4941,0.5457,948567.0000,1,1,0.0106,-0.0108
84.4605,-0.4269,-0.0820,0.5457,948567.0000,1,1,0.0097,-0.0134
84.4705,-0.5209,0.4448,0.5457,948567.0000,1,1,0.0079,-0.0181
84.4805,-0.3864,0.2795,0.5457,948567.0000,1,1,0.0074,-0.0196
84.4908,-0.3903,0.2713,0.5457,948567.0000,1,1,0.0067,-0.0211
84.5008,-0.3053,0.6157,0.5457,948567.0000,1,1,0.0069,-0.0206
84.5105,-0.1696,0.0749,0.5457,948567.0000,1,1,0.0086,-0.0171
84.5205,-0.1598,-0.4813,0.5457,948567.0000,1,1,0.0103,-0.0134
84.5303,-0.2365,-0.4424,0.5457,948567.0000,1,1,0.0112,-0.0117
84.5408,-0.4963,-0.0691,0.5457,948567.0000,1,1,0.0090,-0.0159
84.5508,-0.4802,0.0941,0.5457,948567.0000,1,1,0.0070,-0.0195
84.5605,-0.2407,0.0107,0.5457,948567.0000,1,1,0.0081,-0.0177
84.5705,-0.3750,0.2044,0.5457,948567.0000,1,1,0.0074,-0.0190
84.5805,-0.0388,0.3980,0.5457,948567.0000,1,1,0.0114,-0.0128
84.5907,0.0137,-0.1394,0.5457,948567.0000,1,1,0.0159,-0.0058
84.6008,0.0150,-0.5698,0.5457,948567.0000,1,1,0.0205,0.0008
84.6105,-0.1518,-0.4037,0.5457,948567.0000,1,1,0.0225,0.0036
84.6204,-0.4737,-0.1518,0.5457,948567.0000,1,1,0.0195,-0.0004
84.6303,-0.2641,-0.2043,0.5457,948567.0000,1,1,0.0198,0.0001
84.6409,-0.1417,-0.1356,0.5457,948567.0000,1,1,0.0221,0.0029
84.6514,-0.2940,0.6408,0.5457,948567.0000,1,1,0.0218,0.0026
84.6607,-0.0406,0.5325,0.5457,948567.0000,1,1,0.0257,0.0071
84.6704,0.0276,-0.3053,0.5457,948567.0000,1,1,0.0307,0.0125
84.6805,0.0009,-0.3936,0.5457,948567.0000,1,1,0.0350,0.0171
84.6908,-0.1661,-0.2768,0.5457,948567.0000,1,1,0.0364,0.0185
84.7009,-0.3318,-0.3766,0.5457,948567.0000,1,1,0.0350,0.0170
84.7104,-0.0699,-0.4659,0.5457,948567.0000,1,1,0.0380,0.0199
84.7205,-0.2465,-0.1524,0.5457,948567.0000,1,1,0.0379,0.0198
84.7305,-0.2599,0.5467,0.5457,948567.0000,1,1,0.0375,0.0194
84.7408,-0.0606,0.2233,0.5457,948567.0000,1,1,0.0408,0.0222
84.7508,0.1447,-0.2727,0.5457,948567.0000,1,1,0.0478,0.0277
84.7605,0.0581,-0.1163,0.5457,948567.0000,1,1,0.0531,0.0315
84.7705,-0.1115,-0.2412,0.5457,948567.0000,1,1,0.0550,0.0329
84.7805,-0.1218,-0.6639,0.5457,948567.0000,1,1,0.0566,0.0339
84.7908,0.0313,-0.4083,0.5457,948567.0000,1,1,0.0610,0.0370
84.8008,-0.2833,0.0864,0.5457,948567.0000,1,1,0.0592,0.0358
84.8105,-0.3621,0.4355,0.5457,948567.0000,1,1,0.0560,0.0338
84.8205,0.0782,0.1948,0.5457,948567.0000,1,1,0.0615,0.0370
84.8305,0.1502,0.1033,0.5457,948567.0000,1,1,0.0682,0.0409
84.8409,0.0211,0.0485,0.5457,948567.0000,1,1,0.0721,0.0430
84.8514,-0.0264,-0.3808,0.5457,948567.0000,1,1,0.0751,0.0445
84.8605,0.0584,-0.6540,0.5457,948567.0000,1,1,0.0796,0.0467
84.8704,-0.0484,-0.2099,0.5457,948567.0000,1,1,0.0819,0.0477
84.8805,-0.3006,0.2580,0.5457,948567.0000,1,1,0.0790,0.0464
84.8908,-0.1061,0.4173,0.5457,948567.0000,1,1,0.0802,0.0469
84.9008,0.1046,0.2620,0.5507,948563.0000,1,1,0.0855,0.0490
84.9105,-0.0653,0.3974,0.5507,948563.0000,1,1,0.0876,0.0490
84.9205,-0.0195,0.1339,0.5507,948563.0000,1,1,0.0906,0.0489
84.9305,-0.0364,-0.5141,0.5507,948563.0000,1,1,0.0932,0.0487
84.9408,0.0114,-0.3881,0.5507,948563.0000,1,1,0.0966,0.0484
84.9508,-0.2492,0.1122,0.5507,948563.0000,1,1,0.0950,0.0487
84.9605,-0.3623,0.2960,0.5507,948563.0000,1,1,0.0913,0.0492
84.9705,0.1144,0.3548,0.5507,948563.0000,1,1,0.0966,0.0481
84.9805,0.1113,0.3293,0.5507,948563.0000,1,1,0.1016,0.0470
84.9908,0.0515,0.4539,0.5507,948563.0000,1,1,0.1054,0.0459
85.0008,0.1149,-0.0902,0.5507,948563.0000,1,1,0.1101,0.0446
85.0104,0.1286,-0.5320,0.5507,948563.0000,1,1,0.1148,0.0429
85.0205,0.0221,-0.1385,0.5507,948563.0000,1,1,0.1176,0.0416
85.0303,-0.2369,0.2133,0.5507,948563.0000,1,1,0.1163,0.0422
85.0409,-0.1168,0.3675,0.5507,948563.0000,1,1,0.1169,0.0419
85.0514,0.3123,0.4723,0.5507,948563.0000,1,1,0.1238,0.0382
85.0604,0.1810,0.4353,0.5507,948563.0000,1,1,0.1285,0.0352
85.0705,0.1609,0.2694,0.5507,948563.0000,1,1,0.1327,0.0325
85.0805,-0.0097,-0.2270,0.5507,948563.0000,1,1,0.1344,0.0312
85.0907,0.0743,-0.2852,0.5507,948563.0000,1,1,0.1371,0.0291
85.1008,-0.0775,0.0371,0.5507,948563.0000,1,1,0.1379,0.0284
85.1105,-0.2084,0.4537,0.5507,948563.0000,1,1,0.1372,0.0292
85.1205,0.1817,0.4886,0.5507,948563.0000,1,1,0.1408,0.0254
85.1303,0.3549,0.3906,0.5507,948563.0000,1,1,0.1457,0.0192
85.1408,0.2116,0.3807,0.5507,948563.0000,1,1,0.1490,0.0149
85.1507,0.0958,0.0004,0.5507,948563.0000,1,1,0.1510,0.0119
85.1605,0.1507,-0.5907,0.5507,948563.0000,1,1,0.1534,0.0083
85.1705,0.0884,-0.2489,0.5507,948563.0000,1,1,0.1550,0.0053
85.1805,-0.1804,0.4364,0.5507,948563.0000,1,1,0.1547,0.0060
85.1908,-0.2132,0.7256,0.5507,948563.0000,1,1,0.1542,0.0071
85.2009,0.2746,0.6500,0.5507,948563.0000,1,1,0.1567,0.0012
85.2105,0.1930,0.4042,0.5507,948563.0000,1,1,0.1583,-0.0037
85.2205,0.2140,-0.0530,0.5507,948563.0000,1,1,0.1596,-0.0091
85.2304,0.0804,-0.4691,0.5507,948563.0000,1,1,0.1604,-0.0124
85.2409,0.1951,-0.3478,0.5507,948563.0000,1,1,0.1612,-0.0176
85.2514,0.0554,0.1533,0.5507,948563.0000,1,1,0.1616,-0.0205
85.2605,-0.1289,0.5246,0.5507,948563.0000,1,1,0.1616,-0.0206
85.2704,0.1268,0.4798,0.5507,948563.0000,1,1,0.1619,-0.0247
85.2805,0.3882,0.3327,0.5507,948563.0000,1,1,0.1617,-0.0333
85.2908,0.0744,0.2436,0.5507,948563.0000,1,1,0.1616,-0.0366
85.3008,0.1888,-0.0700,0.5507,948563.0000,1,1,0.1611,-0.0419
85.3105,0.1843,-0.4495,0.5507,948563.0000,1,1,0.1602,-0.0472
85.3205,0.1144,-0.0884,0.5507,948563.0000,1,1,0.1595,-0.0513
85.3305,-0.2232,0.2275,0.5507,948563.0000,1,1,0.1599,-0.0497
85.3408,-0.1554,0.1018,0.5507,948563.0000,1,1,0.1600,-0.0494
85.3508,-0.0309,0.0227,0.5507,948563.0000,1,1,0.1593,-0.0513
85.3605,-0.1802,0.4471,0.5507,948563.0000,1,1,0.1595,-0.0507
85.3704,-0.1352,0.5030,0.5507,948563.0000,1,1,0.1594,-0.0510
85.3805,0.2504,-0.1090,0.5507,948563.0000,1,1,0.1568,-0.0575
85.3908,0.1583,-0.1566,0.5507,948563.0000,1,1,0.1543,-0.0626
85.4008,0.0866,0.1175,0.5507,948563.0000,1,1,0.1521,-0.0665
85.4105,-0.2068,-0.1366,0.5507,948563.0000,1,1,0.1526,-0.0656
85.4205,-0.1097,-0.2657,0.5507,948563.0000,1,1,0.1521,-0.0664
85.4304,-0.2561,0.2244,0.5507,948563.0000,1,1,0.1530,-0.0650
85.4408,-0.3643,0.7613,0.5507,948563.0000,1,1,0.1551,-0.0622
85.4514,-0.0283,0.5947,0.5507,948563.0000,1,1,0.1534,-0.0644
85.4605,0.1567,0.2990,0.5507,948563.0000,1,1,0.1493,-0.0693
85.4705,0.0197,0.4772,0.5507,948563.0000,1,1,0.1469,-0.0721
85.4805,-0.0208,0.1987,0.5507,948563.0000,1,1,0.1448,-0.0743
85.4908,-0.0964,-0.3503,0.5507,948563.0000,1,1,0.1435,-0.0755
85.5008,-0.1516,0.0639,0.5507,948563.0000,1,1,0.1430,-0.0760
85.5105,-0.5023,0.8766,0.5507,948563.0000,1,1,0.1474,-0.0724
85.5205,-0.2799,1.0979,0.5507,948563.0000,1,1,0.1485,-0.0715
85.5304,0.0428,0.7604,0.5507,948563.0000,1,1,0.1445,-0.0743
85.5408,0.0077,0.6299,0.5507,948563.0000,1,1,0.1412,-0.0767
85.5508,0.1298,0.5215,0.5507,948563.0000,1,1,0.1357,-0.0801
85.5605,-0.0531,-0.0546,0.5507,948563.0000,1,1,0.1333,-0.0817
85.5705,-0.0239,-0.1566,0.5507,948563.0000,1,1,0.1302,-0.0833
85.5805,-0.2482,0.2637,0.5507,948563.0000,1,1,0.1307,-0.0831
85.5908,-0.3070,0.7114,0.5507,948563.0000,1,1,0.1322,-0.0824
85.6008,-0.1627,0.7378,0.5507,948563.0000,1,1,0.1310,-0.0829
85.6105,-0.3809,0.7578,0.5507,948563.0000,1,1,0.1336,-0.0819
85.6205,-0.1708,1.0658,0.5507,948563.0000,1,1,0.1323,-0.0823
85.6303,-0.0300,0.6003,0.5507,948563.0000,1,1,0.1287,-0.0834
85.6409,0.0309,-0.1139,0.5507,948563.0000,1,1,0.1238,-0.0845
85.6514,-0.1367,0.1485,0.5507,948563.0000,1,1,0.1220,-0.0848
85.6606,-0.4874,0.5245,0.5507,948563.0000,1,1,0.1264,-0.0842
85.6704,-0.3540,0.5840,0.5507,948563.0000,1,1,0.1281,-0.0841
85.6805,-0.4841,0.7276,0.5507,948563.0000,1,1,0.1322,-0.0838
85.6908,-0.4619,1.0816,0.5507,948563.0000,1,1,0.1356,-0.0839
85.7008,-0.1207,0.9813,0.5507,948563.0000,1,1,0.1328,-0.0838
85.7104,-0.1306,0.4161,0.5507,948563.0000,1,1,0.1301,-0.0836
85.7205,-0.1347,0.2174,0.5507,948563.0000,1,1,0.1277,-0.0834
85.7304,-0.1996,0.1882,0.5507,948563.0000,1,1,0.1262,-0.0831
85.7408,-0.3809,0.3785,0.5507,948563.0000,1,1,0.1280,-0.0834
85.7508,-0.4451,0.4800,0.5507,948563.0000,1,1,0.1307,-0.0842
85.7605,-0.6440,0.5636,0.5507,948563.0000,1,1,0.1366,-0.0858
85.7704,-0.2954,0.8732,0.5507,948563.0000,1,1,0.1365,-0.0857
85.7805,-0.1860,0.6768,0.5507,948563.0000,1,1,0.1344,-0.0848
85.7907,-0.1748,0.3609,0.5507,948563.0000,1,1,0.1323,-0.0837
85.8008,-0.1610,0.2490,0.5507,948563.0000,1,1,0.1300,-0.0824
85.8104,-0.2595,0.1326,0.5507,948563.0000,1,1,0.1293,-0.0819
85.8205,-0.3278,0.1697,0.5507,948563.0000,1,1,0.1296,-0.0821
85.8304,-0.5336,0.2851,0.5507,948563.0000,1,1,0.1328,-0.0845
85.8409,-0.6849,0.6206,0.5507,948563.0000,1,1,0.1379,-0.0889
85.8515,-0.1665,0.8536,0.5507,948563.0000,1,1,0.1357,-0.0867
85.8605,-0.1940,0.5364,0.5557,948561.0000,1,1,0.1340,-0.0849
85.8704,-0.2081,0.4540,0.5557,948561.0000,1,1,0.1342,-0.0835
85.8805,-0.1475,0.3125,0.5557,948561.0000,1,1,0.1342,-0.0832
85.8908,-0.3805,0.1301,0.5557,948561.0000,1,1,0.1351,-0.0791
85.9009,-0.4389,0.1486,0.5557,948561.0000,1,1,0.1362,-0.0741
85.9105,-0.7721,0.3709,0.5557,948561.0000,1,1,0.1393,-0.0640
85.9205,-0.6338,0.8130,0.5557,948561.0000,1,1,0.1421,-0.0569
85.9304,-0.4374,0.7351,0.5557,948561.0000,1,1,0.1436,-0.0531
85.9408,-0.4247,0.5431,0.5557,948561.0000,1,1,0.1452,-0.0498
85.9508,-0.2640,0.5088,0.5557,948561.0000,1,1,0.1455,-0.0490
85.9605,-0.2914,0.2054,0.5557,948561.0000,1,1,0.1461,-0.0480
85.9705,-0.2811,-0.0155,0.5557,948561.0000,1,1,0.1466,-0.0472
85.9805,-0.3856,0.0602,0.5557,948561.0000,1,1,0.1480,-0.0452
85.9908,-0.5858,0.4200,0.5557,948561.0000,1,1,0.1513,-0.0407
86.0008,-0.3551,0.7530,0.5557,948561.0000,1,1,0.1523,-0.0395
86.0105,-0.4065,0.4340,0.5557,948561.0000,1,1,0.1540,-0.0379
86.0205,-0.2934,0.3335,0.5557,948561.0000,1,1,0.1543,-0.0376
86.0303,-0.2224,0.2239,0.5557,948561.0000,1,1,0.1537,-0.0380
86.0409,-0.3310,-0.0930,0.5557,948561.0000,1,1,0.1544,-0.0375
86.0514,-0.2094,-0.1813,0.5557,948561.0000,1,1,0.1536,-0.0380
86.0604,-0.5920,0.1779,0.5557,948561.0000,1,1,0.1575,-0.0356
86.0705,-0.6270,0.7490,0.5557,948561.0000,1,1,0.1619,-0.0335
86.0805,-0.3849,0.5731,0.5557,948561.0000,1,1,0.1630,-0.0330
86.0907,-0.3942,0.2691,0.5557,948561.0000,1,1,0.1642,-0.0325
86.1009,-0.3967,0.4787,0.5557,948561.0000,1,1,0.1654,-0.0323
86.1105,-0.4077,0.3936,0.5557,948561.0000,1,1,0.1667,-0.0320
86.1205,-0.5093,0.0083,0.5557,948561.0000,1,1,0.1694,-0.0318
86.1304,-0.5637,0.1191,0.5557,948561.0000,1,1,0.1728,-0.0315
86.1408,-0.7510,0.4367,0.5557,948561.0000,1,1,0.1789,-0.0318
86.1508,-0.5771,0.6585,0.5557,948561.0000,1,1,0.1823,-0.0320
86.1605,-0.4251,0.4576,0.5557,948561.0000,1,1,0.1833,-0.0322
86.1704,-0.6239,0.5787,0.5557,948561.0000,1,1,0.1873,-0.0329
86.1805,-0.4859,0.6551,0.5557,948561.0000,1,1,0.1891,-0.0334
86.1908,-0.4993,0.1493,0.5557,948561.0000,1,1,0.1909,-0.0342
86.2008,-0.5004,-0.3127,0.5557,948561.0000,1,1,0.1928,-0.0351
86.2104,-0.6809,-0.0673,0.5557,948561.0000,1,1,0.1971,-0.0376
86.2205,-0.6180,0.4029,0.5557,948561.0000,1,1,0.2004,-0.0396
86.2304,-0.6183,0.6461,0.5557,948561.0000,1,1,0.2035,-0.0420
86.2409,-0.7089,0.6024,0.5557,948561.0000,1,1,0.2077,-0.0452
86.2514,-0.5100,0.5510,0.5557,948561.0000,1,1,0.2091,-0.0465
86.2605,-0.2041,0.2065,0.5557,948561.0000,1,1,0.2064,-0.0434
86.2704,-0.2249,-0.1961,0.5557,948561.0000,1,1,0.2041,-0.0408
86.2805,-0.3402,-0.1545,0.5557,948561.0000,1,1,0.2034,-0.0397
86.2908,-0.5664,0.1979,0.5557,948561.0000,1,1,0.2053,-0.0424
86.3008,-0.5204,0.3476,0.5557,948561.0000,1,1,0.2065,-0.0444
86.3105,-0.5913,0.3732,0.5557,948561.0000,1,1,0.2084,-0.0477
86.3205,-0.5659,0.5289,0.5557,948561.0000,1,1,0.2099,-0.0507
86.3303,-0.1248,0.4849,0.5557,948561.0000,1,1,0.2071,-0.0449
86.3408,-0.1586,0.1779,0.5557,948561.0000,1,1,0.2049,-0.0395
86.3508,-0.3462,0.0280,0.5557,948561.0000,1,1,0.2046,-0.0382
86.3605,-0.5178,-0.1918,0.5557,948561.0000,1,1,0.2054,-0.0409
86.3705,-0.6165,-0.1809,0.5557,948561.0000,1,1,0.2067,-0.0463
86.3805,-0.5715,0.1199,0.5557,948561.0000,1,1,0.2076,-0.0503
86.3907,-0.6684,0.3778,0.5557,948561.0000,1,1,0.2087,-0.0570
86.4009,-0.2147,0.3513,0.5557,948561.0000,1,1,0.2079,-0.0520
86.4105,0.1745,0.0995,0.5557,948561.0000,1,1,0.2063,-0.0364
86.4205,-0.0598,-0.1079,0.5557,948561.0000,1,1,0.2054,-0.0278
86.4303,-0.3082,-0.1488,0.5557,948561.0000,1,1,0.2054,-0.0261
86.4409,-0.4456,-0.2635,0.5557,948561.0000,1,1,0.2053,-0.0286
86.4514,-0.3058,-0.0163,0.5557,948561.0000,1,1,0.2053,-0.0269
86.4605,-0.3985,0.0354,0.5557,948561.0000,1,1,0.2053,-0.0282
86.4704,-0.6301,0.3178,0.5557,948561.0000,1,1,0.2047,-0.0360
86.4804,-0.2328,0.4873,0.5557,948561.0000,1,1,0.2052,-0.0323
86.4908,-0.1805,0.0644,0.5557,948561.0000,1,1,0.2058,-0.0274
86.5008,-0.1587,-0.1459,0.5557,948561.0000,1,1,0.2068,-0.0221
86.5105,-0.2420,-0.2386,0.5557,948561.0000,1,1,0.2073,-0.0195
86.5205,-0.3024,-0.2906,0.5557,948561.0000,1,1,0.2074,-0.0190
86.5304,-0.3428,-0.1078,0.5557,948561.0000,1,1,0.2071,-0.0201
86.5408,-0.5886,0.1199,0.5557,948561.0000,1,1,0.2047,-0.0281
86.5508,-0.5115,0.4593,0.5557,948561.0000,1,1,0.2026,-0.0340
86.5605,-0.2212,0.2892,0.5557,948561.0000,1,1,0.2036,-0.0313
86.5704,-0.2600,-0.0273,0.5557,948561.0000,1,1,0.2041,-0.0300
86.5805,-0.2574,-0.0252,0.5557,948561.0000,1,1,0.2046,-0.0288
86.5908,-0.3231,-0.2819,0.5557,948561.0000,1,1,0.2041,-0.0297
86.6008,-0.4110,-0.2664,0.5557,948561.0000,1,1,0.2022,-0.0334
86.6105,-0.5596,-0.1322,0.5557,948561.0000,1,1,0.1982,-0.0408
86.6205,-0.5339,0.0029,0.5557,948561.0000,1,1,0.1942,-0.0475
86.6304,-0.0495,0.1595,0.5557,948561.0000,1,1,0.1980,-0.0411
86.6409,-0.1110,0.1071,0.5557,948561.0000,1,1,0.2008,-0.0369
86.6513,-0.2991,-0.0028,0.5557,948561.0000,1,1,0.2003,-0.0377
86.6606,-0.1508,-0.1782,0.5557,948561.0000,1,1,0.2022,-0.0351
86.6704,-0.3504,-0.2529,0.5557,948561.0000,1,1,0.2005,-0.0375
86.6804,-0.4543,-0.1336,0.5557,948561.0000,1,1,0.1964,-0.0424
86.6908,-0.6295,-0.3244,0.5557,948561.0000,1,1,0.1882,-0.0513
86.7009,-0.2684,-0.2244,0.5557,948561.0000,1,1,0.1880,-0.0516
86.7105,-0.1073,0.0684,0.5557,948561.0000,1,1,0.1910,-0.0486
86.7205,-0.3330,0.2333,0.5557,948561.0000,1,1,0.1890,-0.0505
86.7304,-0.0701,0.2027,0.5557,948561.0000,1,1,0.1926,-0.0472
86.7408,-0.0437,-0.2467,0.5557,948561.0000,1,1,0.1966,-0.0436
86.7508,-0.1658,-0.3032,0.5557,948561.0000,1,1,0.1974,-0.0428
86.7605,-0.3124,-0.2708,0.5557,948561.0000,1,1,0.1949,-0.0450
86.7704,-0.4105,-0.5248,0.5557,948561.0000,1,1,0.1896,-0.0491
86.7804,-0.1771,-0.2313,0.5557,948561.0000,1,1,0.1900,-0.0488
86.7908,-0.4496,0.1631,0.5557,948561.0000,1,1,0.1835,-0.0536
86.8008,-0.4272,0.1641,0.5557,948561.0000,1,1,0.1772,-0.0579
86.8105,0.0771,-0.2382,0.5557,948561.0000,1,1,0.1845,-0.0529
86.8205,0.0249,-0.1904,0.5557,948561.0000,1,1,0.1901,-0.0493
86.8304,-0.0609,0.1535,0.5557,948561.0000,1,1,0.1929,-0.0475
86.8409,-0.0917,-0.1046,0.5557,948561.0000,1,1,0.1946,-0.0465
86.8514,-0.0272,-0.4567,0.5557,948561.0000,1,1,0.1977,-0.0447
86.8605,-0.0729,-0.3941,0.5555,948561.0000,1,1,0.1993,-0.0438
86.8703,-0.4298,-0.3129,0.5555,948561.0000,1,1,0.1919,-0.0486
86.8805,-0.3664,-0.1437,0.5555,948561.0000,1,1,0.1859,-0.0522
86.8908,-0.0155,0.0123,0.5555,948561.0000,1,1,0.1894,-0.0500
86.9008,-0.0931,0.1360,0.5555,948561.0000,1,1,0.1905,-0.0494
86.9104,-0.0024,0.2190,0.5555,948561.0000,1,1,0.1938,-0.0477
86.9205,0.1237,-0.1894,0.5555,948561.0000,1,1,0.2002,-0.0442
86.9304,-0.0219,-0.4147,0.5555,948561.0000,1,1,0.2021,-0.0432
86.9408,-0.1944,-0.5172,0.5555,948561.0000,1,1,0.1994,-0.0446
86.9508,-0.4757,-0.4861,0.5555,948561.0000,1,1,0.1888,-0.0498
86.9605,-0.1977,-0.1858,0.5555,948561.0000,1,1,0.1863,-0.0510
86.9705,-0.0596,-0.1793,0.5555,948561.0000,1,1,0.1873,-0.0506
86.9805,-0.0948,-0.1311,0.5555,948561.0000,1,1,0.1873,-0.0506
86.9908,-0.0777,0.2422,0.5555,948561.0000,1,1,0.1875,-0.0505
87.0008,0.0471,0.0125,0.5555,948561.0000,1,1,0.1907,-0.0492
87.0105,0.0038,-0.4718,0.5555,948561.0000,1,1,0.1925,-0.0484
87.0205,0.0322,-0.5366,0.5555,948561.0000,1,1,0.1948,-0.0475
87.0304,-0.2722,-0.2875,0.5555,948561.0000,1,1,0.1895,-0.0496
87.0409,-0.3362,-0.1666,0.5555,948561.0000,1,1,0.1826,-0.0522
87.0514,-0.1872,-0.2141,0.5555,948561.0000,1,1,0.1797,-0.0533
87.0605,-0.2418,0.0849,0.5555,948561.0000,1,1,0.1755,-0.0547
87.0704,-0.1046,0.4394,0.5555,948561.0000,1,1,0.1745,-0.0550
87.0804,0.1645,0.0075,0.5555,948561.0000,1,1,0.1798,-0.0534
87.0908,0.1373,-0.2385,0.5555,948561.0000,1,1,0.1841,-0.0522
87.1009,0.0796,0.0065,0.5555,948561.0000,1,1,0.1868,-0.0514
87.1105,-0.1781,-0.1423,0.5555,948561.0000,1,1,0.1837,-0.0522
87.1205,-0.2091,-0.6314,0.5555,948561.0000,1,1,0.1800,-0.0531
87.1304,-0.3347,-0.4737,0.5555,948561.0000,1,1,0.1739,-0.0543
87.1408,-0.5320,0.1869,0.5555,948561.0000,1,1,0.1640,-0.0563
87.1508,-0.3682,0.3034,0.5555,948561.0000,1,1,0.1578,-0.0572
87.1605,-0.0480,0.0545,0.5555,948561.0000,1,1,0.1581,-0.0572
87.1704,-0.1971,0.2011,0.5555,948561.0000,1,1,0.1556,-0.0574
87.1805,-0.1657,0.3492,0.5555,948561.0000,1,1,0.1537,-0.0575
87.1908,-0.2328,-0.1416,0.5555,948561.0000,1,1,0.1506,-0.0576
87.2008,-0.1523,-0.4833,0.5555,948561.0000,1,1,0.1491,-0.0576
87.2105,-0.4090,-0.1639,0.5555,948561.0000,1,1,0.1429,-0.0573
87.2205,-0.4287,0.1689,0.5555,948561.0000,1,1,0.1366,-0.0567
87.2304,-0.2917,0.0765,0.5555,948561.0000,1,1,0.1330,-0.0563
87.2409,-0.2741,0.2847,0.5555,948561.0000,1,1,0.1299,-0.0558
87.2514,-0.0899,0.5772,0.5555,948561.0000,1,1,0.1300,-0.0558
87.2605,0.1255,0.3480,0.5555,948561.0000,1,1,0.1338,-0.0568
87.2704,-0.0292,-0.1828,0.5555,948561.0000,1,1,0.1348,-0.0571
87.2805,-0.1168,-0.1414,0.5555,948561.0000,1,1,0.1344,-0.0570
87.2908,-0.2341,-0.0235,0.5555,948561.0000,1,1,0.1322,-0.0560
87.3008,-0.1733,-0.1387,0.5555,948561.0000,1,1,0.1310,-0.0555
87.3105,-0.1087,-0.2092,0.5555,948561.0000,1,1,0.1308,-0.0554
87.3205,-0.3288,0.3181,0.5555,948561.0000,1,1,0.1275,-0.0537
87.3303,-0.2049,0.6839,0.5555,948561.0000,1,1,0.1261,-0.0528
87.3408,0.0188,0.1687,0.5555,948561.0000,1,1,0.1278,-0.0541
87.3508,0.1045,0.0060,0.5555,948561.0000,1,1,0.1305,-0.0561
87.3605,0.0525,0.1330,0.5555,948561.0000,1,1,0.1324,-0.0578
87.3704,-0.1514,-0.1802,0.5555,948561.0000,1,1,0.1317,-0.0572
87.3805,-0.0985,-0.4421,0.5555,948561.0000,1,1,0.1318,-0.0573
87.3908,-0.2138,-0.1105,0.5555,948561.0000,1,1,0.1306,-0.0560
87.4008,-0.5279,0.4522,0.5555,948561.0000,1,1,0.1263,-0.0508
87.4105,-0.3312,0.5744,0.5555,948561.0000,1,1,0.1244,-0.0481
87.4205,0.1686,0.2631,0.5555,948561.0000,1,1,0.1271,-0.0520
87.4303,0.1376,0.3824,0.5555,948561.0000,1,1,0.1292,-0.0557
87.4408,0.0061,0.2511,0.5555,948561.0000,1,1,0.1302,-0.0574
87.4515,-0.0500,-0.1962,0.5555,948561.0000,1,1,0.1307,-0.0584
87.4605,-0.0218,-0.2188,0.5555,948561.0000,1,1,0.1314,-0.0599
87.4704,-0.1288,-0.0060,0.5555,948561.0000,1,1,0.1314,-0.0598
87.4804,-0.3603,0.2032,0.5555,948561.0000,1,1,0.1300,-0.0562
87.4908,-0.1340,0.3301,0.5555,948561.0000,1,1,0.1300,-0.0562
87.5008,0.1829,0.3036,0.5555,948561.0000,1,1,0.1311,-0.0615
87.5105,0.0110,0.5427,0.5555,948561.0000,1,1,0.1315,-0.0638
87.5205,0.0707,0.3329,0.5555,948561.0000,1,1,0.1320,-0.0672
87.5304,0.1568,-0.2357,0.5555,948561.0000,1,1,0.1326,-0.0720
87.5408,-0.0703,-0.1697,0.5555,948561.0000,1,1,0.1326,-0.0730
87.5508,-0.1695,-0.0806,0.5555,948561.0000,1,1,0.1326,-0.0724
87.5605,-0.3406,0.0309,0.5555,948561.0000,1,1,0.1327,-0.0688
87.5705,-0.0271,0.3711,0.5555,948561.0000,1,1,0.1326,-0.0708
87.5805,0.0423,0.2740,0.5555,948561.0000,1,1,0.1323,-0.0741
87.5908,-0.0514,0.3176,0.5555,948561.0000,1,1,0.1320,-0.0758
87.6008,0.0454,0.6423,0.5555,948561.0000,1,1,0.1315,-0.0792
87.6105,0.1047,0.4507,0.5555,948561.0000,1,1,0.1305,-0.0837
87.6205,0.0061,0.1483,0.5555,948561.0000,1,1,0.1299,-0.0863
87.6305,-0.0177,-0.0943,0.5555,948561.0000,1,1,0.1292,-0.0886
87.6409,-0.1876,-0.0812,0.5555,948561.0000,1,1,0.1294,-0.0880
87.6514,-0.0643,0.1954,0.5555,948561.0000,1,1,0.1288,-0.0896
87.6607,-0.0094,0.1918,0.5555,948561.0000,1,1,0.1279,-0.0920
87.6704,-0.1901,0.5362,0.5555,948561.0000,1,1,0.1281,-0.0915
87.6805,-0.0740,0.9230,0.5555,948561.0000,1,1,0.1273,-0.0931
87.6908,0.0527,0.4164,0.5555,948561.0000,1,1,0.1254,-0.0967
87.7009,0.1332,-0.0448,0.5555,948561.0000,1,1,0.1225,-0.1016
87.7104,-0.0076,-0.0283,0.5555,948561.0000,1,1,0.1210,-0.1042
87.7205,-0.2861,0.1226,0.5555,948561.0000,1,1,0.1222,-0.1024
87.7303,-0.3773,0.0568,0.5555,948561.0000,1,1,0.1243,-0.0993
87.7408,-0.3037,0.1323,0.5555,948561.0000,1,1,0.1256,-0.0976
87.7508,-0.5157,0.5937,0.5555,948561.0000,1,1,0.1293,-0.0928
87.7605,-0.2091,0.8287,0.5555,948561.0000,1,1,0.1293,-0.0928
87.7704,0.0888,0.2760,0.5555,948561.0000,1,1,0.1253,-0.0969
87.7804,-0.0647,0.1702,0.5555,948561.0000,1,1,0.1234,-0.0988
87.7907,-0.2346,0.5123,0.5555,948561.0000,1,1,0.1236,-0.0986
87.8008,-0.4652,0.2267,0.5555,948561.0000,1,1,0.1270,-0.0956
87.8105,-0.3597,-0.1572,0.5555,948561.0000,1,1,0.1288,-0.0941
87.8205,-0.3663,-0.0233,0.5555,948561.0000,1,1,0.1307,-0.0927
87.8304,-0.4782,0.3369,0.5555,948561.0000,1,1,0.1341,-0.0903
87.8409,-0.3464,0.3623,0.5555,948561.0000,1,1,0.1354,-0.0895
87.8513,-0.2655,0.2483,0.5555,948561.0000,1,1,0.1354,-0.0895
87.8605,-0.5184,0.7560,0.5505,948560.8125,1,1,0.1393,-0.0876
87.8705,-0.2942,0.9251,0.5505,948560.8125,1,1,0.1346,-0.0903
87.8805,-0.2626,0.0868,0.5505,948560.8125,1,1,0.1308,-0.0923
87.8908,-0.1624,-0.1170,0.5505,948560.8125,1,1,0.1296,-0.0929
87.9009,-0.3376,0.2007,0.5505,948560.8125,1,1,0.1244,-0.0953
87.9104,-0.4524,0.3128,0.5505,948560.8125,1,1,0.1170,-0.0987
87.9204,-0.3107,0.1662,0.5505,948560.8125,1,1,0.1130,-0.1002
87.9304,-0.2090,0.1098,0.5505,948560.8125,1,1,0.1113,-0.1009
87.9408,-0.4303,0.5901,0.5505,948560.8125,1,1,0.1050,-0.1028
87.9507,-0.2565,0.6958,0.5505,948560.8125,1,1,0.1026,-0.1036
87.9605,-0.2387,0.1280,0.5505,948560.8125,1,1,0.1005,-0.1041
87.9705,-0.3678,0.2354,0.5505,948560.8125,1,1,0.0959,-0.1049
87.9805,-0.3359,0.2659,0.5505,948560.8125,1,1,0.0921,-0.1056
87.9908,-0.3442,-0.1426,0.5505,948560.8125,1,1,0.0883,-0.1059
88.0008,-0.1341,-0.2441,0.5505,948560.8125,1,1,0.0885,-0.1059
88.0104,-0.2878,0.1947,0.5505,948560.8125,1,1,0.0858,-0.1060
88.0205,-0.4982,0.6202,0.5505,948560.8125,1,1,0.0795,-0.1060
88.0303,-0.3520,0.4626,0.5505,948560.8125,1,1,0.0761,-0.1058
88.0409,-0.1925,0.1053,0.5505,948560.8125,1,1,0.0754,-0.1057
88.0514,-0.2064,0.4039,0.5505,948560.8125,1,1,0.0745,-0.1056
88.0605,-0.0630,0.4406,0.5505,948560.8125,1,1,0.0759,-0.1059
88.0704,-0.1195,-0.0675,0.5505,948560.8125,1,1,0.0763,-0.1061
88.0805,-0.2984,-0.1025,0.5505,948560.8125,1,1,0.0741,-0.1052
88.0908,-0.5432,0.2529,0.5505,948560.8125,1,1,0.0683,-0.1030
88.1008,-0.5916,0.2277,0.5505,948560.8125,1,1,0.0622,-0.1000
88.1105,-0.3047,0.1943,0.5505,948560.8125,1,1,0.0603,-0.0990
88.1205,-0.3589,0.3340,0.5505,948560.8125,1,1,0.0578,-0.0974
88.1304,-0.2679,0.7707,0.5505,948560.8125,1,1,0.0566,-0.0966
88.1407,-0.2328,0.4716,0.5505,948560.8125,1,1,0.0558,-0.0960
88.1508,-0.3787,0.0361,0.5505,948560.8125,1,1,0.0536,-0.0938
88.1605,-0.3845,0.1447,0.5505,948560.8125,1,1,0.0513,-0.0916
88.1705,-0.5008,0.1331,0.5505,948560.8125,1,1,0.0481,-0.0878
88.1805,-0.3922,-0.2170,0.5505,948560.8125,1,1,0.0461,-0.0854
88.1908,-0.2735,-0.1514,0.5505,948560.8125,1,1,0.0454,-0.0844
88.2008,-0.5255,0.4548,0.5505,948560.8125,1,1,0.0425,-0.0802
88.2104,-0.6057,0.9382,0.5505,948560.8125,1,1,0.0395,-0.0746
88.2205,-0.3792,0.4837,0.5505,948560.8125,1,1,0.0382,-0.0723
88.2304,-0.3817,0.1344,0.5505,948560.8125,1,1,0.0371,-0.0698
88.2409,-0.4594,0.2911,0.5505,948560.8125,1,1,0.0359,-0.0660
88.2514,-0.5639,-0.0025,0.5505,948560.8125,1,1,0.0342,-0.0608
88.2605,-0.4136,-0.4070,0.5505,948560.8125,1,1,0.0335,-0.0578
88.2704,-0.3396,-0.1641,0.5505,948560.8125,1,1,0.0331,-0.0560
88.2805,-0.6000,0.4521,0.5505,948560.8125,1,1,0.0322,-0.0500
88.2908,-0.5742,0.6334,0.5505,948560.8125,1,1,0.0315,-0.0446
88.3008,-0.3800,0.3162,0.5505,948560.8125,1,1,0.0313,-0.0424
88.3104,-0.4980,0.3694,0.5505,948560.8125,1,1,0.0311,-0.0382
88.3205,-0.3490,0.5588,0.5505,948560.8125,1,1,0.0311,-0.0366
88.3303,-0.3920,0.0026,0.5505,948560.8125,1,1,0.0311,-0.0343
88.3408,-0.2778,-0.4399,0.5505,948560.8125,1,1,0.0312,-0.0340
88.3508,-0.5229,-0.2176,0.5505,948560.8125,1,1,0.0319,-0.0295
88.3605,-0.6752,0.3823,0.5505,948560.8125,1,1,0.0331,-0.0226
88.3704,-0.5482,0.4870,0.5505,948560.8125,1,1,0.0343,-0.0179
88.3805,-0.3409,0.2794,0.5505,948560.8125,1,1,0.0345,-0.0169
88.3908,-0.4580,0.5089,0.5505,948560.8125,1,1,0.0355,-0.0140
88.4008,-0.3297,0.4703,0.5505,948560.8125,1,1,0.0357,-0.0133
88.4105,-0.4679,-0.3292,0.5505,948560.8125,1,1,0.0369,-0.0104
88.4205,-0.4132,-0.6062,0.5505,948560.8125,1,1,0.0377,-0.0085
88.4303,-0.7405,-0.2349,0.5505,948560.8125,1,1,0.0412,-0.0014
88.4409,-0.6685,0.3049,0.5505,948560.8125,1,1,0.0445,0.0041
88.4514,-0.3723,0.3381,0.5505,948560.8125,1,1,0.0450,0.0050
88.4605,-0.4094,0.2756,0.5505,948560.8125,1,1,0.0459,0.0063
88.4704,-0.5105,0.5006,0.5505,948560.8125,1,1,0.0478,0.0090
88.4805,-0.3866,0.1698,0.5505,948560.8125,1,1,0.0485,0.0098
88.4908,-0.3119,-0.5623,0.5505,948560.8125,1,1,0.0483,0.0095
88.5009,-0.3026,-0.5194,0.5505,948560.8125,1,1,0.0479,0.0092
88.5105,-0.6055,-0.1576,0.5505,948560.8125,1,1,0.0513,0.0126
88.5205,-0.5379,-0.0766,0.5505,948560.8125,1,1,0.0539,0.0150
88.5304,-0.3135,-0.0838,0.5505,948560.8125,1,1,0.0534,0.0146
88.5408,-0.4863,0.3629,0.5505,948560.8125,1,1,0.0554,0.0161
88.5508,-0.3859,0.7330,0.5505,948560.8125,1,1,0.0560,0.0164
88.5605,-0.1342,0.0242,0.5505,948560.8125,1,1,0.0528,0.0145
88.5704,-0.1190,-0.3394,0.5505,948560.8125,1,1,0.0491,0.0127
88.5804,-0.3102,-0.0367,0.5505,948560.8125,1,1,0.0486,0.0125
88.5908,-0.5691,-0.1550,0.5505,948560.8125,1,1,0.0523,0.0138
88.6009,-0.4400,-0.3592,0.5505,948560.8125,1,1,0.0538,0.0144
88.6104,-0.3940,-0.1541,0.5505,948560.8125,1,1,0.0545,0.0145
88.6205,-0.6615,0.1481,0.5505,948560.8125,1,1,0.0599,0.0153
88.6303,-0.5097,0.0771,0.5505,948560.8125,1,1,0.0625,0.0157
88.6409,-0.1721,-0.2133,0.5505,948560.8125,1,1,0.0590,0.0156
88.6514,-0.2261,0.1496,0.5505,948560.8125,1,1,0.0566,0.0155
88.6606,-0.2720,0.2788,0.5505,948560.8125,1,1,0.0550,0.0156
88.6704,-0.2675,-0.4173,0.5505,948560.8125,1,1,0.0534,0.0157
88.6805,-0.2216,-0.7294,0.5505,948560.8125,1,1,0.0509,0.0161
88.6908,-0.4685,-0.3488,0.5505,948560.8125,1,1,0.0530,0.0158
88.7008,-0.7615,0.0520,0.5505,948560.8125,1,1,0.0604,0.0136
88.7105,-0.3189,0.2483,0.5505,948560.8125,1,1,0.0595,0.0140
88.7205,-0.2163,0.2427,0.5505,948560.8125,1,1,0.0568,0.0151
88.7304,-0.2631,0.2503,0.5505,948560.8125,1,1,0.0550,0.0160
88.7408,-0.2986,-0.1371,0.5505,948560.8125,1,1,0.0540,0.0166
88.7508,-0.2524,-0.6326,0.5505,948560.8125,1,1,0.0521,0.0178
88.7605,-0.2753,-0.5023,0.5505,948560.8125,1,1,0.0508,0.0187
88.7704,-0.4313,-0.3693,0.5505,948560.8125,1,1,0.0521,0.0176
88.7805,-0.6482,-0.0683,0.5505,948560.8125,1,1,0.0570,0.0137
88.7907,-0.3366,0.2388,0.5505,948560.8125,1,1,0.0566,0.0141
88.8008,-0.2955,0.2027,0.5505,948560.8125,1,1,0.0555,0.0151
88.8105,-0.3303,0.1316,0.5505,948560.8125,1,1,0.0551,0.0156
88.8205,-0.0773,-0.1171,0.5455,948561.5000,1,1,0.0510,0.0211
88.8304,-0.0560,-0.4717,0.5455,948561.5000,1,1,0.0564,0.0276
88.8409,-0.2226,-0.4570,0.5455,948561.5000,1,1,0.0566,0.0279
88.8514,-0.3521,-0.4099,0.5455,948561.5000,1,1,0.0534,0.0243
88.8604,-0.3526,-0.4137,0.5455,948561.5000,1,1,0.0506,0.0211
88.8704,-0.2455,-0.2569,0.5455,948561.5000,1,1,0.0506,0.0211
88.8804,-0.4221,-0.0675,0.5455,948561.5000,1,1,0.0466,0.0170
88.8907,-0.1972,0.1141,0.5455,948561.5000,1,1,0.0478,0.0182
88.9008,0.1227,-0.0271,0.5455,948561.5000,1,1,0.0558,0.0259
88.9104,-0.0790,-0.1809,0.5455,948561.5000,1,1,0.0591,0.0287
88.9205,-0.2460,-0.2215,0.5455,948561.5000,1,1,0.0588,0.0284
88.9304,-0.2498,-0.5103,0.5455,948561.5000,1,1,0.0585,0.0282
88.9408,-0.1694,-0.4266,0.5455,948561.5000,1,1,0.0597,0.0290
88.9508,-0.1119,-0.3014,0.5455,948561.5000,1,1,0.0620,0.0306
88.9605,-0.3633,-0.2121,0.5455,948561.5000,1,1,0.0596,0.0292
88.9705,-0.1300,0.0756,0.5455,948561.5000,1,1,0.0615,0.0303
88.9805,-0.1615,0.1472,0.5455,948561.5000,1,1,0.0628,0.0309
88.9907,-0.3406,0.0838,0.5455,948561.5000,1,1,0.0610,0.0301
89.0008,-0.1674,-0.0491,0.5455,948561.5000,1,1,0.0622,0.0305
89.0105,-0.0520,-0.4622,0.5455,948561.5000,1,1,0.0653,0.0315
89.0205,-0.0921,-0.5327,0.5455,948561.5000,1,1,0.0676,0.0319
89.0304,-0.1827,-0.5099,0.5455,948561.5000,1,1,0.0684,0.0320
89.0409,-0.3337,-0.4133,0.5455,948561.5000,1,1,0.0669,0.0320
89.0514,-0.2460,-0.1310,0.5455,948561.5000,1,1,0.0668,0.0320
89.0605,-0.2852,-0.0115,0.5455,948561.5000,1,1,0.0661,0.0321
89.0704,-0.4038,0.1161,0.5455,948561.5000,1,1,0.0639,0.0327
89.0804,-0.1393,0.1027,0.5455,948561.5000,1,1,0.0654,0.0323
89.0907,-0.0960,-0.1667,0.5455,948561.5000,1,1,0.0675,0.0313
89.1008,-0.1382,-0.3067,0.5455,948561.5000,1,1,0.0690,0.0306
89.1105,-0.0854,-0.4724,0.5455,948561.5000,1,1,0.0711,0.0292
89.1205,-0.1777,-0.6363,0.5455,948561.5000,1,1,0.0720,0.0286
89.1304,-0.0770,-0.6378,0.5455,948561.5000,1,1,0.0740,0.0268
89.1408,-0.2327,-0.3859,0.5455,948561.5000,1,1,0.0742,0.0266
89.1508,-0.3369,0.2638,0.5455,948561.5000,1,1,0.0732,0.0277
89.1606,-0.0488,0.2915,0.5455,948561.5000,1,1,0.0753,0.0247
89.1704,0.0052,-0.2791,0.5455,948561.5000,1,1,0.0778,0.0211
89.1805,-0.0705,-0.2781,0.5455,948561.5000,1,1,0.0794,0.0182
89.1908,-0.1934,-0.1917,0.5455,948561.5000,1,1,0.0798,0.0174
89.2009,-0.1963,-0.4972,0.5455,948561.5000,1,1,0.0802,0.0165
89.2104,-0.0067,-0.5382,0.5455,948561.5000,1,1,0.0821,0.0123
89.2205,-0.2425,-0.1731,0.5455,948561.5000,1,1,0.0821,0.0122
89.2304,-0.0796,0.3168,0.5455,948561.5000,1,1,0.0832,0.0090
89.2409,0.0174,0.3052,0.5455,948561.5000,1,1,0.0846,0.0037
89.2514,-0.0492,0.0938,0.5455,948561.5000,1,1,0.0855,-0.0006
89.2605,-0.1456,-0.0150,0.5455,948561.5000,1,1,0.0859,-0.0026
89.2704,-0.1052,-0.3424,0.5455,948561.5000,1,1,0.0863,-0.0058
89.2804,-0.0205,-0.6294,0.5455,948561.5000,1,1,0.0870,-0.0107
89.2908,-0.0273,-0.4400,0.5455,948561.5000,1,1,0.0873,-0.0156
89.3008,-0.1253,0.0327,0.5455,948561.5000,1,1,0.0875,-0.0182
89.3104,0.0736,0.3880,0.5455,948561.5000,1,1,0.0877,-0.0254
89.3205,0.1477,0.1173,0.5455,948561.5000,1,1,0.0879,-0.0342
89.3304,0.0358,-0.0870,0.5455,948561.5000,1,1,0.0877,-0.0405
89.3408,0.1786,-0.1033,0.5455,948561.5000,1,1,0.0874,-0.0498
89.3507,0.1680,-0.4655,0.5455,948561.5000,1,1,0.0866,-0.0590
89.3605,0.2561,-0.6422,0.5455,948561.5000,1,1,0.0851,-0.0701
89.3705,0.0834,-0.2835,0.5455,948561.5000,1,1,0.0842,-0.0770
89.3805,-0.1137,0.1923,0.5455,948561.5000,1,1,0.0838,-0.0792
89.3908,-0.1091,0.2269,0.5455,948561.5000,1,1,0.0833,-0.0815
89.4008,-0.0803,0.0791,0.5455,948561.5000,1,1,0.0826,-0.0845
89.4104,-0.0888,0.1777,0.5455,948561.5000,1,1,0.0820,-0.0872
89.4205,0.1390,0.1279,0.5455,948561.5000,1,1,0.0796,-0.0949
89.4305,-0.0544,-0.1684,0.5455,948561.5000,1,1,0.0786,-0.0982
89.4409,-0.2332,-0.3058,0.5455,948561.5000,1,1,0.0788,-0.0977
89.4514,-0.3505,-0.4386,0.5455,948561.5000,1,1,0.0800,-0.0950
89.4604,-0.1547,-0.0626,0.5455,948561.5000,1,1,0.0795,-0.0962
89.4704,-0.2147,0.4127,0.5455,948561.5000,1,1,0.0794,-0.0964
89.4805,-0.3576,0.5129,0.5455,948561.5000,1,1,0.0807,-0.0939
89.4907,0.1039,0.2963,0.5455,948561.5000,1,1,0.0770,-0.0998
89.5008,-0.0088,0.1889,0.5455,948561.5000,1,1,0.0747,-0.1036
89.5105,-0.1842,0.1436,0.5455,948561.5000,1,1,0.0742,-0.1043
89.5205,-0.2453,-0.2025,0.5455,948561.5000,1,1,0.0744,-0.1040
89.5304,-0.2046,-0.3441,0.5455,948561.5000,1,1,0.0740,-0.1045
89.5408,-0.1939,0.1482,0.5455,948561.5000,1,1,0.0735,-0.1051
89.5508,-0.3462,0.4889,0.5455,948561.5000,1,1,0.0748,-0.1038
89.5605,-0.1709,0.4547,0.5455,948561.5000,1,1,0.0737,-0.1046
89.5705,0.0215,0.4004,0.5455,948561.5000,1,1,0.0699,-0.1074
89.5805,-0.2892,0.5856,0.5455,948561.5000,1,1,0.0704,-0.1071
89.5907,-0.2117,0.4212,0.5455,948561.5000,1,1,0.0698,-0.1074
89.6008,-0.2099,-0.1785,0.5455,948561.5000,1,1,0.0690,-0.1077
89.6104,-0.2615,0.0298,0.5455,948561.5000,1,1,0.0690,-0.1077
89.6205,-0.3410,0.2966,0.5455,948561.5000,1,1,0.0702,-0.1075
89.6304,-0.3814,0.3322,0.5455,948561.5000,1,1,0.0720,-0.1071
89.6409,-0.0666,0.3067,0.5455,948561.5000,1,1,0.0685,-0.1072
89.6513,-0.3066,0.6420,0.5455,948561.5000,1,1,0.0689,-0.1073
89.6606,-0.5106,0.9497,0.5455,948561.5000,1,1,0.0727,-0.1078
89.6704,-0.2945,0.3723,0.5455,948561.5000,1,1,0.0727,-0.1078
89.6804,-0.2029,0.1492,0.5455,948561.5000,1,1,0.0711,-0.1073
89.6908,-0.2369,0.4711,0.5455,948561.5000,1,1,0.0700,-0.1068
89.7009,-0.3012,0.3757,0.5455,948561.5000,1,1,0.0700,-0.1068
89.7105,-0.2590,0.1691,0.5455,948561.5000,1,1,0.0692,-0.1062
89.7205,-0.2810,0.3843,0.5455,948561.5000,1,1,0.0688,-0.1059
89.7304,-0.4456,0.5672,0.5455,948561.5000,1,1,0.0710,-0.1078
89.7408,-0.4441,0.7133,0.5455,948561.5000,1,1,0.0731,-0.1096
89.7508,-0.1385,0.5579,0.5455,948561.5000,1,1,0.0699,-0.1063
89.7605,-0.3488,0.6489,0.5455,948561.5000,1,1,0.0702,-0.1067
89.7704,-0.3853,0.7251,0.5455,948561.5000,1,1,0.0711,-0.1077
89.7805,-0.3274,0.2413,0.5455,948561.5000,1,1,0.0709,-0.1074
89.7908,-0.0929,0.0305,0.5455,948561.5000,1,1,0.0672,-0.1018
89.8008,-0.3022,0.2797,0.5455,948561.5000,1,1,0.0666,-0.1009
89.8104,-0.5486,0.5034,0.5455,948561.5000,1,1,0.0696,-0.1062
89.8205,-0.4812,0.4721,0.5464,948561.6875,1,1,0.0714,-0.1099
89.8304,-0.2876,0.5662,0.5464,948561.6875,1,1,0.0704,-0.1048
89.8409,-0.4683,0.8904,0.5464,948561.6875,1,1,0.0712,-0.1086
89.8513,-0.3038,0.5919,0.5464,948561.6875,1,1,0.0705,-0.1044
89.8605,-0.3013,-0.2159,0.5464,948561.6875,1,1,0.0698,-0.1004
89.8704,-0.3983,-0.0767,0.5464,948561.6875,1,1,0.0699,-0.1009
89.8805,-0.6408,0.3088,0.5464,948561.6875,1,1,0.0713,-0.1119
89.8908,-0.7839,0.3262,0.5464,948561.6875,1,1,0.0729,-0.1286
89.9008,-0.4395,0.4563,0.5464,948561.6875,1,1,0.0729,-0.1291
89.9104,-0.4358,0.8461,0.5464,948561.6875,1,1,0.0730,-0.1292
89.9205,-0.3556,0.9836,0.5464,948561.6875,1,1,0.0729,-0.1257
89.9304,-0.0582,0.4624,0.5464,948561.6875,1,1,0.0724,-0.1101
89.9407,-0.0954,0.1243,0.5464,948561.6875,1,1,0.0725,-0.0967
89.9507,-0.2917,0.4715,0.5464,948561.6875,1,1,0.0725,-0.0925
89.9605,-0.5516,0.3957,0.5464,948561.6875,1,1,0.0722,-0.0990
89.9705,-0.3463,0.0691,0.5464,948561.6875,1,1,0.0723,-0.0969
89.9805,-0.2934,0.3940,0.5464,948561.6875,1,1,0.0726,-0.0929
89.9907,-0.6223,0.9555,0.5464,948561.6875,1,1,0.0720,-0.1015
90.0008,-0.4950,0.9391,0.5464,948561.6875,1,1,0.0716,-0.1048
90.0105,-0.2551,0.5773,0.5464,948561.6875,1,1,0.0722,-0.0993
90.0205,-0.3580,0.8401,0.5464,948561.6875,1,1,0.0725,-0.0977
90.0304,-0.3270,0.8407,0.5464,948561.6875,1,1,0.0730,-0.0951
90.0409,-0.3129,0.1118,0.5464,948561.6875,1,1,0.0735,-0.0923
90.0514,-0.3848,-0.1635,0.5464,948561.6875,1,1,0.0735,-0.0921
90.0605,-0.7243,0.2901,0.5464,948561.6875,1,1,0.0710,-0.1033
90.0703,-0.7867,0.8469,0.5464,948561.6875,1,1,0.0675,-0.1160
90.0805,-0.6147,0.8357,0.5464,948561.6875,1,1,0.0658,-0.1221
90.0908,-0.5038,0.6853,0.5464,948561.6875,1,1,0.0651,-0.1244
90.1008,-0.4343,0.7741,0.5464,948561.6875,1,1,0.0651,-0.1244
90.1104,-0.3960,0.4507,0.5464,948561.6875,1,1,0.0655,-0.1233
90.1205,-0.4717,-0.0136,0.5464,948561.6875,1,1,0.0650,-0.1246
90.1304,-0.6215,-0.0190,0.5464,948561.6875,1,1,0.0627,-0.1301
90.1408,-0.8058,0.3917,0.5464,948561.6875,1,1,0.0579,-0.1406
90.1508,-0.6688,0.5332,0.5464,948561.6875,1,1,0.0551,-0.1466
90.1605,-0.4637,0.5785,0.5464,948561.6875,1,1,0.0551,-0.1466
90.1705,-0.5971,0.8883,0.5464,948561.6875,1,1,0.0533,-0.1502
90.1805,-0.3890,0.9299,0.5464,948561.6875,1,1,0.0544,-0.1482
90.1908,-0.5808,0.3090,0.5464,948561.6875,1,1,0.0527,-0.1512
90.2008,-0.7486,0.1259,0.5464,948561.6875,1,1,0.0483,-0.1582
90.2104,-0.8575,0.1812,0.5464,948561.6875,1,1,0.0426,-0.1673
90.2205,-0.8605,0.4724,0.5464,948561.6875,1,1,0.0365,-0.1759
90.2304,-0.5396,0.4864,0.5464,948561.6875,1,1,0.0358,-0.1768
90.2409,-0.6540,0.4750,0.5464,948561.6875,1,1,0.0333,-0.1801
90.2514,-0.7400,0.9450,0.5464,948561.6875,1,1,0.0291,-0.1851
90.2605,-0.6463,0.8859,0.5464,948561.6875,1,1,0.0267,-0.1878
90.2705,-0.8501,0.3241,0.5464,948561.6875,1,1,0.0206,-0.1945
90.2805,-0.9427,0.3107,0.5464,948561.6875,1,1,0.0131,-0.2025
90.2907,-0.9277,0.2662,0.5464,948561.6875,1,1,0.0058,-0.2096
90.3008,-0.7000,0.0942,0.5464,948561.6875,1,1,0.0031,-0.2122
90.3103,-0.4736,0.1595,0.5464,948561.6875,1,1,0.0047,-0.2109
90.3205,-0.7737,0.7121,0.5464,948561.6875,1,1,0.0000,-0.2146
90.3304,-0.7441,1.2170,0.5464,948561.6875,1,1,-0.0037,-0.2178
90.3408,-0.6310,0.6472,0.5464,948561.6875,1,1,-0.0053,-0.2190
90.3508,-0.5853,0.2201,0.5464,948561.6875,1,1,-0.0058,-0.2194
90.3605,-0.6251,0.2762,0.5464,948561.6875,1,1,-0.0074,-0.2205
90.3706,-0.6484,0.0729,0.5464,948561.6875,0,0,-0.0093,-0.2219
90.3804,-0.5493,-0.1966,0.5464,948561.6875,0,0,-0.0093,-0.2219
90.3908,-0.6146,0.1379,0.5464,948561.6875,0,0,-0.0107,-0.2228
90.4008,-0.9682,0.8701,0.5464,948561.6875,0,0,-0.0201,-0.2286
90.4104,-0.7732,1.0340,0.5464,948561.6875,0,0,-0.0248,-0.2315
90.4205,-0.4988,0.3564,0.5464,948561.6875,0,0,-0.0234,-0.2307
90.4304,-0.4857,0.3258,0.5464,948561.6875,0,0,-0.0219,-0.2300
90.4409,-0.5111,0.3167,0.5464,948561.6875,0,0,-0.0211,-0.2295
90.4514,-0.6225,-0.1143,0.5464,948561.6875,0,0,-0.0232,-0.2305
90.4605,-0.4706,-0.2377,0.5464,948561.6875,0,0,-0.0217,-0.2298
90.4703,-0.8080,0.2695,0.5464,948561.6875,0,0,-0.0281,-0.2328
90.4805,-0.9065,0.7541,0.5464,948561.6875,0,0,-0.0364,-0.2369
90.4908,-0.5292,0.5221,0.5464,948561.6875,0,0,-0.0363,-0.2368
90.5008,-0.4624,0.2350,0.5464,948561.6875,0,0,-0.0346,-0.2361
90.5105,-0.5407,0.4533,0.5464,948561.6875,0,0,-0.0350,-0.2362
90.5205,-0.6335,0.1554,0.5464,948561.6875,0,0,-0.0374,-0.2373
90.5304,-0.7505,-0.3472,0.5464,948561.6875,0,0,-0.0426,-0.2392
90.5408,-0.8170,-0.3235,0.5464,948561.6875,0,0,-0.0493,-0.2416
90.5508,-0.9880,0.1944,0.5464,948561.6875,0,0,-0.0595,-0.2451
90.5605,-0.6880,0.3879,0.5464,948561.6875,0,0,-0.0631,-0.2462
90.5705,-0.3583,0.1590,0.5464,948561.6875,0,0,-0.0594,-0.2451
90.5805,-0.5413,0.4359,0.5464,948561.6875,0,0,-0.0601,-0.2452
90.5907,-0.6207,0.5739,0.5464,948561.6875,0,0,-0.0625,-0.2459
90.6009,-0.5525,-0.1948,0.5464,948561.6875,0,0,-0.0637,-0.2461
90.6105,-0.4728,-0.5913,0.5464,948561.6875,0,0,-0.0631,-0.2460
90.6205,-0.5286,-0.1330,0.5464,948561.6875,0,0,-0.0640,-0.2461
90.6304,-0.6865,0.3102,0.5464,948561.6875,0,0,-0.0684,-0.2467
90.6409,-0.4237,0.1942,0.5464,948561.6875,0,0,-0.0673,-0.2465
90.6514,-0.4460,0.1632,0.5464,948561.6875,0,0,-0.0670,-0.2465
90.6606,-0.8294,0.5804,0.5464,948561.6875,0,0,-0.0744,-0.2470
90.6704,-0.7213,0.5566,0.5464,948561.6875,0,0,-0.0796,-0.2470
90.6805,-0.4948,-0.1377,0.5464,948561.6875,0,0,-0.0802,-0.2470
90.6908,-0.3482,-0.1977,0.5464,948561.6875,0,0,-0.0783,-0.2471
90.7008,-0.4041,0.0963,0.5464,948561.6875,0,0,-0.0775,-0.2472
90.7104,-0.6028,0.0416,0.5464,948561.6875,0,0,-0.0807,-0.2468
90.7205,-0.3551,-0.0158,0.5464,948561.6875,0,0,-0.0793,-0.2470
90.7303,-0.5925,0.3894,0.5464,948561.6875,0,0,-0.0824,-0.2464
90.7408,-0.7019,0.8290,0.5464,948561.6875,0,0,-0.0876,-0.2450
90.7508,-0.5054,0.3134,0.5464,948561.6875,0,0,-0.0892,-0.2446
90.7605,-0.2862,-0.2505,0.5464,948561.6875,0,0,-0.0873,-0.2452
90.7704,-0.4261,-0.0852,0.5464,948561.6875,0,0,-0.0878,-0.2450
90.7805,-0.7015,-0.0744,0.5464,948559.2500,0,0,-0.0928,-0.2429
90.7907,-0.5574,-0.3561,0.5464,948559.2500,0,0,-0.0882,-0.2414
90.8008,-0.3992,-0.1609,0.5464,948559.2500,0,0,-0.0865,-0.2410
90.8104,-0.7636,0.3800,0.5464,948559.2500,0,0,-0.0790,-0.2393
90.8205,-0.5755,0.6246,0.5464,948559.2500,0,0,-0.0750,-0.2387
90.8304,-0.3180,0.0168,0.5464,948559.2500,0,0,-0.0754,-0.2387
90.8409,-0.2690,-0.0657,0.5464,948559.2500,0,0,-0.0764,-0.2388
90.8513,-0.4006,0.0929,0.5464,948559.2500,0,0,-0.0757,-0.2388
90.8605,-0.4725,-0.4138,0.5464,948559.2500,0,0,-0.0740,-0.2388
90.8705,-0.3022,-0.6552,0.5464,948559.2500,0,0,-0.0749,-0.2387
90.8805,-0.5062,-0.1010,0.5464,948559.2500,0,0,-0.0730,-0.2390
90.8908,-0.7396,0.3859,0.5464,948559.2500,0,0,-0.0681,-0.2402
90.9008,-0.3594,0.2088,0.5464,948559.2500,0,0,-0.0686,-0.2400
90.9105,-0.0689,-0.1761,0.5464,948559.2500,0,0,-0.0732,-0.2384
90.9205,-0.0953,0.0579,0.5464,948559.2500,0,0,-0.0772,-0.2369
90.9304,-0.1549,0.1222,0.5464,948559.2500,0,0,-0.0804,-0.2353
90.9408,-0.2757,-0.4974,0.5464,948559.2500,0,0,-0.0822,-0.2342
90.9507,-0.1665,-0.6101,0.5464,948559.2500,0,0,-0.0851,-0.2323
90.9605,-0.4749,-0.1209,0.5464,948559.2500,0,0,-0.0846,-0.2327
90.9705,-0.6103,0.2222,0.5464,948559.2500,0,0,-0.0826,-0.2343
90.9805,-0.2379,0.1213,0.5464,948559.2500,0,0,-0.0848,-0.2321
90.9908,-0.0503,0.1061,0.5464,948559.2500,0,0,-0.0889,-0.2281
91.0008,-0.1457,0.1688,0.5464,948559.2500,0,0,-0.0918,-0.2246
91.0105,-0.2578,-0.0060,0.5464,948559.2500,0,0,-0.0935,-0.2224
91.0205,-0.1739,-0.5582,0.5464,948559.2500,0,0,-0.0959,-0.2188
91.0303,-0.2348,-0.4313,0.5464,948559.2500,0,0,-0.0977,-0.2156
91.0409,-0.5263,-0.0234,0.5464,948559.2500,0,0,-0.0972,-0.2165
91.0514,-0.5140,0.0714,0.5464,948559.2500,0,0,-0.0969,-0.2171
91.0605,-0.0486,-0.1055,0.5464,948559.2500,0,0,-0.0997,-0.2107
91.0704,-0.1994,0.1358,0.5464,948559.2500,0,0,-0.1012,-0.2061
91.0805,-0.0480,0.2642,0.5464,948559.2500,0,0,-0.1035,-0.1991
91.0907,-0.1049,-0.2811,0.5464,948559.2500,0,0,-0.1052,-0.1926
91.1008,-0.1068,-0.5164,0.5464,948559.2500,0,0,-0.1067,-0.1863
91.1104,-0.2881,-0.2161,0.5464,948559.2500,0,0,-0.1073,-0.1829
91.1205,-0.5282,-0.0785,0.5464,948559.2500,0,0,-0.1071,-0.1840
91.1304,-0.3023,-0.2940,0.5464,948559.2500,0,0,-0.1075,-0.1805
91.1408,-0.1047,-0.1345,0.5464,948559.2500,0,0,-0.1078,-0.1727
91.1508,-0.1482,0.4439,0.5464,948559.2500,0,0,-0.1081,-0.1660
91.1605,0.0239,0.3387,0.5464,948559.2500,0,0,-0.1079,-0.1554
91.1705,0.2221,-0.3649,0.5464,948559.2500,0,0,-0.1077,-0.1410
91.1805,0.1066,-0.3263,0.5464,948559.2500,0,0,-0.1068,-0.1288
91.1907,-0.1360,-0.3582,0.5464,948559.2500,0,0,-0.1064,-0.1222
91.2008,-0.2434,-0.4253,0.5464,948559.2500,0,0,-0.1058,-0.1178
91.2104,0.0121,-0.2246,0.5464,948559.2500,0,0,-0.1046,-0.1080
91.2205,-0.0733,0.0668,0.5464,948559.2500,0,0,-0.1032,-0.1000
91.2305,-0.2623,0.3317,0.5464,948559.2500,0,0,-0.1026,-0.0965
91.2409,-0.0138,0.2869,0.5464,948559.2500,0,0,-0.1005,-0.0873
91.2514,0.1739,-0.0164,0.5464,948559.2500,0,0,-0.0968,-0.0737
91.2605,0.0016,-0.0270,0.5464,948559.2500,0,0,-0.0944,-0.0646
91.2704,-0.1428,-0.2355,0.5464,948559.2500,0,0,-0.0925,-0.0589
91.2804,-0.2028,-0.5516,0.5464,948559.2500,0,0,-0.0913,-0.0549
91.2908,-0.1789,-0.2684,0.5464,948559.2500,0,0,-0.0895,-0.0502
91.3008,-0.3743,0.1277,0.5464,948559.2500,0,0,-0.0895,-0.0502
91.3104,-0.2352,0.2338,0.5464,948559.2500,0,0,-0.0881,-0.0469
91.3205,0.1796,-0.0291,0.5464,948559.2500,0,0,-0.0831,-0.0346
91.3304,0.0257,-0.0423,0.5464,948559.2500,0,0,-0.0791,-0.0260
91.3407,-0.0509,-0.0078,0.5464,948559.2500,0,0,-0.0757,-0.0194
91.3508,-0.1077,-0.3962,0.5464,948559.2500,0,0,-0.0731,-0.0144
91.3605,-0.1228,-0.4437,0.5464,948559.2500,0,0,-0.0705,-0.0098
91.3704,-0.1800,-0.0333,0.5464,948559.2500,0,0,-0.0687,-0.0066
91.3804,-0.3916,0.0121,0.5464,948559.2500,0,0,-0.0695,-0.0078
91.3908,-0.0773,0.0175,0.5464,948559.2500,0,0,-0.0663,-0.0026
91.4008,0.1852,0.0934,0.5464,948559.2500,0,0,-0.0594,0.0075
91.4104,0.0752,0.1745,0.5464,948559.2500,0,0,-0.0544,0.0149
91.4205,-0.0139,0.0533,0.5464,948559.2500,0,0,-0.0503,0.0203
91.4304,-0.0411,-0.2413,0.5464,948559.2500,0,0,-0.0469,0.0250
91.4409,-0.1086,-0.3415,0.5464,948559.2500,0,0,-0.0444,0.0281
91.4514,-0.2487,-0.3074,0.5464,948559.2500,0,0,-0.0439,0.0287
91.4605,-0.4571,-0.1655,0.5464,948559.2500,0,0,-0.0466,0.0257
91.4705,-0.0148,0.2593,0.5464,948559.2500,0,0,-0.0420,0.0302
91.4805,0.1045,0.3282,0.5464,948559.2500,0,0,-0.0358,0.0366
91.4904,0.0587,0.2431,0.5464,948559.2500,0,0,-0.0302,0.0418
91.5011,0.0692,0.2238,0.5464,948559.2500,0,0,-0.0247,0.0469
91.5104,0.1402,0.0737,0.5464,948559.2500,0,0,-0.0178,0.0528
91.5205,0.0407,-0.4094,0.5464,948559.2500,0,0,-0.0129,0.0570
91.5304,0.0724,-0.3645,0.5464,948559.2500,0,0,-0.0074,0.0613
91.5408,-0.1334,0.0677,0.5464,948559.2500,0,0,-0.0057,0.0625
91.5508,-0.0274,0.1677,0.5464,948559.2500,0,0,-0.0022,0.0651
91.5605,0.0692,0.0293,0.5464,948559.2500,0,0,0.0033,0.0688
91.5705,-0.0201,0.5089,0.5464,948559.2500,0,0,0.0068,0.0711
91.5805,0.1177,0.7500,0.5464,948559.2500,0,0,0.0130,0.0750
91.5908,0.2303,0.0658,0.5464,948559.2500,0,0,0.0210,0.0800
91.6008,0.1542,-0.2827,0.5464,948559.2500,0,0,0.0275,0.0838
91.6103,-0.0006,-0.1057,0.5464,948559.2500,0,0,0.0308,0.0857
91.6205,-0.1720,0.0492,0.5464,948559.2500,0,0,0.0308,0.0856
91.6303,-0.0849,0.0223,0.5464,948559.2500,0,0,0.0324,0.0865
91.6409,-0.1916,0.1653,0.5464,948559.2500,0,0,0.0320,0.0863
91.6515,0.0016,0.7266,0.5464,948559.2500,0,0,0.0356,0.0878
91.6606,0.1490,0.6929,0.5464,948559.2500,0,0,0.0419,0.0905
91.6704,0.2266,0.1739,0.5464,948559.2500,0,0,0.0498,0.0934
91.6805,0.2141,-0.0441,0.5464,948559.2500,0,0,0.0571,0.0961
91.6908,0.1657,-0.0688,0.5464,948559.2500,0,0,0.0634,0.0981
91.7008,-0.0182,0.0605,0.5464,948559.2500,0,0,0.0657,0.0989
91.7104,-0.0625,0.1891,0.5464,948559.2500,0,0,0.0671,0.0993
91.7205,-0.3515,0.4058,0.5464,948559.2500,0,0,0.0628,0.0981
91.7304,-0.0028,0.8503,0.5464,948559.2500,0,0,0.0657,0.0987
91.7408,0.1264,0.5452,0.5464,948559.2500,0,0,0.0710,0.0995
91.7507,0.1394,0.3107,0.5464,948559.2500,0,0,0.0764,0.1004
91.7605,0.2408,0.2427,0.5464,948559.2500,0,0,0.0836,0.1011
91.7705,0.1045,0.0044,0.5464,948559.2500,0,0,0.0879,0.1016
91.7805,-0.0852,-0.0776,0.5464,948560.3125,0,0,0.0887,0.1016
91.7907,-0.3172,0.1605,0.5464,948560.3125,0,0,0.0859,0.0971
91.8008,-0.4824,0.4618,0.5464,948560.3125,0,0,0.0810,0.0900
91.8104,-0.0907,0.6643,0.5464,948560.3125,0,0,0.0810,0.0900
91.8205,0.1066,0.2409,0.5464,948560.3125,0,0,0.0836,0.0934
91.8304,0.0372,0.4178,0.5464,948560.3125,0,0,0.0852,0.0954
91.8409,0.1575,0.7085,0.5464,948560.3125,0,0,0.0886,0.0992
91.8513,-0.0415,0.3740,0.5464,948560.3125,0,0,0.0891,0.0997
91.8605,-0.1099,0.1707,0.5464,948560.3125,0,0,0.0885,0.0992
91.8704,-0.3294,0.2099,0.5464,948560.3125,0,0,0.0847,0.0956
91.8805,-0.3734,0.1965,0.5464,948560.3125,0,0,0.0803,0.0915
91.8908,-0.2601,0.2221,0.5464,948560.3125,0,0,0.0777,0.0894
91.9009,-0.1088,0.2951,0.5464,948560.3125,0,0,0.0775,0.0892
91.9104,-0.1073,0.6885,0.5464,948560.3125,0,0,0.0774,0.0892
91.9205,0.1433,0.6437,0.5464,948560.3125,0,0,0.0814,0.0922
91.9304,0.0239,0.2097,0.5464,948560.3125,0,0,0.0834,0.0935
91.9408,-0.0812,0.1681,0.5464,948560.3125,0,0,0.0836,0.0937
91.9508,-0.2263,0.0278,0.5464,948560.3125,0,0,0.0814,0.0923
91.9605,-0.0791,0.0439,0.5464,948560.3125,0,0,0.0818,0.0925
91.9704,-0.2139,0.2046,0.5464,948560.3125,0,0,0.0799,0.0915
91.9805,-0.5609,0.3392,0.5464,948560.3125,0,0,0.0722,0.0879
91.9907,-0.2350,0.5075,0.5464,948560.3125,0,0,0.0702,0.0870
92.0008,-0.2073,0.6493,0.5464,948560.3125,0,0,0.0689,0.0864
92.0104,-0.2147,0.6749,0.5464,948560.3125,0,0,0.0675,0.0858
92.0205,-0.0912,0.2847,0.5464,948560.3125,0,0,0.0683,0.0861
92.0304,-0.1000,-0.2735,0.5464,948560.3125,0,0,0.0689,0.0863
92.0409,-0.1697,0.2783,0.5464,948560.3125,0,0,0.0684,0.0862
92.0514,-0.5369,0.7771,0.5464,948560.3125,0,0,0.0619,0.0849
92.0605,-0.5603,0.6971,0.5464,948560.3125,0,0,0.0552,0.0836
92.0705,-0.1870,0.7200,0.5464,948560.3125,0,0,0.0549,0.0836
92.0805,-0.4068,0.9938,0.5464,948560.3125,0,0,0.0511,0.0831
92.0907,-0.1478,0.9790,0.5464,948560.3125,0,0,0.0517,0.0831
92.1008,-0.1419,0.3556,0.5464,948560.3125,0,0,0.0523,0.0832
92.1104,-0.1705,0.2936,0.5464,948560.3125,0,0,0.0526,0.0831
92.1205,-0.3511,0.7062,0.5464,948560.3125,0,0,0.0500,0.0833
92.1304,-0.4179,0.4822,0.5464,948560.3125,0,0,0.0466,0.0838
92.1408,-0.2192,0.2174,0.5464,948560.3125,0,0,0.0464,0.0838
92.1508,-0.3985,0.5414,0.5464,948560.3125,0,0,0.0436,0.0845
92.1605,-0.5097,1.0315,0.5464,948560.3125,0,0,0.0393,0.0860
92.1706,-0.3135,0.8703,0.5464,948560.3125,0,0,0.0381,0.0864
92.1805,-0.3054,0.6438,0.5464,948560.3125,0,0,0.0371,0.0869
92.1907,-0.2161,0.7302,0.5464,948560.3125,0,0,0.0374,0.0868
92.2008,-0.2936,0.4799,0.5464,948560.3125,0,0,0.0367,0.0872
92.2104,-0.4840,0.2369,0.5464,948560.3125,0,0,0.0335,0.0890
92.2205,-0.5595,0.2917,0.5464,948560.3125,0,0,0.0296,0.0917
92.2303,-0.6294,0.4886,0.5464,948560.3125,0,0,0.0250,0.0949
92.2409,-0.5541,0.7933,0.5464,948560.3125,0,0,0.0216,0.0977
92.2514,-0.4245,0.6346,0.5464,948560.3125,0,0,0.0201,0.0992
92.2605,-0.5810,0.6267,0.5464,948560.3125,0,0,0.0169,0.1024
92.2704,-0.3891,0.9296,0.5464,948560.3125,0,0,0.0160,0.1035
92.2805,-0.4004,0.6826,0.5464,948560.3125,0,0,0.0150,0.1046
92.2907,-0.3964,0.5163,0.5464,948560.3125,0,0,0.0143,0.1057
92.3008,-0.4136,0.5671,0.5464,948560.3125,0,0,0.0133,0.1070
92.3105,-0.4750,0.4839,0.5464,948560.3125,0,0,0.0120,0.1091
92.3205,-0.4099,0.4074,0.5464,948560.3125,0,0,0.0113,0.1103
92.3304,-0.5708,0.4480,0.5464,948560.3125,0,0,0.0095,0.1138
92.3408,-0.7695,0.7485,0.5464,948560.3125,0,0,0.0062,0.1202
92.3507,-0.3453,1.0367,0.5464,948560.3125,0,0,0.0063,0.1201
92.3605,-0.3827,0.8913,0.5464,948560.3125,0,0,0.0062,0.1204
92.3705,-0.3840,0.8048,0.5464,948560.3125,0,0,0.0061,0.1208
92.3805,-0.2421,0.6467,0.5464,948560.3125,0,0,0.0066,0.1187
92.3908,-0.4373,0.4078,0.5464,948560.3125,0,0,0.0063,0.1200
92.4008,-0.4149,0.2213,0.5464,948560.3125,0,0,0.0061,0.1208
92.4105,-0.6872,0.2517,0.5464,948560.3125,0,0,0.0050,0.1264
92.4205,-0.5467,0.5644,0.5464,948560.3125,0,0,0.0046,0.1295
92.4304,-0.3343,0.7393,0.5464,948560.3125,0,0,0.0047,0.1286
92.4409,-0.4030,0.7673,0.5464,948560.3125,0,0,0.0047,0.1289
92.4513,-0.4077,0.8835,0.5464,948560.3125,0,0,0.0046,0.1293
92.4605,-0.3219,0.6067,0.5464,948560.3125,0,0,0.0047,0.1280
92.4704,-0.4642,0.4035,0.5464,948560.3125,0,0,0.0047,0.1294
92.4804,-0.4842,0.2703,0.5464,948560.3125,0,0,0.0048,0.1312
92.4908,-0.5269,0.0270,0.5464,948560.3125,0,0,0.0050,0.1337
92.5008,-0.3591,0.1977,0.5464,948560.3125,0,0,0.0050,0.1330
92.5104,-0.6093,0.4757,0.5464,948560.3125,0,0,0.0056,0.1370
92.5205,-0.7024,0.6390,0.5464,948560.3125,0,0,0.0064,0.1427
92.5304,-0.4275,0.7688,0.5464,948560.3125,0,0,0.0065,0.1430
92.5408,-0.4355,0.7763,0.5464,948560.3125,0,0,0.0066,0.1435
92.5508,-0.5395,0.8355,0.5464,948560.3125,0,0,0.0072,0.1459
92.5605,-0.4877,0.3277,0.5464,948560.3125,0,0,0.0076,0.1473
92.5704,-0.5263,0.0508,0.5464,948560.3125,0,0,0.0083,0.1493
92.5805,-0.6008,0.5082,0.5464,948560.3125,0,0,0.0095,0.1527
92.5908,-0.7778,0.4819,0.5464,948560.3125,0,0,0.0119,0.1591
92.6008,-0.5826,0.1366,0.5464,948560.3125,0,0,0.0131,0.1619
92.6104,-0.5689,0.3468,0.5464,948560.3125,0,0,0.0141,0.1643
92.6205,-0.8022,0.7947,0.5464,948560.3125,0,0,0.0173,0.1707
92.6304,-0.6347,0.8053,0.5464,948560.3125,0,0,0.0189,0.1739
92.6409,-0.4130,0.3081,0.5464,948560.3125,0,0,0.0187,0.1734
92.6513,-0.5081,0.3557,0.5464,948560.3125,0,0,0.0193,0.1745
92.6606,-0.4335,0.4121,0.5464,948560.3125,0,0,0.0193,0.1744
92.6705,-0.5327,-0.0953,0.5464,948560.3125,0,0,0.0203,0.1758
92.6805,-0.4315,-0.1017,0.5464,948560.3125,0,0,0.0202,0.1757
92.6908,-0.7293,0.3609,0.5464,948560.3125,0,0,0.0236,0.1799
92.7008,-0.9115,0.7071,0.5464,948560.3125,0,0,0.0291,0.1865
92.7104,-0.6099,0.4991,0.5464,948560.3125,0,0,0.0311,0.1887
92.7205,-0.5829,0.3743,0.5464,948560.3125,0,0,0.0327,0.1904
92.7304,-0.5152,0.6906,0.5464,948560.3125,0,0,0.0335,0.1913
92.7408,-0.3482,0.4050,0.5464,948560.3125,0,0,0.0322,0.1900
92.7508,-0.3901,-0.1424,0.5464,948560.3125,0,0,0.0315,0.1894
92.7605,-0.4687,0.0515,0.5464,948560.3125,0,0,0.0320,0.1898
92.7705,-0.7202,0.2656,0.5464,948560.3125,0,0,0.0360,0.1926
92.7804,-0.5120,0.2074,0.5464,948563.7500,0,0,0.0371,0.1933
92.7908,-0.4021,0.2474,0.5464,948563.7500,0,0,0.0326,0.1840
92.8008,-0.5437,0.7389,0.5464,948563.7500,0,0,0.0261,0.1719
92.8104,-0.4542,0.7462,0.5464,948563.7500,0,0,0.0216,0.1633
92.8205,-0.2917,0.0991,0.5464,948563.7500,0,0,0.0197,0.1600
92.8304,-0.3838,0.0433,0.5464,948563.7500,0,0,0.0165,0.1547
92.8409,-0.4446,0.3319,0.5464,948563.7500,0,0,0.0126,0.1486
92.8514,-0.4606,-0.0532,0.5464,948563.7500,0,0,0.0086,0.1430
92.8605,-0.2893,-0.2493,0.5464,948563.7500,0,0,0.0074,0.1413
92.8704,-0.4923,0.1404,0.5464,948563.7500,0,0,0.0029,0.1359
92.8804,-0.6476,0.6001,0.5464,948563.7500,0,0,-0.0038,0.1278
92.8908,-0.4071,0.5538,0.5464,948563.7500,0,0,-0.0064,0.1250
92.9008,-0.3609,0.2651,0.5464,948563.7500,0,0,-0.0080,0.1233
92.9105,-0.4019,0.5095,0.5464,948563.7500,0,0,-0.0103,0.1211
92.9205,-0.2840,0.3736,0.5464,948563.7500,0,0,-0.0104,0.1210
92.9304,-0.2156,-0.1462,0.5464,948563.7500,0,0,-0.0091,0.1221
92.9408,-0.1868,-0.1162,0.5464,948563.7500,0,0,-0.0074,0.1236
92.9507,-0.3427,0.1406,0.5464,948563.7500,0,0,-0.0085,0.1228
92.9605,-0.3145,0.2032,0.5464,948563.7500,0,0,-0.0088,0.1225
92.9704,-0.3466,0.2114,0.5464,948563.7500,0,0,-0.0097,0.1219
92.9804,-0.4921,0.3382,0.5464,948563.7500,0,0,-0.0132,0.1198
92.9908,-0.0372,0.2518,0.5464,948563.7500,0,0,-0.0081,0.1229
93.0008,-0.0891,0.0581,0.5464,948563.7500,0,0,-0.0041,0.1251
93.0104,-0.2012,0.0881,0.5464,948563.7500,0,0,-0.0022,0.1261
93.0205,-0.2049,-0.1598,0.5464,948563.7500,0,0,-0.0003,0.1270
93.0305,-0.1432,-0.2960,0.5464,948563.7500,0,0,0.0026,0.1283
93.0409,-0.2247,0.0635,0.5464,948563.7500,0,0,0.0041,0.1289
93.0514,-0.4183,0.2123,0.5464,948563.7500,0,0,0.0022,0.1283
93.0605,-0.3300,0.0372,0.5464,948563.7500,0,0,0.0020,0.1282
93.0704,-0.0646,0.1081,0.5464,948563.7500,0,0,0.0065,0.1294
93.0804,-0.3049,0.4131,0.5464,948563.7500,0,0,0.0068,0.1295
93.0908,-0.0597,0.3609,0.5464,948563.7500,0,0,0.0113,0.1303
93.1008,0.0403,-0.3811,0.5464,948563.7500,0,0,0.0175,0.1314
93.1104,0.0479,-0.3984,0.5464,948563.7500,0,0,0.0236,0.1320
93.1205,-0.2030,-0.0339,0.5464,948563.7500,0,0,0.0254,0.1322
93.1304,-0.3995,-0.1118,0.5464,948563.7500,0,0,0.0239,0.1322
93.1408,-0.1531,-0.1455,0.5464,948563.7500,0,0,0.0266,0.1322
93.1508,-0.3133,0.2990,0.5464,948563.7500,0,0,0.0267,0.1322
93.1605,-0.3312,0.6688,0.5464,948563.7500,0,0,0.0266,0.1322
93.1704,-0.0569,0.3161,0.5464,948563.7500,0,0,0.0308,0.1315
93.1805,-0.0929,-0.3692,0.5464,948563.7500,0,0,0.0343,0.1306
93.1908,-0.2176,-0.3076,0.5464,948563.7500,0,0,0.0358,0.1302
93.2008,-0.3950,-0.0260,0.5464,948563.7500,0,0,0.0349,0.1305
93.2104,-0.3835,-0.1702,0.5464,948563.7500,0,0,0.0341,0.1308
93.2205,-0.0960,0.0861,0.5464,948563.7500,0,0,0.0375,0.1292
93.2304,-0.3345,0.7364,0.5464,948563.7500,0,0,0.0375,0.1292
93.2409,-0.1617,0.8233,0.5464,948563.7500,0,0,0.0398,0.1278
93.2514,0.0848,0.1285,0.5464,948563.7500,0,0,0.0451,0.1238
93.2605,0.0742,-0.1676,0.5464,948563.7500,0,0,0.0500,0.1201
93.2704,-0.0308,-0.0500,0.5464,948563.7500,0,0,0.0535,0.1170
93.2805,-0.1959,-0.1769,0.5464,948563.7500,0,0,0.0550,0.1156
93.2907,-0.0670,-0.4462,0.5464,948563.7500,0,0,0.0578,0.1126
93.3009,-0.1108,-0.1529,0.5464,948563.7500,0,0,0.0600,0.1102
93.3104,-0.3568,0.4702,0.5464,948563.7500,0,0,0.0598,0.1105
93.3205,-0.0407,0.4544,0.5464,948563.7500,0,0,0.0625,0.1070
93.3304,0.2013,0.0084,0.5464,948563.7500,0,0,0.0671,0.0999
93.3408,0.0585,0.0614,0.5464,948563.7500,0,0,0.0703,0.0949
93.3507,-0.0128,0.1209,0.5464,948563.7500,0,0,0.0727,0.0906
93.3605,-0.1740,-0.2257,0.5464,948563.7500,0,0,0.0737,0.0887
93.3705,-0.0480,-0.4662,0.5464,948563.7500,0,0,0.0754,0.0846
93.3805,-0.1227,-0.2494,0.5464,948563.7500,0,0,0.0765,0.0816
93.3908,-0.0010,0.1992,0.5464,948563.7500,0,0,0.0782,0.0767
93.4008,0.1288,0.3658,0.5464,948563.7500,0,0,0.0802,0.0694
93.4104,-0.0615,0.4365,0.5464,948563.7500,0,0,0.0812,0.0655
93.4205,0.0119,0.4410,0.5464,948563.7500,0,0,0.0823,0.0601
93.4304,0.1207,0.1224,0.5464,948563.7500,0,0,0.0836,0.0531
93.4409,-0.0133,-0.2450,0.5464,948563.7500,0,0,0.0843,0.0482
93.4514,-0.0789,-0.3435,0.5464,948563.7500,0,0,0.0847,0.0446
93.4605,-0.1067,-0.2177,0.5464,948563.7500,0,0,0.0849,0.0414
93.4704,0.0014,0.2346,0.5464,948563.7500,0,0,0.0849,0.0360
93.4805,-0.1925,0.4798,0.5464,948563.7500,0,0,0.0848,0.0344
93.4908,-0.3076,0.3980,0.5464,948563.7500,0,0,0.0849,0.0348
93.5008,0.2125,0.0107,0.5464,948563.7500,0,0,0.0843,0.0256
93.5104,0.0894,-0.1321,0.5464,948563.7500,0,0,0.0834,0.0188
93.5205,0.1004,-0.1126,0.5464,948563.7500,0,0,0.0825,0.0119
93.5304,-0.0817,-0.2613,0.5464,948563.7500,0,0,0.0819,0.0085
93.5409,0.0297,-0.2162,0.5464,948563.7500,0,0,0.0808,0.0031
93.5507,-0.0379,0.1889,0.5464,948563.7500,0,0,0.0798,-0.0011
93.5605,-0.1324,0.4600,0.5464,948563.7500,0,0,0.0792,-0.0034
93.5705,0.0924,0.3643,0.5464,948563.7500,0,0,0.0772,-0.0098
93.5805,0.3286,0.1338,0.5464,948563.7500,0,0,0.0733,-0.0202
93.5908,-0.0609,0.3877,0.5464,948563.7500,0,0,0.0721,-0.0235
93.6008,-0.0322,0.2630,0.5464,948563.7500,0,0,0.0704,-0.0272
93.6104,-0.0242,-0.3642,0.5464,948563.7500,0,0,0.0687,-0.0310
93.6205,0.2427,-0.3013,0.5464,948563.7500,0,0,0.0646,-0.0391
93.6304,-0.0124,0.2980,0.5464,948563.7500,0,0,0.0627,-0.0427
93.6409,0.0102,0.7145,0.5464,948563.7500,0,0,0.0604,-0.0466
93.6514,0.1397,0.5576,0.5464,948563.7500,0,0,0.0569,-0.0524
93.6607,-0.1151,0.4753,0.5464,948563.7500,0,0,0.0558,-0.0541
93.6705,-0.0987,0.7247,0.5464,948563.7500,0,0,0.0543,-0.0559
93.6805,0.0032,0.1777,0.5464,948563.7500,0,0,0.0518,-0.0592
93.6908,0.0619,-0.3712,0.5464,948563.7500,0,0,0.0484,-0.0630
93.7008,-0.0008,-0.0777,0.5464,948563.7500,0,0,0.0458,-0.0659
93.7104,-0.1295,0.3568,0.5464,948563.7500,0,0,0.0447,-0.0670
93.7205,-0.0981,0.3864,0.5464,948563.7500,0,0,0.0432,-0.0685
93.7303,-0.0221,0.2728,0.5464,948563.7500,0,0,0.0405,-0.0707
93.7408,-0.1517,0.4879,0.5464,948565.1250,0,0,0.0397,-0.0714
93.7508,0.1510,0.6403,0.5464,948565.1250,0,0,0.0436,-0.0741
93.7605,0.0381,0.2558,0.5464,948565.1250,0,0,0.0459,-0.0758
93.7704,-0.0147,0.1353,0.5464,948565.1250,0,0,0.0474,-0.0771
93.7805,-0.0358,0.0851,0.5464,948565.1250,0,0,0.0485,-0.0783
93.7907,-0.0355,0.0384,0.5464,948565.1250,0,0,0.0495,-0.0795
93.8008,-0.0425,0.0777,0.5464,948565.1250,0,0,0.0503,-0.0806
93.8104,-0.1928,0.2118,0.5464,948565.1250,0,0,0.0500,-0.0801
93.8205,-0.1899,0.2723,0.5464,948565.1250,0,0,0.0497,-0.0795
93.8304,0.0398,0.4380,0.5464,948565.1250,0,0,0.0509,-0.0818
93.8409,-0.0832,0.5471,0.5464,948565.1250,0,0,0.0512,-0.0826
93.8513,0.0159,0.5345,0.5464,948565.1250,0,0,0.0520,-0.0846
93.8605,0.1308,0.2238,0.5464,948565.1250,0,0,0.0530,-0.0882
93.8704,-0.0360,0.1622,0.5464,948565.1250,0,0,0.0532,-0.0897
93.8805,-0.1247,0.0181,0.5464,948565.1250,0,0,0.0532,-0.0899
93.8908,-0.3047,0.0641,0.5464,948565.1250,0,0,0.0531,-0.0875
93.9008,-0.0653,0.2673,0.5464,948565.1250,0,0,0.0532,-0.0886
93.9104,-0.0131,0.5479,0.5464,948565.1250,0,0,0.0531,-0.0905
93.9205,-0.1700,0.6798,0.5464,948565.1250,0,0,0.0531,-0.0901
93.9304,-0.0287,0.5630,0.5464,948565.1250,0,0,0.0528,-0.0918
93.9408,0.1494,0.2114,0.5464,948565.1250,0,0,0.0522,-0.0961
93.9507,-0.1149,0.3127,0.5464,948565.1250,0,0,0.0521,-0.0965
93.9605,-0.1570,0.2913,0.5464,948565.1250,0,0,0.0521,-0.0963
93.9704,-0.1567,-0.0070,0.5464,948565.1250,0,0,0.0522,-0.0961
93.9805,-0.0121,0.2509,0.5464,948565.1250,0,0,0.0512,-0.0981
93.9907,-0.2744,0.6633,0.5464,948565.1250,0,0,0.0521,-0.0963
94.0008,-0.3703,0.6699,0.5464,948565.1250,0,0,0.0539,-0.0932
94.0104,-0.0513,0.3543,0.5464,948565.1250,0,0,0.0530,-0.0947
94.0205,-0.1296,0.4498,0.5464,948565.1250,0,0,0.0527,-0.0952
94.0304,-0.1600,0.7900,0.5464,948565.1250,0,0,0.0527,-0.0952
94.0409,-0.1127,0.4752,0.5464,948565.1250,0,0,0.0521,-0.0958
94.0514,-0.0276,-0.0189,0.5464,948565.1250,0,0,0.0507,-0.0976
94.0605,-0.1397,0.2067,0.5464,948565.1250,0,0,0.0503,-0.0980
94.0704,-0.4787,0.3896,0.5464,948565.1250,0,0,0.0544,-0.0944
94.0805,-0.3610,0.4383,0.5464,948565.1250,0,0,0.0568,-0.0923
94.0907,-0.1277,0.5761,0.5464,948565.1250,0,0,0.0560,-0.0930
94.1008,-0.3444,0.8905,0.5464,948565.1250,0,0,0.0582,-0.0913
94.1104,-0.3161,1.0553,0.5464,948565.1250,0,0,0.0601,-0.0902
94.1205,-0.2121,0.4861,0.5464,948565.1250,0,0,0.0603,-0.0901
94.1304,-0.0668,0.1623,0.5464,948565.1250,0,0,0.0581,-0.0912
94.1408,-0.1745,0.1385,0.5464,948565.1250,0,0,0.0576,-0.0914
94.1507,-0.4080,0.0875,0.5464,948565.1250,0,0,0.0611,-0.0901
94.1605,-0.3351,0.0233,0.5464,948565.1250,0,0,0.0632,-0.0893
94.1705,-0.1886,0.3938,0.5464,948565.1250,0,0,0.0626,-0.0894
94.1805,-0.4796,0.9351,0.5464,948565.1250,0,0,0.0673,-0.0885
94.1908,-0.4461,1.0062,0.5464,948565.1250,0,0,0.0712,-0.0878
94.2008,-0.0512,0.4544,0.5464,948565.1250,0,0,0.0675,-0.0881
94.2104,-0.2169,0.2541,0.5464,948565.1250,0,0,0.0671,-0.0882
94.2205,-0.2689,0.2200,0.5464,948565.1250,0,0,0.0675,-0.0882
94.2304,-0.3424,0.1122,0.5464,948565.1250,0,0,0.0693,-0.0882
94.2409,-0.2320,0.2511,0.5464,948565.1250,0,0,0.0688,-0.0881
94.2514,-0.2593,0.5079,0.5464,948565.1250,0,0,0.0689,-0.0881
94.2605,-0.5586,0.6506,0.5464,948565.1250,0,0,0.0747,-0.0892
94.2704,-0.5125,0.6454,0.5464,948565.1250,0,0,0.0794,-0.0901
94.2805,-0.2099,0.6166,0.5464,948565.1250,0,0,0.0780,-0.0896
94.2908,-0.4202,0.6787,0.5464,948565.1250,0,0,0.0806,-0.0906
94.3008,-0.3421,0.5967,0.5464,948565.1250,0,0,0.0815,-0.0910
94.3104,-0.2142,0.1772,0.5464,948565.1250,0,0,0.0799,-0.0902
94.3205,-0.2602,0.2288,0.5464,948565.1250,0,0,0.0791,-0.0898
94.3304,-0.4437,0.5061,0.5464,948565.1250,0,0,0.0818,-0.0915
94.3408,-0.6195,0.4876,0.5464,948565.1250,0,0,0.0875,-0.0950
94.3507,-0.3693,0.5184,0.5464,948565.1250,0,0,0.0883,-0.0956
94.3605,-0.2703,0.6980,0.5464,948565.1250,0,0,0.0874,-0.0949
94.3705,-0.3574,0.7812,0.5464,948565.1250,0,0,0.0878,-0.0953
94.3805,-0.3583,0.7183,0.5464,948565.1250,0,0,0.0882,-0.0957
94.3908,-0.3306,0.3287,0.5464,948565.1250,0,0,0.0881,-0.0956
94.4009,-0.3748,0.2971,0.5464,948565.1250,0,0,0.0886,-0.0962
94.4104,-0.4857,0.3606,0.5464,948565.1250,0,0,0.0907,-0.0989
94.4205,-0.7570,0.3646,0.5464,948565.1250,0,0,0.0965,-0.1073
94.4304,-0.3849,0.6364,0.5464,948565.1250,0,0,0.0967,-0.1077
94.4409,-0.5080,0.7249,0.5464,948565.1250,0,0,0.0984,-0.1107
94.4514,-0.5329,0.6861,0.5464,948565.1250,0,0,0.1004,-0.1141
94.4605,-0.5323,0.6398,0.5464,948565.1250,0,0,0.1020,-0.1175
94.4705,-0.4304,0.4593,0.5464,948565.1250,0,0,0.1024,-0.1183
94.4805,-0.3932,0.1820,0.5464,948565.1250,0,0,0.1024,-0.1181
94.4907,-0.4735,-0.0480,0.5464,948565.1250,0,0,0.1029,-0.1200
94.5008,-0.5656,0.1988,0.5464,948565.1250,0,0,0.1043,-0.1241
94.5104,-0.3820,0.4884,0.5464,948565.1250,0,0,0.1040,-0.1231
94.5205,-0.4992,0.6101,0.5464,948565.1250,0,0,0.1046,-0.1253
94.5304,-0.5382,0.8213,0.5464,948565.1250,0,0,0.1052,-0.1286
94.5408,-0.2842,0.7533,0.5464,948565.1250,0,0,0.1044,-0.1245
94.5508,-0.2620,0.3158,0.5464,948565.1250,0,0,0.1038,-0.1197
94.5605,-0.4287,-0.0446,0.5464,948565.1250,0,0,0.1039,-0.1199
94.5705,-0.6765,-0.0343,0.5464,948565.1250,0,0,0.1044,-0.1275
94.5805,-0.7325,0.1843,0.5464,948565.1250,0,0,0.1045,-0.1367
94.5908,-0.6497,0.1366,0.5464,948565.1250,0,0,0.1046,-0.1428
94.6009,-0.6959,0.3712,0.5464,948565.1250,0,0,0.1043,-0.1502
94.6104,-0.5753,0.6424,0.5464,948565.1250,0,0,0.1041,-0.1535
94.6205,-0.4166,0.6229,0.5464,948565.1250,0,0,0.1043,-0.1516
94.6304,-0.6691,0.4637,0.5464,948565.1250,0,0,0.1037,-0.1576
94.6409,-0.7018,0.2680,0.5464,948565.1250,0,0,0.1028,-0.1644
94.6515,-0.5437,-0.0669,0.5464,948565.1250,0,0,0.1025,-0.1659
94.6607,-0.4651,0.1322,0.5464,948565.1250,0,0,0.1027,-0.1650
94.6704,-0.4775,0.2485,0.5464,948565.1250,0,0,0.1028,-0.1645
94.6805,-0.7595,0.2146,0.5464,948565.1250,0,0,0.1008,-0.1726
94.6908,-0.4418,0.3862,0.5464,948565.1250,0,0,0.1014,-0.1706
94.7008,-0.5112,0.5109,0.5464,948565.1250,0,0,0.1013,-0.1708
94.7104,-0.6580,0.5501,0.5464,948565.1250,0,0,0.0997,-0.1755
94.7205,-0.3506,0.4187,0.5464,948565.1250,0,0,0.1013,-0.1708
94.7304,-0.2370,0.2096,0.5464,948565.1250,0,0,0.1045,-0.1629
94.7408,-0.4189,0.4069,0.5464,948566.3125,0,0,0.1053,-0.1609
94.7508,-0.6319,0.2249,0.5464,948566.3125,0,0,0.1091,-0.1610
94.7605,-0.6776,-0.0902,0.5464,948566.3125,0,0,0.1134,-0.1611
94.7704,-0.5546,0.0114,0.5464,948566.3125,0,0,0.1154,-0.1613
94.7805,-0.6484,0.0915,0.5464,948566.3125,0,0,0.1184,-0.1621
94.7907,-0.6536,0.4243,0.5464,948566.3125,0,0,0.1214,-0.1629
94.8008,-0.3739,0.6632,0.5464,948566.3125,0,0,0.1203,-0.1624
94.8105,-0.4952,0.4816,0.5464,948566.3125,0,0,0.1208,-0.1626
94.8205,-0.5572,0.3843,0.5464,948566.3125,0,0,0.1219,-0.1633
94.8304,-0.5398,0.1621,0.5464,948566.3125,0,0,0.1227,-0.1638
94.8409,-0.4215,0.0405,0.5464,948566.3125,0,0,0.1222,-0.1633
94.8513,-0.5324,0.1228,0.5464,948566.3125,0,0,0.1228,-0.1638
94.8605,-0.6252,0.0705,0.5464,948566.3125,0,0,0.1240,-0.1653
94.8704,-0.8013,0.1308,0.5464,948566.3125,0,0,0.1267,-0.1686
94.8805,-0.7086,0.3975,0.5464,948566.3125,0,0,0.1281,-0.1712
94.8908,-0.7495,0.4736,0.5464,948566.3125,0,0,0.1293,-0.1746
94.9008,-0.8186,0.6283,0.5464,948566.3125,0,0,0.1308,-0.1788
94.9104,-0.5235,0.4310,0.5464,948566.3125,0,0,0.1308,-0.1788
94.9205,-0.4649,0.1512,0.5464,948566.3125,0,0,0.1306,-0.1779
94.9303,-0.4291,0.0617,0.5464,948566.3125,0,0,0.1305,-0.1762
94.9408,-0.5089,-0.1703,0.5464,948566.3125,0,0,0.1305,-0.1760
94.9508,-0.6845,-0.1875,0.5464,948566.3125,0,0,0.1303,-0.1789
94.9605,-0.6002,-0.0587,0.5464,948566.3125,0,0,0.1302,-0.1802
94.9704,-0.7103,0.0914,0.5464,948566.3125,0,0,0.1296,-0.1837
94.9805,-0.6773,0.4910,0.5464,948566.3125,0,0,0.1291,-0.1864
94.9908,-0.4234,0.5801,0.5464,948566.3125,0,0,0.1298,-0.1838
95.0008,-0.5071,0.2329,0.5464,948566.3125,0,0,0.1301,-0.1831
95.0105,-0.5864,-0.0319,0.5464,948566.3125,0,0,0.1297,-0.1841
95.0205,-0.5848,-0.2204,0.5464,948566.3125,0,0,0.1293,-0.1850
95.0303,-0.5916,-0.2009,0.5464,948566.3125,0,0,0.1288,-0.1861
95.0409,-0.4314,-0.2873,0.5464,948566.3125,0,0,0.1302,-0.1834
95.0513,-0.7160,-0.1115,0.5464,948566.3125,0,0,0.1281,-0.1875
95.0605,-0.5483,0.2176,0.5464,948566.3125,0,0,0.1281,-0.1876
95.0704,-0.5010,0.2024,0.5464,948566.3125,0,0,0.1287,-0.1866
95.0805,-0.6020,0.0880,0.5464,948566.3125,0,0,0.1277,-0.1881
95.0908,-0.5558,0.0570,0.5464,948566.3125,0,0,0.1274,-0.1885
95.1009,-0.4194,-0.1544,0.5464,948566.3125,0,0,0.1295,-0.1855
95.1104,-0.4133,-0.3238,0.5464,948566.3125,0,0,0.1319,-0.1826
95.1205,-0.4130,-0.4171,0.5464,948566.3125,0,0,0.1341,-0.1798
95.1304,-0.6298,-0.1992,0.5464,948566.3125,0,0,0.1317,-0.1826
95.1408,-0.5711,0.1008,0.5464,948566.3125,0,0,0.1307,-0.1837
95.1507,-0.4310,-0.1138,0.5464,948566.3125,0,0,0.1327,-0.1816
95.1605,-0.5566,0.0652,0.5464,948566.3125,0,0,0.1317,-0.1826
95.1704,-0.4502,0.5238,0.5464,948566.3125,0,0,0.1331,-0.1813
95.1805,-0.2448,0.2397,0.5464,948566.3125,0,0,0.1392,-0.1753
95.1908,-0.2537,-0.2257,0.5464,948566.3125,0,0,0.1451,-0.1699
95.2008,-0.3717,-0.2349,0.5464,948566.3125,0,0,0.1477,-0.1677
95.2104,-0.4849,-0.2734,0.5464,948566.3125,0,0,0.1472,-0.1682
95.2205,-0.3702,-0.3402,0.5464,948566.3125,0,0,0.1495,-0.1663
95.2304,-0.1516,-0.3414,0.5464,948566.3125,0,0,0.1574,-0.1599
95.2409,-0.4016,0.1304,0.5464,948566.3125,0,0,0.1582,-0.1594
95.2514,-0.3777,0.4801,0.5464,948566.3125,0,0,0.1595,-0.1583
95.2605,-0.2125,-0.0694,0.5464,948566.3125,0,0,0.1651,-0.1542
95.2704,-0.2777,-0.2244,0.5464,948566.3125,0,0,0.1685,-0.1517
95.2805,-0.2906,-0.0116,0.5464,948566.3125,0,0,0.1711,-0.1498
95.2907,-0.4301,-0.3846,0.5464,948566.3125,0,0,0.1693,-0.1510
95.3008,-0.3286,-0.6283,0.5464,948566.3125,0,0,0.1705,-0.1502
95.3104,-0.3658,-0.2760,0.5464,948566.3125,0,0,0.1702,-0.1503
95.3204,-0.5865,0.3481,0.5464,948566.3125,0,0,0.1639,-0.1545
95.3304,-0.3501,0.3073,0.5464,948566.3125,0,0,0.1640,-0.1544
95.3407,-0.0545,-0.0974,0.5464,948566.3125,0,0,0.1721,-0.1494
95.3507,-0.1969,0.2369,0.5464,948566.3125,0,0,0.1758,-0.1473
95.3605,-0.1409,0.0921,0.5464,948566.3125,0,0,0.1807,-0.1444
95.3704,-0.1756,-0.5303,0.5464,948566.3125,0,0,0.1842,-0.1425
95.3805,-0.1028,-0.5457,0.5464,948566.3125,0,0,0.1894,-0.1396
95.3908,-0.2725,-0.2888,0.5464,948566.3125,0,0,0.1892,-0.1396
95.4009,-0.3440,-0.0458,0.5464,948566.3125,0,0,0.1866,-0.1409
95.4104,-0.1539,-0.0888,0.5464,948566.3125,0,0,0.1895,-0.1395
95.4205,-0.2318,-0.0250,0.5464,948566.3125,0,0,0.1897,-0.1394
95.4305,-0.2924,0.6237,0.5464,948566.3125,0,0,0.1881,-0.1401
95.4409,-0.0861,0.3295,0.5464,948566.3125,0,0,0.1921,-0.1384
95.4514,0.0661,-0.3856,0.5464,948566.3125,0,0,0.2000,-0.1347
95.4605,0.0471,-0.2025,0.5464,948566.3125,0,0,0.2066,-0.1319
95.4704,-0.0938,-0.0896,0.5464,948566.3125,0,0,0.2090,-0.1308
95.4805,-0.1732,-0.4162,0.5464,948566.3125,0,0,0.2087,-0.1309
95.4907,0.0049,-0.4389,0.5464,948566.3125,0,0,0.2129,-0.1293
95.5008,-0.2276,-0.0291,0.5464,948566.3125,0,0,0.2106,-0.1302
95.5104,-0.2841,0.5009,0.5464,948566.3125,0,0,0.2066,-0.1317
95.5205,0.0256,0.1189,0.5464,948566.3125,0,0,0.2108,-0.1301
95.5305,-0.0688,-0.1386,0.5464,948566.3125,0,0,0.2121,-0.1297
95.5408,-0.0408,0.2162,0.5464,948566.3125,0,0,0.2140,-0.1290
95.5507,-0.0380,-0.1291,0.5464,948566.3125,0,0,0.2156,-0.1285
95.5605,0.1406,-0.7683,0.5464,948566.3125,0,0,0.2214,-0.1266
95.5704,0.1166,-0.6139,0.5464,948566.3125,0,0,0.2261,-0.1253
95.5805,-0.2796,-0.0214,0.5464,948566.3125,0,0,0.2212,-0.1267
95.5907,-0.2824,0.4422,0.5464,948566.3125,0,0,0.2162,-0.1280
95.6008,0.0375,0.1955,0.5464,948566.3125,0,0,0.2186,-0.1275
95.6104,-0.0581,0.1362,0.5464,948566.3125,0,0,0.2186,-0.1275
95.6205,0.1164,0.1808,0.5464,948566.3125,0,0,0.2223,-0.1269
95.6304,0.0472,-0.4833,0.5464,948566.3125,0,0,0.2243,-0.1265
95.6409,0.1660,-0.8770,0.5464,948566.3125,0,0,0.2286,-0.1260
95.6514,-0.0853,-0.3894,0.5464,948566.3125,0,0,0.2273,-0.1262
95.6606,-0.3428,0.1817,0.5464,948566.3125,0,0,0.2207,-0.1266
95.6704,-0.1772,0.0859,0.5464,948566.3125,0,0,0.2177,-0.1268
95.6805,0.0837,-0.0170,0.5464,948566.3125,0,0,0.2200,-0.1268
95.6907,-0.1137,0.3150,0.5464,948566.3125,0,0,0.2182,-0.1268
95.7008,-0.0321,0.1439,0.5464,948566.3125,0,0,0.2180,-0.1268
95.7104,0.1805,-0.5499,0.5464,948566.3125,0,0,0.2218,-0.1272
95.7205,0.1698,-0.5598,0.5464,948566.3125,0,0,0.2252,-0.1277
95.7305,-0.1026,-0.3386,0.5464,948566.3125,0,0,0.2234,-0.1273
95.7408,-0.4078,-0.1421,0.5464,948571.8750,0,0,0.2160,-0.1259
95.7507,-0.1650,-0.0627,0.5464,948571.8750,0,0,0.2150,-0.1239
95.7605,-0.0363,0.1216,0.5464,948571.8750,0,0,0.2151,-0.1240
95.7704,-0.0888,0.2954,0.5464,948571.8750,0,0,0.2148,-0.1235
95.7805,0.0727,0.2482,0.5464,948571.8750,0,0,0.2158,-0.1256
95.7907,0.2830,-0.0865,0.5464,948571.8750,0,0,0.2179,-0.1315
95.8008,0.0699,-0.2847,0.5464,948571.8750,0,0,0.2186,-0.1338
95.8104,-0.0606,-0.3604,0.5464,948571.8750,0,0,0.2186,-0.1337
95.8205,-0.3331,-0.2666,0.5464,948571.8750,0,0,0.2176,-0.1292
95.8304,-0.1343,0.0014,0.5464,948571.8750,0,0,0.2174,-0.1282
95.8409,-0.0512,0.1196,0.5464,948571.8750,0,0,0.2175,-0.1289
95.8514,-0.0820,0.2798,0.5464,948571.8750,0,0,0.2175,-0.1290
95.8605,0.1674,0.4074,0.5464,948571.8750,0,0,0.2178,-0.1336
95.8703,0.1490,0.0496,0.5464,948571.8750,0,0,0.2180,-0.1377
95.8804,0.0204,-0.3462,0.5464,948571.8750,0,0,0.2180,-0.1397
95.8908,-0.1045,-0.4179,0.5464,948571.8750,0,0,0.2180,-0.1396
95.9009,-0.2232,-0.2328,0.5464,948571.8750,0,0,0.2182,-0.1378
95.9104,-0.1299,0.0045,0.5464,948571.8750,0,0,0.2182,-0.1377
95.9205,-0.1442,0.0706,0.5464,948571.8750,0,0,0.2182,-0.1375
95.9304,-0.2373,0.3324,0.5464,948571.8750,0,0,0.2186,-0.1359
95.9408,0.0797,0.4129,0.5464,948571.8750,0,0,0.2177,-0.1395
95.9507,0.0745,0.0700,0.5464,948571.8750,0,0,0.2165,-0.1431
95.9605,-0.0345,-0.0824,0.5464,948571.8750,0,0,0.2159,-0.1449
95.9704,-0.0725,-0.1610,0.5464,948571.8750,0,0,0.2153,-0.1463
95.9804,-0.0590,-0.2069,0.5464,948571.8750,0,0,0.2147,-0.1478
95.9907,0.0029,-0.2437,0.5464,948571.8750,0,0,0.2133,-0.1504
96.0009,-0.0707,-0.1961,0.5464,948571.8750,0,0,0.2123,-0.1520
96.0104,-0.1641,0.3138,0.5464,948571.8750,0,0,0.2121,-0.1523
96.0205,0.0369,0.3578,0.5464,948571.8750,0,0,0.2098,-0.1554
96.0304,0.1270,-0.1169,0.5464,948571.8750,0,0,0.2067,-0.1597
96.0409,-0.0027,0.0772,0.5464,948571.8750,0,0,0.2045,-0.1622
96.0513,0.0007,0.3084,0.5464,948571.8750,0,0,0.2024,-0.1647
96.0605,-0.1113,-0.2115,0.5464,948571.8750,0,0,0.2012,-0.1659
96.0704,0.0598,-0.6181,0.5464,948571.8750,0,0,0.1981,-0.1690
96.0805,0.0274,-0.3026,0.5464,948571.8750,0,0,0.1949,-0.1717
96.0908,-0.1284,0.3704,0.5464,948571.8750,0,0,0.1939,-0.1726
96.1008,-0.1028,0.4203,0.5464,948571.8750,0,0,0.1922,-0.1738
96.1104,0.1448,0.0681,0.5464,948571.8750,0,0,0.1865,-0.1773
96.1205,-0.0673,0.4099,0.5464,948571.8750,0,0,0.1842,-0.1788
96.1304,-0.0307,0.3091,0.5464,948571.8750,0,0,0.1809,-0.1806
96.1408,0.0871,-0.3675,0.5464,948571.8750,0,0,0.1758,-0.1833
96.1508,0.2477,-0.5134,0.5464,948571.8750,0,0,0.1678,-0.1869
96.1605,-0.0161,-0.0727,0.5464,948571.8750,0,0,0.1643,-0.1885
96.1704,-0.2697,0.2562,0.5464,948571.8750,0,0,0.1646,-0.1883
96.1805,-0.0952,0.3363,0.5464,948571.8750,0,0,0.1621,-0.1893
96.1908,0.2318,0.3270,0.5464,948571.8750,0,0,0.1536,-0.1918
96.2008,0.0866,0.4293,0.5464,948571.8750,0,0,0.1474,-0.1933
96.2104,0.2276,0.2355,0.5464,948571.8750,0,0,0.1389,-0.1952
96.2205,0.1692,-0.1925,0.5464,948571.8750,0,0,0.1312,-0.1965
96.2304,0.1898,-0.1445,0.5464,948571.8750,0,0,0.1234,-0.1977
96.2409,-0.1387,0.0938,0.5464,948571.8750,0,0,0.1213,-0.1979
96.2514,-0.4272,0.3440,0.5464,948571.8750,0,0,0.1245,-0.1976
96.2605,-0.1529,0.4765,0.5464,948571.8750,0,0,0.1224,-0.1977
96.2705,-0.0777,0.4011,0.5464,948571.8750,0,0,0.1190,-0.1977
96.2804,-0.0274,0.3475,0.5464,948571.8750,0,0,0.1146,-0.1975
96.2907,0.0413,0.0197,0.5464,948571.8750,0,0,0.1091,-0.1971
96.3008,-0.0020,-0.1597,0.5464,948571.8750,0,0,0.1042,-0.1965
96.3104,-0.0282,-0.0354,0.5464,948571.8750,0,0,0.0997,-0.1955
96.3205,-0.1828,-0.0893,0.5464,948571.8750,0,0,0.0981,-0.1951
96.3304,-0.3541,-0.0457,0.5464,948571.8750,0,0,0.0993,-0.1955
96.3408,-0.0878,0.2188,0.5464,948571.8750,0,0,0.0959,-0.1944
96.3507,-0.1196,0.3446,0.5464,948571.8750,0,0,0.0929,-0.1932
96.3605,-0.2096,0.4783,0.5464,948571.8750,0,0,0.0916,-0.1927
96.3705,0.0260,0.3863,0.5464,948571.8750,0,0,0.0863,-0.1900
96.3805,0.0037,0.0288,0.5464,948571.8750,0,0,0.0816,-0.1877
96.3908,-0.0975,-0.2386,0.5464,948571.8750,0,0,0.0785,-0.1858
96.4008,-0.2395,-0.3785,0.5464,948571.8750,0,0,0.0777,-0.1853
96.4104,-0.3816,-0.0793,0.5464,948571.8750,0,0,0.0789,-0.1862
96.4205,-0.1818,0.3499,0.5464,948571.8750,0,0,0.0771,-0.1845
96.4304,-0.3004,0.4391,0.5464,948571.8750,0,0,0.0769,-0.1844
96.4409,-0.3037,0.5933,0.5464,948571.8750,0,0,0.0767,-0.1842
96.4514,-0.0910,0.5839,0.5464,948571.8750,0,0,0.0738,-0.1811
96.4605,-0.0477,0.1736,0.5464,948571.8750,0,0,0.0705,-0.1771
96.4704,-0.0140,-0.0666,0.5464,948571.8750,0,0,0.0670,-0.1727
96.4805,-0.2689,-0.1445,0.5464,948571.8750,0,0,0.0665,-0.1720
96.4908,-0.4516,0.0007,0.5464,948571.8750,0,0,0.0679,-0.1741
96.5008,-0.4389,0.1117,0.5464,948571.8750,0,0,0.0690,-0.1760
96.5104,-0.4787,0.3426,0.5464,948571.8750,0,0,0.0702,-0.1786
96.5205,-0.4683,0.8389,0.5464,948571.8750,0,0,0.0712,-0.1808
96.5304,-0.1633,0.8105,0.5464,948571.8750,0,0,0.0699,-0.1772
96.5407,-0.1963,0.2585,0.5464,948571.8750,0,0,0.0689,-0.1744
96.5507,-0.2705,0.1666,0.5464,948571.8750,0,0,0.0684,-0.1729
96.5605,-0.4510,0.1136,0.5464,948571.8750,0,0,0.0690,-0.1749
96.5704,-0.6082,-0.2004,0.5464,948571.8750,0,0,0.0701,-0.1801
96.5805,-0.4280,-0.2631,0.5464,948571.8750,0,0,0.0703,-0.1815
96.5908,-0.5167,0.1983,0.5464,948571.8750,0,0,0.0707,-0.1846
96.6008,-0.5634,0.8404,0.5464,948571.8750,0,0,0.0712,-0.1886
96.6104,-0.3493,0.6505,0.5464,948571.8750,0,0,0.0712,-0.1878
96.6205,-0.3494,0.2478,0.5464,948571.8750,0,0,0.0712,-0.1870
96.6305,-0.4718,0.4244,0.5464,948571.8750,0,0,0.0712,-0.1889
96.6409,-0.3808,0.1832,0.5464,948571.8750,0,0,0.0712,-0.1886
96.6513,-0.3647,-0.3218,0.5464,948571.8750,0,0,0.0712,-0.1881
96.6606,-0.3936,-0.0191,0.5464,948571.8750,0,0,0.0712,-0.1881
96.6704,-0.5507,0.4400,0.5464,948571.8750,0,0,0.0707,-0.1916
96.6805,-0.5244,0.3225,0.5464,948571.8750,0,0,0.0701,-0.1945
96.6908,-0.2159,0.0545,0.5464,948571.8750,0,0,0.0710,-0.1903
96.7009,-0.4618,0.2499,0.5464,948572.4375,0,0,0.0706,-0.1918
96.7105,-0.4467,0.6378,0.5464,948572.4375,0,0,0.0711,-0.1928
96.7205,-0.3063,0.2951,0.5464,948572.4375,0,0,0.0707,-0.1919
96.7305,-0.2468,0.0209,0.5464,948572.4375,0,0,0.0700,-0.1900
96.7408,-0.2168,0.3485,0.5464,948572.4375,0,0,0.0693,-0.1877
96.7508,-0.2565,0.1791,0.5464,948572.4375,0,0,0.0689,-0.1859
96.7605,-0.2805,-0.2906,0.5464,948572.4375,0,0,0.0686,-0.1845
96.7704,-0.2538,-0.0010,0.5464,948572.4375,0,0,0.0684,-0.1825
96.7805,-0.4939,0.4851,0.5464,948572.4375,0,0,0.0686,-0.1844
96.7908,-0.3240,0.6010,0.5464,948572.4375,0,0,0.0686,-0.1834
96.8008,-0.1530,0.3124,0.5464,948572.4375,0,0,0.0686,-0.1796
96.8104,-0.2695,0.3598,0.5464,948572.4375,0,0,0.0689,-0.1777
96.8205,-0.2394,0.5444,0.5464,948572.4375,0,0,0.0694,-0.1752
96.8304,-0.2090,0.0113,0.5464,948572.4375,0,0,0.0700,-0.1721
96.8409,-0.1185,-0.2915,0.5464,948572.4375,0,0,0.0715,-0.1673
96.8514,-0.4039,0.1273,0.5464,948572.4375,0,0,0.0712,-0.1681
96.8605,-0.6435,0.3409,0.5464,948572.4375,0,0,0.0691,-0.1735
96.8704,-0.4228,0.1361,0.5464,948572.4375,0,0,0.0688,-0.1745
96.8805,-0.3040,0.2853,0.5464,948572.4375,0,0,0.0694,-0.1731
96.8908,-0.2861,0.7871,0.5464,948572.4375,0,0,0.0702,-0.1715
96.9009,-0.1188,0.6737,0.5464,948572.4375,0,0,0.0729,-0.1665
96.9104,-0.0751,0.1377,0.5464,948572.4375,0,0,0.0766,-0.1608
96.9205,-0.1433,0.2025,0.5464,948572.4375,0,0,0.0792,-0.1567
96.9305,-0.4098,0.3451,0.5464,948572.4375,0,0,0.0782,-0.1581
96.9408,-0.5419,0.0394,0.5464,948572.4375,0,0,0.0754,-0.1621
96.9507,-0.1756,-0.1577,0.5464,948572.4375,0,0,0.0781,-0.1586
96.9605,-0.2298,0.2690,0.5464,948572.4375,0,0,0.0798,-0.1563
96.9704,-0.3953,0.8555,0.5464,948572.4375,0,0,0.0788,-0.1576
96.9805,-0.1977,0.3931,0.5464,948572.4375,0,0,0.0810,-0.1549
96.9908,-0.1590,-0.0926,0.5464,948572.4375,0,0,0.0841,-0.1515
97.0008,-0.4177,0.2976,0.5464,948572.4375,0,0,0.0823,-0.1535
97.0104,-0.4772,0.2392,0.5464,948572.4375,0,0,0.0792,-0.1567
97.0205,-0.4531,-0.2512,0.5464,948572.4375,0,0,0.0763,-0.1594
97.0304,-0.3296,0.0265,0.5464,948572.4375,0,0,0.0761,-0.1596
97.0409,-0.5585,0.4412,0.5464,948572.4375,0,0,0.0709,-0.1643
97.0514,-0.4587,0.4893,0.5464,948572.4375,0,0,0.0681,-0.1668
97.0605,-0.2156,0.2231,0.5464,948572.4375,0,0,0.0705,-0.1648
97.0704,-0.3190,0.2032,0.5464,948572.4375,0,0,0.0705,-0.1648
97.0805,-0.1671,0.6033,0.5464,948572.4375,0,0,0.0738,-0.1622
97.0908,-0.3125,0.0828,0.5464,948572.4375,0,0,0.0736,-0.1623
97.1009,-0.2502,-0.3422,0.5464,948572.4375,0,0,0.0748,-0.1615
97.1104,-0.3930,0.0104,0.5464,948572.4375,0,0,0.0725,-0.1632
97.1205,-0.7361,0.3613,0.5464,948572.4375,0,0,0.0616,-0.1704
97.1304,-0.6392,0.1564,0.5464,948572.4375,0,0,0.0529,-0.1758
97.1407,-0.5157,0.0899,0.5464,948572.4375,0,0,0.0479,-0.1789
97.1508,-0.7415,0.5614,0.5464,948572.4375,0,0,0.0367,-0.1853
97.1605,-0.4802,0.6995,0.5464,948572.4375,0,0,0.0330,-0.1875
97.1704,-0.2156,0.1260,0.5464,948572.4375,0,0,0.0362,-0.1857
97.1805,-0.0733,0.0324,0.5464,948572.4375,0,0,0.0428,-0.1821
97.1907,-0.4025,0.0706,0.5464,948572.4375,0,0,0.0403,-0.1834
97.2008,-0.7380,0.0500,0.5464,948572.4375,0,0,0.0292,-0.1892
97.2104,-0.6416,-0.0270,0.5464,948572.4375,0,0,0.0206,-0.1934
97.2205,-0.6999,0.2260,0.5464,948572.4375,0,0,0.0105,-0.1981
97.2304,-0.9586,0.5954,0.5464,948572.4375,0,0,-0.0059,-0.2057
97.2409,-0.6807,0.4014,0.5464,948572.4375,0,0,-0.0145,-0.2094
97.2514,-0.2531,0.0858,0.5464,948572.4375,0,0,-0.0113,-0.2080
97.2605,-0.4967,0.5324,0.5464,948572.4375,0,0,-0.0150,-0.2096
97.2705,-0.6811,0.6499,0.5464,948572.4375,0,0,-0.0231,-0.2130
97.2805,-0.8481,-0.0224,0.5464,948572.4375,0,0,-0.0356,-0.2179
97.2907,-0.6621,-0.2303,0.5464,948572.4375,0,0,-0.0425,-0.2207
97.3008,-0.7650,-0.0029,0.5464,948572.4375,0,0,-0.0520,-0.2243
97.3104,-0.6371,0.2180,0.5464,948572.4375,0,0,-0.0578,-0.2265
97.3205,-0.3872,0.0637,0.5464,948572.4375,0,0,-0.0575,-0.2264
97.3304,-0.4587,0.2357,0.5464,948572.4375,0,0,-0.0593,-0.2269
97.3408,-0.6643,0.6643,0.5464,948572.4375,0,0,-0.0658,-0.2290
97.3508,-0.6924,0.2113,0.5464,948572.4375,0,0,-0.0730,-0.2310
97.3605,-0.5771,-0.6402,0.5464,948572.4375,0,0,-0.0771,-0.2322
97.3704,-0.4532,-0.5315,0.5464,948572.4375,0,0,-0.0785,-0.2326
97.3805,-0.6632,-0.0243,0.5464,948572.4375,0,0,-0.0846,-0.2341
97.3908,-0.7330,0.0608,0.5464,948572.4375,0,0,-0.0924,-0.2357
97.4008,-0.5098,-0.0277,0.5464,948572.4375,0,0,-0.0948,-0.2362
97.4104,-0.6166,0.2833,0.5464,948572.4375,0,0,-0.0998,-0.2371
97.4205,-0.5131,0.4852,0.5464,948572.4375,0,0,-0.1026,-0.2374
97.4304,-0.3783,-0.0852,0.5464,948572.4375,0,0,-0.1023,-0.2374
97.4409,-0.1440,-0.6053,0.5464,948572.4375,0,0,-0.0975,-0.2370
97.4514,-0.3185,-0.4101,0.5464,948572.4375,0,0,-0.0964,-0.2370
97.4605,-0.5792,-0.0786,0.5464,948572.4375,0,0,-0.1012,-0.2370
97.4705,-0.6044,-0.1084,0.5464,948572.4375,0,0,-0.1063,-0.2371
97.4805,-0.3698,0.0407,0.5464,948572.4375,0,0,-0.1067,-0.2370
97.4907,-0.5961,0.4515,0.5464,948572.4375,0,0,-0.1116,-0.2368
97.5008,-0.3725,0.2889,0.5464,948572.4375,0,0,-0.1122,-0.2367
97.5104,-0.2055,-0.4374,0.5464,948572.4375,0,0,-0.1095,-0.2370
97.5205,-0.2494,-0.4009,0.5464,948572.4375,0,0,-0.1082,-0.2373
97.5305,-0.4184,0.0054,0.5464,948572.4375,0,0,-0.1103,-0.2367
97.5407,-0.4620,-0.1240,0.5464,948572.4375,0,0,-0.1130,-0.2360
97.5508,-0.3733,-0.2808,0.5464,948572.4375,0,0,-0.1144,-0.2356
97.5605,-0.4859,-0.1493,0.5464,948572.4375,0,0,-0.1176,-0.2346
97.5704,-0.8210,0.2215,0.5464,948572.4375,0,0,-0.1263,-0.2310
97.5805,-0.3648,0.1760,0.5464,948572.4375,0,0,-0.1274,-0.2306
97.5908,-0.2462,-0.1254,0.5464,948572.4375,0,0,-0.1268,-0.2309
97.6008,-0.3588,0.2104,0.5464,948572.4375,0,0,-0.1279,-0.2303
97.6104,-0.5441,0.1651,0.5464,948572.4375,0,0,-0.1319,-0.2279
97.6205,-0.6618,-0.5678,0.5464,948572.4375,0,0,-0.1373,-0.2240
97.6304,-0.4911,-0.5566,0.5464,948572.4375,0,0,-0.1403,-0.2219
97.6409,-0.6269,-0.1816,0.5464,948572.4375,0,0,-0.1449,-0.2180
97.6514,-0.7082,0.2653,0.5464,948572.4375,0,0,-0.1504,-0.2135
97.6606,-0.1889,0.4607,0.5464,948572.4375,0,0,-0.1495,-0.2143
97.6704,-0.3341,0.6265,0.5464,948572.4375,0,0,-0.1503,-0.2135
97.6805,-0.4809,0.7535,0.5464,948572.4375,0,0,-0.1527,-0.2107
97.6908,-0.4927,0.2160,0.5464,948572.4375,0,0,-0.1552,-0.2078
97.7009,-0.4132,-0.6575,0.5464,948573.5000,0,0,-0.1567,-0.2056
97.7105,-0.5294,-0.3971,0.5464,948573.5000,0,0,-0.1573,-0.2059
97.7205,-0.7067,-0.1099,0.5464,948573.5000,0,0,-0.1614,-0.2078
97.7305,-0.7238,0.1199,0.5464,948573.5000,0,0,-0.1659,-0.2095
97.7408,-0.3918,0.4101,0.5464,948573.5000,0,0,-0.1640,-0.2088
97.7508,-0.5607,0.4812,0.5464,948573.5000,0,0,-0.1656,-0.2092
97.7605,-0.6796,0.2365,0.5464,948573.5000,0,0,-0.1692,-0.2103
97.7704,-0.6050,-0.1669,0.5464,948573.5000,0,0,-0.1716,-0.2107
97.7805,-0.4412,-0.4726,0.5464,948573.5000,0,0,-0.1710,-0.2106
97.7907,-0.3634,-0.5329,0.5464,948573.5000,0,0,-0.1694,-0.2104
97.8008,-0.4786,-0.4162,0.5464,948573.5000,0,0,-0.1698,-0.2105
97.8104,-0.8004,0.1771,0.5464,948573.5000,0,0,-0.1757,-0.2106
97.8205,-0.5849,0.4150,0.5464,948573.5000,0,0,-0.1779,-0.2106
97.8304,-0.3279,-0.0811,0.5464,948573.5000,0,0,-0.1761,-0.2108
97.8409,-0.4197,-0.0279,0.5464,948573.5000,0,0,-0.1761,-0.2108
97.8513,-0.4659,0.0852,0.5464,948573.5000,0,0,-0.1768,-0.2106
97.8605,-0.6423,-0.4473,0.5464,948573.5000,0,0,-0.1802,-0.2096
97.8704,-0.4855,-0.7834,0.5464,948573.5000,0,0,-0.1813,-0.2093
97.8805,-0.6741,-0.4792,0.5464,948573.5000,0,0,-0.1851,-0.2076
97.8908,-0.8414,0.0999,0.5464,948573.5000,0,0,-0.1911,-0.2050
97.9009,-0.5949,0.0279,0.5464,948573.5000,0,0,-0.1936,-0.2036
97.9105,-0.3445,-0.1433,0.5464,948573.5000,0,0,-0.1929,-0.2040
97.9205,-0.5354,0.2012,0.5464,948573.5000,0,0,-0.1947,-0.2027
97.9304,-0.5386,0.0490,0.5464,948573.5000,0,0,-0.1966,-0.2009
97.9408,-0.5374,-0.6205,0.5464,948573.5000,0,0,-0.1984,-0.1993
97.9508,-0.5149,-0.5594,0.5464,948573.5000,0,0,-0.2000,-0.1975
97.9605,-0.7524,-0.1274,0.5464,948573.5000,0,0,-0.2039,-0.1930
97.9704,-0.6954,0.0447,0.5464,948573.5000,0,0,-0.2070,-0.1887
97.9805,-0.3617,-0.0206,0.5464,948573.5000,0,0,-0.2070,-0.1887
97.9908,-0.4996,0.2586,0.5464,948573.5000,0,0,-0.2082,-0.1866
98.0009,-0.5992,0.5121,0.5464,948573.5000,0,0,-0.2102,-0.1831
98.0104,-0.4678,-0.0327,0.5464,948573.5000,0,0,-0.2111,-0.1812
98.0205,-0.4614,-0.5081,0.5464,948573.5000,0,0,-0.2120,-0.1794
98.0304,-0.5405,-0.2310,0.5464,948573.5000,0,0,-0.2132,-0.1759
98.0409,-0.7131,-0.0662,0.5464,948573.5000,0,0,-0.2150,-0.1691
98.0513,-0.4961,-0.1858,0.5464,948573.5000,0,0,-0.2158,-0.1662
98.0605,-0.1434,-0.0829,0.5464,948573.5000,0,0,-0.2152,-0.1692
98.0704,-0.4323,0.3781,0.5464,948573.5000,0,0,-0.2157,-0.1669
98.0805,-0.4049,0.4915,0.5464,948573.5000,0,0,-0.2159,-0.1648
98.0908,-0.1621,0.1067,0.5464,948573.5000,0,0,-0.2156,-0.1673
98.1008,-0.1841,0.0700,0.5464,948573.5000,0,0,-0.2155,-0.1690
98.1104,-0.2664,0.0325,0.5464,948573.5000,0,0,-0.2155,-0.1691
98.1205,-0.3460,-0.3590,0.5464,948573.5000,0,0,-0.2155,-0.1674
98.1303,-0.2411,-0.4041,0.5464,948573.5000,0,0,-0.2155,-0.1674
98.1408,-0.2839,-0.1414,0.5464,948573.5000,0,0,-0.2154,-0.1666
98.1507,-0.5313,0.1750,0.5464,948573.5000,0,0,-0.2146,-0.1604
98.1605,-0.3970,0.4069,0.5464,948573.5000,0,0,-0.2141,-0.1572
98.1704,-0.1112,0.4473,0.5464,948573.5000,0,0,-0.2146,-0.1595
98.1805,-0.1797,0.3499,0.5464,948573.5000,0,0,-0.2148,-0.1604
98.1908,-0.0979,0.1543,0.5464,948573.5000,0,0,-0.2153,-0.1626
98.2008,-0.0701,-0.0973,0.5464,948573.5000,0,0,-0.2160,-0.1653
98.2105,-0.1306,-0.1397,0.5464,948573.5000,0,0,-0.2164,-0.1665
98.2205,-0.1936,-0.2219,0.5464,948573.5000,0,0,-0.2163,-0.1663
98.2304,-0.3172,0.0887,0.5464,948573.5000,0,0,-0.2153,-0.1635
98.2409,-0.1874,0.5092,0.5464,948573.5000,0,0,-0.2151,-0.1630
98.2514,-0.0323,0.4507,0.5464,948573.5000,0,0,-0.2162,-0.1656
98.2605,-0.1177,0.4523,0.5464,948573.5000,0,0,-0.2165,-0.1663
98.2704,0.0257,0.5091,0.5464,948573.5000,0,0,-0.2181,-0.1697
98.2805,-0.0044,0.1669,0.5464,948573.5000,0,0,-0.2195,-0.1721
98.2908,-0.0312,-0.0978,0.5464,948573.5000,0,0,-0.2205,-0.1740
98.3008,-0.1238,-0.0693,0.5464,948573.5000,0,0,-0.2204,-0.1739
98.3105,-0.2377,0.1372,0.5464,948573.5000,0,0,-0.2191,-0.1718
98.3205,-0.0852,0.1726,0.5464,948573.5000,0,0,-0.2195,-0.1723
98.3304,-0.0525,0.0649,0.5464,948573.5000,0,0,-0.2201,-0.1732
98.3408,-0.2075,0.5132,0.5464,948573.5000,0,0,-0.2188,-0.1715
98.3508,-0.1981,0.7250,0.5464,948573.5000,0,0,-0.2175,-0.1699
98.3605,-0.1698,0.1509,0.5464,948573.5000,0,0,-0.2166,-0.1688
98.3705,-0.1579,-0.0268,0.5464,948573.5000,0,0,-0.2157,-0.1679
98.3805,-0.1258,0.2285,0.5464,948573.5000,0,0,-0.2154,-0.1675
98.3908,-0.2788,0.2155,0.5464,948573.5000,0,0,-0.2127,-0.1650
98.4008,-0.0785,-0.0594,0.5464,948573.5000,0,0,-0.2130,-0.1653
98.4105,-0.2012,0.1088,0.5464,948573.5000,0,0,-0.2113,-0.1639
98.4205,-0.4366,0.5622,0.5464,948573.5000,0,0,-0.2063,-0.1598
98.4305,-0.2874,0.4742,0.5464,948573.5000,0,0,-0.2034,-0.1577
98.4409,-0.0304,0.3016,0.5464,948573.5000,0,0,-0.2046,-0.1584
98.4514,0.0009,0.4265,0.5464,948573.5000,0,0,-0.2062,-0.1594
98.4605,-0.0004,0.2555,0.5464,948573.5000,0,0,-0.2079,-0.1603
98.4704,-0.1600,-0.0950,0.5464,948573.5000,0,0,-0.2069,-0.1598
98.4805,-0.1842,-0.0369,0.5464,948573.5000,0,0,-0.2054,-0.1592
98.4907,-0.3724,0.0765,0.5464,948573.5000,0,0,-0.2010,-0.1573
98.5009,-0.3944,0.3488,0.5464,948573.5000,0,0,-0.1963,-0.1557
98.5104,-0.1203,0.5937,0.5464,948573.5000,0,0,-0.1962,-0.1557
98.5205,-0.1748,0.7327,0.5464,948573.5000,0,0,-0.1952,-0.1555
98.5304,-0.3087,0.6422,0.5464,948573.5000,0,0,-0.1921,-0.1550
98.5408,-0.1094,0.2766,0.5464,948573.5000,0,0,-0.1924,-0.1551
98.5508,-0.0864,0.0949,0.5464,948573.5000,0,0,-0.1931,-0.1551
98.5605,-0.0837,0.2667,0.5464,948573.5000,0,0,-0.1939,-0.1551
98.5704,-0.1642,0.1972,0.5464,948573.5000,0,0,-0.1933,-0.1552
98.5805,-0.1485,0.1980,0.5464,948573.5000,0,0,-0.1931,-0.1552
98.5908,-0.1004,0.3998,0.5464,948573.5000,0,0,-0.1938,-0.1551
98.6008,-0.3512,0.4051,0.5464,948573.5000,0,0,-0.1904,-0.1557
98.6105,-0.3817,0.5996,0.5464,948573.5000,0,0,-0.1867,-0.1568
98.6205,-0.0026,0.6574,0.5464,948573.5000,0,0,-0.1892,-0.1561
98.6304,-0.0276,0.6201,0.5464,948573.5000,0,0,-0.1912,-0.1552
98.6409,-0.1041,0.6477,0.5464,948573.5000,0,0,-0.1922,-0.1546
98.6513,0.1085,0.2289,0.5464,948573.5000,0,0,-0.1962,-0.1523
98.6606,0.0227,0.1066,0.5464,948577.8125,0,0,-0.1990,-0.1503
98.6704,-0.1539,0.4544,0.5464,948577.8125,0,0,-0.1916,-0.1316
98.6805,-0.3350,0.2401,0.5464,948577.8125,0,0,-0.1878,-0.1227
98.6908,-0.1355,0.2781,0.5464,948577.8125,0,0,-0.1812,-0.1074
98.7008,-0.0629,0.5423,0.5464,948577.8125,0,0,-0.1738,-0.0913
98.7105,-0.2484,0.6322,0.5464,948577.8125,0,0,-0.1701,-0.0833
98.7205,-0.0421,0.6254,0.5464,948577.8125,0,0,-0.1631,-0.0696
98.7304,0.1464,0.4061,0.5464,948577.8125,0,0,-0.1539,-0.0516
98.7408,-0.0240,0.3236,0.5464,948577.8125,0,0,-0.1475,-0.0404
98.7508,-0.1063,0.2136,0.5464,948577.8125,0,0,-0.1425,-0.0324
98.7605,-0.2114,-0.2398,0.5464,948577.8125,0,0,-0.1395,-0.0277
98.7704,-0.1436,0.0346,0.5464,948577.8125,0,0,-0.1353,-0.0217
98.7805,-0.5951,0.3328,0.5464,948577.8125,0,0,-0.1389,-0.0268
98.7908,-0.7858,0.3075,0.5464,948577.8125,0,0,-0.1455,-0.0353
98.8008,-0.5002,0.3798,0.5464,948577.8125,0,0,-0.1470,-0.0372
98.8104,-0.5686,0.5938,0.5464,948577.8125,0,0,-0.1495,-0.0402
98.8205,-0.7329,0.5977,0.5464,948577.8125,0,0,-0.1547,-0.0462
98.8304,-0.4920,0.1784,0.5464,948577.8125,0,0,-0.1555,-0.0471
98.8409,-0.5835,-0.1882,0.5464,948577.8125,0,0,-0.1580,-0.0494
98.8512,-0.7030,0.2235,0.5464,948577.8125,0,0,-0.1624,-0.0536
98.8605,-0.9793,0.3182,0.5464,948577.8125,0,0,-0.1716,-0.0614
98.8704,-0.8455,0.0223,0.5464,948577.8125,0,0,-0.1781,-0.0669
98.8805,-0.7435,0.1721,0.5464,948577.8125,0,0,-0.1826,-0.0702
98.8908,-0.8329,0.6392,0.5464,948577.8125,0,0,-0.1885,-0.0747
98.9008,-0.6630,0.5035,0.5464,948577.8125,0,0,-0.1912,-0.0765
98.9104,-0.3536,0.1615,0.5464,948577.8125,0,0,-0.1882,-0.0745
98.9205,-0.4413,0.2263,0.5464,948577.8125,0,0,-0.1869,-0.0737
98.9304,-0.4490,0.1397,0.5464,948577.8125,0,0,-0.1858,-0.0731
98.9408,-0.5154,-0.3647,0.5464,948577.8125,0,0,-0.1860,-0.0731
98.9507,-0.5275,-0.2661,0.5464,948577.8125,0,0,-0.1864,-0.0733
98.9605,-0.7741,0.1614,0.5464,948577.8125,0,0,-0.1912,-0.0754
98.9705,-0.9737,0.3399,0.5464,948577.8125,0,0,-0.1995,-0.0782
98.9805,-0.6314,0.2649,0.5464,948577.8125,0,0,-0.2014,-0.0789
98.9907,-0.4842,0.3794,0.5464,948577.8125,0,0,-0.2007,-0.0787
99.0009,-0.6874,0.4943,0.5464,948577.8125,0,0,-0.2036,-0.0794
99.0104,-0.4607,0.0601,0.5464,948577.8125,0,0,-0.2025,-0.0793
99.0205,-0.2918,-0.3289,0.5464,948577.8125,0,0,-0.1986,-0.0785
99.0304,-0.2838,-0.1307,0.5464,948577.8125,0,0,-0.1948,-0.0782
99.0409,-0.5112,0.0305,0.5464,948577.8125,0,0,-0.1950,-0.0782
99.0511,-0.4804,-0.0447,0.5464,948577.8125,0,0,-0.1947,-0.0782
99.0605,-0.2458,0.2023,0.5464,948577.8125,0,0,-0.1908,-0.0786
99.0704,-0.3903,0.4893,0.5464,948577.8125,0,0,-0.1893,-0.0787
99.0805,-0.3345,0.5237,0.5464,948577.8125,0,0,-0.1872,-0.0792
99.0907,-0.0042,-0.0643,0.5464,948577.8125,0,0,-0.1799,-0.0806
99.1008,-0.0682,-0.0383,0.5464,948577.8125,0,0,-0.1742,-0.0824
99.1105,-0.0680,0.2278,0.5464,948577.8125,0,0,-0.1687,-0.0841
99.1205,-0.1414,0.1062,0.5464,948577.8125,0,0,-0.1646,-0.0858
99.1304,0.2506,0.1496,0.5464,948577.8125,0,0,-0.1551,-0.0898
99.1408,0.2086,0.5081,0.5464,948577.8125,0,0,-0.1468,-0.0943
99.1508,0.0359,0.6594,0.5464,948577.8125,0,0,-0.1416,-0.0979
99.1605,0.1684,0.5122,0.5464,948577.8125,0,0,-0.1348,-0.1025
99.1704,0.1249,0.1807,0.5464,948577.8125,0,0,-0.1291,-0.1072
99.1805,-0.0411,0.3899,0.5464,948577.8125,0,0,-0.1257,-0.1100
99.1907,0.1213,0.3088,0.5464,948577.8125,0,0,-0.1208,-0.1149
99.2008,0.2005,-0.1004,0.5464,948577.8125,0,0,-0.1151,-0.1205
99.2105,0.2949,-0.0505,0.5464,948577.8125,0,0,-0.1091,-0.1277
99.2205,0.1131,-0.0015,0.5464,948577.8125,0,0,-0.1052,-0.1323
99.2304,-0.0143,0.0219,0.5464,948577.8125,0,0,-0.1030,-0.1353
99.2409,0.3412,0.2085,0.5464,948577.8125,0,0,-0.0981,-0.1438
99.2514,0.2153,0.5155,0.5464,948577.8125,0,0,-0.0944,-0.1500
99.2605,0.0563,0.8811,0.5464,948577.8125,0,0,-0.0925,-0.1539
99.2705,0.2012,0.5501,0.5464,948577.8125,0,0,-0.0895,-0.1598
99.2805,0.1757,0.0633,0.5464,948577.8125,0,0,-0.0872,-0.1655
99.2907,0.0635,0.1567,0.5464,948577.8125,0,0,-0.0858,-0.1690
99.3008,-0.1292,-0.1126,0.5464,948577.8125,0,0,-0.0857,-0.1692
99.3104,-0.0530,-0.2197,0.5464,948577.8125,0,0,-0.0853,-0.1706
99.3205,0.1658,0.0670,0.5464,948577.8125,0,0,-0.0839,-0.1759
99.3305,-0.0395,0.6225,0.5464,948577.8125,0,0,-0.0836,-0.1773
99.3408,-0.0882,0.9642,0.5464,948577.8125,0,0,-0.0835,-0.1777
99.3508,0.2489,0.6047,0.5464,948577.8125,0,0,-0.0827,-0.1844
99.3605,0.1487,0.4722,0.5464,948577.8125,0,0,-0.0822,-0.1889
99.3704,0.0962,0.5461,0.5464,948577.8125,0,0,-0.0820,-0.1923
99.3805,0.0335,-0.1106,0.5464,948577.8125,0,0,-0.0819,-0.1943
99.3908,0.0253,-0.4229,0.5464,948577.8125,0,0,-0.0819,-0.1960
99.4008,-0.0077,-0.0624,0.5464,948577.8125,0,0,-0.0819,-0.1970
99.4105,-0.0773,0.4178,0.5464,948577.8125,0,0,-0.0818,-0.1965
99.4205,-0.1089,0.5034,0.5464,948577.8125,0,0,-0.0818,-0.1953
99.4304,0.0744,0.5379,0.5464,948577.8125,0,0,-0.0820,-0.1977
99.4409,-0.0756,0.6137,0.5464,948577.8125,0,0,-0.0820,-0.1971
99.4514,-0.0289,0.5330,0.5464,948577.8125,0,0,-0.0820,-0.1972
99.4605,0.1089,-0.1661,0.5464,948577.8125,0,0,-0.0826,-0.2001
99.4705,0.0240,-0.1400,0.5464,948577.8125,0,0,-0.0828,-0.2011
99.4805,-0.2116,0.1086,0.5464,948577.8125,0,0,-0.0818,-0.1974
99.4907,-0.2413,0.1535,0.5464,948577.8125,0,0,-0.0806,-0.1932
99.5008,-0.2286,-0.0489,0.5464,948577.8125,0,0,-0.0793,-0.1894
99.5105,-0.3259,0.2682,0.5464,948577.8125,0,0,-0.0775,-0.1838
99.5205,-0.2635,0.5473,0.5464,948577.8125,0,0,-0.0758,-0.1795
99.5304,-0.1815,0.5439,0.5464,948577.8125,0,0,-0.0748,-0.1770
99.5408,-0.4072,0.4136,0.5464,948577.8125,0,0,-0.0717,-0.1704
99.5508,-0.2958,0.4415,0.5464,948577.8125,0,0,-0.0694,-0.1661
99.5605,-0.3311,0.1981,0.5464,948577.8125,0,0,-0.0669,-0.1613
99.5704,-0.3058,0.0944,0.5464,948577.8125,0,0,-0.0644,-0.1572
99.5805,-0.2867,-0.0000,0.5464,948577.8125,0,0,-0.0622,-0.1535
99.5908,-0.3045,0.0131,0.5464,948577.8125,0,0,-0.0597,-0.1499
99.6009,-0.1878,0.2650,0.5464,948577.8125,0,0,-0.0585,-0.1481
99.6105,-0.3089,0.2615,0.5464,948577.8125,0,0,-0.0558,-0.1448
99.6205,-0.4842,0.2612,0.5464,948577.8125,0,0,-0.0512,-0.1389
99.6305,-0.2013,0.3835,0.5464,948577.8125,0,0,-0.0499,-0.1375
99.6409,-0.3820,0.5444,0.5464,948577.8125,0,0,-0.0465,-0.1336
99.6514,-0.2379,0.5926,0.5464,948577.8125,0,0,-0.0448,-0.1320
99.6606,-0.2911,0.1464,0.5464,948577.6875,0,0,-0.0424,-0.1300
99.6704,-0.3174,-0.0957,0.5464,948577.6875,0,0,-0.0395,-0.1282
99.6805,-0.4617,-0.0878,0.5464,948577.6875,0,0,-0.0343,-0.1256
99.6908,-0.6009,-0.0658,0.5464,948577.6875,0,0,-0.0272,-0.1221
99.7008,-0.5215,0.3056,0.5464,948577.6875,0,0,-0.0214,-0.1198
99.7105,-0.3248,0.4427,0.5464,948577.6875,0,0,-0.0189,-0.1188
99.7205,-0.3681,0.3653,0.5464,948577.6875,0,0,-0.0158,-0.1179
99.7304,-0.3086,0.4968,0.5464,948577.6875,0,0,-0.0137,-0.1172
99.7408,-0.2960,0.3693,0.5464,948577.6875,0,0,-0.0120,-0.1169
99.7508,-0.2424,0.1510,0.5464,948577.6875,0,0,-0.0112,-0.1169
99.7605,-0.3062,0.0354,0.5464,948577.6875,0,0,-0.0095,-0.1167
99.7704,-0.3668,-0.0041,0.5464,948577.6875,0,0,-0.0069,-0.1168
99.7805,-0.3610,0.1097,0.5464,948577.6875,0,0,-0.0044,-0.1168
99.7908,-0.2352,0.0134,0.5464,948577.6875,0,0,-0.0042,-0.1168
99.8009,-0.3006,0.0330,0.5464,948577.6875,0,0,-0.0029,-0.1170
99.8105,-0.3195,0.2632,0.5464,948577.6875,0,0,-0.0015,-0.1174
99.8205,-0.2738,0.2060,0.5464,948577.6875,0,0,-0.0009,-0.1175
99.8304,-0.2571,0.0800,0.5464,948577.6875,0,0,-0.0006,-0.1176
99.8410,-0.2202,0.1387,0.5464,948577.6875,0,0,-0.0009,-0.1175
99.8513,-0.1614,0.0425,0.5464,948577.6875,0,0,-0.0022,-0.1168
99.8605,-0.1265,-0.0677,0.5464,948577.6875,0,0,-0.0041,-0.1156
99.8705,-0.1742,-0.1163,0.5464,948577.6875,0,0,-0.0052,-0.1149
99.8805,-0.3334,-0.0170,0.5464,948577.6875,0,0,-0.0041,-0.1158
99.8908,-0.2337,0.2094,0.5464,948577.6875,0,0,-0.0044,-0.1156
99.9008,-0.1653,0.1960,0.5464,948577.6875,0,0,-0.0057,-0.1143
99.9104,-0.1921,0.3242,0.5464,948577.6875,0,0,-0.0066,-0.1134
99.9205,-0.0859,0.4198,0.5464,948577.6875,0,0,-0.0089,-0.1107
99.9303,-0.0651,0.2127,0.5464,948577.6875,0,0,-0.0113,-0.1078
99.9408,-0.0330,-0.0547,0.5464,948577.6875,0,0,-0.0140,-0.1040
99.9508,-0.0984,-0.0726,0.5464,948577.6875,0,0,-0.0158,-0.1009
99.9605,-0.1704,0.0185,0.5464,948577.6875,0,0,-0.0167,-0.0993
99.9704,-0.0780,0.1182,0.5464,948577.6875,0,0,-0.0185,-0.0956
99.9805,-0.1240,0.0136,0.5464,948577.6875,0,0,-0.0198,-0.0930
99.9907,-0.1209,0.1860,0.5464,948577.6875,0,0,-0.0210,-0.0901
100.0008,0.1075,0.3644,0.5464,948577.6875,0,0,-0.0240,-0.0825
100.0104,0.1117,0.2537,0.5464,948577.6875,0,0,-0.0267,-0.0744
100.0205,0.1626,0.1961,0.5464,948577.6875,0,0,-0.0295,-0.0656
100.0305,0.1959,0.1268,0.5464,948577.6875,0,0,-0.0321,-0.0555
100.0409,0.1330,-0.0224,0.5464,948577.6875,0,0,-0.0342,-0.0474
100.0513,0.1381,-0.0881,0.5464,948577.6875,0,0,-0.0358,-0.0388
100.0605,0.0269,0.0676,0.5464,948577.6875,0,0,-0.0366,-0.0329
100.0704,0.0218,0.3308,0.5464,948577.6875,0,0,-0.0373,-0.0274
100.0805,0.2553,0.3050,0.5464,948577.6875,0,0,-0.0382,-0.0156
100.0908,0.2277,0.2052,0.5464,948577.6875,0,0,-0.0390,-0.0052
100.1009,0.3107,0.3937,0.5464,948577.6875,0,0,-0.0394,0.0077
100.1105,0.3359,0.3525,0.5464,948577.6875,0,0,-0.0397,0.0204
100.1205,0.3645,-0.0035,0.5464,948577.6875,0,0,-0.0393,0.0339
100.1304,0.4143,-0.1936,0.5464,948577.6875,0,0,-0.0390,0.0480
100.1408,0.1493,0.0498,0.5464,948577.6875,0,0,-0.0384,0.0547
100.1508,0.0032,0.2771,0.5464,948577.6875,0,0,-0.0383,0.0571
100.1605,0.1610,-0.0205,0.5464,948577.6875,0,0,-0.0374,0.0637
100.1704,0.0148,0.1024,0.5464,948577.6875,0,0,-0.0370,0.0662
100.1805,0.0590,0.5411,0.5464,948577.6875,0,0,-0.0364,0.0697
100.1907,0.2463,0.2584,0.5464,948577.6875,0,0,-0.0345,0.0784
100.2008,0.3857,-0.0826,0.5464,948577.6875,0,0,-0.0319,0.0903
100.2104,0.2977,0.0100,0.5464,948577.6875,0,0,-0.0295,0.0995
100.2205,0.0188,0.0833,0.5464,948577.6875,0,0,-0.0292,0.1006
100.2305,-0.0614,-0.1727,0.5464,948577.6875,0,0,-0.0295,0.0994
100.2409,0.1039,-0.3107,0.5464,948577.6875,0,0,-0.0285,0.1027
100.2510,-0.1633,0.1245,0.5464,948577.6875,0,0,-0.0299,0.0988
100.2605,-0.1446,0.4379,0.5464,948577.6875,0,0,-0.0313,0.0954
100.2704,0.0864,0.1633,0.5464,948577.6875,0,0,-0.0301,0.0984
100.2805,0.0379,0.2867,0.5464,948577.6875,0,0,-0.0294,0.0999
100.2908,-0.1703,0.5279,0.5464,948577.6875,0,0,-0.0312,0.0961
100.3008,-0.2616,0.0395,0.5464,948577.6875,0,0,-0.0342,0.0902
100.3104,-0.1519,-0.3901,0.5464,948577.6875,0,0,-0.0357,0.0874
100.3206,-0.1729,-0.0560,0.5464,948577.6875,0,0,-0.0375,0.0842
100.3304,-0.4809,0.2720,0.5464,948577.6875,0,0,-0.0434,0.0740
100.3408,-0.3846,0.3137,0.5464,948577.6875,0,0,-0.0481,0.0666
100.3508,-0.3648,0.3971,0.5464,948577.6875,0,0,-0.0523,0.0601
100.3605,-0.4790,0.4601,0.5464,948577.6875,0,0,-0.0583,0.0515
100.3704,-0.6063,0.3402,0.5464,948577.6875,0,0,-0.0666,0.0408
100.3805,-0.3053,0.0543,0.5464,948577.6875,0,0,-0.0694,0.0371
100.3908,-0.2914,0.1395,0.5464,948577.6875,0,0,-0.0721,0.0339
100.4008,-0.2960,0.1873,0.5464,948577.6875,0,0,-0.0746,0.0309
100.4105,-0.3471,0.0361,0.5464,948577.6875,0,0,-0.0780,0.0270
100.4205,-0.1263,0.1287,0.5464,948577.6875,0,0,-0.0773,0.0278
100.4305,0.3978,0.5719,0.5464,948577.6875,0,0,-0.0669,0.0388
100.4409,0.3616,0.4812,0.5464,948577.6875,0,0,-0.0578,0.0486
100.4511,-0.2171,0.2835,0.5464,948577.6875,0,0,-0.0594,0.0470
100.4605,-0.7281,0.0105,0.5464,948577.6875,0,0,-0.0710,0.0364
100.4705,-1.1672,0.2159,0.5464,948577.6875,0,0,-0.0901,0.0186
100.4805,-1.1956,0.4416,0.5464,948577.6875,0,0,-0.1097,0.0019
100.4907,-0.7815,0.0575,0.5464,948577.6875,0,0,-0.1202,-0.0071
100.5008,-0.4247,-0.1805,0.5464,948577.6875,0,0,-0.1232,-0.0096
100.5104,-0.2346,-0.4861,0.5464,948577.6875,0,0,-0.1223,-0.0088
100.5205,-0.6122,-0.6955,0.5464,948577.6875,0,0,-0.1292,-0.0139
100.5304,-0.8018,0.0576,0.5464,948577.6875,0,0,-0.1397,-0.0217
100.5408,-0.3615,0.2716,0.5464,948577.6875,0,0,-0.1405,-0.0223
100.5507,-0.9067,0.2830,0.5464,948577.6875,0,0,-0.1528,-0.0309
100.5605,-0.9510,0.8528,0.5464,948577.6875,0,0,-0.1658,-0.0393
100.5705,-0.3963,0.0190,0.5464,948577.6875,0,0,-0.1661,-0.0395
100.5805,-0.0136,-0.3944,0.5464,948577.6875,0,0,-0.1580,-0.0345
100.5908,0.3101,0.0934,0.5464,948577.6875,0,0,-0.1427,-0.0259
100.6008,0.7424,-0.5199,0.5464,948577.6875,0,0,-0.1188,-0.0122
100.6105,0.6490,-0.0794,0.5464,948577.6875,0,0,-0.0974,-0.0009
100.6205,0.1408,0.5132,0.5464,948577.6875,0,0,-0.0883,0.0040
100.6304,0.1689,0.0812,0.5464,948577.6875,0,0,-0.0788,0.0088
100.6409,0.8977,0.3940,0.5464,948577.6875,0,0,-0.0541,0.0214
100.6511,1.1160,0.6849,0.5464,948577.6875,0,0,-0.0253,0.0348
100.6606,1.3437,0.9711,0.5464,948575.9375,0,0,0.0077,0.0487
100.6704,0.6339,0.3456,0.5464,948575.9375,0,0,0.0129,0.0359
100.6805,0.5354,-0.3617,0.5464,948575.9375,0,0,0.0164,0.0248
100.6908,0.1425,-0.0822,0.5464,948575.9375,0,0,0.0177,0.0203
100.7008,0.0349,0.3764,0.5464,948575.9375,0,0,0.0183,0.0177
100.7104,0.4910,-0.1322,0.5464,948575.9375,0,0,0.0205,0.0080
100.7205,0.7617,0.3252,0.5464,948575.9375,0,0,0.0222,-0.0056
100.7304,0.9080,0.5680,0.5464,948575.9375,0,0,0.0241,-0.0209
100.7408,1.2501,0.5812,0.5464,948575.9375,0,0,0.0248,-0.0410
100.7508,0.8953,0.6421,0.5464,948575.9375,0,0,0.0252,-0.0551
100.7605,0.2645,0.8757,0.5464,948575.9375,0,0,0.0249,-0.0594
100.7705,0.2820,0.9543,0.5464,948575.9375,0,0,0.0242,-0.0638
100.7805,0.6576,0.6663,0.5464,948575.9375,0,0,0.0225,-0.0736
100.7908,1.1937,0.2133,0.5464,948575.9375,0,0,0.0179,-0.0906
100.8008,1.6383,0.8055,0.5464,948575.9375,0,0,0.0117,-0.1134
100.8104,2.0545,0.4344,0.5464,948575.9375,0,0,0.0012,-0.1410
100.8205,2.1760,0.3828,0.5464,948575.9375,0,0,-0.0096,-0.1693
100.8304,1.5900,0.7867,0.5464,948575.9375,0,0,-0.0191,-0.1886
100.8409,1.2329,0.6874,0.5464,948575.9375,0,0,-0.0261,-0.2025
100.8513,0.9646,0.5432,0.5464,948575.9375,0,0,-0.0322,-0.2123
100.8605,0.8855,0.2612,0.5464,948575.9375,0,0,-0.0375,-0.2208
100.8704,0.7616,0.3785,0.5464,948575.9375,0,0,-0.0425,-0.2273
100.8805,0.6767,0.6426,0.5464,948575.9375,0,0,-0.0473,-0.2325
100.8908,0.7671,0.5242,0.5464,948575.9375,0,0,-0.0529,-0.2386
100.9008,0.9436,0.4413,0.5464,948575.9375,0,0,-0.0613,-0.2463
100.9104,0.7031,0.1831,0.5464,948575.9375,0,0,-0.0667,-0.2511
100.9205,0.6825,-0.2030,0.5464,948575.9375,0,0,-0.0722,-0.2554
100.9304,0.6906,-0.0830,0.5464,948575.9375,0,0,-0.0777,-0.2597
100.9408,0.3773,0.2305,0.5464,948575.9375,0,0,-0.0792,-0.2606
100.9508,0.3735,0.3936,0.5464,948575.9375,0,0,-0.0806,-0.2615
100.9605,0.4682,0.6860,0.5464,948575.9375,0,0,-0.0836,-0.2633
100.9704,0.0823,0.6648,0.5464,948575.9375,0,0,-0.0805,-0.2617
100.9805,0.8912,0.6154,0.5464,948575.9375,0,0,-0.0907,-0.2668
100.9907,0.8342,0.1441,0.5464,948575.9375,0,0,-0.1005,-0.2709
101.0008,0.8715,0.5502,0.5464,948575.9375,0,0,-0.1106,-0.2751
101.0104,0.8116,0.3441,0.5464,948575.9375,0,0,-0.1201,-0.2785
101.0205,0.0020,0.2752,0.5464,948575.9375,0,0,-0.1147,-0.2766
101.0304,0.5818,0.4669,0.5464,948575.9375,0,0,-0.1202,-0.2782
101.0409,0.6589,0.1740,0.5464,948575.9375,0,0,-0.1270,-0.2802
101.0514,0.8020,0.4551,0.5464,948575.9375,0,0,-0.1367,-0.2825
101.0605,1.2897,0.6345,0.5464,948575.9375,0,0,-0.1552,-0.2871
101.0704,0.7975,0.7807,0.5464,948575.9375,0,0,-0.1645,-0.2888
101.0805,0.4543,0.7456,0.5464,948575.9375,0,0,-0.1672,-0.2891
101.0908,0.3214,-0.3872,0.5464,948575.9375,0,0,-0.1673,-0.2891
101.1009,0.0309,-0.1507,0.5464,948575.9375,0,0,-0.1619,-0.2887
101.1105,0.3784,-0.0790,0.5464,948575.9375,0,0,-0.1635,-0.2889
101.1205,0.4326,-0.1007,0.5464,948575.9375,0,0,-0.1663,-0.2889
101.1305,1.1774,0.4434,0.5464,948575.9375,0,0,-0.1834,-0.2891
101.1408,0.9803,0.4129,0.5464,948575.9375,0,0,-0.1965,-0.2884
101.1508,0.7647,1.0529,0.5464,948575.9375,0,0,-0.2050,-0.2879
101.1605,0.9536,0.8369,0.5464,948575.9375,0,0,-0.2172,-0.2865
101.1704,0.9016,-0.3563,0.5464,948575.9375,0,0,-0.2283,-0.2844
101.1805,0.9303,0.4944,0.5464,948575.9375,0,0,-0.2395,-0.2823
101.1907,3.8189,1.7433,0.5464,948575.9375,0,0,-0.3030,-0.2658
101.2009,17.7288,20.8163,0.5464,948575.9375,0,0,-0.6130,-0.1854
101.2104,16.9177,20.5880,0.5464,948575.9375,0,0,-0.8952,-0.0900
101.2205,6.4364,-26.0461,0.5464,948575.9375,0,0,-0.9855,-0.0595
101.2305,-0.4299,-11.0796,0.5464,948575.9375,0,0,-0.9561,-0.0720
101.2409,-3.3017,6.7355,0.5464,948575.9375,0,0,-0.8802,-0.1042
101.2514,-2.8830,-9.6739,0.5464,948575.9375,0,0,-0.8156,-0.1379
101.2605,-2.0415,7.1599,0.5464,948575.9375,0,0,-0.7667,-0.1633
101.2704,-2.5592,2.1409,0.5464,948575.9375,0,0,-0.7136,-0.1968
101.2805,-0.6339,-6.9565,0.5464,948575.9375,0,0,-0.6922,-0.2129
101.2908,1.2313,1.4603,0.5464,948575.9375,0,0,-0.6981,-0.2085
101.3009,8.0843,-17.8548,0.5464,948575.9375,0,0,-0.7945,-0.1220
101.3105,10.5098,-26.6639,0.5464,948575.9375,0,0,-0.9188,-0.0104
101.3205,3.8816,0.6799,0.5464,948575.9375,0,0,-0.9513,0.0244
101.3304,1.1666,7.6545,0.5464,948575.9375,0,0,-0.9501,0.0232
101.3408,2.3720,11.5137,0.5464,948575.9375,0,0,-0.9625,0.0391
101.3507,0.8099,16.9237,0.5464,948575.9375,0,0,-0.9577,0.0329
101.3605,0.2579,0.8710,0.5464,948575.9375,0,0,-0.9485,0.0184
101.3704,1.3194,-1.0471,0.5464,948575.9375,0,0,-0.9497,0.0209
101.3805,3.1221,-2.5567,0.5464,948575.9375,0,0,-0.9657,0.0517
101.3908,4.2648,-9.4137,0.5464,948575.9375,0,0,-0.9867,0.1038
101.4008,2.5410,-0.5911,0.5464,948575.9375,0,0,-0.9953,0.1249
101.4104,2.2509,-0.1505,0.5464,948575.9375,0,0,-1.0006,0.1423
101.4205,2.9073,0.4696,0.5464,948575.9375,0,0,-1.0091,0.1704
101.4305,2.3899,4.5981,0.5464,948575.9375,0,0,-1.0132,0.1904
101.4409,2.2880,0.4956,0.5464,948575.9375,0,0,-1.0168,0.2077
101.4513,1.9151,0.8242,0.5464,948575.9375,0,0,-1.0181,0.2191
101.4604,1.7050,-0.3138,0.5464,948575.9375,0,0,-1.0189,0.2260
101.4703,2.6404,-2.3319,0.5464,948575.9375,0,0,-1.0196,0.2521
101.4804,1.4962,-0.0360,0.5464,948575.9375,0,0,-1.0194,0.2561
101.4907,0.2344,-0.3886,0.5464,948575.9375,0,0,-1.0205,0.2350
101.5008,-1.0932,0.6164,0.5464,948575.9375,0,0,-1.0269,0.1875
101.5103,-2.8002,1.6141,0.5464,948575.9375,0,0,-1.0375,0.1081
101.5204,-3.4079,0.3348,0.5464,948575.9375,0,0,-1.0569,0.0173
101.5303,-4.1635,0.6190,0.5464,948575.9375,0,0,-1.0786,-0.0845
101.5407,-4.2258,-0.0820,0.5464,948575.9375,0,0,-1.1082,-0.1855
101.5507,-3.7874,-0.8303,0.5464,948575.9375,0,0,-1.1337,-0.2727
101.5604,-2.8024,-0.2624,0.5464,948575.9375,0,0,-1.1576,-0.3370
101.5703,-1.4577,-0.2555,0.5464,948575.9375,0,0,-1.1702,-0.3708
101.5804,-0.2473,0.2968,0.5464,948575.9375,0,0,-1.1733,-0.3777
101.5907,0.9568,0.5446,0.5464,948575.9375,0,0,-1.1628,-0.3579
101.6008,1.9126,0.2378,0.5464,948575.9375,0,0,-1.1424,-0.3198
101.6103,2.5597,0.3237,0.5464,948575.9375,0,0,-1.1106,-0.2683
101.6204,2.9853,0.0251,0.5464,948582.0625,0,0,-1.0752,-0.2110
101.6303,3.0941,-0.0422,0.5464,948582.0625,0,0,-1.0161,-0.1470
101.6409,2.8015,0.1435,0.5464,948582.0625,0,0,-0.9662,-0.0921
101.6513,2.0735,0.1821,0.5464,948582.0625,0,0,-0.9276,-0.0530
101.6605,1.2043,0.2559,0.5464,948582.0625,0,0,-0.9083,-0.0331
101.6704,0.3339,0.1789,0.5464,948582.0625,0,0,-0.9051,-0.0300
101.6804,-0.4444,0.1248,0.5464,948582.0625,0,0,-0.9174,-0.0409
101.6907,-1.0658,-0.0286,0.5464,948582.0625,0,0,-0.9419,-0.0628
101.7007,-1.4519,-0.0647,0.5464,948582.0625,0,0,-0.9739,-0.0894
101.7103,-1.5610,0.1528,0.5464,948582.0625,0,0,-1.0060,-0.1164
101.7204,-1.2725,0.0463,0.5464,948582.0625,0,0,-1.0305,-0.1354
101.7304,-0.5977,0.1233,0.5464,948582.0625,0,0,-1.0387,-0.1419
101.7408,0.1093,0.1339,0.5464,948582.0625,0,0,-1.0292,-0.1350
101.7506,0.7256,-0.0073,0.5464,948582.0625,0,0,-1.0061,-0.1183
101.7605,1.1357,0.1558,0.5464,948582.0625,0,0,-0.9718,-0.0952
101.7704,1.3295,0.1725,0.5464,948582.0625,0,0,-0.9350,-0.0702
101.7804,1.3466,0.1241,0.5464,948582.0625,0,0,-0.8966,-0.0461
101.7907,1.0938,0.1854,0.5464,948582.0625,0,0,-0.8639,-0.0270
101.8008,0.6489,0.0802,0.5464,948582.0625,0,0,-0.8445,-0.0154
101.8104,0.2059,0.1113,0.5464,948582.0625,0,0,-0.8357,-0.0106
101.8204,-0.1620,0.0825,0.5464,948582.0625,0,0,-0.8367,-0.0112
101.8304,-0.3451,0.0801,0.5464,948582.0625,0,0,-0.8415,-0.0137
101.8408,-0.3744,0.1041,0.5464,948582.0625,0,0,-0.8466,-0.0164
101.8513,-0.1672,0.0896,0.5464,948582.0625,0,0,-0.8454,-0.0158
101.8604,0.1825,0.1207,0.5464,948582.0625,0,0,-0.8355,-0.0108
101.8703,0.5100,0.0967,0.5464,948582.0625,0,0,-0.8167,-0.0018
101.8803,0.7248,0.1226,0.5464,948582.0625,0,0,-0.7922,0.0090
101.8907,0.7875,0.1120,0.5464,948582.0625,0,0,-0.7677,0.0201
101.9008,0.6760,0.1170,0.5464,948582.0625,0,0,-0.7462,0.0292
101.9104,0.4232,0.1078,0.5464,948582.0625,0,0,-0.7323,0.0352
101.9204,0.1733,0.1013,0.5464,948582.0625,0,0,-0.7245,0.0383
101.9303,0.0003,0.1101,0.5464,948582.0625,0,0,-0.7213,0.0396
101.9408,-0.0485,0.0927,0.5464,948582.0625,0,0,-0.7189,0.0405
101.9507,0.0444,0.1007,0.5464,948582.0625,0,0,-0.7145,0.0422
101.9604,0.2517,0.0998,0.5464,948582.0625,0,0,-0.7049,0.0455
101.9703,0.4444,0.1179,0.5464,948582.0625,0,0,-0.6915,0.0503
101.9804,0.5605,0.1108,0.5464,948582.0625,0,0,-0.6756,0.0553
101.9907,0.5679,0.1046,0.5464,948582.0625,0,0,-0.6599,0.0597
102.0008,0.4440,0.1043,0.5464,948582.0625,0,0,-0.6478,0.0631
102.0103,0.2770,0.1029,0.5464,948582.0625,0,0,-0.6397,0.0651
102.0204,0.1368,0.1070,0.5464,948582.0625,0,0,-0.6349,0.0663
102.0303,0.0796,0.1053,0.5464,948582.0625,0,0,-0.6313,0.0670
102.0408,0.1255,0.1059,0.5464,948582.0625,0,0,-0.6270,0.0679
102.0513,0.2537,0.1039,0.5464,948582.0625,0,0,-0.6199,0.0689
102.0604,0.3892,0.1134,0.5464,948582.0625,0,0,-0.6104,0.0704
102.0704,0.4707,0.1121,0.5464,948582.0625,0,0,-0.5995,0.0714
102.0804,0.4771,0.1089,0.5464,948582.0625,0,0,-0.5889,0.0719
102.0907,0.3972,0.1069,0.5464,948582.0625,0,0,-0.5803,0.0722
102.1008,0.2810,0.1041,0.5464,948582.0625,0,0,-0.5744,0.0721
102.1103,0.1770,0.1095,0.5464,948582.0625,0,0,-0.5707,0.0720
102.1204,0.1479,0.0981,0.5464,948582.0625,0,0,-0.5677,0.0718
102.1303,0.1987,0.1041,0.5464,948582.0625,0,0,-0.5640,0.0714
102.1408,0.3027,0.1077,0.5464,948582.0625,0,0,-0.5585,0.0706
102.1507,0.3979,0.1138,0.5464,948582.0625,0,0,-0.5516,0.0696
102.1604,0.4360,0.1143,0.5464,948582.0625,0,0,-0.5445,0.0680
102.1704,0.4039,0.1106,0.5464,948582.0625,0,0,-0.5382,0.0666
102.1804,0.3229,0.0998,0.5464,948582.0625,0,0,-0.5338,0.0652
102.1907,0.2427,0.1061,0.5464,948582.0625,0,0,-0.5311,0.0642
102.2007,0.1962,0.1079,0.5464,948582.0625,0,0,-0.5292,0.0635
102.2103,0.2076,0.1037,0.5464,948582.0625,0,0,-0.5275,0.0627
102.2204,0.2692,0.1010,0.5464,948582.0625,0,0,-0.5249,0.0614
102.2303,0.3435,0.1062,0.5464,948582.0625,0,0,-0.5216,0.0595
102.2408,0.3928,0.1163,0.5464,948582.0625,0,0,-0.5177,0.0573
102.2513,0.3877,0.1147,0.5464,948582.0625,0,0,-0.5144,0.0551
102.2604,0.3436,0.1084,0.5464,948582.0625,0,0,-0.5118,0.0533
102.2704,0.2719,0.1060,0.5464,948582.0625,0,0,-0.5105,0.0523
102.2804,0.2178,0.1066,0.5464,948582.0625,0,0,-0.5100,0.0519
102.2907,0.2084,0.1054,0.5464,948582.0625,0,0,-0.5098,0.0517
102.3009,0.2466,0.1024,0.5464,948582.0625,0,0,-0.5095,0.0513
102.3103,0.3103,0.1085,0.5464,948582.0625,0,0,-0.5084,0.0502
102.3205,0.3615,0.1098,0.5464,948582.0625,0,0,-0.5073,0.0486
102.3304,0.3742,0.1127,0.5464,948582.0625,0,0,-0.5060,0.0469
102.3408,0.3515,0.1081,0.5464,948582.0625,0,0,-0.5053,0.0458
102.3507,0.2954,0.1050,0.5464,948582.0625,0,0,-0.5051,0.0455
102.3605,0.2474,0.1058,0.5464,948582.0625,0,0,-0.5054,0.0461
102.3704,0.2306,0.1063,0.5464,948582.0625,0,0,-0.5059,0.0470
102.3804,0.2571,0.1060,0.5464,948582.0625,0,0,-0.5063,0.0479
102.3908,0.3028,0.1021,0.5464,948582.0625,0,0,-0.5065,0.0485
102.4008,0.3457,0.1054,0.5464,948582.0625,0,0,-0.5064,0.0485
102.4104,0.3583,0.1102,0.5464,948582.0625,0,0,-0.5065,0.0486
102.4204,0.3449,0.1119,0.5464,948582.0625,0,0,-0.5066,0.0490
102.4303,0.3039,0.1097,0.5464,948582.0625,0,0,-0.5068,0.0506
102.4408,0.2696,0.1018,0.5464,948582.0625,0,0,-0.5071,0.0526
102.4513,0.2490,0.1052,0.5464,948582.0625,0,0,-0.5073,0.0555
102.4604,0.2596,0.1080,0.5464,948582.0625,0,0,-0.5074,0.0581
102.4703,0.2967,0.1094,0.5464,948582.0625,0,0,-0.5074,0.0606
102.4804,0.3314,0.1083,0.5464,948582.0625,0,0,-0.5074,0.0624
102.4907,0.3458,0.1051,0.5464,948582.0625,0,0,-0.5072,0.0645
102.5008,0.3339,0.1059,0.5464,948582.0625,0,0,-0.5067,0.0673
102.5104,0.3091,0.1060,0.5464,948582.0625,0,0,-0.5062,0.0705
102.5204,0.2862,0.1069,0.5464,948582.0625,0,0,-0.5053,0.0745
102.5304,0.2738,0.1113,0.5464,948582.0625,0,0,-0.5043,0.0787
102.5407,0.2758,0.1073,0.5464,948582.0625,0,0,-0.5030,0.0832
102.5507,0.2910,0.1079,0.5464,948582.0625,0,0,-0.5017,0.0874
102.5604,0.3151,0.1149,0.5464,948582.0625,0,0,-0.5001,0.0916
102.5704,0.3338,0.1147,0.5464,948582.0625,0,0,-0.4987,0.0953
102.5804,0.3321,0.1105,0.5464,948582.0625,0,0,-0.4968,0.0995
102.5907,0.3154,0.1109,0.5464,948582.0625,0,0,-0.4943,0.1043
102.6008,0.2958,0.1074,0.5464,948582.0625,0,0,-0.4917,0.1093
102.6104,0.2728,0.1057,0.5464,948582.0625,0,0,-0.4882,0.1149
102.6205,0.2635,0.1041,0.5464,948588.7500,0,0,-0.4848,0.1205
102.6303,0.2818,0.1121,0.5464,948588.7500,0,0,-0.4845,0.1229
102.6408,0.3069,0.1166,0.5464,948588.7500,0,0,-0.4842,0.1249
102.6513,0.3281,0.1082,0.5464,948588.7500,0,0,-0.4837,0.1270
102.6606,0.3362,0.1057,0.5464,948588.7500,0,0,-0.4833,0.1289
102.6704,0.3238,0.1077,0.5464,948588.7500,0,0,-0.4824,0.1314
102.6804,0.2938,0.1086,0.5464,948588.7500,0,0,-0.4815,0.1343
102.6907,0.2664,0.1057,0.5464,948588.7500,0,0,-0.4799,0.1380
102.7008,0.2669,0.1095,0.5464,948588.7500,0,0,-0.4778,0.1421
102.7103,0.2839,0.1125,0.5464,948588.7500,0,0,-0.4759,0.1457
102.7204,0.3084,0.1104,0.5464,948588.7500,0,0,-0.4737,0.1494
102.7303,0.3265,0.1044,0.5464,948588.7500,0,0,-0.4717,0.1526
102.7407,0.3304,0.1046,0.5464,948588.7500,0,0,-0.4691,0.1562
102.7508,0.3150,0.1025,0.5464,948588.7500,0,0,-0.4665,0.1598
102.7605,0.2986,0.1030,0.5464,948588.7500,0,0,-0.4631,0.1638
102.7703,0.2767,0.1087,0.5464,948588.7500,0,0,-0.4595,0.1681
102.7804,0.2710,0.1094,0.5464,948588.7500,0,0,-0.4552,0.1725
102.7907,0.2865,0.1084,0.5464,948588.7500,0,0,-0.4504,0.1768
102.8008,0.3132,0.1084,0.5464,948588.7500,0,0,-0.4461,0.1807
102.8103,0.3330,0.1106,0.5464,948588.7500,0,0,-0.4414,0.1843
102.8205,0.3355,0.1084,0.5464,948588.7500,0,0,-0.4369,0.1878
102.8303,0.3152,0.1057,0.5464,948588.7500,0,0,-0.4314,0.1915
102.8409,0.2901,0.1051,0.5464,948588.7500,0,0,-0.4257,0.1954
102.8513,0.2818,0.1091,0.5464,948588.7500,0,0,-0.4192,0.1991
102.8604,0.2806,0.1104,0.5464,948588.7500,0,0,-0.4130,0.2028
102.8703,0.2926,0.1098,0.5464,948588.7500,0,0,-0.4062,0.2061
102.8805,0.3150,0.1085,0.5464,948588.7500,0,0,-0.4001,0.2091
102.8907,0.3249,0.1057,0.5464,948588.7500,0,0,-0.3935,0.2118
102.9008,0.3244,0.1086,0.5464,948588.7500,0,0,-0.3863,0.2141
102.9103,0.3135,0.1088,0.5464,948588.7500,0,0,-0.3792,0.2164
102.9204,0.2946,0.1035,0.5464,948588.7500,0,0,-0.3712,0.2184
102.9303,0.2824,0.1024,0.5464,948588.7500,0,0,-0.3633,0.2204
102.9407,0.2759,0.1020,0.5464,948588.7500,0,0,-0.3547,0.2219
102.9507,0.2870,0.1051,0.5464,948588.7500,0,0,-0.3467,0.2233
102.9603,0.3071,0.1037,0.5464,948588.7500,0,0,-0.3387,0.2241
102.9703,0.3210,0.0995,0.5464,948588.7500,0,0,-0.3312,0.2248
102.9803,0.3216,0.0999,0.5464,948588.7500,0,0,-0.3233,0.2250
102.9907,0.3070,0.1035,0.5464,948588.7500,0,0,-0.3155,0.2251
103.0008,0.2878,0.1123,0.5464,948588.7500,0,0,-0.3070,0.2246
103.0104,0.2741,0.1062,0.5464,948588.7500,0,0,-0.2981,0.2234
103.0205,0.2731,0.1073,0.5464,948588.7500,0,0,-0.2895,0.2222
103.0304,0.2905,0.1133,0.5464,948588.7500,0,0,-0.2811,0.2203
103.0408,0.3123,0.1098,0.5464,948588.7500,0,0,-0.2735,0.2186
103.0512,0.3216,0.1070,0.5464,948588.7500,0,0,-0.2659,0.2162
103.0604,0.3218,0.1043,0.5464,948588.7500,0,0,-0.2586,0.2139
103.0703,0.3090,0.1050,0.5464,948588.7500,0,0,-0.2512,0.2108
103.0803,0.2890,0.1120,0.5464,948588.7500,0,0,-0.2436,0.2077
103.0906,0.2767,0.1107,0.5464,948588.7500,0,0,-0.2360,0.2038
103.1008,0.2786,0.1062,0.5464,948588.7500,0,0,-0.2286,0.1991
103.1103,0.2949,0.1071,0.5464,948588.7500,0,0,-0.2218,0.1948
103.1204,0.3191,0.1087,0.5464,948588.7500,0,0,-0.2156,0.1901
103.1303,0.3267,0.1105,0.5464,948588.7500,0,0,-0.2097,0.1857
103.1407,0.3216,0.1166,0.5464,948588.7500,0,0,-0.2041,0.1806
103.1507,0.3064,0.1107,0.5464,948588.7500,0,0,-0.1985,0.1755
103.1604,0.2944,0.1035,0.5464,948588.7500,0,0,-0.1930,0.1696
103.1704,0.2912,0.1049,0.5464,948588.7500,0,0,-0.1878,0.1639
103.1804,0.2895,0.1099,0.5464,948588.7500,0,0,-0.1829,0.1577
103.1907,0.2946,0.1060,0.5464,948588.7500,0,0,-0.1783,0.1518
103.2008,0.3133,0.1069,0.5464,948588.7500,0,0,-0.1743,0.1457
103.2103,0.3218,0.1092,0.5464,948588.7500,0,0,-0.1709,0.1394
103.2204,0.3161,0.1094,0.5464,948588.7500,0,0,-0.1676,0.1332
103.2303,0.2968,0.1062,0.5464,948588.7500,0,0,-0.1645,0.1263
103.2408,0.2789,0.1056,0.5464,948588.7500,0,0,-0.1615,0.1194
103.2513,0.2765,0.1064,0.5464,948588.7500,0,0,-0.1589,0.1122
103.2603,0.2828,0.1122,0.5464,948588.7500,0,0,-0.1565,0.1054
103.2703,0.2899,0.1115,0.5464,948588.7500,0,0,-0.1547,0.0986
103.2803,0.3037,0.1081,0.5464,948588.7500,0,0,-0.1530,0.0924
103.2907,0.3132,0.1087,0.5464,948588.7500,0,0,-0.1518,0.0863
103.3008,0.3178,0.1108,0.5464,948588.7500,0,0,-0.1511,0.0802
103.3103,0.3093,0.1114,0.5464,948588.7500,0,0,-0.1504,0.0743
103.3204,0.2890,0.1076,0.5464,948588.7500,0,0,-0.1500,0.0679
103.3303,0.2835,0.1062,0.5464,948588.7500,0,0,-0.1497,0.0617
103.3407,0.2864,0.1033,0.5464,948588.7500,0,0,-0.1497,0.0556
103.3507,0.2934,0.1055,0.5464,948588.7500,0,0,-0.1498,0.0500
103.3604,0.3037,0.1059,0.5464,948588.7500,0,0,-0.1502,0.0449
103.3703,0.3135,0.1081,0.5464,948588.7500,0,0,-0.1505,0.0402
103.3804,0.3142,0.1115,0.5464,948588.7500,0,0,-0.1511,0.0358
103.3907,0.3036,0.1086,0.5464,948588.7500,0,0,-0.1517,0.0313
103.4007,0.2878,0.0988,0.5464,948588.7500,0,0,-0.1527,0.0267
103.4103,0.2825,0.0970,0.5464,948588.7500,0,0,-0.1538,0.0221
103.4204,0.2891,0.0968,0.5464,948588.7500,0,0,-0.1549,0.0180
103.4303,0.2961,0.1053,0.5464,948588.7500,0,0,-0.1560,0.0144
103.4408,0.3118,0.1080,0.5464,948588.7500,0,0,-0.1570,0.0114
103.4513,0.3156,0.1049,0.5464,948588.7500,0,0,-0.1580,0.0088
103.4605,0.3135,0.1005,0.5464,948588.7500,0,0,-0.1589,0.0063
103.4703,0.3021,0.1038,0.5464,948588.7500,0,0,-0.1600,0.0039
103.4804,0.2921,0.1099,0.5464,948588.7500,0,0,-0.1611,0.0013
103.4907,0.2800,0.1041,0.5464,948588.7500,0,0,-0.1624,-0.0012
103.5008,0.2788,0.1009,0.5464,948588.7500,0,0,-0.1637,-0.0035
103.5103,0.2919,0.1073,0.5464,948588.7500,0,0,-0.1647,-0.0053
103.5204,0.3046,0.1123,0.5464,948588.7500,0,0,-0.1654,-0.0064
103.5303,0.3147,0.1111,0.5464,948588.7500,0,0,-0.1660,-0.0073
103.5407,0.3163,0.1098,0.5464,948588.7500,0,0,-0.1664,-0.0078
103.5507,0.3096,0.1056,0.5464,948588.7500,0,0,-0.1668,-0.0085
103.5604,0.2988,0.1099,0.5464,948588.7500,0,0,-0.1673,-0.0091
103.5703,0.2879,0.1080,0.5464,948588.7500,0,0,-0.1680,-0.0099
103.5803,0.2886,0.1040,0.5464,948590.8750,0,0,-0.1684,-0.0105
103.5907,0.2914,0.1010,0.5464,948590.8750,0,0,-0.1648,-0.0083
103.6008,0.3073,0.1005,0.5464,948590.8750,0,0,-0.1615,-0.0065
103.6103,0.3232,0.1047,0.5464,948590.8750,0,0,-0.1584,-0.0051
103.6205,0.3192,0.1019,0.5464,948590.8750,0,0,-0.1553,-0.0037
103.6303,0.3075,0.1023,0.5464,948590.8750,0,0,-0.1520,-0.0024
103.6408,0.3000,0.0975,0.5464,948590.8750,0,0,-0.1487,-0.0011
103.6513,0.2845,0.1048,0.5464,948590.8750,0,0,-0.1451,0.0001
103.6605,0.2912,0.1050,0.5464,948590.8750,0,0,-0.1418,0.0012
103.6703,0.3005,0.1025,0.5464,948590.8750,0,0,-0.1387,0.0021
103.6803,0.3186,0.1001,0.5464,948590.8750,0,0,-0.1360,0.0028
103.6907,0.3145,0.1080,0.5464,948590.8750,0,0,-0.1332,0.0033
103.7008,0.3109,0.1105,0.5464,948590.8750,0,0,-0.1305,0.0037
103.7103,0.3004,0.1082,0.5464,948590.8750,0,0,-0.1277,0.0040
103.7204,0.2984,0.1045,0.5464,948590.8750,0,0,-0.1249,0.0042
103.7303,0.2903,0.1008,0.5464,948590.8750,0,0,-0.1221,0.0043
103.7407,0.2870,0.1023,0.5464,948590.8750,0,0,-0.1194,0.0043
103.7507,0.2902,0.1010,0.5464,948590.8750,0,0,-0.1168,0.0042
103.7604,0.3027,0.1023,0.5464,948590.8750,0,0,-0.1145,0.0040
103.7704,0.3077,0.1041,0.5464,948590.8750,0,0,-0.1124,0.0037
103.7804,0.3106,0.1076,0.5464,948590.8750,0,0,-0.1105,0.0033
103.7907,0.3069,0.1054,0.5464,948590.8750,0,0,-0.1085,0.0029
103.8008,0.3026,0.1028,0.5464,948590.8750,0,0,-0.1067,0.0023
103.8103,0.2923,0.1015,0.5464,948590.8750,0,0,-0.1049,0.0015
103.8204,0.2931,0.1083,0.5464,948590.8750,0,0,-0.1031,0.0008
103.8303,0.2951,0.1082,0.5464,948590.8750,0,0,-0.1016,-0.0001
103.8408,0.3026,0.1034,0.5464,948590.8750,0,0,-0.1002,-0.0010
103.8513,0.3078,0.1042,0.5464,948590.8750,0,0,-0.0991,-0.0019
103.8604,0.3009,0.1082,0.5464,948590.8750,0,0,-0.0979,-0.0028
103.8703,0.2977,0.1066,0.5464,948590.8750,0,0,-0.0968,-0.0039
103.8803,0.2978,0.1011,0.5464,948590.8750,0,0,-0.0958,-0.0050
103.8907,0.2925,0.1029,0.5464,948590.8750,0,0,-0.0949,-0.0062
103.9007,0.2944,0.1068,0.5464,948590.8750,0,0,-0.0941,-0.0073
103.9103,0.3009,0.1056,0.5464,948590.8750,0,0,-0.0935,-0.0085
103.9204,0.3064,0.1018,0.5464,948590.8750,0,0,-0.0931,-0.0096
103.9304,0.3097,0.1046,0.5464,948590.8750,0,0,-0.0928,-0.0106
103.9407,0.3107,0.1030,0.5464,948590.8750,0,0,-0.0926,-0.0116
103.9506,0.3050,0.1015,0.5464,948590.8750,0,0,-0.0924,-0.0127
103.9605,0.2972,0.1039,0.5464,948590.8750,0,0,-0.0923,-0.0139
103.9704,0.2920,0.1067,0.5464,948590.8750,0,0,-0.0922,-0.0151
103.9804,0.2908,0.1052,0.5464,948590.8750,0,0,-0.0923,-0.0163
103.9906,0.2962,0.1034,0.5464,948590.8750,0,0,-0.0923,-0.0174
104.0008,0.3006,0.1085,0.5464,948590.8750,0,0,-0.0925,-0.0184
104.0104,0.3050,0.1100,0.5464,948590.8750,0,0,-0.0927,-0.0192
104.0204,0.3083,0.1056,0.5464,948590.8750,0,0,-0.0929,-0.0200
104.0304,0.3124,0.1079,0.5464,948590.8750,0,0,-0.0931,-0.0205
104.0409,0.3088,0.1098,0.5464,948590.8750,0,0,-0.0933,-0.0211
104.0512,0.2983,0.1172,0.5464,948590.8750,0,0,-0.0937,-0.0219
104.0604,0.2960,0.1126,0.5464,948590.8750,0,0,-0.0940,-0.0226
104.0703,0.2953,0.1099,0.5464,948590.8750,0,0,-0.0943,-0.0233
104.0803,0.2952,0.1158,0.5464,948590.8750,0,0,-0.0947,-0.0239
104.0907,0.3009,0.1133,0.5464,948590.8750,0,0,-0.0949,-0.0242
104.1008,0.3070,0.1086,0.5464,948590.8750,0,0,-0.0950,-0.0245
104.1104,0.3027,0.1075,0.5464,948590.8750,0,0,-0.0952,-0.0247
104.1204,0.2972,0.1068,0.5464,948590.8750,0,0,-0.0953,-0.0248
104.1303,0.2907,0.1098,0.5464,948590.8750,0,0,-0.0955,-0.0251
104.1407,0.2875,0.1089,0.5464,948590.8750,0,0,-0.0957,-0.0254
104.1506,0.2898,0.1006,0.5464,948590.8750,0,0,-0.0959,-0.0256
104.1604,0.2961,0.0957,0.5464,948590.8750,0,0,-0.0958,-0.0255
104.1703,0.3012,0.1037,0.5464,948590.8750,0,0,-0.0956,-0.0252
104.1803,0.3088,0.1100,0.5464,948590.8750,0,0,-0.0951,-0.0248
104.1907,0.3095,0.1070,0.5464,948590.8750,0,0,-0.0946,-0.0243
104.2008,0.3073,0.1026,0.5464,948590.8750,0,0,-0.0941,-0.0238
104.2104,0.2960,0.1066,0.5464,948590.8750,0,0,-0.0936,-0.0234
104.2204,0.2948,0.1124,0.5464,948590.8750,0,0,-0.0932,-0.0230
104.2304,0.2983,0.1085,0.5464,948590.8750,0,0,-0.0926,-0.0225
104.2408,0.3044,0.1044,0.5464,948590.8750,0,0,-0.0919,-0.0220
104.2513,0.3073,0.1067,0.5464,948590.8750,0,0,-0.0909,-0.0212
104.2604,0.3081,0.1131,0.5464,948590.8750,0,0,-0.0899,-0.0206
104.2704,0.3039,0.1151,0.5464,948590.8750,0,0,-0.0890,-0.0199
104.2805,0.2973,0.1061,0.5464,948590.8750,0,0,-0.0882,-0.0194
104.2907,0.2911,0.1027,0.5464,948590.8750,0,0,-0.0875,-0.0190
104.3008,0.2904,0.1051,0.5464,948590.8750,0,0,-0.0869,-0.0186
104.3103,0.2905,0.1067,0.5464,948590.8750,0,0,-0.0861,-0.0182
104.3204,0.2889,0.1027,0.5464,948590.8750,0,0,-0.0853,-0.0177
104.3303,0.3034,0.0974,0.5464,948590.8750,0,0,-0.0841,-0.0171
104.3408,0.3081,0.1030,0.5464,948590.8750,0,0,-0.0827,-0.0163
104.3507,0.3076,0.1096,0.5464,948590.8750,0,0,-0.0814,-0.0156
104.3605,0.3020,0.1117,0.5464,948590.8750,0,0,-0.0801,-0.0150
104.3704,0.2928,0.1059,0.5464,948590.8750,0,0,-0.0793,-0.0146
104.3804,0.2922,0.1047,0.5464,948590.8750,0,0,-0.0784,-0.0141
104.3907,0.2999,0.1087,0.5464,948590.8750,0,0,-0.0773,-0.0136
104.4008,0.2994,0.1049,0.5464,948590.8750,0,0,-0.0762,-0.0131
104.4103,0.2985,0.1049,0.5464,948590.8750,0,0,-0.0751,-0.0126
104.4204,0.3010,0.1067,0.5464,948590.8750,0,0,-0.0740,-0.0121
104.4303,0.3071,0.1082,0.5464,948590.8750,0,0,-0.0726,-0.0116
104.4408,0.3056,0.1109,0.5464,948590.8750,0,0,-0.0715,-0.0111
104.4513,0.2998,0.1072,0.5464,948590.8750,0,0,-0.0705,-0.0107
104.4605,0.3023,0.1045,0.5464,948590.8750,0,0,-0.0694,-0.0102
104.4703,0.3010,0.1050,0.5464,948590.8750,0,0,-0.0685,-0.0099
104.4803,0.2974,0.1100,0.5464,948590.8750,0,0,-0.0677,-0.0095
104.4907,0.2991,0.1109,0.5464,948590.8750,0,0,-0.0668,-0.0092
104.5008,0.2963,0.1035,0.5464,948590.8750,0,0,-0.0661,-0.0089
104.5104,0.3003,0.0987,0.5464,948590.8750,0,0,-0.0652,-0.0087
104.5204,0.3039,0.1028,0.5464,948590.8750,0,0,-0.0643,-0.0084
104.5303,0.3005,0.1097,0.5464,948590.8750,0,0,-0.0635,-0.0081
104.5407,0.2958,0.1084,0.5464,948590.8750,0,0,-0.0629,-0.0079
104.5507,0.2962,0.1007,0.5464,948590.8750,0,0,-0.0623,-0.0078
104.5605,0.2984,0.1007,0.5464,948590.8750,0,0,-0.0617,-0.0076
104.5703,0.3012,0.1080,0.5464,948590.8750,0,0,-0.0610,-0.0074
104.5804,0.3052,0.1118,0.5464,948593.8750,0,0,-0.0603,-0.0072
104.5907,0.3036,0.1024,0.5464,948593.8750,0,0,-0.0585,-0.0072
104.6008,0.2975,0.0934,0.5464,948593.8750,0,0,-0.0566,-0.0072
104.6104,0.2932,0.0934,0.5464,948593.8750,0,0,-0.0548,-0.0072
104.6204,0.2916,0.1042,0.5464,948593.8750,0,0,-0.0530,-0.0073
104.6304,0.2968,0.1112,0.5464,948593.8750,0,0,-0.0514,-0.0076
104.6409,0.3020,0.1097,0.5464,948593.8750,0,0,-0.0500,-0.0078
104.6512,0.3014,0.1083,0.5464,948593.8750,0,0,-0.0487,-0.0081
104.6605,0.3037,0.1068,0.5464,948593.8750,0,0,-0.0475,-0.0084
104.6703,0.3052,0.1095,0.5464,948593.8750,0,0,-0.0464,-0.0087
104.6803,0.3068,0.1118,0.5464,948593.8750,0,0,-0.0453,-0.0090
104.6907,0.3046,0.1041,0.5464,948593.8750,0,0,-0.0443,-0.0094
104.7008,0.2949,0.1040,0.5464,948593.8750,0,0,-0.0432,-0.0099
104.7104,0.2918,0.1088,0.5464,948593.8750,0,0,-0.0422,-0.0104
104.7205,0.2977,0.1078,0.5464,948593.8750,0,0,-0.0413,-0.0109
104.7304,0.3090,0.1010,0.5464,948593.8750,0,0,-0.0407,-0.0113
104.7407,0.3126,0.1051,0.5464,948593.8750,0,0,-0.0401,-0.0118
104.7506,0.3111,0.1139,0.5464,948593.8750,0,0,-0.0396,-0.0122
104.7604,0.3001,0.1138,0.5464,948593.8750,0,0,-0.0390,-0.0128
104.7703,0.2957,0.1064,0.5464,948593.8750,0,0,-0.0384,-0.0133
104.7803,0.3046,0.1010,0.5464,948593.8750,0,0,-0.0379,-0.0139
104.7907,0.3015,0.1073,0.5464,948593.8750,0,0,-0.0375,-0.0144
104.8007,0.3006,0.1106,0.5464,948593.8750,0,0,-0.0371,-0.0149
104.8104,0.2986,0.1077,0.5464,948593.8750,0,0,-0.0367,-0.0155
104.8204,0.3032,0.1055,0.5464,948593.8750,0,0,-0.0364,-0.0160
104.8303,0.3032,0.1082,0.5464,948593.8750,0,0,-0.0362,-0.0165
104.8408,0.2965,0.1092,0.5464,948593.8750,0,0,-0.0359,-0.0171
104.8513,0.2949,0.1072,0.5464,948593.8750,0,0,-0.0358,-0.0177
104.8605,0.2895,0.1072,0.5464,948593.8750,0,0,-0.0355,-0.0183
104.8704,0.2925,0.1094,0.5464,948593.8750,0,0,-0.0354,-0.0189
104.8804,0.2968,0.1120,0.5464,948593.8750,0,0,-0.0353,-0.0194
104.8907,0.2959,0.1151,0.5464,948593.8750,0,0,-0.0352,-0.0199
104.9008,0.2976,0.1115,0.5464,948593.8750,0,0,-0.0352,-0.0203
104.9104,0.2954,0.1122,0.5464,948593.8750,0,0,-0.0352,-0.0208
104.9204,0.3004,0.1144,0.5464,948593.8750,0,0,-0.0352,-0.0211
104.9303,0.3058,0.1097,0.5464,948593.8750,0,0,-0.0352,-0.0213
104.9407,0.3032,0.1084,0.5464,948593.8750,0,0,-0.0352,-0.0215
104.9507,0.2995,0.1030,0.5464,948593.8750,0,0,-0.0352,-0.0217
104.9605,0.3016,0.1014,0.5464,948593.8750,0,0,-0.0352,-0.0219
104.9703,0.3026,0.1060,0.5464,948593.8750,0,0,-0.0353,-0.0220
104.9803,0.3134,0.1086,0.5464,948593.8750,0,0,-0.0352,-0.0219
104.9906,0.3101,0.1093,0.5464,948593.8750,0,0,-0.0352,-0.0218
105.0008,0.3013,0.1084,0.5464,948593.8750,0,0,-0.0352,-0.0219
105.0104,0.2976,0.1112,0.5464,948593.8750,0,0,-0.0353,-0.0221
105.0204,0.2955,0.1108,0.5464,948593.8750,0,0,-0.0353,-0.0222
105.0303,0.2901,0.1036,0.5464,948593.8750,0,0,-0.0354,-0.0224
105.0408,0.2920,0.1034,0.5464,948593.8750,0,0,-0.0355,-0.0226
105.0512,0.2990,0.1025,0.5464,948593.8750,0,0,-0.0355,-0.0225
105.0604,0.3072,0.1077,0.5464,948593.8750,0,0,-0.0354,-0.0223
105.0703,0.3107,0.1049,0.5464,948593.8750,0,0,-0.0352,-0.0220
105.0804,0.3075,0.1049,0.5464,948593.8750,0,0,-0.0351,-0.0218
105.0907,0.3081,0.1077,0.5464,948593.8750,0,0,-0.0349,-0.0215
105.1008,0.3047,0.1085,0.5464,948593.8750,0,0,-0.0348,-0.0213
105.1104,0.3017,0.1065,0.5464,948593.8750,0,0,-0.0347,-0.0211
105.1204,0.2987,0.1033,0.5464,948593.8750,0,0,-0.0345,-0.0210
105.1304,0.2978,0.1029,0.5464,948593.8750,0,0,-0.0345,-0.0209
105.1407,0.3020,0.1075,0.5464,948593.8750,0,0,-0.0343,-0.0207
105.1507,0.2987,0.1103,0.5464,948593.8750,0,0,-0.0342,-0.0205
105.1604,0.3003,0.1079,0.5464,948593.8750,0,0,-0.0340,-0.0203
105.1703,0.3030,0.1051,0.5464,948593.8750,0,0,-0.0338,-0.0201
105.1804,0.3008,0.1105,0.5464,948593.8750,0,0,-0.0336,-0.0199
105.1907,0.2954,0.1109,0.5464,948593.8750,0,0,-0.0335,-0.0198
105.2008,0.2937,0.1049,0.5464,948593.8750,0,0,-0.0334,-0.0197
105.2103,0.2982,0.1029,0.5464,948593.8750,0,0,-0.0332,-0.0196
105.2204,0.3039,0.1070,0.5464,948593.8750,0,0,-0.0329,-0.0193
105.2304,0.3091,0.1065,0.5464,948593.8750,0,0,-0.0324,-0.0190
105.2408,0.3081,0.1087,0.5464,948593.8750,0,0,-0.0320,-0.0187
105.2512,0.3047,0.1120,0.5464,948593.8750,0,0,-0.0317,-0.0185
105.2605,0.2982,0.1099,0.5464,948593.8750,0,0,-0.0315,-0.0183
105.2703,0.2954,0.1109,0.5464,948593.8750,0,0,-0.0313,-0.0182
105.2803,0.2961,0.1116,0.5464,948593.8750,0,0,-0.0312,-0.0181
105.2907,0.3019,0.1081,0.5464,948593.8750,0,0,-0.0309,-0.0180
105.3009,0.3063,0.1071,0.5464,948593.8750,0,0,-0.0305,-0.0177
105.3104,0.3037,0.1107,0.5464,948593.8750,0,0,-0.0302,-0.0176
105.3205,0.3015,0.1109,0.5464,948593.8750,0,0,-0.0299,-0.0174
105.3303,0.2933,0.1052,0.5464,948593.8750,0,0,-0.0298,-0.0174
105.3407,0.2957,0.1017,0.5464,948593.8750,0,0,-0.0297,-0.0173
105.3506,0.2977,0.1047,0.5464,948593.8750,0,0,-0.0295,-0.0172
105.3605,0.2980,0.1043,0.5464,948593.8750,0,0,-0.0293,-0.0171
105.3703,0.2982,0.1094,0.5464,948593.8750,0,0,-0.0292,-0.0171
105.3804,0.2936,0.1068,0.5464,948593.8750,0,0,-0.0291,-0.0170
105.3906,0.2930,0.1043,0.5464,948593.8750,0,0,-0.0290,-0.0170
105.4007,0.2967,0.1034,0.5464,948593.8750,0,0,-0.0289,-0.0170
105.4103,0.3008,0.1079,0.5464,948593.8750,0,0,-0.0287,-0.0169
105.4204,0.2995,0.1048,0.5464,948593.8750,0,0,-0.0285,-0.0168
105.4303,0.2993,0.1070,0.5464,948593.8750,0,0,-0.0284,-0.0168
105.4408,0.3024,0.1042,0.5464,948593.8750,0,0,-0.0282,-0.0167
105.4514,0.3040,0.1061,0.5464,948593.8750,0,0,-0.0280,-0.0167
105.4604,0.3071,0.1045,0.5464,948593.8750,0,0,-0.0277,-0.0166
105.4703,0.3086,0.1034,0.5464,948593.8750,0,0,-0.0274,-0.0166
105.4803,0.3055,0.0996,0.5464,948593.8750,0,0,-0.0272,-0.0165
105.4907,0.3014,0.1012,0.5464,948593.8750,0,0,-0.0271,-0.0165
105.5008,0.3020,0.1064,0.5464,948593.8750,0,0,-0.0270,-0.0165
105.5103,0.3058,0.1067,0.5464,948593.8750,0,0,-0.0268,-0.0165
105.5204,0.3051,0.1068,0.5464,948593.8750,0,0,-0.0267,-0.0165
105.5303,0.3039,0.1105,0.5464,948593.8750,0,0,-0.0266,-0.0165
105.5408,0.3065,0.1096,0.5464,948593.8750,0,0,-0.0265,-0.0165
105.5507,0.3106,0.1102,0.5464,948593.8750,0,0,-0.0263,-0.0165
105.5605,0.3085,0.1072,0.5464,948593.8750,0,0,-0.0262,-0.0165
105.5703,0.3000,0.1061,0.5464,948593.8750,0,0,-0.0263,-0.0165
105.5804,0.2933,0.1062,0.5464,948599.3750,0,0,-0.0265,-0.0165
105.5907,0.2991,0.1074,0.5464,948599.3750,0,0,-0.0267,-0.0160
105.6008,0.3042,0.1088,0.5464,948599.3750,0,0,-0.0269,-0.0157
105.6103,0.3000,0.1092,0.5464,948599.3750,0,0,-0.0271,-0.0153
105.6204,0.3013,0.1099,0.5464,948599.3750,0,0,-0.0273,-0.0148
105.6303,0.3052,0.1090,0.5464,948599.3750,0,0,-0.0275,-0.0145
105.6408,0.3019,0.1022,0.5464,948599.3750,0,0,-0.0276,-0.0140
105.6513,0.2965,0.1036,0.5464,948599.3750,0,0,-0.0278,-0.0135
105.6606,0.2991,0.1094,0.5464,948599.3750,0,0,-0.0279,-0.0130
105.6703,0.2966,0.1162,0.5464,948599.3750,0,0,-0.0280,-0.0125
105.6804,0.3025,0.1102,0.5464,948599.3750,0,0,-0.0281,-0.0120
105.6907,0.3082,0.1025,0.5464,948599.3750,0,0,-0.0281,-0.0117
105.7008,0.3057,0.1012,0.5464,948599.3750,0,0,-0.0282,-0.0113
105.7104,0.3056,0.1086,0.5464,948599.3750,0,0,-0.0282,-0.0109
105.7205,0.3027,0.1091,0.5464,948599.3750,0,0,-0.0282,-0.0104
105.7303,0.2972,0.1066,0.5464,948599.3750,0,0,-0.0282,-0.0099
105.7407,0.2892,0.1069,0.5464,948599.3750,0,0,-0.0281,-0.0092
105.7507,0.2948,0.1092,0.5464,948599.3750,0,0,-0.0280,-0.0086
105.7604,0.2989,0.1076,0.5464,948599.3750,0,0,-0.0279,-0.0081
105.7703,0.2987,0.1051,0.5464,948599.3750,0,0,-0.0278,-0.0076
105.7804,0.2985,0.1072,0.5464,948599.3750,0,0,-0.0277,-0.0071
105.7907,0.3011,0.1112,0.5464,948599.3750,0,0,-0.0275,-0.0066
105.8008,0.2988,0.1074,0.5464,948599.3750,0,0,-0.0273,-0.0061
105.8104,0.3005,0.1088,0.5464,948599.3750,0,0,-0.0272,-0.0056
105.8204,0.3000,0.1078,0.5464,948599.3750,0,0,-0.0269,-0.0051
105.8303,0.3005,0.1064,0.5464,948599.3750,0,0,-0.0267,-0.0047
105.8408,0.2998,0.1089,0.5464,948599.3750,0,0,-0.0264,-0.0042
105.8513,0.2991,0.1084,0.5464,948599.3750,0,0,-0.0261,-0.0038
105.8604,0.3010,0.1076,0.5464,948599.3750,0,0,-0.0258,-0.0033
105.8703,0.2949,0.1020,0.5464,948599.3750,0,0,-0.0253,-0.0028
105.8804,0.3031,0.1055,0.5464,948599.3750,0,0,-0.0250,-0.0025
105.8906,0.2990,0.1125,0.5464,948599.3750,0,0,-0.0246,-0.0020
105.9008,0.3019,0.1112,0.5464,948599.3750,0,0,-0.0243,-0.0017
105.9103,0.3091,0.1043,0.5464,948599.3750,0,0,-0.0240,-0.0014
105.9204,0.3068,0.1056,0.5464,948599.3750,0,0,-0.0237,-0.0011
105.9303,0.3086,0.1118,0.5464,948599.3750,0,0,-0.0233,-0.0009
105.9408,0.3048,0.1109,0.5464,948599.3750,0,0,-0.0229,-0.0006
105.9507,0.3055,0.1055,0.5464,948599.3750,0,0,-0.0225,-0.0003
105.9604,0.3058,0.1060,0.5464,948599.3750,0,0,-0.0221,-0.0001
105.9703,0.3068,0.1122,0.5464,948599.3750,0,0,-0.0217,0.0001
105.9803,0.3056,0.1115,0.5464,948599.3750,0,0,-0.0212,0.0004
105.9907,0.3054,0.1070,0.5464,948599.3750,0,0,-0.0208,0.0006
106.0008,0.3024,0.1053,0.5464,948599.3750,0,0,-0.0203,0.0008
106.0103,0.3032,0.1040,0.5464,948599.3750,0,0,-0.0198,0.0010
106.0204,0.3021,0.1090,0.5464,948599.3750,0,0,-0.0192,0.0011
106.0304,0.3034,0.1082,0.5464,948599.3750,0,0,-0.0187,0.0013
106.0408,0.3076,0.1049,0.5464,948599.3750,0,0,-0.0183,0.0014
106.0512,0.3081,0.1067,0.5464,948599.3750,0,0,-0.0179,0.0015
106.0604,0.3024,0.1082,0.5464,948599.3750,0,0,-0.0173,0.0016
106.0704,0.2996,0.1130,0.5464,948599.3750,0,0,-0.0168,0.0017
106.0804,0.2988,0.1054,0.5464,948599.3750,0,0,-0.0162,0.0018
106.0907,0.3026,0.1052,0.5464,948599.3750,0,0,-0.0157,0.0018
106.1008,0.3014,0.1041,0.5464,948599.3750,0,0,-0.0151,0.0018
106.1103,0.2987,0.1078,0.5464,948599.3750,0,0,-0.0146,0.0018
106.1204,0.2943,0.1126,0.5464,948599.3750,0,0,-0.0140,0.0018
106.1303,0.2996,0.1080,0.5464,948599.3750,0,0,-0.0134,0.0018
106.1408,0.2995,0.1063,0.5464,948599.3750,0,0,-0.0129,0.0017
106.1507,0.3026,0.1110,0.5464,948599.3750,0,0,-0.0125,0.0016
106.1604,0.3046,0.1168,0.5464,948599.3750,0,0,-0.0121,0.0016
106.1703,0.3027,0.1132,0.5464,948599.3750,0,0,-0.0117,0.0015
106.1803,0.2988,0.1097,0.5464,948599.3750,0,0,-0.0112,0.0013
106.1906,0.2998,0.1123,0.5464,948599.3750,0,0,-0.0108,0.0012
106.2008,0.3008,0.1127,0.5464,948599.3750,0,0,-0.0104,0.0010
106.2104,0.2947,0.1074,0.5464,948599.3750,0,0,-0.0099,0.0008
106.2204,0.2987,0.1022,0.5464,948599.3750,0,0,-0.0095,0.0006
106.2303,0.2975,0.1068,0.5464,948599.3750,0,0,-0.0091,0.0004
106.2408,0.2955,0.1100,0.5464,948599.3750,0,0,-0.0087,0.0002
106.2512,0.2977,0.1092,0.5464,948599.3750,0,0,-0.0083,-0.0001
106.2604,0.3054,0.1021,0.5464,948599.3750,0,0,-0.0081,-0.0003
106.2703,0.3047,0.1138,0.5464,948599.3750,0,0,-0.0079,-0.0005
106.2803,0.3028,0.1161,0.5464,948599.3750,0,0,-0.0077,-0.0007
106.2907,0.3012,0.1122,0.5464,948599.3750,0,0,-0.0074,-0.0009
106.3008,0.2992,0.1018,0.5464,948599.3750,0,0,-0.0072,-0.0012
106.3104,0.3014,0.1021,0.5464,948599.3750,0,0,-0.0070,-0.0014
106.3205,0.3051,0.1079,0.5464,948599.3750,0,0,-0.0068,-0.0016
106.3303,0.3019,0.1133,0.5464,948599.3750,0,0,-0.0067,-0.0018
106.3407,0.3016,0.1107,0.5464,948599.3750,0,0,-0.0065,-0.0021
106.3507,0.2999,0.1063,0.5464,948599.3750,0,0,-0.0064,-0.0023
106.3605,0.3050,0.1048,0.5464,948599.3750,0,0,-0.0063,-0.0025
106.3703,0.3092,0.1066,0.5464,948599.3750,0,0,-0.0063,-0.0026
106.3804,0.3040,0.1062,0.5464,948599.3750,0,0,-0.0062,-0.0028
106.3907,0.2966,0.1058,0.5464,948599.3750,0,0,-0.0061,-0.0031
106.4008,0.2996,0.1030,0.5464,948599.3750,0,0,-0.0060,-0.0034
106.4104,0.3000,0.1065,0.5464,948599.3750,0,0,-0.0059,-0.0036
106.4204,0.3047,0.1097,0.5464,948599.3750,0,0,-0.0059,-0.0038
106.4303,0.3052,0.1059,0.5464,948599.3750,0,0,-0.0059,-0.0039
106.4409,0.3014,0.1033,0.5464,948599.3750,0,0,-0.0059,-0.0041
106.4513,0.2969,0.1068,0.5464,948599.3750,0,0,-0.0059,-0.0044
106.4605,0.3005,0.1104,0.5464,948599.3750,0,0,-0.0058,-0.0046
106.4704,0.2995,0.1119,0.5464,948599.3750,0,0,-0.0059,-0.0048
106.4804,0.2947,0.1054,0.5464,948599.3750,0,0,-0.0059,-0.0052
106.4907,0.2977,0.0996,0.5464,948599.3750,0,0,-0.0059,-0.0054
106.5008,0.2983,0.1022,0.5464,948599.3750,0,0,-0.0059,-0.0056
106.5103,0.2971,0.1055,0.5464,948599.3750,0,0,-0.0059,-0.0058
106.5204,0.2996,0.1094,0.5464,948599.3750,0,0,-0.0060,-0.0060
106.5303,0.3039,0.1108,0.5464,948599.3750,0,0,-0.0060,-0.0060
106.5407,0.2998,0.1121,0.5464,948602.0625,0,0,-0.0060,-0.0062
106.5507,0.3034,0.1128,0.5464,948602.0625,0,0,-0.0061,-0.0059
106.5604,0.3061,0.1101,0.5464,948602.0625,0,0,-0.0061,-0.0058
106.5703,0.2988,0.1076,0.5464,948602.0625,0,0,-0.0061,-0.0055
106.5804,0.2997,0.1042,0.5464,948602.0625,0,0,-0.0061,-0.0052
106.5907,0.3037,0.1109,0.5464,948602.0625,0,0,-0.0061,-0.0050
106.6007,0.3054,0.1083,0.5464,948602.0625,0,0,-0.0061,-0.0048
106.6103,0.3051,0.1050,0.5464,948602.0625,0,0,-0.0060,-0.0046
106.6205,0.3081,0.1029,0.5464,948602.0625,0,0,-0.0060,-0.0045
106.6303,0.3102,0.1067,0.5464,948602.0625,0,0,-0.0060,-0.0045
106.6408,0.3092,0.1108,0.5464,948602.0625,0,0,-0.0060,-0.0044
106.6513,0.3070,0.1101,0.5464,948602.0625,0,0,-0.0059,-0.0042
106.6606,0.3085,0.1070,0.5464,948602.0625,0,0,-0.0059,-0.0041
106.6704,0.3078,0.1053,0.5464,948602.0625,0,0,-0.0058,-0.0040
106.6804,0.3023,0.1081,0.5464,948602.0625,0,0,-0.0057,-0.0039
106.6907,0.2996,0.1087,0.5464,948602.0625,0,0,-0.0056,-0.0036
106.7008,0.2904,0.1049,0.5464,948602.0625,0,0,-0.0054,-0.0033
106.7104,0.2977,0.1080,0.5464,948602.0625,0,0,-0.0052,-0.0031
106.7205,0.3038,0.1168,0.5464,948602.0625,0,0,-0.0051,-0.0029
106.7303,0.3043,0.1146,0.5464,948602.0625,0,0,-0.0050,-0.0028
106.7407,0.3066,0.1114,0.5464,948602.0625,0,0,-0.0049,-0.0027
106.7507,0.3058,0.1072,0.5464,948602.0625,0,0,-0.0048,-0.0026
106.7604,0.2995,0.1090,0.5464,948602.0625,0,0,-0.0046,-0.0025
106.7704,0.2959,0.1082,0.5464,948602.0625,0,0,-0.0044,-0.0023
106.7804,0.2977,0.1038,0.5464,948602.0625,0,0,-0.0042,-0.0021
106.7907,0.3064,0.1014,0.5464,948602.0625,0,0,-0.0041,-0.0021
106.8008,0.3070,0.1031,0.5464,948602.0625,0,0,-0.0040,-0.0020
106.8104,0.3076,0.1132,0.5464,948602.0625,0,0,-0.0039,-0.0020
106.8204,0.3072,0.1150,0.5464,948602.0625,0,0,-0.0039,-0.0019
106.8304,0.3046,0.1072,0.5464,948602.0625,0,0,-0.0037,-0.0019
106.8409,0.3024,0.1036,0.5464,948602.0625,0,0,-0.0036,-0.0018
106.8513,0.3053,0.1055,0.5464,948602.0625,0,0,-0.0035,-0.0018
106.8603,0.3009,0.1103,0.5464,948602.0625,0,0,-0.0033,-0.0017
106.8703,0.3001,0.1074,0.5464,948602.0625,0,0,-0.0031,-0.0017
106.8804,0.3017,0.1040,0.5464,948602.0625,0,0,-0.0029,-0.0016
106.8907,0.3011,0.1050,0.5464,948602.0625,0,0,-0.0028,-0.0016
106.9008,0.3047,0.1093,0.5464,948602.0625,0,0,-0.0027,-0.0016
106.9104,0.3078,0.1061,0.5464,948602.0625,0,0,-0.0026,-0.0016
106.9204,0.3088,0.1074,0.5464,948602.0625,0,0,-0.0026,-0.0016
106.9303,0.3019,0.1083,0.5464,948602.0625,0,0,-0.0024,-0.0016
106.9407,0.3063,0.1097,0.5464,948602.0625,0,0,-0.0024,-0.0016
106.9507,0.3035,0.1129,0.5464,948602.0625,0,0,-0.0023,-0.0016
106.9604,0.2985,0.1107,0.5464,948602.0625,0,0,-0.0021,-0.0016
106.9703,0.2999,0.1055,0.5464,948602.0625,0,0,-0.0019,-0.0016
106.9804,0.3056,0.1060,0.5464,948602.0625,0,0,-0.0018,-0.0016
106.9907,0.3117,0.1115,0.5464,948602.0625,0,0,-0.0019,-0.0016
107.0008,0.3058,0.1106,0.5464,948602.0625,0,0,-0.0018,-0.0016
107.0103,0.2976,0.1085,0.5464,948602.0625,0,0,-0.0016,-0.0017
107.0204,0.2991,0.1067,0.5464,948602.0625,0,0,-0.0015,-0.0018
107.0303,0.3003,0.1117,0.5464,948602.0625,0,0,-0.0014,-0.0018
107.0408,0.2974,0.1109,0.5464,948602.0625,0,0,-0.0012,-0.0019
107.0513,0.2977,0.1041,0.5464,948602.0625,0,0,-0.0011,-0.0021
107.0603,0.2988,0.1041,0.5464,948602.0625,0,0,-0.0010,-0.0021
107.0704,0.2964,0.1079,0.5464,948602.0625,0,0,-0.0009,-0.0023
107.0804,0.3013,0.1145,0.5464,948602.0625,0,0,-0.0008,-0.0024
107.0907,0.3005,0.1104,0.5464,948602.0625,0,0,-0.0007,-0.0024
107.1007,0.3038,0.1038,0.5464,948602.0625,0,0,-0.0007,-0.0025
107.1103,0.3064,0.1054,0.5464,948602.0625,0,0,-0.0007,-0.0025
107.1204,0.3084,0.1079,0.5464,948602.0625,0,0,-0.0007,-0.0025
107.1303,0.3038,0.1112,0.5464,948602.0625,0,0,-0.0007,-0.0025
107.1408,0.2996,0.1087,0.5464,948602.0625,0,0,-0.0006,-0.0026
107.1507,0.3035,0.1043,0.5464,948602.0625,0,0,-0.0006,-0.0027
107.1604,0.3049,0.1025,0.5464,948602.0625,0,0,-0.0006,-0.0027
107.1703,0.3033,0.1052,0.5464,948602.0625,0,0,-0.0006,-0.0027
107.1803,0.2982,0.1048,0.5464,948602.0625,0,0,-0.0006,-0.0029
107.1907,0.3004,0.1030,0.5464,948602.0625,0,0,-0.0006,-0.0030
107.2007,0.3004,0.1005,0.5464,948602.0625,0,0,-0.0006,-0.0031
107.2103,0.2977,0.1088,0.5464,948602.0625,0,0,-0.0006,-0.0032
107.2204,0.3035,0.1089,0.5464,948602.0625,0,0,-0.0006,-0.0033
107.2303,0.3042,0.1046,0.5464,948602.0625,0,0,-0.0006,-0.0033
107.2408,0.3066,0.1049,0.5464,948602.0625,0,0,-0.0006,-0.0032
107.2513,0.3021,0.1064,0.5464,948602.0625,0,0,-0.0006,-0.0033
107.2604,0.3031,0.1123,0.5464,948602.0625,0,0,-0.0006,-0.0033
107.2704,0.3014,0.1079,0.5464,948602.0625,0,0,-0.0007,-0.0034
107.2804,0.2979,0.1019,0.5464,948602.0625,0,0,-0.0007,-0.0035
107.2906,0.2969,0.1057,0.5464,948602.0625,0,0,-0.0008,-0.0037
107.3008,0.3002,0.1072,0.5464,948602.0625,0,0,-0.0009,-0.0037
107.3103,0.2981,0.1037,0.5464,948602.0625,0,0,-0.0009,-0.0039
107.3205,0.3013,0.1038,0.5464,948602.0625,0,0,-0.0009,-0.0039
107.3303,0.3043,0.1056,0.5464,948602.0625,0,0,-0.0009,-0.0039
107.3408,0.3018,0.1075,0.5464,948602.0625,0,0,-0.0009,-0.0039
107.3507,0.2953,0.1108,0.5464,948602.0625,0,0,-0.0011,-0.0041
107.3605,0.2947,0.1100,0.5464,948602.0625,0,0,-0.0012,-0.0042
107.3703,0.2947,0.1075,0.5464,948602.0625,0,0,-0.0014,-0.0044
107.3804,0.2969,0.1073,0.5464,948602.0625,0,0,-0.0015,-0.0045
107.3906,0.2954,0.1116,0.5464,948602.0625,0,0,-0.0016,-0.0047
107.4008,0.2923,0.1140,0.5464,948602.0625,0,0,-0.0018,-0.0048
107.4103,0.2962,0.1095,0.5464,948602.0625,0,0,-0.0019,-0.0049
107.4204,0.2960,0.1039,0.5464,948602.0625,0,0,-0.0020,-0.0050
107.4304,0.2912,0.1082,0.5464,948602.0625,0,0,-0.0022,-0.0052
107.4409,0.2916,0.1137,0.5464,948602.0625,0,0,-0.0024,-0.0054
107.4511,0.2970,0.1128,0.5464,948602.0625,0,0,-0.0025,-0.0054
107.4604,0.3031,0.1044,0.5464,948602.0625,0,0,-0.0024,-0.0054
107.4703,0.3050,0.1068,0.5464,948602.0625,0,0,-0.0022,-0.0052
107.4804,0.3014,0.1099,0.5464,948602.0625,0,0,-0.0022,-0.0052
107.4907,0.2982,0.1088,0.5464,948602.0625,0,0,-0.0022,-0.0052
107.5008,0.2990,0.1052,0.5464,948602.0625,0,0,-0.0022,-0.0052
107.5104,0.3003,0.1017,0.5464,948602.0625,0,0,-0.0022,-0.0052
107.5204,0.3042,0.1052,0.5464,948602.0625,0,0,-0.0020,-0.0051
107.5304,0.3014,0.1013,0.5464,948602.0625,0,0,-0.0020,-0.0051
107.5407,0.3040,0.1020,0.5464,948603.7500,0,0,-0.0018,-0.0050
107.5507,0.3037,0.1065,0.5464,948603.7500,0,0,-0.0018,-0.0050
107.5604,0.2988,0.1082,0.5464,948603.7500,0,0,-0.0017,-0.0051
107.5703,0.2990,0.1120,0.5464,948603.7500,0,0,-0.0016,-0.0051
107.5804,0.2999,0.1129,0.5464,948603.7500,0,0,-0.0015,-0.0051
107.5907,0.2972,0.1093,0.5464,948603.7500,0,0,-0.0014,-0.0052
107.6008,0.2967,0.1073,0.5464,948603.7500,0,0,-0.0012,-0.0052
107.6104,0.3031,0.1023,0.5464,948603.7500,0,0,-0.0012,-0.0052
107.6204,0.3002,0.1030,0.5464,948603.7500,0,0,-0.0012,-0.0053
107.6303,0.3020,0.1050,0.5464,948603.7500,0,0,-0.0011,-0.0053
107.6408,0.3007,0.1048,0.5464,948603.7500,0,0,-0.0011,-0.0053
107.6513,0.2998,0.1071,0.5464,948603.7500,0,0,-0.0011,-0.0053
107.6605,0.2971,0.1091,0.5464,948603.7500,0,0,-0.0010,-0.0054
107.6703,0.2990,0.1074,0.5464,948603.7500,0,0,-0.0010,-0.0054
107.6804,0.3016,0.1058,0.5464,948603.7500,0,0,-0.0010,-0.0054
107.6907,0.2989,0.1046,0.5464,948603.7500,0,0,-0.0010,-0.0055
107.7008,0.3027,0.1081,0.5464,948603.7500,0,0,-0.0010,-0.0055
107.7104,0.3039,0.1115,0.5464,948603.7500,0,0,-0.0010,-0.0054
107.7204,0.2998,0.1074,0.5464,948603.7500,0,0,-0.0010,-0.0055
107.7303,0.3020,0.1101,0.5464,948603.7500,0,0,-0.0010,-0.0055
107.7408,0.3033,0.1153,0.5464,948603.7500,0,0,-0.0010,-0.0054
107.7507,0.3072,0.1117,0.5464,948603.7500,0,0,-0.0010,-0.0053
107.7605,0.3063,0.1023,0.5464,948603.7500,0,0,-0.0010,-0.0053
107.7703,0.3017,0.0984,0.5464,948603.7500,0,0,-0.0010,-0.0053
107.7804,0.2961,0.1019,0.5464,948603.7500,0,0,-0.0010,-0.0053
107.7907,0.2967,0.1088,0.5464,948603.7500,0,0,-0.0010,-0.0054
107.8007,0.3044,0.1100,0.5464,948603.7500,0,0,-0.0010,-0.0053
107.8103,0.2991,0.1084,0.5464,948603.7500,0,0,-0.0010,-0.0054
107.8204,0.3005,0.1076,0.5464,948603.7500,0,0,-0.0010,-0.0054
107.8303,0.2999,0.1102,0.5464,948603.7500,0,0,-0.0010,-0.0054
107.8408,0.3016,0.1074,0.5464,948603.7500,0,0,-0.0010,-0.0054
107.8513,0.3014,0.1062,0.5464,948603.7500,0,0,-0.0010,-0.0053
107.8603,0.2988,0.1111,0.5464,948603.7500,0,0,-0.0010,-0.0054
107.8703,0.3007,0.1112,0.5464,948603.7500,0,0,-0.0010,-0.0053
107.8804,0.3018,0.1116,0.5464,948603.7500,0,0,-0.0009,-0.0053
107.8907,0.2992,0.1072,0.5464,948603.7500,0,0,-0.0009,-0.0053
107.9008,0.2962,0.1051,0.5464,948603.7500,0,0,-0.0010,-0.0054
107.9104,0.2955,0.1062,0.5464,948603.7500,0,0,-0.0011,-0.0055
107.9204,0.3038,0.1047,0.5464,948603.7500,0,0,-0.0010,-0.0054
107.9304,0.3061,0.1061,0.5464,948603.7500,0,0,-0.0009,-0.0053
107.9407,0.3023,0.1047,0.5464,948603.7500,0,0,-0.0008,-0.0052
107.9507,0.3046,0.1044,0.5464,948603.7500,0,0,-0.0007,-0.0052
107.9604,0.3044,0.1069,0.5464,948603.7500,0,0,-0.0006,-0.0051
107.9703,0.3010,0.1097,0.5464,948603.7500,0,0,-0.0005,-0.0051
107.9804,0.3007,0.1044,0.5464,948603.7500,0,0,-0.0005,-0.0051
107.9907,0.3018,0.1017,0.5464,948603.7500,0,0,-0.0005,-0.0050
108.0008,0.3040,0.1099,0.5464,948603.7500,0,0,-0.0004,-0.0050
108.0104,0.3105,0.1109,0.5464,948603.7500,0,0,-0.0001,-0.0048
108.0204,0.3081,0.1066,0.5464,948603.7500,0,0,0.0002,-0.0047
108.0303,0.3011,0.1048,0.5464,948603.7500,0,0,0.0001,-0.0047
108.0408,0.2981,0.1060,0.5464,948603.7500,0,0,0.0000,-0.0048
108.0512,0.2957,0.1106,0.5464,948603.7500,0,0,-0.0002,-0.0049
108.0604,0.2981,0.1056,0.5464,948603.7500,0,0,-0.0003,-0.0049
108.0703,0.2961,0.1037,0.5464,948603.7500,0,0,-0.0005,-0.0050
108.0804,0.2934,0.1100,0.5464,948603.7500,0,0,-0.0008,-0.0051
108.0907,0.3004,0.1116,0.5464,948603.7500,0,0,-0.0008,-0.0051
108.1008,0.2997,0.1091,0.5464,948603.7500,0,0,-0.0008,-0.0051
108.1104,0.2994,0.1095,0.5464,948603.7500,0,0,-0.0009,-0.0051
108.1203,0.2964,0.1155,0.5464,948603.7500,0,0,-0.0010,-0.0052
108.1304,0.2942,0.1153,0.5464,948603.7500,0,0,-0.0012,-0.0053
108.1407,0.2932,0.1102,0.5464,948603.7500,0,0,-0.0015,-0.0054
108.1507,0.2955,0.1025,0.5464,948603.7500,0,0,-0.0016,-0.0054
108.1604,0.2937,0.1017,0.5464,948603.7500,0,0,-0.0018,-0.0055
108.1703,0.2971,0.1081,0.5464,948603.7500,0,0,-0.0019,-0.0055
108.1804,0.3045,0.1081,0.5464,948603.7500,0,0,-0.0018,-0.0055
108.1906,0.3043,0.1045,0.5464,948603.7500,0,0,-0.0016,-0.0054
108.2007,0.3046,0.1013,0.5464,948603.7500,0,0,-0.0015,-0.0054
108.2103,0.2981,0.1073,0.5464,948603.7500,0,0,-0.0016,-0.0054
108.2204,0.2994,0.1118,0.5464,948603.7500,0,0,-0.0016,-0.0054
108.2303,0.2963,0.1128,0.5464,948603.7500,0,0,-0.0017,-0.0055
108.2409,0.3016,0.1059,0.5464,948603.7500,0,0,-0.0017,-0.0055
108.2513,0.3011,0.1050,0.5464,948603.7500,0,0,-0.0017,-0.0055
108.2604,0.2936,0.1080,0.5464,948603.7500,0,0,-0.0019,-0.0055
108.2703,0.2909,0.1087,0.5464,948603.7500,0,0,-0.0022,-0.0056
108.2804,0.2944,0.1023,0.5464,948603.7500,0,0,-0.0024,-0.0056
108.2907,0.2995,0.1033,0.5464,948603.7500,0,0,-0.0024,-0.0056
108.3008,0.3002,0.1073,0.5464,948603.7500,0,0,-0.0024,-0.0056
108.3103,0.3025,0.1056,0.5464,948603.7500,0,0,-0.0024,-0.0056
108.3204,0.3050,0.1036,0.5464,948603.7500,0,0,-0.0022,-0.0056
108.3303,0.3029,0.1008,0.5464,948603.7500,0,0,-0.0022,-0.0056
108.3407,0.3027,0.1103,0.5464,948603.7500,0,0,-0.0022,-0.0056
108.3506,0.2991,0.1152,0.5464,948603.7500,0,0,-0.0022,-0.0056
108.3604,0.2954,0.1083,0.5464,948603.7500,0,0,-0.0024,-0.0056
108.3704,0.2995,0.1066,0.5464,948603.7500,0,0,-0.0024,-0.0056
108.3804,0.3020,0.1090,0.5464,948603.7500,0,0,-0.0024,-0.0056
108.3907,0.2994,0.1087,0.5464,948603.7500,0,0,-0.0025,-0.0056
108.4007,0.3005,0.1083,0.5464,948603.7500,0,0,-0.0025,-0.0056
108.4103,0.3029,0.1045,0.5464,948603.7500,0,0,-0.0025,-0.0056
108.4204,0.2992,0.1058,0.5464,948603.7500,0,0,-0.0026,-0.0056
108.4304,0.2963,0.1070,0.5464,948603.7500,0,0,-0.0027,-0.0056
108.4408,0.2978,0.1106,0.5464,948603.7500,0,0,-0.0028,-0.0056
108.4513,0.3027,0.1134,0.5464,948603.7500,0,0,-0.0028,-0.0056
108.4604,0.3022,0.1085,0.5464,948603.7500,0,0,-0.0028,-0.0056
108.4703,0.2993,0.1090,0.5464,948603.7500,0,0,-0.0029,-0.0056
108.4804,0.2968,0.1091,0.5464,948603.7500,0,0,-0.0030,-0.0056
108.4907,0.2986,0.1082,0.5464,948603.7500,0,0,-0.0031,-0.0056
108.5008,0.3037,0.1045,0.5464,948603.7500,0,0,-0.0031,-0.0056
108.5104,0.3014,0.1071,0.5464,948603.7500,0,0,-0.0031,-0.0056
108.5204,0.3024,0.1126,0.5464,948603.7500,0,0,-0.0032,-0.0056
108.5304,0.3008,0.1127,0.5464,948603.7500,0,0,-0.0032,-0.0055
108.5407,0.3009,0.1114,0.5464,948607.9375,0,0,-0.0033,-0.0055
108.5507,0.2988,0.1072,0.5464,948607.9375,0,0,-0.0031,-0.0054
108.5604,0.2995,0.1097,0.5464,948607.9375,0,0,-0.0029,-0.0053
108.5703,0.2993,0.1129,0.5464,948607.9375,0,0,-0.0028,-0.0052
108.5804,0.2997,0.1110,0.5464,948607.9375,0,0,-0.0026,-0.0052
108.5907,0.3004,0.1072,0.5464,948607.9375,0,0,-0.0025,-0.0051
108.6008,0.3012,0.1079,0.5464,948607.9375,0,0,-0.0024,-0.0051
108.6103,0.2982,0.1128,0.5464,948607.9375,0,0,-0.0023,-0.0050
108.6204,0.2988,0.1150,0.5464,948607.9375,0,0,-0.0021,-0.0050
108.6303,0.3011,0.1054,0.5464,948607.9375,0,0,-0.0021,-0.0050
108.6409,0.3010,0.1039,0.5464,948607.9375,0,0,-0.0020,-0.0050
108.6513,0.2998,0.1065,0.5464,948607.9375,0,0,-0.0019,-0.0050
108.6605,0.2974,0.1088,0.5464,948607.9375,0,0,-0.0018,-0.0050
108.6703,0.2986,0.1056,0.5464,948607.9375,0,0,-0.0017,-0.0050
108.6804,0.2992,0.1036,0.5464,948607.9375,0,0,-0.0016,-0.0050
108.6908,0.3000,0.1090,0.5464,948607.9375,0,0,-0.0015,-0.0050
108.7010,0.2930,0.1149,0.5464,948607.9375,0,0,-0.0013,-0.0050
108.7103,0.2940,0.1154,0.5464,948607.9375,0,0,-0.0012,-0.0050
108.7204,0.2975,0.1100,0.5464,948607.9375,0,0,-0.0011,-0.0050
108.7303,0.2948,0.1050,0.5464,948607.9375,0,0,-0.0010,-0.0051
108.7407,0.2965,0.1125,0.5464,948607.9375,0,0,-0.0009,-0.0051
108.7506,0.2979,0.1101,0.5464,948607.9375,0,0,-0.0008,-0.0051
108.7605,0.2957,0.1076,0.5464,948607.9375,0,0,-0.0007,-0.0052
108.7704,0.2995,0.1058,0.5464,948607.9375,0,0,-0.0007,-0.0052
108.7805,0.3016,0.1055,0.5464,948607.9375,0,0,-0.0007,-0.0052
108.7906,0.3002,0.1131,0.5464,948607.9375,0,0,-0.0007,-0.0052
108.8007,0.2970,0.1147,0.5464,948607.9375,0,0,-0.0006,-0.0052
108.8103,0.2931,0.1068,0.5464,948607.9375,0,0,-0.0005,-0.0053
108.8203,0.2965,0.1055,0.5464,948607.9375,0,0,-0.0005,-0.0054
108.8303,0.2953,0.1101,0.5464,948607.9375,0,0,-0.0004,-0.0054
108.8408,0.2988,0.1147,0.5464,948607.9375,0,0,-0.0004,-0.0055
108.8512,0.2989,0.1075,0.5464,948607.9375,0,0,-0.0004,-0.0055
108.8604,0.3038,0.1043,0.5464,948607.9375,0,0,-0.0005,-0.0054
108.8704,0.3069,0.1027,0.5464,948607.9375,0,0,-0.0005,-0.0053
108.8804,0.3022,0.1137,0.5464,948607.9375,0,0,-0.0005,-0.0053
108.8906,0.2993,0.1149,0.5464,948607.9375,0,0,-0.0005,-0.0053
108.9008,0.2971,0.1115,0.5464,948607.9375,0,0,-0.0005,-0.0053
108.9103,0.2998,0.1090,0.5464,948607.9375,0,0,-0.0005,-0.0053
108.9204,0.2996,0.1107,0.5464,948607.9375,0,0,-0.0005,-0.0053
108.9303,0.3023,0.1107,0.5464,948607.9375,0,0,-0.0005,-0.0053
108.9407,0.3021,0.1057,0.5464,948607.9375,0,0,-0.0005,-0.0052
108.9507,0.3026,0.1057,0.5464,948607.9375,0,0,-0.0005,-0.0051
108.9605,0.3010,0.1105,0.5464,948607.9375,0,0,-0.0006,-0.0051
108.9703,0.3004,0.1081,0.5464,948607.9375,0,0,-0.0006,-0.0051
108.9803,0.3006,0.1043,0.5464,948607.9375,0,0,-0.0006,-0.0050
108.9907,0.2987,0.1063,0.5464,948607.9375,0,0,-0.0006,-0.0050
109.0008,0.2950,0.1019,0.5464,948607.9375,0,0,-0.0006,-0.0051
109.0103,0.2969,0.1085,0.5464,948607.9375,0,0,-0.0006,-0.0051
109.0205,0.2976,0.1088,0.5464,948607.9375,0,0,-0.0006,-0.0052
109.0303,0.2981,0.1061,0.5464,948607.9375,0,0,-0.0006,-0.0052
109.0408,0.3001,0.1039,0.5464,948607.9375,0,0,-0.0006,-0.0051
109.0513,0.2996,0.1083,0.5464,948607.9375,0,0,-0.0006,-0.0051
109.0603,0.3020,0.1098,0.5464,948607.9375,0,0,-0.0005,-0.0050
109.0704,0.2941,0.1057,0.5464,948607.9375,0,0,-0.0006,-0.0051
109.0804,0.2943,0.1005,0.5464,948607.9375,0,0,-0.0006,-0.0052
109.0907,0.2956,0.1041,0.5464,948607.9375,0,0,-0.0006,-0.0052
109.1007,0.2995,0.1080,0.5464,948607.9375,0,0,-0.0006,-0.0052
109.1103,0.3018,0.1059,0.5464,948607.9375,0,0,-0.0005,-0.0051
109.1204,0.3032,0.1053,0.5464,948607.9375,0,0,-0.0005,-0.0050
109.1304,0.2991,0.1055,0.5464,948607.9375,0,0,-0.0005,-0.0049
109.1407,0.3054,0.1083,0.5464,948607.9375,0,0,-0.0004,-0.0048
109.1507,0.3038,0.1129,0.5464,948607.9375,0,0,-0.0004,-0.0046
109.1604,0.2986,0.1075,0.5464,948607.9375,0,0,-0.0004,-0.0046
109.1704,0.2988,0.1094,0.5464,948607.9375,0,0,-0.0004,-0.0046
109.1804,0.3004,0.1158,0.5464,948607.9375,0,0,-0.0003,-0.0046
109.1907,0.2976,0.1110,0.5464,948607.9375,0,0,-0.0003,-0.0046
109.2007,0.3012,0.1081,0.5464,948607.9375,0,0,-0.0003,-0.0045
109.2104,0.3031,0.1038,0.5464,948607.9375,0,0,-0.0003,-0.0044
109.2205,0.3044,0.1090,0.5464,948607.9375,0,0,-0.0002,-0.0043
109.2303,0.3043,0.1085,0.5464,948607.9375,0,0,-0.0001,-0.0042
109.2407,0.2994,0.1042,0.5464,948607.9375,0,0,-0.0001,-0.0042
109.2507,0.3006,0.1022,0.5464,948607.9375,0,0,-0.0001,-0.0042
109.2604,0.2975,0.1044,0.5464,948607.9375,0,0,-0.0001,-0.0042
109.2704,0.2999,0.1118,0.5464,948607.9375,0,0,-0.0001,-0.0042
109.2804,0.2987,0.1099,0.5464,948607.9375,0,0,-0.0001,-0.0042
109.2907,0.2978,0.1053,0.5464,948607.9375,0,0,-0.0001,-0.0043
109.3008,0.2940,0.0984,0.5464,948607.9375,0,0,-0.0002,-0.0044
109.3103,0.2948,0.1037,0.5464,948607.9375,0,0,-0.0003,-0.0044
109.3204,0.3022,0.1138,0.5464,948607.9375,0,0,-0.0003,-0.0044
109.3303,0.3037,0.1110,0.5464,948607.9375,0,0,-0.0002,-0.0043
109.3407,0.3020,0.1034,0.5464,948607.9375,0,0,-0.0001,-0.0043
109.3507,0.3019,0.1057,0.5464,948607.9375,0,0,-0.0001,-0.0042
109.3604,0.3060,0.1120,0.5464,948607.9375,0,0,0.0000,-0.0041
109.3703,0.3024,0.1155,0.5464,948607.9375,0,0,0.0001,-0.0041
109.3804,0.2947,0.1103,0.5464,948607.9375,0,0,-0.0001,-0.0042
109.3907,0.2943,0.1055,0.5464,948607.9375,0,0,-0.0002,-0.0043
109.4007,0.2988,0.1076,0.5464,948607.9375,0,0,-0.0002,-0.0043
109.4104,0.3052,0.1068,0.5464,948607.9375,0,0,-0.0001,-0.0042
109.4204,0.3086,0.1058,0.5464,948607.9375,0,0,0.0000,-0.0041
109.4304,0.3017,0.1018,0.5464,948607.9375,0,0,0.0001,-0.0041
109.4407,0.2933,0.1056,0.5464,948607.9375,0,0,-0.0001,-0.0042
109.4507,0.2958,0.1088,0.5464,948607.9375,0,0,-0.0002,-0.0043
109.4604,0.2964,0.1074,0.5464,948607.9375,0,0,-0.0003,-0.0043
109.4703,0.2992,0.1041,0.5464,948607.9375,0,0,-0.0003,-0.0043
109.4803,0.2957,0.1088,0.5464,948607.9375,0,0,-0.0004,-0.0044
109.4907,0.2963,0.1151,0.5464,948607.9375,0,0,-0.0005,-0.0044
109.5008,0.3007,0.1118,0.5464,948606.6875,0,0,-0.0005,-0.0044
109.5104,0.3070,0.1070,0.5464,948606.6875,0,0,-0.0005,-0.0044
109.5204,0.3066,0.1007,0.5464,948606.6875,0,0,-0.0005,-0.0044
109.5304,0.3004,0.1023,0.5464,948606.6875,0,0,-0.0006,-0.0044
109.5407,0.3007,0.1091,0.5464,948606.6875,0,0,-0.0007,-0.0043
109.5507,0.2959,0.1026,0.5464,948606.6875,0,0,-0.0008,-0.0042
109.5604,0.2961,0.1008,0.5464,948606.6875,0,0,-0.0008,-0.0040
109.5703,0.2950,0.1075,0.5464,948606.6875,0,0,-0.0009,-0.0039
109.5804,0.2963,0.1125,0.5464,948606.6875,0,0,-0.0010,-0.0037
109.5907,0.3004,0.1106,0.5464,948606.6875,0,0,-0.0010,-0.0037
109.6008,0.2986,0.1052,0.5464,948606.6875,0,0,-0.0011,-0.0036
109.6103,0.2967,0.1064,0.5464,948606.6875,0,0,-0.0011,-0.0034
109.6204,0.3024,0.1107,0.5464,948606.6875,0,0,-0.0011,-0.0034
109.6303,0.2984,0.1095,0.5464,948606.6875,0,0,-0.0012,-0.0033
109.6407,0.2949,0.1080,0.5464,948606.6875,0,0,-0.0012,-0.0031
109.6507,0.2939,0.1013,0.5464,948606.6875,0,0,-0.0012,-0.0030
109.6605,0.2983,0.1009,0.5464,948606.6875,0,0,-0.0012,-0.0029
109.6704,0.3031,0.1057,0.5464,948606.6875,0,0,-0.0012,-0.0028
109.6804,0.2985,0.1072,0.5464,948606.6875,0,0,-0.0012,-0.0028
109.6907,0.2971,0.1047,0.5464,948606.6875,0,0,-0.0012,-0.0026
109.7008,0.3030,0.1064,0.5464,948606.6875,0,0,-0.0012,-0.0026
109.7104,0.3028,0.1058,0.5464,948606.6875,0,0,-0.0012,-0.0026
109.7205,0.3046,0.1096,0.5464,948606.6875,0,0,-0.0012,-0.0026
109.7303,0.3020,0.1112,0.5464,948606.6875,0,0,-0.0012,-0.0025
109.7407,0.2996,0.1066,0.5464,948606.6875,0,0,-0.0012,-0.0025
109.7507,0.2998,0.1038,0.5464,948606.6875,0,0,-0.0012,-0.0024
109.7604,0.3018,0.1079,0.5464,948606.6875,0,0,-0.0011,-0.0024
109.7704,0.2988,0.1087,0.5464,948606.6875,0,0,-0.0011,-0.0023
109.7803,0.2953,0.1074,0.5464,948606.6875,0,0,-0.0010,-0.0022
109.7907,0.2961,0.1063,0.5464,948606.6875,0,0,-0.0010,-0.0021
109.8008,0.3032,0.1107,0.5464,948606.6875,0,0,-0.0009,-0.0021
109.8104,0.3067,0.1120,0.5464,948606.6875,0,0,-0.0010,-0.0021
109.8204,0.3053,0.1064,0.5464,948606.6875,0,0,-0.0010,-0.0021
109.8303,0.3028,0.1020,0.5464,948606.6875,0,0,-0.0010,-0.0021
109.8408,0.3009,0.1049,0.5464,948606.6875,0,0,-0.0009,-0.0021
109.8507,0.2989,0.1079,0.5464,948606.6875,0,0,-0.0009,-0.0020
109.8605,0.2994,0.1085,0.5464,948606.6875,0,0,-0.0008,-0.0019
109.8703,0.3000,0.1058,0.5464,948606.6875,0,0,-0.0008,-0.0019
109.8805,0.2993,0.1045,0.5464,948606.6875,0,0,-0.0007,-0.0019
109.8907,0.3007,0.1031,0.5464,948606.6875,0,0,-0.0007,-0.0018
109.9007,0.3033,0.1000,0.5464,948606.6875,0,0,-0.0006,-0.0018
109.9103,0.3032,0.1060,0.5464,948606.6875,0,0,-0.0006,-0.0018
109.9204,0.3062,0.1127,0.5464,948606.6875,0,0,-0.0007,-0.0019
109.9304,0.3035,0.1124,0.5464,948606.6875,0,0,-0.0007,-0.0019
109.9407,0.2994,0.1088,0.5464,948606.6875,0,0,-0.0006,-0.0018
109.9507,0.3012,0.1097,0.5464,948606.6875,0,0,-0.0006,-0.0018
109.9605,0.3032,0.1098,0.5464,948606.6875,0,0,-0.0006,-0.0018
109.9703,0.2988,0.1119,0.5464,948606.6875,0,0,-0.0005,-0.0018
109.9803,0.3001,0.1081,0.5464,948606.6875,0,0,-0.0004,-0.0018
109.9907,0.2984,0.1059,0.5464,948606.6875,0,0,-0.0004,-0.0017
110.0008,0.3027,0.1086,0.5464,948606.6875,0,0,-0.0004,-0.0017
110.0103,0.2971,0.1089,0.5464,948606.6875,0,0,-0.0003,-0.0017
110.0205,0.3010,0.1081,0.5464,948606.6875,0,0,-0.0002,-0.0017
110.0303,0.3006,0.1116,0.5464,948606.6875,0,0,-0.0002,-0.0017
110.0408,0.3009,0.1150,0.5464,948606.6875,0,0,-0.0002,-0.0017
110.0507,0.3005,0.1107,0.5464,948606.6875,0,0,-0.0001,-0.0017
110.0604,0.2982,0.1081,0.5464,948606.6875,0,0,-0.0000,-0.0017
110.0703,0.2988,0.1047,0.5464,948606.6875,0,0,0.0000,-0.0017
110.0804,0.2995,0.1064,0.5464,948606.6875,0,0,0.0001,-0.0017
110.0907,0.2955,0.1081,0.5464,948606.6875,0,0,0.0002,-0.0017
110.1007,0.2982,0.1031,0.5464,948606.6875,0,0,0.0003,-0.0017
110.1104,0.3025,0.1027,0.5464,948606.6875,0,0,0.0002,-0.0017
110.1204,0.3098,0.1042,0.5464,948606.6875,0,0,0.0001,-0.0017
110.1303,0.3077,0.1040,0.5464,948606.6875,0,0,-0.0000,-0.0017
110.1407,0.3021,0.1023,0.5464,948606.6875,0,0,-0.0000,-0.0017
110.1507,0.3004,0.1054,0.5464,948606.6875,0,0,-0.0000,-0.0017
110.1604,0.2996,0.1042,0.5464,948606.6875,0,0,0.0000,-0.0017
110.1704,0.2995,0.1032,0.5464,948606.6875,0,0,0.0000,-0.0017
110.1804,0.2939,0.1074,0.5464,948606.6875,0,0,0.0002,-0.0018
110.1907,0.2914,0.1085,0.5464,948606.6875,0,0,0.0003,-0.0018
110.2008,0.2943,0.1071,0.5464,948606.6875,0,0,0.0004,-0.0019
110.2103,0.2967,0.1086,0.5464,948606.6875,0,0,0.0005,-0.0019
110.2204,0.2986,0.1103,0.5464,948606.6875,0,0,0.0005,-0.0020
110.2303,0.2963,0.1126,0.5464,948606.6875,0,0,0.0006,-0.0020
110.2407,0.2971,0.1111,0.5464,948606.6875,0,0,0.0006,-0.0020
110.2507,0.2971,0.1086,0.5464,948606.6875,0,0,0.0007,-0.0021
110.2605,0.3008,0.1114,0.5464,948606.6875,0,0,0.0006,-0.0021
110.2703,0.2995,0.1062,0.5464,948606.6875,0,0,0.0006,-0.0021
110.2804,0.2972,0.1054,0.5464,948606.6875,0,0,0.0007,-0.0021
110.2907,0.2984,0.1086,0.5464,948606.6875,0,0,0.0007,-0.0021
110.3007,0.2999,0.1111,0.5464,948606.6875,0,0,0.0007,-0.0021
110.3103,0.3052,0.1096,0.5464,948606.6875,0,0,0.0006,-0.0020
110.3204,0.3036,0.1085,0.5464,948606.6875,0,0,0.0006,-0.0020
110.3303,0.3004,0.1094,0.5464,948606.6875,0,0,0.0006,-0.0019
110.3408,0.3016,0.1078,0.5464,948606.6875,0,0,0.0006,-0.0019
110.3507,0.2997,0.1073,0.5464,948606.6875,0,0,0.0006,-0.0019
110.3604,0.3026,0.1058,0.5464,948606.6875,0,0,0.0006,-0.0018
110.3704,0.3021,0.1069,0.5464,948606.6875,0,0,0.0005,-0.0018
110.3803,0.3046,0.1111,0.5464,948606.6875,0,0,0.0005,-0.0017
110.3907,0.3068,0.1083,0.5464,948606.6875,0,0,0.0005,-0.0016
110.4008,0.3042,0.1087,0.5464,948606.6875,0,0,0.0005,-0.0015
110.4103,0.3003,0.1095,0.5464,948606.6875,0,0,0.0005,-0.0015
110.4204,0.3025,0.1115,0.5464,948606.6875,0,0,0.0005,-0.0014
110.4303,0.3023,0.1117,0.5464,948606.6875,0,0,0.0005,-0.0014
110.4408,0.3049,0.1078,0.5464,948606.6875,0,0,0.0005,-0.0013
110.4506,0.2998,0.1110,0.5464,948606.6875,0,0,0.0005,-0.0013
110.4604,0.3008,0.1161,0.5464,948606.6875,0,0,0.0005,-0.0013
110.4704,0.3034,0.1177,0.5464,948606.6875,0,0,0.0005,-0.0012
110.4804,0.3033,0.1087,0.5464,948606.6875,0,0,0.0005,-0.0011
110.4907,0.3039,0.1061,0.5464,948606.6875,0,0,0.0005,-0.0011
110.5008,0.2964,0.1031,0.5464,948601.9375,0,0,0.0005,-0.0012
110.5103,0.2967,0.1012,0.5464,948601.9375,0,0,0.0006,-0.0011
110.5203,0.2946,0.1012,0.5464,948601.9375,0,0,0.0007,-0.0011
110.5303,0.3007,0.1043,0.5464,948601.9375,0,0,0.0007,-0.0011
110.5407,0.3045,0.1014,0.5464,948601.9375,0,0,0.0007,-0.0011
110.5507,0.3017,0.1063,0.5464,948601.9375,0,0,0.0007,-0.0011
110.5605,0.3017,0.1109,0.5464,948601.9375,0,0,0.0007,-0.0011
110.5703,0.3090,0.1120,0.5464,948601.9375,0,0,0.0005,-0.0011
110.5804,0.3020,0.1090,0.5464,948601.9375,0,0,0.0005,-0.0011
110.5907,0.2963,0.1104,0.5464,948601.9375,0,0,0.0006,-0.0011
110.6008,0.2998,0.1114,0.5464,948601.9375,0,0,0.0006,-0.0011
110.6104,0.3020,0.1082,0.5464,948601.9375,0,0,0.0006,-0.0011
110.6204,0.2976,0.1072,0.5464,948601.9375,0,0,0.0006,-0.0011
110.6303,0.3019,0.1060,0.5464,948601.9375,0,0,0.0006,-0.0011
110.6407,0.3016,0.1092,0.5464,948601.9375,0,0,0.0006,-0.0011
110.6507,0.2974,0.1058,0.5464,948601.9375,0,0,0.0007,-0.0011
110.6605,0.2987,0.1072,0.5464,948601.9375,0,0,0.0007,-0.0011
110.6704,0.3025,0.1079,0.5464,948601.9375,0,0,0.0007,-0.0011
110.6804,0.3014,0.1117,0.5464,948601.9375,0,0,0.0007,-0.0011
110.6907,0.3020,0.1047,0.5464,948601.9375,0,0,0.0007,-0.0011
110.7008,0.3008,0.0997,0.5464,948601.9375,0,0,0.0007,-0.0011
110.7103,0.3057,0.0995,0.5464,948601.9375,0,0,0.0006,-0.0011
110.7204,0.3040,0.1062,0.5464,948601.9375,0,0,0.0006,-0.0010
110.7303,0.3013,0.1081,0.5464,948601.9375,0,0,0.0006,-0.0010
110.7407,0.3007,0.1025,0.5464,948601.9375,0,0,0.0006,-0.0010
110.7507,0.3064,0.1056,0.5464,948601.9375,0,0,0.0005,-0.0010
110.7604,0.3108,0.1129,0.5464,948601.9375,0,0,0.0004,-0.0009
110.7704,0.3020,0.1116,0.5464,948601.9375,0,0,0.0004,-0.0008
110.7804,0.3040,0.1039,0.5464,948601.9375,0,0,0.0004,-0.0008
110.7907,0.2992,0.1051,0.5464,948601.9375,0,0,0.0004,-0.0008
110.8008,0.2974,0.1052,0.5464,948601.9375,0,0,0.0004,-0.0009
110.8103,0.2974,0.1113,0.5464,948601.9375,0,0,0.0004,-0.0009
110.8204,0.2961,0.1102,0.5464,948601.9375,0,0,0.0005,-0.0010
110.8303,0.2961,0.1090,0.5464,948601.9375,0,0,0.0005,-0.0011
110.8407,0.3002,0.1034,0.5464,948601.9375,0,0,0.0005,-0.0011
110.8507,0.3027,0.1012,0.5464,948601.9375,0,0,0.0005,-0.0011
110.8604,0.3021,0.1035,0.5464,948601.9375,0,0,0.0005,-0.0010
110.8703,0.3011,0.1038,0.5464,948601.9375,0,0,0.0005,-0.0010
110.8803,0.3006,0.1054,0.5464,948601.9375,0,0,0.0005,-0.0010
110.8907,0.3014,0.1038,0.5464,948601.9375,0,0,0.0005,-0.0010
110.9007,0.3051,0.1056,0.5464,948601.9375,0,0,0.0005,-0.0009
110.9104,0.3008,0.1044,0.5464,948601.9375,0,0,0.0005,-0.0009
110.9203,0.3007,0.1058,0.5464,948601.9375,0,0,0.0005,-0.0009
110.9303,0.3020,0.1061,0.5464,948601.9375,0,0,0.0005,-0.0009
110.9408,0.2965,0.1097,0.5464,948601.9375,0,0,0.0005,-0.0010
110.9507,0.2969,0.1109,0.5464,948601.9375,0,0,0.0004,-0.0011
110.9604,0.2981,0.1036,0.5464,948601.9375,0,0,0.0004,-0.0011
110.9704,0.3032,0.1014,0.5464,948601.9375,0,0,0.0004,-0.0011
110.9803,0.3027,0.1103,0.5464,948601.9375,0,0,0.0005,-0.0010
110.9907,0.3010,0.1101,0.5464,948601.9375,0,0,0.0005,-0.0010
111.0008,0.3024,0.1042,0.5464,948601.9375,0,0,0.0005,-0.0010
111.0104,0.3056,0.1020,0.5464,948601.9375,0,0,0.0006,-0.0009
111.0204,0.3053,0.1047,0.5464,948601.9375,0,0,0.0007,-0.0008
111.0304,0.3005,0.1106,0.5464,948601.9375,0,0,0.0007,-0.0008
111.0407,0.2985,0.1094,0.5464,948601.9375,0,0,0.0006,-0.0008
111.0507,0.2941,0.1038,0.5464,948601.9375,0,0,0.0005,-0.0010
111.0603,0.2958,0.1035,0.5464,948601.9375,0,0,0.0003,-0.0011
111.0703,0.2996,0.1072,0.5464,948601.9375,0,0,0.0003,-0.0011
111.0803,0.3012,0.1131,0.5464,948601.9375,0,0,0.0003,-0.0011
111.0906,0.2932,0.1123,0.5464,948601.9375,0,0,0.0002,-0.0013
111.1008,0.2928,0.1084,0.5464,948601.9375,0,0,-0.0000,-0.0014
111.1103,0.2966,0.1078,0.5464,948601.9375,0,0,-0.0001,-0.0015
111.1204,0.2991,0.1097,0.5464,948601.9375,0,0,-0.0001,-0.0015
111.1303,0.3010,0.1061,0.5464,948601.9375,0,0,-0.0001,-0.0015
111.1408,0.3086,0.0972,0.5464,948601.9375,0,0,0.0001,-0.0013
111.1507,0.3074,0.1032,0.5464,948601.9375,0,0,0.0003,-0.0012
111.1604,0.3023,0.1118,0.5464,948601.9375,0,0,0.0004,-0.0011
111.1703,0.3005,0.1064,0.5464,948601.9375,0,0,0.0004,-0.0011
111.1804,0.3053,0.1007,0.5464,948601.9375,0,0,0.0005,-0.0011
111.1907,0.3096,0.0980,0.5464,948601.9375,0,0,0.0008,-0.0009
111.2007,0.3080,0.1038,0.5464,948601.9375,0,0,0.0009,-0.0008
111.2104,0.3045,0.1055,0.5464,948601.9375,0,0,0.0010,-0.0007
111.2204,0.3024,0.1061,0.5464,948601.9375,0,0,0.0010,-0.0007
111.2303,0.2984,0.1041,0.5464,948601.9375,0,0,0.0009,-0.0008
111.2408,0.3013,0.1064,0.5464,948601.9375,0,0,0.0009,-0.0008
111.2507,0.3044,0.1161,0.5464,948601.9375,0,0,0.0010,-0.0008
111.2603,0.3080,0.1189,0.5464,948601.9375,0,0,0.0011,-0.0007
111.2703,0.3013,0.1132,0.5464,948601.9375,0,0,0.0011,-0.0007
111.2804,0.3010,0.1072,0.5464,948601.9375,0,0,0.0011,-0.0007
111.2906,0.3008,0.1084,0.5464,948601.9375,0,0,0.0010,-0.0007
111.3008,0.3019,0.1084,0.5464,948601.9375,0,0,0.0010,-0.0007
111.3104,0.3019,0.1044,0.5464,948601.9375,0,0,0.0010,-0.0007
111.3204,0.2988,0.1006,0.5464,948601.9375,0,0,0.0009,-0.0008
111.3303,0.2986,0.1020,0.5464,948601.9375,0,0,0.0008,-0.0008
111.3409,0.2968,0.1079,0.5464,948601.9375,0,0,0.0006,-0.0009
111.3507,0.2962,0.1043,0.5464,948601.9375,0,0,0.0005,-0.0010
111.3604,0.2978,0.1019,0.5464,948601.9375,0,0,0.0004,-0.0010
111.3704,0.3051,0.1101,0.5464,948601.9375,0,0,0.0005,-0.0010
111.3804,0.3010,0.1142,0.5464,948601.9375,0,0,0.0005,-0.0010
111.3907,0.2975,0.1122,0.5464,948601.9375,0,0,0.0003,-0.0010
111.4007,0.2955,0.1090,0.5464,948601.9375,0,0,0.0002,-0.0011
111.4103,0.2992,0.1077,0.5464,948601.9375,0,0,0.0001,-0.0011
111.4204,0.3002,0.1179,0.5464,948601.9375,0,0,0.0001,-0.0011
111.4303,0.2986,0.1210,0.5464,948601.9375,0,0,0.0000,-0.0011
111.4408,0.2985,0.1132,0.5464,948601.9375,0,0,-0.0000,-0.0012
111.4506,0.3033,0.1014,0.5464,948601.9375,0,0,0.0000,-0.0011
111.4604,0.2973,0.1015,0.5464,948601.3750,0,0,-0.0001,-0.0012
111.4703,0.2970,0.1070,0.5464,948601.3750,0,0,-0.0002,-0.0011
111.4805,0.2985,0.1097,0.5464,948601.3750,0,0,-0.0002,-0.0011
111.4906,0.2943,0.1056,0.5464,948601.3750,0,0,-0.0004,-0.0011
111.5008,0.2924,0.1039,0.5464,948601.3750,0,0,-0.0005,-0.0010
111.5103,0.2966,0.1074,0.5464,948601.3750,0,0,-0.0006,-0.0010
111.5203,0.2938,0.1061,0.5464,948601.3750,0,0,-0.0008,-0.0009
111.5303,0.2959,0.1050,0.5464,948601.3750,0,0,-0.0008,-0.0009
111.5408,0.3009,0.1028,0.5464,948601.3750,0,0,-0.0008,-0.0009
111.5507,0.2976,0.1057,0.5464,948601.3750,0,0,-0.0009,-0.0008
111.5605,0.2974,0.1123,0.5464,948601.3750,0,0,-0.0009,-0.0008
111.5704,0.2990,0.1121,0.5464,948601.3750,0,0,-0.0010,-0.0008
111.5804,0.2971,0.1066,0.5464,948601.3750,0,0,-0.0010,-0.0007
111.5907,0.3031,0.1034,0.5464,948601.3750,0,0,-0.0010,-0.0008
111.6008,0.3050,0.1049,0.5464,948601.3750,0,0,-0.0009,-0.0008
111.6104,0.3084,0.1029,0.5464,948601.3750,0,0,-0.0008,-0.0009
111.6204,0.3069,0.1100,0.5464,948601.3750,0,0,-0.0008,-0.0010
111.6303,0.3010,0.1071,0.5464,948601.3750,0,0,-0.0008,-0.0010
111.6408,0.2963,0.1065,0.5464,948601.3750,0,0,-0.0008,-0.0009
111.6507,0.3006,0.1076,0.5464,948601.3750,0,0,-0.0008,-0.0009
111.6606,0.2998,0.1091,0.5464,948601.3750,0,0,-0.0009,-0.0009
111.6703,0.3028,0.1028,0.5464,948601.3750,0,0,-0.0008,-0.0009
111.6803,0.2975,0.1033,0.5464,948601.3750,0,0,-0.0009,-0.0008
111.6907,0.2935,0.1107,0.5464,948601.3750,0,0,-0.0009,-0.0007
111.7008,0.2921,0.1076,0.5464,948601.3750,0,0,-0.0010,-0.0006
111.7103,0.2990,0.1029,0.5464,948601.3750,0,0,-0.0010,-0.0006
111.7204,0.3012,0.1030,0.5464,948601.3750,0,0,-0.0010,-0.0006
111.7303,0.2971,0.1067,0.5464,948601.3750,0,0,-0.0010,-0.0005
111.7408,0.2979,0.1029,0.5464,948601.3750,0,0,-0.0010,-0.0004
111.7507,0.3063,0.1022,0.5464,948601.3750,0,0,-0.0010,-0.0005
111.7604,0.3085,0.1046,0.5464,948601.3750,0,0,-0.0010,-0.0006
111.7703,0.3041,0.1037,0.5464,948601.3750,0,0,-0.0010,-0.0007
111.7804,0.3053,0.1061,0.5464,948601.3750,0,0,-0.0010,-0.0007
111.7907,0.3053,0.1071,0.5464,948601.3750,0,0,-0.0010,-0.0008
111.8008,0.3008,0.1039,0.5464,948601.3750,0,0,-0.0010,-0.0008
111.8104,0.3028,0.1061,0.5464,948601.3750,0,0,-0.0010,-0.0008
111.8205,0.2957,0.1112,0.5464,948601.3750,0,0,-0.0010,-0.0007
111.8303,0.2918,0.1122,0.5464,948601.3750,0,0,-0.0009,-0.0005
111.8408,0.2953,0.1050,0.5464,948601.3750,0,0,-0.0009,-0.0004
111.8506,0.2998,0.1008,0.5464,948601.3750,0,0,-0.0009,-0.0004
111.8604,0.2973,0.1064,0.5464,948601.3750,0,0,-0.0008,-0.0004
111.8704,0.2973,0.1072,0.5464,948601.3750,0,0,-0.0008,-0.0003
111.8804,0.2951,0.1047,0.5464,948601.3750,0,0,-0.0007,-0.0002
111.8906,0.2956,0.1016,0.5464,948601.3750,0,0,-0.0007,-0.0001
111.9008,0.2967,0.1048,0.5464,948601.3750,0,0,-0.0006,-0.0001
111.9104,0.3021,0.1114,0.5464,948601.3750,0,0,-0.0007,-0.0001
111.9203,0.3075,0.1106,0.5464,948601.3750,0,0,-0.0007,-0.0002
111.9303,0.3087,0.1077,0.5464,948601.3750,0,0,-0.0008,-0.0003
111.9408,0.2957,0.1088,0.5464,948601.3750,0,0,-0.0008,-0.0002
111.9507,0.2911,0.1144,0.5464,948601.3750,0,0,-0.0006,-0.0001
111.9604,0.2957,0.1173,0.5464,948601.3750,0,0,-0.0005,0.0000
111.9704,0.3024,0.1121,0.5464,948601.3750,0,0,-0.0006,-0.0000
111.9804,0.3020,0.1059,0.5464,948601.3750,0,0,-0.0006,-0.0000
111.9907,0.3003,0.1139,0.5464,948601.3750,0,0,-0.0006,-0.0000
112.0008,0.3035,0.1195,0.5464,948601.3750,0,0,-0.0006,-0.0000
112.0103,0.3065,0.1058,0.5464,948601.3750,0,0,-0.0007,-0.0001
112.0204,0.3022,0.1059,0.5464,948601.3750,0,0,-0.0007,-0.0001
112.0303,0.2977,0.1085,0.5464,948601.3750,0,0,-0.0007,-0.0001
112.0408,0.3004,0.1100,0.5464,948601.3750,0,0,-0.0006,-0.0001
112.0507,0.3053,0.1057,0.5464,948601.3750,0,0,-0.0007,-0.0001
112.0604,0.3086,0.1039,0.5464,948601.3750,0,0,-0.0008,-0.0001
112.0704,0.3045,0.1049,0.5464,948601.3750,0,0,-0.0009,-0.0002
112.0804,0.3049,0.1056,0.5464,948601.3750,0,0,-0.0010,-0.0002
112.0907,0.3025,0.1056,0.5464,948601.3750,0,0,-0.0010,-0.0002
112.1007,0.2961,0.1051,0.5464,948601.3750,0,0,-0.0009,-0.0002
112.1103,0.2945,0.1078,0.5464,948601.3750,0,0,-0.0007,-0.0001
112.1204,0.2973,0.1085,0.5464,948601.3750,0,0,-0.0006,-0.0001
112.1304,0.2966,0.1041,0.5464,948601.3750,0,0,-0.0006,-0.0001
112.1408,0.2954,0.1037,0.5464,948601.3750,0,0,-0.0004,-0.0001
112.1506,0.3009,0.1096,0.5464,948601.3750,0,0,-0.0004,-0.0001
112.1604,0.3021,0.1134,0.5464,948601.3750,0,0,-0.0005,-0.0001
112.1704,0.2983,0.1086,0.5464,948601.3750,0,0,-0.0004,-0.0001
112.1804,0.2981,0.1094,0.5464,948601.3750,0,0,-0.0003,-0.0001
112.1907,0.3048,0.1060,0.5464,948601.3750,0,0,-0.0004,-0.0001
112.2008,0.3006,0.1095,0.5464,948601.3750,0,0,-0.0004,-0.0001
112.2103,0.2983,0.1115,0.5464,948601.3750,0,0,-0.0004,-0.0001
112.2204,0.3033,0.1135,0.5464,948601.3750,0,0,-0.0004,-0.0001
112.2303,0.3056,0.1100,0.5464,948601.3750,0,0,-0.0005,-0.0001
112.2408,0.3008,0.1048,0.5464,948601.3750,0,0,-0.0005,-0.0001
112.2507,0.2995,0.1026,0.5464,948601.3750,0,0,-0.0005,-0.0001
112.2604,0.2983,0.1050,0.5464,948601.3750,0,0,-0.0004,-0.0001
112.2704,0.3050,0.1046,0.5464,948601.3750,0,0,-0.0005,-0.0001
112.2804,0.3056,0.1051,0.5464,948601.3750,0,0,-0.0005,-0.0000
112.2907,0.3057,0.1034,0.5464,948601.3750,0,0,-0.0006,0.0000
112.3008,0.3033,0.1062,0.5464,948601.3750,0,0,-0.0007,0.0000
112.3104,0.3028,0.1102,0.5464,948601.3750,0,0,-0.0007,0.0000
112.3204,0.2981,0.1066,0.5464,948601.3750,0,0,-0.0006,0.0000
112.3303,0.2987,0.1063,0.5464,948601.3750,0,0,-0.0006,-0.0000
112.3408,0.3020,0.1126,0.5464,948601.3750,0,0,-0.0006,-0.0000
112.3506,0.3028,0.1142,0.5464,948601.3750,0,0,-0.0006,0.0000
112.3604,0.3033,0.1079,0.5464,948601.3750,0,0,-0.0006,0.0000
112.3704,0.3073,0.1049,0.5464,948601.3750,0,0,-0.0007,0.0001
112.3805,0.3035,0.1065,0.5464,948601.3750,0,0,-0.0007,0.0002
112.3907,0.3021,0.1087,0.5464,948601.3750,0,0,-0.0007,0.0002
112.4008,0.3030,0.1073,0.5464,948601.3750,0,0,-0.0007,0.0002
112.4104,0.3032,0.1061,0.5464,948601.3750,0,0,-0.0008,0.0002
112.4204,0.3061,0.1049,0.5464,948601.3750,0,0,-0.0008,0.0003
112.4303,0.3016,0.1048,0.5464,948601.3750,0,0,-0.0008,0.0003
112.4408,0.3035,0.1081,0.5464,948601.3750,0,0,-0.0008,0.0003
112.4507,0.3070,0.1101,0.5464,948601.3750,0,0,-0.0008,0.0004
112.4604,0.3052,0.1050,0.5464,948604.3125,0,0,-0.0009,0.0005
112.4703,0.3003,0.1073,0.5464,948604.3125,0,0,-0.0009,0.0005
112.4803,0.2985,0.1064,0.5464,948604.3125,0,0,-0.0009,0.0005
112.4907,0.2931,0.1073,0.5464,948604.3125,0,0,-0.0010,0.0006
112.5008,0.2965,0.1069,0.5464,948604.3125,0,0,-0.0011,0.0006
112.5103,0.3001,0.1106,0.5464,948604.3125,0,0,-0.0011,0.0006
112.5204,0.2975,0.1083,0.5464,948604.3125,0,0,-0.0011,0.0006
112.5303,0.2998,0.1087,0.5464,948604.3125,0,0,-0.0011,0.0006
112.5408,0.3015,0.1074,0.5464,948604.3125,0,0,-0.0011,0.0006
112.5507,0.2971,0.1057,0.5464,948604.3125,0,0,-0.0011,0.0006
112.5604,0.2988,0.1086,0.5464,948604.3125,0,0,-0.0011,0.0007
112.5704,0.2983,0.1059,0.5464,948604.3125,0,0,-0.0012,0.0007
112.5804,0.2974,0.1041,0.5464,948604.3125,0,0,-0.0012,0.0007
112.5907,0.3016,0.1050,0.5464,948604.3125,0,0,-0.0012,0.0007
112.6007,0.3005,0.1088,0.5464,948604.3125,0,0,-0.0012,0.0007
112.6103,0.2948,0.1089,0.5464,948604.3125,0,0,-0.0012,0.0007
112.6203,0.2942,0.1084,0.5464,948604.3125,0,0,-0.0012,0.0008
112.6303,0.2960,0.1057,0.5464,948604.3125,0,0,-0.0012,0.0009
112.6408,0.2962,0.1014,0.5464,948604.3125,0,0,-0.0012,0.0010
112.6507,0.3009,0.1040,0.5464,948604.3125,0,0,-0.0012,0.0009
112.6605,0.3000,0.1070,0.5464,948604.3125,0,0,-0.0012,0.0009
112.6704,0.3095,0.1022,0.5464,948604.3125,0,0,-0.0012,0.0008
112.6805,0.3043,0.0998,0.5464,948604.3125,0,0,-0.0012,0.0007
112.6907,0.2968,0.1042,0.5464,948604.3125,0,0,-0.0012,0.0008
112.7005,0.2956,0.1079,0.5464,948604.3125,0,0,-0.0012,0.0008
112.7106,0.2984,0.1116,0.5464,948604.3125,0,0,-0.0012,0.0009
112.7204,0.3030,0.1100,0.5464,948604.3125,0,0,-0.0012,0.0008
112.7303,0.3048,0.1047,0.5464,948604.3125,0,0,-0.0013,0.0007
112.7408,0.3049,0.1043,0.5464,948604.3125,0,0,-0.0013,0.0007
112.7503,0.3058,0.1072,0.5464,948604.3125,0,0,-0.0013,0.0006
112.7607,0.3037,0.1070,0.5464,948604.3125,0,0,-0.0013,0.0005
112.7703,0.3015,0.1071,0.5464,948604.3125,0,0,-0.0014,0.0005
112.7804,0.2990,0.1050,0.5464,948604.3125,0,0,-0.0013,0.0005
112.7907,0.3021,0.1071,0.5464,948604.3125,0,0,-0.0014,0.0005
112.8005,0.2974,0.1067,0.5464,948604.3125,0,0,-0.0013,0.0006
112.8107,0.2986,0.1035,0.5464,948604.3125,0,0,-0.0013,0.0006
112.8204,0.3015,0.1031,0.5464,948604.3125,0,0,-0.0013,0.0006
112.8303,0.2992,0.1052,0.5464,948604.3125,0,0,-0.0013,0.0006
112.8408,0.2988,0.1090,0.5464,948604.3125,0,0,-0.0012,0.0007
112.8503,0.2978,0.1077,0.5464,948604.3125,0,0,-0.0012,0.0007
112.8608,0.3029,0.1083,0.5464,948604.3125,0,0,-0.0012,0.0007
112.8703,0.2949,0.1091,0.5464,948604.3125,0,0,-0.0011,0.0008
112.8804,0.2976,0.1077,0.5464,948604.3125,0,0,-0.0011,0.0008
112.8907,0.3034,0.1076,0.5464,948604.3125,0,0,-0.0011,0.0008
112.9004,0.3036,0.1010,0.5464,948604.3125,0,0,-0.0012,0.0008
112.9107,0.2974,0.1083,0.5464,948604.3125,0,0,-0.0011,0.0008
112.9204,0.2940,0.1109,0.5464,948604.3125,0,0,-0.0010,0.0009
112.9304,0.2947,0.1110,0.5464,948604.3125,0,0,-0.0009,0.0009
112.9408,0.2939,0.1071,0.5464,948604.3125,0,0,-0.0007,0.0010
112.9503,0.3002,0.1082,0.5464,948604.3125,0,0,-0.0007,0.0010
112.9607,0.3026,0.1091,0.5464,948604.3125,0,0,-0.0007,0.0010
112.9703,0.3052,0.1042,0.5464,948604.3125,0,0,-0.0008,0.0010
112.9804,0.2985,0.1031,0.5464,948604.3125,0,0,-0.0008,0.0010
112.9907,0.2935,0.1046,0.5464,948604.3125,0,0,-0.0006,0.0010
113.0005,0.2991,0.1057,0.5464,948604.3125,0,0,-0.0006,0.0010
113.0107,0.3083,0.1114,0.5464,948604.3125,0,0,-0.0007,0.0010
113.0204,0.3022,0.1106,0.5464,948604.3125,0,0,-0.0008,0.0010
113.0304,0.2989,0.1080,0.5464,948604.3125,0,0,-0.0007,0.0010
113.0408,0.2987,0.1049,0.5464,948604.3125,0,0,-0.0007,0.0010
113.0503,0.3030,0.1087,0.5464,948604.3125,0,0,-0.0007,0.0010
113.0607,0.3015,0.1091,0.5464,948604.3125,0,0,-0.0007,0.0010
113.0704,0.3018,0.1035,0.5464,948604.3125,0,0,-0.0007,0.0010
113.0804,0.3037,0.1034,0.5464,948604.3125,0,0,-0.0008,0.0010
113.0907,0.3068,0.1050,0.5464,948604.3125,0,0,-0.0008,0.0010
113.1005,0.3002,0.1093,0.5464,948604.3125,0,0,-0.0008,0.0010
113.1107,0.2935,0.1106,0.5464,948604.3125,0,0,-0.0007,0.0010
113.1203,0.3032,0.1043,0.5464,948604.3125,0,0,-0.0007,0.0010
113.1303,0.3043,0.1031,0.5464,948604.3125,0,0,-0.0008,0.0010
113.1408,0.3070,0.1072,0.5464,948604.3125,0,0,-0.0008,0.0011
113.1504,0.3037,0.1081,0.5464,948604.3125,0,0,-0.0009,0.0011
113.1607,0.3015,0.0999,0.5464,948604.3125,0,0,-0.0009,0.0011
113.1703,0.3026,0.1007,0.5464,948604.3125,0,0,-0.0009,0.0011
113.1804,0.3021,0.1060,0.5464,948604.3125,0,0,-0.0009,0.0011
113.1907,0.3062,0.1127,0.5464,948604.3125,0,0,-0.0009,0.0012
113.2004,0.3070,0.1139,0.5464,948604.3125,0,0,-0.0009,0.0013
113.2107,0.3045,0.1096,0.5464,948604.3125,0,0,-0.0010,0.0013
113.2203,0.2990,0.1128,0.5464,948604.3125,0,0,-0.0009,0.0012
113.2303,0.2950,0.1143,0.5464,948604.3125,0,0,-0.0009,0.0011
113.2408,0.2985,0.1082,0.5464,948604.3125,0,0,-0.0009,0.0010
113.2503,0.2949,0.1059,0.5464,948604.3125,0,0,-0.0009,0.0008
113.2607,0.2929,0.1059,0.5464,948604.3125,0,0,-0.0008,0.0006
113.2703,0.3024,0.1163,0.5464,948604.3125,0,0,-0.0008,0.0006
113.2804,0.3015,0.1177,0.5464,948604.3125,0,0,-0.0008,0.0006
113.2907,0.2969,0.1106,0.5464,948604.3125,0,0,-0.0008,0.0005
113.3005,0.2939,0.1044,0.5464,948604.3125,0,0,-0.0009,0.0003
113.3107,0.2985,0.1082,0.5464,948604.3125,0,0,-0.0009,0.0002
113.3204,0.2970,0.1153,0.5464,948604.3125,0,0,-0.0009,0.0001
113.3303,0.3011,0.1079,0.5464,948604.3125,0,0,-0.0009,0.0001
113.3408,0.3055,0.0990,0.5464,948604.3125,0,0,-0.0008,0.0002
113.3504,0.2964,0.0999,0.5464,948604.3125,0,0,-0.0009,0.0001
113.3607,0.2944,0.1076,0.5464,948604.3125,0,0,-0.0009,-0.0001
113.3704,0.3016,0.1102,0.5464,948604.3125,0,0,-0.0009,-0.0001
113.3804,0.3052,0.1088,0.5464,948604.3125,0,0,-0.0009,0.0000
113.3907,0.3040,0.1052,0.5464,948604.3125,0,0,-0.0008,0.0002
113.4006,0.3025,0.1061,0.5464,948604.3125,0,0,-0.0008,0.0002
113.4107,0.2956,0.1118,0.5464,948604.3125,0,0,-0.0009,0.0000
113.4203,0.3011,0.1113,0.5464,948604.3125,0,0,-0.0009,0.0000
113.4303,0.3047,0.1010,0.5464,948604.3125,0,0,-0.0008,0.0002
113.4408,0.3014,0.1034,0.5464,948604.3125,0,0,-0.0008,0.0002
113.4503,0.2931,0.1106,0.5464,948604.3125,0,0,-0.0010,-0.0000
113.4607,0.2987,0.1112,0.5464,948611.0000,0,0,-0.0010,-0.0001
113.4703,0.3013,0.1062,0.5464,948611.0000,0,0,-0.0010,-0.0001
113.4803,0.3026,0.1040,0.5464,948611.0000,0,0,-0.0010,-0.0000
113.4908,0.2986,0.1064,0.5464,948611.0000,0,0,-0.0010,-0.0001
113.5005,0.2932,0.1072,0.5464,948611.0000,0,0,-0.0010,-0.0003
113.5106,0.2961,0.1057,0.5464,948611.0000,0,0,-0.0011,-0.0003
113.5204,0.2961,0.1031,0.5464,948611.0000,0,0,-0.0011,-0.0004
113.5303,0.2975,0.1091,0.5464,948611.0000,0,0,-0.0011,-0.0005
113.5408,0.2986,0.1148,0.5464,948611.0000,0,0,-0.0011,-0.0005
113.5504,0.3033,0.1129,0.5464,948611.0000,0,0,-0.0011,-0.0004
113.5608,0.3052,0.1095,0.5464,948611.0000,0,0,-0.0010,-0.0003
113.5703,0.3084,0.1067,0.5464,948611.0000,0,0,-0.0009,-0.0001
113.5803,0.3064,0.1033,0.5464,948611.0000,0,0,-0.0008,0.0000
113.5907,0.3062,0.1033,0.5464,948611.0000,0,0,-0.0007,0.0002
113.6005,0.3073,0.1080,0.5464,948611.0000,0,0,-0.0006,0.0003
113.6107,0.3060,0.1094,0.5464,948611.0000,0,0,-0.0005,0.0005
113.6204,0.3044,0.1157,0.5464,948611.0000,0,0,-0.0004,0.0005
113.6303,0.3031,0.1141,0.5464,948611.0000,0,0,-0.0003,0.0006
113.6408,0.3012,0.1063,0.5464,948611.0000,0,0,-0.0003,0.0006
113.6504,0.2992,0.1059,0.5464,948611.0000,0,0,-0.0004,0.0005
113.6608,0.3025,0.1109,0.5464,948611.0000,0,0,-0.0004,0.0006
113.6704,0.3001,0.1096,0.5464,948611.0000,0,0,-0.0004,0.0005
113.6804,0.2947,0.1075,0.5464,948611.0000,0,0,-0.0006,0.0004
113.6907,0.3010,0.1057,0.5464,948611.0000,0,0,-0.0006,0.0004
113.7005,0.3054,0.1046,0.5464,948611.0000,0,0,-0.0004,0.0005
113.7107,0.3032,0.1015,0.5464,948611.0000,0,0,-0.0004,0.0005
113.7204,0.3025,0.1070,0.5464,948611.0000,0,0,-0.0003,0.0006
113.7304,0.3060,0.1031,0.5464,948611.0000,0,0,-0.0002,0.0007
113.7408,0.3025,0.1039,0.5464,948611.0000,0,0,-0.0002,0.0007
113.7504,0.3033,0.1071,0.5464,948611.0000,0,0,-0.0001,0.0007
113.7607,0.3058,0.1088,0.5464,948611.0000,0,0,0.0000,0.0008
113.7704,0.3021,0.1106,0.5464,948611.0000,0,0,0.0000,0.0008
113.7804,0.3034,0.1118,0.5464,948611.0000,0,0,0.0001,0.0009
113.7907,0.3046,0.1133,0.5464,948611.0000,0,0,0.0002,0.0009
113.8005,0.2991,0.1108,0.5464,948611.0000,0,0,0.0001,0.0009
113.8107,0.2978,0.1079,0.5464,948611.0000,0,0,-0.0000,0.0008
113.8204,0.2998,0.1036,0.5464,948611.0000,0,0,-0.0001,0.0008
113.8303,0.2973,0.1044,0.5464,948611.0000,0,0,-0.0002,0.0007
113.8408,0.3023,0.1040,0.5464,948611.0000,0,0,-0.0002,0.0007
113.8503,0.2982,0.1062,0.5464,948611.0000,0,0,-0.0003,0.0007
113.8607,0.2997,0.1047,0.5464,948611.0000,0,0,-0.0003,0.0006
113.8703,0.3076,0.1059,0.5464,948611.0000,0,0,-0.0001,0.0007
113.8803,0.3033,0.1062,0.5464,948611.0000,0,0,-0.0000,0.0008
113.8907,0.3000,0.1073,0.5464,948611.0000,0,0,-0.0001,0.0008
113.9005,0.3015,0.1086,0.5464,948611.0000,0,0,-0.0001,0.0008
113.9107,0.3049,0.1073,0.5464,948611.0000,0,0,0.0000,0.0008
113.9205,0.3022,0.1068,0.5464,948611.0000,0,0,0.0001,0.0008
113.9304,0.3029,0.1106,0.5464,948611.0000,0,0,0.0001,0.0008
113.9408,0.3097,0.1141,0.5464,948611.0000,0,0,0.0003,0.0009
113.9503,0.3002,0.1089,0.5464,948611.0000,0,0,0.0003,0.0009
113.9607,0.2948,0.1109,0.5464,948611.0000,0,0,0.0001,0.0008
113.9703,0.2990,0.1147,0.5464,948611.0000,0,0,0.0000,0.0008
113.9803,0.2986,0.1143,0.5464,948611.0000,0,0,-0.0001,0.0008
113.9907,0.2976,0.1110,0.5464,948611.0000,0,0,-0.0002,0.0007
114.0005,0.3008,0.1062,0.5464,948611.0000,0,0,-0.0002,0.0007
114.0107,0.3019,0.1036,0.5464,948611.0000,0,0,-0.0002,0.0007
114.0204,0.3028,0.1068,0.5464,948611.0000,0,0,-0.0001,0.0008
114.0303,0.3031,0.1076,0.5464,948611.0000,0,0,-0.0001,0.0008
114.0408,0.3019,0.1058,0.5464,948611.0000,0,0,-0.0000,0.0008
114.0503,0.3005,0.1068,0.5464,948611.0000,0,0,-0.0000,0.0008
114.0608,0.3001,0.1114,0.5464,948611.0000,0,0,-0.0001,0.0008
114.0703,0.3007,0.1101,0.5464,948611.0000,0,0,-0.0001,0.0008
114.0804,0.2966,0.1054,0.5464,948611.0000,0,0,-0.0002,0.0007
114.0907,0.2947,0.1094,0.5464,948611.0000,0,0,-0.0003,0.0007
114.1005,0.2975,0.1151,0.5464,948611.0000,0,0,-0.0004,0.0007
114.1107,0.2950,0.1160,0.5464,948611.0000,0,0,-0.0005,0.0007
114.1204,0.2941,0.1110,0.5464,948611.0000,0,0,-0.0007,0.0006
114.1303,0.3034,0.1057,0.5464,948611.0000,0,0,-0.0006,0.0006
114.1408,0.3055,0.1064,0.5464,948611.0000,0,0,-0.0005,0.0007
114.1503,0.3004,0.1078,0.5464,948611.0000,0,0,-0.0005,0.0007
114.1607,0.2970,0.1067,0.5464,948611.0000,0,0,-0.0005,0.0007
114.1703,0.2958,0.1016,0.5464,948611.0000,0,0,-0.0006,0.0007
114.1804,0.3029,0.0971,0.5464,948611.0000,0,0,-0.0006,0.0007
114.1907,0.3000,0.1028,0.5464,948611.0000,0,0,-0.0006,0.0007
114.2005,0.3025,0.1076,0.5464,948611.0000,0,0,-0.0005,0.0007
114.2107,0.3011,0.1068,0.5464,948611.0000,0,0,-0.0005,0.0007
114.2203,0.2998,0.1041,0.5464,948611.0000,0,0,-0.0005,0.0007
114.2303,0.2992,0.1050,0.5464,948611.0000,0,0,-0.0005,0.0007
114.2408,0.2926,0.1058,0.5464,948611.0000,0,0,-0.0006,0.0007
114.2504,0.2948,0.1027,0.5464,948611.0000,0,0,-0.0007,0.0007
114.2607,0.3023,0.1020,0.5464,948611.0000,0,0,-0.0007,0.0007
114.2703,0.2994,0.0984,0.5464,948611.0000,0,0,-0.0007,0.0007
114.2804,0.2951,0.1056,0.5464,948611.0000,0,0,-0.0008,0.0007
114.2906,0.2999,0.1163,0.5464,948611.0000,0,0,-0.0008,0.0007
114.3005,0.3076,0.1165,0.5464,948611.0000,0,0,-0.0006,0.0007
114.3107,0.3009,0.1105,0.5464,948611.0000,0,0,-0.0006,0.0006
114.3204,0.2971,0.1069,0.5464,948611.0000,0,0,-0.0006,0.0007
114.3303,0.2935,0.1090,0.5464,948611.0000,0,0,-0.0007,0.0007
114.3408,0.2976,0.1071,0.5464,948611.0000,0,0,-0.0008,0.0007
114.3504,0.2961,0.1051,0.5464,948611.0000,0,0,-0.0008,0.0008
114.3608,0.2984,0.1112,0.5464,948611.0000,0,0,-0.0008,0.0008
114.3704,0.3005,0.1152,0.5464,948611.0000,0,0,-0.0008,0.0008
114.3804,0.3004,0.1083,0.5464,948611.0000,0,0,-0.0008,0.0007
114.3907,0.3026,0.1016,0.5464,948611.0000,0,0,-0.0008,0.0007
114.4005,0.3043,0.1061,0.5464,948611.0000,0,0,-0.0007,0.0007
114.4107,0.3014,0.1138,0.5464,948611.0000,0,0,-0.0007,0.0006
114.4204,0.3057,0.1114,0.5464,948617.1875,0,0,-0.0006,0.0006
114.4303,0.3036,0.1080,0.5464,948617.1875,0,0,-0.0006,0.0005
114.4408,0.3017,0.1044,0.5464,948617.1875,0,0,-0.0006,0.0005
114.4503,0.3030,0.1073,0.5464,948617.1875,0,0,-0.0006,0.0004
114.4607,0.3026,0.1127,0.5464,948617.1875,0,0,-0.0006,0.0004
114.4703,0.3008,0.1101,0.5464,948617.1875,0,0,-0.0005,0.0004
114.4804,0.3061,0.1035,0.5464,948617.1875,0,0,-0.0005,0.0003
114.4907,0.3000,0.1062,0.5464,948617.1875,0,0,-0.0005,0.0003
114.5005,0.2919,0.1063,0.5464,948617.1875,0,0,-0.0005,0.0004
114.5107,0.2906,0.1073,0.5464,948617.1875,0,0,-0.0006,0.0006
114.5205,0.2940,0.1071,0.5464,948617.1875,0,0,-0.0006,0.0007
114.5304,0.2982,0.1078,0.5464,948617.1875,0,0,-0.0006,0.0007
114.5408,0.3040,0.1060,0.5464,948617.1875,0,0,-0.0006,0.0006
114.5503,0.3044,0.1106,0.5464,948617.1875,0,0,-0.0006,0.0005
114.5608,0.3015,0.1084,0.5464,948617.1875,0,0,-0.0006,0.0005
114.5704,0.2997,0.1097,0.5464,948617.1875,0,0,-0.0006,0.0005
114.5804,0.3040,0.1087,0.5464,948617.1875,0,0,-0.0006,0.0005
114.5906,0.3022,0.1081,0.5464,948617.1875,0,0,-0.0006,0.0004
114.6005,0.3019,0.1126,0.5464,948617.1875,0,0,-0.0006,0.0004
114.6107,0.2996,0.1076,0.5464,948617.1875,0,0,-0.0006,0.0004
114.6204,0.3012,0.1036,0.5464,948617.1875,0,0,-0.0006,0.0004
114.6304,0.3029,0.1083,0.5464,948617.1875,0,0,-0.0006,0.0003
114.6408,0.2990,0.1161,0.5464,948617.1875,0,0,-0.0006,0.0004
114.6504,0.3005,0.1086,0.5464,948617.1875,0,0,-0.0006,0.0004
114.6609,0.2985,0.1025,0.5464,948617.1875,0,0,-0.0006,0.0004
114.6703,0.3042,0.1079,0.5464,948617.1875,0,0,-0.0006,0.0003
114.6804,0.3048,0.1115,0.5464,948617.1875,0,0,-0.0007,0.0003
114.6906,0.3020,0.1082,0.5464,948617.1875,0,0,-0.0007,0.0003
114.7005,0.2976,0.1013,0.5464,948617.1875,0,0,-0.0007,0.0003
114.7107,0.3021,0.1056,0.5464,948617.1875,0,0,-0.0007,0.0003
114.7204,0.3030,0.1070,0.5464,948617.1875,0,0,-0.0007,0.0002
114.7303,0.2992,0.1108,0.5464,948617.1875,0,0,-0.0007,0.0003
114.7408,0.2968,0.1124,0.5464,948617.1875,0,0,-0.0006,0.0003
114.7503,0.2949,0.1096,0.5464,948617.1875,0,0,-0.0006,0.0004
114.7607,0.2958,0.1086,0.5464,948617.1875,0,0,-0.0005,0.0005
114.7703,0.3003,0.1097,0.5464,948617.1875,0,0,-0.0005,0.0005
114.7804,0.2995,0.1053,0.5464,948617.1875,0,0,-0.0005,0.0005
114.7907,0.2979,0.1041,0.5464,948617.1875,0,0,-0.0004,0.0005
114.8005,0.2959,0.1046,0.5464,948617.1875,0,0,-0.0004,0.0005
114.8107,0.2990,0.1096,0.5464,948617.1875,0,0,-0.0003,0.0006
114.8204,0.3022,0.1069,0.5464,948617.1875,0,0,-0.0004,0.0005
114.8304,0.3044,0.1057,0.5464,948617.1875,0,0,-0.0004,0.0005
114.8408,0.2958,0.1091,0.5464,948617.1875,0,0,-0.0004,0.0005
114.8503,0.2986,0.1160,0.5464,948617.1875,0,0,-0.0003,0.0006
114.8607,0.3061,0.1135,0.5464,948617.1875,0,0,-0.0004,0.0005
114.8704,0.3033,0.1097,0.5464,948617.1875,0,0,-0.0005,0.0005
114.8805,0.3040,0.1069,0.5464,948617.1875,0,0,-0.0005,0.0005
114.8907,0.3029,0.1113,0.5464,948617.1875,0,0,-0.0006,0.0005
114.9005,0.2957,0.1186,0.5464,948617.1875,0,0,-0.0005,0.0005
114.9103,0.2953,0.1074,0.5464,948617.1875,0,0,-0.0004,0.0005
114.9207,0.2987,0.0964,0.5464,948617.1875,0,0,-0.0003,0.0005
114.9303,0.2984,0.0957,0.5464,948617.1875,0,0,-0.0003,0.0005
114.9408,0.2982,0.1072,0.5464,948617.1875,0,0,-0.0003,0.0005
114.9504,0.2950,0.1133,0.5464,948617.1875,0,0,-0.0002,0.0005
114.9604,0.2917,0.1109,0.5464,948617.1875,0,0,-0.0000,0.0005
114.9707,0.2964,0.1070,0.5464,948617.1875,0,0,0.0001,0.0005
114.9803,0.3019,0.1069,0.5464,948617.1875,0,0,0.0000,0.0005
114.9907,0.3021,0.1039,0.5464,948617.1875,0,0,0.0000,0.0005
115.0005,0.3000,0.1015,0.5464,948617.1875,0,0,0.0000,0.0005
115.0103,0.3019,0.1014,0.5464,948617.1875,0,0,-0.0000,0.0005
115.0207,0.2993,0.1066,0.5464,948617.1875,0,0,-0.0000,0.0005
115.0303,0.2936,0.1103,0.5464,948617.1875,0,0,0.0001,0.0005
115.0408,0.2961,0.1047,0.5464,948617.1875,0,0,0.0002,0.0005
115.0503,0.2992,0.1072,0.5464,948617.1875,0,0,0.0002,0.0004
115.0604,0.3038,0.1106,0.5464,948617.1875,0,0,0.0001,0.0005
115.0707,0.3038,0.1108,0.5464,948617.1875,0,0,0.0001,0.0005
115.0804,0.2982,0.1107,0.5464,948617.1875,0,0,0.0001,0.0005
115.0907,0.3032,0.1051,0.5464,948617.1875,0,0,0.0001,0.0005
115.1005,0.2996,0.1037,0.5464,948617.1875,0,0,0.0001,0.0005
115.1103,0.2940,0.1044,0.5464,948617.1875,0,0,0.0002,0.0004
115.1207,0.2985,0.1048,0.5464,948617.1875,0,0,0.0002,0.0004
115.1303,0.3018,0.1020,0.5464,948617.1875,0,0,0.0002,0.0004
115.1408,0.3018,0.0984,0.5464,948617.1875,0,0,0.0002,0.0005
115.1503,0.3014,0.0990,0.5464,948617.1875,0,0,0.0001,0.0005
115.1604,0.3014,0.1007,0.5464,948617.1875,0,0,0.0001,0.0005
115.1707,0.2985,0.1096,0.5464,948617.1875,0,0,0.0002,0.0005
115.1804,0.3036,0.1058,0.5464,948617.1875,0,0,0.0001,0.0005
115.1907,0.3038,0.1060,0.5464,948617.1875,0,0,0.0001,0.0006
115.2005,0.3029,0.1057,0.5464,948617.1875,0,0,0.0001,0.0006
115.2103,0.2937,0.1093,0.5464,948617.1875,0,0,0.0001,0.0005
115.2207,0.2924,0.1122,0.5464,948617.1875,0,0,0.0002,0.0003
115.2303,0.2994,0.1108,0.5464,948617.1875,0,0,0.0002,0.0003
115.2408,0.3014,0.1130,0.5464,948617.1875,0,0,0.0002,0.0003
115.2504,0.3013,0.1141,0.5464,948617.1875,0,0,0.0002,0.0003
115.2604,0.3019,0.1086,0.5464,948617.1875,0,0,0.0002,0.0004
115.2707,0.3037,0.1067,0.5464,948617.1875,0,0,0.0002,0.0004
115.2804,0.3001,0.1056,0.5464,948617.1875,0,0,0.0002,0.0004
115.2907,0.3026,0.1076,0.5464,948617.1875,0,0,0.0002,0.0005
115.3005,0.3099,0.1056,0.5464,948617.1875,0,0,0.0002,0.0007
115.3103,0.3082,0.1046,0.5464,948617.1875,0,0,0.0002,0.0009
115.3208,0.3012,0.1047,0.5464,948617.1875,0,0,0.0002,0.0009
115.3303,0.3022,0.1075,0.5464,948617.1875,0,0,0.0002,0.0009
115.3408,0.3040,0.1155,0.5464,948617.1875,0,0,0.0002,0.0010
115.3503,0.3017,0.1129,0.5464,948617.1875,0,0,0.0002,0.0010
115.3604,0.3020,0.1049,0.5464,948617.1875,0,0,0.0002,0.0010
115.3707,0.2953,0.1045,0.5464,948617.1875,0,0,0.0001,0.0008
115.3804,0.2980,0.1089,0.5464,948617.1875,0,0,0.0001,0.0008
115.3907,0.3022,0.1093,0.5464,948617.1875,0,0,0.0001,0.0008
115.4005,0.3004,0.1071,0.5464,948617.1875,0,0,0.0001,0.0008
115.4103,0.3008,0.1048,0.5464,948617.1875,0,0,0.0001,0.0008
115.4207,0.2936,0.1076,0.5464,948618.6875,0,0,0.0001,0.0006
115.4303,0.2960,0.1070,0.5464,948618.6875,0,0,0.0001,0.0006
115.4408,0.2970,0.1087,0.5464,948618.6875,0,0,0.0002,0.0006
115.4504,0.2935,0.1053,0.5464,948618.6875,0,0,0.0003,0.0007
115.4604,0.2963,0.1035,0.5464,948618.6875,0,0,0.0004,0.0007
115.4706,0.2982,0.1073,0.5464,948618.6875,0,0,0.0004,0.0007
115.4804,0.3021,0.1121,0.5464,948618.6875,0,0,0.0004,0.0007
115.4907,0.3071,0.1084,0.5464,948618.6875,0,0,0.0002,0.0007
115.5005,0.3075,0.1042,0.5464,948618.6875,0,0,0.0001,0.0007
115.5104,0.3006,0.1097,0.5464,948618.6875,0,0,0.0001,0.0007
115.5208,0.2934,0.1085,0.5464,948618.6875,0,0,0.0002,0.0006
115.5303,0.2954,0.1065,0.5464,948618.6875,0,0,0.0003,0.0006
115.5408,0.2964,0.1041,0.5464,948618.6875,0,0,0.0003,0.0006
115.5503,0.3031,0.1078,0.5464,948618.6875,0,0,0.0003,0.0006
115.5603,0.3033,0.1113,0.5464,948618.6875,0,0,0.0003,0.0006
115.5707,0.3051,0.1122,0.5464,948618.6875,0,0,0.0002,0.0007
115.5804,0.3044,0.1073,0.5464,948618.6875,0,0,0.0002,0.0007
115.5907,0.2998,0.1033,0.5464,948618.6875,0,0,0.0002,0.0007
115.6006,0.2976,0.1065,0.5464,948618.6875,0,0,0.0002,0.0007
115.6104,0.2982,0.1058,0.5464,948618.6875,0,0,0.0002,0.0007
115.6207,0.2964,0.1038,0.5464,948618.6875,0,0,0.0003,0.0006
115.6304,0.2974,0.0979,0.5464,948618.6875,0,0,0.0003,0.0006
115.6408,0.2956,0.1064,0.5464,948618.6875,0,0,0.0003,0.0005
115.6503,0.2995,0.1058,0.5464,948618.6875,0,0,0.0003,0.0005
115.6605,0.2979,0.1069,0.5464,948618.6875,0,0,0.0003,0.0005
115.6707,0.3024,0.1024,0.5464,948618.6875,0,0,0.0003,0.0005
115.6803,0.3045,0.1010,0.5464,948618.6875,0,0,0.0003,0.0006
115.6907,0.3037,0.1086,0.5464,948618.6875,0,0,0.0003,0.0006
115.7004,0.3007,0.1120,0.5464,948618.6875,0,0,0.0003,0.0006
115.7104,0.2948,0.1092,0.5464,948618.6875,0,0,0.0003,0.0005
115.7207,0.2946,0.1059,0.5464,948618.6875,0,0,0.0003,0.0004
115.7304,0.2978,0.1085,0.5464,948618.6875,0,0,0.0003,0.0004
115.7408,0.2997,0.1084,0.5464,948618.6875,0,0,0.0003,0.0004
115.7503,0.2988,0.1099,0.5464,948618.6875,0,0,0.0003,0.0003
115.7603,0.2947,0.0998,0.5464,948618.6875,0,0,0.0003,0.0002
115.7706,0.2987,0.0977,0.5464,948618.6875,0,0,0.0002,0.0002
115.7803,0.3016,0.1102,0.5464,948618.6875,0,0,0.0003,0.0002
115.7907,0.2978,0.1104,0.5464,948618.6875,0,0,0.0002,0.0002
115.8005,0.3009,0.1081,0.5464,948618.6875,0,0,0.0002,0.0002
115.8103,0.2980,0.1092,0.5464,948618.6875,0,0,0.0002,0.0001
115.8208,0.2949,0.1115,0.5464,948618.6875,0,0,0.0002,0.0000
115.8305,0.2936,0.1098,0.5464,948618.6875,0,0,0.0001,-0.0001
115.8408,0.2958,0.1035,0.5464,948618.6875,0,0,0.0000,-0.0002
115.8504,0.2985,0.0998,0.5464,948618.6875,0,0,0.0000,-0.0002
115.8604,0.2949,0.0974,0.5464,948618.6875,0,0,-0.0001,-0.0003
115.8707,0.2949,0.1057,0.5464,948618.6875,0,0,-0.0001,-0.0004
115.8804,0.2944,0.0990,0.5464,948618.6875,0,0,-0.0002,-0.0006
115.8907,0.3027,0.0985,0.5464,948618.6875,0,0,-0.0002,-0.0005
115.9005,0.3016,0.1001,0.5464,948618.6875,0,0,-0.0001,-0.0004
115.9104,0.2997,0.1037,0.5464,948618.6875,0,0,-0.0001,-0.0004
115.9207,0.2994,0.1070,0.5464,948618.6875,0,0,-0.0001,-0.0004
115.9304,0.3021,0.1053,0.5464,948618.6875,0,0,-0.0001,-0.0003
115.9408,0.2971,0.1042,0.5464,948618.6875,0,0,-0.0001,-0.0004
115.9503,0.2931,0.1035,0.5464,948618.6875,0,0,-0.0002,-0.0005
115.9603,0.2901,0.1055,0.5464,948618.6875,0,0,-0.0004,-0.0007
115.9706,0.2874,0.1075,0.5464,948618.6875,0,0,-0.0007,-0.0010
115.9804,0.2960,0.1048,0.5464,948618.6875,0,0,-0.0008,-0.0010
115.9907,0.3061,0.1120,0.5464,948618.6875,0,0,-0.0006,-0.0009
116.0005,0.3058,0.1174,0.5464,948618.6875,0,0,-0.0004,-0.0007
116.0105,0.3034,0.1136,0.5464,948618.6875,0,0,-0.0003,-0.0006
116.0207,0.3028,0.1142,0.5464,948618.6875,0,0,-0.0002,-0.0005
116.0304,0.2965,0.1138,0.5464,948618.6875,0,0,-0.0002,-0.0006
116.0407,0.2895,0.1110,0.5464,948618.6875,0,0,-0.0005,-0.0008
116.0504,0.2937,0.1125,0.5464,948618.6875,0,0,-0.0006,-0.0009
116.0603,0.2988,0.1120,0.5464,948618.6875,0,0,-0.0006,-0.0009
116.0708,0.2949,0.1054,0.5464,948618.6875,0,0,-0.0007,-0.0009
116.0804,0.2964,0.1066,0.5464,948618.6875,0,0,-0.0007,-0.0009
116.0907,0.3025,0.1072,0.5464,948618.6875,0,0,-0.0006,-0.0009
116.1005,0.2997,0.1056,0.5464,948618.6875,0,0,-0.0006,-0.0008
116.1103,0.3009,0.1044,0.5464,948618.6875,0,0,-0.0005,-0.0008
116.1207,0.2948,0.1051,0.5464,948618.6875,0,0,-0.0006,-0.0009
116.1304,0.2933,0.1111,0.5464,948618.6875,0,0,-0.0007,-0.0009
116.1408,0.2963,0.1151,0.5464,948618.6875,0,0,-0.0008,-0.0010
116.1503,0.2968,0.1071,0.5464,948618.6875,0,0,-0.0008,-0.0010
116.1605,0.3006,0.1069,0.5464,948618.6875,0,0,-0.0007,-0.0009
116.1706,0.3032,0.1108,0.5464,948618.6875,0,0,-0.0006,-0.0009
116.1804,0.2978,0.1088,0.5464,948618.6875,0,0,-0.0006,-0.0009
116.1907,0.3009,0.1034,0.5464,948618.6875,0,0,-0.0005,-0.0008
116.2005,0.3095,0.1013,0.5464,948618.6875,0,0,-0.0002,-0.0007
116.2104,0.3079,0.1077,0.5464,948618.6875,0,0,0.0000,-0.0006
116.2207,0.3002,0.1146,0.5464,948618.6875,0,0,0.0000,-0.0006
116.2303,0.2937,0.1127,0.5464,948618.6875,0,0,-0.0001,-0.0006
116.2408,0.2981,0.1095,0.5464,948618.6875,0,0,-0.0001,-0.0007
116.2503,0.2982,0.1046,0.5464,948618.6875,0,0,-0.0002,-0.0007
116.2603,0.2968,0.1077,0.5464,948618.6875,0,0,-0.0002,-0.0007
116.2707,0.2961,0.1117,0.5464,948618.6875,0,0,-0.0003,-0.0007
116.2803,0.2985,0.1128,0.5464,948618.6875,0,0,-0.0003,-0.0007
116.2907,0.3037,0.1118,0.5464,948618.6875,0,0,-0.0002,-0.0007
116.3005,0.3020,0.1100,0.5464,948618.6875,0,0,-0.0001,-0.0007
116.3103,0.3008,0.1138,0.5464,948618.6875,0,0,-0.0001,-0.0007
116.3207,0.2983,0.1105,0.5464,948618.6875,0,0,-0.0001,-0.0007
116.3304,0.3033,0.1067,0.5464,948618.6875,0,0,-0.0000,-0.0006
116.3408,0.3009,0.1091,0.5464,948618.6875,0,0,0.0000,-0.0006
116.3503,0.3037,0.1128,0.5464,948618.6875,0,0,0.0001,-0.0006
116.3604,0.3023,0.1126,0.5464,948618.6875,0,0,0.0001,-0.0006
116.3706,0.3024,0.1029,0.5464,948618.6875,0,0,0.0002,-0.0006
116.3804,0.3021,0.0988,0.5464,948624.8750,0,0,0.0002,-0.0006
116.3906,0.3029,0.1076,0.5464,948624.8750,0,0,0.0003,-0.0006
116.4005,0.3007,0.1060,0.5464,948624.8750,0,0,0.0003,-0.0006
116.4103,0.3002,0.1010,0.5464,948624.8750,0,0,0.0003,-0.0006
116.4208,0.3034,0.1044,0.5464,948624.8750,0,0,0.0004,-0.0006
116.4304,0.3007,0.1065,0.5464,948624.8750,0,0,0.0004,-0.0006
