Time_s,PLX,PLY,PLZ,EstFreq_Hz,SW,RealSW,DX,DY,VX,VY,CX,CY,PRX,PRY,RealFreq_Hz,RealPhase
0.0000,-0.5317,0.0994,4.5217,0.6000,0,0,0.0000,0.0000,0.0000,0.0000,0.0000,0.0000,0.0000,0.0000,0.6000,-10383436.0000
0.0098,-0.4172,0.1747,4.5920,0.6000,0,0,0.0000,0.0000,0.0000,0.0000,0.0000,0.0000,0.0000,0.0000,0.6000,-10383436.0000
0.0203,-0.3275,0.3737,4.5773,0.6000,0,0,0.0000,0.0000,0.0000,0.0000,0.0000,0.0000,0.0000,0.0000,0.6000,-10383436.0000
0.0299,-0.5360,0.3818,4.3243,0.6000,0,0,0.0000,0.0000,0.0000,0.0000,0.0000,0.0000,0.0000,0.0000,0.6000,-10383436.0000
0.0403,-0.4063,0.6091,4.3680,0.6000,0,0,0.0000,0.0000,0.0000,0.0000,0.0000,0.0000,0.0000,0.0000,0.6000,-10383436.0000
0.0500,-0.2778,0.5451,4.4433,0.6000,0,0,0.0000,0.0000,0.0000,0.0000,0.0000,0.0000,0.0000,0.0000,0.6000,-10383436.0000
0.0600,-0.4960,0.4480,4.4700,0.6000,0,0,0.0000,0.0000,0.0000,0.0000,0.0000,0.0000,0.0000,0.0000,0.6000,-10383436.0000
0.0703,-0.4360,0.8428,4.5779,0.6000,0,0,0.0000,0.0000,0.0000,0.0000,0.0000,0.0000,0.0000,0.0000,0.6000,-10383436.0000
0.0800,-0.1983,0.6253,4.6165,0.6000,0,0,0.0000,0.0000,0.0000,0.0000,0.0000,0.0000,0.0000,0.0000,0.6000,-10383436.0000
0.0908,-0.1903,0.1880,4.5234,0.6000,0,0,0.0000,0.0000,0.0000,0.0000,0.0000,0.0000,0.0000,0.0000,0.6000,-10383436.0000
0.1000,-0.1916,0.5829,4.4774,0.6000,0,0,0.0000,0.0000,0.0000,0.0000,0.0000,0.0000,0.0000,0.0000,0.6000,-10383436.0000
0.1099,-0.2885,0.4831,4.4809,0.6000,0,0,0.0000,0.0000,0.0000,0.0000,0.0000,0.0000,0.0000,0.0000,0.6000,-10383436.0000
0.1203,-0.2426,-0.0483,4.4908,0.6000,0,0,0.0000,0.0000,0.0000,0.0000,0.0000,0.0000,0.0000,0.0000,0.6000,-10383436.0000
0.1299,-0.2910,0.3340,4.5929,0.6000,0,0,0.0000,0.0000,0.0000,0.0000,0.0000,0.0000,0.0000,0.0000,0.6000,-10383436.0000
0.1403,-0.4112,0.5762,4.5739,0.6000,0,0,0.0000,0.0000,0.0000,0.0000,0.0000,0.0000,0.0000,0.0000,0.6000,-10383436.0000
0.1499,-0.3832,0.1223,4.6661,0.6000,0,0,0.0000,0.0000,0.0000,0.0000,0.0000,0.0000,0.0000,0.0000,0.6000,-10383436.0000
0.1600,-0.1014,0.1581,4.7939,0.6000,0,0,0.0000,0.0000,0.0000,0.0000,0.0000,0.0000,0.0000,0.0000,0.6000,-10383436.0000
0.1702,-0.4047,0.3912,4.6501,0.6000,0,0,0.0000,0.0000,0.0000,0.0000,0.0000,0.0000,0.0000,0.0000,0.6000,-10383436.0000
0.1800,-0.4458,0.2946,4.6759,0.6000,0,0,0.0000,0.0000,0.0000,0.0000,0.0000,0.0000,0.0000,0.0000,0.6000,-10383436.0000
0.1902,-0.1905,0.4038,4.8158,0.6000,0,0,0.0000,0.0000,0.0000,0.0000,0.0000,0.0000,0.0000,0.0000,0.6000,-10383436.0000
0.2000,-0.3044,0.3970,4.7553,0.6000,0,0,0.0000,0.0000,0.0000,0.0000,0.0000,0.0000,0.0000,0.0000,0.6000,-10383436.0000
0.2099,-0.5140,0.4737,4.7344,0.6000,0,0,0.0000,0.0000,0.0000,0.0000,0.0000,0.0000,0.0000,0.0000,0.6000,-10383436.0000
0.2204,-0.4351,0.6483,4.7936,0.6000,0,0,0.0000,0.0000,0.0000,0.0000,0.0000,0.0000,0.0000,0.0000,0.6000,-10383436.0000
0.2299,-0.4796,0.3493,4.7507,0.6000,0,0,0.0000,0.0000,0.0000,0.0000,0.0000,0.0000,0.0000,0.0000,0.6000,-10383436.0000
0.2403,-0.5125,0.1346,4.7180,0.6000,0,0,0.0000,0.0000,0.0000,0.0000,0.0000,0.0000,0.0000,0.0000,0.6000,-10383436.0000
0.2499,-0.3946,0.2759,4.8531,0.6000,0,0,0.0000,0.0000,0.0000,0.0000,0.0000,0.0000,0.0000,0.0000,0.6000,-10383436.0000
0.2600,-0.4107,-0.0427,4.8541,0.6000,0,0,0.0000,0.0000,0.0000,0.0000,0.0000,0.0000,0.0000,0.0000,0.6000,-10383436.0000
0.2702,-0.3755,-0.4375,4.8121,0.6000,0,0,0.0000,0.0000,0.0000,0.0000,0.0000,0.0000,0.0000,0.0000,0.6000,-10383436.0000
0.2800,-0.4273,-0.0546,4.7498,0.6000,0,0,0.0000,0.0000,0.0000,0.0000,0.0000,0.0000,0.0000,0.0000,0.6000,-10383436.0000
0.2908,-0.7130,0.1556,4.5115,0.6000,0,0,0.0000,0.0000,0.0000,0.0000,0.0000,0.0000,0.0000,0.0000,0.6000,-10383436.0000
0.3000,-0.5789,-0.1890,4.5897,0.6000,0,0,0.0000,0.0000,0.0000,0.0000,0.0000,0.0000,0.0000,0.0000,0.6000,-10383436.0000
0.3099,-0.5703,0.0254,4.7431,0.6000,0,0,0.0000,0.0000,0.0000,0.0000,0.0000,0.0000,0.0000,0.0000,0.6000,-10383436.0000
0.3202,-0.7899,0.4409,4.5661,0.6000,0,0,0.0000,0.0000,0.0000,0.0000,0.0000,0.0000,0.0000,0.0000,0.6000,-10383436.0000
0.3299,-0.3652,0.2071,4.8808,0.6000,0,0,0.0000,0.0000,0.0000,0.0000,0.0000,0.0000,0.0000,0.0000,0.6000,-10383436.0000
0.3403,-0.2210,0.2708,4.8735,0.6000,0,0,0.0000,0.0000,0.0000,0.0000,0.0000,0.0000,0.0000,0.0000,0.6000,-10383436.0000
0.3499,-0.6270,0.4616,4.6233,0.6000,0,0,0.0000,0.0000,0.0000,0.0000,0.0000,0.0000,0.0000,0.0000,0.6000,-10383436.0000
0.3600,-0.4529,0.0720,4.7284,0.6000,0,0,0.0000,0.0000,0.0000,0.0000,0.0000,0.0000,0.0000,0.0000,0.6000,-10383436.0000
0.3702,-0.3927,-0.2831,4.7427,0.6000,0,0,0.0000,0.0000,0.0000,0.0000,0.0000,0.0000,0.0000,0.0000,0.6000,-10383436.0000
0.3800,-0.5594,-0.1168,4.7252,0.6000,0,0,0.0000,0.0000,0.0000,0.0000,0.0000,0.0000,0.0000,0.0000,0.6000,-10383436.0000
0.3902,-0.5148,-0.1363,4.8627,0.6000,0,0,0.0000,0.0000,0.0000,0.0000,0.0000,0.0000,0.0000,0.0000,0.6000,-10383193.0000
0.4000,-0.5328,-0.0827,4.7726,0.6000,0,0,0.0000,0.0000,0.0000,0.0000,0.0000,0.0000,0.0000,0.0000,0.6000,-10383193.0000
0.4100,-0.4038,0.0918,4.7798,0.6000,0,0,0.0000,0.0000,0.0000,0.0000,0.0000,0.0000,0.0000,0.0000,0.6000,-10383193.0000
0.4203,-0.2895,0.0377,4.6391,0.6000,0,0,0.0000,0.0000,0.0000,0.0000,0.0000,0.0000,0.0000,0.0000,0.6000,-10383193.0000
0.4299,-0.5687,0.1650,4.5774,0.6000,0,0,0.0000,0.0000,0.0000,0.0000,0.0000,0.0000,0.0000,0.0000,0.6000,-10383193.0000
0.4402,-0.5421,0.3013,4.5180,0.6000,0,0,0.0000,0.0000,0.0000,0.0000,0.0000,0.0000,0.0000,0.0000,0.6000,-10383193.0000
0.4500,-0.5448,-0.0483,4.6631,0.6000,0,0,0.0000,0.0000,0.0000,0.0000,0.0000,0.0000,0.0000,0.0000,0.6000,-10383193.0000
0.4600,-0.6531,0.2259,4.5748,0.6000,0,0,0.0000,0.0000,0.0000,0.0000,0.0000,0.0000,0.0000,0.0000,0.6000,-10383193.0000
0.4702,-0.6373,0.5369,4.6000,0.6000,0,0,0.0000,0.0000,0.0000,0.0000,0.0000,0.0000,0.0000,0.0000,0.6000,-10383193.0000
0.4800,-0.2187,0.0433,4.6190,0.6000,0,0,0.0000,0.0000,0.0000,0.0000,0.0000,0.0000,0.0000,0.0000,0.6000,-10383193.0000
0.4908,-0.1175,-0.0558,4.6199,0.6000,0,0,0.0000,0.0000,0.0000,0.0000,0.0000,0.0000,0.0000,0.0000,0.6000,-10383193.0000
0.5000,-0.2635,0.1629,4.4765,0.6000,0,0,0.0000,0.0000,0.0000,0.0000,0.0000,0.0000,0.0000,0.0000,0.6000,-10383193.0000
0.5099,-0.3838,0.0142,4.5117,0.6000,0,0,0.0000,0.0000,0.0000,0.0000,0.0000,0.0000,0.0000,0.0000,0.6000,-10383193.0000
0.5203,-0.3125,-0.1599,4.4829,0.6000,0,0,0.0000,0.0000,0.0000,0.0000,0.0000,0.0000,0.0000,0.0000,0.6000,-10383193.0000
0.5299,-0.3366,-0.1604,4.4901,0.6000,0,0,0.0000,0.0000,0.0000,0.0000,0.0000,0.0000,0.0000,0.0000,0.6000,-10383193.0000
0.5403,-0.3600,-0.0550,4.3499,0.6000,0,0,0.0000,0.0000,0.0000,0.0000,0.0000,0.0000,0.0000,0.0000,0.6000,-10383193.0000
0.5499,-0.5413,0.0730,4.1731,0.6000,0,0,0.0000,0.0000,0.0000,0.0000,0.0000,0.0000,0.0000,0.0000,0.6000,-10383193.0000
0.5600,-0.2620,-0.0371,4.2693,0.6000,0,0,0.0000,0.0000,0.0000,0.0000,0.0000,0.0000,0.0000,0.0000,0.6000,-10383193.0000
0.5702,-0.2137,-0.1951,4.4393,0.6000,0,0,0.0000,0.0000,0.0000,0.0000,0.0000,0.0000,0.0000,0.0000,0.6000,-10383193.0000
0.5800,-0.3908,0.1693,4.4367,0.6000,0,0,0.0000,0.0000,0.0000,0.0000,0.0000,0.0000,0.0000,0.0000,0.6000,-10383193.0000
0.5902,-0.2994,0.2329,4.5568,0.6000,0,0,0.0000,0.0000,0.0000,0.0000,0.0000,0.0000,0.0000,0.0000,0.6000,-10383193.0000
0.6000,0.0844,-0.0701,4.6786,0.6000,0,0,0.0000,0.0000,0.0000,0.0000,0.0000,0.0000,0.0000,0.0000,0.6000,-10383193.0000
0.6099,-0.2285,0.3689,4.5219,0.6000,0,0,0.0000,0.0000,0.0000,0.0000,0.0000,0.0000,0.0000,0.0000,0.6000,-10383193.0000
0.6203,-0.3022,0.5287,4.4428,0.6000,0,0,0.0000,0.0000,0.0000,0.0000,0.0000,0.0000,0.0000,0.0000,0.6000,-10383193.0000
0.6300,-0.0665,-0.0352,4.6170,0.6000,0,0,0.0000,0.0000,0.0000,0.0000,0.0000,0.0000,0.0000,0.0000,0.6000,-10383193.0000
0.6402,-0.0141,-0.1031,4.5787,0.6000,0,0,0.0000,0.0000,0.0000,0.0000,0.0000,0.0000,0.0000,0.0000,0.6000,-10383193.0000
0.6499,-0.0943,-0.1031,4.5438,0.6000,0,0,0.0000,0.0000,0.0000,0.0000,0.0000,0.0000,0.0000,0.0000,0.6000,-10383193.0000
0.6600,-0.1262,-0.2594,4.5684,0.6000,0,0,0.0000,0.0000,0.0000,0.0000,0.0000,0.0000,0.0000,0.0000,0.6000,-10383193.0000
0.6702,-0.3040,0.0247,4.4124,0.6000,0,0,0.0000,0.0000,0.0000,0.0000,0.0000,0.0000,0.0000,0.0000,0.6000,-10383193.0000
0.6800,-0.2091,0.0212,4.4018,0.6000,0,0,0.0000,0.0000,0.0000,0.0000,0.0000,0.0000,0.0000,0.0000,0.6000,-10383193.0000
0.6908,-0.3016,0.0151,4.3699,0.6000,0,0,0.0000,0.0000,0.0000,0.0000,0.0000,0.0000,0.0000,0.0000,0.6000,-10383193.0000
0.7000,-0.1409,0.2120,4.3404,0.6000,0,0,0.0000,0.0000,0.0000,0.0000,0.0000,0.0000,0.0000,0.0000,0.6000,-10383193.0000
0.7099,0.1182,-0.1784,4.5246,0.6000,0,0,0.0000,0.0000,0.0000,0.0000,0.0000,0.0000,0.0000,0.0000,0.6000,-10383193.0000
0.7202,-0.0292,-0.1399,4.4387,0.6000,0,0,0.0000,0.0000,0.0000,0.0000,0.0000,0.0000,0.0000,0.0000,0.6000,-10383193.0000
0.7299,-0.2737,0.3920,4.3575,0.6000,0,0,0.0000,0.0000,0.0000,0.0000,0.0000,0.0000,0.0000,0.0000,0.6000,-10383193.0000
0.7403,-0.1367,0.0920,4.3699,0.6000,0,0,0.0000,0.0000,0.0000,0.0000,0.0000,0.0000,0.0000,0.0000,0.6000,-10383193.0000
0.7499,-0.1134,-0.1250,4.3412,0.6000,0,0,0.0000,0.0000,0.0000,0.0000,0.0000,0.0000,0.0000,0.0000,0.6000,-10383193.0000
0.7600,-0.1349,0.4432,4.3523,0.6000,0,0,0.0000,0.0000,0.0000,0.0000,0.0000,0.0000,0.0000,0.0000,0.6000,-10383193.0000
0.7702,0.0456,0.2938,4.4062,0.6000,0,0,0.0000,0.0000,0.0000,0.0000,0.0000,0.0000,0.0000,0.0000,0.6000,-10383193.0000
0.7800,0.1421,-0.2925,4.3466,0.6000,0,0,0.0000,0.0000,0.0000,0.0000,0.0000,0.0000,0.0000,0.0000,0.6000,-10383193.0000
0.7902,-0.0929,-0.0288,4.3380,0.6000,0,0,0.0000,0.0000,0.0000,0.0000,0.0000,0.0000,0.0000,0.0000,0.6000,-10383193.0000
0.8000,-0.2577,0.0018,4.1604,0.6000,0,0,0.0000,0.0000,0.0000,0.0000,0.0000,0.0000,0.0000,0.0000,0.6000,-10383193.0000
0.8100,-0.3446,-0.3809,4.1596,0.6000,0,0,0.0000,0.0000,0.0000,0.0000,0.0000,0.0000,0.0000,0.0000,0.6000,-10383193.0000
0.8204,-0.1191,-0.1032,4.2236,0.6000,0,0,0.0000,0.0000,0.0000,0.0000,0.0000,0.0000,0.0000,0.0000,0.6000,-10383193.0000
0.8299,-0.2159,0.1692,4.2782,0.6000,0,0,0.0000,0.0000,0.0000,0.0000,0.0000,0.0000,0.0000,0.0000,0.6000,-10383193.0000
0.8402,-0.1611,0.1867,4.2877,0.6000,0,0,0.0000,0.0000,0.0000,0.0000,0.0000,0.0000,0.0000,0.0000,0.6000,-10383193.0000
0.8500,-0.0579,0.2881,4.3641,0.6000,0,0,0.0000,0.0000,0.0000,0.0000,0.0000,0.0000,0.0000,0.0000,0.6000,-10383193.0000
0.8599,-0.0392,0.1235,4.2641,0.6000,0,0,0.0000,0.0000,0.0000,0.0000,0.0000,0.0000,0.0000,0.0000,0.6000,-10383193.0000
0.8702,-0.1805,0.1113,4.1666,0.6000,0,0,0.0000,0.0000,0.0000,0.0000,0.0000,0.0000,0.0000,0.0000,0.6000,-10383193.0000
0.8800,0.0610,0.3534,4.2993,0.6000,0,0,0.0000,0.0000,0.0000,0.0000,0.0000,0.0000,0.0000,0.0000,0.6000,-10383193.0000
0.8907,-0.0123,0.0841,4.3499,0.6000,0,0,0.0000,0.0000,0.0000,0.0000,0.0000,0.0000,0.0000,0.0000,0.6000,-10383193.0000
0.9001,-0.1068,0.1207,4.2833,0.6000,0,0,0.0000,0.0000,0.0000,0.0000,0.0000,0.0000,0.0000,0.0000,0.6000,-10383193.0000
0.9100,-0.1518,0.3307,4.2446,0.6000,0,0,0.0000,0.0000,0.0000,0.0000,0.0000,0.0000,0.0000,0.0000,0.6000,-10383193.0000
0.9202,-0.1566,-0.1965,4.0484,0.6000,0,0,0.0000,0.0000,0.0000,0.0000,0.0000,0.0000,0.0000,0.0000,0.6000,-10383193.0000
0.9299,-0.0432,-0.7087,3.9855,0.6000,0,0,0.0000,0.0000,0.0000,0.0000,0.0000,0.0000,0.0000,0.0000,0.6000,-10383193.0000
0.9403,-0.0112,-0.0620,4.0269,0.6000,0,0,0.0000,0.0000,0.0000,0.0000,0.0000,0.0000,0.0000,0.0000,0.6000,-10383193.0000
0.9499,-0.2590,0.2097,3.9420,0.6000,0,0,0.0000,0.0000,0.0000,0.0000,0.0000,0.0000,0.0000,0.0000,0.6000,-10383193.0000
0.9600,-0.0021,-0.0402,4.1160,0.6000,0,0,0.0000,0.0000,0.0000,0.0000,0.0000,0.0000,0.0000,0.0000,0.6000,-10383193.0000
0.9702,0.1126,0.1070,4.2419,0.6000,0,0,0.0000,0.0000,0.0000,0.0000,0.0000,0.0000,0.0000,0.0000,0.6000,-10383193.0000
0.9800,-0.2392,0.3059,4.1010,0.6000,0,0,0.0000,0.0000,0.0000,0.0000,0.0000,0.0000,0.0000,0.0000,0.6000,-10383193.0000
0.9903,-0.0146,0.1107,4.2037,0.6000,0,0,0.0000,0.0000,0.0000,0.0000,0.0000,0.0000,0.0000,0.0000,0.6000,-10383193.0000
1.0000,0.2850,0.1364,4.2492,0.6000,0,0,0.0000,0.0000,0.0000,0.0000,0.0000,0.0000,0.0000,0.0000,0.6000,-10383193.0000
1.0099,0.0482,0.2237,4.0909,0.6000,0,0,0.0000,0.0000,0.0000,0.0000,0.0000,0.0000,0.0000,0.0000,0.6000,-10383193.0000
1.0203,0.1685,0.3183,4.2948,0.6000,0,0,0.0000,0.0000,0.0000,0.0000,0.0000,0.0000,0.0000,0.0000,0.6000,-10383193.0000
1.0300,0.1419,0.3815,4.3651,0.6000,0,0,0.0000,0.0000,0.0000,0.0000,0.0000,0.0000,0.0000,0.0000,0.6000,-10383193.0000
1.0403,0.0035,-0.1523,4.2179,0.6000,0,0,0.0000,0.0000,0.0000,0.0000,0.0000,0.0000,0.0000,0.0000,0.6000,-10383193.0000
1.0499,0.0153,-0.3132,4.3606,0.6000,0,0,0.0000,0.0000,0.0000,0.0000,0.0000,0.0000,0.0000,0.0000,0.6000,-10383193.0000
1.0599,-0.1512,0.0875,4.1546,0.6000,0,0,0.0000,0.0000,0.0000,0.0000,0.0000,0.0000,0.0000,0.0000,0.6000,-10383193.0000
1.0702,-0.0477,-0.0622,4.1543,0.6000,0,0,0.0000,0.0000,0.0000,0.0000,0.0000,0.0000,0.0000,0.0000,0.6000,-10383193.0000
1.0800,0.1216,-0.0965,4.1965,0.6000,0,0,0.0000,0.0000,0.0000,0.0000,0.0000,0.0000,0.0000,0.0000,0.6000,-10383193.0000
1.0908,-0.2314,0.4404,4.0700,0.6000,0,0,0.0000,0.0000,0.0000,0.0000,0.0000,0.0000,0.0000,0.0000,0.6000,-10383193.0000
1.1000,0.0308,0.6223,4.2718,0.6000,0,0,0.0000,0.0000,0.0000,0.0000,0.0000,0.0000,0.0000,0.0000,0.6000,-10383193.0000
1.1099,0.2634,0.0994,4.4294,0.6000,0,0,0.0000,0.0000,0.0000,0.0000,0.0000,0.0000,0.0000,0.0000,0.6000,-10383193.0000
1.1203,0.0191,-0.0020,4.2907,0.6000,0,0,0.0000,0.0000,0.0000,0.0000,0.0000,0.0000,0.0000,0.0000,0.6000,-10383193.0000
1.1299,0.0932,0.2505,4.3070,0.6000,0,0,0.0000,0.0000,0.0000,0.0000,0.0000,0.0000,0.0000,0.0000,0.6000,-10383193.0000
1.1403,0.1407,-0.1967,4.1589,0.6000,0,0,0.0000,0.0000,0.0000,0.0000,0.0000,0.0000,0.0000,0.0000,0.6000,-10383193.0000
1.1499,0.2035,-0.1291,4.0476,0.6000,0,0,0.0000,0.0000,0.0000,0.0000,0.0000,0.0000,0.0000,0.0000,0.6000,-10383193.0000
1.1600,0.1649,-0.0393,4.0319,0.6000,0,0,0.0000,0.0000,0.0000,0.0000,0.0000,0.0000,0.0000,0.0000,0.6000,-10383193.0000
1.1702,-0.0675,-0.2087,4.0374,0.6000,0,0,0.0000,0.0000,0.0000,0.0000,0.0000,0.0000,0.0000,0.0000,0.6000,-10383193.0000
1.1800,0.0716,0.0451,4.3048,0.6000,0,0,0.0000,0.0000,0.0000,0.0000,0.0000,0.0000,0.0000,0.0000,0.6000,-10383193.0000
1.1902,0.1116,-0.0081,4.5246,0.6000,0,0,0.0000,0.0000,0.0000,0.0000,0.0000,0.0000,0.0000,0.0000,0.6000,-10383193.0000
1.2000,-0.0932,0.1125,4.4279,0.6000,0,0,0.0000,0.0000,0.0000,0.0000,0.0000,0.0000,0.0000,0.0000,0.6000,-10383193.0000
1.2098,-0.0911,0.5482,4.4009,0.6000,0,0,0.0000,0.0000,0.0000,0.0000,0.0000,0.0000,0.0000,0.0000,0.6000,-10383193.0000
1.2204,0.0424,0.1074,4.2598,0.6000,0,0,0.0000,0.0000,0.0000,0.0000,0.0000,0.0000,0.0000,0.0000,0.6000,-10383193.0000
1.2299,-0.0345,-0.1702,4.0994,0.6000,0,0,0.0000,0.0000,0.0000,0.0000,0.0000,0.0000,0.0000,0.0000,0.6000,-10383193.0000
1.2403,-0.0458,0.3274,4.1487,0.6000,0,0,0.0000,0.0000,0.0000,0.0000,0.0000,0.0000,0.0000,0.0000,0.6000,-10383193.0000
1.2499,0.1887,0.1236,4.3375,0.6000,0,0,0.0000,0.0000,0.0000,0.0000,0.0000,0.0000,0.0000,0.0000,0.6000,-10383193.0000
1.2600,0.4466,-0.1710,4.6584,0.6000,0,0,0.0000,0.0000,0.0000,0.0000,0.0000,0.0000,0.0000,0.0000,0.6000,-10383193.0000
1.2700,0.3055,0.2071,4.7188,0.6000,0,0,0.0000,0.0000,0.0000,0.0000,0.0000,0.0000,0.0000,0.0000,0.6000,-10383193.0000
1.2804,-0.0234,0.1597,4.5564,0.6000,0,0,0.0000,0.0000,0.0000,0.0000,0.0000,0.0000,0.0000,0.0000,0.6000,-10383193.0000
1.2908,-0.1026,-0.0755,4.4350,0.6000,0,0,0.0000,0.0000,0.0000,0.0000,0.0000,0.0000,0.0000,0.0000,0.6000,-10383193.0000
1.3000,-0.0427,0.1223,4.2718,0.6000,0,0,0.0000,0.0000,0.0000,0.0000,0.0000,0.0000,0.0000,0.0000,0.6000,-10383193.0000
1.3099,-0.2508,0.1567,4.1794,0.6000,0,0,0.0000,0.0000,0.0000,0.0000,0.0000,0.0000,0.0000,0.0000,0.6000,-10383193.0000
1.3200,-0.1449,0.2093,4.3263,0.6000,0,0,0.0000,0.0000,0.0000,0.0000,0.0000,0.0000,0.0000,0.0000,0.6000,-10383193.0000
1.3303,0.2329,0.3730,4.7264,0.6000,0,0,0.0000,0.0000,0.0000,0.0000,0.0000,0.0000,0.0000,0.0000,0.6000,-10383193.0000
1.3403,0.2455,-0.0216,4.9706,0.6000,0,0,0.0000,0.0000,0.0000,0.0000,0.0000,0.0000,0.0000,0.0000,0.6000,-10383193.0000
1.3500,0.2057,0.1155,4.9636,0.6000,0,0,0.0000,0.0000,0.0000,0.0000,0.0000,0.0000,0.0000,0.0000,0.6000,-10382722.0000
1.3600,0.2734,0.3743,4.8329,0.6000,0,0,0.0000,0.0000,0.0000,0.0000,0.0000,0.0000,0.0000,0.0000,0.6000,-10382722.0000
1.3700,0.2455,0.0361,4.4610,0.6000,0,0,0.0000,0.0000,0.0000,0.0000,0.0000,0.0000,0.0000,0.0000,0.6000,-10382722.0000
1.3802,0.1366,0.1947,4.1877,0.6000,0,0,0.0000,0.0000,0.0000,0.0000,0.0000,0.0000,0.0000,0.0000,0.6000,-10382722.0000
1.3902,0.0097,0.4496,4.2351,0.6000,0,0,0.0000,0.0000,0.0000,0.0000,0.0000,0.0000,0.0000,0.0000,0.6000,-10382722.0000
1.4000,0.0079,-0.1976,4.3510,0.6000,0,0,0.0000,0.0000,0.0000,0.0000,0.0000,0.0000,0.0000,0.0000,0.6000,-10382722.0000
1.4099,0.2142,-0.4066,4.7068,0.6000,0,0,0.0000,0.0000,0.0000,0.0000,0.0000,0.0000,0.0000,0.0000,0.6000,-10382722.0000
1.4199,0.1216,0.1443,4.8502,0.6000,0,0,0.0000,0.0000,0.0000,0.0000,0.0000,0.0000,0.0000,0.0000,0.6000,-10382722.0000
1.4302,0.1718,0.3209,4.7379,0.6000,0,0,0.0000,0.0000,0.0000,0.0000,0.0000,0.0000,0.0000,0.0000,0.6000,-10382722.0000
1.4403,0.6072,0.2200,4.7996,0.6000,0,0,0.0000,0.0000,0.0000,0.0000,0.0000,0.0000,0.0000,0.0000,0.6000,-10382722.0000
1.4499,0.3922,0.4735,4.4485,0.6000,0,0,0.0000,0.0000,0.0000,0.0000,0.0000,0.0000,0.0000,0.0000,0.6000,-10382722.0000
1.4600,0.2654,0.6457,4.3909,0.6000,0,0,0.0000,0.0000,0.0000,0.0000,0.0000,0.0000,0.0000,0.0000,0.6000,-10382722.0000
1.4699,0.5329,0.3035,4.7482,0.6000,0,0,0.0000,0.0000,0.0000,0.0000,0.0000,0.0000,0.0000,0.0000,0.6000,-10382722.0000
1.4804,0.3574,0.3662,5.0318,0.6000,0,0,0.0000,0.0000,0.0000,0.0000,0.0000,0.0000,0.0000,0.0000,0.6000,-10382722.0000
1.4908,0.4367,0.4982,5.3204,0.6000,0,0,0.0000,0.0000,0.0000,0.0000,0.0000,0.0000,0.0000,0.0000,0.6000,-10382722.0000
1.5000,0.6280,0.2511,5.4420,0.6000,0,0,0.0000,0.0000,0.0000,0.0000,0.0000,0.0000,0.0000,0.0000,0.6000,-10382722.0000
1.5099,0.5812,0.1745,5.0372,0.6000,0,0,0.0000,0.0000,0.0000,0.0000,0.0000,0.0000,0.0000,0.0000,0.6000,-10382722.0000
1.5199,0.6105,0.3639,4.9421,0.6000,0,0,0.0000,0.0000,0.0000,0.0000,0.0000,0.0000,0.0000,0.0000,0.6000,-10382722.0000
1.5303,0.3247,0.1288,4.7219,0.6000,0,0,0.0000,0.0000,0.0000,0.0000,0.0000,0.0000,0.0000,0.0000,0.6000,-10382722.0000
1.5403,0.2341,0.0524,4.9449,0.6000,0,0,0.0000,0.0000,0.0000,0.0000,0.0000,0.0000,0.0000,0.0000,0.6000,-10382722.0000
1.5499,0.2888,0.0213,5.3030,0.6000,0,0,0.0000,0.0000,0.0000,0.0000,0.0000,0.0000,0.0000,0.0000,0.6000,-10382722.0000
1.5600,0.0396,-0.1170,5.3240,0.6000,0,0,0.0000,0.0000,0.0000,0.0000,0.0000,0.0000,0.0000,0.0000,0.6000,-10382722.0000
1.5699,0.1631,0.1737,5.1893,0.6000,0,0,0.0000,0.0000,0.0000,0.0000,0.0000,0.0000,0.0000,0.0000,0.6000,-10382722.0000
1.5803,0.3736,0.2236,5.0398,0.6000,0,0,0.0000,0.0000,0.0000,0.0000,0.0000,0.0000,0.0000,0.0000,0.6000,-10382722.0000
1.5902,0.2292,0.0622,4.6543,0.6000,0,0,0.0000,0.0000,0.0000,0.0000,0.0000,0.0000,0.0000,0.0000,0.6000,-10382722.0000
1.6000,0.1207,0.5525,4.6829,0.6000,0,0,0.0000,0.0000,0.0000,0.0000,0.0000,0.0000,0.0000,0.0000,0.6000,-10382722.0000
1.6099,0.1917,0.3193,4.7999,0.6000,0,0,0.0000,0.0000,0.0000,0.0000,0.0000,0.0000,0.0000,0.0000,0.6000,-10382722.0000
1.6200,0.1798,-0.3862,4.9371,0.6000,0,0,0.0000,0.0000,0.0000,0.0000,0.0000,0.0000,0.0000,0.0000,0.6000,-10382722.0000
1.6302,0.1234,-0.1081,4.9716,0.6000,0,0,0.0000,0.0000,0.0000,0.0000,0.0000,0.0000,0.0000,0.0000,0.6000,-10382722.0000
1.6402,-0.0574,-0.0275,4.6596,0.6000,0,0,0.0000,0.0000,0.0000,0.0000,0.0000,0.0000,0.0000,0.0000,0.6000,-10382722.0000
1.6499,-0.0092,-0.4190,4.4589,0.6000,0,0,0.0000,0.0000,0.0000,0.0000,0.0000,0.0000,0.0000,0.0000,0.6000,-10382722.0000
1.6600,0.1919,-0.0817,4.4249,0.6000,0,0,0.0000,0.0000,0.0000,0.0000,0.0000,0.0000,0.0000,0.0000,0.6000,-10382722.0000
1.6699,-0.0614,0.2137,4.3966,0.6000,0,0,0.0000,0.0000,0.0000,0.0000,0.0000,0.0000,0.0000,0.0000,0.6000,-10382722.0000
1.6804,-0.0850,-0.0894,4.5039,0.6000,0,0,0.0000,0.0000,0.0000,0.0000,0.0000,0.0000,0.0000,0.0000,0.6000,-10382722.0000
1.6908,0.2915,-0.0171,4.7098,0.6000,0,0,0.0000,0.0000,0.0000,0.0000,0.0000,0.0000,0.0000,0.0000,0.6000,-10382722.0000
1.7000,-0.0924,0.1275,4.4739,0.6000,0,0,0.0000,0.0000,0.0000,0.0000,0.0000,0.0000,0.0000,0.0000,0.6000,-10382722.0000
1.7099,-0.2467,0.2652,4.2818,0.6000,0,0,0.0000,0.0000,0.0000,0.0000,0.0000,0.0000,0.0000,0.0000,0.6000,-10382722.0000
1.7200,-0.0693,0.3123,4.3251,0.6000,0,0,0.0000,0.0000,0.0000,0.0000,0.0000,0.0000,0.0000,0.0000,0.6000,-10382722.0000
1.7302,-0.2276,0.0994,4.1924,0.6000,0,0,0.0000,0.0000,0.0000,0.0000,0.0000,0.0000,0.0000,0.0000,0.6000,-10382722.0000
1.7402,-0.1413,-0.0244,4.3383,0.6000,0,0,0.0000,0.0000,0.0000,0.0000,0.0000,0.0000,0.0000,0.0000,0.6000,-10382722.0000
1.7499,-0.0845,0.2120,4.4445,0.6000,0,0,0.0000,0.0000,0.0000,0.0000,0.0000,0.0000,0.0000,0.0000,0.6000,-10382722.0000
1.7600,-0.2211,0.1557,4.2822,0.6000,0,0,0.0000,0.0000,0.0000,0.0000,0.0000,0.0000,0.0000,0.0000,0.6000,-10382722.0000
1.7699,-0.1899,-0.1613,4.2969,0.6000,0,0,0.0000,0.0000,0.0000,0.0000,0.0000,0.0000,0.0000,0.0000,0.6000,-10382722.0000
1.7802,-0.3703,0.1746,4.1785,0.6000,0,0,0.0000,0.0000,0.0000,0.0000,0.0000,0.0000,0.0000,0.0000,0.6000,-10382722.0000
1.7902,-0.6065,0.2108,4.0355,0.6000,0,0,0.0000,0.0000,0.0000,0.0000,0.0000,0.0000,0.0000,0.0000,0.6000,-10382722.0000
1.8000,-0.2934,-0.0512,4.2855,0.6000,0,0,0.0000,0.0000,0.0000,0.0000,0.0000,0.0000,0.0000,0.0000,0.6000,-10382722.0000
1.8099,-0.3626,0.4713,4.3007,0.6000,0,0,0.0000,0.0000,0.0000,0.0000,0.0000,0.0000,0.0000,0.0000,0.6000,-10382722.0000
1.8199,-0.5401,0.7590,4.2957,0.6000,0,0,0.0000,0.0000,0.0000,0.0000,0.0000,0.0000,0.0000,0.0000,0.6000,-10382722.0000
1.8302,-0.1467,0.4040,4.5620,0.6000,0,0,0.0000,0.0000,0.0000,0.0000,0.0000,0.0000,0.0000,0.0000,0.6000,-10382722.0000
1.8402,-0.1962,0.4279,4.5761,0.6000,0,0,0.0000,0.0000,0.0000,0.0000,0.0000,0.0000,0.0000,0.0000,0.6000,-10382722.0000
1.8499,-0.3652,0.5247,4.4906,0.6000,0,0,0.0000,0.0000,0.0000,0.0000,0.0000,0.0000,0.0000,0.0000,0.6000,-10382722.0000
1.8600,-0.1390,0.3343,4.6330,0.6000,0,0,0.0000,0.0000,0.0000,0.0000,0.0000,0.0000,0.0000,0.0000,0.6000,-10382722.0000
1.8699,-0.1846,0.2912,4.5793,0.6000,0,0,0.0000,0.0000,0.0000,0.0000,0.0000,0.0000,0.0000,0.0000,0.6000,-10382722.0000
1.8803,-0.2563,0.0824,4.5626,0.6000,0,0,0.0000,0.0000,0.0000,0.0000,0.0000,0.0000,0.0000,0.0000,0.6000,-10382722.0000
1.8906,-0.3154,0.0881,4.7167,0.6000,0,0,0.0000,0.0000,0.0000,0.0000,0.0000,0.0000,0.0000,0.0000,0.6000,-10382722.0000
1.9000,-0.4704,0.2982,4.6430,0.6000,0,0,0.0000,0.0000,0.0000,0.0000,0.0000,0.0000,0.0000,0.0000,0.6000,-10382722.0000
1.9099,-0.3964,-0.0760,4.7291,0.6000,0,0,0.0000,0.0000,0.0000,0.0000,0.0000,0.0000,0.0000,0.0000,0.6000,-10382722.0000
1.9200,-0.3018,0.0018,4.7498,0.6000,0,0,0.0000,0.0000,0.0000,0.0000,0.0000,0.0000,0.0000,0.0000,0.6000,-10382722.0000
1.9302,-0.6649,0.6607,4.4983,0.6000,0,0,0.0000,0.0000,0.0000,0.0000,0.0000,0.0000,0.0000,0.0000,0.6000,-10382722.0000
1.9403,-0.2632,0.4476,4.6260,0.6000,0,0,0.0000,0.0000,0.0000,0.0000,0.0000,0.0000,0.0000,0.0000,0.6000,-10382722.0000
1.9500,-0.0160,0.1896,4.7777,0.6000,0,0,0.0000,0.0000,0.0000,0.0000,0.0000,0.0000,0.0000,0.0000,0.6000,-10382722.0000
1.9600,-0.3576,0.5928,4.6569,0.6000,0,0,0.0000,0.0000,0.0000,0.0000,0.0000,0.0000,0.0000,0.0000,0.6000,-10382722.0000
1.9699,-0.4087,0.5071,4.8604,0.6000,0,0,0.0000,0.0000,0.0000,0.0000,0.0000,0.0000,0.0000,0.0000,0.6000,-10382722.0000
1.9803,-0.6613,0.2388,4.7769,0.6000,0,0,0.0000,0.0000,0.0000,0.0000,0.0000,0.0000,0.0000,0.0000,0.6000,-10382722.0000
1.9902,-1.1748,0.4742,4.5399,0.6000,0,0,0.0000,0.0000,0.0000,0.0000,0.0000,0.0000,0.0000,0.0000,0.6000,-10382722.0000
2.0000,-1.1594,0.2062,4.4619,0.6000,0,0,0.0000,0.0000,0.0000,0.0000,0.0000,0.0000,0.0000,0.0000,0.6000,-10382722.0000
2.0099,-1.0689,-0.1462,4.4883,0.6000,0,0,0.0000,0.0000,0.0000,0.0000,0.0000,0.0000,0.0000,0.0000,0.6000,-10382722.0000
2.0200,-0.8730,0.0444,4.5373,0.6000,0,0,0.0000,0.0000,0.0000,0.0000,0.0000,0.0000,0.0000,0.0000,0.6000,-10382722.0000
2.0302,-0.7423,0.0743,4.7111,0.6000,0,0,0.0000,0.0000,0.0000,0.0000,0.0000,0.0000,0.0000,0.0000,0.6000,-10382722.0000
2.0402,-0.9965,0.3377,4.5671,0.6000,0,0,0.0000,0.0000,0.0000,0.0000,0.0000,0.0000,0.0000,0.0000,0.6000,-10382722.0000
2.0500,-0.9237,0.4991,4.6978,0.6000,0,0,0.0000,0.0000,0.0000,0.0000,0.0000,0.0000,0.0000,0.0000,0.6000,-10382722.0000
2.0600,-0.8656,0.1339,4.6202,0.6000,0,0,0.0000,0.0000,0.0000,0.0000,0.0000,0.0000,0.0000,0.0000,0.6000,-10382722.0000
2.0699,-1.0641,0.3460,4.5005,0.6000,0,0,0.0000,0.0000,0.0000,0.0000,0.0000,0.0000,0.0000,0.0000,0.6000,-10382722.0000
2.0804,-0.7634,0.5935,4.7001,0.6000,0,0,0.0000,0.0000,0.0000,0.0000,0.0000,0.0000,0.0000,0.0000,0.6000,-10382722.0000
2.0906,-0.6516,0.0863,4.8649,0.6000,0,0,0.0000,0.0000,0.0000,0.0000,0.0000,0.0000,0.0000,0.0000,0.6000,-10382722.0000
2.1000,-0.6883,0.1819,4.8034,0.6000,0,0,0.0000,0.0000,0.0000,0.0000,0.0000,0.0000,0.0000,0.0000,0.6000,-10382722.0000
2.1100,-0.5387,0.5221,4.9068,0.6000,0,0,0.0000,0.0000,0.0000,0.0000,0.0000,0.0000,0.0000,0.0000,0.6000,-10382722.0000
2.1199,-0.3471,0.0351,4.7904,0.6000,0,0,0.0000,0.0000,0.0000,0.0000,0.0000,0.0000,0.0000,0.0000,0.6000,-10382722.0000
2.1302,-0.1803,-0.0884,4.8206,0.6000,0,0,0.0000,0.0000,0.0000,0.0000,0.0000,0.0000,0.0000,0.0000,0.6000,-10382722.0000
2.1402,-0.4052,0.2486,4.8315,0.6000,0,0,0.0000,0.0000,0.0000,0.0000,0.0000,0.0000,0.0000,0.0000,0.6000,-10382722.0000
2.1499,-0.7655,0.0643,4.7039,0.6000,0,0,0.0000,0.0000,0.0000,0.0000,0.0000,0.0000,0.0000,0.0000,0.6000,-10382722.0000
2.1600,-0.5391,-0.1397,4.9247,0.6000,0,0,0.0000,0.0000,0.0000,0.0000,0.0000,0.0000,0.0000,0.0000,0.6000,-10382722.0000
2.1700,-0.6824,0.1491,4.8858,0.6000,0,0,0.0000,0.0000,0.0000,0.0000,0.0000,0.0000,0.0000,0.0000,0.6000,-10382722.0000
2.1802,-0.7878,0.4830,4.6787,0.6000,0,0,0.0000,0.0000,0.0000,0.0000,0.0000,0.0000,0.0000,0.0000,0.6000,-10382722.0000
2.1902,-0.2033,0.3946,4.8494,0.6000,0,0,0.0000,0.0000,0.0000,0.0000,0.0000,0.0000,0.0000,0.0000,0.6000,-10382722.0000
2.2000,-0.0290,0.4468,4.8000,0.6000,0,0,0.0000,0.0000,0.0000,0.0000,0.0000,0.0000,0.0000,0.0000,0.6000,-10382722.0000
2.2099,-0.2698,0.5796,4.6081,0.6000,0,0,0.0000,0.0000,0.0000,0.0000,0.0000,0.0000,0.0000,0.0000,0.6000,-10382722.0000
2.2200,-0.2158,0.1563,4.8160,0.6000,0,0,0.0000,0.0000,0.0000,0.0000,0.0000,0.0000,0.0000,0.0000,0.6000,-10382722.0000
2.2302,-0.1922,-0.0361,4.8221,0.6000,0,0,0.0000,0.0000,0.0000,0.0000,0.0000,0.0000,0.0000,0.0000,0.6000,-10382722.0000
2.2402,-0.3045,-0.1246,4.7631,0.6000,0,0,0.0000,0.0000,0.0000,0.0000,0.0000,0.0000,0.0000,0.0000,0.6000,-10382722.0000
2.2500,-0.3807,-0.1593,4.6840,0.6000,0,0,0.0000,0.0000,0.0000,0.0000,0.0000,0.0000,0.0000,0.0000,0.6000,-10382722.0000
2.2600,-0.6656,0.1356,4.4465,0.6000,0,0,0.0000,0.0000,0.0000,0.0000,0.0000,0.0000,0.0000,0.0000,0.6000,-10382722.0000
2.2700,-0.7326,-0.0963,4.3452,0.6000,0,0,0.0000,0.0000,0.0000,0.0000,0.0000,0.0000,0.0000,0.0000,0.6000,-10382722.0000
2.2804,-0.7128,-0.2787,4.4001,0.6000,0,0,-0.0238,0.0000,-0.0249,0.0000,-0.0056,0.0000,-0.0296,0.0000,0.6000,-10382722.0000
2.2908,-1.1354,0.2023,4.2181,0.6000,0,0,-0.0478,0.0000,-0.0464,0.0000,-0.0111,0.0000,-0.0594,0.0000,0.6000,-10382722.0000
2.3000,-0.9404,0.1844,4.3414,0.6000,0,0,-0.0720,0.0000,-0.0646,0.0000,-0.0167,0.0000,-0.0894,0.0000,0.6000,-10382722.0000
2.3099,-0.7626,-0.0505,4.4253,0.6000,0,0,-0.0955,0.0000,-0.0782,0.0000,-0.0221,0.0000,-0.1184,0.0000,0.6000,-10382722.0000
2.3200,-1.1219,0.5126,4.0785,0.5999,0,0,-0.1201,0.0000,-0.0895,0.0000,-0.0276,0.0000,-0.1486,0.0000,0.6000,-10382722.0000
2.3302,-0.8745,0.5135,4.1656,0.5997,0,0,-0.1448,0.0000,-0.0974,0.0000,-0.0331,0.0000,-0.1789,0.0000,0.6000,-10382722.0000
2.3403,-0.8274,-0.0599,4.2025,0.5994,0,0,-0.1678,0.0000,-0.0999,0.0000,-0.0383,0.0000,-0.2070,0.0000,0.6000,-10382722.0000
2.3499,-0.9932,0.2106,4.2367,0.5989,0,0,-0.1925,0.0000,-0.1011,0.0000,-0.0438,0.0000,-0.2373,0.0000,0.6000,-10381792.0000
2.3600,-1.0060,0.3454,4.3896,0.5981,0,0,-0.2173,0.0000,-0.0990,0.0000,-0.0493,0.0000,-0.2676,0.0000,0.6000,-10381792.0000
2.3699,-1.0559,-0.0093,4.3875,0.5970,0,0,-0.2421,0.0000,-0.0937,0.0000,-0.0548,0.0000,-0.2979,0.0000,0.6000,-10381792.0000
2.3803,-0.9791,-0.0936,4.3004,0.5956,0,0,-0.2662,0.0000,-0.0847,0.0000,-0.0602,0.0000,-0.3273,0.0000,0.6000,-10381792.0000
2.3901,-0.9302,0.1670,4.2556,0.5940,0,0,-0.2876,0.0000,-0.0700,0.0000,-0.0649,0.0000,-0.3532,0.0000,0.6000,-10381792.0000
2.4000,-1.1354,0.0932,4.0372,0.5915,0,0,-0.3122,0.0000,-0.0570,0.0000,-0.0704,0.0000,-0.3832,0.0000,0.6000,-10381792.0000
2.4099,-0.9032,0.0229,4.3081,0.5892,0,0,-0.3305,0.0000,-0.0348,0.0000,-0.0745,0.0000,-0.4054,0.0000,0.6000,-10381792.0000
2.4200,-1.0409,0.3155,4.3779,0.5857,0,0,-0.3527,0.0000,-0.0163,0.0000,-0.0794,0.0000,-0.4323,0.0000,0.6000,-10381792.0000
2.4302,-1.2189,0.6707,4.4101,0.5810,0,0,-0.3769,0.0000,0.0001,0.0000,-0.0849,0.0000,-0.4618,0.0000,0.6000,-10381792.0000
2.4402,-0.7520,0.4307,4.6436,0.5787,0,0,-0.3869,0.0000,0.0364,0.0000,-0.0872,0.0000,-0.4737,0.0000,0.6000,-10381792.0000
2.4500,-0.7729,0.4259,4.6156,0.5759,0,0,-0.3970,0.0000,0.0720,0.0000,-0.0895,0.0000,-0.4857,0.0000,0.6000,-10381792.0000
2.4599,-0.9171,0.5854,4.4359,0.5712,0,0,-0.4114,0.0000,0.0996,0.0000,-0.0928,0.0000,-0.5032,0.0000,0.6000,-10381792.0000
2.4699,-0.5916,0.2134,4.7196,0.5700,0,0,-0.4135,0.0000,0.1470,0.0000,-0.0935,0.0000,-0.5056,0.0000,0.6000,-10381792.0000
2.4803,-0.6394,0.0145,4.6388,0.5681,0,0,-0.4169,0.0000,0.1909,0.0000,-0.0946,0.0000,-0.5095,0.0000,0.6000,-10381792.0000
2.4906,-0.7222,0.2068,4.6206,0.5646,0,0,-0.4227,0.0000,0.2279,0.0000,-0.0962,0.0000,-0.5166,0.0000,0.6000,-10381792.0000
2.5000,-0.7788,-0.0372,4.7754,0.5597,0,0,-0.4301,0.0000,0.2591,0.0000,-0.0982,0.0000,-0.5257,0.0000,0.6000,-10381792.0000
2.5099,-1.0738,-0.1045,4.4770,0.5484,0,0,-0.4483,0.0000,0.2613,0.0000,-0.1023,0.0000,-0.5480,0.0000,0.6000,-10381792.0000
2.5200,-1.1372,0.2241,4.5696,0.5349,0,0,-0.4685,0.0000,0.2537,0.0000,-0.1067,0.0000,-0.5727,0.0000,0.6000,-10381792.0000
2.5302,-1.2666,0.3361,4.4745,0.5175,0,0,-0.4936,0.0000,0.2274,0.0000,-0.1119,0.0000,-0.6032,0.0000,0.6000,-10381792.0000
2.5403,-1.0190,0.4560,4.5291,0.5061,0,0,-0.5083,0.0000,0.2269,0.0000,-0.1149,0.0000,-0.6210,0.0000,0.6000,-10381792.0000
2.5499,-0.5418,0.4852,4.8836,0.5085,0,0,-0.5027,0.0000,0.2894,0.0000,-0.1143,0.0000,-0.6142,0.0000,0.6000,-10381792.0000
2.5600,-0.8366,0.3640,4.7158,0.5014,0,0,-0.5095,0.0000,0.3065,0.0000,-0.1159,0.0000,-0.6224,0.0000,0.6000,-10381792.0000
2.5699,-0.8577,0.4952,4.8272,0.4933,0,0,-0.5171,0.0000,0.3175,0.0000,-0.1175,0.0000,-0.6315,0.0000,0.6000,-10381792.0000
2.5803,-0.6783,0.3086,4.9291,0.4916,0,0,-0.5162,0.0000,0.3587,0.0000,-0.1178,0.0000,-0.6304,0.0000,0.6000,-10381792.0000
2.5902,-0.7906,-0.1133,4.7206,0.4854,0,0,-0.5204,0.0000,0.3762,0.0000,-0.1189,0.0000,-0.6355,0.0000,0.6000,-10381792.0000
2.6000,-0.6483,0.0856,4.8535,0.4848,0,0,-0.5173,0.0000,0.4218,0.0000,-0.1190,0.0000,-0.6321,0.0000,0.6000,-10381792.0000
2.6099,-0.8146,0.2426,4.8060,0.4770,0,0,-0.5227,0.0000,0.4281,0.0000,-0.1201,0.0000,-0.6386,0.0000,0.6000,-10381792.0000
2.6200,-0.8403,-0.0387,4.7624,0.4680,0,0,-0.5296,0.0000,0.4259,0.0000,-0.1213,0.0000,-0.6466,0.0000,0.6000,-10381792.0000
2.6302,-0.6944,0.1298,4.9082,0.4657,0,0,-0.5280,0.0000,0.4593,0.0000,-0.1216,0.0000,-0.6450,0.0000,0.6000,-10381792.0000
2.6402,-1.0246,0.4496,4.6293,0.4475,0,0,-0.5460,0.0000,0.4011,0.0000,-0.1237,0.0000,-0.6657,0.0000,0.6000,-10381792.0000
2.6499,-0.8009,0.2660,4.7786,0.4408,0,0,-0.5504,0.0000,0.4056,0.0000,-0.1244,0.0000,-0.6707,0.0000,0.6000,-10381792.0000
2.6600,-0.4036,0.2224,4.9527,0.4543,0,0,-0.5292,0.0000,0.5277,0.0000,-0.1231,0.0000,-0.6470,0.0000,0.6000,-10381792.0000
2.6699,-0.6650,0.4644,4.7375,0.4534,0,0,-0.5251,0.0000,0.5652,0.0000,-0.1232,0.0000,-0.6426,0.0000,0.6000,-10381792.0000
2.6803,-0.4386,0.2830,4.8991,0.4641,0,0,-0.5055,0.0000,0.6733,0.0000,-0.1223,0.0000,-0.6211,0.0000,0.6000,-10381792.0000
2.6906,-0.1832,0.1398,4.9322,0.4873,0,0,-0.4679,0.0000,0.8605,0.0000,-0.1205,0.0000,-0.5798,0.0000,0.6000,-10381792.0000
2.7000,-0.4102,-0.0963,4.6786,0.4964,0,0,-0.4470,0.0000,0.9614,0.0000,-0.1199,0.0000,-0.5573,0.0000,0.6000,-10381792.0000
2.7099,-0.3267,-0.2645,4.7527,0.5087,0,0,-0.4203,0.0000,1.0836,0.0000,-0.1191,0.0000,-0.5285,0.0000,0.6000,-10381792.0000
2.7199,-0.6086,0.1209,4.5222,0.5044,0,0,-0.4155,0.0000,1.0990,0.0000,-0.1194,0.0000,-0.5239,0.0000,0.6000,-10381792.0000
2.7302,-0.6289,-0.0120,4.4639,0.4988,0,0,-0.4127,0.0000,1.1044,0.0000,-0.1196,0.0000,-0.5213,0.0000,0.6000,-10381792.0000
2.7403,-0.2749,-0.1599,4.6566,0.5119,0,0,-0.3822,0.0000,1.2302,0.0000,-0.1190,0.0000,-0.4889,0.0000,0.6000,-10381792.0000
2.7499,-0.5471,0.3577,4.4807,0.5088,0,0,-0.3746,0.0000,1.2497,0.0000,-0.1192,0.0000,-0.4812,0.0000,0.6000,-10381792.0000
2.7600,-0.5419,0.2900,4.5804,0.5057,0,0,-0.3670,0.0000,1.2673,0.0000,-0.1193,0.0000,-0.4736,0.0000,0.6000,-10381792.0000
2.7700,-0.2558,-0.1301,4.7108,0.5169,0,0,-0.3365,0.0000,1.3780,0.0000,-0.1189,0.0000,-0.4416,0.0000,0.6000,-10381792.0000
2.7803,-0.4646,0.1994,4.5320,0.5157,0,0,-0.3246,0.0000,1.4058,0.0000,-0.1189,0.0000,-0.4295,0.0000,0.6000,-10381792.0000
2.7903,-0.5513,0.5241,4.4232,0.5097,0,0,-0.3206,0.0000,1.4000,0.0000,-0.1191,0.0000,-0.4257,0.0000,0.6000,-10381792.0000
2.8000,-0.1706,0.3227,4.5461,0.5221,0,0,-0.2854,0.0000,1.5148,0.0000,-0.1188,0.0000,-0.3891,0.0000,0.6000,-10381792.0000
2.8099,-0.1166,0.4112,4.5072,0.5350,0,0,-0.2475,0.0000,1.6309,0.0000,-0.1186,0.0000,-0.3498,0.0000,0.6000,-10381792.0000
2.8200,-0.1406,0.2839,4.5669,0.5447,0,0,-0.2138,0.0000,1.7224,0.0000,-0.1185,0.0000,-0.3150,0.0000,0.6000,-10381792.0000
2.8302,-0.0794,-0.1504,4.6351,0.5447,0,0,-0.1703,0.0000,1.8400,0.0000,-0.1183,0.0000,-0.2702,0.0000,0.6000,-10381792.0000
2.8403,-0.1859,-0.1787,4.5353,0.5488,0,0,-0.1449,0.0000,1.8838,0.0000,-0.1183,0.0000,-0.2444,0.0000,0.6000,-10381792.0000
2.8499,-0.1719,-0.0982,4.4456,0.5522,0,0,-0.1201,0.0000,1.9207,0.0000,-0.1183,0.0000,-0.2192,0.0000,0.6000,-10381792.0000
2.8600,-0.2138,-0.1061,4.4030,0.5524,0,0,-0.1004,0.0000,1.9365,0.0000,-0.1183,0.0000,-0.1994,0.0000,0.6000,-10381792.0000
2.8699,-0.0433,0.1972,4.3553,0.5524,0,0,-0.0648,0.0000,1.9978,0.0000,-0.1183,0.0000,-0.1632,0.0000,0.6000,-10381792.0000
2.8804,0.0520,0.2963,4.4971,0.5524,0,0,-0.0317,0.0000,2.0438,0.0000,-0.1183,0.0000,-0.1296,0.0000,0.6000,-10381792.0000
2.8906,-0.2414,0.3198,4.4264,0.5470,0,0,-0.0202,0.0000,2.0229,0.0000,-0.1183,0.0000,-0.1183,0.0000,0.6000,-10381792.0000
2.9000,-0.0320,0.5124,4.5297,0.5470,0,0,0.0093,0.0000,2.0500,0.0000,-0.1183,0.0000,-0.0885,0.0000,0.6000,-10381792.0000
2.9100,0.1608,0.4866,4.6297,0.5592,0,0,0.0492,0.0000,2.0979,0.0000,-0.1184,0.0000,-0.0482,0.0000,0.6000,-10381792.0000
2.9200,-0.0959,0.5297,4.2929,0.5592,0,0,0.0738,0.0000,2.1006,0.0000,-0.1184,0.0000,-0.0236,0.0000,0.6000,-10381792.0000
2.9302,0.2027,0.4657,4.4017,0.5703,0,0,0.1118,0.0000,2.1299,0.0000,-0.1185,0.0000,0.0147,0.0000,0.6000,-10381792.0000
2.9403,0.3070,0.2415,4.3635,0.5840,0,0,0.1547,0.0000,2.1611,0.0000,-0.1185,0.0000,0.0578,0.0000,0.6000,-10381792.0000
2.9499,0.1913,0.1809,4.2704,0.5900,0,0,0.1860,0.0000,2.1591,0.0000,-0.1186,0.0000,0.0890,0.0000,0.6000,-10381792.0000
2.9600,0.3729,0.1949,4.6155,0.6023,0,0,0.2278,0.0000,2.1695,0.0000,-0.1186,0.0000,0.1308,0.0000,0.6000,-10381792.0000
2.9699,0.2137,0.1386,4.5511,0.6057,0,0,0.2552,0.0000,2.1461,0.0000,-0.1186,0.0000,0.1580,0.0000,0.6000,-10381792.0000
2.9803,0.2452,-0.1510,4.4981,0.6091,0,0,0.2826,0.0000,2.1176,0.0000,-0.1186,0.0000,0.1851,0.0000,0.6000,-10381792.0000
2.9902,0.1563,-0.0309,4.5962,0.6080,0,0,0.3019,0.0000,2.0738,0.0000,-0.1186,0.0000,0.2040,0.0000,0.6000,-10381792.0000
3.0000,-0.2269,0.4223,4.1418,0.5925,0,0,0.2949,0.0000,1.9999,0.0000,-0.1187,0.0000,0.1962,0.0000,0.6000,-10381792.0000
3.0099,0.1378,0.1499,4.3764,0.5905,0,0,0.3112,0.0000,1.9557,0.0000,-0.1187,0.0000,0.2121,0.0000,0.6000,-10381792.0000
3.0200,0.4213,0.1897,4.5132,0.5973,0,0,0.3435,0.0000,1.9226,0.0000,-0.1186,0.0000,0.2441,0.0000,0.6000,-10381792.0000
3.0302,0.6103,0.8483,4.4846,0.6088,0,0,0.3842,0.0000,1.8874,0.0000,-0.1184,0.0000,0.2847,0.0000,0.6000,-10381792.0000
3.0402,1.3637,0.5334,5.0370,0.6297,0,0,0.4429,0.0000,1.8490,0.0000,-0.1179,0.0000,0.3435,0.0000,0.6000,-10381792.0000
3.0499,1.3294,0.0890,4.8689,0.6496,0,0,0.4998,0.0000,1.7897,0.0000,-0.1172,0.0000,0.4006,0.0000,0.6000,-10381792.0000
3.0600,0.9995,0.4773,4.7795,0.6657,0,0,0.5495,0.0000,1.7082,0.0000,-0.1165,0.0000,0.4501,0.0000,0.6000,-10381792.0000
3.0700,0.9576,0.3068,4.6846,0.6787,0,0,0.5925,0.0000,1.6079,0.0000,-0.1157,0.0000,0.4928,0.0000,0.6000,-10381792.0000
3.0803,0.7734,-0.3420,4.3914,0.6855,0,0,0.6223,0.0000,1.4948,0.0000,-0.1152,0.0000,0.5220,0.0000,0.6000,-10381792.0000
3.0906,1.0850,-0.1347,4.6449,0.6983,0,0,0.6636,0.0000,1.3633,0.0000,-0.1141,0.0000,0.5632,0.0000,0.6000,-10381792.0000
3.0999,1.0821,0.0905,4.7102,0.7094,0,0,0.7005,0.0000,1.2160,0.0000,-0.1129,0.0000,0.5998,0.0000,0.6000,-10381792.0000
3.1099,1.0653,-0.1064,4.6329,0.7186,0,0,0.7325,0.0000,1.0557,0.0000,-0.1116,0.0000,0.6315,0.0000,0.6000,-10381792.0000
3.1200,1.3935,-0.0320,4.9743,0.7316,0,0,0.7714,0.0000,0.8700,0.0000,-0.1094,0.0000,0.6707,0.0000,0.6000,-10381792.0000
3.1302,0.7644,0.3085,4.4967,0.7332,0,0,0.7837,0.0000,0.7017,0.0000,-0.1091,0.0000,0.6816,0.0000,0.6000,-10381792.0000
3.1402,0.3015,0.3457,4.2204,0.7273,0,0,0.7769,0.0000,0.5581,0.0000,-0.1106,0.0000,0.6719,0.0000,0.6000,-10381792.0000
3.1499,0.3765,0.2621,4.1387,0.7231,0,0,0.7725,0.0000,0.4136,0.0000,-0.1120,0.0000,0.6646,0.0000,0.6000,-10381792.0000
3.1600,0.1580,0.2826,3.8703,0.7168,0,0,0.7604,0.0000,0.2834,0.0000,-0.1146,0.0000,0.6487,0.0000,0.6000,-10381792.0000
3.1699,0.5253,0.2641,4.1150,0.7154,0,0,0.7595,0.0000,0.1356,0.0000,-0.1153,0.0000,0.6456,0.0000,0.6000,-10381792.0000
3.1803,0.7382,0.3857,4.2375,0.7163,0,0,0.7635,0.0000,-0.0220,0.0000,-0.1147,0.0000,0.6486,0.0000,0.6000,-10381792.0000
3.1902,0.5500,0.2771,4.0955,0.7155,0,0,0.7606,0.0000,-0.1732,0.0000,-0.1154,0.0000,0.6435,0.0000,0.6000,-10381792.0000
3.2000,0.5048,-0.0605,4.0729,0.7147,0,0,0.7554,0.0000,-0.3238,0.0000,-0.1164,0.0000,0.6357,0.0000,0.6000,-10381792.0000
3.2099,0.0614,0.1820,3.7732,0.7147,0,0,0.7365,0.0000,-0.4709,0.0000,-0.1218,0.0000,0.6100,0.0000,0.6000,-10381792.0000
3.2200,-0.1138,0.3490,3.5065,0.7129,0,0,0.7152,0.0000,-0.6257,0.0000,-0.1282,0.0000,0.5807,0.0000,0.6000,-10381792.0000
3.2302,0.2422,-0.1064,3.6617,0.7126,0,0,0.7010,0.0000,-0.7786,0.0000,-0.1316,0.0000,0.5616,0.0000,0.6000,-10381792.0000
3.2403,0.2641,0.3213,3.6465,0.7129,0,0,0.6863,0.0000,-0.9338,0.0000,-0.1348,0.0000,0.5422,0.0000,0.6000,-10381792.0000
3.2499,0.2339,0.8553,3.6985,0.7138,0,0,0.6697,0.0000,-1.0937,0.0000,-0.1383,0.0000,0.5204,0.0000,0.6000,-10381792.0000
3.2600,0.6008,0.4168,3.9458,0.7134,0,0,0.6607,0.0000,-1.2206,0.0000,-0.1373,0.0000,0.5112,0.0000,0.6000,-10381792.0000
3.2699,0.5604,0.4457,3.8572,0.7131,0,0,0.6497,0.0000,-1.3474,0.0000,-0.1367,0.0000,0.4996,0.0000,0.6000,-10381792.0000
3.2804,0.3249,0.5073,3.7632,0.7145,0,0,0.6315,0.0000,-1.5035,0.0000,-0.1390,0.0000,0.4775,0.0000,0.6000,-10381792.0000
3.2906,0.3766,0.2530,3.7168,0.7155,0,0,0.6136,0.0000,-1.6481,0.0000,-0.1404,0.0000,0.4567,0.0000,0.6000,-10381792.0000
3.3000,0.3614,0.2935,3.7020,0.7167,0,0,0.5942,0.0000,-1.7910,0.0000,-0.1418,0.0000,0.4345,0.0000,0.6000,-10381792.0000
3.3099,0.4479,-0.0062,3.7863,0.7165,0,0,0.5767,0.0000,-1.9085,0.0000,-0.1416,0.0000,0.4160,0.0000,0.6000,-10381792.0000
3.3200,0.4402,-0.0589,3.8764,0.7161,0,0,0.5585,0.0000,-2.0195,0.0000,-0.1412,0.0000,0.3971,0.0000,0.6000,-10381792.0000
3.3302,0.2239,0.3942,3.7208,0.7189,0,0,0.5316,0.0000,-2.1785,0.0000,-0.1439,0.0000,0.3658,0.0000,0.6000,-10381792.0000
3.3403,0.6179,0.0975,3.8597,0.7146,0,0,0.5204,0.0000,-2.2154,0.0000,-0.1400,0.0000,0.3583,0.0000,0.6000,-10381792.0000
3.3499,0.7630,0.1066,3.8957,0.7071,0,0,0.5165,0.0000,-2.1989,0.0000,-0.1336,0.0000,0.3609,0.0000,0.6000,-10379967.0000
3.3600,0.4356,0.7677,3.7598,0.7057,0,0,0.4981,0.0000,-2.2775,0.0000,-0.1324,0.0000,0.3429,0.0000,0.6000,-10379967.0000
3.3699,0.5402,0.5599,3.7908,0.7018,0,0,0.4854,0.0000,-2.3116,0.0000,-0.1293,0.0000,0.3330,0.0000,0.6000,-10379967.0000
3.3802,0.7214,0.2896,3.9353,0.6938,0,0,0.4834,0.0000,-2.2773,0.0000,-0.1233,0.0000,0.3373,0.0000,0.6000,-10379967.0000
3.3902,0.6445,0.2721,3.8139,0.6874,0,0,0.4781,0.0000,-2.2659,0.0000,-0.1186,0.0000,0.3368,0.0000,0.6000,-10379967.0000
3.4000,0.6461,0.0719,3.7933,0.6809,0,0,0.4738,0.0000,-2.2502,0.0000,-0.1140,0.0000,0.3372,0.0000,0.6000,-10379967.0000
3.4100,0.5797,0.1725,3.7645,0.6757,0,0,0.4662,0.0000,-2.2547,0.0000,-0.1105,0.0000,0.3331,0.0000,0.6000,-10379967.0000
3.4200,0.5662,0.0291,3.7340,0.6708,0,0,0.4585,0.0000,-2.2601,0.0000,-0.1073,0.0000,0.3286,0.0000,0.6000,-10379967.0000
3.4303,0.6867,-0.2780,3.8343,0.6632,0,0,0.4594,0.0000,-2.2220,0.0000,-0.1024,0.0000,0.3347,0.0000,0.6000,-10379967.0000
3.4403,0.4020,0.1693,3.7584,0.6618,0,0,0.4417,0.0000,-2.2796,0.0000,-0.1016,0.0000,0.3173,0.0000,0.6000,-10379967.0000
3.4499,0.3601,0.2693,3.7297,0.6609,0,0,0.4218,0.0000,-2.3422,0.0000,-0.1010,0.0000,0.2974,0.0000,0.6000,-10379967.0000
3.4600,0.7509,-0.0630,4.0060,0.6516,0,0,0.4299,0.0000,-2.2724,0.0000,-0.0956,0.0000,0.3116,0.0000,0.6000,-10379967.0000
3.4699,0.5219,0.3906,3.8462,0.6474,0,0,0.4219,0.0000,-2.2802,0.0000,-0.0932,0.0000,0.3060,0.0000,0.6000,-10379967.0000
3.4804,0.5186,0.5755,3.8956,0.6433,0,0,0.4142,0.0000,-2.2869,0.0000,-0.0909,0.0000,0.3005,0.0000,0.6000,-10379967.0000
3.4906,0.8792,0.2178,4.1424,0.6322,0,0,0.4326,0.0000,-2.1886,0.0000,-0.0848,0.0000,0.3259,0.0000,0.6000,-10379967.0000
3.5000,0.8246,0.3712,4.1114,0.6229,0,0,0.4464,0.0000,-2.1186,0.0000,-0.0798,0.0000,0.3454,0.0000,0.6000,-10379967.0000
3.5100,0.8261,0.5755,4.1431,0.6142,0,0,0.4597,0.0000,-2.0583,0.0000,-0.0753,0.0000,0.3639,0.0000,0.6000,-10379967.0000
3.5199,0.9449,0.3281,4.1924,0.6039,0,0,0.4808,0.0000,-1.9765,0.0000,-0.0700,0.0000,0.3910,0.0000,0.6000,-10379967.0000
3.5302,0.9484,0.2182,4.1130,0.5943,0,0,0.5009,0.0000,-1.9065,0.0000,-0.0652,0.0000,0.4166,0.0000,0.6000,-10379967.0000
3.5403,1.0911,-0.1905,4.2604,0.5831,0,0,0.5299,0.0000,-1.8136,0.0000,-0.0597,0.0000,0.4521,0.0000,0.6000,-10379967.0000
3.5499,0.8243,0.0024,4.2307,0.5771,0,0,0.5382,0.0000,-1.7979,0.0000,-0.0568,0.0000,0.4635,0.0000,0.6000,-10379967.0000
3.5600,0.2392,0.5866,4.1231,0.5806,0,0,0.5044,0.0000,-1.9193,0.0000,-0.0585,0.0000,0.4268,0.0000,0.6000,-10379967.0000
3.5699,0.2470,0.2046,4.1664,0.5833,0,0,0.4726,0.0000,-2.0255,0.0000,-0.0597,0.0000,0.3926,0.0000,0.6000,-10379967.0000
3.5802,0.2958,0.1691,4.1921,0.5847,0,0,0.4456,0.0000,-2.1093,0.0000,-0.0604,0.0000,0.3641,0.0000,0.6000,-10379967.0000
3.5902,0.1324,0.6566,4.0712,0.5881,0,0,0.4084,0.0000,-2.2162,0.0000,-0.0619,0.0000,0.3244,0.0000,0.6000,-10379967.0000
3.6000,0.4991,0.3534,4.3008,0.5856,0,0,0.3983,0.0000,-2.2382,0.0000,-0.0608,0.0000,0.3151,0.0000,0.6000,-10379967.0000
3.6099,0.7316,0.1707,4.3528,0.5800,0,0,0.4043,0.0000,-2.2149,0.0000,-0.0584,0.0000,0.3238,0.0000,0.6000,-10379967.0000
3.6200,0.4258,0.5343,4.2756,0.5787,0,0,0.3890,0.0000,-2.2505,0.0000,-0.0578,0.0000,0.3087,0.0000,0.6000,-10379967.0000
3.6302,0.3455,0.4410,4.3651,0.5783,0,0,0.3690,0.0000,-2.2957,0.0000,-0.0576,0.0000,0.2884,0.0000,0.6000,-10379967.0000
3.6403,0.1495,0.3055,4.3462,0.5800,0,0,0.3368,0.0000,-2.3670,0.0000,-0.0583,0.0000,0.2548,0.0000,0.6000,-10379967.0000
3.6499,0.0442,0.0897,4.3400,0.5800,0,0,0.2965,0.0000,-2.4514,0.0000,-0.0596,0.0000,0.2124,0.0000,0.6000,-10379967.0000
3.6600,0.1069,-0.2024,4.4167,0.5812,0,0,0.2651,0.0000,-2.5064,0.0000,-0.0601,0.0000,0.1800,0.0000,0.6000,-10379967.0000
3.6699,-0.1042,0.1936,4.2388,0.5846,0,0,0.2218,0.0000,-2.5819,0.0000,-0.0613,0.0000,0.1347,0.0000,0.6000,-10379967.0000
3.6804,0.0006,0.3579,4.3720,0.5846,0,0,0.1875,0.0000,-2.6300,0.0000,-0.0619,0.0000,0.0993,0.0000,0.6000,-10379967.0000
3.6906,0.2557,-0.0967,4.5378,0.5828,0,0,0.1710,0.0000,-2.6353,0.0000,-0.0613,0.0000,0.0833,0.0000,0.6000,-10379967.0000
3.7000,-0.0590,0.4082,4.4793,0.5828,0,0,0.1395,0.0000,-2.6683,0.0000,-0.0616,0.0000,0.0512,0.0000,0.6000,-10379967.0000
3.7100,-0.0810,0.7997,4.5534,0.5828,0,0,0.1097,0.0000,-2.6928,0.0000,-0.0618,0.0000,0.0209,0.0000,0.6000,-10379967.0000
3.7201,0.0752,0.2262,4.5949,0.5828,0,0,0.0815,0.0000,-2.7098,0.0000,-0.0619,0.0000,-0.0075,0.0000,0.6000,-10379967.0000
3.7302,-0.1253,0.2991,4.4653,0.5842,0,0,0.0474,0.0000,-2.7327,0.0000,-0.0623,0.0000,-0.0422,0.0000,0.6000,-10379967.0000
3.7403,-0.1357,0.5501,4.5301,0.5854,0,0,0.0146,0.0000,-2.7479,0.0000,-0.0627,0.0000,-0.0755,0.0000,0.6000,-10379967.0000
3.7499,-0.1422,0.0285,4.5745,0.5861,0,0,-0.0167,0.0000,-2.7559,0.0000,-0.0629,0.0000,-0.1071,0.0000,0.6000,-10379967.0000
3.7600,-0.2156,-0.1210,4.6054,0.5873,0,0,-0.0504,0.0000,-2.7626,0.0000,-0.0633,0.0000,-0.1413,0.0000,0.6000,-10379967.0000
3.7698,-0.2231,0.0449,4.6619,0.5882,0,0,-0.0826,0.0000,-2.7621,0.0000,-0.0635,0.0000,-0.1737,0.0000,0.6000,-10379967.0000
3.7803,-0.5143,0.0292,4.5331,0.5917,0,0,-0.1289,0.0000,-2.7752,0.0000,-0.0647,0.0000,-0.2213,0.0000,0.6000,-10379967.0000
3.7902,-0.4205,0.1526,4.4912,0.5937,0,0,-0.1674,0.0000,-2.7706,0.0000,-0.0653,0.0000,-0.2605,0.0000,0.6000,-10379967.0000
3.8000,-0.3574,0.0829,4.6367,0.5946,0,0,-0.2003,0.0000,-2.7531,0.0000,-0.0657,0.0000,-0.2935,0.0000,0.6000,-10379967.0000
3.8099,-0.5648,0.0753,4.5528,0.5971,0,0,-0.2420,0.0000,-2.7402,0.0000,-0.0665,0.0000,-0.3359,0.0000,0.6000,-10379967.0000
3.8200,-0.6485,0.4537,4.7118,0.5998,0,0,-0.2854,0.0000,-2.7217,0.0000,-0.0675,0.0000,-0.3802,0.0000,0.6000,-10379967.0000
3.8302,-0.4344,0.4681,4.7996,0.6003,0,0,-0.3154,0.0000,-2.6836,0.0000,-0.0677,0.0000,-0.4099,0.0000,0.6000,-10379967.0000
3.8403,-0.6253,0.3434,4.6607,0.6020,0,0,-0.3528,0.0000,-2.6474,0.0000,-0.0684,0.0000,-0.4477,0.0000,0.6000,-10379967.0000
3.8499,-0.4787,0.6545,4.6547,0.6022,0,0,-0.3808,0.0000,-2.5981,0.0000,-0.0685,0.0000,-0.4753,0.0000,0.6000,-10379967.0000
3.8600,-0.5703,0.4929,4.6798,0.6029,0,0,-0.4113,0.0000,-2.5465,0.0000,-0.0688,0.0000,-0.5056,0.0000,0.6000,-10379967.0000
3.8699,-0.7026,0.0261,4.6776,0.6043,0,0,-0.4460,0.0000,-2.4929,0.0000,-0.0695,0.0000,-0.5404,0.0000,0.6000,-10379967.0000
3.8804,-0.7956,0.0623,4.9263,0.6060,0,0,-0.4826,0.0000,-2.4346,0.0000,-0.0703,0.0000,-0.5773,0.0000,0.6000,-10379967.0000
3.8906,-0.9176,0.1337,4.8732,0.6081,0,0,-0.5222,0.0000,-2.3714,0.0000,-0.0715,0.0000,-0.6174,0.0000,0.6000,-10379967.0000
3.9000,-0.7571,-0.2797,4.8862,0.6089,0,0,-0.5520,0.0000,-2.2975,0.0000,-0.0720,0.0000,-0.6470,0.0000,0.6000,-10379967.0000
3.9100,-0.5951,-0.0180,4.9197,0.6086,0,0,-0.5728,0.0000,-2.2160,0.0000,-0.0718,0.0000,-0.6667,0.0000,0.6000,-10379967.0000
3.9200,-1.0492,0.5893,4.5877,0.6107,0,0,-0.6110,0.0000,-2.1365,0.0000,-0.0732,0.0000,-0.7056,0.0000,0.6000,-10379967.0000
3.9303,-0.8665,0.4258,4.6972,0.6115,0,0,-0.6390,0.0000,-2.0480,0.0000,-0.0738,0.0000,-0.7333,0.0000,0.6000,-10379967.0000
3.9402,-0.7734,0.2248,4.8708,0.6117,0,0,-0.6611,0.0000,-1.9540,0.0000,-0.0739,0.0000,-0.7546,0.0000,0.6000,-10379967.0000
3.9499,-1.1074,0.6701,4.7218,0.6132,0,0,-0.6946,0.0000,-1.8583,0.0000,-0.0753,0.0000,-0.7885,0.0000,0.6000,-10379967.0000
3.9600,-0.8544,0.3856,4.9665,0.6135,0,0,-0.7158,0.0000,-1.7555,0.0000,-0.0756,0.0000,-0.8089,0.0000,0.6000,-10379967.0000
3.9699,-0.6857,0.0269,4.9211,0.6130,0,0,-0.7286,0.0000,-1.6487,0.0000,-0.0751,0.0000,-0.8202,0.0000,0.6000,-10379967.0000
3.9802,-0.9584,0.3254,4.6988,0.6135,0,0,-0.7503,0.0000,-1.5410,0.0000,-0.0756,0.0000,-0.8413,0.0000,0.6000,-10379967.0000
3.9902,-0.9671,0.1723,4.7305,0.6139,0,0,-0.7703,0.0000,-1.4299,0.0000,-0.0762,0.0000,-0.8608,0.0000,0.6000,-10379967.0000
4.0000,-1.1340,-0.0610,4.5707,0.6147,0,0,-0.7944,0.0000,-1.3163,0.0000,-0.0774,0.0000,-0.8850,0.0000,0.6000,-10379967.0000
4.0100,-1.1560,-0.1260,4.6012,0.6154,0,0,-0.8172,0.0000,-1.1990,0.0000,-0.0787,0.0000,-0.9078,0.0000,0.6000,-10379967.0000
4.0200,-1.1652,-0.3383,4.6684,0.6160,0,0,-0.8381,0.0000,-1.0782,0.0000,-0.0799,0.0000,-0.9288,0.0000,0.6000,-10379967.0000
4.0302,-1.2577,0.1409,4.5546,0.6167,0,0,-0.8602,0.0000,-0.9550,0.0000,-0.0815,0.0000,-0.9512,0.0000,0.6000,-10379967.0000
4.0403,-0.9186,0.3923,4.6809,0.6167,0,0,-0.8686,0.0000,-0.8256,0.0000,-0.0814,0.0000,-0.9582,0.0000,0.6000,-10379967.0000
4.0500,-0.9736,0.1794,4.5994,0.6167,0,0,-0.8774,0.0000,-0.6953,0.0000,-0.0814,0.0000,-0.9658,0.0000,0.6000,-10379967.0000
4.0600,-1.2480,0.5136,4.3963,0.6170,0,0,-0.8937,0.0000,-0.5676,0.0000,-0.0830,0.0000,-0.9823,0.0000,0.6000,-10379967.0000
4.0699,-1.0022,0.3782,4.5418,0.6170,0,0,-0.9000,0.0000,-0.4336,0.0000,-0.0831,0.0000,-0.9874,0.0000,0.6000,-10379967.0000
4.0803,-0.9508,-0.2068,4.5352,0.6170,0,0,-0.9031,0.0000,-0.2976,0.0000,-0.0829,0.0000,-0.9890,0.0000,0.6000,-10379967.0000
4.0906,-1.1402,0.1818,4.4103,0.6170,0,0,-0.9110,0.0000,-0.1655,0.0000,-0.0838,0.0000,-0.9964,0.0000,0.6000,-10379967.0000
4.1000,-1.1305,0.3175,4.3764,0.6170,0,0,-0.9170,0.0000,-0.0324,0.0000,-0.0846,0.0000,-1.0019,0.0000,0.6000,-10379967.0000
4.1100,-1.1113,-0.2777,4.2679,0.6170,0,0,-0.9209,0.0000,0.1018,0.0000,-0.0853,0.0000,-1.0051,0.0000,0.6000,-10379967.0000
4.1199,-0.9681,-0.2000,4.2272,0.6170,0,0,-0.9187,0.0000,0.2416,0.0000,-0.0850,0.0000,-1.0013,0.0000,0.6000,-10379967.0000
4.1302,-1.1891,-0.0139,4.1180,0.6169,0,0,-0.9224,0.0000,0.3718,0.0000,-0.0862,0.0000,-1.0049,0.0000,0.6000,-10379967.0000
4.1403,-1.2605,-0.0485,4.0391,0.6166,0,0,-0.9271,0.0000,0.4983,0.0000,-0.0880,0.0000,-1.0100,0.0000,0.6000,-10379967.0000
4.1499,-1.0337,0.1895,4.1997,0.6165,0,0,-0.9229,0.0000,0.6362,0.0000,-0.0881,0.0000,-1.0046,0.0000,0.6000,-10379967.0000
4.1600,-1.0564,0.2439,4.1079,0.6165,0,0,-0.9182,0.0000,0.7717,0.0000,-0.0885,0.0000,-0.9990,0.0000,0.6000,-10379967.0000
4.1700,-1.2727,0.2410,3.9866,0.6159,0,0,-0.9198,0.0000,0.8922,0.0000,-0.0905,0.0000,-1.0013,0.0000,0.6000,-10379967.0000
4.1803,-0.9256,0.4861,4.1602,0.6161,0,0,-0.9083,0.0000,1.0351,0.0000,-0.0899,0.0000,-0.9878,0.0000,0.6000,-10379967.0000
4.1902,-1.0880,0.1075,4.0132,0.6158,0,0,-0.9014,0.0000,1.1638,0.0000,-0.0907,0.0000,-0.9804,0.0000,0.6000,-10379967.0000
4.2001,-1.3844,-0.0511,3.9515,0.6147,0,0,-0.9041,0.0000,1.2668,0.0000,-0.0937,0.0000,-0.9852,0.0000,0.6000,-10379967.0000
4.2099,-1.6114,0.2535,3.9745,0.6129,0,0,-0.9141,0.0000,1.3489,0.0000,-0.0985,0.0000,-0.9991,0.0000,0.6000,-10379967.0000
4.2199,-1.8958,-0.1982,3.7962,0.6107,0,0,-0.9265,0.0000,1.4219,0.0000,-0.1039,0.0000,-1.0161,0.0000,0.6000,-10379967.0000
4.2302,-1.6577,-0.5337,3.8945,0.6085,0,0,-0.9364,0.0000,1.4978,0.0000,-0.1089,0.0000,-1.0303,0.0000,0.6000,-10379967.0000
4.2403,-1.6469,-0.0575,3.7894,0.6063,0,0,-0.9451,0.0000,1.5736,0.0000,-0.1138,0.0000,-1.0431,0.0000,0.6000,-10379967.0000
4.2499,-1.6322,0.0956,3.7227,0.6041,0,0,-0.9524,0.0000,1.6496,0.0000,-0.1185,0.0000,-1.0544,0.0000,0.6000,-10379967.0000
4.2600,-1.4406,0.0667,3.8244,0.6026,0,0,-0.9513,0.0000,1.7450,0.0000,-0.1215,0.0000,-1.0554,0.0000,0.6000,-10379967.0000
4.2699,-1.6959,0.4458,3.7823,0.5999,0,0,-0.9600,0.0000,1.8095,0.0000,-0.1267,0.0000,-1.0686,0.0000,0.6000,-10379967.0000
4.2804,-2.0814,0.4719,3.5703,0.5970,0,0,-0.9711,0.0000,1.8647,0.0000,-0.1323,0.0000,-1.0847,0.0000,0.6000,-10379967.0000
4.2906,-1.7781,0.1504,3.8858,0.5939,0,0,-0.9819,0.0000,1.9183,0.0000,-0.1378,0.0000,-1.1005,0.0000,0.6000,-10379967.0000
4.3000,-1.6830,0.2153,3.7342,0.5913,0,0,-0.9879,0.0000,1.9834,0.0000,-0.1425,0.0000,-1.1105,0.0000,0.6000,-10379967.0000
4.3100,-1.6144,0.0372,3.7585,0.5890,0,0,-0.9903,0.0000,2.0563,0.0000,-0.1465,0.0000,-1.1162,0.0000,0.6000,-10379967.0000
4.3201,-1.0985,0.2333,3.8991,0.5891,0,0,-0.9689,0.0000,2.1942,0.0000,-0.1464,0.0000,-1.0933,0.0000,0.6000,-10379967.0000
4.3302,-0.9172,0.1108,3.8900,0.5899,0,0,-0.9389,0.0000,2.3500,0.0000,-0.1450,0.0000,-1.0604,0.0000,0.6000,-10379967.0000
4.3403,-0.8490,-0.3628,3.9378,0.5910,0,0,-0.9056,0.0000,2.5070,0.0000,-0.1433,0.0000,-1.0239,0.0000,0.6000,-10379967.0000
4.3499,-1.1140,-0.1112,3.9304,0.5905,0,0,-0.8848,0.0000,2.6198,0.0000,-0.1440,0.0000,-1.0026,0.0000,0.6000,-10379967.0000
4.3600,-1.4809,-0.0739,3.7983,0.5881,0,0,-0.8815,0.0000,2.6771,0.0000,-0.1477,0.0000,-1.0024,0.0000,0.6000,-10379967.0000
4.3699,-1.2556,-0.4364,3.8681,0.5869,0,0,-0.8670,0.0000,2.7631,0.0000,-0.1496,0.0000,-0.9889,0.0000,0.6000,-10379967.0000
4.3802,-1.1864,0.0883,3.8860,0.5859,0,0,-0.8490,0.0000,2.8542,0.0000,-0.1511,0.0000,-0.9716,0.0000,0.6000,-10379967.0000
4.3902,-1.3907,0.3485,3.6674,0.5838,0,0,-0.8413,0.0000,2.9124,0.0000,-0.1542,0.0000,-0.9663,0.0000,0.6000,-10379967.0000
4.4000,-1.1581,-0.0047,3.7390,0.5829,0,0,-0.8217,0.0000,2.9997,0.0000,-0.1556,0.0000,-0.9473,0.0000,0.6000,-10379967.0000
4.4099,-0.9406,0.1550,3.8353,0.5829,0,0,-0.7914,0.0000,3.1108,0.0000,-0.1555,0.0000,-0.9158,0.0000,0.6000,-10379967.0000
4.4200,-1.2045,0.4001,3.7287,0.5815,0,0,-0.7750,0.0000,3.1785,0.0000,-0.1576,0.0000,-0.9008,0.0000,0.6000,-10379967.0000
4.4303,-0.8864,0.3490,3.9046,0.5815,0,0,-0.7425,0.0000,3.2838,0.0000,-0.1575,0.0000,-0.8671,0.0000,0.6000,-10379967.0000
4.4403,-0.5779,0.2627,3.9782,0.5829,0,0,-0.6947,0.0000,3.4206,0.0000,-0.1555,0.0000,-0.8160,0.0000,0.6000,-10379967.0000
4.4499,-0.8297,0.0964,3.7930,0.5829,0,0,-0.6612,0.0000,3.5121,0.0000,-0.1556,0.0000,-0.7817,0.0000,0.6000,-10379967.0000
4.4600,-0.9429,0.0458,3.8765,0.5821,0,0,-0.6345,0.0000,3.5804,0.0000,-0.1567,0.0000,-0.7554,0.0000,0.6000,-10379967.0000
4.4699,-1.1468,0.0274,3.7931,0.5802,0,0,-0.6191,0.0000,3.6169,0.0000,-0.1592,0.0000,-0.7421,0.0000,0.6000,-10379967.0000
4.4804,-1.1771,-0.0201,3.8372,0.5782,0,0,-0.6057,0.0000,3.6466,0.0000,-0.1620,0.0000,-0.7312,0.0000,0.6000,-10379967.0000
4.4906,-1.1817,-0.0345,3.9846,0.5761,0,0,-0.5928,0.0000,3.6732,0.0000,-0.1648,0.0000,-0.7208,0.0000,0.6000,-10379967.0000
4.5000,-1.2673,0.0666,3.8968,0.5736,0,0,-0.5846,0.0000,3.6877,0.0000,-0.1682,0.0000,-0.7159,0.0000,0.6000,-10379967.0000
4.5100,-0.8778,0.1638,4.0955,0.5729,0,0,-0.5562,0.0000,3.7454,0.0000,-0.1692,0.0000,-0.6879,0.0000,0.6000,-10379967.0000
4.5200,-0.8615,0.1173,4.1282,0.5721,0,0,-0.5278,0.0000,3.7983,0.0000,-0.1702,0.0000,-0.6600,0.0000,0.6000,-10379967.0000
4.5302,-1.0750,0.5899,3.9923,0.5703,0,0,-0.5114,0.0000,3.8222,0.0000,-0.1726,0.0000,-0.6458,0.0000,0.6000,-10379967.0000
4.5403,-0.8547,0.6573,4.1805,0.5695,0,0,-0.4840,0.0000,3.8661,0.0000,-0.1738,0.0000,-0.6192,0.0000,0.6000,-10379967.0000
4.5499,-0.7736,0.0378,4.3106,0.5688,0,0,-0.4534,0.0000,3.9125,0.0000,-0.1747,0.0000,-0.5889,0.0000,0.6000,-10379967.0000
4.5600,-0.9507,-0.0611,4.3990,0.5673,0,0,-0.4329,0.0000,3.9350,0.0000,-0.1767,0.0000,-0.5702,0.0000,0.6000,-10379967.0000
4.5699,-1.1430,-0.0669,4.5111,0.5650,0,0,-0.4229,0.0000,3.9357,0.0000,-0.1798,0.0000,-0.5634,0.0000,0.6000,-10379967.0000
4.5802,-1.4523,-0.4689,4.3618,0.5623,0,0,-0.4193,0.0000,3.9246,0.0000,-0.1836,0.0000,-0.5636,0.0000,0.6000,-10379967.0000
4.5902,-1.3704,-0.2836,4.4176,0.5596,0,0,-0.4155,0.0000,3.9147,0.0000,-0.1874,0.0000,-0.5637,0.0000,0.6000,-10379967.0000
4.6000,-1.3268,-0.0568,4.3350,0.5570,0,0,-0.4117,0.0000,3.9057,0.0000,-0.1910,0.0000,-0.5636,0.0000,0.6000,-10379967.0000
4.6100,-1.5466,0.1576,4.2237,0.5545,0,0,-0.4077,0.0000,3.8977,0.0000,-0.1947,0.0000,-0.5634,0.0000,0.6000,-10379967.0000
4.6200,-1.3661,0.4099,4.3713,0.5520,0,0,-0.4035,0.0000,3.8906,0.0000,-0.1983,0.0000,-0.5629,0.0000,0.6000,-10379967.0000
4.6302,-1.2395,0.1708,4.5427,0.5497,0,0,-0.3981,0.0000,3.8861,0.0000,-0.2017,0.0000,-0.5609,0.0000,0.6000,-10379967.0000
4.6402,-1.4588,0.0462,4.4802,0.5473,0,0,-0.3936,0.0000,3.8804,0.0000,-0.2052,0.0000,-0.5600,0.0000,0.6000,-10379967.0000
4.6499,-1.5941,0.4194,4.5472,0.5450,0,0,-0.3888,0.0000,3.8753,0.0000,-0.2087,0.0000,-0.5588,0.0000,0.6000,-10379967.0000
4.6600,-1.3787,0.0775,4.5256,0.5427,0,0,-0.3839,0.0000,3.8709,0.0000,-0.2122,0.0000,-0.5574,0.0000,0.6000,-10379967.0000
4.6700,-1.3609,-0.2973,4.5549,0.5406,0,0,-0.3788,0.0000,3.8670,0.0000,-0.2156,0.0000,-0.5558,0.0000,0.6000,-10379967.0000
4.6804,-1.4662,0.0915,4.3961,0.5384,0,0,-0.3735,0.0000,3.8635,0.0000,-0.2190,0.0000,-0.5539,0.0000,0.6000,-10379967.0000
4.6907,-1.4913,0.1178,4.4851,0.5364,0,0,-0.3679,0.0000,3.8605,0.0000,-0.2224,0.0000,-0.5517,0.0000,0.6000,-10379967.0000
4.7000,-1.3720,-0.1556,4.4807,0.5344,0,0,-0.3621,0.0000,3.8577,0.0000,-0.2258,0.0000,-0.5493,0.0000,0.6000,-10379967.0000
4.7099,-1.3394,0.0261,4.6068,0.5324,0,0,-0.3561,0.0000,3.8553,0.0000,-0.2292,0.0000,-0.5467,0.0000,0.6000,-10379967.0000
4.7199,-1.4028,0.0521,4.5981,0.5305,0,0,-0.3498,0.0000,3.8530,0.0000,-0.2325,0.0000,-0.5438,0.0000,0.6000,-10379967.0000
4.7302,-1.4075,-0.1112,4.6416,0.5287,0,0,-0.3433,0.0000,3.8508,0.0000,-0.2359,0.0000,-0.5407,0.0000,0.6000,-10379967.0000
4.7402,-1.2057,0.0552,4.6734,0.5270,0,0,-0.3350,0.0000,3.8507,0.0000,-0.2390,0.0000,-0.5355,0.0000,0.6000,-10379967.0000
4.7499,-1.0792,0.0707,4.8023,0.5256,0,0,-0.3210,0.0000,3.8571,0.0000,-0.2416,0.0000,-0.5241,0.0000,0.6000,-10379967.0000
4.7600,-0.9482,0.4215,4.9113,0.5246,0,0,-0.3014,0.0000,3.8691,0.0000,-0.2436,0.0000,-0.5063,0.0000,0.6000,-10379967.0000
4.7700,-0.5924,0.5936,5.1126,0.5244,0,0,-0.2665,0.0000,3.8973,0.0000,-0.2440,0.0000,-0.4716,0.0000,0.6000,-10379967.0000
4.7802,-0.4975,0.0591,5.2110,0.5244,0,0,-0.2287,0.0000,3.9249,0.0000,-0.2442,0.0000,-0.4336,0.0000,0.6000,-10379967.0000
4.7902,-0.5901,0.0410,5.1392,0.5240,0,0,-0.1963,0.0000,3.9418,0.0000,-0.2449,0.0000,-0.4018,0.0000,0.6000,-10379967.0000
4.8000,-0.5347,0.2964,5.1028,0.5237,0,0,-0.1626,0.0000,3.9565,0.0000,-0.2455,0.0000,-0.3686,0.0000,0.6000,-10379967.0000
4.8099,-0.5477,-0.2063,5.1000,0.5234,0,0,-0.1308,0.0000,3.9655,0.0000,-0.2464,0.0000,-0.3375,0.0000,0.6000,-10379967.0000
4.8200,-0.4320,-0.3317,5.0800,0.5232,0,0,-0.0952,0.0000,3.9752,0.0000,-0.2469,0.0000,-0.3023,0.0000,0.6000,-10379967.0000
4.8302,-0.4525,0.0817,5.1490,0.5229,0,0,-0.0618,0.0000,3.9787,0.0000,-0.2476,0.0000,-0.2696,0.0000,0.6000,-10379967.0000
4.8402,-0.5038,0.2108,5.1381,0.5225,0,0,-0.0319,0.0000,3.9749,0.0000,-0.2487,0.0000,-0.2408,0.0000,0.6000,-10379967.0000
4.8499,-0.0683,0.0290,5.3404,0.5225,0,0,0.0179,0.0000,3.9888,0.0000,-0.2475,0.0000,-0.1897,0.0000,0.6000,-10379967.0000
4.8601,-0.0746,0.1981,5.3000,0.5225,0,0,0.0657,0.0000,3.9949,0.0000,-0.2466,0.0000,-0.1410,0.0000,0.6000,-10379967.0000
4.8699,-0.3754,0.4362,5.0726,0.5221,0,0,0.0960,0.0000,3.9781,0.0000,-0.2478,0.0000,-0.1120,0.0000,0.6000,-10379967.0000
4.8804,-0.0749,0.3276,5.2267,0.5221,0,0,0.1404,0.0000,3.9723,0.0000,-0.2472,0.0000,-0.0671,0.0000,0.6000,-10379967.0000
4.8906,0.0864,0.2804,5.2373,0.5221,0,0,0.1828,0.0000,3.9599,0.0000,-0.2469,0.0000,-0.0245,0.0000,0.6000,-10379967.0000
4.9000,0.0408,0.3003,5.2788,0.5221,0,0,0.2234,0.0000,3.9411,0.0000,-0.2468,0.0000,0.0160,0.0000,0.6000,-10379967.0000
4.9099,0.1538,0.2037,5.5011,0.5223,0,0,0.2683,0.0000,3.9223,0.0000,-0.2461,0.0000,0.0615,0.0000,0.6000,-10379967.0000
4.9199,0.0877,0.3502,5.4477,0.5223,0,0,0.3051,0.0000,3.8911,0.0000,-0.2464,0.0000,0.0976,0.0000,0.6000,-10379967.0000
4.9302,0.1510,-0.0720,5.3907,0.5224,0,0,0.3461,0.0000,3.8602,0.0000,-0.2461,0.0000,0.1386,0.0000,0.6000,-10379967.0000
4.9403,0.4587,-0.1747,5.4439,0.5229,0,0,0.3972,0.0000,3.8342,0.0000,-0.2444,0.0000,0.1912,0.0000,0.6000,-10379967.0000
4.9499,0.2284,0.4389,5.2193,0.5229,0,0,0.4370,0.0000,3.7926,0.0000,-0.2442,0.0000,0.2307,0.0000,0.6000,-10379967.0000
4.9600,0.2624,0.4542,5.2526,0.5230,0,0,0.4762,0.0000,3.7465,0.0000,-0.2441,0.0000,0.2696,0.0000,0.6000,-10379967.0000
4.9700,0.5446,0.2160,5.4473,0.5233,0,0,0.5242,0.0000,3.7043,0.0000,-0.2426,0.0000,0.3186,0.0000,0.6000,-10379967.0000
4.9803,0.0539,0.5770,5.2847,0.5233,0,0,0.5491,0.0000,3.6371,0.0000,-0.2443,0.0000,0.3412,0.0000,0.6000,-10379967.0000
4.9902,0.1625,0.4925,5.2869,0.5231,0,0,0.5787,0.0000,3.5720,0.0000,-0.2453,0.0000,0.3691,0.0000,0.6000,-10379967.0000
5.0000,0.5337,0.1048,5.3620,0.5233,0,0,0.6206,0.0000,3.5147,0.0000,-0.2444,0.0000,0.4114,0.0000,0.6000,-10379967.0000
5.0099,0.4692,0.4006,5.1576,0.5233,0,0,0.6579,0.0000,3.4495,0.0000,-0.2441,0.0000,0.4484,0.0000,0.6000,-10379967.0000
5.0199,0.3979,0.5878,5.2229,0.5233,0,0,0.6905,0.0000,3.3768,0.0000,-0.2443,0.0000,0.4800,0.0000,0.6000,-10379967.0000
5.0302,0.6184,0.3876,5.3580,0.5234,0,0,0.7294,0.0000,3.3065,0.0000,-0.2435,0.0000,0.5189,0.0000,0.6000,-10379967.0000
5.0403,0.6420,0.3764,5.3689,0.5235,0,0,0.7670,0.0000,3.2315,0.0000,-0.2428,0.0000,0.5565,0.0000,0.6000,-10379967.0000
5.0499,0.6594,0.2750,5.2248,0.5235,0,0,0.8030,0.0000,3.1517,0.0000,-0.2422,0.0000,0.5923,0.0000,0.6000,-10379967.0000
5.0600,0.5972,0.0908,5.0548,0.5235,0,0,0.8347,0.0000,3.0650,0.0000,-0.2422,0.0000,0.6232,0.0000,0.6000,-10379967.0000
5.0699,0.4335,0.1803,4.7973,0.5235,0,0,0.8585,0.0000,2.9686,0.0000,-0.2433,0.0000,0.6449,0.0000,0.6000,-10379967.0000
5.0804,0.4846,0.0631,4.6828,0.5234,0,0,0.8825,0.0000,2.8705,0.0000,-0.2443,0.0000,0.6669,0.0000,0.6000,-10379967.0000
5.0907,0.5960,0.2539,4.7892,0.5234,0,0,0.9087,0.0000,2.7727,0.0000,-0.2448,0.0000,0.6916,0.0000,0.6000,-10379967.0000
5.1000,0.6461,0.7605,4.8616,0.5234,0,0,0.9348,0.0000,2.6729,0.0000,-0.2451,0.0000,0.7164,0.0000,0.6000,-10379967.0000
5.1099,0.9852,0.5726,4.9801,0.5234,0,0,0.9710,0.0000,2.5810,0.0000,-0.2433,0.0000,0.7535,0.0000,0.6000,-10379967.0000
5.1199,0.8294,0.2555,4.9334,0.5234,0,0,0.9995,0.0000,2.4787,0.0000,-0.2428,0.0000,0.7815,0.0000,0.6000,-10379967.0000
5.1303,0.5456,0.8859,4.5627,0.5234,0,0,1.0160,0.0000,2.3621,0.0000,-0.2444,0.0000,0.7952,0.0000,0.6000,-10379967.0000
5.1403,0.6404,0.8288,4.5455,0.5235,0,0,1.0342,0.0000,2.2464,0.0000,-0.2455,0.0000,0.8112,0.0000,0.6000,-10379967.0000
5.1499,0.8298,0.3360,4.4942,0.5235,0,0,1.0573,0.0000,2.1353,0.0000,-0.2453,0.0000,0.8333,0.0000,0.6000,-10379967.0000
5.1600,0.8488,0.4621,4.5438,0.5235,0,0,1.0792,0.0000,2.0215,0.0000,-0.2452,0.0000,0.8542,0.0000,0.6000,-10379967.0000
5.1700,0.9801,0.4371,4.7067,0.5234,0,0,1.1038,0.0000,1.9099,0.0000,-0.2443,0.0000,0.8786,0.0000,0.6000,-10379967.0000
5.1802,0.8979,-0.0955,4.6757,0.5234,0,0,1.1236,0.0000,1.7913,0.0000,-0.2442,0.0000,0.8973,0.0000,0.6000,-10379967.0000
5.1902,0.8905,0.0251,4.5351,0.5234,0,0,1.1413,0.0000,1.6695,0.0000,-0.2442,0.0000,0.9137,0.0000,0.6000,-10379967.0000
5.2000,0.5113,0.4478,4.2406,0.5237,0,0,1.1439,0.0000,1.5279,0.0000,-0.2472,0.0000,0.9120,0.0000,0.6000,-10379967.0000
5.2099,0.4960,0.5066,4.0150,0.5241,0,0,1.1447,0.0000,1.3845,0.0000,-0.2503,0.0000,0.9082,0.0000,0.6000,-10379967.0000
5.2201,0.9806,0.2956,4.3418,0.5240,0,0,1.1611,0.0000,1.2639,0.0000,-0.2498,0.0000,0.9239,0.0000,0.6000,-10379967.0000
5.2302,0.8727,0.4514,4.3373,0.5240,0,0,1.1719,0.0000,1.1355,0.0000,-0.2502,0.0000,0.9331,0.0000,0.6000,-10379967.0000
5.2403,0.6526,0.6389,4.3365,0.5244,0,0,1.1734,0.0000,0.9938,0.0000,-0.2524,0.0000,0.9310,0.0000,0.6000,-10379967.0000
5.2499,1.0209,0.3393,4.4930,0.5242,0,0,1.1865,0.0000,0.8713,0.0000,-0.2517,0.0000,0.9436,0.0000,0.6000,-10379967.0000
5.2601,0.7156,0.1885,4.0698,0.5245,0,0,1.1871,0.0000,0.7298,0.0000,-0.2535,0.0000,0.9410,0.0000,0.6000,-10379967.0000
5.2699,0.6887,0.2708,3.8415,0.5249,0,0,1.1854,0.0000,0.5862,0.0000,-0.2555,0.0000,0.9358,0.0000,0.6000,-10379967.0000
5.2804,0.7822,0.1346,3.9271,0.5251,0,0,1.1858,0.0000,0.4481,0.0000,-0.2567,0.0000,0.9335,0.0000,0.6000,-10379967.0000
5.2906,0.7896,0.1704,3.8093,0.5253,0,0,1.1851,0.0000,0.3101,0.0000,-0.2579,0.0000,0.9303,0.0000,0.6000,-10379967.0000
5.3000,1.0833,0.0487,4.0767,0.5251,0,0,1.1937,0.0000,0.1908,0.0000,-0.2567,0.0000,0.9390,0.0000,0.6000,-10379967.0000
5.3100,1.0270,0.1221,4.1573,0.5249,0,0,1.1989,0.0000,0.0666,0.0000,-0.2559,0.0000,0.9436,0.0000,0.6000,-10377585.0000
5.3200,0.8393,0.6116,3.9913,0.5251,0,0,1.1957,0.0000,-0.0709,0.0000,-0.2568,0.0000,0.9382,0.0000,0.6000,-10377585.0000
5.3303,1.0047,0.3935,4.0630,0.5250,0,0,1.1974,0.0000,-0.1964,0.0000,-0.2562,0.0000,0.9392,0.0000,0.6000,-10377585.0000
5.3403,0.6949,0.3558,3.7279,0.5255,0,0,1.1864,0.0000,-0.3441,0.0000,-0.2583,0.0000,0.9246,0.0000,0.6000,-10377585.0000
5.3499,0.5724,0.8267,3.6269,0.5261,0,0,1.1697,0.0000,-0.4992,0.0000,-0.2613,0.0000,0.9034,0.0000,0.6000,-10377585.0000
5.3600,0.9702,0.4497,3.8899,0.5260,0,0,1.1672,0.0000,-0.6220,0.0000,-0.2607,0.0000,0.9003,0.0000,0.6000,-10377585.0000
5.3700,1.0735,0.0574,3.9119,0.5256,0,0,1.1676,0.0000,-0.7362,0.0000,-0.2592,0.0000,0.9010,0.0000,0.6000,-10377585.0000
5.3802,1.0207,0.2788,4.0552,0.5254,0,0,1.1649,0.0000,-0.8543,0.0000,-0.2582,0.0000,0.8981,0.0000,0.6000,-10377585.0000
5.3902,1.0829,0.1306,4.0305,0.5250,0,0,1.1635,0.0000,-0.9665,0.0000,-0.2566,0.0000,0.8972,0.0000,0.6000,-10377585.0000
5.4000,1.2873,-0.1861,4.0021,0.5241,0,0,1.1691,0.0000,-1.0615,0.0000,-0.2533,0.0000,0.9052,0.0000,0.6000,-10377585.0000
5.4099,1.5997,0.1221,4.0446,0.5226,0,0,1.1860,0.0000,-1.1312,0.0000,-0.2473,0.0000,0.9273,0.0000,0.6000,-10377585.0000
5.4199,1.3617,0.4212,3.9870,0.5216,0,0,1.1920,0.0000,-1.2227,0.0000,-0.2436,0.0000,0.9361,0.0000,0.6000,-10377585.0000
5.4302,1.2850,0.3711,3.9507,0.5207,0,0,1.1938,0.0000,-1.3211,0.0000,-0.2406,0.0000,0.9399,0.0000,0.6000,-10377585.0000
5.4402,1.8595,0.3825,4.3679,0.5191,0,0,1.2089,0.0000,-1.3887,0.0000,-0.2347,0.0000,0.9604,0.0000,0.6000,-10377585.0000
5.4499,1.4503,0.2267,4.2274,0.5179,0,0,1.2150,0.0000,-1.4746,0.0000,-0.2305,0.0000,0.9698,0.0000,0.6000,-10377585.0000
5.4600,1.1087,0.2794,4.1599,0.5176,0,0,1.2060,0.0000,-1.5910,0.0000,-0.2293,0.0000,0.9608,0.0000,0.6000,-10377585.0000
5.4700,1.0888,0.4534,4.0408,0.5172,0,0,1.1954,0.0000,-1.7072,0.0000,-0.2282,0.0000,0.9501,0.0000,0.6000,-10377585.0000
5.4804,1.0862,0.2320,3.9155,0.5169,0,0,1.1840,0.0000,-1.8212,0.0000,-0.2271,0.0000,0.9387,0.0000,0.6000,-10377585.0000
5.4907,1.2944,0.1639,3.9562,0.5160,0,0,1.1808,0.0000,-1.9139,0.0000,-0.2241,0.0000,0.9375,0.0000,0.6000,-10377585.0000
5.5000,1.1107,0.2909,3.9597,0.5156,0,0,1.1690,0.0000,-2.0222,0.0000,-0.2227,0.0000,0.9261,0.0000,0.6000,-10377585.0000
5.5099,0.7489,-0.0085,3.8109,0.5160,0,0,1.1412,0.0000,-2.1611,0.0000,-0.2242,0.0000,0.8954,0.0000,0.6000,-10377585.0000
5.5200,0.9485,-0.3295,3.9931,0.5159,0,0,1.1219,0.0000,-2.2762,0.0000,-0.2237,0.0000,0.8754,0.0000,0.6000,-10377585.0000
5.5303,0.6881,0.1467,3.8632,0.5164,0,0,1.0910,0.0000,-2.4114,0.0000,-0.2252,0.0000,0.8417,0.0000,0.6000,-10377585.0000
5.5403,0.6498,0.6036,3.6854,0.5169,0,0,1.0586,0.0000,-2.5439,0.0000,-0.2268,0.0000,0.8063,0.0000,0.6000,-10377585.0000
5.5499,1.0092,0.4099,3.8462,0.5163,0,0,1.0420,0.0000,-2.6368,0.0000,-0.2252,0.0000,0.7905,0.0000,0.6000,-10377585.0000
5.5600,0.9117,0.5566,3.7400,0.5160,0,0,1.0209,0.0000,-2.7353,0.0000,-0.2242,0.0000,0.7694,0.0000,0.6000,-10377585.0000
5.5699,0.7202,0.6819,3.7228,0.5162,0,0,0.9914,0.0000,-2.8472,0.0000,-0.2246,0.0000,0.7384,0.0000,0.6000,-10377585.0000
5.5803,0.8708,0.1739,3.9138,0.5158,0,0,0.9688,0.0000,-2.9393,0.0000,-0.2236,0.0000,0.7159,0.0000,0.6000,-10377585.0000
5.5902,0.7226,0.0779,3.8150,0.5158,0,0,0.9397,0.0000,-3.0405,0.0000,-0.2235,0.0000,0.6858,0.0000,0.6000,-10377585.0000
5.6000,0.7044,0.0793,3.7680,0.5158,0,0,0.9101,0.0000,-3.1375,0.0000,-0.2234,0.0000,0.6554,0.0000,0.6000,-10377585.0000
5.6100,0.6243,0.0296,3.8129,0.5158,0,0,0.8774,0.0000,-3.2359,0.0000,-0.2236,0.0000,0.6214,0.0000,0.6000,-10377585.0000
5.6200,0.4532,0.2283,3.6477,0.5163,0,0,0.8375,0.0000,-3.3430,0.0000,-0.2249,0.0000,0.5792,0.0000,0.6000,-10377585.0000
5.6302,0.7741,0.1457,3.9045,0.5158,0,0,0.8128,0.0000,-3.4140,0.0000,-0.2234,0.0000,0.5552,0.0000,0.6000,-10377585.0000
5.6403,0.8082,0.0910,4.0240,0.5151,0,0,0.7900,0.0000,-3.4773,0.0000,-0.2215,0.0000,0.5337,0.0000,0.6000,-10377585.0000
5.6499,0.5185,0.5994,4.0340,0.5152,0,0,0.7546,0.0000,-3.5614,0.0000,-0.2217,0.0000,0.4973,0.0000,0.6000,-10377585.0000
5.6599,0.7379,0.7152,4.3387,0.5146,0,0,0.7298,0.0000,-3.6201,0.0000,-0.2199,0.0000,0.4737,0.0000,0.6000,-10377585.0000
5.6699,0.5463,0.3945,4.2744,0.5144,0,0,0.6969,0.0000,-3.6903,0.0000,-0.2194,0.0000,0.4406,0.0000,0.6000,-10377585.0000
5.6803,0.3826,0.6235,4.1853,0.5146,0,0,0.6573,0.0000,-3.7679,0.0000,-0.2198,0.0000,0.3999,0.0000,0.6000,-10377585.0000
5.6906,0.5537,0.6147,4.3356,0.5142,0,0,0.6266,0.0000,-3.8241,0.0000,-0.2187,0.0000,0.3696,0.0000,0.6000,-10377585.0000
5.7000,0.6601,0.0588,4.3476,0.5135,0,0,0.6014,0.0000,-3.8664,0.0000,-0.2167,0.0000,0.3460,0.0000,0.6000,-10377585.0000
5.7099,0.8094,-0.0004,4.5812,0.5125,0,0,0.5836,0.0000,-3.8928,0.0000,-0.2135,0.0000,0.3311,0.0000,0.6000,-10377585.0000
5.7200,0.7678,0.1367,4.6883,0.5115,0,0,0.5643,0.0000,-3.9198,0.0000,-0.2106,0.0000,0.3145,0.0000,0.6000,-10377585.0000
5.7303,0.4166,0.0968,4.6603,0.5112,0,0,0.5297,0.0000,-3.9704,0.0000,-0.2099,0.0000,0.2801,0.0000,0.6000,-10377585.0000
5.7403,0.6023,0.3076,4.8355,0.5105,0,0,0.5044,0.0000,-4.0013,0.0000,-0.2078,0.0000,0.2566,0.0000,0.6000,-10377585.0000
5.7499,0.5051,0.5071,4.7897,0.5100,0,0,0.4755,0.0000,-4.0352,0.0000,-0.2061,0.0000,0.2290,0.0000,0.6000,-10377585.0000
5.7600,0.3937,0.5550,4.7925,0.5096,0,0,0.4424,0.0000,-4.0723,0.0000,-0.2051,0.0000,0.1967,0.0000,0.6000,-10377585.0000
5.7700,0.6695,0.7370,4.9999,0.5086,0,0,0.4227,0.0000,-4.0849,0.0000,-0.2020,0.0000,0.1798,0.0000,0.6000,-10377585.0000
5.7802,0.7302,0.5425,5.0951,0.5075,0,0,0.4062,0.0000,-4.0907,0.0000,-0.1985,0.0000,0.1668,0.0000,0.6000,-10377585.0000
5.7902,0.5686,0.2619,5.1158,0.5067,0,0,0.3830,0.0000,-4.1053,0.0000,-0.1959,0.0000,0.1460,0.0000,0.6000,-10377585.0000
5.8000,0.4294,0.3797,5.1558,0.5061,0,0,0.3544,0.0000,-4.1257,0.0000,-0.1942,0.0000,0.1190,0.0000,0.6000,-10377585.0000
5.8099,0.3700,0.3522,5.1515,0.5056,0,0,0.3241,0.0000,-4.1456,0.0000,-0.1926,0.0000,0.0901,0.0000,0.6000,-10377585.0000
5.8200,0.6146,-0.0378,5.2590,0.5046,0,0,0.3055,0.0000,-4.1457,0.0000,-0.1894,0.0000,0.0747,0.0000,0.6000,-10377585.0000
5.8302,0.6335,0.1784,5.4074,0.5035,0,0,0.2883,0.0000,-4.1425,0.0000,-0.1859,0.0000,0.0610,0.0000,0.6000,-10377585.0000
5.8403,0.4107,0.5451,5.4305,0.5029,0,0,0.2620,0.0000,-4.1506,0.0000,-0.1838,0.0000,0.0367,0.0000,0.6000,-10377585.0000
5.8499,0.4755,0.1258,5.6128,0.5021,0,0,0.2394,0.0000,-4.1514,0.0000,-0.1811,0.0000,0.0167,0.0000,0.6000,-10377585.0000
5.8600,0.6378,0.0170,5.8617,0.5010,0,0,0.2244,0.0000,-4.1400,0.0000,-0.1774,0.0000,0.0056,0.0000,0.6000,-10377585.0000
5.8699,0.2644,0.4343,5.7485,0.5005,0,0,0.1940,0.0000,-4.1479,0.0000,-0.1758,0.0000,-0.0233,0.0000,0.6000,-10377585.0000
5.8803,0.4676,0.2798,5.9451,0.4997,0,0,0.1734,0.0000,-4.1406,0.0000,-0.1729,0.0000,-0.0409,0.0000,0.6000,-10377585.0000
5.8906,0.6605,0.2266,6.0111,0.4985,0,0,0.1615,0.0000,-4.1207,0.0000,-0.1688,0.0000,-0.0485,0.0000,0.6000,-10377585.0000
5.9000,0.3505,0.5934,5.9086,0.4979,0,0,0.1370,0.0000,-4.1159,0.0000,-0.1664,0.0000,-0.0705,0.0000,0.6000,-10377585.0000
5.9099,0.3725,0.4949,5.9476,0.4972,0,0,0.1143,0.0000,-4.1069,0.0000,-0.1638,0.0000,-0.0905,0.0000,0.6000,-10377585.0000
5.9200,0.3979,0.0554,6.0907,0.4964,0,0,0.0935,0.0000,-4.0939,0.0000,-0.1609,0.0000,-0.1083,0.0000,0.6000,-10377585.0000
5.9303,0.2826,-0.0365,6.0204,0.4958,0,0,0.0687,0.0000,-4.0841,0.0000,-0.1586,0.0000,-0.1307,0.0000,0.6000,-10377585.0000
5.9403,0.3426,-0.2161,6.2103,0.4951,0,0,0.0473,0.0000,-4.0684,0.0000,-0.1559,0.0000,-0.1492,0.0000,0.6000,-10377585.0000
5.9499,0.1379,-0.0607,6.1410,0.4947,0,0,0.0184,0.0000,-4.0597,0.0000,-0.1542,0.0000,-0.1764,0.0000,0.6000,-10377585.0000
5.9600,0.1565,0.2103,6.1437,0.4942,0,0,-0.0087,0.0000,-4.0464,0.0000,-0.1523,0.0000,-0.2014,0.0000,0.6000,-10377585.0000
5.9699,0.1957,0.1009,6.2509,0.4937,0,0,-0.0331,0.0000,-4.0279,0.0000,-0.1500,0.0000,-0.2234,0.0000,0.6000,-10377585.0000
5.9803,-0.0555,0.3807,6.2004,0.4937,0,0,-0.0644,0.0000,-4.0150,0.0000,-0.1487,0.0000,-0.2533,0.0000,0.6000,-10377585.0000
5.9902,-0.2377,0.6977,6.1560,0.4937,0,0,-0.1039,0.0000,-4.0082,0.0000,-0.1486,0.0000,-0.2926,0.0000,0.6000,-10377585.0000
6.0000,-0.2746,0.1340,6.2701,0.4937,0,0,-0.1433,0.0000,-3.9974,0.0000,-0.1485,0.0000,-0.3318,0.0000,0.6000,-10377585.0000
6.0099,-0.5551,-0.1421,6.0529,0.4939,0,0,-0.1921,0.0000,-3.9928,0.0000,-0.1498,0.0000,-0.3818,0.0000,0.6000,-10377585.0000
6.0199,-0.4251,0.1598,6.1171,0.4940,0,0,-0.2337,0.0000,-3.9760,0.0000,-0.1500,0.0000,-0.4235,0.0000,0.6000,-10377585.0000
6.0303,-0.3581,-0.0837,6.1282,0.4939,0,0,-0.2709,0.0000,-3.9509,0.0000,-0.1497,0.0000,-0.4601,0.0000,0.6000,-10377585.0000
6.0403,-0.3873,-0.2886,6.0843,0.4938,0,0,-0.3076,0.0000,-3.9220,0.0000,-0.1492,0.0000,-0.4961,0.0000,0.6000,-10377585.0000
6.0499,-0.4566,0.0954,6.1656,0.4938,0,0,-0.3453,0.0000,-3.8909,0.0000,-0.1490,0.0000,-0.5332,0.0000,0.6000,-10377585.0000
6.0600,-0.8247,0.1571,5.9506,0.4941,0,0,-0.3954,0.0000,-3.8685,0.0000,-0.1507,0.0000,-0.5848,0.0000,0.6000,-10377585.0000
6.0699,-0.7256,-0.2527,5.9547,0.4942,0,0,-0.4395,0.0000,-3.8355,0.0000,-0.1515,0.0000,-0.6294,0.0000,0.6000,-10377585.0000
6.0803,-0.8449,0.0445,5.9354,0.4944,0,0,-0.4861,0.0000,-3.8008,0.0000,-0.1528,0.0000,-0.6769,0.0000,0.6000,-10377585.0000
6.0906,-1.2127,0.4214,5.6470,0.4949,0,0,-0.5443,0.0000,-3.7728,0.0000,-0.1560,0.0000,-0.7380,0.0000,0.6000,-10377585.0000
6.1000,-0.7176,0.2498,5.9238,0.4949,0,0,-0.5813,0.0000,-3.7195,0.0000,-0.1558,0.0000,-0.7743,0.0000,0.6000,-10377585.0000
6.1100,-0.7299,0.0228,5.8582,0.4949,0,0,-0.6168,0.0000,-3.6617,0.0000,-0.1556,0.0000,-0.8090,0.0000,0.6000,-10377585.0000
6.1200,-0.9814,0.1001,5.5710,0.4950,0,0,-0.6599,0.0000,-3.6079,0.0000,-0.1566,0.0000,-0.8525,0.0000,0.6000,-10377585.0000
6.1302,-0.8981,-0.0554,5.7326,0.4950,0,0,-0.6976,0.0000,-3.5456,0.0000,-0.1569,0.0000,-0.8900,0.0000,0.6000,-10377585.0000
6.1403,-1.0565,0.0085,5.4614,0.4952,0,0,-0.7392,0.0000,-3.4836,0.0000,-0.1579,0.0000,-0.9319,0.0000,0.6000,-10377585.0000
6.1500,-1.1964,-0.0014,5.4192,0.4953,0,0,-0.7837,0.0000,-3.4206,0.0000,-0.1595,0.0000,-0.9774,0.0000,0.6000,-10377585.0000
6.1600,-1.2540,-0.1125,5.4887,0.4955,0,0,-0.8280,0.0000,-3.3536,0.0000,-0.1612,0.0000,-1.0227,0.0000,0.6000,-10377585.0000
6.1699,-1.6549,0.1612,5.1325,0.4959,0,0,-0.8845,0.0000,-3.2936,0.0000,-0.1651,0.0000,-1.0825,0.0000,0.6000,-10377585.0000
6.1802,-1.3431,0.0907,5.2012,0.4960,0,0,-0.9269,0.0000,-3.2160,0.0000,-0.1667,0.0000,-1.1257,0.0000,0.6000,-10377585.0000
6.1902,-1.4007,-0.0053,5.0768,0.4961,0,0,-0.9689,0.0000,-3.1347,0.0000,-0.1684,0.0000,-1.1687,0.0000,0.6000,-10377585.0000
6.2000,-1.6549,0.7200,4.8012,0.4963,0,0,-1.0177,0.0000,-3.0559,0.0000,-0.1714,0.0000,-1.2197,0.0000,0.6000,-10377585.0000
6.2100,-1.2373,0.4728,5.0978,0.4963,0,0,-1.0489,0.0000,-2.9575,0.0000,-0.1715,0.0000,-1.2500,0.0000,0.6000,-10377585.0000
6.2200,-1.2661,-0.2720,4.9994,0.4963,0,0,-1.0790,0.0000,-2.8560,0.0000,-0.1716,0.0000,-1.2792,0.0000,0.6000,-10377585.0000
6.2302,-1.4650,0.0792,4.9084,0.4964,0,0,-1.1142,0.0000,-2.7570,0.0000,-0.1728,0.0000,-1.3146,0.0000,0.6000,-10377585.0000
6.2403,-1.3616,0.0303,4.8944,0.4964,0,0,-1.1434,0.0000,-2.6501,0.0000,-0.1731,0.0000,-1.3430,0.0000,0.6000,-10377585.0000
6.2499,-1.5677,-0.5261,4.6192,0.4965,0,0,-1.1778,0.0000,-2.5461,0.0000,-0.1746,0.0000,-1.3778,0.0000,0.6000,-10377585.0000
6.2599,-1.4228,-0.3285,4.6867,0.4965,0,0,-1.2048,0.0000,-2.4330,0.0000,-0.1749,0.0000,-1.4040,0.0000,0.6000,-10377585.0000
6.2700,-1.6886,-0.1068,4.5516,0.4965,0,0,-1.2391,0.0000,-2.3251,0.0000,-0.1768,0.0000,-1.4391,0.0000,0.6000,-10377585.0000
6.2804,-1.8871,-0.0805,4.3663,0.4965,0,0,-1.2779,0.0000,-2.2195,0.0000,-0.1798,0.0000,-1.4799,0.0000,0.6000,-10377585.0000
6.2906,-1.4649,0.0664,4.5737,0.4965,0,0,-1.2996,0.0000,-2.0946,0.0000,-0.1797,0.0000,-1.5002,0.0000,0.6000,-10377585.0000
6.3000,-1.6682,0.1777,4.2999,0.4965,0,0,-1.3264,0.0000,-1.9739,0.0000,-0.1808,0.0000,-1.5269,0.0000,0.6000,-10377585.0000
6.3099,-1.7218,0.2743,4.1232,0.4965,0,0,-1.3529,0.0000,-1.8517,0.0000,-0.1821,0.0000,-1.5535,0.0000,0.6000,-10377585.0000
6.3199,-1.3095,0.2411,4.2021,0.4965,0,0,-1.3630,0.0000,-1.7113,0.0000,-0.1804,0.0000,-1.5605,0.0000,0.6000,-10377585.0000
6.3303,-1.5245,0.0490,3.9598,0.4965,0,0,-1.3788,0.0000,-1.5773,0.0000,-0.1802,0.0000,-1.5748,0.0000,0.6000,-10377585.0000
6.3403,-1.5389,-0.1202,3.9467,0.4965,0,0,-1.3934,0.0000,-1.4417,0.0000,-0.1799,0.0000,-1.5877,0.0000,0.6000,-10377585.0000
6.3499,-1.5733,-0.0362,4.0455,0.4965,0,0,-1.4073,0.0000,-1.3056,0.0000,-0.1798,0.0000,-1.6002,0.0000,0.6000,-10377585.0000
6.3600,-1.8201,0.0655,3.8092,0.4965,0,0,-1.4279,0.0000,-1.1772,0.0000,-0.1814,0.0000,-1.6211,0.0000,0.6000,-10377585.0000
6.3700,-1.5173,-0.3434,3.9221,0.4965,0,0,-1.4361,0.0000,-1.0341,0.0000,-0.1807,0.0000,-1.6271,0.0000,0.6000,-10377585.0000
6.3802,-1.6369,-0.0952,3.7938,0.4965,0,0,-1.4468,0.0000,-0.8948,0.0000,-0.1807,0.0000,-1.6365,0.0000,0.6000,-10377585.0000
6.3902,-1.7981,0.4441,3.5553,0.4964,0,0,-1.4613,0.0000,-0.7608,0.0000,-0.1819,0.0000,-1.6509,0.0000,0.6000,-10377585.0000
6.4000,-1.3322,0.0925,3.7857,0.4966,0,0,-1.4579,0.0000,-0.6047,0.0000,-0.1796,0.0000,-1.6435,0.0000,0.6000,-10377585.0000
6.4100,-1.4252,0.2310,3.6949,0.4967,0,0,-1.4563,0.0000,-0.4530,0.0000,-0.1780,0.0000,-1.6388,0.0000,0.6000,-10377585.0000
6.4200,-1.7922,0.5995,3.5363,0.4966,0,0,-1.4662,0.0000,-0.3182,0.0000,-0.1791,0.0000,-1.6485,0.0000,0.6000,-10377585.0000
6.4302,-1.4629,0.0605,3.6832,0.4968,0,0,-1.4629,0.0000,-0.1667,0.0000,-0.1777,0.0000,-1.6423,0.0000,0.6000,-10377585.0000
6.4402,-1.3262,-0.0605,3.5480,0.4970,0,0,-1.4535,0.0000,-0.0088,0.0000,-0.1754,0.0000,-1.6289,0.0000,0.6000,-10377585.0000
6.4499,-1.3575,0.0888,3.4394,0.4972,0,0,-1.4440,0.0000,0.1464,0.0000,-0.1733,0.0000,-1.6158,0.0000,0.6000,-10377585.0000
6.4600,-1.3257,-0.0551,3.4259,0.4974,0,0,-1.4322,0.0000,0.3022,0.0000,-0.1711,0.0000,-1.6003,0.0000,0.6000,-10377585.0000
6.4700,-1.4518,-0.1081,3.2440,0.4976,0,0,-1.4239,0.0000,0.4499,0.0000,-0.1700,0.0000,-1.5894,0.0000,0.6000,-10377585.0000
6.4804,-1.4492,-0.1405,3.2890,0.4977,0,0,-1.4144,0.0000,0.5966,0.0000,-0.1689,0.0000,-1.5774,0.0000,0.6000,-10377585.0000
6.4906,-1.5784,-0.1617,3.2633,0.4977,0,0,-1.4085,0.0000,0.7348,0.0000,-0.1689,0.0000,-1.5701,0.0000,0.6000,-10377585.0000
6.5000,-1.7648,0.2669,3.1622,0.4975,0,0,-1.4082,0.0000,0.8616,0.0000,-0.1704,0.0000,-1.5700,0.0000,0.6000,-10377585.0000
6.5099,-1.4365,0.2851,3.2809,0.4976,0,0,-1.3947,0.0000,1.0069,0.0000,-0.1694,0.0000,-1.5540,0.0000,0.6000,-10377585.0000
6.5200,-1.6744,0.1011,3.1830,0.4975,0,0,-1.3890,0.0000,1.1362,0.0000,-0.1703,0.0000,-1.5480,0.0000,0.6000,-10377585.0000
6.5303,-2.0009,0.4616,2.9857,0.4970,0,0,-1.3943,0.0000,1.2448,0.0000,-0.1738,0.0000,-1.5557,0.0000,0.6000,-10377585.0000
6.5403,-1.8900,0.4228,3.0474,0.4966,0,0,-1.3942,0.0000,1.3605,0.0000,-0.1764,0.0000,-1.5570,0.0000,0.6000,-10377585.0000
6.5499,-1.8536,-0.1686,3.0362,0.4963,0,0,-1.3916,0.0000,1.4778,0.0000,-0.1787,0.0000,-1.5555,0.0000,0.6000,-10377585.0000
6.5600,-1.8549,-0.1146,3.0534,0.4959,0,0,-1.3880,0.0000,1.5943,0.0000,-0.1810,0.0000,-1.5531,0.0000,0.6000,-10377585.0000
6.5699,-1.8868,0.0869,3.1186,0.4955,0,0,-1.3846,0.0000,1.7077,0.0000,-0.1836,0.0000,-1.5512,0.0000,0.6000,-10377585.0000
6.5803,-1.8422,-0.2990,2.9212,0.4951,0,0,-1.3785,0.0000,1.8229,0.0000,-0.1859,0.0000,-1.5462,0.0000,0.6000,-10377585.0000
6.5902,-1.5789,-0.2441,3.1529,0.4951,0,0,-1.3615,0.0000,1.9542,0.0000,-0.1861,0.0000,-1.5281,0.0000,0.6000,-10377585.0000
6.6000,-1.7947,0.0656,2.9548,0.4947,0,0,-1.3522,0.0000,2.0681,0.0000,-0.1882,0.0000,-1.5197,0.0000,0.6000,-10377585.0000
6.6099,-1.8240,0.1648,3.0137,0.4943,0,0,-1.3432,0.0000,2.1782,0.0000,-0.1906,0.0000,-1.5120,0.0000,0.6000,-10377585.0000
6.6200,-1.6137,0.2892,3.1672,0.4942,0,0,-1.3254,0.0000,2.3008,0.0000,-0.1913,0.0000,-1.4937,0.0000,0.6000,-10377585.0000
6.6303,-1.9003,0.3614,3.0858,0.4936,0,0,-1.3182,0.0000,2.4004,0.0000,-0.1945,0.0000,-1.4887,0.0000,0.6000,-10377585.0000
6.6403,-1.9223,0.2363,3.0848,0.4930,0,0,-1.3112,0.0000,2.4969,0.0000,-0.1978,0.0000,-1.4840,0.0000,0.6000,-10377585.0000
6.6499,-1.6757,-0.0756,3.3625,0.4927,0,0,-1.2938,0.0000,2.6093,0.0000,-0.1993,0.0000,-1.4670,0.0000,0.6000,-10377585.0000
6.6600,-1.7208,-0.3241,3.1294,0.4924,0,0,-1.2778,0.0000,2.7152,0.0000,-0.2012,0.0000,-1.4518,0.0000,0.6000,-10377585.0000
6.6699,-1.3531,-0.4325,3.3231,0.4925,0,0,-1.2467,0.0000,2.8446,0.0000,-0.2004,0.0000,-1.4187,0.0000,0.6000,-10377585.0000
6.6803,-1.2878,-0.3345,3.3506,0.4927,0,0,-1.2130,0.0000,2.9733,0.0000,-0.1995,0.0000,-1.3827,0.0000,0.6000,-10377585.0000
6.6906,-1.4267,-0.0090,3.2970,0.4926,0,0,-1.1850,0.0000,3.0864,0.0000,-0.1998,0.0000,-1.3540,0.0000,0.6000,-10377585.0000
6.7000,-1.3013,-0.0285,3.5859,0.4927,0,0,-1.1520,0.0000,3.2038,0.0000,-0.1994,0.0000,-1.3194,0.0000,0.6000,-10377585.0000
6.7100,-1.7229,0.0765,3.4333,0.4921,0,0,-1.1364,0.0000,3.2849,0.0000,-0.2024,0.0000,-1.3059,0.0000,0.6000,-10377585.0000
6.7200,-1.6143,0.6002,3.5325,0.4916,0,0,-1.1161,0.0000,3.3712,0.0000,-0.2047,0.0000,-1.2871,0.0000,0.6000,-10377585.0000
6.7302,-1.1751,0.2472,3.7799,0.4918,0,0,-1.0778,0.0000,3.4858,0.0000,-0.2038,0.0000,-1.2468,0.0000,0.6000,-10377585.0000
6.7403,-1.2655,0.0529,3.5498,0.4918,0,0,-1.0437,0.0000,3.5874,0.0000,-0.2040,0.0000,-1.2118,0.0000,0.6000,-10377585.0000
6.7500,-1.0002,0.2672,3.8199,0.4921,0,0,-0.9991,0.0000,3.7023,0.0000,-0.2024,0.0000,-1.1646,0.0000,0.6000,-10377585.0000
6.7600,-1.0308,-0.0947,3.8776,0.4923,0,0,-0.9566,0.0000,3.8075,0.0000,-0.2015,0.0000,-1.1200,0.0000,0.6000,-10377585.0000
6.7699,-1.1562,-0.4411,3.9153,0.4922,0,0,-0.9200,0.0000,3.8964,0.0000,-0.2017,0.0000,-1.0828,0.0000,0.6000,-10377585.0000
6.7802,-1.2321,-0.0167,4.1731,0.4920,0,0,-0.8873,0.0000,3.9738,0.0000,-0.2028,0.0000,-1.0503,0.0000,0.6000,-10377585.0000
6.7902,-1.5864,0.1527,3.9691,0.4912,0,0,-0.8699,0.0000,4.0206,0.0000,-0.2066,0.0000,-1.0363,0.0000,0.6000,-10377585.0000
6.8000,-1.1592,-0.0741,4.1006,0.4910,0,0,-0.8348,0.0000,4.0948,0.0000,-0.2074,0.0000,-1.0013,0.0000,0.6000,-10377585.0000
6.8100,-0.8886,0.0591,4.3090,0.4912,0,0,-0.7891,0.0000,4.1821,0.0000,-0.2066,0.0000,-0.9540,0.0000,0.6000,-10377585.0000
6.8200,-1.2281,0.5602,4.0427,0.4908,0,0,-0.7588,0.0000,4.2384,0.0000,-0.2085,0.0000,-0.9250,0.0000,0.6000,-10377585.0000
6.8302,-0.9488,0.2644,4.4591,0.4907,0,0,-0.7174,0.0000,4.3089,0.0000,-0.2087,0.0000,-0.8830,0.0000,0.6000,-10377585.0000
6.8403,-0.7596,-0.1410,4.5591,0.4909,0,0,-0.6692,0.0000,4.3854,0.0000,-0.2079,0.0000,-0.8332,0.0000,0.6000,-10377585.0000
6.8499,-1.1088,0.0011,4.4240,0.4905,0,0,-0.6369,0.0000,4.4307,0.0000,-0.2097,0.0000,-0.8023,0.0000,0.6000,-10377585.0000
6.8600,-1.0528,-0.0746,4.6681,0.4901,0,0,-0.6031,0.0000,4.4746,0.0000,-0.2114,0.0000,-0.7698,0.0000,0.6000,-10377585.0000
6.8700,-1.4701,-0.2736,4.3744,0.4891,0,0,-0.5878,0.0000,4.4863,0.0000,-0.2160,0.0000,-0.7589,0.0000,0.6000,-10377585.0000
6.8804,-1.5142,-0.0531,4.3786,0.4881,0,0,-0.5723,0.0000,4.4968,0.0000,-0.2206,0.0000,-0.7480,0.0000,0.6000,-10377585.0000
6.8906,-1.5239,0.0029,4.5897,0.4871,0,0,-0.5568,0.0000,4.5063,0.0000,-0.2252,0.0000,-0.7369,0.0000,0.6000,-10377585.0000
6.9000,-1.7902,0.2561,4.4293,0.4861,0,0,-0.5411,0.0000,4.5148,0.0000,-0.2297,0.0000,-0.7256,0.0000,0.6000,-10377585.0000
6.9099,-1.3221,0.5571,4.8927,0.4852,0,0,-0.5209,0.0000,4.5286,0.0000,-0.2335,0.0000,-0.7091,0.0000,0.6000,-10377585.0000
6.9199,-1.2141,0.0769,4.8997,0.4845,0,0,-0.4967,0.0000,4.5464,0.0000,-0.2367,0.0000,-0.6880,0.0000,0.6000,-10377585.0000
6.9303,-1.2696,0.2511,4.9058,0.4837,0,0,-0.4756,0.0000,4.5577,0.0000,-0.2404,0.0000,-0.6704,0.0000,0.6000,-10377585.0000
6.9402,-0.9817,0.4580,5.1018,0.4833,0,0,-0.4430,0.0000,4.5834,0.0000,-0.2424,0.0000,-0.6395,0.0000,0.6000,-10377585.0000
6.9499,-1.2951,-0.1727,4.9070,0.4824,0,0,-0.4244,0.0000,4.5863,0.0000,-0.2465,0.0000,-0.6250,0.0000,0.6000,-10377585.0000
6.9600,-1.1811,-0.3128,4.9915,0.4817,0,0,-0.4016,0.0000,4.5936,0.0000,-0.2499,0.0000,-0.6056,0.0000,0.6000,-10377585.0000
6.9699,-1.2635,0.0413,5.1344,0.4808,0,0,-0.3829,0.0000,4.5936,0.0000,-0.2540,0.0000,-0.5910,0.0000,0.6000,-10377585.0000
6.9803,-1.4143,-0.0830,4.9513,0.4799,0,0,-0.3659,0.0000,4.5900,0.0000,-0.2583,0.0000,-0.5783,0.0000,0.6000,-10377585.0000
6.9902,-0.8858,-0.1503,5.4491,0.4796,0,0,-0.3327,0.0000,4.6066,0.0000,-0.2602,0.0000,-0.5468,0.0000,0.6000,-10377585.0000
7.0000,-1.1090,0.3318,5.2452,0.4789,0,0,-0.3097,0.0000,4.6068,0.0000,-0.2636,0.0000,-0.5272,0.0000,0.6000,-10377585.0000
7.0099,-1.2144,0.6550,5.2107,0.4780,0,0,-0.2918,0.0000,4.5989,0.0000,-0.2678,0.0000,-0.5136,0.0000,0.6000,-10377585.0000
7.0200,-0.8188,0.3787,5.4970,0.4777,0,0,-0.2583,0.0000,4.6095,0.0000,-0.2696,0.0000,-0.4818,0.0000,0.6000,-10377585.0000
7.0302,-1.1130,0.2732,5.3110,0.4769,0,0,-0.2379,0.0000,4.6007,0.0000,-0.2734,0.0000,-0.4652,0.0000,0.6000,-10377585.0000
7.0403,-1.0185,0.2872,5.4050,0.4763,0,0,-0.2143,0.0000,4.5945,0.0000,-0.2767,0.0000,-0.4450,0.0000,0.6000,-10377585.0000
7.0499,-0.4773,0.1907,5.7511,0.4762,0,0,-0.1696,0.0000,4.6121,0.0000,-0.2769,0.0000,-0.4004,0.0000,0.6000,-10377585.0000
7.0600,-0.3925,0.2293,5.6321,0.4763,0,0,-0.1232,0.0000,4.6277,0.0000,-0.2768,0.0000,-0.3538,0.0000,0.6000,-10377585.0000
7.0699,-0.1850,-0.0232,5.7694,0.4764,0,0,-0.0702,0.0000,4.6467,0.0000,-0.2758,0.0000,-0.2995,0.0000,0.6000,-10377585.0000
7.0804,-0.3282,-0.0631,5.7634,0.4764,0,0,-0.0248,0.0000,4.6517,0.0000,-0.2760,0.0000,-0.2543,0.0000,0.6000,-10377585.0000
7.0906,-0.6563,0.1450,5.5655,0.4760,0,0,0.0057,0.0000,4.6356,0.0000,-0.2784,0.0000,-0.2264,0.0000,0.6000,-10377585.0000
7.1000,-0.3804,-0.1915,5.8081,0.4758,0,0,0.0459,0.0000,4.6281,0.0000,-0.2793,0.0000,-0.1871,0.0000,0.6000,-10377585.0000
7.1100,-0.4040,-0.0556,5.7359,0.4756,0,0,0.0836,0.0000,4.6145,0.0000,-0.2806,0.0000,-0.1508,0.0000,0.6000,-10377585.0000
7.1200,-0.4761,0.6519,5.7454,0.4753,0,0,0.1169,0.0000,4.5929,0.0000,-0.2825,0.0000,-0.1196,0.0000,0.6000,-10377585.0000
7.1302,-0.0046,0.3119,5.9371,0.4753,0,0,0.1676,0.0000,4.5876,0.0000,-0.2818,0.0000,-0.0683,0.0000,0.6000,-10377585.0000
7.1403,-0.0015,0.1304,5.8941,0.4753,0,0,0.2161,0.0000,4.5755,0.0000,-0.2814,0.0000,-0.0195,0.0000,0.6000,-10377585.0000
7.1499,0.0416,0.6704,5.8648,0.4753,0,0,0.2626,0.0000,4.5570,0.0000,-0.2813,0.0000,0.0269,0.0000,0.6000,-10377585.0000
7.1600,0.3129,0.3525,6.0184,0.4756,0,0,0.3193,0.0000,4.5451,0.0000,-0.2796,0.0000,0.0851,0.0000,0.6000,-10377585.0000
7.1700,0.3743,-0.0554,5.9135,0.4759,0,0,0.3759,0.0000,4.5280,0.0000,-0.2779,0.0000,0.1433,0.0000,0.6000,-10377585.0000
7.1803,0.3111,0.1279,5.9457,0.4760,0,0,0.4276,0.0000,4.5010,0.0000,-0.2769,0.0000,0.1957,0.0000,0.6000,-10377585.0000
7.1902,0.1712,0.1673,5.8417,0.4760,0,0,0.4717,0.0000,4.4618,0.0000,-0.2770,0.0000,0.2392,0.0000,0.6000,-10377585.0000
7.2000,0.2767,-0.0407,5.8081,0.4760,0,0,0.5177,0.0000,4.4210,0.0000,-0.2768,0.0000,0.2851,0.0000,0.6000,-10377585.0000
7.2100,0.5054,0.2887,6.0156,0.4762,0,0,0.5703,0.0000,4.3828,0.0000,-0.2755,0.0000,0.3386,0.0000,0.6000,-10377585.0000
7.2200,0.2932,0.7293,5.9132,0.4762,0,0,0.6124,0.0000,4.3301,0.0000,-0.2758,0.0000,0.3799,0.0000,0.6000,-10377585.0000
7.2303,0.4839,0.5227,6.0051,0.4763,0,0,0.6596,0.0000,4.2790,0.0000,-0.2752,0.0000,0.4272,0.0000,0.6000,-10377585.0000
7.2403,0.8215,0.3057,6.1715,0.4766,0,0,0.7171,0.0000,4.2338,0.0000,-0.2728,0.0000,0.4866,0.0000,0.6000,-10377585.0000
7.2500,0.4317,0.5653,5.8262,0.4765,0,0,0.7574,0.0000,4.1676,0.0000,-0.2732,0.0000,0.5259,0.0000,0.6000,-10377585.0000
7.2600,0.6894,0.3870,5.9149,0.4766,0,0,0.8051,0.0000,4.1052,0.0000,-0.2722,0.0000,0.5740,0.0000,0.6000,-10377585.0000
7.2699,1.0104,0.0583,6.0411,0.4769,0,0,0.8623,0.0000,4.0477,0.0000,-0.2696,0.0000,0.6332,0.0000,0.6000,-10377585.0000
7.2804,0.8591,0.0679,5.8797,0.4770,0,0,0.9111,0.0000,3.9778,0.0000,-0.2682,0.0000,0.6826,0.0000,0.6000,-10377585.0000
7.2907,0.9690,0.0348,6.0914,0.4772,0,0,0.9613,0.0000,3.9053,0.0000,-0.2665,0.0000,0.7339,0.0000,0.6000,-10377585.0000
7.3000,0.7935,-0.0377,5.9179,0.4772,0,0,1.0025,0.0000,3.8209,0.0000,-0.2661,0.0000,0.7746,0.0000,0.6000,-10377585.0000
7.3100,0.8055,0.2529,5.6996,0.4773,0,0,1.0418,0.0000,3.7317,0.0000,-0.2659,0.0000,0.8133,0.0000,0.6000,-10377585.0000
7.3200,0.8910,0.2553,5.6195,0.4773,0,0,1.0820,0.0000,3.6405,0.0000,-0.2654,0.0000,0.8529,0.0000,0.6000,-10377585.0000
7.3302,0.6657,0.4865,5.3245,0.4772,0,0,1.1116,0.0000,3.5373,0.0000,-0.2666,0.0000,0.8804,0.0000,0.6000,-10377585.0000
7.3403,1.0776,0.7670,5.5485,0.4773,0,0,1.1541,0.0000,3.4436,0.0000,-0.2654,0.0000,0.9231,0.0000,0.6000,-10377585.0000
7.3499,1.2627,0.4521,5.6939,0.4774,0,0,1.2006,0.0000,3.3505,0.0000,-0.2632,0.0000,0.9709,0.0000,0.6000,-10377585.0000
7.3600,1.0761,0.2398,5.4202,0.4774,0,0,1.2378,0.0000,3.2458,0.0000,-0.2626,0.0000,1.0077,0.0000,0.6000,-10377585.0000
7.3699,1.0531,0.3093,5.4541,0.4775,0,0,1.2719,0.0000,3.1358,0.0000,-0.2623,0.0000,1.0410,0.0000,0.6000,-10377585.0000
7.3803,0.8353,0.0497,5.0392,0.4774,0,0,1.2960,0.0000,3.0149,0.0000,-0.2636,0.0000,1.0626,0.0000,0.6000,-10377585.0000
7.3902,1.0777,-0.1083,4.9706,0.4774,0,0,1.3267,0.0000,2.8987,0.0000,-0.2635,0.0000,1.0922,0.0000,0.6000,-10377585.0000
7.4001,1.3099,0.3448,5.1166,0.4774,0,0,1.3633,0.0000,2.7863,0.0000,-0.2621,0.0000,1.1291,0.0000,0.6000,-10377585.0000
7.4100,1.0217,0.6287,4.8101,0.4774,0,0,1.3874,0.0000,2.6602,0.0000,-0.2628,0.0000,1.1512,0.0000,0.6000,-10377585.0000
7.4200,1.2687,0.1878,5.0522,0.4774,0,0,1.4181,0.0000,2.5391,0.0000,-0.2620,0.0000,1.1815,0.0000,0.6000,-10377585.0000
7.4302,1.2676,0.1094,4.9083,0.4775,0,0,1.4465,0.0000,2.4144,0.0000,-0.2614,0.0000,1.2092,0.0000,0.6000,-10377585.0000
7.4403,0.7321,0.5102,4.4968,0.4774,0,0,1.4541,0.0000,2.2683,0.0000,-0.2646,0.0000,1.2122,0.0000,0.6000,-10377585.0000
7.4499,0.9881,0.4935,4.5524,0.4774,0,0,1.4690,0.0000,2.1298,0.0000,-0.2661,0.0000,1.2242,0.0000,0.6000,-10377585.0000
7.4600,1.1160,0.4033,4.4086,0.4774,0,0,1.4866,0.0000,1.9939,0.0000,-0.2669,0.0000,1.2397,0.0000,0.6000,-10377585.0000
7.4700,1.0221,0.6149,4.2566,0.4774,0,0,1.4990,0.0000,1.8525,0.0000,-0.2684,0.0000,1.2492,0.0000,0.6000,-10377585.0000
7.4804,1.3469,0.3695,4.4909,0.4774,0,0,1.5209,0.0000,1.7211,0.0000,-0.2677,0.0000,1.2704,0.0000,0.6000,-10377585.0000
7.4906,1.3181,0.0234,4.3824,0.4774,0,0,1.5398,0.0000,1.5860,0.0000,-0.2674,0.0000,1.2883,0.0000,0.6000,-10377585.0000
7.5000,1.2172,0.1044,4.3128,0.4774,0,0,1.5532,0.0000,1.4448,0.0000,-0.2678,0.0000,1.2998,0.0000,0.6000,-10377585.0000
7.5099,1.0305,-0.0359,4.1454,0.4775,0,0,1.5584,0.0000,1.2948,0.0000,-0.2697,0.0000,1.3016,0.0000,0.6000,-10377585.0000
7.5200,0.7892,0.1007,3.8887,0.4776,0,0,1.5537,0.0000,1.1348,0.0000,-0.2734,0.0000,1.2916,0.0000,0.6000,-10377585.0000
7.5302,1.1131,0.4142,4.0105,0.4777,0,0,1.5589,0.0000,0.9878,0.0000,-0.2747,0.0000,1.2941,0.0000,0.6000,-10377585.0000
7.5402,1.1349,0.3331,4.0250,0.4777,0,0,1.5632,0.0000,0.8409,0.0000,-0.2758,0.0000,1.2959,0.0000,0.6000,-10377585.0000
7.5499,0.9263,0.6008,3.8751,0.4779,0,0,1.5589,0.0000,0.6848,0.0000,-0.2785,0.0000,1.2873,0.0000,0.6000,-10377585.0000
7.5600,1.1763,0.7325,4.0670,0.4779,0,0,1.5619,0.0000,0.5396,0.0000,-0.2793,0.0000,1.2880,0.0000,0.6000,-10377585.0000
7.5699,1.1363,0.2260,3.9296,0.4780,0,0,1.5620,0.0000,0.3922,0.0000,-0.2804,0.0000,1.2856,0.0000,0.6000,-10377585.0000
7.5803,0.8850,0.3182,3.7547,0.4782,0,0,1.5520,0.0000,0.2337,0.0000,-0.2833,0.0000,1.2710,0.0000,0.6000,-10377585.0000
7.5901,0.9123,0.5484,3.6931,0.4783,0,0,1.5419,0.0000,0.0774,0.0000,-0.2860,0.0000,1.2567,0.0000,0.6000,-10377585.0000
7.6000,0.8442,0.0272,3.6285,0.4786,0,0,1.5282,0.0000,-0.0809,0.0000,-0.2891,0.0000,1.2384,0.0000,0.6000,-10377585.0000
7.6099,1.0876,-0.1208,3.6984,0.4786,0,0,1.5221,0.0000,-0.2262,0.0000,-0.2902,0.0000,1.2297,0.0000,0.6000,-10377585.0000
7.6200,1.0815,0.2094,3.7330,0.4787,0,0,1.5147,0.0000,-0.3710,0.0000,-0.2913,0.0000,1.2197,0.0000,0.6000,-10377585.0000
7.6303,0.8518,0.2451,3.5390,0.4790,0,0,1.4980,0.0000,-0.5261,0.0000,-0.2941,0.0000,1.1986,0.0000,0.6000,-10377585.0000
7.6403,1.0369,0.1320,3.6457,0.4791,0,0,1.4870,0.0000,-0.6698,0.0000,-0.2953,0.0000,1.1850,0.0000,0.6000,-10377585.0000
7.6500,0.9548,0.2443,3.5480,0.4792,0,0,1.4721,0.0000,-0.8163,0.0000,-0.2971,0.0000,1.1669,0.0000,0.6000,-10377585.0000
7.6600,0.5849,0.3992,3.3707,0.4796,0,0,1.4432,0.0000,-0.9801,0.0000,-0.3015,0.0000,1.1319,0.0000,0.6000,-10377585.0000
7.6699,0.7796,0.5418,3.4831,0.4799,0,0,1.4207,0.0000,-1.1298,0.0000,-0.3042,0.0000,1.1053,0.0000,0.6000,-10377585.0000
7.6804,1.0050,0.5380,3.5192,0.4800,0,0,1.4058,0.0000,-1.2644,0.0000,-0.3049,0.0000,1.0882,0.0000,0.6000,-10377585.0000
7.6906,1.1179,0.3056,3.5537,0.4800,0,0,1.3943,0.0000,-1.3906,0.0000,-0.3047,0.0000,1.0756,0.0000,0.6000,-10377585.0000
7.7000,1.0370,0.4070,3.6221,0.4800,0,0,1.3789,0.0000,-1.5195,0.0000,-0.3050,0.0000,1.0587,0.0000,0.6000,-10377585.0000
7.7099,1.1520,0.4521,3.5163,0.4799,0,0,1.3672,0.0000,-1.6397,0.0000,-0.3043,0.0000,1.0465,0.0000,0.6000,-10377585.0000
7.7199,1.5889,-0.1904,3.7521,0.4794,0,0,1.3707,0.0000,-1.7331,0.0000,-0.3001,0.0000,1.0532,0.0000,0.6000,-10377585.0000
7.7303,1.5860,-0.1779,3.7329,0.4790,0,0,1.3730,0.0000,-1.8266,0.0000,-0.2960,0.0000,1.0587,0.0000,0.6000,-10377585.0000
7.7403,1.4516,0.1253,3.6501,0.4786,0,0,1.3693,0.0000,-1.9280,0.0000,-0.2930,0.0000,1.0570,0.0000,0.6000,-10377585.0000
7.7499,1.7307,0.1688,3.9214,0.4780,0,0,1.3750,0.0000,-2.0119,0.0000,-0.2878,0.0000,1.0671,0.0000,0.6000,-10377585.0000
7.7600,1.7154,0.4334,3.9056,0.4774,0,0,1.3792,0.0000,-2.0972,0.0000,-0.2828,0.0000,1.0754,0.0000,0.6000,-10377585.0000
7.7699,1.6977,0.1913,3.9317,0.4767,0,0,1.3816,0.0000,-2.1836,0.0000,-0.2781,0.0000,1.0817,0.0000,0.6000,-10377585.0000
7.7803,1.4060,0.1643,4.0786,0.4764,0,0,1.3720,0.0000,-2.2878,0.0000,-0.2756,0.0000,1.0735,0.0000,0.6000,-10377585.0000
7.7902,1.1655,0.7473,3.7732,0.4763,0,0,1.3526,0.0000,-2.4051,0.0000,-0.2749,0.0000,1.0537,0.0000,0.6000,-10377585.0000
7.8000,1.2322,0.2185,4.0412,0.4762,0,0,1.3353,0.0000,-2.5151,0.0000,-0.2735,0.0000,1.0367,0.0000,0.6000,-10377585.0000
7.8099,0.8607,0.0028,3.8601,0.4763,0,0,1.3035,0.0000,-2.6457,0.0000,-0.2748,0.0000,1.0022,0.0000,0.6000,-10377585.0000
7.8200,0.4807,0.5518,3.7300,0.4769,0,0,1.2570,0.0000,-2.7952,0.0000,-0.2788,0.0000,0.9502,0.0000,0.6000,-10377585.0000
7.8302,0.9024,0.1796,3.9605,0.4769,0,0,1.2272,0.0000,-2.9111,0.0000,-0.2792,0.0000,0.9189,0.0000,0.6000,-10377585.0000
7.8403,1.0146,-0.0905,3.8847,0.4768,0,0,1.2018,0.0000,-3.0152,0.0000,-0.2784,0.0000,0.8932,0.0000,0.6000,-10377585.0000
7.8500,1.1290,0.1896,3.9960,0.4766,0,0,1.1808,0.0000,-3.1081,0.0000,-0.2767,0.0000,0.8730,0.0000,0.6000,-10377585.0000
7.8600,0.9947,-0.0427,4.0549,0.4764,0,0,1.1545,0.0000,-3.2062,0.0000,-0.2758,0.0000,0.8466,0.0000,0.6000,-10377585.0000
7.8699,0.7646,0.1816,3.9020,0.4765,0,0,1.1192,0.0000,-3.3149,0.0000,-0.2764,0.0000,0.8097,0.0000,0.6000,-10377585.0000
7.8804,0.9816,0.2369,4.1665,0.4763,0,0,1.0928,0.0000,-3.4042,0.0000,-0.2751,0.0000,0.7837,0.0000,0.6000,-10377585.0000
7.8906,0.8240,0.1837,4.1543,0.4763,0,0,1.0603,0.0000,-3.4995,0.0000,-0.2748,0.0000,0.7505,0.0000,0.6000,-10377585.0000
7.9000,0.6284,0.8611,4.1526,0.4764,0,0,1.0205,0.0000,-3.6023,0.0000,-0.2757,0.0000,0.7088,0.0000,0.6000,-10377585.0000
7.9099,0.9443,0.7771,4.4202,0.4762,0,0,0.9938,0.0000,-3.6788,0.0000,-0.2740,0.0000,0.6831,0.0000,0.6000,-10377585.0000
7.9200,0.9359,0.1261,4.3783,0.4759,0,0,0.9671,0.0000,-3.7517,0.0000,-0.2721,0.0000,0.6574,0.0000,0.6000,-10377585.0000
7.9302,0.7917,0.4044,4.4922,0.4757,0,0,0.9349,0.0000,-3.8297,0.0000,-0.2712,0.0000,0.6255,0.0000,0.6000,-10377585.0000
7.9402,0.8164,0.2742,4.5700,0.4755,0,0,0.9042,0.0000,-3.9012,0.0000,-0.2698,0.0000,0.5954,0.0000,0.6000,-10377585.0000
7.9499,0.7664,-0.2220,4.5537,0.4753,0,0,0.8721,0.0000,-3.9712,0.0000,-0.2686,0.0000,0.5638,0.0000,0.6000,-10377585.0000
7.9600,0.8138,-0.0203,4.6971,0.4751,0,0,0.8424,0.0000,-4.0335,0.0000,-0.2668,0.0000,0.5353,0.0000,0.6000,-10377585.0000
7.9700,0.6636,0.1377,4.6465,0.4749,0,0,0.8072,0.0000,-4.1006,0.0000,-0.2659,0.0000,0.5003,0.0000,0.6000,-10377585.0000
7.9802,0.5255,0.0607,4.6425,0.4749,0,0,0.7672,0.0000,-4.1709,0.0000,-0.2657,0.0000,0.4598,0.0000,0.6000,-10377585.0000
7.9902,0.7057,0.3021,4.8209,0.4746,0,0,0.7354,0.0000,-4.2243,0.0000,-0.2640,0.0000,0.4292,0.0000,0.6000,-10377585.0000
8.0000,0.7660,0.0810,4.8954,0.4743,0,0,0.7067,0.0000,-4.2693,0.0000,-0.2616,0.0000,0.4024,0.0000,0.6000,-10377585.0000
8.0100,0.5669,0.2450,4.9327,0.4741,0,0,0.6706,0.0000,-4.3223,0.0000,-0.2605,0.0000,0.3669,0.0000,0.6000,-10377585.0000
8.0200,0.7318,0.6722,5.0528,0.4737,0,0,0.6421,0.0000,-4.3602,0.0000,-0.2580,0.0000,0.3405,0.0000,0.6000,-10377585.0000
8.0302,0.8074,0.1107,5.1505,0.4732,0,0,0.6173,0.0000,-4.3897,0.0000,-0.2548,0.0000,0.3186,0.0000,0.6000,-10377585.0000
8.0403,0.7549,-0.0313,5.1733,0.4727,0,0,0.5910,0.0000,-4.4190,0.0000,-0.2518,0.0000,0.2949,0.0000,0.6000,-10377585.0000
8.0499,0.4806,0.3558,5.1735,0.4725,0,0,0.5542,0.0000,-4.4605,0.0000,-0.2506,0.0000,0.2590,0.0000,0.6000,-10377585.0000
8.0600,0.3643,-0.0886,5.1931,0.4724,0,0,0.5139,0.0000,-4.5034,0.0000,-0.2499,0.0000,0.2190,0.0000,0.6000,-10377585.0000
8.0699,0.4970,-0.4821,5.2548,0.4721,0,0,0.4800,0.0000,-4.5331,0.0000,-0.2480,0.0000,0.1867,0.0000,0.6000,-10377585.0000
8.0804,0.4363,0.1487,5.3899,0.4719,0,0,0.4447,0.0000,-4.5616,0.0000,-0.2464,0.0000,0.1527,0.0000,0.6000,-10377585.0000
8.0906,0.0443,0.4306,5.3266,0.4719,0,0,0.3930,0.0000,-4.6090,0.0000,-0.2474,0.0000,0.0995,0.0000,0.6000,-10377585.0000
8.1000,0.2389,0.3654,5.5314,0.4717,0,0,0.3525,0.0000,-4.6361,0.0000,-0.2465,0.0000,0.0596,0.0000,0.6000,-10377585.0000
8.1099,0.4205,0.4889,5.7757,0.4713,0,0,0.3205,0.0000,-4.6479,0.0000,-0.2441,0.0000,0.0299,0.0000,0.6000,-10377585.0000
8.1200,0.1591,0.5714,5.6740,0.4712,0,0,0.2792,0.0000,-4.6693,0.0000,-0.2433,0.0000,-0.0108,0.0000,0.6000,-10377585.0000
8.1303,0.2986,0.2945,5.8404,0.4709,0,0,0.2448,0.0000,-4.6778,0.0000,-0.2413,0.0000,-0.0432,0.0000,0.6000,-10377585.0000
8.1403,0.4749,0.0682,5.8912,0.4704,0,0,0.2187,0.0000,-4.6730,0.0000,-0.2379,0.0000,-0.0660,0.0000,0.6000,-10377585.0000
8.1499,0.3479,-0.2017,5.7376,0.4700,0,0,0.1884,0.0000,-4.6715,0.0000,-0.2353,0.0000,-0.0936,0.0000,0.6000,-10377585.0000
8.1600,0.2426,-0.2453,5.8906,0.4697,0,0,0.1550,0.0000,-4.6714,0.0000,-0.2331,0.0000,-0.1249,0.0000,0.6000,-10377585.0000
8.1700,-0.1420,0.0890,5.6854,0.4697,0,0,0.1076,0.0000,-4.6857,0.0000,-0.2332,0.0000,-0.1725,0.0000,0.6000,-10377585.0000
8.1802,-0.1351,0.1229,5.7763,0.4696,0,0,0.0622,0.0000,-4.6933,0.0000,-0.2330,0.0000,-0.2177,0.0000,0.6000,-10377585.0000
8.1902,0.1872,-0.0255,5.9651,0.4693,0,0,0.0312,0.0000,-4.6797,0.0000,-0.2305,0.0000,-0.2461,0.0000,0.6000,-10377585.0000
8.2000,-0.1350,0.4596,5.8277,0.4692,0,0,-0.0113,0.0000,-4.6773,0.0000,-0.2298,0.0000,-0.2878,0.0000,0.6000,-10377585.0000
8.2099,-0.0518,0.6560,5.7846,0.4692,0,0,-0.0468,0.0000,-4.6633,0.0000,-0.2279,0.0000,-0.3214,0.0000,0.6000,-10377585.0000
8.2199,0.1695,0.0307,5.9345,0.4687,0,0,-0.0743,0.0000,-4.6373,0.0000,-0.2249,0.0000,-0.3455,0.0000,0.6000,-10377585.0000
8.2302,-0.2379,0.0328,5.7676,0.4687,0,0,-0.1165,0.0000,-4.6261,0.0000,-0.2242,0.0000,-0.3870,0.0000,0.6000,-10377585.0000
8.2402,-0.3506,0.1851,5.8761,0.4686,0,0,-0.1613,0.0000,-4.6145,0.0000,-0.2240,0.0000,-0.4315,0.0000,0.6000,-10377585.0000
8.2499,-0.4368,-0.2371,5.9428,0.4686,0,0,-0.2077,0.0000,-4.6007,0.0000,-0.2240,0.0000,-0.4777,0.0000,0.6000,-10377585.0000
8.2601,-0.4091,-0.1533,5.9094,0.4686,0,0,-0.2511,0.0000,-4.5798,0.0000,-0.2236,0.0000,-0.5204,0.0000,0.6000,-10377585.0000
8.2700,-0.2260,-0.0557,5.9000,0.4683,0,0,-0.2856,0.0000,-4.5460,0.0000,-0.2218,0.0000,-0.5528,0.0000,0.6000,-10377583.0000
8.2804,-0.5325,-0.0277,5.7713,0.4683,0,0,-0.3303,0.0000,-4.5204,0.0000,-0.2216,0.0000,-0.5971,0.0000,0.6000,-10377583.0000
8.2906,-0.3818,0.2831,5.8058,0.4682,0,0,-0.3673,0.0000,-4.4832,0.0000,-0.2203,0.0000,-0.6324,0.0000,0.6000,-10377583.0000
8.3000,-0.3115,0.2903,6.1161,0.4679,0,0,-0.4000,0.0000,-4.4389,0.0000,-0.2183,0.0000,-0.6627,0.0000,0.6000,-10377583.0000
8.3099,-0.9131,0.3902,5.9702,0.4681,0,0,-0.4538,0.0000,-4.4140,0.0000,-0.2199,0.0000,-0.7178,0.0000,0.6000,-10377583.0000
8.3200,-1.1232,0.7134,5.9902,0.4684,0,0,-0.5132,0.0000,-4.3901,0.0000,-0.2224,0.0000,-0.7795,0.0000,0.6000,-10377583.0000
8.3302,-1.0041,0.4762,5.9090,0.4685,0,0,-0.5655,0.0000,-4.3541,0.0000,-0.2238,0.0000,-0.8328,0.0000,0.6000,-10377583.0000
8.3402,-1.0181,-0.1957,5.5625,0.4686,0,0,-0.6160,0.0000,-4.3119,0.0000,-0.2249,0.0000,-0.8840,0.0000,0.6000,-10377583.0000
8.3499,-0.9194,-0.1811,5.6292,0.4687,0,0,-0.6604,0.0000,-4.2598,0.0000,-0.2251,0.0000,-0.9281,0.0000,0.6000,-10377583.0000
8.3600,-1.1540,0.0971,5.4463,0.4688,0,0,-0.7114,0.0000,-4.2106,0.0000,-0.2265,0.0000,-0.9800,0.0000,0.6000,-10377583.0000
8.3700,-1.3225,-0.1771,5.4527,0.4690,0,0,-0.7661,0.0000,-4.1609,0.0000,-0.2287,0.0000,-1.0364,0.0000,0.6000,-10377583.0000
8.3803,-1.0882,-0.0574,5.6712,0.4690,0,0,-0.8096,0.0000,-4.0962,0.0000,-0.2290,0.0000,-1.0796,0.0000,0.6000,-10377583.0000
8.3902,-1.5337,0.4007,5.3607,0.4693,0,0,-0.8672,0.0000,-4.0415,0.0000,-0.2318,0.0000,-1.1395,0.0000,0.6000,-10377583.0000
8.4000,-1.6073,0.3934,5.2756,0.4695,0,0,-0.9247,0.0000,-3.9820,0.0000,-0.2348,0.0000,-1.1993,0.0000,0.6000,-10377583.0000
8.4100,-1.2547,0.0834,5.3530,0.4695,0,0,-0.9665,0.0000,-3.9034,0.0000,-0.2351,0.0000,-1.2407,0.0000,0.6000,-10377583.0000
8.4200,-1.5478,0.2468,5.1267,0.4697,0,0,-1.0167,0.0000,-3.8295,0.0000,-0.2370,0.0000,-1.2920,0.0000,0.6000,-10377583.0000
8.4302,-1.5992,0.2940,5.2244,0.4698,0,0,-1.0661,0.0000,-3.7511,0.0000,-0.2390,0.0000,-1.3425,0.0000,0.6000,-10377583.0000
8.4402,-1.3607,0.0704,5.3665,0.4698,0,0,-1.1042,0.0000,-3.6589,0.0000,-0.2391,0.0000,-1.3799,0.0000,0.6000,-10377583.0000
8.4500,-1.5178,0.0921,5.2295,0.4699,0,0,-1.1457,0.0000,-3.5671,0.0000,-0.2400,0.0000,-1.4214,0.0000,0.6000,-10377583.0000
8.4600,-1.5545,0.0013,5.1057,0.4699,0,0,-1.1862,0.0000,-3.4716,0.0000,-0.2408,0.0000,-1.4617,0.0000,0.6000,-10377583.0000
8.4700,-1.7564,-0.0788,4.8830,0.4700,0,0,-1.2314,0.0000,-3.3776,0.0000,-0.2427,0.0000,-1.5078,0.0000,0.6000,-10377583.0000
8.4803,-1.8556,-0.0749,4.6694,0.4701,0,0,-1.2775,0.0000,-3.2814,0.0000,-0.2449,0.0000,-1.5552,0.0000,0.6000,-10377583.0000
8.4906,-1.8409,-0.3116,4.7602,0.4702,0,0,-1.3204,0.0000,-3.1791,0.0000,-0.2468,0.0000,-1.5989,0.0000,0.6000,-10377583.0000
8.5000,-2.0823,-0.0013,4.6442,0.4703,0,0,-1.3692,0.0000,-3.0793,0.0000,-0.2499,0.0000,-1.6499,0.0000,0.6000,-10377583.0000
8.5099,-2.2831,0.5748,4.5578,0.4704,0,0,-1.4222,0.0000,-2.9799,0.0000,-0.2541,0.0000,-1.7061,0.0000,0.6000,-10377583.0000
8.5200,-1.9606,0.4011,4.6266,0.4705,0,0,-1.4609,0.0000,-2.8638,0.0000,-0.2557,0.0000,-1.7453,0.0000,0.6000,-10377583.0000
8.5302,-1.9282,0.1807,4.4922,0.4705,0,0,-1.4959,0.0000,-2.7420,0.0000,-0.2569,0.0000,-1.7803,0.0000,0.6000,-10377583.0000
8.5402,-1.9976,0.4249,4.3549,0.4706,0,0,-1.5309,0.0000,-2.6183,0.0000,-0.2584,0.0000,-1.8155,0.0000,0.6000,-10377583.0000
8.5500,-1.8593,0.3133,4.3652,0.4706,0,0,-1.5586,0.0000,-2.4859,0.0000,-0.2587,0.0000,-1.8422,0.0000,0.6000,-10377583.0000
8.5600,-1.9278,-0.2640,4.2446,0.4706,0,0,-1.5864,0.0000,-2.3524,0.0000,-0.2593,0.0000,-1.8692,0.0000,0.6000,-10377583.0000
8.5699,-1.9446,-0.0511,4.2994,0.4706,0,0,-1.6126,0.0000,-2.2162,0.0000,-0.2598,0.0000,-1.8945,0.0000,0.6000,-10377583.0000
8.5803,-2.0506,0.1437,4.1644,0.4706,0,0,-1.6401,0.0000,-2.0804,0.0000,-0.2608,0.0000,-1.9218,0.0000,0.6000,-10377583.0000
8.5902,-2.0713,0.0283,4.0642,0.4706,0,0,-1.6661,0.0000,-1.9421,0.0000,-0.2618,0.0000,-1.9474,0.0000,0.6000,-10377583.0000
8.6000,-1.7255,0.1208,4.0743,0.4706,0,0,-1.6779,0.0000,-1.7889,0.0000,-0.2603,0.0000,-1.9561,0.0000,0.6000,-10377583.0000
8.6100,-2.0242,0.3218,3.9229,0.4706,0,0,-1.6981,0.0000,-1.6445,0.0000,-0.2608,0.0000,-1.9753,0.0000,0.6000,-10377583.0000
8.6200,-2.1604,0.4816,3.7708,0.4706,0,0,-1.7209,0.0000,-1.5026,0.0000,-0.2621,0.0000,-1.9980,0.0000,0.6000,-10377583.0000
8.6302,-1.8501,0.5667,3.8981,0.4706,0,0,-1.7309,0.0000,-1.3469,0.0000,-0.2610,0.0000,-2.0054,0.0000,0.6000,-10377583.0000
8.6402,-1.9986,0.4107,3.7438,0.4706,0,0,-1.7441,0.0000,-1.1953,0.0000,-0.2610,0.0000,-2.0170,0.0000,0.6000,-10377583.0000
8.6499,-1.9035,0.3501,3.7116,0.4706,0,0,-1.7521,0.0000,-1.0386,0.0000,-0.2602,0.0000,-2.0227,0.0000,0.6000,-10377583.0000
8.6600,-1.7152,0.3435,3.8053,0.4707,0,0,-1.7520,0.0000,-0.8739,0.0000,-0.2580,0.0000,-2.0187,0.0000,0.6000,-10377583.0000
8.6699,-1.7683,0.2194,3.5425,0.4707,0,0,-1.7521,0.0000,-0.7112,0.0000,-0.2562,0.0000,-2.0154,0.0000,0.6000,-10377583.0000
8.6805,-1.5112,-0.0730,3.6927,0.4708,0,0,-1.7419,0.0000,-0.5383,0.0000,-0.2526,0.0000,-1.9999,0.0000,0.6000,-10377583.0000
8.6906,-1.7028,0.1944,3.5618,0.4709,0,0,-1.7370,0.0000,-0.3741,0.0000,-0.2505,0.0000,-1.9913,0.0000,0.6000,-10377583.0000
8.7000,-2.1024,0.5445,3.3700,0.4709,0,0,-1.7446,0.0000,-0.2266,0.0000,-0.2513,0.0000,-1.9982,0.0000,0.6000,-10377583.0000
8.7100,-1.7456,0.2129,3.5517,0.4709,0,0,-1.7381,0.0000,-0.0635,0.0000,-0.2495,0.0000,-1.9882,0.0000,0.6000,-10377583.0000
8.7200,-1.7786,0.4132,3.4090,0.4710,0,0,-1.7315,0.0000,0.0975,0.0000,-0.2479,0.0000,-1.9785,0.0000,0.6000,-10377583.0000
8.7302,-1.8510,0.7869,3.2833,0.4711,0,0,-1.7261,0.0000,0.2546,0.0000,-0.2470,0.0000,-1.9706,0.0000,0.6000,-10377583.0000
8.7403,-1.5699,0.4927,3.4187,0.4712,0,0,-1.7096,0.0000,0.4232,0.0000,-0.2441,0.0000,-1.9495,0.0000,0.6000,-10377583.0000
8.7499,-1.4767,0.4510,3.3391,0.4714,0,0,-1.6889,0.0000,0.5940,0.0000,-0.2406,0.0000,-1.9236,0.0000,0.6000,-10377583.0000
8.7600,-1.6086,0.3529,3.2716,0.4716,0,0,-1.6720,0.0000,0.7564,0.0000,-0.2383,0.0000,-1.9027,0.0000,0.6000,-10377583.0000
8.7700,-1.5536,0.0047,3.3896,0.4717,0,0,-1.6522,0.0000,0.9192,0.0000,-0.2357,0.0000,-1.8787,0.0000,0.6000,-10377583.0000
8.7802,-1.7261,0.1484,3.2408,0.4718,0,0,-1.6376,0.0000,1.0715,0.0000,-0.2346,0.0000,-1.8615,0.0000,0.6000,-10377583.0000
8.7902,-1.5231,0.1357,3.3094,0.4720,0,0,-1.6150,0.0000,1.2315,0.0000,-0.2320,0.0000,-1.8347,0.0000,0.6000,-10377583.0000
8.8000,-1.4819,0.0485,3.3219,0.4721,0,0,-1.5902,0.0000,1.3905,0.0000,-0.2294,0.0000,-1.8057,0.0000,0.6000,-10377583.0000
8.8099,-1.7176,0.6338,3.1730,0.4722,0,0,-1.5731,0.0000,1.5348,0.0000,-0.2287,0.0000,-1.7865,0.0000,0.6000,-10377583.0000
8.8200,-1.4580,0.7681,3.2916,0.4724,0,0,-1.5461,0.0000,1.6896,0.0000,-0.2263,0.0000,-1.7554,0.0000,0.6000,-10377583.0000
8.8303,-1.3055,0.3407,3.2913,0.4726,0,0,-1.5131,0.0000,1.8486,0.0000,-0.2229,0.0000,-1.7175,0.0000,0.6000,-10377583.0000
8.8403,-1.4261,0.4173,3.2779,0.4728,0,0,-1.4841,0.0000,1.9969,0.0000,-0.2207,0.0000,-1.6849,0.0000,0.6000,-10377583.0000
8.8500,-1.2453,0.4534,3.3827,0.4731,0,0,-1.4483,0.0000,2.1507,0.0000,-0.2174,0.0000,-1.6442,0.0000,0.6000,-10377583.0000
8.8600,-1.3297,-0.2148,3.3071,0.4733,0,0,-1.4154,0.0000,2.2952,0.0000,-0.2151,0.0000,-1.6075,0.0000,0.6000,-10377583.0000
8.8699,-1.2905,-0.0908,3.3117,0.4735,0,0,-1.3809,0.0000,2.4371,0.0000,-0.2127,0.0000,-1.5692,0.0000,0.6000,-10377583.0000
8.8803,-1.5603,0.3984,3.2947,0.4735,0,0,-1.3562,0.0000,2.5599,0.0000,-0.2126,0.0000,-1.5432,0.0000,0.6000,-10377583.0000
8.8907,-1.7532,0.3387,3.1578,0.4734,0,0,-1.3383,0.0000,2.6685,0.0000,-0.2142,0.0000,-1.5258,0.0000,0.6000,-10377583.0000
8.9000,-1.4852,0.2251,3.3847,0.4734,0,0,-1.3101,0.0000,2.7891,0.0000,-0.2139,0.0000,-1.4961,0.0000,0.6000,-10377583.0000
8.9099,-1.8213,0.4649,3.2708,0.4732,0,0,-1.2942,0.0000,2.8872,0.0000,-0.2163,0.0000,-1.4817,0.0000,0.6000,-10377583.0000
8.9200,-1.9644,0.4045,3.1639,0.4728,0,0,-1.2833,0.0000,2.9748,0.0000,-0.2199,0.0000,-1.4734,0.0000,0.6000,-10377583.0000
8.9302,-1.6136,0.2301,3.5156,0.4727,0,0,-1.2587,0.0000,3.0803,0.0000,-0.2210,0.0000,-1.4489,0.0000,0.6000,-10377583.0000
8.9403,-1.9202,0.4208,3.2383,0.4723,0,0,-1.2455,0.0000,3.1649,0.0000,-0.2245,0.0000,-1.4384,0.0000,0.6000,-10377583.0000
8.9499,-1.8773,0.4060,3.3860,0.4720,0,0,-1.2303,0.0000,3.2499,0.0000,-0.2278,0.0000,-1.4256,0.0000,0.6000,-10377583.0000
8.9600,-1.6912,0.2284,3.5641,0.4718,0,0,-1.2078,0.0000,3.3431,0.0000,-0.2297,0.0000,-1.4041,0.0000,0.6000,-10377583.0000
8.9700,-1.8424,0.3108,3.5107,0.4715,0,0,-1.1909,0.0000,3.4244,0.0000,-0.2330,0.0000,-1.3897,0.0000,0.6000,-10377583.0000
8.9803,-1.6015,0.0812,3.7178,0.4713,0,0,-1.1647,0.0000,3.5168,0.0000,-0.2345,0.0000,-1.3641,0.0000,0.6000,-10377583.0000
8.9902,-1.5943,0.0512,3.8823,0.4711,0,0,-1.1383,0.0000,3.6059,0.0000,-0.2362,0.0000,-1.3385,0.0000,0.6000,-10377583.0000
9.0001,-1.7358,0.1378,3.7962,0.4708,0,0,-1.1174,0.0000,3.6829,0.0000,-0.2391,0.0000,-1.3197,0.0000,0.6000,-10377583.0000
9.0099,-1.3953,-0.1845,4.0700,0.4707,0,0,-1.0834,0.0000,3.7763,0.0000,-0.2397,0.0000,-1.2853,0.0000,0.6000,-10377583.0000
9.0199,-1.7072,0.0572,4.0169,0.4704,0,0,-1.0618,0.0000,3.8470,0.0000,-0.2428,0.0000,-1.2661,0.0000,0.6000,-10377583.0000
9.0302,-1.9970,0.6353,3.9561,0.4698,0,0,-1.0502,0.0000,3.8998,0.0000,-0.2478,0.0000,-1.2591,0.0000,0.6000,-10377583.0000
9.0403,-1.6413,0.2094,4.2964,0.4695,0,0,-1.0259,0.0000,3.9695,0.0000,-0.2506,0.0000,-1.2368,0.0000,0.6000,-10377583.0000
9.0499,-1.5125,0.1856,4.3627,0.4692,0,0,-0.9969,0.0000,4.0431,0.0000,-0.2526,0.0000,-1.2090,0.0000,0.6000,-10377583.0000
9.0600,-1.3570,0.6808,4.5480,0.4691,0,0,-0.9622,0.0000,4.1213,0.0000,-0.2536,0.0000,-1.1746,0.0000,0.6000,-10377583.0000
9.0699,-1.0735,0.3996,4.6670,0.4692,0,0,-0.9170,0.0000,4.2107,0.0000,-0.2529,0.0000,-1.1278,0.0000,0.6000,-10377583.0000
9.0803,-1.1047,0.0465,4.6412,0.4692,0,0,-0.8740,0.0000,4.2917,0.0000,-0.2527,0.0000,-1.0839,0.0000,0.6000,-10377583.0000
9.0906,-1.3218,0.2334,4.7362,0.4690,0,0,-0.8404,0.0000,4.3543,0.0000,-0.2544,0.0000,-1.0512,0.0000,0.6000,-10377583.0000
9.1000,-1.6398,0.1403,4.7447,0.4685,0,0,-0.8197,0.0000,4.3944,0.0000,-0.2586,0.0000,-1.0343,0.0000,0.6000,-10377583.0000
9.1100,-1.6297,-0.0395,4.7252,0.4680,0,0,-0.7989,0.0000,4.4324,0.0000,-0.2627,0.0000,-1.0173,0.0000,0.6000,-10377583.0000
9.1200,-1.2239,0.1657,5.0707,0.4679,0,0,-0.7627,0.0000,4.4901,0.0000,-0.2642,0.0000,-0.9819,0.0000,0.6000,-10377583.0000
9.1302,-1.2619,0.3606,4.9553,0.4676,0,0,-0.7287,0.0000,4.5406,0.0000,-0.2661,0.0000,-0.9494,0.0000,0.6000,-10377583.0000
9.1402,-1.1733,0.3328,5.1786,0.4675,0,0,-0.6920,0.0000,4.5914,0.0000,-0.2676,0.0000,-0.9137,0.0000,0.6000,-10377583.0000
9.1500,-0.8798,0.4244,5.3462,0.4675,0,0,-0.6448,0.0000,4.6529,0.0000,-0.2674,0.0000,-0.8657,0.0000,0.6000,-10377583.0000
9.1600,-1.2470,0.6005,5.3081,0.4672,0,0,-0.6131,0.0000,4.6881,0.0000,-0.2700,0.0000,-0.8363,0.0000,0.6000,-10377583.0000
9.1700,-1.1551,0.5382,5.4478,0.4669,0,0,-0.5787,0.0000,4.7240,0.0000,-0.2722,0.0000,-0.8037,0.0000,0.6000,-10377583.0000
9.1803,-0.8639,0.2732,5.6563,0.4669,0,0,-0.5338,0.0000,4.7707,0.0000,-0.2726,0.0000,-0.7587,0.0000,0.6000,-10377583.0000
9.1902,-0.8821,0.1177,5.5880,0.4668,0,0,-0.4909,0.0000,4.8102,0.0000,-0.2734,0.0000,-0.7163,0.0000,0.6000,-10377583.0000
9.2000,-0.7529,0.0178,5.8471,0.4667,0,0,-0.4443,0.0000,4.8505,0.0000,-0.2737,0.0000,-0.6694,0.0000,0.6000,-10377583.0000
9.2100,-0.8925,0.2568,5.8157,0.4666,0,0,-0.4045,0.0000,4.8774,0.0000,-0.2751,0.0000,-0.6308,0.0000,0.6000,-10377583.0000
9.2200,-0.9856,0.2790,5.8388,0.4663,0,0,-0.3695,0.0000,4.8942,0.0000,-0.2775,0.0000,-0.5981,0.0000,0.6000,-10377583.0000
9.2303,-0.7837,-0.1289,5.9869,0.4662,0,0,-0.3278,0.0000,4.9167,0.0000,-0.2787,0.0000,-0.5574,0.0000,0.6000,-10377580.0000
9.2402,-1.0153,0.1946,5.9159,0.4658,0,0,-0.2964,0.0000,4.9223,0.0000,-0.2817,0.0000,-0.5290,0.0000,0.6000,-10377580.0000
9.2499,-1.1019,0.5675,5.9009,0.4654,0,0,-0.2695,0.0000,4.9198,0.0000,-0.2855,0.0000,-0.5058,0.0000,0.6000,-10377580.0000
9.2600,-0.6828,0.1596,6.0737,0.4653,0,0,-0.2271,0.0000,4.9344,0.0000,-0.2867,0.0000,-0.4645,0.0000,0.6000,-10377580.0000
9.2700,-0.5068,0.3519,6.0884,0.4652,0,0,-0.1794,0.0000,4.9518,0.0000,-0.2869,0.0000,-0.4169,0.0000,0.6000,-10377580.0000
9.2804,-0.7993,0.7846,5.9954,0.4650,0,0,-0.1447,0.0000,4.9492,0.0000,-0.2894,0.0000,-0.3846,0.0000,0.6000,-10377580.0000
9.2906,-0.9275,0.3296,6.0601,0.4646,0,0,-0.1162,0.0000,4.9365,0.0000,-0.2929,0.0000,-0.3597,0.0000,0.6000,-10377580.0000
9.3000,-1.0466,0.3347,5.9667,0.4641,0,0,-0.0933,0.0000,4.9150,0.0000,-0.2974,0.0000,-0.3415,0.0000,0.6000,-10377580.0000
9.3099,-1.1944,0.5267,5.8638,0.4636,0,0,-0.0710,0.0000,4.8915,0.0000,-0.3019,0.0000,-0.3240,0.0000,0.6000,-10377580.0000
9.3200,-0.9548,0.2440,5.8926,0.4632,0,0,-0.0463,0.0000,4.8695,0.0000,-0.3059,0.0000,-0.3035,0.0000,0.6000,-10377580.0000
9.3302,-0.6595,0.2027,6.0388,0.4630,0,0,-0.0112,0.0000,4.8578,0.0000,-0.3082,0.0000,-0.2708,0.0000,0.6000,-10377580.0000
9.3402,-0.5929,0.0708,5.9783,0.4627,0,0,0.0251,0.0000,4.8448,0.0000,-0.3102,0.0000,-0.2367,0.0000,0.6000,-10377580.0000
9.3500,-0.5089,-0.0089,6.1026,0.4626,0,0,0.0631,0.0000,4.8311,0.0000,-0.3120,0.0000,-0.2005,0.0000,0.6000,-10377580.0000
9.3600,-0.7632,0.3860,5.8848,0.4622,0,0,0.0901,0.0000,4.8020,0.0000,-0.3155,0.0000,-0.1775,0.0000,0.6000,-10377580.0000
9.3700,-0.8297,0.3663,5.8847,0.4618,0,0,0.1134,0.0000,4.7673,0.0000,-0.3197,0.0000,-0.1586,0.0000,0.6000,-10377580.0000
9.3803,-0.7795,0.1235,5.8910,0.4615,0,0,0.1376,0.0000,4.7322,0.0000,-0.3236,0.0000,-0.1387,0.0000,0.6000,-10377580.0000
9.3902,-1.0805,0.5947,5.8191,0.4611,0,0,0.1585,0.0000,4.6923,0.0000,-0.3280,0.0000,-0.1226,0.0000,0.6000,-10377580.0000
9.4000,-0.7031,0.7719,5.9083,0.4607,0,0,0.1836,0.0000,4.6557,0.0000,-0.3317,0.0000,-0.1015,0.0000,0.6000,-10377580.0000
9.4099,-0.1976,0.2420,6.1818,0.4607,0,0,0.2266,0.0000,4.6365,0.0000,-0.3323,0.0000,-0.0594,0.0000,0.6000,-10377580.0000
9.4199,0.0940,0.4148,6.0974,0.4607,0,0,0.2752,0.0000,4.6199,0.0000,-0.3319,0.0000,-0.0106,0.0000,0.6000,-10377580.0000
9.4302,0.4257,0.6426,6.3121,0.4609,0,0,0.3376,0.0000,4.6137,0.0000,-0.3292,0.0000,0.0546,0.0000,0.6000,-10377580.0000
9.4403,0.5450,0.1814,6.2885,0.4612,0,0,0.4020,0.0000,4.6041,0.0000,-0.3261,0.0000,0.1219,0.0000,0.6000,-10377580.0000
9.4500,0.4219,-0.0487,6.1337,0.4613,0,0,0.4591,0.0000,4.5817,0.0000,-0.3242,0.0000,0.1808,0.0000,0.6000,-10377580.0000
9.4600,0.2856,0.1184,6.1194,0.4614,0,0,0.5088,0.0000,4.5470,0.0000,-0.3235,0.0000,0.2308,0.0000,0.6000,-10377580.0000
9.4699,0.0550,0.1269,6.0872,0.4614,0,0,0.5458,0.0000,4.4957,0.0000,-0.3250,0.0000,0.2658,0.0000,0.6000,-10377580.0000
9.4804,0.1939,0.1506,6.1276,0.4613,0,0,0.5881,0.0000,4.4473,0.0000,-0.3255,0.0000,0.3071,0.0000,0.6000,-10377580.0000
9.4906,0.6010,0.2704,6.2554,0.4615,0,0,0.6434,0.0000,4.4084,0.0000,-0.3236,0.0000,0.3638,0.0000,0.6000,-10377580.0000
9.5000,0.5326,0.3607,6.0988,0.4616,0,0,0.6936,0.0000,4.3604,0.0000,-0.3225,0.0000,0.4147,0.0000,0.6000,-10377580.0000
9.5100,0.5753,0.7043,6.0845,0.4616,0,0,0.7431,0.0000,4.3077,0.0000,-0.3215,0.0000,0.4646,0.0000,0.6000,-10377580.0000
9.5200,0.9281,0.7181,6.2230,0.4618,0,0,0.8030,0.0000,4.2614,0.0000,-0.3186,0.0000,0.5270,0.0000,0.6000,-10377580.0000
9.5302,0.8642,0.4836,6.1789,0.4620,0,0,0.8578,0.0000,4.2055,0.0000,-0.3164,0.0000,0.5834,0.0000,0.6000,-10377580.0000
9.5403,0.8411,0.5952,6.1435,0.4621,0,0,0.9091,0.0000,4.1421,0.0000,-0.3148,0.0000,0.6358,0.0000,0.6000,-10377580.0000
9.5500,0.9914,0.4495,6.1586,0.4622,0,0,0.9634,0.0000,4.0776,0.0000,-0.3125,0.0000,0.6916,0.0000,0.6000,-10377580.0000
9.5600,0.9651,-0.1661,5.9293,0.4623,0,0,1.0139,0.0000,4.0056,0.0000,-0.3108,0.0000,0.7432,0.0000,0.6000,-10377580.0000
9.5700,1.0383,0.0566,5.9030,0.4624,0,0,1.0645,0.0000,3.9299,0.0000,-0.3089,0.0000,0.7950,0.0000,0.6000,-10377580.0000
9.5802,1.0030,0.4148,5.7744,0.4625,0,0,1.1113,0.0000,3.8470,0.0000,-0.3075,0.0000,0.8422,0.0000,0.6000,-10377580.0000
9.5902,1.1459,0.0627,5.7685,0.4625,0,0,1.1605,0.0000,3.7633,0.0000,-0.3056,0.0000,0.8926,0.0000,0.6000,-10377580.0000
9.6000,1.4196,0.0940,5.9102,0.4627,0,0,1.2169,0.0000,3.6826,0.0000,-0.3022,0.0000,0.9515,0.0000,0.6000,-10377580.0000
9.6099,1.0689,0.6473,5.5903,0.4627,0,0,1.2578,0.0000,3.5837,0.0000,-0.3014,0.0000,0.9923,0.0000,0.6000,-10377580.0000
9.6200,1.1668,0.3527,5.5756,0.4628,0,0,1.2998,0.0000,3.4831,0.0000,-0.3003,0.0000,1.0344,0.0000,0.6000,-10377580.0000
9.6302,1.4816,-0.0032,5.6818,0.4629,0,0,1.3504,0.0000,3.3878,0.0000,-0.2974,0.0000,1.0869,0.0000,0.6000,-10377580.0000
9.6402,1.0459,0.5276,5.3933,0.4628,0,0,1.3828,0.0000,3.2722,0.0000,-0.2976,0.0000,1.1179,0.0000,0.6000,-10377580.0000
9.6499,1.1853,0.6958,5.4501,0.4629,0,0,1.4179,0.0000,3.1575,0.0000,-0.2972,0.0000,1.1523,0.0000,0.6000,-10377580.0000
9.6600,1.6057,0.1726,5.5396,0.4629,0,0,1.4653,0.0000,3.0524,0.0000,-0.2942,0.0000,1.2017,0.0000,0.6000,-10377580.0000
9.6700,1.3877,0.2545,5.2932,0.4630,0,0,1.5024,0.0000,2.9345,0.0000,-0.2929,0.0000,1.2388,0.0000,0.6000,-10377580.0000
9.6804,1.4543,0.1987,5.2581,0.4630,0,0,1.5392,0.0000,2.8145,0.0000,-0.2915,0.0000,1.2758,0.0000,0.6000,-10377580.0000
9.6905,1.4628,-0.2002,5.1601,0.4630,0,0,1.5738,0.0000,2.6904,0.0000,-0.2903,0.0000,1.3105,0.0000,0.6000,-10377580.0000
9.7000,1.2903,0.0471,4.8925,0.4630,0,0,1.6000,0.0000,2.5566,0.0000,-0.2904,0.0000,1.3352,0.0000,0.6000,-10377580.0000
9.7099,1.4301,0.2127,4.9176,0.4630,0,0,1.6289,0.0000,2.4243,0.0000,-0.2898,0.0000,1.3634,0.0000,0.6000,-10377580.0000
9.7200,1.4168,0.1529,4.8110,0.4630,0,0,1.6550,0.0000,2.2882,0.0000,-0.2894,0.0000,1.3885,0.0000,0.6000,-10377580.0000
9.7303,1.4997,0.3385,4.7475,0.4630,0,0,1.6817,0.0000,2.1519,0.0000,-0.2886,0.0000,1.4146,0.0000,0.6000,-10377580.0000
9.7403,1.5623,0.0618,4.7235,0.4630,0,0,1.7083,0.0000,2.0147,0.0000,-0.2876,0.0000,1.4408,0.0000,0.6000,-10377580.0000
9.7499,1.1956,0.0560,4.4301,0.4630,0,0,1.7200,0.0000,1.8616,0.0000,-0.2893,0.0000,1.4493,0.0000,0.6000,-10377580.0000
9.7600,1.2247,0.4255,4.3314,0.4630,0,0,1.7309,0.0000,1.7082,0.0000,-0.2909,0.0000,1.4571,0.0000,0.6000,-10377580.0000
9.7700,1.5400,0.2708,4.3798,0.4630,0,0,1.7508,0.0000,1.5646,0.0000,-0.2903,0.0000,1.4762,0.0000,0.6000,-10377580.0000
9.7802,1.4691,0.4041,4.2108,0.4630,0,0,1.7662,0.0000,1.4162,0.0000,-0.2903,0.0000,1.4901,0.0000,0.6000,-10377580.0000
9.7902,1.2964,0.7345,4.1414,0.4630,0,0,1.7737,0.0000,1.2597,0.0000,-0.2917,0.0000,1.4946,0.0000,0.6000,-10377580.0000
9.8000,1.5524,0.2098,4.0945,0.4630,0,0,1.7883,0.0000,1.1117,0.0000,-0.2913,0.0000,1.5082,0.0000,0.6000,-10377580.0000
9.8100,1.5241,-0.0915,3.9791,0.4630,0,0,1.8000,0.0000,0.9609,0.0000,-0.2912,0.0000,1.5184,0.0000,0.6000,-10377580.0000
9.8200,1.2565,0.3083,3.7641,0.4631,0,0,1.8006,0.0000,0.7987,0.0000,-0.2930,0.0000,1.5155,0.0000,0.6000,-10377580.0000
9.8302,1.1231,0.3876,3.6423,0.4631,0,0,1.7950,0.0000,0.6312,0.0000,-0.2958,0.0000,1.5055,0.0000,0.6000,-10377580.0000
9.8403,1.3166,0.3247,3.6481,0.4632,0,0,1.7948,0.0000,0.4719,0.0000,-0.2972,0.0000,1.5024,0.0000,0.6000,-10377580.0000
9.8500,1.3266,0.3189,3.5245,0.4632,0,0,1.7935,0.0000,0.3129,0.0000,-0.2984,0.0000,1.4982,0.0000,0.6000,-10377580.0000
9.8600,1.3787,-0.0205,3.4267,0.4633,0,0,1.7925,0.0000,0.1562,0.0000,-0.2993,0.0000,1.4948,0.0000,0.6000,-10377580.0000
9.8699,1.1487,0.0588,3.2857,0.4634,0,0,1.7821,0.0000,-0.0098,0.0000,-0.3018,0.0000,1.4802,0.0000,0.6000,-10377580.0000
9.8804,1.0257,0.1759,3.1829,0.4635,0,0,1.7662,0.0000,-0.1796,0.0000,-0.3051,0.0000,1.4593,0.0000,0.6000,-10377580.0000
9.8906,1.2195,-0.0927,3.2552,0.4636,0,0,1.7561,0.0000,-0.3394,0.0000,-0.3068,0.0000,1.4459,0.0000,0.6000,-10377580.0000
9.9000,0.9414,0.3672,3.0819,0.4637,0,0,1.7351,0.0000,-0.5099,0.0000,-0.3105,0.0000,1.4195,0.0000,0.6000,-10377580.0000
9.9099,0.7847,0.8043,2.9653,0.4639,0,0,1.7079,0.0000,-0.6846,0.0000,-0.3151,0.0000,1.3859,0.0000,0.6000,-10377580.0000
9.9200,1.1473,0.3509,3.0677,0.4640,0,0,1.6927,0.0000,-0.8402,0.0000,-0.3169,0.0000,1.3674,0.0000,0.6000,-10377580.0000
9.9302,1.1461,0.3553,2.9835,0.4641,0,0,1.6765,0.0000,-0.9939,0.0000,-0.3185,0.0000,1.3481,0.0000,0.6000,-10377580.0000
9.9403,0.9959,0.6767,2.8698,0.4643,0,0,1.6542,0.0000,-1.1523,0.0000,-0.3211,0.0000,1.3216,0.0000,0.6000,-10377580.0000
9.9500,1.1776,0.3788,3.0177,0.4643,0,0,1.6376,0.0000,-1.2997,0.0000,-0.3222,0.0000,1.3025,0.0000,0.6000,-10377580.0000
9.9600,1.1900,0.3323,2.9232,0.4644,0,0,1.6207,0.0000,-1.4443,0.0000,-0.3230,0.0000,1.2832,0.0000,0.6000,-10377580.0000
9.9700,1.0761,0.1031,2.8964,0.4645,0,0,1.5989,0.0000,-1.5919,0.0000,-0.3245,0.0000,1.2584,0.0000,0.6000,-10377580.0000
9.9802,0.9753,0.0349,2.9294,0.4646,0,0,1.5729,0.0000,-1.7415,0.0000,-0.3266,0.0000,1.2289,0.0000,0.6000,-10377580.0000
9.9902,0.6601,0.3354,2.7863,0.4649,0,0,1.5352,0.0000,-1.9028,0.0000,-0.3308,0.0000,1.1853,0.0000,0.6000,-10377580.0000
10.0000,0.9198,0.0309,2.9361,0.4650,0,0,1.5067,0.0000,-2.0466,0.0000,-0.3328,0.0000,1.1534,0.0000,0.6000,-10377580.0000
10.0099,1.0564,-0.0206,3.0232,0.4650,0,0,1.4827,0.0000,-2.1800,0.0000,-0.3335,0.0000,1.1274,0.0000,0.6000,-10377580.0000
10.0200,0.6891,0.7097,2.9154,0.4653,0,0,1.4452,0.0000,-2.3282,0.0000,-0.3368,0.0000,1.0851,0.0000,0.6000,-10377580.0000
10.0302,0.7218,0.5674,3.0268,0.4655,0,0,1.4088,0.0000,-2.4698,0.0000,-0.3395,0.0000,1.0446,0.0000,0.6000,-10377580.0000
10.0402,0.9050,0.2290,3.1115,0.4655,0,0,1.3790,0.0000,-2.5973,0.0000,-0.3405,0.0000,1.0125,0.0000,0.6000,-10377580.0000
10.0500,0.8540,0.5139,3.0865,0.4656,0,0,1.3473,0.0000,-2.7234,0.0000,-0.3417,0.0000,0.9784,0.0000,0.6000,-10377580.0000
10.0600,1.1638,0.4434,3.2414,0.4655,0,0,1.3268,0.0000,-2.8292,0.0000,-0.3403,0.0000,0.9582,0.0000,0.6000,-10377580.0000
10.0700,1.7455,0.4168,3.4210,0.4651,0,0,1.3241,0.0000,-2.9068,0.0000,-0.3351,0.0000,0.9599,0.0000,0.6000,-10377580.0000
10.0804,1.9576,0.4299,3.6119,0.4647,0,0,1.3207,0.0000,-2.9838,0.0000,-0.3300,0.0000,0.9609,0.0000,0.6000,-10377580.0000
10.0906,2.1061,0.0934,3.6090,0.4643,0,0,1.3166,0.0000,-3.0601,0.0000,-0.3248,0.0000,0.9612,0.0000,0.6000,-10377580.0000
10.1000,2.0078,0.1276,3.8560,0.4639,0,0,1.3118,0.0000,-3.1357,0.0000,-0.3196,0.0000,0.9608,0.0000,0.6000,-10377580.0000
10.1099,1.6361,0.0731,3.5391,0.4634,0,0,1.3054,0.0000,-3.2118,0.0000,-0.3147,0.0000,0.9586,0.0000,0.6000,-10377580.0000
10.1200,1.5504,-0.4032,3.7457,0.4631,0,0,1.2953,0.0000,-3.2915,0.0000,-0.3103,0.0000,0.9520,0.0000,0.6000,-10377580.0000
10.1302,1.1410,0.1440,3.6298,0.4630,0,0,1.2694,0.0000,-3.3912,0.0000,-0.3090,0.0000,0.9265,0.0000,0.6000,-10377580.0000
10.1403,0.4796,0.5718,3.4171,0.4632,0,0,1.2188,0.0000,-3.5222,0.0000,-0.3122,0.0000,0.8714,0.0000,0.6000,-10377580.0000
10.1500,0.5709,0.1498,3.5428,0.4634,0,0,1.1723,0.0000,-3.6413,0.0000,-0.3144,0.0000,0.8215,0.0000,0.6000,-10377580.0000
10.1600,0.6976,0.3067,3.6630,0.4635,0,0,1.1313,0.0000,-3.7473,0.0000,-0.3153,0.0000,0.7785,0.0000,0.6000,-10377580.0000
10.1700,0.7030,0.6497,3.5979,0.4636,0,0,1.0910,0.0000,-3.8472,0.0000,-0.3159,0.0000,0.7367,0.0000,0.6000,-10377580.0000
10.1803,1.1958,0.3245,3.9283,0.4633,0,0,1.0698,0.0000,-3.9155,0.0000,-0.3125,0.0000,0.7181,0.0000,0.6000,-10377580.0000
10.1902,1.3330,0.2191,4.0092,0.4629,0,0,1.0538,0.0000,-3.9736,0.0000,-0.3081,0.0000,0.7060,0.0000,0.6000,-10377580.0000
10.2000,0.9748,0.2988,3.9038,0.4627,0,0,1.0242,0.0000,-4.0485,0.0000,-0.3062,0.0000,0.6776,0.0000,0.6000,-10377580.0000
10.2100,0.9838,0.0839,4.1147,0.4625,0,0,0.9953,0.0000,-4.1189,0.0000,-0.3040,0.0000,0.6502,0.0000,0.6000,-10377580.0000
10.2199,0.6311,0.1537,3.9898,0.4625,0,0,0.9534,0.0000,-4.2039,0.0000,-0.3041,0.0000,0.6073,0.0000,0.6000,-10377580.0000
10.2303,0.6251,0.0499,4.0611,0.4625,0,0,0.9121,0.0000,-4.2835,0.0000,-0.3040,0.0000,0.5652,0.0000,0.6000,-10377570.0000
10.2403,0.8252,-0.2412,4.2531,0.4623,0,0,0.8791,0.0000,-4.3469,0.0000,-0.3022,0.0000,0.5335,0.0000,0.6000,-10377570.0000
10.2500,0.5134,0.2925,4.1799,0.4623,0,0,0.8349,0.0000,-4.4221,0.0000,-0.3023,0.0000,0.4883,0.0000,0.6000,-10377570.0000
10.2600,0.5842,0.5208,4.3346,0.4623,0,0,0.7943,0.0000,-4.4876,0.0000,-0.3016,0.0000,0.4478,0.0000,0.6000,-10377570.0000
10.2700,0.8631,0.1292,4.5512,0.4620,0,0,0.7653,0.0000,-4.5332,0.0000,-0.2987,0.0000,0.4212,0.0000,0.6000,-10377570.0000
10.2804,0.7533,0.3583,4.5994,0.4618,0,0,0.7326,0.0000,-4.5807,0.0000,-0.2964,0.0000,0.3904,0.0000,0.6000,-10377570.0000
10.2907,0.6355,0.5865,4.6776,0.4616,0,0,0.6962,0.0000,-4.6298,0.0000,-0.2947,0.0000,0.3551,0.0000,0.6000,-10377570.0000
10.3000,0.7489,0.2782,4.8210,0.4614,0,0,0.6649,0.0000,-4.6685,0.0000,-0.2920,0.0000,0.3262,0.0000,0.6000,-10377570.0000
10.3099,0.7168,0.2831,4.8567,0.4611,0,0,0.6331,0.0000,-4.7047,0.0000,-0.2893,0.0000,0.2968,0.0000,0.6000,-10377570.0000
10.3200,0.5322,0.0513,4.9138,0.4609,0,0,0.5951,0.0000,-4.7461,0.0000,-0.2877,0.0000,0.2599,0.0000,0.6000,-10377570.0000
10.3302,0.2920,0.0679,4.9651,0.4609,0,0,0.5489,0.0000,-4.7944,0.0000,-0.2875,0.0000,0.2134,0.0000,0.6000,-10377570.0000
10.3403,0.2063,0.3028,4.9959,0.4609,0,0,0.5006,0.0000,-4.8408,0.0000,-0.2875,0.0000,0.1647,0.0000,0.6000,-10377570.0000
10.3500,0.4122,-0.2109,5.1036,0.4608,0,0,0.4617,0.0000,-4.8707,0.0000,-0.2859,0.0000,0.1271,0.0000,0.6000,-10377570.0000
10.3600,0.6564,-0.2197,5.2599,0.4604,0,0,0.4332,0.0000,-4.8839,0.0000,-0.2823,0.0000,0.1021,0.0000,0.6000,-10377570.0000
10.3700,0.4417,0.3997,5.2326,0.4602,0,0,0.3973,0.0000,-4.9039,0.0000,-0.2800,0.0000,0.0683,0.0000,0.6000,-10377570.0000
10.3802,0.3681,0.1028,5.3801,0.4600,0,0,0.3597,0.0000,-4.9229,0.0000,-0.2780,0.0000,0.0325,0.0000,0.6000,-10377570.0000
10.3902,0.5228,0.0548,5.5386,0.4597,0,0,0.3292,0.0000,-4.9300,0.0000,-0.2747,0.0000,0.0052,0.0000,0.6000,-10377570.0000
10.4000,0.2738,0.2812,5.5907,0.4596,0,0,0.2901,0.0000,-4.9449,0.0000,-0.2729,0.0000,-0.0323,0.0000,0.6000,-10377570.0000
10.4099,0.2020,0.2835,5.6655,0.4594,0,0,0.2495,0.0000,-4.9584,0.0000,-0.2714,0.0000,-0.0714,0.0000,0.6000,-10377570.0000
10.4199,0.5098,0.5681,5.8833,0.4591,0,0,0.2220,0.0000,-4.9527,0.0000,-0.2675,0.0000,-0.0950,0.0000,0.6000,-10377570.0000
10.4302,0.4961,0.3841,5.8809,0.4588,0,0,0.1949,0.0000,-4.9446,0.0000,-0.2636,0.0000,-0.1181,0.0000,0.6000,-10377570.0000
10.4403,0.4833,0.0292,5.9272,0.4584,0,0,0.1683,0.0000,-4.9340,0.0000,-0.2597,0.0000,-0.1407,0.0000,0.6000,-10377570.0000
10.4500,0.3838,0.3456,5.9862,0.4581,0,0,0.1388,0.0000,-4.9249,0.0000,-0.2562,0.0000,-0.1667,0.0000,0.6000,-10377570.0000
10.4600,0.2311,0.1310,5.9612,0.4579,0,0,0.1046,0.0000,-4.9191,0.0000,-0.2536,0.0000,-0.1983,0.0000,0.6000,-10377570.0000
10.4700,0.2915,-0.4771,5.9490,0.4576,0,0,0.0738,0.0000,-4.9066,0.0000,-0.2504,0.0000,-0.2257,0.0000,0.6000,-10377570.0000
10.4803,0.2563,-0.0094,6.0155,0.4574,0,0,0.0429,0.0000,-4.8922,0.0000,-0.2473,0.0000,-0.2533,0.0000,0.6000,-10377570.0000
10.4906,0.0394,0.4280,5.9167,0.4574,0,0,0.0035,0.0000,-4.8850,0.0000,-0.2456,0.0000,-0.2910,0.0000,0.6000,-10377570.0000
10.5000,0.1296,0.2981,6.0606,0.4571,0,0,-0.0296,0.0000,-4.8678,0.0000,-0.2429,0.0000,-0.3212,0.0000,0.6000,-10377570.0000
10.5099,0.3008,0.3298,6.1631,0.4568,0,0,-0.0550,0.0000,-4.8397,0.0000,-0.2389,0.0000,-0.3423,0.0000,0.6000,-10377570.0000
10.5199,0.0549,0.2171,6.0988,0.4568,0,0,-0.0906,0.0000,-4.8212,0.0000,-0.2367,0.0000,-0.3755,0.0000,0.6000,-10377570.0000
10.5302,-0.1578,0.2814,6.0634,0.4567,0,0,-0.1307,0.0000,-4.8049,0.0000,-0.2353,0.0000,-0.4140,0.0000,0.6000,-10377570.0000
10.5402,0.0141,0.5469,6.2122,0.4567,0,0,-0.1633,0.0000,-4.7776,0.0000,-0.2326,0.0000,-0.4437,0.0000,0.6000,-10377570.0000
10.5499,0.0128,0.1618,6.1636,0.4567,0,0,-0.1947,0.0000,-4.7466,0.0000,-0.2297,0.0000,-0.4719,0.0000,0.6000,-10377570.0000
10.5599,-0.1574,0.3339,6.1957,0.4565,0,0,-0.2305,0.0000,-4.7183,0.0000,-0.2277,0.0000,-0.5054,0.0000,0.6000,-10377570.0000
10.5699,-0.5510,0.5991,6.0292,0.4565,0,0,-0.2793,0.0000,-4.7011,0.0000,-0.2280,0.0000,-0.5544,0.0000,0.6000,-10377570.0000
10.5802,-0.8423,-0.0699,5.9252,0.4567,0,0,-0.3370,0.0000,-4.6892,0.0000,-0.2299,0.0000,-0.6137,0.0000,0.6000,-10377570.0000
10.5903,-0.7971,-0.2217,5.9429,0.4568,0,0,-0.3906,0.0000,-4.6684,0.0000,-0.2310,0.0000,-0.6683,0.0000,0.6000,-10377570.0000
10.6000,-0.9168,0.1187,5.8798,0.4569,0,0,-0.4464,0.0000,-4.6455,0.0000,-0.2326,0.0000,-0.7255,0.0000,0.6000,-10377570.0000
10.6099,-0.9340,0.0958,5.9306,0.4570,0,0,-0.5005,0.0000,-4.6164,0.0000,-0.2340,0.0000,-0.7806,0.0000,0.6000,-10377570.0000
10.6200,-0.8224,0.3013,6.0673,0.4570,0,0,-0.5482,0.0000,-4.5767,0.0000,-0.2342,0.0000,-0.8282,0.0000,0.6000,-10377570.0000
10.6302,-0.8883,0.3692,6.0448,0.4570,0,0,-0.5961,0.0000,-4.5337,0.0000,-0.2346,0.0000,-0.8761,0.0000,0.6000,-10377570.0000
10.6402,-1.2082,0.3725,5.9592,0.4572,0,0,-0.6535,0.0000,-4.4965,0.0000,-0.2368,0.0000,-0.9353,0.0000,0.6000,-10377570.0000
10.6499,-1.3939,0.7216,5.7816,0.4574,0,0,-0.7151,0.0000,-4.4589,0.0000,-0.2397,0.0000,-0.9994,0.0000,0.6000,-10377570.0000
10.6600,-1.1790,0.4840,5.7541,0.4574,0,0,-0.7662,0.0000,-4.4062,0.0000,-0.2409,0.0000,-1.0511,0.0000,0.6000,-10377570.0000
10.6700,-1.1808,0.0746,5.7919,0.4575,0,0,-0.8149,0.0000,-4.3474,0.0000,-0.2417,0.0000,-1.1001,0.0000,0.6000,-10377570.0000
10.6804,-1.4311,0.6232,5.7572,0.4576,0,0,-0.8703,0.0000,-4.2916,0.0000,-0.2438,0.0000,-1.1570,0.0000,0.6000,-10377570.0000
10.6906,-1.4099,0.6078,5.8034,0.4577,0,0,-0.9223,0.0000,-4.2284,0.0000,-0.2455,0.0000,-1.2100,0.0000,0.6000,-10377570.0000
10.7000,-1.3801,0.0946,5.7975,0.4578,0,0,-0.9706,0.0000,-4.1579,0.0000,-0.2466,0.0000,-1.2588,0.0000,0.6000,-10377570.0000
10.7100,-1.4446,0.2801,5.6183,0.4578,0,0,-1.0189,0.0000,-4.0839,0.0000,-0.2478,0.0000,-1.3075,0.0000,0.6000,-10377570.0000
10.7200,-1.5483,0.2199,5.5442,0.4579,0,0,-1.0683,0.0000,-4.0077,0.0000,-0.2493,0.0000,-1.3577,0.0000,0.6000,-10377570.0000
10.7302,-1.6753,0.1815,5.4432,0.4580,0,0,-1.1196,0.0000,-3.9300,0.0000,-0.2514,0.0000,-1.4103,0.0000,0.6000,-10377570.0000
10.7402,-1.7804,0.5298,5.4803,0.4581,0,0,-1.1720,0.0000,-3.8496,0.0000,-0.2538,0.0000,-1.4643,0.0000,0.6000,-10377570.0000
10.7499,-1.7756,0.3678,5.4388,0.4582,0,0,-1.2215,0.0000,-3.7628,0.0000,-0.2559,0.0000,-1.5150,0.0000,0.6000,-10377570.0000
10.7600,-2.0976,0.4421,5.3235,0.4583,0,0,-1.2797,0.0000,-3.6809,0.0000,-0.2597,0.0000,-1.5762,0.0000,0.6000,-10377570.0000
10.7699,-1.8328,0.7563,5.2359,0.4584,0,0,-1.3255,0.0000,-3.5832,0.0000,-0.2614,0.0000,-1.6227,0.0000,0.6000,-10377570.0000
10.7802,-1.6555,0.1724,5.2145,0.4584,0,0,-1.3625,0.0000,-3.4744,0.0000,-0.2616,0.0000,-1.6588,0.0000,0.6000,-10377570.0000
10.7902,-1.7877,0.1452,5.0192,0.4584,0,0,-1.4017,0.0000,-3.3656,0.0000,-0.2624,0.0000,-1.6978,0.0000,0.6000,-10377570.0000
10.8000,-1.9393,0.7350,4.9368,0.4584,0,0,-1.4438,0.0000,-3.2572,0.0000,-0.2640,0.0000,-1.7404,0.0000,0.6000,-10377570.0000
10.8099,-2.0188,0.3960,4.8989,0.4585,0,0,-1.4861,0.0000,-3.1466,0.0000,-0.2659,0.0000,-1.7835,0.0000,0.6000,-10377570.0000
10.8200,-2.0163,0.0100,4.7795,0.4585,0,0,-1.5257,0.0000,-3.0309,0.0000,-0.2674,0.0000,-1.8234,0.0000,0.6000,-10377570.0000
10.8303,-2.0432,0.1893,4.7298,0.4585,0,0,-1.5636,0.0000,-2.9115,0.0000,-0.2689,0.0000,-1.8617,0.0000,0.6000,-10377570.0000
10.8403,-2.1440,0.0757,4.5718,0.4586,0,0,-1.6025,0.0000,-2.7911,0.0000,-0.2708,0.0000,-1.9013,0.0000,0.6000,-10377570.0000
10.8499,-1.9577,0.1318,4.5323,0.4586,0,0,-1.6324,0.0000,-2.6599,0.0000,-0.2712,0.0000,-1.9302,0.0000,0.6000,-10377570.0000
10.8599,-1.9809,0.4439,4.5356,0.4586,0,0,-1.6608,0.0000,-2.5261,0.0000,-0.2715,0.0000,-1.9576,0.0000,0.6000,-10377570.0000
10.8699,-2.3104,0.5714,4.2988,0.4586,0,0,-1.6982,0.0000,-2.4000,0.0000,-0.2739,0.0000,-1.9961,0.0000,0.6000,-10377570.0000
10.8803,-2.3013,0.5195,4.3192,0.4586,0,0,-1.7327,0.0000,-2.2693,0.0000,-0.2760,0.0000,-2.0314,0.0000,0.6000,-10377570.0000
10.8907,-2.0643,0.5353,4.2532,0.4586,0,0,-1.7566,0.0000,-2.1266,0.0000,-0.2762,0.0000,-2.0541,0.0000,0.6000,-10377570.0000
10.9000,-2.2968,0.4571,4.0524,0.4586,0,0,-1.7862,0.0000,-1.9890,0.0000,-0.2779,0.0000,-2.0840,0.0000,0.6000,-10377570.0000
10.9100,-2.1413,0.5785,4.0122,0.4586,0,0,-1.8080,0.0000,-1.8427,0.0000,-0.2783,0.0000,-2.1048,0.0000,0.6000,-10377570.0000
10.9200,-1.9537,0.5347,4.0084,0.4586,0,0,-1.8213,0.0000,-1.6873,0.0000,-0.2772,0.0000,-2.1154,0.0000,0.6000,-10377570.0000
10.9302,-1.9728,0.1735,3.8791,0.4586,0,0,-1.8332,0.0000,-1.5311,0.0000,-0.2763,0.0000,-2.1248,0.0000,0.6000,-10377570.0000
10.9403,-2.0316,0.1897,3.8627,0.4586,0,0,-1.8454,0.0000,-1.3755,0.0000,-0.2756,0.0000,-2.1347,0.0000,0.6000,-10377570.0000
10.9499,-2.1406,0.3543,3.7414,0.4586,0,0,-1.8593,0.0000,-1.2225,0.0000,-0.2757,0.0000,-2.1472,0.0000,0.6000,-10377570.0000
10.9600,-2.1721,0.0166,3.6392,0.4586,0,0,-1.8724,0.0000,-1.0690,0.0000,-0.2758,0.0000,-2.1589,0.0000,0.6000,-10377570.0000
10.9699,-1.8803,0.0045,3.6736,0.4586,0,0,-1.8735,0.0000,-0.9033,0.0000,-0.2739,0.0000,-2.1564,0.0000,0.6000,-10377570.0000
10.9803,-2.1574,0.4734,3.5063,0.4586,0,0,-1.8826,0.0000,-0.7478,0.0000,-0.2739,0.0000,-2.1639,0.0000,0.6000,-10377570.0000
10.9903,-2.1093,0.5416,3.3822,0.4587,0,0,-1.8882,0.0000,-0.5894,0.0000,-0.2735,0.0000,-2.1675,0.0000,0.6000,-10377570.0000
11.0000,-1.7645,0.2070,3.5769,0.4587,0,0,-1.8802,0.0000,-0.4171,0.0000,-0.2706,0.0000,-2.1550,0.0000,0.6000,-10377570.0000
11.0099,-2.0824,0.5527,3.2774,0.4587,0,0,-1.8818,0.0000,-0.2581,0.0000,-0.2701,0.0000,-2.1545,0.0000,0.6000,-10377570.0000
11.0200,-2.0668,0.6949,3.2582,0.4588,0,0,-1.8814,0.0000,-0.0984,0.0000,-0.2695,0.0000,-2.1519,0.0000,0.6000,-10377570.0000
11.0302,-1.5496,0.2942,3.4105,0.4589,0,0,-1.8616,0.0000,0.0819,0.0000,-0.2652,0.0000,-2.1259,0.0000,0.6000,-10377570.0000
11.0403,-1.6063,0.4030,3.2326,0.4590,0,0,-1.8427,0.0000,0.2577,0.0000,-0.2614,0.0000,-2.1016,0.0000,0.6000,-10377570.0000
11.0500,-1.5082,0.3893,3.2772,0.4592,0,0,-1.8196,0.0000,0.4352,0.0000,-0.2571,0.0000,-2.0724,0.0000,0.6000,-10377570.0000
11.0600,-1.6629,0.0568,3.2637,0.4593,0,0,-1.8010,0.0000,0.6036,0.0000,-0.2542,0.0000,-2.0491,0.0000,0.6000,-10377570.0000
11.0700,-1.8017,0.1596,3.0843,0.4593,0,0,-1.7864,0.0000,0.7640,0.0000,-0.2524,0.0000,-2.0311,0.0000,0.6000,-10377570.0000
11.0804,-1.7422,0.0370,3.1898,0.4594,0,0,-1.7686,0.0000,0.9250,0.0000,-0.2503,0.0000,-2.0097,0.0000,0.6000,-10377570.0000
11.0906,-1.8587,0.2100,3.0770,0.4595,0,0,-1.7541,0.0000,1.0789,0.0000,-0.2492,0.0000,-1.9925,0.0000,0.6000,-10377570.0000
11.1000,-1.8506,0.7082,3.0626,0.4595,0,0,-1.7383,0.0000,1.2313,0.0000,-0.2482,0.0000,-1.9742,0.0000,0.6000,-10377570.0000
11.1100,-1.3854,0.4817,3.2468,0.4597,0,0,-1.7054,0.0000,1.4022,0.0000,-0.2439,0.0000,-1.9352,0.0000,0.6000,-10377570.0000
11.1200,-1.5213,0.3212,3.1737,0.4599,0,0,-1.6768,0.0000,1.5629,0.0000,-0.2408,0.0000,-1.9020,0.0000,0.6000,-10377570.0000
11.1303,-1.5568,0.7954,3.1680,0.4600,0,0,-1.6489,0.0000,1.7185,0.0000,-0.2383,0.0000,-1.8701,0.0000,0.6000,-10377570.0000
11.1403,-1.4336,0.6512,3.3130,0.4602,0,0,-1.6163,0.0000,1.8761,0.0000,-0.2351,0.0000,-1.8327,0.0000,0.6000,-10377570.0000
11.1499,-1.5112,0.2649,3.2080,0.4603,0,0,-1.5861,0.0000,2.0260,0.0000,-0.2328,0.0000,-1.7986,0.0000,0.6000,-10377570.0000
11.1600,-1.6731,0.3407,3.2725,0.4603,0,0,-1.5614,0.0000,2.1645,0.0000,-0.2318,0.0000,-1.7716,0.0000,0.6000,-10377570.0000
11.1699,-1.6391,0.1770,3.2665,0.4604,0,0,-1.5350,0.0000,2.3014,0.0000,-0.2309,0.0000,-1.7429,0.0000,0.6000,-10377570.0000
11.1803,-1.5291,-0.2537,3.3363,0.4605,0,0,-1.5044,0.0000,2.4400,0.0000,-0.2293,0.0000,-1.7093,0.0000,0.6000,-10377570.0000
11.1902,-1.4088,0.0982,3.4760,0.4606,0,0,-1.4692,0.0000,2.5802,0.0000,-0.2271,0.0000,-1.6705,0.0000,0.6000,-10377552.0000
11.2000,-1.8915,0.4055,3.2959,0.4605,0,0,-1.4513,0.0000,2.6927,0.0000,-0.2287,0.0000,-1.6531,0.0000,0.6000,-10377552.0000
11.2099,-2.1537,0.5331,3.3358,0.4603,0,0,-1.4425,0.0000,2.7900,0.0000,-0.2324,0.0000,-1.6470,0.0000,0.6000,-10377552.0000
11.2199,-1.9686,0.6698,3.3850,0.4601,0,0,-1.4262,0.0000,2.8950,0.0000,-0.2347,0.0000,-1.6320,0.0000,0.6000,-10377552.0000
11.2302,-1.8877,0.3592,3.4450,0.4600,0,0,-1.4065,0.0000,3.0017,0.0000,-0.2366,0.0000,-1.6131,0.0000,0.6000,-10377552.0000
11.2402,-1.8134,0.4505,3.4605,0.4599,0,0,-1.3838,0.0000,3.1094,0.0000,-0.2381,0.0000,-1.5908,0.0000,0.6000,-10377552.0000
11.2500,-1.7197,0.7663,3.5501,0.4599,0,0,-1.3574,0.0000,3.2186,0.0000,-0.2390,0.0000,-1.5642,0.0000,0.6000,-10377552.0000
11.2600,-1.6266,0.3496,3.6527,0.4598,0,0,-1.3275,0.0000,3.3288,0.0000,-0.2395,0.0000,-1.5337,0.0000,0.6000,-10377552.0000
11.2700,-1.6733,0.1541,3.7465,0.4598,0,0,-1.2993,0.0000,3.4326,0.0000,-0.2405,0.0000,-1.5055,0.0000,0.6000,-10377552.0000
11.2804,-1.9599,0.3827,3.6559,0.4595,0,0,-1.2817,0.0000,3.5184,0.0000,-0.2438,0.0000,-1.4903,0.0000,0.6000,-10377552.0000
11.2906,-2.0991,0.1320,3.7148,0.4592,0,0,-1.2689,0.0000,3.5947,0.0000,-0.2482,0.0000,-1.4812,0.0000,0.6000,-10377552.0000
11.3000,-1.8858,0.1111,3.8396,0.4590,0,0,-1.2479,0.0000,3.6801,0.0000,-0.2511,0.0000,-1.4622,0.0000,0.6000,-10377552.0000
11.3100,-1.6974,0.2818,3.9700,0.4589,0,0,-1.2198,0.0000,3.7720,0.0000,-0.2528,0.0000,-1.4349,0.0000,0.6000,-10377552.0000
11.3199,-1.8180,0.4056,4.0154,0.4587,0,0,-1.1963,0.0000,3.8541,0.0000,-0.2555,0.0000,-1.4133,0.0000,0.6000,-10377552.0000
11.3302,-1.7746,0.7270,4.1165,0.4585,0,0,-1.1712,0.0000,3.9353,0.0000,-0.2581,0.0000,-1.3899,0.0000,0.6000,-10377552.0000
11.3403,-1.6646,0.6892,4.2951,0.4583,0,0,-1.1420,0.0000,4.0187,0.0000,-0.2601,0.0000,-1.3619,0.0000,0.6000,-10377552.0000
11.3500,-1.7569,0.2633,4.3391,0.4581,0,0,-1.1166,0.0000,4.0935,0.0000,-0.2629,0.0000,-1.3385,0.0000,0.6000,-10377552.0000
11.3600,-1.8716,0.4233,4.3900,0.4578,0,0,-1.0955,0.0000,4.1592,0.0000,-0.2667,0.0000,-1.3206,0.0000,0.6000,-10377552.0000
11.3699,-1.8410,0.3816,4.4694,0.4575,0,0,-1.0734,0.0000,4.2237,0.0000,-0.2704,0.0000,-1.3016,0.0000,0.6000,-10377552.0000
11.3803,-1.5495,-0.1132,4.6139,0.4574,0,0,-1.0405,0.0000,4.3000,0.0000,-0.2721,0.0000,-1.2696,0.0000,0.6000,-10377552.0000
11.3902,-1.3027,0.1145,4.8263,0.4574,0,0,-0.9987,0.0000,4.3842,0.0000,-0.2724,0.0000,-1.2272,0.0000,0.6000,-10377552.0000
11.4000,-1.3960,0.4648,4.8842,0.4573,0,0,-0.9612,0.0000,4.4583,0.0000,-0.2736,0.0000,-1.1902,0.0000,0.6000,-10377552.0000
11.4099,-1.3994,0.1167,4.9960,0.4572,0,0,-0.9245,0.0000,4.5272,0.0000,-0.2750,0.0000,-1.1542,0.0000,0.6000,-10377552.0000
11.4200,-1.1934,0.1417,5.2598,0.4572,0,0,-0.8807,0.0000,4.6016,0.0000,-0.2753,0.0000,-1.1099,0.0000,0.6000,-10377552.0000
11.4303,-1.4778,0.4329,5.1982,0.4570,0,0,-0.8485,0.0000,4.6561,0.0000,-0.2778,0.0000,-1.0798,0.0000,0.6000,-10377552.0000
11.4402,-1.5269,0.6894,5.3012,0.4567,0,0,-0.8188,0.0000,4.7040,0.0000,-0.2809,0.0000,-1.0527,0.0000,0.6000,-10377552.0000
11.4500,-1.3210,0.7666,5.5129,0.4566,0,0,-0.7819,0.0000,4.7583,0.0000,-0.2828,0.0000,-1.0171,0.0000,0.6000,-10377552.0000
11.4600,-1.5060,0.3359,5.3876,0.4563,0,0,-0.7527,0.0000,4.7989,0.0000,-0.2862,0.0000,-0.9909,0.0000,0.6000,-10377552.0000
11.4700,-1.4490,0.0471,5.6159,0.4560,0,0,-0.7220,0.0000,4.8386,0.0000,-0.2893,0.0000,-0.9630,0.0000,0.6000,-10377552.0000
11.4804,-1.4745,0.2639,5.5277,0.4558,0,0,-0.6930,0.0000,4.8733,0.0000,-0.2928,0.0000,-0.9370,0.0000,0.6000,-10377552.0000
11.4906,-1.4962,-0.0395,5.6160,0.4555,0,0,-0.6653,0.0000,4.9034,0.0000,-0.2966,0.0000,-0.9129,0.0000,0.6000,-10377552.0000
11.5000,-1.1905,-0.1815,5.7005,0.4553,0,0,-0.6268,0.0000,4.9447,0.0000,-0.2985,0.0000,-0.8758,0.0000,0.6000,-10377552.0000
11.5100,-1.3253,0.3534,5.6714,0.4551,0,0,-0.5943,0.0000,4.9748,0.0000,-0.3015,0.0000,-0.8461,0.0000,0.6000,-10377552.0000
11.5200,-1.3690,0.3637,5.5952,0.4548,0,0,-0.5643,0.0000,4.9989,0.0000,-0.3050,0.0000,-0.8194,0.0000,0.6000,-10377552.0000
11.5302,-1.0678,0.1173,5.8077,0.4547,0,0,-0.5237,0.0000,5.0335,0.0000,-0.3067,0.0000,-0.7801,0.0000,0.6000,-10377552.0000
11.5403,-1.1870,0.1916,5.7463,0.4545,0,0,-0.4887,0.0000,5.0575,0.0000,-0.3094,0.0000,-0.7476,0.0000,0.6000,-10377552.0000
11.5499,-1.4901,0.1327,5.7015,0.4541,0,0,-0.4645,0.0000,5.0653,0.0000,-0.3141,0.0000,-0.7280,0.0000,0.6000,-10377552.0000
11.5599,-1.3716,0.4049,5.7887,0.4538,0,0,-0.4381,0.0000,5.0739,0.0000,-0.3184,0.0000,-0.7058,0.0000,0.6000,-10377552.0000
11.5699,-1.0838,0.4811,5.8599,0.4536,0,0,-0.4016,0.0000,5.0925,0.0000,-0.3209,0.0000,-0.6716,0.0000,0.6000,-10377552.0000
11.5802,-0.9754,0.2097,5.8219,0.4534,0,0,-0.3621,0.0000,5.1116,0.0000,-0.3229,0.0000,-0.6339,0.0000,0.6000,-10377552.0000
11.5902,-1.0002,0.5264,5.8018,0.4533,0,0,-0.3247,0.0000,5.1248,0.0000,-0.3253,0.0000,-0.5988,0.0000,0.6000,-10377552.0000
11.6000,-0.9514,0.5515,5.6839,0.4531,0,0,-0.2867,0.0000,5.1357,0.0000,-0.3277,0.0000,-0.5630,0.0000,0.6000,-10377552.0000
11.6100,-0.7345,-0.1071,5.7810,0.4530,0,0,-0.2418,0.0000,5.1514,0.0000,-0.3288,0.0000,-0.5191,0.0000,0.6000,-10377552.0000
11.6200,-0.7779,0.0430,5.7267,0.4529,0,0,-0.2000,0.0000,5.1599,0.0000,-0.3305,0.0000,-0.4789,0.0000,0.6000,-10377552.0000
11.6302,-0.8068,0.1747,5.7659,0.4527,0,0,-0.1606,0.0000,5.1621,0.0000,-0.3326,0.0000,-0.4417,0.0000,0.6000,-10377552.0000
11.6403,-0.3950,-0.1285,5.9958,0.4528,0,0,-0.1073,0.0000,5.1771,0.0000,-0.3323,0.0000,-0.3878,0.0000,0.6000,-10377552.0000
11.6500,-0.1056,0.0905,6.0919,0.4529,0,0,-0.0450,0.0000,5.1976,0.0000,-0.3305,0.0000,-0.3235,0.0000,0.6000,-10377552.0000
11.6600,-0.1335,0.2275,6.1288,0.4530,0,0,0.0141,0.0000,5.2091,0.0000,-0.3293,0.0000,-0.2631,0.0000,0.6000,-10377552.0000
11.6699,-0.2466,0.4728,6.0779,0.4530,0,0,0.0668,0.0000,5.2086,0.0000,-0.3291,0.0000,-0.2103,0.0000,0.6000,-10377552.0000
11.6803,-0.1002,0.7849,6.1335,0.4530,0,0,0.1229,0.0000,5.2077,0.0000,-0.3284,0.0000,-0.1534,0.0000,0.6000,-10377552.0000
11.6906,0.1160,0.4336,6.2149,0.4531,0,0,0.1850,0.0000,5.2086,0.0000,-0.3267,0.0000,-0.0896,0.0000,0.6000,-10377552.0000
11.7000,-0.0669,0.3335,6.0587,0.4531,0,0,0.2404,0.0000,5.1971,0.0000,-0.3261,0.0000,-0.0337,0.0000,0.6000,-10377552.0000
11.7100,0.0513,0.5350,6.0816,0.4531,0,0,0.2936,0.0000,5.1790,0.0000,-0.3259,0.0000,0.0195,0.0000,0.6000,-10377552.0000
11.7199,0.4295,-0.0486,6.3533,0.4533,0,0,0.3605,0.0000,5.1712,0.0000,-0.3232,0.0000,0.0890,0.0000,0.6000,-10377552.0000
11.7302,0.5012,-0.1178,6.3496,0.4535,0,0,0.4274,0.0000,5.1578,0.0000,-0.3206,0.0000,0.1584,0.0000,0.6000,-10377552.0000
11.7403,0.4536,0.1247,6.3973,0.4536,0,0,0.4898,0.0000,5.1344,0.0000,-0.3187,0.0000,0.2225,0.0000,0.6000,-10377552.0000
11.7499,0.3316,0.0499,6.3502,0.4536,0,0,0.5451,0.0000,5.0987,0.0000,-0.3180,0.0000,0.2781,0.0000,0.6000,-10377552.0000
11.7600,0.2427,0.1537,6.1994,0.4536,0,0,0.5948,0.0000,5.0531,0.0000,-0.3182,0.0000,0.3271,0.0000,0.6000,-10377552.0000
11.7700,0.4676,0.1533,6.2658,0.4537,0,0,0.6505,0.0000,5.0100,0.0000,-0.3173,0.0000,0.3833,0.0000,0.6000,-10377552.0000
11.7803,0.4219,0.1784,6.1833,0.4537,0,0,0.7020,0.0000,4.9585,0.0000,-0.3171,0.0000,0.4345,0.0000,0.6000,-10377552.0000
11.7903,0.5266,0.5325,6.1333,0.4537,0,0,0.7549,0.0000,4.9048,0.0000,-0.3165,0.0000,0.4875,0.0000,0.6000,-10377552.0000
11.8000,0.8731,0.3110,6.2836,0.4539,0,0,0.8179,0.0000,4.8573,0.0000,-0.3140,0.0000,0.5525,0.0000,0.6000,-10377552.0000
11.8099,0.8331,0.0850,6.1095,0.4540,0,0,0.8766,0.0000,4.8008,0.0000,-0.3122,0.0000,0.6125,0.0000,0.6000,-10377552.0000
11.8200,0.6868,0.4877,5.9763,0.4540,0,0,0.9273,0.0000,4.7321,0.0000,-0.3117,0.0000,0.6629,0.0000,0.6000,-10377552.0000
11.8303,1.0049,0.3248,5.9844,0.4541,0,0,0.9869,0.0000,4.6686,0.0000,-0.3095,0.0000,0.7241,0.0000,0.6000,-10377552.0000
11.8403,1.2173,-0.1173,5.9274,0.4542,0,0,1.0513,0.0000,4.6054,0.0000,-0.3063,0.0000,0.7911,0.0000,0.6000,-10377552.0000
11.8500,1.2202,0.0174,5.8737,0.4543,0,0,1.1127,0.0000,4.5345,0.0000,-0.3035,0.0000,0.8545,0.0000,0.6000,-10377552.0000
11.8600,1.0881,0.0830,5.7321,0.4544,0,0,1.1664,0.0000,4.4518,0.0000,-0.3020,0.0000,0.9089,0.0000,0.6000,-10377552.0000
11.8700,1.0332,-0.1306,5.5836,0.4544,0,0,1.2153,0.0000,4.3609,0.0000,-0.3012,0.0000,0.9578,0.0000,0.6000,-10377552.0000
11.8804,1.1510,-0.1758,5.4396,0.4545,0,0,1.2658,0.0000,4.2683,0.0000,-0.2999,0.0000,1.0086,0.0000,0.6000,-10377552.0000
11.8906,1.1849,-0.3025,5.3060,0.4545,0,0,1.3147,0.0000,4.1710,0.0000,-0.2988,0.0000,1.0577,0.0000,0.6000,-10377552.0000
11.9000,1.0154,0.1540,5.1914,0.4545,0,0,1.3549,0.0000,4.0624,0.0000,-0.2990,0.0000,1.0965,0.0000,0.6000,-10377552.0000
11.9099,1.0177,0.5280,5.0700,0.4545,0,0,1.3928,0.0000,3.9493,0.0000,-0.2996,0.0000,1.1327,0.0000,0.6000,-10377552.0000
11.9200,1.3309,0.2231,5.0929,0.4545,0,0,1.4393,0.0000,3.8422,0.0000,-0.2983,0.0000,1.1794,0.0000,0.6000,-10377552.0000
11.9303,1.3829,0.4148,4.9832,0.4546,0,0,1.4848,0.0000,3.7316,0.0000,-0.2969,0.0000,1.2252,0.0000,0.6000,-10377552.0000
11.9403,1.2164,0.6387,4.7711,0.4546,0,0,1.5218,0.0000,3.6101,0.0000,-0.2970,0.0000,1.2610,0.0000,0.6000,-10377552.0000
11.9500,1.5504,0.1277,4.7828,0.4546,0,0,1.5680,0.0000,3.4955,0.0000,-0.2951,0.0000,1.3079,0.0000,0.6000,-10377552.0000
11.9600,1.4950,-0.0273,4.6209,0.4546,0,0,1.6095,0.0000,3.3737,0.0000,-0.2938,0.0000,1.3495,0.0000,0.6000,-10377552.0000
11.9700,1.4154,-0.0421,4.4626,0.4547,0,0,1.6456,0.0000,3.2445,0.0000,-0.2934,0.0000,1.3846,0.0000,0.6000,-10377552.0000
11.9802,1.3755,0.0602,4.5041,0.4547,0,0,1.6777,0.0000,3.1100,0.0000,-0.2934,0.0000,1.4154,0.0000,0.6000,-10377552.0000
11.9903,1.2274,0.3747,4.2624,0.4546,0,0,1.7023,0.0000,2.9668,0.0000,-0.2947,0.0000,1.4372,0.0000,0.6000,-10377552.0000
12.0000,1.4683,-0.1286,4.2513,0.4546,0,0,1.7330,0.0000,2.8290,0.0000,-0.2945,0.0000,1.4668,0.0000,0.6000,-10377552.0000
12.0099,1.5200,-0.2387,4.2330,0.4546,0,0,1.7631,0.0000,2.6893,0.0000,-0.2941,0.0000,1.4959,0.0000,0.6000,-10377552.0000
12.0199,1.2053,0.3810,3.9514,0.4546,0,0,1.7800,0.0000,2.5357,0.0000,-0.2961,0.0000,1.5093,0.0000,0.6000,-10377552.0000
12.0303,1.4783,0.1454,4.0610,0.4546,0,0,1.8043,0.0000,2.3895,0.0000,-0.2963,0.0000,1.5319,0.0000,0.6000,-10377552.0000
12.0403,1.5357,0.1276,4.0044,0.4546,0,0,1.8283,0.0000,2.2424,0.0000,-0.2963,0.0000,1.5545,0.0000,0.6000,-10377552.0000
12.0500,1.0448,0.7332,3.6363,0.4546,0,0,1.8332,0.0000,2.0759,0.0000,-0.2998,0.0000,1.5542,0.0000,0.6000,-10377552.0000
12.0600,1.3349,0.3452,3.6424,0.4546,0,0,1.8464,0.0000,1.9188,0.0000,-0.3013,0.0000,1.5643,0.0000,0.6000,-10377552.0000
12.0699,1.4932,-0.1327,3.5663,0.4546,0,0,1.8631,0.0000,1.7657,0.0000,-0.3018,0.0000,1.5790,0.0000,0.6000,-10377552.0000
12.0804,1.3727,0.0257,3.4058,0.4546,0,0,1.8737,0.0000,1.6064,0.0000,-0.3032,0.0000,1.5866,0.0000,0.6000,-10377552.0000
12.0906,1.5133,-0.0122,3.4670,0.4546,0,0,1.8873,0.0000,1.4510,0.0000,-0.3037,0.0000,1.5980,0.0000,0.6000,-10377552.0000
12.1000,1.4690,0.1154,3.4196,0.4546,0,0,1.8973,0.0000,1.2924,0.0000,-0.3046,0.0000,1.6056,0.0000,0.6000,-10377552.0000
12.1099,1.4225,0.1897,3.4000,0.4547,0,0,1.9040,0.0000,1.1310,0.0000,-0.3059,0.0000,1.6094,0.0000,0.6000,-10377552.0000
12.1200,1.4862,-0.1046,3.4116,0.4547,0,0,1.9110,0.0000,0.9711,0.0000,-0.3068,0.0000,1.6140,0.0000,0.6000,-10377552.0000
12.1302,1.0186,0.2849,3.2306,0.4547,0,0,1.9003,0.0000,0.7933,0.0000,-0.3110,0.0000,1.5973,0.0000,0.6000,-10377552.0000
12.1403,0.9369,0.3059,3.1100,0.4548,0,0,1.8855,0.0000,0.6137,0.0000,-0.3156,0.0000,1.5760,0.0000,0.6000,-10377552.0000
12.1500,1.3011,-0.1332,3.2431,0.4549,0,0,1.8822,0.0000,0.4494,0.0000,-0.3176,0.0000,1.5691,0.0000,0.6000,-10377552.0000
12.1600,1.1628,0.1498,3.0637,0.4549,0,0,1.8727,0.0000,0.2803,0.0000,-0.3205,0.0000,1.5550,0.0000,0.6000,-10377552.0000
12.1699,1.0603,0.3675,3.0631,0.4550,0,0,1.8585,0.0000,0.1082,0.0000,-0.3240,0.0000,1.5355,0.0000,0.6000,-10377552.0000
12.1802,1.3355,0.2152,3.1732,0.4550,0,0,1.8527,0.0000,-0.0514,0.0000,-0.3255,0.0000,1.5267,0.0000,0.6000,-10377552.0000
12.1903,1.3043,0.3876,3.1369,0.4551,0,0,1.8445,0.0000,-0.2116,0.0000,-0.3271,0.0000,1.5153,0.0000,0.6000,-10377522.0000
12.2000,1.1187,0.1329,3.0592,0.4552,0,0,1.8286,0.0000,-0.3782,0.0000,-0.3299,0.0000,1.4949,0.0000,0.6000,-10377522.0000
12.2100,1.0403,0.1420,2.9920,0.4553,0,0,1.8091,0.0000,-0.5461,0.0000,-0.3332,0.0000,1.4705,0.0000,0.6000,-10377522.0000
12.2200,0.9883,0.2372,2.8906,0.4554,0,0,1.7869,0.0000,-0.7137,0.0000,-0.3367,0.0000,1.4431,0.0000,0.6000,-10377522.0000
12.2302,1.0332,-0.3653,2.8616,0.4555,0,0,1.7656,0.0000,-0.8769,0.0000,-0.3397,0.0000,1.4171,0.0000,0.6000,-10377522.0000
12.2403,1.0236,-0.2019,2.8451,0.4556,0,0,1.7431,0.0000,-1.0379,0.0000,-0.3425,0.0000,1.3902,0.0000,0.6000,-10377522.0000
12.2500,0.9251,0.2770,2.7849,0.4557,0,0,1.7165,0.0000,-1.2003,0.0000,-0.3459,0.0000,1.3586,0.0000,0.6000,-10377522.0000
12.2600,1.1152,-0.0653,2.8931,0.4558,0,0,1.6960,0.0000,-1.3514,0.0000,-0.3477,0.0000,1.3348,0.0000,0.6000,-10377522.0000
12.2700,1.2003,0.0299,2.9346,0.4558,0,0,1.6778,0.0000,-1.4963,0.0000,-0.3487,0.0000,1.3141,0.0000,0.6000,-10377522.0000
12.2804,0.9543,0.4168,2.7821,0.4559,0,0,1.6502,0.0000,-1.6495,0.0000,-0.3513,0.0000,1.2824,0.0000,0.6000,-10377522.0000
12.2907,1.4583,0.2944,2.9832,0.4559,0,0,1.6399,0.0000,-1.7772,0.0000,-0.3500,0.0000,1.2721,0.0000,0.6000,-10377522.0000
12.3000,1.9736,0.2463,3.1994,0.4556,0,0,1.6468,0.0000,-1.8807,0.0000,-0.3449,0.0000,1.2831,0.0000,0.6000,-10377522.0000
12.3099,1.8447,0.0272,3.0713,0.4554,0,0,1.6478,0.0000,-1.9906,0.0000,-0.3408,0.0000,1.2871,0.0000,0.6000,-10377522.0000
12.3200,1.7641,-0.0299,3.1927,0.4553,0,0,1.6448,0.0000,-2.1041,0.0000,-0.3373,0.0000,1.2865,0.0000,0.6000,-10377522.0000
12.3303,1.6068,0.2797,3.1074,0.4552,0,0,1.6351,0.0000,-2.2241,0.0000,-0.3349,0.0000,1.2780,0.0000,0.6000,-10377522.0000
12.3402,1.4392,-0.0718,3.1311,0.4551,0,0,1.6186,0.0000,-2.3504,0.0000,-0.3337,0.0000,1.2614,0.0000,0.6000,-10377522.0000
12.3500,1.7854,-0.2953,3.2203,0.4549,0,0,1.6138,0.0000,-2.4586,0.0000,-0.3299,0.0000,1.2593,0.0000,0.6000,-10377522.0000
12.3600,1.7730,0.0362,3.3434,0.4547,0,0,1.6076,0.0000,-2.5666,0.0000,-0.3261,0.0000,1.2558,0.0000,0.6000,-10377522.0000
12.3700,1.6906,-0.1300,3.2681,0.4545,0,0,1.5975,0.0000,-2.6775,0.0000,-0.3229,0.0000,1.2478,0.0000,0.6000,-10377522.0000
12.3802,1.7579,-0.2707,3.5096,0.4543,0,0,1.5890,0.0000,-2.7838,0.0000,-0.3192,0.0000,1.2420,0.0000,0.6000,-10377522.0000
12.3902,1.3635,0.1085,3.2436,0.4543,0,0,1.5656,0.0000,-2.9075,0.0000,-0.3183,0.0000,1.2182,0.0000,0.6000,-10377522.0000
12.4000,0.8882,0.1324,3.1737,0.4544,0,0,1.5246,0.0000,-3.0508,0.0000,-0.3207,0.0000,1.1734,0.0000,0.6000,-10377522.0000
12.4099,1.0109,0.2792,3.2995,0.4545,0,0,1.4882,0.0000,-3.1828,0.0000,-0.3219,0.0000,1.1345,0.0000,0.6000,-10377522.0000
12.4199,0.8265,0.4565,3.2852,0.4546,0,0,1.4452,0.0000,-3.3190,0.0000,-0.3242,0.0000,1.0879,0.0000,0.6000,-10377522.0000
12.4302,1.0212,0.2008,3.4188,0.4547,0,0,1.4096,0.0000,-3.4401,0.0000,-0.3246,0.0000,1.0505,0.0000,0.6000,-10377522.0000
12.4403,1.4482,0.1589,3.6636,0.4545,0,0,1.3897,0.0000,-3.5359,0.0000,-0.3218,0.0000,1.0326,0.0000,0.6000,-10377522.0000
12.4499,1.6107,0.1034,3.7119,0.4542,0,0,1.3754,0.0000,-3.6212,0.0000,-0.3176,0.0000,1.0217,0.0000,0.6000,-10377522.0000
12.4600,1.5491,-0.2090,3.8481,0.4540,0,0,1.3585,0.0000,-3.7076,0.0000,-0.3137,0.0000,1.0077,0.0000,0.6000,-10377522.0000
12.4700,1.3300,0.1502,3.8126,0.4539,0,0,1.3333,0.0000,-3.8024,0.0000,-0.3114,0.0000,0.9838,0.0000,0.6000,-10377522.0000
12.4803,0.9545,0.1106,3.7552,0.4539,0,0,1.2942,0.0000,-3.9122,0.0000,-0.3116,0.0000,0.9434,0.0000,0.6000,-10377522.0000
12.4906,1.2011,-0.2736,3.8779,0.4537,0,0,1.2645,0.0000,-4.0049,0.0000,-0.3098,0.0000,0.9147,0.0000,0.6000,-10377522.0000
12.5000,1.1568,0.0313,3.9855,0.4536,0,0,1.2334,0.0000,-4.0958,0.0000,-0.3080,0.0000,0.8844,0.0000,0.6000,-10377522.0000
12.5100,1.0710,0.3199,3.9924,0.4536,0,0,1.1993,0.0000,-4.1869,0.0000,-0.3067,0.0000,0.8508,0.0000,0.6000,-10377522.0000
12.5200,1.2586,-0.0867,4.3254,0.4534,0,0,1.1725,0.0000,-4.2644,0.0000,-0.3038,0.0000,0.8261,0.0000,0.6000,-10377522.0000
12.5302,1.1989,0.2144,4.3681,0.4532,0,0,1.1437,0.0000,-4.3413,0.0000,-0.3011,0.0000,0.7992,0.0000,0.6000,-10377522.0000
12.5400,0.9454,0.3505,4.4828,0.4531,0,0,1.1057,0.0000,-4.4269,0.0000,-0.3001,0.0000,0.7614,0.0000,0.6000,-10377522.0000
12.5507,1.1473,0.1584,4.6309,0.4529,0,0,1.0758,0.0000,-4.4978,0.0000,-0.2974,0.0000,0.7334,0.0000,0.6000,-10377522.0000
12.5600,1.1429,0.2101,4.7157,0.4527,0,0,1.0460,0.0000,-4.5650,0.0000,-0.2945,0.0000,0.7059,0.0000,0.6000,-10377522.0000
12.5700,1.1043,0.0055,4.7599,0.4526,0,0,1.0152,0.0000,-4.6303,0.0000,-0.2917,0.0000,0.6773,0.0000,0.6000,-10377522.0000
12.5803,1.1398,-0.0451,5.0053,0.4523,0,0,0.9862,0.0000,-4.6901,0.0000,-0.2884,0.0000,0.6508,0.0000,0.6000,-10377522.0000
12.5900,1.0440,0.1397,4.9940,0.4522,0,0,0.9539,0.0000,-4.7508,0.0000,-0.2857,0.0000,0.6207,0.0000,0.6000,-10377522.0000
12.6003,1.1144,-0.3738,5.1816,0.4519,0,0,0.9249,0.0000,-4.8041,0.0000,-0.2822,0.0000,0.5946,0.0000,0.6000,-10377522.0000
12.6100,1.2467,-0.2280,5.3060,0.4516,0,0,0.9012,0.0000,-4.8475,0.0000,-0.2777,0.0000,0.5750,0.0000,0.6000,-10377522.0000
12.6199,0.9402,0.3367,5.3555,0.4515,0,0,0.8664,0.0000,-4.9027,0.0000,-0.2752,0.0000,0.5422,0.0000,0.6000,-10377522.0000
12.6303,1.1616,0.1667,5.4470,0.4512,0,0,0.8405,0.0000,-4.9431,0.0000,-0.2709,0.0000,0.5202,0.0000,0.6000,-10377522.0000
12.6400,1.1789,0.1683,5.7376,0.4509,0,0,0.8157,0.0000,-4.9796,0.0000,-0.2664,0.0000,0.4996,0.0000,0.6000,-10377522.0000
12.6502,0.5749,0.4891,5.4834,0.4508,0,0,0.7687,0.0000,-5.0415,0.0000,-0.2658,0.0000,0.4525,0.0000,0.6000,-10377522.0000
12.6600,0.4655,0.2011,5.7111,0.4508,0,0,0.7188,0.0000,-5.1026,0.0000,-0.2658,0.0000,0.4020,0.0000,0.6000,-10377522.0000
12.6700,0.6143,0.0674,5.8681,0.4507,0,0,0.6757,0.0000,-5.1504,0.0000,-0.2643,0.0000,0.3599,0.0000,0.6000,-10377522.0000
12.6804,0.3706,0.0596,5.8270,0.4507,0,0,0.6246,0.0000,-5.2041,0.0000,-0.2642,0.0000,0.3083,0.0000,0.6000,-10377522.0000
12.6899,0.5754,0.0053,6.0541,0.4506,0,0,0.5826,0.0000,-5.2420,0.0000,-0.2624,0.0000,0.2677,0.0000,0.6000,-10377522.0000
12.7003,0.4955,0.2128,6.1317,0.4505,0,0,0.5387,0.0000,-5.2784,0.0000,-0.2609,0.0000,0.2250,0.0000,0.6000,-10377522.0000
12.7100,0.4226,-0.0907,6.1361,0.4504,0,0,0.4933,0.0000,-5.3126,0.0000,-0.2596,0.0000,0.1806,0.0000,0.6000,-10377522.0000
12.7200,0.3716,-0.3853,6.4143,0.4503,0,0,0.4473,0.0000,-5.3436,0.0000,-0.2583,0.0000,0.1356,0.0000,0.6000,-10377522.0000
12.7302,-0.0248,0.0389,6.3002,0.4503,0,0,0.3888,0.0000,-5.3854,0.0000,-0.2592,0.0000,0.0758,0.0000,0.6000,-10377522.0000
12.7400,-0.1498,0.0125,6.3308,0.4504,0,0,0.3265,0.0000,-5.4265,0.0000,-0.2607,0.0000,0.0116,0.0000,0.6000,-10377522.0000
12.7508,0.2852,-0.1488,6.6033,0.4503,0,0,0.2825,0.0000,-5.4406,0.0000,-0.2589,0.0000,-0.0308,0.0000,0.6000,-10377522.0000
12.7600,-0.0489,0.3784,6.5343,0.4503,0,0,0.2292,0.0000,-5.4619,0.0000,-0.2587,0.0000,-0.0841,0.0000,0.6000,-10377522.0000
12.7700,-0.2529,0.5208,6.5488,0.4504,0,0,0.1683,0.0000,-5.4875,0.0000,-0.2598,0.0000,-0.1463,0.0000,0.6000,-10377522.0000
12.7803,-0.2126,0.4847,6.6823,0.4504,0,0,0.1110,0.0000,-5.5038,0.0000,-0.2602,0.0000,-0.2043,0.0000,0.6000,-10377522.0000
12.7899,-0.4643,0.3061,6.5088,0.4505,0,0,0.0463,0.0000,-5.5237,0.0000,-0.2619,0.0000,-0.2709,0.0000,0.6000,-10377522.0000
12.8002,-0.4774,-0.0225,6.5088,0.4506,0,0,-0.0166,0.0000,-5.5360,0.0000,-0.2633,0.0000,-0.3353,0.0000,0.6000,-10377522.0000
12.8100,-0.3545,0.0530,6.6144,0.4506,0,0,-0.0727,0.0000,-5.5355,0.0000,-0.2634,0.0000,-0.3915,0.0000,0.6000,-10377522.0000
12.8200,-0.5558,0.0593,6.4870,0.4507,0,0,-0.1342,0.0000,-5.5364,0.0000,-0.2645,0.0000,-0.4540,0.0000,0.6000,-10377522.0000
12.8302,-0.3917,-0.1760,6.5460,0.4507,0,0,-0.1872,0.0000,-5.5231,0.0000,-0.2641,0.0000,-0.5065,0.0000,0.6000,-10377522.0000
12.8400,-0.6732,0.2517,6.4701,0.4507,0,0,-0.2486,0.0000,-5.5148,0.0000,-0.2652,0.0000,-0.5689,0.0000,0.6000,-10377522.0000
12.8502,-1.0135,0.4698,6.2165,0.4509,0,0,-0.3201,0.0000,-5.5125,0.0000,-0.2681,0.0000,-0.6433,0.0000,0.6000,-10377522.0000
12.8600,-0.8136,-0.0057,6.3646,0.4510,0,0,-0.3815,0.0000,-5.4935,0.0000,-0.2692,0.0000,-0.7056,0.0000,0.6000,-10377522.0000
12.8700,-1.0598,0.3663,6.2766,0.4511,0,0,-0.4495,0.0000,-5.4767,0.0000,-0.2715,0.0000,-0.7757,0.0000,0.6000,-10377522.0000
12.8804,-1.2557,0.6142,6.1286,0.4513,0,0,-0.5218,0.0000,-5.4591,0.0000,-0.2746,0.0000,-0.8510,0.0000,0.6000,-10377522.0000
12.8899,-0.8136,0.2741,6.3537,0.4513,0,0,-0.5750,0.0000,-5.4157,0.0000,-0.2744,0.0000,-0.9036,0.0000,0.6000,-10377522.0000
12.9002,-1.0481,0.4519,6.1057,0.4513,0,0,-0.6345,0.0000,-5.3749,0.0000,-0.2753,0.0000,-0.9635,0.0000,0.6000,-10377522.0000
12.9099,-1.3645,0.6017,5.9354,0.4515,0,0,-0.7028,0.0000,-5.3389,0.0000,-0.2779,0.0000,-1.0341,0.0000,0.6000,-10377522.0000
12.9200,-1.2856,0.3048,6.0895,0.4515,0,0,-0.7653,0.0000,-5.2916,0.0000,-0.2796,0.0000,-1.0978,0.0000,0.6000,-10377522.0000
12.9302,-1.4594,0.0957,5.8434,0.4517,0,0,-0.8314,0.0000,-5.2432,0.0000,-0.2819,0.0000,-1.1657,0.0000,0.6000,-10377522.0000
12.9400,-1.3680,-0.3003,5.8197,0.4517,0,0,-0.8911,0.0000,-5.1836,0.0000,-0.2832,0.0000,-1.2262,0.0000,0.6000,-10377522.0000
12.9508,-1.4738,-0.1015,5.6769,0.4518,0,0,-0.9519,0.0000,-5.1207,0.0000,-0.2848,0.0000,-1.2880,0.0000,0.6000,-10377522.0000
12.9600,-1.7534,0.4521,5.3138,0.4519,0,0,-1.0199,0.0000,-5.0605,0.0000,-0.2879,0.0000,-1.3584,0.0000,0.6000,-10377522.0000
12.9700,-1.5379,0.2326,5.4800,0.4520,0,0,-1.0769,0.0000,-4.9846,0.0000,-0.2890,0.0000,-1.4158,0.0000,0.6000,-10377522.0000
12.9803,-1.7392,0.4396,5.3172,0.4521,0,0,-1.1384,0.0000,-4.9090,0.0000,-0.2912,0.0000,-1.4786,0.0000,0.6000,-10377522.0000
12.9899,-1.9577,0.9463,5.1531,0.4522,0,0,-1.2046,0.0000,-4.8338,0.0000,-0.2943,0.0000,-1.5472,0.0000,0.6000,-10377522.0000
13.0002,-1.5556,0.3736,5.2549,0.4522,0,0,-1.2533,0.0000,-4.7368,0.0000,-0.2943,0.0000,-1.5950,0.0000,0.6000,-10377522.0000
13.0099,-1.5964,0.1827,4.9913,0.4522,0,0,-1.3007,0.0000,-4.6357,0.0000,-0.2943,0.0000,-1.6414,0.0000,0.6000,-10377522.0000
13.0199,-1.7070,0.5119,4.8400,0.4522,0,0,-1.3494,0.0000,-4.5329,0.0000,-0.2948,0.0000,-1.6895,0.0000,0.6000,-10377522.0000
13.0303,-1.6933,0.3303,4.8157,0.4522,0,0,-1.3948,0.0000,-4.4241,0.0000,-0.2948,0.0000,-1.7339,0.0000,0.6000,-10377522.0000
13.0400,-1.8645,0.1058,4.6157,0.4522,0,0,-1.4437,0.0000,-4.3159,0.0000,-0.2957,0.0000,-1.7825,0.0000,0.6000,-10377522.0000
13.0502,-1.9542,0.1690,4.5829,0.4523,0,0,-1.4929,0.0000,-4.2050,0.0000,-0.2968,0.0000,-1.8317,0.0000,0.6000,-10377522.0000
13.0600,-2.0760,0.2233,4.4182,0.4523,0,0,-1.5436,0.0000,-4.0925,0.0000,-0.2984,0.0000,-1.8829,0.0000,0.6000,-10377522.0000
13.0700,-2.0488,0.2471,4.3125,0.4523,0,0,-1.5903,0.0000,-3.9733,0.0000,-0.2995,0.0000,-1.9295,0.0000,0.6000,-10377522.0000
13.0804,-1.8041,0.2810,4.3147,0.4523,0,0,-1.6257,0.0000,-3.8407,0.0000,-0.2987,0.0000,-1.9627,0.0000,0.6000,-10377522.0000
13.0899,-2.2064,0.3096,4.0162,0.4524,0,0,-1.6726,0.0000,-3.7174,0.0000,-0.3003,0.0000,-2.0100,0.0000,0.6000,-10377522.0000
13.1003,-2.2069,0.7784,3.9443,0.4524,0,0,-1.7166,0.0000,-3.5888,0.0000,-0.3016,0.0000,-2.0541,0.0000,0.6000,-10377522.0000
13.1100,-1.9873,0.6093,3.9844,0.4524,0,0,-1.7502,0.0000,-3.4479,0.0000,-0.3011,0.0000,-2.0858,0.0000,0.6000,-10377522.0000
13.1200,-1.8397,0.1126,3.8493,0.4524,0,0,-1.7761,0.0000,-3.2984,0.0000,-0.2995,0.0000,-2.1086,0.0000,0.6000,-10377522.0000
13.1302,-1.7836,0.4104,3.8509,0.4523,0,0,-1.7978,0.0000,-3.1443,0.0000,-0.2973,0.0000,-2.1266,0.0000,0.6000,-10377522.0000
13.1400,-1.7434,0.4305,3.7216,0.4523,0,0,-1.8160,0.0000,-2.9864,0.0000,-0.2947,0.0000,-2.1406,0.0000,0.6000,-10377522.0000
13.1508,-1.8339,-0.2014,3.6438,0.4523,0,0,-1.8352,0.0000,-2.8297,0.0000,-0.2927,0.0000,-2.1562,0.0000,0.6000,-10377522.0000
13.1600,-1.8753,0.0409,3.5799,0.4523,0,0,-1.8538,0.0000,-2.6722,0.0000,-0.2908,0.0000,-2.1713,0.0000,0.6000,-10377522.0000
13.1700,-2.0927,0.1485,3.3898,0.4522,0,0,-1.8778,0.0000,-2.5199,0.0000,-0.2902,0.0000,-2.1932,0.0000,0.6000,-10377522.0000
13.1803,-1.9530,-0.0767,3.3547,0.4522,0,0,-1.8947,0.0000,-2.3602,0.0000,-0.2886,0.0000,-2.2069,0.0000,0.6000,-10377522.0000
13.1900,-1.7491,0.0101,3.3826,0.4522,0,0,-1.9026,0.0000,-2.1918,0.0000,-0.2854,0.0000,-2.2099,0.0000,0.6000,-10377469.0000
13.2003,-1.8327,0.1379,3.2387,0.4522,0,0,-1.9115,0.0000,-2.0254,0.0000,-0.2829,0.0000,-2.2146,0.0000,0.6000,-10377469.0000
13.2100,-2.0688,0.3454,3.1525,0.4522,0,0,-1.9268,0.0000,-1.8661,0.0000,-0.2819,0.0000,-2.2273,0.0000,0.6000,-10377469.0000
13.2200,-1.9663,0.7333,3.0580,0.4522,0,0,-1.9365,0.0000,-1.7016,0.0000,-0.2801,0.0000,-2.2335,0.0000,0.6000,-10377469.0000
13.2303,-1.8775,0.2972,3.0168,0.4522,0,0,-1.9412,0.0000,-1.5329,0.0000,-0.2776,0.0000,-2.2342,0.0000,0.6000,-10377469.0000
13.2400,-1.8143,0.2701,3.0075,0.4523,0,0,-1.9422,0.0000,-1.3615,0.0000,-0.2747,0.0000,-2.2304,0.0000,0.6000,-10377469.0000
13.2502,-1.8200,0.4520,2.8935,0.4523,0,0,-1.9417,0.0000,-1.1902,0.0000,-0.2718,0.0000,-2.2254,0.0000,0.6000,-10377469.0000
13.2600,-1.6574,-0.1733,2.9449,0.4523,0,0,-1.9341,0.0000,-1.0132,0.0000,-0.2678,0.0000,-2.2120,0.0000,0.6000,-10377469.0000
13.2700,-1.6980,-0.3187,2.8987,0.4524,0,0,-1.9266,0.0000,-0.8385,0.0000,-0.2642,0.0000,-2.1992,0.0000,0.6000,-10377469.0000
13.2803,-1.8433,0.1593,2.7951,0.4524,0,0,-1.9227,0.0000,-0.6699,0.0000,-0.2617,0.0000,-2.1912,0.0000,0.6000,-10377469.0000
13.2899,-2.0351,-0.0206,2.7402,0.4524,0,0,-1.9241,0.0000,-0.5088,0.0000,-0.2606,0.0000,-2.1898,0.0000,0.6000,-10377469.0000
13.3003,-2.0279,0.1702,2.7149,0.4524,0,0,-1.9236,0.0000,-0.3474,0.0000,-0.2595,0.0000,-2.1865,0.0000,0.6000,-10377469.0000
13.3099,-1.7448,0.1373,2.8437,0.4525,0,0,-1.9119,0.0000,-0.1754,0.0000,-0.2563,0.0000,-2.1700,0.0000,0.6000,-10377469.0000
13.3200,-1.8193,0.0482,2.7715,0.4525,0,0,-1.9016,0.0000,-0.0075,0.0000,-0.2538,0.0000,-2.1555,0.0000,0.6000,-10377469.0000
13.3303,-1.8593,0.7296,2.6935,0.4526,0,0,-1.8914,0.0000,0.1575,0.0000,-0.2517,0.0000,-2.1416,0.0000,0.6000,-10377469.0000
13.3400,-1.5452,0.5160,2.7957,0.4527,0,0,-1.8693,0.0000,0.3336,0.0000,-0.2475,0.0000,-2.1134,0.0000,0.6000,-10377469.0000
13.3508,-1.5725,0.0394,2.7230,0.4528,0,0,-1.8473,0.0000,0.5060,0.0000,-0.2436,0.0000,-2.0858,0.0000,0.6000,-10377469.0000
13.3600,-2.0812,0.3747,2.5187,0.4528,0,0,-1.8421,0.0000,0.6557,0.0000,-0.2435,0.0000,-2.0791,0.0000,0.6000,-10377469.0000
13.3699,-2.5100,0.1380,2.4743,0.4527,0,0,-1.8504,0.0000,0.7875,0.0000,-0.2466,0.0000,-2.0892,0.0000,0.6000,-10377469.0000
13.3803,-2.6559,-0.0582,2.2926,0.4526,0,0,-1.8622,0.0000,0.9143,0.0000,-0.2507,0.0000,-2.1038,0.0000,0.6000,-10377469.0000
13.3899,-2.4624,0.0000,2.3464,0.4525,0,0,-1.8655,0.0000,1.0502,0.0000,-0.2533,0.0000,-2.1083,0.0000,0.6000,-10377469.0000
13.4003,-1.9960,-0.1311,2.3737,0.4525,0,0,-1.8511,0.0000,1.2056,0.0000,-0.2525,0.0000,-2.0916,0.0000,0.6000,-10377469.0000
13.4100,-2.1363,0.3445,2.4357,0.4525,0,0,-1.8406,0.0000,1.3534,0.0000,-0.2528,0.0000,-2.0799,0.0000,0.6000,-10377469.0000
13.4200,-1.9960,0.5038,2.4253,0.4525,0,0,-1.8242,0.0000,1.5057,0.0000,-0.2522,0.0000,-2.0613,0.0000,0.6000,-10377469.0000
13.4302,-1.8895,0.1781,2.6799,0.4526,0,0,-1.8031,0.0000,1.6605,0.0000,-0.2510,0.0000,-2.0375,0.0000,0.6000,-10377469.0000
13.4400,-2.1779,0.4526,2.5024,0.4525,0,0,-1.7914,0.0000,1.8002,0.0000,-0.2520,0.0000,-2.0254,0.0000,0.6000,-10377469.0000
13.4502,-2.1646,0.5392,2.6252,0.4525,0,0,-1.7783,0.0000,1.9390,0.0000,-0.2530,0.0000,-2.0119,0.0000,0.6000,-10377469.0000
13.4600,-1.8352,0.2986,2.7712,0.4525,0,0,-1.7527,0.0000,2.0905,0.0000,-0.2517,0.0000,-1.9835,0.0000,0.6000,-10377469.0000
13.4700,-1.8579,0.2568,2.8299,0.4526,0,0,-1.7273,0.0000,2.2377,0.0000,-0.2508,0.0000,-1.9558,0.0000,0.6000,-10377469.0000
13.4804,-1.7174,-0.0211,2.9317,0.4526,0,0,-1.6965,0.0000,2.3880,0.0000,-0.2491,0.0000,-1.9217,0.0000,0.6000,-10377469.0000
13.4900,-1.9511,0.0684,3.0014,0.4526,0,0,-1.6737,0.0000,2.5239,0.0000,-0.2493,0.0000,-1.8977,0.0000,0.6000,-10377469.0000
13.5003,-1.9207,0.2106,2.9905,0.4526,0,0,-1.6493,0.0000,2.6582,0.0000,-0.2495,0.0000,-1.8721,0.0000,0.6000,-10377469.0000
13.5100,-1.5274,-0.2539,3.3476,0.4527,0,0,-1.6104,0.0000,2.8072,0.0000,-0.2470,0.0000,-1.8293,0.0000,0.6000,-10377469.0000
13.5200,-1.3600,0.0688,3.4005,0.4529,0,0,-1.5656,0.0000,2.9589,0.0000,-0.2435,0.0000,-1.7795,0.0000,0.6000,-10377469.0000
13.5302,-1.5495,0.5082,3.4682,0.4530,0,0,-1.5278,0.0000,3.0962,0.0000,-0.2419,0.0000,-1.7387,0.0000,0.6000,-10377469.0000
13.5400,-1.3386,0.3994,3.6396,0.4531,0,0,-1.4825,0.0000,3.2384,0.0000,-0.2390,0.0000,-1.6890,0.0000,0.6000,-10377469.0000
13.5507,-1.3059,0.5039,3.7872,0.4532,0,0,-1.4363,0.0000,3.3762,0.0000,-0.2362,0.0000,-1.6387,0.0000,0.6000,-10377469.0000
13.5600,-1.6087,0.3836,3.7519,0.4533,0,0,-1.4015,0.0000,3.4941,0.0000,-0.2360,0.0000,-1.6025,0.0000,0.6000,-10377469.0000
13.5700,-1.5834,0.2745,3.9580,0.4533,0,0,-1.3658,0.0000,3.6087,0.0000,-0.2358,0.0000,-1.5656,0.0000,0.6000,-10377469.0000
13.5803,-1.4694,0.3210,3.9862,0.4533,0,0,-1.3263,0.0000,3.7239,0.0000,-0.2351,0.0000,-1.5242,0.0000,0.6000,-10377469.0000
13.5899,-1.4585,-0.1430,4.0695,0.4533,0,0,-1.2867,0.0000,3.8346,0.0000,-0.2347,0.0000,-1.4830,0.0000,0.6000,-10377469.0000
13.6003,-1.3868,-0.0611,4.2397,0.4534,0,0,-1.2448,0.0000,3.9435,0.0000,-0.2340,0.0000,-1.4393,0.0000,0.6000,-10377469.0000
13.6100,-1.7477,0.2735,4.2440,0.4532,0,0,-1.2166,0.0000,4.0300,0.0000,-0.2362,0.0000,-1.4125,0.0000,0.6000,-10377469.0000
13.6200,-1.5359,-0.1096,4.3181,0.4532,0,0,-1.1808,0.0000,4.1229,0.0000,-0.2371,0.0000,-1.3766,0.0000,0.6000,-10377469.0000
13.6302,-1.5487,-0.0521,4.5488,0.4531,0,0,-1.1458,0.0000,4.2106,0.0000,-0.2383,0.0000,-1.3420,0.0000,0.6000,-10377469.0000
13.6400,-1.6997,0.3882,4.3950,0.4530,0,0,-1.1168,0.0000,4.2866,0.0000,-0.2409,0.0000,-1.3148,0.0000,0.6000,-10377469.0000
13.6503,-1.5330,0.2552,4.7038,0.4529,0,0,-1.0819,0.0000,4.3669,0.0000,-0.2424,0.0000,-1.2807,0.0000,0.6000,-10377469.0000
13.6600,-1.1563,0.3243,4.8603,0.4530,0,0,-1.0337,0.0000,4.4603,0.0000,-0.2415,0.0000,-1.2306,0.0000,0.6000,-10377469.0000
13.6699,-1.3330,0.2765,4.9437,0.4529,0,0,-0.9929,0.0000,4.5392,0.0000,-0.2423,0.0000,-1.1897,0.0000,0.6000,-10377469.0000
13.6804,-1.4349,0.1504,5.0229,0.4528,0,0,-0.9565,0.0000,4.6082,0.0000,-0.2440,0.0000,-1.1544,0.0000,0.6000,-10377469.0000
13.6899,-1.6195,0.3576,5.0932,0.4526,0,0,-0.9275,0.0000,4.6639,0.0000,-0.2473,0.0000,-1.1281,0.0000,0.6000,-10377469.0000
13.7003,-1.6222,-0.0665,5.1022,0.4524,0,0,-0.8990,0.0000,4.7159,0.0000,-0.2508,0.0000,-1.1027,0.0000,0.6000,-10377469.0000
13.7099,-1.4064,-0.4488,5.4430,0.4523,0,0,-0.8631,0.0000,4.7745,0.0000,-0.2529,0.0000,-1.0682,0.0000,0.6000,-10377469.0000
13.7200,-1.4062,-0.0010,5.3408,0.4522,0,0,-0.8278,0.0000,4.8286,0.0000,-0.2553,0.0000,-1.0348,0.0000,0.6000,-10377469.0000
13.7302,-1.4830,0.0282,5.5717,0.4520,0,0,-0.7961,0.0000,4.8748,0.0000,-0.2584,0.0000,-1.0057,0.0000,0.6000,-10377469.0000
13.7400,-1.2369,-0.0484,5.6537,0.4519,0,0,-0.7558,0.0000,4.9284,0.0000,-0.2600,0.0000,-0.9666,0.0000,0.6000,-10377469.0000
13.7498,-1.2491,0.1150,5.8371,0.4518,0,0,-0.7170,0.0000,4.9764,0.0000,-0.2620,0.0000,-0.9292,0.0000,0.6000,-10377469.0000
13.7603,-1.5711,0.0892,5.8252,0.4515,0,0,-0.6910,0.0000,5.0050,0.0000,-0.2664,0.0000,-0.9073,0.0000,0.6000,-10377469.0000
13.7700,-1.4291,0.4050,6.0332,0.4513,0,0,-0.6602,0.0000,5.0371,0.0000,-0.2700,0.0000,-0.8799,0.0000,0.6000,-10377469.0000
13.7803,-0.9611,0.3176,6.2148,0.4513,0,0,-0.6128,0.0000,5.0865,0.0000,-0.2706,0.0000,-0.8326,0.0000,0.6000,-10377469.0000
13.7900,-0.7590,-0.0320,6.4250,0.4513,0,0,-0.5592,0.0000,5.1391,0.0000,-0.2701,0.0000,-0.7779,0.0000,0.6000,-10377469.0000
13.8000,-0.8273,0.3340,6.4419,0.4513,0,0,-0.5097,0.0000,5.1819,0.0000,-0.2704,0.0000,-0.7283,0.0000,0.6000,-10377469.0000
13.8107,-0.8467,0.0507,6.6159,0.4513,0,0,-0.4622,0.0000,5.2176,0.0000,-0.2712,0.0000,-0.6813,0.0000,0.6000,-10377469.0000
13.8200,-0.9043,-0.6659,6.6586,0.4512,0,0,-0.4183,0.0000,5.2450,0.0000,-0.2728,0.0000,-0.6386,0.0000,0.6000,-10377469.0000
13.8302,-0.8959,-0.3094,6.7778,0.4511,0,0,-0.3754,0.0000,5.2674,0.0000,-0.2745,0.0000,-0.5972,0.0000,0.6000,-10377469.0000
13.8400,-1.0500,-0.1169,6.7653,0.4509,0,0,-0.3394,0.0000,5.2779,0.0000,-0.2776,0.0000,-0.5642,0.0000,0.6000,-10377469.0000
13.8499,-0.6699,-0.3467,6.8819,0.4509,0,0,-0.2905,0.0000,5.3006,0.0000,-0.2783,0.0000,-0.5158,0.0000,0.6000,-10377469.0000
13.8603,-0.4153,-0.0706,7.0947,0.4509,0,0,-0.2338,0.0000,5.3282,0.0000,-0.2776,0.0000,-0.4582,0.0000,0.6000,-10377469.0000
13.8700,-0.5878,0.1642,6.9870,0.4509,0,0,-0.1853,0.0000,5.3415,0.0000,-0.2785,0.0000,-0.4104,0.0000,0.6000,-10377469.0000
13.8804,-0.2738,0.0183,7.1721,0.4509,0,0,-0.1269,0.0000,5.3621,0.0000,-0.2776,0.0000,-0.3508,0.0000,0.6000,-10377469.0000
13.8899,-0.1072,-0.0107,7.2741,0.4510,0,0,-0.0643,0.0000,5.3824,0.0000,-0.2760,0.0000,-0.2864,0.0000,0.6000,-10377469.0000
13.9000,-0.4214,-0.0592,7.0566,0.4509,0,0,-0.0154,0.0000,5.3820,0.0000,-0.2769,0.0000,-0.2385,0.0000,0.6000,-10377469.0000
13.9103,-0.1916,0.1512,7.1972,0.4510,0,0,0.0401,0.0000,5.3852,0.0000,-0.2765,0.0000,-0.1826,0.0000,0.6000,-10377469.0000
13.9200,-0.0001,0.1550,7.1852,0.4510,0,0,0.1007,0.0000,5.3894,0.0000,-0.2753,0.0000,-0.1208,0.0000,0.6000,-10377469.0000
13.9303,0.0961,-0.4303,7.0900,0.4510,0,0,0.1590,0.0000,5.3862,0.0000,-0.2745,0.0000,-0.0617,0.0000,0.6000,-10377469.0000
13.9400,0.2257,-0.4199,7.2166,0.4511,0,0,0.2234,0.0000,5.3849,0.0000,-0.2726,0.0000,0.0046,0.0000,0.6000,-10377469.0000
13.9499,0.0303,-0.0933,6.9913,0.4511,0,0,0.2771,0.0000,5.3667,0.0000,-0.2726,0.0000,0.0581,0.0000,0.6000,-10377469.0000
13.9603,0.1648,-0.4313,7.0205,0.4511,0,0,0.3346,0.0000,5.3487,0.0000,-0.2719,0.0000,0.1162,0.0000,0.6000,-10377469.0000
13.9699,0.6817,-0.3010,7.2326,0.4513,0,0,0.4087,0.0000,5.3437,0.0000,-0.2682,0.0000,0.1940,0.0000,0.6000,-10377469.0000
13.9802,0.5084,0.1305,7.0821,0.4514,0,0,0.4736,0.0000,5.3230,0.0000,-0.2661,0.0000,0.2607,0.0000,0.6000,-10377469.0000
13.9899,0.5674,0.3172,7.0753,0.4515,0,0,0.5380,0.0000,5.2966,0.0000,-0.2641,0.0000,0.3269,0.0000,0.6000,-10377469.0000
14.0000,0.8015,0.4798,7.1078,0.4517,0,0,0.6081,0.0000,5.2712,0.0000,-0.2609,0.0000,0.3999,0.0000,0.6000,-10377469.0000
14.0106,0.9143,0.1479,6.9575,0.4518,0,0,0.6795,0.0000,5.2414,0.0000,-0.2575,0.0000,0.4744,0.0000,0.6000,-10377469.0000
14.0200,1.0570,-0.1476,6.9666,0.4520,0,0,0.7530,0.0000,5.2082,0.0000,-0.2537,0.0000,0.5514,0.0000,0.6000,-10377469.0000
14.0302,1.0617,-0.0234,6.8531,0.4522,0,0,0.8234,0.0000,5.1662,0.0000,-0.2503,0.0000,0.6248,0.0000,0.6000,-10377469.0000
14.0400,0.9929,-0.5564,6.7332,0.4523,0,0,0.8884,0.0000,5.1131,0.0000,-0.2479,0.0000,0.6916,0.0000,0.6000,-10377469.0000
14.0500,1.1634,-0.7466,6.7281,0.4524,0,0,0.9564,0.0000,5.0584,0.0000,-0.2448,0.0000,0.7623,0.0000,0.6000,-10377469.0000
14.0602,0.9811,0.0036,6.6037,0.4525,0,0,1.0149,0.0000,4.9889,0.0000,-0.2433,0.0000,0.8215,0.0000,0.6000,-10377469.0000
14.0700,0.8848,0.1037,6.3768,0.4525,0,0,1.0670,0.0000,4.9091,0.0000,-0.2429,0.0000,0.8732,0.0000,0.6000,-10377469.0000
14.0804,1.2104,0.0200,6.4259,0.4526,0,0,1.1282,0.0000,4.8347,0.0000,-0.2407,0.0000,0.9359,0.0000,0.6000,-10377469.0000
14.0900,1.4140,0.0794,6.3549,0.4527,0,0,1.1936,0.0000,4.7601,0.0000,-0.2375,0.0000,1.0037,0.0000,0.6000,-10377469.0000
14.1000,1.2125,0.0381,6.1408,0.4528,0,0,1.2486,0.0000,4.6707,0.0000,-0.2361,0.0000,1.0592,0.0000,0.6000,-10377469.0000
14.1103,1.4797,0.1853,6.1050,0.4529,0,0,1.3102,0.0000,4.5841,0.0000,-0.2333,0.0000,1.1227,0.0000,0.6000,-10377469.0000
14.1200,1.7377,0.1749,5.9889,0.4530,0,0,1.3779,0.0000,4.4989,0.0000,-0.2293,0.0000,1.1936,0.0000,0.6000,-10377469.0000
14.1303,1.5747,-0.0767,5.6614,0.4531,0,0,1.4363,0.0000,4.4002,0.0000,-0.2267,0.0000,1.2536,0.0000,0.6000,-10377469.0000
14.1400,1.4373,0.2143,5.5585,0.4531,0,0,1.4868,0.0000,4.2899,0.0000,-0.2255,0.0000,1.3042,0.0000,0.6000,-10377469.0000
14.1499,1.4164,0.0675,5.3594,0.4532,0,0,1.5336,0.0000,4.1732,0.0000,-0.2248,0.0000,1.3506,0.0000,0.6000,-10377374.0000
14.1602,1.6222,-0.5433,5.2535,0.4532,0,0,1.5849,0.0000,4.0579,0.0000,-0.2229,0.0000,1.4026,0.0000,0.6000,-10377374.0000
14.1699,1.8450,-0.3868,5.1965,0.4533,0,0,1.6410,0.0000,3.9440,0.0000,-0.2200,0.0000,1.4605,0.0000,0.6000,-10377374.0000
14.1803,1.5881,-0.0374,4.9290,0.4533,0,0,1.6849,0.0000,3.8151,0.0000,-0.2191,0.0000,1.5039,0.0000,0.6000,-10377374.0000
14.1899,1.5432,0.0655,4.7550,0.4533,0,0,1.7244,0.0000,3.6798,0.0000,-0.2189,0.0000,1.5424,0.0000,0.6000,-10377374.0000
14.2000,1.6798,0.2573,4.8019,0.4533,0,0,1.7660,0.0000,3.5444,0.0000,-0.2180,0.0000,1.5835,0.0000,0.6000,-10377374.0000
14.2107,1.7160,0.1073,4.6587,0.4534,0,0,1.8061,0.0000,3.4054,0.0000,-0.2171,0.0000,1.6231,0.0000,0.6000,-10377374.0000
14.2200,1.5805,0.1787,4.5280,0.4533,0,0,1.8387,0.0000,3.2575,0.0000,-0.2174,0.0000,1.6539,0.0000,0.6000,-10377374.0000
14.2302,1.7837,0.5184,4.4313,0.4534,0,0,1.8757,0.0000,3.1126,0.0000,-0.2165,0.0000,1.6904,0.0000,0.6000,-10377374.0000
14.2400,1.9025,0.0041,4.3660,0.4534,0,0,1.9142,0.0000,2.9673,0.0000,-0.2150,0.0000,1.7288,0.0000,0.6000,-10377374.0000
14.2500,1.8465,-0.0714,4.1877,0.4534,0,0,1.9479,0.0000,2.8159,0.0000,-0.2142,0.0000,1.7619,0.0000,0.6000,-10377374.0000
14.2602,1.6132,0.1994,3.9715,0.4534,0,0,1.9710,0.0000,2.6529,0.0000,-0.2153,0.0000,1.7823,0.0000,0.6000,-10377374.0000
14.2699,1.5421,-0.2798,3.8663,0.4534,0,0,1.9892,0.0000,2.4850,0.0000,-0.2169,0.0000,1.7972,0.0000,0.6000,-10377374.0000
14.2804,1.7378,-0.3318,3.8184,0.4534,0,0,2.0120,0.0000,2.3216,0.0000,-0.2173,0.0000,1.8179,0.0000,0.6000,-10377374.0000
14.2900,1.7655,-0.0391,3.6898,0.4534,0,0,2.0334,0.0000,2.1566,0.0000,-0.2177,0.0000,1.8373,0.0000,0.6000,-10377374.0000
14.2999,1.6168,-0.0795,3.5520,0.4534,0,0,2.0474,0.0000,1.9842,0.0000,-0.2192,0.0000,1.8481,0.0000,0.6000,-10377374.0000
14.3102,1.6472,-0.0280,3.4835,0.4534,0,0,2.0604,0.0000,1.8113,0.0000,-0.2206,0.0000,1.8579,0.0000,0.6000,-10377374.0000
14.3200,1.7087,-0.0541,3.4164,0.4534,0,0,2.0734,0.0000,1.6390,0.0000,-0.2216,0.0000,1.8681,0.0000,0.6000,-10377374.0000
14.3302,1.3862,-0.0074,3.2340,0.4534,0,0,2.0732,0.0000,1.4543,0.0000,-0.2249,0.0000,1.8628,0.0000,0.6000,-10377374.0000
14.3400,1.3983,0.2971,3.1966,0.4534,0,0,2.0718,0.0000,1.2700,0.0000,-0.2282,0.0000,1.8563,0.0000,0.6000,-10377374.0000
14.3500,1.8744,0.0691,3.3297,0.4534,0,0,2.0851,0.0000,1.1025,0.0000,-0.2280,0.0000,1.8681,0.0000,0.6000,-10377374.0000
14.3602,1.8881,-0.2496,3.2603,0.4534,0,0,2.0968,0.0000,0.9340,0.0000,-0.2279,0.0000,1.8783,0.0000,0.6000,-10377374.0000
14.3699,1.6512,0.1800,3.1273,0.4534,0,0,2.0984,0.0000,0.7558,0.0000,-0.2295,0.0000,1.8765,0.0000,0.6000,-10377374.0000
14.3803,1.5667,0.1391,3.1258,0.4534,0,0,2.0953,0.0000,0.5745,0.0000,-0.2317,0.0000,1.8694,0.0000,0.6000,-10377374.0000
14.3899,1.6546,-0.4185,3.0340,0.4534,0,0,2.0937,0.0000,0.3967,0.0000,-0.2332,0.0000,1.8645,0.0000,0.6000,-10377374.0000
14.4000,1.7332,-0.3071,3.0370,0.4534,0,0,2.0932,0.0000,0.2219,0.0000,-0.2341,0.0000,1.8613,0.0000,0.6000,-10377374.0000
14.4106,1.5836,-0.1854,2.9232,0.4534,0,0,2.0859,0.0000,0.0418,0.0000,-0.2361,0.0000,1.8502,0.0000,0.6000,-10377374.0000
14.4200,1.4518,-0.1659,2.8210,0.4535,0,0,2.0726,0.0000,-0.1423,0.0000,-0.2389,0.0000,1.8323,0.0000,0.6000,-10377374.0000
14.4302,1.5028,0.1124,2.8287,0.4535,0,0,2.0598,0.0000,-0.3230,0.0000,-0.2413,0.0000,1.8154,0.0000,0.6000,-10377374.0000
14.4400,1.4003,0.0290,2.7592,0.4536,0,0,2.0423,0.0000,-0.5061,0.0000,-0.2442,0.0000,1.7930,0.0000,0.6000,-10377374.0000
14.4500,1.1462,0.2426,2.5689,0.4537,0,0,2.0150,0.0000,-0.6968,0.0000,-0.2488,0.0000,1.7592,0.0000,0.6000,-10377374.0000
14.4602,1.3407,0.3820,2.6018,0.4537,0,0,1.9936,0.0000,-0.8768,0.0000,-0.2518,0.0000,1.7330,0.0000,0.6000,-10377374.0000
14.4699,1.4852,-0.2327,2.6201,0.4538,0,0,1.9762,0.0000,-1.0485,0.0000,-0.2536,0.0000,1.7121,0.0000,0.6000,-10377374.0000
14.4804,1.3356,-0.1167,2.5574,0.4538,0,0,1.9527,0.0000,-1.2241,0.0000,-0.2563,0.0000,1.6842,0.0000,0.6000,-10377374.0000
14.4900,1.4349,0.1060,2.6743,0.4539,0,0,1.9318,0.0000,-1.3929,0.0000,-0.2581,0.0000,1.6598,0.0000,0.6000,-10377374.0000
14.5000,1.2944,-0.2442,2.6666,0.4540,0,0,1.9052,0.0000,-1.5648,0.0000,-0.2607,0.0000,1.6288,0.0000,0.6000,-10377374.0000
14.5102,1.4072,-0.1139,2.7585,0.4540,0,0,1.8819,0.0000,-1.7289,0.0000,-0.2623,0.0000,1.6022,0.0000,0.6000,-10377374.0000
14.5200,1.4438,-0.0916,2.8259,0.4540,0,0,1.8591,0.0000,-1.8885,0.0000,-0.2635,0.0000,1.5767,0.0000,0.6000,-10377374.0000
14.5302,1.1729,-0.0761,2.8096,0.4541,0,0,1.8261,0.0000,-2.0566,0.0000,-0.2664,0.0000,1.5391,0.0000,0.6000,-10377374.0000
14.5400,1.0338,0.4064,2.7783,0.4542,0,0,1.7879,0.0000,-2.2265,0.0000,-0.2701,0.0000,1.4955,0.0000,0.6000,-10377374.0000
14.5499,1.4277,0.2087,2.9464,0.4543,0,0,1.7632,0.0000,-2.3750,0.0000,-0.2705,0.0000,1.4689,0.0000,0.6000,-10377374.0000
14.5603,1.7456,0.1476,3.0729,0.4542,0,0,1.7492,0.0000,-2.5069,0.0000,-0.2685,0.0000,1.4556,0.0000,0.6000,-10377374.0000
14.5699,1.9323,0.5794,3.1220,0.4541,0,0,1.7409,0.0000,-2.6288,0.0000,-0.2651,0.0000,1.4495,0.0000,0.6000,-10377374.0000
14.5803,2.1887,0.2586,3.3628,0.4539,0,0,1.7393,0.0000,-2.7402,0.0000,-0.2600,0.0000,1.4518,0.0000,0.6000,-10377374.0000
14.5900,2.1037,-0.1726,3.2952,0.4537,0,0,1.7349,0.0000,-2.8532,0.0000,-0.2553,0.0000,1.4510,0.0000,0.6000,-10377374.0000
14.6000,1.7440,-0.0162,3.2316,0.4536,0,0,1.7167,0.0000,-2.9813,0.0000,-0.2532,0.0000,1.4337,0.0000,0.6000,-10377374.0000
14.6106,1.6279,-0.0307,3.1703,0.4536,0,0,1.6938,0.0000,-3.1122,0.0000,-0.2518,0.0000,1.4109,0.0000,0.6000,-10377374.0000
14.6199,1.5816,0.0296,3.2523,0.4535,0,0,1.6687,0.0000,-3.2422,0.0000,-0.2505,0.0000,1.3858,0.0000,0.6000,-10377374.0000
14.6302,1.9214,0.1667,3.3216,0.4534,0,0,1.6554,0.0000,-3.3538,0.0000,-0.2467,0.0000,1.3752,0.0000,0.6000,-10377374.0000
14.6400,1.9681,0.0471,3.5472,0.4532,0,0,1.6430,0.0000,-3.4614,0.0000,-0.2424,0.0000,1.3660,0.0000,0.6000,-10377374.0000
14.6499,1.8087,0.5481,3.4081,0.4531,0,0,1.6243,0.0000,-3.5746,0.0000,-0.2392,0.0000,1.3493,0.0000,0.6000,-10377374.0000
14.6601,1.9507,0.6276,3.6569,0.4529,0,0,1.6101,0.0000,-3.6789,0.0000,-0.2349,0.0000,1.3384,0.0000,0.6000,-10377374.0000
14.6703,2.0921,0.0179,3.6630,0.4526,0,0,1.5984,0.0000,-3.7774,0.0000,-0.2298,0.0000,1.3308,0.0000,0.6000,-10377374.0000
14.6803,1.7399,0.0731,3.6893,0.4525,0,0,1.5754,0.0000,-3.8880,0.0000,-0.2269,0.0000,1.3096,0.0000,0.6000,-10377374.0000
14.6900,1.4580,0.2538,3.6481,0.4525,0,0,1.5418,0.0000,-4.0085,0.0000,-0.2258,0.0000,1.2759,0.0000,0.6000,-10377374.0000
14.7000,1.1866,-0.0808,3.7064,0.4525,0,0,1.4985,0.0000,-4.1372,0.0000,-0.2265,0.0000,1.2307,0.0000,0.6000,-10377374.0000
14.7100,1.2373,0.0579,3.7168,0.4525,0,0,1.4574,0.0000,-4.2580,0.0000,-0.2264,0.0000,1.1884,0.0000,0.6000,-10377374.0000
14.7202,1.2740,0.1974,3.8337,0.4525,0,0,1.4179,0.0000,-4.3719,0.0000,-0.2258,0.0000,1.1484,0.0000,0.6000,-10377374.0000
14.7303,1.0443,0.2714,3.7466,0.4525,0,0,1.3704,0.0000,-4.4913,0.0000,-0.2265,0.0000,1.0990,0.0000,0.6000,-10377374.0000
14.7400,1.2563,0.4844,3.9039,0.4524,0,0,1.3312,0.0000,-4.5948,0.0000,-0.2254,0.0000,1.0599,0.0000,0.6000,-10377374.0000
14.7500,1.3999,0.3739,4.0538,0.4523,0,0,1.2977,0.0000,-4.6866,0.0000,-0.2230,0.0000,1.0278,0.0000,0.6000,-10377374.0000
14.7600,1.2289,0.1847,4.0110,0.4523,0,0,1.2582,0.0000,-4.7821,0.0000,-0.2216,0.0000,0.9888,0.0000,0.6000,-10377374.0000
14.7703,1.4145,0.4468,4.2832,0.4521,0,0,1.2259,0.0000,-4.8639,0.0000,-0.2186,0.0000,0.9587,0.0000,0.6000,-10377374.0000
14.7803,1.1954,0.2393,4.3038,0.4520,0,0,1.1859,0.0000,-4.9518,0.0000,-0.2169,0.0000,0.9195,0.0000,0.6000,-10377374.0000
14.7900,1.2574,-0.0698,4.4249,0.4519,0,0,1.1488,0.0000,-5.0318,0.0000,-0.2145,0.0000,0.8840,0.0000,0.6000,-10377374.0000
14.8000,1.1360,0.0939,4.6458,0.4518,0,0,1.1077,0.0000,-5.1128,0.0000,-0.2127,0.0000,0.8438,0.0000,0.6000,-10377374.0000
14.8099,0.8357,0.3599,4.4718,0.4518,0,0,1.0563,0.0000,-5.2024,0.0000,-0.2128,0.0000,0.7915,0.0000,0.6000,-10377374.0000
14.8204,1.1198,0.0223,4.7849,0.4517,0,0,1.0163,0.0000,-5.2724,0.0000,-0.2105,0.0000,0.7531,0.0000,0.6000,-10377374.0000
14.8302,1.0986,0.1853,4.8716,0.4516,0,0,0.9763,0.0000,-5.3384,0.0000,-0.2081,0.0000,0.7148,0.0000,0.6000,-10377374.0000
14.8400,0.6758,0.6866,4.7593,0.4516,0,0,0.9215,0.0000,-5.4188,0.0000,-0.2084,0.0000,0.6589,0.0000,0.6000,-10377374.0000
14.8500,0.9480,0.4090,5.0581,0.4515,0,0,0.8780,0.0000,-5.4798,0.0000,-0.2064,0.0000,0.6168,0.0000,0.6000,-10377374.0000
14.8600,1.0663,0.0849,5.2785,0.4513,0,0,0.8398,0.0000,-5.5300,0.0000,-0.2033,0.0000,0.5812,0.0000,0.6000,-10377374.0000
14.8702,0.8812,0.3298,5.2196,0.4512,0,0,0.7955,0.0000,-5.5840,0.0000,-0.2012,0.0000,0.5385,0.0000,0.6000,-10377374.0000
14.8803,1.0075,-0.0209,5.5837,0.4510,0,0,0.7570,0.0000,-5.6268,0.0000,-0.1980,0.0000,0.5028,0.0000,0.6000,-10377374.0000
14.8900,0.9819,-0.3686,5.5754,0.4509,0,0,0.7184,0.0000,-5.6661,0.0000,-0.1947,0.0000,0.4671,0.0000,0.6000,-10377374.0000
14.8999,0.9150,0.0222,5.8097,0.4507,0,0,0.6783,0.0000,-5.7038,0.0000,-0.1916,0.0000,0.4297,0.0000,0.6000,-10377374.0000
14.9099,0.8059,0.1851,5.9266,0.4506,0,0,0.6352,0.0000,-5.7415,0.0000,-0.1891,0.0000,0.3887,0.0000,0.6000,-10377374.0000
14.9202,0.4504,0.4320,5.8642,0.4506,0,0,0.5801,0.0000,-5.7897,0.0000,-0.1887,0.0000,0.3335,0.0000,0.6000,-10377374.0000
14.9302,0.7657,0.7476,6.2103,0.4504,0,0,0.5381,0.0000,-5.8173,0.0000,-0.1857,0.0000,0.2942,0.0000,0.6000,-10377374.0000
14.9400,0.5146,0.2769,6.1639,0.4503,0,0,0.4881,0.0000,-5.8508,0.0000,-0.1842,0.0000,0.2454,0.0000,0.6000,-10377374.0000
14.9500,0.4842,0.1379,6.1596,0.4502,0,0,0.4384,0.0000,-5.8795,0.0000,-0.1826,0.0000,0.1970,0.0000,0.6000,-10377374.0000
14.9599,0.5899,0.1739,6.4815,0.4501,0,0,0.3941,0.0000,-5.8977,0.0000,-0.1800,0.0000,0.1552,0.0000,0.6000,-10377374.0000
14.9702,0.3395,-0.3471,6.2625,0.4500,0,0,0.3419,0.0000,-5.9214,0.0000,-0.1787,0.0000,0.1040,0.0000,0.6000,-10377374.0000
14.9803,0.3719,-0.2971,6.5032,0.4500,0,0,0.2926,0.0000,-5.9373,0.0000,-0.1769,0.0000,0.0563,0.0000,0.6000,-10377374.0000
14.9900,0.1119,0.2688,6.5308,0.4499,0,0,0.2353,0.0000,-5.9584,0.0000,-0.1766,0.0000,-0.0009,0.0000,0.6000,-10377374.0000
15.0000,-0.1554,0.4361,6.3774,0.4500,0,0,0.1700,0.0000,-5.9836,0.0000,-0.1776,0.0000,-0.0674,0.0000,0.6000,-10377374.0000
15.0099,0.3524,0.1994,6.8084,0.4499,0,0,0.1256,0.0000,-5.9798,0.0000,-0.1748,0.0000,-0.1090,0.0000,0.6000,-10377374.0000
15.0204,-0.1899,0.4437,6.6607,0.4499,0,0,0.0628,0.0000,-5.9932,0.0000,-0.1753,0.0000,-0.1724,0.0000,0.6000,-10377374.0000
15.0302,-0.3907,0.6281,6.5159,0.4499,0,0,-0.0051,0.0000,-6.0071,0.0000,-0.1768,0.0000,-0.2420,0.0000,0.6000,-10377374.0000
15.0400,-0.2680,-0.0009,6.8059,0.4500,0,0,-0.0661,0.0000,-6.0078,0.0000,-0.1770,0.0000,-0.3032,0.0000,0.6000,-10377374.0000
15.0500,-0.4387,-0.2666,6.4777,0.4500,0,0,-0.1312,0.0000,-6.0079,0.0000,-0.1779,0.0000,-0.3691,0.0000,0.6000,-10377374.0000
15.0600,-0.3854,-0.2301,6.6716,0.4500,0,0,-0.1919,0.0000,-5.9981,0.0000,-0.1780,0.0000,-0.4298,0.0000,0.6000,-10377374.0000
15.0702,-0.5502,-0.1741,6.6156,0.4500,0,0,-0.2562,0.0000,-5.9875,0.0000,-0.1788,0.0000,-0.4949,0.0000,0.6000,-10377374.0000
15.0804,-0.7768,0.2617,6.4663,0.4501,0,0,-0.3264,0.0000,-5.9780,0.0000,-0.1806,0.0000,-0.5668,0.0000,0.6000,-10377374.0000
15.0900,-0.4740,0.0453,6.6613,0.4501,0,0,-0.3828,0.0000,-5.9483,0.0000,-0.1800,0.0000,-0.6223,0.0000,0.6000,-10377374.0000
15.1000,-0.9112,0.2051,6.4335,0.4502,0,0,-0.4528,0.0000,-5.9288,0.0000,-0.1819,0.0000,-0.6940,0.0000,0.6000,-10377374.0000
15.1100,-1.3296,0.8462,6.3184,0.4504,0,0,-0.5352,0.0000,-5.9167,0.0000,-0.1861,0.0000,-0.7804,0.0000,0.6000,-10377374.0000
15.1203,-1.1119,0.3626,6.4844,0.4504,0,0,-0.6064,0.0000,-5.8864,0.0000,-0.1883,0.0000,-0.8535,0.0000,0.6000,-10377374.0000
15.1302,-1.1233,0.0410,6.3182,0.4505,0,0,-0.6750,0.0000,-5.8479,0.0000,-0.1900,0.0000,-0.9235,0.0000,0.6000,-10377374.0000
15.1401,-1.1983,0.5212,6.2597,0.4506,0,0,-0.7434,0.0000,-5.8040,0.0000,-0.1918,0.0000,-0.9933,0.0000,0.6000,-10377374.0000
15.1500,-1.0337,0.3384,6.1949,0.4506,0,0,-0.8029,0.0000,-5.7459,0.0000,-0.1921,0.0000,-1.0525,0.0000,0.6000,-10377195.0000
15.1600,-1.1063,0.0411,6.0976,0.4506,0,0,-0.8623,0.0000,-5.6835,0.0000,-0.1924,0.0000,-1.1116,0.0000,0.6000,-10377195.0000
15.1702,-1.3222,0.0341,6.0289,0.4507,0,0,-0.9267,0.0000,-5.6220,0.0000,-0.1938,0.0000,-1.1768,0.0000,0.6000,-10377195.0000
15.1803,-1.6944,-0.0163,5.9649,0.4508,0,0,-1.0015,0.0000,-5.5662,0.0000,-0.1972,0.0000,-1.2544,0.0000,0.6000,-10377195.0000
15.1900,-1.8207,0.3147,5.8564,0.4509,0,0,-1.0775,0.0000,-5.5060,0.0000,-0.2009,0.0000,-1.3335,0.0000,0.6000,-10377195.0000
15.2000,-1.5491,0.3598,5.8595,0.4509,0,0,-1.1402,0.0000,-5.4271,0.0000,-0.2024,0.0000,-1.3969,0.0000,0.6000,-10377195.0000
15.2100,-1.5297,0.2606,5.7803,0.4510,0,0,-1.1992,0.0000,-5.3402,0.0000,-0.2032,0.0000,-1.4559,0.0000,0.6000,-10377195.0000
15.2204,-1.7892,0.8930,5.6042,0.4510,0,0,-1.2645,0.0000,-5.2555,0.0000,-0.2054,0.0000,-1.5225,0.0000,0.6000,-10377195.0000
15.2302,-1.6643,0.7510,5.5765,0.4511,0,0,-1.3221,0.0000,-5.1589,0.0000,-0.2064,0.0000,-1.5800,0.0000,0.6000,-10377195.0000
15.2400,-1.5364,0.0818,5.5478,0.4511,0,0,-1.3721,0.0000,-5.0512,0.0000,-0.2061,0.0000,-1.6287,0.0000,0.6000,-10377195.0000
15.2500,-1.6592,0.1703,5.4006,0.4511,0,0,-1.4237,0.0000,-4.9420,0.0000,-0.2063,0.0000,-1.6794,0.0000,0.6000,-10377195.0000
15.2600,-1.7660,0.1468,5.2278,0.4511,0,0,-1.4762,0.0000,-4.8306,0.0000,-0.2068,0.0000,-1.7314,0.0000,0.6000,-10377195.0000
15.2702,-1.8488,-0.1825,5.1059,0.4511,0,0,-1.5287,0.0000,-4.7160,0.0000,-0.2076,0.0000,-1.7834,0.0000,0.6000,-10377195.0000
15.2804,-1.9466,0.2343,4.9491,0.4511,0,0,-1.5816,0.0000,-4.5986,0.0000,-0.2087,0.0000,-1.8362,0.0000,0.6000,-10377195.0000
15.2900,-2.0917,0.3992,4.8350,0.4512,0,0,-1.6365,0.0000,-4.4801,0.0000,-0.2104,0.0000,-1.8917,0.0000,0.6000,-10377195.0000
15.3000,-2.1817,0.1988,4.6787,0.4512,0,0,-1.6915,0.0000,-4.3583,0.0000,-0.2123,0.0000,-1.9474,0.0000,0.6000,-10377195.0000
15.3099,-1.9015,0.2485,4.7092,0.4512,0,0,-1.7335,0.0000,-4.2208,0.0000,-0.2120,0.0000,-1.9877,0.0000,0.6000,-10377195.0000
15.3202,-2.1143,0.2809,4.5338,0.4512,0,0,-1.7801,0.0000,-4.0857,0.0000,-0.2129,0.0000,-2.0338,0.0000,0.6000,-10377195.0000
15.3302,-2.2755,0.4555,4.3082,0.4512,0,0,-1.8294,0.0000,-3.9507,0.0000,-0.2145,0.0000,-2.0834,0.0000,0.6000,-10377195.0000
15.3400,-1.9824,0.5776,4.3466,0.4512,0,0,-1.8654,0.0000,-3.8003,0.0000,-0.2138,0.0000,-2.1172,0.0000,0.6000,-10377195.0000
15.3499,-1.9838,0.2149,4.1743,0.4512,0,0,-1.8987,0.0000,-3.6459,0.0000,-0.2129,0.0000,-2.1481,0.0000,0.6000,-10377195.0000
15.3599,-1.9403,0.1261,4.0604,0.4512,0,0,-1.9280,0.0000,-3.4864,0.0000,-0.2115,0.0000,-2.1744,0.0000,0.6000,-10377195.0000
15.3703,-2.0646,0.2786,4.0502,0.4512,0,0,-1.9590,0.0000,-3.3278,0.0000,-0.2108,0.0000,-2.2031,0.0000,0.6000,-10377195.0000
15.3803,-2.2937,-0.0821,3.7732,0.4512,0,0,-1.9955,0.0000,-3.1734,0.0000,-0.2114,0.0000,-2.2386,0.0000,0.6000,-10377195.0000
15.3900,-2.0630,-0.3061,3.8249,0.4512,0,0,-2.0211,0.0000,-3.0072,0.0000,-0.2102,0.0000,-2.2614,0.0000,0.6000,-10377195.0000
15.4000,-2.2536,0.1297,3.6773,0.4512,0,0,-2.0509,0.0000,-2.8445,0.0000,-0.2101,0.0000,-2.2895,0.0000,0.6000,-10377195.0000
15.4099,-2.4682,0.4737,3.4122,0.4512,0,0,-2.0855,0.0000,-2.6857,0.0000,-0.2114,0.0000,-2.3237,0.0000,0.6000,-10377195.0000
15.4204,-1.9744,0.3679,3.5252,0.4512,0,0,-2.1004,0.0000,-2.5063,0.0000,-0.2090,0.0000,-2.3344,0.0000,0.6000,-10377195.0000
15.4302,-1.8525,0.3484,3.4153,0.4512,0,0,-2.1088,0.0000,-2.3212,0.0000,-0.2056,0.0000,-2.3377,0.0000,0.6000,-10377195.0000
15.4400,-1.9224,0.1949,3.2489,0.4512,0,0,-2.1178,0.0000,-2.1376,0.0000,-0.2028,0.0000,-2.3419,0.0000,0.6000,-10377195.0000
15.4500,-1.7721,0.1407,3.3462,0.4512,0,0,-2.1196,0.0000,-1.9478,0.0000,-0.1988,0.0000,-2.3379,0.0000,0.6000,-10377195.0000
15.4600,-1.9654,0.0273,3.0733,0.4512,0,0,-2.1262,0.0000,-1.7646,0.0000,-0.1963,0.0000,-2.3401,0.0000,0.6000,-10377195.0000
15.4703,-1.9693,-0.2400,2.9937,0.4512,0,0,-2.1311,0.0000,-1.5809,0.0000,-0.1937,0.0000,-2.3406,0.0000,0.6000,-10377195.0000
15.4804,-2.0581,0.0226,2.9773,0.4512,0,0,-2.1373,0.0000,-1.3997,0.0000,-0.1917,0.0000,-2.3430,0.0000,0.6000,-10377195.0000
15.4900,-2.3021,0.4164,2.6812,0.4512,0,0,-2.1498,0.0000,-1.2265,0.0000,-0.1914,0.0000,-2.3535,0.0000,0.6000,-10377195.0000
15.5000,-1.9374,-0.0990,2.8701,0.4512,0,0,-2.1478,0.0000,-1.0389,0.0000,-0.1885,0.0000,-2.3467,0.0000,0.6000,-10377195.0000
15.5099,-1.7663,-0.0159,2.8833,0.4513,0,0,-2.1383,0.0000,-0.8454,0.0000,-0.1844,0.0000,-2.3312,0.0000,0.6000,-10377195.0000
15.5202,-2.0541,0.4859,2.6800,0.4513,0,0,-2.1372,0.0000,-0.6634,0.0000,-0.1825,0.0000,-2.3263,0.0000,0.6000,-10377195.0000
15.5302,-1.7453,0.3415,2.9065,0.4513,0,0,-2.1239,0.0000,-0.4703,0.0000,-0.1784,0.0000,-2.3070,0.0000,0.6000,-10377195.0000
15.5400,-1.5637,0.3293,2.9087,0.4514,0,0,-2.1045,0.0000,-0.2737,0.0000,-0.1734,0.0000,-2.2807,0.0000,0.6000,-10377195.0000
15.5500,-1.7412,0.5222,2.7990,0.4515,0,0,-2.0887,0.0000,-0.0843,0.0000,-0.1696,0.0000,-2.2591,0.0000,0.6000,-10377195.0000
15.5600,-1.5908,0.3255,2.8702,0.4515,0,0,-2.0666,0.0000,0.1089,0.0000,-0.1648,0.0000,-2.2303,0.0000,0.6000,-10377195.0000
15.5703,-1.5086,0.2074,2.8562,0.4516,0,0,-2.0414,0.0000,0.3018,0.0000,-0.1598,0.0000,-2.1982,0.0000,0.6000,-10377195.0000
15.5803,-1.5207,0.0314,2.8649,0.4517,0,0,-2.0150,0.0000,0.4921,0.0000,-0.1550,0.0000,-2.1650,0.0000,0.6000,-10377195.0000
15.5899,-1.5554,0.0208,2.8569,0.4518,0,0,-1.9890,0.0000,0.6780,0.0000,-0.1506,0.0000,-2.1329,0.0000,0.6000,-10377195.0000
15.6000,-1.8159,0.3789,2.7777,0.4518,0,0,-1.9713,0.0000,0.8507,0.0000,-0.1484,0.0000,-2.1111,0.0000,0.6000,-10377195.0000
15.6099,-1.7891,0.1131,2.8057,0.4519,0,0,-1.9516,0.0000,1.0223,0.0000,-0.1460,0.0000,-2.0874,0.0000,0.6000,-10377195.0000
15.6203,-1.4859,-0.0038,2.9710,0.4520,0,0,-1.9206,0.0000,1.2035,0.0000,-0.1417,0.0000,-2.0502,0.0000,0.6000,-10377195.0000
15.6303,-1.5939,0.4861,2.9569,0.4521,0,0,-1.8927,0.0000,1.3767,0.0000,-0.1384,0.0000,-2.0173,0.0000,0.6000,-10377195.0000
15.6400,-1.8856,0.5378,2.8869,0.4521,0,0,-1.8743,0.0000,1.5347,0.0000,-0.1375,0.0000,-1.9965,0.0000,0.6000,-10377195.0000
15.6500,-1.8809,0.5868,2.9783,0.4521,0,0,-1.8550,0.0000,1.6907,0.0000,-0.1366,0.0000,-1.9747,0.0000,0.6000,-10377195.0000
15.6600,-1.9190,0.5311,2.9790,0.4521,0,0,-1.8361,0.0000,1.8427,0.0000,-0.1362,0.0000,-1.9539,0.0000,0.6000,-10377195.0000
15.6702,-2.0255,0.2683,3.0328,0.4521,0,0,-1.8202,0.0000,1.9879,0.0000,-0.1367,0.0000,-1.9371,0.0000,0.6000,-10377195.0000
15.6804,-2.0716,0.5533,2.9608,0.4521,0,0,-1.8050,0.0000,2.1292,0.0000,-0.1377,0.0000,-1.9215,0.0000,0.6000,-10377195.0000
15.6899,-1.9617,0.2150,3.0903,0.4521,0,0,-1.7851,0.0000,2.2731,0.0000,-0.1380,0.0000,-1.9004,0.0000,0.6000,-10377195.0000
15.6999,-1.7552,-0.2010,3.1307,0.4521,0,0,-1.7573,0.0000,2.4233,0.0000,-0.1370,0.0000,-1.8700,0.0000,0.6000,-10377195.0000
15.7100,-1.9216,0.1982,3.2291,0.4521,0,0,-1.7349,0.0000,2.5629,0.0000,-0.1373,0.0000,-1.8466,0.0000,0.6000,-10377195.0000
15.7203,-1.9766,0.0247,3.2582,0.4521,0,0,-1.7138,0.0000,2.6974,0.0000,-0.1383,0.0000,-1.8251,0.0000,0.6000,-10377195.0000
15.7302,-1.8517,-0.2123,3.4092,0.4521,0,0,-1.6878,0.0000,2.8345,0.0000,-0.1385,0.0000,-1.7979,0.0000,0.6000,-10377195.0000
15.7400,-1.9905,0.3535,3.4513,0.4520,0,0,-1.6663,0.0000,2.9623,0.0000,-0.1399,0.0000,-1.7765,0.0000,0.6000,-10377195.0000
15.7500,-2.1572,0.4653,3.4495,0.4519,0,0,-1.6501,0.0000,3.0801,0.0000,-0.1426,0.0000,-1.7620,0.0000,0.6000,-10377195.0000
15.7599,-1.9151,0.3752,3.6471,0.4519,0,0,-1.6248,0.0000,3.2064,0.0000,-0.1437,0.0000,-1.7364,0.0000,0.6000,-10377195.0000
15.7703,-1.7697,0.4751,3.7623,0.4519,0,0,-1.5939,0.0000,3.3360,0.0000,-0.1440,0.0000,-1.7045,0.0000,0.6000,-10377195.0000
15.7803,-1.8929,0.3982,3.7385,0.4518,0,0,-1.5672,0.0000,3.4561,0.0000,-0.1453,0.0000,-1.6780,0.0000,0.6000,-10377195.0000
15.7899,-1.7021,0.4209,3.9286,0.4518,0,0,-1.5335,0.0000,3.5813,0.0000,-0.1455,0.0000,-1.6432,0.0000,0.6000,-10377195.0000
15.7999,-1.8099,0.3587,3.9364,0.4518,0,0,-1.5037,0.0000,3.6975,0.0000,-0.1467,0.0000,-1.6134,0.0000,0.6000,-10377195.0000
15.8100,-1.8859,0.1191,4.0059,0.4517,0,0,-1.4765,0.0000,3.8065,0.0000,-0.1487,0.0000,-1.5871,0.0000,0.6000,-10377195.0000
15.8204,-1.8834,0.2744,4.1417,0.4516,0,0,-1.4490,0.0000,3.9121,0.0000,-0.1508,0.0000,-1.5607,0.0000,0.6000,-10377195.0000
15.8302,-1.8107,0.1411,4.1754,0.4515,0,0,-1.4189,0.0000,4.0176,0.0000,-0.1526,0.0000,-1.5313,0.0000,0.6000,-10377195.0000
15.8400,-1.4159,-0.2688,4.3583,0.4516,0,0,-1.3746,0.0000,4.1370,0.0000,-0.1518,0.0000,-1.4850,0.0000,0.6000,-10377195.0000
15.8500,-1.4519,0.2109,4.4823,0.4516,0,0,-1.3320,0.0000,4.2491,0.0000,-0.1516,0.0000,-1.4411,0.0000,0.6000,-10377195.0000
15.8599,-1.7772,0.5552,4.4255,0.4515,0,0,-1.3016,0.0000,4.3412,0.0000,-0.1540,0.0000,-1.4122,0.0000,0.6000,-10377195.0000
15.8703,-1.4819,0.1907,4.7188,0.4514,0,0,-1.2607,0.0000,4.4428,0.0000,-0.1545,0.0000,-1.3708,0.0000,0.6000,-10377195.0000
15.8804,-1.4763,0.2669,4.7919,0.4514,0,0,-1.2201,0.0000,4.5395,0.0000,-0.1552,0.0000,-1.3300,0.0000,0.6000,-10377195.0000
15.8899,-1.7022,0.4513,4.7461,0.4513,0,0,-1.1882,0.0000,4.6208,0.0000,-0.1579,0.0000,-1.2999,0.0000,0.6000,-10377195.0000
15.8999,-1.4217,0.3033,5.0769,0.4513,0,0,-1.1464,0.0000,4.7109,0.0000,-0.1587,0.0000,-1.2581,0.0000,0.6000,-10377195.0000
15.9100,-1.3501,0.4038,5.1566,0.4512,0,0,-1.1027,0.0000,4.7989,0.0000,-0.1594,0.0000,-1.2141,0.0000,0.6000,-10377195.0000
15.9203,-1.4104,0.1856,5.2708,0.4512,0,0,-1.0618,0.0000,4.8787,0.0000,-0.1608,0.0000,-1.1738,0.0000,0.6000,-10377195.0000
15.9303,-1.5558,0.2196,5.4456,0.4510,0,0,-1.0269,0.0000,4.9469,0.0000,-0.1635,0.0000,-1.1410,0.0000,0.6000,-10377195.0000
15.9400,-1.8011,0.3507,5.3163,0.4508,0,0,-1.0015,0.0000,4.9998,0.0000,-0.1682,0.0000,-1.1197,0.0000,0.6000,-10377195.0000
15.9500,-1.6416,-0.2801,5.6418,0.4507,0,0,-0.9706,0.0000,5.0569,0.0000,-0.1718,0.0000,-1.0918,0.0000,0.6000,-10377195.0000
15.9600,-1.5913,-0.2258,5.7017,0.4505,0,0,-0.9382,0.0000,5.1124,0.0000,-0.1753,0.0000,-1.0624,0.0000,0.6000,-10377195.0000
15.9702,-1.8391,0.3002,5.7932,0.4503,0,0,-0.9127,0.0000,5.1565,0.0000,-0.1803,0.0000,-1.0414,0.0000,0.6000,-10377195.0000
15.9803,-1.4127,-0.0028,6.0437,0.4502,0,0,-0.8747,0.0000,5.2131,0.0000,-0.1829,0.0000,-1.0054,0.0000,0.6000,-10377195.0000
15.9900,-1.2604,0.2344,6.1500,0.4501,0,0,-0.8319,0.0000,5.2718,0.0000,-0.1846,0.0000,-0.9638,0.0000,0.6000,-10377195.0000
16.0000,-1.5250,0.5569,6.1059,0.4499,0,0,-0.7997,0.0000,5.3137,0.0000,-0.1885,0.0000,-0.9351,0.0000,0.6000,-10377195.0000
16.0099,-1.4837,0.4203,6.3263,0.4497,0,0,-0.7666,0.0000,5.3535,0.0000,-0.1924,0.0000,-0.9054,0.0000,0.6000,-10377195.0000
16.0204,-1.3991,0.4541,6.4030,0.4496,0,0,-0.7311,0.0000,5.3932,0.0000,-0.1958,0.0000,-0.8730,0.0000,0.6000,-10377195.0000
16.0303,-1.4974,0.1634,6.4265,0.4494,0,0,-0.7000,0.0000,5.4245,0.0000,-0.2001,0.0000,-0.8459,0.0000,0.6000,-10377195.0000
16.0400,-1.4442,0.2108,6.4420,0.4492,0,0,-0.6677,0.0000,5.4544,0.0000,-0.2042,0.0000,-0.8174,0.0000,0.6000,-10377195.0000
16.0499,-1.3271,0.5422,6.5578,0.4490,0,0,-0.6318,0.0000,5.4857,0.0000,-0.2077,0.0000,-0.7847,0.0000,0.6000,-10377195.0000
16.0599,-1.1466,-0.0241,6.6673,0.4489,0,0,-0.5902,0.0000,5.5205,0.0000,-0.2102,0.0000,-0.7452,0.0000,0.6000,-10377195.0000
16.0702,-1.1674,-0.1424,6.7689,0.4488,0,0,-0.5504,0.0000,5.5495,0.0000,-0.2131,0.0000,-0.7081,0.0000,0.6000,-10377195.0000
16.0804,-1.4690,0.2248,6.7049,0.4486,0,0,-0.5205,0.0000,5.5636,0.0000,-0.2179,0.0000,-0.6828,0.0000,0.6000,-10377195.0000
16.0900,-1.4113,-0.0586,6.7768,0.4484,0,0,-0.4905,0.0000,5.5755,0.0000,-0.2227,0.0000,-0.6574,0.0000,0.6000,-10377195.0000
16.1000,-0.7664,-0.0479,7.0263,0.4484,0,0,-0.4387,0.0000,5.6099,0.0000,-0.2234,0.0000,-0.6061,0.0000,0.6000,-10377195.0000
16.1100,-0.4537,0.1485,7.1434,0.4484,0,0,-0.3771,0.0000,5.6510,0.0000,-0.2224,0.0000,-0.5429,0.0000,0.6000,-10377195.0000
16.1203,-0.4601,0.2638,7.1696,0.4484,0,0,-0.3175,0.0000,5.6844,0.0000,-0.2218,0.0000,-0.4825,0.0000,0.6000,-10377195.0000
16.1302,-0.3090,0.5562,7.3158,0.4485,0,0,-0.2544,0.0000,5.7167,0.0000,-0.2206,0.0000,-0.4178,0.0000,0.6000,-10377195.0000
16.1400,-0.2429,0.1630,7.4087,0.4485,0,0,-0.1908,0.0000,5.7441,0.0000,-0.2195,0.0000,-0.3528,0.0000,0.6000,-10377195.0000
16.1500,-0.3899,-0.0635,7.3473,0.4485,0,0,-0.1347,0.0000,5.7577,0.0000,-0.2197,0.0000,-0.2969,0.0000,0.6000,-10376848.0000
16.1600,-0.3738,0.3130,7.3895,0.4485,0,0,-0.0799,0.0000,5.7653,0.0000,-0.2202,0.0000,-0.2425,0.0000,0.6000,-10376848.0000
16.1703,-0.0487,-0.1086,7.4686,0.4485,0,0,-0.0135,0.0000,5.7814,0.0000,-0.2186,0.0000,-0.1743,0.0000,0.6000,-10376848.0000
16.1803,0.3284,-0.4414,7.5703,0.4486,0,0,0.0626,0.0000,5.8024,0.0000,-0.2152,0.0000,-0.0946,0.0000,0.6000,-10376848.0000
16.1900,0.3460,0.0274,7.4740,0.4488,0,0,0.1366,0.0000,5.8148,0.0000,-0.2123,0.0000,-0.0175,0.0000,0.6000,-10376848.0000
16.2000,0.2356,0.0056,7.3885,0.4488,0,0,0.2040,0.0000,5.8138,0.0000,-0.2106,0.0000,0.0515,0.0000,0.6000,-10376848.0000
16.2099,0.3058,-0.0953,7.3633,0.4489,0,0,0.2713,0.0000,5.8075,0.0000,-0.2089,0.0000,0.1205,0.0000,0.6000,-10376848.0000
16.2204,0.5467,-0.0555,7.4150,0.4490,0,0,0.3448,0.0000,5.8023,0.0000,-0.2060,0.0000,0.1968,0.0000,0.6000,-10376848.0000
16.2303,0.2792,-0.1274,7.4182,0.4490,0,0,0.4058,0.0000,5.7780,0.0000,-0.2055,0.0000,0.2581,0.0000,0.6000,-10376848.0000
16.2400,0.5547,0.3076,7.3520,0.4491,0,0,0.4743,0.0000,5.7570,0.0000,-0.2035,0.0000,0.3284,0.0000,0.6000,-10376848.0000
16.2500,0.9899,0.1534,7.4366,0.4493,0,0,0.5557,0.0000,5.7441,0.0000,-0.1991,0.0000,0.4141,0.0000,0.6000,-10376848.0000
16.2600,1.0482,-0.1559,7.2302,0.4494,0,0,0.6360,0.0000,5.7235,0.0000,-0.1949,0.0000,0.4984,0.0000,0.6000,-10376848.0000
16.2702,1.0552,0.2867,7.1765,0.4496,0,0,0.7133,0.0000,5.6934,0.0000,-0.1912,0.0000,0.5790,0.0000,0.6000,-10376848.0000
16.2804,1.1194,0.0876,7.1321,0.4497,0,0,0.7896,0.0000,5.6563,0.0000,-0.1876,0.0000,0.6586,0.0000,0.6000,-10376848.0000
16.2900,1.1692,-0.4550,6.9833,0.4498,0,0,0.8645,0.0000,5.6119,0.0000,-0.1842,0.0000,0.7364,0.0000,0.6000,-10376848.0000
16.2999,1.1911,-0.0370,6.9368,0.4499,0,0,0.9369,0.0000,5.5593,0.0000,-0.1812,0.0000,0.8113,0.0000,0.6000,-10376848.0000
16.3099,1.0170,0.1289,6.7105,0.4499,0,0,0.9998,0.0000,5.4918,0.0000,-0.1798,0.0000,0.8749,0.0000,0.6000,-10376848.0000
16.3203,1.1926,-0.1848,6.6064,0.4500,0,0,1.0661,0.0000,5.4232,0.0000,-0.1777,0.0000,0.9426,0.0000,0.6000,-10376848.0000
16.3302,1.5362,0.0906,6.7215,0.4501,0,0,1.1414,0.0000,5.3590,0.0000,-0.1738,0.0000,1.0212,0.0000,0.6000,-10376848.0000
16.3401,1.3454,0.3222,6.4612,0.4502,0,0,1.2065,0.0000,5.2791,0.0000,-0.1716,0.0000,1.0877,0.0000,0.6000,-10376848.0000
16.3500,1.2056,0.4190,6.3135,0.4502,0,0,1.2635,0.0000,5.1867,0.0000,-0.1708,0.0000,1.1445,0.0000,0.6000,-10376848.0000
16.3600,1.5764,0.5462,6.2831,0.4503,0,0,1.3307,0.0000,5.1005,0.0000,-0.1680,0.0000,1.2137,0.0000,0.6000,-10376848.0000
16.3702,1.6527,0.1275,6.1314,0.4504,0,0,1.3972,0.0000,5.0091,0.0000,-0.1651,0.0000,1.2823,0.0000,0.6000,-10376848.0000
16.3802,1.6886,0.0947,6.0301,0.4504,0,0,1.4617,0.0000,4.9112,0.0000,-0.1623,0.0000,1.3484,0.0000,0.6000,-10376848.0000
16.3900,1.7575,0.4153,5.9076,0.4505,0,0,1.5252,0.0000,4.8080,0.0000,-0.1596,0.0000,1.4136,0.0000,0.6000,-10376848.0000
16.3999,1.6762,0.0501,5.8058,0.4505,0,0,1.5825,0.0000,4.6947,0.0000,-0.1579,0.0000,1.4716,0.0000,0.6000,-10376848.0000
16.4099,1.7314,0.0989,5.6623,0.4506,0,0,1.6386,0.0000,4.5767,0.0000,-0.1561,0.0000,1.5282,0.0000,0.6000,-10376848.0000
16.4203,1.6813,0.4250,5.4693,0.4506,0,0,1.6897,0.0000,4.4505,0.0000,-0.1551,0.0000,1.5791,0.0000,0.6000,-10376848.0000
16.4302,1.6736,0.1047,5.2300,0.4506,0,0,1.7375,0.0000,4.3183,0.0000,-0.1545,0.0000,1.6262,0.0000,0.6000,-10376848.0000
16.4400,1.9922,-0.0738,5.1651,0.4506,0,0,1.7935,0.0000,4.1912,0.0000,-0.1520,0.0000,1.6834,0.0000,0.6000,-10376848.0000
16.4500,1.9291,0.1893,4.9990,0.4507,0,0,1.8440,0.0000,4.0556,0.0000,-0.1504,0.0000,1.7342,0.0000,0.6000,-10376848.0000
16.4600,1.6470,0.3856,4.7252,0.4507,0,0,1.8815,0.0000,3.9048,0.0000,-0.1510,0.0000,1.7696,0.0000,0.6000,-10376848.0000
16.4703,1.8589,0.4559,4.7856,0.4507,0,0,1.9237,0.0000,3.7570,0.0000,-0.1504,0.0000,1.8109,0.0000,0.6000,-10376848.0000
16.4804,1.8447,0.6346,4.6252,0.4507,0,0,1.9624,0.0000,3.6038,0.0000,-0.1501,0.0000,1.8483,0.0000,0.6000,-10376848.0000
16.4899,1.7560,0.5329,4.4306,0.4507,0,0,1.9952,0.0000,3.4434,0.0000,-0.1508,0.0000,1.8789,0.0000,0.6000,-10376848.0000
16.4999,2.0466,0.3208,4.4437,0.4507,0,0,2.0355,0.0000,3.2890,0.0000,-0.1496,0.0000,1.9187,0.0000,0.6000,-10376848.0000
16.5100,1.8467,0.1664,4.1740,0.4507,0,0,2.0659,0.0000,3.1234,0.0000,-0.1501,0.0000,1.9470,0.0000,0.6000,-10376848.0000
16.5203,1.7565,0.1032,3.9581,0.4507,0,0,2.0905,0.0000,2.9514,0.0000,-0.1514,0.0000,1.9686,0.0000,0.6000,-10376848.0000
16.5302,1.7214,0.3296,3.9171,0.4506,0,0,2.1115,0.0000,2.7755,0.0000,-0.1531,0.0000,1.9862,0.0000,0.6000,-10376848.0000
16.5401,1.5649,0.4090,3.6566,0.4506,0,0,2.1247,0.0000,2.5921,0.0000,-0.1560,0.0000,1.9947,0.0000,0.6000,-10376848.0000
16.5500,1.8167,0.0671,3.7194,0.4506,0,0,2.1445,0.0000,2.4158,0.0000,-0.1572,0.0000,2.0115,0.0000,0.6000,-10376848.0000
16.5600,1.7182,0.1701,3.6181,0.4506,0,0,2.1586,0.0000,2.2340,0.0000,-0.1592,0.0000,2.0217,0.0000,0.6000,-10376848.0000
16.5703,1.4873,0.4041,3.3580,0.4506,0,0,2.1625,0.0000,2.0428,0.0000,-0.1629,0.0000,2.0201,0.0000,0.6000,-10376848.0000
16.5803,1.7753,0.1077,3.4474,0.4506,0,0,2.1746,0.0000,1.8611,0.0000,-0.1646,0.0000,2.0286,0.0000,0.6000,-10376848.0000
16.5899,1.5373,0.3272,3.3161,0.4506,0,0,2.1763,0.0000,1.6700,0.0000,-0.1680,0.0000,2.0250,0.0000,0.6000,-10376848.0000
16.5999,1.2755,0.8990,3.0997,0.4506,0,0,2.1690,0.0000,1.4714,0.0000,-0.1728,0.0000,2.0108,0.0000,0.6000,-10376848.0000
16.6099,1.5658,0.4142,3.3303,0.4506,0,0,2.1684,0.0000,1.2820,0.0000,-0.1759,0.0000,2.0053,0.0000,0.6000,-10376848.0000
16.6204,1.5594,0.2927,3.1627,0.4507,0,0,2.1659,0.0000,1.0926,0.0000,-0.1790,0.0000,1.9978,0.0000,0.6000,-10376848.0000
16.6302,1.3707,0.5685,3.0303,0.4507,0,0,2.1553,0.0000,0.8969,0.0000,-0.1834,0.0000,1.9809,0.0000,0.6000,-10376848.0000
16.6400,1.6185,0.1282,3.1048,0.4507,0,0,2.1518,0.0000,0.7112,0.0000,-0.1859,0.0000,1.9730,0.0000,0.6000,-10376848.0000
16.6500,1.4989,-0.0898,2.9533,0.4507,0,0,2.1427,0.0000,0.5217,0.0000,-0.1893,0.0000,1.9586,0.0000,0.6000,-10376848.0000
16.6600,1.3679,0.3479,2.8837,0.4508,0,0,2.1276,0.0000,0.3285,0.0000,-0.1934,0.0000,1.9375,0.0000,0.6000,-10376848.0000
16.6703,1.1685,0.2166,2.8934,0.4508,0,0,2.1068,0.0000,0.1324,0.0000,-0.1983,0.0000,1.9098,0.0000,0.6000,-10376848.0000
16.6804,1.1203,0.0984,2.7722,0.4509,0,0,2.0841,0.0000,-0.0623,0.0000,-0.2033,0.0000,1.8802,0.0000,0.6000,-10376848.0000
16.6900,1.2720,0.2897,2.8540,0.4509,0,0,2.0625,0.0000,-0.2520,0.0000,-0.2076,0.0000,1.8525,0.0000,0.6000,-10376848.0000
16.7000,1.1305,0.3109,2.7385,0.4510,0,0,2.0359,0.0000,-0.4437,0.0000,-0.2125,0.0000,1.8190,0.0000,0.6000,-10376848.0000
16.7099,1.1457,0.4487,2.7265,0.4511,0,0,2.0083,0.0000,-0.6325,0.0000,-0.2173,0.0000,1.7847,0.0000,0.6000,-10376848.0000
16.7202,1.3785,0.5981,2.8587,0.4511,0,0,1.9880,0.0000,-0.8092,0.0000,-0.2202,0.0000,1.7597,0.0000,0.6000,-10376848.0000
16.7302,1.2489,0.4452,2.7538,0.4512,0,0,1.9622,0.0000,-0.9884,0.0000,-0.2238,0.0000,1.7285,0.0000,0.6000,-10376848.0000
16.7400,1.4407,0.6526,2.8404,0.4512,0,0,1.9424,0.0000,-1.1572,0.0000,-0.2259,0.0000,1.7050,0.0000,0.6000,-10376848.0000
16.7500,1.7762,0.6347,2.9366,0.4512,0,0,1.9333,0.0000,-1.3106,0.0000,-0.2254,0.0000,1.6948,0.0000,0.6000,-10376848.0000
16.7599,1.8067,-0.0133,2.8764,0.4512,0,0,1.9241,0.0000,-1.4616,0.0000,-0.2246,0.0000,1.6849,0.0000,0.6000,-10376848.0000
16.7702,1.9121,0.0305,2.9724,0.4512,0,0,1.9173,0.0000,-1.6073,0.0000,-0.2229,0.0000,1.6783,0.0000,0.6000,-10376848.0000
16.7802,1.7344,0.1922,2.9872,0.4512,0,0,1.9032,0.0000,-1.7592,0.0000,-0.2225,0.0000,1.6631,0.0000,0.6000,-10376848.0000
16.7900,1.6665,-0.0863,2.9318,0.4512,0,0,1.8857,0.0000,-1.9120,0.0000,-0.2225,0.0000,1.6441,0.0000,0.6000,-10376848.0000
16.8000,1.9753,-0.1647,3.1598,0.4511,0,0,1.8782,0.0000,-2.0502,0.0000,-0.2201,0.0000,1.6375,0.0000,0.6000,-10376848.0000
16.8100,1.8766,0.0694,3.0676,0.4511,0,0,1.8660,0.0000,-2.1914,0.0000,-0.2184,0.0000,1.6257,0.0000,0.6000,-10376848.0000
16.8203,1.7103,0.3714,3.1376,0.4511,0,0,1.8470,0.0000,-2.3378,0.0000,-0.2178,0.0000,1.6058,0.0000,0.6000,-10376848.0000
16.8303,1.9150,0.7403,3.2608,0.4510,0,0,1.8345,0.0000,-2.4734,0.0000,-0.2156,0.0000,1.5941,0.0000,0.6000,-10376848.0000
16.8400,1.9387,0.6945,3.2458,0.4509,0,0,1.8218,0.0000,-2.6064,0.0000,-0.2131,0.0000,1.5826,0.0000,0.6000,-10376848.0000
16.8500,1.8902,0.4347,3.2334,0.4509,0,0,1.8066,0.0000,-2.7399,0.0000,-0.2109,0.0000,1.5682,0.0000,0.6000,-10376848.0000
16.8600,1.6648,0.5201,3.3166,0.4508,0,0,1.7826,0.0000,-2.8808,0.0000,-0.2102,0.0000,1.5435,0.0000,0.6000,-10376848.0000
16.8703,1.3483,0.3364,3.2427,0.4509,0,0,1.7469,0.0000,-3.0321,0.0000,-0.2116,0.0000,1.5049,0.0000,0.6000,-10376848.0000
16.8804,1.4411,-0.2670,3.4168,0.4509,0,0,1.7143,0.0000,-3.1750,0.0000,-0.2121,0.0000,1.4705,0.0000,0.6000,-10376848.0000
16.8899,1.2620,0.0141,3.4154,0.4509,0,0,1.6752,0.0000,-3.3214,0.0000,-0.2136,0.0000,1.4284,0.0000,0.6000,-10376848.0000
16.9000,1.0860,0.1988,3.3964,0.4510,0,0,1.6298,0.0000,-3.4706,0.0000,-0.2160,0.0000,1.3791,0.0000,0.6000,-10376848.0000
16.9100,1.3237,-0.1130,3.6286,0.4510,0,0,1.5932,0.0000,-3.6038,0.0000,-0.2164,0.0000,1.3407,0.0000,0.6000,-10376848.0000
16.9203,1.5316,0.1431,3.7548,0.4510,0,0,1.5639,0.0000,-3.7236,0.0000,-0.2151,0.0000,1.3116,0.0000,0.6000,-10376848.0000
16.9302,1.4249,0.4039,3.8389,0.4510,0,0,1.5307,0.0000,-3.8442,0.0000,-0.2143,0.0000,1.2780,0.0000,0.6000,-10376848.0000
16.9400,1.4361,0.5050,3.9709,0.4509,0,0,1.4979,0.0000,-3.9603,0.0000,-0.2131,0.0000,1.2452,0.0000,0.6000,-10376848.0000
16.9500,1.5471,0.5056,4.0791,0.4508,0,0,1.4691,0.0000,-4.0674,0.0000,-0.2110,0.0000,1.2174,0.0000,0.6000,-10376848.0000
16.9599,1.5252,-0.0053,4.1662,0.4508,0,0,1.4394,0.0000,-4.1719,0.0000,-0.2088,0.0000,1.1889,0.0000,0.6000,-10376848.0000
16.9703,1.4033,0.0098,4.1649,0.4507,0,0,1.4054,0.0000,-4.2780,0.0000,-0.2072,0.0000,1.1553,0.0000,0.6000,-10376848.0000
16.9803,1.3185,0.3414,4.1698,0.4507,0,0,1.3684,0.0000,-4.3835,0.0000,-0.2061,0.0000,1.1185,0.0000,0.6000,-10376848.0000
16.9900,1.2811,-0.1274,4.2550,0.4506,0,0,1.3304,0.0000,-4.4861,0.0000,-0.2049,0.0000,1.0806,0.0000,0.6000,-10376848.0000
17.0000,1.4497,-0.2438,4.4252,0.4505,0,0,1.2988,0.0000,-4.5766,0.0000,-0.2023,0.0000,1.0508,0.0000,0.6000,-10376848.0000
17.0099,1.3695,0.1822,4.5534,0.4504,0,0,1.2646,0.0000,-4.6667,0.0000,-0.2001,0.0000,1.0178,0.0000,0.6000,-10376848.0000
17.0204,1.2880,0.2552,4.6431,0.4504,0,0,1.2276,0.0000,-4.7562,0.0000,-0.1981,0.0000,0.9819,0.0000,0.6000,-10376848.0000
17.0302,1.3786,0.2137,4.8694,0.4503,0,0,1.1944,0.0000,-4.8371,0.0000,-0.1953,0.0000,0.9507,0.0000,0.6000,-10376848.0000
17.0400,1.3733,0.3446,5.0019,0.4501,0,0,1.1613,0.0000,-4.9142,0.0000,-0.1924,0.0000,0.9198,0.0000,0.6000,-10376848.0000
17.0500,1.0753,0.4425,5.0050,0.4501,0,0,1.1178,0.0000,-5.0003,0.0000,-0.1913,0.0000,0.8765,0.0000,0.6000,-10376848.0000
17.0600,1.1736,0.7597,5.2218,0.4500,0,0,1.0785,0.0000,-5.0767,0.0000,-0.1892,0.0000,0.8386,0.0000,0.6000,-10376848.0000
17.0702,1.3534,0.5510,5.4167,0.4499,0,0,1.0464,0.0000,-5.1405,0.0000,-0.1856,0.0000,0.8094,0.0000,0.6000,-10376848.0000
17.0804,1.3506,0.2069,5.6020,0.4497,0,0,1.0146,0.0000,-5.2005,0.0000,-0.1818,0.0000,0.7808,0.0000,0.6000,-10376848.0000
17.0900,1.2689,0.5119,5.7146,0.4496,0,0,0.9803,0.0000,-5.2603,0.0000,-0.1784,0.0000,0.7493,0.0000,0.6000,-10376848.0000
17.1000,1.2559,0.5218,5.8855,0.4494,0,0,0.9461,0.0000,-5.3166,0.0000,-0.1749,0.0000,0.7181,0.0000,0.6000,-10376848.0000
17.1100,1.2179,0.0172,5.9274,0.4493,0,0,0.9111,0.0000,-5.3705,0.0000,-0.1714,0.0000,0.6860,0.0000,0.6000,-10376169.0000
17.1202,1.0769,0.2297,6.0238,0.4492,0,0,0.8716,0.0000,-5.4262,0.0000,-0.1687,0.0000,0.6486,0.0000,0.6000,-10376169.0000
17.1302,0.8361,0.3231,6.0791,0.4491,0,0,0.8241,0.0000,-5.4876,0.0000,-0.1674,0.0000,0.6019,0.0000,0.6000,-10376169.0000
17.1400,0.7724,0.1939,6.2457,0.4491,0,0,0.7755,0.0000,-5.5459,0.0000,-0.1662,0.0000,0.5538,0.0000,0.6000,-10376169.0000
17.1500,0.8783,0.3479,6.3803,0.4490,0,0,0.7318,0.0000,-5.5939,0.0000,-0.1640,0.0000,0.5119,0.0000,0.6000,-10376169.0000
17.1600,0.8452,0.4391,6.4861,0.4489,0,0,0.6880,0.0000,-5.6380,0.0000,-0.1617,0.0000,0.4699,0.0000,0.6000,-10376169.0000
17.1702,0.6837,0.7063,6.4035,0.4489,0,0,0.6394,0.0000,-5.6837,0.0000,-0.1602,0.0000,0.4223,0.0000,0.6000,-10376169.0000
17.1802,0.7754,0.9533,6.5639,0.4488,0,0,0.5954,0.0000,-5.7197,0.0000,-0.1578,0.0000,0.3804,0.0000,0.6000,-10376169.0000
17.1900,0.8065,0.4352,6.6084,0.4486,0,0,0.5537,0.0000,-5.7492,0.0000,-0.1549,0.0000,0.3413,0.0000,0.6000,-10376169.0000
17.2000,0.5127,0.1624,6.6050,0.4486,0,0,0.5025,0.0000,-5.7860,0.0000,-0.1537,0.0000,0.2909,0.0000,0.6000,-10376169.0000
17.2100,0.3371,0.5250,6.6346,0.4486,0,0,0.4463,0.0000,-5.8240,0.0000,-0.1534,0.0000,0.2346,0.0000,0.6000,-10376169.0000
17.2203,0.1829,0.2172,6.6680,0.4486,0,0,0.3862,0.0000,-5.8616,0.0000,-0.1538,0.0000,0.1738,0.0000,0.6000,-10376169.0000
17.2302,0.3251,-0.0960,6.7487,0.4486,0,0,0.3330,0.0000,-5.8861,0.0000,-0.1527,0.0000,0.1215,0.0000,0.6000,-10376169.0000
17.2400,0.2340,0.1132,6.8350,0.4485,0,0,0.2783,0.0000,-5.9080,0.0000,-0.1520,0.0000,0.0672,0.0000,0.6000,-10376169.0000
17.2500,-0.1968,0.2267,6.7144,0.4486,0,0,0.2096,0.0000,-5.9408,0.0000,-0.1538,0.0000,-0.0036,0.0000,0.6000,-10376169.0000
17.2599,-0.2839,0.3550,6.6518,0.4487,0,0,0.1400,0.0000,-5.9687,0.0000,-0.1556,0.0000,-0.0753,0.0000,0.6000,-10376169.0000
17.2703,-0.0861,0.3843,6.7471,0.4487,0,0,0.0831,0.0000,-5.9768,0.0000,-0.1551,0.0000,-0.1318,0.0000,0.6000,-10376169.0000
17.2804,-0.1615,0.1389,6.6684,0.4487,0,0,0.0222,0.0000,-5.9846,0.0000,-0.1553,0.0000,-0.1930,0.0000,0.6000,-10376169.0000
17.2900,-0.2736,0.3159,6.6540,0.4487,0,0,-0.0405,0.0000,-5.9895,0.0000,-0.1559,0.0000,-0.2563,0.0000,0.6000,-10376169.0000
17.3000,-0.2706,0.3926,6.7755,0.4487,0,0,-0.1010,0.0000,-5.9869,0.0000,-0.1560,0.0000,-0.3168,0.0000,0.6000,-10376169.0000
17.3100,-0.4393,-0.2193,6.7141,0.4487,0,0,-0.1653,0.0000,-5.9836,0.0000,-0.1568,0.0000,-0.3819,0.0000,0.6000,-10376169.0000
17.3203,-0.6717,-0.0757,6.6891,0.4488,0,0,-0.2356,0.0000,-5.9817,0.0000,-0.1587,0.0000,-0.4541,0.0000,0.6000,-10376169.0000
17.3303,-0.9408,0.3220,6.5382,0.4489,0,0,-0.3129,0.0000,-5.9816,0.0000,-0.1620,0.0000,-0.5347,0.0000,0.6000,-10376169.0000
17.3400,-1.0457,0.0087,6.4668,0.4490,0,0,-0.3912,0.0000,-5.9762,0.0000,-0.1654,0.0000,-0.6163,0.0000,0.6000,-10376169.0000
17.3500,-0.7348,-0.0162,6.6398,0.4491,0,0,-0.4552,0.0000,-5.9496,0.0000,-0.1662,0.0000,-0.6809,0.0000,0.6000,-10376169.0000
17.3599,-1.0784,0.2317,6.5149,0.4492,0,0,-0.5290,0.0000,-5.9282,0.0000,-0.1688,0.0000,-0.7571,0.0000,0.6000,-10376169.0000
17.3702,-1.2831,0.2348,6.3940,0.4493,0,0,-0.6072,0.0000,-5.9057,0.0000,-0.1723,0.0000,-0.8386,0.0000,0.6000,-10376169.0000
17.3802,-1.0827,0.2249,6.4649,0.4493,0,0,-0.6750,0.0000,-5.8664,0.0000,-0.1740,0.0000,-0.9076,0.0000,0.6000,-10376169.0000
17.3900,-1.3650,0.1465,6.1771,0.4494,0,0,-0.7500,0.0000,-5.8293,0.0000,-0.1770,0.0000,-0.9853,0.0000,0.6000,-10376169.0000
17.4000,-1.3155,0.0872,6.1160,0.4495,0,0,-0.8201,0.0000,-5.7816,0.0000,-0.1792,0.0000,-1.0572,0.0000,0.6000,-10376169.0000
17.4099,-1.1979,0.0377,6.1601,0.4495,0,0,-0.8830,0.0000,-5.7212,0.0000,-0.1801,0.0000,-1.1203,0.0000,0.6000,-10376169.0000
17.4203,-1.4811,-0.0396,5.9703,0.4496,0,0,-0.9531,0.0000,-5.6638,0.0000,-0.1825,0.0000,-1.1922,0.0000,0.6000,-10376169.0000
17.4303,-1.5016,-0.1579,6.0071,0.4497,0,0,-1.0207,0.0000,-5.5988,0.0000,-0.1846,0.0000,-1.2613,0.0000,0.6000,-10376169.0000
17.4400,-1.7940,-0.0049,5.8661,0.4498,0,0,-1.0956,0.0000,-5.5362,0.0000,-0.1881,0.0000,-1.3391,0.0000,0.6000,-10376169.0000
17.4500,-1.9965,0.2496,5.5622,0.4499,0,0,-1.1743,0.0000,-5.4718,0.0000,-0.1925,0.0000,-1.4216,0.0000,0.6000,-10376169.0000
17.4600,-1.6625,-0.1770,5.6668,0.4499,0,0,-1.2376,0.0000,-5.3864,0.0000,-0.1941,0.0000,-1.4856,0.0000,0.6000,-10376169.0000
17.4703,-1.6782,-0.1465,5.4668,0.4499,0,0,-1.2983,0.0000,-5.2942,0.0000,-0.1954,0.0000,-1.5466,0.0000,0.6000,-10376169.0000
17.4804,-1.9697,0.4636,5.3070,0.4500,0,0,-1.3662,0.0000,-5.2051,0.0000,-0.1982,0.0000,-1.6164,0.0000,0.6000,-10376169.0000
17.4899,-1.7280,0.1893,5.4184,0.4500,0,0,-1.4222,0.0000,-5.0997,0.0000,-0.1990,0.0000,-1.6721,0.0000,0.6000,-10376169.0000
17.4999,-1.7274,-0.0338,5.2405,0.4500,0,0,-1.4751,0.0000,-4.9878,0.0000,-0.1993,0.0000,-1.7243,0.0000,0.6000,-10376169.0000
17.5100,-1.9872,0.4190,5.0481,0.4501,0,0,-1.5342,0.0000,-4.8788,0.0000,-0.2011,0.0000,-1.7841,0.0000,0.6000,-10376169.0000
17.5202,-1.8709,0.2274,4.9020,0.4501,0,0,-1.5861,0.0000,-4.7591,0.0000,-0.2017,0.0000,-1.8353,0.0000,0.6000,-10376169.0000
17.5303,-1.9344,-0.2027,4.7157,0.4501,0,0,-1.6371,0.0000,-4.6356,0.0000,-0.2023,0.0000,-1.8858,0.0000,0.6000,-10376169.0000
17.5400,-1.9610,-0.0718,4.6052,0.4501,0,0,-1.6861,0.0000,-4.5072,0.0000,-0.2028,0.0000,-1.9340,0.0000,0.6000,-10376169.0000
17.5500,-2.1510,-0.1148,4.5982,0.4501,0,0,-1.7388,0.0000,-4.3796,0.0000,-0.2043,0.0000,-1.9868,0.0000,0.6000,-10376169.0000
17.5600,-2.2372,-0.0455,4.4155,0.4502,0,0,-1.7913,0.0000,-4.2489,0.0000,-0.2060,0.0000,-2.0398,0.0000,0.6000,-10376169.0000
17.5702,-2.0639,0.1183,4.3748,0.4502,0,0,-1.8346,0.0000,-4.1064,0.0000,-0.2061,0.0000,-2.0818,0.0000,0.6000,-10376169.0000
17.5803,-2.1648,0.1207,4.2069,0.4502,0,0,-1.8786,0.0000,-3.9624,0.0000,-0.2067,0.0000,-2.1249,0.0000,0.6000,-10376169.0000
17.5900,-2.1870,0.5795,4.0872,0.4502,0,0,-1.9204,0.0000,-3.8142,0.0000,-0.2071,0.0000,-2.1656,0.0000,0.6000,-10376169.0000
17.6000,-1.8051,0.7612,4.2021,0.4501,0,0,-1.9460,0.0000,-3.6485,0.0000,-0.2047,0.0000,-2.1871,0.0000,0.6000,-10376169.0000
17.6100,-1.7520,0.1829,4.1617,0.4501,0,0,-1.9674,0.0000,-3.4784,0.0000,-0.2017,0.0000,-2.2039,0.0000,0.6000,-10376169.0000
17.6203,-1.9818,0.1974,4.0764,0.4501,0,0,-1.9945,0.0000,-3.3136,0.0000,-0.2002,0.0000,-2.2278,0.0000,0.6000,-10376169.0000
17.6302,-2.1895,0.2872,3.9937,0.4501,0,0,-2.0263,0.0000,-3.1528,0.0000,-0.2000,0.0000,-2.2578,0.0000,0.6000,-10376169.0000
17.6400,-2.2594,-0.2256,3.8136,0.4501,0,0,-2.0579,0.0000,-2.9908,0.0000,-0.2000,0.0000,-2.2878,0.0000,0.6000,-10376169.0000
17.6499,-2.0232,-0.2672,3.7263,0.4501,0,0,-2.0787,0.0000,-2.8173,0.0000,-0.1982,0.0000,-2.3050,0.0000,0.6000,-10376169.0000
17.6600,-2.0332,-0.0859,3.5871,0.4501,0,0,-2.0975,0.0000,-2.6420,0.0000,-0.1963,0.0000,-2.3202,0.0000,0.6000,-10376169.0000
17.6702,-2.2864,0.0170,3.3361,0.4501,0,0,-2.1227,0.0000,-2.4731,0.0000,-0.1961,0.0000,-2.3435,0.0000,0.6000,-10376169.0000
17.6804,-2.1133,0.4075,3.4083,0.4501,0,0,-2.1395,0.0000,-2.2955,0.0000,-0.1945,0.0000,-2.3570,0.0000,0.6000,-10376169.0000
17.6900,-2.0079,0.1991,3.3069,0.4501,0,0,-2.1505,0.0000,-2.1125,0.0000,-0.1921,0.0000,-2.3637,0.0000,0.6000,-10376169.0000
17.7000,-2.0233,0.1631,3.2515,0.4501,0,0,-2.1599,0.0000,-1.9289,0.0000,-0.1897,0.0000,-2.3689,0.0000,0.6000,-10376169.0000
17.7100,-1.8452,0.5555,3.2108,0.4501,0,0,-2.1612,0.0000,-1.7382,0.0000,-0.1861,0.0000,-2.3647,0.0000,0.6000,-10376169.0000
17.7203,-1.6428,0.0805,3.1929,0.4501,0,0,-2.1546,0.0000,-1.5412,0.0000,-0.1812,0.0000,-2.3512,0.0000,0.6000,-10376169.0000
17.7303,-1.6256,-0.3444,3.0640,0.4501,0,0,-2.1460,0.0000,-1.3446,0.0000,-0.1764,0.0000,-2.3358,0.0000,0.6000,-10376169.0000
17.7400,-1.9534,0.0237,2.9375,0.4501,0,0,-2.1463,0.0000,-1.1596,0.0000,-0.1737,0.0000,-2.3316,0.0000,0.6000,-10376169.0000
17.7499,-2.1538,-0.0912,2.8139,0.4501,0,0,-2.1518,0.0000,-0.9817,0.0000,-0.1725,0.0000,-2.3340,0.0000,0.6000,-10376169.0000
17.7599,-1.8670,-0.2919,2.8785,0.4501,0,0,-2.1456,0.0000,-0.7930,0.0000,-0.1692,0.0000,-2.3227,0.0000,0.6000,-10376169.0000
17.7702,-1.8278,0.1266,2.8505,0.4502,0,0,-2.1365,0.0000,-0.6037,0.0000,-0.1657,0.0000,-2.3082,0.0000,0.6000,-10376169.0000
17.7803,-2.0894,0.4067,2.7356,0.4502,0,0,-2.1350,0.0000,-0.4249,0.0000,-0.1642,0.0000,-2.3034,0.0000,0.6000,-10376169.0000
17.7900,-1.7723,0.3097,2.7688,0.4502,0,0,-2.1210,0.0000,-0.2348,0.0000,-0.1604,0.0000,-2.2838,0.0000,0.6000,-10376169.0000
17.8000,-1.5071,0.1945,2.8181,0.4503,0,0,-2.0993,0.0000,-0.0396,0.0000,-0.1555,0.0000,-2.2552,0.0000,0.6000,-10376169.0000
17.8099,-1.6641,0.0552,2.5853,0.4503,0,0,-2.0794,0.0000,0.1502,0.0000,-0.1513,0.0000,-2.2292,0.0000,0.6000,-10376169.0000
17.8204,-1.5495,0.0840,2.6798,0.4504,0,0,-2.0545,0.0000,0.3419,0.0000,-0.1465,0.0000,-2.1976,0.0000,0.6000,-10376169.0000
17.8302,-1.7328,-0.0368,2.6338,0.4504,0,0,-2.0350,0.0000,0.5237,0.0000,-0.1432,0.0000,-2.1730,0.0000,0.6000,-10376169.0000
17.8400,-2.1033,-0.3483,2.3507,0.4504,0,0,-2.0274,0.0000,0.6894,0.0000,-0.1427,0.0000,-2.1632,0.0000,0.6000,-10376169.0000
17.8499,-2.3059,-0.1270,2.4645,0.4504,0,0,-2.0254,0.0000,0.8464,0.0000,-0.1437,0.0000,-2.1607,0.0000,0.6000,-10376169.0000
17.8599,-2.5097,0.2220,2.2342,0.4504,0,0,-2.0290,0.0000,0.9953,0.0000,-0.1462,0.0000,-2.1653,0.0000,0.6000,-10376169.0000
17.8702,-2.2444,-0.0707,2.2949,0.4504,0,0,-2.0218,0.0000,1.1547,0.0000,-0.1468,0.0000,-2.1570,0.0000,0.6000,-10376169.0000
17.8804,-1.9623,-0.0841,2.4525,0.4504,0,0,-2.0035,0.0000,1.3242,0.0000,-0.1454,0.0000,-2.1357,0.0000,0.6000,-10376169.0000
17.8899,-2.3823,0.5360,2.2532,0.4504,0,0,-1.9988,0.0000,1.4750,0.0000,-0.1472,0.0000,-2.1312,0.0000,0.6000,-10376169.0000
17.9000,-2.1590,0.5664,2.4334,0.4504,0,0,-1.9850,0.0000,1.6339,0.0000,-0.1474,0.0000,-2.1161,0.0000,0.6000,-10376169.0000
17.9100,-2.0291,0.1800,2.6085,0.4504,0,0,-1.9657,0.0000,1.7963,0.0000,-0.1467,0.0000,-2.0944,0.0000,0.6000,-10376169.0000
17.9203,-2.2387,0.4962,2.4439,0.4504,0,0,-1.9527,0.0000,1.9480,0.0000,-0.1478,0.0000,-2.0810,0.0000,0.6000,-10376169.0000
17.9302,-2.0079,0.4107,2.7155,0.4504,0,0,-1.9307,0.0000,2.1073,0.0000,-0.1472,0.0000,-2.0569,0.0000,0.6000,-10376169.0000
17.9400,-1.8704,-0.0678,2.7362,0.4504,0,0,-1.9031,0.0000,2.2694,0.0000,-0.1459,0.0000,-2.0263,0.0000,0.6000,-10376169.0000
17.9499,-1.9625,0.0086,2.8278,0.4504,0,0,-1.8782,0.0000,2.4244,0.0000,-0.1454,0.0000,-1.9994,0.0000,0.6000,-10376169.0000
17.9599,-1.9595,-0.0453,2.9393,0.4504,0,0,-1.8526,0.0000,2.5765,0.0000,-0.1452,0.0000,-1.9720,0.0000,0.6000,-10376169.0000
17.9703,-2.2010,0.0384,2.9114,0.4504,0,0,-1.8348,0.0000,2.7154,0.0000,-0.1468,0.0000,-1.9545,0.0000,0.6000,-10376169.0000
17.9802,-2.0336,0.3649,3.1041,0.4504,0,0,-1.8104,0.0000,2.8591,0.0000,-0.1474,0.0000,-1.9292,0.0000,0.6000,-10376169.0000
17.9900,-1.9367,0.0450,3.2677,0.4504,0,0,-1.7821,0.0000,3.0038,0.0000,-0.1474,0.0000,-1.8995,0.0000,0.6000,-10376169.0000
18.0000,-2.1233,0.1599,3.2344,0.4503,0,0,-1.7600,0.0000,3.1371,0.0000,-0.1490,0.0000,-1.8776,0.0000,0.6000,-10376169.0000
18.0099,-1.7670,0.5705,3.4724,0.4503,0,0,-1.7247,0.0000,3.2826,0.0000,-0.1482,0.0000,-1.8401,0.0000,0.6000,-10376169.0000
18.0203,-1.3877,0.1545,3.6713,0.4504,0,0,-1.6759,0.0000,3.4398,0.0000,-0.1450,0.0000,-1.7865,0.0000,0.6000,-10376169.0000
18.0303,-1.4468,0.2446,3.7080,0.4505,0,0,-1.6295,0.0000,3.5884,0.0000,-0.1426,0.0000,-1.7361,0.0000,0.6000,-10376169.0000
18.0400,-1.5328,0.6006,3.7336,0.4505,0,0,-1.5864,0.0000,3.7276,0.0000,-0.1411,0.0000,-1.6902,0.0000,0.6000,-10376169.0000
18.0500,-1.5374,0.0761,3.8467,0.4506,0,0,-1.5437,0.0000,3.8612,0.0000,-0.1400,0.0000,-1.6451,0.0000,0.6000,-10376169.0000
18.0600,-1.5122,-0.1822,3.8921,0.4506,0,0,-1.5004,0.0000,3.9906,0.0000,-0.1391,0.0000,-1.5995,0.0000,0.6000,-10376169.0000
18.0702,-1.7491,-0.2360,3.9676,0.4506,0,0,-1.4658,0.0000,4.1045,0.0000,-0.1401,0.0000,-1.5649,0.0000,0.6000,-10376169.0000
18.0804,-2.0161,-0.1228,3.9936,0.4505,0,0,-1.4408,0.0000,4.2026,0.0000,-0.1433,0.0000,-1.5421,0.0000,0.6000,-10376169.0000
18.0900,-2.1642,0.3265,4.0283,0.4503,0,0,-1.4210,0.0000,4.2913,0.0000,-0.1478,0.0000,-1.5258,0.0000,0.6000,-10376169.0000
18.1000,-1.9376,0.1675,4.1350,0.4502,0,0,-1.3928,0.0000,4.3874,0.0000,-0.1507,0.0000,-1.4996,0.0000,0.6000,-10376169.0000
18.1100,-1.6477,0.0130,4.3470,0.4502,0,0,-1.3542,0.0000,4.4925,0.0000,-0.1518,0.0000,-1.4610,0.0000,0.6000,-10374831.0000
18.1203,-1.8533,0.5480,4.3681,0.4501,0,0,-1.3233,0.0000,4.5839,0.0000,-0.1546,0.0000,-1.4320,0.0000,0.6000,-10374831.0000
18.1303,-1.7306,0.4819,4.5512,0.4500,0,0,-1.2882,0.0000,4.6769,0.0000,-0.1567,0.0000,-1.3981,0.0000,0.6000,-10374831.0000
18.1400,-1.4835,0.0926,4.8300,0.4500,0,0,-1.2445,0.0000,4.7762,0.0000,-0.1573,0.0000,-1.3540,0.0000,0.6000,-10374831.0000
18.1499,-1.8175,0.2132,4.8285,0.4499,0,0,-1.2134,0.0000,4.8557,0.0000,-0.1606,0.0000,-1.3254,0.0000,0.6000,-10374831.0000
18.1599,-1.7582,0.0146,5.0067,0.4498,0,0,-1.1804,0.0000,4.9340,0.0000,-0.1636,0.0000,-1.2947,0.0000,0.6000,-10374831.0000
18.1703,-1.7869,-0.2038,5.2075,0.4497,0,0,-1.1488,0.0000,5.0071,0.0000,-0.1671,0.0000,-1.2658,0.0000,0.6000,-10374831.0000
18.1803,-1.8094,-0.0269,5.1994,0.4495,0,0,-1.1183,0.0000,5.0754,0.0000,-0.1709,0.0000,-1.2384,0.0000,0.6000,-10374831.0000
18.1900,-1.6720,-0.2542,5.4325,0.4494,0,0,-1.0832,0.0000,5.1460,0.0000,-0.1739,0.0000,-1.2057,0.0000,0.6000,-10374831.0000
18.2000,-1.7906,0.1070,5.5282,0.4493,0,0,-1.0528,0.0000,5.2072,0.0000,-0.1780,0.0000,-1.1788,0.0000,0.6000,-10374831.0000
18.2099,-1.8483,0.4847,5.6142,0.4491,0,0,-1.0250,0.0000,5.2625,0.0000,-0.1827,0.0000,-1.1550,0.0000,0.6000,-10374831.0000
18.2204,-1.4865,0.0439,5.9399,0.4490,0,0,-0.9843,0.0000,5.3299,0.0000,-0.1850,0.0000,-1.1160,0.0000,0.6000,-10374831.0000
18.2302,-1.5154,0.2309,6.0207,0.4489,0,0,-0.9454,0.0000,5.3913,0.0000,-0.1878,0.0000,-1.0794,0.0000,0.6000,-10374831.0000
18.2400,-1.5805,0.6940,6.0930,0.4488,0,0,-0.9097,0.0000,5.4452,0.0000,-0.1913,0.0000,-1.0465,0.0000,0.6000,-10374831.0000
18.2500,-1.3068,0.1154,6.3947,0.4487,0,0,-0.8646,0.0000,5.5065,0.0000,-0.1931,0.0000,-1.0027,0.0000,0.6000,-10374831.0000
18.2600,-1.2400,0.0542,6.3811,0.4487,0,0,-0.8182,0.0000,5.5652,0.0000,-0.1948,0.0000,-0.9573,0.0000,0.6000,-10374831.0000
18.2703,-1.3996,0.3293,6.4822,0.4485,0,0,-0.7785,0.0000,5.6116,0.0000,-0.1978,0.0000,-0.9202,0.0000,0.6000,-10374831.0000
18.2804,-1.4076,0.0711,6.5982,0.4484,0,0,-0.7401,0.0000,5.6530,0.0000,-0.2012,0.0000,-0.8847,0.0000,0.6000,-10374831.0000
18.2899,-1.4043,-0.2115,6.6298,0.4483,0,0,-0.7024,0.0000,5.6900,0.0000,-0.2048,0.0000,-0.8502,0.0000,0.6000,-10374831.0000
18.3000,-1.1485,-0.1568,6.8221,0.4482,0,0,-0.6563,0.0000,5.7334,0.0000,-0.2068,0.0000,-0.8057,0.0000,0.6000,-10374831.0000
18.3099,-0.9610,-0.0849,7.0106,0.4482,0,0,-0.6046,0.0000,5.7790,0.0000,-0.2079,0.0000,-0.7546,0.0000,0.6000,-10374831.0000
18.3202,-0.7278,0.2717,7.1187,0.4482,0,0,-0.5458,0.0000,5.8280,0.0000,-0.2077,0.0000,-0.6952,0.0000,0.6000,-10374831.0000
18.3302,-0.3735,0.4621,7.3856,0.4483,0,0,-0.4759,0.0000,5.8845,0.0000,-0.2055,0.0000,-0.6225,0.0000,0.6000,-10374831.0000
18.3401,-0.5718,0.2516,7.2610,0.4483,0,0,-0.4152,0.0000,5.9243,0.0000,-0.2051,0.0000,-0.5611,0.0000,0.6000,-10374831.0000
18.3499,-0.7908,0.4013,7.2116,0.4482,0,0,-0.3643,0.0000,5.9479,0.0000,-0.2067,0.0000,-0.5115,0.0000,0.6000,-10374831.0000
18.3600,-0.6107,0.4996,7.3029,0.4482,0,0,-0.3084,0.0000,5.9728,0.0000,-0.2074,0.0000,-0.4560,0.0000,0.6000,-10374831.0000
18.3702,-0.5583,-0.0801,7.2658,0.4482,0,0,-0.2523,0.0000,5.9932,0.0000,-0.2081,0.0000,-0.4005,0.0000,0.6000,-10374831.0000
18.3803,-0.3648,-0.1740,7.3720,0.4482,0,0,-0.1911,0.0000,6.0146,0.0000,-0.2078,0.0000,-0.3388,0.0000,0.6000,-10374831.0000
18.3900,-0.3594,0.1794,7.3455,0.4482,0,0,-0.1317,0.0000,6.0289,0.0000,-0.2080,0.0000,-0.2794,0.0000,0.6000,-10374831.0000
18.4000,-0.3341,-0.0121,7.2836,0.4482,0,0,-0.0734,0.0000,6.0372,0.0000,-0.2083,0.0000,-0.2214,0.0000,0.6000,-10374831.0000
18.4099,0.0775,-0.0367,7.4813,0.4482,0,0,-0.0050,0.0000,6.0517,0.0000,-0.2068,0.0000,-0.1514,0.0000,0.6000,-10374831.0000
18.4204,-0.1000,0.5001,7.3250,0.4482,0,0,0.0573,0.0000,6.0541,0.0000,-0.2065,0.0000,-0.0886,0.0000,0.6000,-10374831.0000
18.4302,-0.1928,0.6623,7.1490,0.4482,0,0,0.1141,0.0000,6.0455,0.0000,-0.2072,0.0000,-0.0326,0.0000,0.6000,-10374831.0000
18.4400,0.3687,0.3362,7.2857,0.4482,0,0,0.1890,0.0000,6.0519,0.0000,-0.2045,0.0000,0.0450,0.0000,0.6000,-10374831.0000
18.4500,0.2411,0.3119,7.0635,0.4483,0,0,0.2566,0.0000,6.0445,0.0000,-0.2032,0.0000,0.1139,0.0000,0.6000,-10374831.0000
18.4599,0.4311,0.4415,7.0150,0.4484,0,0,0.3284,0.0000,6.0362,0.0000,-0.2011,0.0000,0.1877,0.0000,0.6000,-10374831.0000
18.4703,0.7542,0.1705,7.2066,0.4485,0,0,0.4091,0.0000,6.0315,0.0000,-0.1973,0.0000,0.2722,0.0000,0.6000,-10374831.0000
18.4804,0.6737,0.1063,6.9473,0.4486,0,0,0.4839,0.0000,6.0141,0.0000,-0.1946,0.0000,0.3494,0.0000,0.6000,-10374831.0000
18.4899,0.8250,0.0726,6.9971,0.4487,0,0,0.5610,0.0000,5.9933,0.0000,-0.1914,0.0000,0.4296,0.0000,0.6000,-10374831.0000
18.4999,0.7149,0.0098,6.7842,0.4487,0,0,0.6312,0.0000,5.9593,0.0000,-0.1895,0.0000,0.5013,0.0000,0.6000,-10374831.0000
18.5099,0.6941,0.3402,6.5671,0.4488,0,0,0.6977,0.0000,5.9162,0.0000,-0.1882,0.0000,0.5686,0.0000,0.6000,-10374831.0000
18.5202,1.0463,0.2454,6.7461,0.4488,0,0,0.7739,0.0000,5.8782,0.0000,-0.1850,0.0000,0.6477,0.0000,0.6000,-10374831.0000
18.5302,0.8543,0.4316,6.5084,0.4489,0,0,0.8400,0.0000,5.8241,0.0000,-0.1836,0.0000,0.7146,0.0000,0.6000,-10374831.0000
18.5400,0.9844,0.9073,6.4481,0.4489,0,0,0.9079,0.0000,5.7670,0.0000,-0.1818,0.0000,0.7837,0.0000,0.6000,-10374831.0000
18.5500,1.4819,0.5833,6.5917,0.4491,0,0,0.9904,0.0000,5.7198,0.0000,-0.1772,0.0000,0.8704,0.0000,0.6000,-10374831.0000
18.5599,1.4076,0.1936,6.1849,0.4491,0,0,1.0666,0.0000,5.6600,0.0000,-0.1736,0.0000,0.9497,0.0000,0.6000,-10374831.0000
18.5703,1.2509,0.5611,6.0846,0.4492,0,0,1.1339,0.0000,5.5857,0.0000,-0.1716,0.0000,1.0182,0.0000,0.6000,-10374831.0000
18.5802,1.3267,0.3582,5.9679,0.4493,0,0,1.2007,0.0000,5.5062,0.0000,-0.1695,0.0000,1.0862,0.0000,0.6000,-10374831.0000
18.5900,1.3950,-0.1059,5.8104,0.4493,0,0,1.2667,0.0000,5.4213,0.0000,-0.1674,0.0000,1.1534,0.0000,0.6000,-10374831.0000
18.6000,1.6036,0.2337,5.8199,0.4494,0,0,1.3368,0.0000,5.3360,0.0000,-0.1644,0.0000,1.2257,0.0000,0.6000,-10374831.0000
18.6099,1.4322,0.5194,5.5787,0.4494,0,0,1.3974,0.0000,5.2365,0.0000,-0.1630,0.0000,1.2867,0.0000,0.6000,-10374831.0000
18.6203,1.4731,0.4164,5.4124,0.4494,0,0,1.4563,0.0000,5.1315,0.0000,-0.1618,0.0000,1.3458,0.0000,0.6000,-10374831.0000
18.6302,1.7631,0.4460,5.3901,0.4495,0,0,1.5223,0.0000,5.0297,0.0000,-0.1590,0.0000,1.4136,0.0000,0.6000,-10374831.0000
18.6400,1.3836,0.5400,5.0798,0.4495,0,0,1.5716,0.0000,4.9072,0.0000,-0.1592,0.0000,1.4614,0.0000,0.6000,-10374831.0000
18.6499,1.4605,0.7213,5.0026,0.4495,0,0,1.6206,0.0000,4.7819,0.0000,-0.1592,0.0000,1.5092,0.0000,0.6000,-10374831.0000
18.6599,1.8993,0.6829,5.1383,0.4495,0,0,1.6821,0.0000,4.6658,0.0000,-0.1566,0.0000,1.5721,0.0000,0.6000,-10374831.0000
18.6702,1.8573,0.5520,4.8926,0.4495,0,0,1.7387,0.0000,4.5412,0.0000,-0.1547,0.0000,1.6294,0.0000,0.6000,-10374831.0000
18.6804,1.9080,0.5969,4.8384,0.4496,0,0,1.7938,0.0000,4.4118,0.0000,-0.1528,0.0000,1.6851,0.0000,0.6000,-10374831.0000
18.6900,1.8885,0.5660,4.6708,0.4496,0,0,1.8450,0.0000,4.2755,0.0000,-0.1514,0.0000,1.7363,0.0000,0.6000,-10374831.0000
18.7000,1.6534,0.1883,4.3771,0.4496,0,0,1.8849,0.0000,4.1255,0.0000,-0.1520,0.0000,1.7741,0.0000,0.6000,-10374831.0000
18.7099,1.7899,0.1102,4.3699,0.4496,0,0,1.9267,0.0000,3.9756,0.0000,-0.1519,0.0000,1.8146,0.0000,0.6000,-10374831.0000
18.7203,1.5151,0.5158,4.1733,0.4496,0,0,1.9561,0.0000,3.8119,0.0000,-0.1539,0.0000,1.8403,0.0000,0.6000,-10374831.0000
18.7302,1.4406,0.6539,4.0035,0.4495,0,0,1.9803,0.0000,3.6425,0.0000,-0.1566,0.0000,1.8601,0.0000,0.6000,-10374831.0000
18.7400,1.9274,0.5049,4.1793,0.4495,0,0,2.0191,0.0000,3.4867,0.0000,-0.1562,0.0000,1.8978,0.0000,0.6000,-10374831.0000
18.7500,1.5828,0.8522,3.8924,0.4495,0,0,2.0431,0.0000,3.3151,0.0000,-0.1583,0.0000,1.9179,0.0000,0.6000,-10374831.0000
18.7600,1.4474,1.0084,3.6621,0.4495,0,0,2.0600,0.0000,3.1364,0.0000,-0.1615,0.0000,1.9298,0.0000,0.6000,-10374831.0000
18.7702,1.7943,0.5780,3.7478,0.4495,0,0,2.0866,0.0000,2.9675,0.0000,-0.1624,0.0000,1.9539,0.0000,0.6000,-10374831.0000
18.7802,1.6344,0.4811,3.4948,0.4495,0,0,2.1053,0.0000,2.7904,0.0000,-0.1646,0.0000,1.9686,0.0000,0.6000,-10374831.0000
18.7900,1.5444,0.4301,3.3878,0.4495,0,0,2.1186,0.0000,2.6082,0.0000,-0.1675,0.0000,1.9771,0.0000,0.6000,-10374831.0000
18.7999,1.5130,0.2894,3.3441,0.4495,0,0,2.1287,0.0000,2.4235,0.0000,-0.1707,0.0000,1.9822,0.0000,0.6000,-10374831.0000
18.8099,1.3544,0.4736,3.0974,0.4495,0,0,2.1313,0.0000,2.2324,0.0000,-0.1750,0.0000,1.9786,0.0000,0.6000,-10374831.0000
18.8204,1.6524,0.1035,3.1738,0.4495,0,0,2.1424,0.0000,2.0514,0.0000,-0.1773,0.0000,1.9857,0.0000,0.6000,-10374831.0000
18.8303,1.3857,0.2218,2.9928,0.4495,0,0,2.1423,0.0000,1.8600,0.0000,-0.1814,0.0000,1.9795,0.0000,0.6000,-10374831.0000
18.8400,1.0218,0.9452,2.7202,0.4495,0,0,2.1369,0.0000,1.6651,0.0000,-0.1863,0.0000,1.9672,0.0000,0.6000,-10374831.0000
18.8500,1.3977,0.6416,2.9003,0.4495,0,0,2.1340,0.0000,1.4750,0.0000,-0.1902,0.0000,1.9585,0.0000,0.6000,-10374831.0000
18.8599,1.4952,0.4082,2.7670,0.4495,0,0,2.1328,0.0000,1.2887,0.0000,-0.1935,0.0000,1.9522,0.0000,0.6000,-10374831.0000
18.8702,1.2681,0.7089,2.6453,0.4495,0,0,2.1222,0.0000,1.0947,0.0000,-0.1982,0.0000,1.9349,0.0000,0.6000,-10374831.0000
18.8804,1.3159,0.4785,2.6951,0.4495,0,0,2.1119,0.0000,0.9036,0.0000,-0.2026,0.0000,1.9184,0.0000,0.6000,-10374831.0000
18.8900,1.3115,0.1841,2.6155,0.4496,0,0,2.1001,0.0000,0.7137,0.0000,-0.2068,0.0000,1.9005,0.0000,0.6000,-10374831.0000
18.9000,1.3815,0.1506,2.5896,0.4496,0,0,2.0894,0.0000,0.5276,0.0000,-0.2104,0.0000,1.8843,0.0000,0.6000,-10374831.0000
18.9100,1.4540,0.0889,2.5950,0.4496,0,0,2.0799,0.0000,0.3455,0.0000,-0.2134,0.0000,1.8699,0.0000,0.6000,-10374831.0000
18.9203,1.1537,0.4224,2.4347,0.4496,0,0,2.0593,0.0000,0.1543,0.0000,-0.2184,0.0000,1.8425,0.0000,0.6000,-10374831.0000
18.9302,1.1964,0.7918,2.4914,0.4497,0,0,2.0387,0.0000,-0.0336,0.0000,-0.2229,0.0000,1.8154,0.0000,0.6000,-10374831.0000
18.9400,1.1171,0.6253,2.5183,0.4497,0,0,2.0143,0.0000,-0.2219,0.0000,-0.2278,0.0000,1.7842,0.0000,0.6000,-10374831.0000
18.9500,1.2401,0.8427,2.5278,0.4498,0,0,1.9934,0.0000,-0.4027,0.0000,-0.2317,0.0000,1.7576,0.0000,0.6000,-10374831.0000
18.9599,1.8658,1.0831,2.8252,0.4498,0,0,1.9930,0.0000,-0.5579,0.0000,-0.2309,0.0000,1.7565,0.0000,0.6000,-10374831.0000
18.9703,2.3330,0.4221,2.8675,0.4497,0,0,2.0073,0.0000,-0.6956,0.0000,-0.2268,0.0000,1.7735,0.0000,0.6000,-10374831.0000
18.9802,2.3781,0.1405,2.9758,0.4497,0,0,2.0212,0.0000,-0.8332,0.0000,-0.2226,0.0000,1.7904,0.0000,0.6000,-10374831.0000
18.9900,1.9192,0.3707,2.9005,0.4497,0,0,2.0174,0.0000,-0.9896,0.0000,-0.2216,0.0000,1.7858,0.0000,0.6000,-10374831.0000
19.0000,1.2452,0.2604,2.7149,0.4497,0,0,1.9888,0.0000,-1.1713,0.0000,-0.2255,0.0000,1.7516,0.0000,0.6000,-10374831.0000
19.0099,1.4040,0.1680,2.7587,0.4498,0,0,1.9650,0.0000,-1.3434,0.0000,-0.2280,0.0000,1.7237,0.0000,0.6000,-10374831.0000
19.0204,1.5089,0.3813,2.8603,0.4498,0,0,1.9442,0.0000,-1.5086,0.0000,-0.2295,0.0000,1.6996,0.0000,0.6000,-10374831.0000
19.0303,1.3502,0.5873,2.7289,0.4498,0,0,1.9170,0.0000,-1.6774,0.0000,-0.2320,0.0000,1.6682,0.0000,0.6000,-10374831.0000
19.0400,1.7541,0.6399,3.0295,0.4498,0,0,1.9032,0.0000,-1.8272,0.0000,-0.2314,0.0000,1.6535,0.0000,0.6000,-10374831.0000
19.0500,2.0035,0.5308,3.0027,0.4498,0,0,1.8971,0.0000,-1.9655,0.0000,-0.2289,0.0000,1.6485,0.0000,0.6000,-10374831.0000
19.0599,1.6330,0.3862,3.0035,0.4498,0,0,1.8769,0.0000,-2.1176,0.0000,-0.2290,0.0000,1.6267,0.0000,0.6000,-10374831.0000
19.0703,1.3300,0.4580,2.8917,0.4498,0,0,1.8454,0.0000,-2.2793,0.0000,-0.2311,0.0000,1.5915,0.0000,0.6000,-10372243.0000
19.0804,1.0361,0.4919,2.8356,0.4499,0,0,1.8032,0.0000,-2.4489,0.0000,-0.2351,0.0000,1.5436,0.0000,0.6000,-10372243.0000
19.0899,1.0717,0.0226,2.8905,0.4500,0,0,1.7622,0.0000,-2.6120,0.0000,-0.2384,0.0000,1.4977,0.0000,0.6000,-10372243.0000
19.1000,1.3286,0.0322,3.1131,0.4500,0,0,1.7302,0.0000,-2.7597,0.0000,-0.2396,0.0000,1.4629,0.0000,0.6000,-10372243.0000
19.1100,1.2430,0.4573,3.0730,0.4500,0,0,1.6949,0.0000,-2.9069,0.0000,-0.2412,0.0000,1.4246,0.0000,0.6000,-10372243.0000
19.1202,1.4176,0.2926,3.2192,0.4500,0,0,1.6656,0.0000,-3.0428,0.0000,-0.2413,0.0000,1.3939,0.0000,0.6000,-10372243.0000
19.1302,1.5707,0.2806,3.4040,0.4500,0,0,1.6413,0.0000,-3.1687,0.0000,-0.2400,0.0000,1.3697,0.0000,0.6000,-10372243.0000
19.1400,1.1977,0.7645,3.3181,0.4500,0,0,1.6036,0.0000,-3.3070,0.0000,-0.2412,0.0000,1.3293,0.0000,0.6000,-10372243.0000
19.1499,1.2050,0.5751,3.3596,0.4501,0,0,1.5662,0.0000,-3.4403,0.0000,-0.2421,0.0000,1.2896,0.0000,0.6000,-10372243.0000
19.1600,1.5298,0.4595,3.5980,0.4500,0,0,1.5402,0.0000,-3.5556,0.0000,-0.2404,0.0000,1.2643,0.0000,0.6000,-10372243.0000
19.1703,1.6787,0.3930,3.6444,0.4499,0,0,1.5193,0.0000,-3.6616,0.0000,-0.2374,0.0000,1.2452,0.0000,0.6000,-10372243.0000
19.1800,1.6980,0.0193,3.7977,0.4499,0,0,1.4987,0.0000,-3.7642,0.0000,-0.2342,0.0000,1.2268,0.0000,0.6000,-10372243.0000
19.1902,1.4668,0.2010,3.8404,0.4498,0,0,1.4696,0.0000,-3.8739,0.0000,-0.2325,0.0000,1.1983,0.0000,0.6000,-10372243.0000
19.2000,1.1718,0.3776,3.7983,0.4498,0,0,1.4299,0.0000,-3.9924,0.0000,-0.2327,0.0000,1.1573,0.0000,0.6000,-10372243.0000
19.2099,1.5187,-0.0535,4.0109,0.4497,0,0,1.4028,0.0000,-4.0915,0.0000,-0.2301,0.0000,1.1317,0.0000,0.6000,-10372243.0000
19.2203,1.5026,0.1663,4.1986,0.4497,0,0,1.3750,0.0000,-4.1880,0.0000,-0.2275,0.0000,1.1057,0.0000,0.6000,-10372243.0000
19.2300,1.2254,0.8404,4.1457,0.4496,0,0,1.3374,0.0000,-4.2927,0.0000,-0.2266,0.0000,1.0679,0.0000,0.6000,-10372243.0000
19.2402,1.4225,0.6361,4.4392,0.4496,0,0,1.3071,0.0000,-4.3845,0.0000,-0.2241,0.0000,1.0392,0.0000,0.6000,-10372243.0000
19.2500,1.5083,0.5187,4.6078,0.4495,0,0,1.2800,0.0000,-4.4691,0.0000,-0.2208,0.0000,1.0145,0.0000,0.6000,-10372243.0000
19.2600,1.3072,0.7086,4.6407,0.4494,0,0,1.2458,0.0000,-4.5589,0.0000,-0.2187,0.0000,0.9814,0.0000,0.6000,-10372243.0000
19.2702,1.3805,0.4335,4.8534,0.4493,0,0,1.2144,0.0000,-4.6414,0.0000,-0.2159,0.0000,0.9521,0.0000,0.6000,-10372243.0000
19.2800,1.4992,0.0714,5.0622,0.4492,0,0,1.1876,0.0000,-4.7152,0.0000,-0.2121,0.0000,0.9284,0.0000,0.6000,-10372243.0000
19.2907,1.3821,0.1490,5.1229,0.4491,0,0,1.1567,0.0000,-4.7908,0.0000,-0.2089,0.0000,0.8999,0.0000,0.6000,-10372243.0000
19.2999,1.4189,0.1860,5.3936,0.4490,0,0,1.1274,0.0000,-4.8611,0.0000,-0.2052,0.0000,0.8735,0.0000,0.6000,-10372243.0000
19.3100,1.1408,0.4739,5.4193,0.4489,0,0,1.0883,0.0000,-4.9396,0.0000,-0.2034,0.0000,0.8356,0.0000,0.6000,-10372243.0000
19.3202,1.3124,0.6918,5.6132,0.4488,0,0,1.0560,0.0000,-5.0062,0.0000,-0.2000,0.0000,0.8059,0.0000,0.6000,-10372243.0000
19.3300,1.3398,0.4143,5.8465,0.4487,0,0,1.0251,0.0000,-5.0679,0.0000,-0.1963,0.0000,0.7782,0.0000,0.6000,-10372243.0000
19.3403,1.0717,0.6032,5.8584,0.4486,0,0,0.9850,0.0000,-5.1371,0.0000,-0.1942,0.0000,0.7394,0.0000,0.6000,-10372243.0000
19.3500,1.2591,0.7922,6.1312,0.4485,0,0,0.9523,0.0000,-5.1937,0.0000,-0.1906,0.0000,0.7097,0.0000,0.6000,-10372243.0000
19.3600,1.3461,0.1288,6.2927,0.4484,0,0,0.9232,0.0000,-5.2429,0.0000,-0.1862,0.0000,0.6846,0.0000,0.6000,-10372243.0000
19.3702,1.3316,0.0925,6.4128,0.4482,0,0,0.8941,0.0000,-5.2894,0.0000,-0.1817,0.0000,0.6595,0.0000,0.6000,-10372243.0000
19.3800,0.9974,0.3573,6.6125,0.4481,0,0,0.8533,0.0000,-5.3463,0.0000,-0.1793,0.0000,0.6205,0.0000,0.6000,-10372243.0000
19.3903,0.4494,0.0321,6.4898,0.4482,0,0,0.7937,0.0000,-5.4210,0.0000,-0.1805,0.0000,0.5590,0.0000,0.6000,-10372243.0000
19.4000,0.5202,0.0609,6.7086,0.4482,0,0,0.7381,0.0000,-5.4856,0.0000,-0.1808,0.0000,0.5024,0.0000,0.6000,-10372243.0000
19.4100,0.2320,0.4902,6.7333,0.4482,0,0,0.6735,0.0000,-5.5552,0.0000,-0.1827,0.0000,0.4353,0.0000,0.6000,-10372243.0000
19.4203,0.2566,0.5892,6.7250,0.4483,0,0,0.6115,0.0000,-5.6159,0.0000,-0.1839,0.0000,0.3715,0.0000,0.6000,-10372243.0000
19.4299,0.7215,0.4386,7.1846,0.4482,0,0,0.5680,0.0000,-5.6502,0.0000,-0.1815,0.0000,0.3300,0.0000,0.6000,-10372243.0000
19.4402,0.4198,0.4129,7.1004,0.4482,0,0,0.5147,0.0000,-5.6916,0.0000,-0.1809,0.0000,0.2769,0.0000,0.6000,-10372243.0000
19.4500,0.2396,0.3747,7.1462,0.4482,0,0,0.4564,0.0000,-5.7339,0.0000,-0.1811,0.0000,0.2180,0.0000,0.6000,-10372243.0000
19.4600,0.1828,0.0176,7.4036,0.4482,0,0,0.3978,0.0000,-5.7715,0.0000,-0.1814,0.0000,0.1587,0.0000,0.6000,-10372243.0000
19.4702,-0.0775,0.0236,7.2014,0.4482,0,0,0.3344,0.0000,-5.8094,0.0000,-0.1825,0.0000,0.0939,0.0000,0.6000,-10372243.0000
19.4800,-0.1275,0.1251,7.3163,0.4482,0,0,0.2683,0.0000,-5.8447,0.0000,-0.1840,0.0000,0.0259,0.0000,0.6000,-10372243.0000
19.4906,-0.3881,0.0777,7.2719,0.4483,0,0,0.1950,0.0000,-5.8824,0.0000,-0.1868,0.0000,-0.0506,0.0000,0.6000,-10372243.0000
19.5000,-0.4138,0.0808,7.1616,0.4484,0,0,0.1231,0.0000,-5.9121,0.0000,-0.1893,0.0000,-0.1252,0.0000,0.6000,-10372243.0000
19.5100,-0.0177,-0.0022,7.5128,0.4484,0,0,0.0685,0.0000,-5.9170,0.0000,-0.1884,0.0000,-0.1791,0.0000,0.6000,-10372243.0000
19.5202,-0.3381,0.1170,7.2569,0.4485,0,0,0.0036,0.0000,-5.9286,0.0000,-0.1895,0.0000,-0.2451,0.0000,0.6000,-10372243.0000
19.5300,-0.4427,0.4339,7.2944,0.4485,0,0,-0.0628,0.0000,-5.9366,0.0000,-0.1908,0.0000,-0.3129,0.0000,0.6000,-10372243.0000
19.5402,-0.3765,0.2781,7.4260,0.4485,0,0,-0.1244,0.0000,-5.9340,0.0000,-0.1913,0.0000,-0.3750,0.0000,0.6000,-10372243.0000
19.5500,-0.7261,0.0171,7.1673,0.4486,0,0,-0.1963,0.0000,-5.9376,0.0000,-0.1936,0.0000,-0.4493,0.0000,0.6000,-10372243.0000
19.5600,-0.7440,0.3773,7.2619,0.4486,0,0,-0.2662,0.0000,-5.9332,0.0000,-0.1956,0.0000,-0.5212,0.0000,0.6000,-10372243.0000
19.5702,-0.8593,0.2673,7.1639,0.4487,0,0,-0.3377,0.0000,-5.9248,0.0000,-0.1979,0.0000,-0.5948,0.0000,0.6000,-10372243.0000
19.5800,-0.9037,-0.4671,7.0249,0.4488,0,0,-0.4080,0.0000,-5.9095,0.0000,-0.2000,0.0000,-0.6670,0.0000,0.6000,-10372243.0000
19.5902,-0.8966,-0.3182,7.2696,0.4488,0,0,-0.4753,0.0000,-5.8856,0.0000,-0.2015,0.0000,-0.7356,0.0000,0.6000,-10372243.0000
19.6000,-1.3533,0.2085,6.9905,0.4489,0,0,-0.5562,0.0000,-5.8707,0.0000,-0.2057,0.0000,-0.8206,0.0000,0.6000,-10372243.0000
19.6099,-1.3301,0.0632,6.9959,0.4490,0,0,-0.6330,0.0000,-5.8453,0.0000,-0.2091,0.0000,-0.9006,0.0000,0.6000,-10372243.0000
19.6204,-1.1190,0.2906,7.1378,0.4491,0,0,-0.6993,0.0000,-5.8029,0.0000,-0.2106,0.0000,-0.9679,0.0000,0.6000,-10372243.0000
19.6299,-1.6524,0.6679,6.7059,0.4492,0,0,-0.7816,0.0000,-5.7721,0.0000,-0.2152,0.0000,-1.0545,0.0000,0.6000,-10372243.0000
19.6402,-1.3827,0.4307,6.7598,0.4493,0,0,-0.8510,0.0000,-5.7217,0.0000,-0.2174,0.0000,-1.1256,0.0000,0.6000,-10372243.0000
19.6500,-1.0367,-0.0266,6.7586,0.4492,0,0,-0.9051,0.0000,-5.6507,0.0000,-0.2168,0.0000,-1.1784,0.0000,0.6000,-10372243.0000
19.6600,-1.3971,-0.1460,6.3909,0.4493,0,0,-0.9693,0.0000,-5.5863,0.0000,-0.2183,0.0000,-1.2435,0.0000,0.6000,-10372243.0000
19.6703,-1.4379,-0.1418,6.4388,0.4493,0,0,-1.0321,0.0000,-5.5160,0.0000,-0.2196,0.0000,-1.3068,0.0000,0.6000,-10372243.0000
19.6800,-1.7466,-0.1430,6.1550,0.4494,0,0,-1.1028,0.0000,-5.4493,0.0000,-0.2225,0.0000,-1.3798,0.0000,0.6000,-10372243.0000
19.6906,-1.8690,-0.0635,5.9494,0.4495,0,0,-1.1746,0.0000,-5.3785,0.0000,-0.2258,0.0000,-1.4541,0.0000,0.6000,-10372243.0000
19.6999,-1.7215,-0.1636,6.0025,0.4495,0,0,-1.2378,0.0000,-5.2941,0.0000,-0.2276,0.0000,-1.5183,0.0000,0.6000,-10372243.0000
19.7100,-2.1185,0.1606,5.6566,0.4496,0,0,-1.3118,0.0000,-5.2162,0.0000,-0.2316,0.0000,-1.5956,0.0000,0.6000,-10372243.0000
19.7202,-1.9536,0.5700,5.6769,0.4496,0,0,-1.3766,0.0000,-5.1239,0.0000,-0.2340,0.0000,-1.6619,0.0000,0.6000,-10372243.0000
19.7300,-1.8804,0.2662,5.7053,0.4497,0,0,-1.4355,0.0000,-5.0215,0.0000,-0.2355,0.0000,-1.7212,0.0000,0.6000,-10372243.0000
19.7403,-2.2248,0.3133,5.3277,0.4497,0,0,-1.5034,0.0000,-4.9242,0.0000,-0.2389,0.0000,-1.7915,0.0000,0.6000,-10372243.0000
19.7500,-2.0303,0.6086,5.3379,0.4498,0,0,-1.5610,0.0000,-4.8123,0.0000,-0.2405,0.0000,-1.8496,0.0000,0.6000,-10372243.0000
19.7600,-2.0170,-0.0061,5.1313,0.4498,0,0,-1.6150,0.0000,-4.6933,0.0000,-0.2416,0.0000,-1.9035,0.0000,0.6000,-10372243.0000
19.7702,-2.0582,-0.2731,4.8708,0.4498,0,0,-1.6673,0.0000,-4.5696,0.0000,-0.2427,0.0000,-1.9557,0.0000,0.6000,-10372243.0000
19.7800,-2.2033,0.1259,4.8407,0.4498,0,0,-1.7216,0.0000,-4.4447,0.0000,-0.2443,0.0000,-2.0104,0.0000,0.6000,-10372243.0000
19.7902,-2.5161,0.0146,4.5493,0.4499,0,0,-1.7837,0.0000,-4.3242,0.0000,-0.2478,0.0000,-2.0747,0.0000,0.6000,-10372243.0000
19.8000,-2.2633,-0.1622,4.5624,0.4499,0,0,-1.8335,0.0000,-4.1881,0.0000,-0.2490,0.0000,-2.1244,0.0000,0.6000,-10372243.0000
19.8100,-2.2765,0.1332,4.4732,0.4499,0,0,-1.8807,0.0000,-4.0466,0.0000,-0.2501,0.0000,-2.1712,0.0000,0.6000,-10372243.0000
19.8203,-2.5357,0.4094,4.0775,0.4499,0,0,-1.9338,0.0000,-3.9086,0.0000,-0.2525,0.0000,-2.2254,0.0000,0.6000,-10372243.0000
19.8300,-2.1322,0.2927,4.2138,0.4499,0,0,-1.9696,0.0000,-3.7509,0.0000,-0.2519,0.0000,-2.2590,0.0000,0.6000,-10372243.0000
19.8402,-1.9776,0.0574,4.0839,0.4499,0,0,-1.9974,0.0000,-3.5841,0.0000,-0.2500,0.0000,-2.2832,0.0000,0.6000,-10372243.0000
19.8500,-2.1980,-0.1442,3.8354,0.4499,0,0,-2.0303,0.0000,-3.4216,0.0000,-0.2494,0.0000,-2.3139,0.0000,0.6000,-10372243.0000
19.8600,-1.9795,-0.1072,3.9179,0.4499,0,0,-2.0530,0.0000,-3.2482,0.0000,-0.2471,0.0000,-2.3326,0.0000,0.6000,-10372243.0000
19.8702,-2.0534,-0.2469,3.6545,0.4499,0,0,-2.0758,0.0000,-3.0749,0.0000,-0.2452,0.0000,-2.3518,0.0000,0.6000,-10372243.0000
19.8800,-2.0118,-0.7018,3.5380,0.4498,0,0,-2.0948,0.0000,-2.8976,0.0000,-0.2429,0.0000,-2.3667,0.0000,0.6000,-10372243.0000
19.8907,-2.2057,-0.3756,3.4917,0.4498,0,0,-2.1183,0.0000,-2.7249,0.0000,-0.2418,0.0000,-2.3873,0.0000,0.6000,-10372243.0000
19.8999,-2.6206,0.5066,3.1332,0.4498,0,0,-2.1535,0.0000,-2.5635,0.0000,-0.2434,0.0000,-2.4226,0.0000,0.6000,-10372243.0000
19.9100,-2.2345,0.3238,3.3068,0.4498,0,0,-2.1727,0.0000,-2.3851,0.0000,-0.2421,0.0000,-2.4387,0.0000,0.6000,-10372243.0000
19.9202,-2.1503,0.1218,3.2454,0.4498,0,0,-2.1866,0.0000,-2.2018,0.0000,-0.2401,0.0000,-2.4488,0.0000,0.6000,-10372243.0000
19.9300,-2.3534,0.6009,3.0876,0.4498,0,0,-2.2054,0.0000,-2.0238,0.0000,-0.2395,0.0000,-2.4651,0.0000,0.6000,-10372243.0000
19.9402,-1.8324,0.2687,3.3030,0.4498,0,0,-2.2039,0.0000,-1.8261,0.0000,-0.2351,0.0000,-2.4572,0.0000,0.6000,-10372243.0000
19.9500,-1.7694,0.0296,3.1831,0.4498,0,0,-2.1985,0.0000,-1.6265,0.0000,-0.2303,0.0000,-2.4451,0.0000,0.6000,-10372243.0000
19.9599,-1.9752,0.5486,3.0035,0.4498,0,0,-2.1987,0.0000,-1.4347,0.0000,-0.2271,0.0000,-2.4401,0.0000,0.6000,-10372243.0000
19.9702,-1.9897,0.1673,3.0185,0.4499,0,0,-2.1975,0.0000,-1.2434,0.0000,-0.2239,0.0000,-2.4339,0.0000,0.6000,-10372243.0000
19.9800,-2.0084,-0.1525,2.8858,0.4499,0,0,-2.1954,0.0000,-1.0531,0.0000,-0.2210,0.0000,-2.4269,0.0000,0.6000,-10372243.0000
19.9902,-1.9295,-0.0063,2.9132,0.4499,0,0,-2.1888,0.0000,-0.8603,0.0000,-0.2175,0.0000,-2.4149,0.0000,0.6000,-10372243.0000
20.0000,-1.8302,-0.2531,2.9328,0.4499,0,0,-2.1774,0.0000,-0.6648,0.0000,-0.2134,0.0000,-2.3974,0.0000,0.6000,-10372243.0000
20.0100,-1.9081,0.0103,2.8021,0.4499,0,0,-2.1672,0.0000,-0.4735,0.0000,-0.2100,0.0000,-2.3819,0.0000,0.6000,-10372243.0000
20.0204,-1.7367,0.1340,2.8779,0.4500,0,0,-2.1498,0.0000,-0.2774,0.0000,-0.2055,0.0000,-2.3580,0.0000,0.6000,-10372243.0000
20.0299,-1.7458,-0.0648,2.8550,0.4500,0,0,-2.1315,0.0000,-0.0836,0.0000,-0.2012,0.0000,-2.3335,0.0000,0.6000,-10372243.0000
20.0403,-1.9242,0.3178,2.7465,0.4500,0,0,-2.1183,0.0000,0.1016,0.0000,-0.1983,0.0000,-2.3156,0.0000,0.6000,-10372243.0000
20.0499,-1.6316,0.4695,2.9155,0.4501,0,0,-2.0938,0.0000,0.2957,0.0000,-0.1935,0.0000,-2.2843,0.0000,0.6000,-10372243.0000
20.0600,-1.7018,0.0569,2.8623,0.4501,0,0,-2.0708,0.0000,0.4844,0.0000,-0.1894,0.0000,-2.2553,0.0000,0.6000,-10372243.0000
20.0703,-1.7591,0.3184,2.8040,0.4501,0,0,-2.0489,0.0000,0.6683,0.0000,-0.1859,0.0000,-2.2280,0.0000,0.6000,-10372243.0000
20.0800,-1.7566,0.2874,2.8379,0.4502,0,0,-2.0259,0.0000,0.8496,0.0000,-0.1825,0.0000,-2.2000,0.0000,0.6000,-10372243.0000
20.0906,-2.0844,-0.3135,2.6786,0.4502,0,0,-2.0135,0.0000,1.0160,0.0000,-0.1817,0.0000,-2.1850,0.0000,0.6000,-10372243.0000
20.0999,-2.0681,-0.2601,2.7027,0.4502,0,0,-1.9993,0.0000,1.1815,0.0000,-0.1809,0.0000,-2.1683,0.0000,0.6000,-10372243.0000
20.1101,-2.2321,-0.0397,2.7088,0.4502,0,0,-1.9897,0.0000,1.3391,0.0000,-0.1813,0.0000,-2.1576,0.0000,0.6000,-10372243.0000
20.1202,-2.3889,-0.1225,2.5986,0.4502,0,0,-1.9843,0.0000,1.4895,0.0000,-0.1830,0.0000,-2.1523,0.0000,0.6000,-10372243.0000
20.1300,-1.9611,-0.1281,2.8878,0.4502,0,0,-1.9627,0.0000,1.6555,0.0000,-0.1816,0.0000,-2.1278,0.0000,0.6000,-10372243.0000
20.1403,-2.1768,0.0585,2.7791,0.4502,0,0,-1.9479,0.0000,1.8107,0.0000,-0.1820,0.0000,-2.1118,0.0000,0.6000,-10372243.0000
20.1499,-2.2724,0.2063,2.7401,0.4502,0,0,-1.9354,0.0000,1.9603,0.0000,-0.1831,0.0000,-2.0989,0.0000,0.6000,-10372243.0000
20.1600,-1.9719,0.2470,2.9492,0.4502,0,0,-1.9113,0.0000,2.1201,0.0000,-0.1822,0.0000,-2.0724,0.0000,0.6000,-10372243.0000
20.1702,-2.0075,0.1851,2.8984,0.4502,0,0,-1.8879,0.0000,2.2756,0.0000,-0.1817,0.0000,-2.0469,0.0000,0.6000,-10372243.0000
20.1800,-1.9041,0.0466,3.0021,0.4502,0,0,-1.8602,0.0000,2.4322,0.0000,-0.1807,0.0000,-2.0166,0.0000,0.6000,-10372243.0000
20.1902,-1.9997,0.0205,3.1096,0.4502,0,0,-1.8353,0.0000,2.5818,0.0000,-0.1806,0.0000,-1.9900,0.0000,0.6000,-10372243.0000
20.2000,-2.1779,-0.0508,2.9423,0.4502,0,0,-1.8160,0.0000,2.7212,0.0000,-0.1819,0.0000,-1.9707,0.0000,0.6000,-10372243.0000
20.2099,-1.8341,-0.5318,3.2061,0.4502,0,0,-1.7840,0.0000,2.8719,0.0000,-0.1810,0.0000,-1.9363,0.0000,0.6000,-10372243.0000
20.2204,-1.6775,-0.3609,3.2836,0.4502,0,0,-1.7462,0.0000,3.0250,0.0000,-0.1791,0.0000,-1.8951,0.0000,0.6000,-10372243.0000
20.2300,-1.7867,0.0682,3.2886,0.4503,0,0,-1.7122,0.0000,3.1691,0.0000,-0.1784,0.0000,-1.8589,0.0000,0.6000,-10372243.0000
20.2402,-1.5288,-0.1511,3.5656,0.4503,0,0,-1.6689,0.0000,3.3195,0.0000,-0.1760,0.0000,-1.8117,0.0000,0.6000,-10372243.0000
20.2500,-1.5716,0.0818,3.5966,0.4504,0,0,-1.6273,0.0000,3.4629,0.0000,-0.1743,0.0000,-1.7670,0.0000,0.6000,-10372243.0000
20.2600,-1.9886,0.5350,3.5230,0.4503,0,0,-1.6005,0.0000,3.5842,0.0000,-0.1759,0.0000,-1.7405,0.0000,0.6000,-10372243.0000
20.2702,-1.7710,0.2676,3.7517,0.4503,0,0,-1.5657,0.0000,3.7110,0.0000,-0.1761,0.0000,-1.7047,0.0000,0.6000,-10372243.0000
20.2800,-1.7523,0.1059,3.7776,0.4503,0,0,-1.5303,0.0000,3.8344,0.0000,-0.1764,0.0000,-1.6684,0.0000,0.6000,-10372243.0000
20.2907,-1.8128,0.0227,3.8401,0.4503,0,0,-1.4970,0.0000,3.9510,0.0000,-0.1775,0.0000,-1.6350,0.0000,0.6000,-10372243.0000
20.2999,-1.7421,-0.2262,4.0339,0.4503,0,0,-1.4613,0.0000,4.0664,0.0000,-0.1782,0.0000,-1.5988,0.0000,0.6000,-10372243.0000
20.3100,-1.8312,-0.0978,4.0288,0.4502,0,0,-1.4288,0.0000,4.1738,0.0000,-0.1799,0.0000,-1.5670,0.0000,0.6000,-10372243.0000
20.3202,-1.6382,-0.2512,4.1976,0.4502,0,0,-1.3896,0.0000,4.2852,0.0000,-0.1804,0.0000,-1.5271,0.0000,0.6000,-10372243.0000
20.3299,-1.6192,-0.2808,4.4088,0.4502,0,0,-1.3500,0.0000,4.3926,0.0000,-0.1810,0.0000,-1.4871,0.0000,0.6000,-10372243.0000
20.3403,-1.9787,0.2702,4.2798,0.4501,0,0,-1.3236,0.0000,4.4803,0.0000,-0.1845,0.0000,-1.4633,0.0000,0.6000,-10372243.0000
20.3499,-1.8866,0.2240,4.4904,0.4500,0,0,-1.2938,0.0000,4.5686,0.0000,-0.1875,0.0000,-1.4356,0.0000,0.6000,-10372243.0000
20.3600,-1.7983,0.0406,4.6303,0.4499,0,0,-1.2610,0.0000,4.6570,0.0000,-0.1901,0.0000,-1.4045,0.0000,0.6000,-10372243.0000
20.3702,-1.9914,0.4941,4.6617,0.4498,0,0,-1.2353,0.0000,4.7335,0.0000,-0.1942,0.0000,-1.3822,0.0000,0.6000,-10372243.0000
20.3800,-1.8004,0.3064,4.8483,0.4497,0,0,-1.2029,0.0000,4.8149,0.0000,-0.1971,0.0000,-1.3519,0.0000,0.6000,-10372243.0000
20.3903,-1.6603,-0.0892,5.0571,0.4497,0,0,-1.1657,0.0000,4.8981,0.0000,-0.1993,0.0000,-1.3161,0.0000,0.6000,-10372243.0000
20.4000,-1.7077,-0.0198,5.0534,0.4496,0,0,-1.1307,0.0000,4.9750,0.0000,-0.2021,0.0000,-1.2830,0.0000,0.6000,-10372243.0000
20.4100,-1.6504,-0.1152,5.3197,0.4495,0,0,-1.0941,0.0000,5.0500,0.0000,-0.2046,0.0000,-1.2482,0.0000,0.6000,-10372243.0000
20.4203,-1.7652,-0.2956,5.3510,0.4494,0,0,-1.0621,0.0000,5.1160,0.0000,-0.2082,0.0000,-1.2192,0.0000,0.6000,-10372243.0000
20.4300,-1.7152,-0.0132,5.5436,0.4493,0,0,-1.0286,0.0000,5.1802,0.0000,-0.2117,0.0000,-1.1886,0.0000,0.6000,-10372243.0000
20.4402,-1.6077,0.0707,5.7868,0.4492,0,0,-0.9918,0.0000,5.2449,0.0000,-0.2146,0.0000,-1.1540,0.0000,0.6000,-10372243.0000
20.4499,-1.8795,0.2078,5.7413,0.4491,0,0,-0.9645,0.0000,5.2951,0.0000,-0.2195,0.0000,-1.1310,0.0000,0.6000,-10372243.0000
20.4600,-1.7089,0.5193,5.9466,0.4490,0,0,-0.9322,0.0000,5.3482,0.0000,-0.2235,0.0000,-1.1023,0.0000,0.6000,-10372243.0000
20.4702,-1.5648,0.2535,6.0976,0.4489,0,0,-0.8953,0.0000,5.4035,0.0000,-0.2268,0.0000,-1.0680,0.0000,0.6000,-10372243.0000
20.4800,-1.6571,0.1160,5.9883,0.4487,0,0,-0.8624,0.0000,5.4506,0.0000,-0.2308,0.0000,-1.0387,0.0000,0.6000,-10372243.0000
20.4906,-1.5718,0.4774,6.2524,0.4486,0,0,-0.8270,0.0000,5.4974,0.0000,-0.2345,0.0000,-1.0065,0.0000,0.6000,-10372243.0000
20.4999,-1.4775,0.1575,6.2617,0.4485,0,0,-0.7889,0.0000,5.5440,0.0000,-0.2378,0.0000,-0.9712,0.0000,0.6000,-10372243.0000
20.5099,-1.0465,-0.2280,6.5811,0.4485,0,0,-0.7361,0.0000,5.6036,0.0000,-0.2383,0.0000,-0.9184,0.0000,0.6000,-10372243.0000
20.5203,-0.8751,-0.0449,6.7260,0.4485,0,0,-0.6786,0.0000,5.6638,0.0000,-0.2380,0.0000,-0.8599,0.0000,0.6000,-10372243.0000
20.5299,-1.0696,-0.1123,6.6765,0.4485,0,0,-0.6294,0.0000,5.7093,0.0000,-0.2395,0.0000,-0.8118,0.0000,0.6000,-10372243.0000
20.5402,-0.9124,-0.1505,6.8157,0.4485,0,0,-0.5760,0.0000,5.7552,0.0000,-0.2401,0.0000,-0.7586,0.0000,0.6000,-10372243.0000
20.5500,-0.8617,0.1815,6.8640,0.4484,0,0,-0.5221,0.0000,5.7968,0.0000,-0.2409,0.0000,-0.7050,0.0000,0.6000,-10372243.0000
20.5600,-1.0901,0.3127,6.7624,0.4484,0,0,-0.4780,0.0000,5.8230,0.0000,-0.2435,0.0000,-0.6632,0.0000,0.6000,-10372243.0000
20.5702,-0.9471,0.5607,6.8511,0.4483,0,0,-0.4299,0.0000,5.8496,0.0000,-0.2454,0.0000,-0.6168,0.0000,0.6000,-10372243.0000
20.5800,-0.5313,0.5106,6.9696,0.4483,0,0,-0.3683,0.0000,5.8871,0.0000,-0.2449,0.0000,-0.5543,0.0000,0.6000,-10372243.0000
20.5902,-0.3507,0.1688,6.9297,0.4484,0,0,-0.3022,0.0000,5.9244,0.0000,-0.2435,0.0000,-0.4864,0.0000,0.6000,-10372243.0000
20.6000,-0.3393,0.4075,6.9477,0.4484,0,0,-0.2377,0.0000,5.9541,0.0000,-0.2425,0.0000,-0.4206,0.0000,0.6000,-10372243.0000
20.6100,-0.2259,0.3922,6.9853,0.4484,0,0,-0.1711,0.0000,5.9805,0.0000,-0.2411,0.0000,-0.3525,0.0000,0.6000,-10372243.0000
20.6203,-0.2704,-0.1957,6.9646,0.4485,0,0,-0.1084,0.0000,5.9973,0.0000,-0.2406,0.0000,-0.2890,0.0000,0.6000,-10372243.0000
20.6300,-0.1045,-0.0885,7.0505,0.4485,0,0,-0.0418,0.0000,6.0130,0.0000,-0.2393,0.0000,-0.2210,0.0000,0.6000,-10372243.0000
20.6402,-0.1176,0.1926,7.0673,0.4485,0,0,0.0220,0.0000,6.0203,0.0000,-0.2386,0.0000,-0.1564,0.0000,0.6000,-10372243.0000
20.6500,-0.0080,0.0932,6.9913,0.4485,0,0,0.0878,0.0000,6.0245,0.0000,-0.2376,0.0000,-0.0895,0.0000,0.6000,-10372243.0000
20.6599,0.4710,0.2274,7.1878,0.4486,0,0,0.1681,0.0000,6.0388,0.0000,-0.2338,0.0000,-0.0053,0.0000,0.6000,-10372243.0000
20.6702,0.3258,0.3818,7.0586,0.4487,0,0,0.2403,0.0000,6.0380,0.0000,-0.2315,0.0000,0.0691,0.0000,0.6000,-10372243.0000
20.6800,0.1556,0.5168,6.8396,0.4487,0,0,0.3038,0.0000,6.0221,0.0000,-0.2310,0.0000,0.1330,0.0000,0.6000,-10372243.0000
20.6906,0.4957,0.4734,6.9297,0.4488,0,0,0.3769,0.0000,6.0115,0.0000,-0.2285,0.0000,0.2085,0.0000,0.6000,-10372243.0000
20.7000,0.5818,0.3669,6.8135,0.4488,0,0,0.4503,0.0000,5.9954,0.0000,-0.2260,0.0000,0.2843,0.0000,0.6000,-10372243.0000
20.7100,0.5918,0.3607,6.7354,0.4489,0,0,0.5212,0.0000,5.9709,0.0000,-0.2239,0.0000,0.3570,0.0000,0.6000,-10372243.0000
20.7202,0.8410,0.3699,6.8394,0.4490,0,0,0.5981,0.0000,5.9472,0.0000,-0.2207,0.0000,0.4370,0.0000,0.6000,-10372243.0000
20.7300,0.9220,0.2706,6.7433,0.4490,0,0,0.6748,0.0000,5.9173,0.0000,-0.2174,0.0000,0.5166,0.0000,0.6000,-10372243.0000
20.7403,1.1018,-0.1253,6.6965,0.4491,0,0,0.7548,0.0000,5.8848,0.0000,-0.2135,0.0000,0.6002,0.0000,0.6000,-10372243.0000
20.7499,1.1798,-0.0617,6.6096,0.4492,0,0,0.8342,0.0000,5.8456,0.0000,-0.2096,0.0000,0.6831,0.0000,0.6000,-10372243.0000
20.7600,0.9100,0.2921,6.2880,0.4493,0,0,0.9007,0.0000,5.7873,0.0000,-0.2080,0.0000,0.7505,0.0000,0.6000,-10372243.0000
20.7702,1.1734,0.1045,6.2516,0.4493,0,0,0.9735,0.0000,5.7306,0.0000,-0.2052,0.0000,0.8256,0.0000,0.6000,-10372243.0000
20.7799,1.3392,0.2792,6.2039,0.4494,0,0,1.0489,0.0000,5.6712,0.0000,-0.2017,0.0000,0.9039,0.0000,0.6000,-10372243.0000
20.7902,1.0449,0.9254,5.9511,0.4494,0,0,1.1106,0.0000,5.5925,0.0000,-0.2008,0.0000,0.9658,0.0000,0.6000,-10372243.0000
20.8000,1.2617,0.7746,5.9892,0.4495,0,0,1.1770,0.0000,5.5144,0.0000,-0.1988,0.0000,1.0333,0.0000,0.6000,-10372243.0000
20.8099,1.5936,0.4978,5.9630,0.4495,0,0,1.2519,0.0000,5.4401,0.0000,-0.1950,0.0000,1.1112,0.0000,0.6000,-10372243.0000
20.8203,1.4635,0.2889,5.7286,0.4496,0,0,1.3186,0.0000,5.3524,0.0000,-0.1927,0.0000,1.1795,0.0000,0.6000,-10372243.0000
20.8300,1.4806,0.1230,5.6027,0.4496,0,0,1.3827,0.0000,5.2576,0.0000,-0.1906,0.0000,1.2447,0.0000,0.6000,-10372243.0000
20.8403,1.5017,0.3334,5.4390,0.4496,0,0,1.4443,0.0000,5.1561,0.0000,-0.1889,0.0000,1.3070,0.0000,0.6000,-10372243.0000
20.8500,1.6054,0.2699,5.2596,0.4497,0,0,1.5063,0.0000,5.0510,0.0000,-0.1869,0.0000,1.3700,0.0000,0.6000,-10372243.0000
20.8600,1.7862,0.0738,5.2114,0.4497,0,0,1.5714,0.0000,4.9450,0.0000,-0.1841,0.0000,1.4368,0.0000,0.6000,-10372243.0000
20.8702,1.5117,0.5173,4.9054,0.4497,0,0,1.6235,0.0000,4.8221,0.0000,-0.1836,0.0000,1.4881,0.0000,0.6000,-10372243.0000
20.8800,1.4624,0.5317,4.7183,0.4497,0,0,1.6708,0.0000,4.6916,0.0000,-0.1838,0.0000,1.5340,0.0000,0.6000,-10372243.0000
20.8906,1.7208,0.1788,4.7394,0.4497,0,0,1.7242,0.0000,4.5645,0.0000,-0.1825,0.0000,1.5874,0.0000,0.6000,-10372243.0000
20.9000,1.3818,0.7132,4.4230,0.4497,0,0,1.7627,0.0000,4.4199,0.0000,-0.1839,0.0000,1.6230,0.0000,0.6000,-10372243.0000
20.9100,1.4096,0.9417,4.3203,0.4497,0,0,1.7995,0.0000,4.2719,0.0000,-0.1853,0.0000,1.6569,0.0000,0.6000,-10372243.0000
20.9202,1.7529,0.4971,4.3555,0.4497,0,0,1.8456,0.0000,4.1315,0.0000,-0.1847,0.0000,1.7022,0.0000,0.6000,-10372243.0000
20.9300,1.5313,0.4207,4.0088,0.4497,0,0,1.8809,0.0000,3.9784,0.0000,-0.1858,0.0000,1.7349,0.0000,0.6000,-10372243.0000
20.9403,1.5684,0.3166,3.8108,0.4497,0,0,1.9150,0.0000,3.8226,0.0000,-0.1870,0.0000,1.7662,0.0000,0.6000,-10372243.0000
20.9499,1.4575,0.1941,3.7112,0.4497,0,0,1.9425,0.0000,3.6594,0.0000,-0.1891,0.0000,1.7900,0.0000,0.6000,-10372243.0000
20.9600,1.2690,0.4196,3.4409,0.4496,0,0,1.9611,0.0000,3.4869,0.0000,-0.1926,0.0000,1.8033,0.0000,0.6000,-10372243.0000
20.9702,1.4421,0.2417,3.4534,0.4496,0,0,1.9835,0.0000,3.3183,0.0000,-0.1951,0.0000,1.8215,0.0000,0.6000,-10372243.0000
20.9800,1.3894,0.4663,3.3528,0.4496,0,0,2.0017,0.0000,3.1455,0.0000,-0.1980,0.0000,1.8351,0.0000,0.6000,-10372243.0000
20.9902,1.3314,0.8879,3.2150,0.4496,0,0,2.0158,0.0000,2.9688,0.0000,-0.2015,0.0000,1.8440,0.0000,0.6000,-10372243.0000
21.0000,1.6527,0.5473,3.3699,0.4496,0,0,2.0389,0.0000,2.8015,0.0000,-0.2028,0.0000,1.8641,0.0000,0.6000,-10372243.0000
21.0100,1.3349,0.6466,3.1575,0.4496,0,0,2.0487,0.0000,2.6209,0.0000,-0.2064,0.0000,1.8685,0.0000,0.6000,-10372243.0000
21.0203,1.1465,1.1789,2.9629,0.4496,0,0,2.0508,0.0000,2.4338,0.0000,-0.2112,0.0000,1.8639,0.0000,0.6000,-10372243.0000
21.0299,1.4773,0.5652,3.1251,0.4495,0,0,2.0618,0.0000,2.2571,0.0000,-0.2139,0.0000,1.8705,0.0000,0.6000,-10372243.0000
21.0403,1.4681,0.3835,2.9446,0.4495,0,0,2.0706,0.0000,2.0789,0.0000,-0.2167,0.0000,1.8747,0.0000,0.6000,-10372243.0000
21.0500,1.4318,0.6801,2.9137,0.4495,0,0,2.0761,0.0000,1.8986,0.0000,-0.2197,0.0000,1.8754,0.0000,0.6000,-10372243.0000
21.0600,1.4100,0.2396,2.8802,0.4495,0,0,2.0791,0.0000,1.7170,0.0000,-0.2230,0.0000,1.8733,0.0000,0.6000,-10372243.0000
21.0703,1.3938,0.0852,2.7550,0.4495,0,0,2.0798,0.0000,1.5346,0.0000,-0.2263,0.0000,1.8689,0.0000,0.6000,-10372243.0000
21.0800,1.4613,0.4873,2.8627,0.4496,0,0,2.0812,0.0000,1.3546,0.0000,-0.2291,0.0000,1.8656,0.0000,0.6000,-10372243.0000
21.0907,1.1272,0.4787,2.6767,0.4496,0,0,2.0707,0.0000,1.1642,0.0000,-0.2340,0.0000,1.8483,0.0000,0.6000,-10372243.0000
21.0999,1.1814,0.7506,2.6652,0.4496,0,0,2.0594,0.0000,0.9757,0.0000,-0.2386,0.0000,1.8306,0.0000,0.6000,-10372243.0000
21.1100,1.4659,0.7832,2.8284,0.4496,0,0,2.0567,0.0000,0.7986,0.0000,-0.2412,0.0000,1.8235,0.0000,0.6000,-10372243.0000
21.1202,1.2094,0.6218,2.5467,0.4496,0,0,2.0436,0.0000,0.6128,0.0000,-0.2455,0.0000,1.8042,0.0000,0.6000,-10372243.0000
21.1299,1.4073,0.6344,2.6948,0.4496,0,0,2.0361,0.0000,0.4357,0.0000,-0.2483,0.0000,1.7922,0.0000,0.6000,-10372243.0000
21.1403,1.4499,0.3996,2.6811,0.4497,0,0,2.0287,0.0000,0.2610,0.0000,-0.2507,0.0000,1.7806,0.0000,0.6000,-10372243.0000
21.1500,1.3268,0.0727,2.4774,0.4497,0,0,2.0157,0.0000,0.0828,0.0000,-0.2538,0.0000,1.7627,0.0000,0.6000,-10372243.0000
21.1600,1.2732,0.2421,2.6061,0.4497,0,0,1.9997,0.0000,-0.0958,0.0000,-0.2573,0.0000,1.7415,0.0000,0.6000,-10372243.0000
21.1702,1.0885,0.4246,2.4453,0.4498,0,0,1.9763,0.0000,-0.2791,0.0000,-0.2619,0.0000,1.7116,0.0000,0.6000,-10372243.0000
21.1799,1.0946,0.3074,2.4592,0.4498,0,0,1.9523,0.0000,-0.4594,0.0000,-0.2662,0.0000,1.6814,0.0000,0.6000,-10372243.0000
21.1903,1.1253,0.3941,2.5709,0.4498,0,0,1.9285,0.0000,-0.6357,0.0000,-0.2702,0.0000,1.6520,0.0000,0.6000,-10372243.0000
21.1999,1.1992,0.9315,2.3901,0.4499,0,0,1.9066,0.0000,-0.8064,0.0000,-0.2734,0.0000,1.6252,0.0000,0.6000,-10372243.0000
21.2100,2.2812,0.7715,2.8760,0.4498,0,0,1.9211,0.0000,-0.9345,0.0000,-0.2687,0.0000,1.6431,0.0000,0.6000,-10372243.0000
21.2203,2.8344,0.2532,3.0738,0.4498,0,0,1.9359,0.0000,-1.0618,0.0000,-0.2638,0.0000,1.6615,0.0000,0.6000,-10372243.0000
21.2300,2.4272,0.4689,2.8232,0.4497,0,0,1.9495,0.0000,-1.1902,0.0000,-0.2588,0.0000,1.6788,0.0000,0.6000,-10372243.0000
21.2403,2.2368,0.4139,3.0235,0.4496,0,0,1.9569,0.0000,-1.3248,0.0000,-0.2548,0.0000,1.6888,0.0000,0.6000,-10372243.0000
21.2500,1.7862,-0.0136,2.7221,0.4496,0,0,1.9470,0.0000,-1.4773,0.0000,-0.2542,0.0000,1.6781,0.0000,0.6000,-10372243.0000
21.2600,1.5689,0.3244,2.7731,0.4496,0,0,1.9284,0.0000,-1.6368,0.0000,-0.2549,0.0000,1.6571,0.0000,0.6000,-10372243.0000
21.2703,1.5006,0.4960,2.6795,0.4496,0,0,1.9066,0.0000,-1.7967,0.0000,-0.2560,0.0000,1.6326,0.0000,0.6000,-10372243.0000
21.2800,1.0715,0.1371,2.5722,0.4497,0,0,1.8692,0.0000,-1.9705,0.0000,-0.2600,0.0000,1.5895,0.0000,0.6000,-10372243.0000
21.2906,1.2759,0.3610,2.7175,0.4498,0,0,1.8386,0.0000,-2.1319,0.0000,-0.2623,0.0000,1.5550,0.0000,0.6000,-10372243.0000
21.2999,0.9518,0.3757,2.6126,0.4498,0,0,1.7963,0.0000,-2.3022,0.0000,-0.2665,0.0000,1.5068,0.0000,0.6000,-10372243.0000
21.3100,1.0472,0.5349,2.6280,0.4499,0,0,1.7573,0.0000,-2.4636,0.0000,-0.2698,0.0000,1.4629,0.0000,0.6000,-10372243.0000
21.3202,1.5747,0.7033,2.9834,0.4499,0,0,1.7366,0.0000,-2.5996,0.0000,-0.2690,0.0000,1.4415,0.0000,0.6000,-10372243.0000
21.3299,1.3795,0.3444,2.8558,0.4499,0,0,1.7084,0.0000,-2.7408,0.0000,-0.2695,0.0000,1.4115,0.0000,0.6000,-10372243.0000
21.3403,1.4251,0.2439,3.0048,0.4499,0,0,1.6815,0.0000,-2.8768,0.0000,-0.2694,0.0000,1.3833,0.0000,0.6000,-10372243.0000
21.3500,1.4089,0.1801,3.1544,0.4499,0,0,1.6536,0.0000,-3.0101,0.0000,-0.2692,0.0000,1.3543,0.0000,0.6000,-10372243.0000
21.3599,1.1659,-0.2350,2.9606,0.4499,0,0,1.6169,0.0000,-3.1498,0.0000,-0.2705,0.0000,1.3149,0.0000,0.6000,-10372243.0000
21.3702,1.3333,-0.2113,3.3210,0.4499,0,0,1.5861,0.0000,-3.2782,0.0000,-0.2704,0.0000,1.2829,0.0000,0.6000,-10372243.0000
21.3799,0.9119,0.3903,3.1661,0.4500,0,0,1.5403,0.0000,-3.4198,0.0000,-0.2730,0.0000,1.2330,0.0000,0.6000,-10372243.0000
21.3902,0.8426,0.6033,3.2006,0.4500,0,0,1.4924,0.0000,-3.5586,0.0000,-0.2758,0.0000,1.1810,0.0000,0.6000,-10372243.0000
21.3999,1.3800,0.3529,3.6597,0.4500,0,0,1.4638,0.0000,-3.6699,0.0000,-0.2744,0.0000,1.1527,0.0000,0.6000,-10372243.0000
21.4099,1.1564,0.5712,3.4564,0.4500,0,0,1.4272,0.0000,-3.7868,0.0000,-0.2744,0.0000,1.1150,0.0000,0.6000,-10372243.0000
21.4203,1.4019,0.5130,3.7680,0.4499,0,0,1.3994,0.0000,-3.8893,0.0000,-0.2723,0.0000,1.0882,0.0000,0.6000,-10372243.0000
21.4300,1.7815,-0.0024,4.0651,0.4498,0,0,1.3850,0.0000,-3.9731,0.0000,-0.2674,0.0000,1.0778,0.0000,0.6000,-10372243.0000
21.4403,1.4102,0.0659,3.9517,0.4498,0,0,1.3570,0.0000,-4.0703,0.0000,-0.2651,0.0000,1.0512,0.0000,0.6000,-10372243.0000
21.4500,1.3328,0.2442,4.1833,0.4497,0,0,1.3262,0.0000,-4.1672,0.0000,-0.2631,0.0000,1.0215,0.0000,0.6000,-10372243.0000
21.4600,1.1464,0.0496,4.2262,0.4497,0,0,1.2890,0.0000,-4.2681,0.0000,-0.2622,0.0000,0.9841,0.0000,0.6000,-10372243.0000
21.4702,1.0718,0.1512,4.2038,0.4497,0,0,1.2494,0.0000,-4.3674,0.0000,-0.2616,0.0000,0.9441,0.0000,0.6000,-10372243.0000
21.4800,1.3187,0.0110,4.6103,0.4496,0,0,1.2190,0.0000,-4.4520,0.0000,-0.2589,0.0000,0.9155,0.0000,0.6000,-10372243.0000
21.4907,1.0837,0.1950,4.4789,0.4496,0,0,1.1804,0.0000,-4.5424,0.0000,-0.2577,0.0000,0.8773,0.0000,0.6000,-10372243.0000
21.4999,1.2835,0.6755,4.7518,0.4495,0,0,1.1494,0.0000,-4.6201,0.0000,-0.2549,0.0000,0.8483,0.0000,0.6000,-10372243.0000
21.5099,1.4526,0.3901,4.9809,0.4494,0,0,1.1247,0.0000,-4.6873,0.0000,-0.2506,0.0000,0.8272,0.0000,0.6000,-10372243.0000
21.5202,1.1169,0.3988,4.8898,0.4493,0,0,1.0881,0.0000,-4.7652,0.0000,-0.2486,0.0000,0.7918,0.0000,0.6000,-10372243.0000
21.5300,1.1458,0.8119,5.1080,0.4493,0,0,1.0530,0.0000,-4.8376,0.0000,-0.2461,0.0000,0.7585,0.0000,0.6000,-10372243.0000
21.5402,1.2637,0.2144,5.3304,0.4492,0,0,1.0226,0.0000,-4.9011,0.0000,-0.2426,0.0000,0.7310,0.0000,0.6000,-10372243.0000
21.5500,1.2873,-0.0689,5.4066,0.4491,0,0,0.9934,0.0000,-4.9600,0.0000,-0.2387,0.0000,0.7051,0.0000,0.6000,-10372243.0000
21.5600,1.3158,0.2566,5.7506,0.4490,0,0,0.9656,0.0000,-5.0145,0.0000,-0.2344,0.0000,0.6810,0.0000,0.6000,-10372243.0000
21.5702,1.1084,0.0761,5.6410,0.4489,0,0,0.9306,0.0000,-5.0741,0.0000,-0.2314,0.0000,0.6485,0.0000,0.6000,-10372243.0000
21.5799,1.2213,-0.1131,5.9520,0.4488,0,0,0.9003,0.0000,-5.1251,0.0000,-0.2275,0.0000,0.6216,0.0000,0.6000,-10372243.0000
21.5903,1.2109,0.2282,6.1098,0.4487,0,0,0.8701,0.0000,-5.1730,0.0000,-0.2234,0.0000,0.5950,0.0000,0.6000,-10372243.0000
21.6000,0.8225,0.4223,6.0628,0.4486,0,0,0.8265,0.0000,-5.2330,0.0000,-0.2218,0.0000,0.5524,0.0000,0.6000,-10372243.0000
21.6099,1.0508,0.5881,6.4435,0.4485,0,0,0.7919,0.0000,-5.2788,0.0000,-0.2183,0.0000,0.5208,0.0000,0.6000,-10372243.0000
21.6203,1.2257,0.5952,6.6077,0.4484,0,0,0.7641,0.0000,-5.3138,0.0000,-0.2135,0.0000,0.4975,0.0000,0.6000,-10372243.0000
21.6300,0.8966,0.0743,6.5822,0.4483,0,0,0.7252,0.0000,-5.3586,0.0000,-0.2107,0.0000,0.4609,0.0000,0.6000,-10372243.0000
21.6402,0.5753,0.1110,6.7314,0.4483,0,0,0.6757,0.0000,-5.4116,0.0000,-0.2099,0.0000,0.4117,0.0000,0.6000,-10372243.0000
21.6500,0.2296,0.1424,6.6232,0.4484,0,0,0.6151,0.0000,-5.4724,0.0000,-0.2112,0.0000,0.3492,0.0000,0.6000,-10372243.0000
21.6600,0.2856,-0.3942,6.8169,0.4484,0,0,0.5581,0.0000,-5.5237,0.0000,-0.2116,0.0000,0.2913,0.0000,0.6000,-10372243.0000
21.6702,0.3829,-0.1441,6.9320,0.4483,0,0,0.5061,0.0000,-5.5644,0.0000,-0.2110,0.0000,0.2395,0.0000,0.6000,-10372243.0000
21.6800,0.2115,0.4773,6.8835,0.4484,0,0,0.4495,0.0000,-5.6057,0.0000,-0.2112,0.0000,0.1823,0.0000,0.6000,-10372243.0000
21.6906,0.2670,0.3048,7.0084,0.4483,0,0,0.3965,0.0000,-5.6380,0.0000,-0.2106,0.0000,0.1295,0.0000,0.6000,-10372243.0000
21.6999,0.3605,0.2756,7.2194,0.4483,0,0,0.3483,0.0000,-5.6605,0.0000,-0.2090,0.0000,0.0827,0.0000,0.6000,-10372243.0000
21.7100,-0.1024,0.3471,7.1433,0.4483,0,0,0.2851,0.0000,-5.6953,0.0000,-0.2103,0.0000,0.0179,0.0000,0.6000,-10372243.0000
21.7202,-0.2324,0.1898,7.1282,0.4484,0,0,0.2192,0.0000,-5.7276,0.0000,-0.2120,0.0000,-0.0500,0.0000,0.6000,-10372243.0000
21.7300,-0.1528,0.1959,7.2553,0.4484,0,0,0.1583,0.0000,-5.7489,0.0000,-0.2127,0.0000,-0.1119,0.0000,0.6000,-10372243.0000
21.7402,-0.3891,0.1546,7.1437,0.4484,0,0,0.0909,0.0000,-5.7721,0.0000,-0.2146,0.0000,-0.1814,0.0000,0.6000,-10372243.0000
21.7500,-0.3722,-0.0101,7.2380,0.4485,0,0,0.0264,0.0000,-5.7866,0.0000,-0.2159,0.0000,-0.2473,0.0000,0.6000,-10372243.0000
21.7600,-0.4146,-0.0556,7.3307,0.4485,0,0,-0.0374,0.0000,-5.7950,0.0000,-0.2170,0.0000,-0.3124,0.0000,0.6000,-10372243.0000
21.7702,-0.6399,-0.1001,7.2860,0.4486,0,0,-0.1070,0.0000,-5.8044,0.0000,-0.2192,0.0000,-0.3843,0.0000,0.6000,-10372243.0000
21.7800,-0.7150,-0.1653,7.3974,0.4486,0,0,-0.1768,0.0000,-5.8083,0.0000,-0.2215,0.0000,-0.4564,0.0000,0.6000,-10372243.0000
21.7902,-1.1797,0.2417,7.1849,0.4487,0,0,-0.2598,0.0000,-5.8203,0.0000,-0.2262,0.0000,-0.5442,0.0000,0.6000,-10372243.0000
21.8000,-1.2027,0.5919,7.0594,0.4488,0,0,-0.3414,0.0000,-5.8241,0.0000,-0.2307,0.0000,-0.6303,0.0000,0.6000,-10372243.0000
21.8099,-0.9295,0.1155,7.2491,0.4489,0,0,-0.4102,0.0000,-5.8080,0.0000,-0.2327,0.0000,-0.7010,0.0000,0.6000,-10372243.0000
21.8203,-1.1460,0.0341,7.0279,0.4489,0,0,-0.4841,0.0000,-5.7917,0.0000,-0.2358,0.0000,-0.7778,0.0000,0.6000,-10372243.0000
21.8300,-1.1520,0.2247,7.0019,0.4490,0,0,-0.5553,0.0000,-5.7669,0.0000,-0.2383,0.0000,-0.8512,0.0000,0.6000,-10372243.0000
21.8402,-1.3149,-0.3159,6.9243,0.4491,0,0,-0.6294,0.0000,-5.7396,0.0000,-0.2414,0.0000,-0.9282,0.0000,0.6000,-10372243.0000
21.8500,-1.3875,-0.3964,6.6425,0.4491,0,0,-0.7030,0.0000,-5.7061,0.0000,-0.2445,0.0000,-1.0046,0.0000,0.6000,-10372243.0000
21.8600,-1.4311,0.0262,6.7238,0.4492,0,0,-0.7751,0.0000,-5.6654,0.0000,-0.2474,0.0000,-1.0792,0.0000,0.6000,-10372243.0000
21.8703,-1.9347,0.3074,6.4468,0.4493,0,0,-0.8565,0.0000,-5.6288,0.0000,-0.2521,0.0000,-1.1649,0.0000,0.6000,-10372243.0000
21.8800,-1.8675,0.3683,6.4506,0.4494,0,0,-0.9375,0.0000,-5.5854,0.0000,-0.2569,0.0000,-1.2502,0.0000,0.6000,-10372243.0000
21.8907,-1.7860,0.3227,6.4131,0.4494,0,0,-1.0122,0.0000,-5.5297,0.0000,-0.2605,0.0000,-1.3280,0.0000,0.6000,-10372243.0000
21.9000,-1.9860,0.3616,6.0249,0.4495,0,0,-1.0907,0.0000,-5.4722,0.0000,-0.2649,0.0000,-1.4103,0.0000,0.6000,-10372243.0000
21.9100,-1.5996,0.1688,6.1441,0.4496,0,0,-1.1521,0.0000,-5.3918,0.0000,-0.2662,0.0000,-1.4722,0.0000,0.6000,-10372243.0000
21.9203,-1.6391,-0.1230,6.0056,0.4496,0,0,-1.2118,0.0000,-5.3057,0.0000,-0.2673,0.0000,-1.5322,0.0000,0.6000,-10372243.0000
21.9300,-1.9788,-0.1976,5.7033,0.4496,0,0,-1.2806,0.0000,-5.2245,0.0000,-0.2704,0.0000,-1.6032,0.0000,0.6000,-10372243.0000
21.9400,-2.1416,-0.2695,5.7757,0.4497,0,0,-1.3517,0.0000,-5.1410,0.0000,-0.2740,0.0000,-1.6771,0.0000,0.6000,-10372243.0000
21.9508,-2.3043,-0.1279,5.4095,0.4498,0,0,-1.4251,0.0000,-5.0547,0.0000,-0.2782,0.0000,-1.7538,0.0000,0.6000,-10372243.0000
21.9600,-2.1411,-0.0237,5.3430,0.4498,0,0,-1.4892,0.0000,-4.9542,0.0000,-0.2809,0.0000,-1.8196,0.0000,0.6000,-10372243.0000
21.9702,-2.0993,0.0432,5.2593,0.4498,0,0,-1.5485,0.0000,-4.8448,0.0000,-0.2828,0.0000,-1.8797,0.0000,0.6000,-10372243.0000
21.9799,-2.3803,0.3546,4.8939,0.4499,0,0,-1.6144,0.0000,-4.7382,0.0000,-0.2861,0.0000,-1.9479,0.0000,0.6000,-10372243.0000
21.9899,-1.9890,0.2970,5.0724,0.4499,0,0,-1.6632,0.0000,-4.6106,0.0000,-0.2864,0.0000,-1.9957,0.0000,0.6000,-10372243.0000
22.0002,-2.1583,0.0113,4.8730,0.4499,0,0,-1.7150,0.0000,-4.4832,0.0000,-0.2875,0.0000,-2.0473,0.0000,0.6000,-10372243.0000
22.0100,-2.3852,0.3833,4.6448,0.4499,0,0,-1.7716,0.0000,-4.3576,0.0000,-0.2898,0.0000,-2.1049,0.0000,0.6000,-10372243.0000
22.0203,-2.1790,0.2793,4.6870,0.4499,0,0,-1.8177,0.0000,-4.2186,0.0000,-0.2903,0.0000,-2.1502,0.0000,0.6000,-10372243.0000
22.0300,-2.3167,-0.3355,4.3834,0.4499,0,0,-1.8657,0.0000,-4.0789,0.0000,-0.2914,0.0000,-2.1979,0.0000,0.6000,-10372239.0000
22.0400,-2.2230,-0.2555,4.3582,0.4499,0,0,-1.9073,0.0000,-3.9306,0.0000,-0.2916,0.0000,-2.2383,0.0000,0.6000,-10372239.0000
22.0503,-2.2533,-0.0491,4.2903,0.4499,0,0,-1.9472,0.0000,-3.7787,0.0000,-0.2917,0.0000,-2.2767,0.0000,0.6000,-10372239.0000
22.0600,-2.4924,-0.2671,3.9428,0.4499,0,0,-1.9924,0.0000,-3.6303,0.0000,-0.2932,0.0000,-2.3219,0.0000,0.6000,-10372239.0000
22.0702,-2.1406,-0.0420,4.0835,0.4499,0,0,-2.0224,0.0000,-3.4650,0.0000,-0.2920,0.0000,-2.3490,0.0000,0.6000,-10372239.0000
22.0799,-2.5045,0.4182,3.7680,0.4499,0,0,-2.0625,0.0000,-3.3086,0.0000,-0.2930,0.0000,-2.3886,0.0000,0.6000,-10372239.0000
22.0900,-2.4402,0.5412,3.5732,0.4499,0,0,-2.0973,0.0000,-3.1455,0.0000,-0.2934,0.0000,-2.4222,0.0000,0.6000,-10372239.0000
22.1002,-2.1133,0.1841,3.7267,0.4499,0,0,-2.1181,0.0000,-2.9675,0.0000,-0.2913,0.0000,-2.4391,0.0000,0.6000,-10372239.0000
22.1099,-2.3371,0.0786,3.2539,0.4499,0,0,-2.1443,0.0000,-2.7948,0.0000,-0.2906,0.0000,-2.4628,0.0000,0.6000,-10372239.0000
22.1203,-2.1035,-0.0964,3.3721,0.4499,0,0,-2.1599,0.0000,-2.6113,0.0000,-0.2881,0.0000,-2.4741,0.0000,0.6000,-10372239.0000
22.1300,-2.0407,-0.2311,3.3132,0.4499,0,0,-2.1711,0.0000,-2.4241,0.0000,-0.2851,0.0000,-2.4804,0.0000,0.6000,-10372239.0000
22.1400,-2.2636,-0.0374,3.0160,0.4499,0,0,-2.1878,0.0000,-2.2432,0.0000,-0.2836,0.0000,-2.4939,0.0000,0.6000,-10372239.0000
22.1508,-2.0562,-0.1421,3.1661,0.4499,0,0,-2.1952,0.0000,-2.0535,0.0000,-0.2806,0.0000,-2.4964,0.0000,0.6000,-10372239.0000
22.1599,-2.4149,-0.0340,2.8348,0.4499,0,0,-2.2130,0.0000,-1.8754,0.0000,-0.2800,0.0000,-2.5117,0.0000,0.6000,-10372239.0000
22.1702,-2.3252,0.2696,2.7078,0.4499,0,0,-2.2253,0.0000,-1.6921,0.0000,-0.2787,0.0000,-2.5210,0.0000,0.6000,-10372239.0000
22.1799,-2.0616,0.1145,2.8899,0.4499,0,0,-2.2265,0.0000,-1.4986,0.0000,-0.2756,0.0000,-2.5170,0.0000,0.6000,-10372239.0000
22.1899,-2.2234,0.3515,2.4710,0.4499,0,0,-2.2314,0.0000,-1.3106,0.0000,-0.2735,0.0000,-2.5180,0.0000,0.6000,-10372239.0000
22.2002,-1.9391,0.5083,2.6699,0.4499,0,0,-2.2246,0.0000,-1.1123,0.0000,-0.2695,0.0000,-2.5052,0.0000,0.6000,-10372239.0000
22.2100,-1.8817,-0.1352,2.5137,0.4499,0,0,-2.2143,0.0000,-0.9129,0.0000,-0.2652,0.0000,-2.4886,0.0000,0.6000,-10372239.0000
22.2203,-2.1249,-0.2420,2.3109,0.4499,0,0,-2.2110,0.0000,-0.7232,0.0000,-0.2626,0.0000,-2.4808,0.0000,0.6000,-10372239.0000
22.2300,-2.0031,-0.0282,2.4057,0.4500,0,0,-2.2018,0.0000,-0.5298,0.0000,-0.2593,0.0000,-2.4664,0.0000,0.6000,-10372239.0000
22.2400,-2.2931,-0.2592,2.1660,0.4500,0,0,-2.2011,0.0000,-0.3477,0.0000,-0.2581,0.0000,-2.4627,0.0000,0.6000,-10372239.0000
22.2502,-1.9938,-0.2096,2.2284,0.4500,0,0,-2.1885,0.0000,-0.1552,0.0000,-0.2548,0.0000,-2.4449,0.0000,0.6000,-10372239.0000
22.2600,-1.9998,0.1577,2.3236,0.4500,0,0,-2.1748,0.0000,0.0356,0.0000,-0.2517,0.0000,-2.4261,0.0000,0.6000,-10372239.0000
22.2703,-2.2362,0.4345,2.0267,0.4500,0,0,-2.1679,0.0000,0.2163,0.0000,-0.2503,0.0000,-2.4161,0.0000,0.6000,-10372239.0000
22.2800,-1.8140,0.5510,2.3823,0.4500,0,0,-2.1451,0.0000,0.4112,0.0000,-0.2461,0.0000,-2.3871,0.0000,0.6000,-10372239.0000
22.2900,-1.8418,0.3167,2.2458,0.4501,0,0,-2.1222,0.0000,0.6025,0.0000,-0.2423,0.0000,-2.3584,0.0000,0.6000,-10372239.0000
22.3002,-2.1388,0.0565,2.0904,0.4501,0,0,-2.1086,0.0000,0.7802,0.0000,-0.2407,0.0000,-2.3415,0.0000,0.6000,-10372239.0000
22.3100,-2.1267,-0.1401,2.2371,0.4501,0,0,-2.0934,0.0000,0.9567,0.0000,-0.2392,0.0000,-2.3231,0.0000,0.6000,-10372239.0000
22.3203,-2.4651,-0.1766,1.9481,0.4501,0,0,-2.0887,0.0000,1.1189,0.0000,-0.2402,0.0000,-2.3178,0.0000,0.6000,-10372239.0000
22.3300,-2.2908,-0.4085,2.0895,0.4501,0,0,-2.0766,0.0000,1.2870,0.0000,-0.2400,0.0000,-2.3038,0.0000,0.6000,-10372239.0000
22.3400,-2.4279,-0.1859,2.0782,0.4501,0,0,-2.0680,0.0000,1.4484,0.0000,-0.2409,0.0000,-2.2944,0.0000,0.6000,-10372239.0000
22.3508,-2.6874,0.4077,1.8938,0.4501,0,0,-2.0671,0.0000,1.5991,0.0000,-0.2437,0.0000,-2.2948,0.0000,0.6000,-10372239.0000
22.3600,-2.3839,0.2194,2.1722,0.4500,0,0,-2.0542,0.0000,1.7611,0.0000,-0.2443,0.0000,-2.2809,0.0000,0.6000,-10372239.0000
22.3702,-2.4155,0.1562,2.1424,0.4500,0,0,-2.0412,0.0000,1.9203,0.0000,-0.2453,0.0000,-2.2673,0.0000,0.6000,-10372239.0000
22.3800,-2.6101,0.5873,2.1062,0.4500,0,0,-2.0339,0.0000,2.0704,0.0000,-0.2477,0.0000,-2.2609,0.0000,0.6000,-10372239.0000
22.3900,-2.0989,0.2414,2.3469,0.4500,0,0,-2.0076,0.0000,2.2392,0.0000,-0.2465,0.0000,-2.2317,0.0000,0.6000,-10372239.0000
22.4002,-2.0437,-0.0789,2.3787,0.4500,0,0,-1.9787,0.0000,2.4069,0.0000,-0.2452,0.0000,-2.1998,0.0000,0.6000,-10372239.0000
22.4100,-1.8959,0.1196,2.5189,0.4501,0,0,-1.9441,0.0000,2.5769,0.0000,-0.2431,0.0000,-2.1613,0.0000,0.6000,-10372239.0000
22.4203,-1.6656,-0.1016,2.7511,0.4501,0,0,-1.9010,0.0000,2.7515,0.0000,-0.2395,0.0000,-2.1131,0.0000,0.6000,-10372239.0000
22.4302,-1.5978,-0.2377,2.7300,0.4502,0,0,-1.8556,0.0000,2.9236,0.0000,-0.2359,0.0000,-2.0623,0.0000,0.6000,-10372239.0000
22.4399,-1.4514,0.0748,2.9386,0.4503,0,0,-1.8051,0.0000,3.0960,0.0000,-0.2316,0.0000,-2.0057,0.0000,0.6000,-10372239.0000
22.4503,-1.5568,0.1696,2.9708,0.4503,0,0,-1.7585,0.0000,3.2581,0.0000,-0.2284,0.0000,-1.9543,0.0000,0.6000,-10372239.0000
22.4600,-1.8561,0.3182,2.9879,0.4503,0,0,-1.7225,0.0000,3.4027,0.0000,-0.2277,0.0000,-1.9161,0.0000,0.6000,-10372239.0000
22.4700,-1.6139,0.5158,3.2276,0.4504,0,0,-1.6779,0.0000,3.5526,0.0000,-0.2255,0.0000,-1.8679,0.0000,0.6000,-10372239.0000
22.4803,-1.8329,0.1494,3.2426,0.4504,0,0,-1.6411,0.0000,3.6883,0.0000,-0.2253,0.0000,-1.8295,0.0000,0.6000,-10372239.0000
22.4900,-1.8000,0.2016,3.3335,0.4504,0,0,-1.6032,0.0000,3.8209,0.0000,-0.2251,0.0000,-1.7901,0.0000,0.6000,-10372239.0000
22.5003,-1.6378,0.2497,3.4896,0.4504,0,0,-1.5597,0.0000,3.9554,0.0000,-0.2240,0.0000,-1.7441,0.0000,0.6000,-10372239.0000
22.5099,-1.7209,-0.2160,3.4478,0.4504,0,0,-1.5193,0.0000,4.0812,0.0000,-0.2238,0.0000,-1.7023,0.0000,0.6000,-10372239.0000
22.5199,-1.5003,-0.2095,3.6934,0.4505,0,0,-1.4714,0.0000,4.2110,0.0000,-0.2224,0.0000,-1.6517,0.0000,0.6000,-10372239.0000
22.5302,-1.5190,0.0953,3.8477,0.4505,0,0,-1.4246,0.0000,4.3342,0.0000,-0.2215,0.0000,-1.6027,0.0000,0.6000,-10372239.0000
22.5400,-1.6323,-0.0463,3.9047,0.4505,0,0,-1.3823,0.0000,4.4471,0.0000,-0.2217,0.0000,-1.5595,0.0000,0.6000,-10372239.0000
22.5508,-1.3229,-0.1145,4.2340,0.4505,0,0,-1.3295,0.0000,4.5674,0.0000,-0.2200,0.0000,-1.5038,0.0000,0.6000,-10372239.0000
22.5599,-1.6093,0.2616,4.1945,0.4505,0,0,-1.2875,0.0000,4.6697,0.0000,-0.2207,0.0000,-1.4616,0.0000,0.6000,-10372239.0000
22.5700,-1.5457,0.4710,4.3236,0.4505,0,0,-1.2438,0.0000,4.7694,0.0000,-0.2213,0.0000,-1.4175,0.0000,0.6000,-10372239.0000
22.5802,-1.2014,0.1544,4.6659,0.4505,0,0,-1.1885,0.0000,4.8778,0.0000,-0.2198,0.0000,-1.3595,0.0000,0.6000,-10372239.0000
22.5900,-1.3231,0.2653,4.6808,0.4505,0,0,-1.1384,0.0000,4.9745,0.0000,-0.2196,0.0000,-1.3082,0.0000,0.6000,-10372239.0000
22.6002,-1.3033,0.2896,4.8590,0.4505,0,0,-1.0885,0.0000,5.0659,0.0000,-0.2195,0.0000,-1.2574,0.0000,0.6000,-10372239.0000
22.6100,-1.3249,-0.0074,5.0788,0.4505,0,0,-1.0402,0.0000,5.1504,0.0000,-0.2200,0.0000,-1.2087,0.0000,0.6000,-10372239.0000
22.6200,-1.8344,0.0181,4.9523,0.4504,0,0,-1.0109,0.0000,5.2086,0.0000,-0.2244,0.0000,-1.1832,0.0000,0.6000,-10372239.0000
22.6302,-1.9117,-0.1777,5.1289,0.4503,0,0,-0.9837,0.0000,5.2614,0.0000,-0.2293,0.0000,-1.1603,0.0000,0.6000,-10372239.0000
22.6400,-2.1150,-0.1664,5.2223,0.4502,0,0,-0.9559,0.0000,5.3120,0.0000,-0.2342,0.0000,-1.1370,0.0000,0.6000,-10372239.0000
22.6502,-2.1529,0.2286,5.2120,0.4500,0,0,-0.9277,0.0000,5.3604,0.0000,-0.2391,0.0000,-1.1131,0.0000,0.6000,-10372239.0000
22.6599,-1.8269,-0.0297,5.5414,0.4499,0,0,-0.8989,0.0000,5.4065,0.0000,-0.2440,0.0000,-1.0888,0.0000,0.6000,-10372239.0000
22.6700,-2.0160,0.1369,5.5846,0.4498,0,0,-0.8698,0.0000,5.4504,0.0000,-0.2488,0.0000,-1.0641,0.0000,0.6000,-10372239.0000
22.6804,-2.1333,0.5861,5.6733,0.4497,0,0,-0.8401,0.0000,5.4919,0.0000,-0.2537,0.0000,-1.0389,0.0000,0.6000,-10372239.0000
22.6900,-1.7823,0.1731,5.9140,0.4496,0,0,-0.8101,0.0000,5.5311,0.0000,-0.2586,0.0000,-1.0134,0.0000,0.6000,-10372239.0000
22.7003,-1.9895,0.0325,5.9153,0.4494,0,0,-0.7797,0.0000,5.5679,0.0000,-0.2634,0.0000,-0.9875,0.0000,0.6000,-10372239.0000
22.7100,-1.9938,0.4492,6.0406,0.4493,0,0,-0.7490,0.0000,5.6023,0.0000,-0.2683,0.0000,-0.9613,0.0000,0.6000,-10372239.0000
22.7200,-1.8818,0.1552,6.1889,0.4492,0,0,-0.7179,0.0000,5.6343,0.0000,-0.2731,0.0000,-0.9347,0.0000,0.6000,-10372239.0000
22.7303,-1.6670,-0.0402,6.2878,0.4491,0,0,-0.6865,0.0000,5.6639,0.0000,-0.2780,0.0000,-0.9078,0.0000,0.6000,-10372239.0000
22.7400,-1.2591,0.2964,6.4760,0.4490,0,0,-0.6424,0.0000,5.7047,0.0000,-0.2804,0.0000,-0.8657,0.0000,0.6000,-10372239.0000
22.7509,-0.9592,0.1648,6.6948,0.4490,0,0,-0.5886,0.0000,5.7522,0.0000,-0.2810,0.0000,-0.8122,0.0000,0.6000,-10372239.0000
22.7599,-0.6933,-0.2482,6.7950,0.4490,0,0,-0.5269,0.0000,5.8037,0.0000,-0.2802,0.0000,-0.7491,0.0000,0.6000,-10372239.0000
22.7700,-0.7415,-0.0165,7.0074,0.4490,0,0,-0.4686,0.0000,5.8459,0.0000,-0.2802,0.0000,-0.6903,0.0000,0.6000,-10372239.0000
22.7802,-1.1567,0.2927,6.8249,0.4489,0,0,-0.4267,0.0000,5.8651,0.0000,-0.2834,0.0000,-0.6515,0.0000,0.6000,-10372239.0000
22.7900,-1.0730,0.3186,6.9433,0.4489,0,0,-0.3831,0.0000,5.8827,0.0000,-0.2863,0.0000,-0.6105,0.0000,0.6000,-10372239.0000
22.8003,-0.7521,0.4716,7.0586,0.4488,0,0,-0.3293,0.0000,5.9077,0.0000,-0.2872,0.0000,-0.5575,0.0000,0.6000,-10372239.0000
22.8099,-0.8456,0.5957,6.9030,0.4488,0,0,-0.2805,0.0000,5.9228,0.0000,-0.2892,0.0000,-0.5105,0.0000,0.6000,-10372239.0000
22.8200,-0.5215,0.5613,7.0577,0.4488,0,0,-0.2217,0.0000,5.9447,0.0000,-0.2893,0.0000,-0.4515,0.0000,0.6000,-10372239.0000
22.8302,-0.1097,0.3659,7.1983,0.4488,0,0,-0.1500,0.0000,5.9754,0.0000,-0.2870,0.0000,-0.3772,0.0000,0.6000,-10372239.0000
22.8400,-0.2227,0.0095,7.0879,0.4489,0,0,-0.0848,0.0000,5.9932,0.0000,-0.2859,0.0000,-0.3108,0.0000,0.6000,-10372239.0000
22.8502,-0.1171,-0.1704,7.2579,0.4489,0,0,-0.0180,0.0000,6.0072,0.0000,-0.2846,0.0000,-0.2425,0.0000,0.6000,-10372239.0000
22.8600,-0.3029,0.0881,7.0948,0.4489,0,0,0.0399,0.0000,6.0064,0.0000,-0.2850,0.0000,-0.1850,0.0000,0.6000,-10372239.0000
22.8700,-0.2439,0.0859,6.9916,0.4489,0,0,0.0979,0.0000,6.0010,0.0000,-0.2854,0.0000,-0.1275,0.0000,0.6000,-10372239.0000
22.8804,0.1624,0.0493,7.1669,0.4489,0,0,0.1682,0.0000,6.0040,0.0000,-0.2834,0.0000,-0.0552,0.0000,0.6000,-10372239.0000
22.8900,-0.0939,0.5422,7.0200,0.4489,0,0,0.2302,0.0000,5.9927,0.0000,-0.2830,0.0000,0.0071,0.0000,0.6000,-10372239.0000
22.9002,0.1930,0.7598,7.1145,0.4490,0,0,0.2967,0.0000,5.9813,0.0000,-0.2818,0.0000,0.0748,0.0000,0.6000,-10372239.0000
22.9099,0.5547,0.1821,7.3461,0.4490,0,0,0.3736,0.0000,5.9753,0.0000,-0.2785,0.0000,0.1548,0.0000,0.6000,-10372239.0000
22.9199,0.4729,0.4681,7.1117,0.4491,0,0,0.4446,0.0000,5.9572,0.0000,-0.2764,0.0000,0.2278,0.0000,0.6000,-10372239.0000
22.9303,0.7177,0.6633,7.0751,0.4491,0,0,0.5215,0.0000,5.9397,0.0000,-0.2731,0.0000,0.3078,0.0000,0.6000,-10372239.0000
22.9399,1.0594,0.1136,7.0292,0.4492,0,0,0.6056,0.0000,5.9236,0.0000,-0.2683,0.0000,0.3965,0.0000,0.6000,-10372239.0000
22.9508,0.9297,0.2280,6.7889,0.4493,0,0,0.6837,0.0000,5.8946,0.0000,-0.2647,0.0000,0.4779,0.0000,0.6000,-10372239.0000
22.9599,0.9632,0.4413,6.8135,0.4494,0,0,0.7598,0.0000,5.8575,0.0000,-0.2614,0.0000,0.5569,0.0000,0.6000,-10372239.0000
22.9700,0.9634,-0.0605,6.7645,0.4494,0,0,0.8327,0.0000,5.8115,0.0000,-0.2587,0.0000,0.6321,0.0000,0.6000,-10372239.0000
22.9803,1.1967,-0.0047,6.7571,0.4495,0,0,0.9107,0.0000,5.7652,0.0000,-0.2549,0.0000,0.7135,0.0000,0.6000,-10372239.0000
22.9900,1.2475,0.3277,6.7189,0.4496,0,0,0.9871,0.0000,5.7115,0.0000,-0.2512,0.0000,0.7930,0.0000,0.6000,-10372239.0000
23.0003,0.9800,0.4353,6.3455,0.4496,0,0,1.0508,0.0000,5.6393,0.0000,-0.2500,0.0000,0.8572,0.0000,0.6000,-10372239.0000
23.0099,1.3713,0.6486,6.4507,0.4497,0,0,1.1253,0.0000,5.5735,0.0000,-0.2465,0.0000,0.9345,0.0000,0.6000,-10372239.0000
23.0199,1.5536,0.6592,6.4315,0.4497,0,0,1.2027,0.0000,5.5053,0.0000,-0.2423,0.0000,1.0155,0.0000,0.6000,-10372239.0000
23.0302,1.5034,0.5936,6.2708,0.4498,0,0,1.2749,0.0000,5.4262,0.0000,-0.2390,0.0000,1.0902,0.0000,0.6000,-10372242.0000
23.0400,1.7598,0.5907,6.3723,0.4499,0,0,1.3526,0.0000,5.3476,0.0000,-0.2345,0.0000,1.1716,0.0000,0.6000,-10372242.0000
23.0502,1.6720,0.3368,6.0863,0.4499,0,0,1.4236,0.0000,5.2568,0.0000,-0.2311,0.0000,1.2451,0.0000,0.6000,-10372242.0000
23.0600,1.7664,-0.0009,5.9080,0.4500,0,0,1.4944,0.0000,5.1610,0.0000,-0.2276,0.0000,1.3184,0.0000,0.6000,-10372242.0000
23.0699,1.6815,0.1613,5.8986,0.4500,0,0,1.5587,0.0000,5.0540,0.0000,-0.2251,0.0000,1.3841,0.0000,0.6000,-10372242.0000
23.0804,1.3288,0.3846,5.5533,0.4500,0,0,1.6073,0.0000,4.9275,0.0000,-0.2255,0.0000,1.4311,0.0000,0.6000,-10372242.0000
23.0900,1.8622,0.2112,5.7108,0.4500,0,0,1.6716,0.0000,4.8136,0.0000,-0.2226,0.0000,1.4972,0.0000,0.6000,-10372242.0000
23.1003,1.9926,0.4750,5.6334,0.4501,0,0,1.7370,0.0000,4.6968,0.0000,-0.2192,0.0000,1.5647,0.0000,0.6000,-10372242.0000
23.1100,1.5674,1.0551,5.2576,0.4501,0,0,1.7840,0.0000,4.5580,0.0000,-0.2192,0.0000,1.6104,0.0000,0.6000,-10372242.0000
23.1199,1.7985,0.8924,5.3025,0.4501,0,0,1.8362,0.0000,4.4217,0.0000,-0.2179,0.0000,1.6625,0.0000,0.6000,-10372242.0000
23.1302,1.8842,0.5408,5.1214,0.4501,0,0,1.8881,0.0000,4.2823,0.0000,-0.2164,0.0000,1.7145,0.0000,0.6000,-10372242.0000
23.1400,1.6800,0.3359,4.8262,0.4501,0,0,1.9297,0.0000,4.1301,0.0000,-0.2166,0.0000,1.7544,0.0000,0.6000,-10372242.0000
23.1500,1.8793,0.1214,4.9386,0.4501,0,0,1.9753,0.0000,3.9800,0.0000,-0.2158,0.0000,1.7993,0.0000,0.6000,-10372242.0000
23.1602,1.7887,0.2021,4.7317,0.4501,0,0,2.0148,0.0000,3.8216,0.0000,-0.2159,0.0000,1.8371,0.0000,0.6000,-10372242.0000
23.1700,1.8923,0.1639,4.6520,0.4501,0,0,2.0549,0.0000,3.6623,0.0000,-0.2155,0.0000,1.8760,0.0000,0.6000,-10372242.0000
23.1802,1.9215,0.1538,4.6051,0.4501,0,0,2.0931,0.0000,3.4995,0.0000,-0.2152,0.0000,1.9129,0.0000,0.6000,-10372242.0000
23.1900,1.4427,0.6204,4.1749,0.4501,0,0,2.1118,0.0000,3.3163,0.0000,-0.2184,0.0000,1.9266,0.0000,0.6000,-10372242.0000
23.2000,1.5612,0.6075,4.1637,0.4501,0,0,2.1324,0.0000,3.1351,0.0000,-0.2209,0.0000,1.9428,0.0000,0.6000,-10372242.0000
23.2106,1.6672,0.2520,4.1397,0.4501,0,0,2.1542,0.0000,2.9552,0.0000,-0.2228,0.0000,1.9610,0.0000,0.6000,-10372242.0000
23.2200,1.3095,0.6887,3.8158,0.4501,0,0,2.1614,0.0000,2.7610,0.0000,-0.2273,0.0000,1.9617,0.0000,0.6000,-10372242.0000
23.2302,1.6636,0.8193,3.8880,0.4501,0,0,2.1787,0.0000,2.5780,0.0000,-0.2293,0.0000,1.9752,0.0000,0.6000,-10372242.0000
23.2399,1.7907,0.2320,3.8157,0.4501,0,0,2.1981,0.0000,2.3976,0.0000,-0.2306,0.0000,1.9915,0.0000,0.6000,-10372242.0000
23.2500,1.6662,0.3500,3.5957,0.4500,0,0,2.2109,0.0000,2.2108,0.0000,-0.2328,0.0000,2.0002,0.0000,0.6000,-10372242.0000
23.2602,1.6400,0.3034,3.5599,0.4500,0,0,2.2207,0.0000,2.0217,0.0000,-0.2353,0.0000,2.0056,0.0000,0.6000,-10372242.0000
23.2699,1.4855,-0.1770,3.3539,0.4500,0,0,2.2230,0.0000,1.8264,0.0000,-0.2389,0.0000,2.0024,0.0000,0.6000,-10372242.0000
23.2803,1.5787,-0.1037,3.3209,0.4500,0,0,2.2267,0.0000,1.6341,0.0000,-0.2419,0.0000,2.0012,0.0000,0.6000,-10372242.0000
23.2899,1.4596,0.2634,3.2433,0.4501,0,0,2.2245,0.0000,1.4374,0.0000,-0.2456,0.0000,1.9932,0.0000,0.6000,-10372242.0000
23.3000,1.2196,0.3391,2.9753,0.4501,0,0,2.2148,0.0000,1.2353,0.0000,-0.2505,0.0000,1.9767,0.0000,0.6000,-10372242.0000
23.3103,1.5015,0.4143,3.0685,0.4501,0,0,2.2108,0.0000,1.0417,0.0000,-0.2538,0.0000,1.9675,0.0000,0.6000,-10372242.0000
23.3199,1.4204,0.4895,2.9844,0.4501,0,0,2.2025,0.0000,0.8458,0.0000,-0.2576,0.0000,1.9533,0.0000,0.6000,-10372242.0000
23.3302,1.2643,0.5152,2.7808,0.4501,0,0,2.1873,0.0000,0.6456,0.0000,-0.2624,0.0000,1.9313,0.0000,0.6000,-10372242.0000
23.3400,1.5193,0.3823,2.8832,0.4501,0,0,2.1796,0.0000,0.4561,0.0000,-0.2653,0.0000,1.9189,0.0000,0.6000,-10372242.0000
23.3500,1.4761,0.2031,2.7167,0.4501,0,0,2.1689,0.0000,0.2661,0.0000,-0.2684,0.0000,1.9032,0.0000,0.6000,-10372242.0000
23.3603,1.4595,0.0109,2.6474,0.4502,0,0,2.1563,0.0000,0.0768,0.0000,-0.2715,0.0000,1.8856,0.0000,0.6000,-10372242.0000
23.3700,1.4596,0.1141,2.7567,0.4502,0,0,2.1425,0.0000,-0.1109,0.0000,-0.2745,0.0000,1.8669,0.0000,0.6000,-10372242.0000
23.3803,1.2214,0.1785,2.5274,0.4502,0,0,2.1192,0.0000,-0.3055,0.0000,-0.2790,0.0000,1.8371,0.0000,0.6000,-10372242.0000
23.3899,1.3716,0.0041,2.6709,0.4502,0,0,2.1001,0.0000,-0.4919,0.0000,-0.2823,0.0000,1.8129,0.0000,0.6000,-10372242.0000
23.4000,1.1634,0.1856,2.5854,0.4503,0,0,2.0728,0.0000,-0.6835,0.0000,-0.2868,0.0000,1.7792,0.0000,0.6000,-10372242.0000
23.4106,0.9666,0.7293,2.4433,0.4503,0,0,2.0419,0.0000,-0.8749,0.0000,-0.2918,0.0000,1.7414,0.0000,0.6000,-10372242.0000
23.4199,1.3466,0.4278,2.7080,0.4504,0,0,2.0195,0.0000,-1.0529,0.0000,-0.2945,0.0000,1.7145,0.0000,0.6000,-10372242.0000
23.4302,1.3071,0.2090,2.6598,0.4504,0,0,1.9950,0.0000,-1.2296,0.0000,-0.2974,0.0000,1.6853,0.0000,0.6000,-10372242.0000
23.4400,1.3037,0.7433,2.6491,0.4504,0,0,1.9695,0.0000,-1.4035,0.0000,-0.3001,0.0000,1.6554,0.0000,0.6000,-10372242.0000
23.4500,1.8543,0.4180,3.0331,0.4504,0,0,1.9623,0.0000,-1.5539,0.0000,-0.2987,0.0000,1.6481,0.0000,0.6000,-10372242.0000
23.4603,2.2509,-0.0181,3.0164,0.4504,0,0,1.9676,0.0000,-1.6885,0.0000,-0.2944,0.0000,1.6563,0.0000,0.6000,-10372242.0000
23.4700,2.4190,0.1475,3.1775,0.4503,0,0,1.9750,0.0000,-1.8197,0.0000,-0.2895,0.0000,1.6673,0.0000,0.6000,-10372242.0000
23.4803,2.3764,0.0280,3.2749,0.4502,0,0,1.9810,0.0000,-1.9514,0.0000,-0.2845,0.0000,1.6769,0.0000,0.6000,-10372242.0000
23.4900,2.0708,0.0746,3.0886,0.4502,0,0,1.9751,0.0000,-2.0949,0.0000,-0.2817,0.0000,1.6724,0.0000,0.6000,-10372242.0000
23.5000,2.1382,0.2832,3.3354,0.4501,0,0,1.9703,0.0000,-2.2352,0.0000,-0.2784,0.0000,1.6695,0.0000,0.6000,-10372242.0000
23.5103,1.8026,0.1841,3.1888,0.4501,0,0,1.9526,0.0000,-2.3877,0.0000,-0.2775,0.0000,1.6512,0.0000,0.6000,-10372242.0000
23.5199,0.9145,0.8593,2.9479,0.4502,0,0,1.9044,0.0000,-2.5708,0.0000,-0.2825,0.0000,1.5962,0.0000,0.6000,-10372242.0000
23.5303,0.9135,1.1232,2.9499,0.4503,0,0,1.8549,0.0000,-2.7496,0.0000,-0.2873,0.0000,1.5401,0.0000,0.6000,-10372242.0000
23.5400,1.0148,0.3598,3.0107,0.4503,0,0,1.8091,0.0000,-2.9184,0.0000,-0.2910,0.0000,1.4889,0.0000,0.6000,-10372242.0000
23.5500,1.2549,0.4628,3.0317,0.4504,0,0,1.7718,0.0000,-3.0724,0.0000,-0.2927,0.0000,1.4484,0.0000,0.6000,-10372242.0000
23.5602,1.6043,0.4605,3.2540,0.4503,0,0,1.7465,0.0000,-3.2082,0.0000,-0.2916,0.0000,1.4229,0.0000,0.6000,-10372242.0000
23.5700,1.6223,-0.0851,3.2550,0.4503,0,0,1.7214,0.0000,-3.3402,0.0000,-0.2902,0.0000,1.3978,0.0000,0.6000,-10372242.0000
23.5803,1.5952,0.0838,3.3255,0.4503,0,0,1.6949,0.0000,-3.4702,0.0000,-0.2888,0.0000,1.3714,0.0000,0.6000,-10372242.0000
23.5900,1.3678,0.1132,3.3579,0.4503,0,0,1.6601,0.0000,-3.6060,0.0000,-0.2888,0.0000,1.3352,0.0000,0.6000,-10372242.0000
23.6000,1.0827,0.1342,3.3118,0.4503,0,0,1.6152,0.0000,-3.7489,0.0000,-0.2906,0.0000,1.2871,0.0000,0.6000,-10372242.0000
23.6107,1.1205,0.5176,3.4292,0.4504,0,0,1.5718,0.0000,-3.8848,0.0000,-0.2918,0.0000,1.2412,0.0000,0.6000,-10372242.0000
23.6199,1.1885,0.3039,3.5695,0.4504,0,0,1.5311,0.0000,-4.0128,0.0000,-0.2921,0.0000,1.1989,0.0000,0.6000,-10372242.0000
23.6302,1.0825,0.3423,3.6470,0.4504,0,0,1.4869,0.0000,-4.1400,0.0000,-0.2930,0.0000,1.1526,0.0000,0.6000,-10372242.0000
23.6400,0.8975,0.9235,3.7386,0.4504,0,0,1.4365,0.0000,-4.2693,0.0000,-0.2948,0.0000,1.0991,0.0000,0.6000,-10372242.0000
23.6500,1.2079,0.4916,3.9220,0.4504,0,0,1.3977,0.0000,-4.3800,0.0000,-0.2940,0.0000,1.0599,0.0000,0.6000,-10372242.0000
23.6602,1.4077,-0.0552,4.1008,0.4503,0,0,1.3661,0.0000,-4.4780,0.0000,-0.2915,0.0000,1.0298,0.0000,0.6000,-10372242.0000
23.6700,1.2890,0.1462,4.1489,0.4503,0,0,1.3305,0.0000,-4.5770,0.0000,-0.2897,0.0000,0.9950,0.0000,0.6000,-10372242.0000
23.6804,1.1624,0.1463,4.2251,0.4503,0,0,1.2906,0.0000,-4.6768,0.0000,-0.2885,0.0000,0.9553,0.0000,0.6000,-10372242.0000
23.6900,1.1405,0.0781,4.4031,0.4503,0,0,1.2504,0.0000,-4.7727,0.0000,-0.2872,0.0000,0.9154,0.0000,0.6000,-10372242.0000
23.7000,1.0178,0.1772,4.4813,0.4502,0,0,1.2063,0.0000,-4.8687,0.0000,-0.2865,0.0000,0.8711,0.0000,0.6000,-10372242.0000
23.7102,1.0527,-0.0245,4.6497,0.4502,0,0,1.1640,0.0000,-4.9580,0.0000,-0.2852,0.0000,0.8292,0.0000,0.6000,-10372242.0000
23.7200,0.7118,0.2606,4.7377,0.4502,0,0,1.1103,0.0000,-5.0558,0.0000,-0.2861,0.0000,0.7737,0.0000,0.6000,-10372242.0000
23.7303,0.7562,0.6150,4.8401,0.4502,0,0,1.0591,0.0000,-5.1454,0.0000,-0.2862,0.0000,0.7215,0.0000,0.6000,-10372242.0000
23.7400,1.0766,0.1433,5.2091,0.4502,0,0,1.0203,0.0000,-5.2159,0.0000,-0.2837,0.0000,0.6844,0.0000,0.6000,-10372242.0000
23.7500,0.9487,0.2582,5.2529,0.4501,0,0,0.9775,0.0000,-5.2870,0.0000,-0.2819,0.0000,0.6427,0.0000,0.6000,-10372242.0000
23.7603,0.8217,0.6466,5.3414,0.4501,0,0,0.9310,0.0000,-5.3581,0.0000,-0.2806,0.0000,0.5968,0.0000,0.6000,-10372242.0000
23.7700,1.0427,0.1664,5.6241,0.4500,0,0,0.8932,0.0000,-5.4148,0.0000,-0.2775,0.0000,0.5616,0.0000,0.6000,-10372242.0000
23.7802,0.9148,0.0500,5.6388,0.4500,0,0,0.8516,0.0000,-5.4722,0.0000,-0.2750,0.0000,0.5218,0.0000,0.6000,-10372242.0000
23.7900,0.8120,0.0110,5.6933,0.4499,0,0,0.8072,0.0000,-5.5287,0.0000,-0.2730,0.0000,0.4789,0.0000,0.6000,-10372242.0000
23.8000,0.7045,-0.1444,5.8881,0.4499,0,0,0.7599,0.0000,-5.5843,0.0000,-0.2715,0.0000,0.4326,0.0000,0.6000,-10372242.0000
23.8106,0.4941,0.2758,5.8507,0.4499,0,0,0.7063,0.0000,-5.6426,0.0000,-0.2710,0.0000,0.3788,0.0000,0.6000,-10372242.0000
23.8200,0.8302,0.0865,6.1271,0.4498,0,0,0.6659,0.0000,-5.6813,0.0000,-0.2679,0.0000,0.3412,0.0000,0.6000,-10372242.0000
23.8303,0.8540,-0.0921,6.2946,0.4497,0,0,0.6273,0.0000,-5.7143,0.0000,-0.2644,0.0000,0.3058,0.0000,0.6000,-10372242.0000
23.8400,0.3428,0.6796,6.2479,0.4497,0,0,0.5715,0.0000,-5.7629,0.0000,-0.2641,0.0000,0.2498,0.0000,0.6000,-10372242.0000
23.8500,0.5796,0.5234,6.5139,0.4497,0,0,0.5256,0.0000,-5.7957,0.0000,-0.2618,0.0000,0.2058,0.0000,0.6000,-10372242.0000
23.8602,0.6938,0.0964,6.5916,0.4496,0,0,0.4850,0.0000,-5.8186,0.0000,-0.2585,0.0000,0.1684,0.0000,0.6000,-10372242.0000
23.8700,0.4484,0.3900,6.4969,0.4495,0,0,0.4368,0.0000,-5.8465,0.0000,-0.2565,0.0000,0.1218,0.0000,0.6000,-10372242.0000
23.8803,0.4243,0.1651,6.6494,0.4495,0,0,0.3891,0.0000,-5.8696,0.0000,-0.2544,0.0000,0.0759,0.0000,0.6000,-10372242.0000
23.8900,0.3736,-0.1727,6.7201,0.4494,0,0,0.3410,0.0000,-5.8892,0.0000,-0.2524,0.0000,0.0297,0.0000,0.6000,-10372242.0000
23.9000,0.3142,-0.0239,6.8306,0.4494,0,0,0.2922,0.0000,-5.9055,0.0000,-0.2504,0.0000,-0.0173,0.0000,0.6000,-10372242.0000
23.9102,0.3126,-0.1458,6.9359,0.4493,0,0,0.2449,0.0000,-5.9161,0.0000,-0.2482,0.0000,-0.0625,0.0000,0.6000,-10372242.0000
23.9199,-0.2008,0.2911,6.8056,0.4494,0,0,0.1808,0.0000,-5.9409,0.0000,-0.2491,0.0000,-0.1278,0.0000,0.6000,-10372242.0000
23.9303,-0.3084,0.8029,6.7506,0.4494,0,0,0.1150,0.0000,-5.9622,0.0000,-0.2504,0.0000,-0.1950,0.0000,0.6000,-10372242.0000
23.9400,-0.1577,0.2995,6.8263,0.4494,0,0,0.0567,0.0000,-5.9699,0.0000,-0.2501,0.0000,-0.2532,0.0000,0.6000,-10372242.0000
23.9499,-0.4332,0.2958,6.5825,0.4494,0,0,-0.0094,0.0000,-5.9812,0.0000,-0.2513,0.0000,-0.3206,0.0000,0.6000,-10372242.0000
23.9602,-0.3604,0.5367,6.5862,0.4494,0,0,-0.0707,0.0000,-5.9820,0.0000,-0.2516,0.0000,-0.3821,0.0000,0.6000,-10372242.0000
23.9699,-0.3125,-0.1184,6.6313,0.4494,0,0,-0.1280,0.0000,-5.9737,0.0000,-0.2511,0.0000,-0.4389,0.0000,0.6000,-10372242.0000
23.9802,-0.4439,-0.2587,6.5243,0.4494,0,0,-0.1879,0.0000,-5.9637,0.0000,-0.2512,0.0000,-0.4987,0.0000,0.6000,-10372242.0000
23.9900,-0.6760,0.1038,6.5893,0.4494,0,0,-0.2538,0.0000,-5.9553,0.0000,-0.2524,0.0000,-0.5658,0.0000,0.6000,-10372247.0000
24.0000,-1.0016,0.0888,6.4867,0.4495,0,0,-0.3288,0.0000,-5.9511,0.0000,-0.2553,0.0000,-0.6437,0.0000,0.6000,-10372247.0000
24.0108,-1.1647,0.0587,6.3770,0.4496,0,0,-0.4068,0.0000,-5.9440,0.0000,-0.2589,0.0000,-0.7251,0.0000,0.6000,-10372247.0000
24.0199,-1.0488,-0.0389,6.3519,0.4496,0,0,-0.4776,0.0000,-5.9233,0.0000,-0.2611,0.0000,-0.7980,0.0000,0.6000,-10372247.0000
24.0303,-1.2281,0.0324,6.2018,0.4497,0,0,-0.5521,0.0000,-5.9008,0.0000,-0.2640,0.0000,-0.8751,0.0000,0.6000,-10372247.0000
24.0399,-1.4546,0.7169,6.0983,0.4497,0,0,-0.6315,0.0000,-5.8777,0.0000,-0.2679,0.0000,-0.9582,0.0000,0.6000,-10372247.0000
24.0500,-1.2823,0.6830,6.1418,0.4498,0,0,-0.7017,0.0000,-5.8389,0.0000,-0.2701,0.0000,-1.0303,0.0000,0.6000,-10372247.0000
24.0602,-1.1741,0.0972,6.0556,0.4498,0,0,-0.7652,0.0000,-5.7880,0.0000,-0.2711,0.0000,-1.0942,0.0000,0.6000,-10372247.0000
24.0700,-1.4341,0.1892,5.9438,0.4498,0,0,-0.8351,0.0000,-5.7390,0.0000,-0.2734,0.0000,-1.1658,0.0000,0.6000,-10372247.0000
24.0804,-1.3731,0.2737,5.8603,0.4499,0,0,-0.8997,0.0000,-5.6797,0.0000,-0.2748,0.0000,-1.2313,0.0000,0.6000,-10372247.0000
24.0899,-1.1952,-0.2337,5.8699,0.4499,0,0,-0.9553,0.0000,-5.6065,0.0000,-0.2746,0.0000,-1.2859,0.0000,0.6000,-10372247.0000
24.0999,-0.9685,-0.0536,5.8713,0.4498,0,0,-1.0002,0.0000,-5.5190,0.0000,-0.2724,0.0000,-1.3278,0.0000,0.6000,-10372247.0000
24.1102,-1.0458,-0.0669,5.7990,0.4498,0,0,-1.0455,0.0000,-5.4292,0.0000,-0.2705,0.0000,-1.3703,0.0000,0.6000,-10372247.0000
24.1200,-1.3055,0.0623,5.6512,0.4498,0,0,-1.0975,0.0000,-5.3435,0.0000,-0.2701,0.0000,-1.4210,0.0000,0.6000,-10372247.0000
24.1302,-1.2849,0.4113,5.5331,0.4498,0,0,-1.1462,0.0000,-5.2511,0.0000,-0.2691,0.0000,-1.4678,0.0000,0.6000,-10372247.0000
24.1400,-1.3055,0.2267,5.5764,0.4498,0,0,-1.1930,0.0000,-5.1539,0.0000,-0.2680,0.0000,-1.5126,0.0000,0.6000,-10372247.0000
24.1500,-1.6406,0.3205,5.3475,0.4498,0,0,-1.2490,0.0000,-5.0631,0.0000,-0.2689,0.0000,-1.5686,0.0000,0.6000,-10372247.0000
24.1603,-1.5620,0.7008,5.3254,0.4498,0,0,-1.2994,0.0000,-4.9631,0.0000,-0.2689,0.0000,-1.6179,0.0000,0.6000,-10372247.0000
24.1700,-1.4721,0.1224,5.3366,0.4498,0,0,-1.3440,0.0000,-4.8543,0.0000,-0.2679,0.0000,-1.6604,0.0000,0.6000,-10372247.0000
24.1803,-1.4169,-0.0127,5.1522,0.4497,0,0,-1.3840,0.0000,-4.7387,0.0000,-0.2662,0.0000,-1.6976,0.0000,0.6000,-10372247.0000
24.1899,-1.6167,0.1867,5.0953,0.4497,0,0,-1.4286,0.0000,-4.6254,0.0000,-0.2657,0.0000,-1.7405,0.0000,0.6000,-10372247.0000
24.2000,-1.7823,0.0005,4.9366,0.4497,0,0,-1.4763,0.0000,-4.5128,0.0000,-0.2660,0.0000,-1.7874,0.0000,0.6000,-10372247.0000
24.2107,-1.6212,-0.0474,4.9400,0.4497,0,0,-1.5156,0.0000,-4.3892,0.0000,-0.2648,0.0000,-1.8244,0.0000,0.6000,-10372247.0000
24.2199,-1.6000,0.3019,4.9353,0.4497,0,0,-1.5517,0.0000,-4.2606,0.0000,-0.2633,0.0000,-1.8577,0.0000,0.6000,-10372247.0000
24.2303,-2.0808,0.4276,4.6487,0.4497,0,0,-1.6021,0.0000,-4.1443,0.0000,-0.2648,0.0000,-1.9084,0.0000,0.6000,-10372247.0000
24.2399,-1.9712,0.4270,4.6425,0.4497,0,0,-1.6457,0.0000,-4.0185,0.0000,-0.2653,0.0000,-1.9511,0.0000,0.6000,-10372247.0000
24.2500,-2.0609,0.2992,4.5364,0.4497,0,0,-1.6897,0.0000,-3.8908,0.0000,-0.2660,0.0000,-1.9946,0.0000,0.6000,-10372247.0000
24.2602,-2.2833,0.2238,4.2300,0.4497,0,0,-1.7386,0.0000,-3.7656,0.0000,-0.2680,0.0000,-2.0442,0.0000,0.6000,-10372247.0000
24.2700,-2.1544,0.4813,4.3514,0.4497,0,0,-1.7801,0.0000,-3.6305,0.0000,-0.2687,0.0000,-2.0851,0.0000,0.6000,-10372247.0000
24.2804,-2.1259,0.3279,4.1759,0.4497,0,0,-1.8178,0.0000,-3.4898,0.0000,-0.2690,0.0000,-2.1217,0.0000,0.6000,-10372247.0000
24.2900,-2.0020,-0.3144,4.1343,0.4497,0,0,-1.8485,0.0000,-3.3406,0.0000,-0.2682,0.0000,-2.1501,0.0000,0.6000,-10372247.0000
24.2999,-1.9111,-0.2032,4.2268,0.4497,0,0,-1.8737,0.0000,-3.1849,0.0000,-0.2665,0.0000,-2.1721,0.0000,0.6000,-10372247.0000
24.3102,-2.4512,0.1756,3.8899,0.4497,0,0,-1.9152,0.0000,-3.0447,0.0000,-0.2685,0.0000,-2.2141,0.0000,0.6000,-10372247.0000
24.3199,-2.2845,0.0600,3.9423,0.4497,0,0,-1.9480,0.0000,-2.8941,0.0000,-0.2689,0.0000,-2.2459,0.0000,0.6000,-10372247.0000
24.3302,-2.1979,0.3070,3.9918,0.4497,0,0,-1.9753,0.0000,-2.7370,0.0000,-0.2686,0.0000,-2.2713,0.0000,0.6000,-10372247.0000
24.3400,-2.6266,0.5954,3.6686,0.4498,0,0,-2.0149,0.0000,-2.5913,0.0000,-0.2711,0.0000,-2.3119,0.0000,0.6000,-10372247.0000
24.3500,-2.3773,0.3545,3.7901,0.4498,0,0,-2.0431,0.0000,-2.4326,0.0000,-0.2715,0.0000,-2.3389,0.0000,0.6000,-10372247.0000
24.3602,-2.1160,0.1715,3.7763,0.4498,0,0,-2.0598,0.0000,-2.2619,0.0000,-0.2700,0.0000,-2.3523,0.0000,0.6000,-10372247.0000
24.3699,-2.2427,-0.0870,3.6541,0.4498,0,0,-2.0786,0.0000,-2.0936,0.0000,-0.2692,0.0000,-2.3688,0.0000,0.6000,-10372247.0000
24.3802,-2.1929,-0.3189,3.7269,0.4498,0,0,-2.0935,0.0000,-1.9216,0.0000,-0.2680,0.0000,-2.3807,0.0000,0.6000,-10372247.0000
24.3900,-2.5671,0.0202,3.4709,0.4497,0,0,-2.1191,0.0000,-1.7608,0.0000,-0.2693,0.0000,-2.4060,0.0000,0.6000,-10372247.0000
24.4000,-2.5909,0.0224,3.4020,0.4497,0,0,-2.1431,0.0000,-1.5980,0.0000,-0.2706,0.0000,-2.4296,0.0000,0.6000,-10372247.0000
24.4108,-2.2517,-0.0282,3.5393,0.4498,0,0,-2.1529,0.0000,-1.4207,0.0000,-0.2693,0.0000,-2.4365,0.0000,0.6000,-10372247.0000
24.4200,-2.5843,0.4621,3.2485,0.4497,0,0,-2.1722,0.0000,-1.2539,0.0000,-0.2704,0.0000,-2.4551,0.0000,0.6000,-10372247.0000
24.4302,-2.4904,0.5908,3.2314,0.4497,0,0,-2.1860,0.0000,-1.0817,0.0000,-0.2706,0.0000,-2.4674,0.0000,0.6000,-10372247.0000
24.4399,-2.1039,0.2165,3.3827,0.4498,0,0,-2.1843,0.0000,-0.8944,0.0000,-0.2681,0.0000,-2.4613,0.0000,0.6000,-10372247.0000
24.4500,-2.2171,0.2204,3.1672,0.4498,0,0,-2.1849,0.0000,-0.7114,0.0000,-0.2664,0.0000,-2.4583,0.0000,0.6000,-10372247.0000
24.4602,-2.0199,0.0708,3.2977,0.4498,0,0,-2.1769,0.0000,-0.5214,0.0000,-0.2633,0.0000,-2.4454,0.0000,0.6000,-10372247.0000
24.4700,-2.2238,-0.0912,3.1615,0.4498,0,0,-2.1745,0.0000,-0.3397,0.0000,-0.2618,0.0000,-2.4397,0.0000,0.6000,-10372247.0000
24.4804,-2.3750,0.0084,3.0190,0.4498,0,0,-2.1757,0.0000,-0.1638,0.0000,-0.2613,0.0000,-2.4386,0.0000,0.6000,-10372247.0000
24.4900,-2.1183,-0.2918,3.2065,0.4498,0,0,-2.1663,0.0000,0.0215,0.0000,-0.2591,0.0000,-2.4251,0.0000,0.6000,-10372247.0000
24.4999,-2.4213,0.1272,3.0012,0.4498,0,0,-2.1660,0.0000,0.1946,0.0000,-0.2590,0.0000,-2.4230,0.0000,0.6000,-10372247.0000
24.5103,-2.3143,0.9040,3.0453,0.4498,0,0,-2.1603,0.0000,0.3716,0.0000,-0.2583,0.0000,-2.4148,0.0000,0.6000,-10372247.0000
24.5199,-1.7917,0.4457,3.2859,0.4499,0,0,-2.1351,0.0000,0.5667,0.0000,-0.2539,0.0000,-2.3833,0.0000,0.6000,-10372247.0000
24.5303,-1.8536,0.3132,3.1212,0.4499,0,0,-2.1112,0.0000,0.7566,0.0000,-0.2502,0.0000,-2.3538,0.0000,0.6000,-10372247.0000
24.5400,-1.7496,0.5579,3.2556,0.4499,0,0,-2.0828,0.0000,0.9473,0.0000,-0.2459,0.0000,-2.3192,0.0000,0.6000,-10372247.0000
24.5499,-1.7060,-0.1487,3.2966,0.4500,0,0,-2.0522,0.0000,1.1363,0.0000,-0.2416,0.0000,-2.2824,0.0000,0.6000,-10372247.0000
24.5602,-1.6341,-0.3288,3.2593,0.4500,0,0,-2.0184,0.0000,1.3243,0.0000,-0.2370,0.0000,-2.2422,0.0000,0.6000,-10372247.0000
24.5700,-1.6564,-0.0823,3.3723,0.4501,0,0,-1.9849,0.0000,1.5074,0.0000,-0.2329,0.0000,-2.2028,0.0000,0.6000,-10372247.0000
24.5803,-1.9742,-0.0026,3.1766,0.4501,0,0,-1.9620,0.0000,1.6746,0.0000,-0.2313,0.0000,-2.1765,0.0000,0.6000,-10372247.0000
24.5900,-1.8544,0.4126,3.3098,0.4501,0,0,-1.9341,0.0000,1.8436,0.0000,-0.2290,0.0000,-2.1447,0.0000,0.6000,-10372247.0000
24.5999,-1.7367,0.4233,3.3302,0.4502,0,0,-1.9015,0.0000,2.0136,0.0000,-0.2261,0.0000,-2.1075,0.0000,0.6000,-10372247.0000
24.6106,-2.1239,0.2533,3.1335,0.4502,0,0,-1.8820,0.0000,2.1651,0.0000,-0.2262,0.0000,-2.0865,0.0000,0.6000,-10372247.0000
24.6200,-2.2092,0.7128,3.1006,0.4501,0,0,-1.8646,0.0000,2.3110,0.0000,-0.2271,0.0000,-2.0686,0.0000,0.6000,-10372247.0000
24.6302,-2.0535,0.4731,3.1761,0.4501,0,0,-1.8409,0.0000,2.4608,0.0000,-0.2270,0.0000,-2.0433,0.0000,0.6000,-10372247.0000
24.6400,-2.0002,-0.0835,3.0753,0.4501,0,0,-1.8148,0.0000,2.6097,0.0000,-0.2267,0.0000,-2.0154,0.0000,0.6000,-10372247.0000
24.6499,-1.8260,0.1418,3.2382,0.4502,0,0,-1.7821,0.0000,2.7621,0.0000,-0.2254,0.0000,-1.9799,0.0000,0.6000,-10372247.0000
24.6603,-1.9222,-0.0444,3.1144,0.4502,0,0,-1.7525,0.0000,2.9069,0.0000,-0.2250,0.0000,-1.9484,0.0000,0.6000,-10372247.0000
24.6700,-1.9360,-0.4396,3.1694,0.4502,0,0,-1.7230,0.0000,3.0476,0.0000,-0.2249,0.0000,-1.9174,0.0000,0.6000,-10372247.0000
24.6803,-1.8719,-0.0394,3.2191,0.4502,0,0,-1.6909,0.0000,3.1872,0.0000,-0.2245,0.0000,-1.8836,0.0000,0.6000,-10372247.0000
24.6899,-2.1642,0.1751,3.1319,0.4502,0,0,-1.6689,0.0000,3.3116,0.0000,-0.2265,0.0000,-1.8623,0.0000,0.6000,-10372247.0000
24.7000,-2.0820,0.3800,3.1390,0.4501,0,0,-1.6434,0.0000,3.4366,0.0000,-0.2281,0.0000,-1.8371,0.0000,0.6000,-10372247.0000
24.7103,-1.8763,0.7532,3.3130,0.4501,0,0,-1.6104,0.0000,3.5665,0.0000,-0.2284,0.0000,-1.8031,0.0000,0.6000,-10372247.0000
24.7200,-2.0081,0.6816,3.2329,0.4501,0,0,-1.5819,0.0000,3.6873,0.0000,-0.2298,0.0000,-1.7749,0.0000,0.6000,-10372247.0000
24.7303,-1.8418,0.4330,3.3918,0.4501,0,0,-1.5474,0.0000,3.8112,0.0000,-0.2303,0.0000,-1.7396,0.0000,0.6000,-10372247.0000
24.7400,-1.6745,0.1042,3.4668,0.4501,0,0,-1.5070,0.0000,3.9375,0.0000,-0.2298,0.0000,-1.6974,0.0000,0.6000,-10372247.0000
24.7500,-1.5746,-0.2037,3.5403,0.4501,0,0,-1.4633,0.0000,4.0629,0.0000,-0.2290,0.0000,-1.6516,0.0000,0.6000,-10372247.0000
24.7602,-1.3631,-0.2674,3.7747,0.4501,0,0,-1.4126,0.0000,4.1912,0.0000,-0.2269,0.0000,-1.5976,0.0000,0.6000,-10372247.0000
24.7699,-1.5497,0.2300,3.7047,0.4502,0,0,-1.3690,0.0000,4.3061,0.0000,-0.2266,0.0000,-1.5525,0.0000,0.6000,-10372247.0000
24.7802,-1.5046,0.4763,3.8272,0.4502,0,0,-1.3242,0.0000,4.4175,0.0000,-0.2262,0.0000,-1.5063,0.0000,0.6000,-10372247.0000
24.7900,-1.1810,0.3002,4.1225,0.4502,0,0,-1.2686,0.0000,4.5363,0.0000,-0.2240,0.0000,-1.4472,0.0000,0.6000,-10372247.0000
24.7999,-1.5608,0.6730,4.0302,0.4502,0,0,-1.2272,0.0000,4.6333,0.0000,-0.2248,0.0000,-1.4057,0.0000,0.6000,-10372247.0000
24.8108,-1.6057,0.8474,4.2026,0.4502,0,0,-1.1880,0.0000,4.7236,0.0000,-0.2262,0.0000,-1.3669,0.0000,0.6000,-10372247.0000
24.8199,-1.3834,0.3220,4.3836,0.4502,0,0,-1.1413,0.0000,4.8180,0.0000,-0.2263,0.0000,-1.3194,0.0000,0.6000,-10372247.0000
24.8302,-1.3544,0.1529,4.4749,0.4502,0,0,-1.0944,0.0000,4.9079,0.0000,-0.2265,0.0000,-1.2718,0.0000,0.6000,-10372247.0000
24.8400,-1.1653,0.1628,4.6082,0.4502,0,0,-1.0415,0.0000,4.9997,0.0000,-0.2258,0.0000,-1.2173,0.0000,0.6000,-10372247.0000
24.8500,-1.2600,-0.0189,4.7244,0.4502,0,0,-0.9930,0.0000,5.0813,0.0000,-0.2261,0.0000,-1.1683,0.0000,0.6000,-10372247.0000
24.8602,-1.3150,0.1887,4.7949,0.4501,0,0,-0.9474,0.0000,5.1550,0.0000,-0.2271,0.0000,-1.1230,0.0000,0.6000,-10372247.0000
24.8699,-1.2041,0.2336,5.0929,0.4501,0,0,-0.8987,0.0000,5.2276,0.0000,-0.2277,0.0000,-1.0741,0.0000,0.6000,-10372247.0000
24.8803,-1.5018,0.3117,5.1069,0.4501,0,0,-0.8616,0.0000,5.2827,0.0000,-0.2306,0.0000,-1.0394,0.0000,0.6000,-10372247.0000
24.8899,-1.4973,0.7463,5.2048,0.4500,0,0,-0.8250,0.0000,5.3337,0.0000,-0.2338,0.0000,-1.0055,0.0000,0.6000,-10372247.0000
24.8999,-1.1994,0.4085,5.4271,0.4500,0,0,-0.7785,0.0000,5.3921,0.0000,-0.2352,0.0000,-0.9597,0.0000,0.6000,-10372247.0000
24.9102,-1.3514,-0.1003,5.4085,0.4499,0,0,-0.7384,0.0000,5.4390,0.0000,-0.2379,0.0000,-0.9219,0.0000,0.6000,-10372247.0000
24.9199,-1.7057,0.1725,5.5311,0.4498,0,0,-0.7088,0.0000,5.4708,0.0000,-0.2428,0.0000,-0.8969,0.0000,0.6000,-10372247.0000
24.9303,-1.8873,0.1745,5.6023,0.4497,0,0,-0.6789,0.0000,5.5002,0.0000,-0.2476,0.0000,-0.8715,0.0000,0.6000,-10372247.0000
24.9400,-1.8887,-0.2883,5.6260,0.4496,0,0,-0.6487,0.0000,5.5273,0.0000,-0.2525,0.0000,-0.8459,0.0000,0.6000,-10372247.0000
24.9500,-1.6691,-0.1133,5.8881,0.4495,0,0,-0.6183,0.0000,5.5520,0.0000,-0.2573,0.0000,-0.8200,0.0000,0.6000,-10372247.0000
24.9602,-1.8074,0.0866,5.7872,0.4494,0,0,-0.5875,0.0000,5.5743,0.0000,-0.2621,0.0000,-0.7939,0.0000,0.6000,-10372247.0000
24.9699,-1.8831,0.2582,5.9336,0.4493,0,0,-0.5566,0.0000,5.5942,0.0000,-0.2670,0.0000,-0.7676,0.0000,0.6000,-10372247.0000
24.9803,-1.5410,0.5652,6.1923,0.4492,0,0,-0.5255,0.0000,5.6117,0.0000,-0.2718,0.0000,-0.7411,0.0000,0.6000,-10372247.0000
24.9900,-1.5147,0.1535,6.3043,0.4491,0,0,-0.4942,0.0000,5.6268,0.0000,-0.2766,0.0000,-0.7145,0.0000,0.6000,-10372247.0000
25.0000,-1.4960,0.1111,6.4295,0.4490,0,0,-0.4627,0.0000,5.6395,0.0000,-0.2814,0.0000,-0.6877,0.0000,0.6000,-10372247.0000
25.0106,-1.3046,0.5027,6.5090,0.4489,0,0,-0.4281,0.0000,5.6528,0.0000,-0.2857,0.0000,-0.6573,0.0000,0.6000,-10372247.0000
25.0200,-0.9701,0.0157,6.6410,0.4488,0,0,-0.3827,0.0000,5.6750,0.0000,-0.2878,0.0000,-0.6138,0.0000,0.6000,-10372247.0000
25.0302,-0.4591,-0.2826,6.8878,0.4489,0,0,-0.3205,0.0000,5.7113,0.0000,-0.2868,0.0000,-0.5501,0.0000,0.6000,-10372247.0000
25.0400,-0.6351,-0.0526,6.8181,0.4488,0,0,-0.2664,0.0000,5.7336,0.0000,-0.2873,0.0000,-0.4964,0.0000,0.6000,-10372247.0000
25.0500,-1.0420,0.0618,6.7389,0.4488,0,0,-0.2283,0.0000,5.7343,0.0000,-0.2911,0.0000,-0.4621,0.0000,0.6000,-10372247.0000
25.0603,-1.0369,0.2212,6.7374,0.4487,0,0,-0.1913,0.0000,5.7309,0.0000,-0.2950,0.0000,-0.4290,0.0000,0.6000,-10372247.0000
25.0699,-0.8993,0.4691,6.8145,0.4486,0,0,-0.1507,0.0000,5.7286,0.0000,-0.2982,0.0000,-0.3916,0.0000,0.6000,-10372247.0000
25.0803,-0.8248,0.5246,6.7776,0.4486,0,0,-0.1087,0.0000,5.7245,0.0000,-0.3012,0.0000,-0.3526,0.0000,0.6000,-10372247.0000
25.0899,-0.6644,0.6584,6.8877,0.4485,0,0,-0.0625,0.0000,5.7216,0.0000,-0.3033,0.0000,-0.3086,0.0000,0.6000,-10372247.0000
25.1000,-0.2632,0.4549,7.0679,0.4485,0,0,-0.0037,0.0000,5.7282,0.0000,-0.3030,0.0000,-0.2494,0.0000,0.6000,-10372247.0000
25.1103,-0.1838,-0.1600,7.1130,0.4485,0,0,0.0559,0.0000,5.7309,0.0000,-0.3026,0.0000,-0.1893,0.0000,0.6000,-10372247.0000
25.1199,-0.1973,-0.1417,7.1439,0.4485,0,0,0.1130,0.0000,5.7262,0.0000,-0.3026,0.0000,-0.1324,0.0000,0.6000,-10372247.0000
25.1302,-0.3073,0.3053,7.0231,0.4485,0,0,0.1641,0.0000,5.7108,0.0000,-0.3038,0.0000,-0.0826,0.0000,0.6000,-10372247.0000
25.1400,-0.3396,0.1555,6.8956,0.4485,0,0,0.2121,0.0000,5.6884,0.0000,-0.3055,0.0000,-0.0365,0.0000,0.6000,-10372247.0000
25.1499,0.1758,0.2475,7.1136,0.4485,0,0,0.2765,0.0000,5.6793,0.0000,-0.3041,0.0000,0.0292,0.0000,0.6000,-10372247.0000
25.1602,-0.0626,0.6398,7.0751,0.4485,0,0,0.3322,0.0000,5.6563,0.0000,-0.3043,0.0000,0.0845,0.0000,0.6000,-10372247.0000
25.1700,0.0483,0.6092,7.0366,0.4485,0,0,0.3858,0.0000,5.6268,0.0000,-0.3049,0.0000,0.1372,0.0000,0.6000,-10372247.0000
25.1803,0.6338,0.4125,7.3523,0.4486,0,0,0.4596,0.0000,5.6140,0.0000,-0.3015,0.0000,0.2142,0.0000,0.6000,-10372247.0000
25.1902,0.5587,0.4144,7.0939,0.4486,0,0,0.5278,0.0000,5.5898,0.0000,-0.2992,0.0000,0.2845,0.0000,0.6000,-10372247.0000
25.2000,0.6031,0.2371,6.9940,0.4486,0,0,0.5949,0.0000,5.5592,0.0000,-0.2970,0.0000,0.3535,0.0000,0.6000,-10372247.0000
25.2108,0.7190,0.2364,7.0322,0.4487,0,0,0.6633,0.0000,5.5249,0.0000,-0.2945,0.0000,0.4240,0.0000,0.6000,-10372247.0000
25.2199,0.5946,0.2483,6.7941,0.4487,0,0,0.7245,0.0000,5.4782,0.0000,-0.2934,0.0000,0.4860,0.0000,0.6000,-10372247.0000
25.2299,0.8432,-0.0198,6.8567,0.4488,0,0,0.7918,0.0000,5.4332,0.0000,-0.2909,0.0000,0.5552,0.0000,0.6000,-10372247.0000
25.2402,0.7390,0.3448,6.7924,0.4488,0,0,0.8526,0.0000,5.3767,0.0000,-0.2897,0.0000,0.6167,0.0000,0.6000,-10372247.0000
25.2500,0.5054,0.6920,6.4915,0.4488,0,0,0.9025,0.0000,5.3050,0.0000,-0.2904,0.0000,0.6651,0.0000,0.6000,-10372247.0000
25.2602,0.9292,0.0966,6.6546,0.4488,0,0,0.9648,0.0000,5.2425,0.0000,-0.2887,0.0000,0.7285,0.0000,0.6000,-10372247.0000
25.2700,1.0429,0.3402,6.5551,0.4488,0,0,1.0282,0.0000,5.1767,0.0000,-0.2865,0.0000,0.7934,0.0000,0.6000,-10372247.0000
25.2800,0.9087,0.8936,6.4178,0.4488,0,0,1.0840,0.0000,5.0989,0.0000,-0.2857,0.0000,0.8492,0.0000,0.6000,-10372247.0000
25.2907,1.4379,0.6051,6.5962,0.4489,0,0,1.1555,0.0000,5.0331,0.0000,-0.2817,0.0000,0.9241,0.0000,0.6000,-10372247.0000
25.2999,1.5726,0.4522,6.4315,0.4489,0,0,1.2284,0.0000,4.9635,0.0000,-0.2773,0.0000,1.0007,0.0000,0.6000,-10372247.0000
25.3102,1.3294,0.3659,6.1584,0.4490,0,0,1.2895,0.0000,4.8771,0.0000,-0.2751,0.0000,1.0632,0.0000,0.6000,-10372247.0000
25.3199,1.2149,0.0889,6.0729,0.4490,0,0,1.3436,0.0000,4.7796,0.0000,-0.2741,0.0000,1.1173,0.0000,0.6000,-10372247.0000
25.3300,1.2512,0.1920,5.8990,0.4490,0,0,1.3960,0.0000,4.6773,0.0000,-0.2732,0.0000,1.1696,0.0000,0.6000,-10372247.0000
25.3403,1.4944,0.1808,5.8952,0.4490,0,0,1.4541,0.0000,4.5773,0.0000,-0.2710,0.0000,1.2289,0.0000,0.6000,-10372247.0000
25.3500,1.5319,0.1419,5.8514,0.4490,0,0,1.5104,0.0000,4.4719,0.0000,-0.2689,0.0000,1.2862,0.0000,0.6000,-10372247.0000
25.3602,1.2765,0.4830,5.5409,0.4490,0,0,1.5547,0.0000,4.3513,0.0000,-0.2690,0.0000,1.3293,0.0000,0.6000,-10372247.0000
25.3700,1.4524,0.3936,5.4609,0.4490,0,0,1.6025,0.0000,4.2318,0.0000,-0.2681,0.0000,1.3767,0.0000,0.6000,-10372247.0000
25.3800,1.5976,0.1556,5.4361,0.4491,0,0,1.6525,0.0000,4.1117,0.0000,-0.2666,0.0000,1.4270,0.0000,0.6000,-10372247.0000
25.3903,1.3993,0.7364,5.1733,0.4490,0,0,1.6927,0.0000,3.9792,0.0000,-0.2668,0.0000,1.4656,0.0000,0.6000,-10372247.0000
25.4000,1.6028,0.8037,5.1395,0.4491,0,0,1.7372,0.0000,3.8491,0.0000,-0.2659,0.0000,1.5098,0.0000,0.6000,-10372247.0000
25.4108,1.7262,0.2240,5.0431,0.4491,0,0,1.7832,0.0000,3.7182,0.0000,-0.2644,0.0000,1.5559,0.0000,0.6000,-10372247.0000
25.4199,1.5251,0.2115,4.7528,0.4491,0,0,1.8193,0.0000,3.5751,0.0000,-0.2646,0.0000,1.5904,0.0000,0.6000,-10372247.0000
25.4300,1.5002,0.2749,4.6522,0.4491,0,0,1.8519,0.0000,3.4273,0.0000,-0.2652,0.0000,1.6210,0.0000,0.6000,-10372247.0000
25.4402,1.3823,0.0015,4.5181,0.4491,0,0,1.8780,0.0000,3.2717,0.0000,-0.2669,0.0000,1.6438,0.0000,0.6000,-10372247.0000
25.4500,1.5795,0.2448,4.4682,0.4491,0,0,1.9085,0.0000,3.1201,0.0000,-0.2673,0.0000,1.6724,0.0000,0.6000,-10372247.0000
25.4602,1.7020,0.2208,4.4099,0.4491,0,0,1.9407,0.0000,2.9691,0.0000,-0.2671,0.0000,1.7033,0.0000,0.6000,-10372247.0000
25.4700,1.4171,0.3488,4.1598,0.4490,0,0,1.9605,0.0000,2.8049,0.0000,-0.2691,0.0000,1.7195,0.0000,0.6000,-10372247.0000
25.4800,1.5808,0.7339,4.0960,0.4490,0,0,1.9838,0.0000,2.6441,0.0000,-0.2700,0.0000,1.7402,0.0000,0.6000,-10372247.0000
25.4907,1.6867,0.4002,4.0265,0.4490,0,0,2.0084,0.0000,2.4844,0.0000,-0.2704,0.0000,1.7628,0.0000,0.6000,-10372247.0000
25.4999,1.6098,0.2776,3.7987,0.4490,0,0,2.0280,0.0000,2.3193,0.0000,-0.2714,0.0000,1.7797,0.0000,0.6000,-10372247.0000
25.5102,1.5846,0.5372,3.7248,0.4490,0,0,2.0444,0.0000,2.1512,0.0000,-0.2728,0.0000,1.7932,0.0000,0.6000,-10372247.0000
25.5199,1.5679,0.1444,3.5925,0.4490,0,0,2.0582,0.0000,1.9807,0.0000,-0.2743,0.0000,1.8037,0.0000,0.6000,-10372247.0000
25.5300,1.6568,-0.2996,3.4801,0.4490,0,0,2.0730,0.0000,1.8118,0.0000,-0.2754,0.0000,1.8157,0.0000,0.6000,-10372247.0000
25.5403,1.5734,-0.0057,3.4798,0.4490,0,0,2.0828,0.0000,1.6384,0.0000,-0.2770,0.0000,1.8221,0.0000,0.6000,-10372247.0000
25.5500,1.2800,0.2584,3.2452,0.4491,0,0,2.0805,0.0000,1.4539,0.0000,-0.2808,0.0000,1.8143,0.0000,0.6000,-10372247.0000
25.5603,1.4292,0.1034,3.2381,0.4491,0,0,2.0818,0.0000,1.2749,0.0000,-0.2835,0.0000,1.8111,0.0000,0.6000,-10372247.0000
25.5700,1.6824,0.2884,3.3244,0.4491,0,0,2.0901,0.0000,1.1047,0.0000,-0.2844,0.0000,1.8168,0.0000,0.6000,-10372247.0000
25.5800,1.2688,0.5808,2.9861,0.4491,0,0,2.0824,0.0000,0.9191,0.0000,-0.2882,0.0000,1.8034,0.0000,0.6000,-10372247.0000
25.5902,1.4125,0.4985,3.1023,0.4491,0,0,2.0781,0.0000,0.7396,0.0000,-0.2909,0.0000,1.7946,0.0000,0.6000,-10372247.0000
25.6000,1.7026,0.2604,3.1437,0.4491,0,0,2.0823,0.0000,0.5709,0.0000,-0.2915,0.0000,1.7965,0.0000,0.6000,-10372247.0000
25.6107,1.4162,0.0052,2.9020,0.4491,0,0,2.0750,0.0000,0.3917,0.0000,-0.2942,0.0000,1.7847,0.0000,0.6000,-10372247.0000
25.6199,1.4413,0.0130,2.9029,0.4491,0,0,2.0671,0.0000,0.2143,0.0000,-0.2966,0.0000,1.7726,0.0000,0.6000,-10372247.0000
25.6300,1.2941,0.1703,2.7952,0.4491,0,0,2.0528,0.0000,0.0326,0.0000,-0.2999,0.0000,1.7532,0.0000,0.6000,-10372247.0000
25.6403,1.2594,-0.0303,2.6913,0.4492,0,0,2.0361,0.0000,-0.1485,0.0000,-0.3034,0.0000,1.7312,0.0000,0.6000,-10372247.0000
25.6500,1.4275,-0.2309,2.8352,0.4492,0,0,2.0242,0.0000,-0.3216,0.0000,-0.3055,0.0000,1.7154,0.0000,0.6000,-10372247.0000
25.6602,1.0084,0.2393,2.6676,0.4492,0,0,1.9968,0.0000,-0.5081,0.0000,-0.3104,0.0000,1.6813,0.0000,0.6000,-10372247.0000
25.6700,1.1697,0.4466,2.6676,0.4493,0,0,1.9741,0.0000,-0.6857,0.0000,-0.3140,0.0000,1.6533,0.0000,0.6000,-10372247.0000
25.6800,1.4741,0.0716,2.9053,0.4493,0,0,1.9611,0.0000,-0.8495,0.0000,-0.3153,0.0000,1.6373,0.0000,0.6000,-10372247.0000
25.6907,1.2716,0.5230,2.6871,0.4493,0,0,1.9400,0.0000,-1.0191,0.0000,-0.3178,0.0000,1.6120,0.0000,0.6000,-10372247.0000
25.7000,1.2113,0.6568,2.7586,0.4493,0,0,1.9160,0.0000,-1.1884,0.0000,-0.3207,0.0000,1.5834,0.0000,0.6000,-10372247.0000
25.7102,1.3520,0.0424,2.8396,0.4493,0,0,1.8961,0.0000,-1.3496,0.0000,-0.3223,0.0000,1.5603,0.0000,0.6000,-10372247.0000
25.7199,1.1848,0.0228,2.7411,0.4494,0,0,1.8696,0.0000,-1.5146,0.0000,-0.3249,0.0000,1.5295,0.0000,0.6000,-10372247.0000
25.7299,1.3600,0.1687,2.8841,0.4494,0,0,1.8486,0.0000,-1.6699,0.0000,-0.3261,0.0000,1.5058,0.0000,0.6000,-10372247.0000
25.7403,1.6106,-0.0928,2.9976,0.4494,0,0,1.8355,0.0000,-1.8134,0.0000,-0.3254,0.0000,1.4920,0.0000,0.6000,-10372247.0000
25.7500,1.7601,0.0952,3.0875,0.4493,0,0,1.8267,0.0000,-1.9497,0.0000,-0.3235,0.0000,1.4837,0.0000,0.6000,-10372247.0000
25.7602,1.8411,0.0975,3.2439,0.4493,0,0,1.8196,0.0000,-2.0819,0.0000,-0.3210,0.0000,1.4778,0.0000,0.6000,-10372247.0000
25.7700,1.6268,0.2185,3.1531,0.4493,0,0,1.8039,0.0000,-2.2214,0.0000,-0.3199,0.0000,1.4618,0.0000,0.6000,-10372247.0000
25.7800,1.9201,0.7274,3.2665,0.4493,0,0,1.7976,0.0000,-2.3478,0.0000,-0.3167,0.0000,1.4574,0.0000,0.6000,-10372247.0000
25.7903,2.5352,0.3905,3.6195,0.4492,0,0,1.7984,0.0000,-2.4646,0.0000,-0.3118,0.0000,1.4620,0.0000,0.6000,-10372247.0000
25.7999,2.5419,0.0170,3.5903,0.4491,0,0,1.7981,0.0000,-2.5813,0.0000,-0.3068,0.0000,1.4655,0.0000,0.6000,-10372247.0000
25.8108,1.8940,0.2743,3.5077,0.4491,0,0,1.7872,0.0000,-2.7081,0.0000,-0.3038,0.0000,1.4563,0.0000,0.6000,-10372247.0000
25.8200,0.9535,0.0658,3.2175,0.4491,0,0,1.7426,0.0000,-2.8696,0.0000,-0.3074,0.0000,1.4066,0.0000,0.6000,-10372247.0000
25.8299,0.4690,-0.2217,3.0398,0.4492,0,0,1.6896,0.0000,-3.0352,0.0000,-0.3123,0.0000,1.3469,0.0000,0.6000,-10372247.0000
25.8402,0.6385,-0.0143,3.2069,0.4493,0,0,1.6348,0.0000,-3.1966,0.0000,-0.3172,0.0000,1.2856,0.0000,0.6000,-10372247.0000
25.8500,0.7094,-0.0055,3.1169,0.4493,0,0,1.5827,0.0000,-3.3491,0.0000,-0.3213,0.0000,1.2279,0.0000,0.6000,-10372247.0000
25.8602,1.3115,0.1008,3.4065,0.4493,0,0,1.5521,0.0000,-3.4720,0.0000,-0.3207,0.0000,1.1967,0.0000,0.6000,-10372247.0000
25.8699,1.8910,0.2400,3.6340,0.4493,0,0,1.5417,0.0000,-3.5689,0.0000,-0.3158,0.0000,1.1902,0.0000,0.6000,-10372247.0000
25.8799,1.8187,0.3497,3.6681,0.4492,0,0,1.5280,0.0000,-3.6674,0.0000,-0.3114,0.0000,1.1799,0.0000,0.6000,-10372247.0000
25.8907,1.7143,0.4649,3.7857,0.4491,0,0,1.5100,0.0000,-3.7684,0.0000,-0.3076,0.0000,1.1647,0.0000,0.6000,-10372247.0000
25.9000,1.5019,0.3445,3.8245,0.4491,0,0,1.4842,0.0000,-3.8756,0.0000,-0.3053,0.0000,1.1401,0.0000,0.6000,-10372247.0000
25.9102,1.2207,-0.3015,3.7530,0.4491,0,0,1.4482,0.0000,-3.9906,0.0000,-0.3047,0.0000,1.1036,0.0000,0.6000,-10372247.0000
25.9200,1.2143,-0.4080,3.9599,0.4490,0,0,1.4122,0.0000,-4.1016,0.0000,-0.3039,0.0000,1.0673,0.0000,0.6000,-10372247.0000
25.9300,0.8979,-0.0191,3.8120,0.4491,0,0,1.3652,0.0000,-4.2206,0.0000,-0.3051,0.0000,1.0179,0.0000,0.6000,-10372247.0000
25.9402,0.8584,0.0039,3.9644,0.4491,0,0,1.3174,0.0000,-4.3355,0.0000,-0.3062,0.0000,0.9679,0.0000,0.6000,-10372247.0000
25.9500,1.3366,-0.0464,4.2839,0.4490,0,0,1.2870,0.0000,-4.4260,0.0000,-0.3036,0.0000,0.9391,0.0000,0.6000,-10372247.0000
25.9602,1.1366,0.3445,4.3037,0.4490,0,0,1.2497,0.0000,-4.5208,0.0000,-0.3023,0.0000,0.9023,0.0000,0.6000,-10372247.0000
25.9700,1.1969,0.4982,4.3964,0.4490,0,0,1.2149,0.0000,-4.6088,0.0000,-0.3002,0.0000,0.8686,0.0000,0.6000,-10372247.0000
25.9800,1.5039,0.2013,4.6848,0.4489,0,0,1.1912,0.0000,-4.6807,0.0000,-0.2958,0.0000,0.8486,0.0000,0.6000,-10372247.0000
25.9902,1.3024,0.0897,4.6385,0.4488,0,0,1.1604,0.0000,-4.7578,0.0000,-0.2926,0.0000,0.8202,0.0000,0.6000,-10372246.0000
26.0000,1.2357,0.0014,4.7300,0.4488,0,0,1.1274,0.0000,-4.8339,0.0000,-0.2897,0.0000,0.7894,0.0000,0.6000,-10372246.0000
26.0109,1.0236,-0.0809,4.8283,0.4487,0,0,1.0874,0.0000,-4.9144,0.0000,-0.2881,0.0000,0.7502,0.0000,0.6000,-10372246.0000
26.0200,0.8333,-0.0417,4.7894,0.4487,0,0,1.0412,0.0000,-4.9976,0.0000,-0.2875,0.0000,0.7037,0.0000,0.6000,-10372246.0000
26.0300,1.0921,-0.3370,5.0868,0.4487,0,0,1.0049,0.0000,-5.0653,0.0000,-0.2848,0.0000,0.6695,0.0000,0.6000,-10372246.0000
26.0403,0.9191,-0.1033,5.1063,0.4486,0,0,0.9631,0.0000,-5.1354,0.0000,-0.2830,0.0000,0.6287,0.0000,0.6000,-10372246.0000
26.0500,0.7549,0.5157,5.1353,0.4486,0,0,0.9162,0.0000,-5.2071,0.0000,-0.2822,0.0000,0.5819,0.0000,0.6000,-10372246.0000
26.0602,1.1731,0.2465,5.5834,0.4485,0,0,0.8850,0.0000,-5.2570,0.0000,-0.2781,0.0000,0.5543,0.0000,0.6000,-10372246.0000
26.0700,1.0818,0.1083,5.5410,0.4485,0,0,0.8511,0.0000,-5.3069,0.0000,-0.2744,0.0000,0.5236,0.0000,0.6000,-10372246.0000
26.0799,0.6510,0.4949,5.5537,0.4484,0,0,0.8025,0.0000,-5.3695,0.0000,-0.2735,0.0000,0.4753,0.0000,0.6000,-10372246.0000
26.0906,0.6830,0.1413,5.7206,0.4484,0,0,0.7561,0.0000,-5.4253,0.0000,-0.2721,0.0000,0.4298,0.0000,0.6000,-10372246.0000
26.1000,0.5239,-0.1216,5.7527,0.4484,0,0,0.7052,0.0000,-5.4817,0.0000,-0.2715,0.0000,0.3790,0.0000,0.6000,-10372246.0000
26.1103,0.5784,-0.2122,5.9201,0.4484,0,0,0.6575,0.0000,-5.5300,0.0000,-0.2701,0.0000,0.3321,0.0000,0.6000,-10372246.0000
26.1199,0.6438,-0.3589,6.1074,0.4483,0,0,0.6132,0.0000,-5.5703,0.0000,-0.2679,0.0000,0.2896,0.0000,0.6000,-10372246.0000
26.1299,0.4167,0.1262,6.0398,0.4483,0,0,0.5620,0.0000,-5.6141,0.0000,-0.2671,0.0000,0.2388,0.0000,0.6000,-10372246.0000
26.1403,0.4961,0.1561,6.2447,0.4483,0,0,0.5149,0.0000,-5.6489,0.0000,-0.2653,0.0000,0.1932,0.0000,0.6000,-10372246.0000
26.1499,0.5738,-0.0832,6.4653,0.4482,0,0,0.4719,0.0000,-5.6753,0.0000,-0.2627,0.0000,0.1525,0.0000,0.6000,-10372246.0000
26.1602,0.0275,0.4913,6.3869,0.4482,0,0,0.4098,0.0000,-5.7185,0.0000,-0.2637,0.0000,0.0889,0.0000,0.6000,-10372246.0000
26.1699,0.1244,0.4338,6.5688,0.4482,0,0,0.3538,0.0000,-5.7496,0.0000,-0.2635,0.0000,0.0329,0.0000,0.6000,-10372246.0000
26.1800,0.2484,-0.0664,6.7416,0.4482,0,0,0.3040,0.0000,-5.7696,0.0000,-0.2620,0.0000,-0.0157,0.0000,0.6000,-10372246.0000
26.1902,-0.0089,0.0589,6.6255,0.4482,0,0,0.2468,0.0000,-5.7931,0.0000,-0.2619,0.0000,-0.0730,0.0000,0.6000,-10372246.0000
26.2000,-0.0522,-0.1450,6.7124,0.4482,0,0,0.1915,0.0000,-5.8100,0.0000,-0.2614,0.0000,-0.1280,0.0000,0.6000,-10372246.0000
26.2108,-0.2350,-0.1609,6.7522,0.4482,0,0,0.1296,0.0000,-5.8291,0.0000,-0.2621,0.0000,-0.1908,0.0000,0.6000,-10372246.0000
26.2199,-0.4859,-0.0752,6.6357,0.4482,0,0,0.0609,0.0000,-5.8504,0.0000,-0.2641,0.0000,-0.2618,0.0000,0.6000,-10372246.0000
26.2300,-0.2897,-0.2934,6.8654,0.4482,0,0,0.0014,0.0000,-5.8562,0.0000,-0.2643,0.0000,-0.3215,0.0000,0.6000,-10372246.0000
26.2402,-0.6766,0.1097,6.7018,0.4483,0,0,-0.0697,0.0000,-5.8694,0.0000,-0.2668,0.0000,-0.3951,0.0000,0.6000,-10372246.0000
26.2499,-0.7462,0.5123,6.6860,0.4483,0,0,-0.1408,0.0000,-5.8768,0.0000,-0.2691,0.0000,-0.4687,0.0000,0.6000,-10372246.0000
26.2602,-0.4707,0.0208,6.9083,0.4483,0,0,-0.1996,0.0000,-5.8657,0.0000,-0.2692,0.0000,-0.5274,0.0000,0.6000,-10372246.0000
26.2700,-0.7266,0.2224,6.7907,0.4484,0,0,-0.2653,0.0000,-5.8571,0.0000,-0.2705,0.0000,-0.5944,0.0000,0.6000,-10372246.0000
26.2800,-0.9759,0.3922,6.7784,0.4484,0,0,-0.3373,0.0000,-5.8499,0.0000,-0.2731,0.0000,-0.6689,0.0000,0.6000,-10372246.0000
26.2906,-0.8187,-0.0131,6.9009,0.4484,0,0,-0.4011,0.0000,-5.8286,0.0000,-0.2741,0.0000,-0.7335,0.0000,0.6000,-10372246.0000
26.2999,-0.8836,-0.0515,6.7322,0.4485,0,0,-0.4646,0.0000,-5.8021,0.0000,-0.2751,0.0000,-0.7978,0.0000,0.6000,-10372246.0000
26.3103,-0.8968,-0.1323,6.6475,0.4485,0,0,-0.5262,0.0000,-5.7688,0.0000,-0.2758,0.0000,-0.8597,0.0000,0.6000,-10372246.0000
26.3199,-1.1183,-0.1014,6.5532,0.4485,0,0,-0.5929,0.0000,-5.7362,0.0000,-0.2776,0.0000,-0.9279,0.0000,0.6000,-10372246.0000
26.3300,-1.4295,0.1417,6.3924,0.4486,0,0,-0.6679,0.0000,-5.7070,0.0000,-0.2810,0.0000,-1.0060,0.0000,0.6000,-10372246.0000
26.3403,-1.2509,-0.1363,6.4845,0.4486,0,0,-0.7336,0.0000,-5.6627,0.0000,-0.2826,0.0000,-1.0728,0.0000,0.6000,-10372246.0000
26.3500,-1.4472,-0.0872,6.4252,0.4486,0,0,-0.8033,0.0000,-5.6176,0.0000,-0.2852,0.0000,-1.1447,0.0000,0.6000,-10372246.0000
26.3603,-1.8305,0.5285,6.1564,0.4487,0,0,-0.8835,0.0000,-5.5779,0.0000,-0.2898,0.0000,-1.2292,0.0000,0.6000,-10372246.0000
26.3700,-1.4583,0.2437,6.1760,0.4487,0,0,-0.9473,0.0000,-5.5158,0.0000,-0.2914,0.0000,-1.2939,0.0000,0.6000,-10372246.0000
26.3799,-1.3387,0.0201,6.0917,0.4487,0,0,-1.0041,0.0000,-5.4420,0.0000,-0.2917,0.0000,-1.3502,0.0000,0.6000,-10372246.0000
26.3902,-1.5757,0.3225,5.8781,0.4488,0,0,-1.0664,0.0000,-5.3701,0.0000,-0.2932,0.0000,-1.4133,0.0000,0.6000,-10372246.0000
26.3999,-1.6268,0.1110,5.8997,0.4488,0,0,-1.1275,0.0000,-5.2927,0.0000,-0.2947,0.0000,-1.4751,0.0000,0.6000,-10372246.0000
26.4108,-1.8424,-0.2076,5.7002,0.4488,0,0,-1.1933,0.0000,-5.2158,0.0000,-0.2972,0.0000,-1.5426,0.0000,0.6000,-10372246.0000
26.4199,-1.8108,-0.2232,5.5702,0.4488,0,0,-1.2548,0.0000,-5.1301,0.0000,-0.2990,0.0000,-1.6051,0.0000,0.6000,-10372246.0000
26.4299,-1.7474,-0.3624,5.5559,0.4488,0,0,-1.3110,0.0000,-5.0352,0.0000,-0.3000,0.0000,-1.6614,0.0000,0.6000,-10372246.0000
26.4403,-2.1589,0.3670,5.2318,0.4489,0,0,-1.3787,0.0000,-4.9480,0.0000,-0.3033,0.0000,-1.7315,0.0000,0.6000,-10372246.0000
26.4499,-2.1402,0.8094,5.1239,0.4489,0,0,-1.4424,0.0000,-4.8523,0.0000,-0.3061,0.0000,-1.7971,0.0000,0.6000,-10372246.0000
26.4603,-1.8049,0.4196,5.1127,0.4489,0,0,-1.4912,0.0000,-4.7378,0.0000,-0.3062,0.0000,-1.8448,0.0000,0.6000,-10372246.0000
26.4700,-1.9072,0.3283,4.8808,0.4489,0,0,-1.5408,0.0000,-4.6213,0.0000,-0.3066,0.0000,-1.8936,0.0000,0.6000,-10372246.0000
26.4800,-1.8663,0.2434,4.7724,0.4489,0,0,-1.5860,0.0000,-4.4978,0.0000,-0.3064,0.0000,-1.9374,0.0000,0.6000,-10372246.0000
26.4907,-1.9203,-0.0017,4.6735,0.4489,0,0,-1.6304,0.0000,-4.3710,0.0000,-0.3063,0.0000,-1.9804,0.0000,0.6000,-10372246.0000
26.5000,-2.0991,0.0215,4.4139,0.4489,0,0,-1.6782,0.0000,-4.2454,0.0000,-0.3071,0.0000,-2.0278,0.0000,0.6000,-10372246.0000
26.5102,-2.0231,-0.3790,4.4010,0.4489,0,0,-1.7205,0.0000,-4.1117,0.0000,-0.3071,0.0000,-2.0687,0.0000,0.6000,-10372246.0000
26.5200,-2.3091,-0.1291,4.1992,0.4489,0,0,-1.7700,0.0000,-3.9829,0.0000,-0.3087,0.0000,-2.1185,0.0000,0.6000,-10372246.0000
26.5300,-2.4949,0.6594,3.9505,0.4490,0,0,-1.8228,0.0000,-3.8548,0.0000,-0.3113,0.0000,-2.1726,0.0000,0.6000,-10372246.0000
26.5402,-2.0648,0.3265,4.0086,0.4490,0,0,-1.8576,0.0000,-3.7061,0.0000,-0.3105,0.0000,-2.2052,0.0000,0.6000,-10372246.0000
26.5500,-2.0953,0.3505,3.8449,0.4490,0,0,-1.8909,0.0000,-3.5546,0.0000,-0.3098,0.0000,-2.2362,0.0000,0.6000,-10372246.0000
26.5602,-2.2960,0.5922,3.5981,0.4490,0,0,-1.9285,0.0000,-3.4061,0.0000,-0.3102,0.0000,-2.2728,0.0000,0.6000,-10372246.0000
26.5700,-2.0169,0.0959,3.6569,0.4489,0,0,-1.9537,0.0000,-3.2440,0.0000,-0.3084,0.0000,-2.2946,0.0000,0.6000,-10372246.0000
26.5799,-1.9879,0.0515,3.4190,0.4489,0,0,-1.9756,0.0000,-3.0782,0.0000,-0.3063,0.0000,-2.3127,0.0000,0.6000,-10372246.0000
26.5902,-2.0434,0.0112,3.2914,0.4489,0,0,-1.9971,0.0000,-2.9119,0.0000,-0.3045,0.0000,-2.3307,0.0000,0.6000,-10372246.0000
26.6000,-2.0754,-0.1249,3.3201,0.4489,0,0,-2.0174,0.0000,-2.7443,0.0000,-0.3027,0.0000,-2.3476,0.0000,0.6000,-10372246.0000
26.6108,-2.4006,0.2727,2.9857,0.4489,0,0,-2.0467,0.0000,-2.5856,0.0000,-0.3031,0.0000,-2.3757,0.0000,0.6000,-10372246.0000
26.6200,-2.1123,-0.0120,2.9972,0.4489,0,0,-2.0635,0.0000,-2.4138,0.0000,-0.3013,0.0000,-2.3889,0.0000,0.6000,-10372246.0000
26.6300,-2.0062,-0.0704,2.9975,0.4489,0,0,-2.0745,0.0000,-2.2366,0.0000,-0.2986,0.0000,-2.3955,0.0000,0.6000,-10372246.0000
26.6402,-2.3223,0.5524,2.6672,0.4489,0,0,-2.0943,0.0000,-2.0690,0.0000,-0.2981,0.0000,-2.4132,0.0000,0.6000,-10372246.0000
26.6499,-2.1046,0.4449,2.7386,0.4489,0,0,-2.1044,0.0000,-1.8918,0.0000,-0.2960,0.0000,-2.4193,0.0000,0.6000,-10372246.0000
26.6603,-1.8939,0.2260,2.6859,0.4489,0,0,-2.1053,0.0000,-1.7063,0.0000,-0.2924,0.0000,-2.4147,0.0000,0.6000,-10372246.0000
26.6699,-2.0361,0.1968,2.4962,0.4489,0,0,-2.1093,0.0000,-1.5258,0.0000,-0.2897,0.0000,-2.4143,0.0000,0.6000,-10372246.0000
26.6800,-1.9433,-0.0667,2.5622,0.4489,0,0,-2.1084,0.0000,-1.3417,0.0000,-0.2865,0.0000,-2.4083,0.0000,0.6000,-10372246.0000
26.6908,-2.1901,0.0544,2.4150,0.4489,0,0,-2.1143,0.0000,-1.1664,0.0000,-0.2850,0.0000,-2.4109,0.0000,0.6000,-10372246.0000
26.6999,-2.1986,-0.0342,2.3196,0.4489,0,0,-2.1187,0.0000,-0.9907,0.0000,-0.2835,0.0000,-2.4121,0.0000,0.6000,-10372246.0000
26.7103,-1.9625,-0.3692,2.4311,0.4489,0,0,-2.1132,0.0000,-0.8065,0.0000,-0.2803,0.0000,-2.4016,0.0000,0.6000,-10372246.0000
26.7200,-2.2015,0.3049,2.3049,0.4490,0,0,-2.1144,0.0000,-0.6313,0.0000,-0.2790,0.0000,-2.3996,0.0000,0.6000,-10372246.0000
26.7300,-2.0264,0.9381,2.3711,0.4490,0,0,-2.1078,0.0000,-0.4499,0.0000,-0.2763,0.0000,-2.3887,0.0000,0.6000,-10372246.0000
26.7403,-1.5599,0.5305,2.5679,0.4490,0,0,-2.0883,0.0000,-0.2575,0.0000,-0.2715,0.0000,-2.3623,0.0000,0.6000,-10372246.0000
26.7500,-1.7975,0.3924,2.4404,0.4490,0,0,-2.0714,0.0000,-0.0712,0.0000,-0.2675,0.0000,-2.3397,0.0000,0.6000,-10372246.0000
26.7602,-1.8695,0.1808,2.4674,0.4490,0,0,-2.0560,0.0000,0.1104,0.0000,-0.2642,0.0000,-2.3191,0.0000,0.6000,-10372246.0000
26.7700,-2.0070,-0.3435,2.4417,0.4491,0,0,-2.0441,0.0000,0.2852,0.0000,-0.2620,0.0000,-2.3033,0.0000,0.6000,-10372246.0000
26.7800,-2.0735,-0.1600,2.4036,0.4491,0,0,-2.0334,0.0000,0.4562,0.0000,-0.2604,0.0000,-2.2893,0.0000,0.6000,-10372246.0000
26.7903,-2.1275,-0.1057,2.4830,0.4491,0,0,-2.0233,0.0000,0.6239,0.0000,-0.2593,0.0000,-2.2763,0.0000,0.6000,-10372246.0000
26.8000,-2.6718,0.1912,2.2637,0.4490,0,0,-2.0306,0.0000,0.7707,0.0000,-0.2621,0.0000,-2.2850,0.0000,0.6000,-10372246.0000
26.8100,-2.8353,0.8644,2.1888,0.4490,0,0,-2.0419,0.0000,0.9123,0.0000,-0.2659,0.0000,-2.2987,0.0000,0.6000,-10372246.0000
26.8203,-2.5488,0.5518,2.3469,0.4490,0,0,-2.0414,0.0000,1.0657,0.0000,-0.2677,0.0000,-2.2984,0.0000,0.6000,-10372246.0000
26.8300,-2.5217,0.1742,2.2536,0.4490,0,0,-2.0384,0.0000,1.2200,0.0000,-0.2693,0.0000,-2.2955,0.0000,0.6000,-10372246.0000
26.8402,-2.4541,0.3248,2.2719,0.4490,0,0,-2.0317,0.0000,1.3764,0.0000,-0.2704,0.0000,-2.2883,0.0000,0.6000,-10372246.0000
26.8500,-2.3256,-0.0533,2.4568,0.4490,0,0,-2.0192,0.0000,1.5367,0.0000,-0.2706,0.0000,-2.2745,0.0000,0.6000,-10372246.0000
26.8600,-2.3350,-0.2226,2.3645,0.4490,0,0,-2.0060,0.0000,1.6951,0.0000,-0.2711,0.0000,-2.2601,0.0000,0.6000,-10372246.0000
26.8702,-2.2403,-0.0377,2.5925,0.4490,0,0,-1.9883,0.0000,1.8555,0.0000,-0.2709,0.0000,-2.2407,0.0000,0.6000,-10372246.0000
26.8800,-2.3033,0.1270,2.5207,0.4490,0,0,-1.9719,0.0000,2.0114,0.0000,-0.2714,0.0000,-2.2232,0.0000,0.6000,-10372246.0000
26.8906,-2.2208,0.6277,2.6456,0.4490,0,0,-1.9517,0.0000,2.1684,0.0000,-0.2713,0.0000,-2.2014,0.0000,0.6000,-10372246.0000
26.9000,-1.7941,0.6427,2.8463,0.4490,0,0,-1.9159,0.0000,2.3390,0.0000,-0.2685,0.0000,-2.1610,0.0000,0.6000,-10372246.0000
26.9100,-1.6955,0.2435,2.9771,0.4490,0,0,-1.8764,0.0000,2.5091,0.0000,-0.2652,0.0000,-2.1165,0.0000,0.6000,-10372246.0000
26.9202,-1.7130,0.3576,3.0553,0.4491,0,0,-1.8373,0.0000,2.6737,0.0000,-0.2624,0.0000,-2.0729,0.0000,0.6000,-10372246.0000
26.9300,-1.7263,0.2087,3.1390,0.4491,0,0,-1.7985,0.0000,2.8332,0.0000,-0.2599,0.0000,-2.0301,0.0000,0.6000,-10372246.0000
26.9403,-1.7346,-0.3578,3.1524,0.4491,0,0,-1.7599,0.0000,2.9877,0.0000,-0.2578,0.0000,-1.9878,0.0000,0.6000,-10372246.0000
26.9500,-1.6831,-0.1593,3.3010,0.4492,0,0,-1.7194,0.0000,3.1395,0.0000,-0.2557,0.0000,-1.9437,0.0000,0.6000,-10372243.0000
26.9600,-1.8882,-0.0157,3.2560,0.4492,0,0,-1.6861,0.0000,3.2786,0.0000,-0.2553,0.0000,-1.9086,0.0000,0.6000,-10372243.0000
26.9702,-1.8617,0.1031,3.3832,0.4492,0,0,-1.6517,0.0000,3.4147,0.0000,-0.2550,0.0000,-1.8725,0.0000,0.6000,-10372243.0000
26.9799,-1.6554,0.4046,3.6015,0.4492,0,0,-1.6099,0.0000,3.5546,0.0000,-0.2534,0.0000,-1.8278,0.0000,0.6000,-10372243.0000
26.9903,-1.9137,0.2752,3.5945,0.4492,0,0,-1.5774,0.0000,3.6795,0.0000,-0.2540,0.0000,-1.7946,0.0000,0.6000,-10372243.0000
27.0000,-1.8303,0.3034,3.7471,0.4492,0,0,-1.5418,0.0000,3.8038,0.0000,-0.2543,0.0000,-1.7581,0.0000,0.6000,-10372243.0000
27.0099,-1.5939,0.5407,3.9141,0.4492,0,0,-1.4981,0.0000,3.9330,0.0000,-0.2531,0.0000,-1.7119,0.0000,0.6000,-10372243.0000
27.0203,-1.5738,-0.0082,3.9731,0.4492,0,0,-1.4539,0.0000,4.0577,0.0000,-0.2522,0.0000,-1.6655,0.0000,0.6000,-10372243.0000
27.0299,-1.3271,-0.1757,4.2644,0.4493,0,0,-1.4015,0.0000,4.1866,0.0000,-0.2498,0.0000,-1.6094,0.0000,0.6000,-10372243.0000
27.0402,-1.5504,-0.0487,4.2495,0.4493,0,0,-1.3575,0.0000,4.3006,0.0000,-0.2494,0.0000,-1.5639,0.0000,0.6000,-10372243.0000
27.0499,-1.7383,-0.2325,4.3463,0.4493,0,0,-1.3206,0.0000,4.4020,0.0000,-0.2506,0.0000,-1.5272,0.0000,0.6000,-10372243.0000
27.0600,-1.5268,-0.0517,4.5827,0.4493,0,0,-1.2766,0.0000,4.5073,0.0000,-0.2506,0.0000,-1.4821,0.0000,0.6000,-10372243.0000
27.0702,-1.7296,0.2679,4.5731,0.4492,0,0,-1.2402,0.0000,4.5994,0.0000,-0.2523,0.0000,-1.4466,0.0000,0.6000,-10372243.0000
27.0799,-1.7415,0.3924,4.6714,0.4492,0,0,-1.2046,0.0000,4.6867,0.0000,-0.2544,0.0000,-1.4121,0.0000,0.6000,-10372243.0000
27.0907,-1.5257,0.6954,4.9646,0.4492,0,0,-1.1617,0.0000,4.7782,0.0000,-0.2552,0.0000,-1.3691,0.0000,0.6000,-10372243.0000
27.0999,-1.4437,0.3808,5.0405,0.4492,0,0,-1.1166,0.0000,4.8679,0.0000,-0.2557,0.0000,-1.3236,0.0000,0.6000,-10372243.0000
27.1099,-1.3736,-0.2473,5.2803,0.4492,0,0,-1.0697,0.0000,4.9549,0.0000,-0.2561,0.0000,-1.2762,0.0000,0.6000,-10372243.0000
27.1202,-1.5171,-0.1351,5.3817,0.4491,0,0,-1.0286,0.0000,5.0307,0.0000,-0.2577,0.0000,-1.2360,0.0000,0.6000,-10372243.0000
27.1300,-1.7618,-0.0557,5.4440,0.4491,0,0,-0.9968,0.0000,5.0922,0.0000,-0.2614,0.0000,-1.2073,0.0000,0.6000,-10372243.0000
27.1402,-1.7057,-0.2982,5.6566,0.4490,0,0,-0.9635,0.0000,5.1522,0.0000,-0.2649,0.0000,-1.1768,0.0000,0.6000,-10372243.0000
27.1500,-1.8123,-0.0027,5.7659,0.4489,0,0,-0.9344,0.0000,5.2043,0.0000,-0.2693,0.0000,-1.1516,0.0000,0.6000,-10372243.0000
27.1600,-2.1325,0.4872,5.8022,0.4488,0,0,-0.9070,0.0000,5.2515,0.0000,-0.2742,0.0000,-1.1287,0.0000,0.6000,-10372243.0000
27.1702,-1.9922,0.6645,5.9364,0.4487,0,0,-0.8792,0.0000,5.2966,0.0000,-0.2790,0.0000,-1.1053,0.0000,0.6000,-10372243.0000
27.1800,-1.6998,0.7537,6.0617,0.4486,0,0,-0.8473,0.0000,5.3436,0.0000,-0.2832,0.0000,-1.0770,0.0000,0.6000,-10372243.0000
27.1902,-1.6035,0.1857,6.1871,0.4486,0,0,-0.8124,0.0000,5.3907,0.0000,-0.2868,0.0000,-1.0453,0.0000,0.6000,-10372243.0000
27.2000,-1.8402,-0.0970,6.2313,0.4485,0,0,-0.7833,0.0000,5.4283,0.0000,-0.2916,0.0000,-1.0206,0.0000,0.6000,-10372243.0000
27.2100,-1.9876,-0.0148,6.2506,0.4484,0,0,-0.7537,0.0000,5.4636,0.0000,-0.2965,0.0000,-0.9956,0.0000,0.6000,-10372243.0000
27.2203,-1.9786,-0.2652,6.4259,0.4483,0,0,-0.7238,0.0000,5.4966,0.0000,-0.3013,0.0000,-0.9702,0.0000,0.6000,-10372243.0000
27.2300,-1.6258,-0.1348,6.5935,0.4482,0,0,-0.6920,0.0000,5.5290,0.0000,-0.3059,0.0000,-0.9426,0.0000,0.6000,-10372243.0000
27.2402,-1.5537,0.3486,6.7623,0.4481,0,0,-0.6583,0.0000,5.5606,0.0000,-0.3101,0.0000,-0.9128,0.0000,0.6000,-10372243.0000
27.2500,-1.5366,0.6810,6.7511,0.4480,0,0,-0.6248,0.0000,5.5890,0.0000,-0.3144,0.0000,-0.8832,0.0000,0.6000,-10372243.0000
27.2599,-1.2310,0.8427,6.9182,0.4480,0,0,-0.5812,0.0000,5.6254,0.0000,-0.3168,0.0000,-0.8417,0.0000,0.6000,-10372243.0000
27.2703,-1.0371,0.2920,7.0101,0.4480,0,0,-0.5318,0.0000,5.6640,0.0000,-0.3181,0.0000,-0.7933,0.0000,0.6000,-10372243.0000
27.2800,-1.1877,-0.2472,6.9153,0.4479,0,0,-0.4891,0.0000,5.6912,0.0000,-0.3208,0.0000,-0.7530,0.0000,0.6000,-10372243.0000
27.2906,-1.4261,-0.0125,6.8954,0.4478,0,0,-0.4560,0.0000,5.7046,0.0000,-0.3254,0.0000,-0.7244,0.0000,0.6000,-10372243.0000
27.3000,-1.4681,-0.0056,6.8461,0.4477,0,0,-0.4237,0.0000,5.7144,0.0000,-0.3302,0.0000,-0.6968,0.0000,0.6000,-10372243.0000
27.3099,-0.6406,-0.1410,7.1079,0.4477,0,0,-0.3645,0.0000,5.7501,0.0000,-0.3299,0.0000,-0.6369,0.0000,0.6000,-10372243.0000
27.3202,-0.3178,0.2974,7.2989,0.4478,0,0,-0.2958,0.0000,5.7908,0.0000,-0.3277,0.0000,-0.5655,0.0000,0.6000,-10372243.0000
27.3300,-0.5471,0.6092,7.1656,0.4478,0,0,-0.2372,0.0000,5.8149,0.0000,-0.3275,0.0000,-0.5066,0.0000,0.6000,-10372243.0000
27.3403,-0.3429,0.5377,7.3453,0.4478,0,0,-0.1733,0.0000,5.8398,0.0000,-0.3264,0.0000,-0.4413,0.0000,0.6000,-10372243.0000
27.3500,-0.2110,0.5142,7.2553,0.4478,0,0,-0.1068,0.0000,5.8620,0.0000,-0.3249,0.0000,-0.3730,0.0000,0.6000,-10372243.0000
27.3600,-0.2989,0.2170,7.0995,0.4478,0,0,-0.0455,0.0000,5.8732,0.0000,-0.3244,0.0000,-0.3111,0.0000,0.6000,-10372243.0000
27.3703,-0.0005,0.3933,7.2613,0.4478,0,0,0.0242,0.0000,5.8883,0.0000,-0.3222,0.0000,-0.2392,0.0000,0.6000,-10372243.0000
27.3799,0.0171,0.4632,7.2161,0.4478,0,0,0.0915,0.0000,5.8951,0.0000,-0.3206,0.0000,-0.1702,0.0000,0.6000,-10372243.0000
27.3902,0.3725,-0.1866,7.2848,0.4479,0,0,0.1696,0.0000,5.9077,0.0000,-0.3169,0.0000,-0.0883,0.0000,0.6000,-10372243.0000
27.4000,0.5281,-0.0054,7.4193,0.4480,0,0,0.2503,0.0000,5.9167,0.0000,-0.3127,0.0000,-0.0032,0.0000,0.6000,-10372243.0000
27.4100,0.2166,0.6188,7.0496,0.4480,0,0,0.3172,0.0000,5.9048,0.0000,-0.3112,0.0000,0.0651,0.0000,0.6000,-10372243.0000
27.4203,0.3090,0.6265,7.1406,0.4480,0,0,0.3849,0.0000,5.8885,0.0000,-0.3095,0.0000,0.1342,0.0000,0.6000,-10372243.0000
27.4300,0.7521,0.7368,7.2176,0.4481,0,0,0.4655,0.0000,5.8802,0.0000,-0.3053,0.0000,0.2189,0.0000,0.6000,-10372243.0000
27.4402,0.7937,0.5987,7.1222,0.4482,0,0,0.5445,0.0000,5.8640,0.0000,-0.3014,0.0000,0.3017,0.0000,0.6000,-10372243.0000
27.4500,1.0374,0.2424,7.2431,0.4483,0,0,0.6277,0.0000,5.8458,0.0000,-0.2967,0.0000,0.3895,0.0000,0.6000,-10372243.0000
27.4599,0.9201,0.2710,7.1041,0.4483,0,0,0.7048,0.0000,5.8149,0.0000,-0.2931,0.0000,0.4699,0.0000,0.6000,-10372243.0000
27.4702,0.8138,-0.0240,6.9444,0.4484,0,0,0.7750,0.0000,5.7712,0.0000,-0.2907,0.0000,0.5420,0.0000,0.6000,-10372243.0000
27.4799,1.1915,-0.2788,7.0119,0.4484,0,0,0.8555,0.0000,5.7326,0.0000,-0.2863,0.0000,0.6265,0.0000,0.6000,-10372243.0000
27.4906,1.0794,0.2313,6.8070,0.4485,0,0,0.9286,0.0000,5.6807,0.0000,-0.2832,0.0000,0.7022,0.0000,0.6000,-10372243.0000
27.5000,0.9693,0.6789,6.6918,0.4485,0,0,0.9948,0.0000,5.6163,0.0000,-0.2814,0.0000,0.7695,0.0000,0.6000,-10372243.0000
27.5099,1.4550,0.7231,6.7874,0.4486,0,0,1.0749,0.0000,5.5613,0.0000,-0.2768,0.0000,0.8538,0.0000,0.6000,-10372243.0000
27.5202,1.6194,0.6307,6.7234,0.4486,0,0,1.1550,0.0000,5.5003,0.0000,-0.2720,0.0000,0.9380,0.0000,0.6000,-10372243.0000
27.5300,1.5844,0.3550,6.6100,0.4487,0,0,1.2326,0.0000,5.4309,0.0000,-0.2676,0.0000,1.0193,0.0000,0.6000,-10372243.0000
27.5403,1.4405,0.3456,6.4811,0.4487,0,0,1.3016,0.0000,5.3476,0.0000,-0.2648,0.0000,1.0903,0.0000,0.6000,-10372243.0000
27.5500,1.3470,0.3550,6.2406,0.4487,0,0,1.3640,0.0000,5.2530,0.0000,-0.2630,0.0000,1.1535,0.0000,0.6000,-10372243.0000
27.5599,1.6286,-0.1922,6.2490,0.4488,0,0,1.4331,0.0000,5.1609,0.0000,-0.2598,0.0000,1.2249,0.0000,0.6000,-10372243.0000
27.5703,1.6718,0.1766,6.2142,0.4488,0,0,1.5002,0.0000,5.0623,0.0000,-0.2568,0.0000,1.2941,0.0000,0.6000,-10372243.0000
27.5800,1.3997,0.7461,5.9519,0.4488,0,0,1.5545,0.0000,4.9466,0.0000,-0.2560,0.0000,1.3480,0.0000,0.6000,-10372243.0000
27.5902,1.6431,0.6156,5.9535,0.4488,0,0,1.6143,0.0000,4.8330,0.0000,-0.2540,0.0000,1.4086,0.0000,0.6000,-10372243.0000
27.6000,1.7236,0.6823,5.8743,0.4489,0,0,1.6735,0.0000,4.7154,0.0000,-0.2519,0.0000,1.4688,0.0000,0.6000,-10372243.0000
27.6100,1.5634,0.6633,5.6477,0.4489,0,0,1.7240,0.0000,4.5855,0.0000,-0.2512,0.0000,1.5186,0.0000,0.6000,-10372243.0000
27.6203,1.8667,0.2720,5.7059,0.4489,0,0,1.7819,0.0000,4.4602,0.0000,-0.2489,0.0000,1.5776,0.0000,0.6000,-10372243.0000
27.6300,1.9360,0.1573,5.5484,0.4489,0,0,1.8389,0.0000,4.3306,0.0000,-0.2464,0.0000,1.6358,0.0000,0.6000,-10372243.0000
27.6402,1.8472,-0.0485,5.3177,0.4489,0,0,1.8895,0.0000,4.1915,0.0000,-0.2450,0.0000,1.6865,0.0000,0.6000,-10372243.0000
27.6500,1.8065,-0.0248,5.2490,0.4489,0,0,1.9356,0.0000,4.0452,0.0000,-0.2442,0.0000,1.7319,0.0000,0.6000,-10372243.0000
27.6600,1.4508,0.4905,4.9349,0.4489,0,0,1.9663,0.0000,3.8817,0.0000,-0.2461,0.0000,1.7591,0.0000,0.6000,-10372243.0000
27.6702,1.5289,0.3528,4.8387,0.4489,0,0,1.9972,0.0000,3.7175,0.0000,-0.2476,0.0000,1.7867,0.0000,0.6000,-10372243.0000
27.6799,1.6498,0.1847,4.8173,0.4489,0,0,2.0296,0.0000,3.5540,0.0000,-0.2486,0.0000,1.8166,0.0000,0.6000,-10372243.0000
27.6907,1.3202,0.7822,4.4562,0.4489,0,0,2.0481,0.0000,3.3757,0.0000,-0.2520,0.0000,1.8298,0.0000,0.6000,-10372243.0000
27.6999,1.5884,0.7023,4.4325,0.4489,0,0,2.0735,0.0000,3.2046,0.0000,-0.2536,0.0000,1.8519,0.0000,0.6000,-10372243.0000
27.7099,1.8942,0.1260,4.4545,0.4489,0,0,2.1070,0.0000,3.0411,0.0000,-0.2534,0.0000,1.8841,0.0000,0.6000,-10372243.0000
27.7203,1.6776,0.2568,4.1830,0.4489,0,0,2.1303,0.0000,2.8665,0.0000,-0.2548,0.0000,1.9042,0.0000,0.6000,-10372243.0000
27.7300,1.6250,0.0926,4.1293,0.4489,0,0,2.1494,0.0000,2.6876,0.0000,-0.2567,0.0000,1.9195,0.0000,0.6000,-10372243.0000
27.7402,1.4196,-0.1045,3.9509,0.4489,0,0,2.1590,0.0000,2.4996,0.0000,-0.2601,0.0000,1.9239,0.0000,0.6000,-10372243.0000
27.7500,1.3900,0.1506,3.7296,0.4489,0,0,2.1657,0.0000,2.3097,0.0000,-0.2638,0.0000,1.9249,0.0000,0.6000,-10372243.0000
27.7599,1.6534,0.0647,3.8132,0.4489,0,0,2.1794,0.0000,2.1282,0.0000,-0.2657,0.0000,1.9350,0.0000,0.6000,-10372243.0000
27.7702,1.4770,0.3364,3.5751,0.4489,0,0,2.1850,0.0000,1.9392,0.0000,-0.2689,0.0000,1.9355,0.0000,0.6000,-10372243.0000
27.7800,1.4880,0.5236,3.5356,0.4489,0,0,2.1890,0.0000,1.7501,0.0000,-0.2720,0.0000,1.9345,0.0000,0.6000,-10372243.0000
27.7903,1.6993,-0.0126,3.6429,0.4489,0,0,2.1984,0.0000,1.5679,0.0000,-0.2736,0.0000,1.9405,0.0000,0.6000,-10372243.0000
27.8000,1.3183,0.2348,3.3277,0.4489,0,0,2.1927,0.0000,1.3716,0.0000,-0.2779,0.0000,1.9285,0.0000,0.6000,-10372243.0000
27.8100,1.3789,0.6486,3.3245,0.4489,0,0,2.1876,0.0000,1.1781,0.0000,-0.2817,0.0000,1.9176,0.0000,0.6000,-10372243.0000
27.8203,1.7461,0.0800,3.3911,0.4489,0,0,2.1934,0.0000,0.9982,0.0000,-0.2829,0.0000,1.9205,0.0000,0.6000,-10372243.0000
27.8300,1.5724,0.0027,3.2045,0.4489,0,0,2.1915,0.0000,0.8116,0.0000,-0.2854,0.0000,1.9142,0.0000,0.6000,-10372243.0000
27.8402,1.4858,0.1435,3.1039,0.4489,0,0,2.1849,0.0000,0.6223,0.0000,-0.2883,0.0000,1.9028,0.0000,0.6000,-10372243.0000
27.8500,1.3890,-0.1655,3.1099,0.4489,0,0,2.1734,0.0000,0.4304,0.0000,-0.2919,0.0000,1.8858,0.0000,0.6000,-10372243.0000
27.8599,1.3883,-0.0061,2.9954,0.4489,0,0,2.1606,0.0000,0.2400,0.0000,-0.2954,0.0000,1.8676,0.0000,0.6000,-10372243.0000
27.8702,1.4855,0.0128,3.0077,0.4489,0,0,2.1499,0.0000,0.0546,0.0000,-0.2981,0.0000,1.8524,0.0000,0.6000,-10372243.0000
27.8800,1.2725,0.1151,2.9039,0.4490,0,0,2.1305,0.0000,-0.1371,0.0000,-0.3021,0.0000,1.8270,0.0000,0.6000,-10372243.0000
27.8907,1.1598,0.6459,2.8278,0.4490,0,0,2.1062,0.0000,-0.3304,0.0000,-0.3068,0.0000,1.7961,0.0000,0.6000,-10372243.0000
27.9000,1.4451,0.4635,2.9288,0.4490,0,0,2.0908,0.0000,-0.5106,0.0000,-0.3093,0.0000,1.7765,0.0000,0.6000,-10372243.0000
27.9100,1.4676,0.1519,2.8891,0.4490,0,0,2.0751,0.0000,-0.6881,0.0000,-0.3114,0.0000,1.7568,0.0000,0.6000,-10372243.0000
27.9203,1.3611,0.4215,2.7847,0.4490,0,0,2.0546,0.0000,-0.8676,0.0000,-0.3142,0.0000,1.7317,0.0000,0.6000,-10372243.0000
27.9299,1.4723,0.0903,2.8878,0.4491,0,0,2.0370,0.0000,-1.0405,0.0000,-0.3160,0.0000,1.7106,0.0000,0.6000,-10372243.0000
27.9403,1.5124,-0.2670,2.8692,0.4491,0,0,2.0197,0.0000,-1.2099,0.0000,-0.3174,0.0000,1.6902,0.0000,0.6000,-10372243.0000
27.9500,1.3353,-0.0360,2.8419,0.4491,0,0,1.9954,0.0000,-1.3837,0.0000,-0.3199,0.0000,1.6617,0.0000,0.6000,-10372239.0000
27.9599,1.4770,0.0500,2.8675,0.4491,0,0,1.9752,0.0000,-1.5493,0.0000,-0.3212,0.0000,1.6385,0.0000,0.6000,-10372239.0000
27.9702,1.8084,0.3672,2.9953,0.4491,0,0,1.9656,0.0000,-1.7003,0.0000,-0.3200,0.0000,1.6286,0.0000,0.6000,-10372239.0000
27.9799,2.4262,0.4791,3.2216,0.4490,0,0,1.9728,0.0000,-1.8310,0.0000,-0.3151,0.0000,1.6394,0.0000,0.6000,-10372239.0000
27.9902,2.9055,0.0400,3.3947,0.4490,0,0,1.9786,0.0000,-1.9620,0.0000,-0.3101,0.0000,1.6489,0.0000,0.6000,-10372239.0000
28.0000,2.5950,0.3250,3.3773,0.4489,0,0,1.9832,0.0000,-2.0934,0.0000,-0.3052,0.0000,1.6571,0.0000,0.6000,-10372239.0000
28.0100,2.0754,0.4622,3.1680,0.4489,0,0,1.9768,0.0000,-2.2356,0.0000,-0.3023,0.0000,1.6522,0.0000,0.6000,-10372239.0000
28.0203,1.8817,-0.0771,3.1816,0.4489,0,0,1.9624,0.0000,-2.3842,0.0000,-0.3007,0.0000,1.6379,0.0000,0.6000,-10372239.0000
28.0300,1.2692,-0.0525,2.9000,0.4489,0,0,1.9258,0.0000,-2.5542,0.0000,-0.3033,0.0000,1.5970,0.0000,0.6000,-10372239.0000
28.0402,0.7134,-0.0242,2.7333,0.4490,0,0,1.8759,0.0000,-2.7338,0.0000,-0.3082,0.0000,1.5404,0.0000,0.6000,-10372239.0000
28.0500,0.7383,-0.1427,2.8439,0.4490,0,0,1.8243,0.0000,-2.9097,0.0000,-0.3131,0.0000,1.4821,0.0000,0.6000,-10372239.0000
28.0599,0.8955,0.0955,2.8988,0.4491,0,0,1.7748,0.0000,-3.0772,0.0000,-0.3173,0.0000,1.4268,0.0000,0.6000,-10372239.0000
28.0703,1.4598,-0.0857,3.0961,0.4491,0,0,1.7452,0.0000,-3.2172,0.0000,-0.3170,0.0000,1.3960,0.0000,0.6000,-10372239.0000
28.0800,1.4460,0.0886,3.1887,0.4491,0,0,1.7147,0.0000,-3.3543,0.0000,-0.3167,0.0000,1.3645,0.0000,0.6000,-10372239.0000
28.0906,1.2047,0.5470,3.0292,0.4491,0,0,1.6756,0.0000,-3.4969,0.0000,-0.3178,0.0000,1.3229,0.0000,0.6000,-10372239.0000
28.1000,1.3752,0.1013,3.2202,0.4491,0,0,1.6425,0.0000,-3.6283,0.0000,-0.3174,0.0000,1.2888,0.0000,0.6000,-10372239.0000
28.1100,1.3252,-0.0845,3.2293,0.4491,0,0,1.6075,0.0000,-3.7577,0.0000,-0.3172,0.0000,1.2527,0.0000,0.6000,-10372239.0000
28.1202,0.9840,0.3923,3.0912,0.4491,0,0,1.5605,0.0000,-3.8961,0.0000,-0.3191,0.0000,1.2025,0.0000,0.6000,-10372239.0000
28.1299,1.1758,-0.0770,3.2951,0.4491,0,0,1.5206,0.0000,-4.0213,0.0000,-0.3193,0.0000,1.1611,0.0000,0.6000,-10372239.0000
28.1402,1.1997,-0.2643,3.2622,0.4491,0,0,1.4817,0.0000,-4.1410,0.0000,-0.3190,0.0000,1.1214,0.0000,0.6000,-10372239.0000
28.1500,1.2095,0.1216,3.3366,0.4491,0,0,1.4434,0.0000,-4.2555,0.0000,-0.3184,0.0000,1.0825,0.0000,0.6000,-10372239.0000
28.1599,1.2064,0.0663,3.5006,0.4491,0,0,1.4052,0.0000,-4.3657,0.0000,-0.3175,0.0000,1.0441,0.0000,0.6000,-10372239.0000
28.1703,1.0380,-0.0055,3.4159,0.4491,0,0,1.3613,0.0000,-4.4778,0.0000,-0.3175,0.0000,0.9990,0.0000,0.6000,-10372239.0000
28.1800,1.1118,-0.0112,3.6020,0.4491,0,0,1.3205,0.0000,-4.5818,0.0000,-0.3167,0.0000,0.9580,0.0000,0.6000,-10372239.0000
28.1902,0.9611,-0.1731,3.6461,0.4491,0,0,1.2748,0.0000,-4.6868,0.0000,-0.3167,0.0000,0.9112,0.0000,0.6000,-10372239.0000
28.2000,0.8799,0.1944,3.7031,0.4491,0,0,1.2268,0.0000,-4.7896,0.0000,-0.3169,0.0000,0.8620,0.0000,0.6000,-10372239.0000
28.2100,1.2979,0.2852,4.0603,0.4490,0,0,1.1943,0.0000,-4.8703,0.0000,-0.3139,0.0000,0.8317,0.0000,0.6000,-10372239.0000
28.2204,1.4009,-0.1111,4.1118,0.4490,0,0,1.1656,0.0000,-4.9433,0.0000,-0.3099,0.0000,0.8062,0.0000,0.6000,-10372239.0000
28.2299,1.2820,0.3236,4.2782,0.4489,0,0,1.1329,0.0000,-5.0176,0.0000,-0.3066,0.0000,0.7761,0.0000,0.6000,-10372239.0000
28.2402,1.2873,0.3522,4.4156,0.4488,0,0,1.1007,0.0000,-5.0879,0.0000,-0.3030,0.0000,0.7468,0.0000,0.6000,-10372239.0000
28.2499,1.2253,-0.2918,4.4890,0.4488,0,0,1.0667,0.0000,-5.1569,0.0000,-0.2997,0.0000,0.7155,0.0000,0.6000,-10372239.0000
28.2600,1.2056,-0.2080,4.6895,0.4487,0,0,1.0324,0.0000,-5.2227,0.0000,-0.2963,0.0000,0.6839,0.0000,0.6000,-10372239.0000
28.2703,1.0545,-0.1531,4.6815,0.4487,0,0,0.9932,0.0000,-5.2904,0.0000,-0.2937,0.0000,0.6467,0.0000,0.6000,-10372239.0000
28.2800,1.1918,-0.3575,4.9624,0.4486,0,0,0.9596,0.0000,-5.3483,0.0000,-0.2899,0.0000,0.6162,0.0000,0.6000,-10372239.0000
28.2900,1.3431,-0.1254,5.1955,0.4485,0,0,0.9308,0.0000,-5.3975,0.0000,-0.2850,0.0000,0.5918,0.0000,0.6000,-10372239.0000
28.3003,1.1553,-0.0549,5.2954,0.4484,0,0,0.8967,0.0000,-5.4497,0.0000,-0.2811,0.0000,0.5611,0.0000,0.6000,-10372239.0000
28.3100,0.9978,0.0735,5.5221,0.4484,0,0,0.8576,0.0000,-5.5041,0.0000,-0.2781,0.0000,0.5245,0.0000,0.6000,-10372239.0000
28.3200,1.0417,0.3295,5.7447,0.4483,0,0,0.8208,0.0000,-5.5523,0.0000,-0.2745,0.0000,0.4908,0.0000,0.6000,-10372239.0000
28.3302,1.0228,0.1900,5.8839,0.4482,0,0,0.7841,0.0000,-5.5970,0.0000,-0.2708,0.0000,0.4573,0.0000,0.6000,-10372239.0000
28.3400,0.9705,0.1481,6.0132,0.4482,0,0,0.7462,0.0000,-5.6395,0.0000,-0.2672,0.0000,0.4226,0.0000,0.6000,-10372239.0000
28.3508,1.0953,0.4025,6.2218,0.4481,0,0,0.7136,0.0000,-5.6730,0.0000,-0.2626,0.0000,0.3943,0.0000,0.6000,-10372239.0000
28.3599,1.2179,0.0132,6.4123,0.4480,0,0,0.6816,0.0000,-5.7029,0.0000,-0.2578,0.0000,0.3668,0.0000,0.6000,-10372239.0000
28.3700,1.2166,-0.4815,6.5829,0.4479,0,0,0.6493,0.0000,-5.7302,0.0000,-0.2529,0.0000,0.3391,0.0000,0.6000,-10372239.0000
28.3803,1.0189,-0.2076,6.6558,0.4478,0,0,0.6160,0.0000,-5.7559,0.0000,-0.2482,0.0000,0.3102,0.0000,0.6000,-10372239.0000
28.3899,0.5585,-0.1328,6.6160,0.4478,0,0,0.5672,0.0000,-5.7952,0.0000,-0.2465,0.0000,0.2627,0.0000,0.6000,-10372239.0000
28.4002,0.4849,-0.2896,6.6530,0.4478,0,0,0.5171,0.0000,-5.8317,0.0000,-0.2450,0.0000,0.2138,0.0000,0.6000,-10372239.0000
28.4100,0.2125,0.1181,6.5843,0.4478,0,0,0.4588,0.0000,-5.8727,0.0000,-0.2450,0.0000,0.1550,0.0000,0.6000,-10372239.0000
28.4200,-0.1289,0.2581,6.5225,0.4478,0,0,0.3900,0.0000,-5.9197,0.0000,-0.2470,0.0000,0.0838,0.0000,0.6000,-10372239.0000
28.4302,-0.1068,0.3497,6.6109,0.4478,0,0,0.3241,0.0000,-5.9577,0.0000,-0.2483,0.0000,0.0162,0.0000,0.6000,-10372239.0000
28.4400,0.2202,0.2881,6.6442,0.4478,0,0,0.2717,0.0000,-5.9758,0.0000,-0.2469,0.0000,-0.0349,0.0000,0.6000,-10372239.0000
28.4502,0.2093,-0.1130,6.6535,0.4478,0,0,0.2206,0.0000,-5.9882,0.0000,-0.2452,0.0000,-0.0845,0.0000,0.6000,-10372239.0000
28.4599,-0.1544,0.2137,6.5861,0.4478,0,0,0.1582,0.0000,-6.0082,0.0000,-0.2457,0.0000,-0.1475,0.0000,0.6000,-10372239.0000
28.4699,-0.3235,0.4696,6.5663,0.4478,0,0,0.0919,0.0000,-6.0273,0.0000,-0.2469,0.0000,-0.2152,0.0000,0.6000,-10372239.0000
28.4803,-0.3025,-0.1928,6.6853,0.4478,0,0,0.0286,0.0000,-6.0377,0.0000,-0.2475,0.0000,-0.2793,0.0000,0.6000,-10372239.0000
28.4900,-0.4022,-0.2387,6.6255,0.4478,0,0,-0.0361,0.0000,-6.0445,0.0000,-0.2483,0.0000,-0.3449,0.0000,0.6000,-10372239.0000
28.5002,-0.4929,-0.2047,6.6323,0.4478,0,0,-0.1018,0.0000,-6.0471,0.0000,-0.2493,0.0000,-0.4116,0.0000,0.6000,-10372239.0000
28.5100,-0.7442,-0.1268,6.5589,0.4479,0,0,-0.1740,0.0000,-6.0512,0.0000,-0.2516,0.0000,-0.4861,0.0000,0.6000,-10372239.0000
28.5199,-0.7872,0.3150,6.5218,0.4479,0,0,-0.2451,0.0000,-6.0484,0.0000,-0.2537,0.0000,-0.5592,0.0000,0.6000,-10372239.0000
28.5302,-0.8263,0.1047,6.5988,0.4479,0,0,-0.3150,0.0000,-6.0386,0.0000,-0.2555,0.0000,-0.6308,0.0000,0.6000,-10372239.0000
28.5400,-1.1244,0.3086,6.4152,0.4480,0,0,-0.3927,0.0000,-6.0315,0.0000,-0.2588,0.0000,-0.7119,0.0000,0.6000,-10372239.0000
28.5508,-1.1814,0.6676,6.3392,0.4480,0,0,-0.4695,0.0000,-6.0173,0.0000,-0.2620,0.0000,-0.7917,0.0000,0.6000,-10372239.0000
28.5599,-0.8896,-0.0079,6.4209,0.4480,0,0,-0.5331,0.0000,-5.9836,0.0000,-0.2627,0.0000,-0.8557,0.0000,0.6000,-10372239.0000
28.5700,-0.9936,-0.0162,6.3363,0.4481,0,0,-0.5978,0.0000,-5.9463,0.0000,-0.2636,0.0000,-0.9209,0.0000,0.6000,-10372239.0000
28.5802,-1.1106,0.2474,6.3688,0.4481,0,0,-0.6639,0.0000,-5.9057,0.0000,-0.2649,0.0000,-0.9879,0.0000,0.6000,-10372239.0000
28.5900,-1.4601,-0.2580,6.2889,0.4481,0,0,-0.7396,0.0000,-5.8698,0.0000,-0.2681,0.0000,-1.0664,0.0000,0.6000,-10372239.0000
28.6002,-1.5792,-0.1776,6.0935,0.4482,0,0,-0.8162,0.0000,-5.8293,0.0000,-0.2716,0.0000,-1.1461,0.0000,0.6000,-10372239.0000
28.6100,-1.5784,-0.0318,6.0458,0.4482,0,0,-0.8897,0.0000,-5.7798,0.0000,-0.2746,0.0000,-1.2220,0.0000,0.6000,-10372239.0000
28.6200,-1.9598,0.1144,5.7920,0.4483,0,0,-0.9719,0.0000,-5.7338,0.0000,-0.2793,0.0000,-1.3086,0.0000,0.6000,-10372239.0000
28.6303,-1.9721,0.6815,5.7644,0.4483,0,0,-1.0525,0.0000,-5.6800,0.0000,-0.2838,0.0000,-1.3931,0.0000,0.6000,-10372239.0000
28.6399,-1.6334,0.3819,5.8658,0.4484,0,0,-1.1177,0.0000,-5.6048,0.0000,-0.2855,0.0000,-1.4592,0.0000,0.6000,-10372239.0000
28.6502,-1.8002,0.2067,5.6443,0.4484,0,0,-1.1856,0.0000,-5.5280,0.0000,-0.2878,0.0000,-1.5287,0.0000,0.6000,-10372239.0000
28.6600,-1.8970,0.7079,5.5332,0.4484,0,0,-1.2538,0.0000,-5.4467,0.0000,-0.2903,0.0000,-1.5985,0.0000,0.6000,-10372239.0000
28.6700,-1.7575,0.3353,5.4445,0.4484,0,0,-1.3138,0.0000,-5.3526,0.0000,-0.2914,0.0000,-1.6587,0.0000,0.6000,-10372239.0000
28.6803,-1.7441,-0.2002,5.2680,0.4484,0,0,-1.3703,0.0000,-5.2513,0.0000,-0.2919,0.0000,-1.7147,0.0000,0.6000,-10372239.0000
28.6900,-1.9578,0.0643,5.2171,0.4484,0,0,-1.4312,0.0000,-5.1509,0.0000,-0.2936,0.0000,-1.7763,0.0000,0.6000,-10372239.0000
28.7002,-2.3182,0.0904,5.0163,0.4485,0,0,-1.5016,0.0000,-5.0558,0.0000,-0.2973,0.0000,-1.8494,0.0000,0.6000,-10372239.0000
28.7100,-2.4373,0.0406,4.8573,0.4485,0,0,-1.5726,0.0000,-4.9567,0.0000,-0.3013,0.0000,-1.9234,0.0000,0.6000,-10372239.0000
28.7199,-2.2606,0.3603,4.7813,0.4485,0,0,-1.6339,0.0000,-4.8433,0.0000,-0.3036,0.0000,-1.9859,0.0000,0.6000,-10372239.0000
28.7303,-2.4509,0.3685,4.5429,0.4486,0,0,-1.6984,0.0000,-4.7294,0.0000,-0.3067,0.0000,-2.0525,0.0000,0.6000,-10372239.0000
28.7400,-2.3935,0.6783,4.4483,0.4486,0,0,-1.7576,0.0000,-4.6061,0.0000,-0.3091,0.0000,-2.1127,0.0000,0.6000,-10372239.0000
28.7508,-2.1446,0.7734,4.4722,0.4486,0,0,-1.8047,0.0000,-4.4676,0.0000,-0.3093,0.0000,-2.1587,0.0000,0.6000,-10372239.0000
28.7600,-2.2344,0.3635,4.3058,0.4486,0,0,-1.8520,0.0000,-4.3268,0.0000,-0.3098,0.0000,-2.2051,0.0000,0.6000,-10372239.0000
28.7700,-2.2446,0.3542,4.2367,0.4486,0,0,-1.8967,0.0000,-4.1810,0.0000,-0.3101,0.0000,-2.2485,0.0000,0.6000,-10372239.0000
28.7803,-2.1972,0.3637,4.1823,0.4486,0,0,-1.9367,0.0000,-4.0285,0.0000,-0.3097,0.0000,-2.2867,0.0000,0.6000,-10372239.0000
28.7900,-2.2193,-0.1029,4.0262,0.4486,0,0,-1.9746,0.0000,-3.8724,0.0000,-0.3093,0.0000,-2.3226,0.0000,0.6000,-10372239.0000
28.8003,-2.1180,-0.0303,4.0952,0.4486,0,0,-2.0063,0.0000,-3.7086,0.0000,-0.3079,0.0000,-2.3513,0.0000,0.6000,-10372239.0000
28.8100,-2.4494,0.4632,3.9362,0.4486,0,0,-2.0468,0.0000,-3.5525,0.0000,-0.3085,0.0000,-2.3908,0.0000,0.6000,-10372239.0000
28.8199,-2.4959,0.3890,3.8388,0.4486,0,0,-2.0859,0.0000,-3.3935,0.0000,-0.3093,0.0000,-2.4291,0.0000,0.6000,-10372239.0000
28.8303,-2.2995,0.3889,3.9937,0.4486,0,0,-2.1154,0.0000,-3.2234,0.0000,-0.3084,0.0000,-2.4560,0.0000,0.6000,-10372239.0000
28.8400,-2.5221,0.8071,3.7214,0.4486,0,0,-2.1499,0.0000,-3.0576,0.0000,-0.3088,0.0000,-2.4893,0.0000,0.6000,-10372239.0000
28.8503,-2.3757,0.7975,3.7366,0.4486,0,0,-2.1766,0.0000,-2.8829,0.0000,-0.3080,0.0000,-2.5134,0.0000,0.6000,-10372239.0000
28.8600,-1.9075,0.4078,3.8076,0.4486,0,0,-2.1845,0.0000,-2.6894,0.0000,-0.3039,0.0000,-2.5153,0.0000,0.6000,-10372239.0000
28.8699,-1.9535,0.0893,3.6291,0.4486,0,0,-2.1921,0.0000,-2.4967,0.0000,-0.3000,0.0000,-2.5171,0.0000,0.6000,-10372239.0000
28.8803,-1.7959,-0.1475,3.6215,0.4486,0,0,-2.1930,0.0000,-2.2987,0.0000,-0.2952,0.0000,-2.5111,0.0000,0.6000,-10372239.0000
28.8900,-2.0929,0.0428,3.5019,0.4486,0,0,-2.2016,0.0000,-2.1102,0.0000,-0.2923,0.0000,-2.5150,0.0000,0.6000,-10372239.0000
28.9002,-2.3029,0.2494,3.2684,0.4486,0,0,-2.2154,0.0000,-1.9281,0.0000,-0.2908,0.0000,-2.5255,0.0000,0.6000,-10372239.0000
28.9100,-1.8735,-0.0655,3.4414,0.4486,0,0,-2.2123,0.0000,-1.7297,0.0000,-0.2863,0.0000,-2.5159,0.0000,0.6000,-10372239.0000
28.9199,-1.9862,0.1688,3.2252,0.4486,0,0,-2.2114,0.0000,-1.5357,0.0000,-0.2826,0.0000,-2.5094,0.0000,0.6000,-10372239.0000
28.9303,-2.0594,0.5338,3.1027,0.4486,0,0,-2.2113,0.0000,-1.3445,0.0000,-0.2795,0.0000,-2.5042,0.0000,0.6000,-10372239.0000
28.9399,-1.5991,0.0666,3.2573,0.4486,0,0,-2.2007,0.0000,-1.1446,0.0000,-0.2746,0.0000,-2.4868,0.0000,0.6000,-10372239.0000
28.9508,-1.6813,0.1676,3.1204,0.4486,0,0,-2.1881,0.0000,-0.9455,0.0000,-0.2698,0.0000,-2.4673,0.0000,0.6000,-10372238.0000
28.9599,-1.7294,0.4751,3.0216,0.4486,0,0,-2.1735,0.0000,-0.7472,0.0000,-0.2649,0.0000,-2.4459,0.0000,0.6000,-10372238.0000
28.9700,-1.6470,0.2278,3.1373,0.4486,0,0,-2.1569,0.0000,-0.5500,0.0000,-0.2600,0.0000,-2.4224,0.0000,0.6000,-10372238.0000
28.9803,-1.5369,0.0480,3.0175,0.4487,0,0,-2.1384,0.0000,-0.3541,0.0000,-0.2551,0.0000,-2.3970,0.0000,0.6000,-10372238.0000
28.9900,-1.4161,-0.3089,3.0967,0.4487,0,0,-2.1179,0.0000,-0.1595,0.0000,-0.2502,0.0000,-2.3697,0.0000,0.6000,-10372238.0000
29.0003,-1.6292,-0.4118,2.9788,0.4487,0,0,-2.0954,0.0000,0.0336,0.0000,-0.2453,0.0000,-2.3404,0.0000,0.6000,-10372238.0000
29.0100,-1.7431,0.0858,2.8742,0.4487,0,0,-2.0745,0.0000,0.2214,0.0000,-0.2412,0.0000,-2.3135,0.0000,0.6000,-10372238.0000
29.0199,-1.4467,0.0879,3.1122,0.4488,0,0,-2.0482,0.0000,0.4112,0.0000,-0.2363,0.0000,-2.2804,0.0000,0.6000,-10372238.0000
29.0302,-1.6880,0.2597,2.9651,0.4488,0,0,-2.0237,0.0000,0.5952,0.0000,-0.2321,0.0000,-2.2499,0.0000,0.6000,-10372238.0000
29.0399,-1.6977,0.8248,2.9200,0.4488,0,0,-1.9988,0.0000,0.7760,0.0000,-0.2283,0.0000,-2.2193,0.0000,0.6000,-10372238.0000
29.0503,-1.4306,0.4359,3.1235,0.4489,0,0,-1.9669,0.0000,0.9602,0.0000,-0.2233,0.0000,-2.1806,0.0000,0.6000,-10372238.0000
29.0599,-1.7034,0.0079,2.8712,0.4489,0,0,-1.9409,0.0000,1.1339,0.0000,-0.2200,0.0000,-2.1495,0.0000,0.6000,-10372238.0000
29.0700,-1.9633,0.5028,2.8304,0.4489,0,0,-1.9231,0.0000,1.2950,0.0000,-0.2187,0.0000,-2.1288,0.0000,0.6000,-10372238.0000
29.0803,-1.9908,0.2681,2.8215,0.4489,0,0,-1.9054,0.0000,1.4530,0.0000,-0.2177,0.0000,-2.1086,0.0000,0.6000,-10372238.0000
29.0900,-1.9424,-0.3018,2.6717,0.4489,0,0,-1.8851,0.0000,1.6107,0.0000,-0.2165,0.0000,-2.0856,0.0000,0.6000,-10372238.0000
29.1002,-1.7492,-0.0243,2.9441,0.4489,0,0,-1.8574,0.0000,1.7730,0.0000,-0.2142,0.0000,-2.0539,0.0000,0.6000,-10372238.0000
29.1100,-2.1236,0.1954,2.7142,0.4489,0,0,-1.8421,0.0000,1.9182,0.0000,-0.2147,0.0000,-2.0376,0.0000,0.6000,-10372238.0000
29.1199,-1.9404,0.0673,2.8944,0.4489,0,0,-1.8195,0.0000,2.0684,0.0000,-0.2140,0.0000,-2.0128,0.0000,0.6000,-10372238.0000
29.1302,-1.8857,0.3437,3.0657,0.4489,0,0,-1.7945,0.0000,2.2179,0.0000,-0.2131,0.0000,-1.9854,0.0000,0.6000,-10372238.0000
29.1400,-2.2936,0.5767,2.7115,0.4489,0,0,-1.7830,0.0000,2.3492,0.0000,-0.2153,0.0000,-1.9747,0.0000,0.6000,-10372238.0000
29.1508,-1.8866,0.4970,3.0660,0.4489,0,0,-1.7564,0.0000,2.4943,0.0000,-0.2146,0.0000,-1.9461,0.0000,0.6000,-10372238.0000
29.1600,-1.8281,0.2462,3.0539,0.4489,0,0,-1.7274,0.0000,2.6385,0.0000,-0.2138,0.0000,-1.9148,0.0000,0.6000,-10372238.0000
29.1700,-1.8947,-0.0880,3.0052,0.4489,0,0,-1.7003,0.0000,2.7767,0.0000,-0.2137,0.0000,-1.8862,0.0000,0.6000,-10372238.0000
29.1802,-1.7902,-0.1742,3.3544,0.4489,0,0,-1.6692,0.0000,2.9156,0.0000,-0.2130,0.0000,-1.8530,0.0000,0.6000,-10372238.0000
29.1900,-2.1812,0.1858,3.0863,0.4489,0,0,-1.6514,0.0000,3.0360,0.0000,-0.2153,0.0000,-1.8364,0.0000,0.6000,-10372238.0000
29.2002,-2.0161,-0.0019,3.3846,0.4489,0,0,-1.6273,0.0000,3.1606,0.0000,-0.2166,0.0000,-1.8123,0.0000,0.6000,-10372238.0000
29.2099,-1.8342,0.0481,3.5962,0.4489,0,0,-1.5965,0.0000,3.2893,0.0000,-0.2167,0.0000,-1.7803,0.0000,0.6000,-10372238.0000
29.2199,-2.0763,0.7866,3.4252,0.4489,0,0,-1.5739,0.0000,3.4050,0.0000,-0.2188,0.0000,-1.7586,0.0000,0.6000,-10372238.0000
29.2302,-1.3868,0.6759,3.9518,0.4489,0,0,-1.5269,0.0000,3.5444,0.0000,-0.2162,0.0000,-1.7076,0.0000,0.6000,-10372238.0000
29.2400,-1.1919,0.2273,4.1293,0.4490,0,0,-1.4735,0.0000,3.6855,0.0000,-0.2126,0.0000,-1.6492,0.0000,0.6000,-10372238.0000
29.2503,-1.5080,0.2891,4.0441,0.4490,0,0,-1.4317,0.0000,3.8081,0.0000,-0.2116,0.0000,-1.6052,0.0000,0.6000,-10372238.0000
29.2600,-1.4144,-0.0708,4.5498,0.4490,0,0,-1.3869,0.0000,3.9293,0.0000,-0.2102,0.0000,-1.5579,0.0000,0.6000,-10372238.0000
29.2699,-1.5843,-0.0676,4.4369,0.4490,0,0,-1.3486,0.0000,4.0387,0.0000,-0.2104,0.0000,-1.5186,0.0000,0.6000,-10372238.0000
29.2803,-1.4805,0.0671,4.7213,0.4490,0,0,-1.3069,0.0000,4.1475,0.0000,-0.2101,0.0000,-1.4755,0.0000,0.6000,-10372238.0000
29.2900,-1.4752,0.1782,4.8859,0.4490,0,0,-1.2654,0.0000,4.2515,0.0000,-0.2101,0.0000,-1.4330,0.0000,0.6000,-10372238.0000
29.3002,-1.9338,0.9324,4.7574,0.4489,0,0,-1.2404,0.0000,4.3330,0.0000,-0.2137,0.0000,-1.4107,0.0000,0.6000,-10372238.0000
29.3100,-1.6694,0.7635,5.0054,0.4489,0,0,-1.2061,0.0000,4.4218,0.0000,-0.2155,0.0000,-1.3774,0.0000,0.6000,-10372238.0000
29.3199,-1.6352,0.0503,5.0898,0.4489,0,0,-1.1709,0.0000,4.5079,0.0000,-0.2173,0.0000,-1.3431,0.0000,0.6000,-10372238.0000
29.3302,-1.8200,0.3042,4.9805,0.4488,0,0,-1.1426,0.0000,4.5828,0.0000,-0.2206,0.0000,-1.3174,0.0000,0.6000,-10372238.0000
29.3400,-1.4996,0.2251,5.2792,0.4488,0,0,-1.1031,0.0000,4.6666,0.0000,-0.2219,0.0000,-1.2784,0.0000,0.6000,-10372238.0000
29.3508,-1.3932,-0.2783,5.3533,0.4488,0,0,-1.0605,0.0000,4.7500,0.0000,-0.2227,0.0000,-1.2357,0.0000,0.6000,-10372238.0000
29.3600,-1.4929,0.1294,5.4167,0.4488,0,0,-1.0220,0.0000,4.8244,0.0000,-0.2245,0.0000,-1.1983,0.0000,0.6000,-10372238.0000
29.3699,-1.4912,0.1372,5.6049,0.4487,0,0,-0.9841,0.0000,4.8945,0.0000,-0.2265,0.0000,-1.1617,0.0000,0.6000,-10372238.0000
29.3803,-1.6627,0.1021,5.5424,0.4487,0,0,-0.9527,0.0000,4.9535,0.0000,-0.2300,0.0000,-1.1332,0.0000,0.6000,-10372238.0000
29.3900,-1.3655,0.3702,5.8739,0.4486,0,0,-0.9114,0.0000,5.0204,0.0000,-0.2317,0.0000,-1.0928,0.0000,0.6000,-10372238.0000
29.4002,-1.4724,0.3932,5.9856,0.4486,0,0,-0.8745,0.0000,5.0783,0.0000,-0.2343,0.0000,-1.0580,0.0000,0.6000,-10372238.0000
29.4099,-1.6771,0.4516,5.9542,0.4485,0,0,-0.8455,0.0000,5.1242,0.0000,-0.2386,0.0000,-1.0329,0.0000,0.6000,-10372238.0000
29.4198,-1.4507,0.5139,6.2759,0.4485,0,0,-0.8089,0.0000,5.1754,0.0000,-0.2415,0.0000,-0.9987,0.0000,0.6000,-10372238.0000
29.4303,-1.5358,-0.0057,6.2977,0.4484,0,0,-0.7761,0.0000,5.2192,0.0000,-0.2453,0.0000,-0.9692,0.0000,0.6000,-10372238.0000
29.4400,-1.3961,-0.0270,6.4102,0.4484,0,0,-0.7389,0.0000,5.2646,0.0000,-0.2482,0.0000,-0.9345,0.0000,0.6000,-10372238.0000
29.4503,-1.2787,0.2262,6.6505,0.4483,0,0,-0.6984,0.0000,5.3102,0.0000,-0.2506,0.0000,-0.8959,0.0000,0.6000,-10372238.0000
29.4599,-1.3871,-0.0360,6.4528,0.4483,0,0,-0.6626,0.0000,5.3470,0.0000,-0.2540,0.0000,-0.8631,0.0000,0.6000,-10372238.0000
29.4700,-1.2054,-0.0786,6.6747,0.4482,0,0,-0.6212,0.0000,5.3867,0.0000,-0.2564,0.0000,-0.8237,0.0000,0.6000,-10372238.0000
29.4803,-1.6008,0.4922,6.5083,0.4481,0,0,-0.5919,0.0000,5.4095,0.0000,-0.2612,0.0000,-0.7991,0.0000,0.6000,-10372238.0000
29.4900,-1.5746,0.6306,6.4087,0.4481,0,0,-0.5625,0.0000,5.4301,0.0000,-0.2661,0.0000,-0.7743,0.0000,0.6000,-10372238.0000
29.5002,-1.2281,0.3706,6.7800,0.4480,0,0,-0.5242,0.0000,5.4577,0.0000,-0.2692,0.0000,-0.7388,0.0000,0.6000,-10372238.0000
29.5100,-1.4159,0.6149,6.5514,0.4479,0,0,-0.4934,0.0000,5.4739,0.0000,-0.2739,0.0000,-0.7126,0.0000,0.6000,-10372238.0000
29.5200,-1.1633,0.4055,6.8152,0.4479,0,0,-0.4546,0.0000,5.4961,0.0000,-0.2770,0.0000,-0.6766,0.0000,0.6000,-10372238.0000
29.5302,-1.0279,-0.0990,6.9344,0.4478,0,0,-0.4120,0.0000,5.5190,0.0000,-0.2794,0.0000,-0.6362,0.0000,0.6000,-10372238.0000
29.5400,-1.3114,0.1054,6.6211,0.4478,0,0,-0.3805,0.0000,5.5265,0.0000,-0.2841,0.0000,-0.6093,0.0000,0.6000,-10372238.0000
29.5508,-1.1447,0.1791,6.8503,0.4477,0,0,-0.3441,0.0000,5.5368,0.0000,-0.2877,0.0000,-0.5765,0.0000,0.6000,-10372238.0000
29.5599,-0.9856,0.1444,6.7299,0.4476,0,0,-0.3031,0.0000,5.5489,0.0000,-0.2906,0.0000,-0.5382,0.0000,0.6000,-10372238.0000
29.5699,-0.4324,0.3604,6.9504,0.4477,0,0,-0.2439,0.0000,5.5768,0.0000,-0.2898,0.0000,-0.4780,0.0000,0.6000,-10372238.0000
29.5802,-0.0608,0.1818,7.0793,0.4477,0,0,-0.1714,0.0000,5.6136,0.0000,-0.2865,0.0000,-0.4018,0.0000,0.6000,-10372238.0000
29.5900,-0.2882,0.5038,6.7256,0.4477,0,0,-0.1112,0.0000,5.6314,0.0000,-0.2858,0.0000,-0.3407,0.0000,0.6000,-10372238.0000
29.6003,0.0028,0.7849,6.9610,0.4477,0,0,-0.0429,0.0000,5.6526,0.0000,-0.2834,0.0000,-0.2698,0.0000,0.6000,-10372238.0000
29.6100,0.0083,0.1720,6.8999,0.4477,0,0,0.0231,0.0000,5.6659,0.0000,-0.2816,0.0000,-0.2019,0.0000,0.6000,-10372238.0000
29.6199,-0.1448,0.2021,6.8121,0.4477,0,0,0.0817,0.0000,5.6661,0.0000,-0.2812,0.0000,-0.1428,0.0000,0.6000,-10372238.0000
29.6302,0.0908,0.3817,6.9780,0.4477,0,0,0.1434,0.0000,5.6649,0.0000,-0.2802,0.0000,-0.0802,0.0000,0.6000,-10372238.0000
29.6400,0.0946,-0.2347,6.7435,0.4477,0,0,0.2029,0.0000,5.6564,0.0000,-0.2797,0.0000,-0.0202,0.0000,0.6000,-10372238.0000
29.6502,0.5567,-0.1470,6.7885,0.4477,0,0,0.2797,0.0000,5.6612,0.0000,-0.2757,0.0000,0.0606,0.0000,0.6000,-10372238.0000
29.6599,0.5228,0.3275,6.7596,0.4478,0,0,0.3525,0.0000,5.6556,0.0000,-0.2726,0.0000,0.1365,0.0000,0.6000,-10372238.0000
29.6700,0.4228,0.4378,6.5727,0.4478,0,0,0.4191,0.0000,5.6380,0.0000,-0.2706,0.0000,0.2049,0.0000,0.6000,-10372238.0000
29.6804,0.8633,0.4501,6.9960,0.4479,0,0,0.4985,0.0000,5.6283,0.0000,-0.2661,0.0000,0.2887,0.0000,0.6000,-10372238.0000
29.6900,0.6798,0.6095,6.7366,0.4480,0,0,0.5685,0.0000,5.6028,0.0000,-0.2634,0.0000,0.3611,0.0000,0.6000,-10372238.0000
29.7002,0.6761,0.4756,6.6180,0.4480,0,0,0.6356,0.0000,5.5689,0.0000,-0.2613,0.0000,0.4300,0.0000,0.6000,-10372238.0000
29.7100,1.1870,0.0394,6.7754,0.4481,0,0,0.7157,0.0000,5.5433,0.0000,-0.2565,0.0000,0.5147,0.0000,0.6000,-10372238.0000
29.7200,1.0663,-0.2063,6.4612,0.4481,0,0,0.7905,0.0000,5.5061,0.0000,-0.2528,0.0000,0.5928,0.0000,0.6000,-10372238.0000
29.7302,1.3622,-0.1883,6.6212,0.4482,0,0,0.8700,0.0000,5.4680,0.0000,-0.2480,0.0000,0.6767,0.0000,0.6000,-10372238.0000
29.7400,1.2850,0.1321,6.6509,0.4483,0,0,0.9459,0.0000,5.4203,0.0000,-0.2438,0.0000,0.7563,0.0000,0.6000,-10372238.0000
29.7508,1.0019,0.4744,6.3202,0.4483,0,0,1.0087,0.0000,5.3539,0.0000,-0.2422,0.0000,0.8200,0.0000,0.6000,-10372238.0000
29.7599,1.4028,0.1882,6.5108,0.4483,0,0,1.0825,0.0000,5.2941,0.0000,-0.2382,0.0000,0.8973,0.0000,0.6000,-10372238.0000
29.7699,1.2202,0.3171,6.2116,0.4484,0,0,1.1467,0.0000,5.2194,0.0000,-0.2360,0.0000,0.9629,0.0000,0.6000,-10372238.0000
29.7802,1.3319,0.7806,6.1243,0.4484,0,0,1.2118,0.0000,5.1412,0.0000,-0.2335,0.0000,1.0297,0.0000,0.6000,-10372238.0000
29.7900,1.9965,0.2133,6.4027,0.4484,0,0,1.2875,0.0000,5.0692,0.0000,-0.2287,0.0000,1.1095,0.0000,0.6000,-10372238.0000
29.8002,1.8301,0.1528,6.0780,0.4485,0,0,1.3626,0.0000,4.9911,0.0000,-0.2239,0.0000,1.1886,0.0000,0.6000,-10372238.0000
29.8099,1.7064,0.3833,5.9390,0.4485,0,0,1.4305,0.0000,4.9007,0.0000,-0.2204,0.0000,1.2591,0.0000,0.6000,-10372238.0000
29.8199,1.7241,-0.0144,5.8225,0.4486,0,0,1.4956,0.0000,4.8030,0.0000,-0.2172,0.0000,1.3265,0.0000,0.6000,-10372238.0000
29.8302,1.5239,-0.0771,5.5004,0.4486,0,0,1.5505,0.0000,4.6909,0.0000,-0.2159,0.0000,1.3816,0.0000,0.6000,-10372238.0000
29.8400,1.8124,-0.0406,5.5987,0.4486,0,0,1.6124,0.0000,4.5825,0.0000,-0.2129,0.0000,1.4453,0.0000,0.6000,-10372238.0000
29.8503,1.7867,0.0809,5.5125,0.4486,0,0,1.6700,0.0000,4.4660,0.0000,-0.2106,0.0000,1.5041,0.0000,0.6000,-10372238.0000
29.8599,1.7945,0.6333,5.3483,0.4487,0,0,1.7247,0.0000,4.3432,0.0000,-0.2086,0.0000,1.5596,0.0000,0.6000,-10372238.0000
29.8699,2.1483,0.3851,5.5123,0.4487,0,0,1.7886,0.0000,4.2261,0.0000,-0.2046,0.0000,1.6262,0.0000,0.6000,-10372238.0000
29.8803,1.8574,0.2475,5.1927,0.4487,0,0,1.8388,0.0000,4.0918,0.0000,-0.2030,0.0000,1.6767,0.0000,0.6000,-10372238.0000
29.8900,1.7639,0.6644,5.0796,0.4487,0,0,1.8827,0.0000,3.9486,0.0000,-0.2024,0.0000,1.7198,0.0000,0.6000,-10372238.0000
29.9002,2.1013,0.1532,5.1426,0.4487,0,0,1.9354,0.0000,3.8119,0.0000,-0.1998,0.0000,1.7737,0.0000,0.6000,-10372238.0000
29.9100,2.0407,-0.2116,4.8961,0.4487,0,0,1.9827,0.0000,3.6671,0.0000,-0.1980,0.0000,1.8214,0.0000,0.6000,-10372237.0000
29.9199,2.0364,0.2928,4.8109,0.4487,0,0,2.0268,0.0000,3.5167,0.0000,-0.1965,0.0000,1.8655,0.0000,0.6000,-10372237.0000
29.9302,1.8068,0.2582,4.6506,0.4487,0,0,2.0600,0.0000,3.3536,0.0000,-0.1969,0.0000,1.8966,0.0000,0.6000,-10372237.0000
29.9400,1.7642,0.0335,4.4300,0.4487,0,0,2.0889,0.0000,3.1854,0.0000,-0.1978,0.0000,1.9230,0.0000,0.6000,-10372237.0000
29.9508,1.9644,0.2556,4.5398,0.4487,0,0,2.1222,0.0000,3.0207,0.0000,-0.1975,0.0000,1.9549,0.0000,0.6000,-10372237.0000
29.9600,1.7127,0.4224,4.2579,0.4487,0,0,2.1441,0.0000,2.8438,0.0000,-0.1992,0.0000,1.9733,0.0000,0.6000,-10372237.0000
29.9700,1.9137,0.5276,4.1818,0.4487,0,0,2.1705,0.0000,2.6713,0.0000,-0.1996,0.0000,1.9976,0.0000,0.6000,-10372237.0000
29.9802,2.1062,0.5157,4.2664,0.4487,0,0,2.2009,0.0000,2.5025,0.0000,-0.1988,0.0000,2.0271,0.0000,0.6000,-10372237.0000
29.9900,1.6857,0.4417,3.8654,0.4487,0,0,2.2142,0.0000,2.3159,0.0000,-0.2012,0.0000,2.0362,0.0000,0.6000,-10372237.0000
30.0002,1.6573,0.4399,3.9130,0.4487,0,0,2.2243,0.0000,2.1270,0.0000,-0.2038,0.0000,2.0418,0.0000,0.6000,-10372237.0000
30.0100,1.6781,0.2192,3.7232,0.4487,0,0,2.2331,0.0000,1.9377,0.0000,-0.2063,0.0000,2.0462,0.0000,0.6000,-10372237.0000
30.0199,1.7471,-0.1219,3.5328,0.4487,0,0,2.2422,0.0000,1.7500,0.0000,-0.2084,0.0000,2.0513,0.0000,0.6000,-10372237.0000
30.0302,1.9236,0.0786,3.7126,0.4487,0,0,2.2553,0.0000,1.5674,0.0000,-0.2093,0.0000,2.0617,0.0000,0.6000,-10372237.0000
30.0399,1.4384,0.7569,3.3091,0.4487,0,0,2.2496,0.0000,1.3666,0.0000,-0.2136,0.0000,2.0496,0.0000,0.6000,-10372237.0000
30.0502,1.5266,0.7839,3.3123,0.4487,0,0,2.2453,0.0000,1.1698,0.0000,-0.2172,0.0000,2.0397,0.0000,0.6000,-10372237.0000
30.0600,1.6823,0.5583,3.3538,0.4487,0,0,2.2447,0.0000,0.9789,0.0000,-0.2197,0.0000,2.0348,0.0000,0.6000,-10372237.0000
30.0700,1.2003,0.7906,2.8846,0.4487,0,0,2.2304,0.0000,0.7761,0.0000,-0.2246,0.0000,2.0136,0.0000,0.6000,-10372237.0000
30.0803,1.4163,0.4654,3.0002,0.4488,0,0,2.2177,0.0000,0.5780,0.0000,-0.2287,0.0000,1.9947,0.0000,0.6000,-10372237.0000
30.0900,1.4942,0.1331,2.9173,0.4488,0,0,2.2063,0.0000,0.3842,0.0000,-0.2322,0.0000,1.9779,0.0000,0.6000,-10372237.0000
30.1003,1.3129,0.1161,2.6787,0.4488,0,0,2.1873,0.0000,0.1855,0.0000,-0.2368,0.0000,1.9523,0.0000,0.6000,-10372237.0000
30.1100,1.4293,0.0526,2.8904,0.4488,0,0,2.1711,0.0000,-0.0069,0.0000,-0.2405,0.0000,1.9306,0.0000,0.6000,-10372237.0000
30.1200,1.0265,0.4725,2.5781,0.4488,0,0,2.1470,0.0000,-0.2043,0.0000,-0.2454,0.0000,1.8996,0.0000,0.6000,-10372237.0000
30.1302,0.9825,0.6610,2.4838,0.4489,0,0,2.1209,0.0000,-0.3998,0.0000,-0.2503,0.0000,1.8666,0.0000,0.6000,-10372237.0000
30.1400,1.1835,0.2602,2.6349,0.4489,0,0,2.0934,0.0000,-0.5929,0.0000,-0.2550,0.0000,1.8324,0.0000,0.6000,-10372237.0000
30.1509,0.6417,0.6382,2.2517,0.4489,0,0,2.0634,0.0000,-0.7844,0.0000,-0.2599,0.0000,1.7956,0.0000,0.6000,-10372237.0000
30.1600,0.9029,0.7711,2.3689,0.4490,0,0,2.0314,0.0000,-0.9737,0.0000,-0.2648,0.0000,1.7569,0.0000,0.6000,-10372237.0000
30.1700,1.6816,0.2154,2.6099,0.4490,0,0,2.0191,0.0000,-1.1380,0.0000,-0.2653,0.0000,1.7424,0.0000,0.6000,-10372237.0000
30.1802,2.0626,0.4305,2.6038,0.4489,0,0,2.0187,0.0000,-1.2871,0.0000,-0.2631,0.0000,1.7428,0.0000,0.6000,-10372237.0000
30.1899,2.3119,0.4135,2.8760,0.4489,0,0,2.0255,0.0000,-1.4271,0.0000,-0.2591,0.0000,1.7521,0.0000,0.6000,-10372237.0000
30.2003,1.8646,-0.1808,2.6034,0.4489,0,0,2.0151,0.0000,-1.5841,0.0000,-0.2583,0.0000,1.7409,0.0000,0.6000,-10372237.0000
30.2100,1.5213,0.0712,2.5535,0.4489,0,0,1.9917,0.0000,-1.7525,0.0000,-0.2599,0.0000,1.7143,0.0000,0.6000,-10372237.0000
30.2199,1.4658,0.0652,2.6480,0.4489,0,0,1.9656,0.0000,-1.9200,0.0000,-0.2616,0.0000,1.6848,0.0000,0.6000,-10372237.0000
30.2302,1.3111,0.2224,2.3919,0.4490,0,0,1.9335,0.0000,-2.0902,0.0000,-0.2642,0.0000,1.6483,0.0000,0.6000,-10372237.0000
30.2400,1.5211,0.6897,2.5878,0.4490,0,0,1.9082,0.0000,-2.2487,0.0000,-0.2651,0.0000,1.6206,0.0000,0.6000,-10372237.0000
30.2502,1.2493,0.3202,2.4219,0.4490,0,0,1.8728,0.0000,-2.4143,0.0000,-0.2677,0.0000,1.5810,0.0000,0.6000,-10372237.0000
30.2600,0.6977,0.2548,2.1833,0.4490,0,0,1.8244,0.0000,-2.5893,0.0000,-0.2726,0.0000,1.5259,0.0000,0.6000,-10372237.0000
30.2699,0.6973,0.6241,2.2646,0.4491,0,0,1.7743,0.0000,-2.7607,0.0000,-0.2776,0.0000,1.4691,0.0000,0.6000,-10372237.0000
30.2804,0.7729,0.1459,2.2216,0.4492,0,0,1.7225,0.0000,-2.9279,0.0000,-0.2824,0.0000,1.4108,0.0000,0.6000,-10372237.0000
30.2899,1.0771,-0.0888,2.3044,0.4492,0,0,1.6817,0.0000,-3.0776,0.0000,-0.2848,0.0000,1.3661,0.0000,0.6000,-10372237.0000
30.3002,1.2328,0.1723,2.4716,0.4492,0,0,1.6463,0.0000,-3.2166,0.0000,-0.2857,0.0000,1.3284,0.0000,0.6000,-10372237.0000
30.3100,1.0653,0.1054,2.4342,0.4492,0,0,1.6050,0.0000,-3.3576,0.0000,-0.2876,0.0000,1.2838,0.0000,0.6000,-10372237.0000
30.3199,1.1184,0.1082,2.5917,0.4492,0,0,1.5656,0.0000,-3.4917,0.0000,-0.2887,0.0000,1.2420,0.0000,0.6000,-10372237.0000
30.3303,0.8935,0.2463,2.6479,0.4493,0,0,1.5186,0.0000,-3.6296,0.0000,-0.2912,0.0000,1.1911,0.0000,0.6000,-10372237.0000
30.3400,0.5237,0.4185,2.5444,0.4493,0,0,1.4591,0.0000,-3.7759,0.0000,-0.2959,0.0000,1.1254,0.0000,0.6000,-10372237.0000
30.3508,0.7168,0.6498,2.7972,0.4494,0,0,1.4071,0.0000,-3.9077,0.0000,-0.2987,0.0000,1.0693,0.0000,0.6000,-10372237.0000
30.3599,0.9917,0.6009,2.9303,0.4494,0,0,1.3653,0.0000,-4.0228,0.0000,-0.2993,0.0000,1.0258,0.0000,0.6000,-10372237.0000
30.3699,0.9714,0.2556,2.9949,0.4494,0,0,1.3231,0.0000,-4.1337,0.0000,-0.2996,0.0000,0.9822,0.0000,0.6000,-10372237.0000
30.3803,1.1345,0.2369,3.2017,0.4494,0,0,1.2871,0.0000,-4.2334,0.0000,-0.2986,0.0000,0.9462,0.0000,0.6000,-10372237.0000
30.3900,0.9386,-0.0255,3.1891,0.4494,0,0,1.2445,0.0000,-4.3363,0.0000,-0.2986,0.0000,0.9025,0.0000,0.6000,-10372237.0000
30.4002,0.9276,-0.3509,3.2857,0.4494,0,0,1.2020,0.0000,-4.4346,0.0000,-0.2985,0.0000,0.8592,0.0000,0.6000,-10372237.0000
30.4100,0.9031,0.0101,3.5167,0.4494,0,0,1.1592,0.0000,-4.5288,0.0000,-0.2982,0.0000,0.8158,0.0000,0.6000,-10372237.0000
30.4200,0.6428,0.4715,3.4729,0.4494,0,0,1.1079,0.0000,-4.6278,0.0000,-0.2994,0.0000,0.7622,0.0000,0.6000,-10372237.0000
30.4303,0.9635,0.0273,3.6871,0.4494,0,0,1.0687,0.0000,-4.7084,0.0000,-0.2980,0.0000,0.7236,0.0000,0.6000,-10372237.0000
30.4399,1.0637,-0.0354,3.8906,0.4493,0,0,1.0335,0.0000,-4.7807,0.0000,-0.2956,0.0000,0.6901,0.0000,0.6000,-10372237.0000
30.4502,0.9276,0.3133,3.8843,0.4493,0,0,0.9940,0.0000,-4.8540,0.0000,-0.2939,0.0000,0.6515,0.0000,0.6000,-10372237.0000
30.4600,1.3407,0.1759,4.2224,0.4492,0,0,0.9696,0.0000,-4.9070,0.0000,-0.2891,0.0000,0.6315,0.0000,0.6000,-10372237.0000
30.4699,1.5681,0.1647,4.5313,0.4491,0,0,0.9451,0.0000,-4.9576,0.0000,-0.2842,0.0000,0.6113,0.0000,0.6000,-10372237.0000
30.4803,1.3448,0.3333,4.5346,0.4491,0,0,0.9201,0.0000,-5.0062,0.0000,-0.2794,0.0000,0.5907,0.0000,0.6000,-10372237.0000
30.4900,1.3084,-0.0408,4.8669,0.4490,0,0,0.8946,0.0000,-5.0529,0.0000,-0.2745,0.0000,0.5696,0.0000,0.6000,-10372237.0000
30.5003,1.3515,-0.2360,4.9686,0.4489,0,0,0.8687,0.0000,-5.0975,0.0000,-0.2696,0.0000,0.5481,0.0000,0.6000,-10372237.0000
30.5100,1.2106,-0.1820,5.1250,0.4488,0,0,0.8410,0.0000,-5.1415,0.0000,-0.2650,0.0000,0.5246,0.0000,0.6000,-10372237.0000
30.5200,1.1248,-0.1304,5.3251,0.4488,0,0,0.8107,0.0000,-5.1856,0.0000,-0.2609,0.0000,0.4980,0.0000,0.6000,-10372237.0000
30.5302,1.0442,0.0870,5.3538,0.4487,0,0,0.7780,0.0000,-5.2294,0.0000,-0.2571,0.0000,0.4687,0.0000,0.6000,-10372237.0000
30.5400,1.3203,0.3846,5.7017,0.4486,0,0,0.7504,0.0000,-5.2648,0.0000,-0.2522,0.0000,0.4455,0.0000,0.6000,-10372237.0000
30.5508,1.1875,0.2840,5.8081,0.4485,0,0,0.7223,0.0000,-5.2980,0.0000,-0.2474,0.0000,0.4220,0.0000,0.6000,-10372237.0000
30.5599,1.0340,0.5668,5.9020,0.4485,0,0,0.6909,0.0000,-5.3324,0.0000,-0.2432,0.0000,0.3944,0.0000,0.6000,-10372237.0000
30.5700,1.1654,0.5501,6.1683,0.4484,0,0,0.6622,0.0000,-5.3609,0.0000,-0.2383,0.0000,0.3702,0.0000,0.6000,-10372237.0000
30.5802,1.2117,-0.2544,6.2296,0.4483,0,0,0.6332,0.0000,-5.3872,0.0000,-0.2335,0.0000,0.3458,0.0000,0.6000,-10372237.0000
30.5900,1.2199,-0.2588,6.5231,0.4482,0,0,0.6039,0.0000,-5.4112,0.0000,-0.2286,0.0000,0.3212,0.0000,0.6000,-10372237.0000
30.6002,1.0201,0.0576,6.5332,0.4482,0,0,0.5744,0.0000,-5.4330,0.0000,-0.2238,0.0000,0.2962,0.0000,0.6000,-10372237.0000
30.6100,0.7575,-0.1561,6.6336,0.4481,0,0,0.5363,0.0000,-5.4613,0.0000,-0.2206,0.0000,0.2610,0.0000,0.6000,-10372237.0000
30.6199,1.0713,0.0369,6.9568,0.4480,0,0,0.5063,0.0000,-5.4778,0.0000,-0.2158,0.0000,0.2357,0.0000,0.6000,-10372237.0000
30.6303,0.6784,0.3907,6.8903,0.4480,0,0,0.4671,0.0000,-5.5014,0.0000,-0.2128,0.0000,0.1993,0.0000,0.6000,-10372237.0000
30.6400,0.4316,0.4632,6.8179,0.4480,0,0,0.4202,0.0000,-5.5298,0.0000,-0.2112,0.0000,0.1538,0.0000,0.6000,-10372237.0000
30.6503,0.5285,0.3471,7.0594,0.4479,0,0,0.3781,0.0000,-5.5493,0.0000,-0.2086,0.0000,0.1140,0.0000,0.6000,-10372237.0000
30.6600,0.3655,0.2365,7.0146,0.4479,0,0,0.3315,0.0000,-5.5699,0.0000,-0.2069,0.0000,0.0689,0.0000,0.6000,-10372237.0000
30.6699,0.3198,0.0100,7.1200,0.4479,0,0,0.2846,0.0000,-5.5869,0.0000,-0.2052,0.0000,0.0236,0.0000,0.6000,-10372237.0000
30.6803,0.4402,-0.1042,7.2882,0.4478,0,0,0.2434,0.0000,-5.5942,0.0000,-0.2023,0.0000,-0.0149,0.0000,0.6000,-10372237.0000
30.6900,0.1940,-0.1926,7.1206,0.4478,0,0,0.1948,0.0000,-5.6058,0.0000,-0.2009,0.0000,-0.0622,0.0000,0.6000,-10372237.0000
30.7002,0.4006,-0.4374,7.2260,0.4477,0,0,0.1550,0.0000,-5.6043,0.0000,-0.1977,0.0000,-0.0988,0.0000,0.6000,-10372237.0000
30.7100,-0.1074,0.0151,7.1466,0.4477,0,0,0.0986,0.0000,-5.6169,0.0000,-0.1978,0.0000,-0.1553,0.0000,0.6000,-10372237.0000
30.7200,-0.5745,0.6064,6.9606,0.4478,0,0,0.0277,0.0000,-5.6399,0.0000,-0.2006,0.0000,-0.2293,0.0000,0.6000,-10372237.0000
30.7303,-0.3641,0.1894,7.2215,0.4478,0,0,-0.0334,0.0000,-5.6470,0.0000,-0.2016,0.0000,-0.2914,0.0000,0.6000,-10372237.0000
30.7400,-0.4783,0.3632,6.9759,0.4478,0,0,-0.0964,0.0000,-5.6511,0.0000,-0.2028,0.0000,-0.3558,0.0000,0.6000,-10372237.0000
30.7508,-0.5922,0.6306,6.8955,0.4478,0,0,-0.1612,0.0000,-5.6520,0.0000,-0.2044,0.0000,-0.4222,0.0000,0.6000,-10372237.0000
30.7600,-0.3038,-0.0144,7.0754,0.4478,0,0,-0.2136,0.0000,-5.6350,0.0000,-0.2036,0.0000,-0.4736,0.0000,0.6000,-10372237.0000
30.7700,-0.6123,-0.1874,7.0267,0.4478,0,0,-0.2748,0.0000,-5.6230,0.0000,-0.2046,0.0000,-0.5356,0.0000,0.6000,-10372237.0000
30.7803,-0.9290,-0.0093,6.9674,0.4479,0,0,-0.3448,0.0000,-5.6153,0.0000,-0.2073,0.0000,-0.6082,0.0000,0.6000,-10372237.0000
30.7900,-1.2752,-0.1565,6.8440,0.4479,0,0,-0.4243,0.0000,-5.6118,0.0000,-0.2118,0.0000,-0.6923,0.0000,0.6000,-10372237.0000
30.8003,-1.2988,-0.0166,6.5294,0.4480,0,0,-0.5017,0.0000,-5.5998,0.0000,-0.2160,0.0000,-0.7736,0.0000,0.6000,-10372237.0000
30.8099,-1.1309,0.1320,6.6559,0.4480,0,0,-0.5701,0.0000,-5.5727,0.0000,-0.2184,0.0000,-0.8443,0.0000,0.6000,-10372237.0000
30.8200,-1.4907,0.3512,6.5029,0.4481,0,0,-0.6485,0.0000,-5.5504,0.0000,-0.2228,0.0000,-0.9268,0.0000,0.6000,-10372237.0000
30.8302,-1.6406,0.8691,6.4785,0.4481,0,0,-0.7284,0.0000,-5.5236,0.0000,-0.2276,0.0000,-1.0112,0.0000,0.6000,-10372237.0000
30.8400,-1.3135,0.5939,6.5995,0.4482,0,0,-0.7942,0.0000,-5.4765,0.0000,-0.2296,0.0000,-1.0786,0.0000,0.6000,-10372237.0000
30.8502,-1.5152,-0.0346,6.2906,0.4482,0,0,-0.8642,0.0000,-5.4288,0.0000,-0.2326,0.0000,-1.1511,0.0000,0.6000,-10372237.0000
30.8599,-1.5515,0.3882,6.2355,0.4482,0,0,-0.9325,0.0000,-5.3743,0.0000,-0.2353,0.0000,-1.2215,0.0000,0.6000,-10372237.0000
30.8700,-1.5643,0.2924,6.2428,0.4483,0,0,-0.9982,0.0000,-5.3123,0.0000,-0.2377,0.0000,-1.2889,0.0000,0.6000,-10372237.0000
30.8804,-1.6969,-0.1754,6.0644,0.4483,0,0,-1.0655,0.0000,-5.2473,0.0000,-0.2404,0.0000,-1.3584,0.0000,0.6000,-10372237.0000
30.8900,-1.7813,0.1412,6.1142,0.4483,0,0,-1.1327,0.0000,-5.1774,0.0000,-0.2433,0.0000,-1.4278,0.0000,0.6000,-10372237.0000
30.9002,-2.1199,0.2891,5.8351,0.4484,0,0,-1.2085,0.0000,-5.1115,0.0000,-0.2481,0.0000,-1.5077,0.0000,0.6000,-10372237.0000
30.9100,-2.2007,-0.0275,5.6133,0.4484,0,0,-1.2837,0.0000,-5.0395,0.0000,-0.2528,0.0000,-1.5869,0.0000,0.6000,-10372233.0000
30.9199,-2.0532,0.2187,5.6675,0.4484,0,0,-1.3503,0.0000,-4.9537,0.0000,-0.2560,0.0000,-1.6558,0.0000,0.6000,-10372233.0000
30.9302,-2.3666,0.4415,5.3312,0.4485,0,0,-1.4242,0.0000,-4.8705,0.0000,-0.2607,0.0000,-1.7336,0.0000,0.6000,-10372233.0000
30.9400,-2.1821,0.5725,5.3990,0.4485,0,0,-1.4884,0.0000,-4.7728,0.0000,-0.2638,0.0000,-1.8000,0.0000,0.6000,-10372233.0000
30.9508,-2.0850,0.5888,5.3848,0.4485,0,0,-1.5461,0.0000,-4.6644,0.0000,-0.2657,0.0000,-1.8584,0.0000,0.6000,-10372233.0000
30.9600,-2.2616,0.1787,5.0466,0.4485,0,0,-1.6067,0.0000,-4.5554,0.0000,-0.2685,0.0000,-1.9207,0.0000,0.6000,-10372233.0000
30.9700,-2.0825,-0.0667,5.1173,0.4485,0,0,-1.6578,0.0000,-4.4333,0.0000,-0.2696,0.0000,-1.9718,0.0000,0.6000,-10372233.0000
30.9802,-2.3007,0.1458,4.8192,0.4486,0,0,-1.7135,0.0000,-4.3128,0.0000,-0.2719,0.0000,-2.0285,0.0000,0.6000,-10372233.0000
30.9900,-2.2573,0.0090,4.7319,0.4486,0,0,-1.7646,0.0000,-4.1845,0.0000,-0.2734,0.0000,-2.0799,0.0000,0.6000,-10372233.0000
31.0003,-1.9654,-0.0269,4.8688,0.4486,0,0,-1.8025,0.0000,-4.0405,0.0000,-0.2726,0.0000,-2.1155,0.0000,0.6000,-10372233.0000
31.0099,-2.5364,0.5248,4.4574,0.4486,0,0,-1.8574,0.0000,-3.9116,0.0000,-0.2755,0.0000,-2.1721,0.0000,0.6000,-10372233.0000
31.0199,-2.4814,0.6921,4.4137,0.4486,0,0,-1.9072,0.0000,-3.7746,0.0000,-0.2776,0.0000,-2.2226,0.0000,0.6000,-10372233.0000
31.0302,-2.1393,0.3840,4.5171,0.4486,0,0,-1.9421,0.0000,-3.6202,0.0000,-0.2771,0.0000,-2.2554,0.0000,0.6000,-10372233.0000
31.0399,-2.2750,0.4949,4.1943,0.4486,0,0,-1.9790,0.0000,-3.4666,0.0000,-0.2772,0.0000,-2.2908,0.0000,0.6000,-10372233.0000
31.0502,-2.1450,0.4141,4.2691,0.4486,0,0,-2.0086,0.0000,-3.3044,0.0000,-0.2762,0.0000,-2.3179,0.0000,0.6000,-10372233.0000
31.0600,-1.9696,0.0089,4.2117,0.4486,0,0,-2.0297,0.0000,-3.1330,0.0000,-0.2738,0.0000,-2.3348,0.0000,0.6000,-10372233.0000
31.0700,-2.2544,-0.0143,3.9241,0.4486,0,0,-2.0582,0.0000,-2.9691,0.0000,-0.2733,0.0000,-2.3612,0.0000,0.6000,-10372233.0000
31.0803,-2.1780,-0.1116,3.8686,0.4486,0,0,-2.0816,0.0000,-2.7993,0.0000,-0.2720,0.0000,-2.3816,0.0000,0.6000,-10372233.0000
31.0900,-2.5047,0.0340,3.5991,0.4486,0,0,-2.1138,0.0000,-2.6382,0.0000,-0.2728,0.0000,-2.4131,0.0000,0.6000,-10372233.0000
31.1002,-2.5376,0.1810,3.3642,0.4486,0,0,-2.1445,0.0000,-2.4745,0.0000,-0.2737,0.0000,-2.4429,0.0000,0.6000,-10372233.0000
31.1099,-2.0714,-0.2705,3.5044,0.4486,0,0,-2.1565,0.0000,-2.2915,0.0000,-0.2711,0.0000,-2.4505,0.0000,0.6000,-10372233.0000
31.1199,-2.2478,0.1305,3.2847,0.4486,0,0,-2.1724,0.0000,-2.1132,0.0000,-0.2697,0.0000,-2.4633,0.0000,0.6000,-10372233.0000
31.1302,-2.5380,0.7297,3.1720,0.4486,0,0,-2.1961,0.0000,-1.9432,0.0000,-0.2702,0.0000,-2.4858,0.0000,0.6000,-10372233.0000
31.1400,-2.2108,0.3194,3.1931,0.4486,0,0,-2.2061,0.0000,-1.7593,0.0000,-0.2683,0.0000,-2.4920,0.0000,0.6000,-10372233.0000
31.1508,-2.1443,0.1791,3.1363,0.4486,0,0,-2.2117,0.0000,-1.5721,0.0000,-0.2659,0.0000,-2.4934,0.0000,0.6000,-10372233.0000
31.1600,-2.1623,0.0082,2.9986,0.4486,0,0,-2.2161,0.0000,-1.3850,0.0000,-0.2636,0.0000,-2.4936,0.0000,0.6000,-10372233.0000
31.1700,-2.1263,-0.2091,3.0631,0.4486,0,0,-2.2173,0.0000,-1.1963,0.0000,-0.2611,0.0000,-2.4904,0.0000,0.6000,-10372233.0000
31.1803,-2.0654,0.1074,2.9067,0.4486,0,0,-2.2147,0.0000,-1.0054,0.0000,-0.2581,0.0000,-2.4829,0.0000,0.6000,-10372233.0000
31.1900,-2.1082,0.0284,2.8647,0.4486,0,0,-2.2119,0.0000,-0.8164,0.0000,-0.2555,0.0000,-2.4755,0.0000,0.6000,-10372233.0000
31.2002,-2.4475,0.1829,2.7369,0.4486,0,0,-2.2191,0.0000,-0.6397,0.0000,-0.2553,0.0000,-2.4808,0.0000,0.6000,-10372233.0000
31.2099,-3.1441,0.7328,2.3501,0.4486,0,0,-2.2482,0.0000,-0.4866,0.0000,-0.2599,0.0000,-2.5131,0.0000,0.6000,-10372233.0000
31.2199,-3.0237,0.4932,2.3489,0.4486,0,0,-2.2707,0.0000,-0.3260,0.0000,-0.2635,0.0000,-2.5374,0.0000,0.6000,-10372233.0000
31.2302,-2.5817,0.4117,2.3827,0.4486,0,0,-2.2754,0.0000,-0.1472,0.0000,-0.2638,0.0000,-2.5407,0.0000,0.6000,-10372233.0000
31.2399,-2.6522,0.7207,2.2631,0.4486,0,0,-2.2807,0.0000,0.0296,0.0000,-0.2646,0.0000,-2.5450,0.0000,0.6000,-10372233.0000
31.2502,-2.3395,0.5049,2.3222,0.4486,0,0,-2.2734,0.0000,0.2181,0.0000,-0.2632,0.0000,-2.5344,0.0000,0.6000,-10372233.0000
31.2600,-2.3684,0.2069,2.3593,0.4486,0,0,-2.2655,0.0000,0.4046,0.0000,-0.2620,0.0000,-2.5234,0.0000,0.6000,-10372233.0000
31.2699,-2.4756,0.1228,2.1915,0.4486,0,0,-2.2598,0.0000,0.5863,0.0000,-0.2617,0.0000,-2.5156,0.0000,0.6000,-10372233.0000
31.2804,-2.1905,-0.0938,2.3855,0.4486,0,0,-2.2427,0.0000,0.7774,0.0000,-0.2594,0.0000,-2.4944,0.0000,0.6000,-10372233.0000
31.2900,-1.9272,0.2697,2.4553,0.4486,0,0,-2.2154,0.0000,0.9760,0.0000,-0.2554,0.0000,-2.4611,0.0000,0.6000,-10372233.0000
31.3002,-1.5804,0.3952,2.4737,0.4487,0,0,-2.1816,0.0000,1.1773,0.0000,-0.2505,0.0000,-2.4203,0.0000,0.6000,-10372233.0000
31.3099,-1.2172,0.0303,2.7363,0.4487,0,0,-2.1456,0.0000,1.3760,0.0000,-0.2456,0.0000,-2.3775,0.0000,0.6000,-10372233.0000
31.3200,-1.5098,0.4812,2.6048,0.4487,0,0,-2.1077,0.0000,1.5720,0.0000,-0.2407,0.0000,-2.3327,0.0000,0.6000,-10372233.0000
31.3303,-1.7766,0.6827,2.4893,0.4488,0,0,-2.0728,0.0000,1.7599,0.0000,-0.2368,0.0000,-2.2920,0.0000,0.6000,-10372233.0000
31.3400,-1.4719,0.2219,2.6862,0.4488,0,0,-2.0311,0.0000,1.9503,0.0000,-0.2318,0.0000,-2.2434,0.0000,0.6000,-10372233.0000
31.3508,-1.5384,0.3191,2.5957,0.4489,0,0,-1.9874,0.0000,2.1375,0.0000,-0.2269,0.0000,-2.1929,0.0000,0.6000,-10372233.0000
31.3600,-1.5312,0.3502,2.6366,0.4489,0,0,-1.9431,0.0000,2.3200,0.0000,-0.2223,0.0000,-2.1422,0.0000,0.6000,-10372233.0000
31.3700,-1.4593,0.0371,2.7422,0.4490,0,0,-1.8963,0.0000,2.4998,0.0000,-0.2175,0.0000,-2.0888,0.0000,0.6000,-10372233.0000
31.3802,-1.5285,0.0072,2.6735,0.4490,0,0,-1.8519,0.0000,2.6715,0.0000,-0.2135,0.0000,-2.0387,0.0000,0.6000,-10372233.0000
31.3899,-1.2747,0.0196,2.8572,0.4491,0,0,-1.8010,0.0000,2.8449,0.0000,-0.2086,0.0000,-1.9811,0.0000,0.6000,-10372233.0000
31.4002,-1.4327,0.0832,2.9459,0.4491,0,0,-1.7535,0.0000,3.0087,0.0000,-0.2047,0.0000,-1.9282,0.0000,0.6000,-10372233.0000
31.4100,-1.4190,0.4576,2.9982,0.4491,0,0,-1.7058,0.0000,3.1673,0.0000,-0.2012,0.0000,-1.8752,0.0000,0.6000,-10372233.0000
31.4199,-1.2424,0.3151,3.2675,0.4492,0,0,-1.6521,0.0000,3.3269,0.0000,-0.1967,0.0000,-1.8156,0.0000,0.6000,-10372233.0000
31.4302,-1.5027,0.1732,3.1678,0.4492,0,0,-1.6080,0.0000,3.4702,0.0000,-0.1945,0.0000,-1.7678,0.0000,0.6000,-10372233.0000
31.4400,-1.4374,0.5430,3.2351,0.4492,0,0,-1.5618,0.0000,3.6107,0.0000,-0.1922,0.0000,-1.7179,0.0000,0.6000,-10372233.0000
31.4502,-1.2019,0.2502,3.3899,0.4493,0,0,-1.5078,0.0000,3.7546,0.0000,-0.1885,0.0000,-1.6588,0.0000,0.6000,-10372233.0000
31.4600,-1.2048,0.0421,3.4233,0.4493,0,0,-1.4544,0.0000,3.8919,0.0000,-0.1854,0.0000,-1.6009,0.0000,0.6000,-10372233.0000
31.4699,-1.2816,0.4331,3.5786,0.4494,0,0,-1.4044,0.0000,4.0199,0.0000,-0.1831,0.0000,-1.5473,0.0000,0.6000,-10372233.0000
31.4804,-1.5314,0.2937,3.6550,0.4494,0,0,-1.3636,0.0000,4.1324,0.0000,-0.1830,0.0000,-1.5053,0.0000,0.6000,-10372233.0000
31.4899,-1.5447,-0.0871,3.7522,0.4494,0,0,-1.3237,0.0000,4.2397,0.0000,-0.1833,0.0000,-1.4646,0.0000,0.6000,-10372233.0000
31.5003,-1.5477,0.1715,4.0577,0.4494,0,0,-1.2842,0.0000,4.3420,0.0000,-0.1839,0.0000,-1.4246,0.0000,0.6000,-10372233.0000
31.5099,-1.8015,0.2866,3.9662,0.4493,0,0,-1.2539,0.0000,4.4301,0.0000,-0.1865,0.0000,-1.3961,0.0000,0.6000,-10372233.0000
31.5199,-1.5696,0.1918,4.2703,0.4493,0,0,-1.2157,0.0000,4.5234,0.0000,-0.1877,0.0000,-1.3582,0.0000,0.6000,-10372233.0000
31.5302,-1.3266,0.4390,4.5213,0.4493,0,0,-1.1693,0.0000,4.6215,0.0000,-0.1875,0.0000,-1.3106,0.0000,0.6000,-10372233.0000
31.5400,-1.6068,0.6339,4.5312,0.4493,0,0,-1.1335,0.0000,4.7035,0.0000,-0.1896,0.0000,-1.2760,0.0000,0.6000,-10372233.0000
31.5508,-1.4078,0.5407,4.8320,0.4493,0,0,-1.0911,0.0000,4.7888,0.0000,-0.1905,0.0000,-1.2337,0.0000,0.6000,-10372233.0000
31.5599,-1.3099,0.3448,5.0248,0.4493,0,0,-1.0458,0.0000,4.8728,0.0000,-0.1910,0.0000,-1.1881,0.0000,0.6000,-10372233.0000
31.5700,-1.5475,-0.0461,4.9691,0.4492,0,0,-1.0097,0.0000,4.9425,0.0000,-0.1936,0.0000,-1.1538,0.0000,0.6000,-10372233.0000
31.5802,-1.4852,-0.0772,5.2163,0.4492,0,0,-0.9719,0.0000,5.0104,0.0000,-0.1959,0.0000,-1.1176,0.0000,0.6000,-10372233.0000
31.5900,-1.6784,0.2554,5.2598,0.4491,0,0,-0.9414,0.0000,5.0665,0.0000,-0.1998,0.0000,-1.0905,0.0000,0.6000,-10372233.0000
31.6002,-1.6784,0.1844,5.4481,0.4491,0,0,-0.9114,0.0000,5.1192,0.0000,-0.2039,0.0000,-1.0641,0.0000,0.6000,-10372233.0000
31.6100,-1.3504,0.2477,5.8611,0.4490,0,0,-0.8702,0.0000,5.1809,0.0000,-0.2059,0.0000,-1.0243,0.0000,0.6000,-10372233.0000
31.6199,-1.7279,0.6803,5.8549,0.4489,0,0,-0.8430,0.0000,5.2236,0.0000,-0.2108,0.0000,-1.0015,0.0000,0.6000,-10372233.0000
31.6302,-1.6080,0.5062,6.0076,0.4489,0,0,-0.8120,0.0000,5.2678,0.0000,-0.2150,0.0000,-0.9743,0.0000,0.6000,-10372233.0000
31.6399,-1.3158,0.1978,6.2936,0.4488,0,0,-0.7713,0.0000,5.3195,0.0000,-0.2174,0.0000,-0.9355,0.0000,0.6000,-10372233.0000
31.6502,-1.4990,0.4121,6.2501,0.4488,0,0,-0.7379,0.0000,5.3596,0.0000,-0.2213,0.0000,-0.9056,0.0000,0.6000,-10372233.0000
31.6599,-1.4668,0.3888,6.4149,0.4487,0,0,-0.7040,0.0000,5.3971,0.0000,-0.2252,0.0000,-0.8752,0.0000,0.6000,-10372233.0000
31.6700,-1.2097,0.4481,6.6141,0.4487,0,0,-0.6618,0.0000,5.4405,0.0000,-0.2275,0.0000,-0.8349,0.0000,0.6000,-10372233.0000
31.6803,-1.2061,0.3965,6.5758,0.4486,0,0,-0.6204,0.0000,5.4791,0.0000,-0.2301,0.0000,-0.7957,0.0000,0.6000,-10372233.0000
31.6900,-0.8246,0.0191,6.8288,0.4486,0,0,-0.5666,0.0000,5.5274,0.0000,-0.2303,0.0000,-0.7417,0.0000,0.6000,-10372233.0000
31.7002,-0.9553,0.0754,6.8863,0.4486,0,0,-0.5189,0.0000,5.5644,0.0000,-0.2318,0.0000,-0.6950,0.0000,0.6000,-10372233.0000
31.7099,-1.0478,0.1023,6.8410,0.4486,0,0,-0.4756,0.0000,5.5924,0.0000,-0.2342,0.0000,-0.6539,0.0000,0.6000,-10372233.0000
31.7199,-0.6322,-0.2604,7.1216,0.4486,0,0,-0.4189,0.0000,5.6310,0.0000,-0.2341,0.0000,-0.5967,0.0000,0.6000,-10372233.0000
31.7302,-0.8143,0.2008,7.0376,0.4486,0,0,-0.3703,0.0000,5.6562,0.0000,-0.2356,0.0000,-0.5493,0.0000,0.6000,-10372233.0000
31.7400,-1.0126,0.4875,7.0747,0.4485,0,0,-0.3300,0.0000,5.6684,0.0000,-0.2388,0.0000,-0.5121,0.0000,0.6000,-10372233.0000
31.7508,-0.5418,0.2329,7.3541,0.4485,0,0,-0.2743,0.0000,5.6935,0.0000,-0.2390,0.0000,-0.4564,0.0000,0.6000,-10372233.0000
31.7600,-0.4763,0.3091,7.3352,0.4485,0,0,-0.2181,0.0000,5.7146,0.0000,-0.2391,0.0000,-0.4001,0.0000,0.6000,-10372233.0000
31.7699,-0.3795,0.2210,7.3045,0.4485,0,0,-0.1602,0.0000,5.7327,0.0000,-0.2390,0.0000,-0.3419,0.0000,0.6000,-10372233.0000
31.7803,-0.3444,0.1745,7.3258,0.4485,0,0,-0.1030,0.0000,5.7453,0.0000,-0.2390,0.0000,-0.2845,0.0000,0.6000,-10372233.0000
31.7899,-0.3613,0.2143,7.1330,0.4485,0,0,-0.0482,0.0000,5.7507,0.0000,-0.2395,0.0000,-0.2302,0.0000,0.6000,-10372233.0000
31.8003,-0.0872,-0.3678,7.2971,0.4485,0,0,0.0174,0.0000,5.7629,0.0000,-0.2379,0.0000,-0.1630,0.0000,0.6000,-10372233.0000
31.8099,-0.1011,-0.1686,7.2447,0.4485,0,0,0.0772,0.0000,5.7638,0.0000,-0.2375,0.0000,-0.1027,0.0000,0.6000,-10372233.0000
31.8199,-0.3825,0.3791,6.9686,0.4485,0,0,0.1250,0.0000,5.7475,0.0000,-0.2394,0.0000,-0.0570,0.0000,0.6000,-10372233.0000
31.8302,-0.1232,0.0602,6.8989,0.4485,0,0,0.1801,0.0000,5.7352,0.0000,-0.2399,0.0000,-0.0024,0.0000,0.6000,-10372233.0000
31.8399,0.0163,0.2655,6.7326,0.4485,0,0,0.2376,0.0000,5.7210,0.0000,-0.2399,0.0000,0.0549,0.0000,0.6000,-10372233.0000
31.8502,-0.0501,0.5863,6.4987,0.4485,0,0,0.2929,0.0000,5.7001,0.0000,-0.2403,0.0000,0.1096,0.0000,0.6000,-10372233.0000
31.8600,0.1086,0.3496,6.4048,0.4485,0,0,0.3498,0.0000,5.6768,0.0000,-0.2403,0.0000,0.1663,0.0000,0.6000,-10372233.0000
31.8700,0.4388,0.3773,6.2607,0.4485,0,0,0.4161,0.0000,5.6588,0.0000,-0.2384,0.0000,0.2343,0.0000,0.6000,-10372232.0000
31.8803,0.4664,0.0007,6.2808,0.4485,0,0,0.4808,0.0000,5.6340,0.0000,-0.2368,0.0000,0.3004,0.0000,0.6000,-10372232.0000
31.8900,0.5289,-0.1035,6.2457,0.4485,0,0,0.5452,0.0000,5.6040,0.0000,-0.2352,0.0000,0.3660,0.0000,0.6000,-10372232.0000
31.9002,0.4851,0.3222,6.2274,0.4486,0,0,0.6054,0.0000,5.5649,0.0000,-0.2344,0.0000,0.4266,0.0000,0.6000,-10372232.0000
31.9100,0.6578,-0.0956,6.1901,0.4486,0,0,0.6691,0.0000,5.5250,0.0000,-0.2328,0.0000,0.4915,0.0000,0.6000,-10372232.0000
31.9199,0.9662,-0.2705,6.1437,0.4486,0,0,0.7409,0.0000,5.4886,0.0000,-0.2296,0.0000,0.5662,0.0000,0.6000,-10372232.0000
31.9302,0.7851,0.3413,5.9021,0.4486,0,0,0.8034,0.0000,5.4374,0.0000,-0.2281,0.0000,0.6297,0.0000,0.6000,-10372232.0000
31.9400,0.5865,0.5085,5.6108,0.4486,0,0,0.8563,0.0000,5.3721,0.0000,-0.2284,0.0000,0.6816,0.0000,0.6000,-10372232.0000
31.9508,0.9711,0.4891,5.6570,0.4487,0,0,0.9201,0.0000,5.3142,0.0000,-0.2264,0.0000,0.7469,0.0000,0.6000,-10372232.0000
31.9600,1.1026,0.4452,5.5729,0.4487,0,0,0.9857,0.0000,5.2535,0.0000,-0.2240,0.0000,0.8142,0.0000,0.6000,-10372232.0000
31.9700,1.0807,0.1395,5.4351,0.4487,0,0,1.0475,0.0000,5.1844,0.0000,-0.2222,0.0000,0.8772,0.0000,0.6000,-10372232.0000
31.9802,1.1578,0.0839,5.5088,0.4487,0,0,1.1091,0.0000,5.1109,0.0000,-0.2202,0.0000,0.9400,0.0000,0.6000,-10372232.0000
31.9900,1.0585,0.0490,5.3491,0.4487,0,0,1.1643,0.0000,5.0268,0.0000,-0.2194,0.0000,0.9952,0.0000,0.6000,-10372232.0000
32.0002,1.2335,-0.1713,5.3795,0.4488,0,0,1.2229,0.0000,4.9425,0.0000,-0.2178,0.0000,1.0545,0.0000,0.6000,-10372232.0000
32.0099,1.1197,0.2602,5.3374,0.4488,0,0,1.2746,0.0000,4.8475,0.0000,-0.2173,0.0000,1.1057,0.0000,0.6000,-10372232.0000
32.0199,0.9424,0.7587,5.1320,0.4488,0,0,1.3174,0.0000,4.7405,0.0000,-0.2185,0.0000,1.1463,0.0000,0.6000,-10372232.0000
32.0302,1.3878,0.3862,5.3396,0.4488,0,0,1.3732,0.0000,4.6441,0.0000,-0.2168,0.0000,1.2028,0.0000,0.6000,-10372232.0000
32.0400,1.4020,0.4776,5.1585,0.4488,0,0,1.4265,0.0000,4.5418,0.0000,-0.2154,0.0000,1.2565,0.0000,0.6000,-10372232.0000
32.0502,1.1436,0.6946,4.8890,0.4488,0,0,1.4680,0.0000,4.4245,0.0000,-0.2162,0.0000,1.2960,0.0000,0.6000,-10372232.0000
32.0599,1.5692,0.2144,5.0528,0.4488,0,0,1.5217,0.0000,4.3171,0.0000,-0.2143,0.0000,1.3505,0.0000,0.6000,-10372232.0000
32.0699,1.5867,0.1558,4.9300,0.4488,0,0,1.5731,0.0000,4.2041,0.0000,-0.2127,0.0000,1.4024,0.0000,0.6000,-10372232.0000
32.0803,1.5044,0.2555,4.8955,0.4488,0,0,1.6186,0.0000,4.0825,0.0000,-0.2120,0.0000,1.4474,0.0000,0.6000,-10372232.0000
32.0899,1.4738,0.0627,4.9864,0.4488,0,0,1.6604,0.0000,3.9547,0.0000,-0.2118,0.0000,1.4881,0.0000,0.6000,-10372232.0000
32.1002,1.4122,0.3276,4.8162,0.4488,0,0,1.6973,0.0000,3.8201,0.0000,-0.2124,0.0000,1.5231,0.0000,0.6000,-10372232.0000
32.1100,1.6597,0.2267,4.8505,0.4488,0,0,1.7402,0.0000,3.6898,0.0000,-0.2114,0.0000,1.5657,0.0000,0.6000,-10372232.0000
32.1200,1.7096,0.1877,4.7574,0.4488,0,0,1.7821,0.0000,3.5563,0.0000,-0.2104,0.0000,1.6072,0.0000,0.6000,-10372232.0000
32.1303,1.5659,0.7177,4.5446,0.4488,0,0,1.8162,0.0000,3.4132,0.0000,-0.2107,0.0000,1.6396,0.0000,0.6000,-10372232.0000
32.1400,1.7426,0.5329,4.6477,0.4488,0,0,1.8539,0.0000,3.2722,0.0000,-0.2100,0.0000,1.6766,0.0000,0.6000,-10372232.0000
32.1508,1.5737,0.3947,4.4748,0.4488,0,0,1.8831,0.0000,3.1213,0.0000,-0.2107,0.0000,1.7036,0.0000,0.6000,-10372232.0000
32.1599,1.4677,0.9100,4.3737,0.4488,0,0,1.9062,0.0000,2.9635,0.0000,-0.2124,0.0000,1.7234,0.0000,0.6000,-10372232.0000
32.1699,1.8942,0.5594,4.4931,0.4488,0,0,1.9417,0.0000,2.8178,0.0000,-0.2112,0.0000,1.7587,0.0000,0.6000,-10372232.0000
32.1802,2.0676,-0.0766,4.4602,0.4488,0,0,1.9805,0.0000,2.6739,0.0000,-0.2090,0.0000,1.7982,0.0000,0.6000,-10372232.0000
32.1899,2.0394,-0.0107,4.4032,0.4488,0,0,2.0155,0.0000,2.5246,0.0000,-0.2074,0.0000,1.8334,0.0000,0.6000,-10372232.0000
32.2003,1.9238,0.0900,4.4035,0.4488,0,0,2.0439,0.0000,2.3674,0.0000,-0.2068,0.0000,1.8608,0.0000,0.6000,-10372232.0000
32.2099,1.6317,0.1469,4.1535,0.4488,0,0,2.0597,0.0000,2.1970,0.0000,-0.2083,0.0000,1.8733,0.0000,0.6000,-10372232.0000
32.2199,1.8666,0.4524,4.2406,0.4488,0,0,2.0814,0.0000,2.0330,0.0000,-0.2084,0.0000,1.8934,0.0000,0.6000,-10372232.0000
32.2303,1.7279,0.3620,4.1023,0.4488,0,0,2.0961,0.0000,1.8618,0.0000,-0.2095,0.0000,1.9051,0.0000,0.6000,-10372232.0000
32.2399,1.4966,0.5896,3.8537,0.4488,0,0,2.1006,0.0000,1.6811,0.0000,-0.2124,0.0000,1.9051,0.0000,0.6000,-10372232.0000
32.2502,1.8555,0.8135,3.9234,0.4488,0,0,2.1157,0.0000,1.5123,0.0000,-0.2127,0.0000,1.9182,0.0000,0.6000,-10372232.0000
32.2600,1.9497,0.2993,3.8193,0.4488,0,0,2.1320,0.0000,1.3452,0.0000,-0.2125,0.0000,1.9329,0.0000,0.6000,-10372232.0000
32.2700,1.9239,0.2089,3.7282,0.4488,0,0,2.1451,0.0000,1.1753,0.0000,-0.2125,0.0000,1.9443,0.0000,0.6000,-10372232.0000
32.2803,1.8067,0.4961,3.6918,0.4488,0,0,2.1521,0.0000,0.9999,0.0000,-0.2135,0.0000,1.9486,0.0000,0.6000,-10372232.0000
32.2900,1.5636,-0.0043,3.5512,0.4488,0,0,2.1489,0.0000,0.8154,0.0000,-0.2162,0.0000,1.9409,0.0000,0.6000,-10372232.0000
32.3002,1.7141,-0.1399,3.5521,0.4488,0,0,2.1492,0.0000,0.6366,0.0000,-0.2178,0.0000,1.9379,0.0000,0.6000,-10372232.0000
32.3100,1.6418,0.1809,3.5241,0.4488,0,0,2.1454,0.0000,0.4554,0.0000,-0.2198,0.0000,1.9302,0.0000,0.6000,-10372232.0000
32.3199,1.3470,0.3923,3.3412,0.4489,0,0,2.1299,0.0000,0.2643,0.0000,-0.2239,0.0000,1.9087,0.0000,0.6000,-10372232.0000
32.3303,1.5668,0.6650,3.4692,0.4489,0,0,2.1208,0.0000,0.0829,0.0000,-0.2263,0.0000,1.8954,0.0000,0.6000,-10372232.0000
32.3400,1.6920,0.5783,3.4017,0.4489,0,0,2.1147,0.0000,-0.0930,0.0000,-0.2277,0.0000,1.8861,0.0000,0.6000,-10372232.0000
32.3508,1.5988,0.3804,3.2567,0.4489,0,0,2.1039,0.0000,-0.2713,0.0000,-0.2297,0.0000,1.8715,0.0000,0.6000,-10372232.0000
32.3600,1.6315,0.6097,3.2182,0.4489,0,0,2.0929,0.0000,-0.4472,0.0000,-0.2314,0.0000,1.8571,0.0000,0.6000,-10372232.0000
32.3700,1.7155,0.4318,3.1916,0.4489,0,0,2.0835,0.0000,-0.6187,0.0000,-0.2323,0.0000,1.8450,0.0000,0.6000,-10372232.0000
32.3802,1.6770,-0.0240,3.1553,0.4489,0,0,2.0716,0.0000,-0.7904,0.0000,-0.2335,0.0000,1.8302,0.0000,0.6000,-10372232.0000
32.3900,1.5773,0.2515,3.1207,0.4489,0,0,2.0550,0.0000,-0.9643,0.0000,-0.2353,0.0000,1.8100,0.0000,0.6000,-10372232.0000
32.4002,1.3430,0.3055,2.9858,0.4489,0,0,2.0292,0.0000,-1.1445,0.0000,-0.2385,0.0000,1.7792,0.0000,0.6000,-10372232.0000
32.4100,1.3606,-0.1438,2.9875,0.4490,0,0,2.0034,0.0000,-1.3211,0.0000,-0.2415,0.0000,1.7487,0.0000,0.6000,-10372232.0000
32.4199,1.3770,-0.1117,3.0523,0.4490,0,0,1.9773,0.0000,-1.4939,0.0000,-0.2441,0.0000,1.7183,0.0000,0.6000,-10372232.0000
32.4303,1.0209,0.0874,2.9830,0.4490,0,0,1.9383,0.0000,-1.6765,0.0000,-0.2490,0.0000,1.6726,0.0000,0.6000,-10372232.0000
32.4399,0.8355,0.3701,2.9749,0.4491,0,0,1.8974,0.0000,-1.8562,0.0000,-0.2539,0.0000,1.6250,0.0000,0.6000,-10372232.0000
32.4502,1.0972,0.7627,3.1064,0.4491,0,0,1.8606,0.0000,-2.0265,0.0000,-0.2576,0.0000,1.5828,0.0000,0.6000,-10372232.0000
32.4599,1.1201,0.4752,3.1039,0.4491,0,0,1.8243,0.0000,-2.1916,0.0000,-0.2608,0.0000,1.5416,0.0000,0.6000,-10372232.0000
32.4700,1.1454,0.3276,3.1153,0.4491,0,0,1.7887,0.0000,-2.3513,0.0000,-0.2636,0.0000,1.5016,0.0000,0.6000,-10372232.0000
32.4804,1.2265,0.4352,3.2146,0.4492,0,0,1.7557,0.0000,-2.5039,0.0000,-0.2655,0.0000,1.4652,0.0000,0.6000,-10372232.0000
32.4900,1.2236,0.0405,3.1456,0.4492,0,0,1.7223,0.0000,-2.6526,0.0000,-0.2672,0.0000,1.4286,0.0000,0.6000,-10372232.0000
32.5003,1.1146,-0.1627,3.1479,0.4492,0,0,1.6849,0.0000,-2.8014,0.0000,-0.2694,0.0000,1.3875,0.0000,0.6000,-10372232.0000
32.5099,0.9990,0.2707,3.2158,0.4492,0,0,1.6434,0.0000,-2.9500,0.0000,-0.2721,0.0000,1.3418,0.0000,0.6000,-10372232.0000
32.5199,0.7730,0.1474,3.2198,0.4493,0,0,1.5942,0.0000,-3.1020,0.0000,-0.2761,0.0000,1.2871,0.0000,0.6000,-10372232.0000
32.5302,0.9066,-0.0707,3.3367,0.4493,0,0,1.5500,0.0000,-3.2432,0.0000,-0.2788,0.0000,1.2388,0.0000,0.6000,-10372232.0000
32.5400,0.8173,0.1335,3.4226,0.4493,0,0,1.5029,0.0000,-3.3824,0.0000,-0.2817,0.0000,1.1874,0.0000,0.6000,-10372232.0000
32.5508,0.5923,0.3464,3.3731,0.4494,0,0,1.4484,0.0000,-3.5243,0.0000,-0.2859,0.0000,1.1273,0.0000,0.6000,-10372232.0000
32.5600,0.7854,0.3190,3.5545,0.4494,0,0,1.4013,0.0000,-3.6526,0.0000,-0.2883,0.0000,1.0765,0.0000,0.6000,-10372232.0000
32.5700,0.9976,0.3320,3.6147,0.4494,0,0,1.3620,0.0000,-3.7672,0.0000,-0.2888,0.0000,1.0355,0.0000,0.6000,-10372232.0000
32.5803,0.9328,0.2398,3.6058,0.4494,0,0,1.3208,0.0000,-3.8797,0.0000,-0.2896,0.0000,0.9924,0.0000,0.6000,-10372232.0000
32.5899,0.8968,0.3449,3.6751,0.4494,1,1,1.2786,0.0000,-3.9886,0.0000,-0.2902,0.0000,0.9485,0.0000,0.6000,0.0000
32.6002,0.8113,0.2628,3.6621,0.4495,1,1,1.2340,0.0000,-4.0957,0.0000,-0.2912,0.0000,0.9018,0.0000,0.6000,0.0000
32.6100,0.9702,-0.1004,3.8967,0.4495,1,1,1.1954,0.0000,-4.1915,0.0000,-0.2907,0.0000,0.8628,0.0000,0.6000,0.0000
32.6200,0.8747,0.2629,3.9954,0.4494,1,1,1.1539,0.0000,-4.2864,0.0000,-0.2906,0.0000,0.8204,0.0000,0.6000,0.0000
32.6302,0.7203,0.4427,3.9926,0.4495,1,1,1.1075,0.0000,-4.3822,0.0000,-0.2913,0.0000,0.7724,0.0000,0.6000,0.0000
32.6400,0.7649,-0.0728,4.1341,0.4495,1,1,1.0635,0.0000,-4.4708,0.0000,-0.2914,0.0000,0.7274,0.0000,0.6000,0.0000
32.6502,0.7091,0.1455,4.2596,0.4495,1,1,1.0181,0.0000,-4.5563,0.0000,-0.2915,0.0000,0.6810,0.0000,0.6000,0.0000
32.6599,0.3058,0.6140,4.2042,0.4495,1,1,0.9594,0.0000,-4.6516,0.0000,-0.2941,0.0000,0.6188,0.0000,0.6000,0.0000
32.6700,0.5520,0.4953,4.3620,0.4495,1,1,0.9106,0.0000,-4.7306,0.0000,-0.2946,0.0000,0.5687,0.0000,0.6000,0.0000
32.6803,0.8774,0.4696,4.6287,0.4495,1,1,0.8741,0.0000,-4.7917,0.0000,-0.2924,0.0000,0.5337,0.0000,0.6000,0.0000
32.6900,0.7136,0.5772,4.6378,0.4495,1,1,0.8325,0.0000,-4.8547,0.0000,-0.2912,0.0000,0.4927,0.0000,0.6000,0.0000
32.7002,0.6716,0.5280,4.7910,0.4494,1,1,0.7902,0.0000,-4.9144,0.0000,-0.2899,0.0000,0.4511,0.0000,0.6000,0.0000
32.7099,0.5941,0.3326,4.9238,0.4494,1,1,0.7460,0.0000,-4.9720,0.0000,-0.2889,0.0000,0.4074,0.0000,0.6000,0.0000
32.7200,0.4105,0.1379,4.9518,0.4494,1,1,0.6964,0.0000,-5.0314,0.0000,-0.2889,0.0000,0.3572,0.0000,0.6000,0.0000
32.7302,0.4235,-0.0053,5.1721,0.4494,1,1,0.6484,0.0000,-5.0845,0.0000,-0.2885,0.0000,0.3091,0.0000,0.6000,0.0000
32.7400,0.1943,0.2190,5.1860,0.4494,1,1,0.5936,0.0000,-5.1404,0.0000,-0.2893,0.0000,0.2529,0.0000,0.6000,0.0000
32.7508,0.3159,0.2685,5.2905,0.4494,1,1,0.5444,0.0000,-5.1854,0.0000,-0.2888,0.0000,0.2037,0.0000,0.6000,0.0000
32.7600,0.5444,0.2390,5.5845,0.4494,1,1,0.5044,0.0000,-5.2162,0.0000,-0.2865,0.0000,0.1658,0.0000,0.6000,0.0000
32.7700,0.2770,0.8206,5.4284,0.4494,1,1,0.4562,0.0000,-5.2523,0.0000,-0.2857,0.0000,0.1180,0.0000,0.6000,0.0000
32.7803,0.4794,0.9798,5.6647,0.4493,1,1,0.4163,0.0000,-5.2752,0.0000,-0.2832,0.0000,0.0804,0.0000,0.6000,0.0000
32.7899,0.7002,0.3416,5.8040,0.4493,1,1,0.3853,0.0000,-5.2855,0.0000,-0.2789,0.0000,0.0535,0.0000,0.6000,0.0000
32.8003,0.2344,0.3803,5.6102,0.4493,1,1,0.3388,0.0000,-5.3095,0.0000,-0.2777,0.0000,0.0080,0.0000,0.6000,0.0000
32.8099,0.1959,0.4181,5.6637,0.4492,1,1,0.2923,0.0000,-5.3296,0.0000,-0.2764,0.0000,-0.0374,0.0000,0.6000,0.0000
32.8199,0.1057,-0.1118,5.7156,0.4492,1,1,0.2440,0.0000,-5.3477,0.0000,-0.2754,0.0000,-0.0849,0.0000,0.6000,0.0000
32.8302,0.0439,0.0704,5.7442,0.4492,1,1,0.1935,0.0000,-5.3640,0.0000,-0.2748,0.0000,-0.1350,0.0000,0.6000,0.0000
32.8399,0.0429,0.0166,5.8880,0.4492,1,1,0.1446,0.0000,-5.3745,0.0000,-0.2739,0.0000,-0.1830,0.0000,0.6000,0.0000
32.8503,-0.3171,0.2262,5.7925,0.4492,1,1,0.0861,0.0000,-5.3909,0.0000,-0.2748,0.0000,-0.2426,0.0000,0.6000,0.0000
32.8600,-0.5229,0.7955,5.7669,0.4493,1,1,0.0224,0.0000,-5.4079,0.0000,-0.2767,0.0000,-0.3084,0.0000,0.6000,0.0000
32.8700,-0.1413,0.3825,5.9792,0.4493,1,1,-0.0258,0.0000,-5.4036,0.0000,-0.2756,0.0000,-0.3554,0.0000,0.6000,0.0000
32.8804,-0.1422,0.3126,5.9477,0.4492,1,1,-0.0724,0.0000,-5.3939,0.0000,-0.2741,0.0000,-0.4004,0.0000,0.6000,0.0000
32.8899,-0.4143,0.8536,5.9128,0.4492,1,1,-0.1268,0.0000,-5.3886,0.0000,-0.2742,0.0000,-0.4549,0.0000,0.6000,0.0000
32.9002,-0.2953,0.3910,6.0253,0.4492,1,1,-0.1751,0.0000,-5.3727,0.0000,-0.2731,0.0000,-0.5020,0.0000,0.6000,0.0000
32.9100,-0.1457,0.1115,6.1130,0.4492,1,1,-0.2164,0.0000,-5.3460,0.0000,-0.2706,0.0000,-0.5405,0.0000,0.6000,0.0000
32.9199,-0.4076,0.1329,5.9936,0.4492,1,1,-0.2652,0.0000,-5.3240,0.0000,-0.2697,0.0000,-0.5882,0.0000,0.6000,0.0000
32.9303,-0.4504,-0.0346,5.9824,0.4492,1,1,-0.3136,0.0000,-5.2979,0.0000,-0.2688,0.0000,-0.6354,0.0000,0.6000,0.0000
32.9400,-0.6113,0.2151,5.8980,0.4491,1,1,-0.3658,0.0000,-5.2721,0.0000,-0.2686,0.0000,-0.6871,0.0000,0.6000,0.0000
32.9507,-0.5670,0.0875,5.7713,0.4491,1,1,-0.4143,0.0000,-5.2387,0.0000,-0.2678,0.0000,-0.7345,0.0000,0.6000,0.0000
32.9600,-0.3705,-0.2114,5.9248,0.4491,1,1,-0.4540,0.0000,-5.1928,0.0000,-0.2653,0.0000,-0.7712,0.0000,0.6000,0.0000
32.9700,-0.7538,0.3645,5.7635,0.4491,1,1,-0.5053,0.0000,-5.1560,0.0000,-0.2652,0.0000,-0.8220,0.0000,0.6000,0.0000
32.9802,-0.8060,0.4919,5.7433,0.4491,1,1,-0.5563,0.0000,-5.1152,0.0000,-0.2651,0.0000,-0.8725,0.0000,0.6000,0.0000
32.9899,-0.5898,0.1722,5.8903,0.4491,1,1,-0.5976,0.0000,-5.0610,0.0000,-0.2631,0.0000,-0.9113,0.0000,0.6000,0.0000
33.0003,-0.9589,0.4774,5.6098,0.4491,1,1,-0.6499,0.0000,-5.0151,0.0000,-0.2635,0.0000,-0.9635,0.0000,0.6000,0.0000
33.0099,-1.0392,0.5298,5.5489,0.4491,1,1,-0.7026,0.0000,-4.9660,0.0000,-0.2640,0.0000,-1.0163,0.0000,0.6000,0.0000
33.0199,-0.9009,0.2645,5.6286,0.4491,1,1,-0.7483,0.0000,-4.9060,0.0000,-0.2632,0.0000,-1.0605,0.0000,0.6000,0.0000
33.0303,-1.0131,0.1994,5.4617,0.4491,1,1,-0.7957,0.0000,-4.8448,0.0000,-0.2629,0.0000,-1.1070,0.0000,0.6000,0.0000
33.0400,-0.9846,-0.2402,5.5084,0.4491,1,1,-0.8399,0.0000,-4.7772,0.0000,-0.2620,0.0000,-1.1497,0.0000,0.6000,0.0000
33.0502,-1.1236,-0.1324,5.3971,0.4491,1,1,-0.8868,0.0000,-4.7094,0.0000,-0.2619,0.0000,-1.1957,0.0000,0.6000,0.0000
33.0600,-1.4107,0.2708,5.2002,0.4491,1,1,-0.9413,0.0000,-4.6462,0.0000,-0.2633,0.0000,-1.2511,0.0000,0.6000,0.0000
33.0699,-1.1292,0.0684,5.2108,0.4491,1,1,-0.9836,0.0000,-4.5671,0.0000,-0.2625,0.0000,-1.2917,0.0000,0.6000,0.0000
33.0803,-1.2639,0.2849,5.0828,0.4491,1,1,-1.0283,0.0000,-4.4878,0.0000,-0.2623,0.0000,-1.3354,0.0000,0.6000,0.0000
33.0900,-1.5458,0.6887,4.9307,0.4491,1,1,-1.0804,0.0000,-4.4132,0.0000,-0.2637,0.0000,-1.3883,0.0000,0.6000,0.0000
33.1002,-1.2512,0.3544,5.0855,0.4491,1,1,-1.1198,0.0000,-4.3225,0.0000,-0.2628,0.0000,-1.4258,0.0000,0.6000,0.0000
33.1099,-1.2543,0.3475,5.0403,0.4491,1,1,-1.1571,0.0000,-4.2274,0.0000,-0.2616,0.0000,-1.4610,0.0000,0.6000,0.0000
33.1200,-1.5543,0.5393,4.8252,0.4491,1,1,-1.2026,0.0000,-4.1385,0.0000,-0.2623,0.0000,-1.5062,0.0000,0.6000,0.0000
33.1303,-1.5388,0.3523,4.8203,0.4491,1,1,-1.2451,0.0000,-4.0439,0.0000,-0.2625,0.0000,-1.5480,0.0000,0.6000,0.0000
33.1400,-1.6159,0.2022,4.6839,0.4491,1,1,-1.2879,0.0000,-3.9471,0.0000,-0.2630,0.0000,-1.5903,0.0000,0.6000,0.0000
33.1508,-1.7275,-0.1660,4.5379,0.4491,1,1,-1.3321,0.0000,-3.8492,0.0000,-0.2639,0.0000,-1.6345,0.0000,0.6000,0.0000
33.1600,-1.8185,-0.1216,4.6105,0.4491,1,1,-1.3770,0.0000,-3.7495,0.0000,-0.2652,0.0000,-1.6796,0.0000,0.6000,0.0000
33.1700,-2.0476,0.4568,4.4555,0.4491,1,1,-1.4272,0.0000,-3.6524,0.0000,-0.2677,0.0000,-1.7314,0.0000,0.6000,0.0000
33.1802,-1.8411,0.2025,4.5200,0.4491,1,1,-1.4675,0.0000,-3.5425,0.0000,-0.2684,0.0000,-1.7713,0.0000,0.6000,0.0000
33.1900,-1.7177,0.2189,4.5920,0.4491,1,1,-1.5011,0.0000,-3.4238,0.0000,-0.2681,0.0000,-1.8034,0.0000,0.6000,0.0000
33.2002,-2.1571,0.7755,4.2598,0.4491,1,1,-1.5475,0.0000,-3.3164,0.0000,-0.2705,0.0000,-1.8512,0.0000,0.6000,0.0000
33.2101,-1.8918,0.5049,4.3196,0.4491,1,1,-1.5821,0.0000,-3.1946,0.0000,-0.2708,0.0000,-1.8848,0.0000,0.6000,0.0000
33.2199,-1.6624,-0.0261,4.4775,0.4491,1,1,-1.6063,0.0000,-3.0610,0.0000,-0.2693,0.0000,-1.9062,0.0000,0.6000,0.0000
33.2302,-1.9750,0.0550,4.2847,0.4491,1,1,-1.6393,0.0000,-2.9354,0.0000,-0.2697,0.0000,-1.9384,0.0000,0.6000,0.0000
33.2400,-1.9101,0.0031,4.4166,0.4491,1,1,-1.6677,0.0000,-2.8039,0.0000,-0.2695,0.0000,-1.9653,0.0000,0.6000,0.0000
33.2503,-1.9270,0.0245,4.3297,0.4491,1,1,-1.6944,0.0000,-2.6698,0.0000,-0.2693,0.0000,-1.9904,0.0000,0.6000,0.0000
33.2599,-1.9395,0.0556,4.2064,0.4491,1,1,-1.7194,0.0000,-2.5332,0.0000,-0.2689,0.0000,-2.0136,0.0000,0.6000,0.0000
33.2700,-1.6329,-0.2379,4.4110,0.4491,1,1,-1.7316,0.0000,-2.3831,0.0000,-0.2663,0.0000,-2.0217,0.0000,0.6000,0.0000
33.2803,-1.9075,-0.0350,4.1587,0.4491,1,1,-1.7515,0.0000,-2.2413,0.0000,-0.2655,0.0000,-2.0394,0.0000,0.6000,0.0000
33.2900,-2.0143,0.2110,4.1936,0.4491,1,1,-1.7730,0.0000,-2.1010,0.0000,-0.2653,0.0000,-2.0594,0.0000,0.6000,0.0000
33.3003,-1.7892,-0.0992,4.3070,0.4491,1,1,-1.7847,0.0000,-1.9504,0.0000,-0.2635,0.0000,-2.0677,0.0000,0.6000,0.0000
33.3100,-2.1040,0.3052,4.1372,0.4491,1,1,-1.8055,0.0000,-1.8095,0.0000,-0.2637,0.0000,-2.0873,0.0000,0.6000,0.0000
33.3200,-2.1037,0.7520,4.0390,0.4491,1,1,-1.8242,0.0000,-1.6663,0.0000,-0.2638,0.0000,-2.1046,0.0000,0.6000,0.0000
33.3302,-1.8041,0.2727,4.0863,0.4491,1,1,-1.8305,0.0000,-1.5106,0.0000,-0.2617,0.0000,-2.1073,0.0000,0.6000,0.0000
33.3400,-1.7977,0.0557,3.9107,0.4492,1,1,-1.8349,0.0000,-1.3539,0.0000,-0.2596,0.0000,-2.1080,0.0000,0.6000,0.0000
33.3508,-1.8513,0.0021,3.8865,0.4492,1,1,-1.8396,0.0000,-1.1987,0.0000,-0.2578,0.0000,-2.1094,0.0000,0.6000,0.0000
33.3599,-2.0176,-0.1875,3.8036,0.4492,1,1,-1.8484,0.0000,-1.0489,0.0000,-0.2572,0.0000,-2.1161,0.0000,0.6000,0.0000
33.3699,-2.1044,-0.1312,3.7757,0.4492,1,1,-1.8585,0.0000,-0.9013,0.0000,-0.2571,0.0000,-2.1246,0.0000,0.6000,0.0000
33.3802,-1.8616,-0.1646,3.8288,0.4492,1,1,-1.8585,0.0000,-0.7438,0.0000,-0.2553,0.0000,-2.1212,0.0000,0.6000,0.0000
33.3900,-1.8303,0.1600,3.8475,0.4492,1,1,-1.8559,0.0000,-0.5853,0.0000,-0.2532,0.0000,-2.1150,0.0000,0.6000,0.0000
33.4002,-2.0098,0.6783,3.7616,0.4492,1,1,-1.8581,0.0000,-0.4337,0.0000,-0.2525,0.0000,-2.1149,0.0000,0.6000,0.0000
33.4099,-1.7974,0.2748,3.7946,0.4493,1,1,-1.8515,0.0000,-0.2742,0.0000,-0.2503,0.0000,-2.1045,0.0000,0.6000,0.0000
33.4200,-1.7166,-0.0374,3.7971,0.4493,1,1,-1.8408,0.0000,-0.1125,0.0000,-0.2476,0.0000,-2.0895,0.0000,0.6000,0.0000
33.4302,-1.8363,0.5334,3.6853,0.4493,1,1,-1.8332,0.0000,0.0435,0.0000,-0.2458,0.0000,-2.0786,0.0000,0.6000,0.0000
33.4399,-1.5556,0.3370,3.8174,0.4494,1,1,-1.8146,0.0000,0.2088,0.0000,-0.2422,0.0000,-2.0548,0.0000,0.6000,0.0000
33.4503,-1.3800,0.0175,3.8187,0.4495,1,1,-1.7892,0.0000,0.3785,0.0000,-0.2375,0.0000,-2.0229,0.0000,0.6000,0.0000
33.4599,-1.6649,0.2292,3.6379,0.4495,1,1,-1.7730,0.0000,0.5345,0.0000,-0.2350,0.0000,-2.0027,0.0000,0.6000,0.0000
33.4700,-1.7500,0.1399,3.6504,0.4496,1,1,-1.7589,0.0000,0.6854,0.0000,-0.2333,0.0000,-1.9853,0.0000,0.6000,0.0000
33.4804,-1.8101,-0.1129,3.5461,0.4496,1,1,-1.7460,0.0000,0.8323,0.0000,-0.2320,0.0000,-1.9697,0.0000,0.6000,0.0000
33.4900,-1.4722,0.1406,3.5867,0.4497,1,1,-1.7204,0.0000,0.9904,0.0000,-0.2286,0.0000,-1.9390,0.0000,0.6000,0.0000
33.5002,-1.4643,-0.0190,3.6423,0.4497,1,1,-1.6940,0.0000,1.1457,0.0000,-0.2253,0.0000,-1.9078,0.0000,0.6000,0.0000
33.5100,-1.6946,0.2455,3.5074,0.4498,1,1,-1.6751,0.0000,1.2891,0.0000,-0.2238,0.0000,-1.8860,0.0000,0.6000,0.0000
33.5200,-1.4283,0.7210,3.6590,0.4499,1,1,-1.6462,0.0000,1.4405,0.0000,-0.2206,0.0000,-1.8524,0.0000,0.6000,0.0000
33.5302,-1.3199,0.2558,3.6801,0.4500,1,1,-1.6133,0.0000,1.5925,0.0000,-0.2169,0.0000,-1.8142,0.0000,0.6000,0.0000
33.5400,-1.3934,0.2609,3.5331,0.4500,1,1,-1.5826,0.0000,1.7377,0.0000,-0.2140,0.0000,-1.7792,0.0000,0.6000,0.0000
33.5508,-1.2041,0.3733,3.6572,0.4501,1,1,-1.5452,0.0000,1.8866,0.0000,-0.2100,0.0000,-1.7363,0.0000,0.6000,0.0000
33.5599,-1.2948,-0.3287,3.5676,0.4502,1,1,-1.5108,0.0000,2.0274,0.0000,-0.2069,0.0000,-1.6975,0.0000,0.6000,0.0000
33.5700,-1.3552,-0.2937,3.6349,0.4503,1,1,-1.4786,0.0000,2.1618,0.0000,-0.2045,0.0000,-1.6615,0.0000,0.6000,0.0000
33.5803,-1.6814,0.0879,3.5876,0.4503,1,1,-1.4577,0.0000,2.2793,0.0000,-0.2047,0.0000,-1.6395,0.0000,0.5976,1309145.7500
33.5900,-1.8507,0.1136,3.4310,0.4503,1,1,-1.4423,0.0000,2.3877,0.0000,-0.2061,0.0000,-1.6245,0.0000,0.5976,1309145.7500
33.6002,-1.4613,0.2294,3.6989,0.4503,1,1,-1.4127,0.0000,2.5096,0.0000,-0.2050,0.0000,-1.5926,0.0000,0.5976,1309145.7500
33.6099,-1.4976,0.3392,3.6896,0.4503,1,1,-1.3842,0.0000,2.6265,0.0000,-0.2044,0.0000,-1.5623,0.0000,0.5976,1309145.7500
33.6199,-1.6099,0.4107,3.6586,0.4503,1,1,-1.3596,0.0000,2.7354,0.0000,-0.2047,0.0000,-1.5370,0.0000,0.5976,1309145.7500
33.6302,-1.1252,0.3398,3.9883,0.4504,1,1,-1.3177,0.0000,2.8607,0.0000,-0.2018,0.0000,-1.4910,0.0000,0.5976,1309145.7500
33.6400,-1.1197,0.0420,3.9346,0.4505,1,1,-1.2760,0.0000,2.9812,0.0000,-0.1993,0.0000,-1.4455,0.0000,0.5976,1309145.7500
33.6502,-1.1120,-0.1705,3.9908,0.4506,1,1,-1.2344,0.0000,3.0968,0.0000,-0.1970,0.0000,-1.4004,0.0000,0.5976,1309145.7500
33.6600,-1.2005,-0.0042,4.1364,0.4506,1,1,-1.1964,0.0000,3.2038,0.0000,-0.1956,0.0000,-1.3599,0.0000,0.5976,1309145.7500
33.6700,-1.5358,0.0748,4.0166,0.4506,1,1,-1.1706,0.0000,3.2926,0.0000,-0.1968,0.0000,-1.3344,0.0000,0.5976,1309145.7500
33.6803,-1.3030,-0.1468,4.2192,0.4506,1,1,-1.1365,0.0000,3.3877,0.0000,-0.1966,0.0000,-1.2992,0.0000,0.5976,1309145.7500
33.6899,-1.3105,0.0713,4.2940,0.4506,1,1,-1.1030,0.0000,3.4784,0.0000,-0.1967,0.0000,-1.2649,0.0000,0.5976,1309145.7500
33.7002,-1.4560,0.5597,4.2550,0.4505,1,1,-1.0751,0.0000,3.5590,0.0000,-0.1980,0.0000,-1.2374,0.0000,0.5976,1309145.7500
33.7099,-1.0327,0.2998,4.6762,0.4506,1,1,-1.0322,0.0000,3.6535,0.0000,-0.1966,0.0000,-1.1922,0.0000,0.5976,1309145.7500
33.7199,-1.2015,0.2731,4.6427,0.4506,1,1,-0.9960,0.0000,3.7358,0.0000,-0.1966,0.0000,-1.1552,0.0000,0.5976,1309145.7500
33.7302,-1.3169,0.6753,4.6082,0.4505,1,1,-0.9644,0.0000,3.8091,0.0000,-0.1977,0.0000,-1.1240,0.0000,0.5976,1309145.7500
33.7400,-0.9876,0.1956,4.9344,0.4506,1,1,-0.9214,0.0000,3.8919,0.0000,-0.1968,0.0000,-1.0793,0.0000,0.5976,1309145.7500
33.7508,-1.0074,-0.1178,4.8468,0.4506,1,1,-0.8799,0.0000,3.9687,0.0000,-0.1963,0.0000,-1.0366,0.0000,0.5976,1309145.7500
33.7599,-1.0916,0.2278,4.9568,0.4506,1,1,-0.8422,0.0000,4.0370,0.0000,-0.1967,0.0000,-0.9985,0.0000,0.5976,1309145.7500
33.7700,-1.1195,0.1048,5.0547,0.4505,1,1,-0.8062,0.0000,4.0996,0.0000,-0.1975,0.0000,-0.9627,0.0000,0.5976,1309145.7500
33.7802,-1.1010,-0.0623,5.0412,0.4505,1,1,-0.7701,0.0000,4.1586,0.0000,-0.1985,0.0000,-0.9270,0.0000,0.5976,1309145.7500
33.7899,-0.9127,0.1746,5.2822,0.4505,1,1,-0.7280,0.0000,4.2208,0.0000,-0.1984,0.0000,-0.8842,0.0000,0.5976,1309145.7500
33.8003,-1.0996,0.2033,5.2373,0.4504,1,1,-0.6935,0.0000,4.2704,0.0000,-0.1998,0.0000,-0.8507,0.0000,0.5976,1309145.7500
33.8100,-0.9884,0.4190,5.2804,0.4504,1,1,-0.6558,0.0000,4.3204,0.0000,-0.2007,0.0000,-0.8133,0.0000,0.5976,1309145.7500
33.8199,-0.7325,0.5814,5.4922,0.4504,1,1,-0.6097,0.0000,4.3762,0.0000,-0.2002,0.0000,-0.7661,0.0000,0.5976,1309145.7500
33.8302,-0.9460,0.3165,5.3772,0.4504,1,1,-0.5724,0.0000,4.4178,0.0000,-0.2014,0.0000,-0.7296,0.0000,0.5976,1309145.7500
33.8400,-0.9995,0.3750,5.4832,0.4503,1,1,-0.5379,0.0000,4.4528,0.0000,-0.2032,0.0000,-0.6966,0.0000,0.5976,1309145.7500
33.8502,-0.8519,0.2567,5.5598,0.4502,1,1,-0.4989,0.0000,4.4896,0.0000,-0.2043,0.0000,-0.6583,0.0000,0.5976,1309145.7500
33.8600,-0.9240,-0.2406,5.5069,0.4502,1,1,-0.4636,0.0000,4.5189,0.0000,-0.2061,0.0000,-0.6245,0.0000,0.5976,1309145.7500
33.8700,-0.7463,0.0268,5.6827,0.4501,1,1,-0.4228,0.0000,4.5511,0.0000,-0.2069,0.0000,-0.5841,0.0000,0.5976,1309145.7500
33.8803,-0.9729,0.4006,5.6444,0.4500,1,1,-0.3912,0.0000,4.5695,0.0000,-0.2095,0.0000,-0.5550,0.0000,0.5976,1309145.7500
33.8899,-0.9126,0.0634,5.5894,0.4499,1,1,-0.3584,0.0000,4.5866,0.0000,-0.2119,0.0000,-0.5244,0.0000,0.5976,1309145.7500
33.9002,-0.5374,0.0445,5.8276,0.4499,1,1,-0.3130,0.0000,4.6147,0.0000,-0.2119,0.0000,-0.4788,0.0000,0.5976,1309145.7500
33.9099,-0.8723,0.5304,5.5683,0.4498,1,1,-0.2810,0.0000,4.6243,0.0000,-0.2146,0.0000,-0.4493,0.0000,0.5976,1309145.7500
33.9199,-0.7735,0.6339,5.6685,0.4497,1,1,-0.2464,0.0000,4.6340,0.0000,-0.2167,0.0000,-0.4168,0.0000,0.5976,1309145.7500
33.9303,-0.4045,0.5015,5.7923,0.4497,1,1,-0.1996,0.0000,4.6542,0.0000,-0.2166,0.0000,-0.3697,0.0000,0.5976,1309145.7500
33.9400,-0.5320,0.4749,5.6549,0.4496,1,1,-0.1589,0.0000,4.6638,0.0000,-0.2177,0.0000,-0.3300,0.0000,0.5976,1309145.7500
33.9508,-0.4424,0.1468,5.6829,0.4496,1,1,-0.1163,0.0000,4.6722,0.0000,-0.2185,0.0000,-0.2880,0.0000,0.5976,1309145.7500
33.9599,-0.5540,0.0262,5.6605,0.4495,1,1,-0.0791,0.0000,4.6712,0.0000,-0.2202,0.0000,-0.2526,0.0000,0.5976,1309145.7500
33.9699,-0.6134,-0.0203,5.5339,0.4494,1,1,-0.0453,0.0000,4.6637,0.0000,-0.2226,0.0000,-0.2213,0.0000,0.5976,1309145.7500
33.9803,-0.3301,-0.2498,5.6803,0.4494,1,1,-0.0026,0.0000,4.6632,0.0000,-0.2234,0.0000,-0.1793,0.0000,0.5976,1309145.7500
33.9900,-0.5150,0.3201,5.5279,0.4493,1,1,0.0320,0.0000,4.6507,0.0000,-0.2256,0.0000,-0.1471,0.0000,0.5976,1309145.7500
34.0003,-0.7161,0.8454,5.3957,0.4491,1,1,0.0581,0.0000,4.6267,0.0000,-0.2293,0.0000,-0.1249,0.0000,0.5976,1309145.7500
34.0100,-0.2767,0.3794,5.6183,0.4491,1,1,0.0990,0.0000,4.6164,0.0000,-0.2303,0.0000,-0.0852,0.0000,0.5976,1309145.7500
34.0200,-0.3082,0.4219,5.4349,0.4490,1,1,0.1372,0.0000,4.6002,0.0000,-0.2318,0.0000,-0.0486,0.0000,0.5976,1309145.7500
34.0302,-0.2277,0.6145,5.3472,0.4490,1,1,0.1768,0.0000,4.5826,0.0000,-0.2330,0.0000,-0.0104,0.0000,0.5976,1309145.7500
34.0400,0.0466,0.1080,5.4754,0.4490,1,1,0.2230,0.0000,4.5689,0.0000,-0.2329,0.0000,0.0357,0.0000,0.5976,1309145.7500
34.0502,-0.0653,-0.0215,5.3866,0.4490,1,1,0.2674,0.0000,4.5499,0.0000,-0.2332,0.0000,0.0797,0.0000,0.5976,1309145.7500
34.0599,0.0237,0.0400,5.4281,0.4490,1,1,0.3101,0.0000,4.5257,0.0000,-0.2337,0.0000,0.1216,0.0000,0.5976,1309145.7500
34.0699,0.0603,0.0072,5.4449,0.4490,1,1,0.3510,0.0000,4.4966,0.0000,-0.2345,0.0000,0.1615,0.0000,0.5976,1309145.7500
34.0803,0.0748,0.1678,5.2900,0.4490,1,1,0.3902,0.0000,4.4628,0.0000,-0.2356,0.0000,0.1993,0.0000,0.5976,1309145.7500
34.0900,0.3471,0.0327,5.3939,0.4490,1,1,0.4401,0.0000,4.4371,0.0000,-0.2346,0.0000,0.2499,0.0000,0.5976,1309145.7500
34.1002,0.1535,0.0242,5.2133,0.4490,1,1,0.4810,0.0000,4.3986,0.0000,-0.2352,0.0000,0.2898,0.0000,0.5976,1309145.7500
34.1100,0.0751,0.3524,5.2337,0.4490,1,1,0.5148,0.0000,4.3500,0.0000,-0.2371,0.0000,0.3211,0.0000,0.5976,1309145.7500
34.1199,0.5125,0.1657,5.4629,0.4490,1,1,0.5650,0.0000,4.3158,0.0000,-0.2359,0.0000,0.3723,0.0000,0.5976,1309145.7500
34.1302,0.4115,0.1596,5.3702,0.4490,1,1,0.6096,0.0000,4.2722,0.0000,-0.2356,0.0000,0.4167,0.0000,0.5976,1309145.7500
34.1400,0.3162,0.6596,5.2333,0.4490,1,1,0.6488,0.0000,4.2202,0.0000,-0.2363,0.0000,0.4547,0.0000,0.5976,1309145.7500
34.1508,0.5391,0.3880,5.2184,0.4490,1,1,0.6939,0.0000,4.1715,0.0000,-0.2357,0.0000,0.4999,0.0000,0.5976,1309145.7500
34.1599,0.5457,-0.0486,5.0393,0.4490,1,1,0.7373,0.0000,4.1178,0.0000,-0.2354,0.0000,0.5430,0.0000,0.5976,1309145.7500
34.1700,0.5090,0.2086,4.9949,0.4490,1,1,0.7772,0.0000,4.0580,0.0000,-0.2356,0.0000,0.5822,0.0000,0.5976,1309145.7500
34.1802,0.4853,0.0366,4.9868,0.4490,1,1,0.8144,0.0000,3.9927,0.0000,-0.2363,0.0000,0.6180,0.0000,0.5976,1309145.7500
34.1900,0.5952,-0.3104,4.9926,0.4490,1,1,0.8535,0.0000,3.9271,0.0000,-0.2364,0.0000,0.6564,0.0000,0.5976,1309145.7500
34.2003,0.7360,-0.0262,4.9898,0.4490,1,1,0.8956,0.0000,3.8619,0.0000,-0.2359,0.0000,0.6983,0.0000,0.5976,1309145.7500
34.2100,0.4473,0.3553,4.7219,0.4490,1,1,0.9254,0.0000,3.7821,0.0000,-0.2376,0.0000,0.7257,0.0000,0.5976,1309145.7500
34.2200,0.5740,0.6658,4.6398,0.4489,1,1,0.9580,0.0000,3.7033,0.0000,-0.2386,0.0000,0.7564,0.0000,0.5976,1309145.7500
34.2302,1.0053,0.7890,4.7568,0.4490,1,1,1.0037,0.0000,3.6355,0.0000,-0.2369,0.0000,0.8031,0.0000,0.5976,1309145.7500
34.2400,0.8381,0.4693,4.5775,0.4490,1,1,1.0413,0.0000,3.5568,0.0000,-0.2367,0.0000,0.8401,0.0000,0.5976,1309145.7500
34.2503,0.9394,0.4501,4.6757,0.4490,1,1,1.0803,0.0000,3.4773,0.0000,-0.2360,0.0000,0.8790,0.0000,0.5976,1309145.7500
34.2599,1.1038,0.2143,4.7012,0.4490,1,1,1.1229,0.0000,3.3989,0.0000,-0.2345,0.0000,0.9223,0.0000,0.5976,1309145.7500
34.2699,0.9560,-0.2878,4.4854,0.4491,1,1,1.1580,0.0000,3.3106,0.0000,-0.2343,0.0000,0.9568,0.0000,0.5976,1309145.7500
34.2803,1.0512,-0.0569,4.5378,0.4491,1,1,1.1944,0.0000,3.2216,0.0000,-0.2337,0.0000,0.9930,0.0000,0.5976,1309145.7500
34.2900,0.9082,0.2735,4.4414,0.4491,1,1,1.2237,0.0000,3.1237,0.0000,-0.2342,0.0000,1.0207,0.0000,0.5976,1309145.7500
34.3003,1.0254,0.0258,4.4550,0.4491,1,1,1.2551,0.0000,3.0264,0.0000,-0.2342,0.0000,1.0512,0.0000,0.5976,1309145.7500
34.3099,1.2869,0.2130,4.7368,0.4491,1,1,1.2935,0.0000,2.9345,0.0000,-0.2326,0.0000,1.0903,0.0000,0.5976,1309145.7500
34.3200,0.9261,0.5498,4.5193,0.4491,1,1,1.3172,0.0000,2.8259,0.0000,-0.2337,0.0000,1.1117,0.0000,0.5976,1309145.7500
34.3302,0.9675,0.6439,4.4786,0.4491,1,1,1.3405,0.0000,2.7162,0.0000,-0.2347,0.0000,1.1329,0.0000,0.5976,1309145.7500
34.3400,1.3044,0.5850,4.5848,0.4491,1,1,1.3735,0.0000,2.6153,0.0000,-0.2335,0.0000,1.1662,0.0000,0.5976,1309145.7500
34.3508,1.2261,0.1578,4.3418,0.4491,1,1,1.4017,0.0000,2.5080,0.0000,-0.2331,0.0000,1.1937,0.0000,0.5976,1309145.7500
34.3599,1.2573,0.1194,4.3635,0.4491,1,1,1.4290,0.0000,2.3986,0.0000,-0.2327,0.0000,1.2203,0.0000,0.5976,1309145.7500
34.3699,1.1113,0.3685,4.3530,0.4491,1,1,1.4493,0.0000,2.2811,0.0000,-0.2334,0.0000,1.2386,0.0000,0.5976,1309145.7500
34.3803,1.0987,-0.0365,4.3049,0.4491,1,1,1.4673,0.0000,2.1609,0.0000,-0.2344,0.0000,1.2545,0.0000,0.5976,1309145.7500
34.3900,1.3152,-0.0540,4.4965,0.4491,1,1,1.4909,0.0000,2.0462,0.0000,-0.2340,0.0000,1.2774,0.0000,0.5976,1309145.7500
34.4002,1.1182,0.3492,4.2841,0.4491,1,1,1.5059,0.0000,1.9219,0.0000,-0.2351,0.0000,1.2901,0.0000,0.5976,1309145.7500
34.4100,0.8117,0.4466,4.1674,0.4491,1,1,1.5087,0.0000,1.7852,0.0000,-0.2384,0.0000,1.2881,0.0000,0.5976,1309145.7500
34.4200,0.9653,0.7197,4.1970,0.4491,1,1,1.5155,0.0000,1.6536,0.0000,-0.2407,0.0000,1.2913,0.0000,0.5976,1309145.7500
34.4302,1.2048,0.4524,4.2298,0.4491,1,1,1.5290,0.0000,1.5298,0.0000,-0.2413,0.0000,1.3030,0.0000,0.5976,1309145.7500
34.4400,1.3546,0.2982,4.3394,0.4491,1,1,1.5461,0.0000,1.4099,0.0000,-0.2409,0.0000,1.3193,0.0000,0.5976,1309145.7500
34.4502,1.1802,0.7165,4.2376,0.4491,1,1,1.5554,0.0000,1.2818,0.0000,-0.2419,0.0000,1.3263,0.0000,0.5976,1309145.7500
34.4600,1.1236,0.2448,4.2730,0.4492,1,1,1.5613,0.0000,1.1505,0.0000,-0.2433,0.0000,1.3294,0.0000,0.5976,1309145.7500
34.4700,1.2328,-0.3035,4.2467,0.4492,1,1,1.5694,0.0000,1.0226,0.0000,-0.2440,0.0000,1.3357,0.0000,0.5976,1309145.7500
34.4803,1.0354,-0.1491,4.0614,0.4492,1,1,1.5693,0.0000,0.8865,0.0000,-0.2461,0.0000,1.3321,0.0000,0.5976,1309145.7500
34.4900,0.8655,0.0268,4.0067,0.4493,1,1,1.5621,0.0000,0.7439,0.0000,-0.2495,0.0000,1.3201,0.0000,0.5976,1309145.7500
34.5002,0.8432,0.3889,3.9278,0.4494,1,1,1.5531,0.0000,0.6014,0.0000,-0.2529,0.0000,1.3063,0.0000,0.5976,1309145.7500
34.5100,1.0953,0.2739,3.9921,0.4494,1,1,1.5519,0.0000,0.4695,0.0000,-0.2544,0.0000,1.3022,0.0000,0.5976,1309145.7500
34.5200,1.1679,0.1377,4.1007,0.4494,1,1,1.5519,0.0000,0.3406,0.0000,-0.2553,0.0000,1.3000,0.0000,0.5976,1309145.7500
34.5303,0.8914,0.6920,3.9049,0.4495,1,1,1.5412,0.0000,0.2010,0.0000,-0.2582,0.0000,1.2850,0.0000,0.5976,1309145.7500
34.5400,1.0324,0.5470,3.9733,0.4496,1,1,1.5344,0.0000,0.0681,0.0000,-0.2601,0.0000,1.2751,0.0000,0.5976,1309145.7500
34.5508,1.1446,0.1191,3.9636,0.4496,1,1,1.5306,0.0000,-0.0595,0.0000,-0.2610,0.0000,1.2690,0.0000,0.5976,1309145.7500
34.5600,0.8135,0.2766,3.7068,0.4497,1,1,1.5142,0.0000,-0.2000,0.0000,-0.2643,0.0000,1.2479,0.0000,0.5976,1309145.7500
34.5699,0.9185,-0.0221,3.8740,0.4498,1,1,1.5007,0.0000,-0.3342,0.0000,-0.2666,0.0000,1.2308,0.0000,0.5976,1309145.7500
34.5802,0.8208,-0.2341,3.7589,0.4500,1,1,1.4831,0.0000,-0.4708,0.0000,-0.2696,0.0000,1.2088,0.0000,0.5976,1309145.7500
34.5900,0.9043,0.0150,3.7798,0.4501,1,1,1.4678,0.0000,-0.6019,0.0000,-0.2718,0.0000,1.1900,0.0000,0.5976,1309145.7500
34.6002,0.9820,0.0101,3.9116,0.4501,1,1,1.4545,0.0000,-0.7279,0.0000,-0.2733,0.0000,1.1739,0.0000,0.5976,1309145.7500
34.6100,0.6967,0.5392,3.7329,0.4503,1,1,1.4305,0.0000,-0.8643,0.0000,-0.2767,0.0000,1.1451,0.0000,0.5976,1309145.7500
34.6200,0.8856,0.6861,3.8324,0.4504,1,1,1.4128,0.0000,-0.9898,0.0000,-0.2786,0.0000,1.1243,0.0000,0.5976,1309145.7500
34.6303,1.0252,0.0835,3.9896,0.4504,1,1,1.3994,0.0000,-1.1071,0.0000,-0.2793,0.0000,1.1090,0.0000,0.5976,1309145.7500
34.6400,0.7333,0.3381,3.8124,0.4505,1,1,1.3751,0.0000,-1.2354,0.0000,-0.2821,0.0000,1.0807,0.0000,0.5976,1309145.7500
34.6502,0.8821,0.5823,3.9664,0.4506,1,1,1.3557,0.0000,-1.3542,0.0000,-0.2835,0.0000,1.0587,0.0000,0.5976,1309145.7500
34.6599,0.9124,-0.0082,3.9384,0.4507,1,1,1.3370,0.0000,-1.4693,0.0000,-0.2845,0.0000,1.0378,0.0000,0.5976,1309145.7500
34.6700,0.7788,0.1251,3.9140,0.4508,1,1,1.3132,0.0000,-1.5879,0.0000,-0.2864,0.0000,1.0109,0.0000,0.5976,1309145.7500
34.6803,0.7511,0.2016,3.9673,0.4509,1,1,1.2881,0.0000,-1.7047,0.0000,-0.2883,0.0000,0.9827,0.0000,0.5976,1309145.7500
34.6900,0.6526,-0.0498,3.9275,0.4510,1,1,1.2593,0.0000,-1.8229,0.0000,-0.2907,0.0000,0.9504,0.0000,0.5976,1309145.7500
34.7003,0.7473,0.2126,3.9917,0.4511,1,1,1.2338,0.0000,-1.9331,0.0000,-0.2922,0.0000,0.9223,0.0000,0.5976,1309145.7500
34.7100,0.7870,0.2098,4.0984,0.4512,1,1,1.2096,0.0000,-2.0384,0.0000,-0.2931,0.0000,0.8961,0.0000,0.5976,1309145.7500
34.7200,0.4421,0.3388,3.9587,0.4514,1,1,1.1730,0.0000,-2.1562,0.0000,-0.2964,0.0000,0.8550,0.0000,0.5976,1309145.7500
34.7302,0.5059,0.8072,4.0939,0.4516,1,1,1.1389,0.0000,-2.2665,0.0000,-0.2989,0.0000,0.8173,0.0000,0.5976,1309145.7500
34.7400,0.8053,0.3077,4.2276,0.4516,1,1,1.1158,0.0000,-2.3587,0.0000,-0.2990,0.0000,0.7932,0.0000,0.5976,1309145.7500
34.7508,0.7473,0.1719,4.2085,0.4516,1,1,1.0906,0.0000,-2.4506,0.0000,-0.2993,0.0000,0.7667,0.0000,0.5976,1309145.7500
34.7599,0.7279,0.6872,4.2763,0.4516,1,1,1.0647,0.0000,-2.5402,0.0000,-0.2996,0.0000,0.7397,0.0000,0.5976,1309145.7500
34.7699,0.8285,0.2450,4.3816,0.4516,1,1,1.0425,0.0000,-2.6218,0.0000,-0.2990,0.0000,0.7173,0.0000,0.5976,1309145.7500
34.7802,0.8436,-0.1211,4.4237,0.4515,1,1,1.0208,0.0000,-2.6999,0.0000,-0.2981,0.0000,0.6958,0.0000,0.5976,1309145.7500
34.7900,0.7694,0.1019,4.4221,0.4515,1,1,0.9965,0.0000,-2.7786,0.0000,-0.2976,0.0000,0.6712,0.0000,0.5976,1309145.7500
34.8002,0.5899,0.0997,4.4462,0.4515,1,1,0.9658,0.0000,-2.8626,0.0000,-0.2981,0.0000,0.6390,0.0000,0.5976,1309145.7500
34.8107,0.6039,0.3437,4.5094,0.4515,1,1,0.9359,0.0000,-2.9420,0.0000,-0.2984,0.0000,0.6081,0.0000,0.5976,1309145.7500
34.8199,0.7447,0.2742,4.6346,0.4514,1,1,0.9114,0.0000,-3.0109,0.0000,-0.2974,0.0000,0.5839,0.0000,0.5976,1309145.7500
34.8303,0.5569,0.1982,4.6526,0.4515,1,1,0.8803,0.0000,-3.0855,0.0000,-0.2976,0.0000,0.5519,0.0000,0.5976,1309145.7500
34.8399,0.3810,0.8050,4.6709,0.4516,1,1,0.8432,0.0000,-3.1643,0.0000,-0.2988,0.0000,0.5128,0.0000,0.5976,1309145.7500
34.8500,0.5645,0.6589,4.7970,0.4515,1,1,0.8135,0.0000,-3.2298,0.0000,-0.2984,0.0000,0.4827,0.0000,0.5976,1309145.7500
34.8602,0.6176,0.1751,4.8151,0.4515,1,1,0.7861,0.0000,-3.2890,0.0000,-0.2975,0.0000,0.4557,0.0000,0.5976,1309145.7500
34.8699,0.3934,0.6124,4.7098,0.4515,1,1,0.7510,0.0000,-3.3551,0.0000,-0.2979,0.0000,0.4195,0.0000,0.5976,1309145.7500
34.8803,0.5661,0.3783,4.9013,0.4514,1,1,0.7228,0.0000,-3.4087,0.0000,-0.2969,0.0000,0.3918,0.0000,0.5976,1309145.7500
34.8900,0.5736,-0.0758,4.9731,0.4513,1,1,0.6954,0.0000,-3.4584,0.0000,-0.2956,0.0000,0.3652,0.0000,0.5976,1309145.7500
34.8999,0.4165,0.2752,5.0009,0.4513,1,1,0.6627,0.0000,-3.5120,0.0000,-0.2953,0.0000,0.3323,0.0000,0.5976,1309145.7500
34.9103,0.3509,0.2346,5.1054,0.4513,1,1,0.6283,0.0000,-3.5644,0.0000,-0.2952,0.0000,0.2975,0.0000,0.5976,1309145.7500
34.9199,0.1655,0.0284,4.9863,0.4513,1,1,0.5878,0.0000,-3.6210,0.0000,-0.2961,0.0000,0.2555,0.0000,0.5976,1309145.7500
34.9303,0.2279,0.1298,5.0386,0.4514,1,1,0.5505,0.0000,-3.6695,0.0000,-0.2963,0.0000,0.2176,0.0000,0.5976,1309145.7500
34.9399,0.0658,0.1183,5.0672,0.4514,1,1,0.5058,0.0000,-3.7237,0.0000,-0.2978,0.0000,0.1708,0.0000,0.5976,1309145.7500
34.9500,0.0256,0.3854,5.0939,0.4514,1,1,0.4622,0.0000,-3.7722,0.0000,-0.2989,0.0000,0.1256,0.0000,0.5976,1309145.7500
34.9602,0.3558,0.6197,5.4305,0.4512,1,1,0.4330,0.0000,-3.7989,0.0000,-0.2974,0.0000,0.0977,0.0000,0.5976,1309145.7500
34.9700,0.3135,0.3705,5.4764,0.4511,1,1,0.4030,0.0000,-3.8240,0.0000,-0.2959,0.0000,0.0689,0.0000,0.5976,1309145.7500
34.9802,0.1964,0.5616,5.5069,0.4510,1,1,0.3695,0.0000,-3.8507,0.0000,-0.2950,0.0000,0.0360,0.0000,0.5976,1309145.7500
34.9900,0.3177,0.5979,5.6101,0.4508,1,1,0.3414,0.0000,-3.8678,0.0000,-0.2931,0.0000,0.0097,0.0000,0.5976,1309145.7500
35.0000,0.1263,-0.0261,5.5162,0.4508,1,1,0.3071,0.0000,-3.8901,0.0000,-0.2923,0.0000,-0.0241,0.0000,0.5976,1309145.7500
35.0108,0.0353,-0.0332,5.5552,0.4508,1,1,0.2691,0.0000,-3.9136,0.0000,-0.2921,0.0000,-0.0622,0.0000,0.5976,1309145.7500
35.0199,-0.1576,0.2789,5.6206,0.4508,1,1,0.2264,0.0000,-3.9394,0.0000,-0.2928,0.0000,-0.1058,0.0000,0.5976,1309145.7500
35.0303,-0.3081,0.1879,5.5334,0.4509,1,1,0.1795,0.0000,-3.9663,0.0000,-0.2941,0.0000,-0.1543,0.0000,0.5976,1309145.7500
35.0400,-0.0554,0.3783,5.6927,0.4509,1,1,0.1456,0.0000,-3.9741,0.0000,-0.2931,0.0000,-0.1873,0.0000,0.5976,1309145.7500
35.0500,-0.0922,0.5183,5.6240,0.4509,1,1,0.1127,0.0000,-3.9778,0.0000,-0.2918,0.0000,-0.2189,0.0000,0.5976,1309145.7500
35.0602,-0.2227,0.4797,5.5542,0.4509,1,1,0.0728,0.0000,-3.9870,0.0000,-0.2919,0.0000,-0.2589,0.0000,0.5976,1309145.7500
35.0700,-0.0113,0.5716,5.6657,0.4509,1,1,0.0425,0.0000,-3.9820,0.0000,-0.2901,0.0000,-0.2875,0.0000,0.5976,1309145.7500
35.0804,-0.1117,0.0550,5.6658,0.4508,1,1,0.0092,0.0000,-3.9781,0.0000,-0.2890,0.0000,-0.3196,0.0000,0.5976,1309145.7500
35.0900,-0.2170,-0.0020,5.6711,0.4508,1,1,-0.0269,0.0000,-3.9746,0.0000,-0.2883,0.0000,-0.3549,0.0000,0.5976,1309145.7500
35.1000,-0.3349,0.4568,5.6553,0.4507,1,1,-0.0659,0.0000,-3.9716,0.0000,-0.2882,0.0000,-0.3937,0.0000,0.5976,1309145.7500
35.1102,-0.4584,0.0995,5.5500,0.4508,1,1,-0.1080,0.0000,-3.9689,0.0000,-0.2886,0.0000,-0.4362,0.0000,0.5976,1309145.7500
35.1200,-0.3115,-0.2850,5.6047,0.4507,1,1,-0.1431,0.0000,-3.9553,0.0000,-0.2878,0.0000,-0.4704,0.0000,0.5976,1309145.7500
35.1303,-0.4850,0.0564,5.5691,0.4507,1,1,-0.1832,0.0000,-3.9444,0.0000,-0.2878,0.0000,-0.5105,0.0000,0.5976,1309145.7500
35.1400,-0.8019,0.0941,5.3890,0.4509,1,1,-0.2333,0.0000,-3.9412,0.0000,-0.2898,0.0000,-0.5625,0.0000,0.5976,1309145.7500
35.1499,-0.4866,0.1779,5.5889,0.4508,1,1,-0.2699,0.0000,-3.9195,0.0000,-0.2893,0.0000,-0.5984,0.0000,0.5976,1309145.7500
35.1602,-0.4584,0.3677,5.5211,0.4508,1,1,-0.3040,0.0000,-3.8924,0.0000,-0.2884,0.0000,-0.6313,0.0000,0.5976,1309145.7500
35.1700,-0.7016,0.3505,5.3249,0.4508,1,1,-0.3455,0.0000,-3.8707,0.0000,-0.2888,0.0000,-0.6730,0.0000,0.5976,1309145.7500
35.1803,-0.6268,0.3794,5.4496,0.4508,1,1,-0.3825,0.0000,-3.8413,0.0000,-0.2885,0.0000,-0.7094,0.0000,0.5976,1309145.7500
35.1900,-0.6837,0.0805,5.3234,0.4508,1,1,-0.4200,0.0000,-3.8096,0.0000,-0.2883,0.0000,-0.7464,0.0000,0.5976,1309145.7500
35.1999,-0.7680,-0.2761,5.2699,0.4508,1,1,-0.4589,0.0000,-3.7767,0.0000,-0.2885,0.0000,-0.7851,0.0000,0.5976,1309145.7500
35.2108,-0.7101,-0.0209,5.2652,0.4507,1,1,-0.4939,0.0000,-3.7371,0.0000,-0.2880,0.0000,-0.8193,0.0000,0.5976,1309145.7500
35.2199,-1.0043,-0.2133,4.9736,0.4508,1,1,-0.5380,0.0000,-3.7043,0.0000,-0.2892,0.0000,-0.8642,0.0000,0.5976,1309145.7500
35.2302,-0.7340,-0.4091,5.0108,0.4508,1,1,-0.5703,0.0000,-3.6564,0.0000,-0.2884,0.0000,-0.8952,0.0000,0.5976,1309145.7500
35.2399,-0.8358,0.0357,4.9488,0.4507,1,1,-0.6047,0.0000,-3.6085,0.0000,-0.2880,0.0000,-0.9288,0.0000,0.5976,1309145.7500
35.2499,-1.0870,0.1108,4.6842,0.4508,1,1,-0.6465,0.0000,-3.5657,0.0000,-0.2890,0.0000,-0.9712,0.0000,0.5976,1309145.7500
35.2602,-0.7453,-0.3450,4.8294,0.4507,1,1,-0.6741,0.0000,-3.5058,0.0000,-0.2875,0.0000,-0.9966,0.0000,0.5976,1309145.7500
35.2700,-0.9173,-0.0584,4.7669,0.4507,1,1,-0.7063,0.0000,-3.4489,0.0000,-0.2870,0.0000,-1.0278,0.0000,0.5976,1309145.7500
35.2804,-1.2956,0.3446,4.5479,0.4508,1,1,-0.7503,0.0000,-3.4016,0.0000,-0.2888,0.0000,-1.0731,0.0000,0.5976,1309145.7500
35.2899,-0.8863,0.2772,4.7960,0.4507,1,1,-0.7777,0.0000,-3.3350,0.0000,-0.2875,0.0000,-1.0986,0.0000,0.5976,1309145.7500
35.2999,-0.8864,0.3742,4.6330,0.4506,1,1,-0.8035,0.0000,-3.2653,0.0000,-0.2861,0.0000,-1.1223,0.0000,0.5976,1309145.7500
35.3102,-1.0155,0.4337,4.4958,0.4506,1,1,-0.8324,0.0000,-3.1972,0.0000,-0.2854,0.0000,-1.1498,0.0000,0.5976,1309145.7500
35.3200,-0.8622,0.2833,4.7003,0.4505,1,1,-0.8542,0.0000,-3.1207,0.0000,-0.2835,0.0000,-1.1689,0.0000,0.5976,1309145.7500
35.3302,-1.0012,0.0775,4.5301,0.4505,1,1,-0.8795,0.0000,-3.0466,0.0000,-0.2824,0.0000,-1.1923,0.0000,0.5976,1309145.7500
35.3399,-1.1012,-0.2256,4.5896,0.4504,1,1,-0.9068,0.0000,-2.9730,0.0000,-0.2818,0.0000,-1.2183,0.0000,0.5976,1309145.7500
35.3500,-1.2622,0.0375,4.5689,0.4505,1,1,-0.9380,0.0000,-2.9019,0.0000,-0.2821,0.0000,-1.2491,0.0000,0.5976,1309145.7500
35.3602,-1.5061,0.1919,4.3941,0.4505,1,1,-0.9761,0.0000,-2.8354,0.0000,-0.2838,0.0000,-1.2882,0.0000,0.5976,1309145.7500
35.3700,-1.0078,-0.2855,4.5869,0.4505,1,1,-0.9946,0.0000,-2.7477,0.0000,-0.2819,0.0000,-1.3040,0.0000,0.5976,1309145.7500
35.3803,-1.0737,-0.0334,4.4822,0.4504,1,1,-1.0140,0.0000,-2.6604,0.0000,-0.2804,0.0000,-1.3210,0.0000,0.5976,1309145.7500
35.3899,-1.4577,0.4003,4.2509,0.4504,1,1,-1.0454,0.0000,-2.5837,0.0000,-0.2813,0.0000,-1.3525,0.0000,0.5976,1309145.7500
35.4000,-1.1185,0.1315,4.4398,0.4504,1,1,-1.0631,0.0000,-2.4922,0.0000,-0.2797,0.0000,-1.3677,0.0000,0.5976,1309145.7500
35.4108,-1.1877,0.3716,4.2888,0.4504,1,1,-1.0818,0.0000,-2.4010,0.0000,-0.2785,0.0000,-1.3842,0.0000,0.5976,1309145.7500
35.4199,-1.4116,0.5356,4.1064,0.4504,1,1,-1.1067,0.0000,-2.3153,0.0000,-0.2787,0.0000,-1.4085,0.0000,0.5976,1309145.7500
35.4302,-1.1819,0.4188,4.2013,0.4503,1,1,-1.1220,0.0000,-2.2190,0.0000,-0.2771,0.0000,-1.4213,0.0000,0.5976,1309145.7500
35.4399,-1.0667,0.4532,4.0896,0.4503,1,1,-1.1319,0.0000,-2.1173,0.0000,-0.2747,0.0000,-1.4278,0.0000,0.5976,1309145.7500
35.4500,-1.2001,0.1217,4.0202,0.4503,1,1,-1.1452,0.0000,-2.0189,0.0000,-0.2731,0.0000,-1.4386,0.0000,0.5976,1309145.7500
35.4603,-1.3551,0.1615,3.9906,0.4503,1,1,-1.1625,0.0000,-1.9244,0.0000,-0.2726,0.0000,-1.4543,0.0000,0.5976,1309145.7500
35.4700,-1.5542,0.2624,3.9094,0.4503,1,1,-1.1852,0.0000,-1.8348,0.0000,-0.2732,0.0000,-1.4768,0.0000,0.5976,1309145.7500
35.4804,-1.4453,-0.2425,3.9471,0.4503,1,1,-1.2025,0.0000,-1.7388,0.0000,-0.2730,0.0000,-1.4929,0.0000,0.5976,1309145.7500
35.4900,-1.4025,-0.0031,3.9086,0.4503,1,1,-1.2168,0.0000,-1.6395,0.0000,-0.2724,0.0000,-1.5056,0.0000,0.5976,1309145.7500
35.4999,-1.6258,0.3629,3.7069,0.4503,1,1,-1.2373,0.0000,-1.5462,0.0000,-0.2732,0.0000,-1.5260,0.0000,0.5976,1309145.7500
35.5103,-1.5741,0.1398,3.6627,0.4503,1,1,-1.2544,0.0000,-1.4489,0.0000,-0.2736,0.0000,-1.5425,0.0000,0.5976,1309145.7500
35.5199,-1.5115,0.3516,3.6590,0.4503,1,1,-1.2678,0.0000,-1.3474,0.0000,-0.2734,0.0000,-1.5547,0.0000,0.5976,1309145.7500
35.5302,-1.7386,0.6090,3.5982,0.4503,1,1,-1.2876,0.0000,-1.2524,0.0000,-0.2746,0.0000,-1.5748,0.0000,0.5976,1309145.7500
35.5400,-1.6997,0.5467,3.5834,0.4503,1,1,-1.3045,0.0000,-1.1538,0.0000,-0.2755,0.0000,-1.5915,0.0000,0.5976,1309145.7500
35.5500,-1.3802,0.5333,3.6970,0.4503,1,1,-1.3087,0.0000,-1.0418,0.0000,-0.2740,0.0000,-1.5932,0.0000,0.5976,1309145.7500
35.5603,-1.3456,0.1871,3.6539,0.4503,1,1,-1.3106,0.0000,-0.9280,0.0000,-0.2723,0.0000,-1.5922,0.0000,0.5976,1309145.7500
35.5700,-1.4533,0.1981,3.6399,0.4503,1,1,-1.3151,0.0000,-0.8180,0.0000,-0.2713,0.0000,-1.5946,0.0000,0.5976,1309145.7500
35.5802,-1.4459,0.4892,3.6648,0.4504,1,1,-1.3182,0.0000,-0.7071,0.0000,-0.2702,0.0000,-1.5955,0.0000,0.5976,1309145.7500
35.5900,-1.5503,-0.0236,3.6480,0.4504,1,1,-1.3237,0.0000,-0.5999,0.0000,-0.2699,0.0000,-1.5996,0.0000,0.5976,1309145.7500
35.5999,-1.5181,-0.0889,3.6780,0.4504,1,1,-1.3269,0.0000,-0.4908,0.0000,-0.2693,0.0000,-1.6011,0.0000,0.5976,1309145.7500
35.6108,-1.4834,0.0047,3.6176,0.4504,1,1,-1.3277,0.0000,-0.3800,0.0000,-0.2685,0.0000,-1.6000,0.0000,0.5976,1309145.7500
35.6199,-1.4596,-0.3828,3.5691,0.4505,1,1,-1.3267,0.0000,-0.2682,0.0000,-0.2675,0.0000,-1.5969,0.0000,0.5976,1309145.7500
35.6302,-1.2650,-0.1516,3.6060,0.4505,1,1,-1.3179,0.0000,-0.1489,0.0000,-0.2651,0.0000,-1.5845,0.0000,0.5976,1309145.7500
35.6400,-1.2524,0.1580,3.6292,0.4506,1,1,-1.3079,0.0000,-0.0301,0.0000,-0.2627,0.0000,-1.5709,0.0000,0.5976,1309145.7500
35.6499,-1.4474,0.4257,3.5457,0.4507,1,1,-1.3039,0.0000,0.0797,0.0000,-0.2618,0.0000,-1.5649,0.0000,0.5976,1309145.7500
35.6602,-1.3314,0.7095,3.6986,0.4507,1,1,-1.2950,0.0000,0.1937,0.0000,-0.2602,0.0000,-1.5532,0.0000,0.5976,1309145.7500
35.6700,-1.2911,0.2370,3.7849,0.4508,1,1,-1.2839,0.0000,0.3084,0.0000,-0.2583,0.0000,-1.5391,0.0000,0.5976,1309145.7500
35.6803,-1.4366,0.0737,3.7252,0.4509,1,1,-1.2773,0.0000,0.4156,0.0000,-0.2575,0.0000,-1.5306,0.0000,0.5976,1309145.7500
35.6900,-1.3843,0.2482,3.7179,0.4509,1,1,-1.2680,0.0000,0.5243,0.0000,-0.2565,0.0000,-1.5192,0.0000,0.5976,1309145.7500
35.6999,-1.1563,-0.2599,3.7339,0.4511,1,1,-1.2501,0.0000,0.6414,0.0000,-0.2538,0.0000,-1.4975,0.0000,0.5976,1309145.7500
35.7102,-1.0373,-0.1252,3.7018,0.4513,1,1,-1.2275,0.0000,0.7615,0.0000,-0.2505,0.0000,-1.4704,0.0000,0.5976,1309145.7500
35.7199,-1.0209,0.0132,3.7764,0.4515,1,1,-1.2041,0.0000,0.8795,0.0000,-0.2472,0.0000,-1.4425,0.0000,0.5976,1309145.7500
35.7303,-1.2230,-0.3296,3.7221,0.4516,1,1,-1.1876,0.0000,0.9860,0.0000,-0.2456,0.0000,-1.4234,0.0000,0.5976,1309145.7500
35.7400,-1.2518,-0.2233,3.7403,0.4516,1,1,-1.1717,0.0000,1.0891,0.0000,-0.2444,0.0000,-1.4052,0.0000,0.5976,1309145.7500
35.7499,-0.9880,-0.2991,3.8575,0.4518,1,1,-1.1461,0.0000,1.2019,0.0000,-0.2413,0.0000,-1.3754,0.0000,0.5976,1309145.7500
35.7602,-1.2626,-0.0088,3.7333,0.4519,1,1,-1.1300,0.0000,1.2993,0.0000,-0.2405,0.0000,-1.3576,0.0000,0.5976,1309145.7500
35.7700,-1.2636,0.6944,3.6805,0.4519,1,1,-1.1137,0.0000,1.3946,0.0000,-0.2398,0.0000,-1.3396,0.0000,0.5976,1309145.7500
35.7802,-0.9965,0.2552,3.9018,0.4521,1,1,-1.0876,0.0000,1.5000,0.0000,-0.2373,0.0000,-1.3099,0.0000,0.5976,1309145.7500
35.7899,-1.2034,0.1662,3.8601,0.4522,1,1,-1.0688,0.0000,1.5926,0.0000,-0.2366,0.0000,-1.2894,0.0000,0.5976,1309145.7500
35.8000,-1.2853,0.3125,3.9460,0.4522,1,1,-1.0527,0.0000,1.6791,0.0000,-0.2365,0.0000,-1.2724,0.0000,0.5976,1309145.7500
35.8108,-0.9396,-0.2152,4.0961,0.4524,1,1,-1.0240,0.0000,1.7794,0.0000,-0.2341,0.0000,-1.2403,0.0000,0.5976,1309145.7500
35.8200,-0.9171,-0.1457,3.9495,0.4525,1,1,-0.9946,0.0000,1.8772,0.0000,-0.2318,0.0000,-1.2076,0.0000,0.5976,1309145.7500
35.8303,-0.9087,-0.0429,3.9098,0.4527,1,1,-0.9650,0.0000,1.9715,0.0000,-0.2296,0.0000,-1.1749,0.0000,0.5976,1309145.7500
35.8399,-1.0099,-0.2717,3.9522,0.4528,1,1,-0.9393,0.0000,2.0574,0.0000,-0.2284,0.0000,-1.1472,0.0000,0.5976,1309145.7500
35.8499,-1.0385,-0.1094,3.9561,0.4529,1,1,-0.9148,0.0000,2.1385,0.0000,-0.2276,0.0000,-1.1211,0.0000,0.5976,1309145.7500
35.8603,-0.9699,-0.1645,4.1291,0.4530,1,1,-0.8880,0.0000,2.2197,0.0000,-0.2265,0.0000,-1.0923,0.0000,0.5976,1309145.7500
35.8699,-1.0766,0.0365,4.0933,0.4530,1,1,-0.8652,0.0000,2.2924,0.0000,-0.2264,0.0000,-1.0687,0.0000,0.5976,1309145.7500
35.8803,-0.9837,0.5435,4.0796,0.4530,1,1,-0.8392,0.0000,2.3665,0.0000,-0.2258,0.0000,-1.0413,0.0000,0.5976,1309145.7500
35.8899,-0.7607,0.2844,4.2266,0.4532,1,1,-0.8053,0.0000,2.4479,0.0000,-0.2238,0.0000,-1.0046,0.0000,0.5976,1309145.7500
35.8999,-1.0050,0.3741,4.0876,0.4532,1,1,-0.7808,0.0000,2.5132,0.0000,-0.2238,0.0000,-0.9795,0.0000,0.5976,1309145.7500
35.9103,-0.8678,0.5843,4.1529,0.4533,1,1,-0.7516,0.0000,2.5818,0.0000,-0.2230,0.0000,-0.9488,0.0000,0.5976,1309145.7500
35.9200,-0.6741,-0.1288,4.4291,0.4535,1,1,-0.7157,0.0000,2.6559,0.0000,-0.2210,0.0000,-0.9102,0.0000,0.5976,1309145.7500
35.9302,-0.8143,-0.0482,4.3228,0.4535,1,1,-0.6856,0.0000,2.7186,0.0000,-0.2204,0.0000,-0.8788,0.0000,0.5976,1309145.7500
35.9400,-0.8120,0.2044,4.4875,0.4536,1,1,-0.6560,0.0000,2.7774,0.0000,-0.2199,0.0000,-0.8481,0.0000,0.5976,1309145.7500
35.9500,-0.8033,-0.1887,4.3725,0.4536,1,1,-0.6266,0.0000,2.8328,0.0000,-0.2196,0.0000,-0.8178,0.0000,0.5976,1309145.7500
35.9602,-0.7931,0.0857,4.3175,0.4536,1,1,-0.5973,0.0000,2.8849,0.0000,-0.2194,0.0000,-0.7879,0.0000,0.5976,1309145.7500
35.9700,-0.7379,0.2060,4.4563,0.4536,1,1,-0.5666,0.0000,2.9358,0.0000,-0.2190,0.0000,-0.7563,0.0000,0.5976,1309145.7500
35.9803,-1.0322,0.2948,4.4178,0.4535,1,1,-0.5475,0.0000,2.9688,0.0000,-0.2210,0.0000,-0.7388,0.0000,0.5976,1309145.7500
35.9900,-0.9270,0.7068,4.6376,0.4533,1,1,-0.5247,0.0000,3.0044,0.0000,-0.2223,0.0000,-0.7170,0.0000,0.5976,1309145.7500
36.0000,-0.6896,0.3707,4.8332,0.4534,1,1,-0.4937,0.0000,3.0482,0.0000,-0.2221,0.0000,-0.6853,0.0000,0.5976,1309145.7500
36.0108,-0.8659,0.3192,4.6797,0.4532,1,1,-0.4699,0.0000,3.0798,0.0000,-0.2234,0.0000,-0.6625,0.0000,0.5976,1309145.7500
36.0199,-0.7065,0.7300,4.6626,0.4532,1,1,-0.4407,0.0000,3.1159,0.0000,-0.2237,0.0000,-0.6333,0.0000,0.5976,1309145.7500
36.0302,-0.5386,-0.0066,4.6429,0.4533,1,1,-0.4061,0.0000,3.1560,0.0000,-0.2230,0.0000,-0.5975,0.0000,0.5976,1309145.7500
36.0400,-0.5974,-0.1353,4.6139,0.4533,1,1,-0.3745,0.0000,3.1890,0.0000,-0.2230,0.0000,-0.5656,0.0000,0.5976,1309145.7500
36.0500,-0.5069,0.2211,4.8009,0.4533,1,1,-0.3404,0.0000,3.2220,0.0000,-0.2226,0.0000,-0.5308,0.0000,0.5976,1309145.7500
36.0602,-0.6909,0.0123,4.8447,0.4532,1,1,-0.3142,0.0000,3.2424,0.0000,-0.2237,0.0000,-0.5054,0.0000,0.5976,1309145.7500
36.0700,-0.6618,0.2786,4.8852,0.4531,1,1,-0.2875,0.0000,3.2607,0.0000,-0.2248,0.0000,-0.4797,0.0000,0.5976,1309145.7500
36.0803,-0.5387,0.2060,4.9706,0.4530,1,1,-0.2571,0.0000,3.2814,0.0000,-0.2252,0.0000,-0.4495,0.0000,0.5976,1309145.7500
36.0900,-0.7289,0.2605,4.7909,0.4529,1,1,-0.2347,0.0000,3.2898,0.0000,-0.2271,0.0000,-0.4289,0.0000,0.5976,1309145.7500
36.0999,-0.5972,0.7567,4.8239,0.4527,1,1,-0.2080,0.0000,3.3013,0.0000,-0.2282,0.0000,-0.4033,0.0000,0.5976,1309145.7500
36.1103,-0.3807,0.4721,4.9730,0.4528,1,1,-0.1742,0.0000,3.3191,0.0000,-0.2281,0.0000,-0.3691,0.0000,0.5976,1309145.7500
36.1199,-0.4988,0.4625,4.9115,0.4527,1,1,-0.1458,0.0000,3.3276,0.0000,-0.2290,0.0000,-0.3415,0.0000,0.5976,1309145.7500
36.1303,-0.4587,0.7554,4.9891,0.4526,1,1,-0.1169,0.0000,3.3343,0.0000,-0.2298,0.0000,-0.3133,0.0000,0.5976,1309145.7500
36.1400,-0.2852,0.0492,5.0277,0.4526,1,1,-0.0825,0.0000,3.3449,0.0000,-0.2296,0.0000,-0.2786,0.0000,0.5976,1309145.7500
36.1500,-0.3163,0.0046,4.8686,0.4526,1,1,-0.0504,0.0000,3.3500,0.0000,-0.2298,0.0000,-0.2468,0.0000,0.5976,1309145.7500
36.1602,-0.3017,0.1699,4.8155,0.4526,1,1,-0.0190,0.0000,3.3518,0.0000,-0.2302,0.0000,-0.2156,0.0000,0.5976,1309145.7500
36.1700,-0.3169,-0.2038,4.8390,0.4525,1,1,0.0108,0.0000,3.3491,0.0000,-0.2309,0.0000,-0.1866,0.0000,0.5976,1309145.7500
36.1803,-0.2103,-0.1614,4.9361,0.4525,1,1,0.0434,0.0000,3.3472,0.0000,-0.2310,0.0000,-0.1541,0.0000,0.5976,1309145.7500
36.1900,-0.1068,0.0318,5.0937,0.4525,1,1,0.0786,0.0000,3.3456,0.0000,-0.2307,0.0000,-0.1186,0.0000,0.5976,1309145.7500
36.2000,-0.3004,0.1454,4.9099,0.4524,1,1,0.1054,0.0000,3.3319,0.0000,-0.2319,0.0000,-0.0932,0.0000,0.5976,1309145.7500
36.2108,-0.1720,0.5753,4.8819,0.4523,1,1,0.1358,0.0000,3.3202,0.0000,-0.2325,0.0000,-0.0634,0.0000,0.5976,1309145.7500
36.2199,0.0052,0.2898,4.8005,0.4523,1,1,0.1714,0.0000,3.3118,0.0000,-0.2320,0.0000,-0.0276,0.0000,0.5976,1309145.7500
36.2302,-0.2920,0.3774,4.6170,0.4522,1,1,0.1948,0.0000,3.2875,0.0000,-0.2338,0.0000,-0.0061,0.0000,0.5976,1309145.7500
36.2400,-0.1586,0.7633,4.6632,0.4521,1,1,0.2221,0.0000,3.2658,0.0000,-0.2348,0.0000,0.0199,0.0000,0.5976,1309145.7500
36.2500,0.1765,0.1852,4.8646,0.4522,1,1,0.2605,0.0000,3.2539,0.0000,-0.2338,0.0000,0.0592,0.0000,0.5976,1309145.7500
36.2602,0.1816,0.1667,4.8243,0.4523,1,1,0.2975,0.0000,3.2376,0.0000,-0.2330,0.0000,0.0969,0.0000,0.5976,1309145.7500
36.2700,0.0668,0.4109,4.8139,0.4523,1,1,0.3263,0.0000,3.2099,0.0000,-0.2336,0.0000,0.1248,0.0000,0.5976,1309145.7500
36.2803,0.0528,0.0981,4.7029,0.4523,1,1,0.3539,0.0000,3.1788,0.0000,-0.2344,0.0000,0.1512,0.0000,0.5976,1309145.7500
36.2899,-0.0052,0.2569,4.5959,0.4523,1,1,0.3802,0.0000,3.1446,0.0000,-0.2354,0.0000,0.1762,0.0000,0.5976,1309145.7500
36.2999,0.2923,0.2377,4.6403,0.4523,1,1,0.4158,0.0000,3.1182,0.0000,-0.2347,0.0000,0.2124,0.0000,0.5976,1309145.7500
36.3102,0.2038,0.1406,4.6700,0.4523,1,1,0.4467,0.0000,3.0843,0.0000,-0.2347,0.0000,0.2428,0.0000,0.5976,1309145.7500
36.3199,0.1571,0.4923,4.6476,0.4523,1,1,0.4745,0.0000,3.0451,0.0000,-0.2353,0.0000,0.2696,0.0000,0.5976,1309145.7500
36.3302,0.3860,-0.0443,4.8275,0.4523,1,1,0.5091,0.0000,3.0110,0.0000,-0.2345,0.0000,0.3047,0.0000,0.5976,1309145.7500
36.3400,0.2020,0.1196,4.5971,0.4523,1,1,0.5355,0.0000,2.9662,0.0000,-0.2352,0.0000,0.3300,0.0000,0.5976,1309145.7500
36.3500,-0.0037,0.9610,4.4146,0.4523,1,1,0.5534,0.0000,2.9112,0.0000,-0.2374,0.0000,0.3451,0.0000,0.5976,1309145.7500
36.3603,0.4772,0.5402,4.5601,0.4524,1,1,0.5872,0.0000,2.8712,0.0000,-0.2365,0.0000,0.3794,0.0000,0.5976,1309145.7500
36.3699,0.4127,0.3579,4.5675,0.4524,1,1,0.6171,0.0000,2.8249,0.0000,-0.2363,0.0000,0.4091,0.0000,0.5976,1309145.7500
36.3802,0.3672,0.5308,4.6165,0.4523,1,1,0.6439,0.0000,2.7736,0.0000,-0.2366,0.0000,0.4350,0.0000,0.5976,1309145.7500
36.3899,0.4720,-0.1000,4.8490,0.4524,1,1,0.6729,0.0000,2.7229,0.0000,-0.2363,0.0000,0.4638,0.0000,0.5976,1309145.7500
36.4000,0.4251,-0.1275,4.5751,0.4523,1,1,0.6988,0.0000,2.6672,0.0000,-0.2366,0.0000,0.4889,0.0000,0.5976,1309145.7500
36.4108,0.5074,-0.1344,4.4566,0.4524,1,1,0.7261,0.0000,2.6114,0.0000,-0.2364,0.0000,0.5158,0.0000,0.5976,1309145.7500
36.4199,0.4208,0.0472,4.3534,0.4523,1,1,0.7489,0.0000,2.5495,0.0000,-0.2371,0.0000,0.5373,0.0000,0.5976,1309145.7500
36.4302,0.2473,0.6487,4.2252,0.4522,1,1,0.7641,0.0000,2.4792,0.0000,-0.2390,0.0000,0.5499,0.0000,0.5976,1309145.7500
36.4400,0.6021,0.3339,4.5769,0.4522,1,1,0.7908,0.0000,2.4193,0.0000,-0.2387,0.0000,0.5763,0.0000,0.5976,1309145.7500
36.4500,0.5247,0.2362,4.6464,0.4522,1,1,0.8132,0.0000,2.3537,0.0000,-0.2390,0.0000,0.5977,0.0000,0.5976,1309145.7500
36.4602,0.4408,0.7910,4.6172,0.4522,1,1,0.8312,0.0000,2.2829,0.0000,-0.2401,0.0000,0.6140,0.0000,0.5976,1309145.7500
36.4699,0.9092,0.2004,4.7889,0.4522,1,1,0.8643,0.0000,2.2256,0.0000,-0.2381,0.0000,0.6485,0.0000,0.5976,1309145.7500
36.4804,0.8351,0.0572,4.5644,0.4523,1,1,0.8931,0.0000,2.1620,0.0000,-0.2368,0.0000,0.6779,0.0000,0.5976,1309145.7500
36.4900,0.5667,0.6458,4.5200,0.4523,1,1,0.9109,0.0000,2.0862,0.0000,-0.2376,0.0000,0.6941,0.0000,0.5976,1309145.7500
36.5000,0.6787,0.2053,4.6671,0.4523,1,1,0.9312,0.0000,2.0121,0.0000,-0.2377,0.0000,0.7136,0.0000,0.5976,1309145.7500
36.5102,0.5956,-0.0747,4.5719,0.4522,1,1,0.9472,0.0000,1.9330,0.0000,-0.2385,0.0000,0.7281,0.0000,0.5976,1309145.7500
36.5199,0.7589,0.0968,4.6652,0.4522,1,1,0.9676,0.0000,1.8576,0.0000,-0.2383,0.0000,0.7479,0.0000,0.5976,1309145.7500
36.5302,0.6673,0.1340,4.6160,0.4522,1,1,0.9834,0.0000,1.7767,0.0000,-0.2388,0.0000,0.7623,0.0000,0.5976,1309145.7500
36.5400,0.5245,0.4596,4.3998,0.4522,1,1,0.9929,0.0000,1.6894,0.0000,-0.2404,0.0000,0.7694,0.0000,0.5926,1309143.5000
36.5499,0.8435,0.3057,4.4978,0.4522,1,1,1.0124,0.0000,1.6117,0.0000,-0.2399,0.0000,0.7886,0.0000,0.5926,1309143.5000
36.5602,0.7358,0.1269,4.4417,0.4522,1,1,1.0267,0.0000,1.5282,0.0000,-0.2403,0.0000,0.8017,0.0000,0.5926,1309143.5000
36.5700,0.6543,0.6494,4.4779,0.4522,1,1,1.0369,0.0000,1.4403,0.0000,-0.2413,0.0000,0.8100,0.0000,0.5926,1309143.5000
36.5802,0.9844,0.3298,4.7978,0.4522,1,1,1.0573,0.0000,1.3625,0.0000,-0.2401,0.0000,0.8308,0.0000,0.5926,1309143.5000
36.5900,0.8175,0.3246,4.6733,0.4522,1,1,1.0705,0.0000,1.2767,0.0000,-0.2402,0.0000,0.8430,0.0000,0.5926,1309143.5000
36.6000,0.5180,0.7062,4.4008,0.4522,1,1,1.0721,0.0000,1.1791,0.0000,-0.2425,0.0000,0.8414,0.0000,0.5926,1309143.5000
36.6108,0.6264,0.1489,4.3545,0.4522,1,1,1.0765,0.0000,1.0851,0.0000,-0.2440,0.0000,0.8434,0.0000,0.5926,1309143.5000
36.6199,0.6573,-0.1440,4.2582,0.4522,1,1,1.0809,0.0000,0.9916,0.0000,-0.2453,0.0000,0.8456,0.0000,0.5926,1309143.5000
36.6302,0.7999,-0.0544,4.3491,0.4522,1,1,1.0893,0.0000,0.9027,0.0000,-0.2456,0.0000,0.8527,0.0000,0.5926,1309143.5000
36.6399,0.7311,0.0217,4.4555,0.4522,1,1,1.0941,0.0000,0.8105,0.0000,-0.2465,0.0000,0.8558,0.0000,0.5926,1309143.5000
36.6499,0.4933,0.5263,4.2537,0.4523,1,1,1.0898,0.0000,0.7091,0.0000,-0.2490,0.0000,0.8479,0.0000,0.5926,1309143.5000
36.6602,0.7167,0.5057,4.3491,0.4523,1,1,1.0924,0.0000,0.6163,0.0000,-0.2499,0.0000,0.8486,0.0000,0.5926,1309143.5000
36.6700,0.6084,0.3201,4.1886,0.4523,1,1,1.0903,0.0000,0.5193,0.0000,-0.2517,0.0000,0.8438,0.0000,0.5926,1309143.5000
36.6803,0.3874,0.7683,4.0330,0.4524,1,1,1.0798,0.0000,0.4143,0.0000,-0.2549,0.0000,0.8290,0.0000,0.5926,1309143.5000
36.6900,0.7136,0.4320,4.2723,0.4524,1,1,1.0800,0.0000,0.3227,0.0000,-0.2557,0.0000,0.8275,0.0000,0.5926,1309143.5000
36.6999,0.7375,-0.1736,4.2309,0.4524,1,1,1.0801,0.0000,0.2321,0.0000,-0.2564,0.0000,0.8260,0.0000,0.5926,1309143.5000
36.7102,0.7200,0.0395,4.2160,0.4525,1,1,1.0788,0.0000,0.1407,0.0000,-0.2571,0.0000,0.8230,0.0000,0.5926,1309143.5000
36.7200,0.6680,0.0710,4.2557,0.4525,1,1,1.0748,0.0000,0.0475,0.0000,-0.2582,0.0000,0.8171,0.0000,0.5926,1309143.5000
36.7302,0.5156,0.1545,4.0218,0.4526,1,1,1.0649,0.0000,-0.0511,0.0000,-0.2604,0.0000,0.8040,0.0000,0.5926,1309143.5000
36.7399,0.7075,0.3224,4.0779,0.4526,1,1,1.0610,0.0000,-0.1410,0.0000,-0.2611,0.0000,0.7985,0.0000,0.5926,1309143.5000
36.7499,0.6409,0.2368,4.1484,0.4527,1,1,1.0542,0.0000,-0.2331,0.0000,-0.2622,0.0000,0.7896,0.0000,0.5926,1309143.5000
36.7602,0.4018,0.7084,4.1320,0.4528,1,1,1.0384,0.0000,-0.3340,0.0000,-0.2650,0.0000,0.7700,0.0000,0.5926,1309143.5000
36.7700,0.7797,0.6274,4.4044,0.4528,1,1,1.0354,0.0000,-0.4176,0.0000,-0.2650,0.0000,0.7662,0.0000,0.5926,1309143.5000
36.7802,0.8187,0.0736,4.3685,0.4528,1,1,1.0330,0.0000,-0.4993,0.0000,-0.2646,0.0000,0.7635,0.0000,0.5926,1309143.5000
36.7899,0.5362,0.2724,4.1018,0.4529,1,1,1.0201,0.0000,-0.5923,0.0000,-0.2662,0.0000,0.7480,0.0000,0.5926,1309143.5000
36.7999,0.6261,0.1338,4.1861,0.4529,1,1,1.0100,0.0000,-0.6800,0.0000,-0.2671,0.0000,0.7360,0.0000,0.5926,1309143.5000
36.8108,0.6695,-0.3485,4.1406,0.4530,1,1,1.0008,0.0000,-0.7646,0.0000,-0.2676,0.0000,0.7256,0.0000,0.5926,1309143.5000
36.8200,0.7520,-0.0339,4.2497,0.4530,1,1,0.9941,0.0000,-0.8446,0.0000,-0.2674,0.0000,0.7182,0.0000,0.5926,1309143.5000
36.8302,0.7555,0.0767,4.3853,0.4529,1,1,0.9870,0.0000,-0.9235,0.0000,-0.2672,0.0000,0.7106,0.0000,0.5926,1309143.5000
36.8399,0.5227,0.0692,4.2367,0.4530,1,1,0.9711,0.0000,-1.0116,0.0000,-0.2685,0.0000,0.6925,0.0000,0.5926,1309143.5000
36.8500,0.6212,0.2604,4.3162,0.4531,1,1,0.9585,0.0000,-1.0934,0.0000,-0.2690,0.0000,0.6785,0.0000,0.5926,1309143.5000
36.8601,0.3637,0.1500,4.1828,0.4532,1,1,0.9364,0.0000,-1.1849,0.0000,-0.2713,0.0000,0.6533,0.0000,0.5926,1309143.5000
36.8700,0.1804,0.5431,4.0402,0.4535,1,1,0.9079,0.0000,-1.2818,0.0000,-0.2748,0.0000,0.6203,0.0000,0.5926,1309143.5000
36.8803,0.6173,0.6542,4.3189,0.4535,1,1,0.8949,0.0000,-1.3556,0.0000,-0.2748,0.0000,0.6066,0.0000,0.5926,1309143.5000
36.8899,0.8213,-0.0290,4.4328,0.4534,1,1,0.8890,0.0000,-1.4186,0.0000,-0.2732,0.0000,0.6016,0.0000,0.5926,1309143.5000
36.8999,0.7128,0.0931,4.4695,0.4533,1,1,0.8788,0.0000,-1.4858,0.0000,-0.2724,0.0000,0.5915,0.0000,0.5926,1309143.5000
36.9102,0.6254,0.2197,4.5259,0.4533,1,1,0.8651,0.0000,-1.5555,0.0000,-0.2722,0.0000,0.5774,0.0000,0.5926,1309143.5000
36.9199,0.4205,-0.2732,4.3378,0.4534,1,1,0.8440,0.0000,-1.6328,0.0000,-0.2733,0.0000,0.5543,0.0000,0.5926,1309143.5000
36.9302,0.4657,0.0590,4.3182,0.4534,1,1,0.8245,0.0000,-1.7054,0.0000,-0.2740,0.0000,0.5334,0.0000,0.5926,1309143.5000
36.9400,0.1923,0.2822,4.3091,0.4537,1,1,0.7951,0.0000,-1.7880,0.0000,-0.2764,0.0000,0.5008,0.0000,0.5926,1309143.5000
36.9500,0.0664,0.4315,4.2528,0.4537,1,1,0.7592,0.0000,-1.8758,0.0000,-0.2801,0.0000,0.4604,0.0000,0.5926,1309143.5000
36.9602,0.5301,0.7326,4.6590,0.4536,1,1,0.7430,0.0000,-1.9343,0.0000,-0.2796,0.0000,0.4441,0.0000,0.5926,1309143.5000
36.9700,0.3862,0.3790,4.5968,0.4536,1,1,0.7215,0.0000,-1.9973,0.0000,-0.2800,0.0000,0.4216,0.0000,0.5926,1309143.5000
36.9802,0.2972,0.2374,4.5841,0.4537,1,1,0.6971,0.0000,-2.0617,0.0000,-0.2809,0.0000,0.3956,0.0000,0.5926,1309143.5000
36.9900,0.3557,0.4982,4.7354,0.4538,1,1,0.6750,0.0000,-2.1202,0.0000,-0.2812,0.0000,0.3726,0.0000,0.5926,1309143.5000
36.9999,0.1377,-0.0278,4.5140,0.4539,1,1,0.6452,0.0000,-2.1861,0.0000,-0.2828,0.0000,0.3405,0.0000,0.5926,1309143.5000
37.0108,0.3774,-0.1401,4.7479,0.4539,1,1,0.6247,0.0000,-2.2369,0.0000,-0.2826,0.0000,0.3198,0.0000,0.5926,1309143.5000
37.0199,0.1243,0.2341,4.7445,0.4540,1,1,0.5952,0.0000,-2.2968,0.0000,-0.2840,0.0000,0.2883,0.0000,0.5926,1309143.5000
37.0303,0.0041,0.0366,4.6606,0.4540,1,1,0.5617,0.0000,-2.3588,0.0000,-0.2860,0.0000,0.2521,0.0000,0.5926,1309143.5000
37.0400,0.2544,-0.0906,4.9679,0.4540,1,1,0.5382,0.0000,-2.4044,0.0000,-0.2860,0.0000,0.2282,0.0000,0.5926,1309143.5000
37.0499,-0.0303,0.3790,4.7398,0.4540,1,1,0.5058,0.0000,-2.4588,0.0000,-0.2876,0.0000,0.1936,0.0000,0.5926,1309143.5000
37.0603,-0.0297,0.5040,4.7918,0.4540,1,1,0.4741,0.0000,-2.5090,0.0000,-0.2890,0.0000,0.1600,0.0000,0.5926,1309143.5000
37.0699,0.3239,0.3612,5.0246,0.4539,1,1,0.4551,0.0000,-2.5400,0.0000,-0.2879,0.0000,0.1418,0.0000,0.5926,1309143.5000
37.0804,0.0849,0.3783,4.8056,0.4539,1,1,0.4244,0.0000,-2.5836,0.0000,-0.2889,0.0000,0.1097,0.0000,0.5926,1309143.5000
37.0900,0.0984,0.2726,4.8850,0.4539,1,1,0.3946,0.0000,-2.6232,0.0000,-0.2896,0.0000,0.0787,0.0000,0.5926,1309143.5000
37.0999,0.0415,0.2382,4.9729,0.4539,1,1,0.3654,0.0000,-2.6589,0.0000,-0.2902,0.0000,0.0487,0.0000,0.5926,1309143.5000
37.1102,-0.1580,0.0105,4.8347,0.4541,1,1,0.3312,0.0000,-2.6981,0.0000,-0.2916,0.0000,0.0126,0.0000,0.5926,1309143.5000
37.1199,0.0793,-0.2826,5.0929,0.4541,1,1,0.3038,0.0000,-2.7257,0.0000,-0.2917,0.0000,-0.0152,0.0000,0.5926,1309143.5000
37.1302,-0.1448,0.1003,4.9294,0.4542,1,1,0.2717,0.0000,-2.7563,0.0000,-0.2926,0.0000,-0.0484,0.0000,0.5926,1309143.5000
37.1400,-0.1367,0.1561,4.8311,0.4543,1,1,0.2409,0.0000,-2.7825,0.0000,-0.2932,0.0000,-0.0801,0.0000,0.5926,1309143.5000
37.1500,0.2839,-0.0055,5.1112,0.4540,1,1,0.2265,0.0000,-2.7857,0.0000,-0.2907,0.0000,-0.0920,0.0000,0.5926,1309143.5000
37.1602,-0.1885,0.6072,4.8333,0.4541,1,1,0.1951,0.0000,-2.8084,0.0000,-0.2914,0.0000,-0.1243,0.0000,0.5926,1309143.5000
37.1700,-0.1820,0.6474,4.9159,0.4541,1,1,0.1649,0.0000,-2.8269,0.0000,-0.2918,0.0000,-0.1551,0.0000,0.5926,1309143.5000
37.1803,0.0469,0.0915,5.1042,0.4541,1,1,0.1424,0.0000,-2.8335,0.0000,-0.2907,0.0000,-0.1767,0.0000,0.5926,1309143.5000
37.1899,-0.2447,0.1916,4.8135,0.4542,1,1,0.1115,0.0000,-2.8480,0.0000,-0.2912,0.0000,-0.2081,0.0000,0.5926,1309143.5000
37.1999,-0.0748,0.0394,5.0130,0.4542,1,1,0.0907,0.0000,-2.8481,0.0000,-0.2897,0.0000,-0.2275,0.0000,0.5926,1309143.5000
37.2108,-0.1208,-0.3206,4.9325,0.4541,1,1,0.0662,0.0000,-2.8508,0.0000,-0.2890,0.0000,-0.2514,0.0000,0.5926,1309143.5000
37.2200,-0.1711,-0.0684,4.8346,0.4540,1,1,0.0406,0.0000,-2.8528,0.0000,-0.2885,0.0000,-0.2764,0.0000,0.5926,1309143.5000
37.2302,0.0619,-0.1340,5.0344,0.4540,1,1,0.0223,0.0000,-2.8444,0.0000,-0.2866,0.0000,-0.2928,0.0000,0.5926,1309143.5000
37.2400,-0.4124,0.1714,4.7972,0.4541,1,1,-0.0106,0.0000,-2.8512,0.0000,-0.2874,0.0000,-0.3265,0.0000,0.5926,1309143.5000
37.2499,-0.4127,0.5700,4.8047,0.4542,1,1,-0.0423,0.0000,-2.8540,0.0000,-0.2880,0.0000,-0.3588,0.0000,0.5926,1309143.5000
37.2603,-0.1631,-0.0141,4.9373,0.4540,1,1,-0.0636,0.0000,-2.8424,0.0000,-0.2867,0.0000,-0.3787,0.0000,0.5926,1309143.5000
37.2700,-0.4368,0.1828,4.6729,0.4541,1,1,-0.0942,0.0000,-2.8396,0.0000,-0.2871,0.0000,-0.4096,0.0000,0.5926,1309143.5000
37.2803,-0.4346,0.5466,4.7595,0.4541,1,1,-0.1235,0.0000,-2.8330,0.0000,-0.2872,0.0000,-0.4390,0.0000,0.5926,1309143.5000
37.2899,-0.2164,-0.0416,4.9095,0.4539,1,1,-0.1436,0.0000,-2.8140,0.0000,-0.2857,0.0000,-0.4575,0.0000,0.5926,1309143.5000
37.2999,-0.3733,0.2614,4.7987,0.4538,1,1,-0.1687,0.0000,-2.7990,0.0000,-0.2852,0.0000,-0.4819,0.0000,0.5926,1309143.5000
37.3103,-0.4116,0.4234,4.8645,0.4538,1,1,-0.1941,0.0000,-2.7825,0.0000,-0.2847,0.0000,-0.5067,0.0000,0.5926,1309143.5000
37.3199,-0.4706,-0.2525,4.7688,0.4537,1,1,-0.2206,0.0000,-2.7653,0.0000,-0.2845,0.0000,-0.5328,0.0000,0.5926,1309143.5000
37.3302,-0.5070,-0.0741,4.7266,0.4537,1,1,-0.2474,0.0000,-2.7464,0.0000,-0.2843,0.0000,-0.5591,0.0000,0.5926,1309143.5000
37.3400,-0.5656,0.1981,4.8052,0.4537,1,1,-0.2751,0.0000,-2.7265,0.0000,-0.2843,0.0000,-0.5867,0.0000,0.5926,1309143.5000
37.3500,-0.6567,0.0415,4.7166,0.4538,1,1,-0.3049,0.0000,-2.7068,0.0000,-0.2848,0.0000,-0.6167,0.0000,0.5926,1309143.5000
37.3603,-0.3597,0.2070,4.8893,0.4536,1,1,-0.3226,0.0000,-2.6724,0.0000,-0.2831,0.0000,-0.6324,0.0000,0.5926,1309143.5000
37.3700,-0.4821,0.2308,4.8741,0.4535,1,1,-0.3439,0.0000,-2.6407,0.0000,-0.2821,0.0000,-0.6524,0.0000,0.5926,1309143.5000
37.3802,-0.7799,0.2932,4.7132,0.4536,1,1,-0.3749,0.0000,-2.6174,0.0000,-0.2829,0.0000,-0.6840,0.0000,0.5926,1309143.5000
37.3899,-0.4992,0.4695,4.9271,0.4535,1,1,-0.3944,0.0000,-2.5802,0.0000,-0.2817,0.0000,-0.7019,0.0000,0.5926,1309143.5000
37.3999,-0.6002,0.3046,4.8083,0.4534,1,1,-0.4166,0.0000,-2.5445,0.0000,-0.2810,0.0000,-0.7231,0.0000,0.5926,1309143.5000
37.4108,-0.6991,0.2445,4.7472,0.4534,1,1,-0.4412,0.0000,-2.5099,0.0000,-0.2809,0.0000,-0.7471,0.0000,0.5926,1309143.5000
37.4198,-0.6542,0.3239,4.8616,0.4533,1,1,-0.4630,0.0000,-2.4708,0.0000,-0.2802,0.0000,-0.7679,0.0000,0.5926,1309143.5000
37.4303,-0.7852,-0.1590,4.6094,0.4533,1,1,-0.4883,0.0000,-2.4338,0.0000,-0.2804,0.0000,-0.7930,0.0000,0.5926,1309143.5000
37.4400,-0.5215,-0.4012,4.7324,0.4532,1,1,-0.5029,0.0000,-2.3847,0.0000,-0.2786,0.0000,-0.8053,0.0000,0.5926,1309143.5000
37.4500,-0.7886,0.0159,4.5518,0.4532,1,1,-0.5262,0.0000,-2.3433,0.0000,-0.2784,0.0000,-0.8281,0.0000,0.5926,1309143.5000
37.4602,-1.1405,0.2191,4.3949,0.4533,1,1,-0.5607,0.0000,-2.3115,0.0000,-0.2805,0.0000,-0.8644,0.0000,0.5926,1309143.5000
37.4699,-0.8009,-0.0122,4.6371,0.4533,1,1,-0.5816,0.0000,-2.2638,0.0000,-0.2801,0.0000,-0.8843,0.0000,0.5926,1309143.5000
37.4804,-0.8771,0.2520,4.4890,0.4533,1,1,-0.6040,0.0000,-2.2164,0.0000,-0.2801,0.0000,-0.9062,0.0000,0.5926,1309143.5000
37.4900,-0.9432,0.5607,4.4413,0.4533,1,1,-0.6274,0.0000,-2.1686,0.0000,-0.2803,0.0000,-0.9294,0.0000,0.5926,1309143.5000
37.4999,-0.5790,0.2555,4.5469,0.4532,1,1,-0.6368,0.0000,-2.1059,0.0000,-0.2780,0.0000,-0.9358,0.0000,0.5926,1309143.5000
37.5102,-0.6734,0.1210,4.4488,0.4531,1,1,-0.6486,0.0000,-2.0454,0.0000,-0.2762,0.0000,-0.9453,0.0000,0.5926,1309143.5000
37.5199,-0.9016,0.1140,4.3253,0.4531,1,1,-0.6675,0.0000,-1.9913,0.0000,-0.2759,0.0000,-0.9634,0.0000,0.5926,1309143.5000
37.5303,-0.8811,0.0382,4.3589,0.4531,1,1,-0.6846,0.0000,-1.9345,0.0000,-0.2753,0.0000,-0.9793,0.0000,0.5926,1309143.5000
37.5400,-1.0215,0.0612,4.2478,0.4531,1,1,-0.7054,0.0000,-1.8804,0.0000,-0.2756,0.0000,-0.9998,0.0000,0.5976,1309143.1250
37.5500,-0.8938,-0.1579,4.2169,0.4530,1,1,-0.7205,0.0000,-1.8197,0.0000,-0.2749,0.0000,-1.0136,0.0000,0.5976,1309143.1250
37.5602,-0.9556,0.0261,4.2604,0.4530,1,1,-0.7367,0.0000,-1.7594,0.0000,-0.2745,0.0000,-1.0288,0.0000,0.5976,1309143.1250
37.5700,-1.2285,0.2893,4.0532,0.4531,1,1,-0.7612,0.0000,-1.7064,0.0000,-0.2759,0.0000,-1.0542,0.0000,0.5976,1309143.1250
37.5802,-0.9291,-0.1734,4.2338,0.4530,1,1,-0.7739,0.0000,-1.6405,0.0000,-0.2750,0.0000,-1.0654,0.0000,0.5976,1309143.1250
37.5900,-1.2182,0.0632,4.1518,0.4531,1,1,-0.7956,0.0000,-1.5829,0.0000,-0.2761,0.0000,-1.0875,0.0000,0.5976,1309143.1250
37.5999,-1.2480,0.7305,3.9547,0.4531,1,1,-0.8170,0.0000,-1.5238,0.0000,-0.2772,0.0000,-1.1094,0.0000,0.5976,1309143.1250
37.6108,-0.7584,0.2582,4.1730,0.4530,1,1,-0.8201,0.0000,-1.4458,0.0000,-0.2748,0.0000,-1.1094,0.0000,0.5976,1309143.1250
37.6199,-0.9014,0.2092,3.9702,0.4530,1,1,-0.8274,0.0000,-1.3723,0.0000,-0.2733,0.0000,-1.1145,0.0000,0.5976,1309143.1250
37.6302,-1.2459,0.5004,3.8597,0.4530,1,1,-0.8457,0.0000,-1.3097,0.0000,-0.2742,0.0000,-1.1330,0.0000,0.5976,1309143.1250
37.6399,-1.0144,-0.1839,4.0773,0.4530,1,1,-0.8547,0.0000,-1.2372,0.0000,-0.2734,0.0000,-1.1405,0.0000,0.5976,1309143.1250
37.6500,-1.1589,-0.2300,3.8821,0.4530,1,1,-0.8677,0.0000,-1.1685,0.0000,-0.2736,0.0000,-1.1529,0.0000,0.5976,1309143.1250
37.6603,-1.0996,0.3201,3.8624,0.4530,1,1,-0.8775,0.0000,-1.0964,0.0000,-0.2732,0.0000,-1.1617,0.0000,0.5976,1309143.1250
37.6699,-1.1852,0.0455,3.7695,0.4530,1,1,-0.8893,0.0000,-1.0261,0.0000,-0.2733,0.0000,-1.1729,0.0000,0.5976,1309143.1250
37.6803,-1.1509,-0.0436,3.7084,0.4530,1,1,-0.8988,0.0000,-0.9533,0.0000,-0.2732,0.0000,-1.1815,0.0000,0.5976,1309143.1250
37.6899,-1.1003,0.2135,3.9130,0.4530,1,1,-0.9055,0.0000,-0.8776,0.0000,-0.2726,0.0000,-1.1869,0.0000,0.5976,1309143.1250
37.6999,-1.4351,0.1903,3.7257,0.4530,1,1,-0.9228,0.0000,-0.8130,0.0000,-0.2744,0.0000,-1.2053,0.0000,0.5976,1309143.1250
37.7103,-1.1915,0.3339,3.9326,0.4530,1,1,-0.9305,0.0000,-0.7378,0.0000,-0.2743,0.0000,-1.2121,0.0000,0.5976,1309143.1250
37.7200,-0.9515,0.4099,4.0240,0.4530,1,1,-0.9289,0.0000,-0.6530,0.0000,-0.2724,0.0000,-1.2079,0.0000,0.5976,1309143.1250
37.7302,-1.1470,0.3501,3.8388,0.4531,1,1,-0.9333,0.0000,-0.5755,0.0000,-0.2720,0.0000,-1.2111,0.0000,0.5976,1309143.1250
37.7400,-0.8207,0.5967,4.0218,0.4531,1,1,-0.9256,0.0000,-0.4856,0.0000,-0.2693,0.0000,-1.1998,0.0000,0.5976,1309143.1250
37.7500,-0.8492,0.2985,3.9858,0.4532,1,1,-0.9184,0.0000,-0.3977,0.0000,-0.2668,0.0000,-1.1892,0.0000,0.5976,1309143.1250
37.7603,-1.0007,-0.0628,3.8545,0.4532,1,1,-0.9159,0.0000,-0.3162,0.0000,-0.2655,0.0000,-1.1845,0.0000,0.5976,1309143.1250
37.7700,-1.0415,0.1454,4.0861,0.4533,1,1,-0.9141,0.0000,-0.2366,0.0000,-0.2645,0.0000,-1.1809,0.0000,0.5976,1309143.1250
37.7803,-1.2830,0.0679,3.8787,0.4532,1,1,-0.9200,0.0000,-0.1663,0.0000,-0.2652,0.0000,-1.1869,0.0000,0.5976,1309143.1250
37.7900,-0.9779,-0.2068,4.0410,0.4533,1,1,-0.9145,0.0000,-0.0837,0.0000,-0.2637,0.0000,-1.1790,0.0000,0.5976,1309143.1250
37.8000,-0.9942,0.1844,4.0962,0.4534,1,1,-0.9089,0.0000,-0.0024,0.0000,-0.2624,0.0000,-1.1713,0.0000,0.5976,1309143.1250
37.8108,-1.2956,0.6531,3.7997,0.4533,1,1,-0.9132,0.0000,0.0665,0.0000,-0.2633,0.0000,-1.1758,0.0000,0.5976,1309143.1250
37.8199,-0.8702,0.3015,4.1399,0.4534,1,1,-0.9020,0.0000,0.1526,0.0000,-0.2611,0.0000,-1.1615,0.0000,0.5976,1309143.1250
37.8302,-1.0183,0.3153,4.0353,0.4535,1,1,-0.8955,0.0000,0.2314,0.0000,-0.2601,0.0000,-1.1532,0.0000,0.5976,1309143.1250
37.8399,-1.2545,0.5438,3.9154,0.4534,1,1,-0.8967,0.0000,0.3001,0.0000,-0.2608,0.0000,-1.1545,0.0000,0.5976,1309143.1250
37.8500,-0.8940,0.1467,4.1825,0.4535,1,1,-0.8846,0.0000,0.3834,0.0000,-0.2589,0.0000,-1.1397,0.0000,0.5976,1309143.1250
37.8603,-0.9095,0.1298,4.0081,0.4536,1,1,-0.8727,0.0000,0.4645,0.0000,-0.2573,0.0000,-1.1254,0.0000,0.5976,1309143.1250
37.8700,-0.9732,0.2945,3.9709,0.4537,1,1,-0.8628,0.0000,0.5417,0.0000,-0.2562,0.0000,-1.1136,0.0000,0.5976,1309143.1250
37.8803,-0.9675,-0.1048,4.0136,0.4538,1,1,-0.8522,0.0000,0.6178,0.0000,-0.2551,0.0000,-1.1012,0.0000,0.5976,1309143.1250
37.8900,-1.1618,-0.0454,3.8029,0.4537,1,1,-0.8482,0.0000,0.6846,0.0000,-0.2556,0.0000,-1.0969,0.0000,0.5976,1309143.1250
37.9000,-0.9957,0.0113,3.9650,0.4538,1,1,-0.8378,0.0000,0.7578,0.0000,-0.2549,0.0000,-1.0851,0.0000,0.5976,1309143.1250
37.9103,-1.2560,0.0920,3.8548,0.4537,1,1,-0.8362,0.0000,0.8187,0.0000,-0.2561,0.0000,-1.0841,0.0000,0.5976,1309143.1250
37.9200,-1.2214,0.5493,3.8024,0.4536,1,1,-0.8329,0.0000,0.8808,0.0000,-0.2571,0.0000,-1.0811,0.0000,0.5976,1309143.1250
37.9302,-0.7560,0.3795,4.1375,0.4538,1,1,-0.8126,0.0000,0.9624,0.0000,-0.2547,0.0000,-1.0577,0.0000,0.5976,1309143.1250
37.9399,-0.9739,0.2820,3.8943,0.4539,1,1,-0.8000,0.0000,1.0320,0.0000,-0.2541,0.0000,-1.0438,0.0000,0.5976,1309143.1250
37.9499,-0.9040,0.6760,3.9674,0.4539,1,1,-0.7847,0.0000,1.1031,0.0000,-0.2531,0.0000,-1.0268,0.0000,0.5976,1309143.1250
37.9602,-0.6398,0.2524,4.0781,0.4542,1,1,-0.7600,0.0000,1.1838,0.0000,-0.2504,0.0000,-0.9985,0.0000,0.5976,1309143.1250
37.9699,-0.7121,-0.2820,3.9833,0.4543,1,1,-0.7379,0.0000,1.2583,0.0000,-0.2483,0.0000,-0.9737,0.0000,0.5976,1309143.1250
37.9802,-0.7674,0.0617,4.0505,0.4545,1,1,-0.7180,0.0000,1.3275,0.0000,-0.2468,0.0000,-0.9516,0.0000,0.5976,1309143.1250
37.9899,-0.9553,0.0693,3.9200,0.4545,1,1,-0.7049,0.0000,1.3859,0.0000,-0.2469,0.0000,-0.9379,0.0000,0.5976,1309143.1250
37.9999,-0.7807,-0.0027,3.9595,0.4546,1,1,-0.6854,0.0000,1.4503,0.0000,-0.2457,0.0000,-0.9166,0.0000,0.5976,1309143.1250
38.0108,-0.7581,0.4046,4.1826,0.4547,1,1,-0.6652,0.0000,1.5133,0.0000,-0.2446,0.0000,-0.8947,0.0000,0.5976,1309143.1250
38.0199,-1.0089,0.5710,4.0101,0.4546,1,1,-0.6542,0.0000,1.5625,0.0000,-0.2454,0.0000,-0.8840,0.0000,0.5976,1309143.1250
38.0302,-0.6726,0.1130,4.2824,0.4547,1,1,-0.6310,0.0000,1.6253,0.0000,-0.2439,0.0000,-0.8586,0.0000,0.5976,1309143.1250
38.0399,-0.6440,0.2920,4.3471,0.4549,1,1,-0.6070,0.0000,1.6864,0.0000,-0.2424,0.0000,-0.8325,0.0000,0.5976,1309143.1250
38.0500,-0.8302,0.7761,4.1054,0.4549,1,1,-0.5900,0.0000,1.7361,0.0000,-0.2424,0.0000,-0.8150,0.0000,0.5976,1309143.1250
38.0602,-0.4071,0.3414,4.4331,0.4552,1,1,-0.5579,0.0000,1.8026,0.0000,-0.2395,0.0000,-0.7794,0.0000,0.5976,1309143.1250
38.0700,-0.5358,0.0760,4.3160,0.4553,1,1,-0.5311,0.0000,1.8592,0.0000,-0.2377,0.0000,-0.7503,0.0000,0.5976,1309143.1250
38.0803,-0.7126,0.4827,4.3382,0.4554,1,1,-0.5111,0.0000,1.9044,0.0000,-0.2375,0.0000,-0.7296,0.0000,0.5976,1309143.1250
38.0900,-0.6243,0.2107,4.5366,0.4554,1,1,-0.4883,0.0000,1.9510,0.0000,-0.2367,0.0000,-0.7055,0.0000,0.5976,1309143.1250
38.1000,-0.6833,-0.1250,4.3288,0.4555,1,1,-0.4680,0.0000,1.9919,0.0000,-0.2366,0.0000,-0.6846,0.0000,0.5976,1309143.1250
38.1103,-0.5964,0.3241,4.5035,0.4555,1,1,-0.4448,0.0000,2.0342,0.0000,-0.2360,0.0000,-0.6605,0.0000,0.5976,1309143.1250
38.1199,-0.6789,0.3832,4.4204,0.4555,1,1,-0.4252,0.0000,2.0698,0.0000,-0.2361,0.0000,-0.6406,0.0000,0.5976,1309143.1250
38.1303,-0.6218,0.2152,4.3614,0.4555,1,1,-0.4038,0.0000,2.1055,0.0000,-0.2360,0.0000,-0.6187,0.0000,0.5976,1309143.1250
38.1400,-0.3537,0.3674,4.6714,0.4557,1,1,-0.3731,0.0000,2.1504,0.0000,-0.2341,0.0000,-0.5857,0.0000,0.5976,1309143.1250
38.1499,-0.8480,0.5340,4.4164,0.4555,1,1,-0.3611,0.0000,2.1693,0.0000,-0.2359,0.0000,-0.5754,0.0000,0.5976,1309143.1250
38.1603,-0.5692,0.3695,4.5487,0.4555,1,1,-0.3392,0.0000,2.1992,0.0000,-0.2359,0.0000,-0.5531,0.0000,0.5976,1309143.1250
38.1699,-0.3401,0.2895,4.6688,0.4557,1,1,-0.3094,0.0000,2.2364,0.0000,-0.2344,0.0000,-0.5215,0.0000,0.5976,1309143.1250
38.1802,-0.6667,0.3695,4.2753,0.4556,1,1,-0.2924,0.0000,2.2554,0.0000,-0.2354,0.0000,-0.5053,0.0000,0.5976,1309143.1250
38.1900,-0.3760,0.5015,4.5890,0.4557,1,1,-0.2651,0.0000,2.2850,0.0000,-0.2345,0.0000,-0.4768,0.0000,0.5976,1309143.1250
38.2000,-0.3973,0.3991,4.5827,0.4557,1,1,-0.2394,0.0000,2.3102,0.0000,-0.2340,0.0000,-0.4502,0.0000,0.5976,1309143.1250
38.2108,-0.5772,0.0392,4.5362,0.4556,1,1,-0.2209,0.0000,2.3243,0.0000,-0.2348,0.0000,-0.4325,0.0000,0.5976,1309143.1250
38.2199,-0.4090,-0.0344,4.7500,0.4557,1,1,-0.1968,0.0000,2.3434,0.0000,-0.2347,0.0000,-0.4080,0.0000,0.5976,1309143.1250
38.2303,-0.7437,0.2031,4.4395,0.4554,1,1,-0.1856,0.0000,2.3452,0.0000,-0.2370,0.0000,-0.3992,0.0000,0.5976,1309143.1250
38.2400,-0.4612,-0.0251,4.5051,0.4554,1,1,-0.1645,0.0000,2.3577,0.0000,-0.2374,0.0000,-0.3783,0.0000,0.5976,1309143.1250
38.2500,-0.2652,0.0976,4.7712,0.4555,1,1,-0.1367,0.0000,2.3760,0.0000,-0.2366,0.0000,-0.3496,0.0000,0.5976,1309143.1250
38.2602,-0.7480,0.8223,4.4855,0.4552,1,1,-0.1276,0.0000,2.3704,0.0000,-0.2394,0.0000,-0.3432,0.0000,0.5976,1309143.1250
38.2700,-0.4382,0.6580,4.7859,0.4551,1,1,-0.1073,0.0000,2.3769,0.0000,-0.2400,0.0000,-0.3236,0.0000,0.5976,1309143.1250
38.2804,-0.2473,0.2323,4.8280,0.4551,1,1,-0.0808,0.0000,2.3888,0.0000,-0.2395,0.0000,-0.2964,0.0000,0.5976,1309143.1250
38.2900,-0.5350,0.5623,4.6868,0.4550,1,1,-0.0656,0.0000,2.3856,0.0000,-0.2411,0.0000,-0.2828,0.0000,0.5976,1309143.1250
38.2999,-0.2880,0.4377,4.7995,0.4550,1,1,-0.0419,0.0000,2.3908,0.0000,-0.2411,0.0000,-0.2591,0.0000,0.5976,1309143.1250
38.3102,-0.1676,0.2070,4.8009,0.4550,1,1,-0.0147,0.0000,2.3979,0.0000,-0.2405,0.0000,-0.2312,0.0000,0.5976,1309143.1250
38.3199,-0.2515,0.2826,4.7871,0.4550,1,1,0.0086,0.0000,2.3983,0.0000,-0.2407,0.0000,-0.2081,0.0000,0.5976,1309143.1250
38.3302,-0.1866,-0.0059,4.9917,0.4550,1,1,0.0333,0.0000,2.3984,0.0000,-0.2405,0.0000,-0.1832,0.0000,0.5976,1309143.1250
38.3400,-0.4795,0.0032,4.8791,0.4548,1,1,0.0465,0.0000,2.3840,0.0000,-0.2425,0.0000,-0.1721,0.0000,0.5976,1309143.1250
38.3500,-0.3494,0.1464,5.0005,0.4547,1,1,0.0639,0.0000,2.3732,0.0000,-0.2437,0.0000,-0.1560,0.0000,0.5976,1309143.1250
38.3602,-0.0799,-0.0188,5.1096,0.4547,1,1,0.0933,0.0000,2.3741,0.0000,-0.2427,0.0000,-0.1256,0.0000,0.5976,1309143.1250
38.3700,-0.3585,0.4748,4.8886,0.4546,1,1,0.1086,0.0000,2.3574,0.0000,-0.2442,0.0000,-0.1120,0.0000,0.5976,1309143.1250
38.3802,-0.0915,0.6589,5.0433,0.4546,1,1,0.1363,0.0000,2.3529,0.0000,-0.2435,0.0000,-0.0837,0.0000,0.5976,1309143.1250
38.3900,-0.0123,0.1574,5.0557,0.4546,1,1,0.1628,0.0000,2.3449,0.0000,-0.2429,0.0000,-0.0566,0.0000,0.5976,1309143.1250
38.4000,-0.2280,0.4024,4.8520,0.4545,1,1,0.1801,0.0000,2.3252,0.0000,-0.2440,0.0000,-0.0407,0.0000,0.5976,1309143.1250
38.4108,0.0214,0.4669,5.0097,0.4545,1,1,0.2048,0.0000,2.3120,0.0000,-0.2438,0.0000,-0.0159,0.0000,0.5976,1309143.1250
38.4199,0.0178,-0.1726,4.9461,0.4545,1,1,0.2285,0.0000,2.2959,0.0000,-0.2437,0.0000,0.0078,0.0000,0.5976,1309143.1250
38.4303,-0.0901,0.1240,4.8794,0.4545,1,1,0.2512,0.0000,2.2770,0.0000,-0.2437,0.0000,0.0302,0.0000,0.5976,1309143.1250
38.4399,-0.0101,0.2813,4.9145,0.4545,1,1,0.2729,0.0000,2.2554,0.0000,-0.2439,0.0000,0.0515,0.0000,0.5976,1309143.1250
38.4500,-0.0930,-0.2312,4.7956,0.4545,1,1,0.2936,0.0000,2.2313,0.0000,-0.2443,0.0000,0.0716,0.0000,0.5976,1309143.1250
38.4602,0.1253,-0.1442,4.8269,0.4545,1,1,0.3178,0.0000,2.2093,0.0000,-0.2439,0.0000,0.0960,0.0000,0.5976,1309143.1250
38.4700,-0.0542,0.0841,4.7563,0.4545,1,1,0.3365,0.0000,2.1799,0.0000,-0.2446,0.0000,0.1137,0.0000,0.5976,1309143.1250
38.4803,-0.0705,0.2076,4.5860,0.4545,1,1,0.3542,0.0000,2.1484,0.0000,-0.2453,0.0000,0.1304,0.0000,0.5976,1309143.1250
38.4899,0.2205,0.3970,4.9241,0.4546,1,1,0.3789,0.0000,2.1227,0.0000,-0.2447,0.0000,0.1554,0.0000,0.5976,1309143.1250
38.5000,0.0398,0.4205,4.7221,0.4546,1,1,0.3946,0.0000,2.0864,0.0000,-0.2457,0.0000,0.1697,0.0000,0.5926,1309137.7500
38.5102,0.0613,0.2947,4.7197,0.4546,1,1,0.4095,0.0000,2.0483,0.0000,-0.2469,0.0000,0.1831,0.0000,0.5926,1309137.7500
38.5200,0.4760,0.2122,4.9100,0.4548,1,1,0.4403,0.0000,2.0250,0.0000,-0.2449,0.0000,0.2156,0.0000,0.5926,1309137.7500
38.5303,0.2051,-0.0294,4.6191,0.4548,1,1,0.4602,0.0000,1.9887,0.0000,-0.2450,0.0000,0.2351,0.0000,0.5926,1309137.7500
38.5399,0.4089,-0.0763,4.7393,0.4549,1,1,0.4862,0.0000,1.9571,0.0000,-0.2438,0.0000,0.2619,0.0000,0.5926,1309137.7500
38.5499,0.4019,0.1174,4.7687,0.4550,1,1,0.5107,0.0000,1.9221,0.0000,-0.2429,0.0000,0.2870,0.0000,0.5926,1309137.7500
38.5602,0.2468,0.1546,4.5841,0.4549,1,1,0.5285,0.0000,1.8790,0.0000,-0.2432,0.0000,0.3041,0.0000,0.5926,1309137.7500
38.5699,0.4672,0.1139,4.9502,0.4550,1,1,0.5530,0.0000,1.8413,0.0000,-0.2421,0.0000,0.3294,0.0000,0.5926,1309137.7500
38.5802,0.1847,0.5252,4.7418,0.4550,1,1,0.5664,0.0000,1.7913,0.0000,-0.2430,0.0000,0.3412,0.0000,0.5926,1309137.7500
38.5899,0.1473,0.4943,4.6313,0.4549,1,1,0.5775,0.0000,1.7385,0.0000,-0.2443,0.0000,0.3505,0.0000,0.5926,1309137.7500
38.6000,0.6257,0.1798,4.8172,0.4550,1,1,0.6045,0.0000,1.7005,0.0000,-0.2425,0.0000,0.3790,0.0000,0.5926,1309137.7500
38.6108,0.2777,0.5925,4.4743,0.4549,1,1,0.6180,0.0000,1.6478,0.0000,-0.2432,0.0000,0.3913,0.0000,0.5926,1309137.7500
38.6199,0.4777,0.7746,4.5776,0.4550,1,1,0.6374,0.0000,1.6001,0.0000,-0.2426,0.0000,0.4109,0.0000,0.5926,1309137.7500
38.6302,0.6891,0.1787,4.8258,0.4551,1,1,0.6631,0.0000,1.5573,0.0000,-0.2407,0.0000,0.4380,0.0000,0.5926,1309137.7500
38.6399,0.4845,0.2747,4.6226,0.4551,1,1,0.6803,0.0000,1.5046,0.0000,-0.2404,0.0000,0.4550,0.0000,0.5926,1309137.7500
38.6499,0.5254,0.1108,4.7679,0.4551,1,1,0.6978,0.0000,1.4513,0.0000,-0.2399,0.0000,0.4724,0.0000,0.5926,1309137.7500
38.6602,0.3759,-0.1586,4.6213,0.4551,1,1,0.7090,0.0000,1.3910,0.0000,-0.2406,0.0000,0.4823,0.0000,0.5926,1309137.7500
38.6700,0.2474,0.1224,4.4106,0.4550,1,1,0.7148,0.0000,1.3253,0.0000,-0.2422,0.0000,0.4858,0.0000,0.5926,1309137.7500
38.6803,0.4832,0.0990,4.5946,0.4550,1,1,0.7279,0.0000,1.2668,0.0000,-0.2422,0.0000,0.4984,0.0000,0.5926,1309137.7500
38.6900,0.1815,0.4481,4.3712,0.4550,1,1,0.7297,0.0000,1.1967,0.0000,-0.2444,0.0000,0.4973,0.0000,0.5926,1309137.7500
38.7000,0.4313,0.9376,4.4690,0.4549,1,1,0.7394,0.0000,1.1349,0.0000,-0.2448,0.0000,0.5059,0.0000,0.5926,1309137.7500
38.7103,0.6569,0.3856,4.5964,0.4550,1,1,0.7559,0.0000,1.0795,0.0000,-0.2438,0.0000,0.5229,0.0000,0.5926,1309137.7500
38.7199,0.3458,0.4961,4.2399,0.4549,1,1,0.7606,0.0000,1.0118,0.0000,-0.2450,0.0000,0.5257,0.0000,0.5926,1309137.7500
38.7302,0.4339,0.7512,4.4258,0.4549,1,1,0.7676,0.0000,0.9465,0.0000,-0.2456,0.0000,0.5314,0.0000,0.5926,1309137.7500
38.7400,0.5461,0.1166,4.4213,0.4549,1,1,0.7775,0.0000,0.8843,0.0000,-0.2455,0.0000,0.5409,0.0000,0.5926,1309137.7500
38.7500,0.4916,0.1862,4.3816,0.4549,1,1,0.7847,0.0000,0.8191,0.0000,-0.2459,0.0000,0.5470,0.0000,0.5926,1309137.7500
38.7602,0.5667,0.2792,4.4749,0.4549,1,1,0.7936,0.0000,0.7557,0.0000,-0.2457,0.0000,0.5554,0.0000,0.5926,1309137.7500
38.7700,0.3180,-0.0148,4.2836,0.4549,1,1,0.7930,0.0000,0.6826,0.0000,-0.2474,0.0000,0.5524,0.0000,0.5926,1309137.7500
38.7802,0.4669,0.2229,4.3814,0.4549,1,1,0.7969,0.0000,0.6148,0.0000,-0.2480,0.0000,0.5550,0.0000,0.5926,1309137.7500
38.7900,0.5406,0.2766,4.3852,0.4549,1,1,0.8025,0.0000,0.5492,0.0000,-0.2481,0.0000,0.5599,0.0000,0.5926,1309137.7500
38.7999,0.2282,0.4387,4.1688,0.4550,1,1,0.7967,0.0000,0.4719,0.0000,-0.2504,0.0000,0.5509,0.0000,0.5926,1309137.7500
38.8108,0.4663,0.8690,4.3196,0.4550,1,1,0.7985,0.0000,0.4037,0.0000,-0.2510,0.0000,0.5515,0.0000,0.5926,1309137.7500
38.8199,0.6578,0.5104,4.3368,0.4550,1,1,0.8062,0.0000,0.3423,0.0000,-0.2503,0.0000,0.5593,0.0000,0.5926,1309137.7500
38.8303,0.4761,0.3669,4.2187,0.4550,1,1,0.8067,0.0000,0.2734,0.0000,-0.2509,0.0000,0.5586,0.0000,0.5926,1309137.7500
38.8399,0.5866,0.6595,4.3703,0.4550,1,1,0.8104,0.0000,0.2085,0.0000,-0.2507,0.0000,0.5618,0.0000,0.5926,1309137.7500
38.8499,0.5343,0.1414,4.2993,0.4550,1,1,0.8116,0.0000,0.1413,0.0000,-0.2509,0.0000,0.5621,0.0000,0.5926,1309137.7500
38.8602,0.5524,-0.1800,4.3037,0.4550,1,1,0.8126,0.0000,0.0746,0.0000,-0.2509,0.0000,0.5624,0.0000,0.5926,1309137.7500
38.8700,0.4886,0.2101,4.2911,0.4550,1,1,0.8108,0.0000,0.0054,0.0000,-0.2515,0.0000,0.5594,0.0000,0.5926,1309137.7500
38.8804,0.3086,0.1620,4.1361,0.4551,1,1,0.8023,0.0000,-0.0704,0.0000,-0.2533,0.0000,0.5483,0.0000,0.5926,1309137.7500
38.8899,0.5215,0.0472,4.2632,0.4551,1,1,0.8006,0.0000,-0.1370,0.0000,-0.2534,0.0000,0.5458,0.0000,0.5926,1309137.7500
38.9000,0.5460,0.3517,4.2828,0.4551,1,1,0.7993,0.0000,-0.2024,0.0000,-0.2534,0.0000,0.5438,0.0000,0.5926,1309137.7500
38.9103,0.2462,0.4694,4.1150,0.4552,1,1,0.7870,0.0000,-0.2794,0.0000,-0.2556,0.0000,0.5286,0.0000,0.5926,1309137.7500
38.9199,0.4133,0.4506,4.2328,0.4552,1,1,0.7802,0.0000,-0.3483,0.0000,-0.2564,0.0000,0.5203,0.0000,0.5926,1309137.7500
38.9302,0.5868,0.3249,4.2490,0.4552,1,1,0.7790,0.0000,-0.4095,0.0000,-0.2559,0.0000,0.5190,0.0000,0.5926,1309137.7500
38.9399,0.4232,0.1745,4.1370,0.4552,1,1,0.7716,0.0000,-0.4770,0.0000,-0.2566,0.0000,0.5102,0.0000,0.5926,1309137.7500
38.9500,0.3831,0.4839,4.1727,0.4553,1,1,0.7624,0.0000,-0.5453,0.0000,-0.2575,0.0000,0.4994,0.0000,0.5926,1309137.7500
38.9602,0.3809,0.4276,4.1550,0.4553,1,1,0.7528,0.0000,-0.6125,0.0000,-0.2584,0.0000,0.4883,0.0000,0.5926,1309137.7500
38.9700,0.3846,-0.2342,4.1264,0.4554,1,1,0.7431,0.0000,-0.6784,0.0000,-0.2591,0.0000,0.4771,0.0000,0.5926,1309137.7500
38.9802,0.4312,-0.1362,4.1521,0.4554,1,1,0.7347,0.0000,-0.7411,0.0000,-0.2595,0.0000,0.4678,0.0000,0.5926,1309137.7500
38.9900,0.2357,0.3205,4.0849,0.4555,1,1,0.7191,0.0000,-0.8110,0.0000,-0.2611,0.0000,0.4499,0.0000,0.5926,1309137.7500
39.0000,0.4039,0.1080,4.0709,0.4556,1,1,0.7094,0.0000,-0.8718,0.0000,-0.2615,0.0000,0.4392,0.0000,0.5926,1309137.7500
39.0108,0.5976,0.2981,4.1903,0.4555,1,1,0.7063,0.0000,-0.9232,0.0000,-0.2603,0.0000,0.4367,0.0000,0.5926,1309137.7500
39.0199,0.1523,0.6493,3.9892,0.4556,1,1,0.6870,0.0000,-0.9932,0.0000,-0.2624,0.0000,0.4147,0.0000,0.5926,1309137.7500
39.0302,0.3217,0.4789,4.1116,0.4557,1,1,0.6738,0.0000,-1.0535,0.0000,-0.2631,0.0000,0.4002,0.0000,0.5926,1309137.7500
39.0399,0.3899,0.3532,4.2350,0.4557,1,1,0.6629,0.0000,-1.1091,0.0000,-0.2631,0.0000,0.3887,0.0000,0.5926,1309137.7500
39.0500,0.1564,0.4027,4.0370,0.4558,1,1,0.6436,0.0000,-1.1735,0.0000,-0.2648,0.0000,0.3670,0.0000,0.5926,1309137.7500
39.0602,0.3227,0.1936,4.2477,0.4559,1,1,0.6303,0.0000,-1.2283,0.0000,-0.2651,0.0000,0.3529,0.0000,0.5926,1309137.7500
39.0700,0.3583,0.1092,4.2485,0.4559,1,1,0.6182,0.0000,-1.2797,0.0000,-0.2651,0.0000,0.3403,0.0000,0.5926,1309137.7500
39.0803,0.2582,-0.0088,4.1631,0.4559,1,1,0.6025,0.0000,-1.3340,0.0000,-0.2657,0.0000,0.3235,0.0000,0.5926,1309137.7500
39.0899,0.3064,-0.0364,4.4663,0.4559,1,1,0.5885,0.0000,-1.3842,0.0000,-0.2658,0.0000,0.3089,0.0000,0.5926,1309137.7500
39.0999,0.0534,0.2727,4.3048,0.4559,1,1,0.5636,0.0000,-1.4462,0.0000,-0.2680,0.0000,0.2812,0.0000,0.5926,1309137.7500
39.1102,0.2436,0.2690,4.4004,0.4560,1,1,0.5478,0.0000,-1.4941,0.0000,-0.2683,0.0000,0.2646,0.0000,0.5926,1309137.7500
39.1200,0.2783,0.1483,4.4551,0.4559,1,1,0.5334,0.0000,-1.5384,0.0000,-0.2682,0.0000,0.2498,0.0000,0.5926,1309137.7500
39.1303,0.0415,0.6535,4.1781,0.4559,1,1,0.5090,0.0000,-1.5933,0.0000,-0.2700,0.0000,0.2231,0.0000,0.5926,1309137.7500
39.1400,0.4669,0.5779,4.4852,0.4557,1,1,0.5019,0.0000,-1.6242,0.0000,-0.2682,0.0000,0.2174,0.0000,0.5926,1309137.7500
39.1500,0.5690,-0.0615,4.5346,0.4555,1,1,0.4983,0.0000,-1.6497,0.0000,-0.2657,0.0000,0.2161,0.0000,0.5926,1309137.7500
39.1602,0.2147,0.1193,4.3950,0.4555,1,1,0.4817,0.0000,-1.6906,0.0000,-0.2657,0.0000,0.1991,0.0000,0.5926,1309137.7500
39.1700,0.2836,0.1441,4.5676,0.4554,1,1,0.4679,0.0000,-1.7263,0.0000,-0.2651,0.0000,0.1855,0.0000,0.5926,1309137.7500
39.1802,0.0965,-0.3314,4.3930,0.4554,1,1,0.4439,0.0000,-1.7729,0.0000,-0.2664,0.0000,0.1597,0.0000,0.5926,1309137.7500
39.1899,0.2394,0.0395,4.4638,0.4553,1,1,0.4291,0.0000,-1.8056,0.0000,-0.2659,0.0000,0.1451,0.0000,0.5926,1309137.7500
39.1999,0.0669,0.2088,4.5054,0.4553,1,1,0.4058,0.0000,-1.8472,0.0000,-0.2669,0.0000,0.1204,0.0000,0.5926,1309137.7500
39.2108,-0.0872,0.3018,4.3194,0.4553,1,1,0.3829,0.0000,-1.8858,0.0000,-0.2678,0.0000,0.0963,0.0000,0.5926,1309137.7500
39.2199,0.2697,0.5667,4.6477,0.4552,1,1,0.3704,0.0000,-1.9094,0.0000,-0.2665,0.0000,0.0847,0.0000,0.5926,1309137.7500
39.2302,0.1529,0.2696,4.5276,0.4551,1,1,0.3537,0.0000,-1.9367,0.0000,-0.2661,0.0000,0.0683,0.0000,0.5926,1309137.7500
39.2400,0.0148,0.2806,4.5735,0.4551,1,1,0.3319,0.0000,-1.9686,0.0000,-0.2665,0.0000,0.0457,0.0000,0.5926,1309137.7500
39.2500,0.2121,0.4004,4.7283,0.4550,1,1,0.3183,0.0000,-1.9884,0.0000,-0.2654,0.0000,0.0330,0.0000,0.5926,1309137.7500
39.2603,0.0363,-0.1223,4.5729,0.4550,1,1,0.2972,0.0000,-2.0159,0.0000,-0.2656,0.0000,0.0114,0.0000,0.5926,1309137.7500
39.2700,0.1195,-0.0951,4.5907,0.4548,1,1,0.2810,0.0000,-2.0354,0.0000,-0.2649,0.0000,-0.0042,0.0000,0.5926,1309137.7500
39.2804,-0.1064,0.2372,4.4985,0.4549,1,1,0.2569,0.0000,-2.0628,0.0000,-0.2656,0.0000,-0.0293,0.0000,0.5926,1309137.7500
39.2900,-0.3080,0.0022,4.2826,0.4552,1,1,0.2261,0.0000,-2.0960,0.0000,-0.2675,0.0000,-0.0624,0.0000,0.5926,1309137.7500
39.3000,0.0716,0.1121,4.6909,0.4552,1,1,0.2074,0.0000,-2.1118,0.0000,-0.2671,0.0000,-0.0808,0.0000,0.5926,1309137.7500
39.3102,-0.1452,0.3036,4.5335,0.4553,1,1,0.1839,0.0000,-2.1315,0.0000,-0.2675,0.0000,-0.1049,0.0000,0.5926,1309137.7500
39.3199,-0.3850,0.3433,4.4739,0.4556,1,1,0.1524,0.0000,-2.1586,0.0000,-0.2694,0.0000,-0.1386,0.0000,0.5926,1309137.7500
39.3303,0.0227,0.3664,4.6612,0.4556,1,1,0.1359,0.0000,-2.1651,0.0000,-0.2685,0.0000,-0.1543,0.0000,0.5926,1309137.7500
39.3400,-0.1298,0.3181,4.4153,0.4555,1,1,0.1151,0.0000,-2.1752,0.0000,-0.2683,0.0000,-0.1750,0.0000,0.5926,1309137.7500
39.3500,-0.1140,0.2830,4.4400,0.4555,1,1,0.0956,0.0000,-2.1821,0.0000,-0.2679,0.0000,-0.1941,0.0000,0.5926,1309137.7500
39.3602,-0.0230,0.4021,4.5979,0.4555,1,1,0.0808,0.0000,-2.1818,0.0000,-0.2666,0.0000,-0.2076,0.0000,0.5926,1309137.7500
39.3700,-0.2108,0.2923,4.4582,0.4555,1,1,0.0589,0.0000,-2.1886,0.0000,-0.2666,0.0000,-0.2296,0.0000,0.5926,1309137.7500
39.3803,-0.1251,-0.0080,4.6661,0.4554,1,1,0.0408,0.0000,-2.1891,0.0000,-0.2659,0.0000,-0.2470,0.0000,0.5926,1309137.7500
39.3900,-0.3092,0.1254,4.5941,0.4554,1,1,0.0167,0.0000,-2.1950,0.0000,-0.2663,0.0000,-0.2716,0.0000,0.5926,1309137.7500
39.3999,-0.4374,0.1970,4.4496,0.4556,1,1,-0.0113,0.0000,-2.2031,0.0000,-0.2674,0.0000,-0.3008,0.0000,0.5926,1309137.7500
39.4108,-0.0959,-0.0664,4.5831,0.4556,1,1,-0.0224,0.0000,-2.1900,0.0000,-0.2654,0.0000,-0.3097,0.0000,0.5926,1309137.7500
39.4199,-0.3864,0.3335,4.4440,0.4557,1,1,-0.0471,0.0000,-2.1913,0.0000,-0.2659,0.0000,-0.3349,0.0000,0.5926,1309137.7500
39.4302,-0.5202,0.6612,4.4993,0.4558,1,1,-0.0757,0.0000,-2.1947,0.0000,-0.2672,0.0000,-0.3648,0.0000,0.5926,1309137.7500
39.4400,-0.2071,0.1854,4.7351,0.4557,1,1,-0.0920,0.0000,-2.1823,0.0000,-0.2661,0.0000,-0.3799,0.0000,0.5926,1309137.7500
39.4499,-0.3695,0.3250,4.5464,0.4557,1,1,-0.1134,0.0000,-2.1744,0.0000,-0.2660,0.0000,-0.4012,0.0000,0.5926,1309137.7500
39.4602,-0.5077,0.6174,4.4073,0.4558,1,1,-0.1390,0.0000,-2.1692,0.0000,-0.2667,0.0000,-0.4274,0.0000,0.5926,1309137.7500
39.4700,-0.2193,0.2638,4.4586,0.4556,1,1,-0.1532,0.0000,-2.1498,0.0000,-0.2653,0.0000,-0.4400,0.0000,0.5926,1309137.7500
39.4803,-0.2084,0.1154,4.3852,0.4554,1,1,-0.1663,0.0000,-2.1285,0.0000,-0.2638,0.0000,-0.4514,0.0000,0.5926,1309137.7500
39.4900,-0.2734,-0.0788,4.4689,0.4553,1,1,-0.1812,0.0000,-2.1082,0.0000,-0.2626,0.0000,-0.4649,0.0000,0.5926,1309137.7500
39.4999,-0.3436,-0.1358,4.5630,0.4552,1,1,-0.1979,0.0000,-2.0888,0.0000,-0.2618,0.0000,-0.4806,0.0000,0.5876,1309133.2500
39.5103,-0.4562,0.0447,4.5211,0.4552,1,1,-0.2179,0.0000,-2.0717,0.0000,-0.2616,0.0000,-0.5003,0.0000,0.5876,1309133.2500
39.5199,-0.3014,-0.0775,4.4645,0.4550,1,1,-0.2315,0.0000,-2.0466,0.0000,-0.2603,0.0000,-0.5123,0.0000,0.5876,1309133.2500
39.5302,-0.4880,0.2147,4.3898,0.4550,1,1,-0.2511,0.0000,-2.0268,0.0000,-0.2601,0.0000,-0.5315,0.0000,0.5876,1309133.2500
39.5400,-0.8103,0.6997,4.1603,0.4552,1,1,-0.2813,0.0000,-2.0164,0.0000,-0.2620,0.0000,-0.5635,0.0000,0.5876,1309133.2500
39.5500,-0.4826,0.2526,4.3494,0.4551,1,1,-0.2986,0.0000,-1.9905,0.0000,-0.2615,0.0000,-0.5800,0.0000,0.5876,1309133.2500
39.5602,-0.4552,0.1806,4.4299,0.4550,1,1,-0.3141,0.0000,-1.9616,0.0000,-0.2606,0.0000,-0.5943,0.0000,0.5876,1309133.2500
39.5700,-0.6796,0.5896,4.3684,0.4551,1,1,-0.3367,0.0000,-1.9389,0.0000,-0.2612,0.0000,-0.6173,0.0000,0.5876,1309133.2500
39.5802,-0.4558,0.3430,4.4817,0.4550,1,1,-0.3504,0.0000,-1.9057,0.0000,-0.2601,0.0000,-0.6295,0.0000,0.5876,1309133.2500
39.5900,-0.3692,0.1710,4.4255,0.4549,1,1,-0.3602,0.0000,-1.8680,0.0000,-0.2584,0.0000,-0.6372,0.0000,0.5876,1309133.2500
39.6000,-0.6932,0.3978,4.2403,0.4549,1,1,-0.3808,0.0000,-1.8405,0.0000,-0.2588,0.0000,-0.6580,0.0000,0.5876,1309133.2500
39.6108,-0.6334,0.1904,4.3110,0.4549,1,1,-0.3984,0.0000,-1.8086,0.0000,-0.2586,0.0000,-0.6751,0.0000,0.5876,1309133.2500
39.6199,-0.7133,0.1922,4.2694,0.4549,1,1,-0.4178,0.0000,-1.7773,0.0000,-0.2588,0.0000,-0.6944,0.0000,0.5876,1309133.2500
39.6302,-0.6636,0.0368,4.3237,0.4549,1,1,-0.4345,0.0000,-1.7421,0.0000,-0.2586,0.0000,-0.7106,0.0000,0.5876,1309133.2500
39.6400,-0.5525,-0.1414,4.4923,0.4548,1,1,-0.4464,0.0000,-1.7013,0.0000,-0.2576,0.0000,-0.7210,0.0000,0.5876,1309133.2500
39.6500,-0.7677,0.3318,4.2508,0.4548,1,1,-0.4650,0.0000,-1.6664,0.0000,-0.2579,0.0000,-0.7396,0.0000,0.5876,1309133.2500
39.6602,-0.6706,0.3637,4.1346,0.4548,1,1,-0.4793,0.0000,-1.6261,0.0000,-0.2574,0.0000,-0.7530,0.0000,0.5876,1309133.2500
39.6699,-0.5261,0.1004,4.1380,0.4547,1,1,-0.4876,0.0000,-1.5793,0.0000,-0.2559,0.0000,-0.7593,0.0000,0.5876,1309133.2500
39.6804,-0.9476,0.5188,4.0256,0.4548,1,1,-0.5100,0.0000,-1.5458,0.0000,-0.2572,0.0000,-0.7826,0.0000,0.5876,1309133.2500
39.6900,-0.8782,0.5104,4.2757,0.4548,1,1,-0.5288,0.0000,-1.5074,0.0000,-0.2578,0.0000,-0.8016,0.0000,0.5876,1309133.2500
39.6999,-0.6177,0.0987,4.5289,0.4548,1,1,-0.5374,0.0000,-1.4581,0.0000,-0.2566,0.0000,-0.8086,0.0000,0.5876,1309133.2500
39.7102,-0.6966,0.1994,4.4400,0.4547,1,1,-0.5481,0.0000,-1.4104,0.0000,-0.2558,0.0000,-0.8180,0.0000,0.5876,1309133.2500
39.7199,-0.6469,0.1500,4.3306,0.4547,1,1,-0.5563,0.0000,-1.3599,0.0000,-0.2547,0.0000,-0.8245,0.0000,0.5876,1309133.2500
39.7302,-0.7200,0.1451,4.0220,0.4547,1,1,-0.5662,0.0000,-1.3110,0.0000,-0.2539,0.0000,-0.8333,0.0000,0.5876,1309133.2500
39.7400,-0.8389,0.0720,3.8663,0.4547,1,1,-0.5795,0.0000,-1.2650,0.0000,-0.2540,0.0000,-0.8462,0.0000,0.5876,1309133.2500
39.7499,-0.7105,-0.3250,4.0109,0.4546,1,1,-0.5875,0.0000,-1.2132,0.0000,-0.2531,0.0000,-0.8527,0.0000,0.5876,1309133.2500
39.7603,-0.9174,0.0408,4.2056,0.4546,1,1,-0.6019,0.0000,-1.1674,0.0000,-0.2535,0.0000,-0.8670,0.0000,0.5876,1309133.2500
39.7699,-1.1043,0.4296,4.2459,0.4547,1,1,-0.6217,0.0000,-1.1263,0.0000,-0.2551,0.0000,-0.8881,0.0000,0.5876,1309133.2500
39.7803,-0.7243,0.0156,4.4900,0.4547,1,1,-0.6273,0.0000,-1.0700,0.0000,-0.2540,0.0000,-0.8920,0.0000,0.5876,1309133.2500
39.7900,-0.9612,0.4411,4.2836,0.4547,1,1,-0.6404,0.0000,-1.0212,0.0000,-0.2545,0.0000,-0.9051,0.0000,0.5876,1309133.2500
39.8000,-1.0346,0.8574,4.1149,0.4547,1,1,-0.6551,0.0000,-0.9733,0.0000,-0.2554,0.0000,-0.9202,0.0000,0.5876,1309133.2500
39.8108,-0.6453,0.3574,4.3642,0.4547,1,1,-0.6554,0.0000,-0.9104,0.0000,-0.2535,0.0000,-0.9179,0.0000,0.5876,1309133.2500
39.8199,-0.7276,0.4070,4.3436,0.4547,1,1,-0.6579,0.0000,-0.8504,0.0000,-0.2522,0.0000,-0.9186,0.0000,0.5876,1309133.2500
39.8302,-0.8438,0.4355,4.4573,0.4547,1,1,-0.6638,0.0000,-0.7941,0.0000,-0.2516,0.0000,-0.9234,0.0000,0.5876,1309133.2500
39.8399,-0.7066,-0.0539,4.6414,0.4547,1,1,-0.6643,0.0000,-0.7324,0.0000,-0.2501,0.0000,-0.9218,0.0000,0.5876,1309133.2500
39.8499,-0.8130,-0.0349,4.4652,0.4547,1,1,-0.6679,0.0000,-0.6744,0.0000,-0.2494,0.0000,-0.9240,0.0000,0.5876,1309133.2500
39.8602,-0.7393,-0.0562,4.2992,0.4547,1,1,-0.6683,0.0000,-0.6134,0.0000,-0.2481,0.0000,-0.9225,0.0000,0.5876,1309133.2500
39.8700,-0.8716,0.0408,4.2200,0.4547,1,1,-0.6727,0.0000,-0.5571,0.0000,-0.2477,0.0000,-0.9260,0.0000,0.5876,1309133.2500
39.8803,-0.9641,0.4422,4.2056,0.4547,1,1,-0.6796,0.0000,-0.5035,0.0000,-0.2480,0.0000,-0.9326,0.0000,0.5876,1309133.2500
39.8899,-0.7312,0.1087,4.5011,0.4547,1,1,-0.6777,0.0000,-0.4409,0.0000,-0.2466,0.0000,-0.9287,0.0000,0.5876,1309133.2500
39.9000,-0.9244,0.1572,4.5835,0.4547,1,1,-0.6819,0.0000,-0.3854,0.0000,-0.2466,0.0000,-0.9323,0.0000,0.5876,1309133.2500
39.9101,-1.2068,0.8672,4.4705,0.4547,1,1,-0.6952,0.0000,-0.3397,0.0000,-0.2485,0.0000,-0.9471,0.0000,0.5876,1309133.2500
39.9199,-0.7918,0.3903,4.5528,0.4547,1,1,-0.6933,0.0000,-0.2773,0.0000,-0.2474,0.0000,-0.9435,0.0000,0.5876,1309133.2500
39.9302,-0.6776,0.0821,4.3631,0.4548,1,1,-0.6869,0.0000,-0.2109,0.0000,-0.2455,0.0000,-0.9345,0.0000,0.5876,1309133.2500
39.9400,-0.6203,0.2208,4.2252,0.4549,1,1,-0.6782,0.0000,-0.1432,0.0000,-0.2433,0.0000,-0.9229,0.0000,0.5876,1309133.2500
39.9500,-0.7110,-0.1487,4.3411,0.4549,1,1,-0.6723,0.0000,-0.0799,0.0000,-0.2418,0.0000,-0.9149,0.0000,0.5876,1309133.2500
39.9603,-0.8223,-0.1521,4.3572,0.4549,1,1,-0.6699,0.0000,-0.0215,0.0000,-0.2411,0.0000,-0.9113,0.0000,0.5876,1309133.2500
39.9700,-0.9397,0.0212,4.4299,0.4549,1,1,-0.6711,0.0000,0.0321,0.0000,-0.2413,0.0000,-0.9121,0.0000,0.5876,1309133.2500
39.9802,-0.9829,-0.0270,4.3803,0.4549,1,1,-0.6732,0.0000,0.0843,0.0000,-0.2419,0.0000,-0.9142,0.0000,0.5876,1309133.2500
39.9900,-1.1098,0.4056,4.1838,0.4548,1,1,-0.6792,0.0000,0.1318,0.0000,-0.2432,0.0000,-0.9211,0.0000,0.5876,1309133.2500
40.0000,-0.7905,0.2369,4.3011,0.4549,1,1,-0.6733,0.0000,0.1923,0.0000,-0.2423,0.0000,-0.9137,0.0000,0.5876,1309133.2500
40.0108,-0.8514,0.0411,4.3705,0.4549,1,1,-0.6692,0.0000,0.2497,0.0000,-0.2419,0.0000,-0.9086,0.0000,0.5876,1309133.2500
40.0199,-1.0517,0.6214,4.2961,0.4548,1,1,-0.6717,0.0000,0.2988,0.0000,-0.2429,0.0000,-0.9116,0.0000,0.5876,1309133.2500
40.0302,-0.7490,0.5511,4.4279,0.4549,1,1,-0.6631,0.0000,0.3600,0.0000,-0.2417,0.0000,-0.9012,0.0000,0.5876,1309133.2500
40.0399,-0.7751,0.0050,4.2653,0.4550,1,1,-0.6551,0.0000,0.4192,0.0000,-0.2408,0.0000,-0.8917,0.0000,0.5876,1309133.2500
40.0499,-0.8799,0.1954,4.0965,0.4550,1,1,-0.6505,0.0000,0.4732,0.0000,-0.2407,0.0000,-0.8865,0.0000,0.5876,1309133.2500
40.0602,-0.8677,0.0372,4.1426,0.4550,1,1,-0.6451,0.0000,0.5271,0.0000,-0.2406,0.0000,-0.8804,0.0000,0.5876,1309133.2500
40.0700,-0.9219,-0.2138,4.0152,0.4550,1,1,-0.6413,0.0000,0.5782,0.0000,-0.2409,0.0000,-0.8764,0.0000,0.5876,1309133.2500
40.0804,-0.7772,0.1478,4.2506,0.4550,1,1,-0.6320,0.0000,0.6346,0.0000,-0.2402,0.0000,-0.8659,0.0000,0.5876,1309133.2500
40.0899,-0.8713,0.3785,4.2263,0.4550,1,1,-0.6258,0.0000,0.6860,0.0000,-0.2402,0.0000,-0.8592,0.0000,0.5876,1309133.2500
40.0999,-1.0862,0.5896,4.1174,0.4549,1,1,-0.6270,0.0000,0.7279,0.0000,-0.2419,0.0000,-0.8615,0.0000,0.5876,1309133.2500
40.1103,-0.8842,0.6895,4.2281,0.4549,1,1,-0.6205,0.0000,0.7782,0.0000,-0.2420,0.0000,-0.8547,0.0000,0.5876,1309133.2500
40.1199,-0.8515,0.2330,4.2451,0.4549,1,1,-0.6126,0.0000,0.8290,0.0000,-0.2420,0.0000,-0.8463,0.0000,0.5876,1309133.2500
40.1302,-0.9155,0.2233,4.1396,0.4548,1,1,-0.6067,0.0000,0.8761,0.0000,-0.2425,0.0000,-0.8405,0.0000,0.5876,1309133.2500
40.1400,-0.7852,0.4425,4.3383,0.4549,1,1,-0.5960,0.0000,0.9280,0.0000,-0.2421,0.0000,-0.8288,0.0000,0.5876,1309133.2500
40.1500,-0.6727,-0.1402,4.3753,0.4550,1,1,-0.5812,0.0000,0.9833,0.0000,-0.2410,0.0000,-0.8124,0.0000,0.5876,1309133.2500
40.1602,-0.6387,-0.1969,4.5081,0.4551,1,1,-0.5652,0.0000,1.0381,0.0000,-0.2397,0.0000,-0.7946,0.0000,0.5876,1309133.2500
40.1700,-0.7666,0.1180,4.3781,0.4551,1,1,-0.5539,0.0000,1.0855,0.0000,-0.2395,0.0000,-0.7825,0.0000,0.5876,1309133.2500
40.1803,-0.9867,-0.0429,4.3115,0.4550,1,1,-0.5502,0.0000,1.1221,0.0000,-0.2410,0.0000,-0.7800,0.0000,0.5876,1309133.2500
40.1900,-0.7094,-0.0761,4.3372,0.4550,1,1,-0.5365,0.0000,1.1701,0.0000,-0.2405,0.0000,-0.7653,0.0000,0.5876,1309133.2500
40.1999,-0.6647,0.1261,4.4495,0.4551,1,1,-0.5212,0.0000,1.2182,0.0000,-0.2398,0.0000,-0.7488,0.0000,0.5876,1309133.2500
40.2108,-0.9116,0.3965,4.4662,0.4550,1,1,-0.5149,0.0000,1.2539,0.0000,-0.2409,0.0000,-0.7433,0.0000,0.5876,1309133.2500
40.2200,-0.9132,1.0055,4.6320,0.4549,1,1,-0.5084,0.0000,1.2887,0.0000,-0.2421,0.0000,-0.7376,0.0000,0.5876,1309133.2500
40.2303,-0.6356,0.5782,4.7504,0.4549,1,1,-0.4918,0.0000,1.3346,0.0000,-0.2414,0.0000,-0.7199,0.0000,0.5876,1309133.2500
40.2400,-0.7009,0.1418,4.5815,0.4549,1,1,-0.4778,0.0000,1.3756,0.0000,-0.2413,0.0000,-0.7054,0.0000,0.5876,1309133.2500
40.2500,-0.7617,0.4753,4.5134,0.4549,1,1,-0.4661,0.0000,1.4122,0.0000,-0.2417,0.0000,-0.6936,0.0000,0.5876,1309133.2500
40.2602,-0.6220,0.0862,4.5477,0.4550,1,1,-0.4494,0.0000,1.4533,0.0000,-0.2412,0.0000,-0.6760,0.0000,0.5876,1309133.2500
40.2700,-0.5479,-0.1316,4.5500,0.4550,1,1,-0.4303,0.0000,1.4956,0.0000,-0.2403,0.0000,-0.6556,0.0000,0.5876,1309133.2500
40.2803,-0.6268,0.3341,4.5885,0.4551,1,1,-0.4143,0.0000,1.5320,0.0000,-0.2401,0.0000,-0.6390,0.0000,0.5876,1309133.2500
40.2899,-0.7225,0.3321,4.6031,0.4550,1,1,-0.4020,0.0000,1.5623,0.0000,-0.2407,0.0000,-0.6270,0.0000,0.5876,1309133.2500
40.2999,-0.8242,0.3599,4.5719,0.4549,1,1,-0.3934,0.0000,1.5867,0.0000,-0.2420,0.0000,-0.6196,0.0000,0.5876,1309133.2500
40.3103,-0.7382,0.3238,4.5989,0.4548,1,1,-0.3818,0.0000,1.6137,0.0000,-0.2429,0.0000,-0.6086,0.0000,0.5876,1309133.2500
40.3200,-0.9691,0.1972,4.5474,0.4545,1,1,-0.3787,0.0000,1.6295,0.0000,-0.2454,0.0000,-0.6078,0.0000,0.5876,1309133.2500
40.3302,-0.9123,0.6359,4.5615,0.4543,1,1,-0.3734,0.0000,1.6474,0.0000,-0.2475,0.0000,-0.6045,0.0000,0.5876,1309133.2500
40.3400,-0.5636,0.5549,4.7167,0.4543,1,1,-0.3555,0.0000,1.6796,0.0000,-0.2472,0.0000,-0.5859,0.0000,0.5876,1309133.2500
40.3500,-0.6122,0.3386,4.6301,0.4543,1,1,-0.3396,0.0000,1.7074,0.0000,-0.2474,0.0000,-0.5700,0.0000,0.5876,1309133.2500
40.3602,-0.5010,0.6562,4.7007,0.4543,1,1,-0.3200,0.0000,1.7380,0.0000,-0.2469,0.0000,-0.5496,0.0000,0.5876,1309133.2500
40.3699,-0.3875,0.3298,4.8698,0.4545,1,1,-0.2968,0.0000,1.7709,0.0000,-0.2458,0.0000,-0.5249,0.0000,0.5876,1309133.2500
40.3802,-0.5301,-0.2083,4.7594,0.4544,1,1,-0.2793,0.0000,1.7949,0.0000,-0.2458,0.0000,-0.5072,0.0000,0.5876,1309133.2500
40.3900,-0.5633,0.2441,4.7848,0.4544,1,1,-0.2634,0.0000,1.8153,0.0000,-0.2462,0.0000,-0.4914,0.0000,0.5876,1309133.2500
40.3999,-0.6314,0.0458,4.6728,0.4543,1,1,-0.2503,0.0000,1.8309,0.0000,-0.2472,0.0000,-0.4792,0.0000,0.5876,1309133.2500
40.4108,-0.3068,-0.2281,4.8072,0.4544,1,1,-0.2257,0.0000,1.8585,0.0000,-0.2460,0.0000,-0.4532,0.0000,0.5876,1309133.2500
40.4199,-0.2993,0.2514,4.9454,0.4545,1,1,-0.2016,0.0000,1.8833,0.0000,-0.2450,0.0000,-0.4277,0.0000,0.5876,1309133.2500
40.4302,-0.5813,0.5891,4.7465,0.4544,1,1,-0.1883,0.0000,1.8934,0.0000,-0.2460,0.0000,-0.4154,0.0000,0.5876,1309133.2500
40.4399,-0.2373,0.5369,4.9804,0.4546,1,1,-0.1629,0.0000,1.9161,0.0000,-0.2448,0.0000,-0.3885,0.0000,0.5876,1309133.2500
40.4500,-0.2441,0.6726,4.9513,0.4547,1,1,-0.1385,0.0000,1.9352,0.0000,-0.2438,0.0000,-0.3630,0.0000,0.5876,1309133.2500
40.4603,-0.5172,0.4784,4.6601,0.4546,1,1,-0.1248,0.0000,1.9403,0.0000,-0.2449,0.0000,-0.3502,0.0000,0.5926,1309122.6250
40.4699,-0.1060,0.3952,4.8955,0.4547,1,1,-0.0965,0.0000,1.9603,0.0000,-0.2432,0.0000,-0.3201,0.0000,0.5926,1309122.6250
40.4803,-0.0814,0.1410,4.7440,0.4547,1,1,-0.0653,0.0000,1.9811,0.0000,-0.2410,0.0000,-0.2865,0.0000,0.5926,1309122.6250
40.4900,-0.1055,-0.0953,4.7294,0.4549,1,1,-0.0390,0.0000,1.9936,0.0000,-0.2398,0.0000,-0.2588,0.0000,0.5926,1309122.6250
40.5000,-0.0568,0.2270,4.9029,0.4549,1,1,-0.0097,0.0000,2.0071,0.0000,-0.2380,0.0000,-0.2277,0.0000,0.5926,1309122.6250
40.5103,-0.4322,0.4539,4.6932,0.4547,1,1,0.0030,0.0000,1.9998,0.0000,-0.2394,0.0000,-0.2164,0.0000,0.5926,1309122.6250
40.5200,-0.1089,0.1307,4.8497,0.4548,1,1,0.0269,0.0000,2.0038,0.0000,-0.2387,0.0000,-0.1918,0.0000,0.5926,1309122.6250
40.5301,-0.0716,0.3040,4.7699,0.4548,1,1,0.0538,0.0000,2.0091,0.0000,-0.2374,0.0000,-0.1635,0.0000,0.5926,1309122.6250
40.5399,-0.4291,0.6076,4.4493,0.4546,1,1,0.0643,0.0000,1.9944,0.0000,-0.2392,0.0000,-0.1549,0.0000,0.5926,1309122.6250
40.5499,0.1635,0.2971,4.8124,0.4548,1,1,0.0957,0.0000,2.0014,0.0000,-0.2370,0.0000,-0.1213,0.0000,0.5926,1309122.6250
40.5602,0.1831,0.3262,4.7764,0.4551,1,1,0.1267,0.0000,2.0051,0.0000,-0.2350,0.0000,-0.0882,0.0000,0.5926,1309122.6250
40.5700,-0.0893,0.3984,4.6851,0.4551,1,1,0.1499,0.0000,1.9981,0.0000,-0.2344,0.0000,-0.0645,0.0000,0.5926,1309122.6250
40.5802,0.0515,0.0835,4.9190,0.4551,1,1,0.1722,0.0000,1.9883,0.0000,-0.2340,0.0000,-0.0419,0.0000,0.5926,1309122.6250
40.5900,-0.0930,0.0282,4.6498,0.4551,1,1,0.1936,0.0000,1.9758,0.0000,-0.2337,0.0000,-0.0203,0.0000,0.5926,1309122.6250
40.6000,0.1660,-0.1867,4.6338,0.4552,1,1,0.2200,0.0000,1.9668,0.0000,-0.2324,0.0000,0.0073,0.0000,0.5926,1309122.6250
40.6108,0.1581,-0.1906,4.6056,0.4553,1,1,0.2451,0.0000,1.9544,0.0000,-0.2314,0.0000,0.0332,0.0000,0.5926,1309122.6250
40.6199,-0.2152,0.4632,4.3557,0.4551,1,1,0.2558,0.0000,1.9253,0.0000,-0.2331,0.0000,0.0419,0.0000,0.5926,1309122.6250
40.6302,0.1181,0.4029,4.7128,0.4552,1,1,0.2777,0.0000,1.9071,0.0000,-0.2326,0.0000,0.0642,0.0000,0.5926,1309122.6250
40.6400,0.0758,0.2444,4.7707,0.4552,1,1,0.2945,0.0000,1.8821,0.0000,-0.2330,0.0000,0.0803,0.0000,0.5926,1309122.6250
40.6499,-0.2255,0.7937,4.5846,0.4550,1,1,0.3025,0.0000,1.8471,0.0000,-0.2351,0.0000,0.0859,0.0000,0.5926,1309122.6250
40.6602,0.0897,0.5272,4.7222,0.4550,1,1,0.3179,0.0000,1.8193,0.0000,-0.2356,0.0000,0.1004,0.0000,0.5926,1309122.6250
40.6700,0.1370,0.1063,4.4669,0.4550,1,1,0.3374,0.0000,1.7946,0.0000,-0.2354,0.0000,0.1199,0.0000,0.5926,1309122.6250
40.6804,0.1161,0.1536,4.3499,0.4550,1,1,0.3552,0.0000,1.7669,0.0000,-0.2354,0.0000,0.1374,0.0000,0.5926,1309122.6250
40.6900,0.2028,-0.0190,4.5014,0.4550,1,1,0.3752,0.0000,1.7402,0.0000,-0.2350,0.0000,0.1576,0.0000,0.5926,1309122.6250
40.6999,0.0545,0.1506,4.4179,0.4550,1,1,0.3870,0.0000,1.7041,0.0000,-0.2360,0.0000,0.1680,0.0000,0.5926,1309122.6250
40.7102,0.3448,0.0869,4.6511,0.4551,1,1,0.4103,0.0000,1.6785,0.0000,-0.2349,0.0000,0.1922,0.0000,0.5926,1309122.6250
40.7199,0.3564,-0.0036,4.6444,0.4552,1,1,0.4328,0.0000,1.6506,0.0000,-0.2338,0.0000,0.2156,0.0000,0.5926,1309122.6250
40.7302,-0.1775,0.6632,4.3171,0.4550,1,1,0.4355,0.0000,1.6018,0.0000,-0.2364,0.0000,0.2152,0.0000,0.5926,1309122.6250
40.7399,0.0761,0.8574,4.3472,0.4550,1,1,0.4440,0.0000,1.5589,0.0000,-0.2378,0.0000,0.2218,0.0000,0.5926,1309122.6250
40.7500,0.2556,0.4048,4.3934,0.4550,1,1,0.4608,0.0000,1.5237,0.0000,-0.2376,0.0000,0.2384,0.0000,0.5926,1309122.6250
40.7602,0.1966,0.7058,4.3701,0.4550,1,1,0.4746,0.0000,1.4847,0.0000,-0.2379,0.0000,0.2515,0.0000,0.5926,1309122.6250
40.7700,0.3558,0.4623,4.4813,0.4551,1,1,0.4931,0.0000,1.4494,0.0000,-0.2372,0.0000,0.2704,0.0000,0.5926,1309122.6250
40.7801,0.3720,-0.2103,4.4396,0.4551,1,1,0.5111,0.0000,1.4125,0.0000,-0.2365,0.0000,0.2887,0.0000,0.5926,1309122.6250
40.7900,0.3072,0.1330,4.4074,0.4551,1,1,0.5259,0.0000,1.3713,0.0000,-0.2364,0.0000,0.3032,0.0000,0.5926,1309122.6250
40.8000,0.1246,0.3161,4.3648,0.4550,1,1,0.5334,0.0000,1.3223,0.0000,-0.2376,0.0000,0.3090,0.0000,0.5926,1309122.6250
40.8108,0.1840,0.0660,4.2326,0.4550,1,1,0.5422,0.0000,1.2746,0.0000,-0.2384,0.0000,0.3166,0.0000,0.5926,1309122.6250
40.8200,0.3985,0.2748,4.4294,0.4550,1,1,0.5578,0.0000,1.2330,0.0000,-0.2379,0.0000,0.3323,0.0000,0.5926,1309122.6250
40.8302,0.1295,0.5090,4.2552,0.4550,1,1,0.5631,0.0000,1.1807,0.0000,-0.2393,0.0000,0.3357,0.0000,0.5926,1309122.6250
40.8399,0.3403,0.4708,4.3138,0.4550,1,1,0.5751,0.0000,1.1348,0.0000,-0.2392,0.0000,0.3472,0.0000,0.5926,1309122.6250
40.8500,0.6752,0.3111,4.5369,0.4551,1,1,0.5978,0.0000,1.0987,0.0000,-0.2370,0.0000,0.3718,0.0000,0.5926,1309122.6250
40.8602,0.4092,0.2896,4.2630,0.4551,1,1,0.6101,0.0000,1.0511,0.0000,-0.2367,0.0000,0.3838,0.0000,0.5926,1309122.6250
40.8699,0.3969,0.2409,4.1955,0.4551,1,1,0.6210,0.0000,1.0017,0.0000,-0.2366,0.0000,0.3944,0.0000,0.5926,1309122.6250
40.8803,0.3451,0.1939,4.0534,0.4551,1,1,0.6293,0.0000,0.9492,0.0000,-0.2370,0.0000,0.4019,0.0000,0.5926,1309122.6250
40.8900,0.2091,-0.1376,3.7817,0.4550,1,1,0.6322,0.0000,0.8913,0.0000,-0.2383,0.0000,0.4028,0.0000,0.5926,1309122.6250
40.8999,0.4134,-0.2334,4.0318,0.4550,1,1,0.6415,0.0000,0.8400,0.0000,-0.2382,0.0000,0.4116,0.0000,0.5926,1309122.6250
40.9102,0.0151,0.4841,3.9030,0.4550,1,1,0.6357,0.0000,0.7736,0.0000,-0.2411,0.0000,0.4024,0.0000,0.5926,1309122.6250
40.9199,-0.0333,0.6063,3.9082,0.4550,1,1,0.6297,0.0000,0.7080,0.0000,-0.2439,0.0000,0.3929,0.0000,0.5926,1309122.6250
40.9302,0.4008,0.2289,4.1836,0.4550,1,1,0.6370,0.0000,0.6568,0.0000,-0.2438,0.0000,0.3998,0.0000,0.5926,1309122.6250
40.9399,0.1345,0.5231,3.9152,0.4550,1,1,0.6345,0.0000,0.5956,0.0000,-0.2457,0.0000,0.3948,0.0000,0.5926,1309122.6250
40.9500,0.3814,0.4871,3.9567,0.4550,1,1,0.6400,0.0000,0.5433,0.0000,-0.2458,0.0000,0.3996,0.0000,0.5926,1309122.6250
40.9602,0.6536,0.0454,4.1737,0.4550,1,1,0.6541,0.0000,0.4998,0.0000,-0.2440,0.0000,0.4151,0.0000,0.5926,1309122.6250
40.9699,0.3079,0.3996,3.9684,0.4550,1,1,0.6554,0.0000,0.4426,0.0000,-0.2447,0.0000,0.4151,0.0000,0.5926,1309122.6250
40.9803,0.2265,0.3871,4.1351,0.4550,1,1,0.6534,0.0000,0.3824,0.0000,-0.2461,0.0000,0.4112,0.0000,0.5926,1309122.6250
40.9900,0.0735,0.1263,4.0193,0.4550,1,1,0.6431,0.0000,0.3144,0.0000,-0.2489,0.0000,0.3973,0.0000,0.5926,1309122.6250
40.9999,0.0559,0.1277,3.9439,0.4550,1,1,0.6326,0.0000,0.2477,0.0000,-0.2517,0.0000,0.3834,0.0000,0.5926,1309122.6250
41.0108,0.3603,-0.0902,4.2188,0.4550,1,1,0.6343,0.0000,0.1951,0.0000,-0.2519,0.0000,0.3844,0.0000,0.5926,1309122.6250
41.0200,0.0214,0.3591,4.0791,0.4550,1,1,0.6231,0.0000,0.1294,0.0000,-0.2546,0.0000,0.3697,0.0000,0.5926,1309122.6250
41.0302,0.0419,0.9405,4.1267,0.4550,1,1,0.6117,0.0000,0.0650,0.0000,-0.2572,0.0000,0.3551,0.0000,0.5926,1309122.6250
41.0399,0.4825,0.3995,4.3237,0.4550,1,1,0.6167,0.0000,0.0197,0.0000,-0.2563,0.0000,0.3606,0.0000,0.5926,1309122.6250
41.0500,0.2525,0.4793,3.9982,0.4550,1,1,0.6132,0.0000,-0.0347,0.0000,-0.2571,0.0000,0.3557,0.0000,0.5926,1309122.6250
41.0603,0.2403,0.7371,3.9470,0.4551,1,1,0.6088,0.0000,-0.0892,0.0000,-0.2579,0.0000,0.3500,0.0000,0.5926,1309122.6250
41.0699,0.3951,0.2269,4.0958,0.4551,1,1,0.6095,0.0000,-0.1372,0.0000,-0.2576,0.0000,0.3505,0.0000,0.5926,1309122.6250
41.0803,0.2517,0.2187,4.0809,0.4551,1,1,0.6047,0.0000,-0.1908,0.0000,-0.2583,0.0000,0.3445,0.0000,0.5926,1309122.6250
41.0900,0.4376,0.1806,4.3830,0.4551,1,1,0.6060,0.0000,-0.2367,0.0000,-0.2576,0.0000,0.3460,0.0000,0.5926,1309122.6250
41.0999,0.2116,0.0761,4.2600,0.4551,1,1,0.5990,0.0000,-0.2914,0.0000,-0.2586,0.0000,0.3375,0.0000,0.5926,1309122.6250
41.1102,0.0228,0.5083,4.0321,0.4551,1,1,0.5844,0.0000,-0.3534,0.0000,-0.2610,0.0000,0.3199,0.0000,0.5926,1309122.6250
41.1199,0.2747,0.1974,4.0119,0.4551,1,1,0.5793,0.0000,-0.4030,0.0000,-0.2613,0.0000,0.3140,0.0000,0.5926,1309122.6250
41.1302,0.0107,0.2810,3.8640,0.4551,1,1,0.5644,0.0000,-0.4627,0.0000,-0.2636,0.0000,0.2962,0.0000,0.5926,1309122.6250
41.1400,-0.0788,0.9372,3.9147,0.4551,1,1,0.5495,0.0000,-0.5205,0.0000,-0.2657,0.0000,0.2786,0.0000,0.5926,1309122.6250
41.1500,0.3038,0.5505,4.2971,0.4551,1,1,0.5452,0.0000,-0.5645,0.0000,-0.2655,0.0000,0.2740,0.0000,0.5926,1309122.6250
41.1602,0.4360,0.2722,4.4056,0.4550,1,1,0.5452,0.0000,-0.6026,0.0000,-0.2643,0.0000,0.2748,0.0000,0.5926,1309122.6250
41.1700,0.2049,0.6263,4.3486,0.4551,1,1,0.5367,0.0000,-0.6499,0.0000,-0.2648,0.0000,0.2653,0.0000,0.5926,1309122.6250
41.1803,0.1934,0.3344,4.1442,0.4551,1,1,0.5277,0.0000,-0.6967,0.0000,-0.2654,0.0000,0.2553,0.0000,0.5926,1309122.6250
41.1900,0.0724,0.0959,3.8962,0.4551,1,1,0.5118,0.0000,-0.7503,0.0000,-0.2672,0.0000,0.2371,0.0000,0.5926,1309122.6250
41.1999,0.1096,0.0755,3.9650,0.4552,1,1,0.4998,0.0000,-0.7973,0.0000,-0.2681,0.0000,0.2237,0.0000,0.5926,1309122.6250
41.2108,0.0777,0.0428,4.1167,0.4552,1,1,0.4840,0.0000,-0.8474,0.0000,-0.2697,0.0000,0.2058,0.0000,0.5926,1309122.6250
41.2199,0.0359,0.3931,4.2928,0.4552,1,1,0.4683,0.0000,-0.8955,0.0000,-0.2712,0.0000,0.1881,0.0000,0.5926,1309122.6250
41.2303,0.2512,0.3949,4.5415,0.4551,1,1,0.4615,0.0000,-0.9312,0.0000,-0.2707,0.0000,0.1815,0.0000,0.5926,1309122.6250
41.2400,0.2478,0.1514,4.5266,0.4551,1,1,0.4546,0.0000,-0.9662,0.0000,-0.2703,0.0000,0.1746,0.0000,0.5926,1309122.6250
41.2499,-0.1101,0.6967,4.1858,0.4553,1,1,0.4349,0.0000,-1.0152,0.0000,-0.2723,0.0000,0.1524,0.0000,0.5926,1309122.6250
41.2602,0.1061,0.7983,4.1136,0.4553,1,1,0.4231,0.0000,-1.0528,0.0000,-0.2726,0.0000,0.1399,0.0000,0.5926,1309122.6250
41.2700,0.2829,0.3139,4.2422,0.4552,1,1,0.4176,0.0000,-1.0814,0.0000,-0.2716,0.0000,0.1352,0.0000,0.5926,1309122.6250
41.2804,0.0903,0.4598,4.3079,0.4552,1,1,0.4020,0.0000,-1.1212,0.0000,-0.2726,0.0000,0.1182,0.0000,0.5926,1309122.6250
41.2899,0.0812,0.3815,4.5830,0.4552,1,1,0.3866,0.0000,-1.1591,0.0000,-0.2734,0.0000,0.1016,0.0000,0.5926,1309122.6250
41.2999,0.0873,-0.0591,4.6237,0.4552,1,1,0.3714,0.0000,-1.1950,0.0000,-0.2741,0.0000,0.0853,0.0000,0.5926,1309122.6250
41.3103,0.0155,0.1062,4.4560,0.4552,1,1,0.3564,0.0000,-1.2290,0.0000,-0.2747,0.0000,0.0694,0.0000,0.5926,1309122.6250
41.3199,-0.0394,0.1301,4.3281,0.4552,1,1,0.3416,0.0000,-1.2611,0.0000,-0.2752,0.0000,0.0538,0.0000,0.5926,1309122.6250
41.3302,-0.2628,0.2012,4.1430,0.4555,1,1,0.3177,0.0000,-1.3025,0.0000,-0.2775,0.0000,0.0272,0.0000,0.5926,1309122.6250
41.3400,-0.0660,0.3860,4.3085,0.4555,1,1,0.3037,0.0000,-1.3297,0.0000,-0.2777,0.0000,0.0128,0.0000,0.5926,1309122.6250
41.3499,0.1695,0.1493,4.6268,0.4554,1,1,0.2960,0.0000,-1.3479,0.0000,-0.2766,0.0000,0.0060,0.0000,0.5926,1309122.6250
41.3602,-0.1154,0.4814,4.6003,0.4555,1,1,0.2782,0.0000,-1.3773,0.0000,-0.2774,0.0000,-0.0130,0.0000,0.5926,1309122.6250
41.3700,-0.0226,0.8988,4.6603,0.4555,1,1,0.2649,0.0000,-1.3995,0.0000,-0.2773,0.0000,-0.0264,0.0000,0.5926,1309122.6250
41.3802,0.1229,0.3754,4.7100,0.4554,1,1,0.2563,0.0000,-1.4149,0.0000,-0.2763,0.0000,-0.0342,0.0000,0.5926,1309122.6250
41.3899,-0.0010,0.2601,4.5394,0.4554,1,1,0.2433,0.0000,-1.4345,0.0000,-0.2760,0.0000,-0.0470,0.0000,0.5926,1309122.6250
41.4000,0.0144,0.5049,4.5948,0.4554,1,1,0.2307,0.0000,-1.4524,0.0000,-0.2757,0.0000,-0.0595,0.0000,0.5926,1309122.6250
41.4108,-0.1019,-0.0292,4.5696,0.4554,1,1,0.2146,0.0000,-1.4731,0.0000,-0.2760,0.0000,-0.0761,0.0000,0.5926,1309122.6250
41.4199,-0.0779,-0.0215,4.5582,0.4554,1,1,0.2026,0.0000,-1.4874,0.0000,-0.2755,0.0000,-0.0877,0.0000,0.5926,1309122.6250
41.4302,0.0042,0.0609,4.6823,0.4554,1,1,0.1909,0.0000,-1.5004,0.0000,-0.2749,0.0000,-0.0989,0.0000,0.5926,1309122.6250
41.4400,-0.2976,0.1317,4.5658,0.4556,1,1,0.1688,0.0000,-1.5243,0.0000,-0.2762,0.0000,-0.1227,0.0000,0.5926,1309122.6250
41.4499,-0.2525,0.4455,4.6363,0.4558,1,1,0.1489,0.0000,-1.5435,0.0000,-0.2771,0.0000,-0.1437,0.0000,0.5926,1309122.6250
41.4602,-0.1247,0.4150,4.7444,0.4558,1,1,0.1341,0.0000,-1.5549,0.0000,-0.2770,0.0000,-0.1585,0.0000,0.5976,1309115.8750
41.4700,-0.2864,0.3067,4.5749,0.4559,1,1,0.1140,0.0000,-1.5711,0.0000,-0.2779,0.0000,-0.1797,0.0000,0.5976,1309115.8750
41.4803,-0.0719,0.8169,4.6578,0.4559,1,1,0.1047,0.0000,-1.5732,0.0000,-0.2767,0.0000,-0.1877,0.0000,0.5976,1309115.8750
41.4900,0.0598,0.3597,4.7319,0.4559,1,1,0.0957,0.0000,-1.5741,0.0000,-0.2754,0.0000,-0.1954,0.0000,0.5976,1309115.8750
41.4999,-0.0672,0.1154,4.7604,0.4559,1,1,0.0870,0.0000,-1.5741,0.0000,-0.2740,0.0000,-0.2027,0.0000,0.5976,1309115.8750
41.5102,-0.2507,0.4775,4.8819,0.4559,1,1,0.0696,0.0000,-1.5831,0.0000,-0.2743,0.0000,-0.2206,0.0000,0.5976,1309115.8750
41.5200,-0.3443,0.2509,4.8341,0.4561,1,1,0.0493,0.0000,-1.5938,0.0000,-0.2752,0.0000,-0.2419,0.0000,0.5976,1309115.8750
41.5303,-0.3201,-0.1434,4.7052,0.4562,1,1,0.0305,0.0000,-1.6010,0.0000,-0.2757,0.0000,-0.2612,0.0000,0.5976,1309115.8750
41.5400,-0.2715,0.2378,4.6524,0.4562,1,1,0.0141,0.0000,-1.6039,0.0000,-0.2758,0.0000,-0.2777,0.0000,0.5976,1309115.8750
41.5500,-0.4847,0.3645,4.4258,0.4564,1,1,-0.0093,0.0000,-1.6131,0.0000,-0.2772,0.0000,-0.3027,0.0000,0.5976,1309115.8750
41.5602,-0.4786,0.6229,4.5816,0.4566,1,1,-0.0318,0.0000,-1.6192,0.0000,-0.2784,0.0000,-0.3264,0.0000,0.5976,1309115.8750
41.5700,-0.2190,0.6702,4.7402,0.4565,1,1,-0.0441,0.0000,-1.6125,0.0000,-0.2777,0.0000,-0.3379,0.0000,0.5976,1309115.8750
41.5803,-0.1615,0.2930,4.8059,0.4563,1,1,-0.0539,0.0000,-1.6021,0.0000,-0.2765,0.0000,-0.3464,0.0000,0.5976,1309115.8750
41.5900,-0.2742,0.4969,4.7594,0.4562,1,1,-0.0673,0.0000,-1.5949,0.0000,-0.2760,0.0000,-0.3593,0.0000,0.5976,1309115.8750
41.6000,-0.1692,0.6007,4.6403,0.4561,1,1,-0.0765,0.0000,-1.5821,0.0000,-0.2747,0.0000,-0.3670,0.0000,0.5976,1309115.8750
41.6108,-0.1492,0.0517,4.6056,0.4559,1,1,-0.0845,0.0000,-1.5677,0.0000,-0.2732,0.0000,-0.3734,0.0000,0.5976,1309115.8750
41.6199,-0.2446,0.1745,4.5659,0.4557,1,1,-0.0956,0.0000,-1.5559,0.0000,-0.2723,0.0000,-0.3835,0.0000,0.5976,1309115.8750
41.6303,-0.3751,0.3068,4.6260,0.4557,1,1,-0.1109,0.0000,-1.5478,0.0000,-0.2723,0.0000,-0.3986,0.0000,0.5976,1309115.8750
41.6400,-0.3109,-0.1068,4.7084,0.4557,1,1,-0.1232,0.0000,-1.5355,0.0000,-0.2717,0.0000,-0.4103,0.0000,0.5976,1309115.8750
41.6500,-0.2611,0.0507,4.6497,0.4556,1,1,-0.1333,0.0000,-1.5199,0.0000,-0.2707,0.0000,-0.4191,0.0000,0.5976,1309115.8750
41.6602,-0.2163,0.1487,4.5493,0.4554,1,1,-0.1413,0.0000,-1.5016,0.0000,-0.2693,0.0000,-0.4256,0.0000,0.5976,1309115.8750
41.6700,-0.4508,0.2503,4.4695,0.4554,1,1,-0.1572,0.0000,-1.4909,0.0000,-0.2695,0.0000,-0.4415,0.0000,0.5976,1309115.8750
41.6803,-0.4963,0.5207,4.4650,0.4555,1,1,-0.1740,0.0000,-1.4800,0.0000,-0.2698,0.0000,-0.4587,0.0000,0.5976,1309115.8750
41.6899,-0.4608,0.2694,4.6348,0.4555,1,1,-0.1889,0.0000,-1.4659,0.0000,-0.2699,0.0000,-0.4734,0.0000,0.5976,1309115.8750
41.7000,-0.7105,0.5179,4.5468,0.4556,1,1,-0.2119,0.0000,-1.4588,0.0000,-0.2715,0.0000,-0.4980,0.0000,0.5976,1309115.8750
41.7102,-0.6304,1.0267,4.6011,0.4557,1,1,-0.2312,0.0000,-1.4461,0.0000,-0.2724,0.0000,-0.5180,0.0000,0.5976,1309115.8750
41.7200,-0.3147,0.3456,4.6344,0.4556,1,1,-0.2385,0.0000,-1.4200,0.0000,-0.2710,0.0000,-0.5237,0.0000,0.5976,1309115.8750
41.7299,-0.3709,0.0886,4.5236,0.4555,1,1,-0.2473,0.0000,-1.3952,0.0000,-0.2699,0.0000,-0.5312,0.0000,0.5976,1309115.8750
41.7402,-0.4178,0.3895,4.4476,0.4554,1,1,-0.2573,0.0000,-1.3710,0.0000,-0.2692,0.0000,-0.5402,0.0000,0.5976,1309115.8750
41.7500,-0.5472,-0.0365,4.4922,0.4554,1,1,-0.2712,0.0000,-1.3501,0.0000,-0.2692,0.0000,-0.5539,0.0000,0.5976,1309115.8750
41.7602,-0.6168,-0.0905,4.4878,0.4555,1,1,-0.2869,0.0000,-1.3301,0.0000,-0.2696,0.0000,-0.5699,0.0000,0.5976,1309115.8750
41.7700,-0.6096,0.1980,4.6059,0.4555,1,1,-0.3016,0.0000,-1.3080,0.0000,-0.2699,0.0000,-0.5846,0.0000,0.5976,1309115.8750
41.7799,-0.7874,0.1684,4.4492,0.4556,1,1,-0.3218,0.0000,-1.2902,0.0000,-0.2713,0.0000,-0.6060,0.0000,0.5976,1309115.8750
41.7903,-0.6968,0.3698,4.4598,0.4556,1,1,-0.3379,0.0000,-1.2669,0.0000,-0.2719,0.0000,-0.6225,0.0000,0.5976,1309115.8750
41.8000,-0.5051,0.2731,4.5154,0.4556,1,1,-0.3465,0.0000,-1.2353,0.0000,-0.2711,0.0000,-0.6299,0.0000,0.5976,1309115.8750
41.8108,-0.7388,0.3516,4.4820,0.4556,1,1,-0.3626,0.0000,-1.2106,0.0000,-0.2719,0.0000,-0.6466,0.0000,0.5976,1309115.8750
41.8199,-0.8546,0.8455,4.5140,0.4557,1,1,-0.3820,0.0000,-1.1879,0.0000,-0.2733,0.0000,-0.6671,0.0000,0.5976,1309115.8750
41.8299,-0.6121,0.4663,4.6377,0.4557,1,1,-0.3919,0.0000,-1.1547,0.0000,-0.2729,0.0000,-0.6764,0.0000,0.5976,1309115.8750
41.8402,-0.6665,0.0012,4.5574,0.4557,1,1,-0.4031,0.0000,-1.1223,0.0000,-0.2728,0.0000,-0.6872,0.0000,0.5976,1309115.8750
41.8500,-0.7140,0.3685,4.5356,0.4557,1,1,-0.4153,0.0000,-1.0901,0.0000,-0.2730,0.0000,-0.6992,0.0000,0.5976,1309115.8750
41.8603,-0.8503,0.2930,4.4829,0.4557,1,1,-0.4314,0.0000,-1.0612,0.0000,-0.2740,0.0000,-0.7161,0.0000,0.5976,1309115.8750
41.8700,-0.8532,-0.1685,4.4960,0.4557,1,1,-0.4468,0.0000,-1.0305,0.0000,-0.2750,0.0000,-0.7321,0.0000,0.5976,1309115.8750
41.8800,-0.7516,0.1926,4.6584,0.4557,1,1,-0.4578,0.0000,-0.9945,0.0000,-0.2751,0.0000,-0.7428,0.0000,0.5976,1309115.8750
41.8906,-0.9092,0.3536,4.6085,0.4558,1,1,-0.4735,0.0000,-0.9626,0.0000,-0.2762,0.0000,-0.7593,0.0000,0.5976,1309115.8750
41.8999,-0.8829,0.4428,4.5129,0.4558,1,1,-0.4874,0.0000,-0.9279,0.0000,-0.2771,0.0000,-0.7737,0.0000,0.5976,1309115.8750
41.9102,-0.5956,0.5559,4.5550,0.4558,1,1,-0.4905,0.0000,-0.8819,0.0000,-0.2759,0.0000,-0.7752,0.0000,0.5976,1309115.8750
41.9199,-0.8483,0.5510,4.4040,0.4558,1,1,-0.5018,0.0000,-0.8442,0.0000,-0.2764,0.0000,-0.7866,0.0000,0.5976,1309115.8750
41.9300,-0.8598,0.6161,4.3974,0.4558,1,1,-0.5128,0.0000,-0.8055,0.0000,-0.2769,0.0000,-0.7977,0.0000,0.5976,1309115.8750
41.9403,-0.7220,0.6171,4.6319,0.4558,1,1,-0.5182,0.0000,-0.7609,0.0000,-0.2764,0.0000,-0.8022,0.0000,0.5976,1309115.8750
41.9499,-0.7724,0.1151,4.5178,0.4558,1,1,-0.5248,0.0000,-0.7173,0.0000,-0.2762,0.0000,-0.8081,0.0000,0.5976,1309115.8750
41.9602,-0.7384,0.1634,4.5800,0.4558,1,1,-0.5296,0.0000,-0.6719,0.0000,-0.2757,0.0000,-0.8120,0.0000,0.5976,1309115.8750
41.9700,-0.6806,0.2915,4.4515,0.4558,1,1,-0.5318,0.0000,-0.6240,0.0000,-0.2748,0.0000,-0.8128,0.0000,0.5976,1309115.8750
41.9799,-0.7751,-0.0940,4.3157,0.4558,1,1,-0.5367,0.0000,-0.5791,0.0000,-0.2745,0.0000,-0.8170,0.0000,0.5976,1309115.8750
41.9902,-0.5945,-0.0567,4.4689,0.4558,1,1,-0.5349,0.0000,-0.5274,0.0000,-0.2730,0.0000,-0.8131,0.0000,0.5976,1309115.8750
42.0000,-0.9544,0.3454,4.4141,0.4558,1,1,-0.5450,0.0000,-0.4884,0.0000,-0.2739,0.0000,-0.8238,0.0000,0.5976,1309115.8750
42.0108,-1.0795,0.3447,4.4160,0.4558,1,1,-0.5587,0.0000,-0.4526,0.0000,-0.2757,0.0000,-0.8389,0.0000,0.5976,1309115.8750
42.0198,-0.7124,0.5396,4.5909,0.4558,1,1,-0.5589,0.0000,-0.4024,0.0000,-0.2748,0.0000,-0.8377,0.0000,0.5976,1309115.8750
42.0300,-0.8164,0.5394,4.3402,0.4558,1,1,-0.5621,0.0000,-0.3558,0.0000,-0.2747,0.0000,-0.8404,0.0000,0.5976,1309115.8750
42.0403,-0.7520,0.4322,4.2382,0.4558,1,1,-0.5627,0.0000,-0.3066,0.0000,-0.2741,0.0000,-0.8398,0.0000,0.5976,1309115.8750
42.0499,-0.6026,0.5410,4.2961,0.4558,1,1,-0.5576,0.0000,-0.2520,0.0000,-0.2724,0.0000,-0.8325,0.0000,0.5976,1309115.8750
42.0602,-0.8956,0.1299,4.2275,0.4558,1,1,-0.5623,0.0000,-0.2085,0.0000,-0.2729,0.0000,-0.8372,0.0000,0.5976,1309115.8750
42.0700,-0.8849,-0.2416,4.3561,0.4558,1,1,-0.5660,0.0000,-0.1641,0.0000,-0.2732,0.0000,-0.8408,0.0000,0.5976,1309115.8750
42.0800,-1.1047,0.1630,4.4244,0.4557,1,1,-0.5767,0.0000,-0.1272,0.0000,-0.2750,0.0000,-0.8530,0.0000,0.5976,1309115.8750
42.0906,-1.1822,0.2797,4.2627,0.4556,1,1,-0.5893,0.0000,-0.0919,0.0000,-0.2773,0.0000,-0.8676,0.0000,0.5976,1309115.8750
42.0999,-0.6063,-0.0344,4.4001,0.4557,1,1,-0.5812,0.0000,-0.0340,0.0000,-0.2755,0.0000,-0.8571,0.0000,0.5976,1309115.8750
42.1102,-0.6948,0.3051,4.2773,0.4558,1,1,-0.5760,0.0000,0.0196,0.0000,-0.2744,0.0000,-0.8502,0.0000,0.5976,1309115.8750
42.1200,-1.0241,0.5855,4.1299,0.4557,1,1,-0.5818,0.0000,0.0604,0.0000,-0.2756,0.0000,-0.8568,0.0000,0.5976,1309115.8750
42.1299,-0.7536,0.2067,4.4234,0.4558,1,1,-0.5776,0.0000,0.1119,0.0000,-0.2749,0.0000,-0.8514,0.0000,0.5976,1309115.8750
42.1402,-0.8473,0.1769,4.3045,0.4558,1,1,-0.5764,0.0000,0.1594,0.0000,-0.2748,0.0000,-0.8496,0.0000,0.5976,1309115.8750
42.1500,-0.9778,0.2724,4.2111,0.4557,1,1,-0.5792,0.0000,0.2019,0.0000,-0.2757,0.0000,-0.8529,0.0000,0.5976,1309115.8750
42.1602,-0.7947,0.1285,4.3373,0.4557,1,1,-0.5752,0.0000,0.2516,0.0000,-0.2753,0.0000,-0.8480,0.0000,0.5976,1309115.8750
42.1700,-0.9176,0.1311,4.1306,0.4557,1,1,-0.5751,0.0000,0.2961,0.0000,-0.2758,0.0000,-0.8479,0.0000,0.5976,1309115.8750
42.1800,-0.8381,-0.1415,4.1645,0.4557,1,1,-0.5718,0.0000,0.3436,0.0000,-0.2758,0.0000,-0.8441,0.0000,0.5976,1309115.8750
42.1902,-1.0022,-0.2477,4.2000,0.4556,1,1,-0.5738,0.0000,0.3844,0.0000,-0.2769,0.0000,-0.8469,0.0000,0.5976,1309115.8750
42.1999,-1.1923,0.2613,4.1147,0.4555,1,1,-0.5820,0.0000,0.4180,0.0000,-0.2793,0.0000,-0.8571,0.0000,0.5976,1309115.8750
42.2108,-0.7926,0.1674,4.3334,0.4555,1,1,-0.5756,0.0000,0.4682,0.0000,-0.2788,0.0000,-0.8497,0.0000,0.5976,1309115.8750
42.2200,-0.8531,0.2818,4.2471,0.4555,1,1,-0.5710,0.0000,0.5152,0.0000,-0.2789,0.0000,-0.8447,0.0000,0.5976,1309115.8750
42.2300,-1.0633,0.8916,4.1411,0.4554,1,1,-0.5735,0.0000,0.5534,0.0000,-0.2804,0.0000,-0.8484,0.0000,0.5976,1309115.8750
42.2402,-0.6839,0.4166,4.5023,0.4555,1,1,-0.5622,0.0000,0.6068,0.0000,-0.2793,0.0000,-0.8354,0.0000,0.5976,1309115.8750
42.2499,-0.7824,-0.1794,4.3955,0.4555,1,1,-0.5543,0.0000,0.6550,0.0000,-0.2789,0.0000,-0.8266,0.0000,0.5976,1309115.8750
42.2602,-0.8970,0.1407,4.4438,0.4555,1,1,-0.5502,0.0000,0.6976,0.0000,-0.2794,0.0000,-0.8226,0.0000,0.5976,1309115.8750
42.2700,-0.8443,-0.0392,4.4974,0.4554,1,1,-0.5440,0.0000,0.7418,0.0000,-0.2795,0.0000,-0.8161,0.0000,0.5976,1309115.8750
42.2800,-0.8761,-0.4166,4.3302,0.4554,1,1,-0.5387,0.0000,0.7839,0.0000,-0.2800,0.0000,-0.8108,0.0000,0.5976,1309115.8750
42.2906,-0.6908,-0.0814,4.4593,0.4555,1,1,-0.5266,0.0000,0.8329,0.0000,-0.2791,0.0000,-0.7974,0.0000,0.5976,1309115.8750
42.3000,-0.8243,0.0765,4.3242,0.4555,1,1,-0.5192,0.0000,0.8749,0.0000,-0.2793,0.0000,-0.7898,0.0000,0.5976,1309115.8750
42.3102,-0.9782,0.1329,4.2055,0.4553,1,1,-0.5171,0.0000,0.9097,0.0000,-0.2806,0.0000,-0.7887,0.0000,0.5976,1309115.8750
42.3199,-0.6703,0.4047,4.4441,0.4554,1,1,-0.5039,0.0000,0.9569,0.0000,-0.2798,0.0000,-0.7741,0.0000,0.5976,1309115.8750
42.3300,-0.9293,0.2606,4.2212,0.4553,1,1,-0.4998,0.0000,0.9918,0.0000,-0.2809,0.0000,-0.7707,0.0000,0.5976,1309115.8750
42.3400,-0.8734,0.2575,4.2964,0.4553,1,1,-0.4935,0.0000,1.0285,0.0000,-0.2816,0.0000,-0.7648,0.0000,0.5976,1309115.8750
42.3508,-0.5796,0.3366,4.4699,0.4554,1,1,-0.4766,0.0000,1.0765,0.0000,-0.2803,0.0000,-0.7462,0.0000,0.5976,1309115.8750
42.3602,-0.8135,-0.1391,4.2376,0.4553,1,1,-0.4683,0.0000,1.1127,0.0000,-0.2808,0.0000,-0.7379,0.0000,0.5976,1309115.8750
42.3699,-0.6581,-0.2953,4.3740,0.4554,1,1,-0.4543,0.0000,1.1544,0.0000,-0.2802,0.0000,-0.7230,0.0000,0.5976,1309115.8750
42.3799,-0.7399,0.0588,4.3893,0.4554,1,1,-0.4434,0.0000,1.1909,0.0000,-0.2803,0.0000,-0.7118,0.0000,0.5976,1309115.8750
42.3899,-0.8846,0.0869,4.2995,0.4553,1,1,-0.4376,0.0000,1.2200,0.0000,-0.2815,0.0000,-0.7069,0.0000,0.5976,1309115.8750
42.4002,-0.3850,0.0145,4.6178,0.4555,1,1,-0.4139,0.0000,1.2691,0.0000,-0.2793,0.0000,-0.6805,0.0000,0.5976,1309115.8750
42.4108,-0.6890,0.3898,4.4160,0.4555,1,1,-0.4015,0.0000,1.3027,0.0000,-0.2794,0.0000,-0.6679,0.0000,0.5976,1309115.8750
42.4199,-0.8709,0.6299,4.2782,0.4553,1,1,-0.3958,0.0000,1.3272,0.0000,-0.2808,0.0000,-0.6633,0.0000,0.5976,1309115.8750
42.4300,-0.5677,0.4945,4.4768,0.4554,1,1,-0.3791,0.0000,1.3635,0.0000,-0.2801,0.0000,-0.6455,0.0000,0.5976,1309115.8750
42.4400,-0.6702,0.3954,4.3503,0.4554,1,1,-0.3663,0.0000,1.3935,0.0000,-0.2803,0.0000,-0.6327,0.0000,0.5976,1309115.8750
42.4502,-0.6600,0.2343,4.3709,0.4554,1,1,-0.3534,0.0000,1.4224,0.0000,-0.2805,0.0000,-0.6196,0.0000,0.5976,1309115.8750
42.4602,-0.4531,0.0818,4.5465,0.4555,1,1,-0.3332,0.0000,1.4582,0.0000,-0.2793,0.0000,-0.5979,0.0000,0.6000,1309119.0000
42.4700,-0.5388,0.0972,4.4410,0.4555,1,1,-0.3165,0.0000,1.4879,0.0000,-0.2789,0.0000,-0.5805,0.0000,0.6000,1309119.0000
42.4800,-0.4240,-0.1624,4.5534,0.4556,1,1,-0.2960,0.0000,1.5203,0.0000,-0.2778,0.0000,-0.5586,0.0000,0.6000,1309119.0000
42.4900,-0.6157,0.0609,4.5661,0.4556,1,1,-0.2828,0.0000,1.5422,0.0000,-0.2782,0.0000,-0.5456,0.0000,0.6000,1309119.0000
42.5002,-0.9444,0.4471,4.4214,0.4553,1,1,-0.2817,0.0000,1.5490,0.0000,-0.2810,0.0000,-0.5472,0.0000,0.6000,1309119.0000
42.5102,-0.5945,0.0569,4.6600,0.4553,1,1,-0.2679,0.0000,1.5701,0.0000,-0.2813,0.0000,-0.5335,0.0000,0.6000,1309119.0000
42.5199,-0.5551,0.0618,4.6518,0.4552,1,1,-0.2530,0.0000,1.5912,0.0000,-0.2814,0.0000,-0.5185,0.0000,0.6000,1309119.0000
42.5300,-0.6924,0.5046,4.5796,0.4551,1,1,-0.2434,0.0000,1.6048,0.0000,-0.2826,0.0000,-0.5099,0.0000,0.6000,1309119.0000
42.5399,-0.2285,0.1987,4.7708,0.4553,1,1,-0.2172,0.0000,1.6361,0.0000,-0.2807,0.0000,-0.4815,0.0000,0.6000,1309119.0000
42.5508,-0.1877,0.2789,4.7565,0.4556,1,1,-0.1903,0.0000,1.6658,0.0000,-0.2787,0.0000,-0.4523,0.0000,0.6000,1309119.0000
42.5602,-0.4168,0.4200,4.7447,0.4556,1,1,-0.1723,0.0000,1.6828,0.0000,-0.2785,0.0000,-0.4339,0.0000,0.6000,1309119.0000
42.5700,-0.4456,0.2284,4.8961,0.4556,1,1,-0.1559,0.0000,1.6965,0.0000,-0.2785,0.0000,-0.4175,0.0000,0.6000,1309119.0000
42.5799,-0.5353,0.1014,4.8433,0.4555,1,1,-0.1432,0.0000,1.7045,0.0000,-0.2793,0.0000,-0.4055,0.0000,0.6000,1309119.0000
42.5899,-0.4655,-0.1898,4.8059,0.4554,1,1,-0.1283,0.0000,1.7139,0.0000,-0.2797,0.0000,-0.3909,0.0000,0.6000,1309119.0000
42.6002,-0.3020,-0.1349,4.8391,0.4555,1,1,-0.1080,0.0000,1.7279,0.0000,-0.2791,0.0000,-0.3698,0.0000,0.6000,1309119.0000
42.6108,-0.4456,0.4070,4.6334,0.4554,1,1,-0.0934,0.0000,1.7338,0.0000,-0.2796,0.0000,-0.3557,0.0000,0.6000,1309119.0000
42.6199,-0.2874,0.0671,4.7432,0.4555,1,1,-0.0736,0.0000,1.7441,0.0000,-0.2792,0.0000,-0.3354,0.0000,0.6000,1309119.0000
42.6300,-0.1649,-0.0685,4.9457,0.4556,1,1,-0.0501,0.0000,1.7568,0.0000,-0.2780,0.0000,-0.3105,0.0000,0.6000,1309119.0000
42.6399,-0.7387,0.4700,4.7253,0.4553,1,1,-0.0479,0.0000,1.7443,0.0000,-0.2809,0.0000,-0.3113,0.0000,0.6000,1309119.0000
42.6503,-0.5454,0.4517,4.8220,0.4551,1,1,-0.0388,0.0000,1.7391,0.0000,-0.2825,0.0000,-0.3039,0.0000,0.6000,1309119.0000
42.6602,-0.2830,0.4417,4.7851,0.4552,1,1,-0.0207,0.0000,1.7431,0.0000,-0.2824,0.0000,-0.2856,0.0000,0.6000,1309119.0000
42.6700,-0.3467,0.4057,4.5205,0.4551,1,1,-0.0054,0.0000,1.7425,0.0000,-0.2828,0.0000,-0.2708,0.0000,0.6000,1309119.0000
42.6800,-0.1241,0.1849,4.6324,0.4552,1,1,0.0172,0.0000,1.7485,0.0000,-0.2818,0.0000,-0.2471,0.0000,0.6000,1309119.0000
42.6900,-0.1460,0.2538,4.6865,0.4553,1,1,0.0383,0.0000,1.7509,0.0000,-0.2811,0.0000,-0.2253,0.0000,0.6000,1309119.0000
42.7002,-0.2903,-0.0368,4.8006,0.4552,1,1,0.0535,0.0000,1.7453,0.0000,-0.2815,0.0000,-0.2106,0.0000,0.6000,1309119.0000
42.7102,-0.1825,-0.2152,4.8841,0.4553,1,1,0.0720,0.0000,1.7420,0.0000,-0.2814,0.0000,-0.1920,0.0000,0.6000,1309119.0000
42.7199,-0.4554,0.3023,4.6255,0.4551,1,1,0.0800,0.0000,1.7263,0.0000,-0.2831,0.0000,-0.1859,0.0000,0.6000,1309119.0000
42.7300,-0.4153,0.2656,4.4407,0.4550,1,1,0.0891,0.0000,1.7113,0.0000,-0.2847,0.0000,-0.1785,0.0000,0.6000,1309119.0000
42.7399,-0.1405,0.0844,4.5212,0.4550,1,1,0.1075,0.0000,1.7054,0.0000,-0.2844,0.0000,-0.1598,0.0000,0.6000,1309119.0000
42.7508,-0.2648,0.5564,4.4909,0.4549,1,1,0.1209,0.0000,1.6928,0.0000,-0.2851,0.0000,-0.1473,0.0000,0.6000,1309119.0000
42.7602,-0.3857,0.6840,4.6722,0.4548,1,1,0.1293,0.0000,1.6743,0.0000,-0.2867,0.0000,-0.1406,0.0000,0.6000,1309119.0000
42.7700,-0.1047,0.3163,4.9197,0.4548,1,1,0.1473,0.0000,1.6650,0.0000,-0.2865,0.0000,-0.1225,0.0000,0.6000,1309119.0000
42.7799,-0.1053,0.2250,4.8566,0.4548,1,1,0.1646,0.0000,1.6536,0.0000,-0.2863,0.0000,-0.1052,0.0000,0.6000,1309119.0000
42.7899,0.0066,0.0093,4.7092,0.4548,1,1,0.1849,0.0000,1.6439,0.0000,-0.2856,0.0000,-0.0843,0.0000,0.6000,1309119.0000
42.8002,-0.0368,0.0712,4.5960,0.4548,1,1,0.2043,0.0000,1.6318,0.0000,-0.2851,0.0000,-0.0645,0.0000,0.6000,1309119.0000
42.8108,-0.1360,0.2297,4.5414,0.4548,1,1,0.2181,0.0000,1.6126,0.0000,-0.2856,0.0000,-0.0514,0.0000,0.6000,1309119.0000
42.8199,-0.0380,-0.1330,4.6848,0.4548,1,1,0.2360,0.0000,1.5966,0.0000,-0.2852,0.0000,-0.0332,0.0000,0.6000,1309119.0000
42.8299,-0.1835,0.0976,4.7356,0.4547,1,1,0.2467,0.0000,1.5721,0.0000,-0.2862,0.0000,-0.0238,0.0000,0.6000,1309119.0000
42.8399,-0.4369,0.5444,4.5890,0.4545,1,1,0.2478,0.0000,1.5375,0.0000,-0.2890,0.0000,-0.0258,0.0000,0.6000,1309119.0000
42.8502,0.0624,0.2906,4.6249,0.4545,1,1,0.2641,0.0000,1.5182,0.0000,-0.2888,0.0000,-0.0095,0.0000,0.6000,1309119.0000
42.8602,0.0689,0.3628,4.5589,0.4545,1,1,0.2796,0.0000,1.4970,0.0000,-0.2887,0.0000,0.0059,0.0000,0.6000,1309119.0000
42.8699,-0.2203,0.6239,4.3549,0.4543,1,1,0.2867,0.0000,1.4664,0.0000,-0.2903,0.0000,0.0111,0.0000,0.6000,1309119.0000
42.8799,0.0226,0.3018,4.7251,0.4543,1,1,0.3010,0.0000,1.4427,0.0000,-0.2903,0.0000,0.0250,0.0000,0.6000,1309119.0000
42.8900,0.0529,0.0501,4.7035,0.4543,1,1,0.3145,0.0000,1.4173,0.0000,-0.2905,0.0000,0.0382,0.0000,0.6000,1309119.0000
42.9002,0.0359,-0.0684,4.6682,0.4543,1,1,0.3273,0.0000,1.3904,0.0000,-0.2908,0.0000,0.0505,0.0000,0.6000,1309119.0000
42.9103,0.1296,-0.1591,4.6204,0.4544,1,1,0.3440,0.0000,1.3664,0.0000,-0.2902,0.0000,0.0674,0.0000,0.6000,1309119.0000
42.9199,-0.0531,0.1137,4.3359,0.4544,1,1,0.3553,0.0000,1.3361,0.0000,-0.2907,0.0000,0.0780,0.0000,0.6000,1309119.0000
42.9300,0.1096,-0.0033,4.4369,0.4544,1,1,0.3698,0.0000,1.3082,0.0000,-0.2905,0.0000,0.0924,0.0000,0.6000,1309119.0000
42.9400,-0.0044,0.0652,4.5746,0.4544,1,1,0.3796,0.0000,1.2749,0.0000,-0.2911,0.0000,0.1013,0.0000,0.6000,1309119.0000
42.9508,-0.3049,0.6843,4.5433,0.4542,1,1,0.3783,0.0000,1.2303,0.0000,-0.2938,0.0000,0.0967,0.0000,0.6000,1309119.0000
42.9602,0.0747,0.5926,4.7475,0.4542,1,1,0.3872,0.0000,1.1962,0.0000,-0.2945,0.0000,0.1047,0.0000,0.6000,1309119.0000
42.9700,0.2187,0.2416,4.6812,0.4543,1,1,0.4031,0.0000,1.1685,0.0000,-0.2937,0.0000,0.1211,0.0000,0.6000,1309119.0000
42.9799,0.0468,0.5840,4.4134,0.4543,1,1,0.4106,0.0000,1.1316,0.0000,-0.2946,0.0000,0.1274,0.0000,0.6000,1309119.0000
42.9900,0.2841,0.2935,4.4696,0.4543,1,1,0.4274,0.0000,1.1034,0.0000,-0.2935,0.0000,0.1449,0.0000,0.6000,1309119.0000
43.0002,0.2496,-0.1808,4.4448,0.4544,1,1,0.4420,0.0000,1.0721,0.0000,-0.2928,0.0000,0.1600,0.0000,0.6000,1309119.0000
43.0108,0.0570,0.1513,4.3415,0.4544,1,1,0.4472,0.0000,1.0307,0.0000,-0.2939,0.0000,0.1637,0.0000,0.6000,1309119.0000
43.0200,0.1755,0.1838,4.4662,0.4544,1,1,0.4579,0.0000,0.9946,0.0000,-0.2938,0.0000,0.1741,0.0000,0.6000,1309119.0000
43.0300,0.1154,0.0639,4.3023,0.4543,1,1,0.4659,0.0000,0.9553,0.0000,-0.2942,0.0000,0.1812,0.0000,0.6000,1309119.0000
43.0400,0.2229,0.3740,4.2999,0.4544,1,1,0.4768,0.0000,0.9188,0.0000,-0.2939,0.0000,0.1921,0.0000,0.6000,1309119.0000
43.0503,0.1211,0.3121,4.3731,0.4543,1,1,0.4836,0.0000,0.8775,0.0000,-0.2944,0.0000,0.1980,0.0000,0.6000,1309119.0000
43.0602,-0.1415,0.4865,4.2585,0.4543,1,1,0.4807,0.0000,0.8266,0.0000,-0.2967,0.0000,0.1922,0.0000,0.6000,1309119.0000
43.0700,0.2047,0.7189,4.5588,0.4543,1,1,0.4894,0.0000,0.7879,0.0000,-0.2966,0.0000,0.2006,0.0000,0.6000,1309119.0000
43.0800,0.2781,0.2075,4.5382,0.4543,1,1,0.4999,0.0000,0.7507,0.0000,-0.2961,0.0000,0.2113,0.0000,0.6000,1309119.0000
43.0900,0.1368,0.3689,4.3742,0.4543,1,1,0.5049,0.0000,0.7074,0.0000,-0.2966,0.0000,0.2153,0.0000,0.6000,1309119.0000
43.1002,0.3159,0.5966,4.4018,0.4543,1,1,0.5154,0.0000,0.6697,0.0000,-0.2959,0.0000,0.2262,0.0000,0.6000,1309119.0000
43.1102,0.2096,0.0586,4.2566,0.4543,1,1,0.5215,0.0000,0.6271,0.0000,-0.2960,0.0000,0.2318,0.0000,0.6000,1309119.0000
43.1200,0.2734,0.1682,4.2958,0.4543,1,1,0.5292,0.0000,0.5861,0.0000,-0.2958,0.0000,0.2393,0.0000,0.6000,1309119.0000
43.1299,0.2413,0.4251,4.4097,0.4543,1,1,0.5352,0.0000,0.5430,0.0000,-0.2957,0.0000,0.2448,0.0000,0.6000,1309119.0000
43.1399,0.1878,0.0258,4.3518,0.4543,1,1,0.5386,0.0000,0.4974,0.0000,-0.2961,0.0000,0.2475,0.0000,0.6000,1309119.0000
43.1508,0.2925,0.1757,4.4978,0.4543,1,1,0.5451,0.0000,0.4551,0.0000,-0.2958,0.0000,0.2539,0.0000,0.6000,1309119.0000
43.1602,0.0019,0.5222,4.2796,0.4543,1,1,0.5410,0.0000,0.4018,0.0000,-0.2976,0.0000,0.2474,0.0000,0.6000,1309119.0000
43.1700,-0.0349,0.4411,4.1605,0.4543,1,1,0.5365,0.0000,0.3489,0.0000,-0.2993,0.0000,0.2407,0.0000,0.6000,1309119.0000
43.1799,0.3401,0.4979,4.3894,0.4543,1,1,0.5434,0.0000,0.3088,0.0000,-0.2986,0.0000,0.2479,0.0000,0.6000,1309119.0000
43.1899,0.1027,0.4988,4.3304,0.4543,1,1,0.5415,0.0000,0.2593,0.0000,-0.2997,0.0000,0.2444,0.0000,0.6000,1309119.0000
43.2002,0.0936,0.5686,4.4187,0.4543,1,1,0.5357,0.0000,0.2063,0.0000,-0.3014,0.0000,0.2364,0.0000,0.6000,1309119.0000
43.2108,0.2589,0.6991,4.5056,0.4543,1,1,0.5386,0.0000,0.1635,0.0000,-0.3012,0.0000,0.2390,0.0000,0.6000,1309119.0000
43.2199,0.2750,0.3502,4.2786,0.4543,1,1,0.5414,0.0000,0.1209,0.0000,-0.3010,0.0000,0.2417,0.0000,0.6000,1309119.0000
43.2300,0.2985,0.1617,4.2876,0.4543,1,1,0.5446,0.0000,0.0789,0.0000,-0.3006,0.0000,0.2448,0.0000,0.6000,1309119.0000
43.2399,0.2301,0.4243,4.1808,0.4543,1,1,0.5449,0.0000,0.0340,0.0000,-0.3007,0.0000,0.2445,0.0000,0.6000,1309119.0000
43.2500,0.0973,0.1117,4.2105,0.4543,1,1,0.5368,0.0000,-0.0195,0.0000,-0.3024,0.0000,0.2342,0.0000,0.6000,1309119.0000
43.2604,0.3947,-0.1356,4.4053,0.4542,1,1,0.5421,0.0000,-0.0572,0.0000,-0.3013,0.0000,0.2403,0.0000,0.6000,1309119.0000
43.2700,0.2374,0.2072,4.3587,0.4542,1,1,0.5415,0.0000,-0.1015,0.0000,-0.3013,0.0000,0.2391,0.0000,0.6000,1309119.0000
43.2799,0.0969,0.3337,4.2673,0.4542,1,1,0.5322,0.0000,-0.1547,0.0000,-0.3030,0.0000,0.2276,0.0000,0.6000,1309119.0000
43.2900,0.1453,0.4211,4.2723,0.4542,1,1,0.5278,0.0000,-0.2012,0.0000,-0.3036,0.0000,0.2222,0.0000,0.6000,1309119.0000
43.3002,0.2206,0.4043,4.1600,0.4542,1,1,0.5257,0.0000,-0.2442,0.0000,-0.3036,0.0000,0.2197,0.0000,0.6000,1309119.0000
43.3103,0.0761,0.2949,4.1305,0.4542,1,1,0.5157,0.0000,-0.2956,0.0000,-0.3052,0.0000,0.2075,0.0000,0.6000,1309119.0000
43.3199,0.0580,0.6691,4.1168,0.4542,1,1,0.5055,0.0000,-0.3457,0.0000,-0.3067,0.0000,0.1954,0.0000,0.6000,1309119.0000
43.3300,0.3623,0.5242,4.2634,0.4542,1,1,0.5079,0.0000,-0.3803,0.0000,-0.3055,0.0000,0.1986,0.0000,0.6000,1309119.0000
43.3400,0.4290,0.2256,4.3267,0.4540,1,1,0.5121,0.0000,-0.4125,0.0000,-0.3038,0.0000,0.2041,0.0000,0.6000,1309119.0000
43.3508,0.1299,0.6334,4.1733,0.4541,1,1,0.5054,0.0000,-0.4572,0.0000,-0.3044,0.0000,0.1964,0.0000,0.6000,1309119.0000
43.3603,0.1891,0.3742,4.1934,0.4541,1,1,0.5005,0.0000,-0.4986,0.0000,-0.3044,0.0000,0.1911,0.0000,0.6000,1309119.0000
43.3700,0.2714,-0.1369,4.1855,0.4540,1,1,0.4984,0.0000,-0.5361,0.0000,-0.3038,0.0000,0.1892,0.0000,0.6000,1309119.0000
43.3800,0.1779,0.0521,4.0634,0.4540,1,1,0.4926,0.0000,-0.5771,0.0000,-0.3039,0.0000,0.1829,0.0000,0.6000,1309119.0000
43.3900,0.2062,-0.0064,4.1935,0.4540,1,1,0.4876,0.0000,-0.6163,0.0000,-0.3037,0.0000,0.1777,0.0000,0.6000,1309119.0000
43.4003,0.0149,0.2961,4.1132,0.4540,1,1,0.4752,0.0000,-0.6632,0.0000,-0.3050,0.0000,0.1636,0.0000,0.6000,1309119.0000
43.4109,0.1296,0.4869,4.1115,0.4540,1,1,0.4674,0.0000,-0.7032,0.0000,-0.3053,0.0000,0.1551,0.0000,0.6000,1309119.0000
43.4199,0.1944,0.1314,4.2235,0.4540,1,1,0.4618,0.0000,-0.7397,0.0000,-0.3050,0.0000,0.1494,0.0000,0.5950,1309121.1250
43.4299,-0.1918,0.5001,3.9117,0.4543,1,1,0.4424,0.0000,-0.7913,0.0000,-0.3074,0.0000,0.1270,0.0000,0.5950,1309121.1250
43.4399,0.0230,0.7533,4.0695,0.4543,1,1,0.4300,0.0000,-0.8326,0.0000,-0.3083,0.0000,0.1133,0.0000,0.5950,1309121.1250
43.4503,0.3730,0.2445,4.1654,0.4541,1,1,0.4308,0.0000,-0.8569,0.0000,-0.3065,0.0000,0.1158,0.0000,0.5950,1309121.1250
43.4603,0.2158,0.4287,4.0624,0.4540,1,1,0.4258,0.0000,-0.8878,0.0000,-0.3058,0.0000,0.1111,0.0000,0.5950,1309121.1250
43.4700,0.2892,0.4520,4.1990,0.4538,1,1,0.4232,0.0000,-0.9150,0.0000,-0.3045,0.0000,0.1096,0.0000,0.5950,1309121.1250
43.4800,0.1565,0.0033,4.1832,0.4538,1,1,0.4157,0.0000,-0.9474,0.0000,-0.3042,0.0000,0.1021,0.0000,0.5950,1309121.1250
43.4899,-0.0034,-0.0394,4.1065,0.4538,1,1,0.4026,0.0000,-0.9855,0.0000,-0.3049,0.0000,0.0879,0.0000,0.5950,1309121.1250
43.5002,0.1166,-0.1976,4.1634,0.4538,1,1,0.3938,0.0000,-1.0170,0.0000,-0.3047,0.0000,0.0789,0.0000,0.5950,1309121.1250
43.5102,-0.1395,0.0778,4.0758,0.4540,1,1,0.3758,0.0000,-1.0582,0.0000,-0.3062,0.0000,0.0590,0.0000,0.5950,1309121.1250
43.5199,-0.2301,0.5634,3.9875,0.4542,1,1,0.3550,0.0000,-1.1009,0.0000,-0.3083,0.0000,0.0357,0.0000,0.5950,1309121.1250
43.5300,0.1370,0.2276,4.2722,0.4541,1,1,0.3476,0.0000,-1.1256,0.0000,-0.3076,0.0000,0.0287,0.0000,0.5950,1309121.1250
43.5400,-0.0184,0.3411,4.1687,0.4541,1,1,0.3353,0.0000,-1.1551,0.0000,-0.3078,0.0000,0.0160,0.0000,0.5950,1309121.1250
43.5507,-0.2644,0.6669,4.1777,0.4544,1,1,0.3137,0.0000,-1.1942,0.0000,-0.3098,0.0000,-0.0080,0.0000,0.5950,1309121.1250
43.5603,0.0317,0.4368,4.3213,0.4544,1,1,0.3021,0.0000,-1.2194,0.0000,-0.3097,0.0000,-0.0198,0.0000,0.5950,1309121.1250
43.5700,0.0961,0.3873,4.2853,0.4544,1,1,0.2906,0.0000,-1.2432,0.0000,-0.3096,0.0000,-0.0314,0.0000,0.5950,1309121.1250
43.5799,0.0242,0.2987,4.2225,0.4544,1,1,0.2793,0.0000,-1.2656,0.0000,-0.3093,0.0000,-0.0427,0.0000,0.5950,1309121.1250
43.5900,0.0016,0.2401,4.2764,0.4544,1,1,0.2682,0.0000,-1.2866,0.0000,-0.3090,0.0000,-0.0538,0.0000,0.5950,1309121.1250
43.6002,-0.1621,0.3087,4.1443,0.4545,1,1,0.2514,0.0000,-1.3129,0.0000,-0.3098,0.0000,-0.0715,0.0000,0.5950,1309121.1250
43.6108,-0.0053,-0.0503,4.2042,0.4545,1,1,0.2408,0.0000,-1.3305,0.0000,-0.3093,0.0000,-0.0818,0.0000,0.5950,1309121.1250
43.6199,-0.1010,0.0472,4.2246,0.4545,1,1,0.2268,0.0000,-1.3509,0.0000,-0.3094,0.0000,-0.0961,0.0000,0.5950,1309121.1250
43.6299,-0.3300,0.4834,4.1866,0.4548,1,1,0.2049,0.0000,-1.3791,0.0000,-0.3111,0.0000,-0.1199,0.0000,0.5950,1309121.1250
43.6400,-0.1250,0.0970,4.3543,0.4548,1,1,0.1910,0.0000,-1.3961,0.0000,-0.3111,0.0000,-0.1341,0.0000,0.5950,1309121.1250
43.6502,-0.1752,0.2061,4.3753,0.4548,1,1,0.1755,0.0000,-1.4134,0.0000,-0.3114,0.0000,-0.1500,0.0000,0.5950,1309121.1250
43.6602,-0.5273,0.6574,4.1937,0.4552,1,1,0.1478,0.0000,-1.4432,0.0000,-0.3140,0.0000,-0.1806,0.0000,0.5950,1309121.1250
43.6700,-0.2802,0.4855,4.2886,0.4553,1,1,0.1298,0.0000,-1.4594,0.0000,-0.3147,0.0000,-0.1995,0.0000,0.5950,1309121.1250
43.6800,0.0524,0.4204,4.4323,0.4553,1,1,0.1224,0.0000,-1.4619,0.0000,-0.3133,0.0000,-0.2055,0.0000,0.5950,1309121.1250
43.6899,-0.0270,0.2823,4.4387,0.4553,1,1,0.1152,0.0000,-1.4636,0.0000,-0.3119,0.0000,-0.2114,0.0000,0.5950,1309121.1250
43.7002,-0.0204,0.2904,4.5783,0.4553,1,1,0.1081,0.0000,-1.4644,0.0000,-0.3104,0.0000,-0.2170,0.0000,0.5950,1309121.1250
43.7102,-0.2672,0.4718,4.5339,0.4554,1,1,0.0917,0.0000,-1.4753,0.0000,-0.3108,0.0000,-0.2339,0.0000,0.5950,1309121.1250
43.7199,-0.2913,-0.0174,4.5059,0.4554,1,1,0.0749,0.0000,-1.4851,0.0000,-0.3112,0.0000,-0.2512,0.0000,0.5950,1309121.1250
43.7300,-0.2316,-0.1194,4.4475,0.4554,1,1,0.0607,0.0000,-1.4905,0.0000,-0.3111,0.0000,-0.2652,0.0000,0.5950,1309121.1250
43.7399,-0.3843,0.2322,4.2949,0.4555,1,1,0.0415,0.0000,-1.5002,0.0000,-0.3119,0.0000,-0.2853,0.0000,0.5950,1309121.1250
43.7509,-0.4771,0.1931,4.3030,0.4557,1,1,0.0197,0.0000,-1.5111,0.0000,-0.3132,0.0000,-0.3086,0.0000,0.5950,1309121.1250
43.7602,-0.2437,0.3490,4.5237,0.4557,1,1,0.0069,0.0000,-1.5102,0.0000,-0.3127,0.0000,-0.3210,0.0000,0.5950,1309121.1250
43.7699,-0.3496,0.4643,4.6483,0.4557,1,1,-0.0093,0.0000,-1.5118,0.0000,-0.3129,0.0000,-0.3373,0.0000,0.5950,1309121.1250
43.7800,-0.5063,0.5043,4.5824,0.4559,1,1,-0.0304,0.0000,-1.5176,0.0000,-0.3141,0.0000,-0.3597,0.0000,0.5950,1309121.1250
43.7899,-0.3588,0.6664,4.5715,0.4559,1,1,-0.0456,0.0000,-1.5151,0.0000,-0.3141,0.0000,-0.3748,0.0000,0.5950,1309121.1250
43.8002,-0.3274,0.1919,4.4474,0.4558,1,1,-0.0590,0.0000,-1.5095,0.0000,-0.3138,0.0000,-0.3879,0.0000,0.5950,1309121.1250
43.8108,-0.3094,0.1763,4.3896,0.4558,1,1,-0.0713,0.0000,-1.5017,0.0000,-0.3132,0.0000,-0.3996,0.0000,0.5950,1309121.1250
43.8199,-0.3329,0.4390,4.4412,0.4557,1,1,-0.0840,0.0000,-1.4934,0.0000,-0.3128,0.0000,-0.4117,0.0000,0.5950,1309121.1250
43.8300,-0.4870,-0.1556,4.4839,0.4558,1,1,-0.1016,0.0000,-1.4893,0.0000,-0.3133,0.0000,-0.4298,0.0000,0.5950,1309121.1250
43.8399,-0.4176,-0.1073,4.5425,0.4558,1,1,-0.1160,0.0000,-1.4805,0.0000,-0.3132,0.0000,-0.4440,0.0000,0.5950,1309121.1250
43.8502,-0.5204,0.3707,4.4728,0.4558,1,1,-0.1336,0.0000,-1.4738,0.0000,-0.3137,0.0000,-0.4620,0.0000,0.5950,1309121.1250
43.8602,-0.5417,0.1936,4.3308,0.4559,1,1,-0.1511,0.0000,-1.4658,0.0000,-0.3143,0.0000,-0.4801,0.0000,0.5950,1309121.1250
43.8700,-0.3507,0.3033,4.4930,0.4558,1,1,-0.1612,0.0000,-1.4487,0.0000,-0.3134,0.0000,-0.4891,0.0000,0.5950,1309121.1250
43.8800,-0.5063,0.3363,4.4280,0.4558,1,1,-0.1763,0.0000,-1.4361,0.0000,-0.3135,0.0000,-0.5042,0.0000,0.5950,1309121.1250
43.8900,-0.6923,0.3422,4.4888,0.4559,1,1,-0.1973,0.0000,-1.4284,0.0000,-0.3148,0.0000,-0.5264,0.0000,0.5950,1309121.1250
43.9003,-0.3828,0.5060,4.6492,0.4558,1,1,-0.2065,0.0000,-1.4070,0.0000,-0.3138,0.0000,-0.5344,0.0000,0.5950,1309121.1250
43.9102,-0.4045,0.2240,4.5498,0.4557,1,1,-0.2160,0.0000,-1.3855,0.0000,-0.3129,0.0000,-0.5428,0.0000,0.5950,1309121.1250
43.9199,-0.4025,0.2100,4.4569,0.4556,1,1,-0.2249,0.0000,-1.3629,0.0000,-0.3120,0.0000,-0.5505,0.0000,0.5950,1309121.1250
43.9299,-0.3480,0.4665,4.5530,0.4555,1,1,-0.2314,0.0000,-1.3373,0.0000,-0.3106,0.0000,-0.5554,0.0000,0.5950,1309121.1250
43.9400,-0.4062,-0.0827,4.5263,0.4554,1,1,-0.2395,0.0000,-1.3132,0.0000,-0.3096,0.0000,-0.5622,0.0000,0.5950,1309121.1250
43.9508,-0.3599,-0.1868,4.6202,0.4553,1,1,-0.2455,0.0000,-1.2865,0.0000,-0.3082,0.0000,-0.5666,0.0000,0.5950,1309121.1250
43.9603,-0.5588,0.2225,4.5591,0.4553,1,1,-0.2581,0.0000,-1.2662,0.0000,-0.3082,0.0000,-0.5790,0.0000,0.5950,1309121.1250
43.9699,-0.7616,0.1047,4.3960,0.4554,1,1,-0.2772,0.0000,-1.2513,0.0000,-0.3094,0.0000,-0.5991,0.0000,0.5950,1309121.1250
43.9800,-0.4565,0.1555,4.6008,0.4553,1,1,-0.2847,0.0000,-1.2238,0.0000,-0.3084,0.0000,-0.6054,0.0000,0.5950,1309121.1250
43.9899,-0.5445,0.3021,4.5196,0.4553,1,1,-0.2948,0.0000,-1.1984,0.0000,-0.3080,0.0000,-0.6148,0.0000,0.5950,1309121.1250
44.0003,-0.7869,0.3593,4.5409,0.4554,1,1,-0.3128,0.0000,-1.1801,0.0000,-0.3092,0.0000,-0.6338,0.0000,0.5950,1309121.1250
44.0108,-0.7426,0.7173,4.6377,0.4554,1,1,-0.3284,0.0000,-1.1582,0.0000,-0.3099,0.0000,-0.6499,0.0000,0.5950,1309121.1250
44.0200,-0.5790,0.2828,4.6323,0.4554,1,1,-0.3375,0.0000,-1.1289,0.0000,-0.3095,0.0000,-0.6583,0.0000,0.5950,1309121.1250
44.0299,-0.5734,-0.0383,4.6797,0.4554,1,1,-0.3459,0.0000,-1.0984,0.0000,-0.3089,0.0000,-0.6657,0.0000,0.5950,1309121.1250
44.0400,-0.6808,0.3758,4.5132,0.4554,1,1,-0.3574,0.0000,-1.0706,0.0000,-0.3090,0.0000,-0.6770,0.0000,0.5950,1309121.1250
44.0502,-0.6298,0.0021,4.5665,0.4554,1,1,-0.3664,0.0000,-1.0397,0.0000,-0.3087,0.0000,-0.6855,0.0000,0.5950,1309121.1250
44.0602,-0.5162,-0.2272,4.5401,0.4553,1,1,-0.3709,0.0000,-1.0041,0.0000,-0.3075,0.0000,-0.6885,0.0000,0.5950,1309121.1250
44.0699,-0.6624,0.1493,4.4694,0.4553,1,1,-0.3801,0.0000,-0.9728,0.0000,-0.3073,0.0000,-0.6971,0.0000,0.5950,1309121.1250
44.0799,-0.8093,0.1137,4.4818,0.4553,1,1,-0.3937,0.0000,-0.9455,0.0000,-0.3081,0.0000,-0.7112,0.0000,0.5950,1309121.1250
44.0900,-0.8016,0.1375,4.4462,0.4553,1,1,-0.4063,0.0000,-0.9163,0.0000,-0.3087,0.0000,-0.7241,0.0000,0.5950,1309121.1250
44.1003,-0.6642,0.2445,4.5539,0.4553,1,1,-0.4134,0.0000,-0.8810,0.0000,-0.3083,0.0000,-0.7305,0.0000,0.5950,1309121.1250
44.1103,-0.6865,0.2437,4.5723,0.4553,1,1,-0.4207,0.0000,-0.8457,0.0000,-0.3080,0.0000,-0.7371,0.0000,0.5950,1309121.1250
44.1199,-0.8269,0.7229,4.4587,0.4553,1,1,-0.4322,0.0000,-0.8143,0.0000,-0.3086,0.0000,-0.7490,0.0000,0.5950,1309121.1250
44.1300,-0.6080,0.4306,4.5168,0.4553,1,1,-0.4355,0.0000,-0.7742,0.0000,-0.3076,0.0000,-0.7509,0.0000,0.5950,1309121.1250
44.1399,-0.5352,-0.1329,4.4655,0.4553,1,1,-0.4358,0.0000,-0.7313,0.0000,-0.3062,0.0000,-0.7493,0.0000,0.5950,1309121.1250
44.1508,-0.6909,0.2292,4.3494,0.4553,1,1,-0.4411,0.0000,-0.6936,0.0000,-0.3058,0.0000,-0.7538,0.0000,0.5950,1309121.1250
44.1600,-0.6072,0.1979,4.5039,0.4553,1,1,-0.4430,0.0000,-0.6525,0.0000,-0.3047,0.0000,-0.7543,0.0000,0.5950,1309121.1250
44.1703,-0.5934,-0.1350,4.4516,0.4553,1,1,-0.4440,0.0000,-0.6108,0.0000,-0.3036,0.0000,-0.7537,0.0000,0.5950,1309121.1250
44.1799,-0.5800,0.0350,4.4524,0.4553,1,1,-0.4441,0.0000,-0.5686,0.0000,-0.3024,0.0000,-0.7522,0.0000,0.5950,1309121.1250
44.1900,-0.5841,-0.0511,4.4489,0.4553,1,1,-0.4440,0.0000,-0.5265,0.0000,-0.3013,0.0000,-0.7506,0.0000,0.5950,1309121.1250
44.2002,-0.8670,0.2295,4.2677,0.4553,1,1,-0.4533,0.0000,-0.4941,0.0000,-0.3021,0.0000,-0.7603,0.0000,0.5950,1309121.1250
44.2100,-0.7014,0.3044,4.3700,0.4553,1,1,-0.4562,0.0000,-0.4550,0.0000,-0.3017,0.0000,-0.7624,0.0000,0.5950,1309121.1250
44.2203,-0.6408,-0.0605,4.5256,0.4553,1,1,-0.4566,0.0000,-0.4135,0.0000,-0.3008,0.0000,-0.7615,0.0000,0.5950,1309121.1250
44.2299,-1.0295,0.4960,4.3850,0.4552,1,1,-0.4699,0.0000,-0.3854,0.0000,-0.3027,0.0000,-0.7765,0.0000,0.5950,1309121.1250
44.2399,-0.8921,0.7532,4.4783,0.4552,1,1,-0.4778,0.0000,-0.3510,0.0000,-0.3035,0.0000,-0.7848,0.0000,0.5950,1309121.1250
44.2503,-0.6168,0.1964,4.4980,0.4553,1,1,-0.4755,0.0000,-0.3060,0.0000,-0.3023,0.0000,-0.7809,0.0000,0.5950,1309121.1250
44.2599,-0.7063,0.3666,4.3185,0.4553,1,1,-0.4760,0.0000,-0.2645,0.0000,-0.3018,0.0000,-0.7804,0.0000,0.5950,1309121.1250
44.2702,-0.5354,0.2958,4.4392,0.4553,1,1,-0.4702,0.0000,-0.2169,0.0000,-0.3001,0.0000,-0.7725,0.0000,0.5950,1309121.1250
44.2800,-0.5969,0.0458,4.5068,0.4553,1,1,-0.4663,0.0000,-0.1721,0.0000,-0.2989,0.0000,-0.7669,0.0000,0.5950,1309121.1250
44.2900,-0.7211,0.1061,4.5011,0.4554,1,1,-0.4665,0.0000,-0.1323,0.0000,-0.2985,0.0000,-0.7663,0.0000,0.5950,1309121.1250
44.3002,-0.6265,-0.1011,4.6046,0.4554,1,1,-0.4630,0.0000,-0.0891,0.0000,-0.2976,0.0000,-0.7614,0.0000,0.5950,1309121.1250
44.3099,-0.9352,0.2022,4.3997,0.4553,1,1,-0.4699,0.0000,-0.0575,0.0000,-0.2988,0.0000,-0.7692,0.0000,0.5950,1309121.1250
44.3202,-0.9510,0.6435,4.3078,0.4553,1,1,-0.4767,0.0000,-0.0256,0.0000,-0.3001,0.0000,-0.7770,0.0000,0.5950,1309121.1250
44.3300,-0.5579,0.0949,4.4847,0.4554,1,1,-0.4694,0.0000,0.0214,0.0000,-0.2985,0.0000,-0.7677,0.0000,0.5950,1309121.1250
44.3400,-0.8185,0.3019,4.3558,0.4553,1,1,-0.4709,0.0000,0.0579,0.0000,-0.2989,0.0000,-0.7692,0.0000,0.5950,1309121.1250
44.3508,-0.8324,0.7898,4.4404,0.4553,1,1,-0.4725,0.0000,0.0942,0.0000,-0.2993,0.0000,-0.7709,0.0000,0.5950,1309121.1250
44.3599,-0.5617,0.2069,4.5584,0.4554,1,1,-0.4644,0.0000,0.1406,0.0000,-0.2978,0.0000,-0.7608,0.0000,0.5950,1309121.1250
44.3702,-0.5934,0.2479,4.4339,0.4555,1,1,-0.4572,0.0000,0.1849,0.0000,-0.2967,0.0000,-0.7520,0.0000,0.5950,1309121.1250
44.3800,-0.7308,0.3475,4.3435,0.4555,1,1,-0.4546,0.0000,0.2231,0.0000,-0.2965,0.0000,-0.7489,0.0000,0.5950,1309121.1250
44.3900,-0.8291,-0.1524,4.3369,0.4554,1,1,-0.4552,0.0000,0.2573,0.0000,-0.2971,0.0000,-0.7497,0.0000,0.5950,1309121.1250
44.4002,-0.8573,0.0066,4.3397,0.4554,1,1,-0.4563,0.0000,0.2905,0.0000,-0.2978,0.0000,-0.7512,0.0000,0.5950,1309121.1250
44.4099,-0.6653,0.0447,4.4789,0.4554,1,1,-0.4504,0.0000,0.3311,0.0000,-0.2972,0.0000,-0.7443,0.0000,0.5950,1309121.1250
44.4203,-0.7977,0.0260,4.4665,0.4554,1,1,-0.4490,0.0000,0.3660,0.0000,-0.2976,0.0000,-0.7429,0.0000,0.5900,1309118.0000
44.4299,-0.8419,0.5285,4.4085,0.4554,1,1,-0.4487,0.0000,0.3989,0.0000,-0.2983,0.0000,-0.7431,0.0000,0.5900,1309118.0000
44.4400,-0.5926,0.2687,4.5742,0.4554,1,1,-0.4395,0.0000,0.4415,0.0000,-0.2972,0.0000,-0.7323,0.0000,0.5900,1309118.0000
44.4503,-0.8043,0.1733,4.3828,0.4554,1,1,-0.4376,0.0000,0.4747,0.0000,-0.2978,0.0000,-0.7306,0.0000,0.5900,1309118.0000
44.4600,-0.8104,0.7260,4.4180,0.4553,1,1,-0.4356,0.0000,0.5074,0.0000,-0.2983,0.0000,-0.7289,0.0000,0.5900,1309118.0000
44.4702,-0.5898,0.2289,4.5785,0.4554,1,1,-0.4257,0.0000,0.5485,0.0000,-0.2973,0.0000,-0.7176,0.0000,0.5900,1309118.0000
44.4800,-0.6053,-0.1316,4.5485,0.4555,1,1,-0.4163,0.0000,0.5877,0.0000,-0.2965,0.0000,-0.7070,0.0000,0.5900,1309118.0000
44.4900,-0.6113,0.2498,4.5789,0.4555,1,1,-0.4071,0.0000,0.6256,0.0000,-0.2959,0.0000,-0.6967,0.0000,0.5900,1309118.0000
44.5002,-0.8119,-0.0245,4.4394,0.4555,1,1,-0.4049,0.0000,0.6544,0.0000,-0.2967,0.0000,-0.6950,0.0000,0.5900,1309118.0000
44.5100,-0.7361,-0.2566,4.3975,0.4555,1,1,-0.3998,0.0000,0.6859,0.0000,-0.2970,0.0000,-0.6899,0.0000,0.5900,1309118.0000
44.5202,-0.6110,0.0060,4.5390,0.4555,1,1,-0.3901,0.0000,0.7218,0.0000,-0.2964,0.0000,-0.6793,0.0000,0.5900,1309118.0000
44.5299,-0.9185,0.1573,4.3480,0.4554,1,1,-0.3913,0.0000,0.7443,0.0000,-0.2981,0.0000,-0.6820,0.0000,0.5900,1309118.0000
44.5400,-0.9416,0.6747,4.3565,0.4552,1,1,-0.3930,0.0000,0.7660,0.0000,-0.2999,0.0000,-0.6853,0.0000,0.5900,1309118.0000
44.5508,-0.6653,0.4788,4.4427,0.4552,1,1,-0.3846,0.0000,0.7989,0.0000,-0.2998,0.0000,-0.6764,0.0000,0.5900,1309118.0000
44.5600,-0.5646,-0.1069,4.3472,0.4553,1,1,-0.3727,0.0000,0.8349,0.0000,-0.2990,0.0000,-0.6634,0.0000,0.5900,1309118.0000
44.5702,-0.6366,0.0468,4.3740,0.4553,1,1,-0.3634,0.0000,0.8664,0.0000,-0.2988,0.0000,-0.6536,0.0000,0.5900,1309118.0000
44.5799,-0.7028,0.1167,4.2938,0.4553,1,1,-0.3565,0.0000,0.8942,0.0000,-0.2992,0.0000,-0.6467,0.0000,0.5900,1309118.0000
44.5900,-0.7458,-0.1110,4.3322,0.4552,1,1,-0.3510,0.0000,0.9194,0.0000,-0.2998,0.0000,-0.6417,0.0000,0.5900,1309118.0000
44.6002,-0.5538,-0.0440,4.3702,0.4552,1,1,-0.3387,0.0000,0.9516,0.0000,-0.2992,0.0000,-0.6285,0.0000,0.5900,1309118.0000
44.6100,-0.4657,-0.2711,4.3924,0.4554,1,1,-0.3235,0.0000,0.9859,0.0000,-0.2981,0.0000,-0.6117,0.0000,0.5900,1309118.0000
44.6203,-0.8720,0.0373,4.2900,0.4552,1,1,-0.3228,0.0000,1.0019,0.0000,-0.2999,0.0000,-0.6127,0.0000,0.5900,1309118.0000
44.6299,-1.0365,0.4366,4.1995,0.4549,1,1,-0.3278,0.0000,1.0114,0.0000,-0.3029,0.0000,-0.6206,0.0000,0.5900,1309118.0000
44.6400,-0.6181,0.0603,4.4645,0.4549,1,1,-0.3176,0.0000,1.0382,0.0000,-0.3029,0.0000,-0.6101,0.0000,0.5900,1309118.0000
44.6502,-0.6665,0.2699,4.3663,0.4548,1,1,-0.3092,0.0000,1.0619,0.0000,-0.3032,0.0000,-0.6019,0.0000,0.5900,1309118.0000
44.6599,-0.6953,0.4379,4.2984,0.4548,1,1,-0.3019,0.0000,1.0834,0.0000,-0.3039,0.0000,-0.5950,0.0000,0.5900,1309118.0000
44.6703,-0.4377,0.0594,4.4656,0.4549,1,1,-0.2855,0.0000,1.1144,0.0000,-0.3028,0.0000,-0.5772,0.0000,0.5900,1309118.0000
44.6800,-0.5671,-0.0047,4.3773,0.4549,1,1,-0.2740,0.0000,1.1381,0.0000,-0.3027,0.0000,-0.5654,0.0000,0.5900,1309118.0000
44.6900,-0.5889,-0.2486,4.4039,0.4549,1,1,-0.2635,0.0000,1.1595,0.0000,-0.3029,0.0000,-0.5548,0.0000,0.5900,1309118.0000
44.7002,-0.7637,-0.0669,4.3697,0.4547,1,1,-0.2593,0.0000,1.1727,0.0000,-0.3043,0.0000,-0.5519,0.0000,0.5900,1309118.0000
44.7099,-1.0606,0.3801,4.1930,0.4543,1,1,-0.2657,0.0000,1.1736,0.0000,-0.3079,0.0000,-0.5618,0.0000,0.5900,1309118.0000
44.7202,-0.5947,-0.0245,4.3704,0.4543,1,1,-0.2551,0.0000,1.1940,0.0000,-0.3081,0.0000,-0.5513,0.0000,0.5900,1309118.0000
44.7300,-0.4232,0.0878,4.4420,0.4544,1,1,-0.2386,0.0000,1.2198,0.0000,-0.3072,0.0000,-0.5336,0.0000,0.5900,1309118.0000
44.7400,-0.7538,0.6676,4.2421,0.4543,1,1,-0.2343,0.0000,1.2306,0.0000,-0.3087,0.0000,-0.5307,0.0000,0.5900,1309118.0000
44.7508,-0.5216,0.3935,4.4038,0.4543,1,1,-0.2216,0.0000,1.2500,0.0000,-0.3087,0.0000,-0.5178,0.0000,0.5900,1309118.0000
44.7599,-0.4626,0.2739,4.3277,0.4543,1,1,-0.2072,0.0000,1.2703,0.0000,-0.3083,0.0000,-0.5027,0.0000,0.5900,1309118.0000
44.7702,-0.5527,0.0629,4.2590,0.4543,1,1,-0.1962,0.0000,1.2852,0.0000,-0.3086,0.0000,-0.4920,0.0000,0.5900,1309118.0000
44.7799,-0.4211,-0.0532,4.3376,0.4543,1,1,-0.1809,0.0000,1.3039,0.0000,-0.3081,0.0000,-0.4760,0.0000,0.5900,1309118.0000
44.7900,-0.5476,0.2330,4.2606,0.4543,1,1,-0.1704,0.0000,1.3159,0.0000,-0.3086,0.0000,-0.4659,0.0000,0.5900,1309118.0000
44.8003,-0.5068,-0.2412,4.3040,0.4542,1,1,-0.1587,0.0000,1.3282,0.0000,-0.3089,0.0000,-0.4543,0.0000,0.5900,1309118.0000
44.8100,-0.3047,-0.3405,4.4736,0.4543,1,1,-0.1401,0.0000,1.3469,0.0000,-0.3079,0.0000,-0.4345,0.0000,0.5900,1309118.0000
44.8203,-0.6096,0.3152,4.3380,0.4542,1,1,-0.1328,0.0000,1.3515,0.0000,-0.3091,0.0000,-0.4284,0.0000,0.5900,1309118.0000
44.8299,-0.6216,0.2866,4.2872,0.4541,1,1,-0.1262,0.0000,1.3549,0.0000,-0.3104,0.0000,-0.4231,0.0000,0.5900,1309118.0000
44.8399,-0.2901,0.3054,4.4067,0.4542,1,1,-0.1079,0.0000,1.3703,0.0000,-0.3095,0.0000,-0.4037,0.0000,0.5900,1309118.0000
44.8502,-0.4114,0.3815,4.2513,0.4542,1,1,-0.0945,0.0000,1.3788,0.0000,-0.3095,0.0000,-0.3903,0.0000,0.5900,1309118.0000
44.8600,-0.3923,0.2899,4.2808,0.4542,1,1,-0.0808,0.0000,1.3864,0.0000,-0.3096,0.0000,-0.3765,0.0000,0.5900,1309118.0000
44.8702,-0.2433,0.3497,4.4051,0.4543,1,1,-0.0622,0.0000,1.3980,0.0000,-0.3087,0.0000,-0.3569,0.0000,0.5900,1309118.0000
44.8800,-0.2191,-0.1844,4.4440,0.4544,1,1,-0.0433,0.0000,1.4083,0.0000,-0.3077,0.0000,-0.3369,0.0000,0.5900,1309118.0000
44.8900,-0.1199,-0.4144,4.5245,0.4545,1,1,-0.0215,0.0000,1.4200,0.0000,-0.3063,0.0000,-0.3135,0.0000,0.5900,1309118.0000
44.9003,-0.3431,0.0642,4.3742,0.4545,1,1,-0.0083,0.0000,1.4207,0.0000,-0.3065,0.0000,-0.3006,0.0000,0.5900,1309118.0000
44.9100,-0.5569,0.1847,4.2217,0.4543,1,1,-0.0032,0.0000,1.4118,0.0000,-0.3082,0.0000,-0.2973,0.0000,0.5900,1309118.0000
44.9202,-0.3927,0.1782,4.3563,0.4542,1,1,0.0075,0.0000,1.4085,0.0000,-0.3088,0.0000,-0.2873,0.0000,0.5900,1309118.0000
44.9300,-0.2662,0.2524,4.5076,0.4543,1,1,0.0223,0.0000,1.4087,0.0000,-0.3087,0.0000,-0.2723,0.0000,0.5900,1309118.0000
44.9400,-0.5127,0.2386,4.4707,0.4541,1,1,0.0279,0.0000,1.3980,0.0000,-0.3103,0.0000,-0.2685,0.0000,0.5900,1309118.0000
44.9508,-0.3833,0.6325,4.4508,0.4540,1,1,0.0378,0.0000,1.3915,0.0000,-0.3111,0.0000,-0.2594,0.0000,0.5900,1309118.0000
44.9600,-0.1320,0.3975,4.4275,0.4541,1,1,0.0562,0.0000,1.3931,0.0000,-0.3102,0.0000,-0.2401,0.0000,0.5900,1309118.0000
44.9703,0.0351,-0.0702,4.3221,0.4541,1,1,0.0786,0.0000,1.3972,0.0000,-0.3086,0.0000,-0.2160,0.0000,0.5900,1309118.0000
44.9799,-0.0987,0.1001,4.3477,0.4541,1,1,0.1003,0.0000,1.3986,0.0000,-0.3072,0.0000,-0.1929,0.0000,0.5900,1309118.0000
44.9900,-0.3553,0.0541,4.3643,0.4540,1,1,0.1085,0.0000,1.3846,0.0000,-0.3082,0.0000,-0.1859,0.0000,0.5900,1309118.0000
45.0003,-0.4404,-0.0143,4.4907,0.4539,1,1,0.1134,0.0000,1.3667,0.0000,-0.3100,0.0000,-0.1829,0.0000,0.5900,1309118.0000
45.0100,-0.3393,0.0413,4.5405,0.4538,1,1,0.1215,0.0000,1.3519,0.0000,-0.3110,0.0000,-0.1760,0.0000,0.5900,1309118.0000
45.0203,-0.2076,0.0093,4.5574,0.4537,1,1,0.1339,0.0000,1.3409,0.0000,-0.3112,0.0000,-0.1639,0.0000,0.5900,1309118.0000
45.0300,-0.3497,0.5015,4.3527,0.4536,1,1,0.1408,0.0000,1.3234,0.0000,-0.3125,0.0000,-0.1585,0.0000,0.5900,1309118.0000
45.0399,-0.1203,0.7016,4.2751,0.4537,1,1,0.1554,0.0000,1.3133,0.0000,-0.3122,0.0000,-0.1437,0.0000,0.5900,1309118.0000
45.0502,0.1392,0.2572,4.4851,0.4538,1,1,0.1784,0.0000,1.3106,0.0000,-0.3103,0.0000,-0.1188,0.0000,0.5900,1309118.0000
45.0599,-0.1644,0.4071,4.5185,0.4538,1,1,0.1899,0.0000,1.2945,0.0000,-0.3106,0.0000,-0.1077,0.0000,0.5900,1309118.0000
45.0702,-0.1293,0.3358,4.6987,0.4538,1,1,0.2021,0.0000,1.2783,0.0000,-0.3108,0.0000,-0.0959,0.0000,0.5900,1309118.0000
45.0799,-0.0772,-0.1470,4.7644,0.4538,1,1,0.2183,0.0000,1.2652,0.0000,-0.3101,0.0000,-0.0792,0.0000,0.5900,1309118.0000
45.0900,-0.1242,0.0536,4.4928,0.4538,1,1,0.2293,0.0000,1.2459,0.0000,-0.3104,0.0000,-0.0686,0.0000,0.5900,1309118.0000
45.1002,-0.0132,0.0713,4.4327,0.4538,1,1,0.2442,0.0000,1.2297,0.0000,-0.3100,0.0000,-0.0535,0.0000,0.5900,1309118.0000
45.1100,-0.2082,0.2075,4.3086,0.4537,1,1,0.2511,0.0000,1.2045,0.0000,-0.3110,0.0000,-0.0479,0.0000,0.5900,1309118.0000
45.1202,-0.1750,0.3838,4.4977,0.4536,1,1,0.2587,0.0000,1.1797,0.0000,-0.3119,0.0000,-0.0414,0.0000,0.5900,1309118.0000
45.1299,0.0458,-0.0217,4.8332,0.4536,1,1,0.2719,0.0000,1.1601,0.0000,-0.3116,0.0000,-0.0280,0.0000,0.5900,1309118.0000
45.1400,-0.3487,0.3623,4.6677,0.4535,1,1,0.2724,0.0000,1.1271,0.0000,-0.3138,0.0000,-0.0301,0.0000,0.5900,1309118.0000
45.1508,-0.1789,0.7368,4.6258,0.4534,1,1,0.2785,0.0000,1.0999,0.0000,-0.3148,0.0000,-0.0253,0.0000,0.5900,1309118.0000
45.1599,0.1921,0.1936,4.6128,0.4535,1,1,0.2970,0.0000,1.0847,0.0000,-0.3133,0.0000,-0.0054,0.0000,0.5900,1309118.0000
45.1702,-0.0349,0.4385,4.3304,0.4535,1,1,0.3081,0.0000,1.0608,0.0000,-0.3133,0.0000,0.0054,0.0000,0.5900,1309118.0000
45.1800,-0.0823,0.4202,4.4451,0.4535,1,1,0.3185,0.0000,1.0356,0.0000,-0.3133,0.0000,0.0155,0.0000,0.5900,1309118.0000
45.1900,0.0349,-0.1791,4.5844,0.4535,1,1,0.3283,0.0000,1.0092,0.0000,-0.3134,0.0000,0.0250,0.0000,0.5900,1309118.0000
45.2003,-0.0487,-0.1261,4.6017,0.4535,1,1,0.3375,0.0000,0.9817,0.0000,-0.3136,0.0000,0.0338,0.0000,0.5900,1309118.0000
45.2100,0.0827,-0.0916,4.6714,0.4535,1,1,0.3462,0.0000,0.9531,0.0000,-0.3138,0.0000,0.0419,0.0000,0.5900,1309118.0000
45.2204,-0.0602,0.0230,4.6065,0.4535,1,1,0.3543,0.0000,0.9236,0.0000,-0.3141,0.0000,0.0494,0.0000,0.5900,1309118.0000
45.2300,-0.0797,0.3983,4.4008,0.4535,1,1,0.3618,0.0000,0.8932,0.0000,-0.3144,0.0000,0.0563,0.0000,0.5900,1309118.0000
45.2399,0.2029,0.0523,4.5565,0.4536,1,1,0.3758,0.0000,0.8687,0.0000,-0.3134,0.0000,0.0710,0.0000,0.5900,1309118.0000
45.2502,-0.1352,0.0921,4.4143,0.4535,1,1,0.3773,0.0000,0.8313,0.0000,-0.3148,0.0000,0.0708,0.0000,0.5900,1309118.0000
45.2600,-0.2854,0.6476,4.4476,0.4534,1,1,0.3734,0.0000,0.7886,0.0000,-0.3173,0.0000,0.0640,0.0000,0.5900,1309118.0000
45.2702,0.1419,0.1792,4.7032,0.4534,1,1,0.3839,0.0000,0.7609,0.0000,-0.3167,0.0000,0.0748,0.0000,0.5900,1309118.0000
45.2800,0.1718,0.0994,4.6823,0.4534,1,1,0.3949,0.0000,0.7330,0.0000,-0.3161,0.0000,0.0861,0.0000,0.5900,1309118.0000
45.2900,0.1543,0.3073,4.5978,0.4535,1,1,0.4046,0.0000,0.7033,0.0000,-0.3156,0.0000,0.0960,0.0000,0.5900,1309118.0000
45.3002,0.1444,0.1174,4.5415,0.4535,1,1,0.4133,0.0000,0.6721,0.0000,-0.3153,0.0000,0.1047,0.0000,0.5900,1309118.0000
45.3100,0.0460,0.1052,4.4043,0.4535,1,1,0.4164,0.0000,0.6350,0.0000,-0.3160,0.0000,0.1067,0.0000,0.5900,1309118.0000
45.3202,0.0458,-0.1631,4.4394,0.4535,1,1,0.4191,0.0000,0.5975,0.0000,-0.3167,0.0000,0.1083,0.0000,0.5900,1309118.0000
45.3300,0.1322,-0.2800,4.5438,0.4535,1,1,0.4259,0.0000,0.5643,0.0000,-0.3166,0.0000,0.1149,0.0000,0.5900,1309118.0000
45.3400,-0.1615,0.4215,4.5065,0.4535,1,1,0.4220,0.0000,0.5203,0.0000,-0.3185,0.0000,0.1087,0.0000,0.5900,1309118.0000
45.3508,-0.0489,0.4927,4.5169,0.4535,1,1,0.4235,0.0000,0.4823,0.0000,-0.3192,0.0000,0.1091,0.0000,0.5900,1309118.0000
45.3600,0.2396,0.2596,4.5333,0.4535,1,1,0.4328,0.0000,0.4524,0.0000,-0.3183,0.0000,0.1190,0.0000,0.5900,1309118.0000
45.3702,0.0687,0.3729,4.3331,0.4535,1,1,0.4332,0.0000,0.4132,0.0000,-0.3192,0.0000,0.1182,0.0000,0.5900,1309118.0000
45.3800,0.0579,0.3090,4.3133,0.4535,1,1,0.4333,0.0000,0.3739,0.0000,-0.3200,0.0000,0.1171,0.0000,0.5950,1309116.1250
45.3900,0.2169,0.2354,4.4234,0.4534,1,1,0.4405,0.0000,0.3422,0.0000,-0.3193,0.0000,0.1246,0.0000,0.5950,1309116.1250
45.4003,0.1662,0.0660,4.4298,0.4534,1,1,0.4453,0.0000,0.3079,0.0000,-0.3190,0.0000,0.1294,0.0000,0.5950,1309116.1250
45.4099,0.2927,-0.2418,4.4428,0.4534,1,1,0.4540,0.0000,0.2775,0.0000,-0.3178,0.0000,0.1389,0.0000,0.5950,1309116.1250
45.4203,0.1441,0.1264,4.4019,0.4534,1,1,0.4569,0.0000,0.2408,0.0000,-0.3178,0.0000,0.1415,0.0000,0.5950,1309116.1250
45.4300,-0.1042,0.4237,4.1865,0.4535,1,1,0.4509,0.0000,0.1950,0.0000,-0.3195,0.0000,0.1333,0.0000,0.5950,1309116.1250
45.4400,0.0797,0.1171,4.3042,0.4535,1,1,0.4483,0.0000,0.1536,0.0000,-0.3205,0.0000,0.1293,0.0000,0.5950,1309116.1250
45.4503,0.1393,0.2101,4.3781,0.4535,1,1,0.4502,0.0000,0.1176,0.0000,-0.3204,0.0000,0.1309,0.0000,0.5950,1309116.1250
45.4599,-0.1406,0.3532,4.2730,0.4535,1,1,0.4420,0.0000,0.0713,0.0000,-0.3223,0.0000,0.1204,0.0000,0.5950,1309116.1250
45.4703,0.0006,0.5081,4.4057,0.4535,1,1,0.4386,0.0000,0.0310,0.0000,-0.3232,0.0000,0.1157,0.0000,0.5950,1309116.1250
45.4800,0.2693,0.5555,4.3248,0.4535,1,1,0.4442,0.0000,0.0010,0.0000,-0.3221,0.0000,0.1221,0.0000,0.5950,1309116.1250
45.4899,0.2778,0.0951,4.2923,0.4534,1,1,0.4495,0.0000,-0.0294,0.0000,-0.3210,0.0000,0.1283,0.0000,0.5950,1309116.1250
45.5002,0.2395,0.2173,4.2832,0.4534,1,1,0.4531,0.0000,-0.0617,0.0000,-0.3202,0.0000,0.1323,0.0000,0.5950,1309116.1250
45.5100,0.1424,0.3211,4.3241,0.4534,1,1,0.4528,0.0000,-0.0981,0.0000,-0.3201,0.0000,0.1317,0.0000,0.5950,1309116.1250
45.5202,0.2058,-0.2192,4.4304,0.4534,1,1,0.4544,0.0000,-0.1321,0.0000,-0.3196,0.0000,0.1335,0.0000,0.5950,1309116.1250
45.5300,0.2218,-0.0117,4.4939,0.4533,1,1,0.4561,0.0000,-0.1657,0.0000,-0.3190,0.0000,0.1355,0.0000,0.5950,1309116.1250
45.5400,0.1917,0.1691,4.4470,0.4533,1,1,0.4564,0.0000,-0.2006,0.0000,-0.3186,0.0000,0.1358,0.0000,0.5950,1309116.1250
45.5508,-0.0131,0.3591,4.4331,0.4533,1,1,0.4497,0.0000,-0.2427,0.0000,-0.3195,0.0000,0.1277,0.0000,0.5950,1309116.1250
45.5600,-0.0099,0.7006,4.3386,0.4533,1,1,0.4429,0.0000,-0.2841,0.0000,-0.3204,0.0000,0.1196,0.0000,0.5950,1309116.1250
45.5703,0.2277,0.3714,4.5206,0.4532,1,1,0.4438,0.0000,-0.3159,0.0000,-0.3197,0.0000,0.1209,0.0000,0.5950,1309116.1250
45.5799,0.1490,0.3704,4.5359,0.4532,1,1,0.4416,0.0000,-0.3508,0.0000,-0.3195,0.0000,0.1186,0.0000,0.5950,1309116.1250
45.5900,-0.0262,0.8037,4.4929,0.4532,1,1,0.4339,0.0000,-0.3912,0.0000,-0.3203,0.0000,0.1097,0.0000,0.5950,1309116.1250
45.6003,0.2842,0.4657,4.6555,0.4531,1,1,0.4361,0.0000,-0.4196,0.0000,-0.3191,0.0000,0.1128,0.0000,0.5950,1309116.1250
45.6100,0.3081,0.2428,4.5049,0.4530,1,1,0.4387,0.0000,-0.4474,0.0000,-0.3177,0.0000,0.1165,0.0000,0.5950,1309116.1250
45.6203,0.1634,0.2803,4.3197,0.4530,1,1,0.4359,0.0000,-0.4811,0.0000,-0.3174,0.0000,0.1137,0.0000,0.5950,1309116.1250
45.6300,0.0728,0.1915,4.3562,0.4530,1,1,0.4271,0.0000,-0.5208,0.0000,-0.3182,0.0000,0.1037,0.0000,0.5950,1309116.1250
45.6400,-0.0438,0.3184,4.2822,0.4530,1,1,0.4183,0.0000,-0.5595,0.0000,-0.3189,0.0000,0.0938,0.0000,0.5950,1309116.1250
45.6502,0.1590,0.1630,4.5116,0.4529,1,1,0.4149,0.0000,-0.5908,0.0000,-0.3184,0.0000,0.0906,0.0000,0.5950,1309116.1250
45.6599,0.1546,0.1679,4.6340,0.4529,1,1,0.4113,0.0000,-0.6219,0.0000,-0.3180,0.0000,0.0871,0.0000,0.5950,1309116.1250
45.6703,-0.2536,0.6055,4.4117,0.4531,1,1,0.3931,0.0000,-0.6687,0.0000,-0.3204,0.0000,0.0660,0.0000,0.5950,1309116.1250
45.6800,0.0123,0.4133,4.4799,0.4531,1,1,0.3841,0.0000,-0.7033,0.0000,-0.3209,0.0000,0.0562,0.0000,0.5950,1309116.1250
45.6899,0.2181,0.1911,4.5175,0.4530,1,1,0.3828,0.0000,-0.7279,0.0000,-0.3197,0.0000,0.0558,0.0000,0.5950,1309116.1250
45.7002,-0.1195,0.6921,4.3658,0.4531,1,1,0.3693,0.0000,-0.7660,0.0000,-0.3210,0.0000,0.0407,0.0000,0.5950,1309116.1250
45.7100,0.1000,0.6352,4.5533,0.4531,1,1,0.3602,0.0000,-0.7975,0.0000,-0.3213,0.0000,0.0310,0.0000,0.5950,1309116.1250
45.7203,0.1780,0.4502,4.6523,0.4530,1,1,0.3574,0.0000,-0.8208,0.0000,-0.3202,0.0000,0.0290,0.0000,0.5950,1309116.1250
45.7300,-0.0328,0.6684,4.4446,0.4530,1,1,0.3482,0.0000,-0.8509,0.0000,-0.3204,0.0000,0.0193,0.0000,0.5950,1309116.1250
45.7400,0.0881,0.3791,4.4942,0.4530,1,1,0.3390,0.0000,-0.8799,0.0000,-0.3206,0.0000,0.0097,0.0000,0.5950,1309116.1250
45.7508,-0.0061,0.2633,4.3346,0.4530,1,1,0.3299,0.0000,-0.9078,0.0000,-0.3206,0.0000,0.0002,0.0000,0.5950,1309116.1250
45.7599,-0.1014,0.0450,4.3325,0.4531,1,1,0.3172,0.0000,-0.9386,0.0000,-0.3213,0.0000,-0.0135,0.0000,0.5950,1309116.1250
45.7702,0.0202,-0.1883,4.5353,0.4531,1,1,0.3083,0.0000,-0.9638,0.0000,-0.3212,0.0000,-0.0226,0.0000,0.5950,1309116.1250
45.7799,-0.1944,0.3335,4.5596,0.4533,1,1,0.2926,0.0000,-0.9958,0.0000,-0.3225,0.0000,-0.0398,0.0000,0.5950,1309116.1250
45.7899,-0.1906,0.5315,4.5249,0.4534,1,1,0.2773,0.0000,-1.0257,0.0000,-0.3235,0.0000,-0.0565,0.0000,0.5950,1309116.1250
45.8003,0.0992,0.2247,4.6264,0.4534,1,1,0.2690,0.0000,-1.0459,0.0000,-0.3231,0.0000,-0.0646,0.0000,0.5950,1309116.1250
45.8100,-0.2227,0.5454,4.3326,0.4536,1,1,0.2529,0.0000,-1.0741,0.0000,-0.3242,0.0000,-0.0820,0.0000,0.5950,1309116.1250
45.8203,-0.3678,0.6461,4.2264,0.4539,1,1,0.2320,0.0000,-1.1063,0.0000,-0.3262,0.0000,-0.1053,0.0000,0.5950,1309116.1250
45.8300,-0.0386,0.4151,4.4529,0.4539,1,1,0.2247,0.0000,-1.1209,0.0000,-0.3255,0.0000,-0.1120,0.0000,0.5950,1309116.1250
45.8399,-0.1487,0.4248,4.4484,0.4539,1,1,0.2122,0.0000,-1.1407,0.0000,-0.3258,0.0000,-0.1250,0.0000,0.5950,1309116.1250
45.8503,-0.1343,0.3661,4.5065,0.4540,1,1,0.2005,0.0000,-1.1583,0.0000,-0.3258,0.0000,-0.1369,0.0000,0.5950,1309116.1250
45.8600,-0.0522,0.4677,4.5854,0.4540,1,1,0.1938,0.0000,-1.1691,0.0000,-0.3249,0.0000,-0.1428,0.0000,0.5950,1309116.1250
45.8703,-0.2157,0.4307,4.3233,0.4540,1,1,0.1795,0.0000,-1.1878,0.0000,-0.3254,0.0000,-0.1578,0.0000,0.5950,1309116.1250
45.8800,-0.0056,0.0041,4.3561,0.4540,1,1,0.1732,0.0000,-1.1961,0.0000,-0.3243,0.0000,-0.1630,0.0000,0.5950,1309116.1250
45.8899,-0.1515,0.0889,4.3111,0.4540,1,1,0.1617,0.0000,-1.2097,0.0000,-0.3242,0.0000,-0.1746,0.0000,0.5950,1309116.1250
45.9002,-0.4385,0.3661,4.2515,0.4543,1,1,0.1402,0.0000,-1.2334,0.0000,-0.3260,0.0000,-0.1982,0.0000,0.5950,1309116.1250
45.9100,-0.2410,0.0877,4.4785,0.4544,1,1,0.1263,0.0000,-1.2465,0.0000,-0.3263,0.0000,-0.2125,0.0000,0.5950,1309116.1250
45.9200,-0.1301,0.2980,4.5025,0.4543,1,1,0.1168,0.0000,-1.2536,0.0000,-0.3258,0.0000,-0.2215,0.0000,0.5950,1309116.1250
45.9302,-0.4108,0.6526,4.3826,0.4545,1,1,0.0975,0.0000,-1.2706,0.0000,-0.3271,0.0000,-0.2423,0.0000,0.5950,1309116.1250
45.9400,-0.2691,0.7436,4.3408,0.4545,1,1,0.0838,0.0000,-1.2796,0.0000,-0.3272,0.0000,-0.2562,0.0000,0.5950,1309116.1250
45.9508,-0.0483,0.6692,4.3582,0.4545,1,1,0.0802,0.0000,-1.2764,0.0000,-0.3255,0.0000,-0.2581,0.0000,0.5950,1309116.1250
45.9599,-0.0239,0.2850,4.3169,0.4545,1,1,0.0766,0.0000,-1.2728,0.0000,-0.3237,0.0000,-0.2598,0.0000,0.5950,1309116.1250
45.9700,-0.1800,0.3092,4.3885,0.4544,1,1,0.0667,0.0000,-1.2760,0.0000,-0.3232,0.0000,-0.2692,0.0000,0.5950,1309116.1250
45.9803,-0.3117,0.4380,4.3321,0.4545,1,1,0.0525,0.0000,-1.2831,0.0000,-0.3234,0.0000,-0.2838,0.0000,0.5950,1309116.1250
45.9900,-0.2472,0.0021,4.4879,0.4544,1,1,0.0409,0.0000,-1.2859,0.0000,-0.3232,0.0000,-0.2951,0.0000,0.5950,1309116.1250
46.0002,-0.2510,-0.0027,4.4344,0.4544,1,1,0.0296,0.0000,-1.2876,0.0000,-0.3229,0.0000,-0.3061,0.0000,0.5950,1309116.1250
46.0100,-0.3991,0.1538,4.3343,0.4545,1,1,0.0135,0.0000,-1.2935,0.0000,-0.3235,0.0000,-0.3230,0.0000,0.5950,1309116.1250
46.0200,-0.4880,0.4025,4.2856,0.4546,1,1,-0.0054,0.0000,-1.3009,0.0000,-0.3247,0.0000,-0.3430,0.0000,0.5950,1309116.1250
46.0302,-0.4054,0.6146,4.2303,0.4547,1,1,-0.0206,0.0000,-1.3028,0.0000,-0.3251,0.0000,-0.3587,0.0000,0.5950,1309116.1250
46.0400,-0.1840,0.1990,4.3409,0.4545,1,1,-0.0274,0.0000,-1.2946,0.0000,-0.3239,0.0000,-0.3642,0.0000,0.5950,1309116.1250
46.0502,-0.3947,0.4287,4.3710,0.4545,1,1,-0.0414,0.0000,-1.2935,0.0000,-0.3241,0.0000,-0.3785,0.0000,0.5950,1309116.1250
46.0600,-0.4631,0.8276,4.3456,0.4546,1,1,-0.0574,0.0000,-1.2932,0.0000,-0.3247,0.0000,-0.3950,0.0000,0.5950,1309116.1250
46.0700,-0.2221,0.1696,4.5259,0.4545,1,1,-0.0642,0.0000,-1.2822,0.0000,-0.3235,0.0000,-0.4005,0.0000,0.5950,1309116.1250
46.0804,-0.3032,-0.0017,4.3835,0.4544,1,1,-0.0735,0.0000,-1.2734,0.0000,-0.3228,0.0000,-0.4091,0.0000,0.5950,1309116.1250
46.0899,-0.3586,0.0899,4.2674,0.4544,1,1,-0.0845,0.0000,-1.2655,0.0000,-0.3225,0.0000,-0.4196,0.0000,0.5950,1309116.1250
46.1002,-0.4450,-0.0993,4.3507,0.4544,1,1,-0.0980,0.0000,-1.2596,0.0000,-0.3227,0.0000,-0.4333,0.0000,0.5950,1309116.1250
46.1100,-0.6807,0.2308,4.2992,0.4546,1,1,-0.1194,0.0000,-1.2605,0.0000,-0.3243,0.0000,-0.4563,0.0000,0.5950,1309116.1250
46.1200,-0.3719,-0.0669,4.4072,0.4545,1,1,-0.1290,0.0000,-1.2477,0.0000,-0.3238,0.0000,-0.4653,0.0000,0.5950,1309116.1250
46.1302,-0.4248,0.0455,4.4001,0.4545,1,1,-0.1401,0.0000,-1.2358,0.0000,-0.3235,0.0000,-0.4759,0.0000,0.5950,1309116.1250
46.1400,-0.7373,0.7745,4.1170,0.4547,1,1,-0.1616,0.0000,-1.2336,0.0000,-0.3253,0.0000,-0.4992,0.0000,0.5950,1309116.1250
46.1508,-0.3974,0.5194,4.2578,0.4546,1,1,-0.1704,0.0000,-1.2168,0.0000,-0.3246,0.0000,-0.5071,0.0000,0.5950,1309116.1250
46.1599,-0.2857,0.3694,4.2202,0.4544,1,1,-0.1748,0.0000,-1.1952,0.0000,-0.3231,0.0000,-0.5098,0.0000,0.5950,1309116.1250
46.1700,-0.6041,0.4461,4.0291,0.4545,1,1,-0.1900,0.0000,-1.1842,0.0000,-0.3237,0.0000,-0.5256,0.0000,0.5950,1309116.1250
46.1803,-0.5022,0.3118,4.1973,0.4545,1,1,-0.2010,0.0000,-1.1679,0.0000,-0.3236,0.0000,-0.5363,0.0000,0.5950,1309116.1250
46.1900,-0.5462,0.4592,4.0738,0.4545,1,1,-0.2131,0.0000,-1.1519,0.0000,-0.3236,0.0000,-0.5482,0.0000,0.5950,1309116.1250
46.2003,-0.5206,0.0214,4.1009,0.4545,1,1,-0.2236,0.0000,-1.1335,0.0000,-0.3234,0.0000,-0.5584,0.0000,0.5950,1309116.1250
46.2100,-0.4046,-0.1069,4.3164,0.4544,1,1,-0.2296,0.0000,-1.1100,0.0000,-0.3224,0.0000,-0.5631,0.0000,0.5950,1309116.1250
46.2200,-0.7352,0.4327,4.2126,0.4545,1,1,-0.2467,0.0000,-1.0972,0.0000,-0.3236,0.0000,-0.5812,0.0000,0.5950,1309116.1250
46.2303,-0.6290,0.4691,4.2738,0.4545,1,1,-0.2593,0.0000,-1.0787,0.0000,-0.3239,0.0000,-0.5940,0.0000,0.5950,1309116.1250
46.2399,-0.4200,0.5660,4.3515,0.4544,1,1,-0.2641,0.0000,-1.0516,0.0000,-0.3227,0.0000,-0.5973,0.0000,0.5950,1309116.1250
46.2502,-0.6188,0.6836,4.0693,0.4544,1,1,-0.2753,0.0000,-1.0308,0.0000,-0.3229,0.0000,-0.6085,0.0000,0.5950,1309116.1250
46.2600,-0.5558,0.5173,4.1727,0.4544,1,1,-0.2838,0.0000,-1.0066,0.0000,-0.3225,0.0000,-0.6164,0.0000,0.5950,1309116.1250
46.2700,-0.4851,0.6338,4.1853,0.4544,1,1,-0.2893,0.0000,-0.9790,0.0000,-0.3216,0.0000,-0.6207,0.0000,0.5950,1309116.1250
46.2803,-0.5261,0.2024,4.2412,0.4543,1,1,-0.2958,0.0000,-0.9522,0.0000,-0.3210,0.0000,-0.6263,0.0000,0.5950,1309116.1250
46.2900,-0.3880,-0.2254,4.3286,0.4542,1,1,-0.2971,0.0000,-0.9201,0.0000,-0.3193,0.0000,-0.6256,0.0000,0.5950,1309116.1250
46.3003,-0.5974,0.1234,4.0856,0.4542,1,1,-0.3053,0.0000,-0.8949,0.0000,-0.3191,0.0000,-0.6334,0.0000,0.5950,1309116.1250
46.3100,-0.7574,0.2468,3.9899,0.4543,1,1,-0.3185,0.0000,-0.8743,0.0000,-0.3200,0.0000,-0.6473,0.0000,0.5950,1309116.1250
46.3200,-0.6210,0.2977,4.0296,0.4543,1,1,-0.3264,0.0000,-0.8474,0.0000,-0.3198,0.0000,-0.6546,0.0000,0.5950,1309116.1250
46.3302,-0.5694,0.5113,4.0876,0.4542,1,1,-0.3319,0.0000,-0.8180,0.0000,-0.3192,0.0000,-0.6593,0.0000,0.5950,1309116.1250
46.3400,-0.6723,0.4942,4.1718,0.4542,1,1,-0.3405,0.0000,-0.7914,0.0000,-0.3193,0.0000,-0.6677,0.0000,0.5950,1309116.1250
46.3508,-0.7918,0.8278,4.0438,0.4543,1,1,-0.3527,0.0000,-0.7678,0.0000,-0.3202,0.0000,-0.6806,0.0000,0.5950,1309116.1250
46.3599,-0.5170,0.5196,3.9977,0.4542,1,1,-0.3548,0.0000,-0.7336,0.0000,-0.3190,0.0000,-0.6811,0.0000,0.5950,1309116.1250
46.3699,-0.3047,-0.0065,3.9324,0.4542,1,1,-0.3491,0.0000,-0.6919,0.0000,-0.3165,0.0000,-0.6725,0.0000,0.5950,1309116.1250
46.3803,-0.4555,0.1822,3.7490,0.4542,1,1,-0.3486,0.0000,-0.6562,0.0000,-0.3150,0.0000,-0.6701,0.0000,0.6000,1309122.5000
46.3899,-0.4624,0.1691,3.8771,0.4541,1,1,-0.3480,0.0000,-0.6207,0.0000,-0.3135,0.0000,-0.6677,0.0000,0.6000,1309122.5000
46.4002,-0.5659,-0.0391,3.8770,0.4541,1,1,-0.3507,0.0000,-0.5889,0.0000,-0.3128,0.0000,-0.6694,0.0000,0.6000,1309122.5000
46.4100,-0.5569,0.2014,3.9176,0.4541,1,1,-0.3527,0.0000,-0.5566,0.0000,-0.3121,0.0000,-0.6703,0.0000,0.6000,1309122.5000
46.4200,-0.3562,0.2139,4.0226,0.4541,1,1,-0.3475,0.0000,-0.5171,0.0000,-0.3099,0.0000,-0.6625,0.0000,0.6000,1309122.5000
46.4302,-0.6818,0.6722,3.7593,0.4541,1,1,-0.3533,0.0000,-0.4895,0.0000,-0.3100,0.0000,-0.6682,0.0000,0.6000,1309122.5000
46.4399,-0.4965,0.8209,3.7548,0.4541,1,1,-0.3523,0.0000,-0.4549,0.0000,-0.3088,0.0000,-0.6657,0.0000,0.6000,1309122.5000
46.4502,-0.1981,0.3613,3.9921,0.4541,1,1,-0.3408,0.0000,-0.4101,0.0000,-0.3056,0.0000,-0.6504,0.0000,0.6000,1309122.5000
46.4599,-0.4801,0.4186,3.8509,0.4541,1,1,-0.3390,0.0000,-0.3765,0.0000,-0.3044,0.0000,-0.6472,0.0000,0.6000,1309122.5000
46.4699,-0.5111,0.3277,3.9764,0.4542,1,1,-0.3381,0.0000,-0.3441,0.0000,-0.3035,0.0000,-0.6450,0.0000,0.6000,1309122.5000
46.4804,-0.5550,0.0495,3.9913,0.4542,1,1,-0.3384,0.0000,-0.3135,0.0000,-0.3028,0.0000,-0.6444,0.0000,0.6000,1309122.5000
46.4900,-0.6938,0.2010,3.8133,0.4542,1,1,-0.3433,0.0000,-0.2876,0.0000,-0.3032,0.0000,-0.6493,0.0000,0.6000,1309122.5000
46.5002,-0.3979,-0.0262,4.0097,0.4542,1,1,-0.3375,0.0000,-0.2509,0.0000,-0.3014,0.0000,-0.6414,0.0000,0.6000,1309122.5000
46.5100,-0.5064,0.3326,4.0315,0.4542,1,1,-0.3354,0.0000,-0.2187,0.0000,-0.3005,0.0000,-0.6380,0.0000,0.6000,1309122.5000
46.5200,-0.7363,0.8152,4.0439,0.4542,1,1,-0.3409,0.0000,-0.1948,0.0000,-0.3012,0.0000,-0.6441,0.0000,0.6000,1309122.5000
46.5302,-0.4129,0.2686,4.2577,0.4543,1,1,-0.3349,0.0000,-0.1589,0.0000,-0.2996,0.0000,-0.6361,0.0000,0.6000,1309122.5000
46.5399,-0.5072,0.3235,4.1299,0.4543,1,1,-0.3321,0.0000,-0.1270,0.0000,-0.2987,0.0000,-0.6320,0.0000,0.6000,1309122.5000
46.5508,-0.7235,0.4855,4.0222,0.4543,1,1,-0.3365,0.0000,-0.1032,0.0000,-0.2993,0.0000,-0.6368,0.0000,0.6000,1309122.5000
46.5599,-0.5690,0.4737,4.1782,0.4543,1,1,-0.3352,0.0000,-0.0734,0.0000,-0.2988,0.0000,-0.6348,0.0000,0.6000,1309122.5000
46.5699,-0.4865,0.4231,4.2272,0.4543,1,1,-0.3308,0.0000,-0.0407,0.0000,-0.2978,0.0000,-0.6290,0.0000,0.6000,1309122.5000
46.5803,-0.3276,-0.1701,4.2899,0.4544,1,1,-0.3209,0.0000,-0.0029,0.0000,-0.2957,0.0000,-0.6166,0.0000,0.6000,1309122.5000
46.5900,-0.4402,-0.3120,4.2906,0.4545,1,1,-0.3148,0.0000,0.0296,0.0000,-0.2944,0.0000,-0.6089,0.0000,0.6000,1309122.5000
46.6000,-0.7248,0.1257,4.0637,0.4544,1,1,-0.3185,0.0000,0.0511,0.0000,-0.2952,0.0000,-0.6132,0.0000,0.6000,1309122.5000
46.6108,-0.5278,-0.1575,4.1126,0.4545,1,1,-0.3151,0.0000,0.0802,0.0000,-0.2946,0.0000,-0.6089,0.0000,0.6000,1309122.5000
46.6200,-0.4243,0.1095,4.1548,0.4545,1,1,-0.3079,0.0000,0.1126,0.0000,-0.2933,0.0000,-0.6001,0.0000,0.6000,1309122.5000
46.6302,-0.6166,0.4133,4.1294,0.4545,1,1,-0.3073,0.0000,0.1371,0.0000,-0.2935,0.0000,-0.5994,0.0000,0.6000,1309122.5000
46.6399,-0.6802,0.4042,4.2487,0.4545,1,1,-0.3087,0.0000,0.1592,0.0000,-0.2940,0.0000,-0.6012,0.0000,0.6000,1309122.5000
46.6500,-0.5502,0.4178,4.3030,0.4545,1,1,-0.3054,0.0000,0.1863,0.0000,-0.2937,0.0000,-0.5972,0.0000,0.6000,1309122.5000
46.6602,-0.4537,-0.0262,4.3002,0.4546,1,1,-0.2986,0.0000,0.2165,0.0000,-0.2927,0.0000,-0.5891,0.0000,0.6000,1309122.5000
46.6700,-0.4159,-0.0299,4.2252,0.4547,1,1,-0.2904,0.0000,0.2473,0.0000,-0.2914,0.0000,-0.5794,0.0000,0.6000,1309122.5000
46.6804,-0.4089,0.2983,4.1849,0.4547,1,1,-0.2820,0.0000,0.2773,0.0000,-0.2902,0.0000,-0.5695,0.0000,0.6000,1309122.5000
46.6900,-0.4152,-0.2252,4.2730,0.4548,1,1,-0.2739,0.0000,0.3061,0.0000,-0.2892,0.0000,-0.5600,0.0000,0.6000,1309122.5000
46.7000,-0.3651,-0.1860,4.3910,0.4549,1,1,-0.2641,0.0000,0.3358,0.0000,-0.2878,0.0000,-0.5485,0.0000,0.6000,1309122.5000
46.7102,-0.4910,0.0558,4.4632,0.4549,1,1,-0.2587,0.0000,0.3595,0.0000,-0.2874,0.0000,-0.5425,0.0000,0.6000,1309122.5000
46.7200,-0.7223,0.1584,4.3729,0.4548,1,1,-0.2614,0.0000,0.3739,0.0000,-0.2887,0.0000,-0.5463,0.0000,0.6000,1309122.5000
46.7303,-0.6513,0.5211,4.2852,0.4548,1,1,-0.2613,0.0000,0.3913,0.0000,-0.2894,0.0000,-0.5468,0.0000,0.6000,1309122.5000
46.7399,-0.3803,0.2688,4.3663,0.4549,1,1,-0.2516,0.0000,0.4189,0.0000,-0.2882,0.0000,-0.5356,0.0000,0.6000,1309122.5000
46.7500,-0.5110,0.1857,4.3415,0.4549,1,1,-0.2465,0.0000,0.4404,0.0000,-0.2880,0.0000,-0.5302,0.0000,0.6000,1309122.5000
46.7602,-0.5155,0.6344,4.4454,0.4549,1,1,-0.2416,0.0000,0.4610,0.0000,-0.2879,0.0000,-0.5250,0.0000,0.6000,1309122.5000
46.7699,-0.3655,0.0347,4.6134,0.4550,1,1,-0.2315,0.0000,0.4868,0.0000,-0.2868,0.0000,-0.5134,0.0000,0.6000,1309122.5000
46.7803,-0.3303,-0.3001,4.5100,0.4551,1,1,-0.2202,0.0000,0.5127,0.0000,-0.2855,0.0000,-0.5006,0.0000,0.6000,1309122.5000
46.7899,-0.4376,0.0489,4.4826,0.4551,1,1,-0.2129,0.0000,0.5331,0.0000,-0.2851,0.0000,-0.4926,0.0000,0.6000,1309122.5000
46.8000,-0.4970,0.0927,4.3878,0.4551,1,1,-0.2077,0.0000,0.5503,0.0000,-0.2851,0.0000,-0.4873,0.0000,0.6000,1309122.5000
46.8108,-0.6537,0.2961,4.3376,0.4550,1,1,-0.2080,0.0000,0.5610,0.0000,-0.2863,0.0000,-0.4887,0.0000,0.6000,1309122.5000
46.8199,-0.3192,0.1533,4.3806,0.4551,1,1,-0.1965,0.0000,0.5844,0.0000,-0.2851,0.0000,-0.4757,0.0000,0.6000,1309122.5000
46.8303,-0.4247,0.0839,4.4725,0.4552,1,1,-0.1888,0.0000,0.6024,0.0000,-0.2848,0.0000,-0.4676,0.0000,0.6000,1309122.5000
46.8399,-0.6955,0.7301,4.3977,0.4550,1,1,-0.1908,0.0000,0.6092,0.0000,-0.2863,0.0000,-0.4710,0.0000,0.6000,1309122.5000
46.8499,-0.5088,0.7105,4.4818,0.4550,1,1,-0.1860,0.0000,0.6234,0.0000,-0.2866,0.0000,-0.4664,0.0000,0.6000,1309122.5000
46.8602,-0.2700,0.3068,4.4395,0.4551,1,1,-0.1729,0.0000,0.6460,0.0000,-0.2852,0.0000,-0.4517,0.0000,0.6000,1309122.5000
46.8699,-0.4441,0.3307,4.2931,0.4551,1,1,-0.1662,0.0000,0.6604,0.0000,-0.2852,0.0000,-0.4448,0.0000,0.6000,1309122.5000
46.8803,-0.3251,0.2529,4.3870,0.4552,1,1,-0.1554,0.0000,0.6786,0.0000,-0.2843,0.0000,-0.4329,0.0000,0.6000,1309122.5000
46.8900,-0.3070,0.3981,4.4164,0.4553,1,1,-0.1442,0.0000,0.6960,0.0000,-0.2835,0.0000,-0.4207,0.0000,0.6000,1309122.5000
46.9000,-0.3734,0.3000,4.3855,0.4553,1,1,-0.1356,0.0000,0.7096,0.0000,-0.2831,0.0000,-0.4116,0.0000,0.6000,1309122.5000
46.9103,-0.2680,-0.0066,4.4296,0.4554,1,1,-0.1234,0.0000,0.7261,0.0000,-0.2821,0.0000,-0.3983,0.0000,0.6000,1309122.5000
46.9200,-0.4418,0.3366,4.3043,0.4554,1,1,-0.1177,0.0000,0.7346,0.0000,-0.2824,0.0000,-0.3928,0.0000,0.6000,1309122.5000
46.9302,-0.5995,0.4396,4.2835,0.4552,1,1,-0.1176,0.0000,0.7365,0.0000,-0.2839,0.0000,-0.3941,0.0000,0.6000,1309122.5000
46.9400,-0.3240,0.1615,4.4483,0.4553,1,1,-0.1078,0.0000,0.7487,0.0000,-0.2834,0.0000,-0.3837,0.0000,0.6000,1309122.5000
46.9500,-0.2566,0.2319,4.4855,0.4554,1,1,-0.0958,0.0000,0.7623,0.0000,-0.2825,0.0000,-0.3707,0.0000,0.6000,1309122.5000
46.9602,-0.4005,0.3962,4.4622,0.4553,1,1,-0.0893,0.0000,0.7690,0.0000,-0.2827,0.0000,-0.3643,0.0000,0.6000,1309122.5000
46.9700,-0.4532,0.6961,4.4548,0.4553,1,1,-0.0847,0.0000,0.7730,0.0000,-0.2833,0.0000,-0.3603,0.0000,0.6000,1309122.5000
46.9803,-0.2660,0.5999,4.4610,0.4554,1,1,-0.0736,0.0000,0.7835,0.0000,-0.2827,0.0000,-0.3485,0.0000,0.6000,1309122.5000
46.9900,-0.1611,0.0065,4.4614,0.4555,1,1,-0.0592,0.0000,0.7964,0.0000,-0.2814,0.0000,-0.3326,0.0000,0.6000,1309122.5000
47.0000,-0.3149,0.0765,4.4128,0.4555,1,1,-0.0506,0.0000,0.8019,0.0000,-0.2813,0.0000,-0.3239,0.0000,0.6000,1309122.5000
47.0108,-0.3865,0.1526,4.4200,0.4554,1,1,-0.0448,0.0000,0.8038,0.0000,-0.2817,0.0000,-0.3185,0.0000,0.6000,1309122.5000
47.0199,-0.2563,-0.1651,4.5394,0.4555,1,1,-0.0346,0.0000,0.8097,0.0000,-0.2813,0.0000,-0.3078,0.0000,0.6000,1309122.5000
47.0302,-0.1754,0.0752,4.5752,0.4556,1,1,-0.0219,0.0000,0.8174,0.0000,-0.2803,0.0000,-0.2940,0.0000,0.6000,1309122.5000
47.0400,-0.2059,0.2155,4.5985,0.4556,1,1,-0.0106,0.0000,0.8225,0.0000,-0.2797,0.0000,-0.2821,0.0000,0.6000,1309122.5000
47.0500,-0.4552,0.3421,4.5723,0.4555,1,1,-0.0084,0.0000,0.8170,0.0000,-0.2809,0.0000,-0.2812,0.0000,0.6000,1309122.5000
47.0602,-0.4439,0.4364,4.5381,0.4554,1,1,-0.0060,0.0000,0.8118,0.0000,-0.2821,0.0000,-0.2799,0.0000,0.6000,1309122.5000
47.0700,-0.2269,-0.0192,4.7142,0.4554,1,1,0.0040,0.0000,0.8142,0.0000,-0.2817,0.0000,-0.2695,0.0000,0.6000,1309122.5000
47.0804,-0.3290,0.2438,4.6320,0.4554,1,1,0.0101,0.0000,0.8117,0.0000,-0.2821,0.0000,-0.2639,0.0000,0.6000,1309122.5000
47.0900,-0.3220,0.6042,4.5878,0.4554,1,1,0.0161,0.0000,0.8088,0.0000,-0.2825,0.0000,-0.2583,0.0000,0.6000,1309122.5000
47.0999,0.0823,0.1178,4.7600,0.4554,1,1,0.0333,0.0000,0.8168,0.0000,-0.2807,0.0000,-0.2393,0.0000,0.6000,1309122.5000
47.1103,0.0376,0.1187,4.7448,0.4554,1,1,0.0498,0.0000,0.8226,0.0000,-0.2791,0.0000,-0.2210,0.0000,0.6000,1309122.5000
47.1200,-0.1546,0.0382,4.6173,0.4554,1,1,0.0604,0.0000,0.8209,0.0000,-0.2786,0.0000,-0.2100,0.0000,0.6000,1309122.5000
47.1302,-0.2884,-0.0425,4.5756,0.4554,1,1,0.0658,0.0000,0.8132,0.0000,-0.2792,0.0000,-0.2052,0.0000,0.6000,1309122.5000
47.1400,-0.4115,0.1210,4.3433,0.4553,1,1,0.0668,0.0000,0.8005,0.0000,-0.2806,0.0000,-0.2058,0.0000,0.6000,1309122.5000
47.1500,-0.2831,-0.1009,4.3854,0.4552,1,1,0.0721,0.0000,0.7923,0.0000,-0.2811,0.0000,-0.2011,0.0000,0.6000,1309122.5000
47.1603,-0.2375,-0.0382,4.3765,0.4552,1,1,0.0787,0.0000,0.7851,0.0000,-0.2814,0.0000,-0.1948,0.0000,0.6000,1309122.5000
47.1699,-0.5368,0.2607,4.3183,0.4550,1,1,0.0746,0.0000,0.7666,0.0000,-0.2837,0.0000,-0.2014,0.0000,0.6000,1309122.5000
47.1803,-0.1127,-0.1290,4.5137,0.4550,1,1,0.0854,0.0000,0.7636,0.0000,-0.2831,0.0000,-0.1901,0.0000,0.6000,1309122.5000
47.1900,-0.1026,0.0633,4.5119,0.4551,1,1,0.0961,0.0000,0.7597,0.0000,-0.2825,0.0000,-0.1788,0.0000,0.6000,1309122.5000
47.2000,-0.5016,0.4504,4.2561,0.4549,1,1,0.0924,0.0000,0.7405,0.0000,-0.2847,0.0000,-0.1849,0.0000,0.6000,1309122.5000
47.2108,-0.3243,0.2389,4.3454,0.4549,1,1,0.0950,0.0000,0.7281,0.0000,-0.2857,0.0000,-0.1834,0.0000,0.6000,1309122.5000
47.2200,-0.1109,0.2157,4.4204,0.4549,1,1,0.1048,0.0000,0.7229,0.0000,-0.2852,0.0000,-0.1732,0.0000,0.6000,1309122.5000
47.2302,-0.3055,0.2243,4.4204,0.4548,1,1,0.1074,0.0000,0.7097,0.0000,-0.2861,0.0000,-0.1716,0.0000,0.6000,1309122.5000
47.2400,-0.1778,0.1033,4.5597,0.4548,1,1,0.1143,0.0000,0.7008,0.0000,-0.2861,0.0000,-0.1648,0.0000,0.6000,1309122.5000
47.2500,-0.0999,0.1619,4.5763,0.4548,1,1,0.1270,0.0000,0.6971,0.0000,-0.2850,0.0000,-0.1510,0.0000,0.6000,1309122.5000
47.2602,-0.0726,-0.1648,4.4815,0.4548,1,1,0.1392,0.0000,0.6920,0.0000,-0.2840,0.0000,-0.1378,0.0000,0.6000,1309122.5000
47.2699,-0.1222,-0.1203,4.5225,0.4548,1,1,0.1467,0.0000,0.6811,0.0000,-0.2838,0.0000,-0.1303,0.0000,0.6000,1309122.5000
47.2803,-0.3588,0.3262,4.3999,0.4547,1,1,0.1456,0.0000,0.6613,0.0000,-0.2854,0.0000,-0.1332,0.0000,0.6000,1309122.5000
47.2900,-0.4170,-0.0343,4.4876,0.4546,1,1,0.1424,0.0000,0.6397,0.0000,-0.2874,0.0000,-0.1386,0.0000,0.6000,1309122.5000
47.2999,-0.1482,-0.0946,4.5822,0.4546,1,1,0.1484,0.0000,0.6277,0.0000,-0.2874,0.0000,-0.1327,0.0000,0.6000,1309122.5000
47.3102,-0.1994,-0.0001,4.5929,0.4546,1,1,0.1524,0.0000,0.6133,0.0000,-0.2879,0.0000,-0.1294,0.0000,0.6000,1309122.5000
47.3198,-0.1804,0.0506,4.5799,0.4546,1,1,0.1568,0.0000,0.5991,0.0000,-0.2882,0.0000,-0.1255,0.0000,0.6000,1309122.5000
47.3302,-0.1362,0.4504,4.5237,0.4546,1,1,0.1624,0.0000,0.5860,0.0000,-0.2883,0.0000,-0.1201,0.0000,0.6000,1309122.5000
47.3400,0.0823,0.2891,4.5202,0.4546,1,1,0.1724,0.0000,0.5768,0.0000,-0.2875,0.0000,-0.1093,0.0000,0.6000,1309122.5000
47.3500,-0.1015,0.1855,4.5024,0.4546,1,1,0.1784,0.0000,0.5630,0.0000,-0.2874,0.0000,-0.1034,0.0000,0.6000,1309122.5000
47.3602,-0.2541,0.5242,4.3979,0.4545,1,1,0.1789,0.0000,0.5433,0.0000,-0.2885,0.0000,-0.1042,0.0000,0.6000,1309122.5000
47.3700,-0.1242,0.1311,4.5726,0.4545,1,1,0.1836,0.0000,0.5281,0.0000,-0.2886,0.0000,-0.0997,0.0000,0.6000,1309122.5000
47.3803,0.0122,-0.0195,4.5882,0.4545,1,1,0.1923,0.0000,0.5165,0.0000,-0.2879,0.0000,-0.0904,0.0000,0.5950,1309128.8750
47.3899,-0.0058,-0.0898,4.5100,0.4545,1,1,0.2006,0.0000,0.5039,0.0000,-0.2873,0.0000,-0.0817,0.0000,0.5950,1309128.8750
47.3999,0.0056,-0.1544,4.5060,0.4545,1,1,0.2085,0.0000,0.4903,0.0000,-0.2867,0.0000,-0.0734,0.0000,0.5950,1309128.8750
47.4108,-0.2689,0.2757,4.4172,0.4545,1,1,0.2066,0.0000,0.4666,0.0000,-0.2881,0.0000,-0.0768,0.0000,0.5950,1309128.8750
47.4199,-0.1623,-0.0624,4.4795,0.4545,1,1,0.2083,0.0000,0.4469,0.0000,-0.2887,0.0000,-0.0759,0.0000,0.5950,1309128.8750
47.4302,-0.1067,-0.1024,4.6895,0.4545,1,1,0.2117,0.0000,0.4288,0.0000,-0.2889,0.0000,-0.0728,0.0000,0.5950,1309128.8750
47.4399,-0.4687,0.5655,4.4059,0.4544,1,1,0.2024,0.0000,0.3981,0.0000,-0.2916,0.0000,-0.0852,0.0000,0.5950,1309128.8750
47.4500,-0.2507,0.4771,4.4791,0.4543,1,1,0.2007,0.0000,0.3760,0.0000,-0.2928,0.0000,-0.0883,0.0000,0.5950,1309128.8750
47.4602,0.2771,0.3282,4.5948,0.4544,1,1,0.2170,0.0000,0.3721,0.0000,-0.2902,0.0000,-0.0695,0.0000,0.5950,1309128.8750
47.4700,0.0516,0.4262,4.5360,0.4544,1,1,0.2231,0.0000,0.3567,0.0000,-0.2898,0.0000,-0.0630,0.0000,0.5950,1309128.8750
47.4804,0.1733,0.1446,4.7308,0.4544,1,1,0.2348,0.0000,0.3466,0.0000,-0.2881,0.0000,-0.0498,0.0000,0.5950,1309128.8750
47.4900,-0.0041,0.2261,4.7972,0.4544,1,1,0.2400,0.0000,0.3292,0.0000,-0.2878,0.0000,-0.0445,0.0000,0.5950,1309128.8750
47.5000,-0.2447,-0.0846,4.6114,0.4544,1,1,0.2364,0.0000,0.3028,0.0000,-0.2892,0.0000,-0.0497,0.0000,0.5950,1309128.8750
47.5099,-0.0072,-0.2576,4.6500,0.4544,1,1,0.2412,0.0000,0.2852,0.0000,-0.2888,0.0000,-0.0448,0.0000,0.5950,1309128.8750
47.5203,-0.1897,0.2760,4.4231,0.4544,1,1,0.2390,0.0000,0.2606,0.0000,-0.2898,0.0000,-0.0482,0.0000,0.5950,1309128.8750
47.5305,-0.2384,0.4346,4.4045,0.4544,1,1,0.2351,0.0000,0.2345,0.0000,-0.2911,0.0000,-0.0537,0.0000,0.5950,1309128.8750
47.5400,0.1857,0.2725,4.7302,0.4544,1,1,0.2457,0.0000,0.2236,0.0000,-0.2895,0.0000,-0.0416,0.0000,0.5950,1309128.8750
47.5500,0.1030,0.4350,4.7043,0.4544,1,1,0.2529,0.0000,0.2086,0.0000,-0.2885,0.0000,-0.0335,0.0000,0.5950,1309128.8750
47.5600,-0.0819,0.3836,4.6809,0.4544,1,1,0.2561,0.0000,0.1891,0.0000,-0.2882,0.0000,-0.0302,0.0000,0.5950,1309128.8750
47.5702,-0.1214,0.5189,4.6414,0.4544,1,1,0.2549,0.0000,0.1651,0.0000,-0.2889,0.0000,-0.0324,0.0000,0.5950,1309128.8750
47.5802,0.0434,0.4490,4.5121,0.4544,1,1,0.2576,0.0000,0.1454,0.0000,-0.2887,0.0000,-0.0296,0.0000,0.5950,1309128.8750
47.5900,0.1700,-0.0530,4.5746,0.4544,1,1,0.2659,0.0000,0.1314,0.0000,-0.2873,0.0000,-0.0200,0.0000,0.5950,1309128.8750
47.6000,-0.0143,0.2796,4.5270,0.4544,1,1,0.2679,0.0000,0.1104,0.0000,-0.2871,0.0000,-0.0181,0.0000,0.5950,1309128.8750
47.6100,-0.0737,0.3841,4.5955,0.4544,1,1,0.2697,0.0000,0.0892,0.0000,-0.2870,0.0000,-0.0164,0.0000,0.5950,1309128.8750
47.6203,0.0607,-0.0089,4.7216,0.4544,1,1,0.2711,0.0000,0.0678,0.0000,-0.2869,0.0000,-0.0151,0.0000,0.5950,1309128.8750
47.6303,0.0616,0.0522,4.6654,0.4544,1,1,0.2723,0.0000,0.0462,0.0000,-0.2868,0.0000,-0.0140,0.0000,0.5950,1309128.8750
47.6399,0.0992,0.1351,4.7155,0.4544,1,1,0.2733,0.0000,0.0245,0.0000,-0.2867,0.0000,-0.0132,0.0000,0.5950,1309128.8750
47.6500,-0.1523,0.3822,4.5652,0.4544,1,1,0.2687,0.0000,-0.0027,0.0000,-0.2876,0.0000,-0.0190,0.0000,0.5950,1309128.8750
47.6600,-0.1710,0.4774,4.5155,0.4545,1,1,0.2635,0.0000,-0.0300,0.0000,-0.2887,0.0000,-0.0255,0.0000,0.5950,1309128.8750
47.6703,0.0629,0.0467,4.7554,0.4545,1,1,0.2640,0.0000,-0.0505,0.0000,-0.2885,0.0000,-0.0250,0.0000,0.5950,1309128.8750
47.6804,-0.1680,0.3680,4.6456,0.4545,1,1,0.2586,0.0000,-0.0771,0.0000,-0.2895,0.0000,-0.0317,0.0000,0.5950,1309128.8750
47.6899,-0.0008,0.5802,4.7546,0.4545,1,1,0.2589,0.0000,-0.0971,0.0000,-0.2893,0.0000,-0.0313,0.0000,0.5950,1309128.8750
47.7000,0.3250,0.1700,4.8621,0.4544,1,1,0.2702,0.0000,-0.1055,0.0000,-0.2868,0.0000,-0.0176,0.0000,0.5950,1309128.8750
47.7099,0.1194,0.2311,4.7213,0.4543,1,1,0.2739,0.0000,-0.1227,0.0000,-0.2859,0.0000,-0.0132,0.0000,0.5950,1309128.8750
47.7202,0.1619,0.1454,4.7569,0.4543,1,1,0.2787,0.0000,-0.1387,0.0000,-0.2846,0.0000,-0.0073,0.0000,0.5950,1309128.8750
47.7303,0.0380,-0.0474,4.7567,0.4543,1,1,0.2776,0.0000,-0.1612,0.0000,-0.2846,0.0000,-0.0086,0.0000,0.5950,1309128.8750
47.7400,-0.0472,0.0663,4.6837,0.4543,1,1,0.2763,0.0000,-0.1835,0.0000,-0.2845,0.0000,-0.0101,0.0000,0.5950,1309128.8750
47.7499,0.1764,-0.2219,4.9114,0.4542,1,1,0.2809,0.0000,-0.1993,0.0000,-0.2832,0.0000,-0.0043,0.0000,0.5950,1309128.8750
47.7600,-0.0512,0.0555,4.7657,0.4542,1,1,0.2790,0.0000,-0.2220,0.0000,-0.2832,0.0000,-0.0064,0.0000,0.5950,1309128.8750
47.7703,-0.2954,0.6663,4.6548,0.4543,1,1,0.2668,0.0000,-0.2552,0.0000,-0.2852,0.0000,-0.0209,0.0000,0.5950,1309128.8750
47.7802,0.0923,0.1894,4.7934,0.4543,1,1,0.2650,0.0000,-0.2762,0.0000,-0.2851,0.0000,-0.0228,0.0000,0.5950,1309128.8750
47.7900,0.1508,0.2134,4.7687,0.4543,1,1,0.2682,0.0000,-0.2915,0.0000,-0.2838,0.0000,-0.0185,0.0000,0.5950,1309128.8750
47.8000,-0.0618,0.7472,4.6813,0.4543,1,1,0.2660,0.0000,-0.3126,0.0000,-0.2837,0.0000,-0.0209,0.0000,0.5950,1309128.8750
47.8099,0.0102,0.4933,4.7590,0.4543,1,1,0.2635,0.0000,-0.3335,0.0000,-0.2836,0.0000,-0.0234,0.0000,0.5950,1309128.8750
47.8203,0.1225,0.2617,4.7261,0.4542,1,1,0.2653,0.0000,-0.3497,0.0000,-0.2825,0.0000,-0.0208,0.0000,0.5950,1309128.8750
47.8302,0.0961,0.0408,4.7118,0.4542,1,1,0.2625,0.0000,-0.3705,0.0000,-0.2824,0.0000,-0.0236,0.0000,0.5950,1309128.8750
47.8399,0.1781,-0.1062,4.7664,0.4541,1,1,0.2658,0.0000,-0.3845,0.0000,-0.2810,0.0000,-0.0191,0.0000,0.5950,1309128.8750
47.8500,-0.0654,0.2847,4.6848,0.4541,1,1,0.2626,0.0000,-0.4054,0.0000,-0.2809,0.0000,-0.0223,0.0000,0.5950,1309128.8750
47.8599,-0.0465,0.1075,4.6404,0.4541,1,1,0.2593,0.0000,-0.4260,0.0000,-0.2807,0.0000,-0.0257,0.0000,0.5950,1309128.8750
47.8703,0.0514,0.0126,4.7700,0.4541,1,1,0.2559,0.0000,-0.4462,0.0000,-0.2805,0.0000,-0.0291,0.0000,0.5950,1309128.8750
47.8804,-0.2824,0.6246,4.5266,0.4542,1,1,0.2427,0.0000,-0.4763,0.0000,-0.2823,0.0000,-0.0444,0.0000,0.5950,1309128.8750
47.8900,-0.1895,0.5707,4.5450,0.4543,1,1,0.2329,0.0000,-0.5015,0.0000,-0.2833,0.0000,-0.0554,0.0000,0.5950,1309128.8750
47.8999,0.1608,0.4887,4.6780,0.4542,1,1,0.2354,0.0000,-0.5124,0.0000,-0.2818,0.0000,-0.0515,0.0000,0.5950,1309128.8750
47.9099,-0.0404,0.5579,4.5455,0.4542,1,1,0.2320,0.0000,-0.5297,0.0000,-0.2814,0.0000,-0.0547,0.0000,0.5950,1309128.8750
47.9202,-0.0007,0.4126,4.6178,0.4542,1,1,0.2286,0.0000,-0.5466,0.0000,-0.2810,0.0000,-0.0579,0.0000,0.5950,1309128.8750
47.9303,-0.1002,0.5042,4.6447,0.4542,1,1,0.2217,0.0000,-0.5668,0.0000,-0.2813,0.0000,-0.0653,0.0000,0.5950,1309128.8750
47.9400,-0.1307,0.1893,4.5437,0.4543,1,1,0.2138,0.0000,-0.5872,0.0000,-0.2818,0.0000,-0.0739,0.0000,0.5950,1309128.8750
47.9500,0.0899,-0.3113,4.6655,0.4543,1,1,0.2105,0.0000,-0.6019,0.0000,-0.2813,0.0000,-0.0768,0.0000,0.5950,1309128.8750
47.9599,-0.0536,0.1495,4.5005,0.4543,1,1,0.2071,0.0000,-0.6162,0.0000,-0.2807,0.0000,-0.0798,0.0000,0.5950,1309128.8750
47.9703,-0.4054,0.4223,4.4481,0.4545,1,1,0.1896,0.0000,-0.6452,0.0000,-0.2830,0.0000,-0.0999,0.0000,0.5950,1309128.8750
47.9803,-0.2572,0.6809,4.6182,0.4546,1,1,0.1777,0.0000,-0.6665,0.0000,-0.2841,0.0000,-0.1131,0.0000,0.5950,1309128.8750
47.9900,-0.0592,0.6861,4.6487,0.4546,1,1,0.1750,0.0000,-0.6768,0.0000,-0.2833,0.0000,-0.1151,0.0000,0.5950,1309128.8750
48.0000,-0.0418,0.4692,4.6461,0.4546,1,1,0.1722,0.0000,-0.6868,0.0000,-0.2825,0.0000,-0.1172,0.0000,0.5950,1309128.8750
48.0099,-0.2152,0.6362,4.4912,0.4547,1,1,0.1619,0.0000,-0.7045,0.0000,-0.2832,0.0000,-0.1283,0.0000,0.5950,1309128.8750
48.0204,-0.1583,0.4226,4.4189,0.4547,1,1,0.1538,0.0000,-0.7188,0.0000,-0.2834,0.0000,-0.1368,0.0000,0.5950,1309128.8750
48.0303,0.0022,-0.1141,4.6026,0.4547,1,1,0.1514,0.0000,-0.7263,0.0000,-0.2825,0.0000,-0.1383,0.0000,0.5950,1309128.8750
48.0400,-0.1645,0.0196,4.5273,0.4548,1,1,0.1432,0.0000,-0.7396,0.0000,-0.2826,0.0000,-0.1468,0.0000,0.5950,1309128.8750
48.0500,-0.2181,0.1073,4.6089,0.4548,1,1,0.1333,0.0000,-0.7540,0.0000,-0.2831,0.0000,-0.1573,0.0000,0.5950,1309128.8750
48.0599,-0.3398,0.3475,4.5362,0.4550,1,1,0.1194,0.0000,-0.7716,0.0000,-0.2844,0.0000,-0.1727,0.0000,0.5950,1309128.8750
48.0702,-0.3589,0.5448,4.3171,0.4551,1,1,0.1052,0.0000,-0.7882,0.0000,-0.2857,0.0000,-0.1884,0.0000,0.5950,1309128.8750
48.0804,-0.0625,0.3530,4.5157,0.4551,1,1,0.1039,0.0000,-0.7899,0.0000,-0.2844,0.0000,-0.1884,0.0000,0.5950,1309128.8750
48.0900,-0.4633,0.6807,4.3963,0.4553,1,1,0.0864,0.0000,-0.8085,0.0000,-0.2863,0.0000,-0.2080,0.0000,0.5950,1309128.8750
48.0999,-0.4864,0.7988,4.4953,0.4556,1,1,0.0686,0.0000,-0.8258,0.0000,-0.2882,0.0000,-0.2279,0.0000,0.5950,1309128.8750
48.1100,-0.1489,0.2318,4.7411,0.4555,1,1,0.0631,0.0000,-0.8285,0.0000,-0.2877,0.0000,-0.2329,0.0000,0.5950,1309128.8750
48.1203,-0.2994,0.3637,4.4938,0.4556,1,1,0.0525,0.0000,-0.8361,0.0000,-0.2881,0.0000,-0.2440,0.0000,0.5950,1309128.8750
48.1303,-0.2337,0.4166,4.4746,0.4555,1,1,0.0445,0.0000,-0.8401,0.0000,-0.2881,0.0000,-0.2520,0.0000,0.5950,1309128.8750
48.1400,-0.2541,0.3017,4.4401,0.4555,1,1,0.0360,0.0000,-0.8438,0.0000,-0.2881,0.0000,-0.2605,0.0000,0.5950,1309128.8750
48.1500,-0.3415,0.1837,4.3202,0.4556,1,1,0.0247,0.0000,-0.8497,0.0000,-0.2886,0.0000,-0.2724,0.0000,0.5950,1309128.8750
48.1600,-0.1033,-0.2740,4.5141,0.4555,1,1,0.0221,0.0000,-0.8456,0.0000,-0.2875,0.0000,-0.2738,0.0000,0.5950,1309128.8750
48.1703,-0.3701,0.0635,4.4353,0.4556,1,1,0.0103,0.0000,-0.8509,0.0000,-0.2881,0.0000,-0.2863,0.0000,0.5950,1309128.8750
48.1803,-0.6247,0.5256,4.2353,0.4558,1,1,-0.0100,0.0000,-0.8639,0.0000,-0.2905,0.0000,-0.3091,0.0000,0.5950,1309128.8750
48.1900,-0.1747,0.1861,4.4366,0.4557,1,1,-0.0140,0.0000,-0.8583,0.0000,-0.2896,0.0000,-0.3121,0.0000,0.5950,1309128.8750
48.2000,-0.3305,0.4913,4.2623,0.4557,1,1,-0.0232,0.0000,-0.8578,0.0000,-0.2897,0.0000,-0.3214,0.0000,0.5950,1309128.8750
48.2100,-0.4768,0.7016,4.2867,0.4558,1,1,-0.0372,0.0000,-0.8614,0.0000,-0.2908,0.0000,-0.3365,0.0000,0.5950,1309128.8750
48.2204,-0.1602,0.2560,4.6080,0.4557,1,1,-0.0396,0.0000,-0.8521,0.0000,-0.2895,0.0000,-0.3377,0.0000,0.5950,1309128.8750
48.2303,-0.2118,0.1073,4.5951,0.4556,1,1,-0.0438,0.0000,-0.8444,0.0000,-0.2887,0.0000,-0.3409,0.0000,0.5950,1309128.8750
48.2400,-0.2705,-0.1180,4.5490,0.4556,1,1,-0.0498,0.0000,-0.8383,0.0000,-0.2882,0.0000,-0.3463,0.0000,0.5950,1309128.8750
48.2499,-0.3669,0.0545,4.4786,0.4556,1,1,-0.0589,0.0000,-0.8349,0.0000,-0.2883,0.0000,-0.3555,0.0000,0.5950,1309128.8750
48.2599,-0.5343,0.3733,4.2551,0.4557,1,1,-0.0734,0.0000,-0.8364,0.0000,-0.2896,0.0000,-0.3714,0.0000,0.5950,1309128.8750
48.2702,-0.2660,-0.0683,4.4275,0.4556,1,1,-0.0781,0.0000,-0.8267,0.0000,-0.2888,0.0000,-0.3752,0.0000,0.5950,1309128.8750
48.2804,-0.1865,-0.0921,4.5869,0.4555,1,1,-0.0798,0.0000,-0.8137,0.0000,-0.2875,0.0000,-0.3755,0.0000,0.5950,1309128.8750
48.2899,-0.5974,0.3740,4.4813,0.4556,1,1,-0.0957,0.0000,-0.8149,0.0000,-0.2891,0.0000,-0.3929,0.0000,0.5950,1309128.8750
48.2999,-0.5363,0.3046,4.5939,0.4557,1,1,-0.1088,0.0000,-0.8120,0.0000,-0.2900,0.0000,-0.4070,0.0000,0.5950,1309128.8750
48.3100,-0.2875,0.4388,4.5948,0.4557,1,1,-0.1128,0.0000,-0.7990,0.0000,-0.2892,0.0000,-0.4100,0.0000,0.5950,1309128.8750
48.3202,-0.2588,0.3232,4.5600,0.4556,1,1,-0.1155,0.0000,-0.7845,0.0000,-0.2882,0.0000,-0.4116,0.0000,0.5950,1309128.8750
48.3302,-0.3474,0.3394,4.5447,0.4556,1,1,-0.1211,0.0000,-0.7728,0.0000,-0.2877,0.0000,-0.4166,0.0000,0.5950,1309128.8750
48.3400,-0.4310,0.5695,4.4470,0.4556,1,1,-0.1294,0.0000,-0.7634,0.0000,-0.2878,0.0000,-0.4248,0.0000,0.5900,1309130.2500
48.3499,-0.3783,0.0377,4.5776,0.4555,1,1,-0.1354,0.0000,-0.7512,0.0000,-0.2875,0.0000,-0.4304,0.0000,0.5900,1309130.2500
48.3599,-0.3311,-0.2083,4.5818,0.4555,1,1,-0.1395,0.0000,-0.7367,0.0000,-0.2868,0.0000,-0.4337,0.0000,0.5900,1309130.2500
48.3703,-0.4451,0.1504,4.5412,0.4555,1,1,-0.1472,0.0000,-0.7256,0.0000,-0.2869,0.0000,-0.4414,0.0000,0.5900,1309130.2500
48.3803,-0.5363,0.2361,4.4683,0.4555,1,1,-0.1578,0.0000,-0.7168,0.0000,-0.2876,0.0000,-0.4525,0.0000,0.5900,1309130.2500
48.3899,-0.4731,0.4003,4.4544,0.4556,1,1,-0.1656,0.0000,-0.7046,0.0000,-0.2877,0.0000,-0.4604,0.0000,0.5900,1309130.2500
48.4000,-0.2996,0.3410,4.4911,0.4555,1,1,-0.1671,0.0000,-0.6856,0.0000,-0.2866,0.0000,-0.4606,0.0000,0.5900,1309130.2500
48.4100,-0.5237,0.3641,4.4576,0.4555,1,1,-0.1762,0.0000,-0.6740,0.0000,-0.2870,0.0000,-0.4699,0.0000,0.5900,1309130.2500
48.4204,-0.6846,0.7322,4.4361,0.4556,1,1,-0.1903,0.0000,-0.6669,0.0000,-0.2885,0.0000,-0.4855,0.0000,0.5900,1309130.2500
48.4302,-0.3568,0.3640,4.5531,0.4555,1,1,-0.1925,0.0000,-0.6469,0.0000,-0.2876,0.0000,-0.4866,0.0000,0.5900,1309130.2500
48.4400,-0.2492,0.1302,4.4929,0.4555,1,1,-0.1908,0.0000,-0.6231,0.0000,-0.2860,0.0000,-0.4830,0.0000,0.5900,1309130.2500
48.4500,-0.2834,0.2711,4.4351,0.4554,1,1,-0.1902,0.0000,-0.6007,0.0000,-0.2846,0.0000,-0.4808,0.0000,0.5900,1309130.2500
48.4600,-0.5014,0.0598,4.4229,0.4554,1,1,-0.1969,0.0000,-0.5858,0.0000,-0.2848,0.0000,-0.4875,0.0000,0.5900,1309130.2500
48.4702,-0.6692,0.1845,4.3384,0.4555,1,1,-0.2090,0.0000,-0.5758,0.0000,-0.2860,0.0000,-0.5008,0.0000,0.5900,1309130.2500
48.4804,-0.4467,0.0237,4.4708,0.4555,1,1,-0.2129,0.0000,-0.5569,0.0000,-0.2856,0.0000,-0.5041,0.0000,0.5900,1309130.2500
48.4900,-0.4528,0.0046,4.5867,0.4555,1,1,-0.2167,0.0000,-0.5377,0.0000,-0.2853,0.0000,-0.5074,0.0000,0.5900,1309130.2500
48.5000,-0.8384,0.6876,4.3847,0.4555,1,1,-0.2335,0.0000,-0.5312,0.0000,-0.2876,0.0000,-0.5264,0.0000,0.5900,1309130.2500
48.5100,-0.5861,0.5999,4.4985,0.4555,1,1,-0.2408,0.0000,-0.5141,0.0000,-0.2880,0.0000,-0.5340,0.0000,0.5900,1309130.2500
48.5202,-0.3157,0.2540,4.5140,0.4555,1,1,-0.2385,0.0000,-0.4870,0.0000,-0.2865,0.0000,-0.5298,0.0000,0.5900,1309130.2500
48.5303,-0.4576,0.3611,4.4316,0.4555,1,1,-0.2409,0.0000,-0.4650,0.0000,-0.2860,0.0000,-0.5315,0.0000,0.5900,1309130.2500
48.5400,-0.3468,0.1277,4.5686,0.4555,1,1,-0.2392,0.0000,-0.4390,0.0000,-0.2847,0.0000,-0.5282,0.0000,0.5900,1309130.2500
48.5500,-0.3884,0.0776,4.5939,0.4554,1,1,-0.2387,0.0000,-0.4146,0.0000,-0.2837,0.0000,-0.5266,0.0000,0.5900,1309130.2500
48.5600,-0.4863,-0.0682,4.5576,0.4554,1,1,-0.2415,0.0000,-0.3937,0.0000,-0.2835,0.0000,-0.5289,0.0000,0.5900,1309130.2500
48.5703,-0.3939,-0.2319,4.5956,0.4554,1,1,-0.2408,0.0000,-0.3693,0.0000,-0.2825,0.0000,-0.5270,0.0000,0.5900,1309130.2500
48.5803,-0.8036,0.3132,4.3188,0.4554,1,1,-0.2540,0.0000,-0.3591,0.0000,-0.2844,0.0000,-0.5420,0.0000,0.5900,1309130.2500
48.5899,-0.7857,0.4129,4.2277,0.4555,1,1,-0.2660,0.0000,-0.3466,0.0000,-0.2861,0.0000,-0.5555,0.0000,0.5900,1309130.2500
48.6000,-0.4680,0.1831,4.3927,0.4555,1,1,-0.2664,0.0000,-0.3218,0.0000,-0.2855,0.0000,-0.5551,0.0000,0.5900,1309130.2500
48.6100,-0.7326,0.4661,4.3331,0.4554,1,1,-0.2757,0.0000,-0.3061,0.0000,-0.2868,0.0000,-0.5655,0.0000,0.5900,1309130.2500
48.6204,-0.7323,0.4757,4.4866,0.4554,1,1,-0.2845,0.0000,-0.2892,0.0000,-0.2879,0.0000,-0.5753,0.0000,0.5900,1309130.2500
48.6303,-0.4592,0.3896,4.6321,0.4554,1,1,-0.2834,0.0000,-0.2619,0.0000,-0.2871,0.0000,-0.5731,0.0000,0.5900,1309130.2500
48.6400,-0.3951,0.1901,4.5596,0.4555,1,1,-0.2799,0.0000,-0.2326,0.0000,-0.2859,0.0000,-0.5681,0.0000,0.5900,1309130.2500
48.6499,-0.4073,-0.0981,4.4374,0.4555,1,1,-0.2767,0.0000,-0.2041,0.0000,-0.2847,0.0000,-0.5635,0.0000,0.5900,1309130.2500
48.6600,-0.6541,0.0943,4.2555,0.4555,1,1,-0.2819,0.0000,-0.1846,0.0000,-0.2854,0.0000,-0.5691,0.0000,0.5900,1309130.2500
48.6702,-0.8821,0.1282,4.1496,0.4554,1,1,-0.2945,0.0000,-0.1723,0.0000,-0.2876,0.0000,-0.5838,0.0000,0.5900,1309130.2500
48.6803,-0.6035,-0.0109,4.4301,0.4554,1,1,-0.2969,0.0000,-0.1489,0.0000,-0.2877,0.0000,-0.5861,0.0000,0.5900,1309130.2500
48.6900,-0.5538,0.0610,4.5310,0.4554,1,1,-0.2973,0.0000,-0.1235,0.0000,-0.2875,0.0000,-0.5860,0.0000,0.5900,1309130.2500
48.7000,-0.7879,0.2480,4.5235,0.4554,1,1,-0.3054,0.0000,-0.1062,0.0000,-0.2889,0.0000,-0.5954,0.0000,0.5900,1309130.2500
48.7100,-0.7351,0.6809,4.4733,0.4554,1,1,-0.3113,0.0000,-0.0860,0.0000,-0.2898,0.0000,-0.6020,0.0000,0.5900,1309130.2500
48.7203,-0.4775,0.5406,4.4035,0.4554,1,1,-0.3079,0.0000,-0.0562,0.0000,-0.2890,0.0000,-0.5974,0.0000,0.5900,1309130.2500
48.7303,-0.4809,0.2006,4.2976,0.4554,1,1,-0.3044,0.0000,-0.0269,0.0000,-0.2882,0.0000,-0.5929,0.0000,0.5900,1309130.2500
48.7399,-0.6232,0.4256,4.3109,0.4554,1,1,-0.3057,0.0000,-0.0030,0.0000,-0.2884,0.0000,-0.5942,0.0000,0.5900,1309130.2500
48.7499,-0.6150,0.0372,4.5553,0.4554,1,1,-0.3065,0.0000,0.0213,0.0000,-0.2885,0.0000,-0.5948,0.0000,0.5900,1309130.2500
48.7600,-0.6242,-0.3270,4.6627,0.4554,1,1,-0.3073,0.0000,0.0453,0.0000,-0.2887,0.0000,-0.5956,0.0000,0.5900,1309130.2500
48.7702,-0.5860,0.0700,4.6541,0.4554,1,1,-0.3065,0.0000,0.0708,0.0000,-0.2887,0.0000,-0.5945,0.0000,0.5900,1309130.2500
48.7803,-0.7320,0.0902,4.5588,0.4554,1,1,-0.3105,0.0000,0.0910,0.0000,-0.2896,0.0000,-0.5992,0.0000,0.5900,1309130.2500
48.7900,-0.7381,0.3827,4.4168,0.4553,1,1,-0.3144,0.0000,0.1115,0.0000,-0.2906,0.0000,-0.6039,0.0000,0.5900,1309130.2500
48.7999,-0.5189,0.3402,4.5294,0.4553,1,1,-0.3104,0.0000,0.1403,0.0000,-0.2900,0.0000,-0.5990,0.0000,0.5900,1309130.2500
48.8099,-0.6058,0.1126,4.5957,0.4553,1,1,-0.3092,0.0000,0.1654,0.0000,-0.2900,0.0000,-0.5976,0.0000,0.5900,1309130.2500
48.8204,-0.8433,0.6331,4.6049,0.4553,1,1,-0.3160,0.0000,0.1819,0.0000,-0.2918,0.0000,-0.6060,0.0000,0.5900,1309130.2500
48.8302,-0.5263,0.5517,4.7684,0.4553,1,1,-0.3114,0.0000,0.2106,0.0000,-0.2912,0.0000,-0.6005,0.0000,0.5900,1309130.2500
48.8399,-0.3868,0.0670,4.6786,0.4554,1,1,-0.3020,0.0000,0.2438,0.0000,-0.2897,0.0000,-0.5892,0.0000,0.5900,1309130.2500
48.8499,-0.5258,0.3600,4.4537,0.4554,1,1,-0.2973,0.0000,0.2709,0.0000,-0.2893,0.0000,-0.5839,0.0000,0.5900,1309130.2500
48.8600,-0.5074,0.0822,4.4034,0.4554,1,1,-0.2920,0.0000,0.2980,0.0000,-0.2887,0.0000,-0.5777,0.0000,0.5900,1309130.2500
48.8702,-0.5839,-0.3101,4.3968,0.4554,1,1,-0.2892,0.0000,0.3216,0.0000,-0.2888,0.0000,-0.5748,0.0000,0.5900,1309130.2500
48.8804,-0.5836,0.0070,4.4680,0.4554,1,1,-0.2863,0.0000,0.3450,0.0000,-0.2888,0.0000,-0.5717,0.0000,0.5900,1309130.2500
48.8899,-0.5757,-0.0173,4.5736,0.4554,1,1,-0.2830,0.0000,0.3683,0.0000,-0.2889,0.0000,-0.5682,0.0000,0.5900,1309130.2500
48.8999,-0.6634,0.3678,4.5117,0.4554,1,1,-0.2826,0.0000,0.3880,0.0000,-0.2895,0.0000,-0.5683,0.0000,0.5900,1309130.2500
48.9100,-0.4510,0.4476,4.5012,0.4554,1,1,-0.2747,0.0000,0.4154,0.0000,-0.2887,0.0000,-0.5592,0.0000,0.5900,1309130.2500
48.9202,-0.4490,0.1407,4.5126,0.4555,1,1,-0.2667,0.0000,0.4420,0.0000,-0.2879,0.0000,-0.5502,0.0000,0.5900,1309130.2500
48.9302,-0.6991,0.6644,4.4037,0.4554,1,1,-0.2674,0.0000,0.4583,0.0000,-0.2890,0.0000,-0.5518,0.0000,0.5900,1309130.2500
48.9399,-0.5582,0.6875,4.5256,0.4554,1,1,-0.2631,0.0000,0.4800,0.0000,-0.2890,0.0000,-0.5473,0.0000,0.5900,1309130.2500
48.9499,-0.1781,0.0780,4.6855,0.4556,1,1,-0.2455,0.0000,0.5151,0.0000,-0.2865,0.0000,-0.5268,0.0000,0.5900,1309130.2500
48.9600,-0.3463,0.2264,4.5290,0.4557,1,1,-0.2340,0.0000,0.5419,0.0000,-0.2852,0.0000,-0.5138,0.0000,0.5900,1309130.2500
48.9702,-0.4267,0.0345,4.5036,0.4557,1,1,-0.2256,0.0000,0.5643,0.0000,-0.2846,0.0000,-0.5045,0.0000,0.5900,1309130.2500
48.9802,-0.5712,-0.0118,4.5258,0.4557,1,1,-0.2223,0.0000,0.5803,0.0000,-0.2851,0.0000,-0.5015,0.0000,0.5900,1309130.2500
48.9900,-0.5841,0.1509,4.5263,0.4556,1,1,-0.2193,0.0000,0.5955,0.0000,-0.2856,0.0000,-0.4990,0.0000,0.5900,1309130.2500
49.0000,-0.2795,-0.2310,4.7820,0.4558,1,1,-0.2057,0.0000,0.6216,0.0000,-0.2841,0.0000,-0.4836,0.0000,0.5900,1309130.2500
49.0099,-0.5591,0.1482,4.5552,0.4557,1,1,-0.2021,0.0000,0.6357,0.0000,-0.2846,0.0000,-0.4804,0.0000,0.5900,1309130.2500
49.0203,-0.6218,0.8184,4.4515,0.4556,1,1,-0.2007,0.0000,0.6470,0.0000,-0.2856,0.0000,-0.4799,0.0000,0.5900,1309130.2500
49.0302,-0.2995,0.2509,4.5715,0.4558,1,1,-0.1880,0.0000,0.6701,0.0000,-0.2844,0.0000,-0.4656,0.0000,0.5900,1309130.2500
49.0400,-0.3895,0.2278,4.6549,0.4558,1,1,-0.1786,0.0000,0.6884,0.0000,-0.2838,0.0000,-0.4555,0.0000,0.5900,1309130.2500
49.0500,-0.3625,0.3414,4.8331,0.4558,1,1,-0.1685,0.0000,0.7065,0.0000,-0.2832,0.0000,-0.4446,0.0000,0.5900,1309130.2500
49.0600,-0.1687,-0.0262,5.0300,0.4560,1,1,-0.1518,0.0000,0.7305,0.0000,-0.2813,0.0000,-0.4257,0.0000,0.5900,1309130.2500
49.0703,-0.2239,-0.0633,4.7209,0.4561,1,1,-0.1374,0.0000,0.7504,0.0000,-0.2799,0.0000,-0.4098,0.0000,0.5900,1309130.2500
49.0804,-0.3250,-0.0907,4.4508,0.4562,1,1,-0.1270,0.0000,0.7649,0.0000,-0.2793,0.0000,-0.3986,0.0000,0.5900,1309130.2500
49.0900,-0.4905,-0.1291,4.3296,0.4561,1,1,-0.1225,0.0000,0.7719,0.0000,-0.2799,0.0000,-0.3947,0.0000,0.5900,1309130.2500
49.0999,-0.6319,0.2771,4.3288,0.4560,1,1,-0.1231,0.0000,0.7732,0.0000,-0.2816,0.0000,-0.3969,0.0000,0.5900,1309130.2500
49.1100,-0.3768,-0.0297,4.8071,0.4560,1,1,-0.1147,0.0000,0.7840,0.0000,-0.2814,0.0000,-0.3882,0.0000,0.5900,1309130.2500
49.1202,-0.4883,0.0633,4.9772,0.4559,1,1,-0.1103,0.0000,0.7898,0.0000,-0.2821,0.0000,-0.3845,0.0000,0.5900,1309130.2500
49.1302,-0.6101,0.5898,4.8585,0.4558,1,1,-0.1103,0.0000,0.7905,0.0000,-0.2837,0.0000,-0.3861,0.0000,0.5900,1309130.2500
49.1400,-0.1878,0.1770,4.8688,0.4559,1,1,-0.0955,0.0000,0.8069,0.0000,-0.2823,0.0000,-0.3697,0.0000,0.5900,1309130.2500
49.1499,-0.3060,0.1637,4.4384,0.4560,1,1,-0.0852,0.0000,0.8170,0.0000,-0.2819,0.0000,-0.3589,0.0000,0.5900,1309130.2500
49.1600,-0.4558,0.7115,4.3474,0.4559,1,1,-0.0804,0.0000,0.8205,0.0000,-0.2825,0.0000,-0.3547,0.0000,0.5900,1309130.2500
49.1703,-0.3174,0.1158,4.6863,0.4559,1,1,-0.0709,0.0000,0.8284,0.0000,-0.2823,0.0000,-0.3449,0.0000,0.5900,1309130.2500
49.1802,-0.4606,-0.2431,4.8408,0.4559,1,1,-0.0666,0.0000,0.8300,0.0000,-0.2831,0.0000,-0.3414,0.0000,0.5900,1309130.2500
49.1899,-0.4174,-0.1634,4.9992,0.4558,1,1,-0.0610,0.0000,0.8327,0.0000,-0.2836,0.0000,-0.3363,0.0000,0.5900,1309130.2500
49.1999,-0.5078,-0.2524,4.7656,0.4557,1,1,-0.0587,0.0000,0.8315,0.0000,-0.2848,0.0000,-0.3351,0.0000,0.5900,1309130.2500
49.2100,-0.5117,0.1298,4.3902,0.4556,1,1,-0.0565,0.0000,0.8299,0.0000,-0.2860,0.0000,-0.3342,0.0000,0.5900,1309130.2500
49.2203,-0.1397,0.2442,4.3876,0.4557,1,1,-0.0414,0.0000,0.8416,0.0000,-0.2847,0.0000,-0.3177,0.0000,0.5900,1309130.2500
49.2302,-0.3328,0.1391,4.3813,0.4557,1,1,-0.0335,0.0000,0.8444,0.0000,-0.2848,0.0000,-0.3098,0.0000,0.5900,1309130.2500
49.2399,-0.5954,0.6745,4.6085,0.4555,1,1,-0.0351,0.0000,0.8369,0.0000,-0.2867,0.0000,-0.3134,0.0000,0.5900,1309130.2500
49.2499,-0.3741,0.4062,4.9065,0.4555,1,1,-0.0288,0.0000,0.8376,0.0000,-0.2871,0.0000,-0.3076,0.0000,0.5900,1309130.2500
49.2600,-0.1761,-0.1665,4.8094,0.4556,1,1,-0.0159,0.0000,0.8446,0.0000,-0.2862,0.0000,-0.2936,0.0000,0.5900,1309130.2500
49.2702,-0.1555,0.0950,4.5172,0.4557,1,1,-0.0026,0.0000,0.8509,0.0000,-0.2853,0.0000,-0.2794,0.0000,0.5900,1309130.2500
49.2804,-0.1110,0.0279,4.2452,0.4558,1,1,0.0118,0.0000,0.8571,0.0000,-0.2841,0.0000,-0.2638,0.0000,0.5900,1309130.2500
49.2900,-0.1959,-0.2237,4.2400,0.4558,1,1,0.0227,0.0000,0.8586,0.0000,-0.2837,0.0000,-0.2523,0.0000,0.5900,1309130.2500
49.2999,-0.2177,-0.0133,4.5053,0.4558,1,1,0.0325,0.0000,0.8579,0.0000,-0.2834,0.0000,-0.2423,0.0000,0.5900,1309130.2500
49.3100,-0.3448,-0.2275,4.7178,0.4558,1,1,0.0375,0.0000,0.8516,0.0000,-0.2841,0.0000,-0.2381,0.0000,0.5900,1309130.2500
49.3203,-0.5839,0.1644,4.6804,0.4556,1,1,0.0340,0.0000,0.8363,0.0000,-0.2865,0.0000,-0.2441,0.0000,0.5900,1309130.2500
49.3303,-0.4812,0.5545,4.5676,0.4554,1,1,0.0341,0.0000,0.8252,0.0000,-0.2881,0.0000,-0.2458,0.0000,0.5900,1309130.2500
49.3400,-0.2005,0.1035,4.4918,0.4555,1,1,0.0439,0.0000,0.8240,0.0000,-0.2878,0.0000,-0.2356,0.0000,0.5950,1309134.8750
49.3500,-0.2660,0.2399,4.5315,0.4555,1,1,0.0511,0.0000,0.8193,0.0000,-0.2880,0.0000,-0.2287,0.0000,0.5950,1309134.8750
49.3600,-0.3137,0.5165,4.5684,0.4554,1,1,0.0563,0.0000,0.8121,0.0000,-0.2886,0.0000,-0.2241,0.0000,0.5950,1309134.8750
49.3702,-0.0476,0.0338,4.8786,0.4554,1,1,0.0723,0.0000,0.8154,0.0000,-0.2871,0.0000,-0.2066,0.0000,0.5950,1309134.8750
49.3802,-0.0031,0.0216,4.8317,0.4554,1,1,0.0876,0.0000,0.8167,0.0000,-0.2856,0.0000,-0.1899,0.0000,0.5950,1309134.8750
49.3900,-0.0797,-0.0245,4.6202,0.4554,1,1,0.1024,0.0000,0.8161,0.0000,-0.2844,0.0000,-0.1738,0.0000,0.5950,1309134.8750
49.4000,-0.1544,-0.0400,4.5151,0.4554,1,1,0.1112,0.0000,0.8084,0.0000,-0.2842,0.0000,-0.1649,0.0000,0.5950,1309134.8750
49.4100,-0.4313,0.3133,4.3149,0.4553,1,1,0.1100,0.0000,0.7901,0.0000,-0.2860,0.0000,-0.1681,0.0000,0.5950,1309134.8750
49.4204,-0.2029,-0.0284,4.4653,0.4553,1,1,0.1167,0.0000,0.7799,0.0000,-0.2863,0.0000,-0.1617,0.0000,0.5950,1309134.8750
49.4302,-0.0577,0.0529,4.6633,0.4553,1,1,0.1301,0.0000,0.7759,0.0000,-0.2852,0.0000,-0.1473,0.0000,0.5950,1309134.8750
49.4399,-0.4157,0.6349,4.4955,0.4552,1,1,0.1286,0.0000,0.7560,0.0000,-0.2870,0.0000,-0.1509,0.0000,0.5950,1309134.8750
49.4500,-0.1317,0.4073,4.5325,0.4552,1,1,0.1368,0.0000,0.7461,0.0000,-0.2869,0.0000,-0.1426,0.0000,0.5950,1309134.8750
49.4599,-0.0344,0.2566,4.4411,0.4552,1,1,0.1492,0.0000,0.7398,0.0000,-0.2859,0.0000,-0.1293,0.0000,0.5950,1309134.8750
49.4702,-0.3111,0.3435,4.2423,0.4551,1,1,0.1503,0.0000,0.7214,0.0000,-0.2871,0.0000,-0.1296,0.0000,0.5950,1309134.8750
49.4804,-0.1461,0.1564,4.5510,0.4551,1,1,0.1570,0.0000,0.7085,0.0000,-0.2873,0.0000,-0.1232,0.0000,0.5950,1309134.8750
49.4900,-0.1779,0.3005,4.6061,0.4551,1,1,0.1622,0.0000,0.6938,0.0000,-0.2876,0.0000,-0.1185,0.0000,0.5950,1309134.8750
49.5000,-0.2614,0.0568,4.6150,0.4550,1,1,0.1642,0.0000,0.6757,0.0000,-0.2886,0.0000,-0.1177,0.0000,0.5950,1309134.8750
49.5099,-0.0405,-0.2482,4.6050,0.4550,1,1,0.1750,0.0000,0.6663,0.0000,-0.2878,0.0000,-0.1062,0.0000,0.5950,1309134.8750
49.5202,-0.3408,0.2767,4.1830,0.4549,1,1,0.1735,0.0000,0.6440,0.0000,-0.2894,0.0000,-0.1094,0.0000,0.5950,1309134.8750
49.5302,-0.2637,0.1570,4.1778,0.4549,1,1,0.1746,0.0000,0.6246,0.0000,-0.2905,0.0000,-0.1096,0.0000,0.5950,1309134.8750
49.5400,-0.0928,-0.0449,4.4650,0.4549,1,1,0.1847,0.0000,0.6140,0.0000,-0.2897,0.0000,-0.0989,0.0000,0.5950,1309134.8750
49.5500,-0.4086,0.4227,4.4696,0.4548,1,1,0.1801,0.0000,0.5884,0.0000,-0.2918,0.0000,-0.1058,0.0000,0.5950,1309134.8750
49.5600,-0.4498,0.4220,4.6206,0.4547,1,1,0.1741,0.0000,0.5620,0.0000,-0.2942,0.0000,-0.1144,0.0000,0.5950,1309134.8750
49.5702,-0.1750,0.3512,4.6226,0.4546,1,1,0.1777,0.0000,0.5457,0.0000,-0.2946,0.0000,-0.1115,0.0000,0.5950,1309134.8750
49.5802,-0.1552,0.3768,4.3685,0.4546,1,1,0.1816,0.0000,0.5298,0.0000,-0.2949,0.0000,-0.1080,0.0000,0.5950,1309134.8750
49.5900,-0.0135,-0.0924,4.3130,0.4546,1,1,0.1906,0.0000,0.5186,0.0000,-0.2942,0.0000,-0.0983,0.0000,0.5950,1309134.8750
49.6000,-0.1707,0.0664,4.3107,0.4546,1,1,0.1933,0.0000,0.5006,0.0000,-0.2947,0.0000,-0.0963,0.0000,0.5950,1309134.8750
49.6099,-0.3495,-0.1289,4.4427,0.4546,1,1,0.1896,0.0000,0.4762,0.0000,-0.2964,0.0000,-0.1020,0.0000,0.5950,1309134.8750
49.6203,-0.1586,-0.5528,4.6529,0.4545,1,1,0.1924,0.0000,0.4588,0.0000,-0.2968,0.0000,-0.0998,0.0000,0.5950,1309134.8750
49.6303,-0.2364,-0.0637,4.5675,0.4545,1,1,0.1923,0.0000,0.4385,0.0000,-0.2978,0.0000,-0.1010,0.0000,0.5950,1309134.8750
49.6400,-0.3782,0.2938,4.3346,0.4545,1,1,0.1872,0.0000,0.4133,0.0000,-0.2997,0.0000,-0.1083,0.0000,0.5950,1309134.8750
49.6499,-0.2790,0.3504,4.2187,0.4544,1,1,0.1854,0.0000,0.3923,0.0000,-0.3008,0.0000,-0.1115,0.0000,0.5950,1309134.8750
49.6600,-0.0859,0.3778,4.2716,0.4544,1,1,0.1932,0.0000,0.3809,0.0000,-0.3001,0.0000,-0.1031,0.0000,0.5950,1309134.8750
49.6702,-0.2057,0.0998,4.4254,0.4544,1,1,0.1935,0.0000,0.3617,0.0000,-0.3008,0.0000,-0.1037,0.0000,0.5950,1309134.8750
49.6804,-0.3297,0.3490,4.6078,0.4544,1,1,0.1893,0.0000,0.3382,0.0000,-0.3023,0.0000,-0.1096,0.0000,0.5950,1309134.8750
49.6899,-0.0883,0.2434,4.7081,0.4544,1,1,0.1965,0.0000,0.3265,0.0000,-0.3016,0.0000,-0.1018,0.0000,0.5950,1309134.8750
49.6999,0.0368,-0.2116,4.6431,0.4544,1,1,0.2032,0.0000,0.3140,0.0000,-0.3009,0.0000,-0.0945,0.0000,0.5950,1309134.8750
49.7100,-0.0411,0.1781,4.3445,0.4544,1,1,0.2096,0.0000,0.3006,0.0000,-0.3002,0.0000,-0.0876,0.0000,0.5950,1309134.8750
49.7202,-0.1303,0.1433,4.1984,0.4544,1,1,0.2112,0.0000,0.2821,0.0000,-0.3005,0.0000,-0.0865,0.0000,0.5950,1309134.8750
49.7302,-0.0753,-0.1300,4.1821,0.4544,1,1,0.2170,0.0000,0.2679,0.0000,-0.2999,0.0000,-0.0803,0.0000,0.5950,1309134.8750
49.7400,0.0072,0.1242,4.3792,0.4544,1,1,0.2224,0.0000,0.2529,0.0000,-0.2994,0.0000,-0.0744,0.0000,0.5950,1309134.8750
49.7499,-0.1230,0.2012,4.5550,0.4544,1,1,0.2233,0.0000,0.2331,0.0000,-0.2997,0.0000,-0.0741,0.0000,0.5950,1309134.8750
49.7599,-0.2565,0.3939,4.4580,0.4544,1,1,0.2193,0.0000,0.2086,0.0000,-0.3010,0.0000,-0.0796,0.0000,0.5950,1309134.8750
49.7703,0.0321,0.5299,4.4901,0.4544,1,1,0.2241,0.0000,0.1935,0.0000,-0.3004,0.0000,-0.0743,0.0000,0.5950,1309134.8750
49.7802,0.0140,0.2446,4.4047,0.4544,1,1,0.2286,0.0000,0.1778,0.0000,-0.2999,0.0000,-0.0695,0.0000,0.5950,1309134.8750
49.7900,-0.1499,0.5293,4.2768,0.4544,1,1,0.2276,0.0000,0.1564,0.0000,-0.3005,0.0000,-0.0712,0.0000,0.5950,1309134.8750
49.8000,0.0159,0.5599,4.4731,0.4544,1,1,0.2317,0.0000,0.1403,0.0000,-0.3000,0.0000,-0.0669,0.0000,0.5950,1309134.8750
49.8099,0.1068,-0.1048,4.6060,0.4544,1,1,0.2390,0.0000,0.1275,0.0000,-0.2988,0.0000,-0.0584,0.0000,0.5950,1309134.8750
49.8203,-0.0326,-0.0174,4.5624,0.4544,1,1,0.2423,0.0000,0.1100,0.0000,-0.2983,0.0000,-0.0549,0.0000,0.5950,1309134.8750
49.8302,-0.1036,0.0989,4.4419,0.4544,1,1,0.2417,0.0000,0.0886,0.0000,-0.2987,0.0000,-0.0561,0.0000,0.5950,1309134.8750
49.8400,-0.2320,0.0450,4.2152,0.4545,1,1,0.2366,0.0000,0.0627,0.0000,-0.2999,0.0000,-0.0627,0.0000,0.5950,1309134.8750
49.8500,-0.0972,0.3578,4.2203,0.4545,1,1,0.2394,0.0000,0.0456,0.0000,-0.2995,0.0000,-0.0597,0.0000,0.5950,1309134.8750
49.8600,0.0867,0.2129,4.3531,0.4545,1,1,0.2419,0.0000,0.0282,0.0000,-0.2991,0.0000,-0.0569,0.0000,0.5950,1309134.8750
49.8702,-0.2610,0.3392,4.3437,0.4545,1,1,0.2351,0.0000,0.0012,0.0000,-0.3005,0.0000,-0.0653,0.0000,0.5950,1309134.8750
49.8803,-0.1331,0.6325,4.4548,0.4545,1,1,0.2328,0.0000,-0.0203,0.0000,-0.3010,0.0000,-0.0684,0.0000,0.5950,1309134.8750
49.8900,0.0834,0.1745,4.5381,0.4545,1,1,0.2350,0.0000,-0.0369,0.0000,-0.3005,0.0000,-0.0659,0.0000,0.5950,1309134.8750
49.9000,-0.0497,0.2897,4.3768,0.4545,1,1,0.2369,0.0000,-0.0537,0.0000,-0.3000,0.0000,-0.0637,0.0000,0.5950,1309134.8750
49.9099,-0.0625,0.6283,4.4114,0.4545,1,1,0.2385,0.0000,-0.0708,0.0000,-0.2996,0.0000,-0.0618,0.0000,0.5950,1309134.8750
49.9202,-0.0356,0.0128,4.4902,0.4545,1,1,0.2399,0.0000,-0.0880,0.0000,-0.2991,0.0000,-0.0601,0.0000,0.5950,1309134.8750
49.9302,-0.0782,-0.1326,4.4493,0.4545,1,1,0.2411,0.0000,-0.1054,0.0000,-0.2987,0.0000,-0.0586,0.0000,0.5950,1309134.8750
49.9400,0.0536,-0.0540,4.4621,0.4545,1,1,0.2421,0.0000,-0.1230,0.0000,-0.2983,0.0000,-0.0574,0.0000,0.5950,1309134.8750
49.9500,-0.1257,0.0414,4.3830,0.4546,1,1,0.2385,0.0000,-0.1452,0.0000,-0.2988,0.0000,-0.0617,0.0000,0.5950,1309134.8750
49.9600,-0.2570,0.4650,4.2688,0.4547,1,1,0.2303,0.0000,-0.1717,0.0000,-0.3002,0.0000,-0.0715,0.0000,0.5950,1309134.8750
49.9702,-0.1210,0.2360,4.3440,0.4547,1,1,0.2269,0.0000,-0.1923,0.0000,-0.3005,0.0000,-0.0755,0.0000,0.5950,1309134.8750
49.9803,-0.2320,0.1430,4.3004,0.4548,1,1,0.2196,0.0000,-0.2165,0.0000,-0.3016,0.0000,-0.0842,0.0000,0.5950,1309134.8750
49.9900,-0.4415,0.7560,4.2674,0.4550,1,1,0.2051,0.0000,-0.2473,0.0000,-0.3041,0.0000,-0.1015,0.0000,0.5950,1309134.8750
50.0000,-0.0907,0.3376,4.4782,0.4550,1,1,0.2061,0.0000,-0.2604,0.0000,-0.3034,0.0000,-0.0999,0.0000,0.5950,1309134.8750
50.0099,0.0592,0.0381,4.5521,0.4550,1,1,0.2069,0.0000,-0.2736,0.0000,-0.3027,0.0000,-0.0985,0.0000,0.5950,1309134.8750
50.0203,-0.0920,0.2778,4.4075,0.4550,1,1,0.2076,0.0000,-0.2869,0.0000,-0.3020,0.0000,-0.0973,0.0000,0.5950,1309134.8750
50.0302,-0.0460,0.1527,4.5276,0.4550,1,1,0.2081,0.0000,-0.3004,0.0000,-0.3013,0.0000,-0.0962,0.0000,0.5950,1309134.8750
50.0400,-0.2724,0.2516,4.3407,0.4551,1,1,0.1990,0.0000,-0.3238,0.0000,-0.3026,0.0000,-0.1068,0.0000,0.5950,1309134.8750
50.0500,-0.1833,0.0260,4.3085,0.4551,1,1,0.1931,0.0000,-0.3429,0.0000,-0.3031,0.0000,-0.1134,0.0000,0.5950,1309134.8750
50.0600,-0.1190,-0.1981,4.4165,0.4551,1,1,0.1895,0.0000,-0.3589,0.0000,-0.3031,0.0000,-0.1172,0.0000,0.5950,1309134.8750
50.0702,-0.5078,0.5008,4.2236,0.4554,1,1,0.1724,0.0000,-0.3887,0.0000,-0.3059,0.0000,-0.1374,0.0000,0.5950,1309134.8750
50.0803,-0.3145,0.5469,4.3495,0.4555,1,1,0.1623,0.0000,-0.4093,0.0000,-0.3071,0.0000,-0.1489,0.0000,0.5950,1309134.8750
50.0900,0.0198,0.2449,4.5363,0.4555,1,1,0.1634,0.0000,-0.4171,0.0000,-0.3061,0.0000,-0.1468,0.0000,0.5950,1309134.8750
50.0999,-0.3420,0.7135,4.3027,0.4556,1,1,0.1525,0.0000,-0.4377,0.0000,-0.3074,0.0000,-0.1594,0.0000,0.5950,1309134.8750
50.1099,-0.2044,0.3996,4.4189,0.4557,1,1,0.1465,0.0000,-0.4518,0.0000,-0.3077,0.0000,-0.1657,0.0000,0.5950,1309134.8750
50.1203,-0.1722,0.1011,4.3877,0.4557,1,1,0.1418,0.0000,-0.4641,0.0000,-0.3078,0.0000,-0.1707,0.0000,0.5950,1309134.8750
50.1303,-0.2309,-0.0669,4.3260,0.4557,1,1,0.1350,0.0000,-0.4779,0.0000,-0.3082,0.0000,-0.1779,0.0000,0.5950,1309134.8750
50.1399,-0.0640,-0.3967,4.5276,0.4557,1,1,0.1364,0.0000,-0.4824,0.0000,-0.3070,0.0000,-0.1753,0.0000,0.5950,1309134.8750
50.1500,-0.3193,0.1570,4.3775,0.4558,1,1,0.1266,0.0000,-0.4989,0.0000,-0.3080,0.0000,-0.1863,0.0000,0.5950,1309134.8750
50.1600,-0.5273,0.6464,4.2611,0.4561,1,1,0.1098,0.0000,-0.5218,0.0000,-0.3104,0.0000,-0.2058,0.0000,0.5950,1309134.8750
50.1703,-0.0876,0.2653,4.4247,0.4561,1,1,0.1117,0.0000,-0.5233,0.0000,-0.3089,0.0000,-0.2024,0.0000,0.5950,1309134.8750
50.1802,-0.3461,0.4752,4.3023,0.4562,1,1,0.1015,0.0000,-0.5377,0.0000,-0.3099,0.0000,-0.2138,0.0000,0.5950,1309134.8750
50.1899,-0.4494,0.6435,4.2744,0.4564,1,1,0.0879,0.0000,-0.5546,0.0000,-0.3116,0.0000,-0.2292,0.0000,0.5950,1309134.8750
50.2000,-0.2834,0.5713,4.3634,0.4564,1,1,0.0805,0.0000,-0.5638,0.0000,-0.3119,0.0000,-0.2371,0.0000,0.5950,1309134.8750
50.2099,-0.2533,0.5330,4.3060,0.4564,1,1,0.0743,0.0000,-0.5710,0.0000,-0.3121,0.0000,-0.2435,0.0000,0.5950,1309134.8750
50.2204,-0.1776,0.1765,4.3916,0.4564,1,1,0.0708,0.0000,-0.5747,0.0000,-0.3116,0.0000,-0.2465,0.0000,0.5950,1309134.8750
50.2302,-0.2136,0.1747,4.5837,0.4563,1,1,0.0662,0.0000,-0.5794,0.0000,-0.3114,0.0000,-0.2509,0.0000,0.5950,1309134.8750
50.2399,-0.5546,0.2356,4.5176,0.4565,1,1,0.0499,0.0000,-0.5958,0.0000,-0.3135,0.0000,-0.2696,0.0000,0.5950,1309134.8750
50.2500,-0.3931,-0.1560,4.6089,0.4566,1,1,0.0396,0.0000,-0.6044,0.0000,-0.3143,0.0000,-0.2808,0.0000,0.5950,1309134.8750
50.2600,-0.2563,0.2200,4.6552,0.4566,1,1,0.0344,0.0000,-0.6068,0.0000,-0.3142,0.0000,-0.2858,0.0000,0.5950,1309134.8750
50.2702,-0.4644,0.6450,4.4082,0.4567,1,1,0.0221,0.0000,-0.6161,0.0000,-0.3154,0.0000,-0.2994,0.0000,0.5950,1309134.8750
50.2804,-0.3714,0.7522,4.5020,0.4568,1,1,0.0135,0.0000,-0.6205,0.0000,-0.3159,0.0000,-0.3086,0.0000,0.5950,1309134.8750
50.2900,-0.1914,0.8010,4.5797,0.4567,1,1,0.0113,0.0000,-0.6174,0.0000,-0.3151,0.0000,-0.3099,0.0000,0.5950,1309134.8750
50.2999,-0.1172,0.1335,4.6927,0.4566,1,1,0.0119,0.0000,-0.6114,0.0000,-0.3138,0.0000,-0.3080,0.0000,0.5950,1309134.8750
50.3099,-0.2309,0.0444,4.7832,0.4565,1,1,0.0085,0.0000,-0.6096,0.0000,-0.3132,0.0000,-0.3109,0.0000,0.5950,1309134.8750
50.3202,-0.4498,0.3225,4.6978,0.4566,1,1,-0.0025,0.0000,-0.6153,0.0000,-0.3142,0.0000,-0.3228,0.0000,0.5950,1309134.8750
50.3302,-0.4671,-0.1206,4.6326,0.4567,1,1,-0.0137,0.0000,-0.6202,0.0000,-0.3152,0.0000,-0.3350,0.0000,0.5950,1309134.8750
50.3400,-0.3622,-0.0097,4.6297,0.4567,1,1,-0.0208,0.0000,-0.6201,0.0000,-0.3154,0.0000,-0.3424,0.0000,0.5900,1309136.8750
50.3500,-0.4737,0.2412,4.6220,0.4568,1,1,-0.0316,0.0000,-0.6230,0.0000,-0.3163,0.0000,-0.3541,0.0000,0.5900,1309136.8750
50.3600,-0.6818,0.3154,4.6656,0.4570,1,1,-0.0492,0.0000,-0.6320,0.0000,-0.3186,0.0000,-0.3741,0.0000,0.5900,1309136.8750
50.3703,-0.5311,0.6229,4.8091,0.4571,1,1,-0.0610,0.0000,-0.6335,0.0000,-0.3196,0.0000,-0.3869,0.0000,0.5900,1309136.8750
50.3802,-0.2489,0.2235,4.8460,0.4570,1,1,-0.0625,0.0000,-0.6236,0.0000,-0.3187,0.0000,-0.3874,0.0000,0.5900,1309136.8750
50.3899,-0.2861,0.1460,4.7627,0.4570,1,1,-0.0652,0.0000,-0.6149,0.0000,-0.3180,0.0000,-0.3894,0.0000,0.5900,1309136.8750
50.4000,-0.4483,0.5860,4.5419,0.4570,1,1,-0.0734,0.0000,-0.6116,0.0000,-0.3184,0.0000,-0.3979,0.0000,0.5900,1309136.8750
50.4099,-0.3591,-0.0207,4.6047,0.4570,1,1,-0.0782,0.0000,-0.6041,0.0000,-0.3181,0.0000,-0.4024,0.0000,0.5900,1309136.8750
50.4204,-0.3801,-0.2532,4.6806,0.4570,1,1,-0.0835,0.0000,-0.5969,0.0000,-0.3180,0.0000,-0.4074,0.0000,0.5900,1309136.8750
50.4303,-0.4720,-0.1033,4.6813,0.4570,1,1,-0.0917,0.0000,-0.5923,0.0000,-0.3184,0.0000,-0.4160,0.0000,0.5900,1309136.8750
50.4399,-0.5398,-0.2147,4.8558,0.4571,1,1,-0.1019,0.0000,-0.5890,0.0000,-0.3193,0.0000,-0.4270,0.0000,0.5900,1309136.8750
50.4499,-0.7509,0.3040,4.6339,0.4572,1,1,-0.1190,0.0000,-0.5918,0.0000,-0.3215,0.0000,-0.4464,0.0000,0.5900,1309136.8750
50.4600,-0.4420,0.3019,4.6760,0.4572,1,1,-0.1248,0.0000,-0.5819,0.0000,-0.3215,0.0000,-0.4521,0.0000,0.5900,1309136.8750
50.4703,-0.4764,0.1278,4.6630,0.4572,1,1,-0.1314,0.0000,-0.5724,0.0000,-0.3216,0.0000,-0.4588,0.0000,0.5900,1309136.8750
50.4804,-0.7021,0.7835,4.4266,0.4573,1,1,-0.1456,0.0000,-0.5699,0.0000,-0.3233,0.0000,-0.4746,0.0000,0.5900,1309136.8750
50.4900,-0.2770,0.3264,4.7812,0.4573,1,1,-0.1444,0.0000,-0.5511,0.0000,-0.3220,0.0000,-0.4719,0.0000,0.5900,1309136.8750
50.4999,-0.2517,-0.0777,4.7271,0.4572,1,1,-0.1423,0.0000,-0.5317,0.0000,-0.3204,0.0000,-0.4681,0.0000,0.5900,1309136.8750
50.5099,-0.5413,0.5427,4.5759,0.4572,1,1,-0.1502,0.0000,-0.5224,0.0000,-0.3209,0.0000,-0.4763,0.0000,0.5900,1309136.8750
50.5202,-0.4013,0.1774,4.6323,0.4572,1,1,-0.1528,0.0000,-0.5075,0.0000,-0.3204,0.0000,-0.4783,0.0000,0.5900,1309136.8750
50.5302,-0.5751,-0.1416,4.4473,0.4572,1,1,-0.1612,0.0000,-0.4982,0.0000,-0.3211,0.0000,-0.4873,0.0000,0.5900,1309136.8750
50.5400,-0.5807,0.0146,4.5844,0.4572,1,1,-0.1694,0.0000,-0.4880,0.0000,-0.3217,0.0000,-0.4960,0.0000,0.5900,1309136.8750
50.5500,-0.4587,-0.1291,4.7436,0.4572,1,1,-0.1730,0.0000,-0.4728,0.0000,-0.3215,0.0000,-0.4992,0.0000,0.5900,1309136.8750
50.5600,-0.6372,0.1792,4.6562,0.4573,1,1,-0.1825,0.0000,-0.4632,0.0000,-0.3224,0.0000,-0.5096,0.0000,0.5900,1309136.8750
50.5702,-0.3825,0.2052,4.6924,0.4572,1,1,-0.1828,0.0000,-0.4438,0.0000,-0.3216,0.0000,-0.5088,0.0000,0.5900,1309136.8750
50.5803,-0.2669,-0.0640,4.6271,0.4572,1,1,-0.1789,0.0000,-0.4205,0.0000,-0.3199,0.0000,-0.5030,0.0000,0.5900,1309136.8750
50.5900,-0.6948,0.6522,4.3789,0.4572,1,1,-0.1897,0.0000,-0.4123,0.0000,-0.3212,0.0000,-0.5150,0.0000,0.5900,1309136.8750
50.6000,-0.5639,0.7380,4.4814,0.4572,1,1,-0.1955,0.0000,-0.3983,0.0000,-0.3216,0.0000,-0.5210,0.0000,0.5900,1309136.8750
50.6099,-0.3848,0.2065,4.6542,0.4572,1,1,-0.1948,0.0000,-0.3775,0.0000,-0.3206,0.0000,-0.5192,0.0000,0.5900,1309136.8750
50.6204,-0.5098,0.3399,4.5486,0.4572,1,1,-0.1982,0.0000,-0.3611,0.0000,-0.3205,0.0000,-0.5224,0.0000,0.5900,1309136.8750
50.6302,-0.4597,0.1007,4.6178,0.4572,1,1,-0.1997,0.0000,-0.3427,0.0000,-0.3201,0.0000,-0.5232,0.0000,0.5900,1309136.8750
50.6399,-0.5298,0.0974,4.4777,0.4572,1,1,-0.2033,0.0000,-0.3264,0.0000,-0.3202,0.0000,-0.5268,0.0000,0.5900,1309136.8750
50.6500,-0.5880,0.1851,4.3997,0.4572,1,1,-0.2087,0.0000,-0.3117,0.0000,-0.3206,0.0000,-0.5324,0.0000,0.5900,1309136.8750
50.6600,-0.2935,-0.2091,4.6683,0.4571,1,1,-0.2036,0.0000,-0.2864,0.0000,-0.3189,0.0000,-0.5254,0.0000,0.5900,1309136.8750
50.6703,-0.6153,0.2756,4.5808,0.4572,1,1,-0.2096,0.0000,-0.2726,0.0000,-0.3195,0.0000,-0.5318,0.0000,0.5900,1309136.8750
50.6804,-0.6887,0.7439,4.5858,0.4572,1,1,-0.2177,0.0000,-0.2607,0.0000,-0.3206,0.0000,-0.5409,0.0000,0.5900,1309136.8750
50.6899,-0.2623,0.4037,4.7430,0.4571,1,1,-0.2107,0.0000,-0.2333,0.0000,-0.3187,0.0000,-0.5318,0.0000,0.5900,1309136.8750
50.6999,-0.3134,0.4041,4.5602,0.4571,1,1,-0.2056,0.0000,-0.2085,0.0000,-0.3172,0.0000,-0.5248,0.0000,0.5900,1309136.8750
50.7100,-0.4321,0.3010,4.4674,0.4571,1,1,-0.2045,0.0000,-0.1884,0.0000,-0.3165,0.0000,-0.5229,0.0000,0.5900,1309136.8750
50.7202,-0.3924,0.1683,4.5272,0.4571,1,1,-0.2019,0.0000,-0.1671,0.0000,-0.3156,0.0000,-0.5192,0.0000,0.5900,1309136.8750
50.7303,-0.5256,0.0751,4.4475,0.4571,1,1,-0.2038,0.0000,-0.1506,0.0000,-0.3157,0.0000,-0.5209,0.0000,0.5900,1309136.8750
50.7400,-0.3390,-0.3088,4.5474,0.4571,1,1,-0.1990,0.0000,-0.1276,0.0000,-0.3144,0.0000,-0.5147,0.0000,0.5900,1309136.8750
50.7500,-0.5225,-0.0931,4.5342,0.4571,1,1,-0.2006,0.0000,-0.1115,0.0000,-0.3145,0.0000,-0.5162,0.0000,0.5900,1309136.8750
50.7600,-0.8303,0.4030,4.2849,0.4571,1,1,-0.2125,0.0000,-0.1056,0.0000,-0.3167,0.0000,-0.5302,0.0000,0.5900,1309136.8750
50.7702,-0.6100,0.2089,4.4267,0.4571,1,1,-0.2163,0.0000,-0.0909,0.0000,-0.3172,0.0000,-0.5344,0.0000,0.5900,1309136.8750
50.7803,-0.5432,0.3766,4.4268,0.4571,1,1,-0.2175,0.0000,-0.0733,0.0000,-0.3173,0.0000,-0.5355,0.0000,0.5900,1309136.8750
50.7899,-0.8000,0.5652,4.3291,0.4571,1,1,-0.2273,0.0000,-0.0645,0.0000,-0.3191,0.0000,-0.5470,0.0000,0.5900,1309136.8750
50.8000,-0.5107,0.4002,4.5431,0.4571,1,1,-0.2267,0.0000,-0.0445,0.0000,-0.3189,0.0000,-0.5460,0.0000,0.5900,1309136.8750
50.8100,-0.4311,0.3387,4.4447,0.4571,1,1,-0.2232,0.0000,-0.0218,0.0000,-0.3181,0.0000,-0.5414,0.0000,0.5900,1309136.8750
50.8204,-0.3785,-0.0515,4.4085,0.4571,1,1,-0.2178,0.0000,0.0022,0.0000,-0.3169,0.0000,-0.5347,0.0000,0.5900,1309136.8750
50.8302,-0.4681,-0.1886,4.4221,0.4571,1,1,-0.2155,0.0000,0.0225,0.0000,-0.3165,0.0000,-0.5317,0.0000,0.5900,1309136.8750
50.8399,-0.8656,0.3242,4.2630,0.4571,1,1,-0.2267,0.0000,0.0287,0.0000,-0.3188,0.0000,-0.5452,0.0000,0.5900,1309136.8750
50.8500,-0.7629,0.1057,4.4048,0.4570,1,1,-0.2339,0.0000,0.0399,0.0000,-0.3203,0.0000,-0.5538,0.0000,0.5900,1309136.8750
50.8600,-0.6160,0.1918,4.5714,0.4570,1,1,-0.2356,0.0000,0.0570,0.0000,-0.3207,0.0000,-0.5558,0.0000,0.5900,1309136.8750
50.8703,-0.8469,0.5747,4.4318,0.4570,1,1,-0.2451,0.0000,0.0663,0.0000,-0.3228,0.0000,-0.5672,0.0000,0.5900,1309136.8750
50.8804,-0.5947,0.5637,4.4342,0.4570,1,1,-0.2454,0.0000,0.0855,0.0000,-0.3230,0.0000,-0.5675,0.0000,0.5900,1309136.8750
50.8900,-0.3376,0.5330,4.4212,0.4570,1,1,-0.2366,0.0000,0.1138,0.0000,-0.3214,0.0000,-0.5568,0.0000,0.5900,1309136.8750
50.9000,-0.4048,0.1061,4.2403,0.4571,1,1,-0.2302,0.0000,0.1386,0.0000,-0.3203,0.0000,-0.5491,0.0000,0.5900,1309136.8750
50.9100,-0.4192,-0.2880,4.3901,0.4571,1,1,-0.2244,0.0000,0.1622,0.0000,-0.3194,0.0000,-0.5422,0.0000,0.5900,1309136.8750
50.9203,-0.7706,-0.0192,4.3473,0.4570,1,1,-0.2306,0.0000,0.1726,0.0000,-0.3210,0.0000,-0.5499,0.0000,0.5900,1309136.8750
50.9302,-0.9319,-0.1763,4.2791,0.4569,1,1,-0.2420,0.0000,0.1782,0.0000,-0.3236,0.0000,-0.5639,0.0000,0.5900,1309136.8750
50.9400,-0.4965,-0.2135,4.4428,0.4569,1,1,-0.2379,0.0000,0.2005,0.0000,-0.3232,0.0000,-0.5591,0.0000,0.5900,1309136.8750
50.9499,-0.6158,0.3255,4.2092,0.4569,1,1,-0.2379,0.0000,0.2182,0.0000,-0.3236,0.0000,-0.5593,0.0000,0.5900,1309136.8750
50.9600,-0.6216,0.5720,4.2180,0.4569,1,1,-0.2378,0.0000,0.2356,0.0000,-0.3240,0.0000,-0.5595,0.0000,0.5900,1309136.8750
50.9702,-0.4413,0.6324,4.3661,0.4569,1,1,-0.2314,0.0000,0.2594,0.0000,-0.3232,0.0000,-0.5520,0.0000,0.5900,1309136.8750
50.9803,-0.5029,0.0653,4.3004,0.4570,1,1,-0.2271,0.0000,0.2802,0.0000,-0.3228,0.0000,-0.5472,0.0000,0.5900,1309136.8750
50.9900,-0.5506,-0.3262,4.3815,0.4570,1,1,-0.2244,0.0000,0.2988,0.0000,-0.3229,0.0000,-0.5443,0.0000,0.5900,1309136.8750
51.0000,-0.7263,-0.0910,4.2576,0.4569,1,1,-0.2277,0.0000,0.3108,0.0000,-0.3241,0.0000,-0.5488,0.0000,0.5900,1309136.8750
51.0099,-0.8398,0.0215,4.1884,0.4568,1,1,-0.2347,0.0000,0.3192,0.0000,-0.3262,0.0000,-0.5576,0.0000,0.5900,1309136.8750
51.0203,-0.4150,0.1498,4.3017,0.4568,1,1,-0.2265,0.0000,0.3436,0.0000,-0.3252,0.0000,-0.5483,0.0000,0.5900,1309136.8750
51.0303,-0.3522,0.2087,4.3211,0.4569,1,1,-0.2163,0.0000,0.3693,0.0000,-0.3238,0.0000,-0.5364,0.0000,0.5900,1309136.8750
51.0400,-0.5255,0.2855,4.2574,0.4569,1,1,-0.2123,0.0000,0.3875,0.0000,-0.3237,0.0000,-0.5321,0.0000,0.5900,1309136.8750
51.0500,-0.7631,0.6827,4.2943,0.4568,1,1,-0.2164,0.0000,0.3967,0.0000,-0.3253,0.0000,-0.5377,0.0000,0.5900,1309136.8750
51.0600,-0.5839,0.2353,4.2864,0.4568,1,1,-0.2140,0.0000,0.4129,0.0000,-0.3257,0.0000,-0.5355,0.0000,0.5900,1309136.8750
51.0702,-0.4080,-0.1625,4.4277,0.4569,1,1,-0.2055,0.0000,0.4351,0.0000,-0.3248,0.0000,-0.5259,0.0000,0.5900,1309136.8750
51.0804,-0.5279,-0.0893,4.1525,0.4569,1,1,-0.2012,0.0000,0.4520,0.0000,-0.3248,0.0000,-0.5214,0.0000,0.5900,1309136.8750
51.0899,-0.5935,-0.1679,4.2088,0.4568,1,1,-0.1992,0.0000,0.4659,0.0000,-0.3253,0.0000,-0.5198,0.0000,0.5900,1309136.8750
51.1000,-0.5719,-0.0471,4.1650,0.4568,1,1,-0.1963,0.0000,0.4805,0.0000,-0.3256,0.0000,-0.5171,0.0000,0.5900,1309136.8750
51.1099,-0.4772,-0.0447,4.2340,0.4568,1,1,-0.1901,0.0000,0.4981,0.0000,-0.3254,0.0000,-0.5105,0.0000,0.5900,1309136.8750
51.1202,-0.3788,-0.1515,4.4064,0.4569,1,1,-0.1806,0.0000,0.5185,0.0000,-0.3245,0.0000,-0.4998,0.0000,0.5900,1309136.8750
51.1302,-0.9192,0.6010,4.2170,0.4567,1,1,-0.1899,0.0000,0.5182,0.0000,-0.3274,0.0000,-0.5121,0.0000,0.5900,1309136.8750
51.1400,-0.7278,0.6250,4.1530,0.4566,1,1,-0.1922,0.0000,0.5260,0.0000,-0.3289,0.0000,-0.5158,0.0000,0.5900,1309136.8750
51.1500,-0.3110,0.2167,4.3456,0.4567,1,1,-0.1798,0.0000,0.5493,0.0000,-0.3274,0.0000,-0.5018,0.0000,0.5900,1309136.8750
51.1600,-0.5427,0.2791,4.0760,0.4567,1,1,-0.1758,0.0000,0.5626,0.0000,-0.3277,0.0000,-0.4979,0.0000,0.5900,1309136.8750
51.1702,-0.4225,-0.0372,4.2894,0.4567,1,1,-0.1675,0.0000,0.5798,0.0000,-0.3272,0.0000,-0.4889,0.0000,0.5900,1309136.8750
51.1803,-0.3785,-0.1795,4.2754,0.4568,1,1,-0.1579,0.0000,0.5976,0.0000,-0.3264,0.0000,-0.4784,0.0000,0.5900,1309136.8750
51.1900,-0.4764,-0.0716,4.2457,0.4568,1,1,-0.1519,0.0000,0.6107,0.0000,-0.3264,0.0000,-0.4722,0.0000,0.5900,1309136.8750
51.1999,-0.2582,-0.1881,4.3767,0.4569,1,1,-0.1383,0.0000,0.6310,0.0000,-0.3249,0.0000,-0.4569,0.0000,0.5900,1309136.8750
51.2100,-0.6291,0.4697,4.1298,0.4568,1,1,-0.1380,0.0000,0.6361,0.0000,-0.3261,0.0000,-0.4578,0.0000,0.5900,1309136.8750
51.2204,-0.7344,0.6891,4.0477,0.4566,1,1,-0.1412,0.0000,0.6374,0.0000,-0.3281,0.0000,-0.4629,0.0000,0.5900,1309136.8750
51.2302,-0.3528,0.1848,4.3550,0.4567,1,1,-0.1310,0.0000,0.6531,0.0000,-0.3273,0.0000,-0.4518,0.0000,0.5900,1309136.8750
51.2399,-0.5116,0.3697,4.2627,0.4567,1,1,-0.1266,0.0000,0.6617,0.0000,-0.3277,0.0000,-0.4477,0.0000,0.5900,1309136.8750
51.2500,-0.5144,0.3345,4.4284,0.4566,1,1,-0.1223,0.0000,0.6697,0.0000,-0.3282,0.0000,-0.4438,0.0000,0.5900,1309136.8750
51.2600,-0.3322,0.3501,4.4232,0.4567,1,1,-0.1117,0.0000,0.6838,0.0000,-0.3274,0.0000,-0.4323,0.0000,0.5900,1309136.8750
51.2702,-0.4343,0.2597,4.2186,0.4567,1,1,-0.1049,0.0000,0.6929,0.0000,-0.3274,0.0000,-0.4254,0.0000,0.5900,1309136.8750
51.2804,-0.3296,-0.2406,4.2640,0.4567,1,1,-0.0947,0.0000,0.7050,0.0000,-0.3267,0.0000,-0.4144,0.0000,0.5900,1309136.8750
51.2900,-0.6360,-0.0539,4.1698,0.4566,1,1,-0.0953,0.0000,0.7048,0.0000,-0.3283,0.0000,-0.4166,0.0000,0.5900,1309136.8750
51.3000,-0.8045,0.1014,4.1349,0.4564,1,1,-0.1018,0.0000,0.6987,0.0000,-0.3309,0.0000,-0.4258,0.0000,0.5850,1309140.6250
51.3100,-0.3939,-0.1787,4.4087,0.4564,1,1,-0.0937,0.0000,0.7082,0.0000,-0.3307,0.0000,-0.4174,0.0000,0.5850,1309140.6250
51.3203,-0.4855,0.3891,4.3950,0.4564,1,1,-0.0890,0.0000,0.7135,0.0000,-0.3312,0.0000,-0.4131,0.0000,0.5850,1309140.6250
51.3302,-0.6663,0.7390,4.2696,0.4562,1,1,-0.0907,0.0000,0.7117,0.0000,-0.3329,0.0000,-0.4165,0.0000,0.5850,1309140.6250
51.3400,-0.3248,0.5168,4.4491,0.4563,1,1,-0.0804,0.0000,0.7224,0.0000,-0.3323,0.0000,-0.4055,0.0000,0.5850,1309140.6250
51.3499,-0.3464,0.3231,4.3331,0.4563,1,1,-0.0711,0.0000,0.7311,0.0000,-0.3319,0.0000,-0.3957,0.0000,0.5850,1309140.6250
51.3599,-0.4830,0.0913,4.2418,0.4563,1,1,-0.0668,0.0000,0.7339,0.0000,-0.3325,0.0000,-0.3920,0.0000,0.5850,1309140.6250
51.3702,-0.4452,0.0599,4.3735,0.4562,1,1,-0.0613,0.0000,0.7374,0.0000,-0.3329,0.0000,-0.3868,0.0000,0.5850,1309140.6250
51.3803,-0.5439,0.1534,4.2247,0.4562,1,1,-0.0594,0.0000,0.7369,0.0000,-0.3339,0.0000,-0.3860,0.0000,0.5850,1309140.6250
51.3900,-0.4181,-0.2085,4.2520,0.4561,1,1,-0.0532,0.0000,0.7406,0.0000,-0.3342,0.0000,-0.3799,0.0000,0.5850,1309140.6250
51.4000,-0.4563,0.0749,4.2519,0.4561,1,1,-0.0484,0.0000,0.7423,0.0000,-0.3347,0.0000,-0.3757,0.0000,0.5850,1309140.6250
51.4100,-0.8670,0.3223,4.1109,0.4559,1,1,-0.0581,0.0000,0.7288,0.0000,-0.3381,0.0000,-0.3889,0.0000,0.5850,1309140.6250
51.4203,-0.4353,0.0672,4.4590,0.4558,1,1,-0.0524,0.0000,0.7319,0.0000,-0.3384,0.0000,-0.3835,0.0000,0.5850,1309140.6250
51.4302,-0.3239,0.1962,4.4967,0.4559,1,1,-0.0431,0.0000,0.7383,0.0000,-0.3380,0.0000,-0.3736,0.0000,0.5850,1309140.6250
51.4400,-0.4582,0.4216,4.3329,0.4558,1,1,-0.0386,0.0000,0.7388,0.0000,-0.3386,0.0000,-0.3698,0.0000,0.5850,1309140.6250
51.4499,-0.3269,0.3806,4.3713,0.4558,1,1,-0.0297,0.0000,0.7435,0.0000,-0.3383,0.0000,-0.3606,0.0000,0.5850,1309140.6250
51.4600,-0.3360,0.2355,4.2444,0.4558,1,1,-0.0214,0.0000,0.7468,0.0000,-0.3381,0.0000,-0.3521,0.0000,0.5850,1309140.6250
51.4702,-0.2993,-0.3039,4.2770,0.4559,1,1,-0.0121,0.0000,0.7504,0.0000,-0.3377,0.0000,-0.3424,0.0000,0.5850,1309140.6250
51.4804,-0.4242,-0.2933,4.3095,0.4558,1,1,-0.0075,0.0000,0.7485,0.0000,-0.3383,0.0000,-0.3383,0.0000,0.5850,1309140.6250
51.4900,-0.6905,0.0289,4.2294,0.4557,1,1,-0.0122,0.0000,0.7368,0.0000,-0.3407,0.0000,-0.3456,0.0000,0.5850,1309140.6250
51.4999,-0.5330,-0.1430,4.3106,0.4556,1,1,-0.0114,0.0000,0.7312,0.0000,-0.3420,0.0000,-0.3461,0.0000,0.5850,1309140.6250
51.5099,-0.4267,0.0096,4.2906,0.4555,1,1,-0.0069,0.0000,0.7293,0.0000,-0.3425,0.0000,-0.3421,0.0000,0.5850,1309140.6250
51.5203,-0.3120,0.2500,4.1942,0.4556,1,1,0.0015,0.0000,0.7309,0.0000,-0.3423,0.0000,-0.3336,0.0000,0.5850,1309140.6250
51.5302,-0.4972,0.5845,4.2254,0.4555,1,1,0.0031,0.0000,0.7251,0.0000,-0.3434,0.0000,-0.3331,0.0000,0.5850,1309140.6250
51.5400,-0.4225,0.6942,4.1582,0.4554,1,1,0.0072,0.0000,0.7217,0.0000,-0.3441,0.0000,-0.3296,0.0000,0.5850,1309140.6250
51.5500,-0.0687,0.1139,4.4396,0.4554,1,1,0.0259,0.0000,0.7326,0.0000,-0.3418,0.0000,-0.3086,0.0000,0.5850,1309140.6250
51.5600,-0.1986,0.0942,4.3180,0.4555,1,1,0.0370,0.0000,0.7343,0.0000,-0.3411,0.0000,-0.2967,0.0000,0.5850,1309140.6250
51.5703,-0.3212,0.3055,4.2620,0.4555,1,1,0.0435,0.0000,0.7304,0.0000,-0.3412,0.0000,-0.2904,0.0000,0.5850,1309140.6250
51.5803,-0.2999,-0.1385,4.2363,0.4555,1,1,0.0505,0.0000,0.7265,0.0000,-0.3413,0.0000,-0.2835,0.0000,0.5850,1309140.6250
51.5900,-0.3009,-0.1188,4.1382,0.4555,1,1,0.0572,0.0000,0.7218,0.0000,-0.3414,0.0000,-0.2770,0.0000,0.5850,1309140.6250
51.6000,-0.0078,-0.2011,4.3111,0.4555,1,1,0.0740,0.0000,0.7267,0.0000,-0.3395,0.0000,-0.2583,0.0000,0.5850,1309140.6250
51.6099,-0.2499,0.1100,4.3903,0.4555,1,1,0.0815,0.0000,0.7209,0.0000,-0.3395,0.0000,-0.2507,0.0000,0.5850,1309140.6250
51.6203,-0.5617,0.6973,4.2283,0.4554,1,1,0.0780,0.0000,0.7035,0.0000,-0.3416,0.0000,-0.2566,0.0000,0.5850,1309140.6250
51.6302,-0.2197,0.3741,4.5853,0.4554,1,1,0.0863,0.0000,0.6984,0.0000,-0.3413,0.0000,-0.2481,0.0000,0.5850,1309140.6250
51.6400,-0.3382,0.2183,4.4291,0.4553,1,1,0.0902,0.0000,0.6883,0.0000,-0.3419,0.0000,-0.2449,0.0000,0.5850,1309140.6250
51.6500,-0.4733,0.5421,4.3397,0.4553,1,1,0.0891,0.0000,0.6730,0.0000,-0.3435,0.0000,-0.2476,0.0000,0.5850,1309140.6250
51.6600,-0.1074,0.3879,4.4414,0.4553,1,1,0.1007,0.0000,0.6705,0.0000,-0.3425,0.0000,-0.2351,0.0000,0.5850,1309140.6250
51.6702,-0.0851,0.3652,4.3104,0.4553,1,1,0.1155,0.0000,0.6704,0.0000,-0.3409,0.0000,-0.2187,0.0000,0.5850,1309140.6250
51.6804,-0.1192,0.2498,4.3115,0.4553,1,1,0.1257,0.0000,0.6643,0.0000,-0.3403,0.0000,-0.2079,0.0000,0.5850,1309140.6250
51.6900,-0.1216,0.3302,4.4319,0.4554,1,1,0.1353,0.0000,0.6570,0.0000,-0.3397,0.0000,-0.1978,0.0000,0.5850,1309140.6250
51.7000,-0.3594,0.2397,4.3196,0.4553,1,1,0.1363,0.0000,0.6404,0.0000,-0.3408,0.0000,-0.1981,0.0000,0.5850,1309140.6250
51.7100,-0.1201,-0.3167,4.5276,0.4553,1,1,0.1454,0.0000,0.6319,0.0000,-0.3402,0.0000,-0.1885,0.0000,0.5850,1309140.6250
51.7202,-0.0766,-0.1079,4.4347,0.4553,1,1,0.1582,0.0000,0.6264,0.0000,-0.3389,0.0000,-0.1745,0.0000,0.5850,1309140.6250
51.7303,-0.2775,0.2123,4.2998,0.4553,1,1,0.1609,0.0000,0.6100,0.0000,-0.3397,0.0000,-0.1726,0.0000,0.5850,1309140.6250
51.7400,-0.1901,0.3681,4.3104,0.4553,1,1,0.1664,0.0000,0.5962,0.0000,-0.3398,0.0000,-0.1674,0.0000,0.5850,1309140.6250
51.7500,-0.0174,0.5817,4.4159,0.4553,1,1,0.1782,0.0000,0.5883,0.0000,-0.3386,0.0000,-0.1546,0.0000,0.5850,1309140.6250
51.7600,-0.0773,0.3148,4.5254,0.4553,1,1,0.1894,0.0000,0.5790,0.0000,-0.3376,0.0000,-0.1424,0.0000,0.5850,1309140.6250
51.7703,-0.2395,0.3964,4.5420,0.4553,1,1,0.1918,0.0000,0.5602,0.0000,-0.3382,0.0000,-0.1408,0.0000,0.5850,1309140.6250
51.7803,-0.1187,0.5418,4.5313,0.4553,1,1,0.1982,0.0000,0.5452,0.0000,-0.3381,0.0000,-0.1344,0.0000,0.5850,1309140.6250
51.7899,0.1131,-0.1762,4.4818,0.4553,1,1,0.2122,0.0000,0.5374,0.0000,-0.3364,0.0000,-0.1188,0.0000,0.5850,1309140.6250
51.8000,-0.0654,-0.0686,4.2899,0.4553,1,1,0.2216,0.0000,0.5241,0.0000,-0.3356,0.0000,-0.1087,0.0000,0.5850,1309140.6250
51.8099,-0.1486,0.0714,4.1942,0.4553,1,1,0.2255,0.0000,0.5046,0.0000,-0.3358,0.0000,-0.1053,0.0000,0.5850,1309140.6250
51.8203,-0.2384,-0.1532,4.2570,0.4553,1,1,0.2260,0.0000,0.4816,0.0000,-0.3367,0.0000,-0.1060,0.0000,0.5850,1309140.6250
51.8302,-0.1488,0.1376,4.3706,0.4553,1,1,0.2293,0.0000,0.4617,0.0000,-0.3370,0.0000,-0.1031,0.0000,0.5850,1309140.6250
51.8400,-0.0515,0.1547,4.6457,0.4553,1,1,0.2375,0.0000,0.4464,0.0000,-0.3363,0.0000,-0.0944,0.0000,0.5850,1309140.6250
51.8500,-0.2530,0.3658,4.5874,0.4553,1,1,0.2365,0.0000,0.4216,0.0000,-0.3374,0.0000,-0.0967,0.0000,0.5850,1309140.6250
51.8600,-0.2754,0.7741,4.5290,0.4553,1,1,0.2345,0.0000,0.3961,0.0000,-0.3387,0.0000,-0.1002,0.0000,0.5850,1309140.6250
51.8702,0.0549,0.2769,4.5923,0.4553,1,1,0.2420,0.0000,0.3803,0.0000,-0.3380,0.0000,-0.0922,0.0000,0.5850,1309140.6250
51.8803,-0.1271,0.2223,4.3124,0.4553,1,1,0.2446,0.0000,0.3594,0.0000,-0.3382,0.0000,-0.0901,0.0000,0.5850,1309140.6250
51.8900,-0.1516,0.4315,4.2639,0.4553,1,1,0.2460,0.0000,0.3372,0.0000,-0.3386,0.0000,-0.0892,0.0000,0.5850,1309140.6250
51.8999,-0.0066,0.1068,4.5196,0.4553,1,1,0.2525,0.0000,0.3202,0.0000,-0.3380,0.0000,-0.0823,0.0000,0.5850,1309140.6250
51.9099,-0.2360,0.0537,4.4279,0.4553,1,1,0.2504,0.0000,0.2942,0.0000,-0.3391,0.0000,-0.0857,0.0000,0.5850,1309140.6250
51.9203,-0.0783,-0.0259,4.7080,0.4553,1,1,0.2563,0.0000,0.2767,0.0000,-0.3385,0.0000,-0.0794,0.0000,0.5850,1309140.6250
51.9303,-0.2913,0.0688,4.6495,0.4553,1,1,0.2518,0.0000,0.2484,0.0000,-0.3400,0.0000,-0.0857,0.0000,0.5850,1309140.6250
51.9400,-0.6012,0.4318,4.3647,0.4553,1,1,0.2365,0.0000,0.2100,0.0000,-0.3435,0.0000,-0.1049,0.0000,0.5850,1309140.6250
51.9499,-0.0835,0.0815,4.4591,0.4553,1,1,0.2423,0.0000,0.1943,0.0000,-0.3428,0.0000,-0.0986,0.0000,0.5850,1309140.6250
51.9600,-0.0975,0.1567,4.3708,0.4553,1,1,0.2476,0.0000,0.1779,0.0000,-0.3421,0.0000,-0.0928,0.0000,0.5850,1309140.6250
51.9702,-0.2576,0.5440,4.4473,0.4554,1,1,0.2437,0.0000,0.1519,0.0000,-0.3433,0.0000,-0.0980,0.0000,0.5850,1309140.6250
51.9803,-0.0129,0.4569,4.8430,0.4554,1,1,0.2486,0.0000,0.1354,0.0000,-0.3426,0.0000,-0.0926,0.0000,0.5850,1309140.6250
51.9900,-0.0325,0.3740,4.9135,0.4554,1,1,0.2531,0.0000,0.1183,0.0000,-0.3419,0.0000,-0.0876,0.0000,0.5850,1309140.6250
52.0000,-0.1087,0.1277,4.8746,0.4554,1,1,0.2536,0.0000,0.0968,0.0000,-0.3421,0.0000,-0.0875,0.0000,0.5850,1309140.6250
52.0099,-0.1788,0.0109,4.7147,0.4554,1,1,0.2514,0.0000,0.0728,0.0000,-0.3427,0.0000,-0.0906,0.0000,0.5850,1309140.6250
52.0204,-0.3628,0.0992,4.4687,0.4554,1,1,0.2428,0.0000,0.0427,0.0000,-0.3446,0.0000,-0.1014,0.0000,0.5850,1309140.6250
52.0302,-0.3209,-0.2475,4.5237,0.4555,1,1,0.2357,0.0000,0.0151,0.0000,-0.3461,0.0000,-0.1103,0.0000,0.5850,1309140.6250
52.0400,-0.1560,-0.2124,4.7505,0.4555,1,1,0.2342,0.0000,-0.0058,0.0000,-0.3465,0.0000,-0.1123,0.0000,0.5850,1309140.6250
52.0500,-0.3641,0.1141,4.8367,0.4556,1,1,0.2255,0.0000,-0.0338,0.0000,-0.3482,0.0000,-0.1230,0.0000,0.5850,1309140.6250
52.0600,-0.3070,0.3603,4.8871,0.4556,1,1,0.2189,0.0000,-0.0588,0.0000,-0.3495,0.0000,-0.1312,0.0000,0.5850,1309140.6250
52.0702,-0.1238,0.5236,4.8209,0.4556,1,1,0.2185,0.0000,-0.0765,0.0000,-0.3495,0.0000,-0.1317,0.0000,0.5850,1309140.6250
52.0804,-0.0137,0.3458,4.7243,0.4556,1,1,0.2223,0.0000,-0.0897,0.0000,-0.3485,0.0000,-0.1271,0.0000,0.5850,1309140.6250
52.0900,-0.1703,0.4804,4.5739,0.4557,1,1,0.2199,0.0000,-0.1095,0.0000,-0.3488,0.0000,-0.1300,0.0000,0.5850,1309140.6250
52.0999,-0.2030,0.4701,4.6057,0.4557,1,1,0.2163,0.0000,-0.1301,0.0000,-0.3493,0.0000,-0.1344,0.0000,0.5850,1309140.6250
52.1100,-0.1816,-0.1568,4.7065,0.4557,1,1,0.2134,0.0000,-0.1495,0.0000,-0.3497,0.0000,-0.1378,0.0000,0.5850,1309140.6250
52.1202,-0.2490,-0.2061,4.6261,0.4558,1,1,0.2080,0.0000,-0.1710,0.0000,-0.3505,0.0000,-0.1441,0.0000,0.5850,1309140.6250
52.1303,-0.2248,-0.0290,4.6976,0.4558,1,1,0.2035,0.0000,-0.1910,0.0000,-0.3510,0.0000,-0.1494,0.0000,0.5850,1309140.6250
52.1401,-0.4670,0.2855,4.5531,0.4559,1,1,0.1907,0.0000,-0.2191,0.0000,-0.3532,0.0000,-0.1648,0.0000,0.5850,1309140.6250
52.1499,-0.3960,0.7216,4.5277,0.4560,1,1,0.1805,0.0000,-0.2430,0.0000,-0.3549,0.0000,-0.1768,0.0000,0.5850,1309140.6250
52.1600,-0.0913,0.4898,4.6924,0.4560,1,1,0.1842,0.0000,-0.2515,0.0000,-0.3536,0.0000,-0.1720,0.0000,0.5850,1309140.6250
52.1703,-0.3034,0.4969,4.5157,0.4561,1,1,0.1771,0.0000,-0.2714,0.0000,-0.3545,0.0000,-0.1801,0.0000,0.5850,1309140.6250
52.1802,-0.3015,0.5893,4.4569,0.4562,1,1,0.1702,0.0000,-0.2903,0.0000,-0.3554,0.0000,-0.1881,0.0000,0.5850,1309140.6250
52.1900,-0.0529,0.0291,4.5693,0.4562,1,1,0.1738,0.0000,-0.2975,0.0000,-0.3541,0.0000,-0.1832,0.0000,0.5850,1309140.6250
52.2000,-0.2012,-0.0295,4.4165,0.4562,1,1,0.1702,0.0000,-0.3124,0.0000,-0.3542,0.0000,-0.1871,0.0000,0.5850,1309140.6250
52.2100,-0.0885,-0.0211,4.5059,0.4562,1,1,0.1736,0.0000,-0.3196,0.0000,-0.3529,0.0000,-0.1825,0.0000,0.5850,1309140.6250
52.2203,-0.2497,0.1061,4.5654,0.4562,1,1,0.1680,0.0000,-0.3363,0.0000,-0.3534,0.0000,-0.1887,0.0000,0.5850,1309140.6250
52.2302,-0.4336,0.3912,4.4375,0.4564,1,1,0.1562,0.0000,-0.3590,0.0000,-0.3551,0.0000,-0.2025,0.0000,0.5850,1309140.6250
52.2399,0.0200,0.0877,4.6535,0.4564,1,1,0.1596,0.0000,-0.3645,0.0000,-0.3537,0.0000,-0.1977,0.0000,0.5850,1309140.6250
52.2499,-0.2191,0.2406,4.4459,0.4564,1,1,0.1552,0.0000,-0.3784,0.0000,-0.3538,0.0000,-0.2024,0.0000,0.5850,1309140.6250
52.2600,-0.5774,0.7835,4.2932,0.4566,1,1,0.1385,0.0000,-0.4048,0.0000,-0.3564,0.0000,-0.2220,0.0000,0.5850,1309140.6250
52.2703,-0.3522,0.7013,4.5287,0.4567,1,1,0.1299,0.0000,-0.4209,0.0000,-0.3573,0.0000,-0.2317,0.0000,0.5850,1309140.6250
52.2804,-0.1796,0.4825,4.6174,0.4567,1,1,0.1275,0.0000,-0.4297,0.0000,-0.3570,0.0000,-0.2338,0.0000,0.5850,1309140.6250
52.2900,-0.0129,0.1027,4.7967,0.4567,1,1,0.1313,0.0000,-0.4317,0.0000,-0.3553,0.0000,-0.2284,0.0000,0.5850,1309140.6250
52.3000,-0.1264,-0.0452,4.8415,0.4566,1,1,0.1305,0.0000,-0.4388,0.0000,-0.3546,0.0000,-0.2285,0.0000,0.5900,1309145.6250
52.3100,-0.4530,0.0605,4.5843,0.4568,1,1,0.1183,0.0000,-0.4577,0.0000,-0.3562,0.0000,-0.2424,0.0000,0.5900,1309145.6250
52.3203,-0.3248,-0.0791,4.5537,0.4568,1,1,0.1109,0.0000,-0.4705,0.0000,-0.3568,0.0000,-0.2506,0.0000,0.5900,1309145.6250
52.3302,-0.1241,0.1168,4.5209,0.4567,1,1,0.1106,0.0000,-0.4750,0.0000,-0.3559,0.0000,-0.2500,0.0000,0.5900,1309145.6250
52.3400,-0.2648,0.4215,4.5755,0.4567,1,1,0.1053,0.0000,-0.4847,0.0000,-0.3560,0.0000,-0.2555,0.0000,0.5900,1309145.6250
52.3499,-0.2882,0.7551,4.7990,0.4568,1,1,0.0994,0.0000,-0.4945,0.0000,-0.3562,0.0000,-0.2618,0.0000,0.5900,1309145.6250
52.3600,-0.2557,0.6828,4.8214,0.4567,1,1,0.0946,0.0000,-0.5025,0.0000,-0.3562,0.0000,-0.2666,0.0000,0.5900,1309145.6250
52.3702,-0.2076,0.1366,4.8059,0.4567,1,1,0.0917,0.0000,-0.5081,0.0000,-0.3558,0.0000,-0.2692,0.0000,0.5900,1309145.6250
52.3803,-0.3122,0.1771,4.5883,0.4567,1,1,0.0851,0.0000,-0.5172,0.0000,-0.3561,0.0000,-0.2762,0.0000,0.5900,1309145.6250
52.3900,-0.3990,0.1762,4.5075,0.4568,1,1,0.0756,0.0000,-0.5287,0.0000,-0.3569,0.0000,-0.2866,0.0000,0.5900,1309145.6250
52.4000,-0.2682,-0.1748,4.6382,0.4568,1,1,0.0710,0.0000,-0.5343,0.0000,-0.3568,0.0000,-0.2912,0.0000,0.5900,1309145.6250
52.4099,-0.2201,0.1490,4.7690,0.4568,1,1,0.0681,0.0000,-0.5375,0.0000,-0.3563,0.0000,-0.2936,0.0000,0.5900,1309145.6250
52.4204,-0.4432,0.2822,4.7541,0.4569,1,1,0.0575,0.0000,-0.5486,0.0000,-0.3573,0.0000,-0.3053,0.0000,0.5900,1309145.6250
52.4303,-0.5656,0.5416,4.6339,0.4570,1,1,0.0430,0.0000,-0.5627,0.0000,-0.3592,0.0000,-0.3218,0.0000,0.5900,1309145.6250
52.4400,-0.3075,0.6833,4.5995,0.4570,1,1,0.0379,0.0000,-0.5657,0.0000,-0.3591,0.0000,-0.3269,0.0000,0.5900,1309145.6250
52.4499,-0.1407,0.2793,4.5580,0.4569,1,1,0.0387,0.0000,-0.5622,0.0000,-0.3578,0.0000,-0.3247,0.0000,0.5900,1309145.6250
52.4600,-0.4247,0.5108,4.5297,0.4570,1,1,0.0296,0.0000,-0.5689,0.0000,-0.3585,0.0000,-0.3346,0.0000,0.5900,1309145.6250
52.4702,-0.3418,0.5766,4.8112,0.4570,1,1,0.0236,0.0000,-0.5716,0.0000,-0.3585,0.0000,-0.3406,0.0000,0.5900,1309145.6250
52.4804,-0.3993,-0.0336,4.8799,0.4570,1,1,0.0159,0.0000,-0.5757,0.0000,-0.3589,0.0000,-0.3488,0.0000,0.5900,1309145.6250
52.4900,-0.3882,0.0089,4.8126,0.4570,1,1,0.0087,0.0000,-0.5784,0.0000,-0.3592,0.0000,-0.3562,0.0000,0.5900,1309145.6250
52.5000,-0.3157,0.0367,4.7237,0.4570,1,1,0.0044,0.0000,-0.5777,0.0000,-0.3589,0.0000,-0.3603,0.0000,0.5900,1309145.6250
52.5100,-0.6391,0.3342,4.4512,0.4572,1,1,-0.0111,0.0000,-0.5880,0.0000,-0.3608,0.0000,-0.3778,0.0000,0.5900,1309145.6250
52.5202,-0.6632,0.5768,4.3506,0.4574,1,1,-0.0269,0.0000,-0.5972,0.0000,-0.3628,0.0000,-0.3957,0.0000,0.5900,1309145.6250
52.5302,-0.4192,0.1906,4.7277,0.4574,1,1,-0.0337,0.0000,-0.5958,0.0000,-0.3630,0.0000,-0.4026,0.0000,0.5900,1309145.6250
52.5400,-0.7616,0.3911,4.6931,0.4576,1,1,-0.0521,0.0000,-0.6058,0.0000,-0.3655,0.0000,-0.4236,0.0000,0.5900,1309145.6250
52.5500,-0.7324,0.6054,4.8033,0.4578,1,1,-0.0689,0.0000,-0.6124,0.0000,-0.3676,0.0000,-0.4426,0.0000,0.5900,1309145.6250
52.5600,-0.4506,0.3647,4.8276,0.4578,1,1,-0.0753,0.0000,-0.6070,0.0000,-0.3677,0.0000,-0.4490,0.0000,0.5900,1309145.6250
52.5703,-0.3596,0.3597,4.5817,0.4577,1,1,-0.0783,0.0000,-0.5976,0.0000,-0.3670,0.0000,-0.4513,0.0000,0.5900,1309145.6250
52.5803,-0.3083,0.1628,4.5891,0.4577,1,1,-0.0793,0.0000,-0.5861,0.0000,-0.3661,0.0000,-0.4512,0.0000,0.5900,1309145.6250
52.5900,-0.5017,0.2600,4.6350,0.4577,1,1,-0.0869,0.0000,-0.5813,0.0000,-0.3664,0.0000,-0.4591,0.0000,0.5900,1309145.6250
52.6000,-0.9189,0.1655,4.5733,0.4579,1,1,-0.1087,0.0000,-0.5902,0.0000,-0.3696,0.0000,-0.4841,0.0000,0.5900,1309145.6250
52.6099,-0.6379,-0.0886,4.7468,0.4580,1,1,-0.1199,0.0000,-0.5865,0.0000,-0.3706,0.0000,-0.4964,0.0000,0.5900,1309145.6250
52.6204,-0.5378,0.2129,4.7043,0.4580,1,1,-0.1272,0.0000,-0.5780,0.0000,-0.3709,0.0000,-0.5039,0.0000,0.5900,1309145.6250
52.6302,-0.6972,0.4755,4.6236,0.4581,1,1,-0.1397,0.0000,-0.5742,0.0000,-0.3723,0.0000,-0.5177,0.0000,0.5900,1309145.6250
52.6400,-0.6574,0.8408,4.7290,0.4582,1,1,-0.1503,0.0000,-0.5674,0.0000,-0.3732,0.0000,-0.5292,0.0000,0.5900,1309145.6250
52.6500,-0.5053,0.7001,4.7871,0.4582,1,1,-0.1551,0.0000,-0.5542,0.0000,-0.3731,0.0000,-0.5337,0.0000,0.5900,1309145.6250
52.6600,-0.4037,0.0328,4.9125,0.4581,1,1,-0.1562,0.0000,-0.5368,0.0000,-0.3722,0.0000,-0.5337,0.0000,0.5900,1309145.6250
52.6703,-0.5509,0.1800,4.7793,0.4581,1,1,-0.1621,0.0000,-0.5245,0.0000,-0.3723,0.0000,-0.5396,0.0000,0.5900,1309145.6250
52.6804,-0.6180,0.0819,4.7728,0.4582,1,1,-0.1701,0.0000,-0.5137,0.0000,-0.3728,0.0000,-0.5480,0.0000,0.5900,1309145.6250
52.6900,-0.5570,-0.3148,4.7546,0.4582,1,1,-0.1755,0.0000,-0.4999,0.0000,-0.3729,0.0000,-0.5534,0.0000,0.5900,1309145.6250
52.7000,-0.6134,0.0198,4.7125,0.4582,1,1,-0.1826,0.0000,-0.4874,0.0000,-0.3733,0.0000,-0.5608,0.0000,0.5900,1309145.6250
52.7099,-0.5937,0.2465,4.7368,0.4582,1,1,-0.1886,0.0000,-0.4734,0.0000,-0.3735,0.0000,-0.5669,0.0000,0.5900,1309145.6250
52.7202,-0.8704,0.6510,4.7050,0.4583,1,1,-0.2038,0.0000,-0.4681,0.0000,-0.3756,0.0000,-0.5841,0.0000,0.5900,1309145.6250
52.7302,-0.7477,0.7886,4.6952,0.4584,1,1,-0.2141,0.0000,-0.4568,0.0000,-0.3768,0.0000,-0.5955,0.0000,0.5900,1309145.6250
52.7401,-0.3764,0.2444,4.8905,0.4583,1,1,-0.2112,0.0000,-0.4316,0.0000,-0.3752,0.0000,-0.5907,0.0000,0.5900,1309145.6250
52.7500,-0.5009,0.2671,4.7415,0.4583,1,1,-0.2124,0.0000,-0.4110,0.0000,-0.3746,0.0000,-0.5911,0.0000,0.5900,1309145.6250
52.7599,-0.4722,0.3174,4.7147,0.4582,1,1,-0.2124,0.0000,-0.3894,0.0000,-0.3738,0.0000,-0.5901,0.0000,0.5900,1309145.6250
52.7702,-0.5198,-0.1626,4.7827,0.4582,1,1,-0.2139,0.0000,-0.3694,0.0000,-0.3733,0.0000,-0.5909,0.0000,0.5900,1309145.6250
52.7803,-0.6125,0.1573,4.6620,0.4582,1,1,-0.2183,0.0000,-0.3524,0.0000,-0.3735,0.0000,-0.5953,0.0000,0.5900,1309145.6250
52.7900,-0.6623,0.3157,4.7591,0.4582,1,1,-0.2241,0.0000,-0.3366,0.0000,-0.3739,0.0000,-0.6014,0.0000,0.5900,1309145.6250
52.8000,-0.7431,0.2187,4.7236,0.4583,1,1,-0.2324,0.0000,-0.3228,0.0000,-0.3749,0.0000,-0.6105,0.0000,0.5900,1309145.6250
52.8099,-0.7067,0.4432,4.7300,0.4583,1,1,-0.2389,0.0000,-0.3068,0.0000,-0.3756,0.0000,-0.6175,0.0000,0.5900,1309145.6250
52.8204,-0.5525,0.1820,4.7504,0.4583,1,1,-0.2397,0.0000,-0.2848,0.0000,-0.3751,0.0000,-0.6177,0.0000,0.5900,1309145.6250
52.8303,-0.7614,0.4112,4.5003,0.4583,1,1,-0.2475,0.0000,-0.2697,0.0000,-0.3761,0.0000,-0.6263,0.0000,0.5900,1309145.6250
52.8399,-0.6165,0.8464,4.5155,0.4583,1,1,-0.2499,0.0000,-0.2489,0.0000,-0.3761,0.0000,-0.6284,0.0000,0.5900,1309145.6250
52.8499,-0.4405,0.3123,4.6917,0.4583,1,1,-0.2459,0.0000,-0.2218,0.0000,-0.3748,0.0000,-0.6229,0.0000,0.5900,1309145.6250
52.8600,-0.5797,0.3359,4.6420,0.4583,1,1,-0.2467,0.0000,-0.2000,0.0000,-0.3745,0.0000,-0.6231,0.0000,0.5900,1309145.6250
52.8702,-0.4657,0.5186,4.8055,0.4583,1,1,-0.2432,0.0000,-0.1742,0.0000,-0.3734,0.0000,-0.6183,0.0000,0.5900,1309145.6250
52.8804,-0.4731,-0.0956,4.6429,0.4583,1,1,-0.2400,0.0000,-0.1491,0.0000,-0.3724,0.0000,-0.6138,0.0000,0.5900,1309145.6250
52.8900,-0.5043,-0.1169,4.3882,0.4582,1,1,-0.2377,0.0000,-0.1255,0.0000,-0.3716,0.0000,-0.6106,0.0000,0.5900,1309145.6250
52.9000,-0.2989,0.0898,4.4184,0.4582,1,1,-0.2283,0.0000,-0.0952,0.0000,-0.3694,0.0000,-0.5987,0.0000,0.5900,1309145.6250
52.9099,-0.7403,0.2893,4.2473,0.4582,1,1,-0.2341,0.0000,-0.0811,0.0000,-0.3704,0.0000,-0.6053,0.0000,0.5900,1309145.6250
52.9202,-0.9798,0.9424,4.3464,0.4582,1,1,-0.2478,0.0000,-0.0744,0.0000,-0.3730,0.0000,-0.6215,0.0000,0.5900,1309145.6250
52.9302,-0.6469,0.5420,4.6040,0.4582,1,1,-0.2494,0.0000,-0.0548,0.0000,-0.3732,0.0000,-0.6231,0.0000,0.5900,1309145.6250
52.9400,-0.4964,0.1628,4.5931,0.4582,1,1,-0.2456,0.0000,-0.0298,0.0000,-0.3723,0.0000,-0.6182,0.0000,0.5900,1309145.6250
52.9499,-0.4432,0.3614,4.4687,0.4583,1,1,-0.2399,0.0000,-0.0034,0.0000,-0.3711,0.0000,-0.6110,0.0000,0.5900,1309145.6250
52.9599,-0.4637,0.1189,4.4357,0.4583,1,1,-0.2349,0.0000,0.0215,0.0000,-0.3701,0.0000,-0.6047,0.0000,0.5900,1309145.6250
52.9702,-0.6601,0.2127,4.2606,0.4583,1,1,-0.2365,0.0000,0.0391,0.0000,-0.3705,0.0000,-0.6066,0.0000,0.5900,1309145.6250
52.9802,-0.5714,0.0389,4.3416,0.4583,1,1,-0.2349,0.0000,0.0599,0.0000,-0.3702,0.0000,-0.6046,0.0000,0.5900,1309145.6250
52.9900,-0.5662,-0.1980,4.4181,0.4583,1,1,-0.2330,0.0000,0.0807,0.0000,-0.3699,0.0000,-0.6022,0.0000,0.5900,1309145.6250
53.0000,-0.9169,0.5519,4.3090,0.4582,1,1,-0.2430,0.0000,0.0892,0.0000,-0.3721,0.0000,-0.6143,0.0000,0.5900,1309145.6250
53.0100,-0.7568,0.6501,4.3389,0.4582,1,1,-0.2470,0.0000,0.1044,0.0000,-0.3731,0.0000,-0.6191,0.0000,0.5900,1309145.6250
53.0204,-0.4376,0.4085,4.2835,0.4582,1,1,-0.2397,0.0000,0.1311,0.0000,-0.3719,0.0000,-0.6103,0.0000,0.5900,1309145.6250
53.0302,-0.5271,0.4657,4.0791,0.4582,1,1,-0.2356,0.0000,0.1539,0.0000,-0.3713,0.0000,-0.6053,0.0000,0.5900,1309145.6250
53.0400,-0.5282,0.2522,4.0304,0.4583,1,1,-0.2314,0.0000,0.1761,0.0000,-0.3707,0.0000,-0.6004,0.0000,0.5900,1309145.6250
53.0499,-0.5864,0.2974,4.0941,0.4583,1,1,-0.2292,0.0000,0.1958,0.0000,-0.3706,0.0000,-0.5978,0.0000,0.5900,1309145.6250
53.0599,-0.6236,-0.0713,4.1820,0.4583,1,1,-0.2281,0.0000,0.2139,0.0000,-0.3708,0.0000,-0.5968,0.0000,0.5900,1309145.6250
53.0702,-0.4023,-0.3660,4.3865,0.4583,1,1,-0.2193,0.0000,0.2396,0.0000,-0.3695,0.0000,-0.5863,0.0000,0.5900,1309145.6250
53.0804,-0.4534,0.1994,4.3229,0.4584,1,1,-0.2123,0.0000,0.2625,0.0000,-0.3685,0.0000,-0.5782,0.0000,0.5900,1309145.6250
53.0900,-0.5549,0.5167,4.2155,0.4584,1,1,-0.2089,0.0000,0.2809,0.0000,-0.3684,0.0000,-0.5744,0.0000,0.5900,1309145.6250
53.1000,-0.4615,0.5358,4.1865,0.4584,1,1,-0.2022,0.0000,0.3022,0.0000,-0.3676,0.0000,-0.5667,0.0000,0.5900,1309145.6250
53.1099,-0.5843,0.5315,4.0928,0.4584,1,1,-0.1998,0.0000,0.3184,0.0000,-0.3677,0.0000,-0.5643,0.0000,0.5900,1309145.6250
53.1203,-0.7957,0.2833,4.0761,0.4583,1,1,-0.2045,0.0000,0.3267,0.0000,-0.3693,0.0000,-0.5706,0.0000,0.5900,1309145.6250
53.1302,-0.8240,0.5173,4.2121,0.4582,1,1,-0.2100,0.0000,0.3347,0.0000,-0.3711,0.0000,-0.5777,0.0000,0.5900,1309145.6250
53.1400,-0.4444,0.2898,4.4399,0.4583,1,1,-0.2021,0.0000,0.3569,0.0000,-0.3702,0.0000,-0.5686,0.0000,0.5900,1309145.6250
53.1499,-0.2891,-0.0479,4.5082,0.4584,1,1,-0.1888,0.0000,0.3836,0.0000,-0.3682,0.0000,-0.5532,0.0000,0.5900,1309145.6250
53.1600,-0.3711,0.2693,4.2896,0.4584,1,1,-0.1787,0.0000,0.4058,0.0000,-0.3669,0.0000,-0.5416,0.0000,0.5900,1309145.6250
53.1703,-0.5321,0.1649,4.2111,0.4585,1,1,-0.1743,0.0000,0.4209,0.0000,-0.3669,0.0000,-0.5370,0.0000,0.5900,1309145.6250
53.1802,-0.6454,0.0227,4.1216,0.4584,1,1,-0.1739,0.0000,0.4315,0.0000,-0.3676,0.0000,-0.5372,0.0000,0.5900,1309145.6250
53.1900,-0.5017,0.0348,4.1938,0.4584,1,1,-0.1683,0.0000,0.4472,0.0000,-0.3674,0.0000,-0.5312,0.0000,0.5900,1309145.6250
53.2000,-0.3781,0.0639,4.4135,0.4585,1,1,-0.1586,0.0000,0.4667,0.0000,-0.3663,0.0000,-0.5202,0.0000,0.5900,1309145.6250
53.2099,-0.6818,0.7663,4.3661,0.4584,1,1,-0.1595,0.0000,0.4740,0.0000,-0.3674,0.0000,-0.5222,0.0000,0.5900,1309145.6250
53.2203,-0.4773,0.7421,4.5053,0.4584,1,1,-0.1532,0.0000,0.4889,0.0000,-0.3671,0.0000,-0.5154,0.0000,0.5900,1309145.6250
53.2303,-0.2822,0.2581,4.4833,0.4586,1,1,-0.1402,0.0000,0.5100,0.0000,-0.3655,0.0000,-0.5006,0.0000,0.5900,1309145.6250
53.2400,-0.4862,0.2849,4.1956,0.4586,1,1,-0.1346,0.0000,0.5222,0.0000,-0.3654,0.0000,-0.4948,0.0000,0.5900,1309145.6250
53.2500,-0.3720,0.1200,4.3392,0.4586,1,1,-0.1252,0.0000,0.5378,0.0000,-0.3645,0.0000,-0.4843,0.0000,0.5900,1309145.6250
53.2600,-0.5719,0.0625,4.3770,0.4586,1,1,-0.1228,0.0000,0.5450,0.0000,-0.3652,0.0000,-0.4825,0.0000,0.5850,1309155.1250
53.2702,-0.7095,-0.0190,4.4566,0.4585,1,1,-0.1252,0.0000,0.5470,0.0000,-0.3667,0.0000,-0.4865,0.0000,0.5850,1309155.1250
53.2804,-0.5069,-0.2262,4.7158,0.4584,1,1,-0.1205,0.0000,0.5567,0.0000,-0.3669,0.0000,-0.4818,0.0000,0.5850,1309155.1250
53.2900,-0.7366,0.2951,4.4926,0.4583,1,1,-0.1237,0.0000,0.5574,0.0000,-0.3687,0.0000,-0.4868,0.0000,0.5850,1309155.1250
53.3000,-0.5659,0.2610,4.3394,0.4583,1,1,-0.1209,0.0000,0.5648,0.0000,-0.3692,0.0000,-0.4845,0.0000,0.5850,1309155.1250
53.3100,-0.1802,-0.0619,4.3827,0.4584,1,1,-0.1047,0.0000,0.5859,0.0000,-0.3671,0.0000,-0.4659,0.0000,0.5850,1309155.1250
53.3202,-0.5506,0.4367,4.1043,0.4584,1,1,-0.1018,0.0000,0.5915,0.0000,-0.3677,0.0000,-0.4635,0.0000,0.5850,1309155.1250
53.3302,-0.4351,0.3482,4.2524,0.4584,1,1,-0.0949,0.0000,0.6010,0.0000,-0.3675,0.0000,-0.4564,0.0000,0.5850,1309155.1250
53.3400,-0.2841,-0.1016,4.4112,0.4585,1,1,-0.0829,0.0000,0.6151,0.0000,-0.3663,0.0000,-0.4430,0.0000,0.5850,1309155.1250
53.3500,-0.4587,-0.0377,4.2754,0.4585,1,1,-0.0773,0.0000,0.6214,0.0000,-0.3664,0.0000,-0.4375,0.0000,0.5850,1309155.1250
53.3600,-0.2646,-0.2069,4.4282,0.4586,1,1,-0.0651,0.0000,0.6340,0.0000,-0.3652,0.0000,-0.4239,0.0000,0.5850,1309155.1250
53.3703,-0.3947,-0.0509,4.2906,0.4586,1,1,-0.0577,0.0000,0.6405,0.0000,-0.3650,0.0000,-0.4163,0.0000,0.5850,1309155.1250
53.3803,-0.4932,0.0867,4.2000,0.4586,1,1,-0.0540,0.0000,0.6425,0.0000,-0.3655,0.0000,-0.4131,0.0000,0.5850,1309155.1250
53.3899,-0.3205,-0.2493,4.3914,0.4586,1,1,-0.0443,0.0000,0.6503,0.0000,-0.3649,0.0000,-0.4027,0.0000,0.5850,1309155.1250
53.4000,-0.6455,0.1453,4.2293,0.4585,1,1,-0.0463,0.0000,0.6453,0.0000,-0.3666,0.0000,-0.4064,0.0000,0.5850,1309155.1250
53.4100,-0.5994,0.5042,4.3835,0.4584,1,1,-0.0465,0.0000,0.6422,0.0000,-0.3679,0.0000,-0.4080,0.0000,0.5850,1309155.1250
53.4204,-0.2883,0.2667,4.6215,0.4584,1,1,-0.0359,0.0000,0.6503,0.0000,-0.3671,0.0000,-0.3965,0.0000,0.5850,1309155.1250
53.4302,-0.5798,0.5379,4.4000,0.4583,1,1,-0.0358,0.0000,0.6468,0.0000,-0.3683,0.0000,-0.3977,0.0000,0.5850,1309155.1250
53.4399,-0.3112,0.4650,4.4712,0.4584,1,1,-0.0263,0.0000,0.6528,0.0000,-0.3677,0.0000,-0.3875,0.0000,0.5850,1309155.1250
53.4499,-0.1131,0.0164,4.4448,0.4585,1,1,-0.0103,0.0000,0.6648,0.0000,-0.3658,0.0000,-0.3695,0.0000,0.5850,1309155.1250
53.4600,-0.2342,-0.0430,4.2790,0.4586,1,1,0.0011,0.0000,0.6705,0.0000,-0.3649,0.0000,-0.3571,0.0000,0.5850,1309155.1250
53.4702,-0.2115,-0.2712,4.5230,0.4587,1,1,0.0129,0.0000,0.6756,0.0000,-0.3639,0.0000,-0.3443,0.0000,0.5850,1309155.1250
53.4804,-0.5489,0.0098,4.4977,0.4586,1,1,0.0125,0.0000,0.6672,0.0000,-0.3653,0.0000,-0.3461,0.0000,0.5850,1309155.1250
53.4900,-0.7742,0.4434,4.5110,0.4583,1,1,0.0043,0.0000,0.6510,0.0000,-0.3683,0.0000,-0.3575,0.0000,0.5850,1309155.1250
53.4999,-0.2980,0.0713,4.7748,0.4584,1,1,0.0129,0.0000,0.6528,0.0000,-0.3679,0.0000,-0.3485,0.0000,0.5850,1309155.1250
53.5099,-0.5340,0.3961,4.4434,0.4583,1,1,0.0129,0.0000,0.6451,0.0000,-0.3691,0.0000,-0.3497,0.0000,0.5850,1309155.1250
53.5202,-0.5202,0.7314,4.3562,0.4582,1,1,0.0135,0.0000,0.6381,0.0000,-0.3703,0.0000,-0.3505,0.0000,0.5850,1309155.1250
53.5303,-0.2234,0.3739,4.5205,0.4582,1,1,0.0243,0.0000,0.6414,0.0000,-0.3694,0.0000,-0.3388,0.0000,0.5850,1309155.1250
53.5400,-0.2946,0.2811,4.4781,0.4583,1,1,0.0322,0.0000,0.6410,0.0000,-0.3691,0.0000,-0.3305,0.0000,0.5850,1309155.1250
53.5500,-0.3752,0.0628,4.7076,0.4582,1,1,0.0371,0.0000,0.6367,0.0000,-0.3694,0.0000,-0.3260,0.0000,0.5850,1309155.1250
53.5600,-0.5997,0.0649,4.7260,0.4581,1,1,0.0339,0.0000,0.6241,0.0000,-0.3713,0.0000,-0.3311,0.0000,0.5850,1309155.1250
53.5702,-0.7902,0.1963,4.5512,0.4579,1,1,0.0242,0.0000,0.6052,0.0000,-0.3745,0.0000,-0.3442,0.0000,0.5850,1309155.1250
53.5803,-0.3988,-0.1235,4.6609,0.4578,1,1,0.0284,0.0000,0.6013,0.0000,-0.3748,0.0000,-0.3404,0.0000,0.5850,1309155.1250
53.5900,-0.3474,0.0340,4.5615,0.4578,1,1,0.0342,0.0000,0.5987,0.0000,-0.3749,0.0000,-0.3347,0.0000,0.5850,1309155.1250
53.6000,-0.4745,0.3808,4.5505,0.4578,1,1,0.0353,0.0000,0.5910,0.0000,-0.3759,0.0000,-0.3346,0.0000,0.5850,1309155.1250
53.6098,-0.4506,0.4010,4.6418,0.4577,1,1,0.0372,0.0000,0.5840,0.0000,-0.3767,0.0000,-0.3336,0.0000,0.5850,1309155.1250
53.6204,-0.3615,0.4153,4.5854,0.4577,1,1,0.0421,0.0000,0.5800,0.0000,-0.3768,0.0000,-0.3290,0.0000,0.5850,1309155.1250
53.6302,-0.3846,0.2651,4.6294,0.4577,1,1,0.0459,0.0000,0.5746,0.0000,-0.3772,0.0000,-0.3255,0.0000,0.5850,1309155.1250
53.6400,-0.4740,0.5123,4.4787,0.4576,1,1,0.0465,0.0000,0.5656,0.0000,-0.3782,0.0000,-0.3260,0.0000,0.5850,1309155.1250
53.6500,-0.3395,0.4617,4.5510,0.4576,1,1,0.0517,0.0000,0.5613,0.0000,-0.3783,0.0000,-0.3210,0.0000,0.5850,1309155.1250
53.6600,-0.1779,-0.0930,4.6347,0.4577,1,1,0.0623,0.0000,0.5620,0.0000,-0.3774,0.0000,-0.3094,0.0000,0.5850,1309155.1250
53.6702,-0.4862,-0.0878,4.4642,0.4576,1,1,0.0618,0.0000,0.5507,0.0000,-0.3786,0.0000,-0.3113,0.0000,0.5850,1309155.1250
53.6804,-0.4296,0.0739,4.5411,0.4576,1,1,0.0781,0.0000,0.5564,0.0000,-0.3764,0.0000,-0.2928,0.0000,0.5850,1309155.1250
53.6899,-0.5700,0.0489,4.4948,0.4576,1,1,0.0938,0.0000,0.5600,0.0000,-0.3744,0.0000,-0.2751,0.0000,0.5850,1309155.1250
53.7000,-0.4405,0.1387,4.5054,0.4576,1,1,0.1089,0.0000,0.5617,0.0000,-0.3725,0.0000,-0.2580,0.0000,0.5850,1309155.1250
53.7099,-0.0492,-0.0872,4.8369,0.4576,1,1,0.1234,0.0000,0.5615,0.0000,-0.3708,0.0000,-0.2417,0.0000,0.5850,1309155.1250
53.7202,-0.4379,0.2343,4.6642,0.4576,1,1,0.1374,0.0000,0.5596,0.0000,-0.3691,0.0000,-0.2261,0.0000,0.5850,1309155.1250
53.7303,-0.5522,0.5774,4.5268,0.4576,1,1,0.1508,0.0000,0.5560,0.0000,-0.3675,0.0000,-0.2112,0.0000,0.5850,1309155.1250
53.7399,-0.1360,0.3352,4.6455,0.4576,1,1,0.1636,0.0000,0.5507,0.0000,-0.3661,0.0000,-0.1969,0.0000,0.5850,1309155.1250
53.7499,-0.3256,0.3476,4.3434,0.4576,1,1,0.1759,0.0000,0.5439,0.0000,-0.3647,0.0000,-0.1834,0.0000,0.5850,1309155.1250
53.7600,-0.2761,0.2410,4.4640,0.4576,1,1,0.1877,0.0000,0.5357,0.0000,-0.3635,0.0000,-0.1704,0.0000,0.5850,1309155.1250
53.7702,-0.2890,0.1030,4.6431,0.4576,1,1,0.1990,0.0000,0.5259,0.0000,-0.3623,0.0000,-0.1581,0.0000,0.5850,1309155.1250
53.7803,-0.3984,0.0691,4.7182,0.4576,1,1,0.2097,0.0000,0.5149,0.0000,-0.3612,0.0000,-0.1464,0.0000,0.5850,1309155.1250
53.7899,-0.1553,-0.1906,4.9435,0.4576,1,1,0.2199,0.0000,0.5025,0.0000,-0.3602,0.0000,-0.1353,0.0000,0.5850,1309155.1250
53.8000,-0.2353,0.0801,4.7114,0.4576,1,1,0.2295,0.0000,0.4889,0.0000,-0.3593,0.0000,-0.1248,0.0000,0.5850,1309155.1250
53.8100,-0.5568,0.4475,4.4742,0.4576,1,1,0.2387,0.0000,0.4742,0.0000,-0.3584,0.0000,-0.1149,0.0000,0.5850,1309155.1250
53.8204,-0.2824,0.3826,4.6503,0.4576,1,1,0.2474,0.0000,0.4584,0.0000,-0.3576,0.0000,-0.1056,0.0000,0.5850,1309155.1250
53.8303,-0.2405,0.2817,4.6870,0.4576,1,1,0.2557,0.0000,0.4415,0.0000,-0.3569,0.0000,-0.0968,0.0000,0.5850,1309155.1250
53.8399,-0.3056,0.2367,4.8564,0.4576,1,1,0.2634,0.0000,0.4236,0.0000,-0.3562,0.0000,-0.0886,0.0000,0.5850,1309155.1250
53.8500,-0.3608,0.5167,4.8436,0.4576,1,1,0.2707,0.0000,0.4049,0.0000,-0.3556,0.0000,-0.0809,0.0000,0.5850,1309155.1250
53.8600,-0.2356,0.3581,4.6739,0.4576,1,1,0.2775,0.0000,0.3852,0.0000,-0.3551,0.0000,-0.0737,0.0000,0.5850,1309155.1250
53.8703,-0.0869,-0.1069,4.6092,0.4576,1,1,0.2839,0.0000,0.3648,0.0000,-0.3546,0.0000,-0.0670,0.0000,0.5850,1309155.1250
53.8803,-0.1816,-0.0286,4.4485,0.4576,1,1,0.2899,0.0000,0.3436,0.0000,-0.3541,0.0000,-0.0608,0.0000,0.5850,1309155.1250
53.8899,-0.2742,-0.0574,4.6464,0.4576,1,1,0.2954,0.0000,0.3217,0.0000,-0.3537,0.0000,-0.0551,0.0000,0.5850,1309155.1250
53.8999,-0.4117,0.0376,4.7989,0.4576,1,1,0.3005,0.0000,0.2991,0.0000,-0.3533,0.0000,-0.0498,0.0000,0.5850,1309155.1250
53.9100,-0.2396,0.0607,4.8032,0.4576,1,1,0.3052,0.0000,0.2760,0.0000,-0.3529,0.0000,-0.0450,0.0000,0.5850,1309155.1250
53.9203,-0.1086,-0.0363,4.7672,0.4576,1,1,0.3095,0.0000,0.2523,0.0000,-0.3526,0.0000,-0.0406,0.0000,0.5850,1309155.1250
53.9303,-0.4471,0.5303,4.4707,0.4576,1,1,0.3134,0.0000,0.2281,0.0000,-0.3524,0.0000,-0.0367,0.0000,0.5850,1309155.1250
53.9400,-0.1708,0.6052,4.4526,0.4576,1,1,0.3170,0.0000,0.2034,0.0000,-0.3521,0.0000,-0.0331,0.0000,0.5850,1309155.1250
53.9501,0.1057,0.2132,4.7338,0.4576,1,1,0.3201,0.0000,0.1783,0.0000,-0.3519,0.0000,-0.0300,0.0000,0.5850,1309155.1250
53.9600,-0.2095,0.5067,4.6003,0.4576,1,1,0.3229,0.0000,0.1529,0.0000,-0.3517,0.0000,-0.0272,0.0000,0.5850,1309155.1250
53.9702,-0.1098,0.3455,4.7589,0.4576,1,1,0.3254,0.0000,0.1271,0.0000,-0.3515,0.0000,-0.0248,0.0000,0.5850,1309155.1250
53.9803,-0.1115,0.1162,4.6869,0.4576,1,1,0.3275,0.0000,0.1011,0.0000,-0.3513,0.0000,-0.0228,0.0000,0.5850,1309155.1250
53.9899,-0.2093,-0.0524,4.4352,0.4576,1,1,0.3293,0.0000,0.0748,0.0000,-0.3511,0.0000,-0.0211,0.0000,0.5850,1309155.1250
54.0000,-0.1135,-0.1731,4.6334,0.4576,1,1,0.3308,0.0000,0.0483,0.0000,-0.3510,0.0000,-0.0197,0.0000,0.5850,1309155.1250
54.0099,-0.4604,0.2294,4.4492,0.4576,1,1,0.3319,0.0000,0.0216,0.0000,-0.3509,0.0000,-0.0187,0.0000,0.5850,1309155.1250
54.0204,-0.3888,0.0190,4.5310,0.4576,1,1,0.3328,0.0000,-0.0052,0.0000,-0.3507,0.0000,-0.0180,0.0000,0.5850,1309155.1250
54.0302,0.0636,-0.1586,4.7456,0.4576,1,1,0.3334,0.0000,-0.0321,0.0000,-0.3506,0.0000,-0.0176,0.0000,0.5850,1309155.1250
54.0400,-0.2653,0.3548,4.4170,0.4576,1,1,0.3337,0.0000,-0.0590,0.0000,-0.3505,0.0000,-0.0174,0.0000,0.5850,1309155.1250
54.0499,-0.2482,0.4465,4.3480,0.4576,1,1,0.3337,0.0000,-0.0860,0.0000,-0.3504,0.0000,-0.0176,0.0000,0.5850,1309155.1250
54.0599,-0.0573,0.3711,4.4532,0.4576,1,1,0.3334,0.0000,-0.1129,0.0000,-0.3502,0.0000,-0.0180,0.0000,0.5850,1309155.1250
54.0702,-0.2867,0.3068,4.4341,0.4576,1,1,0.3329,0.0000,-0.1399,0.0000,-0.3501,0.0000,-0.0186,0.0000,0.5850,1309155.1250
54.0804,-0.1829,0.1673,4.6700,0.4576,1,1,0.3321,0.0000,-0.1667,0.0000,-0.3500,0.0000,-0.0195,0.0000,0.5850,1309155.1250
54.0900,-0.0643,0.3065,4.8331,0.4576,1,1,0.3311,0.0000,-0.1935,0.0000,-0.3499,0.0000,-0.0206,0.0000,0.5850,1309155.1250
54.1000,-0.0500,-0.1050,4.6950,0.4576,1,1,0.3299,0.0000,-0.2201,0.0000,-0.3497,0.0000,-0.0220,0.0000,0.5850,1309155.1250
54.1099,0.1225,-0.2935,4.7022,0.4576,1,1,0.3285,0.0000,-0.2466,0.0000,-0.3496,0.0000,-0.0236,0.0000,0.5850,1309155.1250
54.1203,-0.1611,0.0436,4.5638,0.4576,1,1,0.3268,0.0000,-0.2729,0.0000,-0.3494,0.0000,-0.0253,0.0000,0.5850,1309155.1250
54.1303,-0.3038,-0.1461,4.5098,0.4576,1,1,0.3250,0.0000,-0.2990,0.0000,-0.3492,0.0000,-0.0272,0.0000,0.5850,1309155.1250
54.1400,-0.0524,-0.1164,4.7380,0.4576,1,1,0.3229,0.0000,-0.3249,0.0000,-0.3490,0.0000,-0.0294,0.0000,0.5850,1309155.1250
54.1499,-0.2120,0.3957,4.6235,0.4576,1,1,0.3207,0.0000,-0.3505,0.0000,-0.3488,0.0000,-0.0317,0.0000,0.5850,1309155.1250
54.1600,-0.2983,0.5285,4.6458,0.4576,1,1,0.3183,0.0000,-0.3759,0.0000,-0.3486,0.0000,-0.0341,0.0000,0.5850,1309155.1250
54.1702,-0.0461,0.7323,4.7073,0.4576,1,1,0.3157,0.0000,-0.4009,0.0000,-0.3484,0.0000,-0.0367,0.0000,0.5850,1309155.1250
54.1803,-0.0857,0.3635,4.6639,0.4576,1,1,0.3129,0.0000,-0.4257,0.0000,-0.3481,0.0000,-0.0394,0.0000,0.5850,1309155.1250
54.1900,-0.0321,0.0322,4.7344,0.4576,1,1,0.3100,0.0000,-0.4501,0.0000,-0.3478,0.0000,-0.0423,0.0000,0.5850,1309155.1250
54.2000,-0.0646,0.2696,4.7766,0.4576,1,1,0.3070,0.0000,-0.4742,0.0000,-0.3475,0.0000,-0.0453,0.0000,0.5850,1309155.1250
54.2099,-0.1104,-0.0387,4.7397,0.4576,1,1,0.3038,0.0000,-0.4979,0.0000,-0.3472,0.0000,-0.0484,0.0000,0.5850,1309155.1250
54.2204,-0.0124,-0.1678,4.7725,0.4576,1,1,0.3005,0.0000,-0.5212,0.0000,-0.3469,0.0000,-0.0516,0.0000,0.5850,1309155.1250
54.2302,-0.1595,0.1066,4.6442,0.4576,1,1,0.2971,0.0000,-0.5441,0.0000,-0.3465,0.0000,-0.0548,0.0000,0.5850,1309155.1250
54.2400,-0.4206,0.1723,4.6404,0.4576,1,1,0.2936,0.0000,-0.5666,0.0000,-0.3461,0.0000,-0.0582,0.0000,0.5850,1309155.1250
54.2500,-0.2920,0.3795,4.7028,0.4576,1,1,0.2899,0.0000,-0.5886,0.0000,-0.3457,0.0000,-0.0617,0.0000,0.5850,1309155.1250
54.2600,-0.0497,0.3389,4.8647,0.4576,1,1,0.2862,0.0000,-0.6102,0.0000,-0.3453,0.0000,-0.0652,0.0000,0.5800,1309173.2500
54.2703,-0.1222,0.3143,4.7229,0.4576,1,1,0.2824,0.0000,-0.6314,0.0000,-0.3448,0.0000,-0.0688,0.0000,0.5800,1309173.2500
54.2804,-0.2165,0.7551,4.6148,0.4576,1,1,0.2785,0.0000,-0.6521,0.0000,-0.3444,0.0000,-0.0724,0.0000,0.5800,1309173.2500
54.2900,0.1285,0.2636,4.7445,0.4576,1,1,0.2745,0.0000,-0.6724,0.0000,-0.3439,0.0000,-0.0761,0.0000,0.5800,1309173.2500
54.3000,-0.0610,-0.0256,4.7077,0.4576,1,1,0.2704,0.0000,-0.6921,0.0000,-0.3433,0.0000,-0.0798,0.0000,0.5800,1309173.2500
54.3100,-0.2707,0.2361,4.6747,0.4576,1,1,0.2663,0.0000,-0.7114,0.0000,-0.3428,0.0000,-0.0836,0.0000,0.5800,1309173.2500
54.3203,-0.2639,0.2133,4.8051,0.4576,1,1,0.2621,0.0000,-0.7301,0.0000,-0.3422,0.0000,-0.0874,0.0000,0.5800,1309173.2500
54.3302,-0.3510,0.3550,4.6577,0.4576,1,1,0.2578,0.0000,-0.7484,0.0000,-0.3416,0.0000,-0.0912,0.0000,0.5800,1309173.2500
54.3399,0.0329,0.0975,4.7170,0.4576,1,1,0.2536,0.0000,-0.7662,0.0000,-0.3409,0.0000,-0.0950,0.0000,0.5800,1309173.2500
54.3499,0.1061,-0.0196,4.7278,0.4576,1,1,0.2492,0.0000,-0.7834,0.0000,-0.3403,0.0000,-0.0989,0.0000,0.5800,1309173.2500
54.3600,-0.3872,0.6640,4.5113,0.4576,1,1,0.2449,0.0000,-0.8002,0.0000,-0.3396,0.0000,-0.1027,0.0000,0.5800,1309173.2500
54.3703,-0.3076,0.6367,4.6175,0.4576,1,1,0.2405,0.0000,-0.8164,0.0000,-0.3389,0.0000,-0.1066,0.0000,0.5800,1309173.2500
54.3802,-0.1399,0.5117,4.6572,0.4576,1,1,0.2361,0.0000,-0.8321,0.0000,-0.3382,0.0000,-0.1104,0.0000,0.5800,1309173.2500
54.3900,-0.2155,0.5507,4.5582,0.4576,1,1,0.2317,0.0000,-0.8472,0.0000,-0.3374,0.0000,-0.1142,0.0000,0.5800,1309173.2500
54.4000,-0.0284,0.3738,4.6698,0.4576,1,1,0.2272,0.0000,-0.8619,0.0000,-0.3366,0.0000,-0.1180,0.0000,0.5800,1309173.2500
54.4099,0.0412,0.2433,4.6558,0.4576,1,1,0.2228,0.0000,-0.8760,0.0000,-0.3358,0.0000,-0.1218,0.0000,0.5800,1309173.2500
54.4204,-0.0400,-0.1475,4.6050,0.4576,1,1,0.2183,0.0000,-0.8896,0.0000,-0.3349,0.0000,-0.1255,0.0000,0.5800,1309173.2500
54.4302,-0.1018,-0.0871,4.7137,0.4576,1,1,0.2138,0.0000,-0.9027,0.0000,-0.3341,0.0000,-0.1293,0.0000,0.5800,1309173.2500
54.4400,-0.5375,0.4734,4.5073,0.4576,1,1,0.2094,0.0000,-0.9153,0.0000,-0.3332,0.0000,-0.1329,0.0000,0.5800,1309173.2500
54.4500,-0.4632,0.3484,4.5249,0.4576,1,1,0.2049,0.0000,-0.9274,0.0000,-0.3323,0.0000,-0.1366,0.0000,0.5800,1309173.2500
54.4600,-0.1453,0.2645,4.6508,0.4576,1,1,0.2005,0.0000,-0.9389,0.0000,-0.3313,0.0000,-0.1402,0.0000,0.5800,1309173.2500
54.4702,-0.3219,0.3767,4.4814,0.4576,1,1,0.1961,0.0000,-0.9500,0.0000,-0.3304,0.0000,-0.1438,0.0000,0.5800,1309173.2500
54.4804,-0.3137,0.5670,4.6221,0.4576,1,1,0.1917,0.0000,-0.9605,0.0000,-0.3294,0.0000,-0.1473,0.0000,0.5800,1309173.2500
54.4900,-0.1081,0.6916,4.6943,0.4576,1,1,0.1873,0.0000,-0.9706,0.0000,-0.3284,0.0000,-0.1508,0.0000,0.5800,1309173.2500
54.5000,0.0949,0.1974,4.7816,0.4576,1,1,0.1830,0.0000,-0.9801,0.0000,-0.3273,0.0000,-0.1542,0.0000,0.5800,1309173.2500
54.5100,0.0404,0.1338,4.8370,0.4576,1,1,0.1786,0.0000,-0.9892,0.0000,-0.3263,0.0000,-0.1575,0.0000,0.5800,1309173.2500
54.5202,-0.1848,0.2620,4.7108,0.4576,1,1,0.1743,0.0000,-0.9978,0.0000,-0.3252,0.0000,-0.1608,0.0000,0.5800,1309173.2500
54.5303,-0.1646,-0.0508,4.7207,0.4576,1,1,0.1701,0.0000,-1.0059,0.0000,-0.3241,0.0000,-0.1641,0.0000,0.5800,1309173.2500
54.5400,-0.1026,0.0122,4.6316,0.4576,1,1,0.1659,0.0000,-1.0135,0.0000,-0.3230,0.0000,-0.1673,0.0000,0.5800,1309173.2500
54.5500,-0.0438,-0.0274,4.6247,0.4576,1,1,0.1617,0.0000,-1.0207,0.0000,-0.3219,0.0000,-0.1704,0.0000,0.5800,1309173.2500
54.5599,-0.2290,0.1642,4.6369,0.4576,1,1,0.1575,0.0000,-1.0274,0.0000,-0.3207,0.0000,-0.1734,0.0000,0.5800,1309173.2500
54.5702,-0.3346,0.7396,4.6463,0.4576,1,1,0.1534,0.0000,-1.0337,0.0000,-0.3195,0.0000,-0.1764,0.0000,0.5800,1309173.2500
54.5803,-0.0208,0.2743,4.8597,0.4576,1,1,0.1494,0.0000,-1.0396,0.0000,-0.3183,0.0000,-0.1793,0.0000,0.5800,1309173.2500
54.5900,-0.1335,0.2392,4.7329,0.4576,1,1,0.1453,0.0000,-1.0450,0.0000,-0.3171,0.0000,-0.1822,0.0000,0.5800,1309173.2500
54.6000,-0.2538,0.5485,4.4912,0.4576,1,1,0.1414,0.0000,-1.0500,0.0000,-0.3159,0.0000,-0.1850,0.0000,0.5800,1309173.2500
54.6099,0.0051,0.0601,4.6507,0.4576,1,1,0.1375,0.0000,-1.0546,0.0000,-0.3146,0.0000,-0.1877,0.0000,0.5800,1309173.2500
54.6203,-0.0774,-0.0514,4.5973,0.4576,1,1,0.1336,0.0000,-1.0587,0.0000,-0.3133,0.0000,-0.1903,0.0000,0.5800,1309173.2500
54.6303,-0.1433,-0.0865,4.6749,0.4576,1,1,0.1298,0.0000,-1.0625,0.0000,-0.3120,0.0000,-0.1929,0.0000,0.5800,1309173.2500
54.6400,-0.2738,0.0104,4.7882,0.4576,1,1,0.1260,0.0000,-1.0659,0.0000,-0.3107,0.0000,-0.1954,0.0000,0.5800,1309173.2500
54.6500,-0.5474,0.3507,4.4536,0.4576,1,1,0.1223,0.0000,-1.0689,0.0000,-0.3094,0.0000,-0.1978,0.0000,0.5800,1309173.2500
54.6600,-0.1223,0.0706,4.6253,0.4576,1,1,0.1186,0.0000,-1.0716,0.0000,-0.3081,0.0000,-0.2002,0.0000,0.5800,1309173.2500
54.6703,-0.2750,0.2273,4.4876,0.4576,1,1,0.1150,0.0000,-1.0738,0.0000,-0.3067,0.0000,-0.2024,0.0000,0.5800,1309173.2500
54.6804,-0.6071,0.7503,4.3698,0.4576,1,1,0.1115,0.0000,-1.0757,0.0000,-0.3054,0.0000,-0.2046,0.0000,0.5800,1309173.2500
54.6900,-0.1602,0.5116,4.7891,0.4576,1,1,0.1080,0.0000,-1.0773,0.0000,-0.3040,0.0000,-0.2068,0.0000,0.5800,1309173.2500
54.7000,-0.2108,0.3687,4.6983,0.4576,1,1,0.1045,0.0000,-1.0786,0.0000,-0.3026,0.0000,-0.2088,0.0000,0.5800,1309173.2500
54.7100,-0.1978,0.2372,4.6551,0.4576,1,1,0.1011,0.0000,-1.0795,0.0000,-0.3012,0.0000,-0.2108,0.0000,0.5800,1309173.2500
54.7203,-0.1838,0.0236,4.6799,0.4576,1,1,0.0978,0.0000,-1.0800,0.0000,-0.2998,0.0000,-0.2127,0.0000,0.5800,1309173.2500
54.7302,-0.4773,0.0142,4.3794,0.4576,1,1,0.0946,0.0000,-1.0803,0.0000,-0.2983,0.0000,-0.2146,0.0000,0.5800,1309173.2500
54.7399,-0.3009,-0.2344,4.5178,0.4576,1,1,0.0913,0.0000,-1.0803,0.0000,-0.2969,0.0000,-0.2163,0.0000,0.5800,1309173.2500
54.7499,-0.3711,0.1176,4.5684,0.4576,1,1,0.0882,0.0000,-1.0799,0.0000,-0.2954,0.0000,-0.2180,0.0000,0.5800,1309173.2500
54.7599,-0.7305,0.7301,4.4570,0.4576,1,1,0.0851,0.0000,-1.0793,0.0000,-0.2939,0.0000,-0.2196,0.0000,0.5800,1309173.2500
54.7703,-0.4465,0.5238,4.7393,0.4576,1,1,0.0821,0.0000,-1.0784,0.0000,-0.2925,0.0000,-0.2212,0.0000,0.5800,1309173.2500
54.7802,-0.2638,0.4993,4.6856,0.4576,1,1,0.0791,0.0000,-1.0772,0.0000,-0.2910,0.0000,-0.2227,0.0000,0.5800,1309173.2500
54.7900,-0.2481,0.4988,4.6296,0.4576,1,1,0.0762,0.0000,-1.0758,0.0000,-0.2895,0.0000,-0.2241,0.0000,0.5800,1309173.2500
54.8000,-0.2696,0.3750,4.6160,0.4576,1,1,0.0733,0.0000,-1.0741,0.0000,-0.2880,0.0000,-0.2254,0.0000,0.5800,1309173.2500
54.8099,-0.3662,0.4339,4.5284,0.4576,1,1,0.0705,0.0000,-1.0721,0.0000,-0.2864,0.0000,-0.2267,0.0000,0.5800,1309173.2500
54.8203,-0.3992,-0.0984,4.6851,0.4576,1,1,0.0677,0.0000,-1.0699,0.0000,-0.2849,0.0000,-0.2279,0.0000,0.5800,1309173.2500
54.8302,-0.3503,-0.1561,4.7744,0.4576,1,1,0.0650,0.0000,-1.0675,0.0000,-0.2834,0.0000,-0.2290,0.0000,0.5800,1309173.2500
54.8400,-0.6002,0.1954,4.6660,0.4576,1,1,0.0624,0.0000,-1.0648,0.0000,-0.2818,0.0000,-0.2301,0.0000,0.5800,1309173.2500
54.8500,-0.6144,0.4402,4.5820,0.4576,1,1,0.0598,0.0000,-1.0619,0.0000,-0.2803,0.0000,-0.2311,0.0000,0.5800,1309173.2500
54.8600,-0.4578,0.6605,4.4709,0.4576,1,1,0.0573,0.0000,-1.0588,0.0000,-0.2787,0.0000,-0.2320,0.0000,0.5800,1309173.2500
54.8702,-0.2065,0.3557,4.5511,0.4576,1,1,0.0548,0.0000,-1.0554,0.0000,-0.2772,0.0000,-0.2329,0.0000,0.5800,1309173.2500
54.8804,-0.4126,0.3392,4.5470,0.4576,1,1,0.0524,0.0000,-1.0519,0.0000,-0.2756,0.0000,-0.2337,0.0000,0.5800,1309173.2500
54.8900,-0.5008,0.5812,4.5285,0.4576,1,1,0.0501,0.0000,-1.0481,0.0000,-0.2740,0.0000,-0.2344,0.0000,0.5800,1309173.2500
54.9000,-0.2955,0.0308,4.6385,0.4576,1,1,0.0478,0.0000,-1.0442,0.0000,-0.2724,0.0000,-0.2351,0.0000,0.5800,1309173.2500
54.9099,-0.2310,-0.1425,4.5580,0.4576,1,1,0.0455,0.0000,-1.0401,0.0000,-0.2708,0.0000,-0.2357,0.0000,0.5800,1309173.2500
54.9203,-0.1723,-0.0467,4.5506,0.4576,1,1,0.0433,0.0000,-1.0358,0.0000,-0.2692,0.0000,-0.2362,0.0000,0.5800,1309173.2500
54.9303,-0.2921,0.0575,4.5699,0.4576,1,1,0.0412,0.0000,-1.0313,0.0000,-0.2676,0.0000,-0.2367,0.0000,0.5800,1309173.2500
54.9400,-0.5767,0.4375,4.4364,0.4576,1,1,0.0391,0.0000,-1.0267,0.0000,-0.2660,0.0000,-0.2372,0.0000,0.5800,1309173.2500
54.9499,-0.2410,0.1953,4.5261,0.4576,1,1,0.0371,0.0000,-1.0219,0.0000,-0.2644,0.0000,-0.2375,0.0000,0.5800,1309173.2500
54.9600,-0.2716,0.1881,4.4909,0.4576,1,1,0.0351,0.0000,-1.0169,0.0000,-0.2628,0.0000,-0.2378,0.0000,0.5800,1309173.2500
54.9703,-0.6225,0.6596,4.1715,0.4576,1,1,0.0332,0.0000,-1.0118,0.0000,-0.2612,0.0000,-0.2381,0.0000,0.5800,1309173.2500
54.9802,-0.4113,0.3713,4.4558,0.4576,1,1,0.0313,0.0000,-1.0065,0.0000,-0.2595,0.0000,-0.2383,0.0000,0.5800,1309173.2500
54.9900,-0.3969,0.1454,4.4735,0.4576,1,1,0.0295,0.0000,-1.0011,0.0000,-0.2579,0.0000,-0.2384,0.0000,0.5800,1309173.2500
55.0000,-0.3892,-0.0195,4.4344,0.4576,1,1,0.0277,0.0000,-0.9955,0.0000,-0.2563,0.0000,-0.2385,0.0000,0.5800,1309173.2500
55.0099,-0.2552,-0.2200,4.5951,0.4576,1,1,0.0260,0.0000,-0.9898,0.0000,-0.2547,0.0000,-0.2385,0.0000,0.5800,1309173.2500
55.0204,-0.5912,0.1401,4.3021,0.4576,1,1,0.0244,0.0000,-0.9840,0.0000,-0.2530,0.0000,-0.2385,0.0000,0.5800,1309173.2500
55.0303,-0.4619,-0.0428,4.4138,0.4576,1,1,0.0228,0.0000,-0.9780,0.0000,-0.2514,0.0000,-0.2384,0.0000,0.5800,1309173.2500
55.0399,-0.3579,-0.0358,4.5188,0.4576,1,1,0.0212,0.0000,-0.9720,0.0000,-0.2498,0.0000,-0.2383,0.0000,0.5800,1309173.2500
55.0500,-0.7016,0.4338,4.2758,0.4576,1,1,0.0197,0.0000,-0.9658,0.0000,-0.2481,0.0000,-0.2381,0.0000,0.5800,1309173.2500
55.0599,-0.5922,0.5941,4.4279,0.4576,1,1,0.0182,0.0000,-0.9595,0.0000,-0.2465,0.0000,-0.2379,0.0000,0.5800,1309173.2500
55.0702,-0.3688,0.5367,4.4239,0.4576,1,1,0.0168,0.0000,-0.9531,0.0000,-0.2449,0.0000,-0.2376,0.0000,0.5800,1309173.2500
55.0804,-0.4505,0.2046,4.3156,0.4576,1,1,0.0154,0.0000,-0.9466,0.0000,-0.2432,0.0000,-0.2373,0.0000,0.5800,1309173.2500
55.0900,-0.3316,-0.0253,4.4466,0.4576,1,1,0.0141,0.0000,-0.9400,0.0000,-0.2416,0.0000,-0.2369,0.0000,0.5800,1309173.2500
55.1000,-0.5015,0.1300,4.3176,0.4576,1,1,0.0128,0.0000,-0.9333,0.0000,-0.2400,0.0000,-0.2364,0.0000,0.5800,1309173.2500
55.1100,-0.4855,-0.2425,4.3109,0.4576,1,1,0.0116,0.0000,-0.9265,0.0000,-0.2383,0.0000,-0.2360,0.0000,0.5800,1309173.2500
55.1203,-0.2435,-0.1921,4.4225,0.4576,1,1,0.0104,0.0000,-0.9197,0.0000,-0.2367,0.0000,-0.2355,0.0000,0.5800,1309173.2500
55.1302,-0.3879,0.0394,4.2945,0.4576,1,1,0.0093,0.0000,-0.9127,0.0000,-0.2351,0.0000,-0.2349,0.0000,0.5800,1309173.2500
55.1400,-0.5758,0.2747,4.3620,0.4576,1,1,0.0082,0.0000,-0.9057,0.0000,-0.2334,0.0000,-0.2343,0.0000,0.5800,1309173.2500
55.1500,-0.6949,0.6227,4.3281,0.4576,1,1,0.0072,0.0000,-0.8986,0.0000,-0.2318,0.0000,-0.2336,0.0000,0.5800,1309173.2500
55.1600,-0.4745,0.2232,4.4619,0.4576,1,1,0.0062,0.0000,-0.8915,0.0000,-0.2302,0.0000,-0.2329,0.0000,0.5800,1309173.2500
55.1702,-0.4377,-0.0063,4.4647,0.4576,1,1,0.0052,0.0000,-0.8842,0.0000,-0.2286,0.0000,-0.2322,0.0000,0.5800,1309173.2500
55.1803,-0.5009,0.0783,4.2483,0.4576,1,1,0.0043,0.0000,-0.8770,0.0000,-0.2270,0.0000,-0.2314,0.0000,0.5800,1309173.2500
55.1899,-0.4126,-0.2684,4.2861,0.4576,1,1,0.0035,0.0000,-0.8697,0.0000,-0.2254,0.0000,-0.2306,0.0000,0.5800,1309173.2500
55.2000,-0.4458,-0.1638,4.1990,0.4576,1,1,0.0026,0.0000,-0.8623,0.0000,-0.2238,0.0000,-0.2297,0.0000,0.5800,1309173.2500
55.2099,-0.4014,-0.1122,4.3037,0.4576,1,1,0.0019,0.0000,-0.8549,0.0000,-0.2222,0.0000,-0.2288,0.0000,0.5800,1309173.2500
55.2203,-0.5222,0.0010,4.4375,0.4576,1,1,0.0011,0.0000,-0.8474,0.0000,-0.2206,0.0000,-0.2279,0.0000,0.5800,1309173.2500
55.2302,-0.8553,0.5653,4.3232,0.4576,1,1,0.0004,0.0000,-0.8399,0.0000,-0.2190,0.0000,-0.2269,0.0000,0.5800,1309173.2500
55.2400,-0.4926,0.2930,4.4638,0.4576,1,1,-0.0002,0.0000,-0.8324,0.0000,-0.2174,0.0000,-0.2259,0.0000,0.5800,1309173.2500
55.2499,-0.3707,0.1994,4.4373,0.4576,1,1,-0.0009,0.0000,-0.8248,0.0000,-0.2158,0.0000,-0.2249,0.0000,0.5800,1309173.2500
55.2600,-0.5935,0.4693,4.2054,0.4576,1,1,-0.0014,0.0000,-0.8172,0.0000,-0.2142,0.0000,-0.2238,0.0000,0.5750,1309190.1250
55.2702,-0.3386,0.2218,4.4457,0.4576,1,1,-0.0020,0.0000,-0.8096,0.0000,-0.2126,0.0000,-0.2227,0.0000,0.5750,1309190.1250
55.2804,-0.4123,-0.0211,4.4530,0.4576,1,1,-0.0025,0.0000,-0.8020,0.0000,-0.2111,0.0000,-0.2216,0.0000,0.5750,1309190.1250
55.2900,-0.5417,-0.2134,4.4946,0.4576,1,1,-0.0030,0.0000,-0.7944,0.0000,-0.2095,0.0000,-0.2204,0.0000,0.5750,1309190.1250
55.3000,-0.5516,-0.1827,4.6644,0.4576,1,1,-0.0034,0.0000,-0.7867,0.0000,-0.2080,0.0000,-0.2192,0.0000,0.5750,1309190.1250
55.3099,-0.7549,0.2200,4.4079,0.4576,1,1,-0.0038,0.0000,-0.7791,0.0000,-0.2064,0.0000,-0.2180,0.0000,0.5750,1309190.1250
55.3202,-0.4586,-0.0810,4.4669,0.4576,1,1,-0.0041,0.0000,-0.7714,0.0000,-0.2049,0.0000,-0.2168,0.0000,0.5750,1309190.1250
55.3302,-0.3409,0.0579,4.5194,0.4576,1,1,-0.0045,0.0000,-0.7638,0.0000,-0.2034,0.0000,-0.2155,0.0000,0.5750,1309190.1250
55.3400,-0.7376,0.4465,4.3216,0.4576,1,1,-0.0048,0.0000,-0.7561,0.0000,-0.2019,0.0000,-0.2142,0.0000,0.5750,1309190.1250
55.3500,-0.6060,0.3587,4.4872,0.4576,1,1,-0.0050,0.0000,-0.7485,0.0000,-0.2004,0.0000,-0.2129,0.0000,0.5750,1309190.1250
55.3599,-0.4293,0.3199,4.6207,0.4576,1,1,-0.0053,0.0000,-0.7408,0.0000,-0.1989,0.0000,-0.2115,0.0000,0.5750,1309190.1250
55.3702,-0.5930,0.1885,4.5291,0.4576,1,1,-0.0055,0.0000,-0.7332,0.0000,-0.1974,0.0000,-0.2102,0.0000,0.5750,1309190.1250
55.3802,-0.4103,0.1287,4.6745,0.4576,1,1,-0.0056,0.0000,-0.7257,0.0000,-0.1959,0.0000,-0.2088,0.0000,0.5750,1309190.1250
55.3900,-0.3963,0.2672,4.5063,0.4576,1,1,-0.0058,0.0000,-0.7181,0.0000,-0.1944,0.0000,-0.2074,0.0000,0.5750,1309190.1250
55.4000,-0.3144,-0.2030,4.4740,0.4576,1,1,-0.0059,0.0000,-0.7106,0.0000,-0.1929,0.0000,-0.2059,0.0000,0.5750,1309190.1250
55.4099,-0.1978,-0.3523,4.5832,0.4576,1,1,-0.0060,0.0000,-0.7030,0.0000,-0.1915,0.0000,-0.2045,0.0000,0.5750,1309190.1250
55.4203,-0.5901,-0.0345,4.4666,0.4576,1,1,-0.0060,0.0000,-0.6956,0.0000,-0.1900,0.0000,-0.2030,0.0000,0.5750,1309190.1250
55.4303,-0.7649,-0.0666,4.4662,0.4576,1,1,-0.0061,0.0000,-0.6881,0.0000,-0.1886,0.0000,-0.2015,0.0000,0.5750,1309190.1250
55.4400,-0.5690,0.2228,4.6459,0.4576,1,1,-0.0061,0.0000,-0.6807,0.0000,-0.1872,0.0000,-0.2001,0.0000,0.5750,1309190.1250
55.4499,-0.5822,0.3024,4.6054,0.4576,1,1,-0.0061,0.0000,-0.6734,0.0000,-0.1858,0.0000,-0.1985,0.0000,0.5750,1309190.1250
55.4600,-0.5634,0.3688,4.6684,0.4576,1,1,-0.0060,0.0000,-0.6661,0.0000,-0.1844,0.0000,-0.1970,0.0000,0.5750,1309190.1250
55.4702,-0.4212,0.7568,4.6923,0.4576,1,1,-0.0059,0.0000,-0.6588,0.0000,-0.1830,0.0000,-0.1955,0.0000,0.5750,1309190.1250
55.4804,-0.2917,0.2923,4.7249,0.4576,1,1,-0.0059,0.0000,-0.6516,0.0000,-0.1816,0.0000,-0.1940,0.0000,0.5750,1309190.1250
55.4900,-0.2677,-0.2445,4.6266,0.4576,1,1,-0.0058,0.0000,-0.6444,0.0000,-0.1802,0.0000,-0.1924,0.0000,0.5750,1309190.1250
55.5000,-0.4739,0.0795,4.5130,0.4576,1,1,-0.0056,0.0000,-0.6373,0.0000,-0.1788,0.0000,-0.1908,0.0000,0.5750,1309190.1250
55.5099,-0.6541,-0.1317,4.4735,0.4576,1,1,-0.0055,0.0000,-0.6303,0.0000,-0.1775,0.0000,-0.1893,0.0000,0.5750,1309190.1250
55.5202,-0.6508,-0.1060,4.5272,0.4576,1,1,-0.0053,0.0000,-0.6233,0.0000,-0.1761,0.0000,-0.1877,0.0000,0.5750,1309190.1250
55.5303,-0.4962,0.0835,4.5960,0.4576,1,1,-0.0051,0.0000,-0.6164,0.0000,-0.1748,0.0000,-0.1861,0.0000,0.5750,1309190.1250
55.5400,-0.6633,0.2078,4.5850,0.4576,1,1,-0.0049,0.0000,-0.6095,0.0000,-0.1735,0.0000,-0.1845,0.0000,0.5750,1309190.1250
55.5500,-0.8141,0.5949,4.4645,0.4576,1,1,-0.0047,0.0000,-0.6027,0.0000,-0.1722,0.0000,-0.1829,0.0000,0.5750,1309190.1250
55.5600,-0.5348,0.3428,4.5055,0.4576,1,1,-0.0045,0.0000,-0.5960,0.0000,-0.1709,0.0000,-0.1814,0.0000,0.5750,1309190.1250
55.5703,-0.3888,-0.0413,4.4605,0.4576,1,1,-0.0042,0.0000,-0.5893,0.0000,-0.1696,0.0000,-0.1798,0.0000,0.5750,1309190.1250
55.5802,-0.6262,0.2657,4.3547,0.4576,1,1,-0.0040,0.0000,-0.5827,0.0000,-0.1683,0.0000,-0.1782,0.0000,0.5750,1309190.1250
55.5900,-0.4862,0.0897,4.6030,0.4576,1,1,-0.0037,0.0000,-0.5762,0.0000,-0.1671,0.0000,-0.1766,0.0000,0.5750,1309190.1250
55.6000,-0.4496,0.0436,4.7434,0.4576,1,1,-0.0034,0.0000,-0.5698,0.0000,-0.1658,0.0000,-0.1750,0.0000,0.5750,1309190.1250
55.6100,-0.3564,0.0149,4.7345,0.4576,1,1,-0.0031,0.0000,-0.5634,0.0000,-0.1646,0.0000,-0.1734,0.0000,0.5750,1309190.1250
55.6204,-0.2381,-0.0529,4.6963,0.4576,1,1,-0.0028,0.0000,-0.5572,0.0000,-0.1634,0.0000,-0.1718,0.0000,0.5750,1309190.1250
55.6302,-0.3988,0.3324,4.4437,0.4576,1,1,-0.0025,0.0000,-0.5510,0.0000,-0.1622,0.0000,-0.1702,0.0000,0.5750,1309190.1250
55.6400,-0.2896,0.1597,4.2922,0.4576,1,1,-0.0022,0.0000,-0.5448,0.0000,-0.1610,0.0000,-0.1686,0.0000,0.5750,1309190.1250
55.6500,-0.1324,0.0333,4.4945,0.4576,1,1,-0.0019,0.0000,-0.5388,0.0000,-0.1598,0.0000,-0.1670,0.0000,0.5750,1309190.1250
55.6600,-0.5125,0.5869,4.4890,0.4576,1,1,-0.0015,0.0000,-0.5328,0.0000,-0.1586,0.0000,-0.1654,0.0000,0.5750,1309190.1250
55.6702,-0.4881,0.7157,4.7124,0.4576,1,1,-0.0012,0.0000,-0.5270,0.0000,-0.1574,0.0000,-0.1639,0.0000,0.5750,1309190.1250
55.6804,-0.1619,0.6127,4.9367,0.4576,1,1,-0.0008,0.0000,-0.5212,0.0000,-0.1563,0.0000,-0.1623,0.0000,0.5750,1309190.1250
55.6900,-0.2353,0.3578,4.6239,0.4576,1,1,-0.0005,0.0000,-0.5155,0.0000,-0.1551,0.0000,-0.1607,0.0000,0.5750,1309190.1250
55.6999,-0.1800,-0.0632,4.5611,0.4576,1,1,-0.0001,0.0000,-0.5098,0.0000,-0.1540,0.0000,-0.1592,0.0000,0.5750,1309190.1250
55.7100,-0.3894,0.0958,4.3883,0.4576,1,1,0.0003,0.0000,-0.5043,0.0000,-0.1529,0.0000,-0.1577,0.0000,0.5750,1309190.1250
55.7203,-0.5519,-0.0363,4.3323,0.4576,1,1,0.0006,0.0000,-0.4989,0.0000,-0.1518,0.0000,-0.1561,0.0000,0.5750,1309190.1250
55.7302,-0.2472,-0.1254,4.7346,0.4576,1,1,0.0010,0.0000,-0.4935,0.0000,-0.1507,0.0000,-0.1546,0.0000,0.5750,1309190.1250
55.7400,-0.3609,0.1384,4.7577,0.4576,1,1,0.0014,0.0000,-0.4882,0.0000,-0.1496,0.0000,-0.1531,0.0000,0.5750,1309190.1250
55.7500,-0.5977,0.3806,4.7551,0.4576,1,1,0.0017,0.0000,-0.4830,0.0000,-0.1485,0.0000,-0.1516,0.0000,0.5750,1309190.1250
55.7600,-0.3433,0.7265,4.7850,0.4576,1,1,0.0021,0.0000,-0.4779,0.0000,-0.1474,0.0000,-0.1501,0.0000,0.5750,1309190.1250
55.7702,-0.1642,0.3411,4.6529,0.4576,1,1,0.0025,0.0000,-0.4729,0.0000,-0.1464,0.0000,-0.1486,0.0000,0.5750,1309190.1250
55.7803,-0.1303,-0.0287,4.6424,0.4576,1,1,0.0029,0.0000,-0.4679,0.0000,-0.1453,0.0000,-0.1471,0.0000,0.5750,1309190.1250
55.7900,-0.3276,0.0824,4.6545,0.4576,1,1,0.0032,0.0000,-0.4630,0.0000,-0.1443,0.0000,-0.1457,0.0000,0.5750,1309190.1250
55.8000,-0.4547,-0.2514,4.7161,0.4576,1,1,0.0036,0.0000,-0.4583,0.0000,-0.1433,0.0000,-0.1442,0.0000,0.5750,1309190.1250
55.8098,-0.4094,-0.1963,4.8351,0.4576,1,1,0.0040,0.0000,-0.4536,0.0000,-0.1423,0.0000,-0.1428,0.0000,0.5750,1309190.1250
55.8203,-0.2922,-0.1264,4.7369,0.4576,1,1,0.0044,0.0000,-0.4490,0.0000,-0.1413,0.0000,-0.1414,0.0000,0.5750,1309190.1250
55.8302,-0.2771,0.0091,4.7230,0.4576,1,1,0.0047,0.0000,-0.4444,0.0000,-0.1403,0.0000,-0.1400,0.0000,0.5750,1309190.1250
55.8400,-0.6448,0.4881,4.4284,0.4576,1,1,0.0051,0.0000,-0.4400,0.0000,-0.1393,0.0000,-0.1386,0.0000,0.5750,1309190.1250
55.8500,-0.4778,0.2528,4.4810,0.4576,1,1,0.0055,0.0000,-0.4356,0.0000,-0.1383,0.0000,-0.1372,0.0000,0.5750,1309190.1250
55.8600,-0.1876,0.0628,4.6340,0.4576,1,1,0.0058,0.0000,-0.4313,0.0000,-0.1374,0.0000,-0.1358,0.0000,0.5750,1309190.1250
55.8702,-0.4135,0.3371,4.5673,0.4576,1,1,0.0062,0.0000,-0.4271,0.0000,-0.1364,0.0000,-0.1345,0.0000,0.5750,1309190.1250
55.8804,-0.2277,0.3513,4.7779,0.4576,1,1,0.0065,0.0000,-0.4230,0.0000,-0.1355,0.0000,-0.1332,0.0000,0.5750,1309190.1250
55.8900,-0.2402,0.2269,4.7361,0.4576,1,1,0.0069,0.0000,-0.4190,0.0000,-0.1345,0.0000,-0.1318,0.0000,0.5750,1309190.1250
55.9000,-0.2344,-0.2366,4.6511,0.4576,1,1,0.0072,0.0000,-0.4150,0.0000,-0.1336,0.0000,-0.1305,0.0000,0.5750,1309190.1250
55.9100,-0.1793,-0.4128,4.7158,0.4576,1,1,0.0076,0.0000,-0.4111,0.0000,-0.1327,0.0000,-0.1292,0.0000,0.5750,1309190.1250
55.9202,-0.4559,0.0098,4.5980,0.4576,1,1,0.0079,0.0000,-0.4073,0.0000,-0.1318,0.0000,-0.1280,0.0000,0.5750,1309190.1250
55.9302,-0.5782,0.2436,4.5853,0.4576,1,1,0.0082,0.0000,-0.4035,0.0000,-0.1309,0.0000,-0.1267,0.0000,0.5750,1309190.1250
55.9399,-0.3254,0.3721,4.6476,0.4576,1,1,0.0085,0.0000,-0.3999,0.0000,-0.1300,0.0000,-0.1255,0.0000,0.5750,1309190.1250
55.9500,-0.2923,0.1861,4.5787,0.4576,1,1,0.0089,0.0000,-0.3963,0.0000,-0.1291,0.0000,-0.1243,0.0000,0.5750,1309190.1250
55.9599,-0.3885,0.3009,4.5488,0.4576,1,1,0.0092,0.0000,-0.3927,0.0000,-0.1283,0.0000,-0.1230,0.0000,0.5750,1309190.1250
55.9703,-0.2848,0.5875,4.6034,0.4576,1,1,0.0095,0.0000,-0.3893,0.0000,-0.1274,0.0000,-0.1218,0.0000,0.5750,1309190.1250
55.9803,-0.0511,0.1008,4.6487,0.4576,1,1,0.0098,0.0000,-0.3859,0.0000,-0.1266,0.0000,-0.1207,0.0000,0.5750,1309190.1250
55.9899,-0.1623,-0.0876,4.6591,0.4576,1,1,0.0100,0.0000,-0.3825,0.0000,-0.1257,0.0000,-0.1195,0.0000,0.5750,1309190.1250
56.0000,-0.2621,-0.0128,4.5653,0.4576,1,1,0.0103,0.0000,-0.3793,0.0000,-0.1249,0.0000,-0.1184,0.0000,0.5750,1309190.1250
56.0099,-0.3837,-0.1527,4.6485,0.4576,1,1,0.0106,0.0000,-0.3761,0.0000,-0.1241,0.0000,-0.1172,0.0000,0.5750,1309190.1250
56.0203,-0.2774,0.0654,4.6102,0.4576,1,1,0.0109,0.0000,-0.3730,0.0000,-0.1233,0.0000,-0.1161,0.0000,0.5750,1309190.1250
56.0302,-0.0481,0.0053,4.7308,0.4576,1,1,0.0111,0.0000,-0.3699,0.0000,-0.1224,0.0000,-0.1150,0.0000,0.5750,1309190.1250
56.0400,-0.2786,0.3117,4.5634,0.4576,1,1,0.0114,0.0000,-0.3669,0.0000,-0.1217,0.0000,-0.1139,0.0000,0.5750,1309190.1250
56.0500,-0.4096,0.9268,4.4411,0.4576,1,1,0.0116,0.0000,-0.3639,0.0000,-0.1209,0.0000,-0.1129,0.0000,0.5750,1309190.1250
56.0600,-0.0823,0.3127,4.6353,0.4576,1,1,0.0119,0.0000,-0.3610,0.0000,-0.1201,0.0000,-0.1118,0.0000,0.5750,1309190.1250
56.0703,-0.1322,-0.0666,4.5628,0.4576,1,1,0.0121,0.0000,-0.3582,0.0000,-0.1193,0.0000,-0.1108,0.0000,0.5750,1309190.1250
56.0804,-0.2424,0.0751,4.4501,0.4576,1,1,0.0123,0.0000,-0.3554,0.0000,-0.1185,0.0000,-0.1098,0.0000,0.5750,1309190.1250
56.0900,-0.3626,-0.1409,4.5113,0.4576,1,1,0.0125,0.0000,-0.3527,0.0000,-0.1178,0.0000,-0.1087,0.0000,0.5750,1309190.1250
56.0999,-0.3858,0.1030,4.4101,0.4576,1,1,0.0128,0.0000,-0.3500,0.0000,-0.1170,0.0000,-0.1078,0.0000,0.5750,1309190.1250
56.1099,-0.1273,0.1098,4.6264,0.4576,1,1,0.0130,0.0000,-0.3474,0.0000,-0.1163,0.0000,-0.1068,0.0000,0.5750,1309190.1250
56.1202,-0.1128,0.0618,4.7120,0.4576,1,1,0.0131,0.0000,-0.3448,0.0000,-0.1155,0.0000,-0.1058,0.0000,0.5750,1309190.1250
56.1302,-0.5934,0.8053,4.5240,0.4576,1,1,0.0133,0.0000,-0.3423,0.0000,-0.1148,0.0000,-0.1049,0.0000,0.5750,1309190.1250
56.1400,-0.2745,0.6011,4.7085,0.4576,1,1,0.0135,0.0000,-0.3398,0.0000,-0.1141,0.0000,-0.1039,0.0000,0.5750,1309190.1250
56.1500,-0.1448,0.1026,4.6151,0.4576,1,1,0.0137,0.0000,-0.3374,0.0000,-0.1133,0.0000,-0.1030,0.0000,0.5750,1309190.1250
56.1600,-0.2763,0.2475,4.4856,0.4576,1,1,0.0139,0.0000,-0.3350,0.0000,-0.1126,0.0000,-0.1021,0.0000,0.5750,1309190.1250
56.1702,-0.1984,0.0005,4.6640,0.4576,1,1,0.0140,0.0000,-0.3327,0.0000,-0.1119,0.0000,-0.1012,0.0000,0.5750,1309190.1250
56.1803,-0.3285,-0.0858,4.5617,0.4576,1,1,0.0142,0.0000,-0.3304,0.0000,-0.1112,0.0000,-0.1004,0.0000,0.5750,1309190.1250
56.1899,-0.1930,-0.1229,4.6259,0.4576,1,1,0.0143,0.0000,-0.3281,0.0000,-0.1105,0.0000,-0.0995,0.0000,0.5750,1309190.1250
56.2000,0.0157,-0.2341,4.7205,0.4576,1,1,0.0144,0.0000,-0.3259,0.0000,-0.1098,0.0000,-0.0987,0.0000,0.5750,1309190.1250
56.2099,-0.4821,0.4566,4.5766,0.4576,1,1,0.0146,0.0000,-0.3238,0.0000,-0.1091,0.0000,-0.0978,0.0000,0.5750,1309190.1250
56.2204,-0.4466,0.7569,4.7060,0.4576,1,1,0.0147,0.0000,-0.3216,0.0000,-0.1085,0.0000,-0.0970,0.0000,0.5700,1309212.7500
56.2303,-0.1147,0.4053,4.9362,0.4576,1,1,0.0148,0.0000,-0.3195,0.0000,-0.1078,0.0000,-0.0962,0.0000,0.5700,1309212.7500
56.2400,-0.0976,0.3504,4.7847,0.4576,1,1,0.0149,0.0000,-0.3175,0.0000,-0.1071,0.0000,-0.0954,0.0000,0.5700,1309212.7500
56.2499,0.0145,0.0595,4.7167,0.4576,1,1,0.0150,0.0000,-0.3155,0.0000,-0.1065,0.0000,-0.0946,0.0000,0.5700,1309212.7500
56.2600,-0.1310,0.1566,4.5102,0.4576,1,1,0.0151,0.0000,-0.3135,0.0000,-0.1058,0.0000,-0.0938,0.0000,0.5700,1309212.7500
56.2702,-0.2431,0.0530,4.4111,0.4576,1,1,0.0152,0.0000,-0.3115,0.0000,-0.1052,0.0000,-0.0931,0.0000,0.5700,1309212.7500
56.2803,-0.0062,-0.2297,4.6106,0.4576,1,1,0.0153,0.0000,-0.3096,0.0000,-0.1045,0.0000,-0.0923,0.0000,0.5700,1309212.7500
56.2899,-0.2067,0.2189,4.5817,0.4576,1,1,0.0153,0.0000,-0.3077,0.0000,-0.1039,0.0000,-0.0916,0.0000,0.5700,1309212.7500
56.2999,-0.4044,0.5188,4.5921,0.4576,1,1,0.0154,0.0000,-0.3059,0.0000,-0.1032,0.0000,-0.0909,0.0000,0.5700,1309212.7500
56.3100,-0.1523,0.3860,4.7330,0.4576,1,1,0.0155,0.0000,-0.3040,0.0000,-0.1026,0.0000,-0.0902,0.0000,0.5700,1309212.7500
56.3202,-0.0575,0.4704,4.6185,0.4576,1,1,0.0155,0.0000,-0.3022,0.0000,-0.1020,0.0000,-0.0895,0.0000,0.5700,1309212.7500
56.3303,-0.0934,0.3302,4.5141,0.4576,1,1,0.0156,0.0000,-0.3004,0.0000,-0.1014,0.0000,-0.0888,0.0000,0.5700,1309212.7500
56.3400,-0.2290,0.4524,4.5156,0.4576,1,1,0.0156,0.0000,-0.2987,0.0000,-0.1008,0.0000,-0.0881,0.0000,0.5700,1309212.7500
56.3500,-0.2759,0.1581,4.4939,0.4576,1,1,0.0157,0.0000,-0.2970,0.0000,-0.1001,0.0000,-0.0874,0.0000,0.5700,1309212.7500
56.3600,-0.0592,-0.3545,4.7124,0.4576,1,1,0.0157,0.0000,-0.2953,0.0000,-0.0995,0.0000,-0.0868,0.0000,0.5700,1309212.7500
56.3703,-0.0122,-0.0532,4.7023,0.4576,1,1,0.0157,0.0000,-0.2936,0.0000,-0.0989,0.0000,-0.0861,0.0000,0.5700,1309212.7500
56.3802,-0.2601,0.3731,4.6341,0.4576,1,1,0.0158,0.0000,-0.2920,0.0000,-0.0983,0.0000,-0.0855,0.0000,0.5700,1309212.7500
56.3900,-0.2293,0.6006,4.5597,0.4576,1,1,0.0158,0.0000,-0.2903,0.0000,-0.0978,0.0000,-0.0849,0.0000,0.5700,1309212.7500
56.4000,-0.1582,0.6731,4.4752,0.4576,1,1,0.0158,0.0000,-0.2887,0.0000,-0.0972,0.0000,-0.0843,0.0000,0.5700,1309212.7500
56.4099,-0.1621,0.3918,4.4872,0.4576,1,1,0.0158,0.0000,-0.2872,0.0000,-0.0966,0.0000,-0.0837,0.0000,0.5700,1309212.7500
56.4203,-0.1778,0.5511,4.6215,0.4576,1,1,0.0158,0.0000,-0.2856,0.0000,-0.0960,0.0000,-0.0831,0.0000,0.5700,1309212.7500
56.4303,-0.0501,0.4469,4.7548,0.4576,1,1,0.0158,0.0000,-0.2840,0.0000,-0.0954,0.0000,-0.0825,0.0000,0.5700,1309212.7500
56.4400,0.0123,-0.1357,4.8194,0.4576,1,1,0.0158,0.0000,-0.2825,0.0000,-0.0949,0.0000,-0.0819,0.0000,0.5700,1309212.7500
56.4499,-0.0142,-0.0197,4.7074,0.4576,1,1,0.0158,0.0000,-0.2810,0.0000,-0.0943,0.0000,-0.0813,0.0000,0.5700,1309212.7500
56.4600,-0.3297,0.1766,4.4556,0.4576,1,1,0.0158,0.0000,-0.2795,0.0000,-0.0937,0.0000,-0.0808,0.0000,0.5700,1309212.7500
56.4702,-0.2461,0.0895,4.3077,0.4576,1,1,0.0157,0.0000,-0.2781,0.0000,-0.0932,0.0000,-0.0802,0.0000,0.5700,1309212.7500
56.4804,-0.1327,0.1705,4.3028,0.4576,1,1,0.0157,0.0000,-0.2766,0.0000,-0.0926,0.0000,-0.0797,0.0000,0.5700,1309212.7500
56.4900,-0.2176,0.1539,4.3366,0.4576,1,1,0.0157,0.0000,-0.2752,0.0000,-0.0921,0.0000,-0.0791,0.0000,0.5700,1309212.7500
56.5000,-0.3282,0.4627,4.4359,0.4576,1,1,0.0157,0.0000,-0.2737,0.0000,-0.0915,0.0000,-0.0786,0.0000,0.5700,1309212.7500
56.5099,0.0313,0.5192,4.6633,0.4576,1,1,0.0156,0.0000,-0.2723,0.0000,-0.0910,0.0000,-0.0781,0.0000,0.5700,1309212.7500
56.5203,0.1507,-0.1389,4.7416,0.4576,1,1,0.0156,0.0000,-0.2709,0.0000,-0.0904,0.0000,-0.0776,0.0000,0.5700,1309212.7500
56.5303,0.0514,-0.0545,4.5770,0.4576,1,1,0.0156,0.0000,-0.2696,0.0000,-0.0899,0.0000,-0.0771,0.0000,0.5700,1309212.7500
56.5400,-0.0423,0.1254,4.5588,0.4576,1,1,0.0155,0.0000,-0.2682,0.0000,-0.0894,0.0000,-0.0766,0.0000,0.5700,1309212.7500
56.5500,-0.0993,-0.0587,4.5292,0.4576,1,1,0.0155,0.0000,-0.2668,0.0000,-0.0888,0.0000,-0.0761,0.0000,0.5700,1309212.7500
56.5600,0.0134,0.1341,4.6670,0.4576,1,1,0.0154,0.0000,-0.2655,0.0000,-0.0883,0.0000,-0.0756,0.0000,0.5700,1309212.7500
56.5702,0.0989,0.0310,4.7391,0.4576,1,1,0.0153,0.0000,-0.2642,0.0000,-0.0878,0.0000,-0.0751,0.0000,0.5700,1309212.7500
56.5802,-0.2453,0.3003,4.6161,0.4576,1,1,0.0153,0.0000,-0.2628,0.0000,-0.0873,0.0000,-0.0746,0.0000,0.5700,1309212.7500
56.5899,-0.2576,0.7550,4.4723,0.4576,1,1,0.0152,0.0000,-0.2615,0.0000,-0.0868,0.0000,-0.0741,0.0000,0.5700,1309212.7500
56.5999,0.0459,0.2691,4.5371,0.4576,1,1,0.0152,0.0000,-0.2602,0.0000,-0.0863,0.0000,-0.0737,0.0000,0.5700,1309212.7500
56.6100,0.1111,0.2558,4.5161,0.4576,1,1,0.0151,0.0000,-0.2589,0.0000,-0.0857,0.0000,-0.0732,0.0000,0.5700,1309212.7500
56.6204,0.0306,0.4209,4.5638,0.4576,1,1,0.0150,0.0000,-0.2577,0.0000,-0.0852,0.0000,-0.0728,0.0000,0.5700,1309212.7500
56.6303,-0.0138,0.1293,4.7169,0.4576,1,1,0.0150,0.0000,-0.2564,0.0000,-0.0847,0.0000,-0.0723,0.0000,0.5700,1309212.7500
56.6400,-0.2044,0.1194,4.6617,0.4576,1,1,0.0149,0.0000,-0.2551,0.0000,-0.0842,0.0000,-0.0719,0.0000,0.5700,1309212.7500
56.6500,0.0120,-0.1993,4.7553,0.4576,1,1,0.0148,0.0000,-0.2539,0.0000,-0.0837,0.0000,-0.0715,0.0000,0.5700,1309212.7500
56.6600,-0.1944,-0.0011,4.6847,0.4576,1,1,0.0147,0.0000,-0.2526,0.0000,-0.0832,0.0000,-0.0710,0.0000,0.5700,1309212.7500
56.6702,-0.3930,0.5660,4.3894,0.4576,1,1,0.0147,0.0000,-0.2514,0.0000,-0.0828,0.0000,-0.0706,0.0000,0.5700,1309212.7500
56.6804,0.0241,0.1715,4.4600,0.4576,1,1,0.0146,0.0000,-0.2502,0.0000,-0.0823,0.0000,-0.0702,0.0000,0.5700,1309212.7500
56.6900,0.2039,0.2708,4.3536,0.4576,1,1,0.0145,0.0000,-0.2490,0.0000,-0.0818,0.0000,-0.0698,0.0000,0.5700,1309212.7500
56.7000,-0.1027,0.5151,4.3066,0.4576,1,1,0.0144,0.0000,-0.2477,0.0000,-0.0813,0.0000,-0.0694,0.0000,0.5700,1309212.7500
56.7099,-0.0596,0.3774,4.4301,0.4576,1,1,0.0143,0.0000,-0.2465,0.0000,-0.0808,0.0000,-0.0690,0.0000,0.5700,1309212.7500
56.7202,-0.0658,0.3749,4.4904,0.4576,1,1,0.0142,0.0000,-0.2453,0.0000,-0.0803,0.0000,-0.0686,0.0000,0.5700,1309212.7500
56.7303,0.0411,-0.0818,4.5552,0.4576,1,1,0.0141,0.0000,-0.2441,0.0000,-0.0799,0.0000,-0.0682,0.0000,0.5700,1309212.7500
56.7400,0.0019,-0.1139,4.6773,0.4576,1,1,0.0140,0.0000,-0.2430,0.0000,-0.0794,0.0000,-0.0678,0.0000,0.5700,1309212.7500
56.7500,-0.1678,0.3638,4.4962,0.4576,1,1,0.0139,0.0000,-0.2418,0.0000,-0.0789,0.0000,-0.0674,0.0000,0.5700,1309212.7500
56.7600,-0.2761,0.2695,4.4804,0.4576,1,1,0.0138,0.0000,-0.2406,0.0000,-0.0785,0.0000,-0.0670,0.0000,0.5700,1309212.7500
56.7703,-0.0971,0.3548,4.5263,0.4576,1,1,0.0137,0.0000,-0.2394,0.0000,-0.0780,0.0000,-0.0667,0.0000,0.5700,1309212.7500
56.7803,-0.0125,0.2963,4.5448,0.4576,1,1,0.0137,0.0000,-0.2383,0.0000,-0.0775,0.0000,-0.0663,0.0000,0.5700,1309212.7500
56.7900,-0.1450,0.4353,4.6452,0.4576,1,1,0.0136,0.0000,-0.2371,0.0000,-0.0771,0.0000,-0.0659,0.0000,0.5700,1309212.7500
56.8000,-0.2609,0.8877,4.5625,0.4576,1,1,0.0135,0.0000,-0.2359,0.0000,-0.0766,0.0000,-0.0655,0.0000,0.5700,1309212.7500
56.8100,0.0702,0.4355,4.6833,0.4576,1,1,0.0133,0.0000,-0.2348,0.0000,-0.0762,0.0000,-0.0652,0.0000,0.5700,1309212.7500
56.8204,0.1481,0.1123,4.6605,0.4576,1,1,0.0132,0.0000,-0.2336,0.0000,-0.0757,0.0000,-0.0648,0.0000,0.5700,1309212.7500
56.8302,0.0835,0.1240,4.4959,0.4576,1,1,0.0131,0.0000,-0.2325,0.0000,-0.0753,0.0000,-0.0645,0.0000,0.5700,1309212.7500
56.8400,0.0856,0.0014,4.6862,0.4576,1,1,0.0130,0.0000,-0.2314,0.0000,-0.0748,0.0000,-0.0641,0.0000,0.5700,1309212.7500
56.8500,-0.1043,0.0941,4.5161,0.4576,1,1,0.0129,0.0000,-0.2302,0.0000,-0.0744,0.0000,-0.0638,0.0000,0.5700,1309212.7500
56.8600,-0.0758,-0.2375,4.6216,0.4576,1,1,0.0128,0.0000,-0.2291,0.0000,-0.0740,0.0000,-0.0634,0.0000,0.5700,1309212.7500
56.8702,-0.0414,-0.1345,4.6370,0.4576,1,1,0.0127,0.0000,-0.2280,0.0000,-0.0735,0.0000,-0.0631,0.0000,0.5700,1309212.7500
56.8804,-0.4707,0.5103,4.4147,0.4576,1,1,0.0126,0.0000,-0.2269,0.0000,-0.0731,0.0000,-0.0627,0.0000,0.5700,1309212.7500
56.8899,-0.2625,0.4640,4.4643,0.4576,1,1,0.0125,0.0000,-0.2257,0.0000,-0.0727,0.0000,-0.0624,0.0000,0.5700,1309212.7500
56.9000,0.0338,0.3345,4.4937,0.4576,1,1,0.0124,0.0000,-0.2246,0.0000,-0.0722,0.0000,-0.0621,0.0000,0.5700,1309212.7500
56.9100,-0.1368,0.2684,4.2796,0.4576,1,1,0.0123,0.0000,-0.2235,0.0000,-0.0718,0.0000,-0.0617,0.0000,0.5700,1309212.7500
56.9203,-0.1573,0.2970,4.3419,0.4576,1,1,0.0122,0.0000,-0.2224,0.0000,-0.0714,0.0000,-0.0614,0.0000,0.5700,1309212.7500
56.9302,-0.1545,0.4211,4.3834,0.4576,1,1,0.0121,0.0000,-0.2213,0.0000,-0.0709,0.0000,-0.0611,0.0000,0.5700,1309212.7500
56.9400,-0.0463,-0.0959,4.5838,0.4576,1,1,0.0120,0.0000,-0.2202,0.0000,-0.0705,0.0000,-0.0608,0.0000,0.5700,1309212.7500
56.9500,-0.0167,-0.1780,4.7267,0.4576,1,1,0.0119,0.0000,-0.2191,0.0000,-0.0701,0.0000,-0.0604,0.0000,0.5700,1309212.7500
56.9600,-0.1981,0.2584,4.5478,0.4576,1,1,0.0118,0.0000,-0.2180,0.0000,-0.0697,0.0000,-0.0601,0.0000,0.5700,1309212.7500
56.9703,-0.3595,0.3120,4.4266,0.4576,1,1,0.0116,0.0000,-0.2169,0.0000,-0.0693,0.0000,-0.0598,0.0000,0.5700,1309212.7500
56.9803,-0.4055,0.4120,4.3097,0.4576,1,1,0.0115,0.0000,-0.2158,0.0000,-0.0689,0.0000,-0.0595,0.0000,0.5700,1309212.7500
56.9899,-0.2155,0.2210,4.4073,0.4576,1,1,0.0114,0.0000,-0.2147,0.0000,-0.0685,0.0000,-0.0592,0.0000,0.5700,1309212.7500
57.0000,-0.2365,0.1169,4.5704,0.4576,1,1,0.0113,0.0000,-0.2136,0.0000,-0.0680,0.0000,-0.0589,0.0000,0.5700,1309212.7500
57.0100,-0.3931,0.8064,4.4861,0.4576,1,1,0.0112,0.0000,-0.2125,0.0000,-0.0676,0.0000,-0.0586,0.0000,0.5700,1309212.7500
57.0203,-0.0919,0.5857,4.5983,0.4576,1,1,0.0111,0.0000,-0.2114,0.0000,-0.0672,0.0000,-0.0583,0.0000,0.5700,1309212.7500
57.0303,0.0997,0.1574,4.5461,0.4576,1,1,0.0110,0.0000,-0.2104,0.0000,-0.0668,0.0000,-0.0580,0.0000,0.5700,1309212.7500
57.0400,-0.1329,0.2612,4.4287,0.4576,1,1,0.0109,0.0000,-0.2093,0.0000,-0.0664,0.0000,-0.0576,0.0000,0.5700,1309212.7500
57.0499,-0.3094,-0.0112,4.5283,0.4576,1,1,0.0108,0.0000,-0.2082,0.0000,-0.0660,0.0000,-0.0573,0.0000,0.5700,1309212.7500
57.0600,-0.2555,0.1228,4.6024,0.4576,1,1,0.0107,0.0000,-0.2071,0.0000,-0.0656,0.0000,-0.0570,0.0000,0.5700,1309212.7500
57.0702,-0.1360,0.1799,4.6863,0.4576,1,1,0.0106,0.0000,-0.2061,0.0000,-0.0652,0.0000,-0.0568,0.0000,0.5700,1309212.7500
57.0804,-0.0299,-0.0364,4.7436,0.4576,1,1,0.0104,0.0000,-0.2050,0.0000,-0.0649,0.0000,-0.0565,0.0000,0.5700,1309212.7500
57.0900,-0.4044,0.5715,4.4879,0.4576,1,1,0.0103,0.0000,-0.2039,0.0000,-0.0645,0.0000,-0.0562,0.0000,0.5700,1309212.7500
57.1000,-0.2624,0.6419,4.5290,0.4576,1,1,0.0102,0.0000,-0.2029,0.0000,-0.0641,0.0000,-0.0559,0.0000,0.5700,1309212.7500
57.1099,0.1199,0.2315,4.7751,0.4576,1,1,0.0101,0.0000,-0.2018,0.0000,-0.0637,0.0000,-0.0556,0.0000,0.5700,1309212.7500
57.1202,-0.1165,0.3706,4.7583,0.4576,1,1,0.0100,0.0000,-0.2007,0.0000,-0.0633,0.0000,-0.0553,0.0000,0.5700,1309212.7500
57.1302,-0.1942,0.3514,4.7627,0.4576,1,1,0.0099,0.0000,-0.1997,0.0000,-0.0629,0.0000,-0.0550,0.0000,0.5700,1309212.7500
57.1400,-0.0475,0.1671,4.6620,0.4576,1,1,0.0098,0.0000,-0.1986,0.0000,-0.0626,0.0000,-0.0547,0.0000,0.5700,1309212.7500
57.1500,-0.2001,0.2616,4.5519,0.4576,1,1,0.0097,0.0000,-0.1975,0.0000,-0.0622,0.0000,-0.0544,0.0000,0.5700,1309212.7500
57.1599,-0.0769,-0.0215,4.5624,0.4576,1,1,0.0096,0.0000,-0.1965,0.0000,-0.0618,0.0000,-0.0542,0.0000,0.5700,1309212.7500
57.1703,-0.3397,-0.0064,4.6617,0.4576,1,1,0.0095,0.0000,-0.1954,0.0000,-0.0614,0.0000,-0.0539,0.0000,0.5700,1309212.7500
57.1802,-0.5799,0.2672,4.6213,0.4576,1,1,0.0094,0.0000,-0.1944,0.0000,-0.0611,0.0000,-0.0536,0.0000,0.5700,1309212.7500
57.1900,-0.3724,-0.0320,4.7398,0.4576,1,1,0.0093,0.0000,-0.1933,0.0000,-0.0607,0.0000,-0.0533,0.0000,0.5700,1309212.7500
57.2000,-0.2028,0.0527,4.7233,0.4576,1,1,0.0092,0.0000,-0.1923,0.0000,-0.0603,0.0000,-0.0530,0.0000,0.5700,1309212.7500
57.2099,-0.4262,0.4680,4.4656,0.4576,1,1,0.0091,0.0000,-0.1912,0.0000,-0.0599,0.0000,-0.0528,0.0000,0.5700,1309212.7500
57.2203,-0.1212,0.4282,4.5405,0.4576,1,1,0.0090,0.0000,-0.1902,0.0000,-0.0596,0.0000,-0.0525,0.0000,0.5650,1309240.8750
57.2302,0.0252,0.4403,4.6818,0.4576,1,1,0.0089,0.0000,-0.1891,0.0000,-0.0592,0.0000,-0.0522,0.0000,0.5650,1309240.8750
57.2400,-0.1767,0.1822,4.6119,0.4576,1,1,0.0088,0.0000,-0.1881,0.0000,-0.0589,0.0000,-0.0519,0.0000,0.5650,1309240.8750
57.2500,-0.4334,0.1446,4.7382,0.4576,1,1,0.0087,0.0000,-0.1871,0.0000,-0.0585,0.0000,-0.0517,0.0000,0.5650,1309240.8750
57.2599,-0.5295,0.3779,4.5276,0.4576,1,1,0.0086,0.0000,-0.1860,0.0000,-0.0581,0.0000,-0.0514,0.0000,0.5650,1309240.8750
57.2702,-0.4145,-0.1602,4.5382,0.4576,1,1,0.0085,0.0000,-0.1850,0.0000,-0.0578,0.0000,-0.0511,0.0000,0.5650,1309240.8750
57.2804,-0.0348,-0.1950,4.6353,0.4576,1,1,0.0084,0.0000,-0.1839,0.0000,-0.0574,0.0000,-0.0508,0.0000,0.5650,1309240.8750
57.2900,-0.4490,0.2062,4.4926,0.4576,1,1,0.0083,0.0000,-0.1829,0.0000,-0.0571,0.0000,-0.0506,0.0000,0.5650,1309240.8750
57.3000,-0.4086,0.1553,4.6475,0.4576,1,1,0.0082,0.0000,-0.1819,0.0000,-0.0567,0.0000,-0.0503,0.0000,0.5650,1309240.8750
57.3100,-0.2708,0.3701,4.7838,0.4576,1,1,0.0082,0.0000,-0.1808,0.0000,-0.0564,0.0000,-0.0500,0.0000,0.5650,1309240.8750
57.3203,-0.3458,0.5071,4.6674,0.4576,1,1,0.0081,0.0000,-0.1798,0.0000,-0.0560,0.0000,-0.0498,0.0000,0.5650,1309240.8750
57.3303,-0.2954,0.5357,4.5886,0.4576,1,1,0.0080,0.0000,-0.1788,0.0000,-0.0557,0.0000,-0.0495,0.0000,0.5650,1309240.8750
57.3400,-0.3227,0.7243,4.4129,0.4576,1,1,0.0079,0.0000,-0.1778,0.0000,-0.0554,0.0000,-0.0492,0.0000,0.5650,1309240.8750
57.3499,-0.2788,0.0177,4.3122,0.4576,1,1,0.0078,0.0000,-0.1767,0.0000,-0.0550,0.0000,-0.0490,0.0000,0.5650,1309240.8750
57.3600,-0.1951,-0.3905,4.3742,0.4576,1,1,0.0077,0.0000,-0.1757,0.0000,-0.0547,0.0000,-0.0487,0.0000,0.5650,1309240.8750
57.3702,-0.4717,0.0624,4.3416,0.4576,1,1,0.0076,0.0000,-0.1747,0.0000,-0.0543,0.0000,-0.0485,0.0000,0.5650,1309240.8750
57.3802,-0.6402,0.1594,4.3613,0.4576,1,1,0.0075,0.0000,-0.1737,0.0000,-0.0540,0.0000,-0.0482,0.0000,0.5650,1309240.8750
57.3900,-0.3398,0.2709,4.4769,0.4576,1,1,0.0075,0.0000,-0.1727,0.0000,-0.0537,0.0000,-0.0479,0.0000,0.5650,1309240.8750
57.4000,-0.3238,0.5223,4.4045,0.4576,1,1,0.0074,0.0000,-0.1717,0.0000,-0.0533,0.0000,-0.0477,0.0000,0.5650,1309240.8750
57.4100,-0.3522,0.5168,4.3141,0.4576,1,1,0.0073,0.0000,-0.1707,0.0000,-0.0530,0.0000,-0.0474,0.0000,0.5650,1309240.8750
57.4204,-0.1805,0.5611,4.4440,0.4576,1,1,0.0072,0.0000,-0.1697,0.0000,-0.0527,0.0000,-0.0472,0.0000,0.5650,1309240.8750
57.4302,-0.1922,0.2474,4.4314,0.4576,1,1,0.0071,0.0000,-0.1686,0.0000,-0.0524,0.0000,-0.0469,0.0000,0.5650,1309240.8750
57.4400,-0.2990,0.0429,4.4182,0.4576,1,1,0.0071,0.0000,-0.1676,0.0000,-0.0520,0.0000,-0.0466,0.0000,0.5650,1309240.8750
57.4499,-0.3611,0.4235,4.3729,0.4576,1,1,0.0070,0.0000,-0.1666,0.0000,-0.0517,0.0000,-0.0464,0.0000,0.5650,1309240.8750
57.4599,-0.4243,0.2906,4.3378,0.4576,1,1,0.0069,0.0000,-0.1657,0.0000,-0.0514,0.0000,-0.0461,0.0000,0.5650,1309240.8750
57.4702,-0.2265,-0.1521,4.3792,0.4576,1,1,0.0068,0.0000,-0.1647,0.0000,-0.0511,0.0000,-0.0459,0.0000,0.5650,1309240.8750
57.4804,-0.3305,0.1069,4.4055,0.4576,1,1,0.0068,0.0000,-0.1637,0.0000,-0.0507,0.0000,-0.0456,0.0000,0.5650,1309240.8750
57.4900,-0.6114,0.3875,4.3793,0.4576,1,1,0.0067,0.0000,-0.1627,0.0000,-0.0504,0.0000,-0.0454,0.0000,0.5650,1309240.8750
57.5000,-0.5946,0.5155,4.4402,0.4576,1,1,0.0066,0.0000,-0.1617,0.0000,-0.0501,0.0000,-0.0451,0.0000,0.5650,1309240.8750
57.5100,-0.2709,0.5012,4.4560,0.4576,1,1,0.0066,0.0000,-0.1607,0.0000,-0.0498,0.0000,-0.0449,0.0000,0.5650,1309240.8750
57.5202,-0.1828,0.2918,4.4080,0.4576,1,1,0.0065,0.0000,-0.1597,0.0000,-0.0495,0.0000,-0.0446,0.0000,0.5650,1309240.8750
57.5302,-0.2866,0.6903,4.3174,0.4576,1,1,0.0064,0.0000,-0.1587,0.0000,-0.0492,0.0000,-0.0444,0.0000,0.5650,1309240.8750
57.5400,-0.1969,0.6951,4.3621,0.4576,1,1,0.0063,0.0000,-0.1578,0.0000,-0.0489,0.0000,-0.0441,0.0000,0.5650,1309240.8750
57.5500,-0.0827,0.0328,4.4403,0.4576,1,1,0.0063,0.0000,-0.1568,0.0000,-0.0486,0.0000,-0.0439,0.0000,0.5650,1309240.8750
57.5600,-0.3287,-0.0362,4.2975,0.4576,1,1,0.0062,0.0000,-0.1558,0.0000,-0.0483,0.0000,-0.0436,0.0000,0.5650,1309240.8750
57.5702,-0.4058,-0.0435,4.1662,0.4576,1,1,0.0062,0.0000,-0.1549,0.0000,-0.0480,0.0000,-0.0434,0.0000,0.5650,1309240.8750
57.5802,-0.4324,0.0081,4.1304,0.4576,1,1,0.0061,0.0000,-0.1539,0.0000,-0.0477,0.0000,-0.0431,0.0000,0.5650,1309240.8750
57.5900,-0.3770,0.2621,4.0920,0.4576,1,1,0.0060,0.0000,-0.1529,0.0000,-0.0474,0.0000,-0.0429,0.0000,0.5650,1309240.8750
57.6001,-0.2625,0.0598,4.2780,0.4576,1,1,0.0060,0.0000,-0.1520,0.0000,-0.0471,0.0000,-0.0426,0.0000,0.5650,1309240.8750
57.6100,-0.5107,0.3754,4.1824,0.4576,1,1,0.0059,0.0000,-0.1510,0.0000,-0.0468,0.0000,-0.0424,0.0000,0.5650,1309240.8750
57.6203,-0.4805,0.7094,4.2106,0.4576,1,1,0.0059,0.0000,-0.1501,0.0000,-0.0465,0.0000,-0.0421,0.0000,0.5650,1309240.8750
57.6302,-0.2293,0.1573,4.4642,0.4576,1,1,0.0058,0.0000,-0.1491,0.0000,-0.0462,0.0000,-0.0419,0.0000,0.5650,1309240.8750
57.6400,-0.5378,0.3137,4.2319,0.4576,1,1,0.0057,0.0000,-0.1482,0.0000,-0.0459,0.0000,-0.0416,0.0000,0.5650,1309240.8750
57.6500,-0.5861,0.6034,4.1090,0.4576,1,1,0.0057,0.0000,-0.1473,0.0000,-0.0456,0.0000,-0.0414,0.0000,0.5650,1309240.8750
57.6600,-0.2231,0.3543,4.2128,0.4576,1,1,0.0056,0.0000,-0.1463,0.0000,-0.0453,0.0000,-0.0411,0.0000,0.5650,1309240.8750
57.6702,-0.2540,0.2965,4.0151,0.4576,1,1,0.0056,0.0000,-0.1454,0.0000,-0.0450,0.0000,-0.0409,0.0000,0.5650,1309240.8750
57.6804,-0.1872,0.1234,4.1286,0.4576,1,1,0.0055,0.0000,-0.1445,0.0000,-0.0447,0.0000,-0.0407,0.0000,0.5650,1309240.8750
57.6900,-0.4429,0.1025,4.1466,0.4576,1,1,0.0055,0.0000,-0.1435,0.0000,-0.0445,0.0000,-0.0404,0.0000,0.5650,1309240.8750
57.7000,-0.6734,0.0426,4.0397,0.4576,1,1,0.0054,0.0000,-0.1426,0.0000,-0.0442,0.0000,-0.0402,0.0000,0.5650,1309240.8750
57.7099,-0.2802,-0.4119,4.3465,0.4576,1,1,0.0054,0.0000,-0.1417,0.0000,-0.0439,0.0000,-0.0399,0.0000,0.5650,1309240.8750
57.7202,-0.3081,-0.0988,4.2370,0.4576,1,1,0.0053,0.0000,-0.1408,0.0000,-0.0436,0.0000,-0.0397,0.0000,0.5650,1309240.8750
57.7303,-0.5213,0.3794,4.0347,0.4576,1,1,0.0053,0.0000,-0.1399,0.0000,-0.0433,0.0000,-0.0395,0.0000,0.5650,1309240.8750
57.7400,-0.2390,0.4203,4.1462,0.4576,1,1,0.0052,0.0000,-0.1390,0.0000,-0.0431,0.0000,-0.0392,0.0000,0.5650,1309240.8750
57.7500,-0.1543,0.4128,4.1030,0.4576,1,1,0.0052,0.0000,-0.1381,0.0000,-0.0428,0.0000,-0.0390,0.0000,0.5650,1309240.8750
57.7599,-0.3252,0.1558,4.1429,0.4576,1,1,0.0051,0.0000,-0.1372,0.0000,-0.0425,0.0000,-0.0388,0.0000,0.5650,1309240.8750
57.7703,-0.4743,0.3386,4.2010,0.4576,1,1,0.0051,0.0000,-0.1363,0.0000,-0.0423,0.0000,-0.0385,0.0000,0.5650,1309240.8750
57.7803,-0.4053,0.4473,4.1493,0.4576,1,1,0.0051,0.0000,-0.1354,0.0000,-0.0420,0.0000,-0.0383,0.0000,0.5650,1309240.8750
57.7900,-0.2810,-0.0216,4.1909,0.4576,1,1,0.0050,0.0000,-0.1345,0.0000,-0.0417,0.0000,-0.0381,0.0000,0.5650,1309240.8750
57.8000,-0.4444,0.1513,4.0034,0.4576,1,1,0.0050,0.0000,-0.1336,0.0000,-0.0415,0.0000,-0.0378,0.0000,0.5650,1309240.8750
57.8100,-0.5635,0.2784,3.9691,0.4576,1,1,0.0049,0.0000,-0.1328,0.0000,-0.0412,0.0000,-0.0376,0.0000,0.5650,1309240.8750
57.8204,-0.5441,-0.0128,4.1122,0.4576,1,1,0.0049,0.0000,-0.1319,0.0000,-0.0409,0.0000,-0.0374,0.0000,0.5650,1309240.8750
57.8302,-0.5032,0.0423,4.2429,0.4576,1,1,0.0049,0.0000,-0.1310,0.0000,-0.0407,0.0000,-0.0371,0.0000,0.5650,1309240.8750
57.8400,-0.3600,-0.1470,4.5682,0.4576,1,1,0.0048,0.0000,-0.1302,0.0000,-0.0404,0.0000,-0.0369,0.0000,0.5650,1309240.8750
57.8498,-0.5261,0.1787,4.6359,0.4576,1,1,0.0048,0.0000,-0.1293,0.0000,-0.0402,0.0000,-0.0367,0.0000,0.5650,1309240.8750
57.8599,-0.5414,0.4451,4.4721,0.4576,1,1,0.0047,0.0000,-0.1285,0.0000,-0.0399,0.0000,-0.0364,0.0000,0.5650,1309240.8750
57.8702,-0.0451,0.1836,4.4359,0.4576,1,1,0.0047,0.0000,-0.1276,0.0000,-0.0397,0.0000,-0.0362,0.0000,0.5650,1309240.8750
57.8803,-0.1738,0.3262,4.0852,0.4576,1,1,0.0047,0.0000,-0.1268,0.0000,-0.0394,0.0000,-0.0360,0.0000,0.5650,1309240.8750
57.8900,-0.2750,0.4181,4.0441,0.4576,1,1,0.0046,0.0000,-0.1259,0.0000,-0.0391,0.0000,-0.0358,0.0000,0.5650,1309240.8750
57.9000,-0.2249,0.3122,4.3815,0.4576,1,1,0.0046,0.0000,-0.1251,0.0000,-0.0389,0.0000,-0.0355,0.0000,0.5650,1309240.8750
57.9099,-0.3155,0.1842,4.4783,0.4576,1,1,0.0046,0.0000,-0.1243,0.0000,-0.0387,0.0000,-0.0353,0.0000,0.5650,1309240.8750
57.9203,-0.1994,-0.2662,4.6851,0.4576,1,1,0.0045,0.0000,-0.1235,0.0000,-0.0384,0.0000,-0.0351,0.0000,0.5650,1309240.8750
57.9303,-0.2896,-0.0400,4.5582,0.4576,1,1,0.0045,0.0000,-0.1226,0.0000,-0.0382,0.0000,-0.0349,0.0000,0.5650,1309240.8750
57.9400,-0.4954,0.2613,4.2892,0.4576,1,1,0.0045,0.0000,-0.1218,0.0000,-0.0379,0.0000,-0.0347,0.0000,0.5650,1309240.8750
57.9500,-0.2585,0.0331,4.3084,0.4576,1,1,0.0044,0.0000,-0.1210,0.0000,-0.0377,0.0000,-0.0344,0.0000,0.5650,1309240.8750
57.9600,-0.2148,0.1774,4.3078,0.4576,1,1,0.0044,0.0000,-0.1202,0.0000,-0.0374,0.0000,-0.0342,0.0000,0.5650,1309240.8750
57.9703,-0.3005,0.3073,4.3665,0.4576,1,1,0.0044,0.0000,-0.1194,0.0000,-0.0372,0.0000,-0.0340,0.0000,0.5650,1309240.8750
57.9803,-0.3842,0.5574,4.4206,0.4576,1,1,0.0044,0.0000,-0.1186,0.0000,-0.0370,0.0000,-0.0338,0.0000,0.5650,1309240.8750
57.9900,-0.0280,0.4388,4.4116,0.4576,1,1,0.0043,0.0000,-0.1178,0.0000,-0.0367,0.0000,-0.0336,0.0000,0.5650,1309240.8750
58.0000,0.1790,-0.0826,4.5073,0.4576,1,1,0.0043,0.0000,-0.1170,0.0000,-0.0365,0.0000,-0.0334,0.0000,0.5650,1309240.8750
58.0099,-0.0968,0.2756,4.2475,0.4576,1,1,0.0043,0.0000,-0.1163,0.0000,-0.0363,0.0000,-0.0331,0.0000,0.5650,1309240.8750
58.0204,-0.1372,0.4272,4.2434,0.4576,1,1,0.0043,0.0000,-0.1155,0.0000,-0.0360,0.0000,-0.0329,0.0000,0.5650,1309240.8750
58.0303,0.0645,0.1497,4.4010,0.4576,1,1,0.0042,0.0000,-0.1147,0.0000,-0.0358,0.0000,-0.0327,0.0000,0.5650,1309240.8750
58.0400,-0.1379,0.2701,4.3901,0.4576,1,1,0.0042,0.0000,-0.1139,0.0000,-0.0356,0.0000,-0.0325,0.0000,0.5650,1309240.8750
58.0499,-0.0933,0.0182,4.5104,0.4576,1,1,0.0042,0.0000,-0.1132,0.0000,-0.0354,0.0000,-0.0323,0.0000,0.5650,1309240.8750
58.0600,-0.3906,0.2166,4.4584,0.4576,1,1,0.0042,0.0000,-0.1124,0.0000,-0.0351,0.0000,-0.0321,0.0000,0.5650,1309240.8750
58.0703,-0.5629,0.3227,4.3205,0.4576,1,1,0.0041,0.0000,-0.1117,0.0000,-0.0349,0.0000,-0.0319,0.0000,0.5650,1309240.8750
58.0804,-0.2128,-0.1517,4.4588,0.4576,1,1,0.0041,0.0000,-0.1109,0.0000,-0.0347,0.0000,-0.0317,0.0000,0.5650,1309240.8750
58.0899,-0.4069,0.2151,4.2561,0.4576,1,1,0.0041,0.0000,-0.1102,0.0000,-0.0345,0.0000,-0.0315,0.0000,0.5650,1309240.8750
58.1000,-0.6520,0.7731,4.2296,0.4576,1,1,0.0041,0.0000,-0.1095,0.0000,-0.0342,0.0000,-0.0313,0.0000,0.5650,1309240.8750
58.1099,-0.2689,0.7441,4.5397,0.4576,1,1,0.0040,0.0000,-0.1087,0.0000,-0.0340,0.0000,-0.0311,0.0000,0.5650,1309240.8750
58.1202,-0.1679,0.5891,4.5700,0.4576,1,1,0.0040,0.0000,-0.1080,0.0000,-0.0338,0.0000,-0.0309,0.0000,0.5650,1309240.8750
58.1302,-0.1197,0.1490,4.6906,0.4576,1,1,0.0040,0.0000,-0.1073,0.0000,-0.0336,0.0000,-0.0307,0.0000,0.5650,1309240.8750
58.1401,-0.1608,0.2654,4.8037,0.4576,1,1,0.0040,0.0000,-0.1066,0.0000,-0.0334,0.0000,-0.0305,0.0000,0.5650,1309240.8750
58.1499,-0.3396,0.3641,4.7273,0.4576,1,1,0.0040,0.0000,-0.1059,0.0000,-0.0332,0.0000,-0.0303,0.0000,0.5650,1309240.8750
58.1600,-0.2319,-0.0195,4.8037,0.4576,1,1,0.0039,0.0000,-0.1051,0.0000,-0.0330,0.0000,-0.0301,0.0000,0.5650,1309240.8750
58.1702,-0.2129,0.3231,4.7156,0.4576,1,1,0.0039,0.0000,-0.1044,0.0000,-0.0328,0.0000,-0.0299,0.0000,0.5650,1309240.8750
58.1803,-0.3582,0.5278,4.6397,0.4576,1,1,0.0039,0.0000,-0.1037,0.0000,-0.0325,0.0000,-0.0297,0.0000,0.5600,1309284.2500
58.1900,-0.4093,0.3107,4.6641,0.4576,1,1,0.0039,0.0000,-0.1031,0.0000,-0.0323,0.0000,-0.0295,0.0000,0.5600,1309284.2500
58.2000,-0.2761,0.3986,4.6738,0.4576,1,1,0.0039,0.0000,-0.1024,0.0000,-0.0321,0.0000,-0.0293,0.0000,0.5600,1309284.2500
58.2100,-0.1440,0.2508,4.7797,0.4576,1,1,0.0038,0.0000,-0.1017,0.0000,-0.0319,0.0000,-0.0291,0.0000,0.5600,1309284.2500
58.2204,-0.3661,0.6842,4.7333,0.4576,1,1,0.0038,0.0000,-0.1010,0.0000,-0.0317,0.0000,-0.0289,0.0000,0.5600,1309284.2500
58.2303,-0.3117,0.8464,4.7297,0.4576,1,1,0.0038,0.0000,-0.1003,0.0000,-0.0315,0.0000,-0.0287,0.0000,0.5600,1309284.2500
58.2400,-0.1145,0.2820,4.9593,0.4576,1,1,0.0038,0.0000,-0.0997,0.0000,-0.0313,0.0000,-0.0285,0.0000,0.5600,1309284.2500
58.2499,-0.2846,0.4762,4.8785,0.4576,1,1,0.0038,0.0000,-0.0990,0.0000,-0.0311,0.0000,-0.0284,0.0000,0.5600,1309284.2500
58.2600,-0.1939,0.4666,5.0422,0.4576,1,1,0.0038,0.0000,-0.0984,0.0000,-0.0309,0.0000,-0.0282,0.0000,0.5600,1309284.2500
58.2703,-0.0571,-0.1022,5.1281,0.4576,1,1,0.0037,0.0000,-0.0977,0.0000,-0.0307,0.0000,-0.0280,0.0000,0.5600,1309284.2500
58.2804,-0.2353,0.0367,5.0045,0.4576,1,1,0.0037,0.0000,-0.0971,0.0000,-0.0305,0.0000,-0.0278,0.0000,0.5600,1309284.2500
58.2900,-0.1752,-0.1111,5.0599,0.4576,1,1,0.0037,0.0000,-0.0964,0.0000,-0.0304,0.0000,-0.0276,0.0000,0.5600,1309284.2500
58.3000,-0.3603,0.1195,4.8382,0.4576,1,1,0.0037,0.0000,-0.0958,0.0000,-0.0302,0.0000,-0.0274,0.0000,0.5600,1309284.2500
58.3100,-0.3960,0.5229,4.7201,0.4576,1,1,0.0037,0.0000,-0.0952,0.0000,-0.0300,0.0000,-0.0273,0.0000,0.5600,1309284.2500
58.3203,-0.0571,0.0343,4.8630,0.4576,1,1,0.0037,0.0000,-0.0945,0.0000,-0.0298,0.0000,-0.0271,0.0000,0.5600,1309284.2500
58.3303,-0.3307,0.3331,4.7477,0.4576,1,1,0.0036,0.0000,-0.0939,0.0000,-0.0296,0.0000,-0.0269,0.0000,0.5600,1309284.2500
58.3400,-0.4687,0.8799,4.7152,0.4576,1,1,0.0036,0.0000,-0.0933,0.0000,-0.0294,0.0000,-0.0267,0.0000,0.5600,1309284.2500
58.3500,-0.1439,0.4680,4.9499,0.4576,1,1,0.0036,0.0000,-0.0927,0.0000,-0.0292,0.0000,-0.0265,0.0000,0.5600,1309284.2500
58.3600,-0.1328,0.3135,4.7618,0.4576,1,1,0.0036,0.0000,-0.0921,0.0000,-0.0290,0.0000,-0.0264,0.0000,0.5600,1309284.2500
58.3702,-0.1624,0.3427,4.8243,0.4576,1,1,0.0036,0.0000,-0.0915,0.0000,-0.0289,0.0000,-0.0262,0.0000,0.5600,1309284.2500
58.3803,-0.1441,0.1925,4.8497,0.4576,1,1,0.0036,0.0000,-0.0909,0.0000,-0.0287,0.0000,-0.0260,0.0000,0.5600,1309284.2500
58.3900,-0.2704,0.3336,4.8000,0.4576,1,1,0.0035,0.0000,-0.0903,0.0000,-0.0285,0.0000,-0.0259,0.0000,0.5600,1309284.2500
58.4000,-0.0606,-0.0389,4.8313,0.4576,1,1,0.0035,0.0000,-0.0897,0.0000,-0.0283,0.0000,-0.0257,0.0000,0.5600,1309284.2500
58.4100,-0.1368,0.1330,4.8751,0.4576,1,1,0.0035,0.0000,-0.0891,0.0000,-0.0281,0.0000,-0.0255,0.0000,0.5600,1309284.2500
58.4204,-0.4806,0.6681,4.6547,0.4576,1,1,0.0035,0.0000,-0.0885,0.0000,-0.0280,0.0000,-0.0253,0.0000,0.5600,1309284.2500
58.4302,-0.2878,0.4141,4.8166,0.4576,1,1,0.0035,0.0000,-0.0879,0.0000,-0.0278,0.0000,-0.0252,0.0000,0.5600,1309284.2500
58.4400,0.0253,0.3131,4.8241,0.4576,1,1,0.0035,0.0000,-0.0874,0.0000,-0.0276,0.0000,-0.0250,0.0000,0.5600,1309284.2500
58.4500,-0.1370,0.5479,4.7781,0.4576,1,1,0.0035,0.0000,-0.0868,0.0000,-0.0274,0.0000,-0.0248,0.0000,0.5600,1309284.2500
58.4600,-0.2201,0.7076,4.7296,0.4576,1,1,0.0034,0.0000,-0.0862,0.0000,-0.0273,0.0000,-0.0247,0.0000,0.5600,1309284.2500
58.4702,-0.0696,0.9229,4.8475,0.4576,1,1,0.0034,0.0000,-0.0857,0.0000,-0.0271,0.0000,-0.0245,0.0000,0.5600,1309284.2500
58.4804,0.0803,0.4554,4.9568,0.4576,1,1,0.0034,0.0000,-0.0851,0.0000,-0.0269,0.0000,-0.0244,0.0000,0.5600,1309284.2500
58.4899,-0.0450,0.2214,5.0298,0.4576,1,1,0.0034,0.0000,-0.0846,0.0000,-0.0268,0.0000,-0.0242,0.0000,0.5600,1309284.2500
58.5000,-0.1407,0.3478,5.0079,0.4576,1,1,0.0034,0.0000,-0.0840,0.0000,-0.0266,0.0000,-0.0240,0.0000,0.5600,1309284.2500
58.5099,-0.1614,0.0622,4.9859,0.4576,1,1,0.0034,0.0000,-0.0835,0.0000,-0.0264,0.0000,-0.0239,0.0000,0.5600,1309284.2500
58.5203,-0.1738,0.0942,4.8554,0.4576,1,1,0.0034,0.0000,-0.0829,0.0000,-0.0263,0.0000,-0.0237,0.0000,0.5600,1309284.2500
58.5303,-0.1013,0.1417,4.8622,0.4576,1,1,0.0033,0.0000,-0.0824,0.0000,-0.0261,0.0000,-0.0236,0.0000,0.5600,1309284.2500
58.5400,-0.3421,0.2710,4.7977,0.4576,1,1,0.0033,0.0000,-0.0819,0.0000,-0.0259,0.0000,-0.0234,0.0000,0.5600,1309284.2500
58.5500,-0.4790,0.5073,4.7869,0.4576,1,1,0.0033,0.0000,-0.0813,0.0000,-0.0258,0.0000,-0.0233,0.0000,0.5600,1309284.2500
58.5600,-0.0642,0.0588,5.0576,0.4576,1,1,0.0033,0.0000,-0.0808,0.0000,-0.0256,0.0000,-0.0231,0.0000,0.5600,1309284.2500
58.5702,-0.1161,0.1540,4.9463,0.4576,1,1,0.0033,0.0000,-0.0803,0.0000,-0.0254,0.0000,-0.0230,0.0000,0.5600,1309284.2500
58.5802,-0.2488,0.7003,4.8368,0.4576,1,1,0.0033,0.0000,-0.0798,0.0000,-0.0253,0.0000,-0.0228,0.0000,0.5600,1309284.2500
58.5900,0.0108,0.4039,4.9729,0.4576,1,1,0.0033,0.0000,-0.0793,0.0000,-0.0251,0.0000,-0.0227,0.0000,0.5600,1309284.2500
58.6000,-0.0135,0.3398,4.9216,0.4576,1,1,0.0032,0.0000,-0.0788,0.0000,-0.0250,0.0000,-0.0225,0.0000,0.5600,1309284.2500
58.6099,-0.1783,0.3147,4.9339,0.4576,1,1,0.0032,0.0000,-0.0783,0.0000,-0.0248,0.0000,-0.0224,0.0000,0.5600,1309284.2500
58.6204,-0.2046,0.2694,5.0007,0.4576,1,1,0.0032,0.0000,-0.0778,0.0000,-0.0247,0.0000,-0.0222,0.0000,0.5600,1309284.2500
58.6303,-0.3117,0.4328,4.8111,0.4576,1,1,0.0032,0.0000,-0.0773,0.0000,-0.0245,0.0000,-0.0221,0.0000,0.5600,1309284.2500
58.6400,-0.1539,-0.0199,4.7553,0.4576,1,1,0.0032,0.0000,-0.0768,0.0000,-0.0244,0.0000,-0.0219,0.0000,0.5600,1309284.2500
58.6499,-0.0830,-0.0209,4.6702,0.4576,1,1,0.0032,0.0000,-0.0763,0.0000,-0.0242,0.0000,-0.0218,0.0000,0.5600,1309284.2500
58.6600,-0.3835,0.5167,4.4171,0.4576,1,1,0.0032,0.0000,-0.0758,0.0000,-0.0240,0.0000,-0.0217,0.0000,0.5600,1309284.2500
58.6702,-0.2446,0.5217,4.5061,0.4576,1,1,0.0031,0.0000,-0.0753,0.0000,-0.0239,0.0000,-0.0215,0.0000,0.5600,1309284.2500
58.6804,-0.0435,0.6191,4.5962,0.4576,1,1,0.0031,0.0000,-0.0749,0.0000,-0.0238,0.0000,-0.0214,0.0000,0.5600,1309284.2500
58.6900,-0.1592,0.5060,4.5262,0.4576,1,1,0.0031,0.0000,-0.0744,0.0000,-0.0236,0.0000,-0.0212,0.0000,0.5600,1309284.2500
58.6999,-0.3031,0.2721,4.4881,0.4576,1,1,0.0031,0.0000,-0.0739,0.0000,-0.0235,0.0000,-0.0211,0.0000,0.5600,1309284.2500
58.7099,-0.3995,0.4486,4.3305,0.4576,1,1,0.0031,0.0000,-0.0735,0.0000,-0.0233,0.0000,-0.0210,0.0000,0.5600,1309284.2500
58.7202,-0.3802,0.0546,4.3493,0.4576,1,1,0.0031,0.0000,-0.0730,0.0000,-0.0232,0.0000,-0.0208,0.0000,0.5600,1309284.2500
58.7302,-0.1677,-0.0954,4.3922,0.4576,1,1,0.0031,0.0000,-0.0725,0.0000,-0.0230,0.0000,-0.0207,0.0000,0.5600,1309284.2500
58.7400,-0.1996,0.1665,4.3983,0.4576,1,1,0.0030,0.0000,-0.0721,0.0000,-0.0229,0.0000,-0.0206,0.0000,0.5600,1309284.2500
58.7499,-0.3238,0.1621,4.4166,0.4576,1,1,0.0030,0.0000,-0.0716,0.0000,-0.0227,0.0000,-0.0204,0.0000,0.5600,1309284.2500
58.7600,-0.4559,0.4943,4.3903,0.4576,1,1,0.0030,0.0000,-0.0712,0.0000,-0.0226,0.0000,-0.0203,0.0000,0.5600,1309284.2500
58.7703,-0.2023,0.3612,4.3904,0.4576,1,1,0.0030,0.0000,-0.0707,0.0000,-0.0225,0.0000,-0.0202,0.0000,0.5600,1309284.2500
58.7803,-0.3523,0.2647,4.3767,0.4576,1,1,0.0030,0.0000,-0.0703,0.0000,-0.0223,0.0000,-0.0200,0.0000,0.5600,1309284.2500
58.7900,-0.6111,0.8417,4.2164,0.4576,1,1,0.0030,0.0000,-0.0699,0.0000,-0.0222,0.0000,-0.0199,0.0000,0.5600,1309284.2500
58.8000,-0.2768,0.5923,4.3606,0.4576,1,1,0.0030,0.0000,-0.0694,0.0000,-0.0220,0.0000,-0.0198,0.0000,0.5600,1309284.2500
58.8100,0.0532,0.1300,4.5056,0.4576,1,1,0.0029,0.0000,-0.0690,0.0000,-0.0219,0.0000,-0.0197,0.0000,0.5600,1309284.2500
58.8199,-0.2234,0.2187,4.4153,0.4576,1,1,0.0029,0.0000,-0.0686,0.0000,-0.0218,0.0000,-0.0195,0.0000,0.5600,1309284.2500
58.8304,-0.1687,0.0508,4.5419,0.4576,1,1,0.0029,0.0000,-0.0681,0.0000,-0.0216,0.0000,-0.0194,0.0000,0.5600,1309284.2500
58.8400,-0.2583,0.1544,4.4648,0.4576,1,1,0.0029,0.0000,-0.0677,0.0000,-0.0215,0.0000,-0.0193,0.0000,0.5600,1309284.2500
58.8500,-0.2434,0.1182,4.2943,0.4576,1,1,0.0029,0.0000,-0.0673,0.0000,-0.0214,0.0000,-0.0192,0.0000,0.5600,1309284.2500
58.8600,-0.1160,0.0427,4.3895,0.4576,1,1,0.0029,0.0000,-0.0669,0.0000,-0.0212,0.0000,-0.0190,0.0000,0.5600,1309284.2500
58.8699,-0.3821,0.5643,4.2676,0.4576,1,1,0.0028,0.0000,-0.0665,0.0000,-0.0211,0.0000,-0.0189,0.0000,0.5600,1309284.2500
58.8808,-0.3710,0.5332,4.3446,0.4576,1,1,0.0028,0.0000,-0.0660,0.0000,-0.0210,0.0000,-0.0188,0.0000,0.5600,1309284.2500
58.8900,0.0898,0.3323,4.6263,0.4576,1,1,0.0028,0.0000,-0.0656,0.0000,-0.0208,0.0000,-0.0187,0.0000,0.5600,1309284.2500
58.9000,-0.0999,0.6240,4.5658,0.4576,1,1,0.0028,0.0000,-0.0652,0.0000,-0.0207,0.0000,-0.0186,0.0000,0.5600,1309284.2500
58.9100,-0.2439,0.6300,4.4761,0.4576,1,1,0.0028,0.0000,-0.0648,0.0000,-0.0206,0.0000,-0.0184,0.0000,0.5600,1309284.2500
58.9203,-0.2155,0.7149,4.6373,0.4576,1,1,0.0028,0.0000,-0.0644,0.0000,-0.0205,0.0000,-0.0183,0.0000,0.5600,1309284.2500
58.9302,-0.2759,0.4316,4.5237,0.4576,1,1,0.0028,0.0000,-0.0640,0.0000,-0.0203,0.0000,-0.0182,0.0000,0.5600,1309284.2500
58.9400,-0.1767,0.0944,4.6830,0.4576,1,1,0.0027,0.0000,-0.0636,0.0000,-0.0202,0.0000,-0.0181,0.0000,0.5600,1309284.2500
58.9500,-0.3225,0.5014,4.5715,0.4576,1,1,0.0027,0.0000,-0.0633,0.0000,-0.0201,0.0000,-0.0180,0.0000,0.5600,1309284.2500
58.9600,-0.4152,0.4453,4.4887,0.4576,1,1,0.0027,0.0000,-0.0629,0.0000,-0.0200,0.0000,-0.0179,0.0000,0.5600,1309284.2500
58.9702,-0.1025,-0.0509,4.5371,0.4576,1,1,0.0027,0.0000,-0.0625,0.0000,-0.0198,0.0000,-0.0178,0.0000,0.5600,1309284.2500
58.9803,-0.0781,-0.0281,4.4082,0.4576,1,1,0.0027,0.0000,-0.0621,0.0000,-0.0197,0.0000,-0.0176,0.0000,0.5600,1309284.2500
58.9899,-0.1859,0.0946,4.4330,0.4576,1,1,0.0027,0.0000,-0.0617,0.0000,-0.0196,0.0000,-0.0175,0.0000,0.5600,1309284.2500
59.0000,-0.4176,0.4950,4.3362,0.4576,1,1,0.0027,0.0000,-0.0613,0.0000,-0.0195,0.0000,-0.0174,0.0000,0.5600,1309284.2500
59.0099,-0.1874,0.5678,4.3072,0.4576,1,1,0.0026,0.0000,-0.0610,0.0000,-0.0193,0.0000,-0.0173,0.0000,0.5600,1309284.2500
59.0203,-0.0545,0.3878,4.2992,0.4576,1,1,0.0026,0.0000,-0.0606,0.0000,-0.0192,0.0000,-0.0172,0.0000,0.5600,1309284.2500
59.0303,-0.3270,0.6843,4.0712,0.4576,1,1,0.0026,0.0000,-0.0602,0.0000,-0.0191,0.0000,-0.0171,0.0000,0.5600,1309284.2500
59.0400,-0.1698,0.4904,4.2007,0.4576,1,1,0.0026,0.0000,-0.0598,0.0000,-0.0190,0.0000,-0.0170,0.0000,0.5600,1309284.2500
59.0499,-0.0314,-0.1113,4.4066,0.4576,1,1,0.0026,0.0000,-0.0595,0.0000,-0.0189,0.0000,-0.0169,0.0000,0.5600,1309284.2500
59.0600,-0.2997,0.0068,4.3035,0.4576,1,1,0.0026,0.0000,-0.0591,0.0000,-0.0188,0.0000,-0.0168,0.0000,0.5600,1309284.2500
59.0702,-0.2746,0.0981,4.3238,0.4576,1,1,0.0026,0.0000,-0.0588,0.0000,-0.0186,0.0000,-0.0167,0.0000,0.5600,1309284.2500
59.0804,-0.5052,0.4667,4.1077,0.4576,1,1,0.0025,0.0000,-0.0584,0.0000,-0.0185,0.0000,-0.0166,0.0000,0.5600,1309284.2500
59.0900,-0.5619,0.6552,3.7770,0.4576,1,1,0.0025,0.0000,-0.0580,0.0000,-0.0184,0.0000,-0.0165,0.0000,0.5600,1309284.2500
59.1000,-0.1329,0.1376,4.0177,0.4576,1,1,0.0025,0.0000,-0.0577,0.0000,-0.0183,0.0000,-0.0164,0.0000,0.5600,1309284.2500
59.1099,-0.3609,0.3609,3.8778,0.4576,1,1,0.0025,0.0000,-0.0573,0.0000,-0.0182,0.0000,-0.0163,0.0000,0.5600,1309284.2500
59.1202,-0.5237,0.7075,4.1126,0.4576,1,1,0.0025,0.0000,-0.0570,0.0000,-0.0181,0.0000,-0.0162,0.0000,0.5600,1309284.2500
59.1303,-0.1946,0.6324,4.4688,0.4576,1,1,0.0025,0.0000,-0.0566,0.0000,-0.0180,0.0000,-0.0161,0.0000,0.5600,1309284.2500
59.1400,-0.1802,0.5913,4.3556,0.4576,1,1,0.0025,0.0000,-0.0563,0.0000,-0.0178,0.0000,-0.0160,0.0000,0.5600,1309284.2500
59.1500,-0.1127,0.0246,4.3075,0.4576,1,1,0.0024,0.0000,-0.0560,0.0000,-0.0177,0.0000,-0.0159,0.0000,0.5600,1309284.2500
59.1600,-0.3269,0.0978,4.1491,0.4576,1,1,0.0024,0.0000,-0.0556,0.0000,-0.0176,0.0000,-0.0158,0.0000,0.5600,1309284.2500
59.1702,-0.6074,0.2724,3.9077,0.4576,1,1,0.0024,0.0000,-0.0553,0.0000,-0.0175,0.0000,-0.0157,0.0000,0.5600,1309284.2500
59.1803,-0.3345,-0.3011,4.1331,0.4576,1,1,0.0024,0.0000,-0.0549,0.0000,-0.0174,0.0000,-0.0156,0.0000,0.5550,1309354.3750
59.1900,-0.3179,-0.0848,4.1485,0.4576,1,1,0.0024,0.0000,-0.0546,0.0000,-0.0173,0.0000,-0.0155,0.0000,0.5550,1309354.3750
59.2000,-0.5514,0.3265,4.0863,0.4576,1,1,0.0024,0.0000,-0.0543,0.0000,-0.0172,0.0000,-0.0154,0.0000,0.5550,1309354.3750
59.2099,-0.5346,0.6378,4.1371,0.4576,1,1,0.0023,0.0000,-0.0540,0.0000,-0.0171,0.0000,-0.0153,0.0000,0.5550,1309354.3750
59.2204,-0.4399,0.9332,4.1054,0.4576,1,1,0.0023,0.0000,-0.0536,0.0000,-0.0170,0.0000,-0.0152,0.0000,0.5550,1309354.3750
59.2302,-0.2476,0.4296,4.2235,0.4576,1,1,0.0023,0.0000,-0.0533,0.0000,-0.0169,0.0000,-0.0151,0.0000,0.5550,1309354.3750
59.2400,-0.3524,0.2998,4.1998,0.4576,1,1,0.0023,0.0000,-0.0530,0.0000,-0.0168,0.0000,-0.0150,0.0000,0.5550,1309354.3750
59.2500,-0.3498,0.4477,4.1928,0.4576,1,1,0.0023,0.0000,-0.0527,0.0000,-0.0167,0.0000,-0.0149,0.0000,0.5550,1309354.3750
59.2600,-0.1342,-0.0901,4.4079,0.4576,1,1,0.0023,0.0000,-0.0523,0.0000,-0.0166,0.0000,-0.0148,0.0000,0.5550,1309354.3750
59.2703,-0.1759,0.0215,4.3784,0.4576,1,1,0.0023,0.0000,-0.0520,0.0000,-0.0165,0.0000,-0.0147,0.0000,0.5550,1309354.3750
59.2804,-0.2234,0.2042,4.2912,0.4576,1,1,0.0022,0.0000,-0.0517,0.0000,-0.0164,0.0000,-0.0146,0.0000,0.5550,1309354.3750
59.2900,-0.4928,0.2630,4.2249,0.4576,1,1,0.0022,0.0000,-0.0514,0.0000,-0.0163,0.0000,-0.0145,0.0000,0.5550,1309354.3750
59.3000,-0.7597,0.4834,3.9908,0.4576,1,1,0.0022,0.0000,-0.0511,0.0000,-0.0162,0.0000,-0.0145,0.0000,0.5550,1309354.3750
59.3099,-0.3985,0.1205,4.1433,0.4576,1,1,0.0022,0.0000,-0.0508,0.0000,-0.0161,0.0000,-0.0144,0.0000,0.5550,1309354.3750
59.3203,-0.4121,0.2452,4.0756,0.4576,1,1,0.0022,0.0000,-0.0505,0.0000,-0.0160,0.0000,-0.0143,0.0000,0.5550,1309354.3750
59.3303,-0.6896,0.7272,3.9825,0.4576,1,1,0.0022,0.0000,-0.0502,0.0000,-0.0159,0.0000,-0.0142,0.0000,0.5550,1309354.3750
59.3400,-0.2554,0.5116,4.3769,0.4576,1,1,0.0022,0.0000,-0.0498,0.0000,-0.0158,0.0000,-0.0141,0.0000,0.5550,1309354.3750
59.3500,-0.2063,0.4973,4.4788,0.4576,1,1,0.0021,0.0000,-0.0495,0.0000,-0.0157,0.0000,-0.0140,0.0000,0.5550,1309354.3750
59.3599,-0.2988,0.5352,4.4681,0.4576,1,1,0.0021,0.0000,-0.0492,0.0000,-0.0156,0.0000,-0.0139,0.0000,0.5550,1309354.3750
59.3703,-0.2996,0.5238,4.4999,0.4576,1,1,0.0021,0.0000,-0.0489,0.0000,-0.0155,0.0000,-0.0138,0.0000,0.5550,1309354.3750
59.3803,-0.2985,0.4232,4.2757,0.4576,1,1,0.0021,0.0000,-0.0487,0.0000,-0.0154,0.0000,-0.0138,0.0000,0.5550,1309354.3750
59.3900,-0.1592,-0.0394,4.3206,0.4576,1,1,0.0021,0.0000,-0.0484,0.0000,-0.0153,0.0000,-0.0137,0.0000,0.5550,1309354.3750
59.4000,-0.2854,0.1688,4.1943,0.4576,1,1,0.0021,0.0000,-0.0481,0.0000,-0.0152,0.0000,-0.0136,0.0000,0.5550,1309354.3750
59.4100,-0.6123,0.4824,4.1796,0.4576,1,1,0.0021,0.0000,-0.0478,0.0000,-0.0151,0.0000,-0.0135,0.0000,0.5550,1309354.3750
59.4203,-0.4635,0.0987,4.4370,0.4576,1,1,0.0020,0.0000,-0.0475,0.0000,-0.0150,0.0000,-0.0134,0.0000,0.5550,1309354.3750
59.4302,-0.4139,0.2143,4.5124,0.4576,1,1,0.0020,0.0000,-0.0472,0.0000,-0.0149,0.0000,-0.0133,0.0000,0.5550,1309354.3750
59.4400,-0.4817,0.4086,4.3955,0.4576,1,1,0.0020,0.0000,-0.0469,0.0000,-0.0148,0.0000,-0.0133,0.0000,0.5550,1309354.3750
59.4500,-0.3135,0.4786,4.2692,0.4576,1,1,0.0020,0.0000,-0.0466,0.0000,-0.0147,0.0000,-0.0132,0.0000,0.5550,1309354.3750
59.4599,-0.1158,0.5554,4.2023,0.4576,1,1,0.0020,0.0000,-0.0463,0.0000,-0.0146,0.0000,-0.0131,0.0000,0.5550,1309354.3750
59.4702,-0.2258,0.2652,4.2261,0.4576,1,1,0.0020,0.0000,-0.0461,0.0000,-0.0145,0.0000,-0.0130,0.0000,0.5550,1309354.3750
59.4804,-0.4820,0.3269,4.3459,0.4576,1,1,0.0020,0.0000,-0.0458,0.0000,-0.0145,0.0000,-0.0129,0.0000,0.5550,1309354.3750
59.4900,-0.5639,0.4440,4.5537,0.4576,1,1,0.0020,0.0000,-0.0455,0.0000,-0.0144,0.0000,-0.0129,0.0000,0.5550,1309354.3750
59.5000,-0.5766,-0.1875,4.5927,0.4576,1,1,0.0019,0.0000,-0.0452,0.0000,-0.0143,0.0000,-0.0128,0.0000,0.5550,1309354.3750
59.5099,-0.3979,-0.0698,4.5127,0.4576,1,1,0.0019,0.0000,-0.0449,0.0000,-0.0142,0.0000,-0.0127,0.0000,0.5550,1309354.3750
59.5203,-0.4470,0.2093,4.3350,0.4576,1,1,0.0019,0.0000,-0.0447,0.0000,-0.0141,0.0000,-0.0126,0.0000,0.5550,1309354.3750
59.5303,-0.7176,0.1882,4.0969,0.4576,1,1,0.0019,0.0000,-0.0444,0.0000,-0.0140,0.0000,-0.0126,0.0000,0.5550,1309354.3750
59.5400,-0.6570,0.3096,4.1626,0.4576,1,1,0.0019,0.0000,-0.0441,0.0000,-0.0139,0.0000,-0.0125,0.0000,0.5550,1309354.3750
59.5499,-0.4999,0.1537,4.3846,0.4576,1,1,0.0019,0.0000,-0.0439,0.0000,-0.0138,0.0000,-0.0124,0.0000,0.5550,1309354.3750
59.5599,-0.6742,0.2646,4.3841,0.4576,1,1,0.0019,0.0000,-0.0436,0.0000,-0.0138,0.0000,-0.0123,0.0000,0.5550,1309354.3750
59.5703,-0.5662,0.6507,4.5224,0.4576,1,1,0.0019,0.0000,-0.0433,0.0000,-0.0137,0.0000,-0.0122,0.0000,0.5550,1309354.3750
59.5803,-0.4106,0.0699,4.6284,0.4576,1,1,0.0018,0.0000,-0.0431,0.0000,-0.0136,0.0000,-0.0122,0.0000,0.5550,1309354.3750
59.5900,-0.4908,0.0342,4.5301,0.4576,1,1,0.0018,0.0000,-0.0428,0.0000,-0.0135,0.0000,-0.0121,0.0000,0.5550,1309354.3750
59.6000,-0.5408,0.2640,4.3660,0.4576,1,1,0.0018,0.0000,-0.0425,0.0000,-0.0134,0.0000,-0.0120,0.0000,0.5550,1309354.3750
59.6100,-0.5030,-0.0801,4.1280,0.4576,1,1,0.0018,0.0000,-0.0423,0.0000,-0.0133,0.0000,-0.0120,0.0000,0.5550,1309354.3750
59.6203,-0.4654,0.0425,3.8642,0.4576,1,1,0.0018,0.0000,-0.0420,0.0000,-0.0132,0.0000,-0.0119,0.0000,0.5550,1309354.3750
59.6302,-0.4020,0.0711,3.9566,0.4576,1,1,0.0018,0.0000,-0.0418,0.0000,-0.0132,0.0000,-0.0118,0.0000,0.5550,1309354.3750
59.6399,-0.8339,0.0857,4.0574,0.4576,1,1,0.0018,0.0000,-0.0415,0.0000,-0.0131,0.0000,-0.0117,0.0000,0.5550,1309354.3750
59.6499,-1.0573,0.6332,4.3187,0.4576,1,1,0.0018,0.0000,-0.0413,0.0000,-0.0130,0.0000,-0.0117,0.0000,0.5550,1309354.3750
59.6599,-0.6285,0.3422,4.6984,0.4576,1,1,0.0017,0.0000,-0.0410,0.0000,-0.0129,0.0000,-0.0116,0.0000,0.5550,1309354.3750
59.6703,-0.4956,0.1246,4.6189,0.4576,1,1,0.0017,0.0000,-0.0407,0.0000,-0.0128,0.0000,-0.0115,0.0000,0.5550,1309354.3750
59.6804,-0.5546,0.4704,4.3387,0.4576,1,1,0.0017,0.0000,-0.0405,0.0000,-0.0128,0.0000,-0.0115,0.0000,0.5550,1309354.3750
59.6900,-0.3848,0.2620,4.1311,0.4576,1,1,0.0017,0.0000,-0.0402,0.0000,-0.0127,0.0000,-0.0114,0.0000,0.5550,1309354.3750
59.7000,-0.3845,0.0428,4.0371,0.4576,1,1,0.0017,0.0000,-0.0400,0.0000,-0.0126,0.0000,-0.0113,0.0000,0.5550,1309354.3750
59.7099,-0.5665,-0.1944,4.0450,0.4576,1,1,0.0017,0.0000,-0.0398,0.0000,-0.0125,0.0000,-0.0112,0.0000,0.5550,1309354.3750
59.7203,-0.6117,-0.2917,4.3853,0.4576,1,1,0.0017,0.0000,-0.0395,0.0000,-0.0124,0.0000,-0.0112,0.0000,0.5550,1309354.3750
59.7303,-0.8820,0.1836,4.4823,0.4576,1,1,0.0017,0.0000,-0.0393,0.0000,-0.0124,0.0000,-0.0111,0.0000,0.5550,1309354.3750
59.7400,-0.7574,0.1056,4.5464,0.4576,1,1,0.0016,0.0000,-0.0390,0.0000,-0.0123,0.0000,-0.0110,0.0000,0.5550,1309354.3750
59.7499,-0.2300,0.0469,4.5773,0.4576,1,1,0.0016,0.0000,-0.0388,0.0000,-0.0122,0.0000,-0.0110,0.0000,0.5550,1309354.3750
59.7600,-0.2159,0.3511,4.2002,0.4576,1,1,0.0016,0.0000,-0.0385,0.0000,-0.0121,0.0000,-0.0109,0.0000,0.5550,1309354.3750
59.7702,-0.4756,0.5114,4.0304,0.4576,1,1,0.0016,0.0000,-0.0383,0.0000,-0.0121,0.0000,-0.0108,0.0000,0.5550,1309354.3750
59.7802,-0.6210,0.6248,4.1387,0.4576,1,1,0.0016,0.0000,-0.0381,0.0000,-0.0120,0.0000,-0.0108,0.0000,0.5550,1309354.3750
59.7900,-0.5794,0.1635,4.3530,0.4576,1,1,0.0016,0.0000,-0.0378,0.0000,-0.0119,0.0000,-0.0107,0.0000,0.5550,1309354.3750
59.8001,-0.3992,-0.2906,4.6135,0.4576,1,1,0.0016,0.0000,-0.0376,0.0000,-0.0118,0.0000,-0.0106,0.0000,0.5550,1309354.3750
59.8100,-0.3749,-0.0335,4.4590,0.4576,1,1,0.0016,0.0000,-0.0374,0.0000,-0.0118,0.0000,-0.0106,0.0000,0.5550,1309354.3750
59.8204,-0.4730,-0.0079,4.2664,0.4576,1,1,0.0016,0.0000,-0.0371,0.0000,-0.0117,0.0000,-0.0105,0.0000,0.5550,1309354.3750
59.8302,-0.3914,0.1540,4.0955,0.4576,1,1,0.0015,0.0000,-0.0369,0.0000,-0.0116,0.0000,-0.0104,0.0000,0.5550,1309354.3750
59.8400,-0.1824,0.1003,4.1228,0.4576,1,1,0.0015,0.0000,-0.0367,0.0000,-0.0115,0.0000,-0.0104,0.0000,0.5550,1309354.3750
59.8499,-0.2617,-0.0240,4.2567,0.4576,1,1,0.0015,0.0000,-0.0365,0.0000,-0.0115,0.0000,-0.0103,0.0000,0.5550,1309354.3750
59.8600,-0.7080,0.5830,4.2563,0.4576,1,1,0.0015,0.0000,-0.0362,0.0000,-0.0114,0.0000,-0.0103,0.0000,0.5550,1309354.3750
59.8703,-0.6752,0.4172,4.3150,0.4576,1,1,0.0015,0.0000,-0.0360,0.0000,-0.0113,0.0000,-0.0102,0.0000,0.5550,1309354.3750
59.8804,-0.3616,-0.0412,4.4289,0.4576,1,1,0.0015,0.0000,-0.0358,0.0000,-0.0113,0.0000,-0.0101,0.0000,0.5550,1309354.3750
59.8900,-0.3843,0.0937,4.1385,0.4576,1,1,0.0015,0.0000,-0.0356,0.0000,-0.0112,0.0000,-0.0101,0.0000,0.5550,1309354.3750
59.9000,-0.2421,0.1120,4.0801,0.4576,1,1,0.0015,0.0000,-0.0353,0.0000,-0.0111,0.0000,-0.0100,0.0000,0.5550,1309354.3750
59.9099,-0.3310,0.1790,4.0158,0.4576,1,1,0.0015,0.0000,-0.0351,0.0000,-0.0111,0.0000,-0.0099,0.0000,0.5550,1309354.3750
59.9203,-0.4949,0.0017,3.9650,0.4576,1,1,0.0015,0.0000,-0.0349,0.0000,-0.0110,0.0000,-0.0099,0.0000,0.5550,1309354.3750
59.9302,-0.3037,-0.3254,4.2683,0.4576,1,1,0.0014,0.0000,-0.0347,0.0000,-0.0109,0.0000,-0.0098,0.0000,0.5550,1309354.3750
59.9401,-0.6185,0.0606,4.2513,0.4576,1,1,0.0014,0.0000,-0.0345,0.0000,-0.0108,0.0000,-0.0098,0.0000,0.5550,1309354.3750
59.9499,-0.8334,0.3384,4.2292,0.4576,1,1,0.0014,0.0000,-0.0343,0.0000,-0.0108,0.0000,-0.0097,0.0000,0.5550,1309354.3750
59.9600,-0.3578,0.1946,4.4573,0.4576,1,1,0.0014,0.0000,-0.0340,0.0000,-0.0107,0.0000,-0.0096,0.0000,0.5550,1309354.3750
59.9702,-0.2917,0.3002,4.3035,0.4576,1,1,0.0014,0.0000,-0.0338,0.0000,-0.0106,0.0000,-0.0096,0.0000,0.5550,1309354.3750
59.9803,-0.3833,0.3075,4.2917,0.4576,1,1,0.0014,0.0000,-0.0336,0.0000,-0.0106,0.0000,-0.0095,0.0000,0.5550,1309354.3750
59.9900,-0.3590,0.4686,4.3041,0.4576,1,1,0.0014,0.0000,-0.0334,0.0000,-0.0105,0.0000,-0.0095,0.0000,0.5550,1309354.3750
60.0000,-0.2595,0.3557,4.3569,0.4576,1,1,0.0014,0.0000,-0.0332,0.0000,-0.0104,0.0000,-0.0094,0.0000,0.5550,1309354.3750
60.0099,-0.1090,-0.2622,4.3635,0.4576,1,1,0.0014,0.0000,-0.0330,0.0000,-0.0104,0.0000,-0.0093,0.0000,0.5550,1309354.3750
60.0203,-0.2356,-0.1023,4.3587,0.4576,1,1,0.0014,0.0000,-0.0328,0.0000,-0.0103,0.0000,-0.0093,0.0000,0.5550,1309354.3750
60.0303,-0.4375,0.0296,4.3467,0.4576,1,1,0.0013,0.0000,-0.0326,0.0000,-0.0103,0.0000,-0.0092,0.0000,0.5550,1309354.3750
60.0400,-0.2737,-0.4756,4.5375,0.4576,1,1,0.0013,0.0000,-0.0324,0.0000,-0.0102,0.0000,-0.0092,0.0000,0.5550,1309354.3750
60.0500,-0.1196,-0.1461,4.5702,0.4576,1,1,0.0013,0.0000,-0.0322,0.0000,-0.0101,0.0000,-0.0091,0.0000,0.5550,1309354.3750
60.0600,-0.4323,0.1514,4.4409,0.4576,1,1,0.0013,0.0000,-0.0320,0.0000,-0.0101,0.0000,-0.0091,0.0000,0.5550,1309354.3750
60.0702,-0.5524,0.2765,4.4082,0.4576,1,1,0.0013,0.0000,-0.0318,0.0000,-0.0100,0.0000,-0.0090,0.0000,0.5550,1309354.3750
60.0804,-0.2726,0.5124,4.4937,0.4576,1,1,0.0013,0.0000,-0.0316,0.0000,-0.0099,0.0000,-0.0090,0.0000,0.5550,1309354.3750
60.0900,-0.2068,0.1181,4.4889,0.4576,1,1,0.0013,0.0000,-0.0314,0.0000,-0.0099,0.0000,-0.0089,0.0000,0.5550,1309354.3750
60.1000,-0.3528,0.2446,4.4367,0.4576,1,1,0.0013,0.0000,-0.0312,0.0000,-0.0098,0.0000,-0.0088,0.0000,0.5550,1309354.3750
60.1099,-0.3489,0.5637,4.5284,0.4576,1,1,0.0013,0.0000,-0.0310,0.0000,-0.0098,0.0000,-0.0088,0.0000,0.5550,1309354.3750
60.1203,-0.2443,-0.1666,4.6240,0.4576,1,1,0.0013,0.0000,-0.0308,0.0000,-0.0097,0.0000,-0.0087,0.0000,0.5550,1309354.3750
60.1303,-0.1707,-0.2684,4.7010,0.4576,1,1,0.0013,0.0000,-0.0306,0.0000,-0.0096,0.0000,-0.0087,0.0000,0.5550,1309354.3750
60.1400,-0.2291,-0.0167,4.6467,0.4576,1,1,0.0013,0.0000,-0.0304,0.0000,-0.0096,0.0000,-0.0086,0.0000,0.5550,1309354.3750
60.1499,-0.2568,-0.0007,4.5903,0.4576,1,1,0.0012,0.0000,-0.0302,0.0000,-0.0095,0.0000,-0.0086,0.0000,0.5550,1309354.3750
60.1600,-0.2431,0.1331,4.5370,0.4576,1,1,0.0012,0.0000,-0.0300,0.0000,-0.0095,0.0000,-0.0085,0.0000,0.5550,1309354.3750
60.1703,-0.0650,-0.1078,4.6214,0.4576,1,1,0.0012,0.0000,-0.0298,0.0000,-0.0094,0.0000,-0.0085,0.0000,0.5550,1309354.3750
60.1802,-0.3586,-0.1658,4.5732,0.4576,1,1,0.0012,0.0000,-0.0297,0.0000,-0.0093,0.0000,-0.0084,0.0000,0.5500,1309480.7500
60.1899,-0.5365,0.3354,4.5350,0.4576,1,1,0.0012,0.0000,-0.0295,0.0000,-0.0093,0.0000,-0.0084,0.0000,0.5500,1309480.7500
60.2001,-0.1018,0.1483,4.6918,0.4576,1,1,0.0012,0.0000,-0.0293,0.0000,-0.0092,0.0000,-0.0083,0.0000,0.5500,1309480.7500
60.2100,-0.1069,0.3113,4.6449,0.4576,1,1,0.0012,0.0000,-0.0291,0.0000,-0.0092,0.0000,-0.0083,0.0000,0.5500,1309480.7500
60.2203,-0.2918,0.7200,4.4449,0.4576,1,1,0.0012,0.0000,-0.0289,0.0000,-0.0091,0.0000,-0.0082,0.0000,0.5500,1309480.7500
60.2303,-0.2213,0.1873,4.5393,0.4576,1,1,0.0012,0.0000,-0.0287,0.0000,-0.0090,0.0000,-0.0082,0.0000,0.5500,1309480.7500
60.2400,-0.1942,-0.1019,4.4583,0.4576,1,1,0.0012,0.0000,-0.0286,0.0000,-0.0090,0.0000,-0.0081,0.0000,0.5500,1309480.7500
60.2499,-0.1685,-0.1656,4.6304,0.4576,1,1,0.0012,0.0000,-0.0284,0.0000,-0.0089,0.0000,-0.0081,0.0000,0.5500,1309480.7500
60.2600,-0.2472,-0.2324,4.7675,0.4576,1,1,0.0012,0.0000,-0.0282,0.0000,-0.0089,0.0000,-0.0080,0.0000,0.5500,1309480.7500
60.2703,-0.6398,0.2170,4.6546,0.4576,1,1,0.0012,0.0000,-0.0280,0.0000,-0.0088,0.0000,-0.0080,0.0000,0.5500,1309480.7500
60.2804,-0.3113,0.1152,4.6651,0.4576,1,1,0.0011,0.0000,-0.0279,0.0000,-0.0088,0.0000,-0.0079,0.0000,0.5500,1309480.7500
60.2900,-0.0836,-0.1343,4.6938,0.4576,1,1,0.0011,0.0000,-0.0277,0.0000,-0.0087,0.0000,-0.0079,0.0000,0.5500,1309480.7500
60.3001,-0.4204,0.4353,4.4072,0.4576,1,1,0.0011,0.0000,-0.0275,0.0000,-0.0087,0.0000,-0.0078,0.0000,0.5500,1309480.7500
60.3100,-0.3158,0.4841,4.5193,0.4576,1,1,0.0011,0.0000,-0.0273,0.0000,-0.0086,0.0000,-0.0078,0.0000,0.5500,1309480.7500
60.3202,-0.1793,0.1092,4.6322,0.4576,1,1,0.0011,0.0000,-0.0272,0.0000,-0.0086,0.0000,-0.0077,0.0000,0.5500,1309480.7500
60.3303,-0.4088,0.3073,4.6593,0.4576,1,1,0.0011,0.0000,-0.0270,0.0000,-0.0085,0.0000,-0.0077,0.0000,0.5500,1309480.7500
60.3400,-0.2776,0.2902,4.7443,0.4576,1,1,0.0011,0.0000,-0.0268,0.0000,-0.0084,0.0000,-0.0076,0.0000,0.5500,1309480.7500
60.3500,-0.3269,0.2610,4.6851,0.4576,1,1,0.0011,0.0000,-0.0266,0.0000,-0.0084,0.0000,-0.0076,0.0000,0.5500,1309480.7500
60.3600,-0.3715,0.0972,4.4156,0.4576,1,1,0.0011,0.0000,-0.0265,0.0000,-0.0083,0.0000,-0.0075,0.0000,0.5500,1309480.7500
60.3702,-0.2071,-0.1071,4.4464,0.4576,1,1,0.0011,0.0000,-0.0263,0.0000,-0.0083,0.0000,-0.0075,0.0000,0.5500,1309480.7500
60.3802,-0.3197,0.2771,4.4121,0.4576,1,1,0.0011,0.0000,-0.0261,0.0000,-0.0082,0.0000,-0.0074,0.0000,0.5500,1309480.7500
60.3900,-0.4121,0.1790,4.4381,0.4576,1,1,0.0011,0.0000,-0.0260,0.0000,-0.0082,0.0000,-0.0074,0.0000,0.5500,1309480.7500
60.4000,-0.1045,-0.1463,4.7435,0.4576,1,1,0.0011,0.0000,-0.0258,0.0000,-0.0081,0.0000,-0.0073,0.0000,0.5500,1309480.7500
60.4098,-0.4148,0.2804,4.6213,0.4576,1,1,0.0011,0.0000,-0.0257,0.0000,-0.0081,0.0000,-0.0073,0.0000,0.5500,1309480.7500
60.4204,-0.5867,0.4500,4.4361,0.4576,1,1,0.0010,0.0000,-0.0255,0.0000,-0.0080,0.0000,-0.0072,0.0000,0.5500,1309480.7500
60.4303,-0.2234,0.4679,4.4765,0.4576,1,1,0.0010,0.0000,-0.0253,0.0000,-0.0080,0.0000,-0.0072,0.0000,0.5500,1309480.7500
60.4399,-0.1224,0.5034,4.3525,0.4576,1,1,0.0010,0.0000,-0.0252,0.0000,-0.0079,0.0000,-0.0071,0.0000,0.5500,1309480.7500
60.4499,-0.0589,0.3253,4.4922,0.4576,1,1,0.0010,0.0000,-0.0250,0.0000,-0.0079,0.0000,-0.0071,0.0000,0.5500,1309480.7500
60.4600,-0.1077,0.4862,4.6889,0.4576,1,1,0.0010,0.0000,-0.0249,0.0000,-0.0078,0.0000,-0.0071,0.0000,0.5500,1309480.7500
60.4703,-0.2471,0.2046,4.7245,0.4576,1,1,0.0010,0.0000,-0.0247,0.0000,-0.0078,0.0000,-0.0070,0.0000,0.5500,1309480.7500
60.4805,-0.1082,-0.1923,4.8089,0.4576,1,1,0.0010,0.0000,-0.0245,0.0000,-0.0077,0.0000,-0.0070,0.0000,0.5500,1309480.7500
60.4900,-0.2441,0.1918,4.6180,0.4576,1,1,0.0010,0.0000,-0.0244,0.0000,-0.0077,0.0000,-0.0069,0.0000,0.5500,1309480.7500
60.5000,-0.4582,0.5609,4.3516,0.4576,1,1,0.0010,0.0000,-0.0242,0.0000,-0.0076,0.0000,-0.0069,0.0000,0.5500,1309480.7500
60.5099,-0.1193,0.4727,4.3873,0.4576,1,1,0.0010,0.0000,-0.0241,0.0000,-0.0076,0.0000,-0.0068,0.0000,0.5500,1309480.7500
60.5203,0.0101,0.6058,4.4717,0.4576,1,1,0.0010,0.0000,-0.0239,0.0000,-0.0075,0.0000,-0.0068,0.0000,0.5500,1309480.7500
60.5303,-0.2892,0.6181,4.5413,0.4576,1,1,0.0010,0.0000,-0.0238,0.0000,-0.0075,0.0000,-0.0068,0.0000,0.5500,1309480.7500
60.5400,-0.1741,0.7526,4.7805,0.4576,1,1,0.0010,0.0000,-0.0236,0.0000,-0.0075,0.0000,-0.0067,0.0000,0.5500,1309480.7500
60.5500,-0.0412,0.5263,4.8819,0.4576,1,1,0.0010,0.0000,-0.0235,0.0000,-0.0074,0.0000,-0.0067,0.0000,0.5500,1309480.7500
60.5600,-0.0345,0.2013,4.7572,0.4576,1,1,0.0010,0.0000,-0.0233,0.0000,-0.0074,0.0000,-0.0066,0.0000,0.5500,1309480.7500
60.5703,-0.0899,0.3981,4.6733,0.4576,1,1,0.0010,0.0000,-0.0232,0.0000,-0.0073,0.0000,-0.0066,0.0000,0.5500,1309480.7500
60.5802,-0.1804,0.4224,4.5203,0.4576,1,1,0.0009,0.0000,-0.0230,0.0000,-0.0073,0.0000,-0.0065,0.0000,0.5500,1309480.7500
60.5899,-0.1448,-0.1183,4.5972,0.4576,1,1,0.0009,0.0000,-0.0229,0.0000,-0.0072,0.0000,-0.0065,0.0000,0.5500,1309480.7500
60.6000,-0.1752,0.1024,4.6816,0.4576,1,1,0.0009,0.0000,-0.0228,0.0000,-0.0072,0.0000,-0.0065,0.0000,0.5500,1309480.7500
60.6099,-0.5179,0.3304,4.5659,0.4576,1,1,0.0009,0.0000,-0.0226,0.0000,-0.0071,0.0000,-0.0064,0.0000,0.5500,1309480.7500
60.6203,-0.4187,0.2877,4.4745,0.4576,1,1,0.0009,0.0000,-0.0225,0.0000,-0.0071,0.0000,-0.0064,0.0000,0.5500,1309480.7500
60.6303,-0.1622,0.5083,4.4198,0.4576,1,1,0.0009,0.0000,-0.0223,0.0000,-0.0070,0.0000,-0.0063,0.0000,0.5500,1309480.7500
60.6400,-0.1457,0.5489,4.2961,0.4576,1,1,0.0009,0.0000,-0.0222,0.0000,-0.0070,0.0000,-0.0063,0.0000,0.5500,1309480.7500
60.6499,-0.1979,0.6466,4.4013,0.4576,1,1,0.0009,0.0000,-0.0221,0.0000,-0.0070,0.0000,-0.0063,0.0000,0.5500,1309480.7500
60.6600,-0.0300,0.6921,4.6426,0.4576,1,1,0.0009,0.0000,-0.0219,0.0000,-0.0069,0.0000,-0.0062,0.0000,0.5500,1309480.7500
60.6702,-0.1548,0.1632,4.7166,0.4576,1,1,0.0009,0.0000,-0.0218,0.0000,-0.0069,0.0000,-0.0062,0.0000,0.5500,1309480.7500
60.6804,-0.2531,0.2148,4.6522,0.4576,1,1,0.0009,0.0000,-0.0216,0.0000,-0.0068,0.0000,-0.0061,0.0000,0.5500,1309480.7500
60.6899,-0.3046,0.4480,4.5179,0.4576,1,1,0.0009,0.0000,-0.0215,0.0000,-0.0068,0.0000,-0.0061,0.0000,0.5500,1309480.7500
60.7000,-0.2037,-0.0383,4.4216,0.4576,1,1,0.0009,0.0000,-0.0214,0.0000,-0.0067,0.0000,-0.0061,0.0000,0.5500,1309480.7500
60.7099,-0.0761,-0.0172,4.4440,0.4576,1,1,0.0009,0.0000,-0.0212,0.0000,-0.0067,0.0000,-0.0060,0.0000,0.5500,1309480.7500
60.7203,-0.1916,0.1683,4.4218,0.4576,1,1,0.0009,0.0000,-0.0211,0.0000,-0.0067,0.0000,-0.0060,0.0000,0.5500,1309480.7500
60.7303,-0.3252,0.2077,4.4799,0.4576,1,1,0.0009,0.0000,-0.0210,0.0000,-0.0066,0.0000,-0.0060,0.0000,0.5500,1309480.7500
60.7400,-0.2088,0.3719,4.5084,0.4576,1,1,0.0009,0.0000,-0.0208,0.0000,-0.0066,0.0000,-0.0059,0.0000,0.5500,1309480.7500
60.7500,-0.2376,0.4293,4.4670,0.4576,1,1,0.0009,0.0000,-0.0207,0.0000,-0.0065,0.0000,-0.0059,0.0000,0.5500,1309480.7500
60.7600,-0.3757,0.5623,4.2799,0.4576,1,1,0.0009,0.0000,-0.0206,0.0000,-0.0065,0.0000,-0.0058,0.0000,0.5500,1309480.7500
60.7703,-0.1065,0.9039,4.4207,0.4576,1,1,0.0008,0.0000,-0.0204,0.0000,-0.0065,0.0000,-0.0058,0.0000,0.5500,1309480.7500
60.7803,0.1217,0.3818,4.5540,0.4576,1,1,0.0008,0.0000,-0.0203,0.0000,-0.0064,0.0000,-0.0058,0.0000,0.5500,1309480.7500
60.7900,-0.0592,0.2643,4.5455,0.4576,1,1,0.0008,0.0000,-0.0202,0.0000,-0.0064,0.0000,-0.0057,0.0000,0.5500,1309480.7500
60.8000,-0.1405,0.6285,4.5620,0.4576,1,1,0.0008,0.0000,-0.0201,0.0000,-0.0063,0.0000,-0.0057,0.0000,0.5500,1309480.7500
60.8099,-0.2623,0.2516,4.4185,0.4576,1,1,0.0008,0.0000,-0.0199,0.0000,-0.0063,0.0000,-0.0057,0.0000,0.5500,1309480.7500
60.8203,-0.2483,-0.0345,4.2452,0.4576,1,1,0.0008,0.0000,-0.0198,0.0000,-0.0063,0.0000,-0.0056,0.0000,0.5500,1309480.7500
60.8303,-0.1775,0.1695,4.2058,0.4576,1,1,0.0008,0.0000,-0.0197,0.0000,-0.0062,0.0000,-0.0056,0.0000,0.5500,1309480.7500
60.8400,-0.2329,0.0683,4.1432,0.4576,1,1,0.0008,0.0000,-0.0196,0.0000,-0.0062,0.0000,-0.0056,0.0000,0.5500,1309480.7500
60.8499,-0.0933,0.2970,4.3474,0.4576,1,1,0.0008,0.0000,-0.0194,0.0000,-0.0061,0.0000,-0.0055,0.0000,0.5500,1309480.7500
60.8600,0.1246,0.1427,4.4717,0.4576,1,1,0.0008,0.0000,-0.0193,0.0000,-0.0061,0.0000,-0.0055,0.0000,0.5500,1309480.7500
60.8702,-0.0328,0.1124,4.4532,0.4576,1,1,0.0008,0.0000,-0.0192,0.0000,-0.0061,0.0000,-0.0055,0.0000,0.5500,1309480.7500
60.8804,-0.3228,0.6360,4.1706,0.4576,1,1,0.0008,0.0000,-0.0191,0.0000,-0.0060,0.0000,-0.0054,0.0000,0.5500,1309480.7500
60.8899,-0.1780,0.5074,4.0612,0.4576,1,1,0.0008,0.0000,-0.0190,0.0000,-0.0060,0.0000,-0.0054,0.0000,0.5500,1309480.7500
60.9000,-0.0661,0.2519,4.0902,0.4576,1,1,0.0008,0.0000,-0.0188,0.0000,-0.0059,0.0000,-0.0054,0.0000,0.5500,1309480.7500
60.9100,-0.3423,0.6486,4.0555,0.4576,1,1,0.0008,0.0000,-0.0187,0.0000,-0.0059,0.0000,-0.0053,0.0000,0.5500,1309480.7500
60.9202,-0.0933,0.3898,4.3533,0.4576,1,1,0.0008,0.0000,-0.0186,0.0000,-0.0059,0.0000,-0.0053,0.0000,0.5500,1309480.7500
60.9302,0.0301,0.0065,4.3804,0.4576,1,1,0.0008,0.0000,-0.0185,0.0000,-0.0058,0.0000,-0.0053,0.0000,0.5500,1309480.7500
60.9400,-0.1039,0.1613,4.1802,0.4576,1,1,0.0008,0.0000,-0.0184,0.0000,-0.0058,0.0000,-0.0052,0.0000,0.5500,1309480.7500
60.9499,-0.1304,0.0967,4.1269,0.4576,1,1,0.0008,0.0000,-0.0183,0.0000,-0.0058,0.0000,-0.0052,0.0000,0.5500,1309480.7500
60.9600,-0.3377,0.4602,4.0140,0.4576,1,1,0.0008,0.0000,-0.0181,0.0000,-0.0057,0.0000,-0.0052,0.0000,0.5500,1309480.7500
60.9703,-0.3260,0.3205,4.0364,0.4576,1,1,0.0008,0.0000,-0.0180,0.0000,-0.0057,0.0000,-0.0051,0.0000,0.5500,1309480.7500
60.9802,0.0015,-0.0340,4.3930,0.4576,1,1,0.0007,0.0000,-0.0179,0.0000,-0.0057,0.0000,-0.0051,0.0000,0.5500,1309480.7500
60.9900,-0.3360,0.3716,4.2649,0.4576,1,1,0.0007,0.0000,-0.0178,0.0000,-0.0056,0.0000,-0.0051,0.0000,0.5500,1309480.7500
61.0000,-0.2739,0.4665,4.2348,0.4576,1,1,0.0007,0.0000,-0.0177,0.0000,-0.0056,0.0000,-0.0050,0.0000,0.5500,1309480.7500
61.0099,0.0570,0.2264,4.2241,0.4576,1,1,0.0007,0.0000,-0.0176,0.0000,-0.0056,0.0000,-0.0050,0.0000,0.5500,1309480.7500
61.0204,-0.1152,0.5393,4.0485,0.4576,1,1,0.0007,0.0000,-0.0175,0.0000,-0.0055,0.0000,-0.0050,0.0000,0.5500,1309480.7500
61.0302,-0.2911,0.4482,4.0325,0.4576,1,1,0.0007,0.0000,-0.0174,0.0000,-0.0055,0.0000,-0.0049,0.0000,0.5500,1309480.7500
61.0400,-0.2712,0.5952,4.1419,0.4576,1,1,0.0007,0.0000,-0.0173,0.0000,-0.0055,0.0000,-0.0049,0.0000,0.5500,1309480.7500
61.0499,-0.2172,0.3725,4.0988,0.4576,1,1,0.0007,0.0000,-0.0172,0.0000,-0.0054,0.0000,-0.0049,0.0000,0.5500,1309480.7500
61.0600,-0.1214,-0.0131,4.1408,0.4576,1,1,0.0007,0.0000,-0.0170,0.0000,-0.0054,0.0000,-0.0048,0.0000,0.5500,1309480.7500
61.0702,-0.2519,0.2210,4.0284,0.4576,1,1,0.0007,0.0000,-0.0169,0.0000,-0.0053,0.0000,-0.0048,0.0000,0.5500,1309480.7500
61.0804,-0.4101,0.3652,4.0438,0.4576,1,1,0.0007,0.0000,-0.0168,0.0000,-0.0053,0.0000,-0.0048,0.0000,0.5500,1309480.7500
61.0899,-0.3697,-0.0140,4.1394,0.4576,1,1,0.0007,0.0000,-0.0167,0.0000,-0.0053,0.0000,-0.0047,0.0000,0.5500,1309480.7500
61.1000,-0.3023,-0.0000,4.1416,0.4576,1,1,0.0007,0.0000,-0.0166,0.0000,-0.0052,0.0000,-0.0047,0.0000,0.5500,1309480.7500
61.1099,-0.1976,-0.0298,4.2827,0.4576,1,1,0.0007,0.0000,-0.0165,0.0000,-0.0052,0.0000,-0.0047,0.0000,0.5500,1309480.7500
61.1202,-0.5673,0.4191,4.2223,0.4576,1,1,0.0007,0.0000,-0.0164,0.0000,-0.0052,0.0000,-0.0047,0.0000,0.5500,1309480.7500
61.1302,-0.5818,0.5791,4.1371,0.4576,1,1,0.0007,0.0000,-0.0163,0.0000,-0.0052,0.0000,-0.0046,0.0000,0.5500,1309480.7500
61.1400,-0.1707,0.2005,4.3418,0.4576,1,1,0.0007,0.0000,-0.0162,0.0000,-0.0051,0.0000,-0.0046,0.0000,0.5450,1309719.7500
61.1499,-0.2489,0.3371,4.2788,0.4576,1,1,0.0007,0.0000,-0.0161,0.0000,-0.0051,0.0000,-0.0046,0.0000,0.5450,1309719.7500
61.1600,-0.3194,0.5580,4.3307,0.4576,1,1,0.0007,0.0000,-0.0160,0.0000,-0.0051,0.0000,-0.0045,0.0000,0.5450,1309719.7500
61.1702,-0.0078,0.4206,4.6140,0.4576,1,1,0.0007,0.0000,-0.0159,0.0000,-0.0050,0.0000,-0.0045,0.0000,0.5450,1309719.7500
61.1803,-0.0654,0.4016,4.5946,0.4576,1,1,0.0007,0.0000,-0.0158,0.0000,-0.0050,0.0000,-0.0045,0.0000,0.5450,1309719.7500
61.1900,-0.1769,0.1227,4.5775,0.4576,1,1,0.0007,0.0000,-0.0157,0.0000,-0.0050,0.0000,-0.0045,0.0000,0.5450,1309719.7500
61.2001,-0.1716,0.2088,4.6300,0.4576,1,1,0.0007,0.0000,-0.0156,0.0000,-0.0049,0.0000,-0.0044,0.0000,0.5450,1309719.7500
61.2099,-0.3755,0.2753,4.5745,0.4576,1,1,0.0007,0.0000,-0.0155,0.0000,-0.0049,0.0000,-0.0044,0.0000,0.5450,1309719.7500
61.2203,-0.1908,-0.2217,4.7732,0.4576,1,1,0.0006,0.0000,-0.0154,0.0000,-0.0049,0.0000,-0.0044,0.0000,0.5450,1309719.7500
61.2302,-0.0804,0.0175,4.8044,0.4576,1,1,0.0006,0.0000,-0.0153,0.0000,-0.0048,0.0000,-0.0044,0.0000,0.5450,1309719.7500
61.2400,-0.2074,0.3670,4.7086,0.4576,1,1,0.0006,0.0000,-0.0152,0.0000,-0.0048,0.0000,-0.0043,0.0000,0.5450,1309719.7500
61.2499,-0.1972,0.3444,4.7636,0.4576,1,1,0.0006,0.0000,-0.0151,0.0000,-0.0048,0.0000,-0.0043,0.0000,0.5450,1309719.7500
61.2600,-0.1205,0.4102,4.8175,0.4576,1,1,0.0006,0.0000,-0.0150,0.0000,-0.0048,0.0000,-0.0043,0.0000,0.5450,1309719.7500
61.2702,-0.2095,0.2259,4.9409,0.4576,1,1,0.0006,0.0000,-0.0150,0.0000,-0.0047,0.0000,-0.0042,0.0000,0.5450,1309719.7500
61.2804,-0.4138,0.5097,4.9864,0.4576,1,1,0.0006,0.0000,-0.0149,0.0000,-0.0047,0.0000,-0.0042,0.0000,0.5450,1309719.7500
61.2900,-0.3240,0.7169,5.0148,0.4576,1,1,0.0006,0.0000,-0.0148,0.0000,-0.0047,0.0000,-0.0042,0.0000,0.5450,1309719.7500
61.3000,0.0674,0.1929,5.0730,0.4576,1,1,0.0006,0.0000,-0.0147,0.0000,-0.0046,0.0000,-0.0042,0.0000,0.5450,1309719.7500
61.3099,-0.1217,0.0985,4.8923,0.4576,1,1,0.0006,0.0000,-0.0146,0.0000,-0.0046,0.0000,-0.0041,0.0000,0.5450,1309719.7500
61.3203,-0.1707,0.0063,4.8390,0.4576,1,1,0.0006,0.0000,-0.0145,0.0000,-0.0046,0.0000,-0.0041,0.0000,0.5450,1309719.7500
61.3302,-0.3359,-0.0033,4.9376,0.4576,1,1,0.0006,0.0000,-0.0144,0.0000,-0.0045,0.0000,-0.0041,0.0000,0.5450,1309719.7500
61.3400,-0.4620,0.2118,4.9189,0.4576,1,1,0.0006,0.0000,-0.0143,0.0000,-0.0045,0.0000,-0.0041,0.0000,0.5450,1309719.7500
61.3500,-0.0192,-0.0464,5.2616,0.4576,1,1,0.0006,0.0000,-0.0142,0.0000,-0.0045,0.0000,-0.0040,0.0000,0.5450,1309719.7500
61.3599,-0.1118,0.2154,5.0398,0.4576,1,1,0.0006,0.0000,-0.0141,0.0000,-0.0045,0.0000,-0.0040,0.0000,0.5450,1309719.7500
61.3702,-0.3967,0.7663,4.7903,0.4576,1,1,0.0006,0.0000,-0.0141,0.0000,-0.0044,0.0000,-0.0040,0.0000,0.5450,1309719.7500
61.3803,-0.1666,0.5898,4.8051,0.4576,1,1,0.0006,0.0000,-0.0140,0.0000,-0.0044,0.0000,-0.0040,0.0000,0.5450,1309719.7500
61.3900,-0.2352,0.4776,4.7186,0.4576,1,1,0.0006,0.0000,-0.0139,0.0000,-0.0044,0.0000,-0.0039,0.0000,0.5450,1309719.7500
61.4000,-0.4394,0.1978,4.7322,0.4576,1,1,0.0006,0.0000,-0.0138,0.0000,-0.0044,0.0000,-0.0039,0.0000,0.5450,1309719.7500
61.4099,-0.3692,0.2583,4.9805,0.4576,1,1,0.0006,0.0000,-0.0137,0.0000,-0.0043,0.0000,-0.0039,0.0000,0.5450,1309719.7500
61.4203,-0.2862,0.5043,4.9350,0.4576,1,1,0.0006,0.0000,-0.0136,0.0000,-0.0043,0.0000,-0.0039,0.0000,0.5450,1309719.7500
61.4302,-0.0611,0.0875,4.9726,0.4576,1,1,0.0006,0.0000,-0.0135,0.0000,-0.0043,0.0000,-0.0038,0.0000,0.5450,1309719.7500
61.4400,-0.0349,0.0954,4.8523,0.4576,1,1,0.0006,0.0000,-0.0135,0.0000,-0.0042,0.0000,-0.0038,0.0000,0.5450,1309719.7500
61.4499,-0.2953,0.3046,4.6164,0.4576,1,1,0.0006,0.0000,-0.0134,0.0000,-0.0042,0.0000,-0.0038,0.0000,0.5450,1309719.7500
61.4600,-0.5285,0.3225,4.7580,0.4576,1,1,0.0006,0.0000,-0.0133,0.0000,-0.0042,0.0000,-0.0038,0.0000,0.5450,1309719.7500
61.4702,-0.5781,0.4675,4.8184,0.4576,1,1,0.0006,0.0000,-0.0132,0.0000,-0.0042,0.0000,-0.0037,0.0000,0.5450,1309719.7500
61.4803,-0.2825,0.1750,5.1166,0.4576,1,1,0.0006,0.0000,-0.0131,0.0000,-0.0041,0.0000,-0.0037,0.0000,0.5450,1309719.7500
61.4900,-0.3460,0.2787,5.0742,0.4576,1,1,0.0005,0.0000,-0.0130,0.0000,-0.0041,0.0000,-0.0037,0.0000,0.5450,1309719.7500
61.5000,-0.4706,0.8015,4.7657,0.4576,1,1,0.0005,0.0000,-0.0130,0.0000,-0.0041,0.0000,-0.0037,0.0000,0.5450,1309719.7500
61.5099,-0.0583,0.3859,4.9116,0.4576,1,1,0.0005,0.0000,-0.0129,0.0000,-0.0041,0.0000,-0.0037,0.0000,0.5450,1309719.7500
61.5202,-0.1103,0.2266,4.8041,0.4576,1,1,0.0005,0.0000,-0.0128,0.0000,-0.0040,0.0000,-0.0036,0.0000,0.5450,1309719.7500
61.5303,-0.3500,0.3091,4.7631,0.4576,1,1,0.0005,0.0000,-0.0127,0.0000,-0.0040,0.0000,-0.0036,0.0000,0.5450,1309719.7500
61.5400,-0.3410,0.0711,4.9418,0.4576,1,1,0.0005,0.0000,-0.0126,0.0000,-0.0040,0.0000,-0.0036,0.0000,0.5450,1309719.7500
61.5499,-0.5815,0.1489,4.7465,0.4576,1,1,0.0005,0.0000,-0.0126,0.0000,-0.0040,0.0000,-0.0036,0.0000,0.5450,1309719.7500
61.5600,-0.2979,-0.1471,4.7459,0.4576,1,1,0.0005,0.0000,-0.0125,0.0000,-0.0039,0.0000,-0.0035,0.0000,0.5450,1309719.7500
61.5702,-0.1240,-0.2136,4.8287,0.4576,1,1,0.0005,0.0000,-0.0124,0.0000,-0.0039,0.0000,-0.0035,0.0000,0.5450,1309719.7500
61.5803,-0.5159,0.4815,4.5888,0.4576,1,1,0.0005,0.0000,-0.0123,0.0000,-0.0039,0.0000,-0.0035,0.0000,0.5450,1309719.7500
61.5899,-0.5315,0.4861,4.8059,0.4576,1,1,0.0005,0.0000,-0.0123,0.0000,-0.0039,0.0000,-0.0035,0.0000,0.5450,1309719.7500
61.6000,-0.3830,0.4283,4.8908,0.4576,1,1,0.0005,0.0000,-0.0122,0.0000,-0.0038,0.0000,-0.0035,0.0000,0.5450,1309719.7500
61.6099,-0.4387,0.5207,4.8257,0.4576,1,1,0.0005,0.0000,-0.0121,0.0000,-0.0038,0.0000,-0.0034,0.0000,0.5450,1309719.7500
61.6204,-0.3365,0.1498,4.7520,0.4576,1,1,0.0005,0.0000,-0.0120,0.0000,-0.0038,0.0000,-0.0034,0.0000,0.5450,1309719.7500
61.6303,-0.2450,0.3412,4.6287,0.4576,1,1,0.0005,0.0000,-0.0120,0.0000,-0.0038,0.0000,-0.0034,0.0000,0.5450,1309719.7500
61.6400,-0.2524,-0.0300,4.5856,0.4576,1,1,0.0005,0.0000,-0.0119,0.0000,-0.0037,0.0000,-0.0034,0.0000,0.5450,1309719.7500
61.6500,-0.2898,-0.4091,4.6338,0.4576,1,1,0.0005,0.0000,-0.0118,0.0000,-0.0037,0.0000,-0.0033,0.0000,0.5450,1309719.7500
61.6600,-0.5202,0.0738,4.5978,0.4576,1,1,0.0005,0.0000,-0.0117,0.0000,-0.0037,0.0000,-0.0033,0.0000,0.5450,1309719.7500
61.6703,-0.7322,0.3818,4.5776,0.4576,1,1,0.0005,0.0000,-0.0117,0.0000,-0.0037,0.0000,-0.0033,0.0000,0.5450,1309719.7500
61.6804,-0.4755,0.2841,4.5973,0.4576,1,1,0.0005,0.0000,-0.0116,0.0000,-0.0037,0.0000,-0.0033,0.0000,0.5450,1309719.7500
61.6900,-0.1481,0.2607,4.6056,0.4576,1,1,0.0005,0.0000,-0.0115,0.0000,-0.0036,0.0000,-0.0033,0.0000,0.5450,1309719.7500
61.7000,-0.2223,0.0439,4.6426,0.4576,1,1,0.0005,0.0000,-0.0114,0.0000,-0.0036,0.0000,-0.0032,0.0000,0.5450,1309719.7500
61.7098,-0.4827,0.4965,4.5651,0.4576,1,1,0.0005,0.0000,-0.0114,0.0000,-0.0036,0.0000,-0.0032,0.0000,0.5450,1309719.7500
61.7201,-0.3279,0.5750,4.7041,0.4576,1,1,0.0005,0.0000,-0.0113,0.0000,-0.0036,0.0000,-0.0032,0.0000,0.5450,1309719.7500
61.7303,-0.2087,0.0205,4.7335,0.4576,1,1,0.0005,0.0000,-0.0112,0.0000,-0.0035,0.0000,-0.0032,0.0000,0.5450,1309719.7500
61.7400,-0.4433,0.2119,4.5638,0.4576,1,1,0.0005,0.0000,-0.0112,0.0000,-0.0035,0.0000,-0.0032,0.0000,0.5450,1309719.7500
61.7500,-0.3553,0.2986,4.4614,0.4576,1,1,0.0005,0.0000,-0.0111,0.0000,-0.0035,0.0000,-0.0031,0.0000,0.5450,1309719.7500
61.7600,-0.2659,-0.1928,4.4946,0.4576,1,1,0.0005,0.0000,-0.0110,0.0000,-0.0035,0.0000,-0.0031,0.0000,0.5450,1309719.7500
61.7702,-0.4106,0.0636,4.4274,0.4576,1,1,0.0005,0.0000,-0.0110,0.0000,-0.0035,0.0000,-0.0031,0.0000,0.5450,1309719.7500
61.7802,-0.4090,0.0689,4.5756,0.4576,1,1,0.0005,0.0000,-0.0109,0.0000,-0.0034,0.0000,-0.0031,0.0000,0.5450,1309719.7500
61.7900,-0.5865,0.0253,4.4860,0.4576,1,1,0.0005,0.0000,-0.0108,0.0000,-0.0034,0.0000,-0.0031,0.0000,0.5450,1309719.7500
61.8000,-0.5179,0.3112,4.4974,0.4576,1,1,0.0005,0.0000,-0.0108,0.0000,-0.0034,0.0000,-0.0030,0.0000,0.5450,1309719.7500
61.8100,-0.2519,0.0088,4.6656,0.4576,1,1,0.0004,0.0000,-0.0107,0.0000,-0.0034,0.0000,-0.0030,0.0000,0.5450,1309719.7500
61.8203,-0.5134,0.2506,4.5455,0.4576,1,1,0.0004,0.0000,-0.0106,0.0000,-0.0034,0.0000,-0.0030,0.0000,0.5450,1309719.7500
61.8303,-0.5548,0.7200,4.4780,0.4576,1,1,0.0004,0.0000,-0.0106,0.0000,-0.0033,0.0000,-0.0030,0.0000,0.5450,1309719.7500
61.8400,-0.1840,0.2606,4.6938,0.4576,1,1,0.0004,0.0000,-0.0105,0.0000,-0.0033,0.0000,-0.0030,0.0000,0.5450,1309719.7500
61.8499,-0.3671,0.2104,4.4617,0.4576,1,1,0.0004,0.0000,-0.0104,0.0000,-0.0033,0.0000,-0.0030,0.0000,0.5450,1309719.7500
61.8600,-0.4938,0.3765,4.4356,0.4576,1,1,0.0004,0.0000,-0.0104,0.0000,-0.0033,0.0000,-0.0029,0.0000,0.5450,1309719.7500
61.8702,-0.4927,0.2191,4.4450,0.4576,1,1,0.0004,0.0000,-0.0103,0.0000,-0.0032,0.0000,-0.0029,0.0000,0.5450,1309719.7500
61.8804,-0.5308,0.1812,4.3918,0.4576,1,1,0.0004,0.0000,-0.0102,0.0000,-0.0032,0.0000,-0.0029,0.0000,0.5450,1309719.7500
61.8899,-0.3995,-0.2560,4.5133,0.4576,1,1,0.0004,0.0000,-0.0102,0.0000,-0.0032,0.0000,-0.0029,0.0000,0.5450,1309719.7500
61.9000,-0.4332,-0.2045,4.6393,0.4576,1,1,0.0004,0.0000,-0.0101,0.0000,-0.0032,0.0000,-0.0029,0.0000,0.5450,1309719.7500
61.9099,-0.7359,0.4046,4.4561,0.4576,1,1,0.0004,0.0000,-0.0100,0.0000,-0.0032,0.0000,-0.0028,0.0000,0.5450,1309719.7500
61.9203,-0.4588,0.0887,4.5741,0.4576,1,1,0.0004,0.0000,-0.0100,0.0000,-0.0031,0.0000,-0.0028,0.0000,0.5450,1309719.7500
61.9303,-0.2115,0.2315,4.5996,0.4576,1,1,0.0004,0.0000,-0.0099,0.0000,-0.0031,0.0000,-0.0028,0.0000,0.5450,1309719.7500
61.9401,-0.4159,0.6879,4.4464,0.4576,1,1,0.0004,0.0000,-0.0099,0.0000,-0.0031,0.0000,-0.0028,0.0000,0.5450,1309719.7500
61.9499,-0.3795,0.5713,4.4737,0.4576,1,1,0.0004,0.0000,-0.0098,0.0000,-0.0031,0.0000,-0.0028,0.0000,0.5450,1309719.7500
61.9599,-0.2243,0.5529,4.5271,0.4576,1,1,0.0004,0.0000,-0.0097,0.0000,-0.0031,0.0000,-0.0028,0.0000,0.5450,1309719.7500
61.9703,-0.2216,0.1398,4.5451,0.4576,1,1,0.0004,0.0000,-0.0097,0.0000,-0.0031,0.0000,-0.0027,0.0000,0.5450,1309719.7500
61.9803,-0.3427,-0.0795,4.5547,0.4576,1,1,0.0004,0.0000,-0.0096,0.0000,-0.0030,0.0000,-0.0027,0.0000,0.5450,1309719.7500
61.9899,-0.6088,0.4237,4.3698,0.4576,1,1,0.0004,0.0000,-0.0096,0.0000,-0.0030,0.0000,-0.0027,0.0000,0.5450,1309719.7500
62.0000,-0.6116,0.2243,4.4090,0.4576,1,1,0.0004,0.0000,-0.0095,0.0000,-0.0030,0.0000,-0.0027,0.0000,0.5450,1309719.7500
62.0100,-0.4479,0.0986,4.4668,0.4576,1,1,0.0004,0.0000,-0.0094,0.0000,-0.0030,0.0000,-0.0027,0.0000,0.5450,1309719.7500
62.0204,-0.3241,0.0196,4.5686,0.4576,1,1,0.0004,0.0000,-0.0094,0.0000,-0.0030,0.0000,-0.0027,0.0000,0.5450,1309719.7500
62.0302,-0.5065,0.1237,4.6202,0.4576,1,1,0.0004,0.0000,-0.0093,0.0000,-0.0029,0.0000,-0.0026,0.0000,0.5450,1309719.7500
62.0400,-0.7102,0.6637,4.5430,0.4576,1,1,0.0004,0.0000,-0.0093,0.0000,-0.0029,0.0000,-0.0026,0.0000,0.5450,1309719.7500
62.0499,-0.3522,0.4785,4.6236,0.4576,1,1,0.0004,0.0000,-0.0092,0.0000,-0.0029,0.0000,-0.0026,0.0000,0.5450,1309719.7500
62.0600,-0.1386,0.2005,4.6002,0.4576,1,1,0.0004,0.0000,-0.0091,0.0000,-0.0029,0.0000,-0.0026,0.0000,0.5450,1309719.7500
62.0703,-0.2657,0.3984,4.4295,0.4576,1,1,0.0004,0.0000,-0.0091,0.0000,-0.0029,0.0000,-0.0026,0.0000,0.5450,1309719.7500
62.0803,-0.2323,0.2430,4.6340,0.4576,1,1,0.0004,0.0000,-0.0090,0.0000,-0.0028,0.0000,-0.0026,0.0000,0.5450,1309719.7500
62.0900,-0.3893,0.1046,4.7062,0.4576,1,1,0.0004,0.0000,-0.0090,0.0000,-0.0028,0.0000,-0.0025,0.0000,0.5450,1309719.7500
62.1000,-0.3917,-0.1925,4.7395,0.4576,1,1,0.0004,0.0000,-0.0089,0.0000,-0.0028,0.0000,-0.0025,0.0000,0.5450,1309719.7500
62.1098,-0.1970,-0.2092,4.8480,0.4576,1,1,0.0004,0.0000,-0.0089,0.0000,-0.0028,0.0000,-0.0025,0.0000,0.5450,1309719.7500
62.1202,-0.4326,0.3243,4.5155,0.4576,1,1,0.0004,0.0000,-0.0088,0.0000,-0.0028,0.0000,-0.0025,0.0000,0.5450,1309719.7500
62.1302,-0.2227,0.1358,4.5225,0.4576,1,1,0.0004,0.0000,-0.0088,0.0000,-0.0028,0.0000,-0.0025,0.0000,0.5450,1309719.7500
62.1400,0.1081,0.1449,4.7563,0.4576,1,1,0.0004,0.0000,-0.0087,0.0000,-0.0027,0.0000,-0.0025,0.0000,0.5400,1310181.7500
62.1500,-0.2841,0.4078,4.5893,0.4576,1,1,0.0004,0.0000,-0.0086,0.0000,-0.0027,0.0000,-0.0025,0.0000,0.5400,1310181.7500
62.1600,-0.3094,0.3514,4.7538,0.4576,1,1,0.0004,0.0000,-0.0086,0.0000,-0.0027,0.0000,-0.0024,0.0000,0.5400,1310181.7500
62.1702,-0.2022,0.3754,4.8013,0.4576,1,1,0.0004,0.0000,-0.0085,0.0000,-0.0027,0.0000,-0.0024,0.0000,0.5400,1310181.7500
62.1802,-0.2597,-0.0345,4.6634,0.4576,1,1,0.0004,0.0000,-0.0085,0.0000,-0.0027,0.0000,-0.0024,0.0000,0.5400,1310181.7500
62.1900,-0.0739,-0.2311,4.7148,0.4576,1,1,0.0004,0.0000,-0.0084,0.0000,-0.0027,0.0000,-0.0024,0.0000,0.5400,1310181.7500
62.2000,-0.2129,0.2423,4.5841,0.4576,1,1,0.0003,0.0000,-0.0084,0.0000,-0.0026,0.0000,-0.0024,0.0000,0.5400,1310181.7500
62.2099,-0.3673,0.0630,4.5646,0.4576,1,1,0.0003,0.0000,-0.0083,0.0000,-0.0026,0.0000,-0.0024,0.0000,0.5400,1310181.7500
62.2204,-0.1380,-0.0771,4.7349,0.4576,1,1,0.0003,0.0000,-0.0083,0.0000,-0.0026,0.0000,-0.0023,0.0000,0.5400,1310181.7500
62.2303,-0.1819,0.1194,4.6570,0.4576,1,1,0.0003,0.0000,-0.0082,0.0000,-0.0026,0.0000,-0.0023,0.0000,0.5400,1310181.7500
62.2400,-0.2751,0.2128,4.6711,0.4576,1,1,0.0003,0.0000,-0.0082,0.0000,-0.0026,0.0000,-0.0023,0.0000,0.5400,1310181.7500
62.2500,-0.3462,0.6634,4.5701,0.4576,1,1,0.0003,0.0000,-0.0081,0.0000,-0.0026,0.0000,-0.0023,0.0000,0.5400,1310181.7500
62.2600,-0.0792,0.5209,4.6095,0.4576,1,1,0.0003,0.0000,-0.0081,0.0000,-0.0025,0.0000,-0.0023,0.0000,0.5400,1310181.7500
62.2702,-0.0371,0.1098,4.6502,0.4576,1,1,0.0003,0.0000,-0.0080,0.0000,-0.0025,0.0000,-0.0023,0.0000,0.5400,1310181.7500
62.2804,-0.3129,0.3726,4.5730,0.4576,1,1,0.0003,0.0000,-0.0080,0.0000,-0.0025,0.0000,-0.0023,0.0000,0.5400,1310181.7500
62.2899,-0.3097,0.2743,4.6654,0.4576,1,1,0.0003,0.0000,-0.0079,0.0000,-0.0025,0.0000,-0.0022,0.0000,0.5400,1310181.7500
62.3000,-0.3481,0.0388,4.6247,0.4576,1,1,0.0003,0.0000,-0.0079,0.0000,-0.0025,0.0000,-0.0022,0.0000,0.5400,1310181.7500
62.3099,-0.3108,0.0500,4.5450,0.4576,1,1,0.0003,0.0000,-0.0078,0.0000,-0.0025,0.0000,-0.0022,0.0000,0.5400,1310181.7500
62.3203,-0.1594,-0.0005,4.7241,0.4576,1,1,0.0003,0.0000,-0.0078,0.0000,-0.0025,0.0000,-0.0022,0.0000,0.5400,1310181.7500
62.3302,-0.3588,0.4367,4.5872,0.4576,1,1,0.0003,0.0000,-0.0077,0.0000,-0.0024,0.0000,-0.0022,0.0000,0.5400,1310181.7500
62.3400,-0.3113,0.3826,4.5165,0.4576,1,1,0.0003,0.0000,-0.0077,0.0000,-0.0024,0.0000,-0.0022,0.0000,0.5400,1310181.7500
62.3500,0.0021,0.2282,4.5264,0.4576,1,1,0.0003,0.0000,-0.0076,0.0000,-0.0024,0.0000,-0.0022,0.0000,0.5400,1310181.7500
62.3600,-0.3117,0.6644,4.2834,0.4576,1,1,0.0003,0.0000,-0.0076,0.0000,-0.0024,0.0000,-0.0022,0.0000,0.5400,1310181.7500
62.3703,-0.2888,0.7427,4.3123,0.4576,1,1,0.0003,0.0000,-0.0075,0.0000,-0.0024,0.0000,-0.0021,0.0000,0.5400,1310181.7500
62.3802,-0.0046,0.5788,4.5369,0.4576,1,1,0.0003,0.0000,-0.0075,0.0000,-0.0024,0.0000,-0.0021,0.0000,0.5400,1310181.7500
62.3899,0.0067,0.3849,4.6041,0.4576,1,1,0.0003,0.0000,-0.0074,0.0000,-0.0023,0.0000,-0.0021,0.0000,0.5400,1310181.7500
62.4000,-0.1248,0.1596,4.5021,0.4576,1,1,0.0003,0.0000,-0.0074,0.0000,-0.0023,0.0000,-0.0021,0.0000,0.5400,1310181.7500
62.4099,-0.1750,0.3946,4.4078,0.4576,1,1,0.0003,0.0000,-0.0074,0.0000,-0.0023,0.0000,-0.0021,0.0000,0.5400,1310181.7500
62.4203,-0.3744,0.2472,4.2314,0.4576,1,1,0.0003,0.0000,-0.0073,0.0000,-0.0023,0.0000,-0.0021,0.0000,0.5400,1310181.7500
62.4302,-0.0697,0.0128,4.3643,0.4576,1,1,0.0003,0.0000,-0.0073,0.0000,-0.0023,0.0000,-0.0021,0.0000,0.5400,1310181.7500
62.4400,-0.0820,0.2363,4.4005,0.4576,1,1,0.0003,0.0000,-0.0072,0.0000,-0.0023,0.0000,-0.0020,0.0000,0.5400,1310181.7500
62.4499,-0.3613,0.4871,4.3521,0.4576,1,1,0.0003,0.0000,-0.0072,0.0000,-0.0023,0.0000,-0.0020,0.0000,0.5400,1310181.7500
62.4600,-0.4521,0.8011,4.3803,0.4576,1,1,0.0003,0.0000,-0.0071,0.0000,-0.0022,0.0000,-0.0020,0.0000,0.5400,1310181.7500
62.4702,-0.1315,0.6056,4.4790,0.4576,1,1,0.0003,0.0000,-0.0071,0.0000,-0.0022,0.0000,-0.0020,0.0000,0.5400,1310181.7500
62.4804,-0.0698,0.2889,4.4437,0.4576,1,1,0.0003,0.0000,-0.0070,0.0000,-0.0022,0.0000,-0.0020,0.0000,0.5400,1310181.7500
62.4899,-0.2079,0.6913,4.3299,0.4576,1,1,0.0003,0.0000,-0.0070,0.0000,-0.0022,0.0000,-0.0020,0.0000,0.5400,1310181.7500
62.5000,-0.2153,0.5358,4.3403,0.4576,1,1,0.0003,0.0000,-0.0069,0.0000,-0.0022,0.0000,-0.0020,0.0000,0.5400,1310181.7500
62.5100,-0.0918,0.0087,4.3795,0.4576,1,1,0.0003,0.0000,-0.0069,0.0000,-0.0022,0.0000,-0.0020,0.0000,0.5400,1310181.7500
62.5202,-0.1993,0.2512,4.4072,0.4576,1,1,0.0003,0.0000,-0.0069,0.0000,-0.0022,0.0000,-0.0019,0.0000,0.5400,1310181.7500
62.5302,-0.1109,0.2455,4.4868,0.4576,1,1,0.0003,0.0000,-0.0068,0.0000,-0.0021,0.0000,-0.0019,0.0000,0.5400,1310181.7500
62.5400,-0.2397,0.2435,4.4236,0.4576,1,1,0.0003,0.0000,-0.0068,0.0000,-0.0021,0.0000,-0.0019,0.0000,0.5400,1310181.7500
62.5500,-0.2105,0.4435,4.3522,0.4576,1,1,0.0003,0.0000,-0.0067,0.0000,-0.0021,0.0000,-0.0019,0.0000,0.5400,1310181.7500
62.5600,-0.0661,0.2236,4.4245,0.4576,1,1,0.0003,0.0000,-0.0067,0.0000,-0.0021,0.0000,-0.0019,0.0000,0.5400,1310181.7500
62.5702,-0.2530,0.5036,4.3374,0.4576,1,1,0.0003,0.0000,-0.0066,0.0000,-0.0021,0.0000,-0.0019,0.0000,0.5400,1310181.7500
62.5802,-0.0726,0.7124,4.4081,0.4576,1,1,0.0003,0.0000,-0.0066,0.0000,-0.0021,0.0000,-0.0019,0.0000,0.5400,1310181.7500
62.5900,0.2437,0.1637,4.5503,0.4576,1,1,0.0003,0.0000,-0.0066,0.0000,-0.0021,0.0000,-0.0019,0.0000,0.5400,1310181.7500
62.6000,-0.0462,0.4186,4.3420,0.4576,1,1,0.0003,0.0000,-0.0065,0.0000,-0.0021,0.0000,-0.0019,0.0000,0.5400,1310181.7500
62.6100,-0.0555,0.5242,4.1724,0.4576,1,1,0.0003,0.0000,-0.0065,0.0000,-0.0020,0.0000,-0.0018,0.0000,0.5400,1310181.7500
62.6203,0.0021,0.1110,4.1626,0.4576,1,1,0.0003,0.0000,-0.0064,0.0000,-0.0020,0.0000,-0.0018,0.0000,0.5400,1310181.7500
62.6302,-0.1167,0.1677,3.9981,0.4576,1,1,0.0003,0.0000,-0.0064,0.0000,-0.0020,0.0000,-0.0018,0.0000,0.5400,1310181.7500
62.6400,0.1046,-0.0489,4.2531,0.4576,1,1,0.0003,0.0000,-0.0064,0.0000,-0.0020,0.0000,-0.0018,0.0000,0.5400,1310181.7500
62.6499,-0.0588,0.1423,4.3075,0.4576,1,1,0.0003,0.0000,-0.0063,0.0000,-0.0020,0.0000,-0.0018,0.0000,0.5400,1310181.7500
62.6599,-0.3216,0.6376,4.3056,0.4576,1,1,0.0003,0.0000,-0.0063,0.0000,-0.0020,0.0000,-0.0018,0.0000,0.5400,1310181.7500
62.6703,0.1046,0.2114,4.5660,0.4576,1,1,0.0003,0.0000,-0.0062,0.0000,-0.0020,0.0000,-0.0018,0.0000,0.5400,1310181.7500
62.6804,-0.0104,0.4139,4.4186,0.4576,1,1,0.0003,0.0000,-0.0062,0.0000,-0.0020,0.0000,-0.0018,0.0000,0.5400,1310181.7500
62.6899,-0.1925,0.9956,4.1363,0.4576,1,1,0.0003,0.0000,-0.0062,0.0000,-0.0019,0.0000,-0.0018,0.0000,0.5400,1310181.7500
62.7000,0.2027,0.3248,4.3787,0.4576,1,1,0.0003,0.0000,-0.0061,0.0000,-0.0019,0.0000,-0.0017,0.0000,0.5400,1310181.7500
62.7099,0.1848,0.1676,4.3049,0.4576,1,1,0.0003,0.0000,-0.0061,0.0000,-0.0019,0.0000,-0.0017,0.0000,0.5400,1310181.7500
62.7203,0.0390,0.2474,4.4073,0.4576,1,1,0.0003,0.0000,-0.0061,0.0000,-0.0019,0.0000,-0.0017,0.0000,0.5400,1310181.7500
62.7302,0.0257,0.0704,4.5762,0.4576,1,1,0.0003,0.0000,-0.0060,0.0000,-0.0019,0.0000,-0.0017,0.0000,0.5400,1310181.7500
62.7400,-0.2089,0.2563,4.4265,0.4576,1,1,0.0002,0.0000,-0.0060,0.0000,-0.0019,0.0000,-0.0017,0.0000,0.5400,1310181.7500
62.7500,0.0339,0.0126,4.3850,0.4576,1,1,0.0002,0.0000,-0.0059,0.0000,-0.0019,0.0000,-0.0017,0.0000,0.5400,1310181.7500
62.7600,0.1476,-0.0795,4.3928,0.4576,1,1,0.0002,0.0000,-0.0059,0.0000,-0.0019,0.0000,-0.0017,0.0000,0.5400,1310181.7500
62.7703,-0.2076,0.5646,4.2193,0.4576,1,1,0.0002,0.0000,-0.0059,0.0000,-0.0019,0.0000,-0.0017,0.0000,0.5400,1310181.7500
62.7802,-0.2461,0.6045,4.4067,0.4576,1,1,0.0002,0.0000,-0.0058,0.0000,-0.0018,0.0000,-0.0017,0.0000,0.5400,1310181.7500
62.7900,0.0199,0.4750,4.6292,0.4576,1,1,0.0002,0.0000,-0.0058,0.0000,-0.0018,0.0000,-0.0016,0.0000,0.5400,1310181.7500
62.8000,0.0768,0.2819,4.6553,0.4576,1,1,0.0002,0.0000,-0.0058,0.0000,-0.0018,0.0000,-0.0016,0.0000,0.5400,1310181.7500
62.8099,0.1739,0.1359,4.6817,0.4576,1,1,0.0002,0.0000,-0.0057,0.0000,-0.0018,0.0000,-0.0016,0.0000,0.5400,1310181.7500
62.8204,0.0888,0.4638,4.4388,0.4576,1,1,0.0002,0.0000,-0.0057,0.0000,-0.0018,0.0000,-0.0016,0.0000,0.5400,1310181.7500
62.8302,0.2074,0.1564,4.3580,0.4576,1,1,0.0002,0.0000,-0.0057,0.0000,-0.0018,0.0000,-0.0016,0.0000,0.5400,1310181.7500
62.8400,0.2425,-0.1609,4.3643,0.4576,1,1,0.0002,0.0000,-0.0056,0.0000,-0.0018,0.0000,-0.0016,0.0000,0.5400,1310181.7500
62.8499,0.0928,0.0631,4.3627,0.4576,1,1,0.0002,0.0000,-0.0056,0.0000,-0.0018,0.0000,-0.0016,0.0000,0.5400,1310181.7500
62.8600,-0.1793,0.0816,4.5000,0.4576,1,1,0.0002,0.0000,-0.0055,0.0000,-0.0017,0.0000,-0.0016,0.0000,0.5400,1310181.7500
62.8702,-0.2035,0.3083,4.5479,0.4576,1,1,0.0002,0.0000,-0.0055,0.0000,-0.0017,0.0000,-0.0016,0.0000,0.5400,1310181.7500
62.8804,0.0987,0.2410,4.6211,0.4576,1,1,0.0002,0.0000,-0.0055,0.0000,-0.0017,0.0000,-0.0016,0.0000,0.5400,1310181.7500
62.8900,0.2294,0.2048,4.5473,0.4576,1,1,0.0002,0.0000,-0.0054,0.0000,-0.0017,0.0000,-0.0015,0.0000,0.5400,1310181.7500
62.9000,-0.1452,0.8083,4.3021,0.4576,1,1,0.0002,0.0000,-0.0054,0.0000,-0.0017,0.0000,-0.0015,0.0000,0.5400,1310181.7500
62.9099,0.1198,0.4207,4.4560,0.4576,1,1,0.0002,0.0000,-0.0054,0.0000,-0.0017,0.0000,-0.0015,0.0000,0.5400,1310181.7500
62.9202,0.2186,0.0375,4.5949,0.4576,1,1,0.0002,0.0000,-0.0053,0.0000,-0.0017,0.0000,-0.0015,0.0000,0.5400,1310181.7500
62.9302,-0.0210,0.1761,4.5017,0.4576,1,1,0.0002,0.0000,-0.0053,0.0000,-0.0017,0.0000,-0.0015,0.0000,0.5400,1310181.7500
62.9400,-0.0509,0.0981,4.5884,0.4576,1,1,0.0002,0.0000,-0.0053,0.0000,-0.0017,0.0000,-0.0015,0.0000,0.5400,1310181.7500
62.9500,-0.1212,0.1720,4.4750,0.4576,1,1,0.0002,0.0000,-0.0052,0.0000,-0.0017,0.0000,-0.0015,0.0000,0.5400,1310181.7500
62.9600,-0.0928,0.0628,4.4473,0.4576,1,1,0.0002,0.0000,-0.0052,0.0000,-0.0016,0.0000,-0.0015,0.0000,0.5400,1310181.7500
62.9702,0.1396,-0.0402,4.5857,0.4576,1,1,0.0002,0.0000,-0.0052,0.0000,-0.0016,0.0000,-0.0015,0.0000,0.5400,1310181.7500
62.9802,-0.1199,0.4650,4.5504,0.4576,1,1,0.0002,0.0000,-0.0051,0.0000,-0.0016,0.0000,-0.0015,0.0000,0.5400,1310181.7500
62.9899,-0.0786,0.4486,4.5578,0.4576,1,1,0.0002,0.0000,-0.0051,0.0000,-0.0016,0.0000,-0.0015,0.0000,0.5400,1310181.7500
63.0000,0.1545,0.1997,4.8000,0.4576,1,1,0.0002,0.0000,-0.0051,0.0000,-0.0016,0.0000,-0.0014,0.0000,0.5400,1310181.7500
63.0099,-0.1366,0.4623,4.4705,0.4576,1,1,0.0002,0.0000,-0.0050,0.0000,-0.0016,0.0000,-0.0014,0.0000,0.5400,1310181.7500
63.0203,-0.1714,0.4065,4.4491,0.4576,1,1,0.0002,0.0000,-0.0050,0.0000,-0.0016,0.0000,-0.0014,0.0000,0.5400,1310181.7500
63.0302,-0.0408,0.4687,4.3594,0.4576,1,1,0.0002,0.0000,-0.0050,0.0000,-0.0016,0.0000,-0.0014,0.0000,0.5400,1310181.7500
63.0400,0.0240,0.1523,4.2805,0.4576,1,1,0.0002,0.0000,-0.0050,0.0000,-0.0016,0.0000,-0.0014,0.0000,0.5400,1310181.7500
63.0499,0.1733,-0.3634,4.4370,0.4576,1,1,0.0002,0.0000,-0.0049,0.0000,-0.0016,0.0000,-0.0014,0.0000,0.5400,1310181.7500
63.0600,-0.0311,0.0378,4.4249,0.4576,1,1,0.0002,0.0000,-0.0049,0.0000,-0.0015,0.0000,-0.0014,0.0000,0.5400,1310181.7500
63.0703,-0.2446,0.2564,4.5259,0.4576,1,1,0.0002,0.0000,-0.0049,0.0000,-0.0015,0.0000,-0.0014,0.0000,0.5400,1310181.7500
63.0803,-0.1753,0.2250,4.5545,0.4576,1,1,0.0002,0.0000,-0.0048,0.0000,-0.0015,0.0000,-0.0014,0.0000,0.5400,1310181.7500
63.0899,-0.0212,0.3979,4.5110,0.4576,1,1,0.0002,0.0000,-0.0048,0.0000,-0.0015,0.0000,-0.0014,0.0000,0.5400,1310181.7500
63.1000,-0.2379,0.2892,4.4045,0.4576,1,1,0.0002,0.0000,-0.0048,0.0000,-0.0015,0.0000,-0.0014,0.0000,0.5400,1310181.7500
63.1100,-0.2181,0.5557,4.4577,0.4576,1,1,0.0002,0.0000,-0.0047,0.0000,-0.0015,0.0000,-0.0013,0.0000,0.5400,1310181.7500
63.1202,0.0984,0.5456,4.5805,0.4576,1,1,0.0002,0.0000,-0.0047,0.0000,-0.0015,0.0000,-0.0013,0.0000,0.5400,1310181.7500
63.1302,0.1916,0.1187,4.6991,0.4576,1,1,0.0002,0.0000,-0.0047,0.0000,-0.0015,0.0000,-0.0013,0.0000,0.5400,1310181.7500
63.1401,-0.1220,0.5311,4.5535,0.4576,1,1,0.0002,0.0000,-0.0047,0.0000,-0.0015,0.0000,-0.0013,0.0000,0.5350,1311076.1250
63.1500,-0.1276,0.3158,4.5303,0.4576,1,1,0.0002,0.0000,-0.0046,0.0000,-0.0015,0.0000,-0.0013,0.0000,0.5350,1311076.1250
63.1599,-0.0289,-0.3614,4.4651,0.4576,1,1,0.0002,0.0000,-0.0046,0.0000,-0.0015,0.0000,-0.0013,0.0000,0.5350,1311076.1250
63.1702,-0.1335,-0.1057,4.3531,0.4576,1,1,0.0002,0.0000,-0.0046,0.0000,-0.0014,0.0000,-0.0013,0.0000,0.5350,1311076.1250
63.1803,-0.1972,0.0765,4.4208,0.4576,1,1,0.0002,0.0000,-0.0045,0.0000,-0.0014,0.0000,-0.0013,0.0000,0.5350,1311076.1250
63.1899,-0.2351,0.1070,4.4833,0.4576,1,1,0.0002,0.0000,-0.0045,0.0000,-0.0014,0.0000,-0.0013,0.0000,0.5350,1311076.1250
63.2000,-0.0532,0.4297,4.5946,0.4576,1,1,0.0002,0.0000,-0.0045,0.0000,-0.0014,0.0000,-0.0013,0.0000,0.5350,1311076.1250
63.2099,-0.1079,0.2863,4.6152,0.4576,1,1,0.0002,0.0000,-0.0045,0.0000,-0.0014,0.0000,-0.0013,0.0000,0.5350,1311076.1250
63.2203,-0.2311,0.4455,4.4389,0.4576,1,1,0.0002,0.0000,-0.0044,0.0000,-0.0014,0.0000,-0.0013,0.0000,0.5350,1311076.1250
63.2302,0.0253,0.6025,4.5157,0.4576,1,1,0.0002,0.0000,-0.0044,0.0000,-0.0014,0.0000,-0.0012,0.0000,0.5350,1311076.1250
63.2400,0.0221,0.1471,4.4784,0.4576,1,1,0.0002,0.0000,-0.0044,0.0000,-0.0014,0.0000,-0.0012,0.0000,0.5350,1311076.1250
63.2499,-0.0701,0.3242,4.5326,0.4576,1,1,0.0002,0.0000,-0.0043,0.0000,-0.0014,0.0000,-0.0012,0.0000,0.5350,1311076.1250
63.2600,0.0044,0.5569,4.7354,0.4576,1,1,0.0002,0.0000,-0.0043,0.0000,-0.0014,0.0000,-0.0012,0.0000,0.5350,1311076.1250
63.2703,-0.1152,0.0007,4.7505,0.4576,1,1,0.0002,0.0000,-0.0043,0.0000,-0.0014,0.0000,-0.0012,0.0000,0.5350,1311076.1250
63.2804,-0.0488,-0.0783,4.7866,0.4576,1,1,0.0002,0.0000,-0.0043,0.0000,-0.0013,0.0000,-0.0012,0.0000,0.5350,1311076.1250
63.2900,-0.2357,0.0947,4.6334,0.4576,1,1,0.0002,0.0000,-0.0042,0.0000,-0.0013,0.0000,-0.0012,0.0000,0.5350,1311076.1250
63.2999,-0.3983,-0.0188,4.5089,0.4576,1,1,0.0002,0.0000,-0.0042,0.0000,-0.0013,0.0000,-0.0012,0.0000,0.5350,1311076.1250
63.3099,-0.1873,0.1454,4.5925,0.4576,1,1,0.0002,0.0000,-0.0042,0.0000,-0.0013,0.0000,-0.0012,0.0000,0.5350,1311076.1250
63.3202,-0.1445,0.2895,4.6555,0.4576,1,1,0.0002,0.0000,-0.0042,0.0000,-0.0013,0.0000,-0.0012,0.0000,0.5350,1311076.1250
63.3302,-0.3501,0.4139,4.6399,0.4576,1,1,0.0002,0.0000,-0.0041,0.0000,-0.0013,0.0000,-0.0012,0.0000,0.5350,1311076.1250
63.3400,-0.1759,0.7458,4.7151,0.4576,1,1,0.0002,0.0000,-0.0041,0.0000,-0.0013,0.0000,-0.0012,0.0000,0.5350,1311076.1250
63.3500,0.0477,0.5604,4.7743,0.4576,1,1,0.0002,0.0000,-0.0041,0.0000,-0.0013,0.0000,-0.0012,0.0000,0.5350,1311076.1250
63.3601,0.1602,0.2258,4.6748,0.4576,1,1,0.0002,0.0000,-0.0041,0.0000,-0.0013,0.0000,-0.0012,0.0000,0.5350,1311076.1250
63.3702,0.0597,0.3268,4.6982,0.4576,1,1,0.0002,0.0000,-0.0040,0.0000,-0.0013,0.0000,-0.0011,0.0000,0.5350,1311076.1250
63.3803,-0.0910,0.1437,4.6180,0.4576,1,1,0.0002,0.0000,-0.0040,0.0000,-0.0013,0.0000,-0.0011,0.0000,0.5350,1311076.1250
63.3900,0.0456,-0.4418,4.6685,0.4576,1,1,0.0002,0.0000,-0.0040,0.0000,-0.0013,0.0000,-0.0011,0.0000,0.5350,1311076.1250
63.4000,0.0859,-0.2221,4.7513,0.4576,1,1,0.0002,0.0000,-0.0040,0.0000,-0.0012,0.0000,-0.0011,0.0000,0.5350,1311076.1250
63.4100,-0.3593,0.2103,4.5045,0.4576,1,1,0.0002,0.0000,-0.0039,0.0000,-0.0012,0.0000,-0.0011,0.0000,0.5350,1311076.1250
63.4203,-0.2548,0.3943,4.5660,0.4576,1,1,0.0002,0.0000,-0.0039,0.0000,-0.0012,0.0000,-0.0011,0.0000,0.5350,1311076.1250
63.4303,0.0360,0.5181,4.5901,0.4576,1,1,0.0002,0.0000,-0.0039,0.0000,-0.0012,0.0000,-0.0011,0.0000,0.5350,1311076.1250
63.4400,0.0003,0.1945,4.5332,0.4576,1,1,0.0002,0.0000,-0.0039,0.0000,-0.0012,0.0000,-0.0011,0.0000,0.5350,1311076.1250
63.4499,-0.1190,0.0341,4.5845,0.4576,1,1,0.0002,0.0000,-0.0038,0.0000,-0.0012,0.0000,-0.0011,0.0000,0.5350,1311076.1250
63.4600,-0.0281,0.1540,4.5968,0.4576,1,1,0.0002,0.0000,-0.0038,0.0000,-0.0012,0.0000,-0.0011,0.0000,0.5350,1311076.1250
63.4702,0.0088,-0.3972,4.6096,0.4576,1,1,0.0002,0.0000,-0.0038,0.0000,-0.0012,0.0000,-0.0011,0.0000,0.5350,1311076.1250
63.4804,-0.0978,-0.2512,4.5027,0.4576,1,1,0.0002,0.0000,-0.0038,0.0000,-0.0012,0.0000,-0.0011,0.0000,0.5350,1311076.1250
63.4900,-0.3434,0.2117,4.4256,0.4576,1,1,0.0002,0.0000,-0.0037,0.0000,-0.0012,0.0000,-0.0011,0.0000,0.5350,1311076.1250
63.5000,-0.4120,-0.0442,4.3987,0.4576,1,1,0.0002,0.0000,-0.0037,0.0000,-0.0012,0.0000,-0.0011,0.0000,0.5350,1311076.1250
63.5099,-0.2599,-0.0581,4.5611,0.4576,1,1,0.0002,0.0000,-0.0037,0.0000,-0.0012,0.0000,-0.0010,0.0000,0.5350,1311076.1250
63.5202,-0.3292,0.1539,4.6078,0.4576,1,1,0.0002,0.0000,-0.0037,0.0000,-0.0012,0.0000,-0.0010,0.0000,0.5350,1311076.1250
63.5302,-0.3900,0.1107,4.5728,0.4576,1,1,0.0002,0.0000,-0.0036,0.0000,-0.0012,0.0000,-0.0010,0.0000,0.5350,1311076.1250
63.5400,-0.1341,0.3824,4.6746,0.4576,1,1,0.0002,0.0000,-0.0036,0.0000,-0.0011,0.0000,-0.0010,0.0000,0.5350,1311076.1250
63.5499,-0.1640,0.2782,4.6184,0.4576,1,1,0.0002,0.0000,-0.0036,0.0000,-0.0011,0.0000,-0.0010,0.0000,0.5350,1311076.1250
63.5600,-0.2335,0.1466,4.6070,0.4576,1,1,0.0001,0.0000,-0.0036,0.0000,-0.0011,0.0000,-0.0010,0.0000,0.5350,1311076.1250
63.5702,-0.3039,0.4838,4.6231,0.4576,1,1,0.0001,0.0000,-0.0036,0.0000,-0.0011,0.0000,-0.0010,0.0000,0.5350,1311076.1250
63.5803,-0.3180,0.1897,4.6205,0.4576,1,1,0.0001,0.0000,-0.0035,0.0000,-0.0011,0.0000,-0.0010,0.0000,0.5350,1311076.1250
63.5899,-0.1688,-0.1592,4.6331,0.4576,1,1,0.0001,0.0000,-0.0035,0.0000,-0.0011,0.0000,-0.0010,0.0000,0.5350,1311076.1250
63.6000,-0.2359,0.1936,4.5774,0.4576,1,1,0.0001,0.0000,-0.0035,0.0000,-0.0011,0.0000,-0.0010,0.0000,0.5350,1311076.1250
63.6099,-0.5563,0.2092,4.4146,0.4576,1,1,0.0001,0.0000,-0.0035,0.0000,-0.0011,0.0000,-0.0010,0.0000,0.5350,1311076.1250
63.6204,-0.4281,0.0975,4.4553,0.4576,1,1,0.0001,0.0000,-0.0034,0.0000,-0.0011,0.0000,-0.0010,0.0000,0.5350,1311076.1250
63.6303,-0.2365,0.3321,4.5210,0.4576,1,1,0.0001,0.0000,-0.0034,0.0000,-0.0011,0.0000,-0.0010,0.0000,0.5350,1311076.1250
63.6400,-0.4606,0.3677,4.3748,0.4576,1,1,0.0001,0.0000,-0.0034,0.0000,-0.0011,0.0000,-0.0010,0.0000,0.5350,1311076.1250
63.6499,-0.4826,0.6700,4.4189,0.4576,1,1,0.0001,0.0000,-0.0034,0.0000,-0.0011,0.0000,-0.0010,0.0000,0.5350,1311076.1250
63.6600,-0.2376,0.5693,4.4580,0.4576,1,1,0.0001,0.0000,-0.0034,0.0000,-0.0011,0.0000,-0.0010,0.0000,0.5350,1311076.1250
63.6702,-0.1201,-0.1257,4.4609,0.4576,1,1,0.0001,0.0000,-0.0033,0.0000,-0.0011,0.0000,-0.0009,0.0000,0.5350,1311076.1250
63.6804,-0.1678,0.0204,4.4546,0.4576,1,1,0.0001,0.0000,-0.0033,0.0000,-0.0010,0.0000,-0.0009,0.0000,0.5350,1311076.1250
63.6899,-0.3386,0.1665,4.3601,0.4576,1,1,0.0001,0.0000,-0.0033,0.0000,-0.0010,0.0000,-0.0009,0.0000,0.5350,1311076.1250
63.7000,-0.3858,-0.0996,4.3331,0.4576,1,1,0.0001,0.0000,-0.0033,0.0000,-0.0010,0.0000,-0.0009,0.0000,0.5350,1311076.1250
63.7099,-0.3043,0.1298,4.3853,0.4576,1,1,0.0001,0.0000,-0.0033,0.0000,-0.0010,0.0000,-0.0009,0.0000,0.5350,1311076.1250
63.7203,-0.4590,0.1750,4.4026,0.4576,1,1,0.0001,0.0000,-0.0032,0.0000,-0.0010,0.0000,-0.0009,0.0000,0.5350,1311076.1250
63.7302,-0.6639,0.2880,4.3632,0.4576,1,1,0.0001,0.0000,-0.0032,0.0000,-0.0010,0.0000,-0.0009,0.0000,0.5350,1311076.1250
63.7400,-0.4078,0.6171,4.4307,0.4576,1,1,0.0001,0.0000,-0.0032,0.0000,-0.0010,0.0000,-0.0009,0.0000,0.5350,1311076.1250
63.7500,-0.1023,0.3125,4.5158,0.4576,1,1,0.0001,0.0000,-0.0032,0.0000,-0.0010,0.0000,-0.0009,0.0000,0.5350,1311076.1250
63.7599,-0.1392,0.2753,4.4336,0.4576,1,1,0.0001,0.0000,-0.0032,0.0000,-0.0010,0.0000,-0.0009,0.0000,0.5350,1311076.1250
63.7702,-0.2243,0.5395,4.3674,0.4576,1,1,0.0001,0.0000,-0.0031,0.0000,-0.0010,0.0000,-0.0009,0.0000,0.5350,1311076.1250
63.7802,-0.2812,-0.1045,4.4101,0.4576,1,1,0.0001,0.0000,-0.0031,0.0000,-0.0010,0.0000,-0.0009,0.0000,0.5350,1311076.1250
63.7899,-0.3993,-0.2207,4.4085,0.4576,1,1,0.0001,0.0000,-0.0031,0.0000,-0.0010,0.0000,-0.0009,0.0000,0.5350,1311076.1250
63.8000,-0.4996,0.1528,4.4129,0.4576,1,1,0.0001,0.0000,-0.0031,0.0000,-0.0010,0.0000,-0.0009,0.0000,0.5350,1311076.1250
63.8100,-0.5474,-0.0268,4.4490,0.4576,1,1,0.0001,0.0000,-0.0031,0.0000,-0.0010,0.0000,-0.0009,0.0000,0.5350,1311076.1250
63.8203,-0.4157,-0.0007,4.4269,0.4576,1,1,0.0001,0.0000,-0.0030,0.0000,-0.0010,0.0000,-0.0009,0.0000,0.5350,1311076.1250
63.8302,-0.2472,0.1252,4.4937,0.4576,1,1,0.0001,0.0000,-0.0030,0.0000,-0.0010,0.0000,-0.0009,0.0000,0.5350,1311076.1250
63.8400,-0.4945,0.2412,4.3687,0.4576,1,1,0.0001,0.0000,-0.0030,0.0000,-0.0009,0.0000,-0.0009,0.0000,0.5350,1311076.1250
63.8499,-0.4136,0.6511,4.4398,0.4576,1,1,0.0001,0.0000,-0.0030,0.0000,-0.0009,0.0000,-0.0008,0.0000,0.5350,1311076.1250
63.8600,-0.3260,0.2653,4.5485,0.4576,1,1,0.0001,0.0000,-0.0030,0.0000,-0.0009,0.0000,-0.0008,0.0000,0.5350,1311076.1250
63.8701,-0.4195,-0.1816,4.4955,0.4576,1,1,0.0001,0.0000,-0.0030,0.0000,-0.0009,0.0000,-0.0008,0.0000,0.5350,1311076.1250
63.8804,-0.4075,0.0118,4.5840,0.4576,1,1,0.0001,0.0000,-0.0029,0.0000,-0.0009,0.0000,-0.0008,0.0000,0.5350,1311076.1250
63.8899,-0.3822,-0.1809,4.4811,0.4576,1,1,0.0001,0.0000,-0.0029,0.0000,-0.0009,0.0000,-0.0008,0.0000,0.5350,1311076.1250
63.9000,-0.2624,-0.4405,4.3631,0.4576,1,1,0.0001,0.0000,-0.0029,0.0000,-0.0009,0.0000,-0.0008,0.0000,0.5350,1311076.1250
63.9100,-0.3406,-0.0535,4.3505,0.4576,1,1,0.0001,0.0000,-0.0029,0.0000,-0.0009,0.0000,-0.0008,0.0000,0.5350,1311076.1250
63.9203,-0.6541,0.1521,4.1586,0.4576,1,1,0.0001,0.0000,-0.0029,0.0000,-0.0009,0.0000,-0.0008,0.0000,0.5350,1311076.1250
63.9302,-0.5347,0.0416,4.2470,0.4576,1,1,0.0001,0.0000,-0.0028,0.0000,-0.0009,0.0000,-0.0008,0.0000,0.5350,1311076.1250
63.9400,-0.2532,-0.0317,4.4772,0.4576,1,1,0.0001,0.0000,-0.0028,0.0000,-0.0009,0.0000,-0.0008,0.0000,0.5350,1311076.1250
63.9500,-0.5146,-0.0111,4.3892,0.4576,1,1,0.0001,0.0000,-0.0028,0.0000,-0.0009,0.0000,-0.0008,0.0000,0.5350,1311076.1250
63.9600,-0.4497,0.2051,4.4546,0.4576,1,1,0.0001,0.0000,-0.0028,0.0000,-0.0009,0.0000,-0.0008,0.0000,0.5350,1311076.1250
63.9702,-0.2855,0.3337,4.3742,0.4576,1,1,0.0001,0.0000,-0.0028,0.0000,-0.0009,0.0000,-0.0008,0.0000,0.5350,1311076.1250
63.9803,-0.3178,-0.1139,4.1652,0.4576,1,1,0.0001,0.0000,-0.0028,0.0000,-0.0009,0.0000,-0.0008,0.0000,0.5350,1311076.1250
63.9899,-0.3155,-0.0883,4.1735,0.4576,1,1,0.0001,0.0000,-0.0027,0.0000,-0.0009,0.0000,-0.0008,0.0000,0.5350,1311076.1250
64.0000,-0.5098,0.1111,4.1050,0.4576,1,1,0.0001,0.0000,-0.0027,0.0000,-0.0009,0.0000,-0.0008,0.0000,0.5350,1311076.1250
64.0100,-0.5324,-0.4039,4.2974,0.4576,1,1,0.0001,0.0000,-0.0027,0.0000,-0.0009,0.0000,-0.0008,0.0000,0.5350,1311076.1250
64.0204,-0.4347,-0.2631,4.4169,0.4576,1,1,0.0001,0.0000,-0.0027,0.0000,-0.0008,0.0000,-0.0008,0.0000,0.5350,1311076.1250
64.0303,-0.3926,0.2083,4.3768,0.4576,1,1,0.0001,0.0000,-0.0027,0.0000,-0.0008,0.0000,-0.0008,0.0000,0.5350,1311076.1250
64.0400,-0.3966,0.4222,4.2856,0.4576,1,1,0.0001,0.0000,-0.0027,0.0000,-0.0008,0.0000,-0.0008,0.0000,0.5350,1311076.1250
64.0499,-0.2851,0.5841,4.2437,0.4576,1,1,0.0001,0.0000,-0.0026,0.0000,-0.0008,0.0000,-0.0007,0.0000,0.5350,1311076.1250
64.0600,-0.2917,0.1083,4.2364,0.4576,1,1,0.0001,0.0000,-0.0026,0.0000,-0.0008,0.0000,-0.0007,0.0000,0.5350,1311076.1250
64.0703,-0.4403,-0.0356,4.2603,0.4576,1,1,0.0001,0.0000,-0.0026,0.0000,-0.0008,0.0000,-0.0007,0.0000,0.5350,1311076.1250
64.0804,-0.4955,0.3849,4.2593,0.4576,1,1,0.0001,0.0000,-0.0026,0.0000,-0.0008,0.0000,-0.0007,0.0000,0.5350,1311076.1250
64.0899,-0.2443,-0.0772,4.3781,0.4576,1,1,0.0001,0.0000,-0.0026,0.0000,-0.0008,0.0000,-0.0007,0.0000,0.5350,1311076.1250
64.1000,-0.2263,-0.1608,4.2991,0.4576,1,1,0.0001,0.0000,-0.0026,0.0000,-0.0008,0.0000,-0.0007,0.0000,0.5300,1312830.5000
64.1099,-0.3389,0.1038,4.1512,0.4576,1,1,0.0001,0.0000,-0.0025,0.0000,-0.0008,0.0000,-0.0007,0.0000,0.5300,1312830.5000
64.1203,-0.4651,-0.0375,4.1530,0.4576,1,1,0.0001,0.0000,-0.0025,0.0000,-0.0008,0.0000,-0.0007,0.0000,0.5300,1312830.5000
64.1303,-0.5193,0.0716,4.1645,0.4576,1,1,0.0001,0.0000,-0.0025,0.0000,-0.0008,0.0000,-0.0007,0.0000,0.5300,1312830.5000
64.1400,-0.2027,-0.0489,4.3049,0.4576,1,1,0.0001,0.0000,-0.0025,0.0000,-0.0008,0.0000,-0.0007,0.0000,0.5300,1312830.5000
64.1500,-0.2713,-0.0445,4.3855,0.4576,1,1,0.0001,0.0000,-0.0025,0.0000,-0.0008,0.0000,-0.0007,0.0000,0.5300,1312830.5000
64.1600,-0.5683,0.6860,4.1645,0.4576,1,1,0.0001,0.0000,-0.0025,0.0000,-0.0008,0.0000,-0.0007,0.0000,0.5300,1312830.5000
64.1702,-0.3157,0.5008,4.3586,0.4576,1,1,0.0001,0.0000,-0.0024,0.0000,-0.0008,0.0000,-0.0007,0.0000,0.5300,1312830.5000
64.1802,-0.2305,0.1232,4.3144,0.4576,1,1,0.0001,0.0000,-0.0024,0.0000,-0.0008,0.0000,-0.0007,0.0000,0.5300,1312830.5000
64.1899,-0.5328,0.3246,4.2005,0.4576,1,1,0.0001,0.0000,-0.0024,0.0000,-0.0008,0.0000,-0.0007,0.0000,0.5300,1312830.5000
64.2000,-0.2948,0.0664,4.2726,0.4576,1,1,0.0001,0.0000,-0.0024,0.0000,-0.0008,0.0000,-0.0007,0.0000,0.5300,1312830.5000
64.2099,-0.2509,-0.2483,4.2465,0.4576,1,1,0.0001,0.0000,-0.0024,0.0000,-0.0008,0.0000,-0.0007,0.0000,0.5300,1312830.5000
64.2203,-0.2815,-0.1756,4.1920,0.4576,1,1,0.0001,0.0000,-0.0024,0.0000,-0.0007,0.0000,-0.0007,0.0000,0.5300,1312830.5000
64.2302,-0.2302,-0.2172,4.3134,0.4576,1,1,0.0001,0.0000,-0.0024,0.0000,-0.0007,0.0000,-0.0007,0.0000,0.5300,1312830.5000
64.2400,-0.4679,0.1960,4.2133,0.4576,1,1,0.0001,0.0000,-0.0023,0.0000,-0.0007,0.0000,-0.0007,0.0000,0.5300,1312830.5000
64.2499,-0.5115,0.3031,4.2272,0.4576,1,1,0.0001,0.0000,-0.0023,0.0000,-0.0007,0.0000,-0.0007,0.0000,0.5300,1312830.5000
64.2600,-0.1672,-0.2054,4.3533,0.4576,1,1,0.0001,0.0000,-0.0023,0.0000,-0.0007,0.0000,-0.0007,0.0000,0.5300,1312830.5000
64.2703,-0.4137,0.1682,4.2025,0.4576,1,1,0.0001,0.0000,-0.0023,0.0000,-0.0007,0.0000,-0.0007,0.0000,0.5300,1312830.5000
64.2803,-0.4279,0.5204,4.1208,0.4576,1,1,0.0001,0.0000,-0.0023,0.0000,-0.0007,0.0000,-0.0006,0.0000,0.5300,1312830.5000
64.2899,-0.1664,0.1471,4.2948,0.4576,1,1,0.0001,0.0000,-0.0023,0.0000,-0.0007,0.0000,-0.0006,0.0000,0.5300,1312830.5000
64.3000,-0.2459,0.2329,4.2384,0.4576,1,1,0.0001,0.0000,-0.0023,0.0000,-0.0007,0.0000,-0.0006,0.0000,0.5300,1312830.5000
64.3099,-0.2971,-0.0499,4.3182,0.4576,1,1,0.0001,0.0000,-0.0022,0.0000,-0.0007,0.0000,-0.0006,0.0000,0.5300,1312830.5000
64.3203,-0.2718,-0.1911,4.3288,0.4576,1,1,0.0001,0.0000,-0.0022,0.0000,-0.0007,0.0000,-0.0006,0.0000,0.5300,1312830.5000
64.3303,-0.3870,0.0501,4.1342,0.4576,1,1,0.0001,0.0000,-0.0022,0.0000,-0.0007,0.0000,-0.0006,0.0000,0.5300,1312830.5000
64.3400,-0.1005,-0.3011,4.1797,0.4576,1,1,0.0001,0.0000,-0.0022,0.0000,-0.0007,0.0000,-0.0006,0.0000,0.5300,1312830.5000
64.3499,-0.3206,0.0615,4.1584,0.4576,1,1,0.0001,0.0000,-0.0022,0.0000,-0.0007,0.0000,-0.0006,0.0000,0.5300,1312830.5000
64.3600,-0.5266,0.5543,4.1480,0.4576,1,1,0.0001,0.0000,-0.0022,0.0000,-0.0007,0.0000,-0.0006,0.0000,0.5300,1312830.5000
64.3702,-0.1883,-0.0090,4.5348,0.4576,1,1,0.0001,0.0000,-0.0022,0.0000,-0.0007,0.0000,-0.0006,0.0000,0.5300,1312830.5000
64.3802,-0.2709,0.0498,4.5548,0.4576,1,1,0.0001,0.0000,-0.0021,0.0000,-0.0007,0.0000,-0.0006,0.0000,0.5300,1312830.5000
64.3900,-0.4876,0.4843,4.4114,0.4576,1,1,0.0001,0.0000,-0.0021,0.0000,-0.0007,0.0000,-0.0006,0.0000,0.5300,1312830.5000
64.4000,-0.0265,0.1780,4.5715,0.4576,1,1,0.0001,0.0000,-0.0021,0.0000,-0.0007,0.0000,-0.0006,0.0000,0.5300,1312830.5000
64.4099,-0.0247,0.1027,4.3323,0.4576,1,1,0.0001,0.0000,-0.0021,0.0000,-0.0007,0.0000,-0.0006,0.0000,0.5300,1312830.5000
64.4203,-0.1689,0.1574,4.2627,0.4576,1,1,0.0001,0.0000,-0.0021,0.0000,-0.0007,0.0000,-0.0006,0.0000,0.5300,1312830.5000
64.4302,-0.2739,-0.1190,4.4113,0.4576,1,1,0.0001,0.0000,-0.0021,0.0000,-0.0007,0.0000,-0.0006,0.0000,0.5300,1312830.5000
64.4400,-0.4855,-0.0287,4.2964,0.4576,1,1,0.0001,0.0000,-0.0021,0.0000,-0.0007,0.0000,-0.0006,0.0000,0.5300,1312830.5000
64.4499,-0.2650,-0.1711,4.3988,0.4576,1,1,0.0001,0.0000,-0.0021,0.0000,-0.0006,0.0000,-0.0006,0.0000,0.5300,1312830.5000
64.4599,-0.1811,-0.1037,4.4065,0.4576,1,1,0.0001,0.0000,-0.0020,0.0000,-0.0006,0.0000,-0.0006,0.0000,0.5300,1312830.5000
64.4703,-0.5524,0.6582,4.1283,0.4576,1,1,0.0001,0.0000,-0.0020,0.0000,-0.0006,0.0000,-0.0006,0.0000,0.5300,1312830.5000
64.4804,-0.2136,0.6585,4.3078,0.4576,1,1,0.0001,0.0000,-0.0020,0.0000,-0.0006,0.0000,-0.0006,0.0000,0.5300,1312830.5000
64.4899,-0.0569,0.2582,4.4108,0.4576,1,1,0.0001,0.0000,-0.0020,0.0000,-0.0006,0.0000,-0.0006,0.0000,0.5300,1312830.5000
64.5000,-0.2855,0.4200,4.3455,0.4576,1,1,0.0001,0.0000,-0.0020,0.0000,-0.0006,0.0000,-0.0006,0.0000,0.5300,1312830.5000
64.5099,-0.1239,0.1581,4.4664,0.4576,1,1,0.0001,0.0000,-0.0020,0.0000,-0.0006,0.0000,-0.0006,0.0000,0.5300,1312830.5000
64.5203,-0.0924,-0.2181,4.3944,0.4576,1,1,0.0001,0.0000,-0.0020,0.0000,-0.0006,0.0000,-0.0006,0.0000,0.5300,1312830.5000
64.5303,-0.0739,-0.0345,4.3432,0.4576,1,1,0.0001,0.0000,-0.0020,0.0000,-0.0006,0.0000,-0.0006,0.0000,0.5300,1312830.5000
64.5400,-0.0107,-0.0954,4.4356,0.4576,1,1,0.0001,0.0000,-0.0019,0.0000,-0.0006,0.0000,-0.0006,0.0000,0.5300,1312830.5000
64.5499,-0.3609,0.0572,4.3202,0.4576,1,1,0.0001,0.0000,-0.0019,0.0000,-0.0006,0.0000,-0.0005,0.0000,0.5300,1312830.5000
64.5600,-0.3908,0.3397,4.2960,0.4576,1,1,0.0001,0.0000,-0.0019,0.0000,-0.0006,0.0000,-0.0005,0.0000,0.5300,1312830.5000
64.5702,-0.2052,0.0699,4.4831,0.4576,1,1,0.0001,0.0000,-0.0019,0.0000,-0.0006,0.0000,-0.0005,0.0000,0.5300,1312830.5000
64.5803,-0.4185,0.4167,4.3215,0.4576,1,1,0.0001,0.0000,-0.0019,0.0000,-0.0006,0.0000,-0.0005,0.0000,0.5300,1312830.5000
64.5900,-0.2791,0.6990,4.4455,0.4576,1,1,0.0001,0.0000,-0.0019,0.0000,-0.0006,0.0000,-0.0005,0.0000,0.5300,1312830.5000
64.6000,-0.0222,0.0221,4.5096,0.4576,1,1,0.0001,0.0000,-0.0019,0.0000,-0.0006,0.0000,-0.0005,0.0000,0.5300,1312830.5000
64.6099,-0.1442,-0.0344,4.4580,0.4576,1,1,0.0001,0.0000,-0.0019,0.0000,-0.0006,0.0000,-0.0005,0.0000,0.5300,1312830.5000
64.6204,-0.2031,0.0872,4.4417,0.4576,1,1,0.0001,0.0000,-0.0018,0.0000,-0.0006,0.0000,-0.0005,0.0000,0.5300,1312830.5000
64.6302,-0.4153,-0.0971,4.4489,0.4576,1,1,0.0001,0.0000,-0.0018,0.0000,-0.0006,0.0000,-0.0005,0.0000,0.5300,1312830.5000
64.6400,-0.4299,0.0911,4.3144,0.4576,1,1,0.0001,0.0000,-0.0018,0.0000,-0.0006,0.0000,-0.0005,0.0000,0.5300,1312830.5000
64.6499,-0.1834,-0.0406,4.4856,0.4576,1,1,0.0001,0.0000,-0.0018,0.0000,-0.0006,0.0000,-0.0005,0.0000,0.5300,1312830.5000
64.6600,-0.3725,0.0734,4.4238,0.4576,1,1,0.0001,0.0000,-0.0018,0.0000,-0.0006,0.0000,-0.0005,0.0000,0.5300,1312830.5000
64.6702,-0.5101,0.7156,4.3841,0.4576,1,1,0.0001,0.0000,-0.0018,0.0000,-0.0006,0.0000,-0.0005,0.0000,0.5300,1312830.5000
64.6804,-0.0897,0.3466,4.5792,0.4576,1,1,0.0001,0.0000,-0.0018,0.0000,-0.0006,0.0000,-0.0005,0.0000,0.5300,1312830.5000
64.6900,-0.1539,0.1704,4.5071,0.4576,1,1,0.0001,0.0000,-0.0018,0.0000,-0.0006,0.0000,-0.0005,0.0000,0.5300,1312830.5000
64.7000,-0.2366,0.5259,4.4490,0.4576,1,1,0.0001,0.0000,-0.0018,0.0000,-0.0006,0.0000,-0.0005,0.0000,0.5300,1312830.5000
64.7099,-0.1471,0.0388,4.5953,0.4576,1,1,0.0001,0.0000,-0.0017,0.0000,-0.0006,0.0000,-0.0005,0.0000,0.5300,1312830.5000
64.7202,-0.0973,-0.2580,4.5528,0.4576,1,1,0.0001,0.0000,-0.0017,0.0000,-0.0005,0.0000,-0.0005,0.0000,0.5300,1312830.5000
64.7302,-0.0907,-0.0604,4.6763,0.4576,1,1,0.0001,0.0000,-0.0017,0.0000,-0.0005,0.0000,-0.0005,0.0000,0.5300,1312830.5000
64.7400,-0.3148,-0.0384,4.5744,0.4576,1,1,0.0001,0.0000,-0.0017,0.0000,-0.0005,0.0000,-0.0005,0.0000,0.5300,1312830.5000
64.7500,-0.2894,0.3111,4.5165,0.4576,1,1,0.0001,0.0000,-0.0017,0.0000,-0.0005,0.0000,-0.0005,0.0000,0.5300,1312830.5000
64.7599,-0.0132,0.5431,4.6355,0.4576,1,1,0.0001,0.0000,-0.0017,0.0000,-0.0005,0.0000,-0.0005,0.0000,0.5300,1312830.5000
64.7702,-0.2717,0.5047,4.4290,0.4576,1,1,0.0001,0.0000,-0.0017,0.0000,-0.0005,0.0000,-0.0005,0.0000,0.5300,1312830.5000
64.7802,-0.3935,0.6656,4.3641,0.4576,1,1,0.0001,0.0000,-0.0017,0.0000,-0.0005,0.0000,-0.0005,0.0000,0.5300,1312830.5000
64.7900,-0.0651,0.4766,4.5212,0.4576,1,1,0.0001,0.0000,-0.0017,0.0000,-0.0005,0.0000,-0.0005,0.0000,0.5300,1312830.5000
64.8000,-0.0346,0.0193,4.5065,0.4576,1,1,0.0001,0.0000,-0.0017,0.0000,-0.0005,0.0000,-0.0005,0.0000,0.5300,1312830.5000
64.8099,0.0177,0.1429,4.6125,0.4576,1,1,0.0001,0.0000,-0.0016,0.0000,-0.0005,0.0000,-0.0005,0.0000,0.5300,1312830.5000
64.8203,-0.0815,0.2096,4.5837,0.4576,1,1,0.0001,0.0000,-0.0016,0.0000,-0.0005,0.0000,-0.0005,0.0000,0.5300,1312830.5000
64.8302,-0.2397,-0.1911,4.4708,0.4576,1,1,0.0001,0.0000,-0.0016,0.0000,-0.0005,0.0000,-0.0005,0.0000,0.5300,1312830.5000
64.8400,0.0014,-0.0439,4.5175,0.4576,1,1,0.0001,0.0000,-0.0016,0.0000,-0.0005,0.0000,-0.0005,0.0000,0.5300,1312830.5000
64.8499,-0.0371,0.2260,4.4671,0.4576,1,1,0.0001,0.0000,-0.0016,0.0000,-0.0005,0.0000,-0.0005,0.0000,0.5300,1312830.5000
64.8600,-0.0822,0.5409,4.3699,0.4576,1,1,0.0001,0.0000,-0.0016,0.0000,-0.0005,0.0000,-0.0005,0.0000,0.5300,1312830.5000
64.8703,0.1961,0.8440,4.5543,0.4576,1,1,0.0001,0.0000,-0.0016,0.0000,-0.0005,0.0000,-0.0004,0.0000,0.5300,1312830.5000
64.8804,0.1906,0.4167,4.5310,0.4576,1,1,0.0001,0.0000,-0.0016,0.0000,-0.0005,0.0000,-0.0004,0.0000,0.5300,1312830.5000
64.8900,0.1230,0.0770,4.5988,0.4576,1,1,0.0001,0.0000,-0.0016,0.0000,-0.0005,0.0000,-0.0004,0.0000,0.5300,1312830.5000
64.9000,0.0269,0.2509,4.5621,0.4576,1,1,0.0001,0.0000,-0.0016,0.0000,-0.0005,0.0000,-0.0004,0.0000,0.5300,1312830.5000
64.9099,-0.1450,-0.1092,4.4032,0.4576,1,1,0.0001,0.0000,-0.0015,0.0000,-0.0005,0.0000,-0.0004,0.0000,0.5300,1312830.5000
64.9202,0.2556,-0.1737,4.5181,0.4576,1,1,0.0001,0.0000,-0.0015,0.0000,-0.0005,0.0000,-0.0004,0.0000,0.5300,1312830.5000
64.9303,0.2423,0.2897,4.5213,0.4576,1,1,0.0001,0.0000,-0.0015,0.0000,-0.0005,0.0000,-0.0004,0.0000,0.5300,1312830.5000
64.9400,-0.0265,0.4814,4.4421,0.4576,1,1,0.0001,0.0000,-0.0015,0.0000,-0.0005,0.0000,-0.0004,0.0000,0.5300,1312830.5000
64.9499,0.1988,0.4088,4.6769,0.4576,1,1,0.0001,0.0000,-0.0015,0.0000,-0.0005,0.0000,-0.0004,0.0000,0.5300,1312830.5000
64.9600,0.1767,0.5042,4.6433,0.4576,1,1,0.0001,0.0000,-0.0015,0.0000,-0.0005,0.0000,-0.0004,0.0000,0.5300,1312830.5000
64.9703,0.0806,0.4895,4.5576,0.4576,1,1,0.0001,0.0000,-0.0015,0.0000,-0.0005,0.0000,-0.0004,0.0000,0.5300,1312830.5000
64.9803,0.1826,0.5314,4.6087,0.4576,1,1,0.0001,0.0000,-0.0015,0.0000,-0.0005,0.0000,-0.0004,0.0000,0.5300,1312830.5000
64.9899,0.2339,0.2453,4.5815,0.4576,1,1,0.0001,0.0000,-0.0015,0.0000,-0.0005,0.0000,-0.0004,0.0000,0.5300,1312830.5000
65.0000,0.2972,-0.2959,4.6303,0.4576,1,1,0.0001,0.0000,-0.0015,0.0000,-0.0005,0.0000,-0.0004,0.0000,0.5300,1312830.5000
65.0099,-0.0038,0.0030,4.5850,0.4576,1,1,0.0001,0.0000,-0.0014,0.0000,-0.0005,0.0000,-0.0004,0.0000,0.5300,1312830.5000
65.0204,-0.2890,0.3221,4.4112,0.4576,1,1,0.0001,0.0000,-0.0014,0.0000,-0.0005,0.0000,-0.0004,0.0000,0.5300,1312830.5000
65.0303,-0.0998,0.1385,4.4533,0.4576,1,1,0.0001,0.0000,-0.0014,0.0000,-0.0005,0.0000,-0.0004,0.0000,0.5300,1312830.5000
65.0400,0.1455,0.3843,4.4978,0.4576,1,1,0.0001,0.0000,-0.0014,0.0000,-0.0004,0.0000,-0.0004,0.0000,0.5300,1312830.5000
65.0499,-0.0123,0.5825,4.4289,0.4576,1,1,0.0001,0.0000,-0.0014,0.0000,-0.0004,0.0000,-0.0004,0.0000,0.5300,1312830.5000
65.0600,-0.0759,0.7352,4.4835,0.4576,1,1,0.0001,0.0000,-0.0014,0.0000,-0.0004,0.0000,-0.0004,0.0000,0.5300,1312830.5000
65.0702,0.0014,0.7904,4.4725,0.4576,1,1,0.0001,0.0000,-0.0014,0.0000,-0.0004,0.0000,-0.0004,0.0000,0.5300,1312830.5000
65.0804,0.0246,0.0474,4.4396,0.4576,1,1,0.0001,0.0000,-0.0014,0.0000,-0.0004,0.0000,-0.0004,0.0000,0.5300,1312830.5000
65.0899,0.0411,-0.0336,4.4601,0.4576,1,1,0.0001,0.0000,-0.0014,0.0000,-0.0004,0.0000,-0.0004,0.0000,0.5300,1312830.5000
65.1000,-0.0606,0.3088,4.3925,0.4576,1,1,0.0001,0.0000,-0.0014,0.0000,-0.0004,0.0000,-0.0004,0.0000,0.5300,1312830.5000
65.1099,-0.1561,0.1278,4.4610,0.4576,1,1,0.0001,0.0000,-0.0014,0.0000,-0.0004,0.0000,-0.0004,0.0000,0.5300,1312830.5000
65.1203,-0.0533,0.1974,4.5274,0.4576,1,1,0.0001,0.0000,-0.0014,0.0000,-0.0004,0.0000,-0.0004,0.0000,0.5300,1312830.5000
65.1302,0.0351,0.0830,4.6648,0.4576,1,1,0.0001,0.0000,-0.0013,0.0000,-0.0004,0.0000,-0.0004,0.0000,0.5300,1312830.5000
65.1400,-0.1362,0.2285,4.6525,0.4576,1,1,0.0001,0.0000,-0.0013,0.0000,-0.0004,0.0000,-0.0004,0.0000,0.5300,1312830.5000
65.1500,-0.2395,0.8755,4.5376,0.4576,1,1,0.0001,0.0000,-0.0013,0.0000,-0.0004,0.0000,-0.0004,0.0000,0.5300,1312830.5000
65.1600,0.0955,0.5053,4.5412,0.4576,1,1,0.0001,0.0000,-0.0013,0.0000,-0.0004,0.0000,-0.0004,0.0000,0.5300,1312830.5000
65.1702,0.1076,0.2925,4.5247,0.4576,1,1,0.0001,0.0000,-0.0013,0.0000,-0.0004,0.0000,-0.0004,0.0000,0.5300,1312830.5000
65.1803,-0.1373,0.4554,4.3417,0.4576,1,1,0.0001,0.0000,-0.0013,0.0000,-0.0004,0.0000,-0.0004,0.0000,0.5300,1312830.5000
65.1900,-0.1085,0.1330,4.4930,0.4576,1,1,0.0001,0.0000,-0.0013,0.0000,-0.0004,0.0000,-0.0004,0.0000,0.5300,1312830.5000
65.2000,-0.1528,0.0195,4.3438,0.4576,1,1,0.0001,0.0000,-0.0013,0.0000,-0.0004,0.0000,-0.0004,0.0000,0.5300,1312830.5000
65.2099,0.0127,-0.1516,4.4410,0.4576,1,1,0.0001,0.0000,-0.0013,0.0000,-0.0004,0.0000,-0.0004,0.0000,0.5300,1312830.5000
65.2204,0.0732,0.0380,4.5022,0.4576,1,1,0.0001,0.0000,-0.0013,0.0000,-0.0004,0.0000,-0.0004,0.0000,0.5300,1312830.5000
65.2302,-0.3241,0.6917,4.4040,0.4576,1,1,0.0001,0.0000,-0.0013,0.0000,-0.0004,0.0000,-0.0004,0.0000,0.5300,1312830.5000
65.2400,-0.2304,0.5375,4.5295,0.4576,1,1,0.0001,0.0000,-0.0013,0.0000,-0.0004,0.0000,-0.0004,0.0000,0.5300,1312830.5000
65.2499,0.0077,0.3808,4.6509,0.4576,1,1,0.0001,0.0000,-0.0012,0.0000,-0.0004,0.0000,-0.0004,0.0000,0.5300,1312830.5000
65.2600,-0.0144,0.4201,4.5622,0.4576,1,1,0.0001,0.0000,-0.0012,0.0000,-0.0004,0.0000,-0.0004,0.0000,0.5300,1312830.5000
65.2702,-0.1596,0.3728,4.4846,0.4576,1,1,0.0001,0.0000,-0.0012,0.0000,-0.0004,0.0000,-0.0003,0.0000,0.5300,1312830.5000
65.2804,-0.1289,0.6097,4.4033,0.4576,1,1,0.0001,0.0000,-0.0012,0.0000,-0.0004,0.0000,-0.0003,0.0000,0.5300,1312830.5000
65.2899,-0.1066,0.1234,4.4403,0.4576,1,1,0.0001,0.0000,-0.0012,0.0000,-0.0004,0.0000,-0.0003,0.0000,0.5300,1312830.5000
65.2999,0.0251,-0.2700,4.4682,0.4576,1,1,0.0001,0.0000,-0.0012,0.0000,-0.0004,0.0000,-0.0003,0.0000,0.5300,1312830.5000
65.3099,-0.0441,-0.0868,4.4747,0.4576,1,1,0.0001,0.0000,-0.0012,0.0000,-0.0004,0.0000,-0.0003,0.0000,0.5300,1312830.5000
65.3203,-0.2825,0.2093,4.4947,0.4576,1,1,0.0000,0.0000,-0.0012,0.0000,-0.0004,0.0000,-0.0003,0.0000,0.5300,1312830.5000
65.3302,-0.3330,0.4939,4.4477,0.4576,1,1,0.0000,0.0000,-0.0012,0.0000,-0.0004,0.0000,-0.0003,0.0000,0.5300,1312830.5000
65.3401,0.0492,0.3555,4.6798,0.4576,1,1,0.0000,0.0000,-0.0012,0.0000,-0.0004,0.0000,-0.0003,0.0000,0.5300,1312830.5000
65.3500,0.0808,0.3494,4.6991,0.4576,1,1,0.0000,0.0000,-0.0012,0.0000,-0.0004,0.0000,-0.0003,0.0000,0.5300,1312830.5000
65.3600,-0.1101,0.7582,4.5985,0.4576,1,1,0.0000,0.0000,-0.0012,0.0000,-0.0004,0.0000,-0.0003,0.0000,0.5300,1312830.5000
65.3702,0.0482,0.4055,4.6674,0.4576,1,1,0.0000,0.0000,-0.0012,0.0000,-0.0004,0.0000,-0.0003,0.0000,0.5300,1312830.5000
65.3803,0.0704,0.1775,4.6651,0.4576,1,1,0.0000,0.0000,-0.0011,0.0000,-0.0004,0.0000,-0.0003,0.0000,0.5300,1312830.5000
65.3899,-0.0856,-0.0114,4.5494,0.4576,1,1,0.0000,0.0000,-0.0011,0.0000,-0.0004,0.0000,-0.0003,0.0000,0.5300,1312830.5000
65.4000,-0.0826,-0.1104,4.6293,0.4576,1,1,0.0000,0.0000,-0.0011,0.0000,-0.0004,0.0000,-0.0003,0.0000,0.5300,1312830.5000
65.4099,-0.3552,0.2840,4.4280,0.4576,1,1,0.0000,0.0000,-0.0011,0.0000,-0.0004,0.0000,-0.0003,0.0000,0.5300,1312830.5000
65.4203,-0.1431,0.2583,4.4419,0.4576,1,1,0.0000,0.0000,-0.0011,0.0000,-0.0004,0.0000,-0.0003,0.0000,0.5300,1312830.5000
65.4302,0.0952,0.3149,4.5919,0.4576,1,1,0.0000,0.0000,-0.0011,0.0000,-0.0004,0.0000,-0.0003,0.0000,0.5300,1312830.5000
65.4400,-0.3329,0.8563,4.5051,0.4576,1,1,0.0000,0.0000,-0.0011,0.0000,-0.0003,0.0000,-0.0003,0.0000,0.5300,1312830.5000
65.4499,-0.2456,0.6586,4.7204,0.4576,1,1,0.0000,0.0000,-0.0011,0.0000,-0.0003,0.0000,-0.0003,0.0000,0.5300,1312830.5000
65.4600,0.1254,0.3136,4.9389,0.4576,1,1,0.0000,0.0000,-0.0011,0.0000,-0.0003,0.0000,-0.0003,0.0000,0.5300,1312830.5000
65.4702,-0.0081,0.1007,4.7933,0.4576,1,1,0.0000,0.0000,-0.0011,0.0000,-0.0003,0.0000,-0.0003,0.0000,0.5300,1312830.5000
65.4803,0.0468,-0.0702,4.7556,0.4576,1,1,0.0000,0.0000,-0.0011,0.0000,-0.0003,0.0000,-0.0003,0.0000,0.5300,1312830.5000
65.4899,-0.2471,0.3537,4.5173,0.4576,1,1,0.0000,0.0000,-0.0011,0.0000,-0.0003,0.0000,-0.0003,0.0000,0.5300,1312830.5000
65.5000,-0.4714,0.3193,4.4302,0.4576,1,1,0.0000,0.0000,-0.0011,0.0000,-0.0003,0.0000,-0.0003,0.0000,0.5300,1312830.5000
65.5099,-0.2124,-0.0043,4.6635,0.4576,1,1,0.0000,0.0000,-0.0011,0.0000,-0.0003,0.0000,-0.0003,0.0000,0.5300,1312830.5000
65.5203,-0.3131,0.3344,4.6549,0.4576,1,1,0.0000,0.0000,-0.0011,0.0000,-0.0003,0.0000,-0.0003,0.0000,0.5300,1312830.5000
65.5302,-0.4558,0.6473,4.6186,0.4576,1,1,0.0000,0.0000,-0.0010,0.0000,-0.0003,0.0000,-0.0003,0.0000,0.5300,1312830.5000
65.5400,-0.3475,0.9119,4.6048,0.4576,1,1,0.0000,0.0000,-0.0010,0.0000,-0.0003,0.0000,-0.0003,0.0000,0.5300,1312830.5000
65.5499,-0.1273,0.6271,4.5560,0.4576,1,1,0.0000,0.0000,-0.0010,0.0000,-0.0003,0.0000,-0.0003,0.0000,0.5300,1312830.5000
65.5599,-0.0361,-0.1470,4.5950,0.4576,1,1,0.0000,0.0000,-0.0010,0.0000,-0.0003,0.0000,-0.0003,0.0000,0.5300,1312830.5000
65.5702,-0.2476,-0.0694,4.6183,0.4576,1,1,0.0000,0.0000,-0.0010,0.0000,-0.0003,0.0000,-0.0003,0.0000,0.5300,1312830.5000
65.5803,-0.5186,0.1347,4.6647,0.4576,1,1,0.0000,0.0000,-0.0010,0.0000,-0.0003,0.0000,-0.0003,0.0000,0.5300,1312830.5000
65.5900,-0.3736,-0.0142,4.7953,0.4576,1,1,0.0000,0.0000,-0.0010,0.0000,-0.0003,0.0000,-0.0003,0.0000,0.5300,1312830.5000
65.6000,-0.1873,0.2027,4.7654,0.4576,1,1,0.0000,0.0000,-0.0010,0.0000,-0.0003,0.0000,-0.0003,0.0000,0.5300,1312830.5000
65.6100,-0.2395,0.3745,4.6779,0.4576,1,1,0.0000,0.0000,-0.0010,0.0000,-0.0003,0.0000,-0.0003,0.0000,0.5300,1312830.5000
65.6204,-0.1995,0.5861,4.5377,0.4576,1,1,0.0000,0.0000,-0.0010,0.0000,-0.0003,0.0000,-0.0003,0.0000,0.5300,1312830.5000
65.6302,-0.0503,0.5342,4.6785,0.4576,1,1,0.0000,0.0000,-0.0010,0.0000,-0.0003,0.0000,-0.0003,0.0000,0.5300,1312830.5000
65.6400,-0.1301,-0.0507,4.6709,0.4576,1,1,0.0000,0.0000,-0.0010,0.0000,-0.0003,0.0000,-0.0003,0.0000,0.5300,1312830.5000
65.6499,-0.2550,0.0919,4.6794,0.4576,1,1,0.0000,0.0000,-0.0010,0.0000,-0.0003,0.0000,-0.0003,0.0000,0.5300,1312830.5000
65.6600,-0.3624,0.2772,4.6699,0.4576,1,1,0.0000,0.0000,-0.0010,0.0000,-0.0003,0.0000,-0.0003,0.0000,0.5300,1312830.5000
65.6702,-0.2154,-0.1650,4.6124,0.4576,1,1,0.0000,0.0000,-0.0010,0.0000,-0.0003,0.0000,-0.0003,0.0000,0.5300,1312830.5000
65.6804,-0.1481,0.0321,4.6288,0.4576,1,1,0.0000,0.0000,-0.0010,0.0000,-0.0003,0.0000,-0.0003,0.0000,0.5300,1312830.5000
65.6899,-0.3514,0.2809,4.5674,0.4576,1,1,0.0000,0.0000,-0.0009,0.0000,-0.0003,0.0000,-0.0003,0.0000,0.5300,1312830.5000
65.7000,-0.5107,0.3417,4.5648,0.4576,1,1,0.0000,0.0000,-0.0009,0.0000,-0.0003,0.0000,-0.0003,0.0000,0.5300,1312830.5000
65.7099,-0.2891,0.6065,4.6401,0.4576,1,1,0.0000,0.0000,-0.0009,0.0000,-0.0003,0.0000,-0.0003,0.0000,0.5300,1312830.5000
65.7203,-0.2263,0.3644,4.5916,0.4576,1,1,0.0000,0.0000,-0.0009,0.0000,-0.0003,0.0000,-0.0003,0.0000,0.5300,1312830.5000
65.7302,-0.3022,0.4150,4.5348,0.4576,1,1,0.0000,0.0000,-0.0009,0.0000,-0.0003,0.0000,-0.0003,0.0000,0.5300,1312830.5000
65.7400,-0.2309,0.5612,4.5898,0.4576,1,1,0.0000,0.0000,-0.0009,0.0000,-0.0003,0.0000,-0.0003,0.0000,0.5300,1312830.5000
65.7499,-0.2157,-0.2187,4.6261,0.4576,1,1,0.0000,0.0000,-0.0009,0.0000,-0.0003,0.0000,-0.0003,0.0000,0.5300,1312830.5000
65.7600,-0.1606,-0.3653,4.6705,0.4576,1,1,0.0000,0.0000,-0.0009,0.0000,-0.0003,0.0000,-0.0003,0.0000,0.5300,1312830.5000
65.7701,-0.1752,-0.1209,4.6865,0.4576,1,1,0.0000,0.0000,-0.0009,0.0000,-0.0003,0.0000,-0.0003,0.0000,0.5300,1312830.5000
65.7802,-0.5701,0.2527,4.6915,0.4576,1,1,0.0000,0.0000,-0.0009,0.0000,-0.0003,0.0000,-0.0003,0.0000,0.5300,1312830.5000
65.7900,-0.6184,0.9088,4.6553,0.4576,1,1,0.0000,0.0000,-0.0009,0.0000,-0.0003,0.0000,-0.0003,0.0000,0.5300,1312830.5000
65.8000,-0.2523,0.5617,4.8630,0.4576,1,1,0.0000,0.0000,-0.0009,0.0000,-0.0003,0.0000,-0.0003,0.0000,0.5300,1312830.5000
65.8099,-0.2327,0.1519,4.7355,0.4576,1,1,0.0000,0.0000,-0.0009,0.0000,-0.0003,0.0000,-0.0002,0.0000,0.5300,1312830.5000
65.8204,-0.3479,0.4628,4.6257,0.4576,1,1,0.0000,0.0000,-0.0009,0.0000,-0.0003,0.0000,-0.0002,0.0000,0.5300,1312830.5000
65.8302,-0.2767,0.1214,4.6089,0.4576,1,1,0.0000,0.0000,-0.0009,0.0000,-0.0003,0.0000,-0.0002,0.0000,0.5300,1312830.5000
65.8400,-0.3805,-0.0405,4.5347,0.4576,1,1,0.0000,0.0000,-0.0009,0.0000,-0.0003,0.0000,-0.0002,0.0000,0.5300,1312830.5000
65.8499,-0.4025,-0.0098,4.4565,0.4576,1,1,0.0000,0.0000,-0.0009,0.0000,-0.0003,0.0000,-0.0002,0.0000,0.5300,1312830.5000
65.8600,-0.4198,-0.0940,4.5781,0.4576,1,1,0.0000,0.0000,-0.0009,0.0000,-0.0003,0.0000,-0.0002,0.0000,0.5300,1312830.5000
65.8702,-0.6463,0.1793,4.4645,0.4576,1,1,0.0000,0.0000,-0.0008,0.0000,-0.0003,0.0000,-0.0002,0.0000,0.5300,1312830.5000
65.8803,-0.3553,0.0943,4.6542,0.4576,1,1,0.0000,0.0000,-0.0008,0.0000,-0.0003,0.0000,-0.0002,0.0000,0.5300,1312830.5000
65.8899,-0.2565,0.1035,4.7276,0.4576,1,1,0.0000,0.0000,-0.0008,0.0000,-0.0003,0.0000,-0.0002,0.0000,0.5300,1312830.5000
65.9000,-0.5790,0.6445,4.5203,0.4576,1,1,0.0000,0.0000,-0.0008,0.0000,-0.0003,0.0000,-0.0002,0.0000,0.5300,1312830.5000
65.9099,-0.2845,0.4413,4.6942,0.4576,1,1,0.0000,0.0000,-0.0008,0.0000,-0.0003,0.0000,-0.0002,0.0000,0.5300,1312830.5000
65.9202,-0.2122,0.0775,4.6042,0.4576,1,1,0.0000,0.0000,-0.0008,0.0000,-0.0003,0.0000,-0.0002,0.0000,0.5300,1312830.5000
65.9302,-0.3448,0.1186,4.5169,0.4576,1,1,0.0000,0.0000,-0.0008,0.0000,-0.0003,0.0000,-0.0002,0.0000,0.5300,1312830.5000
65.9400,-0.3382,-0.0853,4.6103,0.4576,1,1,0.0000,0.0000,-0.0008,0.0000,-0.0003,0.0000,-0.0002,0.0000,0.5300,1312830.5000
65.9500,-0.6551,0.2017,4.4535,0.4576,1,1,0.0000,0.0000,-0.0008,0.0000,-0.0003,0.0000,-0.0002,0.0000,0.5300,1312830.5000
65.9600,-0.6950,0.2695,4.3806,0.4576,1,1,0.0000,0.0000,-0.0008,0.0000,-0.0003,0.0000,-0.0002,0.0000,0.5300,1312830.5000
65.9702,-0.2187,-0.1832,4.5228,0.4576,1,1,0.0000,0.0000,-0.0008,0.0000,-0.0003,0.0000,-0.0002,0.0000,0.5300,1312830.5000
65.9803,-0.4053,0.2141,4.3668,0.4576,1,1,0.0000,0.0000,-0.0008,0.0000,-0.0002,0.0000,-0.0002,0.0000,0.5300,1312830.5000
65.9900,-0.5602,0.6976,4.3738,0.4576,1,1,0.0000,0.0000,-0.0008,0.0000,-0.0002,0.0000,-0.0002,0.0000,0.5300,1312830.5000
66.0000,-0.3424,0.5146,4.5866,0.4576,1,1,0.0000,0.0000,-0.0008,0.0000,-0.0002,0.0000,-0.0002,0.0000,0.5300,1312830.5000
66.0099,-0.3823,0.3838,4.5048,0.4576,1,1,0.0000,0.0000,-0.0008,0.0000,-0.0002,0.0000,-0.0002,0.0000,0.5300,1312830.5000
66.0204,-0.3499,-0.0528,4.4867,0.4576,1,1,0.0000,0.0000,-0.0008,0.0000,-0.0002,0.0000,-0.0002,0.0000,0.5300,1312830.5000
66.0302,-0.4654,-0.0709,4.4108,0.4576,1,1,0.0000,0.0000,-0.0008,0.0000,-0.0002,0.0000,-0.0002,0.0000,0.5300,1312830.5000
66.0400,-0.6042,0.2497,4.2171,0.4576,1,1,0.0000,0.0000,-0.0008,0.0000,-0.0002,0.0000,-0.0002,0.0000,0.5300,1312830.5000
66.0500,-0.3520,-0.1574,4.2748,0.4576,1,1,0.0000,0.0000,-0.0008,0.0000,-0.0002,0.0000,-0.0002,0.0000,0.5300,1312830.5000
66.0600,-0.2924,0.0215,4.2919,0.4576,1,1,0.0000,0.0000,-0.0008,0.0000,-0.0002,0.0000,-0.0002,0.0000,0.5250,1315077.2500
66.0702,-0.4937,0.3980,4.1925,0.4576,1,1,0.0000,0.0000,-0.0007,0.0000,-0.0002,0.0000,-0.0002,0.0000,0.5250,1315077.2500
66.0803,-0.6484,0.3854,4.2657,0.4576,1,1,0.0000,0.0000,-0.0007,0.0000,-0.0002,0.0000,-0.0002,0.0000,0.5250,1315077.2500
66.0899,-0.5194,0.5552,4.3123,0.4576,1,1,0.0000,0.0000,-0.0007,0.0000,-0.0002,0.0000,-0.0002,0.0000,0.5250,1315077.2500
66.1000,-0.2862,0.2216,4.4834,0.4576,1,1,0.0000,0.0000,-0.0007,0.0000,-0.0002,0.0000,-0.0002,0.0000,0.5250,1315077.2500
66.1099,-0.3440,0.1437,4.4720,0.4576,1,1,0.0000,0.0000,-0.0007,0.0000,-0.0002,0.0000,-0.0002,0.0000,0.5250,1315077.2500
66.1203,-0.2872,0.4559,4.3482,0.4576,1,1,0.0000,0.0000,-0.0007,0.0000,-0.0002,0.0000,-0.0002,0.0000,0.5250,1315077.2500
66.1302,-0.0618,0.0522,4.4925,0.4576,1,1,0.0000,0.0000,-0.0007,0.0000,-0.0002,0.0000,-0.0002,0.0000,0.5250,1315077.2500
66.1400,-0.2024,0.0714,4.4010,0.4576,1,1,0.0000,0.0000,-0.0007,0.0000,-0.0002,0.0000,-0.0002,0.0000,0.5250,1315077.2500
66.1500,-0.3648,0.1314,4.3403,0.4576,1,1,0.0000,0.0000,-0.0007,0.0000,-0.0002,0.0000,-0.0002,0.0000,0.5250,1315077.2500
66.1600,-0.3862,-0.1080,4.4373,0.4576,1,1,0.0000,0.0000,-0.0007,0.0000,-0.0002,0.0000,-0.0002,0.0000,0.5250,1315077.2500
66.1702,-0.5789,0.0098,4.2733,0.4576,1,1,0.0000,0.0000,-0.0007,0.0000,-0.0002,0.0000,-0.0002,0.0000,0.5250,1315077.2500
66.1803,-0.2627,-0.2426,4.3118,0.4576,1,1,0.0000,0.0000,-0.0007,0.0000,-0.0002,0.0000,-0.0002,0.0000,0.5250,1315077.2500
66.1899,-0.1939,-0.1395,4.3365,0.4576,1,1,0.0000,0.0000,-0.0007,0.0000,-0.0002,0.0000,-0.0002,0.0000,0.5250,1315077.2500
66.2000,-0.6122,0.5436,4.2061,0.4576,1,1,0.0000,0.0000,-0.0007,0.0000,-0.0002,0.0000,-0.0002,0.0000,0.5250,1315077.2500
66.2099,-0.4044,0.1688,4.5043,0.4576,1,1,0.0000,0.0000,-0.0007,0.0000,-0.0002,0.0000,-0.0002,0.0000,0.5250,1315077.2500
66.2204,-0.1956,0.0219,4.6333,0.4576,1,1,0.0000,0.0000,-0.0007,0.0000,-0.0002,0.0000,-0.0002,0.0000,0.5250,1315077.2500
66.2303,-0.4220,0.1006,4.5457,0.4576,1,1,0.0000,0.0000,-0.0007,0.0000,-0.0002,0.0000,-0.0002,0.0000,0.5250,1315077.2500
66.2400,-0.4061,0.1291,4.4458,0.4576,1,1,0.0000,0.0000,-0.0007,0.0000,-0.0002,0.0000,-0.0002,0.0000,0.5250,1315077.2500
66.2500,-0.3524,0.4184,4.3854,0.4576,1,1,0.0000,0.0000,-0.0007,0.0000,-0.0002,0.0000,-0.0002,0.0000,0.5250,1315077.2500
66.2600,-0.4240,0.0202,4.3162,0.4576,1,1,0.0000,0.0000,-0.0007,0.0000,-0.0002,0.0000,-0.0002,0.0000,0.5250,1315077.2500
66.2702,-0.3227,-0.1807,4.3875,0.4576,1,1,0.0000,0.0000,-0.0007,0.0000,-0.0002,0.0000,-0.0002,0.0000,0.5250,1315077.2500
66.2804,-0.4706,0.2402,4.3257,0.4576,1,1,0.0000,0.0000,-0.0007,0.0000,-0.0002,0.0000,-0.0002,0.0000,0.5250,1315077.2500
66.2899,-0.5860,-0.0343,4.2990,0.4576,1,1,0.0000,0.0000,-0.0007,0.0000,-0.0002,0.0000,-0.0002,0.0000,0.5250,1315077.2500
66.3000,-0.4625,0.0732,4.3697,0.4576,1,1,0.0000,0.0000,-0.0006,0.0000,-0.0002,0.0000,-0.0002,0.0000,0.5250,1315077.2500
66.3100,-0.2929,0.1982,4.3477,0.4576,1,1,0.0000,0.0000,-0.0006,0.0000,-0.0002,0.0000,-0.0002,0.0000,0.5250,1315077.2500
66.3202,-0.3635,0.1445,4.3618,0.4576,1,1,0.0000,0.0000,-0.0006,0.0000,-0.0002,0.0000,-0.0002,0.0000,0.5250,1315077.2500
66.3303,-0.6261,0.7545,4.2958,0.4576,1,1,0.0000,0.0000,-0.0006,0.0000,-0.0002,0.0000,-0.0002,0.0000,0.5250,1315077.2500
66.3400,-0.3634,0.5128,4.4114,0.4576,1,1,0.0000,0.0000,-0.0006,0.0000,-0.0002,0.0000,-0.0002,0.0000,0.5250,1315077.2500
66.3499,-0.1795,0.0663,4.4810,0.4576,1,1,0.0000,0.0000,-0.0006,0.0000,-0.0002,0.0000,-0.0002,0.0000,0.5250,1315077.2500
66.3600,-0.4094,0.2112,4.2698,0.4576,1,1,0.0000,0.0000,-0.0006,0.0000,-0.0002,0.0000,-0.0002,0.0000,0.5250,1315077.2500
66.3702,-0.3437,0.1008,4.3122,0.4576,1,1,0.0000,0.0000,-0.0006,0.0000,-0.0002,0.0000,-0.0002,0.0000,0.5250,1315077.2500
66.3803,-0.3722,0.2082,4.2777,0.4576,1,1,0.0000,0.0000,-0.0006,0.0000,-0.0002,0.0000,-0.0002,0.0000,0.5250,1315077.2500
66.3899,-0.3943,-0.0435,4.1689,0.4576,1,1,0.0000,0.0000,-0.0006,0.0000,-0.0002,0.0000,-0.0002,0.0000,0.5250,1315077.2500
66.4000,-0.2656,-0.2415,4.3618,0.4576,1,1,0.0000,0.0000,-0.0006,0.0000,-0.0002,0.0000,-0.0002,0.0000,0.5250,1315077.2500
66.4098,-0.6328,0.1539,4.1884,0.4576,1,1,0.0000,0.0000,-0.0006,0.0000,-0.0002,0.0000,-0.0002,0.0000,0.5250,1315077.2500
66.4204,-0.6718,0.2515,4.2308,0.4576,1,1,0.0000,0.0000,-0.0006,0.0000,-0.0002,0.0000,-0.0002,0.0000,0.5250,1315077.2500
66.4303,-0.3109,0.4153,4.3157,0.4576,1,1,0.0000,0.0000,-0.0006,0.0000,-0.0002,0.0000,-0.0002,0.0000,0.5250,1315077.2500
66.4400,-0.1159,0.4338,4.2846,0.4576,1,1,0.0000,0.0000,-0.0006,0.0000,-0.0002,0.0000,-0.0002,0.0000,0.5250,1315077.2500
66.4499,-0.2196,0.2595,4.2405,0.4576,1,1,0.0000,0.0000,-0.0006,0.0000,-0.0002,0.0000,-0.0002,0.0000,0.5250,1315077.2500
66.4600,-0.4277,0.5188,4.1758,0.4576,1,1,0.0000,0.0000,-0.0006,0.0000,-0.0002,0.0000,-0.0002,0.0000,0.5250,1315077.2500
66.4702,-0.4429,0.3348,4.2315,0.4576,1,1,0.0000,0.0000,-0.0006,0.0000,-0.0002,0.0000,-0.0002,0.0000,0.5250,1315077.2500
66.4803,-0.3661,-0.1632,4.3197,0.4576,1,1,0.0000,0.0000,-0.0006,0.0000,-0.0002,0.0000,-0.0002,0.0000,0.5250,1315077.2500
66.4899,-0.3585,-0.3266,4.2137,0.4576,1,1,0.0000,0.0000,-0.0006,0.0000,-0.0002,0.0000,-0.0002,0.0000,0.5250,1315077.2500
66.4999,-0.3318,-0.1708,4.2254,0.4576,1,1,0.0000,0.0000,-0.0006,0.0000,-0.0002,0.0000,-0.0002,0.0000,0.5250,1315077.2500
66.5100,-0.5462,0.3754,4.1233,0.4576,1,1,0.0000,0.0000,-0.0006,0.0000,-0.0002,0.0000,-0.0002,0.0000,0.5250,1315077.2500
66.5203,-0.4572,0.3926,4.1937,0.4576,1,1,0.0000,0.0000,-0.0006,0.0000,-0.0002,0.0000,-0.0002,0.0000,0.5250,1315077.2500
66.5303,-0.1196,0.2588,4.5018,0.4576,1,1,0.0000,0.0000,-0.0006,0.0000,-0.0002,0.0000,-0.0002,0.0000,0.5250,1315077.2500
66.5400,-0.2930,0.4540,4.4544,0.4576,1,1,0.0000,0.0000,-0.0006,0.0000,-0.0002,0.0000,-0.0002,0.0000,0.5250,1315077.2500
66.5500,-0.4746,0.4895,4.3016,0.4576,1,1,0.0000,0.0000,-0.0006,0.0000,-0.0002,0.0000,-0.0002,0.0000,0.5250,1315077.2500
66.5600,-0.1856,0.4354,4.2873,0.4576,1,1,0.0000,0.0000,-0.0005,0.0000,-0.0002,0.0000,-0.0002,0.0000,0.5250,1315077.2500
66.5702,-0.1718,0.0274,4.1363,0.4576,1,1,0.0000,0.0000,-0.0005,0.0000,-0.0002,0.0000,-0.0002,0.0000,0.5250,1315077.2500
66.5803,-0.1451,-0.2890,4.2628,0.4576,1,1,0.0000,0.0000,-0.0005,0.0000,-0.0002,0.0000,-0.0002,0.0000,0.5250,1315077.2500
66.5899,-0.3384,0.0327,4.3050,0.4576,1,1,0.0000,0.0000,-0.0005,0.0000,-0.0002,0.0000,-0.0002,0.0000,0.5250,1315077.2500
66.6000,-0.4601,0.0881,4.3814,0.4576,1,1,0.0000,0.0000,-0.0005,0.0000,-0.0002,0.0000,-0.0002,0.0000,0.5250,1315077.2500
66.6099,-0.3289,0.0422,4.4232,0.4576,1,1,0.0000,0.0000,-0.0005,0.0000,-0.0002,0.0000,-0.0002,0.0000,0.5250,1315077.2500
66.6204,-0.1673,0.1580,4.3003,0.4576,1,1,0.0000,0.0000,-0.0005,0.0000,-0.0002,0.0000,-0.0002,0.0000,0.5250,1315077.2500
66.6302,-0.3004,0.1798,4.2151,0.4576,1,1,0.0000,0.0000,-0.0005,0.0000,-0.0002,0.0000,-0.0001,0.0000,0.5250,1315077.2500
66.6400,-0.4878,0.7061,4.1389,0.4576,1,1,0.0000,0.0000,-0.0005,0.0000,-0.0002,0.0000,-0.0001,0.0000,0.5250,1315077.2500
66.6499,-0.2889,0.5718,4.2766,0.4576,1,1,0.0000,0.0000,-0.0005,0.0000,-0.0002,0.0000,-0.0001,0.0000,0.5250,1315077.2500
66.6600,-0.0338,0.1863,4.4328,0.4576,1,1,0.0000,0.0000,-0.0005,0.0000,-0.0002,0.0000,-0.0001,0.0000,0.5250,1315077.2500
66.6702,-0.2400,0.4058,4.3030,0.4576,1,1,0.0000,0.0000,-0.0005,0.0000,-0.0002,0.0000,-0.0001,0.0000,0.5250,1315077.2500
66.6804,-0.1936,0.2698,4.3794,0.4576,1,1,0.0000,0.0000,-0.0005,0.0000,-0.0002,0.0000,-0.0001,0.0000,0.5250,1315077.2500
66.6899,-0.1910,0.0885,4.4153,0.4576,1,1,0.0000,0.0000,-0.0005,0.0000,-0.0002,0.0000,-0.0001,0.0000,0.5250,1315077.2500
66.7000,-0.2840,-0.0797,4.4204,0.4576,1,1,0.0000,0.0000,-0.0005,0.0000,-0.0002,0.0000,-0.0001,0.0000,0.5250,1315077.2500
66.7099,-0.1104,-0.3331,4.4958,0.4576,1,1,0.0000,0.0000,-0.0005,0.0000,-0.0002,0.0000,-0.0001,0.0000,0.5250,1315077.2500
66.7202,-0.3248,0.0728,4.3150,0.4576,1,1,0.0000,0.0000,-0.0005,0.0000,-0.0002,0.0000,-0.0001,0.0000,0.5250,1315077.2500
66.7302,-0.4286,0.3096,4.1605,0.4576,1,1,0.0000,0.0000,-0.0005,0.0000,-0.0002,0.0000,-0.0001,0.0000,0.5250,1315077.2500
66.7400,-0.1136,0.0741,4.3944,0.4576,1,1,0.0000,0.0000,-0.0005,0.0000,-0.0002,0.0000,-0.0001,0.0000,0.5250,1315077.2500
66.7500,-0.1987,0.3404,4.3411,0.4576,1,1,0.0000,0.0000,-0.0005,0.0000,-0.0002,0.0000,-0.0001,0.0000,0.5250,1315077.2500
66.7599,-0.3212,0.4381,4.4557,0.4576,1,1,0.0000,0.0000,-0.0005,0.0000,-0.0002,0.0000,-0.0001,0.0000,0.5250,1315077.2500
66.7702,-0.2080,0.5533,4.5831,0.4576,1,1,0.0000,0.0000,-0.0005,0.0000,-0.0002,0.0000,-0.0001,0.0000,0.5250,1315077.2500
66.7803,-0.0947,0.4446,4.4871,0.4576,1,1,0.0000,0.0000,-0.0005,0.0000,-0.0002,0.0000,-0.0001,0.0000,0.5250,1315077.2500
66.7899,0.0001,-0.0591,4.4877,0.4576,1,1,0.0000,0.0000,-0.0005,0.0000,-0.0002,0.0000,-0.0001,0.0000,0.5250,1315077.2500
66.8000,-0.1849,0.1237,4.3232,0.4576,1,1,0.0000,0.0000,-0.0005,0.0000,-0.0001,0.0000,-0.0001,0.0000,0.5250,1315077.2500
66.8099,-0.4310,0.1552,4.2931,0.4576,1,1,0.0000,0.0000,-0.0005,0.0000,-0.0001,0.0000,-0.0001,0.0000,0.5250,1315077.2500
66.8204,-0.4355,-0.3364,4.4206,0.4576,1,1,0.0000,0.0000,-0.0005,0.0000,-0.0001,0.0000,-0.0001,0.0000,0.5250,1315077.2500
66.8302,-0.1996,-0.1446,4.5590,0.4576,1,1,0.0000,0.0000,-0.0005,0.0000,-0.0001,0.0000,-0.0001,0.0000,0.5250,1315077.2500
66.8400,-0.0738,-0.0667,4.7560,0.4576,1,1,0.0000,0.0000,-0.0005,0.0000,-0.0001,0.0000,-0.0001,0.0000,0.5250,1315077.2500
66.8499,-0.3460,0.2613,4.5886,0.4576,1,1,0.0000,0.0000,-0.0005,0.0000,-0.0001,0.0000,-0.0001,0.0000,0.5250,1315077.2500
66.8600,-0.2774,0.4976,4.4844,0.4576,1,1,0.0000,0.0000,-0.0005,0.0000,-0.0001,0.0000,-0.0001,0.0000,0.5250,1315077.2500
66.8703,-0.1223,0.1660,4.4632,0.4576,1,1,0.0000,0.0000,-0.0005,0.0000,-0.0001,0.0000,-0.0001,0.0000,0.5250,1315077.2500
66.8804,-0.3642,0.3556,4.2850,0.4576,1,1,0.0000,0.0000,-0.0005,0.0000,-0.0001,0.0000,-0.0001,0.0000,0.5250,1315077.2500
66.8900,-0.3258,0.5178,4.4425,0.4576,1,1,0.0000,0.0000,-0.0004,0.0000,-0.0001,0.0000,-0.0001,0.0000,0.5250,1315077.2500
66.9000,-0.0322,-0.1016,4.7109,0.4576,1,1,0.0000,0.0000,-0.0004,0.0000,-0.0001,0.0000,-0.0001,0.0000,0.5250,1315077.2500
66.9099,-0.1006,-0.1086,4.7669,0.4576,1,1,0.0000,0.0000,-0.0004,0.0000,-0.0001,0.0000,-0.0001,0.0000,0.5250,1315077.2500
66.9202,0.1116,-0.2031,4.8399,0.4576,1,1,0.0000,0.0000,-0.0004,0.0000,-0.0001,0.0000,-0.0001,0.0000,0.5250,1315077.2500
66.9302,-0.0618,-0.0387,4.7051,0.4576,1,1,0.0000,0.0000,-0.0004,0.0000,-0.0001,0.0000,-0.0001,0.0000,0.5250,1315077.2500
66.9400,-0.2551,0.6057,4.4616,0.4576,1,1,0.0000,0.0000,-0.0004,0.0000,-0.0001,0.0000,-0.0001,0.0000,0.5250,1315077.2500
66.9500,-0.0851,0.2700,4.4938,0.4576,1,1,0.0000,0.0000,-0.0004,0.0000,-0.0001,0.0000,-0.0001,0.0000,0.5250,1315077.2500
66.9600,-0.1126,0.2916,4.5517,0.4576,1,1,0.0000,0.0000,-0.0004,0.0000,-0.0001,0.0000,-0.0001,0.0000,0.5250,1315077.2500
66.9702,-0.4291,0.7776,4.5516,0.4576,1,1,0.0000,0.0000,-0.0004,0.0000,-0.0001,0.0000,-0.0001,0.0000,0.5250,1315077.2500
66.9802,-0.1801,0.3652,4.8112,0.4576,1,1,0.0000,0.0000,-0.0004,0.0000,-0.0001,0.0000,-0.0001,0.0000,0.5250,1315077.2500
66.9900,0.0909,0.2181,4.9912,0.4576,1,1,0.0000,0.0000,-0.0004,0.0000,-0.0001,0.0000,-0.0001,0.0000,0.5250,1315077.2500
67.0000,0.1262,0.1738,4.9388,0.4576,1,1,0.0000,0.0000,-0.0004,0.0000,-0.0001,0.0000,-0.0001,0.0000,0.5250,1315077.2500
67.0099,0.1140,0.0778,4.9125,0.4576,1,1,0.0000,0.0000,-0.0004,0.0000,-0.0001,0.0000,-0.0001,0.0000,0.5250,1315077.2500
67.0203,-0.1686,0.4225,4.6941,0.4576,1,1,0.0000,0.0000,-0.0004,0.0000,-0.0001,0.0000,-0.0001,0.0000,0.5250,1315077.2500
67.0299,-0.3850,0.1435,4.6054,0.4576,1,1,0.0000,0.0000,-0.0004,0.0000,-0.0001,0.0000,-0.0001,0.0000,0.5250,1315077.2500
67.0403,-0.0925,-0.1643,4.8496,0.4576,1,1,0.0000,0.0000,-0.0004,0.0000,-0.0001,0.0000,-0.0001,0.0000,0.5250,1315077.2500
67.0499,-0.1178,0.3074,4.9230,0.4576,1,1,0.0000,0.0000,-0.0004,0.0000,-0.0001,0.0000,-0.0001,0.0000,0.5250,1315077.2500
67.0600,-0.2260,0.6038,4.9423,0.4576,1,1,0.0000,0.0000,-0.0004,0.0000,-0.0001,0.0000,-0.0001,0.0000,0.5250,1315077.2500
67.0702,-0.0419,0.8208,5.0316,0.4576,1,1,0.0000,0.0000,-0.0004,0.0000,-0.0001,0.0000,-0.0001,0.0000,0.5250,1315077.2500
67.0800,0.1322,0.5398,4.9723,0.4576,1,1,0.0000,0.0000,-0.0004,0.0000,-0.0001,0.0000,-0.0001,0.0000,0.5250,1315077.2500
67.0906,0.1785,0.0064,4.8723,0.4576,1,1,0.0000,0.0000,-0.0004,0.0000,-0.0001,0.0000,-0.0001,0.0000,0.5250,1315077.2500
67.1000,-0.0976,0.3382,4.6637,0.4576,1,1,0.0000,0.0000,-0.0004,0.0000,-0.0001,0.0000,-0.0001,0.0000,0.5250,1315077.2500
67.1099,-0.2617,0.4570,4.6592,0.4576,1,1,0.0000,0.0000,-0.0004,0.0000,-0.0001,0.0000,-0.0001,0.0000,0.5250,1315077.2500
67.1202,-0.2179,-0.0062,4.7802,0.4576,1,1,0.0000,0.0000,-0.0004,0.0000,-0.0001,0.0000,-0.0001,0.0000,0.5250,1315077.2500
67.1299,-0.0678,0.1161,4.9293,0.4576,1,1,0.0000,0.0000,-0.0004,0.0000,-0.0001,0.0000,-0.0001,0.0000,0.5250,1315077.2500
67.1403,-0.0109,0.0301,5.0452,0.4576,1,1,0.0000,0.0000,-0.0004,0.0000,-0.0001,0.0000,-0.0001,0.0000,0.5250,1315077.2500
67.1500,-0.2897,0.2513,4.8367,0.4576,1,1,0.0000,0.0000,-0.0004,0.0000,-0.0001,0.0000,-0.0001,0.0000,0.5250,1315077.2500
67.1600,-0.2613,0.7680,4.6399,0.4576,1,1,0.0000,0.0000,-0.0004,0.0000,-0.0001,0.0000,-0.0001,0.0000,0.5250,1315077.2500
67.1702,0.0162,0.3373,4.6657,0.4576,1,1,0.0000,0.0000,-0.0004,0.0000,-0.0001,0.0000,-0.0001,0.0000,0.5250,1315077.2500
67.1800,-0.0929,0.3778,4.6059,0.4576,1,1,0.0000,0.0000,-0.0004,0.0000,-0.0001,0.0000,-0.0001,0.0000,0.5250,1315077.2500
67.1902,-0.1648,0.5658,4.7037,0.4576,1,1,0.0000,0.0000,-0.0004,0.0000,-0.0001,0.0000,-0.0001,0.0000,0.5250,1315077.2500
67.2000,-0.0148,0.2768,4.8492,0.4576,1,1,0.0000,0.0000,-0.0004,0.0000,-0.0001,0.0000,-0.0001,0.0000,0.5250,1315077.2500
67.2099,-0.1307,0.1965,4.6928,0.4576,1,1,0.0000,0.0000,-0.0004,0.0000,-0.0001,0.0000,-0.0001,0.0000,0.5250,1315077.2500
67.2203,-0.1314,-0.0928,4.6183,0.4576,1,1,0.0000,0.0000,-0.0004,0.0000,-0.0001,0.0000,-0.0001,0.0000,0.5250,1315077.2500
67.2299,-0.1092,0.0133,4.5988,0.4576,1,1,0.0000,0.0000,-0.0004,0.0000,-0.0001,0.0000,-0.0001,0.0000,0.5250,1315077.2500
67.2403,-0.4071,0.5027,4.4639,0.4576,1,1,0.0000,0.0000,-0.0004,0.0000,-0.0001,0.0000,-0.0001,0.0000,0.5250,1315077.2500
67.2499,-0.1129,0.0776,4.6061,0.4576,1,1,0.0000,0.0000,-0.0004,0.0000,-0.0001,0.0000,-0.0001,0.0000,0.5250,1315077.2500
67.2600,-0.0435,0.0831,4.6982,0.4576,1,1,0.0000,0.0000,-0.0004,0.0000,-0.0001,0.0000,-0.0001,0.0000,0.5250,1315077.2500
67.2702,-0.2371,0.5215,4.5761,0.4576,1,1,0.0000,0.0000,-0.0004,0.0000,-0.0001,0.0000,-0.0001,0.0000,0.5250,1315077.2500
67.2800,-0.2653,0.4501,4.6600,0.4576,1,1,0.0000,0.0000,-0.0004,0.0000,-0.0001,0.0000,-0.0001,0.0000,0.5250,1315077.2500
67.2906,-0.0227,0.5291,4.7106,0.4576,1,1,0.0000,0.0000,-0.0003,0.0000,-0.0001,0.0000,-0.0001,0.0000,0.5250,1315077.2500
67.3000,-0.0581,0.3283,4.6754,0.4576,1,1,0.0000,0.0000,-0.0003,0.0000,-0.0001,0.0000,-0.0001,0.0000,0.5250,1315077.2500
67.3100,0.0019,0.0018,4.6589,0.4576,1,1,0.0000,0.0000,-0.0003,0.0000,-0.0001,0.0000,-0.0001,0.0000,0.5250,1315077.2500
67.3203,-0.1675,0.3137,4.5104,0.4576,1,1,0.0000,0.0000,-0.0003,0.0000,-0.0001,0.0000,-0.0001,0.0000,0.5250,1315077.2500
67.3299,-0.2388,0.0411,4.4636,0.4576,1,1,0.0000,0.0000,-0.0003,0.0000,-0.0001,0.0000,-0.0001,0.0000,0.5250,1315077.2500
67.3402,-0.1675,-0.1519,4.5819,0.4576,1,1,0.0000,0.0000,-0.0003,0.0000,-0.0001,0.0000,-0.0001,0.0000,0.5250,1315077.2500
67.3500,-0.1912,0.1217,4.5906,0.4576,1,1,0.0000,0.0000,-0.0003,0.0000,-0.0001,0.0000,-0.0001,0.0000,0.5250,1315077.2500
67.3600,-0.3407,0.3020,4.6071,0.4576,1,1,0.0000,0.0000,-0.0003,0.0000,-0.0001,0.0000,-0.0001,0.0000,0.5250,1315077.2500
67.3702,-0.1202,0.7163,4.6688,0.4576,1,1,0.0000,0.0000,-0.0003,0.0000,-0.0001,0.0000,-0.0001,0.0000,0.5250,1315077.2500
67.3800,0.1764,0.5123,4.6196,0.4576,1,1,0.0000,0.0000,-0.0003,0.0000,-0.0001,0.0000,-0.0001,0.0000,0.5250,1315077.2500
67.3902,0.2205,0.1888,4.4882,0.4576,1,1,0.0000,0.0000,-0.0003,0.0000,-0.0001,0.0000,-0.0001,0.0000,0.5250,1315077.2500
67.4000,-0.0809,0.5359,4.2914,0.4576,1,1,0.0000,0.0000,-0.0003,0.0000,-0.0001,0.0000,-0.0001,0.0000,0.5250,1315077.2500
67.4099,-0.0750,0.3688,4.3994,0.4576,1,1,0.0000,0.0000,-0.0003,0.0000,-0.0001,0.0000,-0.0001,0.0000,0.5250,1315077.2500
67.4203,0.0832,-0.0264,4.6360,0.4576,1,1,0.0000,0.0000,-0.0003,0.0000,-0.0001,0.0000,-0.0001,0.0000,0.5250,1315077.2500
67.4300,0.0497,-0.0631,4.7509,0.4576,1,1,0.0000,0.0000,-0.0003,0.0000,-0.0001,0.0000,-0.0001,0.0000,0.5250,1315077.2500
67.4402,0.0302,-0.0622,4.8452,0.4576,1,1,0.0000,0.0000,-0.0003,0.0000,-0.0001,0.0000,-0.0001,0.0000,0.5250,1315077.2500
67.4499,-0.3266,0.4503,4.5145,0.4576,1,1,0.0000,0.0000,-0.0003,0.0000,-0.0001,0.0000,-0.0001,0.0000,0.5250,1315077.2500
67.4600,-0.2402,0.5232,4.3312,0.4576,1,1,0.0000,0.0000,-0.0003,0.0000,-0.0001,0.0000,-0.0001,0.0000,0.5250,1315077.2500
67.4702,0.0908,0.1515,4.4260,0.4576,1,1,0.0000,0.0000,-0.0003,0.0000,-0.0001,0.0000,-0.0001,0.0000,0.5250,1315077.2500
67.4800,-0.2538,0.4868,4.3319,0.4576,1,1,0.0000,0.0000,-0.0003,0.0000,-0.0001,0.0000,-0.0001,0.0000,0.5250,1315077.2500
67.4907,-0.1987,0.5591,4.4898,0.4576,1,1,0.0000,0.0000,-0.0003,0.0000,-0.0001,0.0000,-0.0001,0.0000,0.5250,1315077.2500
67.5000,0.1473,0.2393,4.7722,0.4576,1,1,0.0000,0.0000,-0.0003,0.0000,-0.0001,0.0000,-0.0001,0.0000,0.5250,1315077.2500
67.5100,0.0751,0.2357,4.6099,0.4576,1,1,0.0000,0.0000,-0.0003,0.0000,-0.0001,0.0000,-0.0001,0.0000,0.5250,1315077.2500
67.5203,0.1419,-0.0508,4.6182,0.4576,1,1,0.0000,0.0000,-0.0003,0.0000,-0.0001,0.0000,-0.0001,0.0000,0.5250,1315077.2500
67.5299,0.0091,0.0212,4.5406,0.4576,1,1,0.0000,0.0000,-0.0003,0.0000,-0.0001,0.0000,-0.0001,0.0000,0.5250,1315077.2500
67.5402,-0.1583,0.2069,4.4486,0.4576,1,1,0.0000,0.0000,-0.0003,0.0000,-0.0001,0.0000,-0.0001,0.0000,0.5250,1315077.2500
67.5499,0.0915,-0.1528,4.6217,0.4576,1,1,0.0000,0.0000,-0.0003,0.0000,-0.0001,0.0000,-0.0001,0.0000,0.5250,1315077.2500
67.5600,0.0364,0.1481,4.6018,0.4576,1,1,0.0000,0.0000,-0.0003,0.0000,-0.0001,0.0000,-0.0001,0.0000,0.5250,1315077.2500
67.5702,-0.3111,0.5946,4.4215,0.4576,1,1,0.0000,0.0000,-0.0003,0.0000,-0.0001,0.0000,-0.0001,0.0000,0.5250,1315077.2500
67.5800,-0.2327,0.5141,4.4045,0.4576,1,1,0.0000,0.0000,-0.0003,0.0000,-0.0001,0.0000,-0.0001,0.0000,0.5250,1315077.2500
67.5902,-0.0530,0.5228,4.3472,0.4576,1,1,0.0000,0.0000,-0.0003,0.0000,-0.0001,0.0000,-0.0001,0.0000,0.5250,1315077.2500
67.6000,-0.0109,0.1350,4.3353,0.4576,1,1,0.0000,0.0000,-0.0003,0.0000,-0.0001,0.0000,-0.0001,0.0000,0.5250,1315077.2500
67.6099,-0.0404,0.1273,4.4358,0.4576,1,1,0.0000,0.0000,-0.0003,0.0000,-0.0001,0.0000,-0.0001,0.0000,0.5250,1315077.2500
67.6203,-0.2180,0.4066,4.3860,0.4576,1,1,0.0000,0.0000,-0.0003,0.0000,-0.0001,0.0000,-0.0001,0.0000,0.5250,1315077.2500
67.6299,-0.2803,-0.1177,4.4785,0.4576,1,1,0.0000,0.0000,-0.0003,0.0000,-0.0001,0.0000,-0.0001,0.0000,0.5250,1315077.2500
67.6402,-0.1444,-0.0987,4.5183,0.4576,1,1,0.0000,0.0000,-0.0003,0.0000,-0.0001,0.0000,-0.0001,0.0000,0.5250,1315077.2500
67.6499,-0.2759,0.2074,4.4811,0.4576,1,1,0.0000,0.0000,-0.0003,0.0000,-0.0001,0.0000,-0.0001,0.0000,0.5250,1315077.2500
67.6600,-0.4523,0.4691,4.4459,0.4576,1,1,0.0000,0.0000,-0.0003,0.0000,-0.0001,0.0000,-0.0001,0.0000,0.5250,1315077.2500
67.6702,-0.3565,0.9121,4.4948,0.4576,1,1,0.0000,0.0000,-0.0003,0.0000,-0.0001,0.0000,-0.0001,0.0000,0.5250,1315077.2500
67.6800,-0.1526,0.4964,4.5280,0.4576,1,1,0.0000,0.0000,-0.0003,0.0000,-0.0001,0.0000,-0.0001,0.0000,0.5250,1315077.2500
67.6908,-0.0652,-0.0169,4.5647,0.4576,1,1,0.0000,0.0000,-0.0003,0.0000,-0.0001,0.0000,-0.0001,0.0000,0.5250,1315077.2500
67.7000,-0.2845,0.2715,4.5169,0.4576,1,1,0.0000,0.0000,-0.0003,0.0000,-0.0001,0.0000,-0.0001,0.0000,0.5250,1315077.2500
67.7099,-0.3022,0.0620,4.4932,0.4576,1,1,0.0000,0.0000,-0.0003,0.0000,-0.0001,0.0000,-0.0001,0.0000,0.5250,1315077.2500
67.7203,-0.1875,-0.1130,4.4914,0.4576,1,1,0.0000,0.0000,-0.0003,0.0000,-0.0001,0.0000,-0.0001,0.0000,0.5250,1315077.2500
67.7299,-0.0564,0.0904,4.4955,0.4576,1,1,0.0000,0.0000,-0.0003,0.0000,-0.0001,0.0000,-0.0001,0.0000,0.5250,1315077.2500
67.7403,-0.2026,0.0703,4.5301,0.4576,1,1,0.0000,0.0000,-0.0003,0.0000,-0.0001,0.0000,-0.0001,0.0000,0.5250,1315077.2500
67.7499,-0.6718,0.3891,4.3399,0.4576,1,1,0.0000,0.0000,-0.0003,0.0000,-0.0001,0.0000,-0.0001,0.0000,0.5250,1315077.2500
67.7600,-0.3760,0.4394,4.3666,0.4576,1,1,0.0000,0.0000,-0.0003,0.0000,-0.0001,0.0000,-0.0001,0.0000,0.5250,1315077.2500
67.7702,-0.0680,0.1808,4.4861,0.4576,1,1,0.0000,0.0000,-0.0003,0.0000,-0.0001,0.0000,-0.0001,0.0000,0.5250,1315077.2500
67.7800,-0.2938,0.6792,4.2467,0.4576,1,1,0.0000,0.0000,-0.0003,0.0000,-0.0001,0.0000,-0.0001,0.0000,0.5250,1315077.2500
67.7902,-0.1332,0.5956,4.4448,0.4576,1,1,0.0000,0.0000,-0.0003,0.0000,-0.0001,0.0000,-0.0001,0.0000,0.5250,1315077.2500
67.8000,-0.1125,0.1367,4.5336,0.4576,1,1,0.0000,0.0000,-0.0003,0.0000,-0.0001,0.0000,-0.0001,0.0000,0.5250,1315077.2500
67.8099,-0.3392,0.1182,4.4176,0.4576,1,1,0.0000,0.0000,-0.0003,0.0000,-0.0001,0.0000,-0.0001,0.0000,0.5250,1315077.2500
67.8204,-0.1808,-0.1085,4.4889,0.4576,1,1,0.0000,0.0000,-0.0003,0.0000,-0.0001,0.0000,-0.0001,0.0000,0.5250,1315077.2500
67.8299,-0.4176,0.2634,4.3499,0.4576,1,1,0.0000,0.0000,-0.0002,0.0000,-0.0001,0.0000,-0.0001,0.0000,0.5250,1315077.2500
67.8402,-0.4312,0.6274,4.3216,0.4576,1,1,0.0000,0.0000,-0.0002,0.0000,-0.0001,0.0000,-0.0001,0.0000,0.5250,1315077.2500
67.8499,-0.0241,0.1947,4.5763,0.4576,1,1,0.0000,0.0000,-0.0002,0.0000,-0.0001,0.0000,-0.0001,0.0000,0.5250,1315077.2500
67.8600,-0.1518,0.4512,4.4496,0.4576,1,1,0.0000,0.0000,-0.0002,0.0000,-0.0001,0.0000,-0.0001,0.0000,0.5250,1315077.2500
67.8702,-0.2115,0.7953,4.4494,0.4576,1,1,0.0000,0.0000,-0.0002,0.0000,-0.0001,0.0000,-0.0001,0.0000,0.5250,1315077.2500
67.8800,0.0289,0.3783,4.5733,0.4576,1,1,0.0000,0.0000,-0.0002,0.0000,-0.0001,0.0000,-0.0001,0.0000,0.5250,1315077.2500
67.8906,-0.1373,0.1623,4.4023,0.4576,1,1,0.0000,0.0000,-0.0002,0.0000,-0.0001,0.0000,-0.0001,0.0000,0.5250,1315077.2500
67.9000,-0.0315,-0.0930,4.4411,0.4576,1,1,0.0000,0.0000,-0.0002,0.0000,-0.0001,0.0000,-0.0001,0.0000,0.5250,1315077.2500
67.9100,-0.2492,-0.1139,4.3793,0.4576,1,1,0.0000,0.0000,-0.0002,0.0000,-0.0001,0.0000,-0.0001,0.0000,0.5250,1315077.2500
67.9202,-0.5008,0.3185,4.2466,0.4576,1,1,0.0000,0.0000,-0.0002,0.0000,-0.0001,0.0000,-0.0001,0.0000,0.5250,1315077.2500
67.9299,-0.1512,-0.0047,4.4304,0.4576,1,1,0.0000,0.0000,-0.0002,0.0000,-0.0001,0.0000,-0.0001,0.0000,0.5250,1315077.2500
67.9402,0.0483,0.1133,4.5815,0.4576,1,1,0.0000,0.0000,-0.0002,0.0000,-0.0001,0.0000,-0.0001,0.0000,0.5250,1315077.2500
67.9499,-0.2846,0.5213,4.3993,0.4576,1,1,0.0000,0.0000,-0.0002,0.0000,-0.0001,0.0000,-0.0001,0.0000,0.5250,1315077.2500
67.9600,-0.2176,0.4120,4.4042,0.4576,1,1,0.0000,0.0000,-0.0002,0.0000,-0.0001,0.0000,-0.0001,0.0000,0.5250,1315077.2500
67.9702,-0.0527,0.3862,4.4315,0.4576,1,1,0.0000,0.0000,-0.0002,0.0000,-0.0001,0.0000,-0.0001,0.0000,0.5250,1315077.2500
67.9800,-0.2144,0.1615,4.3206,0.4576,1,1,0.0000,0.0000,-0.0002,0.0000,-0.0001,0.0000,-0.0001,0.0000,0.5250,1315077.2500
67.9902,-0.1843,-0.0933,4.3951,0.4576,1,1,0.0000,0.0000,-0.0002,0.0000,-0.0001,0.0000,-0.0001,0.0000,0.5250,1315077.2500
68.0000,-0.2324,0.2419,4.3589,0.4576,1,1,0.0000,0.0000,-0.0002,0.0000,-0.0001,0.0000,-0.0001,0.0000,0.5250,1315077.2500
68.0099,-0.2710,-0.1528,4.3364,0.4576,1,1,0.0000,0.0000,-0.0002,0.0000,-0.0001,0.0000,-0.0001,0.0000,0.5250,1315077.2500
68.0203,0.0280,-0.2202,4.5027,0.4576,1,1,0.0000,0.0000,-0.0002,0.0000,-0.0001,0.0000,-0.0001,0.0000,0.5250,1315077.2500
68.0299,-0.2021,0.2461,4.3935,0.4576,1,1,0.0000,0.0000,-0.0002,0.0000,-0.0001,0.0000,-0.0001,0.0000,0.5250,1315077.2500
68.0403,-0.3478,0.2671,4.3206,0.4576,1,1,0.0000,0.0000,-0.0002,0.0000,-0.0001,0.0000,-0.0001,0.0000,0.5250,1315077.2500
68.0499,-0.0747,0.2216,4.5117,0.4576,1,1,0.0000,0.0000,-0.0002,0.0000,-0.0001,0.0000,-0.0001,0.0000,0.5250,1315077.2500
68.0600,-0.1875,0.4047,4.4260,0.4576,1,1,0.0000,0.0000,-0.0002,0.0000,-0.0001,0.0000,-0.0001,0.0000,0.5250,1315077.2500
68.0702,-0.2274,0.2747,4.3706,0.4576,1,1,0.0000,0.0000,-0.0002,0.0000,-0.0001,0.0000,-0.0001,0.0000,0.5250,1315077.2500
68.0800,-0.1417,0.3280,4.4675,0.4576,1,1,0.0000,0.0000,-0.0002,0.0000,-0.0001,0.0000,-0.0001,0.0000,0.5250,1315077.2500
68.0906,-0.1713,0.1427,4.3162,0.4576,1,1,0.0000,0.0000,-0.0002,0.0000,-0.0001,0.0000,-0.0001,0.0000,0.5250,1315077.2500
68.1000,-0.1138,-0.2833,4.3556,0.4576,1,1,0.0000,0.0000,-0.0002,0.0000,-0.0001,0.0000,-0.0001,0.0000,0.5250,1315077.2500
68.1100,-0.2160,-0.0650,4.3101,0.4576,1,1,0.0000,0.0000,-0.0002,0.0000,-0.0001,0.0000,-0.0001,0.0000,0.5250,1315077.2500
68.1202,-0.4106,0.0178,4.2337,0.4576,1,1,0.0000,0.0000,-0.0002,0.0000,-0.0001,0.0000,-0.0001,0.0000,0.5250,1315077.2500
68.1299,-0.2063,-0.4795,4.3868,0.4576,1,1,0.0000,0.0000,-0.0002,0.0000,-0.0001,0.0000,-0.0001,0.0000,0.5250,1315077.2500
68.1402,-0.2391,-0.0275,4.4648,0.4576,1,1,0.0000,0.0000,-0.0002,0.0000,-0.0001,0.0000,-0.0001,0.0000,0.5250,1315077.2500
68.1499,-0.5430,0.5900,4.3672,0.4576,1,1,0.0000,0.0000,-0.0002,0.0000,-0.0001,0.0000,-0.0001,0.0000,0.5250,1315077.2500
68.1600,-0.2519,0.3186,4.4999,0.4576,1,1,0.0000,0.0000,-0.0002,0.0000,-0.0001,0.0000,-0.0001,0.0000,0.5250,1315077.2500
68.1702,-0.0026,0.1927,4.5823,0.4576,1,1,0.0000,0.0000,-0.0002,0.0000,-0.0001,0.0000,-0.0001,0.0000,0.5250,1315077.2500
68.1800,-0.2116,0.1385,4.3937,0.4576,1,1,0.0000,0.0000,-0.0002,0.0000,-0.0001,0.0000,-0.0001,0.0000,0.5250,1315077.2500
68.1902,-0.0698,-0.0556,4.4377,0.4576,1,1,0.0000,0.0000,-0.0002,0.0000,-0.0001,0.0000,-0.0001,0.0000,0.5250,1315077.2500
68.2000,-0.0181,0.0054,4.4820,0.4576,1,1,0.0000,0.0000,-0.0002,0.0000,-0.0001,0.0000,-0.0001,0.0000,0.5250,1315077.2500
68.2099,-0.1387,-0.1029,4.4407,0.4576,1,1,0.0000,0.0000,-0.0002,0.0000,-0.0001,0.0000,-0.0001,0.0000,0.5250,1315077.2500
68.2204,-0.0953,-0.1806,4.5651,0.4576,1,1,0.0000,0.0000,-0.0002,0.0000,-0.0001,0.0000,-0.0001,0.0000,0.5250,1315077.2500
68.2299,-0.3396,0.2725,4.4173,0.4576,1,1,0.0000,0.0000,-0.0002,0.0000,-0.0001,0.0000,-0.0001,0.0000,0.5250,1315077.2500
68.2403,-0.3575,0.2550,4.3621,0.4576,1,1,0.0000,0.0000,-0.0002,0.0000,-0.0001,0.0000,-0.0001,0.0000,0.5250,1315077.2500
68.2500,-0.0575,0.0544,4.5826,0.4576,1,1,0.0000,0.0000,-0.0002,0.0000,-0.0001,0.0000,-0.0001,0.0000,0.5250,1315077.2500
68.2600,-0.4391,0.5432,4.4185,0.4576,1,1,0.0000,0.0000,-0.0002,0.0000,-0.0001,0.0000,-0.0001,0.0000,0.5250,1315077.2500
68.2702,-0.4613,0.6847,4.3950,0.4576,1,1,0.0000,0.0000,-0.0002,0.0000,-0.0001,0.0000,-0.0001,0.0000,0.5250,1315077.2500
68.2800,-0.0697,0.2569,4.6055,0.4576,1,1,0.0000,0.0000,-0.0002,0.0000,-0.0001,0.0000,-0.0001,0.0000,0.5250,1315077.2500
68.2906,-0.0765,0.3324,4.4931,0.4576,1,1,0.0000,0.0000,-0.0002,0.0000,-0.0001,0.0000,-0.0001,0.0000,0.5250,1315077.2500
68.3000,-0.0941,0.0993,4.4831,0.4576,1,1,0.0000,0.0000,-0.0002,0.0000,-0.0001,0.0000,-0.0001,0.0000,0.5250,1315077.2500
68.3100,-0.0890,-0.0946,4.4833,0.4576,1,1,0.0000,0.0000,-0.0002,0.0000,-0.0001,0.0000,-0.0001,0.0000,0.5250,1315077.2500
68.3203,-0.3355,0.1010,4.3083,0.4576,1,1,0.0000,0.0000,-0.0002,0.0000,-0.0001,0.0000,-0.0001,0.0000,0.5250,1315077.2500
68.3299,-0.0855,-0.1769,4.4986,0.4576,1,1,0.0000,0.0000,-0.0002,0.0000,-0.0001,0.0000,-0.0001,0.0000,0.5250,1315077.2500
68.3403,-0.2804,0.0080,4.5140,0.4576,1,1,0.0000,0.0000,-0.0002,0.0000,-0.0001,0.0000,-0.0001,0.0000,0.5250,1315077.2500
68.3499,-0.4686,0.5274,4.3742,0.4576,1,1,0.0000,0.0000,-0.0002,0.0000,-0.0001,0.0000,-0.0001,0.0000,0.5250,1315077.2500
68.3600,-0.0415,0.1338,4.5458,0.4576,1,1,0.0000,0.0000,-0.0002,0.0000,-0.0001,0.0000,-0.0001,0.0000,0.5250,1315077.2500
68.3702,0.0108,0.2095,4.4636,0.4576,1,1,0.0000,0.0000,-0.0002,0.0000,-0.0001,0.0000,-0.0001,0.0000,0.5250,1315077.2500
68.3800,-0.3121,0.7426,4.2366,0.4576,1,1,0.0000,0.0000,-0.0002,0.0000,-0.0001,0.0000,-0.0001,0.0000,0.5250,1315077.2500
68.3902,-0.0761,0.4082,4.4310,0.4576,1,1,0.0000,0.0000,-0.0002,0.0000,-0.0001,0.0000,-0.0000,0.0000,0.5250,1315077.2500
68.4000,-0.0761,0.1224,4.4366,0.4576,1,1,0.0000,0.0000,-0.0002,0.0000,-0.0001,0.0000,-0.0000,0.0000,0.5250,1315077.2500
68.4099,-0.1961,0.0948,4.4411,0.4576,1,1,0.0000,0.0000,-0.0002,0.0000,-0.0001,0.0000,-0.0000,0.0000,0.5250,1315077.2500
68.4203,-0.2046,-0.0641,4.4221,0.4576,1,1,0.0000,0.0000,-0.0002,0.0000,-0.0001,0.0000,-0.0000,0.0000,0.5250,1315077.2500
68.4298,-0.3077,0.0434,4.2613,0.4576,1,1,0.0000,0.0000,-0.0002,0.0000,-0.0001,0.0000,-0.0000,0.0000,0.5250,1315077.2500
68.4402,-0.2536,-0.1393,4.1636,0.4576,1,1,0.0000,0.0000,-0.0002,0.0000,-0.0001,0.0000,-0.0000,0.0000,0.5250,1315077.2500
68.4500,-0.0810,-0.2775,4.2255,0.4576,1,1,0.0000,0.0000,-0.0002,0.0000,-0.0001,0.0000,-0.0000,0.0000,0.5250,1315077.2500
68.4600,-0.2871,0.3500,4.1903,0.4576,1,1,0.0000,0.0000,-0.0002,0.0000,-0.0001,0.0000,-0.0000,0.0000,0.5250,1315077.2500
68.4702,-0.2756,0.4866,4.3466,0.4576,1,1,0.0000,0.0000,-0.0002,0.0000,-0.0001,0.0000,-0.0000,0.0000,0.5250,1315077.2500
68.4800,-0.0485,0.1543,4.5849,0.4576,1,1,0.0000,0.0000,-0.0002,0.0000,-0.0001,0.0000,-0.0000,0.0000,0.5250,1315077.2500
68.4906,-0.2303,0.2460,4.5720,0.4576,1,1,0.0000,0.0000,-0.0002,0.0000,-0.0001,0.0000,-0.0000,0.0000,0.5250,1315077.2500
68.5000,-0.2939,0.1996,4.5143,0.4576,1,1,0.0000,0.0000,-0.0002,0.0000,-0.0001,0.0000,-0.0000,0.0000,0.5250,1315077.2500
68.5099,-0.1320,0.2218,4.4703,0.4576,1,1,0.0000,0.0000,-0.0002,0.0000,-0.0001,0.0000,-0.0000,0.0000,0.5250,1315077.2500
68.5203,-0.1022,0.1974,4.3215,0.4576,1,1,0.0000,0.0000,-0.0002,0.0000,-0.0001,0.0000,-0.0000,0.0000,0.5250,1315077.2500
68.5299,-0.0714,-0.2842,4.3831,0.4576,1,1,0.0000,0.0000,-0.0002,0.0000,-0.0001,0.0000,-0.0000,0.0000,0.5250,1315077.2500
68.5403,-0.3203,-0.1953,4.3799,0.4576,1,1,0.0000,0.0000,-0.0002,0.0000,-0.0001,0.0000,-0.0000,0.0000,0.5250,1315077.2500
68.5500,-0.6106,0.1789,4.3678,0.4576,1,1,0.0000,0.0000,-0.0002,0.0000,-0.0001,0.0000,-0.0000,0.0000,0.5250,1315077.2500
68.5600,-0.3560,-0.1669,4.4897,0.4576,1,1,0.0000,0.0000,-0.0002,0.0000,-0.0000,0.0000,-0.0000,0.0000,0.5250,1315077.2500
68.5702,-0.1070,0.0535,4.5418,0.4576,1,1,0.0000,0.0000,-0.0002,0.0000,-0.0000,0.0000,-0.0000,0.0000,0.5250,1315077.2500
68.5800,-0.2249,0.4965,4.4555,0.4576,1,1,0.0000,0.0000,-0.0002,0.0000,-0.0000,0.0000,-0.0000,0.0000,0.5250,1315077.2500
68.5902,-0.2342,0.4132,4.4199,0.4576,1,1,0.0000,0.0000,-0.0002,0.0000,-0.0000,0.0000,-0.0000,0.0000,0.5250,1315077.2500
68.6000,-0.0361,0.3045,4.4458,0.4576,1,1,0.0000,0.0000,-0.0002,0.0000,-0.0000,0.0000,-0.0000,0.0000,0.5250,1315077.2500
68.6098,-0.2610,-0.0132,4.3172,0.4576,1,1,0.0000,0.0000,-0.0002,0.0000,-0.0000,0.0000,-0.0000,0.0000,0.5250,1315077.2500
68.6203,-0.2965,-0.0310,4.3897,0.4576,1,1,0.0000,0.0000,-0.0002,0.0000,-0.0000,0.0000,-0.0000,0.0000,0.5250,1315077.2500
68.6299,-0.3442,0.2220,4.3430,0.4576,1,1,0.0000,0.0000,-0.0002,0.0000,-0.0000,0.0000,-0.0000,0.0000,0.5250,1315077.2500
68.6402,-0.2687,-0.2153,4.3102,0.4576,1,1,0.0000,0.0000,-0.0001,0.0000,-0.0000,0.0000,-0.0000,0.0000,0.5250,1315077.2500
68.6499,-0.0543,-0.3448,4.3084,0.4576,1,1,0.0000,0.0000,-0.0001,0.0000,-0.0000,0.0000,-0.0000,0.0000,0.5250,1315077.2500
68.6600,-0.2814,0.1302,4.1582,0.4576,1,1,0.0000,0.0000,-0.0001,0.0000,-0.0000,0.0000,-0.0000,0.0000,0.5250,1315077.2500
68.6702,-0.4325,0.0248,4.0805,0.4576,1,1,0.0000,0.0000,-0.0001,0.0000,-0.0000,0.0000,-0.0000,0.0000,0.5250,1315077.2500
68.6800,-0.1941,-0.0461,4.2998,0.4576,1,1,0.0000,0.0000,-0.0001,0.0000,-0.0000,0.0000,-0.0000,0.0000,0.5250,1315077.2500
68.6906,-0.4399,0.3572,4.3473,0.4576,1,1,0.0000,0.0000,-0.0001,0.0000,-0.0000,0.0000,-0.0000,0.0000,0.5250,1315077.2500
68.7000,-0.6046,0.4968,4.4239,0.4576,1,1,0.0000,0.0000,-0.0001,0.0000,-0.0000,0.0000,-0.0000,0.0000,0.5250,1315077.2500
68.7099,-0.3083,0.5194,4.5725,0.4576,1,1,0.0000,0.0000,-0.0001,0.0000,-0.0000,0.0000,-0.0000,0.0000,0.5250,1315077.2500
68.7202,-0.0270,0.3795,4.4809,0.4576,1,1,0.0000,0.0000,-0.0001,0.0000,-0.0000,0.0000,-0.0000,0.0000,0.5250,1315077.2500
68.7299,-0.0885,0.1005,4.2176,0.4576,1,1,0.0000,0.0000,-0.0001,0.0000,-0.0000,0.0000,-0.0000,0.0000,0.5250,1315077.2500
68.7403,-0.1712,0.2037,4.2272,0.4576,1,1,0.0000,0.0000,-0.0001,0.0000,-0.0000,0.0000,-0.0000,0.0000,0.5250,1315077.2500
68.7499,-0.4819,0.0533,4.1485,0.4576,1,1,0.0000,0.0000,-0.0001,0.0000,-0.0000,0.0000,-0.0000,0.0000,0.5250,1315077.2500
68.7600,-0.3796,-0.4023,4.3846,0.4576,1,1,0.0000,0.0000,-0.0001,0.0000,-0.0000,0.0000,-0.0000,0.0000,0.5250,1315077.2500
68.7702,-0.3379,-0.0192,4.4978,0.4576,1,1,0.0000,0.0000,-0.0001,0.0000,-0.0000,0.0000,-0.0000,0.0000,0.5250,1315077.2500
68.7800,-0.4964,0.5067,4.3557,0.4576,1,1,0.0000,0.0000,-0.0001,0.0000,-0.0000,0.0000,-0.0000,0.0000,0.5250,1315077.2500
68.7902,-0.1761,0.2230,4.5083,0.4576,1,1,0.0000,0.0000,-0.0001,0.0000,-0.0000,0.0000,-0.0000,0.0000,0.5250,1315077.2500
68.8000,0.0058,0.1987,4.6064,0.4576,1,1,0.0000,0.0000,-0.0001,0.0000,-0.0000,0.0000,-0.0000,0.0000,0.5250,1315077.2500
68.8098,-0.3815,0.4857,4.5526,0.4576,1,1,0.0000,0.0000,-0.0001,0.0000,-0.0000,0.0000,-0.0000,0.0000,0.5250,1315077.2500
68.8203,-0.3678,0.3650,4.7130,0.4576,1,1,0.0000,0.0000,-0.0001,0.0000,-0.0000,0.0000,-0.0000,0.0000,0.5250,1315077.2500
68.8299,-0.1480,0.3112,4.7534,0.4576,1,1,0.0000,0.0000,-0.0001,0.0000,-0.0000,0.0000,-0.0000,0.0000,0.5250,1315077.2500
68.8402,-0.1339,0.1068,4.6432,0.4576,1,1,0.0000,0.0000,-0.0001,0.0000,-0.0000,0.0000,-0.0000,0.0000,0.5250,1315077.2500
68.8500,-0.1584,-0.0419,4.5103,0.4576,1,1,0.0000,0.0000,-0.0001,0.0000,-0.0000,0.0000,-0.0000,0.0000,0.5250,1315077.2500
68.8600,-0.2387,0.2806,4.3948,0.4576,1,1,0.0000,0.0000,-0.0001,0.0000,-0.0000,0.0000,-0.0000,0.0000,0.5250,1315077.2500
68.8702,-0.3745,0.0989,4.4545,0.4576,1,1,0.0000,0.0000,-0.0001,0.0000,-0.0000,0.0000,-0.0000,0.0000,0.5250,1315077.2500
68.8800,-0.2034,-0.2743,4.6450,0.4576,1,1,0.0000,0.0000,-0.0001,0.0000,-0.0000,0.0000,-0.0000,0.0000,0.5250,1315077.2500
68.8906,-0.3857,0.0588,4.7205,0.4576,1,1,0.0000,0.0000,-0.0001,0.0000,-0.0000,0.0000,-0.0000,0.0000,0.5250,1315077.2500
68.9000,-0.5222,0.3407,4.7177,0.4576,1,1,0.0000,0.0000,-0.0001,0.0000,-0.0000,0.0000,-0.0000,0.0000,0.5250,1315077.2500
68.9099,-0.2004,0.2721,4.7778,0.4576,1,1,0.0000,0.0000,-0.0001,0.0000,-0.0000,0.0000,-0.0000,0.0000,0.5250,1315077.2500
68.9202,0.0105,0.3742,4.7557,0.4576,1,1,0.0000,0.0000,-0.0001,0.0000,-0.0000,0.0000,-0.0000,0.0000,0.5250,1315077.2500
68.9299,-0.1274,0.2422,4.5568,0.4576,1,1,0.0000,0.0000,-0.0001,0.0000,-0.0000,0.0000,-0.0000,0.0000,0.5250,1315077.2500
68.9403,-0.2677,0.3186,4.5633,0.4576,1,1,0.0000,0.0000,-0.0001,0.0000,-0.0000,0.0000,-0.0000,0.0000,0.5250,1315077.2500
68.9500,-0.3100,0.3302,4.5639,0.4576,1,1,0.0000,0.0000,-0.0001,0.0000,-0.0000,0.0000,-0.0000,0.0000,0.5250,1315077.2500
68.9600,-0.1831,-0.2859,4.6640,0.4576,1,1,0.0000,0.0000,-0.0001,0.0000,-0.0000,0.0000,-0.0000,0.0000,0.5250,1315077.2500
68.9702,-0.1495,-0.2549,4.7570,0.4576,1,1,0.0000,0.0000,-0.0001,0.0000,-0.0000,0.0000,-0.0000,0.0000,0.5250,1315077.2500
68.9800,-0.3056,0.1690,4.6333,0.4576,1,1,0.0000,0.0000,-0.0001,0.0000,-0.0000,0.0000,-0.0000,0.0000,0.5250,1315077.2500
68.9902,-0.3411,0.0509,4.5885,0.4576,1,1,0.0000,0.0000,-0.0001,0.0000,-0.0000,0.0000,-0.0000,0.0000,0.5250,1315077.2500
69.0000,-0.0192,0.2134,4.7234,0.4576,1,1,0.0000,0.0000,-0.0001,0.0000,-0.0000,0.0000,-0.0000,0.0000,0.5250,1315077.2500
69.0099,-0.2228,0.3695,4.6246,0.4576,1,1,0.0000,0.0000,-0.0001,0.0000,-0.0000,0.0000,-0.0000,0.0000,0.5250,1315077.2500
69.0204,-0.3870,0.5098,4.6257,0.4576,1,1,0.0000,0.0000,-0.0001,0.0000,-0.0000,0.0000,-0.0000,0.0000,0.5200,1315070.2500
69.0300,-0.2960,0.7010,4.6424,0.4576,1,1,0.0000,0.0000,-0.0001,0.0000,-0.0000,0.0000,-0.0000,0.0000,0.5200,1315070.2500
69.0402,-0.2769,0.2239,4.5337,0.4576,1,1,0.0000,0.0000,-0.0001,0.0000,-0.0000,0.0000,-0.0000,0.0000,0.5200,1315070.2500
69.0499,-0.1002,-0.1594,4.5054,0.4576,1,1,0.0000,0.0000,-0.0001,0.0000,-0.0000,0.0000,-0.0000,0.0000,0.5200,1315070.2500
69.0600,-0.0831,0.0407,4.4874,0.4576,1,1,0.0000,0.0000,-0.0001,0.0000,-0.0000,0.0000,-0.0000,0.0000,0.5200,1315070.2500
69.0702,-0.3389,-0.0714,4.3947,0.4576,1,1,0.0000,0.0000,-0.0001,0.0000,-0.0000,0.0000,-0.0000,0.0000,0.5200,1315070.2500
69.0800,-0.2255,-0.2928,4.5845,0.4576,1,1,0.0000,0.0000,-0.0001,0.0000,-0.0000,0.0000,-0.0000,0.0000,0.5200,1315070.2500
69.0906,-0.3448,0.0638,4.7222,0.4576,1,1,0.0000,0.0000,-0.0001,0.0000,-0.0000,0.0000,-0.0000,0.0000,0.5200,1315070.2500
69.1000,-0.5577,0.3956,4.6282,0.4576,1,1,0.0000,0.0000,-0.0001,0.0000,-0.0000,0.0000,-0.0000,0.0000,0.5200,1315070.2500
69.1099,-0.3402,0.4965,4.7293,0.4576,1,1,0.0000,0.0000,-0.0001,0.0000,-0.0000,0.0000,-0.0000,0.0000,0.5200,1315070.2500
69.1202,-0.0542,0.4398,4.6951,0.4576,1,1,0.0000,0.0000,-0.0001,0.0000,-0.0000,0.0000,-0.0000,0.0000,0.5200,1315070.2500
69.1299,-0.1553,0.1045,4.5359,0.4576,1,1,0.0000,0.0000,-0.0001,0.0000,-0.0000,0.0000,-0.0000,0.0000,0.5200,1315070.2500
69.1403,-0.2118,0.2024,4.4920,0.4576,1,1,0.0000,0.0000,-0.0001,0.0000,-0.0000,0.0000,-0.0000,0.0000,0.5200,1315070.2500
69.1499,-0.3098,0.4164,4.4380,0.4576,1,1,0.0000,0.0000,-0.0001,0.0000,-0.0000,0.0000,-0.0000,0.0000,0.5200,1315070.2500
69.1600,-0.3806,-0.2203,4.4035,0.4576,1,1,0.0000,0.0000,-0.0001,0.0000,-0.0000,0.0000,-0.0000,0.0000,0.5200,1315070.2500
69.1702,-0.2050,-0.3825,4.4704,0.4576,1,1,0.0000,0.0000,-0.0001,0.0000,-0.0000,0.0000,-0.0000,0.0000,0.5200,1315070.2500
69.1800,-0.3888,0.1321,4.3469,0.4576,1,1,0.0000,0.0000,-0.0001,0.0000,-0.0000,0.0000,-0.0000,0.0000,0.5200,1315070.2500
69.1902,-0.5884,0.4603,4.2368,0.4576,1,1,0.0000,0.0000,-0.0001,0.0000,-0.0000,0.0000,-0.0000,0.0000,0.5200,1315070.2500
69.2000,-0.2124,0.4927,4.2968,0.4576,1,1,0.0000,0.0000,-0.0001,0.0000,-0.0000,0.0000,-0.0000,0.0000,0.5200,1315070.2500
69.2099,-0.2990,0.5355,4.2302,0.4576,1,1,0.0000,0.0000,-0.0001,0.0000,-0.0000,0.0000,-0.0000,0.0000,0.5200,1315070.2500
69.2203,-0.3559,0.4244,4.2147,0.4576,1,1,0.0000,0.0000,-0.0001,0.0000,-0.0000,0.0000,-0.0000,0.0000,0.5200,1315070.2500
69.2299,-0.3443,0.2609,4.4057,0.4576,1,1,0.0000,0.0000,-0.0001,0.0000,-0.0000,0.0000,-0.0000,0.0000,0.5200,1315070.2500
69.2403,-0.4053,-0.0013,4.3452,0.4576,1,1,0.0000,0.0000,-0.0001,0.0000,-0.0000,0.0000,-0.0000,0.0000,0.5200,1315070.2500
69.2500,-0.3042,-0.2397,4.3212,0.4576,1,1,0.0000,0.0000,-0.0001,0.0000,-0.0000,0.0000,-0.0000,0.0000,0.5200,1315070.2500
69.2600,-0.3608,-0.0649,4.2450,0.4576,1,1,0.0000,0.0000,-0.0001,0.0000,-0.0000,0.0000,-0.0000,0.0000,0.5200,1315070.2500
69.2702,-0.5284,0.4458,3.9751,0.4576,1,1,0.0000,0.0000,-0.0001,0.0000,-0.0000,0.0000,-0.0000,0.0000,0.5200,1315070.2500
69.2800,-0.2981,0.1906,4.0884,0.4576,1,1,0.0000,0.0000,-0.0001,0.0000,-0.0000,0.0000,-0.0000,0.0000,0.5200,1315070.2500
69.2907,-0.1424,0.1271,4.2822,0.4576,1,1,0.0000,0.0000,-0.0001,0.0000,-0.0000,0.0000,-0.0000,0.0000,0.5200,1315070.2500
69.3000,-0.4398,0.6391,4.3498,0.4576,1,1,0.0000,0.0000,-0.0001,0.0000,-0.0000,0.0000,-0.0000,0.0000,0.5200,1315070.2500
69.3099,-0.2282,0.5392,4.6567,0.4576,1,1,0.0000,0.0000,-0.0001,0.0000,-0.0000,0.0000,-0.0000,0.0000,0.5200,1315070.2500
69.3202,0.0159,0.2844,4.6755,0.4576,1,1,0.0000,0.0000,-0.0001,0.0000,-0.0000,0.0000,-0.0000,0.0000,0.5200,1315070.2500
69.3299,-0.1247,0.3919,4.3913,0.4576,1,1,0.0000,0.0000,-0.0001,0.0000,-0.0000,0.0000,-0.0000,0.0000,0.5200,1315070.2500
69.3403,-0.1127,0.1283,4.3209,0.4576,1,1,0.0000,0.0000,-0.0001,0.0000,-0.0000,0.0000,-0.0000,0.0000,0.5200,1315070.2500
69.3508,-0.1490,-0.0676,4.2528,0.4576,1,1,0.0000,0.0000,-0.0001,0.0000,-0.0000,0.0000,-0.0000,0.0000,0.5200,1315070.2500
69.3599,-0.2365,-0.1213,4.3475,0.4576,1,1,0.0000,0.0000,-0.0001,0.0000,-0.0000,0.0000,-0.0000,0.0000,0.5200,1315070.2500
69.3702,-0.1729,-0.1806,4.5322,0.4576,1,1,0.0000,0.0000,-0.0001,0.0000,-0.0000,0.0000,-0.0000,0.0000,0.5200,1315070.2500
69.3800,-0.5778,0.2853,4.4830,0.4576,1,1,0.0000,0.0000,-0.0001,0.0000,-0.0000,0.0000,-0.0000,0.0000,0.5200,1315070.2500
69.3899,-0.3569,0.5330,4.3372,0.4576,1,1,0.0000,0.0000,-0.0001,0.0000,-0.0000,0.0000,-0.0000,0.0000,0.5200,1315070.2500
69.4002,-0.0414,-0.0225,4.3851,0.4576,1,1,0.0000,0.0000,-0.0001,0.0000,-0.0000,0.0000,-0.0000,0.0000,0.5200,1315070.2500
69.4099,0.0391,0.1287,4.2530,0.4576,1,1,0.0000,0.0000,-0.0001,0.0000,-0.0000,0.0000,-0.0000,0.0000,0.5200,1315070.2500
69.4204,0.1476,0.4693,4.4566,0.4576,1,1,0.0000,0.0000,-0.0001,0.0000,-0.0000,0.0000,-0.0000,0.0000,0.5200,1315070.2500
69.4300,0.1212,-0.0373,4.5318,0.4576,1,1,0.0000,0.0000,-0.0001,0.0000,-0.0000,0.0000,-0.0000,0.0000,0.5200,1315070.2500
69.4400,0.0409,-0.1987,4.5391,0.4576,1,1,0.0000,0.0000,-0.0001,0.0000,-0.0000,0.0000,-0.0000,0.0000,0.5200,1315070.2500
69.4502,0.0121,-0.1038,4.5452,0.4576,1,1,0.0000,0.0000,-0.0001,0.0000,-0.0000,0.0000,-0.0000,0.0000,0.5200,1315070.2500
69.4600,-0.1458,-0.1265,4.3823,0.4576,1,1,0.0000,0.0000,-0.0001,0.0000,-0.0000,0.0000,-0.0000,0.0000,0.5200,1315070.2500
69.4702,-0.0469,0.0227,4.2301,0.4576,1,1,0.0000,0.0000,-0.0001,0.0000,-0.0000,0.0000,-0.0000,0.0000,0.5200,1315070.2500
69.4800,0.1547,0.0080,4.3441,0.4576,1,1,0.0000,0.0000,-0.0001,0.0000,-0.0000,0.0000,-0.0000,0.0000,0.5200,1315070.2500
69.4899,-0.0875,0.0289,4.2518,0.4576,1,1,0.0000,0.0000,-0.0001,0.0000,-0.0000,0.0000,-0.0000,0.0000,0.5200,1315070.2500
69.5002,-0.3958,0.6245,4.3336,0.4576,1,1,0.0000,0.0000,-0.0001,0.0000,-0.0000,0.0000,-0.0000,0.0000,0.5200,1315070.2500
69.5099,-0.0911,0.6428,4.6033,0.4576,1,1,0.0000,0.0000,-0.0001,0.0000,-0.0000,0.0000,-0.0000,0.0000,0.5200,1315070.2500
69.5203,-0.1282,0.1438,4.6095,0.4576,1,1,0.0000,0.0000,-0.0001,0.0000,-0.0000,0.0000,-0.0000,0.0000,0.5200,1315070.2500
69.5299,-0.0972,0.3248,4.6203,0.4576,1,1,0.0000,0.0000,-0.0001,0.0000,-0.0000,0.0000,-0.0000,0.0000,0.5200,1315070.2500
69.5400,-0.1390,0.1540,4.6402,0.4576,1,1,0.0000,0.0000,-0.0001,0.0000,-0.0000,0.0000,-0.0000,0.0000,0.5200,1315070.2500
69.5507,-0.2274,-0.2135,4.6307,0.4576,1,1,0.0000,0.0000,-0.0001,0.0000,-0.0000,0.0000,-0.0000,0.0000,0.5200,1315070.2500
69.5600,-0.2740,0.2094,4.6994,0.4576,1,1,0.0000,0.0000,-0.0001,0.0000,-0.0000,0.0000,-0.0000,0.0000,0.5200,1315070.2500
69.5703,-0.3520,0.3420,4.6393,0.4576,1,1,0.0000,0.0000,-0.0001,0.0000,-0.0000,0.0000,-0.0000,0.0000,0.5200,1315070.2500
69.5799,-0.5315,0.6480,4.6080,0.4576,1,1,0.0000,0.0000,-0.0001,0.0000,-0.0000,0.0000,-0.0000,0.0000,0.5200,1315070.2500
69.5899,-0.3400,1.0815,4.6425,0.4576,1,1,0.0000,0.0000,-0.0001,0.0000,-0.0000,0.0000,-0.0000,0.0000,0.5200,1315070.2500
69.6003,0.0165,0.4116,4.7932,0.4576,1,1,0.0000,0.0000,-0.0001,0.0000,-0.0000,0.0000,-0.0000,0.0000,0.5200,1315070.2500
69.6099,0.2154,-0.0285,4.9534,0.4576,1,1,0.0000,0.0000,-0.0001,0.0000,-0.0000,0.0000,-0.0000,0.0000,0.5200,1315070.2500
69.6204,-0.0517,0.0862,4.9586,0.4576,1,1,0.0000,0.0000,-0.0001,0.0000,-0.0000,0.0000,-0.0000,0.0000,0.5200,1315070.2500
69.6299,-0.2779,0.0230,5.0723,0.4576,1,1,0.0000,0.0000,-0.0001,0.0000,-0.0000,0.0000,-0.0000,0.0000,0.5200,1315070.2500
69.6400,-0.3516,0.2076,4.9830,0.4576,1,1,0.0000,0.0000,-0.0001,0.0000,-0.0000,0.0000,-0.0000,0.0000,0.5200,1315070.2500
69.6502,-0.1376,0.1871,4.9423,0.4576,1,1,0.0000,0.0000,-0.0001,0.0000,-0.0000,0.0000,-0.0000,0.0000,0.5200,1315070.2500
69.6600,-0.0593,0.1368,4.8674,0.4576,1,1,0.0000,0.0000,-0.0001,0.0000,-0.0000,0.0000,-0.0000,0.0000,0.5200,1315070.2500
69.6702,-0.4370,0.6872,4.6796,0.4576,1,1,0.0000,0.0000,-0.0001,0.0000,-0.0000,0.0000,-0.0000,0.0000,0.5200,1315070.2500
69.6800,-0.2657,0.6874,4.7201,0.4576,1,1,0.0000,0.0000,-0.0001,0.0000,-0.0000,0.0000,-0.0000,0.0000,0.5200,1315070.2500
69.6898,0.1954,0.1100,4.9409,0.4576,1,1,0.0000,0.0000,-0.0001,0.0000,-0.0000,0.0000,-0.0000,0.0000,0.5200,1315070.2500
69.7003,0.0085,0.2280,4.9045,0.4576,1,1,0.0000,0.0000,-0.0001,0.0000,-0.0000,0.0000,-0.0000,0.0000,0.5200,1315070.2500
69.7099,-0.1188,0.2945,4.9716,0.4576,1,1,0.0000,0.0000,-0.0001,0.0000,-0.0000,0.0000,-0.0000,0.0000,0.5200,1315070.2500
69.7203,-0.1228,0.0080,5.0296,0.4576,1,1,0.0000,0.0000,-0.0001,0.0000,-0.0000,0.0000,-0.0000,0.0000,0.5200,1315070.2500
69.7299,-0.0851,0.1253,4.9749,0.4576,1,1,0.0000,0.0000,-0.0001,0.0000,-0.0000,0.0000,-0.0000,0.0000,0.5200,1315070.2500
69.7400,0.0438,-0.0346,4.9655,0.4576,1,1,0.0000,0.0000,-0.0001,0.0000,-0.0000,0.0000,-0.0000,0.0000,0.5200,1315070.2500
69.7508,-0.2378,0.1592,4.8846,0.4576,1,1,0.0000,0.0000,-0.0001,0.0000,-0.0000,0.0000,-0.0000,0.0000,0.5200,1315070.2500
69.7600,-0.4894,0.7316,4.7364,0.4576,1,1,0.0000,0.0000,-0.0001,0.0000,-0.0000,0.0000,-0.0000,0.0000,0.5200,1315070.2500
69.7702,-0.2846,0.4266,4.8693,0.4576,1,1,0.0000,0.0000,-0.0001,0.0000,-0.0000,0.0000,-0.0000,0.0000,0.5200,1315070.2500
69.7800,-0.0994,0.1855,4.8135,0.4576,1,1,0.0000,0.0000,-0.0001,0.0000,-0.0000,0.0000,-0.0000,0.0000,0.5200,1315070.2500
69.7900,-0.1652,0.5043,4.7171,0.4576,1,1,0.0000,0.0000,-0.0001,0.0000,-0.0000,0.0000,-0.0000,0.0000,0.5200,1315070.2500
69.8003,-0.0088,0.2474,4.7901,0.4576,1,1,0.0000,0.0000,-0.0001,0.0000,-0.0000,0.0000,-0.0000,0.0000,0.5200,1315070.2500
69.8098,0.0836,-0.0423,4.8079,0.4576,1,1,0.0000,0.0000,-0.0001,0.0000,-0.0000,0.0000,-0.0000,0.0000,0.5200,1315070.2500
69.8204,0.0677,-0.1332,4.8903,0.4576,1,1,0.0000,0.0000,-0.0001,0.0000,-0.0000,0.0000,-0.0000,0.0000,0.5200,1315070.2500
69.8300,0.0868,-0.3253,5.0470,0.4576,1,1,0.0000,0.0000,-0.0001,0.0000,-0.0000,0.0000,-0.0000,0.0000,0.5200,1315070.2500
69.8400,-0.4056,0.2040,4.8764,0.4576,1,1,0.0000,0.0000,-0.0001,0.0000,-0.0000,0.0000,-0.0000,0.0000,0.5200,1315070.2500
69.8502,-0.3484,0.4846,4.7791,0.4576,1,1,0.0000,0.0000,-0.0001,0.0000,-0.0000,0.0000,-0.0000,0.0000,0.5200,1315070.2500
69.8600,-0.0659,-0.0058,4.6918,0.4576,1,1,0.0000,0.0000,-0.0001,0.0000,-0.0000,0.0000,-0.0000,0.0000,0.5200,1315070.2500
69.8702,-0.1908,0.1549,4.4962,0.4576,1,1,0.0000,0.0000,-0.0001,0.0000,-0.0000,0.0000,-0.0000,0.0000,0.5200,1315070.2500
69.8800,0.0179,0.4444,4.5263,0.4576,1,1,0.0000,0.0000,-0.0001,0.0000,-0.0000,0.0000,-0.0000,0.0000,0.5200,1315070.2500
69.8899,0.1672,-0.1879,4.7157,0.4576,1,1,0.0000,0.0000,-0.0001,0.0000,-0.0000,0.0000,-0.0000,0.0000,0.5200,1315070.2500
69.9003,0.1029,-0.2750,4.6538,0.4576,1,1,0.0000,0.0000,-0.0001,0.0000,-0.0000,0.0000,-0.0000,0.0000,0.5200,1315070.2500
69.9099,-0.0672,-0.1061,4.6227,0.4576,1,1,0.0000,0.0000,-0.0001,0.0000,-0.0000,0.0000,-0.0000,0.0000,0.5200,1315070.2500
69.9203,-0.4591,-0.0714,4.4531,0.4576,1,1,0.0000,0.0000,-0.0001,0.0000,-0.0000,0.0000,-0.0000,0.0000,0.5200,1315070.2500
69.9300,-0.3819,0.1921,4.4203,0.4576,1,1,0.0000,0.0000,-0.0001,0.0000,-0.0000,0.0000,-0.0000,0.0000,0.5200,1315070.2500
69.9400,-0.1865,0.2991,4.6622,0.4576,1,1,0.0000,0.0000,-0.0001,0.0000,-0.0000,0.0000,-0.0000,0.0000,0.5200,1315070.2500
69.9508,-0.2612,0.2369,4.6867,0.4576,1,1,0.0000,0.0000,-0.0001,0.0000,-0.0000,0.0000,-0.0000,0.0000,0.5200,1315070.2500
69.9600,-0.3232,0.5395,4.6956,0.4576,1,1,0.0000,0.0000,-0.0001,0.0000,-0.0000,0.0000,-0.0000,0.0000,0.5200,1315070.2500
69.9702,-0.1258,0.3062,4.6299,0.4576,1,1,0.0000,0.0000,-0.0001,0.0000,-0.0000,0.0000,-0.0000,0.0000,0.5200,1315070.2500
69.9799,-0.0314,-0.2849,4.4958,0.4576,1,1,0.0000,0.0000,-0.0001,0.0000,-0.0000,0.0000,-0.0000,0.0000,0.5200,1315070.2500
69.9899,-0.0648,-0.0056,4.5808,0.4576,1,1,0.0000,0.0000,-0.0001,0.0000,-0.0000,0.0000,-0.0000,0.0000,0.5200,1315070.2500
